💰 예수금 4,153원 | KODEX200 RSI94/+0.0% 과열⚠️ | 매수기준 3개↑
📦 보유 GS(078930) 1주 +3.3%
📦 보유 원익피앤이(217820) 6주 -7.3% 🔴스탑로스임박

코드      종목명           가격    RSI     변화율    거래량     BB   호가비  B/S
────────────────────────────────────────────────────────────────────────
[2단계 분석 대상: 078930, 217820, 403870, 000660, 056080, 042700, 005930]
⛔ 아우토크립트(137040) 호가 없음 (거래정지 의심)
078930  GS        79,600   66.8    +0.0%    0.0x     중간  0.14  1/0
217820  원익피앤이      3,810   59.0    +0.0%    0.0x     중간 872.82  2/0
⛔ 금양(001570) 호가 없음 (거래정지 의심)

══════════════════════════════════════════════════
→ 전종목 HOLD
✅ Discord 전송 완료

[08:50] HOLD | KODEX RSI94/+0.0%⚠️ | 보유:GS(078930) +3.3% 원익피앤(217820) -7.3% | 💸예수금부족 | 최고신호 원익피앤이(217820) 2/3개 [MA골 / 호가872.8]
💰 예수금 4,153원 | KODEX200 RSI94/+0.0% 과열⚠️ | 매수기준 3개↑
📦 보유 GS(078930) 1주 +3.3%
📦 보유 원익피앤이(217820) 6주 -7.3% 🔴스탑로스임박

코드      종목명           가격    RSI     변화율    거래량     BB   호가비  B/S
────────────────────────────────────────────────────────────────────────
[2단계 분석 대상: 078930, 217820, 000270, 058470, 005930, 403870, 042700]
⛔ 아우토크립트(137040) 호가 없음 (거래정지 의심)
078930  GS        80,800   68.5    +1.5%    0.0x     중간  0.50  1/0
217820  원익피앤이      3,975   62.1    +4.3%    0.0x     중간  4.34  2/0
⛔ 금양(001570) 호가 없음 (거래정지 의심)

══════════════════════════════════════════════════
→ 전종목 HOLD
✅ Discord 전송 완료

[09:00] HOLD | KODEX RSI94/+0.0%⚠️ | 보유:GS(078930) +3.3% 원익피앤(217820) -7.3% | 💸예수금부족 | 최고신호 원익피앤이(217820) 2/3개 [MA골 / 호가4.3]
💰 예수금 4,148원 | KODEX200 RSI95/+4.7% 과열⚠️ | 매수기준 3개↑
📦 보유 GS(078930) 1주 +4.7%
📦 보유 원익피앤이(217820) 6주 -1.2%

코드      종목명           가격    RSI     변화율    거래량     BB   호가비  B/S
────────────────────────────────────────────────────────────────────────
[2단계 분석 대상: 078930, 217820, 035720, 005380, 012330, 068270, 247540]
⛔ 아우토크립트(137040) 호가 없음 (거래정지 의심)
078930  GS        80,400   68.4    +1.4%    0.0x     중간  3.50  2/0
217820  원익피앤이      3,950   61.7    +3.7%    0.1x     중간  2.35  2/0
⛔ 금양(001570) 호가 없음 (거래정지 의심)

══════════════════════════════════════════════════
→ 전종목 HOLD
✅ Discord 전송 완료

[09:02] HOLD | KODEX RSI95/+4.7%⚠️ | 보유:GS(078930) +4.7% 원익피앤(217820) -1.2% | 💸예수금부족 | 최고신호 GS(078930) 2/3개 [MA골 / 호가3.5]
💰 예수금 4,150원 | KODEX200 RSI95/+4.5% 과열⚠️ | 매수기준 3개↑
📦 보유 GS(078930) 1주 +4.1%
📦 보유 원익피앤이(217820) 6주 -4.3% 🔴스탑로스임박

코드      종목명           가격    RSI     변화율    거래량     BB   호가비  B/S
────────────────────────────────────────────────────────────────────────
[2단계 분석 대상: 078930, 217820, 012330, 207940, 003670, 138040, 034020]
⛔ 아우토크립트(137040) 호가 없음 (거래정지 의심)
078930  GS        80,400   67.5    +0.6%    0.0x     중간  0.59  1/0
217820  원익피앤이      3,890   61.0    +2.6%    0.2x     중간  0.51  1/0
⛔ 금양(001570) 호가 없음 (거래정지 의심)

══════════════════════════════════════════════════
→ 전종목 HOLD
✅ Discord 전송 완료

[09:04] HOLD | KODEX RSI95/+4.5%⚠️ | 보유:GS(078930) +4.1% 원익피앤(217820) -4.3% | 💸예수금부족 | 최고신호 GS(078930) 1/3개 [MA골]
💰 예수금 4,150원 | KODEX200 RSI95/+4.4% 과열⚠️ | 매수기준 3개↑
📦 보유 GS(078930) 1주 +4.7%
📦 보유 원익피앤이(217820) 6주 -5.3% 🔴스탑로스임박

코드      종목명           가격    RSI     변화율    거래량     BB   호가비  B/S
────────────────────────────────────────────────────────────────────────
[2단계 분석 대상: 078930, 217820, 003670, 207940, 068270, 056080, 015760]
⛔ 아우토크립트(137040) 호가 없음 (거래정지 의심)
078930  GS        80,600   68.2    +1.3%    0.1x     중간  0.19  1/0
217820  원익피앤이      3,870   60.6    +2.1%    0.2x     중간  0.46  1/0
⛔ 금양(001570) 호가 없음 (거래정지 의심)

══════════════════════════════════════════════════
→ 전종목 HOLD
✅ Discord 전송 완료

[09:06] HOLD | KODEX RSI95/+4.4%⚠️ | 보유:GS(078930) +4.7% 원익피앤(217820) -5.3% | 💸예수금부족 | 최고신호 GS(078930) 1/3개 [MA골]
💰 예수금 4,150원 | KODEX200 RSI95/+4.9% 과열⚠️ | 매수기준 3개↑
📦 보유 GS(078930) 1주 +4.5%
📦 보유 원익피앤이(217820) 6주 -4.8% 🔴스탑로스임박

코드      종목명           가격    RSI     변화율    거래량     BB   호가비  B/S
────────────────────────────────────────────────────────────────────────
[2단계 분석 대상: 078930, 217820, 015760, 035720, 207940, 056080, 068270]
⛔ 아우토크립트(137040) 호가 없음 (거래정지 의심)
078930  GS        80,100   67.4    +0.5%    0.1x     중간  0.18  1/0
217820  원익피앤이      3,890   60.8    +2.4%    0.2x     중간  1.49  2/0
⛔ 금양(001570) 호가 없음 (거래정지 의심)

══════════════════════════════════════════════════
→ 전종목 HOLD
✅ Discord 전송 완료

[09:08] HOLD | KODEX RSI95/+4.9%⚠️ | 보유:GS(078930) +4.5% 원익피앤(217820) -4.8% | 💸예수금부족 | 최고신호 원익피앤이(217820) 2/3개 [MA골 / 호가1.5]
💰 예수금 4,152원 | KODEX200 RSI95/+4.7% 과열⚠️ | 매수기준 3개↑
📦 보유 GS(078930) 1주 +3.9%
📦 보유 원익피앤이(217820) 6주 -5.5% 🔴스탑로스임박

코드      종목명           가격    RSI     변화율    거래량     BB   호가비  B/S
────────────────────────────────────────────────────────────────────────
[2단계 분석 대상: 078930, 217820, 056080, 035720, 015760, 207940, 005380]
⛔ 아우토크립트(137040) 호가 없음 (거래정지 의심)
078930  GS        80,200   67.7    +0.8%    0.1x     중간  0.16  1/0
217820  원익피앤이      3,865   60.2    +1.6%    0.2x     중간  1.28  2/0
⛔ 금양(001570) 호가 없음 (거래정지 의심)

══════════════════════════════════════════════════
→ 전종목 HOLD
✅ Discord 전송 완료

[09:10] HOLD | KODEX RSI95/+4.7%⚠️ | 보유:GS(078930) +3.9% 원익피앤(217820) -5.5% | 💸예수금부족 | 최고신호 원익피앤이(217820) 2/3개 [MA골 / 호가1.3]
💰 예수금 4,153원 | KODEX200 RSI95/+4.3% 과열⚠️ | 매수기준 3개↑
📦 보유 GS(078930) 1주 +3.5%
📦 보유 원익피앤이(217820) 6주 -6.3% 🔴스탑로스임박

코드      종목명           가격    RSI     변화율    거래량     BB   호가비  B/S
────────────────────────────────────────────────────────────────────────
[2단계 분석 대상: 078930, 217820, 207940, 056080, 015760, 035720, 058470]
⛔ 아우토크립트(137040) 호가 없음 (거래정지 의심)
078930  GS        79,800   67.5    +0.6%    0.1x     중간  0.77  1/0
217820  원익피앤이      3,830   59.8    +1.1%    0.2x     중간  3.44  2/0
⛔ 금양(001570) 호가 없음 (거래정지 의심)

══════════════════════════════════════════════════
→ 전종목 HOLD
✅ Discord 전송 완료

[09:12] HOLD | KODEX RSI95/+4.3%⚠️ | 보유:GS(078930) +3.5% 원익피앤(217820) -6.3% | 💸예수금부족 | 최고신호 원익피앤이(217820) 2/3개 [MA골 / 호가3.4]
💰 예수금 4,151원 | KODEX200 RSI95/+4.2% 과열⚠️ | 매수기준 3개↑
📦 보유 GS(078930) 1주 +4.1%
📦 보유 원익피앤이(217820) 6주 -6.6% 🔴스탑로스임박

코드      종목명           가격    RSI     변화율    거래량     BB   호가비  B/S
────────────────────────────────────────────────────────────────────────
[2단계 분석 대상: 078930, 217820, 056080, 207940, 015760, 003670, 006400]
⛔ 아우토크립트(137040) 호가 없음 (거래정지 의심)
078930  GS        80,000   67.8    +0.9%    0.1x     중간  0.21  1/0
217820  원익피앤이      3,820   59.5    +0.7%    0.3x     중간  3.33  2/0
⛔ 금양(001570) 호가 없음 (거래정지 의심)

══════════════════════════════════════════════════
→ 전종목 HOLD
✅ Discord 전송 완료

[09:14] HOLD | KODEX RSI95/+4.2%⚠️ | 보유:GS(078930) +4.1% 원익피앤(217820) -6.6% | 💸예수금부족 | 최고신호 원익피앤이(217820) 2/3개 [MA골 / 호가3.3]
💰 예수금 4,151원 | KODEX200 RSI95/+4.5% 과열⚠️ | 매수기준 3개↑
📦 보유 GS(078930) 1주 +4.5%
📦 보유 원익피앤이(217820) 6주 -6.6% 🔴스탑로스임박

코드      종목명           가격    RSI     변화율    거래량     BB   호가비  B/S
────────────────────────────────────────────────────────────────────────
[2단계 분석 대상: 078930, 217820, 015760, 035720, 056080, 207940, 003670]
⛔ 아우토크립트(137040) 호가 없음 (거래정지 의심)
078930  GS        80,500   68.2    +1.3%    0.1x     중간  0.44  1/0
217820  원익피앤이      3,845   59.5    +0.7%    0.3x     중간  2.88  2/0
⛔ 금양(001570) 호가 없음 (거래정지 의심)

══════════════════════════════════════════════════
→ 전종목 HOLD
✅ Discord 전송 완료

[09:16] HOLD | KODEX RSI95/+4.5%⚠️ | 보유:GS(078930) +4.5% 원익피앤(217820) -6.6% | 💸예수금부족 | 최고신호 원익피앤이(217820) 2/3개 [MA골 / 호가2.9]
💰 예수금 4,151원 | KODEX200 RSI95/+4.7% 과열⚠️ | 매수기준 3개↑
📦 보유 GS(078930) 1주 +4.7%
📦 보유 원익피앤이(217820) 6주 -6.8% 🔴스탑로스임박

코드      종목명           가격    RSI     변화율    거래량     BB   호가비  B/S
────────────────────────────────────────────────────────────────────────
[2단계 분석 대상: 078930, 217820, 056080, 015760, 035720, 042700, 066970]
⛔ 아우토크립트(137040) 호가 없음 (거래정지 의심)
078930  GS        80,900   68.8    +1.8%    0.1x     중간  0.61  1/0
217820  원익피앤이      3,805   59.2    +0.3%    0.3x     중간  3.51  2/0
⛔ 금양(001570) 호가 없음 (거래정지 의심)

══════════════════════════════════════════════════
→ 전종목 HOLD
✅ Discord 전송 완료

[09:18] HOLD | KODEX RSI95/+4.7%⚠️ | 보유:GS(078930) +4.7% 원익피앤(217820) -6.8% | 💸예수금부족 | 최고신호 원익피앤이(217820) 2/3개 [MA골 / 호가3.5]
💰 예수금 4,150원 | KODEX200 RSI95/+4.7% 과열⚠️ | 매수기준 3개↑
📦 보유 GS(078930) 1주 +5.2%
📦 보유 원익피앤이(217820) 6주 -6.9% 🔴스탑로스임박

코드      종목명           가격    RSI     변화율    거래량     BB   호가비  B/S
────────────────────────────────────────────────────────────────────────
[2단계 분석 대상: 078930, 217820, 056080, 035720, 058470, 006400, 003670]
⛔ 아우토크립트(137040) 호가 없음 (거래정지 의심)
078930  GS        80,600   68.8    +1.8%    0.1x     중간  0.28  1/0
217820  원익피앤이      3,800   59.1    +0.1%    0.3x     중간  3.86  2/0
⛔ 금양(001570) 호가 없음 (거래정지 의심)

══════════════════════════════════════════════════
→ 전종목 HOLD
✅ Discord 전송 완료

[09:20] HOLD | KODEX RSI95/+4.7%⚠️ | 보유:GS(078930) +5.2% 원익피앤(217820) -6.9% | 💸예수금부족 | 최고신호 원익피앤이(217820) 2/3개 [MA골 / 호가3.9]
💰 예수금 4,150원 | KODEX200 RSI95/+4.7% 과열⚠️ | 매수기준 3개↑
📦 보유 GS(078930) 1주 +5.0%
📦 보유 원익피앤이(217820) 6주 -7.3% 🔴스탑로스임박

코드      종목명           가격    RSI     변화율    거래량     BB   호가비  B/S
────────────────────────────────────────────────────────────────────────
[2단계 분석 대상: 078930, 217820, 056080, 035720, 006400, 058470, 003670]
⛔ 아우토크립트(137040) 호가 없음 (거래정지 의심)
078930  GS        80,200   67.7    +0.8%    0.2x     중간  0.22  1/0
217820  원익피앤이      3,785   58.2    -0.7%    0.3x     중간  1.38  2/0
⛔ 금양(001570) 호가 없음 (거래정지 의심)

══════════════════════════════════════════════════
→ 전종목 HOLD
✅ Discord 전송 완료

[09:22] HOLD | KODEX RSI95/+4.7%⚠️ | 보유:GS(078930) +5.0% 원익피앤(217820) -7.3% | 💸예수금부족 | 최고신호 원익피앤이(217820) 2/3개 [MA골 / 호가1.4]
💰 예수금 4,151원 | KODEX200 RSI95/+4.9% 과열⚠️ | 매수기준 3개↑
📦 보유 GS(078930) 1주 +4.2%
📦 보유 원익피앤이(217820) 6주 -7.4% 🔴스탑로스임박

코드      종목명           가격    RSI     변화율    거래량     BB   호가비  B/S
────────────────────────────────────────────────────────────────────────
[2단계 분석 대상: 078930, 217820, 056080, 035720, 058470, 035420, 247540]
⛔ 아우토크립트(137040) 호가 없음 (거래정지 의심)
078930  GS        80,000   67.7    +0.8%    0.2x     중간  0.74  1/0
217820  원익피앤이      3,785   58.8    -0.1%    0.3x     중간  1.78  2/0
⛔ 금양(001570) 호가 없음 (거래정지 의심)

══════════════════════════════════════════════════
→ 전종목 HOLD
✅ Discord 전송 완료

[09:24] HOLD | KODEX RSI95/+4.9%⚠️ | 보유:GS(078930) +4.2% 원익피앤(217820) -7.4% | 💸예수금부족 | 최고신호 원익피앤이(217820) 2/3개 [MA골 / 호가1.8]
💰 예수금 4,151원 | KODEX200 RSI95/+5.0% 과열⚠️ | 매수기준 3개↑
📦 보유 GS(078930) 1주 +4.2%
📦 보유 원익피앤이(217820) 6주 -7.0% 🔴스탑로스임박

코드      종목명           가격    RSI     변화율    거래량     BB   호가비  B/S
────────────────────────────────────────────────────────────────────────
[2단계 분석 대상: 078930, 217820, 034020, 035720, 056080, 084850, 058470]
⛔ 아우토크립트(137040) 호가 없음 (거래정지 의심)
078930  GS        80,100   67.7    +0.8%    0.2x     중간  0.38  1/0
217820  원익피앤이      3,800   59.1    +0.1%    0.3x     중간  1.04  1/0
⛔ 금양(001570) 호가 없음 (거래정지 의심)

══════════════════════════════════════════════════
→ 전종목 HOLD
✅ Discord 전송 완료

[09:26] HOLD | KODEX RSI95/+5.0%⚠️ | 보유:GS(078930) +4.2% 원익피앤(217820) -7.0% | 💸예수금부족 | 최고신호 GS(078930) 1/3개 [MA골]
💰 예수금 4,151원 | KODEX200 RSI95/+4.9% 과열⚠️ | 매수기준 3개↑
📦 보유 GS(078930) 1주 +4.5%
📦 보유 원익피앤이(217820) 6주 -7.3% 🔴스탑로스임박

코드      종목명           가격    RSI     변화율    거래량     BB   호가비  B/S
────────────────────────────────────────────────────────────────────────
[2단계 분석 대상: 078930, 217820, 056080, 058470, 006400, 035420, 035720]
⛔ 아우토크립트(137040) 호가 없음 (거래정지 의심)
078930  GS        80,600   68.5    +1.5%    0.2x     중간  0.38  1/0
217820  원익피앤이      3,765   58.2    -0.7%    0.4x     중간  0.24  1/0
⛔ 금양(001570) 호가 없음 (거래정지 의심)

══════════════════════════════════════════════════
→ 전종목 HOLD
✅ Discord 전송 완료

[09:28] HOLD | KODEX RSI95/+4.9%⚠️ | 보유:GS(078930) +4.5% 원익피앤(217820) -7.3% | 💸예수금부족 | 최고신호 GS(078930) 1/3개 [MA골]
💰 예수금 4,151원 | KODEX200 RSI95/+5.1% 과열⚠️ | 매수기준 3개↑
📦 보유 GS(078930) 1주 +4.5%
📦 보유 원익피앤이(217820) 6주 -8.0% 🔴스탑로스임박

코드      종목명           가격    RSI     변화율    거래량     BB   호가비  B/S
────────────────────────────────────────────────────────────────────────
[2단계 분석 대상: 078930, 217820, 056080, 066970, 058470, 035720, 207940]
⛔ 아우토크립트(137040) 호가 없음 (거래정지 의심)
078930  GS        80,400   68.2    +1.3%    0.2x     중간  0.38  1/0
217820  원익피앤이      3,755   58.0    -0.9%    0.4x     중간  0.33  1/0
⛔ 금양(001570) 호가 없음 (거래정지 의심)

══════════════════════════════════════════════════
⚠️  손실 주의 원익피앤이(217820) -8.0% (비상손절 -15%)
→ 전종목 HOLD
✅ Discord 전송 완료

[09:30] HOLD | KODEX RSI95/+5.1%⚠️ | 보유:GS(078930) +4.5% 원익피앤(217820) -8.0% | 💸예수금부족 | 최고신호 GS(078930) 1/3개 [MA골]
💰 예수금 4,151원 | KODEX200 RSI95/+5.0% 과열⚠️ | 매수기준 3개↑
📦 보유 GS(078930) 1주 +4.3%
📦 보유 원익피앤이(217820) 6주 -8.3% 🔴스탑로스임박

코드      종목명           가격    RSI     변화율    거래량     BB   호가비  B/S
────────────────────────────────────────────────────────────────────────
[2단계 분석 대상: 078930, 217820, 056080, 058470, 034020, 006400, 035720]
⛔ 아우토크립트(137040) 호가 없음 (거래정지 의심)
078930  GS        80,100   67.4    +0.5%    0.2x     중간  0.36  1/0
217820  원익피앤이      3,750   57.8    -1.1%    0.4x     중간  0.81  2/0
⛔ 금양(001570) 호가 없음 (거래정지 의심)

══════════════════════════════════════════════════
⚠️  손실 주의 원익피앤이(217820) -8.3% (비상손절 -15%)
→ 전종목 HOLD
✅ Discord 전송 완료

[09:32] HOLD | KODEX RSI95/+5.0%⚠️ | 보유:GS(078930) +4.3% 원익피앤(217820) -8.3% | 💸예수금부족 | 최고신호 원익피앤이(217820) 2/3개 [하락-1.1% / MA골]
💰 예수금 4,154원 | KODEX200 RSI95/+5.0% 과열⚠️ | 매수기준 3개↑
📦 보유 GS(078930) 1주 +3.8%
📦 보유 원익피앤이(217820) 6주 -8.4% 🔴스탑로스임박

코드      종목명           가격    RSI     변화율    거래량     BB   호가비  B/S
────────────────────────────────────────────────────────────────────────
[2단계 분석 대상: 078930, 217820, 056080, 058470, 006400, 035720, 247540]
⛔ 아우토크립트(137040) 호가 없음 (거래정지 의심)
078930  GS        80,100   67.7    +0.8%    0.2x     중간  0.33  1/0
217820  원익피앤이      3,710   52.6    -6.3%    0.4x     중간  1.12  2/0
⛔ 금양(001570) 호가 없음 (거래정지 의심)

══════════════════════════════════════════════════
⚠️  손실 주의 원익피앤이(217820) -8.4% (비상손절 -15%)
→ 전종목 HOLD
✅ Discord 전송 완료

[09:34] HOLD | KODEX RSI95/+5.0%⚠️ | 보유:GS(078930) +3.8% 원익피앤(217820) -8.4% | 💸예수금부족 | 최고신호 원익피앤이(217820) 2/3개 [하락-6.3% / MA골]
💰 예수금 4,154원 | KODEX200 RSI95/+5.3% 과열⚠️ | 매수기준 3개↑
📦 보유 GS(078930) 1주 +4.7%
📦 보유 원익피앤이(217820) 6주 -13.2% 🔴스탑로스임박

코드      종목명           가격    RSI     변화율    거래량     BB   호가비  B/S
────────────────────────────────────────────────────────────────────────
[2단계 분석 대상: 078930, 217820, 066970, 001510, 056080, 058470, 006400]
⛔ 아우토크립트(137040) 호가 없음 (거래정지 의심)
078930  GS        80,800   68.6    +1.6%    0.2x     중간  0.22  1/0
217820  원익피앤이      3,700   56.1    -2.6%    0.4x     중간  0.62  2/0
⛔ 금양(001570) 호가 없음 (거래정지 의심)

══════════════════════════════════════════════════
⚠️  손실 주의 원익피앤이(217820) -13.2% (비상손절 -15%)
→ 전종목 HOLD
✅ Discord 전송 완료

[09:36] HOLD | KODEX RSI95/+5.3%⚠️ | 보유:GS(078930) +4.7% 원익피앤(217820) -13.2% | 💸예수금부족 | 최고신호 원익피앤이(217820) 2/3개 [하락-2.6% / MA골]
💰 예수금 4,151원 | KODEX200 RSI95/+5.3% 과열⚠️ | 매수기준 3개↑
📦 보유 GS(078930) 1주 +5.0%
📦 보유 원익피앤이(217820) 6주 -10.2% 🔴스탑로스임박

코드      종목명           가격    RSI     변화율    거래량     BB   호가비  B/S
────────────────────────────────────────────────────────────────────────
[2단계 분석 대상: 078930, 217820, 056080, 068270, 006400, 058470, 066970]
⛔ 아우토크립트(137040) 호가 없음 (거래정지 의심)
078930  GS        80,600   68.4    +1.4%    0.3x     중간  0.15  1/0
217820  원익피앤이      3,680   55.6    -3.2%    0.5x     중간  1.04  2/0
⛔ 금양(001570) 호가 없음 (거래정지 의심)

══════════════════════════════════════════════════
⚠️  손실 주의 원익피앤이(217820) -10.2% (비상손절 -15%)
→ 전종목 HOLD
✅ Discord 전송 완료

[09:38] HOLD | KODEX RSI95/+5.3%⚠️ | 보유:GS(078930) +5.0% 원익피앤(217820) -10.2% | 💸예수금부족 | 최고신호 원익피앤이(217820) 2/3개 [하락-3.2% / MA골]
💰 예수금 4,152원 | KODEX200 RSI95/+5.5% 과열⚠️ | 매수기준 3개↑
📦 보유 GS(078930) 1주 +4.5%
📦 보유 원익피앤이(217820) 6주 -9.9% 🔴스탑로스임박

코드      종목명           가격    RSI     변화율    거래량     BB   호가비  B/S
────────────────────────────────────────────────────────────────────────
[2단계 분석 대상: 078930, 217820, 056080, 207940, 006400, 247540, 034020]
⛔ 아우토크립트(137040) 호가 없음 (거래정지 의심)
078930  GS        80,500   68.5    +1.5%    0.3x     중간  0.19  1/0
217820  원익피앤이      3,700   56.4    -2.4%    0.5x     중간  2.40  3/0
⛔ 금양(001570) 호가 없음 (거래정지 의심)

══════════════════════════════════════════════════
⚠️  손실 주의 원익피앤이(217820) -9.9% (비상손절 -15%)
→ 전종목 HOLD
✅ Discord 전송 완료

[09:40] HOLD | KODEX RSI95/+5.5%⚠️ | 보유:GS(078930) +4.5% 원익피앤(217820) -9.9% | 💸예수금부족 | 최고신호 원익피앤이(217820) 3/3개 [하락-2.4% / MA골 / 호가2.4]
💰 예수금 4,152원 | KODEX200 RSI95/+5.5% 과열⚠️ | 매수기준 3개↑
📦 보유 GS(078930) 1주 +4.8%
📦 보유 원익피앤이(217820) 6주 -9.6% 🔴스탑로스임박

코드      종목명           가격    RSI     변화율    거래량     BB   호가비  B/S
────────────────────────────────────────────────────────────────────────
[2단계 분석 대상: 078930, 217820, 056080, 068270, 034020, 247540, 001510]
⛔ 아우토크립트(137040) 호가 없음 (거래정지 의심)
078930  GS        80,800   68.6    +1.6%    0.3x     중간  0.16  1/0
217820  원익피앤이      3,705   56.3    -2.5%    0.5x     중간  1.90  3/0
⛔ 금양(001570) 호가 없음 (거래정지 의심)

══════════════════════════════════════════════════
⚠️  손실 주의 원익피앤이(217820) -9.6% (비상손절 -15%)
→ 전종목 HOLD
✅ Discord 전송 완료

[09:42] HOLD | KODEX RSI95/+5.5%⚠️ | 보유:GS(078930) +4.8% 원익피앤(217820) -9.6% | 💸예수금부족 | 최고신호 원익피앤이(217820) 3/3개 [하락-2.5% / MA골 / 호가1.9]
💰 예수금 4,152원 | KODEX200 RSI95/+5.7% 과열⚠️ | 매수기준 3개↑
📦 보유 GS(078930) 1주 +4.8%
📦 보유 원익피앤이(217820) 6주 -9.6% 🔴스탑로스임박

코드      종목명           가격    RSI     변화율    거래량     BB   호가비  B/S
────────────────────────────────────────────────────────────────────────
[2단계 분석 대상: 078930, 217820, 056080, 068270, 034020, 006400, 247540]
⛔ 아우토크립트(137040) 호가 없음 (거래정지 의심)
078930  GS        80,700   68.5    +1.5%    0.3x     중간  0.16  1/0
217820  원익피앤이      3,690   56.1    -2.6%    0.5x     중간  2.55  3/0
⛔ 금양(001570) 호가 없음 (거래정지 의심)

══════════════════════════════════════════════════
⚠️  손실 주의 원익피앤이(217820) -9.6% (비상손절 -15%)
→ 전종목 HOLD
✅ Discord 전송 완료

[09:44] HOLD | KODEX RSI95/+5.7%⚠️ | 보유:GS(078930) +4.8% 원익피앤(217820) -9.6% | 💸예수금부족 | 최고신호 원익피앤이(217820) 3/3개 [하락-2.6% / MA골 / 호가2.5]
💰 예수금 4,151원 | KODEX200 RSI95/+5.8% 과열⚠️ | 매수기준 3개↑
📦 보유 GS(078930) 1주 +5.2%
📦 보유 원익피앤이(217820) 6주 -9.9% 🔴스탑로스임박

코드      종목명           가격    RSI     변화율    거래량     BB   호가비  B/S
────────────────────────────────────────────────────────────────────────
[2단계 분석 대상: 078930, 217820, 056080, 034020, 068270, 207940, 247540]
⛔ 아우토크립트(137040) 호가 없음 (거래정지 의심)
078930  GS        80,800   68.4    +1.4%    0.3x     중간  0.15  1/0
217820  원익피앤이      3,690   56.1    -2.6%    0.5x     중간  4.75  3/0
⛔ 금양(001570) 호가 없음 (거래정지 의심)

══════════════════════════════════════════════════
⚠️  손실 주의 원익피앤이(217820) -9.9% (비상손절 -15%)
→ 전종목 HOLD
✅ Discord 전송 완료

[09:46] HOLD | KODEX RSI95/+5.8%⚠️ | 보유:GS(078930) +5.2% 원익피앤(217820) -9.9% | 💸예수금부족 | 최고신호 원익피앤이(217820) 3/3개 [하락-2.6% / MA골 / 호가4.8]
💰 예수금 4,152원 | KODEX200 RSI95/+5.9% 과열⚠️ | 매수기준 3개↑
📦 보유 GS(078930) 1주 +4.7%
📦 보유 원익피앤이(217820) 6주 -9.6% 🔴스탑로스임박

코드      종목명           가격    RSI     변화율    거래량     BB   호가비  B/S
────────────────────────────────────────────────────────────────────────
[2단계 분석 대상: 078930, 217820, 056080, 034020, 247540, 006400, 068270]
⛔ 아우토크립트(137040) 호가 없음 (거래정지 의심)
078930  GS        80,800   68.6    +1.6%    0.3x     중간  0.61  1/0
217820  원익피앤이      3,695   56.1    -2.6%    0.5x     중간  5.45  3/0
⛔ 금양(001570) 호가 없음 (거래정지 의심)

══════════════════════════════════════════════════
⚠️  손실 주의 원익피앤이(217820) -9.6% (비상손절 -15%)
→ 전종목 HOLD
✅ Discord 전송 완료

[09:48] HOLD | KODEX RSI95/+5.9%⚠️ | 보유:GS(078930) +4.7% 원익피앤(217820) -9.6% | 💸예수금부족 | 최고신호 원익피앤이(217820) 3/3개 [하락-2.6% / MA골 / 호가5.5]
💰 예수금 4,151원 | KODEX200 RSI95/+6.0% 과열⚠️ | 매수기준 3개↑
📦 보유 GS(078930) 1주 +5.0%
📦 보유 원익피앤이(217820) 6주 -9.5% 🔴스탑로스임박

코드      종목명           가격    RSI     변화율    거래량     BB   호가비  B/S
────────────────────────────────────────────────────────────────────────
[2단계 분석 대상: 078930, 217820, 056080, 034020, 247540, 006400, 207940]
⛔ 아우토크립트(137040) 호가 없음 (거래정지 의심)
078930  GS        80,700   68.8    +1.8%    0.3x     중간  0.57  1/0
217820  원익피앤이      3,685   56.0    -2.8%    0.5x     중간  2.52  3/0
⛔ 금양(001570) 호가 없음 (거래정지 의심)

══════════════════════════════════════════════════
⚠️  손실 주의 원익피앤이(217820) -9.5% (비상손절 -15%)
→ 전종목 HOLD
✅ Discord 전송 완료

[09:50] HOLD | KODEX RSI95/+6.0%⚠️ | 보유:GS(078930) +5.0% 원익피앤(217820) -9.5% | 💸예수금부족 | 최고신호 원익피앤이(217820) 3/3개 [하락-2.8% / MA골 / 호가2.5]
💰 예수금 4,152원 | KODEX200 RSI95/+5.7% 과열⚠️ | 매수기준 3개↑
📦 보유 GS(078930) 1주 +4.7%
📦 보유 원익피앤이(217820) 6주 -9.9% 🔴스탑로스임박

코드      종목명           가격    RSI     변화율    거래량     BB   호가비  B/S
────────────────────────────────────────────────────────────────────────
[2단계 분석 대상: 078930, 217820, 084850, 056080, 034020, 006400, 068270]
⛔ 아우토크립트(137040) 호가 없음 (거래정지 의심)
078930  GS        80,100   67.7    +0.8%    0.3x     중간  0.50  1/0
217820  원익피앤이      3,705   56.4    -2.4%    0.5x     중간  1.41  3/0
⛔ 금양(001570) 호가 없음 (거래정지 의심)

══════════════════════════════════════════════════
⚠️  손실 주의 원익피앤이(217820) -9.9% (비상손절 -15%)
→ 전종목 HOLD
✅ Discord 전송 완료

[09:52] HOLD | KODEX RSI95/+5.7%⚠️ | 보유:GS(078930) +4.7% 원익피앤(217820) -9.9% | 💸예수금부족 | 최고신호 원익피앤이(217820) 3/3개 [하락-2.4% / MA골 / 호가1.4]
💰 예수금 4,152원 | KODEX200 RSI95/+5.2% 과열⚠️ | 매수기준 3개↑
📦 보유 GS(078930) 1주 +4.1%
📦 보유 원익피앤이(217820) 6주 -9.6% 🔴스탑로스임박

코드      종목명           가격    RSI     변화율    거래량     BB   호가비  B/S
────────────────────────────────────────────────────────────────────────
[2단계 분석 대상: 078930, 217820, 056080, 068270, 207940, 003670, 084850]
⛔ 아우토크립트(137040) 호가 없음 (거래정지 의심)
078930  GS        80,100   68.0    +1.0%    0.3x     중간  0.32  1/0
217820  원익피앤이      3,690   56.0    -2.8%    0.5x     중간  2.07  3/0
⛔ 금양(001570) 호가 없음 (거래정지 의심)

══════════════════════════════════════════════════
⚠️  손실 주의 원익피앤이(217820) -9.6% (비상손절 -15%)
→ 전종목 HOLD
✅ Discord 전송 완료

[09:54] HOLD | KODEX RSI95/+5.2%⚠️ | 보유:GS(078930) +4.1% 원익피앤(217820) -9.6% | 💸예수금부족 | 최고신호 원익피앤이(217820) 3/3개 [하락-2.8% / MA골 / 호가2.1]
💰 예수금 4,152원 | KODEX200 RSI95/+4.4% 과열⚠️ | 매수기준 3개↑
📦 보유 GS(078930) 1주 +4.3%
📦 보유 원익피앤이(217820) 6주 -9.7% 🔴스탑로스임박

코드      종목명           가격    RSI     변화율    거래량     BB   호가비  B/S
────────────────────────────────────────────────────────────────────────
[2단계 분석 대상: 078930, 217820, 056080, 003670, 207940, 042700, 051910]
⛔ 아우토크립트(137040) 호가 없음 (거래정지 의심)
078930  GS        80,000   67.5    +0.6%    0.3x     중간  0.24  1/0
217820  원익피앤이      3,690   55.9    -2.9%    0.5x     중간  2.47  3/0
⛔ 금양(001570) 호가 없음 (거래정지 의심)

══════════════════════════════════════════════════
⚠️  손실 주의 원익피앤이(217820) -9.7% (비상손절 -15%)
→ 전종목 HOLD
✅ Discord 전송 완료

[09:56] HOLD | KODEX RSI95/+4.4%⚠️ | 보유:GS(078930) +4.3% 원익피앤(217820) -9.7% | 💸예수금부족 | 최고신호 원익피앤이(217820) 3/3개 [하락-2.9% / MA골 / 호가2.5]
💰 예수금 4,154원 | KODEX200 RSI95/+4.6% 과열⚠️ | 매수기준 3개↑
📦 보유 GS(078930) 1주 +3.9%
📦 보유 원익피앤이(217820) 6주 -9.6% 🔴스탑로스임박

코드      종목명           가격    RSI     변화율    거래량     BB   호가비  B/S
────────────────────────────────────────────────────────────────────────
[2단계 분석 대상: 078930, 217820, 056080, 084850, 006400, 058470, 042700]
⛔ 아우토크립트(137040) 호가 없음 (거래정지 의심)
078930  GS        79,900   67.4    +0.5%    0.3x     중간  0.18  1/0
217820  원익피앤이      3,700   56.4    -2.4%    0.5x     중간  3.11  3/0
⛔ 금양(001570) 호가 없음 (거래정지 의심)

══════════════════════════════════════════════════
⚠️  손실 주의 원익피앤이(217820) -9.6% (비상손절 -15%)
→ 전종목 HOLD
✅ Discord 전송 완료

[09:58] HOLD | KODEX RSI95/+4.6%⚠️ | 보유:GS(078930) +3.9% 원익피앤(217820) -9.6% | 💸예수금부족 | 최고신호 원익피앤이(217820) 3/3개 [하락-2.4% / MA골 / 호가3.1]
💰 예수금 4,154원 | KODEX200 RSI95/+4.6% 과열⚠️ | 매수기준 3개↑
📦 보유 GS(078930) 1주 +3.9%
📦 보유 원익피앤이(217820) 6주 -10.0% 🔴스탑로스임박

코드      종목명           가격    RSI     변화율    거래량     BB   호가비  B/S
────────────────────────────────────────────────────────────────────────
[2단계 분석 대상: 078930, 217820, 015760, 056080, 000270, 005380, 003670]
⛔ 아우토크립트(137040) 호가 없음 (거래정지 의심)
078930  GS        79,500   67.0    +0.1%    0.4x     중간  0.83  1/0
217820  원익피앤이      3,690   56.1    -2.6%    0.5x     중간  5.22  3/0
⛔ 금양(001570) 호가 없음 (거래정지 의심)

══════════════════════════════════════════════════
⚠️  손실 주의 원익피앤이(217820) -10.0% (비상손절 -15%)
→ 전종목 HOLD
✅ Discord 전송 완료

[10:00] HOLD | KODEX RSI95/+4.6%⚠️ | 보유:GS(078930) +3.9% 원익피앤(217820) -10.0% | 💸예수금부족 | 최고신호 원익피앤이(217820) 3/3개 [하락-2.6% / MA골 / 호가5.2]
💰 예수금 4,155원 | KODEX200 RSI95/+3.7% 과열⚠️ | 매수기준 3개↑
📦 보유 GS(078930) 1주 +3.2%
📦 보유 원익피앤이(217820) 6주 -9.7% 🔴스탑로스임박

코드      종목명           가격    RSI     변화율    거래량     BB   호가비  B/S
────────────────────────────────────────────────────────────────────────
[2단계 분석 대상: 078930, 217820, 015760, 005380, 042700, 056080, 003670]
⛔ 아우토크립트(137040) 호가 없음 (거래정지 의심)
078930  GS        79,600   67.0    +0.1%    0.4x     중간  0.49  1/0
217820  원익피앤이      3,690   56.1    -2.6%    0.5x     중간  4.10  3/0
⛔ 금양(001570) 호가 없음 (거래정지 의심)

══════════════════════════════════════════════════
⚠️  손실 주의 원익피앤이(217820) -9.7% (비상손절 -15%)
→ 전종목 HOLD
✅ Discord 전송 완료

[10:02] HOLD | KODEX RSI95/+3.7%⚠️ | 보유:GS(078930) +3.2% 원익피앤(217820) -9.7% | 💸예수금부족 | 최고신호 원익피앤이(217820) 3/3개 [하락-2.6% / MA골 / 호가4.1]
💰 예수금 4,154원 | KODEX200 RSI95/+3.8% 과열⚠️ | 매수기준 3개↑
📦 보유 GS(078930) 1주 +3.3%
📦 보유 원익피앤이(217820) 6주 -9.4% 🔴스탑로스임박

코드      종목명           가격    RSI     변화율    거래량     BB   호가비  B/S
────────────────────────────────────────────────────────────────────────
[2단계 분석 대상: 078930, 217820, 056080, 015760, 003670, 001510, 247540]
⛔ 아우토크립트(137040) 호가 없음 (거래정지 의심)
078930  GS        79,700   67.0    +0.1%    0.4x     중간  0.32  1/0
217820  원익피앤이      3,700   56.0    -2.8%    0.5x     중간  2.06  3/0
⛔ 금양(001570) 호가 없음 (거래정지 의심)

══════════════════════════════════════════════════
⚠️  손실 주의 원익피앤이(217820) -9.4% (비상손절 -15%)
→ 전종목 HOLD
✅ Discord 전송 완료

[10:04] HOLD | KODEX RSI95/+3.8%⚠️ | 보유:GS(078930) +3.3% 원익피앤(217820) -9.4% | 💸예수금부족 | 최고신호 원익피앤이(217820) 3/3개 [하락-2.8% / MA골 / 호가2.1]
💰 예수금 4,154원 | KODEX200 RSI95/+4.2% 과열⚠️ | 매수기준 3개↑
📦 보유 GS(078930) 1주 +3.7%
📦 보유 원익피앤이(217820) 6주 -9.7% 🔴스탑로스임박

코드      종목명           가격    RSI     변화율    거래량     BB   호가비  B/S
────────────────────────────────────────────────────────────────────────
[2단계 분석 대상: 078930, 217820, 015760, 247540, 056080, 005930, 001510]
⛔ 아우토크립트(137040) 호가 없음 (거래정지 의심)
078930  GS        79,700   67.1    +0.2%    0.4x     중간  0.33  1/0
217820  원익피앤이      3,725   56.4    -2.4%    0.5x     중간  1.37  3/0
⛔ 금양(001570) 호가 없음 (거래정지 의심)

══════════════════════════════════════════════════
⚠️  손실 주의 원익피앤이(217820) -9.7% (비상손절 -15%)
→ 전종목 HOLD
✅ Discord 전송 완료

[10:06] HOLD | KODEX RSI95/+4.2%⚠️ | 보유:GS(078930) +3.7% 원익피앤(217820) -9.7% | 💸예수금부족 | 최고신호 원익피앤이(217820) 3/3개 [하락-2.4% / MA골 / 호가1.4]
💰 예수금 4,154원 | KODEX200 RSI95/+4.2% 과열⚠️ | 매수기준 3개↑
📦 보유 GS(078930) 1주 +3.5%
📦 보유 원익피앤이(217820) 6주 -9.0% 🔴스탑로스임박

코드      종목명           가격    RSI     변화율    거래량     BB   호가비  B/S
────────────────────────────────────────────────────────────────────────
[2단계 분석 대상: 078930, 217820, 015760, 247540, 035420, 056080, 086790]
⛔ 아우토크립트(137040) 호가 없음 (거래정지 의심)
078930  GS        79,800   67.3    +0.4%    0.4x     중간  0.37  1/0
217820  원익피앤이      3,730   57.0    -1.9%    0.5x     중간  0.53  2/0
⛔ 금양(001570) 호가 없음 (거래정지 의심)

══════════════════════════════════════════════════
⚠️  손실 주의 원익피앤이(217820) -9.0% (비상손절 -15%)
→ 전종목 HOLD
✅ Discord 전송 완료

[10:08] HOLD | KODEX RSI95/+4.2%⚠️ | 보유:GS(078930) +3.5% 원익피앤(217820) -9.0% | 💸예수금부족 | 최고신호 원익피앤이(217820) 2/3개 [하락-1.9% / MA골]
💰 예수금 4,154원 | KODEX200 RSI95/+4.6% 과열⚠️ | 매수기준 3개↑
📦 보유 GS(078930) 1주 +3.7%
📦 보유 원익피앤이(217820) 6주 -9.0% 🔴스탑로스임박

코드      종목명           가격    RSI     변화율    거래량     BB   호가비  B/S
────────────────────────────────────────────────────────────────────────
[2단계 분석 대상: 078930, 217820, 015760, 056080, 247540, 001510, 035420]
⛔ 아우토크립트(137040) 호가 없음 (거래정지 의심)
078930  GS        79,800   67.4    +0.5%    0.4x     중간  0.29  1/0
217820  원익피앤이      3,730   57.2    -1.6%    0.5x     중간  0.54  2/0
⛔ 금양(001570) 호가 없음 (거래정지 의심)

══════════════════════════════════════════════════
⚠️  손실 주의 원익피앤이(217820) -9.0% (비상손절 -15%)
→ 전종목 HOLD
✅ Discord 전송 완료

[10:10] HOLD | KODEX RSI95/+4.6%⚠️ | 보유:GS(078930) +3.7% 원익피앤(217820) -9.0% | 💸예수금부족 | 최고신호 원익피앤이(217820) 2/3개 [하락-1.6% / MA골]
💰 예수금 4,154원 | KODEX200 RSI95/+5.0% 과열⚠️ | 매수기준 3개↑
📦 보유 GS(078930) 1주 +3.9%
📦 보유 원익피앤이(217820) 6주 -8.9% 🔴스탑로스임박

코드      종목명           가격    RSI     변화율    거래량     BB   호가비  B/S
────────────────────────────────────────────────────────────────────────
[2단계 분석 대상: 078930, 217820, 056080, 086790, 035420, 207940, 105560]
⛔ 아우토크립트(137040) 호가 없음 (거래정지 의심)
078930  GS        79,800   67.4    +0.5%    0.4x     중간  0.34  1/0
217820  원익피앤이      3,750   57.5    -1.3%    0.5x     중간  0.99  2/0
⛔ 금양(001570) 호가 없음 (거래정지 의심)

══════════════════════════════════════════════════
⚠️  손실 주의 원익피앤이(217820) -8.9% (비상손절 -15%)
→ 전종목 HOLD
✅ Discord 전송 완료

[10:12] HOLD | KODEX RSI95/+5.0%⚠️ | 보유:GS(078930) +3.9% 원익피앤(217820) -8.9% | 💸예수금부족 | 최고신호 원익피앤이(217820) 2/3개 [하락-1.3% / MA골]
💰 예수금 4,153원 | KODEX200 RSI95/+4.7% 과열⚠️ | 매수기준 3개↑
📦 보유 GS(078930) 1주 +3.4%
📦 보유 원익피앤이(217820) 6주 -7.9% 🔴스탑로스임박

코드      종목명           가격    RSI     변화율    거래량     BB   호가비  B/S
────────────────────────────────────────────────────────────────────────
[2단계 분석 대상: 078930, 217820, 056080, 105560, 035420, 001510, 207940]
⛔ 아우토크립트(137040) 호가 없음 (거래정지 의심)
078930  GS        79,900   67.3    +0.4%    0.4x     중간  0.50  1/0
217820  원익피앤이      3,765   58.2    -0.7%    0.6x     중간  0.38  1/0
⛔ 금양(001570) 호가 없음 (거래정지 의심)

══════════════════════════════════════════════════
→ 전종목 HOLD
✅ Discord 전송 완료

[10:14] HOLD | KODEX RSI95/+4.7%⚠️ | 보유:GS(078930) +3.4% 원익피앤(217820) -7.9% | 💸예수금부족 | 최고신호 GS(078930) 1/3개 [MA골]
💰 예수금 4,153원 | KODEX200 RSI95/+4.9% 과열⚠️ | 매수기준 3개↑
📦 보유 GS(078930) 1주 +3.8%
📦 보유 원익피앤이(217820) 6주 -8.0% 🔴스탑로스임박

코드      종목명           가격    RSI     변화율    거래량     BB   호가비  B/S
────────────────────────────────────────────────────────────────────────
[2단계 분석 대상: 078930, 217820, 012450, 056080, 035420, 086790, 247540]
⛔ 아우토크립트(137040) 호가 없음 (거래정지 의심)
078930  GS        79,700   67.1    +0.2%    0.4x     중간  1.20  2/0
217820  원익피앤이      3,770   58.4    -0.5%    0.6x     중간  0.52  1/0
⛔ 금양(001570) 호가 없음 (거래정지 의심)

══════════════════════════════════════════════════
⚠️  손실 주의 원익피앤이(217820) -8.0% (비상손절 -15%)
→ 전종목 HOLD
✅ Discord 전송 완료

[10:16] HOLD | KODEX RSI95/+4.9%⚠️ | 보유:GS(078930) +3.8% 원익피앤(217820) -8.0% | 💸예수금부족 | 최고신호 GS(078930) 2/3개 [MA골 / 호가1.2]
💰 예수금 4,153원 | KODEX200 RSI95/+5.0% 과열⚠️ | 매수기준 3개↑
📦 보유 GS(078930) 1주 +3.5%
📦 보유 원익피앤이(217820) 6주 -7.7% 🔴스탑로스임박

코드      종목명           가격    RSI     변화율    거래량     BB   호가비  B/S
────────────────────────────────────────────────────────────────────────
[2단계 분석 대상: 078930, 217820, 056080, 035420, 247540, 207940, 055550]
⛔ 아우토크립트(137040) 호가 없음 (거래정지 의심)
078930  GS        79,600   67.1    +0.2%    0.4x     중간  1.11  1/0
217820  원익피앤이      3,770   58.2    -0.7%    0.6x     중간  0.41  1/0
⛔ 금양(001570) 호가 없음 (거래정지 의심)

══════════════════════════════════════════════════
→ 전종목 HOLD
✅ Discord 전송 완료

[10:18] HOLD | KODEX RSI95/+5.0%⚠️ | 보유:GS(078930) +3.5% 원익피앤(217820) -7.7% | 💸예수금부족 | 최고신호 GS(078930) 1/3개 [MA골]
💰 예수금 4,153원 | KODEX200 RSI95/+5.1% 과열⚠️ | 매수기준 3개↑
📦 보유 GS(078930) 1주 +3.3%
📦 보유 원익피앤이(217820) 6주 -8.0% 🔴스탑로스임박

코드      종목명           가격    RSI     변화율    거래량     BB   호가비  B/S
────────────────────────────────────────────────────────────────────────
[2단계 분석 대상: 078930, 217820, 056080, 035420, 015760, 207940, 079550]
⛔ 아우토크립트(137040) 호가 없음 (거래정지 의심)
078930  GS        79,400   66.5    -0.1%    0.4x     중간  0.90  1/0
217820  원익피앤이      3,760   58.0    -0.9%    0.6x     중간  0.39  1/0
⛔ 금양(001570) 호가 없음 (거래정지 의심)

══════════════════════════════════════════════════
⚠️  손실 주의 원익피앤이(217820) -8.0% (비상손절 -15%)
→ 전종목 HOLD
✅ Discord 전송 완료

[10:20] HOLD | KODEX RSI95/+5.1%⚠️ | 보유:GS(078930) +3.3% 원익피앤(217820) -8.0% | 💸예수금부족 | 최고신호 GS(078930) 1/3개 [MA골]
💰 예수금 4,153원 | KODEX200 RSI95/+5.2% 과열⚠️ | 매수기준 3개↑
📦 보유 GS(078930) 1주 +3.4%
📦 보유 원익피앤이(217820) 6주 -8.0% 🔴스탑로스임박

코드      종목명           가격    RSI     변화율    거래량     BB   호가비  B/S
────────────────────────────────────────────────────────────────────────
[2단계 분석 대상: 078930, 217820, 079550, 035420, 015760, 207940, 001510]
⛔ 아우토크립트(137040) 호가 없음 (거래정지 의심)
078930  GS        79,500   67.0    +0.1%    0.4x     중간  1.32  2/0
217820  원익피앤이      3,760   58.0    -0.9%    0.6x     중간  0.41  1/0
⛔ 금양(001570) 호가 없음 (거래정지 의심)

══════════════════════════════════════════════════
⚠️  손실 주의 원익피앤이(217820) -8.0% (비상손절 -15%)
→ 전종목 HOLD
✅ Discord 전송 완료

[10:22] HOLD | KODEX RSI95/+5.2%⚠️ | 보유:GS(078930) +3.4% 원익피앤(217820) -8.0% | 💸예수금부족 | 최고신호 GS(078930) 2/3개 [MA골 / 호가1.3]
💰 예수금 4,154원 | KODEX200 RSI95/+5.3% 과열⚠️ | 매수기준 3개↑
📦 보유 GS(078930) 1주 +3.2%
📦 보유 원익피앤이(217820) 6주 -8.2% 🔴스탑로스임박

코드      종목명           가격    RSI     변화율    거래량     BB   호가비  B/S
────────────────────────────────────────────────────────────────────────
[2단계 분석 대상: 078930, 217820, 105560, 001510, 207940, 035420, 055550]
⛔ 아우토크립트(137040) 호가 없음 (거래정지 의심)
078930  GS        79,300   66.5    -0.1%    0.4x     중간  1.19  1/0
217820  원익피앤이      3,760   58.1    -0.8%    0.6x     중간  0.40  1/0
⛔ 금양(001570) 호가 없음 (거래정지 의심)

══════════════════════════════════════════════════
⚠️  손실 주의 원익피앤이(217820) -8.2% (비상손절 -15%)
→ 전종목 HOLD
✅ Discord 전송 완료

[10:24] HOLD | KODEX RSI95/+5.3%⚠️ | 보유:GS(078930) +3.2% 원익피앤(217820) -8.2% | 💸예수금부족 | 최고신호 GS(078930) 1/3개 [MA골]
💰 예수금 4,153원 | KODEX200 RSI95/+5.3% 과열⚠️ | 매수기준 3개↑
📦 보유 GS(078930) 1주 +3.3%
📦 보유 원익피앤이(217820) 6주 -8.0% 🔴스탑로스임박

코드      종목명           가격    RSI     변화율    거래량     BB   호가비  B/S
────────────────────────────────────────────────────────────────────────
[2단계 분석 대상: 078930, 217820, 105560, 079550, 084850, 001510, 068270]
⛔ 아우토크립트(137040) 호가 없음 (거래정지 의심)
078930  GS        79,200   66.2    -0.2%    0.4x     중간  1.16  1/0
217820  원익피앤이      3,765   58.1    -0.8%    0.6x     중간  0.41  1/0
⛔ 금양(001570) 호가 없음 (거래정지 의심)

══════════════════════════════════════════════════
⚠️  손실 주의 원익피앤이(217820) -8.0% (비상손절 -15%)
→ 전종목 HOLD
✅ Discord 전송 완료

[10:26] HOLD | KODEX RSI95/+5.3%⚠️ | 보유:GS(078930) +3.3% 원익피앤(217820) -8.0% | 💸예수금부족 | 최고신호 GS(078930) 1/3개 [MA골]
💰 예수금 4,154원 | KODEX200 RSI95/+5.2% 과열⚠️ | 매수기준 3개↑
📦 보유 GS(078930) 1주 +3.0%
📦 보유 원익피앤이(217820) 6주 -8.0% 🔴스탑로스임박

코드      종목명           가격    RSI     변화율    거래량     BB   호가비  B/S
────────────────────────────────────────────────────────────────────────
[2단계 분석 대상: 078930, 217820, 079550, 035420, 138040, 001510, 084850]
⛔ 아우토크립트(137040) 호가 없음 (거래정지 의심)
078930  GS        79,300   66.2    -0.2%    0.4x     중간  1.60  2/0
217820  원익피앤이      3,765   58.2    -0.7%    0.6x     중간  0.41  1/0
⛔ 금양(001570) 호가 없음 (거래정지 의심)

══════════════════════════════════════════════════
⚠️  손실 주의 원익피앤이(217820) -8.0% (비상손절 -15%)
→ 전종목 HOLD
✅ Discord 전송 완료

[10:28] HOLD | KODEX RSI95/+5.2%⚠️ | 보유:GS(078930) +3.0% 원익피앤(217820) -8.0% | 💸예수금부족 | 최고신호 GS(078930) 2/3개 [MA골 / 호가1.6]
💰 예수금 4,154원 | KODEX200 RSI95/+5.4% 과열⚠️ | 매수기준 3개↑
📦 보유 GS(078930) 1주 +3.0%
📦 보유 원익피앤이(217820) 6주 -7.9% 🔴스탑로스임박

코드      종목명           가격    RSI     변화율    거래량     BB   호가비  B/S
────────────────────────────────────────────────────────────────────────
[2단계 분석 대상: 078930, 217820, 079550, 006400, 001510, 068270, 056080]
⛔ 아우토크립트(137040) 호가 없음 (거래정지 의심)
078930  GS        79,100   65.6    -0.5%    0.4x     중간  1.08  1/0
217820  원익피앤이      3,770   58.2    -0.7%    0.6x     중간  0.44  1/0
⛔ 금양(001570) 호가 없음 (거래정지 의심)

══════════════════════════════════════════════════
→ 전종목 HOLD
✅ Discord 전송 완료

[10:30] HOLD | KODEX RSI95/+5.4%⚠️ | 보유:GS(078930) +3.0% 원익피앤(217820) -7.9% | 💸예수금부족 | 최고신호 GS(078930) 1/3개 [MA골]
💰 예수금 4,154원 | KODEX200 RSI95/+5.5% 과열⚠️ | 매수기준 3개↑
📦 보유 GS(078930) 1주 +2.9%
📦 보유 원익피앤이(217820) 6주 -7.9% 🔴스탑로스임박

코드      종목명           가격    RSI     변화율    거래량     BB   호가비  B/S
────────────────────────────────────────────────────────────────────────
[2단계 분석 대상: 078930, 217820, 084850, 068270, 105560, 138040, 086790]
⛔ 아우토크립트(137040) 호가 없음 (거래정지 의심)
078930  GS        79,000   65.1    -0.8%    0.4x     중간  1.69  2/0
217820  원익피앤이      3,755   58.0    -0.9%    0.6x     중간  0.44  1/0
⛔ 금양(001570) 호가 없음 (거래정지 의심)

══════════════════════════════════════════════════
→ 전종목 HOLD
✅ Discord 전송 완료

[10:32] HOLD | KODEX RSI95/+5.5%⚠️ | 보유:GS(078930) +2.9% 원익피앤(217820) -7.9% | 💸예수금부족 | 최고신호 GS(078930) 2/3개 [MA골 / 호가1.7]
💰 예수금 4,155원 | KODEX200 RSI95/+5.7% 과열⚠️ | 매수기준 3개↑
📦 보유 GS(078930) 1주 +2.2%
📦 보유 원익피앤이(217820) 6주 -8.2% 🔴스탑로스임박

코드      종목명           가격    RSI     변화율    거래량     BB   호가비  B/S
────────────────────────────────────────────────────────────────────────
[2단계 분석 대상: 078930, 217820, 079550, 084850, 068270, 105560, 001510]
⛔ 아우토크립트(137040) 호가 없음 (거래정지 의심)
078930  GS        78,700   64.5    -1.0%    0.4x     중간  2.03  3/0
217820  원익피앤이      3,755   57.8    -1.1%    0.6x     중간  0.43  2/0
⛔ 금양(001570) 호가 없음 (거래정지 의심)

══════════════════════════════════════════════════
⚠️  손실 주의 원익피앤이(217820) -8.2% (비상손절 -15%)
→ 전종목 HOLD
✅ Discord 전송 완료

[10:34] HOLD | KODEX RSI95/+5.7%⚠️ | 보유:GS(078930) +2.2% 원익피앤(217820) -8.2% | 💸예수금부족 | 최고신호 GS(078930) 3/3개 [하락-1.0% / MA골 / 호가2.0]
💰 예수금 4,155원 | KODEX200 RSI95/+5.4% 과열⚠️ | 매수기준 3개↑
📦 보유 GS(078930) 1주 +1.6%
📦 보유 원익피앤이(217820) 6주 -8.2% 🔴스탑로스임박

코드      종목명           가격    RSI     변화율    거래량     BB   호가비  B/S
────────────────────────────────────────────────────────────────────────
[2단계 분석 대상: 078930, 217820, 079550, 084850, 068270, 105560, 034020]
⛔ 아우토크립트(137040) 호가 없음 (거래정지 의심)
078930  GS        78,000   62.6    -1.9%    0.5x     중간  0.48  2/0
217820  원익피앤이      3,740   57.5    -1.3%    0.6x     중간  0.95  2/0
⛔ 금양(001570) 호가 없음 (거래정지 의심)

══════════════════════════════════════════════════
⚠️  손실 주의 원익피앤이(217820) -8.2% (비상손절 -15%)
→ 전종목 HOLD
✅ Discord 전송 완료

[10:36] HOLD | KODEX RSI95/+5.4%⚠️ | 보유:GS(078930) +1.6% 원익피앤(217820) -8.2% | 💸예수금부족 | 최고신호 GS(078930) 2/3개 [하락-1.9% / MA골]
💰 예수금 4,156원 | KODEX200 RSI95/+5.3% 과열⚠️ | 매수기준 3개↑
📦 보유 GS(078930) 1주 +1.5%
📦 보유 원익피앤이(217820) 6주 -8.6% 🔴스탑로스임박

코드      종목명           가격    RSI     변화율    거래량     BB   호가비  B/S
────────────────────────────────────────────────────────────────────────
[2단계 분석 대상: 078930, 217820, 079550, 084850, 105560, 068270, 034020]
⛔ 아우토크립트(137040) 호가 없음 (거래정지 의심)
078930  GS        78,000   62.6    -1.9%    0.5x     중간  1.69  3/0
217820  원익피앤이      3,740   57.5    -1.3%    0.6x     중간  0.72  2/0
⛔ 금양(001570) 호가 없음 (거래정지 의심)

══════════════════════════════════════════════════
⚠️  손실 주의 원익피앤이(217820) -8.6% (비상손절 -15%)
→ 전종목 HOLD
✅ Discord 전송 완료

[10:38] HOLD | KODEX RSI95/+5.3%⚠️ | 보유:GS(078930) +1.5% 원익피앤(217820) -8.6% | 💸예수금부족 | 최고신호 GS(078930) 3/3개 [하락-1.9% / MA골 / 호가1.7]
💰 예수금 4,158원 | KODEX200 RSI95/+5.5% 과열⚠️ | 매수기준 3개↑
📦 보유 GS(078930) 1주 +1.3%
📦 보유 원익피앤이(217820) 6주 -8.6% 🔴스탑로스임박

코드      종목명           가격    RSI     변화율    거래량     BB   호가비  B/S
────────────────────────────────────────────────────────────────────────
[2단계 분석 대상: 078930, 217820, 079550, 084850, 068270, 105560, 086790]
⛔ 아우토크립트(137040) 호가 없음 (거래정지 의심)
078930  GS        78,000   62.9    -1.8%    0.5x     중간  1.08  2/0
217820  원익피앤이      3,730   57.1    -1.7%    0.6x     중간  0.75  2/0
⛔ 금양(001570) 호가 없음 (거래정지 의심)

══════════════════════════════════════════════════
⚠️  손실 주의 원익피앤이(217820) -8.6% (비상손절 -15%)
→ 전종목 HOLD
✅ Discord 전송 완료

[10:40] HOLD | KODEX RSI95/+5.5%⚠️ | 보유:GS(078930) +1.3% 원익피앤(217820) -8.6% | 💸예수금부족 | 최고신호 GS(078930) 2/3개 [하락-1.8% / MA골]
💰 예수금 4,156원 | KODEX200 RSI95/+5.4% 과열⚠️ | 매수기준 3개↑
📦 보유 GS(078930) 1주 +1.5%
📦 보유 원익피앤이(217820) 6주 -8.9% 🔴스탑로스임박

코드      종목명           가격    RSI     변화율    거래량     BB   호가비  B/S
────────────────────────────────────────────────────────────────────────
[2단계 분석 대상: 078930, 217820, 084850, 068270, 138040, 012330, 034020]
⛔ 아우토크립트(137040) 호가 없음 (거래정지 의심)
078930  GS        78,200   63.4    -1.5%    0.5x     중간  4.01  3/0
217820  원익피앤이      3,730   57.2    -1.6%    0.6x     중간  1.04  2/0
⛔ 금양(001570) 호가 없음 (거래정지 의심)

══════════════════════════════════════════════════
⚠️  손실 주의 원익피앤이(217820) -8.9% (비상손절 -15%)
→ 전종목 HOLD
✅ Discord 전송 완료

[10:42] HOLD | KODEX RSI95/+5.4%⚠️ | 보유:GS(078930) +1.5% 원익피앤(217820) -8.9% | 💸예수금부족 | 최고신호 GS(078930) 3/3개 [하락-1.5% / MA골 / 호가4.0]
💰 예수금 4,156원 | KODEX200 RSI95/+5.5% 과열⚠️ | 매수기준 3개↑
📦 보유 GS(078930) 1주 +2.1%
📦 보유 원익피앤이(217820) 6주 -8.8% 🔴스탑로스임박

코드      종목명           가격    RSI     변화율    거래량     BB   호가비  B/S
────────────────────────────────────────────────────────────────────────
[2단계 분석 대상: 078930, 217820, 084850, 068270, 138040, 001510, 034020]
⛔ 아우토크립트(137040) 호가 없음 (거래정지 의심)
078930  GS        78,400   64.0    -1.3%    0.5x     중간  2.27  3/0
217820  원익피앤이      3,730   57.0    -1.9%    0.6x     중간  0.94  2/0
⛔ 금양(001570) 호가 없음 (거래정지 의심)

══════════════════════════════════════════════════
⚠️  손실 주의 원익피앤이(217820) -8.8% (비상손절 -15%)
→ 전종목 HOLD
✅ Discord 전송 완료

[10:44] HOLD | KODEX RSI95/+5.5%⚠️ | 보유:GS(078930) +2.1% 원익피앤(217820) -8.8% | 💸예수금부족 | 최고신호 GS(078930) 3/3개 [하락-1.3% / MA골 / 호가2.3]
💰 예수금 4,156원 | KODEX200 RSI95/+5.6% 과열⚠️ | 매수기준 3개↑
📦 보유 GS(078930) 1주 +1.9%
📦 보유 원익피앤이(217820) 6주 -8.9% 🔴스탑로스임박

코드      종목명           가격    RSI     변화율    거래량     BB   호가비  B/S
────────────────────────────────────────────────────────────────────────
[2단계 분석 대상: 078930, 217820, 079550, 084850, 068270, 012330, 207940]
⛔ 아우토크립트(137040) 호가 없음 (거래정지 의심)
078930  GS        78,300   63.7    -1.4%    0.5x     중간  2.56  3/0
217820  원익피앤이      3,730   56.8    -2.0%    0.6x     중간  0.91  2/0
⛔ 금양(001570) 호가 없음 (거래정지 의심)

══════════════════════════════════════════════════
⚠️  손실 주의 원익피앤이(217820) -8.9% (비상손절 -15%)
→ 전종목 HOLD
✅ Discord 전송 완료

[10:46] HOLD | KODEX RSI95/+5.6%⚠️ | 보유:GS(078930) +1.9% 원익피앤(217820) -8.9% | 💸예수금부족 | 최고신호 GS(078930) 3/3개 [하락-1.4% / MA골 / 호가2.6]
💰 예수금 4,156원 | KODEX200 RSI95/+5.7% 과열⚠️ | 매수기준 3개↑
📦 보유 GS(078930) 1주 +1.9%
📦 보유 원익피앤이(217820) 6주 -9.0% 🔴스탑로스임박

코드      종목명           가격    RSI     변화율    거래량     BB   호가비  B/S
────────────────────────────────────────────────────────────────────────
[2단계 분석 대상: 078930, 217820, 068270, 084850, 079550, 012330, 034020]
⛔ 아우토크립트(137040) 호가 없음 (거래정지 의심)
078930  GS        78,200   63.4    -1.5%    0.5x     중간  1.55  3/0
217820  원익피앤이      3,725   57.0    -1.9%    0.6x     중간  0.99  2/0
⛔ 금양(001570) 호가 없음 (거래정지 의심)

══════════════════════════════════════════════════
⚠️  손실 주의 원익피앤이(217820) -9.0% (비상손절 -15%)
→ 전종목 HOLD
✅ Discord 전송 완료

[10:48] HOLD | KODEX RSI95/+5.7%⚠️ | 보유:GS(078930) +1.9% 원익피앤(217820) -9.0% | 💸예수금부족 | 최고신호 GS(078930) 3/3개 [하락-1.5% / MA골 / 호가1.6]
💰 예수금 4,156원 | KODEX200 RSI95/+5.7% 과열⚠️ | 매수기준 3개↑
📦 보유 GS(078930) 1주 +1.5%
📦 보유 원익피앤이(217820) 6주 -9.0% 🔴스탑로스임박

코드      종목명           가격    RSI     변화율    거래량     BB   호가비  B/S
────────────────────────────────────────────────────────────────────────
[2단계 분석 대상: 078930, 217820, 068270, 084850, 034020, 079550, 012330]
⛔ 아우토크립트(137040) 호가 없음 (거래정지 의심)
078930  GS        78,100   63.7    -1.4%    0.5x     중간  1.25  3/0
217820  원익피앤이      3,725   57.0    -1.9%    0.6x     중간  1.05  2/0
⛔ 금양(001570) 호가 없음 (거래정지 의심)

══════════════════════════════════════════════════
⚠️  손실 주의 원익피앤이(217820) -9.0% (비상손절 -15%)
→ 전종목 HOLD
✅ Discord 전송 완료

[10:50] HOLD | KODEX RSI95/+5.7%⚠️ | 보유:GS(078930) +1.5% 원익피앤(217820) -9.0% | 💸예수금부족 | 최고신호 GS(078930) 3/3개 [하락-1.4% / MA골 / 호가1.2]
💰 예수금 4,158원 | KODEX200 RSI95/+5.3% 과열⚠️ | 매수기준 3개↑
📦 보유 GS(078930) 1주 +1.3%
📦 보유 원익피앤이(217820) 6주 -9.1% 🔴스탑로스임박

코드      종목명           가격    RSI     변화율    거래량     BB   호가비  B/S
────────────────────────────────────────────────────────────────────────
[2단계 분석 대상: 078930, 217820, 068270, 079550, 034020, 084850, 012330]
⛔ 아우토크립트(137040) 호가 없음 (거래정지 의심)
078930  GS        78,200   63.4    -1.5%    0.5x     중간  1.19  2/0
217820  원익피앤이      3,720   56.8    -2.0%    0.6x     중간  1.23  3/0
⛔ 금양(001570) 호가 없음 (거래정지 의심)

══════════════════════════════════════════════════
⚠️  손실 주의 원익피앤이(217820) -9.1% (비상손절 -15%)
→ 전종목 HOLD
✅ Discord 전송 완료

[10:52] HOLD | KODEX RSI95/+5.3%⚠️ | 보유:GS(078930) +1.3% 원익피앤(217820) -9.1% | 💸예수금부족 | 최고신호 원익피앤이(217820) 3/3개 [하락-2.0% / MA골 / 호가1.2]
💰 예수금 4,156원 | KODEX200 RSI95/+5.6% 과열⚠️ | 매수기준 3개↑
📦 보유 GS(078930) 1주 +1.7%
📦 보유 원익피앤이(217820) 6주 -9.1% 🔴스탑로스임박

코드      종목명           가격    RSI     변화율    거래량     BB   호가비  B/S
────────────────────────────────────────────────────────────────────────
[2단계 분석 대상: 078930, 217820, 068270, 084850, 079550, 034020, 035720]
⛔ 아우토크립트(137040) 호가 없음 (거래정지 의심)
078930  GS        78,300   63.4    -1.5%    0.5x     중간  1.07  2/0
217820  원익피앤이      3,725   56.8    -2.0%    0.6x     중간  0.97  2/0
⛔ 금양(001570) 호가 없음 (거래정지 의심)

══════════════════════════════════════════════════
⚠️  손실 주의 원익피앤이(217820) -9.1% (비상손절 -15%)
→ 전종목 HOLD
✅ Discord 전송 완료

[10:54] HOLD | KODEX RSI95/+5.6%⚠️ | 보유:GS(078930) +1.7% 원익피앤(217820) -9.1% | 💸예수금부족 | 최고신호 GS(078930) 2/3개 [하락-1.5% / MA골]
💰 예수금 4,156원 | KODEX200 RSI95/+5.7% 과열⚠️ | 매수기준 3개↑
📦 보유 GS(078930) 1주 +1.9%
📦 보유 원익피앤이(217820) 6주 -8.9% 🔴스탑로스임박

코드      종목명           가격    RSI     변화율    거래량     BB   호가비  B/S
────────────────────────────────────────────────────────────────────────
[2단계 분석 대상: 078930, 217820, 068270, 034020, 079550, 035720, 035420]
⛔ 아우토크립트(137040) 호가 없음 (거래정지 의심)
078930  GS        78,300   64.0    -1.3%    0.5x     중간  1.12  2/0
217820  원익피앤이      3,715   56.8    -2.0%    0.6x     중간  1.40  3/0
⛔ 금양(001570) 호가 없음 (거래정지 의심)

══════════════════════════════════════════════════
⚠️  손실 주의 원익피앤이(217820) -8.9% (비상손절 -15%)
→ 전종목 HOLD
✅ Discord 전송 완료

[10:56] HOLD | KODEX RSI95/+5.7%⚠️ | 보유:GS(078930) +1.9% 원익피앤(217820) -8.9% | 💸예수금부족 | 최고신호 원익피앤이(217820) 3/3개 [하락-2.0% / MA골 / 호가1.4]
💰 예수금 4,156원 | KODEX200 RSI95/+5.7% 과열⚠️ | 매수기준 3개↑
📦 보유 GS(078930) 1주 +1.7%
📦 보유 원익피앤이(217820) 6주 -8.9% 🔴스탑로스임박

코드      종목명           가격    RSI     변화율    거래량     BB   호가비  B/S
────────────────────────────────────────────────────────────────────────
[2단계 분석 대상: 078930, 217820, 068270, 079550, 034020, 207940, 035720]
⛔ 아우토크립트(137040) 호가 없음 (거래정지 의심)
078930  GS        78,100   63.1    -1.6%    0.5x     중간  1.46  3/0
217820  원익피앤이      3,725   57.0    -1.9%    0.6x     중간  0.61  2/0
⛔ 금양(001570) 호가 없음 (거래정지 의심)

══════════════════════════════════════════════════
⚠️  손실 주의 원익피앤이(217820) -8.9% (비상손절 -15%)
→ 전종목 HOLD
✅ Discord 전송 완료

[10:58] HOLD | KODEX RSI95/+5.7%⚠️ | 보유:GS(078930) +1.7% 원익피앤(217820) -8.9% | 💸예수금부족 | 최고신호 GS(078930) 3/3개 [하락-1.6% / MA골 / 호가1.5]
💰 예수금 4,156원 | KODEX200 RSI95/+5.7% 과열⚠️ | 매수기준 3개↑
📦 보유 GS(078930) 1주 +1.9%
📦 보유 원익피앤이(217820) 6주 -9.2% 🔴스탑로스임박

코드      종목명           가격    RSI     변화율    거래량     BB   호가비  B/S
────────────────────────────────────────────────────────────────────────
[2단계 분석 대상: 078930, 217820, 068270, 035720, 207940, 079550, 034020]
⛔ 아우토크립트(137040) 호가 없음 (거래정지 의심)
078930  GS        78,100   62.9    -1.8%    0.5x     중간  2.04  3/0
217820  원익피앤이      3,725   56.7    -2.1%    0.6x     중간  0.87  2/0
⛔ 금양(001570) 호가 없음 (거래정지 의심)

══════════════════════════════════════════════════
⚠️  손실 주의 원익피앤이(217820) -9.2% (비상손절 -15%)
→ 전종목 HOLD
✅ Discord 전송 완료

[11:00] HOLD | KODEX RSI95/+5.7%⚠️ | 보유:GS(078930) +1.9% 원익피앤(217820) -9.2% | 💸예수금부족 | 최고신호 GS(078930) 3/3개 [하락-1.8% / MA골 / 호가2.0]
💰 예수금 4,156원 | KODEX200 RSI95/+5.5% 과열⚠️ | 매수기준 3개↑
📦 보유 GS(078930) 1주 +1.9%
📦 보유 원익피앤이(217820) 6주 -8.9% 🔴스탑로스임박

코드      종목명           가격    RSI     변화율    거래량     BB   호가비  B/S
────────────────────────────────────────────────────────────────────────
[2단계 분석 대상: 078930, 217820, 068270, 079550, 000270, 035720, 207940]
⛔ 아우토크립트(137040) 호가 없음 (거래정지 의심)
078930  GS        78,300   63.7    -1.4%    0.5x     중간  1.46  3/0
217820  원익피앤이      3,730   57.2    -1.6%    0.6x     중간  0.97  2/0
⛔ 금양(001570) 호가 없음 (거래정지 의심)

══════════════════════════════════════════════════
⚠️  손실 주의 원익피앤이(217820) -8.9% (비상손절 -15%)
→ 전종목 HOLD
✅ Discord 전송 완료

[11:02] HOLD | KODEX RSI95/+5.5%⚠️ | 보유:GS(078930) +1.9% 원익피앤(217820) -8.9% | 💸예수금부족 | 최고신호 GS(078930) 3/3개 [하락-1.4% / MA골 / 호가1.5]
💰 예수금 4,156원 | KODEX200 RSI95/+5.6% 과열⚠️ | 매수기준 3개↑
📦 보유 GS(078930) 1주 +1.7%
📦 보유 원익피앤이(217820) 6주 -8.8% 🔴스탑로스임박

코드      종목명           가격    RSI     변화율    거래량     BB   호가비  B/S
────────────────────────────────────────────────────────────────────────
[2단계 분석 대상: 078930, 217820, 068270, 000270, 012450, 035720, 207940]
⛔ 아우토크립트(137040) 호가 없음 (거래정지 의심)
078930  GS        78,100   63.4    -1.5%    0.5x     중간  2.52  3/0
217820  원익피앤이      3,735   57.5    -1.3%    0.6x     중간  2.60  3/0
⛔ 금양(001570) 호가 없음 (거래정지 의심)

══════════════════════════════════════════════════
⚠️  손실 주의 원익피앤이(217820) -8.8% (비상손절 -15%)
→ 전종목 HOLD
✅ Discord 전송 완료

[11:04] HOLD | KODEX RSI95/+5.6%⚠️ | 보유:GS(078930) +1.7% 원익피앤(217820) -8.8% | 💸예수금부족 | 최고신호 GS(078930) 3/3개 [하락-1.5% / MA골 / 호가2.5]
💰 예수금 4,156원 | KODEX200 RSI95/+5.5% 과열⚠️ | 매수기준 3개↑
📦 보유 GS(078930) 1주 +1.9%
📦 보유 원익피앤이(217820) 6주 -8.6% 🔴스탑로스임박

코드      종목명           가격    RSI     변화율    거래량     BB   호가비  B/S
────────────────────────────────────────────────────────────────────────
[2단계 분석 대상: 078930, 217820, 068270, 066970, 207940, 035720, 012450]
⛔ 아우토크립트(137040) 호가 없음 (거래정지 의심)
078930  GS        78,300   63.1    -1.6%    0.5x     중간  0.84  2/0
217820  원익피앤이      3,745   57.7    -1.2%    0.6x     중간  1.23  3/0
⛔ 금양(001570) 호가 없음 (거래정지 의심)

══════════════════════════════════════════════════
⚠️  손실 주의 원익피앤이(217820) -8.6% (비상손절 -15%)
→ 전종목 HOLD
✅ Discord 전송 완료

[11:06] HOLD | KODEX RSI95/+5.5%⚠️ | 보유:GS(078930) +1.9% 원익피앤(217820) -8.6% | 💸예수금부족 | 최고신호 원익피앤이(217820) 3/3개 [하락-1.2% / MA골 / 호가1.2]
💰 예수금 4,156원 | KODEX200 RSI95/+5.4% 과열⚠️ | 매수기준 3개↑
📦 보유 GS(078930) 1주 +1.6%
📦 보유 원익피앤이(217820) 6주 -8.4% 🔴스탑로스임박

코드      종목명           가격    RSI     변화율    거래량     BB   호가비  B/S
────────────────────────────────────────────────────────────────────────
[2단계 분석 대상: 078930, 217820, 068270, 066970, 207940, 035720, 034020]
⛔ 아우토크립트(137040) 호가 없음 (거래정지 의심)
078930  GS        78,200   62.9    -1.8%    0.5x     중간  1.29  3/0
217820  원익피앤이      3,750   57.7    -1.2%    0.6x     중간  2.11  3/0
⛔ 금양(001570) 호가 없음 (거래정지 의심)

══════════════════════════════════════════════════
⚠️  손실 주의 원익피앤이(217820) -8.4% (비상손절 -15%)
→ 전종목 HOLD
✅ Discord 전송 완료

[11:08] HOLD | KODEX RSI95/+5.4%⚠️ | 보유:GS(078930) +1.6% 원익피앤(217820) -8.4% | 💸예수금부족 | 최고신호 GS(078930) 3/3개 [하락-1.8% / MA골 / 호가1.3]
💰 예수금 4,156원 | KODEX200 RSI95/+5.3% 과열⚠️ | 매수기준 3개↑
📦 보유 GS(078930) 1주 +1.6%
📦 보유 원익피앤이(217820) 6주 -8.4% 🔴스탑로스임박

코드      종목명           가격    RSI     변화율    거래량     BB   호가비  B/S
────────────────────────────────────────────────────────────────────────
[2단계 분석 대상: 078930, 217820, 068270, 207940, 066970, 035720, 056080]
⛔ 아우토크립트(137040) 호가 없음 (거래정지 의심)
078930  GS        78,200   63.1    -1.6%    0.5x     중간  1.34  3/0
217820  원익피앤이      3,750   57.8    -1.1%    0.6x     중간  1.51  3/0
⛔ 금양(001570) 호가 없음 (거래정지 의심)

══════════════════════════════════════════════════
⚠️  손실 주의 원익피앤이(217820) -8.4% (비상손절 -15%)
→ 전종목 HOLD
✅ Discord 전송 완료

[11:10] HOLD | KODEX RSI95/+5.3%⚠️ | 보유:GS(078930) +1.6% 원익피앤(217820) -8.4% | 💸예수금부족 | 최고신호 GS(078930) 3/3개 [하락-1.6% / MA골 / 호가1.3]
💰 예수금 4,155원 | KODEX200 RSI95/+5.5% 과열⚠️ | 매수기준 3개↑
📦 보유 GS(078930) 1주 +1.7%
📦 보유 원익피앤이(217820) 6주 -8.3% 🔴스탑로스임박

코드      종목명           가격    RSI     변화율    거래량     BB   호가비  B/S
────────────────────────────────────────────────────────────────────────
[2단계 분석 대상: 078930, 217820, 066970, 068270, 207940, 056080, 034020]
⛔ 아우토크립트(137040) 호가 없음 (거래정지 의심)
078930  GS        78,400   63.7    -1.4%    0.5x     중간  0.68  2/0
217820  원익피앤이      3,750   57.8    -1.1%    0.6x     중간  1.72  3/0
⛔ 금양(001570) 호가 없음 (거래정지 의심)

══════════════════════════════════════════════════
⚠️  손실 주의 원익피앤이(217820) -8.3% (비상손절 -15%)
→ 전종목 HOLD
✅ Discord 전송 완료

[11:12] HOLD | KODEX RSI95/+5.5%⚠️ | 보유:GS(078930) +1.7% 원익피앤(217820) -8.3% | 💸예수금부족 | 최고신호 원익피앤이(217820) 3/3개 [하락-1.1% / MA골 / 호가1.7]
💰 예수금 4,156원 | KODEX200 RSI95/+5.3% 과열⚠️ | 매수기준 3개↑
📦 보유 GS(078930) 1주 +1.9%
📦 보유 원익피앤이(217820) 6주 -8.8% 🔴스탑로스임박

코드      종목명           가격    RSI     변화율    거래량     BB   호가비  B/S
────────────────────────────────────────────────────────────────────────
[2단계 분석 대상: 078930, 217820, 068270, 066970, 207940, 034020, 056080]
⛔ 아우토크립트(137040) 호가 없음 (거래정지 의심)
078930  GS        78,200   63.4    -1.5%    0.5x     중간  1.63  3/0
217820  원익피앤이      3,750   57.8    -1.1%    0.7x     중간  2.27  3/0
⛔ 금양(001570) 호가 없음 (거래정지 의심)

══════════════════════════════════════════════════
⚠️  손실 주의 원익피앤이(217820) -8.8% (비상손절 -15%)
→ 전종목 HOLD
✅ Discord 전송 완료

[11:14] HOLD | KODEX RSI95/+5.3%⚠️ | 보유:GS(078930) +1.9% 원익피앤(217820) -8.8% | 💸예수금부족 | 최고신호 GS(078930) 3/3개 [하락-1.5% / MA골 / 호가1.6]
💰 예수금 4,156원 | KODEX200 RSI95/+5.2% 과열⚠️ | 매수기준 3개↑
📦 보유 GS(078930) 1주 +1.6%
📦 보유 원익피앤이(217820) 6주 -8.8% 🔴스탑로스임박

코드      종목명           가격    RSI     변화율    거래량     BB   호가비  B/S
────────────────────────────────────────────────────────────────────────
[2단계 분석 대상: 078930, 217820, 000270, 068270, 066970, 207940, 034020]
⛔ 아우토크립트(137040) 호가 없음 (거래정지 의심)
078930  GS        78,200   63.1    -1.6%    0.5x     중간  1.74  3/0
217820  원익피앤이      3,750   57.8    -1.1%    0.7x     중간  2.11  3/0
⛔ 금양(001570) 호가 없음 (거래정지 의심)

══════════════════════════════════════════════════
⚠️  손실 주의 원익피앤이(217820) -8.8% (비상손절 -15%)
→ 전종목 HOLD
✅ Discord 전송 완료

[11:16] HOLD | KODEX RSI95/+5.2%⚠️ | 보유:GS(078930) +1.6% 원익피앤(217820) -8.8% | 💸예수금부족 | 최고신호 GS(078930) 3/3개 [하락-1.6% / MA골 / 호가1.7]
💰 예수금 4,155원 | KODEX200 RSI95/+5.2% 과열⚠️ | 매수기준 3개↑
📦 보유 GS(078930) 1주 +1.7%
📦 보유 원익피앤이(217820) 6주 -8.3% 🔴스탑로스임박

코드      종목명           가격    RSI     변화율    거래량     BB   호가비  B/S
────────────────────────────────────────────────────────────────────────
[2단계 분석 대상: 078930, 217820, 068270, 207940, 034020, 066970, 015760]
⛔ 아우토크립트(137040) 호가 없음 (거래정지 의심)
078930  GS        78,300   63.4    -1.5%    0.5x     중간  2.02  3/0
217820  원익피앤이      3,750   57.8    -1.1%    0.7x     중간  1.39  3/0
⛔ 금양(001570) 호가 없음 (거래정지 의심)

══════════════════════════════════════════════════
⚠️  손실 주의 원익피앤이(217820) -8.3% (비상손절 -15%)
→ 전종목 HOLD
✅ Discord 전송 완료

[11:18] HOLD | KODEX RSI95/+5.2%⚠️ | 보유:GS(078930) +1.7% 원익피앤(217820) -8.3% | 💸예수금부족 | 최고신호 GS(078930) 3/3개 [하락-1.5% / MA골 / 호가2.0]
💰 예수금 4,155원 | KODEX200 RSI95/+5.1% 과열⚠️ | 매수기준 3개↑
📦 보유 GS(078930) 1주 +1.9%
📦 보유 원익피앤이(217820) 6주 -8.3% 🔴스탑로스임박

코드      종목명           가격    RSI     변화율    거래량     BB   호가비  B/S
────────────────────────────────────────────────────────────────────────
[2단계 분석 대상: 078930, 217820, 068270, 066970, 207940, 015760, 034020]
⛔ 아우토크립트(137040) 호가 없음 (거래정지 의심)
078930  GS        78,300   63.7    -1.4%    0.6x     중간  1.76  3/0
217820  원익피앤이      3,750   57.8    -1.1%    0.7x     중간  1.44  3/0
⛔ 금양(001570) 호가 없음 (거래정지 의심)

══════════════════════════════════════════════════
⚠️  손실 주의 원익피앤이(217820) -8.3% (비상손절 -15%)
→ 전종목 HOLD
✅ Discord 전송 완료

[11:20] HOLD | KODEX RSI95/+5.1%⚠️ | 보유:GS(078930) +1.9% 원익피앤(217820) -8.3% | 💸예수금부족 | 최고신호 GS(078930) 3/3개 [하락-1.4% / MA골 / 호가1.8]
💰 예수금 4,155원 | KODEX200 RSI95/+5.1% 과열⚠️ | 매수기준 3개↑
📦 보유 GS(078930) 1주 +1.9%
📦 보유 원익피앤이(217820) 6주 -8.3% 🔴스탑로스임박

코드      종목명           가격    RSI     변화율    거래량     BB   호가비  B/S
────────────────────────────────────────────────────────────────────────
[2단계 분석 대상: 078930, 217820, 068270, 066970, 035720, 015760, 207940]
⛔ 아우토크립트(137040) 호가 없음 (거래정지 의심)
078930  GS        78,300   63.4    -1.5%    0.6x     중간  0.84  2/0
217820  원익피앤이      3,745   57.7    -1.2%    0.7x     중간  1.23  3/0
⛔ 금양(001570) 호가 없음 (거래정지 의심)

══════════════════════════════════════════════════
⚠️  손실 주의 원익피앤이(217820) -8.3% (비상손절 -15%)
→ 전종목 HOLD
✅ Discord 전송 완료

[11:22] HOLD | KODEX RSI95/+5.1%⚠️ | 보유:GS(078930) +1.9% 원익피앤(217820) -8.3% | 💸예수금부족 | 최고신호 원익피앤이(217820) 3/3개 [하락-1.2% / MA골 / 호가1.2]
💰 예수금 4,156원 | KODEX200 RSI95/+5.2% 과열⚠️ | 매수기준 3개↑
📦 보유 GS(078930) 1주 +1.6%
📦 보유 원익피앤이(217820) 6주 -8.4% 🔴스탑로스임박

코드      종목명           가격    RSI     변화율    거래량     BB   호가비  B/S
────────────────────────────────────────────────────────────────────────
[2단계 분석 대상: 078930, 217820, 068270, 034020, 207940, 056080, 015760]
⛔ 아우토크립트(137040) 호가 없음 (거래정지 의심)
078930  GS        78,200   63.1    -1.6%    0.6x     중간  1.51  3/0
217820  원익피앤이      3,745   57.7    -1.2%    0.7x     중간  1.34  3/0
⛔ 금양(001570) 호가 없음 (거래정지 의심)

══════════════════════════════════════════════════
⚠️  손실 주의 원익피앤이(217820) -8.4% (비상손절 -15%)
→ 전종목 HOLD
✅ Discord 전송 완료

[11:24] HOLD | KODEX RSI95/+5.2%⚠️ | 보유:GS(078930) +1.6% 원익피앤(217820) -8.4% | 💸예수금부족 | 최고신호 GS(078930) 3/3개 [하락-1.6% / MA골 / 호가1.5]
💰 예수금 4,155원 | KODEX200 RSI95/+5.3% 과열⚠️ | 매수기준 3개↑
📦 보유 GS(078930) 1주 +2.0%
📦 보유 원익피앤이(217820) 6주 -8.3% 🔴스탑로스임박

코드      종목명           가격    RSI     변화율    거래량     BB   호가비  B/S
────────────────────────────────────────────────────────────────────────
[2단계 분석 대상: 078930, 217820, 068270, 207940, 056080, 034020, 035720]
⛔ 아우토크립트(137040) 호가 없음 (거래정지 의심)
078930  GS        78,300   63.7    -1.4%    0.6x     중간  0.85  2/0
217820  원익피앤이      3,750   57.8    -1.1%    0.7x     중간  1.24  3/0
⛔ 금양(001570) 호가 없음 (거래정지 의심)

══════════════════════════════════════════════════
⚠️  손실 주의 원익피앤이(217820) -8.3% (비상손절 -15%)
→ 전종목 HOLD
✅ Discord 전송 완료

[11:26] HOLD | KODEX RSI95/+5.3%⚠️ | 보유:GS(078930) +2.0% 원익피앤(217820) -8.3% | 💸예수금부족 | 최고신호 원익피앤이(217820) 3/3개 [하락-1.1% / MA골 / 호가1.2]
💰 예수금 4,155원 | KODEX200 RSI95/+5.4% 과열⚠️ | 매수기준 3개↑
📦 보유 GS(078930) 1주 +1.6%
📦 보유 원익피앤이(217820) 6주 -8.3% 🔴스탑로스임박

코드      종목명           가격    RSI     변화율    거래량     BB   호가비  B/S
────────────────────────────────────────────────────────────────────────
[2단계 분석 대상: 078930, 217820, 068270, 207940, 056080, 034020, 138040]
⛔ 아우토크립트(137040) 호가 없음 (거래정지 의심)
078930  GS        78,400   64.0    -1.3%    0.6x     중간  1.05  2/0
217820  원익피앤이      3,750   57.8    -1.1%    0.7x     중간  1.39  3/0
⛔ 금양(001570) 호가 없음 (거래정지 의심)

══════════════════════════════════════════════════
⚠️  손실 주의 원익피앤이(217820) -8.3% (비상손절 -15%)
→ 전종목 HOLD
✅ Discord 전송 완료

[11:28] HOLD | KODEX RSI95/+5.4%⚠️ | 보유:GS(078930) +1.6% 원익피앤(217820) -8.3% | 💸예수금부족 | 최고신호 원익피앤이(217820) 3/3개 [하락-1.1% / MA골 / 호가1.4]
💰 예수금 4,155원 | KODEX200 RSI95/+5.4% 과열⚠️ | 매수기준 3개↑
📦 보유 GS(078930) 1주 +1.7%
📦 보유 원익피앤이(217820) 6주 -8.3% 🔴스탑로스임박

코드      종목명           가격    RSI     변화율    거래량     BB   호가비  B/S
────────────────────────────────────────────────────────────────────────
[2단계 분석 대상: 078930, 217820, 012450, 068270, 207940, 056080, 034020]
⛔ 아우토크립트(137040) 호가 없음 (거래정지 의심)
078930  GS        78,300   64.2    -1.1%    0.6x     중간  2.03  3/0
217820  원익피앤이      3,750   57.8    -1.1%    0.7x     중간  1.35  3/0
⛔ 금양(001570) 호가 없음 (거래정지 의심)

══════════════════════════════════════════════════
⚠️  손실 주의 원익피앤이(217820) -8.3% (비상손절 -15%)
→ 전종목 HOLD
✅ Discord 전송 완료

[11:30] HOLD | KODEX RSI95/+5.4%⚠️ | 보유:GS(078930) +1.7% 원익피앤(217820) -8.3% | 💸예수금부족 | 최고신호 GS(078930) 3/3개 [하락-1.1% / MA골 / 호가2.0]
💰 예수금 4,155원 | KODEX200 RSI95/+5.4% 과열⚠️ | 매수기준 3개↑
📦 보유 GS(078930) 1주 +1.9%
📦 보유 원익피앤이(217820) 6주 -8.3% 🔴스탑로스임박

코드      종목명           가격    RSI     변화율    거래량     BB   호가비  B/S
────────────────────────────────────────────────────────────────────────
[2단계 분석 대상: 078930, 217820, 034020, 068270, 012450, 207940, 000270]
⛔ 아우토크립트(137040) 호가 없음 (거래정지 의심)
078930  GS        78,300   63.4    -1.5%    0.6x     중간  1.72  3/0
217820  원익피앤이      3,750   57.8    -1.1%    0.7x     중간  0.61  2/0
⛔ 금양(001570) 호가 없음 (거래정지 의심)

══════════════════════════════════════════════════
⚠️  손실 주의 원익피앤이(217820) -8.3% (비상손절 -15%)
→ 전종목 HOLD
✅ Discord 전송 완료

[11:32] HOLD | KODEX RSI95/+5.4%⚠️ | 보유:GS(078930) +1.9% 원익피앤(217820) -8.3% | 💸예수금부족 | 최고신호 GS(078930) 3/3개 [하락-1.5% / MA골 / 호가1.7]
💰 예수금 4,155원 | KODEX200 RSI95/+5.0% 과열⚠️ | 매수기준 3개↑
📦 보유 GS(078930) 1주 +1.5%
📦 보유 원익피앤이(217820) 6주 -8.3% 🔴스탑로스임박

코드      종목명           가격    RSI     변화율    거래량     BB   호가비  B/S
────────────────────────────────────────────────────────────────────────
[2단계 분석 대상: 078930, 217820, 035720, 034020, 207940, 015760, 068270]
⛔ 아우토크립트(137040) 호가 없음 (거래정지 의심)
078930  GS        78,100   62.9    -1.8%    0.6x     중간  1.82  3/0
217820  원익피앤이      3,745   57.7    -1.2%    0.7x     중간  0.63  2/0
⛔ 금양(001570) 호가 없음 (거래정지 의심)

══════════════════════════════════════════════════
⚠️  손실 주의 원익피앤이(217820) -8.3% (비상손절 -15%)
→ 전종목 HOLD
✅ Discord 전송 완료

[11:34] HOLD | KODEX RSI95/+5.0%⚠️ | 보유:GS(078930) +1.5% 원익피앤(217820) -8.3% | 💸예수금부족 | 최고신호 GS(078930) 3/3개 [하락-1.8% / MA골 / 호가1.8]
💰 예수금 4,156원 | KODEX200 RSI95/+5.1% 과열⚠️ | 매수기준 3개↑
📦 보유 GS(078930) 1주 +1.6%
📦 보유 원익피앤이(217820) 6주 -8.5% 🔴스탑로스임박

코드      종목명           가격    RSI     변화율    거래량     BB   호가비  B/S
────────────────────────────────────────────────────────────────────────
[2단계 분석 대상: 078930, 217820, 034020, 000270, 000660, 015760, 066970]
⛔ 아우토크립트(137040) 호가 없음 (거래정지 의심)
078930  GS        78,200   63.1    -1.6%    0.6x     중간  1.82  3/0
217820  원익피앤이      3,740   57.5    -1.3%    0.7x     중간  0.64  2/0
⛔ 금양(001570) 호가 없음 (거래정지 의심)

══════════════════════════════════════════════════
⚠️  손실 주의 원익피앤이(217820) -8.5% (비상손절 -15%)
→ 전종목 HOLD
✅ Discord 전송 완료

[11:36] HOLD | KODEX RSI95/+5.1%⚠️ | 보유:GS(078930) +1.6% 원익피앤(217820) -8.5% | 💸예수금부족 | 최고신호 GS(078930) 3/3개 [하락-1.6% / MA골 / 호가1.8]
💰 예수금 4,156원 | KODEX200 RSI95/+5.0% 과열⚠️ | 매수기준 3개↑
📦 보유 GS(078930) 1주 +1.7%
📦 보유 원익피앤이(217820) 6주 -8.5% 🔴스탑로스임박

코드      종목명           가격    RSI     변화율    거래량     BB   호가비  B/S
────────────────────────────────────────────────────────────────────────
[2단계 분석 대상: 078930, 217820, 000660, 000270, 034020, 015760, 068270]
⛔ 아우토크립트(137040) 호가 없음 (거래정지 의심)
078930  GS        78,100   62.9    -1.8%    0.6x     중간  1.90  3/0
217820  원익피앤이      3,740   57.5    -1.3%    0.7x     중간  0.55  2/0
⛔ 금양(001570) 호가 없음 (거래정지 의심)

══════════════════════════════════════════════════
⚠️  손실 주의 원익피앤이(217820) -8.5% (비상손절 -15%)
→ 전종목 HOLD
✅ Discord 전송 완료

[11:38] HOLD | KODEX RSI95/+5.0%⚠️ | 보유:GS(078930) +1.7% 원익피앤(217820) -8.5% | 💸예수금부족 | 최고신호 GS(078930) 3/3개 [하락-1.8% / MA골 / 호가1.9]
💰 예수금 4,156원 | KODEX200 RSI95/+5.1% 과열⚠️ | 매수기준 3개↑
📦 보유 GS(078930) 1주 +1.6%
📦 보유 원익피앤이(217820) 6주 -8.5% 🔴스탑로스임박

코드      종목명           가격    RSI     변화율    거래량     BB   호가비  B/S
────────────────────────────────────────────────────────────────────────
[2단계 분석 대상: 078930, 217820, 000270, 207940, 034020, 015760, 138040]
⛔ 아우토크립트(137040) 호가 없음 (거래정지 의심)
078930  GS        78,200   63.4    -1.5%    0.6x     중간  2.47  3/0
217820  원익피앤이      3,740   57.4    -1.4%    0.7x     중간  0.51  2/0
⛔ 금양(001570) 호가 없음 (거래정지 의심)

══════════════════════════════════════════════════
⚠️  손실 주의 원익피앤이(217820) -8.5% (비상손절 -15%)
→ 전종목 HOLD
✅ Discord 전송 완료

[11:40] HOLD | KODEX RSI95/+5.1%⚠️ | 보유:GS(078930) +1.6% 원익피앤(217820) -8.5% | 💸예수금부족 | 최고신호 GS(078930) 3/3개 [하락-1.5% / MA골 / 호가2.5]
💰 예수금 4,158원 | KODEX200 RSI95/+4.8% 과열⚠️ | 매수기준 3개↑
📦 보유 GS(078930) 1주 +1.3%
📦 보유 원익피앤이(217820) 6주 -8.6% 🔴스탑로스임박

코드      종목명           가격    RSI     변화율    거래량     BB   호가비  B/S
────────────────────────────────────────────────────────────────────────
[2단계 분석 대상: 078930, 217820, 003670, 034020, 207940, 000660, 015760]
⛔ 아우토크립트(137040) 호가 없음 (거래정지 의심)
078930  GS        78,000   62.6    -1.9%    0.6x     중간  1.57  3/0
217820  원익피앤이      3,735   57.4    -1.4%    0.7x     중간  0.42  2/0
⛔ 금양(001570) 호가 없음 (거래정지 의심)

══════════════════════════════════════════════════
⚠️  손실 주의 원익피앤이(217820) -8.6% (비상손절 -15%)
→ 전종목 HOLD
✅ Discord 전송 완료

[11:42] HOLD | KODEX RSI95/+4.8%⚠️ | 보유:GS(078930) +1.3% 원익피앤(217820) -8.6% | 💸예수금부족 | 최고신호 GS(078930) 3/3개 [하락-1.9% / MA골 / 호가1.6]
💰 예수금 4,158원 | KODEX200 RSI95/+5.0% 과열⚠️ | 매수기준 3개↑
📦 보유 GS(078930) 1주 +1.3%
📦 보유 원익피앤이(217820) 6주 -8.5% 🔴스탑로스임박

코드      종목명           가격    RSI     변화율    거래량     BB   호가비  B/S
────────────────────────────────────────────────────────────────────────
[2단계 분석 대상: 078930, 217820, 207940, 034020, 015760, 012450, 000270]
⛔ 아우토크립트(137040) 호가 없음 (거래정지 의심)
078930  GS        78,000   62.6    -1.9%    0.6x     중간  1.59  3/0
217820  원익피앤이      3,740   57.5    -1.3%    0.7x     중간  0.42  2/0
⛔ 금양(001570) 호가 없음 (거래정지 의심)

══════════════════════════════════════════════════
⚠️  손실 주의 원익피앤이(217820) -8.5% (비상손절 -15%)
→ 전종목 HOLD
✅ Discord 전송 완료

[11:44] HOLD | KODEX RSI95/+5.0%⚠️ | 보유:GS(078930) +1.3% 원익피앤(217820) -8.5% | 💸예수금부족 | 최고신호 GS(078930) 3/3개 [하락-1.9% / MA골 / 호가1.6]
💰 예수금 4,156원 | KODEX200 RSI95/+5.0% 과열⚠️ | 매수기준 3개↑
📦 보유 GS(078930) 1주 +1.6%
📦 보유 원익피앤이(217820) 6주 -8.5% 🔴스탑로스임박

코드      종목명           가격    RSI     변화율    거래량     BB   호가비  B/S
────────────────────────────────────────────────────────────────────────
[2단계 분석 대상: 078930, 217820, 066970, 207940, 034020, 000270, 015760]
⛔ 아우토크립트(137040) 호가 없음 (거래정지 의심)
078930  GS        78,000   63.1    -1.6%    0.6x     중간  1.66  3/0
217820  원익피앤이      3,735   57.4    -1.4%    0.7x     중간  0.38  2/0
⛔ 금양(001570) 호가 없음 (거래정지 의심)

══════════════════════════════════════════════════
⚠️  손실 주의 원익피앤이(217820) -8.5% (비상손절 -15%)
→ 전종목 HOLD
✅ Discord 전송 완료

[11:46] HOLD | KODEX RSI95/+5.0%⚠️ | 보유:GS(078930) +1.6% 원익피앤(217820) -8.5% | 💸예수금부족 | 최고신호 GS(078930) 3/3개 [하락-1.6% / MA골 / 호가1.7]
💰 예수금 4,156원 | KODEX200 RSI95/+4.8% 과열⚠️ | 매수기준 3개↑
📦 보유 GS(078930) 1주 +1.6%
📦 보유 원익피앤이(217820) 6주 -8.6% 🔴스탑로스임박

코드      종목명           가격    RSI     변화율    거래량     BB   호가비  B/S
────────────────────────────────────────────────────────────────────────
[2단계 분석 대상: 078930, 217820, 207940, 034020, 000270, 015760, 138040]
⛔ 아우토크립트(137040) 호가 없음 (거래정지 의심)
078930  GS        78,100   62.9    -1.8%    0.6x     중간  1.93  3/0
217820  원익피앤이      3,735   57.1    -1.7%    0.7x     중간  0.45  2/0
⛔ 금양(001570) 호가 없음 (거래정지 의심)

══════════════════════════════════════════════════
⚠️  손실 주의 원익피앤이(217820) -8.6% (비상손절 -15%)
→ 전종목 HOLD
✅ Discord 전송 완료

[11:48] HOLD | KODEX RSI95/+4.8%⚠️ | 보유:GS(078930) +1.6% 원익피앤(217820) -8.6% | 💸예수금부족 | 최고신호 GS(078930) 3/3개 [하락-1.8% / MA골 / 호가1.9]
💰 예수금 4,156원 | KODEX200 RSI95/+4.8% 과열⚠️ | 매수기준 3개↑
📦 보유 GS(078930) 1주 +1.6%
📦 보유 원익피앤이(217820) 6주 -8.6% 🔴스탑로스임박

코드      종목명           가격    RSI     변화율    거래량     BB   호가비  B/S
────────────────────────────────────────────────────────────────────────
[2단계 분석 대상: 078930, 217820, 034020, 207940, 015760, 000270, 003670]
⛔ 아우토크립트(137040) 호가 없음 (거래정지 의심)
078930  GS        78,200   63.1    -1.6%    0.6x     중간  2.08  3/0
217820  원익피앤이      3,740   57.5    -1.3%    0.7x     중간  0.45  2/0
⛔ 금양(001570) 호가 없음 (거래정지 의심)

══════════════════════════════════════════════════
⚠️  손실 주의 원익피앤이(217820) -8.6% (비상손절 -15%)
→ 전종목 HOLD
✅ Discord 전송 완료

[11:50] HOLD | KODEX RSI95/+4.8%⚠️ | 보유:GS(078930) +1.6% 원익피앤(217820) -8.6% | 💸예수금부족 | 최고신호 GS(078930) 3/3개 [하락-1.6% / MA골 / 호가2.1]
💰 예수금 4,156원 | KODEX200 RSI95/+4.8% 과열⚠️ | 매수기준 3개↑
📦 보유 GS(078930) 1주 +1.6%
📦 보유 원익피앤이(217820) 6주 -8.6% 🔴스탑로스임박

코드      종목명           가격    RSI     변화율    거래량     BB   호가비  B/S
────────────────────────────────────────────────────────────────────────
[2단계 분석 대상: 078930, 217820, 034020, 015760, 003670, 035720, 207940]
⛔ 아우토크립트(137040) 호가 없음 (거래정지 의심)
078930  GS        78,200   63.1    -1.6%    0.6x     중간  2.43  3/0
217820  원익피앤이      3,740   57.5    -1.3%    0.7x     중간  0.46  2/0
⛔ 금양(001570) 호가 없음 (거래정지 의심)

══════════════════════════════════════════════════
⚠️  손실 주의 원익피앤이(217820) -8.6% (비상손절 -15%)
→ 전종목 HOLD
✅ Discord 전송 완료

[11:52] HOLD | KODEX RSI95/+4.8%⚠️ | 보유:GS(078930) +1.6% 원익피앤(217820) -8.6% | 💸예수금부족 | 최고신호 GS(078930) 3/3개 [하락-1.6% / MA골 / 호가2.4]
💰 예수금 4,156원 | KODEX200 RSI95/+5.0% 과열⚠️ | 매수기준 3개↑
📦 보유 GS(078930) 1주 +1.7%
📦 보유 원익피앤이(217820) 6주 -8.8% 🔴스탑로스임박

코드      종목명           가격    RSI     변화율    거래량     BB   호가비  B/S
────────────────────────────────────────────────────────────────────────
[2단계 분석 대상: 078930, 217820, 034020, 015760, 207940, 247540, 003670]
⛔ 아우토크립트(137040) 호가 없음 (거래정지 의심)
078930  GS        78,200   63.7    -1.4%    0.6x     중간  1.88  3/0
217820  원익피앤이      3,735   57.4    -1.4%    0.7x     중간  0.55  2/0
⛔ 금양(001570) 호가 없음 (거래정지 의심)

══════════════════════════════════════════════════
⚠️  손실 주의 원익피앤이(217820) -8.8% (비상손절 -15%)
→ 전종목 HOLD
✅ Discord 전송 완료

[11:54] HOLD | KODEX RSI95/+5.0%⚠️ | 보유:GS(078930) +1.7% 원익피앤(217820) -8.8% | 💸예수금부족 | 최고신호 GS(078930) 3/3개 [하락-1.4% / MA골 / 호가1.9]
💰 예수금 4,156원 | KODEX200 RSI95/+4.9% 과열⚠️ | 매수기준 3개↑
📦 보유 GS(078930) 1주 +1.7%
📦 보유 원익피앤이(217820) 6주 -8.6% 🔴스탑로스임박

코드      종목명           가격    RSI     변화율    거래량     BB   호가비  B/S
────────────────────────────────────────────────────────────────────────
[2단계 분석 대상: 078930, 217820, 034020, 015760, 207940, 003670, 247540]
⛔ 아우토크립트(137040) 호가 없음 (거래정지 의심)
078930  GS        78,100   62.9    -1.8%    0.6x     중간  2.16  3/0
217820  원익피앤이      3,735   57.4    -1.4%    0.7x     중간  0.47  2/0
⛔ 금양(001570) 호가 없음 (거래정지 의심)

══════════════════════════════════════════════════
⚠️  손실 주의 원익피앤이(217820) -8.6% (비상손절 -15%)
→ 전종목 HOLD
✅ Discord 전송 완료

[11:56] HOLD | KODEX RSI95/+4.9%⚠️ | 보유:GS(078930) +1.7% 원익피앤(217820) -8.6% | 💸예수금부족 | 최고신호 GS(078930) 3/3개 [하락-1.8% / MA골 / 호가2.2]
💰 예수금 4,156원 | KODEX200 RSI95/+4.8% 과열⚠️ | 매수기준 3개↑
📦 보유 GS(078930) 1주 +1.6%
📦 보유 원익피앤이(217820) 6주 -8.6% 🔴스탑로스임박

코드      종목명           가격    RSI     변화율    거래량     BB   호가비  B/S
────────────────────────────────────────────────────────────────────────
[2단계 분석 대상: 078930, 217820, 034020, 066970, 015760, 207940, 068270]
⛔ 아우토크립트(137040) 호가 없음 (거래정지 의심)
078930  GS        78,100   62.9    -1.8%    0.6x     중간  2.06  3/0
217820  원익피앤이      3,730   57.2    -1.6%    0.7x     중간  0.71  2/0
⛔ 금양(001570) 호가 없음 (거래정지 의심)

══════════════════════════════════════════════════
⚠️  손실 주의 원익피앤이(217820) -8.6% (비상손절 -15%)
→ 전종목 HOLD
✅ Discord 전송 완료

[11:58] HOLD | KODEX RSI95/+4.8%⚠️ | 보유:GS(078930) +1.6% 원익피앤(217820) -8.6% | 💸예수금부족 | 최고신호 GS(078930) 3/3개 [하락-1.8% / MA골 / 호가2.1]
💰 예수금 4,156원 | KODEX200 RSI95/+4.8% 과열⚠️ | 매수기준 3개↑
📦 보유 GS(078930) 1주 +1.5%
📦 보유 원익피앤이(217820) 6주 -9.1% 🔴스탑로스임박

코드      종목명           가격    RSI     변화율    거래량     BB   호가비  B/S
────────────────────────────────────────────────────────────────────────
[2단계 분석 대상: 078930, 217820, 034020, 066970, 207940, 015760, 003670]
⛔ 아우토크립트(137040) 호가 없음 (거래정지 의심)
078930  GS        78,100   62.9    -1.8%    0.6x     중간  2.02  3/0
217820  원익피앤이      3,730   56.7    -2.1%    0.7x     중간  1.60  3/0
⛔ 금양(001570) 호가 없음 (거래정지 의심)

══════════════════════════════════════════════════
⚠️  손실 주의 원익피앤이(217820) -9.1% (비상손절 -15%)
→ 전종목 HOLD
✅ Discord 전송 완료

[12:00] HOLD | KODEX RSI95/+4.8%⚠️ | 보유:GS(078930) +1.5% 원익피앤(217820) -9.1% | 💸예수금부족 | 최고신호 GS(078930) 3/3개 [하락-1.8% / MA골 / 호가2.0]
💰 예수금 4,156원 | KODEX200 RSI95/+4.7% 과열⚠️ | 매수기준 3개↑
📦 보유 GS(078930) 1주 +1.9%
📦 보유 원익피앤이(217820) 6주 -8.8% 🔴스탑로스임박

코드      종목명           가격    RSI     변화율    거래량     BB   호가비  B/S
────────────────────────────────────────────────────────────────────────
[2단계 분석 대상: 078930, 217820, 066970, 034020, 207940, 015760, 003670]
⛔ 아우토크립트(137040) 호가 없음 (거래정지 의심)
078930  GS        78,300   63.7    -1.4%    0.6x     중간  2.67  3/0
217820  원익피앤이      3,735   57.4    -1.4%    0.7x     중간  1.47  3/0
⛔ 금양(001570) 호가 없음 (거래정지 의심)

══════════════════════════════════════════════════
⚠️  손실 주의 원익피앤이(217820) -8.8% (비상손절 -15%)
→ 전종목 HOLD
✅ Discord 전송 완료

[12:02] HOLD | KODEX RSI95/+4.7%⚠️ | 보유:GS(078930) +1.9% 원익피앤(217820) -8.8% | 💸예수금부족 | 최고신호 GS(078930) 3/3개 [하락-1.4% / MA골 / 호가2.7]
💰 예수금 4,156원 | KODEX200 RSI95/+4.9% 과열⚠️ | 매수기준 3개↑
📦 보유 GS(078930) 1주 +1.7%
📦 보유 원익피앤이(217820) 6주 -8.6% 🔴스탑로스임박

코드      종목명           가격    RSI     변화율    거래량     BB   호가비  B/S
────────────────────────────────────────────────────────────────────────
[2단계 분석 대상: 078930, 217820, 066970, 034020, 207940, 015760, 003670]
⛔ 아우토크립트(137040) 호가 없음 (거래정지 의심)
078930  GS        78,300   63.4    -1.5%    0.6x     중간  3.00  3/0
217820  원익피앤이      3,735   57.4    -1.4%    0.7x     중간  1.41  3/0
⛔ 금양(001570) 호가 없음 (거래정지 의심)

══════════════════════════════════════════════════
⚠️  손실 주의 원익피앤이(217820) -8.6% (비상손절 -15%)
→ 전종목 HOLD
✅ Discord 전송 완료

[12:04] HOLD | KODEX RSI95/+4.9%⚠️ | 보유:GS(078930) +1.7% 원익피앤(217820) -8.6% | 💸예수금부족 | 최고신호 GS(078930) 3/3개 [하락-1.5% / MA골 / 호가3.0]
💰 예수금 4,156원 | KODEX200 RSI95/+4.6% 과열⚠️ | 매수기준 3개↑
📦 보유 GS(078930) 1주 +2.1%
📦 보유 원익피앤이(217820) 6주 -8.6% 🔴스탑로스임박

코드      종목명           가격    RSI     변화율    거래량     BB   호가비  B/S
────────────────────────────────────────────────────────────────────────
[2단계 분석 대상: 078930, 217820, 066970, 034020, 207940, 068270, 015760]
⛔ 아우토크립트(137040) 호가 없음 (거래정지 의심)
078930  GS        78,300   63.7    -1.4%    0.6x     중간  1.38  3/0
217820  원익피앤이      3,740   57.4    -1.4%    0.7x     중간  1.12  2/0
⛔ 금양(001570) 호가 없음 (거래정지 의심)

══════════════════════════════════════════════════
⚠️  손실 주의 원익피앤이(217820) -8.6% (비상손절 -15%)
→ 전종목 HOLD
✅ Discord 전송 완료

[12:06] HOLD | KODEX RSI95/+4.6%⚠️ | 보유:GS(078930) +2.1% 원익피앤(217820) -8.6% | 💸예수금부족 | 최고신호 GS(078930) 3/3개 [하락-1.4% / MA골 / 호가1.4]
💰 예수금 4,156원 | KODEX200 RSI95/+4.5% 과열⚠️ | 매수기준 3개↑
📦 보유 GS(078930) 1주 +1.9%
📦 보유 원익피앤이(217820) 6주 -8.8% 🔴스탑로스임박

코드      종목명           가격    RSI     변화율    거래량     BB   호가비  B/S
────────────────────────────────────────────────────────────────────────
[2단계 분석 대상: 078930, 217820, 066970, 034020, 003670, 015760, 000660]
⛔ 아우토크립트(137040) 호가 없음 (거래정지 의심)
078930  GS        78,400   64.0    -1.3%    0.6x     중간  1.25  3/0
217820  원익피앤이      3,740   57.5    -1.3%    0.7x     중간  0.55  2/0
⛔ 금양(001570) 호가 없음 (거래정지 의심)

══════════════════════════════════════════════════
⚠️  손실 주의 원익피앤이(217820) -8.8% (비상손절 -15%)
→ 전종목 HOLD
✅ Discord 전송 완료

[12:08] HOLD | KODEX RSI95/+4.5%⚠️ | 보유:GS(078930) +1.9% 원익피앤(217820) -8.8% | 💸예수금부족 | 최고신호 GS(078930) 3/3개 [하락-1.3% / MA골 / 호가1.2]
💰 예수금 4,156원 | KODEX200 RSI95/+4.8% 과열⚠️ | 매수기준 3개↑
📦 보유 GS(078930) 1주 +2.2%
📦 보유 원익피앤이(217820) 6주 -8.6% 🔴스탑로스임박

코드      종목명           가격    RSI     변화율    거래량     BB   호가비  B/S
────────────────────────────────────────────────────────────────────────
[2단계 분석 대상: 078930, 217820, 034020, 015760, 068270, 003670, 247540]
⛔ 아우토크립트(137040) 호가 없음 (거래정지 의심)
078930  GS        78,400   63.4    -1.5%    0.6x     중간  1.75  3/0
217820  원익피앤이      3,735   57.4    -1.4%    0.7x     중간  0.65  2/0
⛔ 금양(001570) 호가 없음 (거래정지 의심)

══════════════════════════════════════════════════
⚠️  손실 주의 원익피앤이(217820) -8.6% (비상손절 -15%)
→ 전종목 HOLD
✅ Discord 전송 완료

[12:10] HOLD | KODEX RSI95/+4.8%⚠️ | 보유:GS(078930) +2.2% 원익피앤(217820) -8.6% | 💸예수금부족 | 최고신호 GS(078930) 3/3개 [하락-1.5% / MA골 / 호가1.8]
💰 예수금 4,155원 | KODEX200 RSI95/+4.8% 과열⚠️ | 매수기준 3개↑
📦 보유 GS(078930) 1주 +1.7%
📦 보유 원익피앤이(217820) 6주 -8.3% 🔴스탑로스임박

코드      종목명           가격    RSI     변화율    거래량     BB   호가비  B/S
────────────────────────────────────────────────────────────────────────
[2단계 분석 대상: 078930, 217820, 034020, 207940, 015760, 003670, 068270]
⛔ 아우토크립트(137040) 호가 없음 (거래정지 의심)
078930  GS        78,200   63.1    -1.6%    0.6x     중간  1.46  3/0
217820  원익피앤이      3,755   57.8    -1.1%    0.7x     중간  1.82  3/0
⛔ 금양(001570) 호가 없음 (거래정지 의심)

══════════════════════════════════════════════════
⚠️  손실 주의 원익피앤이(217820) -8.3% (비상손절 -15%)
→ 전종목 HOLD
✅ Discord 전송 완료

[12:12] HOLD | KODEX RSI95/+4.8%⚠️ | 보유:GS(078930) +1.7% 원익피앤(217820) -8.3% | 💸예수금부족 | 최고신호 GS(078930) 3/3개 [하락-1.6% / MA골 / 호가1.5]
💰 예수금 4,155원 | KODEX200 RSI95/+5.0% 과열⚠️ | 매수기준 3개↑
📦 보유 GS(078930) 1주 +1.6%
📦 보유 원익피앤이(217820) 6주 -7.4% 🔴스탑로스임박

코드      종목명           가격    RSI     변화율    거래량     BB   호가비  B/S
────────────────────────────────────────────────────────────────────────
[2단계 분석 대상: 078930, 217820, 207940, 034020, 068270, 003670, 247540]
⛔ 아우토크립트(137040) 호가 없음 (거래정지 의심)
078930  GS        78,100   62.9    -1.8%    0.6x     중간  2.27  3/0
217820  원익피앤이      3,790   58.2    -0.7%    0.7x     중간  1.95  2/0
⛔ 금양(001570) 호가 없음 (거래정지 의심)

══════════════════════════════════════════════════
→ 전종목 HOLD
✅ Discord 전송 완료

[12:14] HOLD | KODEX RSI95/+5.0%⚠️ | 보유:GS(078930) +1.6% 원익피앤(217820) -7.4% | 💸예수금부족 | 최고신호 GS(078930) 3/3개 [하락-1.8% / MA골 / 호가2.3]
💰 예수금 4,155원 | KODEX200 RSI95/+5.0% 과열⚠️ | 매수기준 3개↑
📦 보유 GS(078930) 1주 +1.6%
📦 보유 원익피앤이(217820) 6주 -7.5% 🔴스탑로스임박

코드      종목명           가격    RSI     변화율    거래량     BB   호가비  B/S
────────────────────────────────────────────────────────────────────────
[2단계 분석 대상: 078930, 217820, 207940, 034020, 068270, 015760, 247540]
⛔ 아우토크립트(137040) 호가 없음 (거래정지 의심)
078930  GS        78,000   62.6    -1.9%    0.6x     중간  2.21  3/0
217820  원익피앤이      3,780   58.1    -0.8%    0.7x     중간  0.85  1/0
⛔ 금양(001570) 호가 없음 (거래정지 의심)

══════════════════════════════════════════════════
→ 전종목 HOLD
✅ Discord 전송 완료

[12:16] HOLD | KODEX RSI95/+5.0%⚠️ | 보유:GS(078930) +1.6% 원익피앤(217820) -7.5% | 💸예수금부족 | 최고신호 GS(078930) 3/3개 [하락-1.9% / MA골 / 호가2.2]
💰 예수금 4,157원 | KODEX200 RSI95/+4.8% 과열⚠️ | 매수기준 3개↑
📦 보유 GS(078930) 1주 +1.1%
📦 보유 원익피앤이(217820) 6주 -8.2% 🔴스탑로스임박

코드      종목명           가격    RSI     변화율    거래량     BB   호가비  B/S
────────────────────────────────────────────────────────────────────────
[2단계 분석 대상: 078930, 217820, 207940, 003670, 034020, 068270, 015760]
⛔ 아우토크립트(137040) 호가 없음 (거래정지 의심)
078930  GS        77,600   61.6    -2.4%    0.7x     중간  0.71  2/0
217820  원익피앤이      3,765   58.2    -0.7%    0.7x     중간  1.58  2/0
⛔ 금양(001570) 호가 없음 (거래정지 의심)

══════════════════════════════════════════════════
⚠️  손실 주의 원익피앤이(217820) -8.2% (비상손절 -15%)
→ 전종목 HOLD
✅ Discord 전송 완료

[12:18] HOLD | KODEX RSI95/+4.8%⚠️ | 보유:GS(078930) +1.1% 원익피앤(217820) -8.2% | 💸예수금부족 | 최고신호 GS(078930) 2/3개 [하락-2.4% / MA골]
💰 예수금 4,157원 | KODEX200 RSI95/+5.0% 과열⚠️ | 매수기준 3개↑
📦 보유 GS(078930) 1주 +1.1%
📦 보유 원익피앤이(217820) 6주 -7.9% 🔴스탑로스임박

코드      종목명           가격    RSI     변화율    거래량     BB   호가비  B/S
────────────────────────────────────────────────────────────────────────
[2단계 분석 대상: 078930, 217820, 207940, 034020, 068270, 003670, 015760]
⛔ 아우토크립트(137040) 호가 없음 (거래정지 의심)
078930  GS        77,700   61.8    -2.3%    0.7x     중간  2.29  3/0
217820  원익피앤이      3,765   58.2    -0.7%    0.7x     중간  1.51  2/0
⛔ 금양(001570) 호가 없음 (거래정지 의심)

══════════════════════════════════════════════════
→ 전종목 HOLD
✅ Discord 전송 완료

[12:20] HOLD | KODEX RSI95/+5.0%⚠️ | 보유:GS(078930) +1.1% 원익피앤(217820) -7.9% | 💸예수금부족 | 최고신호 GS(078930) 3/3개 [하락-2.3% / MA골 / 호가2.3]
💰 예수금 4,157원 | KODEX200 RSI95/+5.1% 과열⚠️ | 매수기준 3개↑
📦 보유 GS(078930) 1주 +1.3%
📦 보유 원익피앤이(217820) 6주 -7.9% 🔴스탑로스임박

코드      종목명           가격    RSI     변화율    거래량     BB   호가비  B/S
────────────────────────────────────────────────────────────────────────
[2단계 분석 대상: 078930, 217820, 207940, 003670, 034020, 068270, 247540]
⛔ 아우토크립트(137040) 호가 없음 (거래정지 의심)
078930  GS        77,900   62.1    -2.1%    0.7x     중간  2.52  3/0
217820  원익피앤이      3,765   58.2    -0.7%    0.7x     중간  1.16  1/0
⛔ 금양(001570) 호가 없음 (거래정지 의심)

══════════════════════════════════════════════════
→ 전종목 HOLD
✅ Discord 전송 완료

[12:22] HOLD | KODEX RSI95/+5.1%⚠️ | 보유:GS(078930) +1.3% 원익피앤(217820) -7.9% | 💸예수금부족 | 최고신호 GS(078930) 3/3개 [하락-2.1% / MA골 / 호가2.5]
💰 예수금 4,157원 | KODEX200 RSI95/+5.0% 과열⚠️ | 매수기준 3개↑
📦 보유 GS(078930) 1주 +1.2%
📦 보유 원익피앤이(217820) 6주 -7.9% 🔴스탑로스임박

코드      종목명           가격    RSI     변화율    거래량     BB   호가비  B/S
────────────────────────────────────────────────────────────────────────
[2단계 분석 대상: 078930, 217820, 207940, 034020, 068270, 015760, 247540]
⛔ 아우토크립트(137040) 호가 없음 (거래정지 의심)
078930  GS        78,000   62.9    -1.8%    0.7x     중간  2.17  3/0
217820  원익피앤이      3,765   58.2    -0.7%    0.7x     중간  1.15  1/0
⛔ 금양(001570) 호가 없음 (거래정지 의심)

══════════════════════════════════════════════════
→ 전종목 HOLD
✅ Discord 전송 완료

[12:24] HOLD | KODEX RSI95/+5.0%⚠️ | 보유:GS(078930) +1.2% 원익피앤(217820) -7.9% | 💸예수금부족 | 최고신호 GS(078930) 3/3개 [하락-1.8% / MA골 / 호가2.2]
💰 예수금 4,155원 | KODEX200 RSI95/+5.3% 과열⚠️ | 매수기준 3개↑
📦 보유 GS(078930) 1주 +1.5%
📦 보유 원익피앤이(217820) 6주 -8.0% 🔴스탑로스임박

코드      종목명           가격    RSI     변화율    거래량     BB   호가비  B/S
────────────────────────────────────────────────────────────────────────
[2단계 분석 대상: 078930, 217820, 207940, 068270, 247540, 084850, 003670]
⛔ 아우토크립트(137040) 호가 없음 (거래정지 의심)
078930  GS        77,900   62.3    -2.0%    0.7x     중간  2.23  3/0
217820  원익피앤이      3,755   58.0    -0.9%    0.7x     중간  1.05  1/0
⛔ 금양(001570) 호가 없음 (거래정지 의심)

══════════════════════════════════════════════════
⚠️  손실 주의 원익피앤이(217820) -8.0% (비상손절 -15%)
→ 전종목 HOLD
✅ Discord 전송 완료

[12:26] HOLD | KODEX RSI95/+5.3%⚠️ | 보유:GS(078930) +1.5% 원익피앤(217820) -8.0% | 💸예수금부족 | 최고신호 GS(078930) 3/3개 [하락-2.0% / MA골 / 호가2.2]
💰 예수금 4,157원 | KODEX200 RSI95/+5.3% 과열⚠️ | 매수기준 3개↑
📦 보유 GS(078930) 1주 +1.3%
📦 보유 원익피앤이(217820) 6주 -8.2% 🔴스탑로스임박

코드      종목명           가격    RSI     변화율    거래량     BB   호가비  B/S
────────────────────────────────────────────────────────────────────────
[2단계 분석 대상: 078930, 217820, 207940, 068270, 247540, 084850, 035420]
⛔ 아우토크립트(137040) 호가 없음 (거래정지 의심)
078930  GS        78,000   62.6    -1.9%    0.7x     중간  2.33  3/0
217820  원익피앤이      3,755   58.0    -0.9%    0.7x     중간  1.04  1/0
⛔ 금양(001570) 호가 없음 (거래정지 의심)

══════════════════════════════════════════════════
⚠️  손실 주의 원익피앤이(217820) -8.2% (비상손절 -15%)
→ 전종목 HOLD
✅ Discord 전송 완료

[12:28] HOLD | KODEX RSI95/+5.3%⚠️ | 보유:GS(078930) +1.3% 원익피앤(217820) -8.2% | 💸예수금부족 | 최고신호 GS(078930) 3/3개 [하락-1.9% / MA골 / 호가2.3]
💰 예수금 4,157원 | KODEX200 RSI95/+5.3% 과열⚠️ | 매수기준 3개↑
📦 보유 GS(078930) 1주 +1.2%
📦 보유 원익피앤이(217820) 6주 -8.3% 🔴스탑로스임박

코드      종목명           가격    RSI     변화율    거래량     BB   호가비  B/S
────────────────────────────────────────────────────────────────────────
[2단계 분석 대상: 078930, 217820, 207940, 068270, 084850, 247540, 034020]
⛔ 아우토크립트(137040) 호가 없음 (거래정지 의심)
078930  GS        78,000   62.3    -2.0%    0.7x     중간  2.57  3/0
217820  원익피앤이      3,750   57.8    -1.1%    0.8x     중간  1.06  2/0
⛔ 금양(001570) 호가 없음 (거래정지 의심)

══════════════════════════════════════════════════
⚠️  손실 주의 원익피앤이(217820) -8.3% (비상손절 -15%)
→ 전종목 HOLD
✅ Discord 전송 완료

[12:30] HOLD | KODEX RSI95/+5.3%⚠️ | 보유:GS(078930) +1.2% 원익피앤(217820) -8.3% | 💸예수금부족 | 최고신호 GS(078930) 3/3개 [하락-2.0% / MA골 / 호가2.6]
💰 예수금 4,157원 | KODEX200 RSI95/+5.1% 과열⚠️ | 매수기준 3개↑
📦 보유 GS(078930) 1주 +1.2%
📦 보유 원익피앤이(217820) 6주 -8.3% 🔴스탑로스임박

코드      종목명           가격    RSI     변화율    거래량     BB   호가비  B/S
────────────────────────────────────────────────────────────────────────
[2단계 분석 대상: 078930, 217820, 207940, 068270, 247540, 003670, 034020]
⛔ 아우토크립트(137040) 호가 없음 (거래정지 의심)
078930  GS        78,100   62.6    -1.9%    0.7x     중간  2.63  3/0
217820  원익피앤이      3,750   57.8    -1.1%    0.8x     중간  0.89  2/0
⛔ 금양(001570) 호가 없음 (거래정지 의심)

══════════════════════════════════════════════════
⚠️  손실 주의 원익피앤이(217820) -8.3% (비상손절 -15%)
→ 전종목 HOLD
✅ Discord 전송 완료

[12:32] HOLD | KODEX RSI95/+5.1%⚠️ | 보유:GS(078930) +1.2% 원익피앤(217820) -8.3% | 💸예수금부족 | 최고신호 GS(078930) 3/3개 [하락-1.9% / MA골 / 호가2.6]
💰 예수금 4,157원 | KODEX200 RSI95/+5.1% 과열⚠️ | 매수기준 3개↑
📦 보유 GS(078930) 1주 +1.3%
📦 보유 원익피앤이(217820) 6주 -8.3% 🔴스탑로스임박

코드      종목명           가격    RSI     변화율    거래량     BB   호가비  B/S
────────────────────────────────────────────────────────────────────────
[2단계 분석 대상: 078930, 217820, 207940, 003670, 068270, 247540, 015760]
⛔ 아우토크립트(137040) 호가 없음 (거래정지 의심)
078930  GS        77,700   61.8    -2.3%    0.7x     중간  1.61  3/0
217820  원익피앤이      3,750   57.5    -1.3%    0.8x     중간  0.90  2/0
⛔ 금양(001570) 호가 없음 (거래정지 의심)

══════════════════════════════════════════════════
⚠️  손실 주의 원익피앤이(217820) -8.3% (비상손절 -15%)
→ 전종목 HOLD
✅ Discord 전송 완료

[12:34] HOLD | KODEX RSI95/+5.1%⚠️ | 보유:GS(078930) +1.3% 원익피앤(217820) -8.3% | 💸예수금부족 | 최고신호 GS(078930) 3/3개 [하락-2.3% / MA골 / 호가1.6]
💰 예수금 4,157원 | KODEX200 RSI95/+5.1% 과열⚠️ | 매수기준 3개↑
📦 보유 GS(078930) 1주 +1.2%
📦 보유 원익피앤이(217820) 6주 -8.3% 🔴스탑로스임박

코드      종목명           가격    RSI     변화율    거래량     BB   호가비  B/S
────────────────────────────────────────────────────────────────────────
[2단계 분석 대상: 078930, 217820, 207940, 034020, 003670, 068270, 247540]
⛔ 아우토크립트(137040) 호가 없음 (거래정지 의심)
078930  GS        77,800   62.1    -2.1%    0.7x     중간  2.41  3/0
217820  원익피앤이      3,750   57.8    -1.1%    0.8x     중간  1.01  2/0
⛔ 금양(001570) 호가 없음 (거래정지 의심)

══════════════════════════════════════════════════
⚠️  손실 주의 원익피앤이(217820) -8.3% (비상손절 -15%)
→ 전종목 HOLD
✅ Discord 전송 완료

[12:36] HOLD | KODEX RSI95/+5.1%⚠️ | 보유:GS(078930) +1.2% 원익피앤(217820) -8.3% | 💸예수금부족 | 최고신호 GS(078930) 3/3개 [하락-2.1% / MA골 / 호가2.4]
💰 예수금 4,157원 | KODEX200 RSI95/+5.0% 과열⚠️ | 매수기준 3개↑
📦 보유 GS(078930) 1주 +1.1%
📦 보유 원익피앤이(217820) 6주 -8.3% 🔴스탑로스임박

코드      종목명           가격    RSI     변화율    거래량     BB   호가비  B/S
────────────────────────────────────────────────────────────────────────
[2단계 분석 대상: 078930, 217820, 068270, 207940, 034020, 003670, 247540]
⛔ 아우토크립트(137040) 호가 없음 (거래정지 의심)
078930  GS        77,700   61.8    -2.3%    0.7x     중간  2.39  3/0
217820  원익피앤이      3,750   57.7    -1.2%    0.8x     중간  0.86  2/0
⛔ 금양(001570) 호가 없음 (거래정지 의심)

══════════════════════════════════════════════════
⚠️  손실 주의 원익피앤이(217820) -8.3% (비상손절 -15%)
→ 전종목 HOLD
✅ Discord 전송 완료

[12:38] HOLD | KODEX RSI95/+5.0%⚠️ | 보유:GS(078930) +1.1% 원익피앤(217820) -8.3% | 💸예수금부족 | 최고신호 GS(078930) 3/3개 [하락-2.3% / MA골 / 호가2.4]
💰 예수금 4,157원 | KODEX200 RSI95/+5.1% 과열⚠️ | 매수기준 3개↑
📦 보유 GS(078930) 1주 +0.8%
📦 보유 원익피앤이(217820) 6주 -8.3% 🔴스탑로스임박

코드      종목명           가격    RSI     변화율    거래량     BB   호가비  B/S
────────────────────────────────────────────────────────────────────────
[2단계 분석 대상: 078930, 217820, 207940, 034020, 247540, 068270, 003670]
⛔ 아우토크립트(137040) 호가 없음 (거래정지 의심)
078930  GS        77,600   61.6    -2.4%    0.7x     중간  0.45  2/0
217820  원익피앤이      3,755   58.0    -0.9%    0.8x     중간  0.82  1/0
⛔ 금양(001570) 호가 없음 (거래정지 의심)

══════════════════════════════════════════════════
⚠️  손실 주의 원익피앤이(217820) -8.3% (비상손절 -15%)
→ 전종목 HOLD
✅ Discord 전송 완료

[12:40] HOLD | KODEX RSI95/+5.1%⚠️ | 보유:GS(078930) +0.8% 원익피앤(217820) -8.3% | 💸예수금부족 | 최고신호 GS(078930) 2/3개 [하락-2.4% / MA골]
💰 예수금 4,157원 | KODEX200 RSI95/+5.3% 과열⚠️ | 매수기준 3개↑
📦 보유 GS(078930) 1주 +1.2%
📦 보유 원익피앤이(217820) 6주 -8.2% 🔴스탑로스임박

코드      종목명           가격    RSI     변화율    거래량     BB   호가비  B/S
────────────────────────────────────────────────────────────────────────
[2단계 분석 대상: 078930, 217820, 207940, 034020, 068270, 247540, 003670]
⛔ 아우토크립트(137040) 호가 없음 (거래정지 의심)
078930  GS        77,700   61.8    -2.3%    0.7x     중간  2.79  3/0
217820  원익피앤이      3,755   58.0    -0.9%    0.8x     중간  0.81  1/0
⛔ 금양(001570) 호가 없음 (거래정지 의심)

══════════════════════════════════════════════════
⚠️  손실 주의 원익피앤이(217820) -8.2% (비상손절 -15%)
→ 전종목 HOLD
✅ Discord 전송 완료

[12:42] HOLD | KODEX RSI95/+5.3%⚠️ | 보유:GS(078930) +1.2% 원익피앤(217820) -8.2% | 💸예수금부족 | 최고신호 GS(078930) 3/3개 [하락-2.3% / MA골 / 호가2.8]
💰 예수금 4,157원 | KODEX200 RSI95/+5.3% 과열⚠️ | 매수기준 3개↑
📦 보유 GS(078930) 1주 +0.9%
📦 보유 원익피앤이(217820) 6주 -8.0% 🔴스탑로스임박

코드      종목명           가격    RSI     변화율    거래량     BB   호가비  B/S
────────────────────────────────────────────────────────────────────────
[2단계 분석 대상: 078930, 217820, 207940, 068270, 034020, 015760, 105560]
⛔ 아우토크립트(137040) 호가 없음 (거래정지 의심)
078930  GS        77,600   61.8    -2.3%    0.7x     중간  2.37  3/0
217820  원익피앤이      3,760   57.8    -1.1%    0.8x     중간  0.43  2/0
⛔ 금양(001570) 호가 없음 (거래정지 의심)

══════════════════════════════════════════════════
⚠️  손실 주의 원익피앤이(217820) -8.0% (비상손절 -15%)
→ 전종목 HOLD
✅ Discord 전송 완료

[12:44] HOLD | KODEX RSI95/+5.3%⚠️ | 보유:GS(078930) +0.9% 원익피앤(217820) -8.0% | 💸예수금부족 | 최고신호 GS(078930) 3/3개 [하락-2.3% / MA골 / 호가2.4]
💰 예수금 4,157원 | KODEX200 RSI95/+5.2% 과열⚠️ | 매수기준 3개↑
📦 보유 GS(078930) 1주 +0.8%
📦 보유 원익피앤이(217820) 6주 -8.0% 🔴스탑로스임박

코드      종목명           가격    RSI     변화율    거래량     BB   호가비  B/S
────────────────────────────────────────────────────────────────────────
[2단계 분석 대상: 078930, 217820, 207940, 003670, 034020, 068270, 247540]
⛔ 아우토크립트(137040) 호가 없음 (거래정지 의심)
078930  GS        77,800   62.1    -2.1%    0.7x     중간  2.41  3/0
217820  원익피앤이      3,760   58.1    -0.8%    0.8x     중간  0.45  1/0
⛔ 금양(001570) 호가 없음 (거래정지 의심)

══════════════════════════════════════════════════
⚠️  손실 주의 원익피앤이(217820) -8.0% (비상손절 -15%)
→ 전종목 HOLD
✅ Discord 전송 완료

[12:46] HOLD | KODEX RSI95/+5.2%⚠️ | 보유:GS(078930) +0.8% 원익피앤(217820) -8.0% | 💸예수금부족 | 최고신호 GS(078930) 3/3개 [하락-2.1% / MA골 / 호가2.4]
💰 예수금 4,157원 | KODEX200 RSI95/+5.3% 과열⚠️ | 매수기준 3개↑
📦 보유 GS(078930) 1주 +1.1%
📦 보유 원익피앤이(217820) 6주 -8.0% 🔴스탑로스임박

코드      종목명           가격    RSI     변화율    거래량     BB   호가비  B/S
────────────────────────────────────────────────────────────────────────
[2단계 분석 대상: 078930, 217820, 207940, 034020, 068270, 003670, 247540]
⛔ 아우토크립트(137040) 호가 없음 (거래정지 의심)
078930  GS        77,800   62.1    -2.1%    0.7x     중간  2.21  3/0
217820  원익피앤이      3,760   57.5    -1.3%    0.8x     중간  0.85  2/0
⛔ 금양(001570) 호가 없음 (거래정지 의심)

══════════════════════════════════════════════════
⚠️  손실 주의 원익피앤이(217820) -8.0% (비상손절 -15%)
→ 전종목 HOLD
✅ Discord 전송 완료

[12:48] HOLD | KODEX RSI95/+5.3%⚠️ | 보유:GS(078930) +1.1% 원익피앤(217820) -8.0% | 💸예수금부족 | 최고신호 GS(078930) 3/3개 [하락-2.1% / MA골 / 호가2.2]
💰 예수금 4,158원 | KODEX200 RSI95/+5.2% 과열⚠️ | 매수기준 3개↑
📦 보유 GS(078930) 1주 +1.2%
📦 보유 원익피앤이(217820) 6주 -8.5% 🔴스탑로스임박

코드      종목명           가격    RSI     변화율    거래량     BB   호가비  B/S
────────────────────────────────────────────────────────────────────────
[2단계 분석 대상: 078930, 217820, 207940, 034020, 068270, 003670, 247540]
⛔ 아우토크립트(137040) 호가 없음 (거래정지 의심)
078930  GS        77,800   62.3    -2.0%    0.8x     중간  2.85  3/0
217820  원익피앤이      3,755   57.8    -1.1%    0.8x     중간  0.36  2/0
⛔ 금양(001570) 호가 없음 (거래정지 의심)

══════════════════════════════════════════════════
⚠️  손실 주의 원익피앤이(217820) -8.5% (비상손절 -15%)
→ 전종목 HOLD
✅ Discord 전송 완료

[12:50] HOLD | KODEX RSI95/+5.2%⚠️ | 보유:GS(078930) +1.2% 원익피앤(217820) -8.5% | 💸예수금부족 | 최고신호 GS(078930) 3/3개 [하락-2.0% / MA골 / 호가2.9]
💰 예수금 4,157원 | KODEX200 RSI95/+5.4% 과열⚠️ | 매수기준 3개↑
📦 보유 GS(078930) 1주 +1.3%
📦 보유 원익피앤이(217820) 6주 -8.2% 🔴스탑로스임박

코드      종목명           가격    RSI     변화율    거래량     BB   호가비  B/S
────────────────────────────────────────────────────────────────────────
[2단계 분석 대상: 078930, 217820, 207940, 034020, 247540, 003670, 068270]
⛔ 아우토크립트(137040) 호가 없음 (거래정지 의심)
078930  GS        77,900   62.3    -2.0%    0.8x     중간  3.17  3/0
217820  원익피앤이      3,755   58.0    -0.9%    0.8x     중간  0.88  1/0
⛔ 금양(001570) 호가 없음 (거래정지 의심)

══════════════════════════════════════════════════
⚠️  손실 주의 원익피앤이(217820) -8.2% (비상손절 -15%)
→ 전종목 HOLD
✅ Discord 전송 완료

[12:52] HOLD | KODEX RSI95/+5.4%⚠️ | 보유:GS(078930) +1.3% 원익피앤(217820) -8.2% | 💸예수금부족 | 최고신호 GS(078930) 3/3개 [하락-2.0% / MA골 / 호가3.2]
💰 예수금 4,157원 | KODEX200 RSI95/+5.5% 과열⚠️ | 매수기준 3개↑
📦 보유 GS(078930) 1주 +1.3%
📦 보유 원익피앤이(217820) 6주 -8.2% 🔴스탑로스임박

코드      종목명           가격    RSI     변화율    거래량     BB   호가비  B/S
────────────────────────────────────────────────────────────────────────
[2단계 분석 대상: 078930, 217820, 207940, 034020, 068270, 247540, 035720]
⛔ 아우토크립트(137040) 호가 없음 (거래정지 의심)
078930  GS        77,800   62.1    -2.1%    0.8x     중간  2.41  3/0
217820  원익피앤이      3,755   58.0    -0.9%    0.8x     중간  0.86  1/0
⛔ 금양(001570) 호가 없음 (거래정지 의심)

══════════════════════════════════════════════════
⚠️  손실 주의 원익피앤이(217820) -8.2% (비상손절 -15%)
→ 전종목 HOLD
✅ Discord 전송 완료

[12:54] HOLD | KODEX RSI95/+5.5%⚠️ | 보유:GS(078930) +1.3% 원익피앤(217820) -8.2% | 💸예수금부족 | 최고신호 GS(078930) 3/3개 [하락-2.1% / MA골 / 호가2.4]
💰 예수금 4,157원 | KODEX200 RSI95/+5.4% 과열⚠️ | 매수기준 3개↑
📦 보유 GS(078930) 1주 +1.3%
📦 보유 원익피앤이(217820) 6주 -8.2% 🔴스탑로스임박

코드      종목명           가격    RSI     변화율    거래량     BB   호가비  B/S
────────────────────────────────────────────────────────────────────────
[2단계 분석 대상: 078930, 217820, 034020, 207940, 247540, 068270, 035720]
⛔ 아우토크립트(137040) 호가 없음 (거래정지 의심)
078930  GS        77,900   62.6    -1.9%    0.8x     중간  2.24  3/0
217820  원익피앤이      3,755   58.0    -0.9%    0.8x     중간  0.38  1/0
⛔ 금양(001570) 호가 없음 (거래정지 의심)

══════════════════════════════════════════════════
⚠️  손실 주의 원익피앤이(217820) -8.2% (비상손절 -15%)
→ 전종목 HOLD
✅ Discord 전송 완료

[12:56] HOLD | KODEX RSI95/+5.4%⚠️ | 보유:GS(078930) +1.3% 원익피앤(217820) -8.2% | 💸예수금부족 | 최고신호 GS(078930) 3/3개 [하락-1.9% / MA골 / 호가2.2]
💰 예수금 4,157원 | KODEX200 RSI95/+5.3% 과열⚠️ | 매수기준 3개↑
📦 보유 GS(078930) 1주 +0.9%
📦 보유 원익피앤이(217820) 6주 -8.2% 🔴스탑로스임박

코드      종목명           가격    RSI     변화율    거래량     BB   호가비  B/S
────────────────────────────────────────────────────────────────────────
[2단계 분석 대상: 078930, 217820, 034020, 207940, 003670, 068270, 247540]
⛔ 아우토크립트(137040) 호가 없음 (거래정지 의심)
078930  GS        77,700   62.1    -2.1%    0.8x     중간  1.95  3/0
217820  원익피앤이      3,755   58.0    -0.9%    0.8x     중간  0.79  1/0
⛔ 금양(001570) 호가 없음 (거래정지 의심)

══════════════════════════════════════════════════
⚠️  손실 주의 원익피앤이(217820) -8.2% (비상손절 -15%)
→ 전종목 HOLD
✅ Discord 전송 완료

[12:58] HOLD | KODEX RSI95/+5.3%⚠️ | 보유:GS(078930) +0.9% 원익피앤(217820) -8.2% | 💸예수금부족 | 최고신호 GS(078930) 3/3개 [하락-2.1% / MA골 / 호가1.9]
💰 예수금 4,158원 | KODEX200 RSI95/+5.4% 과열⚠️ | 매수기준 3개↑
📦 보유 GS(078930) 1주 +0.9%
📦 보유 원익피앤이(217820) 6주 -8.4% 🔴스탑로스임박

코드      종목명           가격    RSI     변화율    거래량     BB   호가비  B/S
────────────────────────────────────────────────────────────────────────
[2단계 분석 대상: 078930, 217820, 066970, 034020, 207940, 003670, 247540]
⛔ 아우토크립트(137040) 호가 없음 (거래정지 의심)
078930  GS        77,700   61.6    -2.4%    0.8x     중간  1.95  3/0
217820  원익피앤이      3,745   57.7    -1.2%    0.8x     중간  0.99  2/0
⛔ 금양(001570) 호가 없음 (거래정지 의심)

══════════════════════════════════════════════════
⚠️  손실 주의 원익피앤이(217820) -8.4% (비상손절 -15%)
→ 전종목 HOLD
✅ Discord 전송 완료

[13:00] HOLD | KODEX RSI95/+5.4%⚠️ | 보유:GS(078930) +0.9% 원익피앤(217820) -8.4% | 💸예수금부족 | 최고신호 GS(078930) 3/3개 [하락-2.4% / MA골 / 호가1.9]
💰 예수금 4,158원 | KODEX200 RSI95/+5.4% 과열⚠️ | 매수기준 3개↑
📦 보유 GS(078930) 1주 +1.1%
📦 보유 원익피앤이(217820) 6주 -8.5% 🔴스탑로스임박

코드      종목명           가격    RSI     변화율    거래량     BB   호가비  B/S
────────────────────────────────────────────────────────────────────────
[2단계 분석 대상: 078930, 217820, 066970, 034020, 207940, 068270, 003670]
⛔ 아우토크립트(137040) 호가 없음 (거래정지 의심)
078930  GS        77,800   62.1    -2.1%    0.8x     중간  1.92  3/0
217820  원익피앤이      3,745   57.5    -1.3%    0.8x     중간  0.95  2/0
⛔ 금양(001570) 호가 없음 (거래정지 의심)

══════════════════════════════════════════════════
⚠️  손실 주의 원익피앤이(217820) -8.5% (비상손절 -15%)
→ 전종목 HOLD
✅ Discord 전송 완료

[13:02] HOLD | KODEX RSI95/+5.4%⚠️ | 보유:GS(078930) +1.1% 원익피앤(217820) -8.5% | 💸예수금부족 | 최고신호 GS(078930) 3/3개 [하락-2.1% / MA골 / 호가1.9]
💰 예수금 4,158원 | KODEX200 RSI95/+5.3% 과열⚠️ | 매수기준 3개↑
📦 보유 GS(078930) 1주 +0.8%
📦 보유 원익피앤이(217820) 6주 -8.5% 🔴스탑로스임박

코드      종목명           가격    RSI     변화율    거래량     BB   호가비  B/S
────────────────────────────────────────────────────────────────────────
[2단계 분석 대상: 078930, 217820, 066970, 034020, 207940, 068270, 247540]
⛔ 아우토크립트(137040) 호가 없음 (거래정지 의심)
078930  GS        77,600   61.8    -2.3%    0.8x     중간  1.40  3/0
217820  원익피앤이      3,745   57.5    -1.3%    0.8x     중간  0.95  2/0
⛔ 금양(001570) 호가 없음 (거래정지 의심)

══════════════════════════════════════════════════
⚠️  손실 주의 원익피앤이(217820) -8.5% (비상손절 -15%)
→ 전종목 HOLD
✅ Discord 전송 완료

[13:04] HOLD | KODEX RSI95/+5.3%⚠️ | 보유:GS(078930) +0.8% 원익피앤(217820) -8.5% | 💸예수금부족 | 최고신호 GS(078930) 3/3개 [하락-2.3% / MA골 / 호가1.4]
💰 예수금 4,158원 | KODEX200 RSI95/+5.3% 과열⚠️ | 매수기준 3개↑
📦 보유 GS(078930) 1주 +1.1%
📦 보유 원익피앤이(217820) 6주 -8.4% 🔴스탑로스임박

코드      종목명           가격    RSI     변화율    거래량     BB   호가비  B/S
────────────────────────────────────────────────────────────────────────
[2단계 분석 대상: 078930, 217820, 066970, 034020, 207940, 068270, 247540]
⛔ 아우토크립트(137040) 호가 없음 (거래정지 의심)
078930  GS        77,700   61.6    -2.4%    0.8x     중간  1.79  3/0
217820  원익피앤이      3,755   58.0    -0.9%    0.8x     중간  1.26  2/0
⛔ 금양(001570) 호가 없음 (거래정지 의심)

══════════════════════════════════════════════════
⚠️  손실 주의 원익피앤이(217820) -8.4% (비상손절 -15%)
→ 전종목 HOLD
✅ Discord 전송 완료

[13:06] HOLD | KODEX RSI95/+5.3%⚠️ | 보유:GS(078930) +1.1% 원익피앤(217820) -8.4% | 💸예수금부족 | 최고신호 GS(078930) 3/3개 [하락-2.4% / MA골 / 호가1.8]
💰 예수금 4,157원 | KODEX200 RSI95/+5.4% 과열⚠️ | 매수기준 3개↑
📦 보유 GS(078930) 1주 +0.8%
📦 보유 원익피앤이(217820) 6주 -8.2% 🔴스탑로스임박

코드      종목명           가격    RSI     변화율    거래량     BB   호가비  B/S
────────────────────────────────────────────────────────────────────────
[2단계 분석 대상: 078930, 217820, 066970, 034020, 207940, 068270, 247540]
⛔ 아우토크립트(137040) 호가 없음 (거래정지 의심)
078930  GS        77,600   61.6    -2.4%    0.8x     중간  1.38  3/0
217820  원익피앤이      3,755   58.0    -0.9%    0.8x     중간  1.08  1/0
⛔ 금양(001570) 호가 없음 (거래정지 의심)

══════════════════════════════════════════════════
⚠️  손실 주의 원익피앤이(217820) -8.2% (비상손절 -15%)
→ 전종목 HOLD
✅ Discord 전송 완료

[13:08] HOLD | KODEX RSI95/+5.4%⚠️ | 보유:GS(078930) +0.8% 원익피앤(217820) -8.2% | 💸예수금부족 | 최고신호 GS(078930) 3/3개 [하락-2.4% / MA골 / 호가1.4]
💰 예수금 4,157원 | KODEX200 RSI95/+5.2% 과열⚠️ | 매수기준 3개↑
📦 보유 GS(078930) 1주 +0.8%
📦 보유 원익피앤이(217820) 6주 -8.2% 🔴스탑로스임박

코드      종목명           가격    RSI     변화율    거래량     BB   호가비  B/S
────────────────────────────────────────────────────────────────────────
[2단계 분석 대상: 078930, 217820, 066970, 207940, 034020, 068270, 247540]
⛔ 아우토크립트(137040) 호가 없음 (거래정지 의심)
078930  GS        77,500   61.3    -2.5%    0.8x     중간  1.89  3/0
217820  원익피앤이      3,755   58.0    -0.9%    0.8x     중간  1.12  1/0
⛔ 금양(001570) 호가 없음 (거래정지 의심)

══════════════════════════════════════════════════
⚠️  손실 주의 원익피앤이(217820) -8.2% (비상손절 -15%)
→ 전종목 HOLD
✅ Discord 전송 완료

[13:10] HOLD | KODEX RSI95/+5.2%⚠️ | 보유:GS(078930) +0.8% 원익피앤(217820) -8.2% | 💸예수금부족 | 최고신호 GS(078930) 3/3개 [하락-2.5% / MA골 / 호가1.9]
💰 예수금 4,158원 | KODEX200 RSI95/+5.3% 과열⚠️ | 매수기준 3개↑
📦 보유 GS(078930) 1주 +0.7%
📦 보유 원익피앤이(217820) 6주 -8.5% 🔴스탑로스임박

코드      종목명           가격    RSI     변화율    거래량     BB   호가비  B/S
────────────────────────────────────────────────────────────────────────
[2단계 분석 대상: 078930, 217820, 066970, 207940, 034020, 247540, 068270]
⛔ 아우토크립트(137040) 호가 없음 (거래정지 의심)
078930  GS        77,500   61.3    -2.5%    0.8x     중간  1.44  3/0
217820  원익피앤이      3,755   58.0    -0.9%    0.8x     중간  1.14  1/0
⛔ 금양(001570) 호가 없음 (거래정지 의심)

══════════════════════════════════════════════════
⚠️  손실 주의 원익피앤이(217820) -8.5% (비상손절 -15%)
→ 전종목 HOLD
✅ Discord 전송 완료

[13:12] HOLD | KODEX RSI95/+5.3%⚠️ | 보유:GS(078930) +0.7% 원익피앤(217820) -8.5% | 💸예수금부족 | 최고신호 GS(078930) 3/3개 [하락-2.5% / MA골 / 호가1.4]
💰 예수금 4,158원 | KODEX200 RSI95/+5.2% 과열⚠️ | 매수기준 3개↑
📦 보유 GS(078930) 1주 +0.7%
📦 보유 원익피앤이(217820) 6주 -8.5% 🔴스탑로스임박

코드      종목명           가격    RSI     변화율    거래량     BB   호가비  B/S
────────────────────────────────────────────────────────────────────────
[2단계 분석 대상: 078930, 217820, 207940, 034020, 247540, 035720, 068270]
⛔ 아우토크립트(137040) 호가 없음 (거래정지 의심)
078930  GS        77,400   61.3    -2.5%    0.8x     중간  1.39  3/0
217820  원익피앤이      3,750   58.0    -0.9%    0.8x     중간  0.80  1/0
⛔ 금양(001570) 호가 없음 (거래정지 의심)

══════════════════════════════════════════════════
⚠️  손실 주의 원익피앤이(217820) -8.5% (비상손절 -15%)
→ 전종목 HOLD
✅ Discord 전송 완료

[13:14] HOLD | KODEX RSI95/+5.2%⚠️ | 보유:GS(078930) +0.7% 원익피앤(217820) -8.5% | 💸예수금부족 | 최고신호 GS(078930) 3/3개 [하락-2.5% / MA골 / 호가1.4]
💰 예수금 4,157원 | KODEX200 RSI95/+5.5% 과열⚠️ | 매수기준 3개↑
📦 보유 GS(078930) 1주 +0.7%
📦 보유 원익피앤이(217820) 6주 -8.3% 🔴스탑로스임박

코드      종목명           가격    RSI     변화율    거래량     BB   호가비  B/S
────────────────────────────────────────────────────────────────────────
[2단계 분석 대상: 078930, 217820, 207940, 066970, 034020, 247540, 035720]
⛔ 아우토크립트(137040) 호가 없음 (거래정지 의심)
078930  GS        77,500   61.1    -2.6%    0.8x     중간  1.19  2/0
217820  원익피앤이      3,750   57.5    -1.3%    0.8x     중간  0.78  2/0
⛔ 금양(001570) 호가 없음 (거래정지 의심)

══════════════════════════════════════════════════
⚠️  손실 주의 원익피앤이(217820) -8.3% (비상손절 -15%)
→ 전종목 HOLD
✅ Discord 전송 완료

[13:16] HOLD | KODEX RSI95/+5.5%⚠️ | 보유:GS(078930) +0.7% 원익피앤(217820) -8.3% | 💸예수금부족 | 최고신호 GS(078930) 2/3개 [하락-2.6% / MA골]
💰 예수금 4,158원 | KODEX200 RSI95/+5.5% 과열⚠️ | 매수기준 3개↑
📦 보유 GS(078930) 1주 +0.7%
📦 보유 원익피앤이(217820) 6주 -8.6% 🔴스탑로스임박

코드      종목명           가격    RSI     변화율    거래량     BB   호가비  B/S
────────────────────────────────────────────────────────────────────────
[2단계 분석 대상: 078930, 217820, 034020, 207940, 247540, 035720, 068270]
⛔ 아우토크립트(137040) 호가 없음 (거래정지 의심)
078930  GS        77,500   61.6    -2.4%    0.8x     중간  1.25  3/0
217820  원익피앤이      3,735   57.5    -1.3%    0.8x     중간  0.77  2/0
⛔ 금양(001570) 호가 없음 (거래정지 의심)

══════════════════════════════════════════════════
⚠️  손실 주의 원익피앤이(217820) -8.6% (비상손절 -15%)
→ 전종목 HOLD
✅ Discord 전송 완료

[13:18] HOLD | KODEX RSI95/+5.5%⚠️ | 보유:GS(078930) +0.7% 원익피앤(217820) -8.6% | 💸예수금부족 | 최고신호 GS(078930) 3/3개 [하락-2.4% / MA골 / 호가1.2]
💰 예수금 4,158원 | KODEX200 RSI95/+5.5% 과열⚠️ | 매수기준 3개↑
📦 보유 GS(078930) 1주 +0.7%
📦 보유 원익피앤이(217820) 6주 -8.8% 🔴스탑로스임박

코드      종목명           가격    RSI     변화율    거래량     BB   호가비  B/S
────────────────────────────────────────────────────────────────────────
[2단계 분석 대상: 078930, 217820, 207940, 034020, 247540, 066970, 035720]
⛔ 아우토크립트(137040) 호가 없음 (거래정지 의심)
078930  GS        77,600   61.6    -2.4%    0.8x     중간  1.60  3/0
217820  원익피앤이      3,730   57.2    -1.6%    0.8x     중간  1.05  2/0
⛔ 금양(001570) 호가 없음 (거래정지 의심)

══════════════════════════════════════════════════
⚠️  손실 주의 원익피앤이(217820) -8.8% (비상손절 -15%)
→ 전종목 HOLD
✅ Discord 전송 완료

[13:20] HOLD | KODEX RSI95/+5.5%⚠️ | 보유:GS(078930) +0.7% 원익피앤(217820) -8.8% | 💸예수금부족 | 최고신호 GS(078930) 3/3개 [하락-2.4% / MA골 / 호가1.6]
💰 예수금 4,158원 | KODEX200 RSI95/+5.7% 과열⚠️ | 매수기준 3개↑
📦 보유 GS(078930) 1주 +0.7%
📦 보유 원익피앤이(217820) 6주 -8.6% 🔴스탑로스임박

코드      종목명           가격    RSI     변화율    거래량     BB   호가비  B/S
────────────────────────────────────────────────────────────────────────
[2단계 분석 대상: 078930, 217820, 207940, 034020, 066970, 068270, 247540]
⛔ 아우토크립트(137040) 호가 없음 (거래정지 의심)
078930  GS        77,500   61.1    -2.6%    0.8x     중간  1.65  3/0
217820  원익피앤이      3,735   57.4    -1.4%    0.8x     중간  0.87  2/0
⛔ 금양(001570) 호가 없음 (거래정지 의심)

══════════════════════════════════════════════════
⚠️  손실 주의 원익피앤이(217820) -8.6% (비상손절 -15%)
→ 전종목 HOLD
✅ Discord 전송 완료

[13:22] HOLD | KODEX RSI95/+5.7%⚠️ | 보유:GS(078930) +0.7% 원익피앤(217820) -8.6% | 💸예수금부족 | 최고신호 GS(078930) 3/3개 [하락-2.6% / MA골 / 호가1.6]
💰 예수금 4,159원 | KODEX200 RSI95/+5.7% 과열⚠️ | 매수기준 3개↑
📦 보유 GS(078930) 1주 +0.4%
📦 보유 원익피앤이(217820) 6주 -8.6% 🔴스탑로스임박

코드      종목명           가격    RSI     변화율    거래량     BB   호가비  B/S
────────────────────────────────────────────────────────────────────────
[2단계 분석 대상: 078930, 217820, 034020, 068270, 207940, 247540, 035720]
⛔ 아우토크립트(137040) 호가 없음 (거래정지 의심)
078930  GS        77,300   60.8    -2.8%    0.8x     중간  0.96  2/0
217820  원익피앤이      3,735   57.4    -1.4%    0.8x     중간  0.89  2/0
⛔ 금양(001570) 호가 없음 (거래정지 의심)

══════════════════════════════════════════════════
⚠️  손실 주의 원익피앤이(217820) -8.6% (비상손절 -15%)
→ 전종목 HOLD
✅ Discord 전송 완료

[13:24] HOLD | KODEX RSI95/+5.7%⚠️ | 보유:GS(078930) +0.4% 원익피앤(217820) -8.6% | 💸예수금부족 | 최고신호 GS(078930) 2/3개 [하락-2.8% / MA골]
💰 예수금 4,158원 | KODEX200 RSI95/+5.9% 과열⚠️ | 매수기준 3개↑
📦 보유 GS(078930) 1주 +0.7%
📦 보유 원익피앤이(217820) 6주 -8.6% 🔴스탑로스임박

코드      종목명           가격    RSI     변화율    거래량     BB   호가비  B/S
────────────────────────────────────────────────────────────────────────
[2단계 분석 대상: 078930, 217820, 034020, 068270, 207940, 247540, 001510]
⛔ 아우토크립트(137040) 호가 없음 (거래정지 의심)
078930  GS        77,200   60.8    -2.8%    0.8x     중간  1.08  2/0
217820  원익피앤이      3,740   58.0    -0.9%    0.8x     중간  0.87  1/0
⛔ 금양(001570) 호가 없음 (거래정지 의심)

══════════════════════════════════════════════════
⚠️  손실 주의 원익피앤이(217820) -8.6% (비상손절 -15%)
→ 전종목 HOLD
✅ Discord 전송 완료

[13:26] HOLD | KODEX RSI95/+5.9%⚠️ | 보유:GS(078930) +0.7% 원익피앤(217820) -8.6% | 💸예수금부족 | 최고신호 GS(078930) 2/3개 [하락-2.8% / MA골]
💰 예수금 4,157원 | KODEX200 RSI95/+5.9% 과열⚠️ | 매수기준 3개↑
📦 보유 GS(078930) 1주 +0.7%
📦 보유 원익피앤이(217820) 6주 -8.3% 🔴스탑로스임박

코드      종목명           가격    RSI     변화율    거래량     BB   호가비  B/S
────────────────────────────────────────────────────────────────────────
[2단계 분석 대상: 078930, 217820, 034020, 068270, 247540, 207940, 042700]
⛔ 아우토크립트(137040) 호가 없음 (거래정지 의심)
078930  GS        77,300   60.8    -2.8%    0.8x     중간  1.02  2/0
217820  원익피앤이      3,755   58.0    -0.9%    0.8x     중간  1.11  1/0
⛔ 금양(001570) 호가 없음 (거래정지 의심)

══════════════════════════════════════════════════
⚠️  손실 주의 원익피앤이(217820) -8.3% (비상손절 -15%)
→ 전종목 HOLD
✅ Discord 전송 완료

[13:28] HOLD | KODEX RSI95/+5.9%⚠️ | 보유:GS(078930) +0.7% 원익피앤(217820) -8.3% | 💸예수금부족 | 최고신호 GS(078930) 2/3개 [하락-2.8% / MA골]
💰 예수금 4,158원 | KODEX200 RSI95/+5.7% 과열⚠️ | 매수기준 3개↑
📦 보유 GS(078930) 1주 +0.4%
📦 보유 원익피앤이(217820) 6주 -8.2% 🔴스탑로스임박

코드      종목명           가격    RSI     변화율    거래량     BB   호가비  B/S
────────────────────────────────────────────────────────────────────────
[2단계 분석 대상: 078930, 217820, 034020, 207940, 247540, 068270, 001510]
⛔ 아우토크립트(137040) 호가 없음 (거래정지 의심)
078930  GS        77,200   60.8    -2.8%    0.8x     중간  1.66  3/0
217820  원익피앤이      3,750   58.0    -0.9%    0.8x     중간  1.02  1/0
⛔ 금양(001570) 호가 없음 (거래정지 의심)

══════════════════════════════════════════════════
⚠️  손실 주의 원익피앤이(217820) -8.2% (비상손절 -15%)
→ 전종목 HOLD
✅ Discord 전송 완료

[13:30] HOLD | KODEX RSI95/+5.7%⚠️ | 보유:GS(078930) +0.4% 원익피앤(217820) -8.2% | 💸예수금부족 | 최고신호 GS(078930) 3/3개 [하락-2.8% / MA골 / 호가1.7]
💰 예수금 4,159원 | KODEX200 RSI95/+5.8% 과열⚠️ | 매수기준 3개↑
📦 보유 GS(078930) 1주 +0.4%
📦 보유 원익피앤이(217820) 6주 -8.5% 🔴스탑로스임박

코드      종목명           가격    RSI     변화율    거래량     BB   호가비  B/S
────────────────────────────────────────────────────────────────────────
[2단계 분석 대상: 078930, 217820, 034020, 207940, 247540, 068270, 001510]
⛔ 아우토크립트(137040) 호가 없음 (거래정지 의심)
078930  GS        77,300   60.8    -2.8%    0.8x     중간  1.63  3/0
217820  원익피앤이      3,740   57.5    -1.3%    0.8x     중간  1.25  3/0
⛔ 금양(001570) 호가 없음 (거래정지 의심)

══════════════════════════════════════════════════
⚠️  손실 주의 원익피앤이(217820) -8.5% (비상손절 -15%)
→ 전종목 HOLD
✅ Discord 전송 완료

[13:32] HOLD | KODEX RSI95/+5.8%⚠️ | 보유:GS(078930) +0.4% 원익피앤(217820) -8.5% | 💸예수금부족 | 최고신호 GS(078930) 3/3개 [하락-2.8% / MA골 / 호가1.6]
💰 예수금 4,158원 | KODEX200 RSI95/+5.7% 과열⚠️ | 매수기준 3개↑
📦 보유 GS(078930) 1주 +0.2%
📦 보유 원익피앤이(217820) 6주 -8.3% 🔴스탑로스임박

코드      종목명           가격    RSI     변화율    거래량     BB   호가비  B/S
────────────────────────────────────────────────────────────────────────
[2단계 분석 대상: 078930, 217820, 034020, 105560, 207940, 247540, 015760]
⛔ 아우토크립트(137040) 호가 없음 (거래정지 의심)
078930  GS        77,100   60.8    -2.8%    0.9x     중간  2.65  3/0
217820  원익피앤이      3,750   57.8    -1.1%    0.8x     중간  1.24  3/0
⛔ 금양(001570) 호가 없음 (거래정지 의심)

══════════════════════════════════════════════════
⚠️  손실 주의 원익피앤이(217820) -8.3% (비상손절 -15%)
→ 전종목 HOLD
✅ Discord 전송 완료

[13:34] HOLD | KODEX RSI95/+5.7%⚠️ | 보유:GS(078930) +0.2% 원익피앤(217820) -8.3% | 💸예수금부족 | 최고신호 GS(078930) 3/3개 [하락-2.8% / MA골 / 호가2.6]
💰 예수금 4,159원 | KODEX200 RSI95/+5.8% 과열⚠️ | 매수기준 3개↑
📦 보유 GS(078930) 1주 +0.4%
📦 보유 원익피앤이(217820) 6주 -8.4% 🔴스탑로스임박

코드      종목명           가격    RSI     변화율    거래량     BB   호가비  B/S
────────────────────────────────────────────────────────────────────────
[2단계 분석 대상: 078930, 217820, 105560, 034020, 015760, 207940, 068270]
⛔ 아우토크립트(137040) 호가 없음 (거래정지 의심)
078930  GS        77,100   60.6    -2.9%    0.9x     중간  2.03  3/0
217820  원익피앤이      3,750   57.5    -1.3%    0.8x     중간  0.74  2/0
⛔ 금양(001570) 호가 없음 (거래정지 의심)

══════════════════════════════════════════════════
⚠️  손실 주의 원익피앤이(217820) -8.4% (비상손절 -15%)
→ 전종목 HOLD
✅ Discord 전송 완료

[13:36] HOLD | KODEX RSI95/+5.8%⚠️ | 보유:GS(078930) +0.4% 원익피앤(217820) -8.4% | 💸예수금부족 | 최고신호 GS(078930) 3/3개 [하락-2.9% / MA골 / 호가2.0]
💰 예수금 4,159원 | KODEX200 RSI95/+5.7% 과열⚠️ | 매수기준 3개↑
📦 보유 GS(078930) 1주 +0.3%
📦 보유 원익피앤이(217820) 6주 -8.5% 🔴스탑로스임박

코드      종목명           가격    RSI     변화율    거래량     BB   호가비  B/S
────────────────────────────────────────────────────────────────────────
[2단계 분석 대상: 078930, 217820, 034020, 105560, 015760, 035720, 247540]
⛔ 아우토크립트(137040) 호가 없음 (거래정지 의심)
078930  GS        77,100   60.1    -3.1%    0.9x     중간  2.93  3/0
217820  원익피앤이      3,750   57.5    -1.3%    0.8x     중간  0.77  2/0
⛔ 금양(001570) 호가 없음 (거래정지 의심)

══════════════════════════════════════════════════
⚠️  손실 주의 원익피앤이(217820) -8.5% (비상손절 -15%)
→ 전종목 HOLD
✅ Discord 전송 완료

[13:38] HOLD | KODEX RSI95/+5.7%⚠️ | 보유:GS(078930) +0.3% 원익피앤(217820) -8.5% | 💸예수금부족 | 최고신호 GS(078930) 3/3개 [하락-3.1% / MA골 / 호가2.9]
💰 예수금 4,158원 | KODEX200 RSI95/+5.7% 과열⚠️ | 매수기준 3개↑
📦 보유 GS(078930) 1주 +0.4%
📦 보유 원익피앤이(217820) 6주 -8.3% 🔴스탑로스임박

코드      종목명           가격    RSI     변화율    거래량     BB   호가비  B/S
────────────────────────────────────────────────────────────────────────
[2단계 분석 대상: 078930, 217820, 034020, 015760, 055550, 105560, 035720]
⛔ 아우토크립트(137040) 호가 없음 (거래정지 의심)
078930  GS        77,000   60.1    -3.1%    0.9x     중간  2.11  3/0
217820  원익피앤이      3,750   57.7    -1.2%    0.8x     중간  0.79  2/0
⛔ 금양(001570) 호가 없음 (거래정지 의심)

══════════════════════════════════════════════════
⚠️  손실 주의 원익피앤이(217820) -8.3% (비상손절 -15%)
→ 전종목 HOLD
✅ Discord 전송 완료

[13:40] HOLD | KODEX RSI95/+5.7%⚠️ | 보유:GS(078930) +0.4% 원익피앤(217820) -8.3% | 💸예수금부족 | 최고신호 GS(078930) 3/3개 [하락-3.1% / MA골 / 호가2.1]
💰 예수금 4,158원 | KODEX200 RSI95/+5.7% 과열⚠️ | 매수기준 3개↑
📦 보유 GS(078930) 1주 -0.1%
📦 보유 원익피앤이(217820) 6주 -8.3% 🔴스탑로스임박

코드      종목명           가격    RSI     변화율    거래량     BB   호가비  B/S
────────────────────────────────────────────────────────────────────────
[2단계 분석 대상: 078930, 217820, 034020, 105560, 015760, 055550, 035720]
⛔ 아우토크립트(137040) 호가 없음 (거래정지 의심)
078930  GS        76,800   60.1    -3.1%    0.9x     중간  0.33  2/0
217820  원익피앤이      3,750   57.8    -1.1%    0.8x     중간  0.82  2/0
⛔ 금양(001570) 호가 없음 (거래정지 의심)

══════════════════════════════════════════════════
⚠️  손실 주의 원익피앤이(217820) -8.3% (비상손절 -15%)
→ 전종목 HOLD
✅ Discord 전송 완료

[13:42] HOLD | KODEX RSI95/+5.7%⚠️ | 보유:GS(078930) -0.1% 원익피앤(217820) -8.3% | 💸예수금부족 | 최고신호 GS(078930) 2/3개 [하락-3.1% / MA골]
💰 예수금 4,158원 | KODEX200 RSI95/+5.6% 과열⚠️ | 매수기준 3개↑
📦 보유 GS(078930) 1주 +0.2%
📦 보유 원익피앤이(217820) 6주 -8.3% 🔴스탑로스임박

코드      종목명           가격    RSI     변화율    거래량     BB   호가비  B/S
────────────────────────────────────────────────────────────────────────
[2단계 분석 대상: 078930, 217820, 034020, 068270, 015760, 055550, 207940]
⛔ 아우토크립트(137040) 호가 없음 (거래정지 의심)
078930  GS        77,000   60.3    -3.0%    0.9x     중간  0.64  2/0
217820  원익피앤이      3,740   57.2    -1.6%    0.8x     중간  0.73  2/0
⛔ 금양(001570) 호가 없음 (거래정지 의심)

══════════════════════════════════════════════════
⚠️  손실 주의 원익피앤이(217820) -8.3% (비상손절 -15%)
→ 전종목 HOLD
✅ Discord 전송 완료

[13:44] HOLD | KODEX RSI95/+5.6%⚠️ | 보유:GS(078930) +0.2% 원익피앤(217820) -8.3% | 💸예수금부족 | 최고신호 GS(078930) 2/3개 [하락-3.0% / MA골]
💰 예수금 4,159원 | KODEX200 RSI95/+5.5% 과열⚠️ | 매수기준 3개↑
📦 보유 GS(078930) 1주 +0.0%
📦 보유 원익피앤이(217820) 6주 -8.8% 🔴스탑로스임박

코드      종목명           가격    RSI     변화율    거래량     BB   호가비  B/S
────────────────────────────────────────────────────────────────────────
[2단계 분석 대상: 078930, 217820, 034020, 068270, 105560, 015760, 055550]
⛔ 아우토크립트(137040) 호가 없음 (거래정지 의심)
078930  GS        76,800   59.6    -3.4%    0.9x     중간  2.95  3/0
217820  원익피앤이      3,730   57.5    -1.3%    0.8x     중간  1.02  2/0
⛔ 금양(001570) 호가 없음 (거래정지 의심)

══════════════════════════════════════════════════
⚠️  손실 주의 원익피앤이(217820) -8.8% (비상손절 -15%)
→ 전종목 HOLD
✅ Discord 전송 완료

[13:46] HOLD | KODEX RSI95/+5.5%⚠️ | 보유:GS(078930) +0.0% 원익피앤(217820) -8.8% | 💸예수금부족 | 최고신호 GS(078930) 3/3개 [하락-3.4% / MA골 / 호가3.0]
💰 예수금 4,159원 | KODEX200 RSI95/+5.4% 과열⚠️ | 매수기준 3개↑
📦 보유 GS(078930) 1주 -0.2%
📦 보유 원익피앤이(217820) 6주 -8.5% 🔴스탑로스임박

코드      종목명           가격    RSI     변화율    거래량     BB   호가비  B/S
────────────────────────────────────────────────────────────────────────
[2단계 분석 대상: 078930, 217820, 034020, 068270, 015760, 105560, 001510]
⛔ 아우토크립트(137040) 호가 없음 (거래정지 의심)
078930  GS        76,800   60.1    -3.1%    0.9x     중간  3.29  3/0
217820  원익피앤이      3,740   57.0    -1.9%    0.8x     중간  1.16  2/0
⛔ 금양(001570) 호가 없음 (거래정지 의심)

══════════════════════════════════════════════════
⚠️  손실 주의 원익피앤이(217820) -8.5% (비상손절 -15%)
→ 전종목 HOLD
✅ Discord 전송 완료

[13:49] HOLD | KODEX RSI95/+5.4%⚠️ | 보유:GS(078930) -0.2% 원익피앤(217820) -8.5% | 💸예수금부족 | 최고신호 GS(078930) 3/3개 [하락-3.1% / MA골 / 호가3.3]
💰 예수금 4,159원 | KODEX200 RSI95/+5.6% 과열⚠️ | 매수기준 3개↑
📦 보유 GS(078930) 1주 +0.0%
📦 보유 원익피앤이(217820) 6주 -9.0% 🔴스탑로스임박

코드      종목명           가격    RSI     변화율    거래량     BB   호가비  B/S
────────────────────────────────────────────────────────────────────────
[2단계 분석 대상: 078930, 217820, 034020, 105560, 068270, 015760, 001510]
⛔ 아우토크립트(137040) 호가 없음 (거래정지 의심)
078930  GS        77,300   60.3    -3.0%    0.9x     중간  1.26  3/0
217820  원익피앤이      3,740   57.0    -1.9%    0.8x     중간  1.00  2/0
⛔ 금양(001570) 호가 없음 (거래정지 의심)

══════════════════════════════════════════════════
⚠️  손실 주의 원익피앤이(217820) -9.0% (비상손절 -15%)
→ 전종목 HOLD
✅ Discord 전송 완료

[13:50] HOLD | KODEX RSI95/+5.6%⚠️ | 보유:GS(078930) +0.0% 원익피앤(217820) -9.0% | 💸예수금부족 | 최고신호 GS(078930) 3/3개 [하락-3.0% / MA골 / 호가1.3]
💰 예수금 4,159원 | KODEX200 RSI95/+5.7% 과열⚠️ | 매수기준 3개↑
📦 보유 GS(078930) 1주 +0.3%
📦 보유 원익피앤이(217820) 6주 -9.0% 🔴스탑로스임박

코드      종목명           가격    RSI     변화율    거래량     BB   호가비  B/S
────────────────────────────────────────────────────────────────────────
[2단계 분석 대상: 078930, 217820, 068270, 034020, 015760, 105560, 001510]
⛔ 아우토크립트(137040) 호가 없음 (거래정지 의심)
078930  GS        77,200   60.6    -2.9%    0.9x     중간  1.17  2/0
217820  원익피앤이      3,740   57.0    -1.9%    0.8x     중간  1.00  2/0
⛔ 금양(001570) 호가 없음 (거래정지 의심)

══════════════════════════════════════════════════
⚠️  손실 주의 원익피앤이(217820) -9.0% (비상손절 -15%)
→ 전종목 HOLD
✅ Discord 전송 완료

[13:52] HOLD | KODEX RSI95/+5.7%⚠️ | 보유:GS(078930) +0.3% 원익피앤(217820) -9.0% | 💸예수금부족 | 최고신호 GS(078930) 2/3개 [하락-2.9% / MA골]
💰 예수금 4,159원 | KODEX200 RSI95/+5.8% 과열⚠️ | 매수기준 3개↑
📦 보유 GS(078930) 1주 +0.4%
📦 보유 원익피앤이(217820) 6주 -8.9% 🔴스탑로스임박

코드      종목명           가격    RSI     변화율    거래량     BB   호가비  B/S
────────────────────────────────────────────────────────────────────────
[2단계 분석 대상: 078930, 217820, 068270, 034020, 015760, 247540, 001510]
⛔ 아우토크립트(137040) 호가 없음 (거래정지 의심)
078930  GS        77,100   60.6    -2.9%    0.9x     중간  1.17  2/0
217820  원익피앤이      3,735   57.1    -1.7%    0.8x     중간  1.05  2/0
⛔ 금양(001570) 호가 없음 (거래정지 의심)

══════════════════════════════════════════════════
⚠️  손실 주의 원익피앤이(217820) -8.9% (비상손절 -15%)
→ 전종목 HOLD
✅ Discord 전송 완료

[13:54] HOLD | KODEX RSI95/+5.8%⚠️ | 보유:GS(078930) +0.4% 원익피앤(217820) -8.9% | 💸예수금부족 | 최고신호 GS(078930) 2/3개 [하락-2.9% / MA골]
💰 예수금 4,159원 | KODEX200 RSI95/+6.0% 과열⚠️ | 매수기준 3개↑
📦 보유 GS(078930) 1주 +0.4%
📦 보유 원익피앤이(217820) 6주 -8.5% 🔴스탑로스임박

코드      종목명           가격    RSI     변화율    거래량     BB   호가비  B/S
────────────────────────────────────────────────────────────────────────
[2단계 분석 대상: 078930, 217820, 068270, 066970, 034020, 035720, 015760]
⛔ 아우토크립트(137040) 호가 없음 (거래정지 의심)
078930  GS        77,300   60.6    -2.9%    0.9x     중간  0.82  2/0
217820  원익피앤이      3,740   57.5    -1.3%    0.8x     중간  0.75  2/0
⛔ 금양(001570) 호가 없음 (거래정지 의심)

══════════════════════════════════════════════════
⚠️  손실 주의 원익피앤이(217820) -8.5% (비상손절 -15%)
→ 전종목 HOLD
✅ Discord 전송 완료

[13:56] HOLD | KODEX RSI95/+6.0%⚠️ | 보유:GS(078930) +0.4% 원익피앤(217820) -8.5% | 💸예수금부족 | 최고신호 GS(078930) 2/3개 [하락-2.9% / MA골]
💰 예수금 4,159원 | KODEX200 RSI95/+6.0% 과열⚠️ | 매수기준 3개↑
📦 보유 GS(078930) 1주 +0.6%
📦 보유 원익피앤이(217820) 6주 -8.5% 🔴스탑로스임박

코드      종목명           가격    RSI     변화율    거래량     BB   호가비  B/S
────────────────────────────────────────────────────────────────────────
[2단계 분석 대상: 078930, 217820, 034020, 066970, 207940, 068270, 015760]
⛔ 아우토크립트(137040) 호가 없음 (거래정지 의심)
078930  GS        77,400   60.8    -2.8%    1.0x     중간  0.94  2/0
217820  원익피앤이      3,740   57.5    -1.3%    0.8x     중간  0.74  2/0
⛔ 금양(001570) 호가 없음 (거래정지 의심)

══════════════════════════════════════════════════
⚠️  손실 주의 원익피앤이(217820) -8.5% (비상손절 -15%)
→ 전종목 HOLD
✅ Discord 전송 완료

[13:58] HOLD | KODEX RSI95/+6.0%⚠️ | 보유:GS(078930) +0.6% 원익피앤(217820) -8.5% | 💸예수금부족 | 최고신호 GS(078930) 2/3개 [하락-2.8% / MA골]
💰 예수금 4,159원 | KODEX200 RSI95/+6.0% 과열⚠️ | 매수기준 3개↑
📦 보유 GS(078930) 1주 +0.4%
📦 보유 원익피앤이(217820) 6주 -8.8% 🔴스탑로스임박

코드      종목명           가격    RSI     변화율    거래량     BB   호가비  B/S
────────────────────────────────────────────────────────────────────────
[2단계 분석 대상: 078930, 217820, 034020, 207940, 068270, 066970, 105560]
⛔ 아우토크립트(137040) 호가 없음 (거래정지 의심)
078930  GS        77,300   60.8    -2.8%    1.0x     중간  0.92  2/0
217820  원익피앤이      3,740   57.2    -1.6%    0.8x     중간  0.74  2/0
⛔ 금양(001570) 호가 없음 (거래정지 의심)

══════════════════════════════════════════════════
⚠️  손실 주의 원익피앤이(217820) -8.8% (비상손절 -15%)
→ 전종목 HOLD
✅ Discord 전송 완료

[14:00] HOLD | KODEX RSI95/+6.0%⚠️ | 보유:GS(078930) +0.4% 원익피앤(217820) -8.8% | 💸예수금부족 | 최고신호 GS(078930) 2/3개 [하락-2.8% / MA골]
💰 예수금 4,159원 | KODEX200 RSI95/+6.1% 과열⚠️ | 매수기준 3개↑
📦 보유 GS(078930) 1주 +0.6%
📦 보유 원익피앤이(217820) 6주 -8.8% 🔴스탑로스임박

코드      종목명           가격    RSI     변화율    거래량     BB   호가비  B/S
────────────────────────────────────────────────────────────────────────
[2단계 분석 대상: 078930, 217820, 034020, 207940, 105560, 068270, 001510]
⛔ 아우토크립트(137040) 호가 없음 (거래정지 의심)
078930  GS        77,400   61.3    -2.5%    1.0x     중간  0.83  2/0
217820  원익피앤이      3,735   57.4    -1.4%    0.8x     중간  0.78  2/0
⛔ 금양(001570) 호가 없음 (거래정지 의심)

══════════════════════════════════════════════════
⚠️  손실 주의 원익피앤이(217820) -8.8% (비상손절 -15%)
→ 전종목 HOLD
✅ Discord 전송 완료

[14:02] HOLD | KODEX RSI95/+6.1%⚠️ | 보유:GS(078930) +0.6% 원익피앤(217820) -8.8% | 💸예수금부족 | 최고신호 GS(078930) 2/3개 [하락-2.5% / MA골]
💰 예수금 4,159원 | KODEX200 RSI95/+6.0% 과열⚠️ | 매수기준 3개↑
📦 보유 GS(078930) 1주 +0.6%
📦 보유 원익피앤이(217820) 6주 -8.8% 🔴스탑로스임박

코드      종목명           가격    RSI     변화율    거래량     BB   호가비  B/S
────────────────────────────────────────────────────────────────────────
[2단계 분석 대상: 078930, 217820, 034020, 105560, 066970, 068270, 207940]
⛔ 아우토크립트(137040) 호가 없음 (거래정지 의심)
078930  GS        77,300   60.8    -2.8%    1.0x     중간  0.55  2/0
217820  원익피앤이      3,735   57.4    -1.4%    0.8x     중간  0.90  2/0
⛔ 금양(001570) 호가 없음 (거래정지 의심)

══════════════════════════════════════════════════
⚠️  손실 주의 원익피앤이(217820) -8.8% (비상손절 -15%)
→ 전종목 HOLD
✅ Discord 전송 완료

[14:04] HOLD | KODEX RSI95/+6.0%⚠️ | 보유:GS(078930) +0.6% 원익피앤(217820) -8.8% | 💸예수금부족 | 최고신호 GS(078930) 2/3개 [하락-2.8% / MA골]
💰 예수금 4,159원 | KODEX200 RSI95/+6.1% 과열⚠️ | 매수기준 3개↑
📦 보유 GS(078930) 1주 +0.6%
📦 보유 원익피앤이(217820) 6주 -9.0% 🔴스탑로스임박

코드      종목명           가격    RSI     변화율    거래량     BB   호가비  B/S
────────────────────────────────────────────────────────────────────────
[2단계 분석 대상: 078930, 217820, 034020, 207940, 066970, 068270, 015760]
⛔ 아우토크립트(137040) 호가 없음 (거래정지 의심)
078930  GS        77,200   60.6    -2.9%    1.0x     중간  0.57  2/0
217820  원익피앤이      3,730   57.1    -1.7%    0.8x     중간  1.22  3/0
⛔ 금양(001570) 호가 없음 (거래정지 의심)

══════════════════════════════════════════════════
⚠️  손실 주의 원익피앤이(217820) -9.0% (비상손절 -15%)
→ 전종목 HOLD
✅ Discord 전송 완료

[14:06] HOLD | KODEX RSI95/+6.1%⚠️ | 보유:GS(078930) +0.6% 원익피앤(217820) -9.0% | 💸예수금부족 | 최고신호 원익피앤이(217820) 3/3개 [하락-1.7% / MA골 / 호가1.2]
💰 예수금 4,159원 | KODEX200 RSI95/+6.2% 과열⚠️ | 매수기준 3개↑
📦 보유 GS(078930) 1주 +0.2%
📦 보유 원익피앤이(217820) 6주 -8.8% 🔴스탑로스임박

코드      종목명           가격    RSI     변화율    거래량     BB   호가비  B/S
────────────────────────────────────────────────────────────────────────
[2단계 분석 대상: 078930, 217820, 066970, 034020, 015760, 068270, 084850]
⛔ 아우토크립트(137040) 호가 없음 (거래정지 의심)
078930  GS        77,100   60.3    -3.0%    1.0x     중간  0.74  2/0
217820  원익피앤이      3,730   57.2    -1.6%    0.8x     중간  1.31  3/0
⛔ 금양(001570) 호가 없음 (거래정지 의심)

══════════════════════════════════════════════════
⚠️  손실 주의 원익피앤이(217820) -8.8% (비상손절 -15%)
→ 전종목 HOLD
✅ Discord 전송 완료

[14:08] HOLD | KODEX RSI95/+6.2%⚠️ | 보유:GS(078930) +0.2% 원익피앤(217820) -8.8% | 💸예수금부족 | 최고신호 원익피앤이(217820) 3/3개 [하락-1.6% / MA골 / 호가1.3]
💰 예수금 4,159원 | KODEX200 RSI95/+6.3% 과열⚠️ | 매수기준 3개↑
📦 보유 GS(078930) 1주 +0.4%
📦 보유 원익피앤이(217820) 6주 -9.0% 🔴스탑로스임박

코드      종목명           가격    RSI     변화율    거래량     BB   호가비  B/S
────────────────────────────────────────────────────────────────────────
[2단계 분석 대상: 078930, 217820, 066970, 015760, 034020, 068270, 207940]
⛔ 아우토크립트(137040) 호가 없음 (거래정지 의심)
078930  GS        77,200   60.6    -2.9%    1.0x     중간  0.94  2/0
217820  원익피앤이      3,730   57.2    -1.6%    0.8x     중간  1.04  2/0
⛔ 금양(001570) 호가 없음 (거래정지 의심)

══════════════════════════════════════════════════
⚠️  손실 주의 원익피앤이(217820) -9.0% (비상손절 -15%)
→ 전종목 HOLD
✅ Discord 전송 완료

[14:10] HOLD | KODEX RSI95/+6.3%⚠️ | 보유:GS(078930) +0.4% 원익피앤(217820) -9.0% | 💸예수금부족 | 최고신호 GS(078930) 2/3개 [하락-2.9% / MA골]
💰 예수금 4,159원 | KODEX200 RSI95/+6.2% 과열⚠️ | 매수기준 3개↑
📦 보유 GS(078930) 1주 +0.4%
📦 보유 원익피앤이(217820) 6주 -9.0% 🔴스탑로스임박

코드      종목명           가격    RSI     변화율    거래량     BB   호가비  B/S
────────────────────────────────────────────────────────────────────────
[2단계 분석 대상: 078930, 217820, 015760, 066970, 105560, 034020, 207940]
⛔ 아우토크립트(137040) 호가 없음 (거래정지 의심)
078930  GS        77,300   60.8    -2.8%    1.0x     중간  0.59  2/0
217820  원익피앤이      3,730   57.0    -1.9%    0.8x     중간  1.05  2/0
⛔ 금양(001570) 호가 없음 (거래정지 의심)

══════════════════════════════════════════════════
⚠️  손실 주의 원익피앤이(217820) -9.0% (비상손절 -15%)
→ 전종목 HOLD
✅ Discord 전송 완료

[14:12] HOLD | KODEX RSI95/+6.2%⚠️ | 보유:GS(078930) +0.4% 원익피앤(217820) -9.0% | 💸예수금부족 | 최고신호 GS(078930) 2/3개 [하락-2.8% / MA골]
💰 예수금 4,159원 | KODEX200 RSI95/+6.3% 과열⚠️ | 매수기준 3개↑
📦 보유 GS(078930) 1주 +0.6%
📦 보유 원익피앤이(217820) 6주 -9.0% 🔴스탑로스임박

코드      종목명           가격    RSI     변화율    거래량     BB   호가비  B/S
────────────────────────────────────────────────────────────────────────
[2단계 분석 대상: 078930, 217820, 015760, 066970, 068270, 034020, 207940]
⛔ 아우토크립트(137040) 호가 없음 (거래정지 의심)
078930  GS        77,100   60.6    -2.9%    1.0x     중간  0.74  2/0
217820  원익피앤이      3,720   57.0    -1.9%    0.8x     중간  2.99  3/0
⛔ 금양(001570) 호가 없음 (거래정지 의심)

══════════════════════════════════════════════════
⚠️  손실 주의 원익피앤이(217820) -9.0% (비상손절 -15%)
→ 전종목 HOLD
✅ Discord 전송 완료

[14:14] HOLD | KODEX RSI95/+6.3%⚠️ | 보유:GS(078930) +0.6% 원익피앤(217820) -9.0% | 💸예수금부족 | 최고신호 원익피앤이(217820) 3/3개 [하락-1.9% / MA골 / 호가3.0]
💰 예수금 4,159원 | KODEX200 RSI95/+6.4% 과열⚠️ | 매수기준 3개↑
📦 보유 GS(078930) 1주 -0.1%
📦 보유 원익피앤이(217820) 6주 -9.0% 🔴스탑로스임박

코드      종목명           가격    RSI     변화율    거래량     BB   호가비  B/S
────────────────────────────────────────────────────────────────────────
[2단계 분석 대상: 078930, 217820, 015760, 068270, 034020, 207940, 001510]
⛔ 아우토크립트(137040) 호가 없음 (거래정지 의심)
078930  GS        76,900   60.1    -3.1%    1.0x     중간  1.29  3/0
217820  원익피앤이      3,715   56.8    -2.0%    0.8x     중간  3.12  3/0
⛔ 금양(001570) 호가 없음 (거래정지 의심)

══════════════════════════════════════════════════
⚠️  손실 주의 원익피앤이(217820) -9.0% (비상손절 -15%)
→ 전종목 HOLD
✅ Discord 전송 완료

[14:16] HOLD | KODEX RSI95/+6.4%⚠️ | 보유:GS(078930) -0.1% 원익피앤(217820) -9.0% | 💸예수금부족 | 최고신호 GS(078930) 3/3개 [하락-3.1% / MA골 / 호가1.3]
💰 예수금 4,159원 | KODEX200 RSI95/+6.5% 과열⚠️ | 매수기준 3개↑
📦 보유 GS(078930) 1주 -0.2%
📦 보유 원익피앤이(217820) 6주 -9.1% 🔴스탑로스임박

코드      종목명           가격    RSI     변화율    거래량     BB   호가비  B/S
────────────────────────────────────────────────────────────────────────
[2단계 분석 대상: 078930, 217820, 015760, 068270, 034020, 207940, 105560]
⛔ 아우토크립트(137040) 호가 없음 (거래정지 의심)
078930  GS        77,000   59.6    -3.4%    1.0x     중간  1.30  3/0
217820  원익피앤이      3,730   56.7    -2.1%    0.8x     중간  1.78  3/0
⛔ 금양(001570) 호가 없음 (거래정지 의심)

══════════════════════════════════════════════════
⚠️  손실 주의 원익피앤이(217820) -9.1% (비상손절 -15%)
→ 전종목 HOLD
✅ Discord 전송 완료

[14:18] HOLD | KODEX RSI95/+6.5%⚠️ | 보유:GS(078930) -0.2% 원익피앤(217820) -9.1% | 💸예수금부족 | 최고신호 GS(078930) 3/3개 [하락-3.4% / MA골 / 호가1.3]
💰 예수금 4,159원 | KODEX200 RSI95/+6.3% 과열⚠️ | 매수기준 3개↑
📦 보유 GS(078930) 1주 +0.0%
📦 보유 원익피앤이(217820) 6주 -8.8% 🔴스탑로스임박

코드      종목명           가격    RSI     변화율    거래량     BB   호가비  B/S
────────────────────────────────────────────────────────────────────────
[2단계 분석 대상: 078930, 217820, 015760, 034020, 207940, 068270, 105560]
⛔ 아우토크립트(137040) 호가 없음 (거래정지 의심)
078930  GS        76,900   60.1    -3.1%    1.0x     중간  3.53  3/0
217820  원익피앤이      3,725   57.2    -1.6%    0.8x     중간  2.23  3/0
⛔ 금양(001570) 호가 없음 (거래정지 의심)

══════════════════════════════════════════════════
⚠️  손실 주의 원익피앤이(217820) -8.8% (비상손절 -15%)
→ 전종목 HOLD
✅ Discord 전송 완료

[14:20] HOLD | KODEX RSI95/+6.3%⚠️ | 보유:GS(078930) +0.0% 원익피앤(217820) -8.8% | 💸예수금부족 | 최고신호 GS(078930) 3/3개 [하락-3.1% / MA골 / 호가3.5]
💰 예수금 4,159원 | KODEX200 RSI95/+6.2% 과열⚠️ | 매수기준 3개↑
📦 보유 GS(078930) 1주 +0.0%
📦 보유 원익피앤이(217820) 6주 -8.9% 🔴스탑로스임박

코드      종목명           가격    RSI     변화율    거래량     BB   호가비  B/S
────────────────────────────────────────────────────────────────────────
[2단계 분석 대상: 078930, 217820, 034020, 015760, 207940, 068270, 001510]
⛔ 아우토크립트(137040) 호가 없음 (거래정지 의심)
078930  GS        77,000   59.4    -3.5%    1.0x     중간  1.77  3/0
217820  원익피앤이      3,715   56.4    -2.4%    0.8x     중간  1.55  3/0
⛔ 금양(001570) 호가 없음 (거래정지 의심)

══════════════════════════════════════════════════
⚠️  손실 주의 원익피앤이(217820) -8.9% (비상손절 -15%)
→ 전종목 HOLD
✅ Discord 전송 완료

[14:22] HOLD | KODEX RSI95/+6.2%⚠️ | 보유:GS(078930) +0.0% 원익피앤(217820) -8.9% | 💸예수금부족 | 최고신호 GS(078930) 3/3개 [하락-3.5% / MA골 / 호가1.8]
💰 예수금 4,159원 | KODEX200 RSI95/+6.2% 과열⚠️ | 매수기준 3개↑
📦 보유 GS(078930) 1주 -0.2%
📦 보유 원익피앤이(217820) 6주 -9.1% 🔴스탑로스임박

코드      종목명           가격    RSI     변화율    거래량     BB   호가비  B/S
────────────────────────────────────────────────────────────────────────
[2단계 분석 대상: 078930, 217820, 015760, 034020, 207940, 001510, 003670]
⛔ 아우토크립트(137040) 호가 없음 (거래정지 의심)
078930  GS        77,000   60.1    -3.1%    1.0x     중간  1.88  3/0
217820  원익피앤이      3,715   56.8    -2.0%    0.8x     중간  1.50  3/0
⛔ 금양(001570) 호가 없음 (거래정지 의심)

══════════════════════════════════════════════════
⚠️  손실 주의 원익피앤이(217820) -9.1% (비상손절 -15%)
→ 전종목 HOLD
✅ Discord 전송 완료

[14:24] HOLD | KODEX RSI95/+6.2%⚠️ | 보유:GS(078930) -0.2% 원익피앤(217820) -9.1% | 💸예수금부족 | 최고신호 GS(078930) 3/3개 [하락-3.1% / MA골 / 호가1.9]
💰 예수금 4,159원 | KODEX200 RSI95/+6.2% 과열⚠️ | 매수기준 3개↑
📦 보유 GS(078930) 1주 +0.2%
📦 보유 원익피앤이(217820) 6주 -9.1% 🔴스탑로스임박

코드      종목명           가격    RSI     변화율    거래량     BB   호가비  B/S
────────────────────────────────────────────────────────────────────────
[2단계 분석 대상: 078930, 217820, 068270, 015760, 061250, 034020, 207940]
⛔ 아우토크립트(137040) 호가 없음 (거래정지 의심)
078930  GS        77,100   60.3    -3.0%    1.1x     중간  1.38  3/0
217820  원익피앤이      3,710   56.5    -2.2%    0.8x     중간  0.92  2/0
⛔ 금양(001570) 호가 없음 (거래정지 의심)

══════════════════════════════════════════════════
⚠️  손실 주의 원익피앤이(217820) -9.1% (비상손절 -15%)
→ 전종목 HOLD
✅ Discord 전송 완료

[14:26] HOLD | KODEX RSI95/+6.2%⚠️ | 보유:GS(078930) +0.2% 원익피앤(217820) -9.1% | 💸예수금부족 | 최고신호 GS(078930) 3/3개 [하락-3.0% / MA골 / 호가1.4]
💰 예수금 4,159원 | KODEX200 RSI95/+6.2% 과열⚠️ | 매수기준 3개↑
📦 보유 GS(078930) 1주 -0.1%
📦 보유 원익피앤이(217820) 6주 -9.0% 🔴스탑로스임박

코드      종목명           가격    RSI     변화율    거래량     BB   호가비  B/S
────────────────────────────────────────────────────────────────────────
[2단계 분석 대상: 078930, 217820, 034020, 015760, 061250, 066970, 105560]
⛔ 아우토크립트(137040) 호가 없음 (거래정지 의심)
078930  GS        77,100   59.8    -3.3%    1.1x     중간  1.58  3/0
217820  원익피앤이      3,720   57.0    -1.9%    0.8x     중간  1.49  3/0
⛔ 금양(001570) 호가 없음 (거래정지 의심)

══════════════════════════════════════════════════
⚠️  손실 주의 원익피앤이(217820) -9.0% (비상손절 -15%)
→ 전종목 HOLD
✅ Discord 전송 완료

[14:28] HOLD | KODEX RSI95/+6.2%⚠️ | 보유:GS(078930) -0.1% 원익피앤(217820) -9.0% | 💸예수금부족 | 최고신호 GS(078930) 3/3개 [하락-3.3% / MA골 / 호가1.6]
💰 예수금 4,159원 | KODEX200 RSI95/+6.3% 과열⚠️ | 매수기준 3개↑
📦 보유 GS(078930) 1주 -0.1%
📦 보유 원익피앤이(217820) 6주 -9.0% 🔴스탑로스임박

코드      종목명           가격    RSI     변화율    거래량     BB   호가비  B/S
────────────────────────────────────────────────────────────────────────
[2단계 분석 대상: 078930, 217820, 034020, 015760, 066970, 061250, 105560]
⛔ 아우토크립트(137040) 호가 없음 (거래정지 의심)
078930  GS        76,900   59.8    -3.3%    1.1x     중간  4.07  3/0
217820  원익피앤이      3,720   57.0    -1.9%    0.8x     중간  1.50  3/0
⛔ 금양(001570) 호가 없음 (거래정지 의심)

══════════════════════════════════════════════════
⚠️  손실 주의 원익피앤이(217820) -9.0% (비상손절 -15%)
→ 전종목 HOLD
✅ Discord 전송 완료

[14:30] HOLD | KODEX RSI95/+6.3%⚠️ | 보유:GS(078930) -0.1% 원익피앤(217820) -9.0% | 💸예수금부족 | 최고신호 GS(078930) 3/3개 [하락-3.3% / MA골 / 호가4.1]
💰 예수금 4,159원 | KODEX200 RSI95/+6.3% 과열⚠️ | 매수기준 3개↑
📦 보유 GS(078930) 1주 +0.2%
📦 보유 원익피앤이(217820) 6주 -9.0% 🔴스탑로스임박

코드      종목명           가격    RSI     변화율    거래량     BB   호가비  B/S
────────────────────────────────────────────────────────────────────────
[2단계 분석 대상: 078930, 217820, 034020, 015760, 105560, 207940, 061250]
⛔ 아우토크립트(137040) 호가 없음 (거래정지 의심)
078930  GS        76,900   59.6    -3.4%    1.1x     중간  4.33  3/0
217820  원익피앤이      3,720   56.7    -2.1%    0.9x     중간  1.45  3/0
⛔ 금양(001570) 호가 없음 (거래정지 의심)

══════════════════════════════════════════════════
⚠️  손실 주의 원익피앤이(217820) -9.0% (비상손절 -15%)
→ 전종목 HOLD
✅ Discord 전송 완료

[14:32] HOLD | KODEX RSI95/+6.3%⚠️ | 보유:GS(078930) +0.2% 원익피앤(217820) -9.0% | 💸예수금부족 | 최고신호 GS(078930) 3/3개 [하락-3.4% / MA골 / 호가4.3]
💰 예수금 4,159원 | KODEX200 RSI95/+6.3% 과열⚠️ | 매수기준 3개↑
📦 보유 GS(078930) 1주 +0.0%
📦 보유 원익피앤이(217820) 6주 -9.0% 🔴스탑로스임박

코드      종목명           가격    RSI     변화율    거래량     BB   호가비  B/S
────────────────────────────────────────────────────────────────────────
[2단계 분석 대상: 078930, 217820, 105560, 207940, 034020, 015760, 061250]
⛔ 아우토크립트(137040) 호가 없음 (거래정지 의심)
078930  GS        77,000   59.8    -3.3%    1.1x     중간  1.71  3/0
217820  원익피앤이      3,725   57.1    -1.7%    0.9x     중간  1.87  3/0
⛔ 금양(001570) 호가 없음 (거래정지 의심)

══════════════════════════════════════════════════
⚠️  손실 주의 원익피앤이(217820) -9.0% (비상손절 -15%)
→ 전종목 HOLD
✅ Discord 전송 완료

[14:34] HOLD | KODEX RSI95/+6.3%⚠️ | 보유:GS(078930) +0.0% 원익피앤(217820) -9.0% | 💸예수금부족 | 최고신호 GS(078930) 3/3개 [하락-3.3% / MA골 / 호가1.7]
💰 예수금 4,159원 | KODEX200 RSI95/+6.1% 과열⚠️ | 매수기준 3개↑
📦 보유 GS(078930) 1주 -0.1%
📦 보유 원익피앤이(217820) 6주 -8.9% 🔴스탑로스임박

코드      종목명           가격    RSI     변화율    거래량     BB   호가비  B/S
────────────────────────────────────────────────────────────────────────
[2단계 분석 대상: 078930, 217820, 034020, 207940, 055550, 105560, 066970]
⛔ 아우토크립트(137040) 호가 없음 (거래정지 의심)
078930  GS        77,000   60.1    -3.1%    1.1x     중간  1.99  3/0
217820  원익피앤이      3,720   57.0    -1.9%    0.9x     중간  1.43  3/0
⛔ 금양(001570) 호가 없음 (거래정지 의심)

══════════════════════════════════════════════════
⚠️  손실 주의 원익피앤이(217820) -8.9% (비상손절 -15%)
→ 전종목 HOLD
✅ Discord 전송 완료

[14:36] HOLD | KODEX RSI95/+6.1%⚠️ | 보유:GS(078930) -0.1% 원익피앤(217820) -8.9% | 💸예수금부족 | 최고신호 GS(078930) 3/3개 [하락-3.1% / MA골 / 호가2.0]
💰 예수금 4,159원 | KODEX200 RSI95/+5.8% 과열⚠️ | 매수기준 3개↑
📦 보유 GS(078930) 1주 -0.1%
📦 보유 원익피앤이(217820) 6주 -9.1% 🔴스탑로스임박

코드      종목명           가격    RSI     변화율    거래량     BB   호가비  B/S
────────────────────────────────────────────────────────────────────────
[2단계 분석 대상: 078930, 217820, 034020, 015760, 086790, 207940, 066970]
⛔ 아우토크립트(137040) 호가 없음 (거래정지 의심)
078930  GS        76,800   59.6    -3.4%    1.1x     중간  7.68  3/0
217820  원익피앤이      3,710   56.7    -2.1%    0.9x     중간  1.17  2/0
⛔ 금양(001570) 호가 없음 (거래정지 의심)

══════════════════════════════════════════════════
⚠️  손실 주의 원익피앤이(217820) -9.1% (비상손절 -15%)
→ 전종목 HOLD
✅ Discord 전송 완료

[14:38] HOLD | KODEX RSI95/+5.8%⚠️ | 보유:GS(078930) -0.1% 원익피앤(217820) -9.1% | 💸예수금부족 | 최고신호 GS(078930) 3/3개 [하락-3.4% / MA골 / 호가7.7]
💰 예수금 4,159원 | KODEX200 RSI95/+5.8% 과열⚠️ | 매수기준 3개↑
📦 보유 GS(078930) 1주 -0.1%
📦 보유 원익피앤이(217820) 6주 -9.4% 🔴스탑로스임박

코드      종목명           가격    RSI     변화율    거래량     BB   호가비  B/S
────────────────────────────────────────────────────────────────────────
[2단계 분석 대상: 078930, 217820, 034020, 015760, 105560, 000270, 066970]
⛔ 아우토크립트(137040) 호가 없음 (거래정지 의심)
078930  GS        76,800   59.8    -3.3%    1.1x     중간  5.51  3/0
217820  원익피앤이      3,705   56.5    -2.2%    0.9x     중간  0.91  2/0
⛔ 금양(001570) 호가 없음 (거래정지 의심)

══════════════════════════════════════════════════
⚠️  손실 주의 원익피앤이(217820) -9.4% (비상손절 -15%)
→ 전종목 HOLD
✅ Discord 전송 완료

[14:40] HOLD | KODEX RSI95/+5.8%⚠️ | 보유:GS(078930) -0.1% 원익피앤(217820) -9.4% | 💸예수금부족 | 최고신호 GS(078930) 3/3개 [하락-3.3% / MA골 / 호가5.5]
💰 예수금 4,159원 | KODEX200 RSI95/+5.8% 과열⚠️ | 매수기준 3개↑
📦 보유 GS(078930) 1주 -0.1%
📦 보유 원익피앤이(217820) 6주 -9.4% 🔴스탑로스임박

코드      종목명           가격    RSI     변화율    거래량     BB   호가비  B/S
────────────────────────────────────────────────────────────────────────
[2단계 분석 대상: 078930, 217820, 105560, 034020, 015760, 207940, 068270]
⛔ 아우토크립트(137040) 호가 없음 (거래정지 의심)
078930  GS        77,100   60.1    -3.1%    1.1x     중간  2.93  3/0
217820  원익피앤이      3,705   56.5    -2.2%    0.9x     중간  1.05  2/0
⛔ 금양(001570) 호가 없음 (거래정지 의심)

══════════════════════════════════════════════════
⚠️  손실 주의 원익피앤이(217820) -9.4% (비상손절 -15%)
→ 전종목 HOLD
✅ Discord 전송 완료

[14:42] HOLD | KODEX RSI95/+5.8%⚠️ | 보유:GS(078930) -0.1% 원익피앤(217820) -9.4% | 💸예수금부족 | 최고신호 GS(078930) 3/3개 [하락-3.1% / MA골 / 호가2.9]
💰 예수금 4,159원 | KODEX200 RSI95/+5.5% 과열⚠️ | 매수기준 3개↑
📦 보유 GS(078930) 1주 +0.0%
📦 보유 원익피앤이(217820) 6주 -9.5% 🔴스탑로스임박

코드      종목명           가격    RSI     변화율    거래량     BB   호가비  B/S
────────────────────────────────────────────────────────────────────────
[2단계 분석 대상: 078930, 217820, 015760, 034020, 068270, 000270, 003670]
⛔ 아우토크립트(137040) 호가 없음 (거래정지 의심)
078930  GS        76,900   59.8    -3.3%    1.1x     중간 12.29  3/0
217820  원익피앤이      3,705   56.5    -2.2%    0.9x     중간  0.93  2/0
⛔ 금양(001570) 호가 없음 (거래정지 의심)

══════════════════════════════════════════════════
⚠️  손실 주의 원익피앤이(217820) -9.5% (비상손절 -15%)
→ 전종목 HOLD
✅ Discord 전송 완료

[14:44] HOLD | KODEX RSI95/+5.5%⚠️ | 보유:GS(078930) +0.0% 원익피앤(217820) -9.5% | 💸예수금부족 | 최고신호 GS(078930) 3/3개 [하락-3.3% / MA골 / 호가12.3]
💰 예수금 4,159원 | KODEX200 RSI95/+5.4% 과열⚠️ | 매수기준 3개↑
📦 보유 GS(078930) 1주 -0.1%
📦 보유 원익피앤이(217820) 6주 -9.4% 🔴스탑로스임박

코드      종목명           가격    RSI     변화율    거래량     BB   호가비  B/S
────────────────────────────────────────────────────────────────────────
[2단계 분석 대상: 078930, 217820, 015760, 034020, 068270, 035720, 105560]
⛔ 아우토크립트(137040) 호가 없음 (거래정지 의심)
078930  GS        76,900   60.1    -3.1%    1.1x     중간  9.79  3/0
217820  원익피앤이      3,705   56.5    -2.2%    0.9x     중간  0.90  2/0
⛔ 금양(001570) 호가 없음 (거래정지 의심)

══════════════════════════════════════════════════
⚠️  손실 주의 원익피앤이(217820) -9.4% (비상손절 -15%)
→ 전종목 HOLD
✅ Discord 전송 완료

[14:46] HOLD | KODEX RSI95/+5.4%⚠️ | 보유:GS(078930) -0.1% 원익피앤(217820) -9.4% | 💸예수금부족 | 최고신호 GS(078930) 3/3개 [하락-3.1% / MA골 / 호가9.8]
💰 예수금 4,159원 | KODEX200 RSI95/+5.5% 과열⚠️ | 매수기준 3개↑
📦 보유 GS(078930) 1주 +0.2%
📦 보유 원익피앤이(217820) 6주 -9.4% 🔴스탑로스임박

코드      종목명           가격    RSI     변화율    거래량     BB   호가비  B/S
────────────────────────────────────────────────────────────────────────
[2단계 분석 대상: 078930, 217820, 015760, 034020, 068270, 003670, 035720]
⛔ 아우토크립트(137040) 호가 없음 (거래정지 의심)
078930  GS        77,000   60.3    -3.0%    1.1x     중간  5.32  3/0
217820  원익피앤이      3,715   56.8    -2.0%    0.9x     중간  0.94  2/0
⛔ 금양(001570) 호가 없음 (거래정지 의심)

══════════════════════════════════════════════════
⚠️  손실 주의 원익피앤이(217820) -9.4% (비상손절 -15%)
→ 전종목 HOLD
✅ Discord 전송 완료

[14:48] HOLD | KODEX RSI95/+5.5%⚠️ | 보유:GS(078930) +0.2% 원익피앤(217820) -9.4% | 💸예수금부족 | 최고신호 GS(078930) 3/3개 [하락-3.0% / MA골 / 호가5.3]
💰 예수금 4,159원 | KODEX200 RSI95/+5.6% 과열⚠️ | 매수기준 3개↑
📦 보유 GS(078930) 1주 +0.3%
📦 보유 원익피앤이(217820) 6주 -9.1% 🔴스탑로스임박

코드      종목명           가격    RSI     변화율    거래량     BB   호가비  B/S
────────────────────────────────────────────────────────────────────────
[2단계 분석 대상: 078930, 217820, 015760, 003670, 105560, 068270, 035720]
⛔ 아우토크립트(137040) 호가 없음 (거래정지 의심)
078930  GS        76,900   59.8    -3.3%    1.1x     중간 11.11  3/0
217820  원익피앤이      3,715   56.8    -2.0%    0.9x     중간  0.92  2/0
⛔ 금양(001570) 호가 없음 (거래정지 의심)

══════════════════════════════════════════════════
⚠️  손실 주의 원익피앤이(217820) -9.1% (비상손절 -15%)
→ 전종목 HOLD
✅ Discord 전송 완료

[14:50] HOLD | KODEX RSI95/+5.6%⚠️ | 보유:GS(078930) +0.3% 원익피앤(217820) -9.1% | 💸예수금부족 | 최고신호 GS(078930) 3/3개 [하락-3.3% / MA골 / 호가11.1]
💰 예수금 4,159원 | KODEX200 RSI95/+5.6% 과열⚠️ | 매수기준 3개↑
📦 보유 GS(078930) 1주 +0.3%
📦 보유 원익피앤이(217820) 6주 -9.1% 🔴스탑로스임박

코드      종목명           가격    RSI     변화율    거래량     BB   호가비  B/S
────────────────────────────────────────────────────────────────────────
[2단계 분석 대상: 078930, 217820, 015760, 105560, 012330, 084850, 035720]
⛔ 아우토크립트(137040) 호가 없음 (거래정지 의심)
078930  GS        77,200   60.6    -2.9%    1.1x     중간  2.37  3/0
217820  원익피앤이      3,715   56.8    -2.0%    0.9x     중간  0.91  2/0
⛔ 금양(001570) 호가 없음 (거래정지 의심)

══════════════════════════════════════════════════
⚠️  손실 주의 원익피앤이(217820) -9.1% (비상손절 -15%)
→ 전종목 HOLD
✅ Discord 전송 완료

[14:52] HOLD | KODEX RSI95/+5.6%⚠️ | 보유:GS(078930) +0.3% 원익피앤(217820) -9.1% | 💸예수금부족 | 최고신호 GS(078930) 3/3개 [하락-2.9% / MA골 / 호가2.4]
💰 예수금 4,159원 | KODEX200 RSI95/+5.5% 과열⚠️ | 매수기준 3개↑
📦 보유 GS(078930) 1주 +0.2%
📦 보유 원익피앤이(217820) 6주 -9.2% 🔴스탑로스임박

코드      종목명           가격    RSI     변화율    거래량     BB   호가비  B/S
────────────────────────────────────────────────────────────────────────
[2단계 분석 대상: 078930, 217820, 015760, 035720, 105560, 012330, 003670]
⛔ 아우토크립트(137040) 호가 없음 (거래정지 의심)
078930  GS        77,300   60.6    -2.9%    1.1x     중간  1.61  3/0
217820  원익피앤이      3,715   56.8    -2.0%    0.9x     중간  0.88  2/0
⛔ 금양(001570) 호가 없음 (거래정지 의심)

══════════════════════════════════════════════════
⚠️  손실 주의 원익피앤이(217820) -9.2% (비상손절 -15%)
→ 전종목 HOLD
✅ Discord 전송 완료

[14:54] HOLD | KODEX RSI95/+5.5%⚠️ | 보유:GS(078930) +0.2% 원익피앤(217820) -9.2% | 💸예수금부족 | 최고신호 GS(078930) 3/3개 [하락-2.9% / MA골 / 호가1.6]
💰 예수금 4,159원 | KODEX200 RSI95/+5.5% 과열⚠️ | 매수기준 3개↑
📦 보유 GS(078930) 1주 +0.2%
📦 보유 원익피앤이(217820) 6주 -9.1% 🔴스탑로스임박

코드      종목명           가격    RSI     변화율    거래량     BB   호가비  B/S
────────────────────────────────────────────────────────────────────────
[2단계 분석 대상: 078930, 217820, 015760, 066970, 105560, 035720, 012330]
⛔ 아우토크립트(137040) 호가 없음 (거래정지 의심)
078930  GS        77,300   60.6    -2.9%    1.1x     중간  1.19  2/0
217820  원익피앤이      3,715   56.8    -2.0%    0.9x     중간  0.86  2/0
⛔ 금양(001570) 호가 없음 (거래정지 의심)

══════════════════════════════════════════════════
⚠️  손실 주의 원익피앤이(217820) -9.1% (비상손절 -15%)
→ 전종목 HOLD
✅ Discord 전송 완료

[14:56] HOLD | KODEX RSI95/+5.5%⚠️ | 보유:GS(078930) +0.2% 원익피앤(217820) -9.1% | 💸예수금부족 | 최고신호 GS(078930) 2/3개 [하락-2.9% / MA골]
💰 예수금 4,159원 | KODEX200 RSI95/+5.4% 과열⚠️ | 매수기준 3개↑
📦 보유 GS(078930) 1주 +0.2%
📦 보유 원익피앤이(217820) 6주 -9.1% 🔴스탑로스임박

코드      종목명           가격    RSI     변화율    거래량     BB   호가비  B/S
────────────────────────────────────────────────────────────────────────
[2단계 분석 대상: 078930, 217820, 015760, 035720, 000660, 012330, 207940]
⛔ 아우토크립트(137040) 호가 없음 (거래정지 의심)
078930  GS        77,500   60.6    -2.9%    1.1x     중간  0.73  2/0
217820  원익피앤이      3,705   56.3    -2.5%    0.9x     중간  0.86  2/0
⛔ 금양(001570) 호가 없음 (거래정지 의심)

══════════════════════════════════════════════════
⚠️  손실 주의 원익피앤이(217820) -9.1% (비상손절 -15%)
→ 전종목 HOLD
✅ Discord 전송 완료

[14:58] HOLD | KODEX RSI95/+5.4%⚠️ | 보유:GS(078930) +0.2% 원익피앤(217820) -9.1% | 💸예수금부족 | 최고신호 GS(078930) 2/3개 [하락-2.9% / MA골]
💰 예수금 4,159원 | KODEX200 RSI95/+5.3% 과열⚠️ | 매수기준 3개↑
📦 보유 GS(078930) 1주 +0.3%
📦 보유 원익피앤이(217820) 6주 -9.2% 🔴스탑로스임박

코드      종목명           가격    RSI     변화율    거래량     BB   호가비  B/S
────────────────────────────────────────────────────────────────────────
[2단계 분석 대상: 078930, 217820, 015760, 012330, 068270, 207940, 003670]
⛔ 아우토크립트(137040) 호가 없음 (거래정지 의심)
078930  GS        77,300   60.8    -2.8%    1.1x     중간  1.61  3/0
217820  원익피앤이      3,710   56.7    -2.1%    0.9x     중간  1.04  2/0
⛔ 금양(001570) 호가 없음 (거래정지 의심)

══════════════════════════════════════════════════
⚠️  손실 주의 원익피앤이(217820) -9.2% (비상손절 -15%)
→ 전종목 HOLD
✅ Discord 전송 완료

[15:00] HOLD | KODEX RSI95/+5.3%⚠️ | 보유:GS(078930) +0.3% 원익피앤(217820) -9.2% | 💸예수금부족 | 최고신호 GS(078930) 3/3개 [하락-2.8% / MA골 / 호가1.6]
💰 예수금 4,159원 | KODEX200 RSI95/+5.2% 과열⚠️ | 매수기준 3개↑
📦 보유 GS(078930) 1주 +0.2%
📦 보유 원익피앤이(217820) 6주 -9.6% 🔴스탑로스임박

코드      종목명           가격    RSI     변화율    거래량     BB   호가비  B/S
────────────────────────────────────────────────────────────────────────
[2단계 분석 대상: 078930, 217820, 015760, 012330, 035720, 207940, 068270]
⛔ 아우토크립트(137040) 호가 없음 (거래정지 의심)
078930  GS        77,300   60.8    -2.8%    1.1x     중간  1.28  3/0
217820  원익피앤이      3,700   56.4    -2.4%    0.9x     중간  1.16  2/0
⛔ 금양(001570) 호가 없음 (거래정지 의심)

══════════════════════════════════════════════════
⚠️  손실 주의 원익피앤이(217820) -9.6% (비상손절 -15%)
→ 전종목 HOLD
✅ Discord 전송 완료

[15:02] HOLD | KODEX RSI95/+5.2%⚠️ | 보유:GS(078930) +0.2% 원익피앤(217820) -9.6% | 💸예수금부족 | 최고신호 GS(078930) 3/3개 [하락-2.8% / MA골 / 호가1.3]
💰 예수금 4,159원 | KODEX200 RSI95/+5.1% 과열⚠️ | 매수기준 3개↑
📦 보유 GS(078930) 1주 +0.6%
📦 보유 원익피앤이(217820) 6주 -9.5% 🔴스탑로스임박

코드      종목명           가격    RSI     변화율    거래량     BB   호가비  B/S
────────────────────────────────────────────────────────────────────────
[2단계 분석 대상: 078930, 217820, 105560, 015760, 012330, 035720, 207940]
⛔ 아우토크립트(137040) 호가 없음 (거래정지 의심)
078930  GS        77,400   61.3    -2.5%    1.1x     중간  0.94  2/0
217820  원익피앤이      3,710   56.4    -2.4%    0.9x     중간  1.34  3/0
⛔ 금양(001570) 호가 없음 (거래정지 의심)

══════════════════════════════════════════════════
⚠️  손실 주의 원익피앤이(217820) -9.5% (비상손절 -15%)
→ 전종목 HOLD
✅ Discord 전송 완료

[15:04] HOLD | KODEX RSI95/+5.1%⚠️ | 보유:GS(078930) +0.6% 원익피앤(217820) -9.5% | 💸예수금부족 | 최고신호 원익피앤이(217820) 3/3개 [하락-2.4% / MA골 / 호가1.3]
💰 예수금 4,158원 | KODEX200 RSI95/+5.2% 과열⚠️ | 매수기준 3개↑
📦 보유 GS(078930) 1주 +0.7%
📦 보유 원익피앤이(217820) 6주 -9.5% 🔴스탑로스임박

코드      종목명           가격    RSI     변화율    거래량     BB   호가비  B/S
────────────────────────────────────────────────────────────────────────
[2단계 분석 대상: 078930, 217820, 015760, 012330, 207940, 035720, 068270]
⛔ 아우토크립트(137040) 호가 없음 (거래정지 의심)
078930  GS        77,500   61.3    -2.5%    1.2x     중간  0.74  2/0
217820  원익피앤이      3,700   56.4    -2.4%    0.9x     중간  1.40  3/0
⛔ 금양(001570) 호가 없음 (거래정지 의심)

══════════════════════════════════════════════════
⚠️  손실 주의 원익피앤이(217820) -9.5% (비상손절 -15%)
→ 전종목 HOLD
✅ Discord 전송 완료

[15:06] HOLD | KODEX RSI95/+5.2%⚠️ | 보유:GS(078930) +0.7% 원익피앤(217820) -9.5% | 💸예수금부족 | 최고신호 원익피앤이(217820) 3/3개 [하락-2.4% / MA골 / 호가1.4]
💰 예수금 4,158원 | KODEX200 RSI95/+5.3% 과열⚠️ | 매수기준 3개↑
📦 보유 GS(078930) 1주 +0.7%
📦 보유 원익피앤이(217820) 6주 -9.5% 🔴스탑로스임박

코드      종목명           가격    RSI     변화율    거래량     BB   호가비  B/S
────────────────────────────────────────────────────────────────────────
[2단계 분석 대상: 078930, 217820, 066970, 015760, 105560, 012330, 207940]
⛔ 아우토크립트(137040) 호가 없음 (거래정지 의심)
078930  GS        77,500   61.3    -2.5%    1.2x     중간  0.99  2/0
217820  원익피앤이      3,695   56.3    -2.5%    0.9x     중간  1.40  3/0
⛔ 금양(001570) 호가 없음 (거래정지 의심)

══════════════════════════════════════════════════
⚠️  손실 주의 원익피앤이(217820) -9.5% (비상손절 -15%)
→ 전종목 HOLD
✅ Discord 전송 완료

[15:08] HOLD | KODEX RSI95/+5.3%⚠️ | 보유:GS(078930) +0.7% 원익피앤(217820) -9.5% | 💸예수금부족 | 최고신호 원익피앤이(217820) 3/3개 [하락-2.5% / MA골 / 호가1.4]
💰 예수금 4,158원 | KODEX200 RSI95/+5.2% 과열⚠️ | 매수기준 3개↑
📦 보유 GS(078930) 1주 +0.7%
📦 보유 원익피앤이(217820) 6주 -9.6% 🔴스탑로스임박

코드      종목명           가격    RSI     변화율    거래량     BB   호가비  B/S
────────────────────────────────────────────────────────────────────────
[2단계 분석 대상: 078930, 217820, 066970, 015760, 068270, 012330, 105560]
⛔ 아우토크립트(137040) 호가 없음 (거래정지 의심)
078930  GS        77,500   61.3    -2.5%    1.2x     중간  0.93  2/0
217820  원익피앤이      3,695   56.1    -2.6%    0.9x     중간  1.44  3/0
⛔ 금양(001570) 호가 없음 (거래정지 의심)

══════════════════════════════════════════════════
⚠️  손실 주의 원익피앤이(217820) -9.6% (비상손절 -15%)
→ 전종목 HOLD
✅ Discord 전송 완료

[15:10] HOLD | KODEX RSI95/+5.2%⚠️ | 보유:GS(078930) +0.7% 원익피앤(217820) -9.6% | 💸예수금부족 | 최고신호 원익피앤이(217820) 3/3개 [하락-2.6% / MA골 / 호가1.4]
💰 예수금 4,158원 | KODEX200 RSI95/+5.5% 과열⚠️ | 매수기준 3개↑
📦 보유 GS(078930) 1주 +0.7%
📦 보유 원익피앤이(217820) 6주 -9.6% 🔴스탑로스임박

코드      종목명           가격    RSI     변화율    거래량     BB   호가비  B/S
────────────────────────────────────────────────────────────────────────
[2단계 분석 대상: 078930, 217820, 105560, 015760, 003670, 066970, 012330]
⛔ 아우토크립트(137040) 호가 없음 (거래정지 의심)
078930  GS        77,600   61.3    -2.5%    1.2x     중간  0.75  2/0
217820  원익피앤이      3,695   56.1    -2.6%    0.9x     중간  1.92  3/0
⛔ 금양(001570) 호가 없음 (거래정지 의심)

══════════════════════════════════════════════════
⚠️  손실 주의 원익피앤이(217820) -9.6% (비상손절 -15%)
→ 전종목 HOLD
✅ Discord 전송 완료

[15:12] HOLD | KODEX RSI95/+5.5%⚠️ | 보유:GS(078930) +0.7% 원익피앤(217820) -9.6% | 💸예수금부족 | 최고신호 원익피앤이(217820) 3/3개 [하락-2.6% / MA골 / 호가1.9]
💰 예수금 4,158원 | KODEX200 RSI95/+5.5% 과열⚠️ | 매수기준 3개↑
📦 보유 GS(078930) 1주 +0.7%
📦 보유 원익피앤이(217820) 6주 -9.6% 🔴스탑로스임박

코드      종목명           가격    RSI     변화율    거래량     BB   호가비  B/S
────────────────────────────────────────────────────────────────────────
[2단계 분석 대상: 078930, 217820, 015760, 012330, 068270, 035720, 105560]
⛔ 아우토크립트(137040) 호가 없음 (거래정지 의심)
078930  GS        77,500   61.6    -2.4%    1.2x     중간  0.65  2/0
217820  원익피앤이      3,700   56.5    -2.2%    0.9x     중간  2.72  3/0
⛔ 금양(001570) 호가 없음 (거래정지 의심)

══════════════════════════════════════════════════
⚠️  손실 주의 원익피앤이(217820) -9.6% (비상손절 -15%)
→ 전종목 HOLD
✅ Discord 전송 완료

[15:14] HOLD | KODEX RSI95/+5.5%⚠️ | 보유:GS(078930) +0.7% 원익피앤(217820) -9.6% | 💸예수금부족 | 최고신호 원익피앤이(217820) 3/3개 [하락-2.2% / MA골 / 호가2.7]
💰 예수금 4,159원 | KODEX200 RSI95/+5.2% 과열⚠️ | 매수기준 3개↑
📦 보유 GS(078930) 1주 +0.6%
📦 보유 원익피앤이(217820) 6주 -9.5% 🔴스탑로스임박

코드      종목명           가격    RSI     변화율    거래량     BB   호가비  B/S
────────────────────────────────────────────────────────────────────────
[2단계 분석 대상: 078930, 217820, 015760, 012330, 207940, 003670, 055550]
⛔ 아우토크립트(137040) 호가 없음 (거래정지 의심)
078930  GS        77,400   61.3    -2.5%    1.2x     중간  0.62  2/0
217820  원익피앤이      3,700   56.4    -2.4%    0.9x     중간  2.45  3/0
⛔ 금양(001570) 호가 없음 (거래정지 의심)

══════════════════════════════════════════════════
⚠️  손실 주의 원익피앤이(217820) -9.5% (비상손절 -15%)
→ 전종목 HOLD
✅ Discord 전송 완료

[15:16] HOLD | KODEX RSI95/+5.2%⚠️ | 보유:GS(078930) +0.6% 원익피앤(217820) -9.5% | 💸예수금부족 | 최고신호 원익피앤이(217820) 3/3개 [하락-2.4% / MA골 / 호가2.5]
💰 예수금 4,159원 | KODEX200 RSI95/+5.0% 과열⚠️ | 매수기준 3개↑
📦 보유 GS(078930) 1주 +0.4%
📦 보유 원익피앤이(217820) 6주 -9.6% 🔴스탑로스임박

코드      종목명           가격    RSI     변화율    거래량     BB   호가비  B/S
────────────────────────────────────────────────────────────────────────
[2단계 분석 대상: 078930, 217820, 015760, 105560, 207940, 055550, 003670]
⛔ 아우토크립트(137040) 호가 없음 (거래정지 의심)
078930  GS        77,300   60.8    -2.8%    1.2x     중간  0.73  2/0
217820  원익피앤이      3,695   56.3    -2.5%    0.9x     중간  2.43  3/0
⛔ 금양(001570) 호가 없음 (거래정지 의심)

══════════════════════════════════════════════════
⚠️  손실 주의 원익피앤이(217820) -9.6% (비상손절 -15%)
→ 전종목 HOLD
✅ Discord 전송 완료

[15:18] HOLD | KODEX RSI95/+5.0%⚠️ | 보유:GS(078930) +0.4% 원익피앤(217820) -9.6% | 💸예수금부족 | 최고신호 원익피앤이(217820) 3/3개 [하락-2.5% / MA골 / 호가2.4]
💰 예수금 4,159원 | KODEX200 RSI95/+5.0% 과열⚠️ | 매수기준 3개↑
📦 보유 GS(078930) 1주 +0.6%
📦 보유 원익피앤이(217820) 6주 -9.7% 🔴스탑로스임박

코드      종목명           가격    RSI     변화율    거래량     BB   호가비  B/S
────────────────────────────────────────────────────────────────────────
[2단계 분석 대상: 078930, 217820, 034020, 005930, 015760, 056080, 003670]
⛔ 아우토크립트(137040) 호가 없음 (거래정지 의심)
078930  GS        78,000   61.1    -2.6%    1.2x     중간  0.27  2/0
217820  원익피앤이      3,695   56.1    -2.6%    0.9x     중간  5.05  3/0
⛔ 금양(001570) 호가 없음 (거래정지 의심)

══════════════════════════════════════════════════
⚠️  손실 주의 원익피앤이(217820) -9.7% (비상손절 -15%)
→ 전종목 HOLD
✅ Discord 전송 완료

[15:20] HOLD | KODEX RSI95/+5.0%⚠️ | 보유:GS(078930) +0.6% 원익피앤(217820) -9.7% | 💸예수금부족 | 최고신호 원익피앤이(217820) 3/3개 [하락-2.6% / MA골 / 호가5.0]
💰 예수금 4,159원 | KODEX200 RSI95/+5.0% 과열⚠️ | 매수기준 3개↑
📦 보유 GS(078930) 1주 +0.6%
📦 보유 원익피앤이(217820) 6주 -9.7% 🔴스탑로스임박

코드      종목명           가격    RSI     변화율    거래량     BB   호가비  B/S
────────────────────────────────────────────────────────────────────────
[2단계 분석 대상: 078930, 217820, 034020, 068270, 035720, 015760, 003670]
⛔ 아우토크립트(137040) 호가 없음 (거래정지 의심)
078930  GS        79,100   61.1    -2.6%    1.2x     중간  0.49  2/0
217820  원익피앤이      3,695   56.1    -2.6%    0.9x     중간 10.68  3/0
⛔ 금양(001570) 호가 없음 (거래정지 의심)

══════════════════════════════════════════════════
⚠️  손실 주의 원익피앤이(217820) -9.7% (비상손절 -15%)
→ 전종목 HOLD
✅ Discord 전송 완료

[15:22] HOLD | KODEX RSI95/+5.0%⚠️ | 보유:GS(078930) +0.6% 원익피앤(217820) -9.7% | 💸예수금부족 | 최고신호 원익피앤이(217820) 3/3개 [하락-2.6% / MA골 / 호가10.7]
💰 예수금 4,159원 | KODEX200 RSI95/+5.0% 과열⚠️ | 매수기준 3개↑
📦 보유 GS(078930) 1주 +0.6%
📦 보유 원익피앤이(217820) 6주 -9.7% 🔴스탑로스임박

코드      종목명           가격    RSI     변화율    거래량     BB   호가비  B/S
────────────────────────────────────────────────────────────────────────
[2단계 분석 대상: 078930, 217820, 034020, 247540, 035720, 003670, 035420]
⛔ 아우토크립트(137040) 호가 없음 (거래정지 의심)
078930  GS        78,500   61.1    -2.6%    1.2x     중간  0.31  2/0
217820  원익피앤이      3,695   56.1    -2.6%    0.9x     중간 19.73  3/0
⛔ 금양(001570) 호가 없음 (거래정지 의심)

══════════════════════════════════════════════════
⚠️  손실 주의 원익피앤이(217820) -9.7% (비상손절 -15%)
→ 전종목 HOLD
✅ Discord 전송 완료

[15:24] HOLD | KODEX RSI95/+5.0%⚠️ | 보유:GS(078930) +0.6% 원익피앤(217820) -9.7% | 💸예수금부족 | 최고신호 원익피앤이(217820) 3/3개 [하락-2.6% / MA골 / 호가19.7]
💰 예수금 4,159원 | KODEX200 RSI95/+5.0% 과열⚠️ | 매수기준 3개↑
📦 보유 GS(078930) 1주 +0.6%
📦 보유 원익피앤이(217820) 6주 -9.7% 🔴스탑로스임박

코드      종목명           가격    RSI     변화율    거래량     BB   호가비  B/S
────────────────────────────────────────────────────────────────────────
[2단계 분석 대상: 078930, 217820, 000660, 068270, 034020, 035720, 035420]
⛔ 아우토크립트(137040) 호가 없음 (거래정지 의심)
078930  GS        77,500   61.1    -2.6%    1.2x     중간  1.39  3/0
217820  원익피앤이      3,695   56.1    -2.6%    0.9x     중간 18.73  3/0
⛔ 금양(001570) 호가 없음 (거래정지 의심)

══════════════════════════════════════════════════
⚠️  손실 주의 원익피앤이(217820) -9.7% (비상손절 -15%)
→ 전종목 HOLD
✅ Discord 전송 완료

[15:26] HOLD | KODEX RSI95/+5.0%⚠️ | 보유:GS(078930) +0.6% 원익피앤(217820) -9.7% | 💸예수금부족 | 최고신호 GS(078930) 3/3개 [하락-2.6% / MA골 / 호가1.4]
💰 예수금 4,159원 | KODEX200 RSI95/+5.0% 과열⚠️ | 매수기준 3개↑
📦 보유 GS(078930) 1주 +0.6%
📦 보유 원익피앤이(217820) 6주 -9.7% 🔴스탑로스임박

코드      종목명           가격    RSI     변화율    거래량     BB   호가비  B/S
────────────────────────────────────────────────────────────────────────
[2단계 분석 대상: 078930, 217820, 012330, 105560, 068270, 066970, 207940]
⛔ 아우토크립트(137040) 호가 없음 (거래정지 의심)
078930  GS        77,900   61.1    -2.6%    1.2x     중간  0.32  2/0
217820  원익피앤이      3,695   56.1    -2.6%    0.9x     중간 18.80  3/0
⛔ 금양(001570) 호가 없음 (거래정지 의심)

══════════════════════════════════════════════════
⚠️  손실 주의 원익피앤이(217820) -9.7% (비상손절 -15%)
→ 전종목 HOLD
✅ Discord 전송 완료

[15:28] HOLD | KODEX RSI95/+5.0%⚠️ | 보유:GS(078930) +0.6% 원익피앤(217820) -9.7% | 💸예수금부족 | 최고신호 원익피앤이(217820) 3/3개 [하락-2.6% / MA골 / 호가18.8]
💰 예수금 4,159원 | KODEX200 RSI95/+5.0% 과열⚠️ | 매수기준 3개↑
📦 보유 GS(078930) 1주 +0.6%
📦 보유 원익피앤이(217820) 6주 -9.7% 🔴스탑로스임박

코드      종목명           가격    RSI     변화율    거래량     BB   호가비  B/S
────────────────────────────────────────────────────────────────────────
[2단계 분석 대상: 078930, 217820, 068270, 012450, 001510, 034020, 015760]
⛔ 아우토크립트(137040) 호가 없음 (거래정지 의심)
078930  GS        77,400   61.3    -2.5%    1.2x     중간  0.46  2/0
217820  원익피앤이      3,695   56.3    -2.5%    0.9x     중간  2.53  3/0
⛔ 금양(001570) 호가 없음 (거래정지 의심)

══════════════════════════════════════════════════
⚠️  손실 주의 원익피앤이(217820) -9.7% (비상손절 -15%)
→ 전종목 HOLD
✅ Discord 전송 완료

[15:30] HOLD | KODEX RSI95/+5.0%⚠️ | 보유:GS(078930) +0.6% 원익피앤(217820) -9.7% | 💸예수금부족 | 최고신호 원익피앤이(217820) 3/3개 [하락-2.5% / MA골 / 호가2.5]
