💰 예수금 9,778원 | KODEX200 RSI88/+0.0% 과열⚠️ | 매수기준 3개↑
📦 보유 SK증권(001510) 1주 -3.6% ⚠️주의
📦 보유 GS(078930) 1주 -2.8% ⚠️주의
📦 보유 원익피앤이(217820) 3주 -4.1% 🔴스탑로스임박

코드      종목명           가격    RSI     변화율    거래량     BB   호가비  B/S
────────────────────────────────────────────────────────────────────────
[2단계 분석 대상: 001510, 078930, 217820, 015760, 034020, 005380, 061250, 056080]
⛔ 아우토크립트(137040) 호가 없음 (거래정지 의심)
078930  GS        74,800   45.9    +0.0%    0.0x     중간 18.93  1/1
061250  화일약품       8,420   23.6    +0.0%    0.0x     중간 41.14  2/0
217820  원익피앤이      3,395   37.7    +0.0%    0.0x     중간 58.66  2/1
001510  SK증권       4,530   60.0    +0.0%    0.0x     중간  6.95  2/0
⛔ 금양(001570) 호가 없음 (거래정지 의심)

══════════════════════════════════════════════════
→ 전종목 HOLD
✅ Discord 전송 완료

[08:50] HOLD | KODEX RSI88/+0.0%⚠️ | 보유:SK증권(001510) -3.6% GS(078930) -2.8% 원익피앤(217820) -4.1% | 💸예수금부족 | 최고신호 화일약품(061250) 2/3개 [RSI24 / 호가41.1]
💰 예수금 9,778원 | KODEX200 RSI88/+0.0% 과열⚠️ | 매수기준 3개↑
📦 보유 SK증권(001510) 1주 -3.6% ⚠️주의
📦 보유 GS(078930) 1주 -2.8% ⚠️주의
📦 보유 원익피앤이(217820) 3주 -4.1% 🔴스탑로스임박

코드      종목명           가격    RSI     변화율    거래량     BB   호가비  B/S
────────────────────────────────────────────────────────────────────────
[2단계 분석 대상: 001510, 078930, 217820, 005930, 061250, 042700, 015760, 403870]
⛔ 아우토크립트(137040) 호가 없음 (거래정지 의심)
078930  GS        78,100   53.4    +5.5%    0.0x     중간  0.66  0/1
061250  화일약품       8,420   23.3    -0.2%    0.0x     중간 14.25  2/0
217820  원익피앤이      3,360   38.1    +0.3%    0.0x     중간  4.56  2/1
001510  SK증권       4,660   62.4    +5.2%    0.0x     중간  0.52  1/0
⛔ 금양(001570) 호가 없음 (거래정지 의심)

══════════════════════════════════════════════════
→ 전종목 HOLD
✅ Discord 전송 완료

[09:00] HOLD | KODEX RSI88/+0.0%⚠️ | 보유:SK증권(001510) -3.6% GS(078930) -2.8% 원익피앤(217820) -4.1% | 💸예수금부족 | 최고신호 화일약품(061250) 2/3개 [RSI23 / 호가14.2]
💰 예수금 9,766원 | KODEX200 RSI87/-0.4% 과열⚠️ | 매수기준 3개↑
📦 보유 SK증권(001510) 1주 +1.5%
📦 보유 GS(078930) 1주 +4.1%
📦 보유 원익피앤이(217820) 3주 -4.2% 🔴스탑로스임박

코드      종목명           가격    RSI     변화율    거래량     BB   호가비  B/S
────────────────────────────────────────────────────────────────────────
[2단계 분석 대상: 001510, 078930, 217820, 058470, 061250, 042700, 000660, 034020]
⛔ 아우토크립트(137040) 호가 없음 (거래정지 의심)
078930  GS        80,600   55.3    +7.2%    0.1x     중간  3.83  1/2
061250  화일약품       8,420   23.1    -0.5%    0.0x     중간  6.00  2/0
217820  원익피앤이      3,340   37.4    -0.3%    0.0x     중간  0.14  1/1
001510  SK증권       4,630   61.6    +3.4%    0.1x     중간  2.42  2/0
⛔ 금양(001570) 호가 없음 (거래정지 의심)

══════════════════════════════════════════════════
🟡 SELL(수익실현💰) GS(078930) +4.1% [급등+7.2%, MA데드] 신뢰도0.7
💰 예수금: 9,770원
📊 GS(078930) 매도1호가: 80,200원 | 매수1호가: 79,900원
📌 SELL 지정가: 79,900원 × 1주
✅ 접수 | 매도 주문 접수: GS 1주 (주문번호: 0133897)
✅ Discord 전송 완료

[09:02] 🟡SELL | KODEX RSI87/-0.4%⚠️ | 예수금 9,766원

🟡 GS(078930)  💰수익+4.1%  RSI55 BB중간  [급등+7.2%·MA데드]
📦 SK증권 +1.5% | GS +4.1% | 원익피앤 -4.2%

🔶 화일약품  2/3  RSI23 -0.5%  [RSI23·호가6.0]
🔶 SK증권  2/3  RSI62 +3.4%  [MA골·호가2.4]
🔹 원익피앤이  1/3  RSI37 -0.3%  [RSI37]
💰 예수금 89,670원 | KODEX200 RSI87/-0.4% 과열⚠️ | 매수기준 3개↑
📦 보유 SK증권(001510) 1주 -1.4%
📦 보유 원익피앤이(217820) 3주 -5.1% 🔴스탑로스임박

코드      종목명           가격    RSI     변화율    거래량     BB   호가비  B/S
────────────────────────────────────────────────────────────────────────
[2단계 분석 대상: 001510, 217820, 061250, 042700, 138040, 034020, 000660]
403870  HPSP      54,700    0.0    +0.0%    0.0x     중간  0.63  0/0
⛔ 아우토크립트(137040) 호가 없음 (거래정지 의심)
035720  카카오       45,300    0.0    +0.0%    0.0x     중간  3.44  1/0
015760  한국전력      39,850    0.0    +0.0%    0.0x     중간  0.80  0/0
078930  GS        81,100    0.0    +0.0%    0.0x     중간  0.57  0/0
061250  화일약품       8,360   21.7    -1.9%    0.2x     중간 14.50  3/0
217820  원익피앤이      3,310   36.7    -1.2%    0.0x     중간  0.43  2/1
001510  SK증권       4,610   61.4    +2.9%    0.1x     중간  1.18  1/0
056080  유진로봇      27,500    0.0    +0.0%    0.0x     중간  0.51  0/0
084850  아이티엠반도체   15,890    0.0    +0.0%    0.0x     중간  0.44  0/0
⛔ 금양(001570) 호가 없음 (거래정지 의심)

══════════════════════════════════════════════════
→ 전종목 HOLD
✅ Discord 전송 완료

[09:04] HOLD | KODEX RSI87/-0.4%⚠️ | 보유:SK증권(001510) -1.4% 원익피앤(217820) -5.1% | 최고신호 화일약품(061250) 3/3개 [RSI22 / 하락-1.9% / 호가14.5]
💰 예수금 89,670원 | KODEX200 RSI87/-0.4% 과열⚠️ | 매수기준 3개↑
📦 보유 SK증권(001510) 1주 +0.3%
📦 보유 원익피앤이(217820) 3주 -5.1% 🔴스탑로스임박

코드      종목명           가격    RSI     변화율    거래량     BB   호가비  B/S
────────────────────────────────────────────────────────────────────────
[2단계 분석 대상: 001510, 217820, 061250, 012450, 138040, 079550, 034020]
403870  HPSP      55,000    0.0    +0.0%    0.0x     중간  0.48  0/0
⛔ 아우토크립트(137040) 호가 없음 (거래정지 의심)
035720  카카오       45,700    0.0    +0.0%    0.0x     중간  1.55  1/0
015760  한국전력      40,150    0.0    +0.0%    0.0x     중간  0.39  0/0
078930  GS        81,800    0.0    +0.0%    0.0x     중간  0.60  0/0
061250  화일약품       8,360   23.4    -0.1%    0.2x     중간  9.95  2/0
217820  원익피앤이      3,340   36.9    -0.9%    0.0x     중간  0.93  1/1
001510  SK증권       4,590   61.2    +2.5%    0.1x     중간  2.50  2/0
056080  유진로봇      27,500    0.0    +0.0%    0.0x     중간  0.49  0/0
084850  아이티엠반도체   15,870    0.0    +0.0%    0.0x     중간  1.56  1/0
⛔ 금양(001570) 호가 없음 (거래정지 의심)

══════════════════════════════════════════════════
→ 전종목 HOLD
✅ Discord 전송 완료

[09:06] HOLD | KODEX RSI87/-0.4%⚠️ | 보유:SK증권(001510) +0.3% 원익피앤(217820) -5.1% | 최고신호 화일약품(061250) 2/3개 [RSI23 / 호가9.9]
💰 예수금 89,669원 | KODEX200 RSI87/-0.3% 과열⚠️ | 매수기준 3개↑
📦 보유 SK증권(001510) 1주 -2.4%
📦 보유 원익피앤이(217820) 3주 -4.1% 🔴스탑로스임박

코드      종목명           가격    RSI     변화율    거래량     BB   호가비  B/S
────────────────────────────────────────────────────────────────────────
[2단계 분석 대상: 001510, 217820, 061250, 042700, 000660, 138040, 068270]
403870  HPSP      55,100    0.0    +0.0%    0.0x     중간  0.63  0/0
⛔ 아우토크립트(137040) 호가 없음 (거래정지 의심)
035720  카카오       45,650    0.0    +0.0%    0.0x     중간  1.85  1/0
015760  한국전력      40,350    0.0    +0.0%    0.0x     중간  0.54  0/0
078930  GS        83,000    0.0    +0.0%    0.0x     중간  0.02  0/0
061250  화일약품       8,440   24.0    +0.1%    0.2x     중간 67.72  2/0
217820  원익피앤이      3,355   37.9    +0.1%    0.0x     중간  1.29  2/1
001510  SK증권       4,560   60.8    +1.6%    0.1x     중간  1.77  2/0
056080  유진로봇      27,800    0.0    +0.0%    0.0x     중간  0.32  0/0
084850  아이티엠반도체   15,850    0.0    +0.0%    0.0x     중간  2.70  1/0
⛔ 금양(001570) 호가 없음 (거래정지 의심)

══════════════════════════════════════════════════
→ 전종목 HOLD
✅ Discord 전송 완료

[09:08] HOLD | KODEX RSI87/-0.3%⚠️ | 보유:SK증권(001510) -2.4% 원익피앤(217820) -4.1% | 최고신호 화일약품(061250) 2/3개 [RSI24 / 호가67.7]
💰 예수금 89,669원 | KODEX200 RSI88/-0.0% 과열⚠️ | 매수기준 3개↑
📦 보유 SK증권(001510) 1주 -4.1% 🔴스탑로스임박
📦 보유 원익피앤이(217820) 3주 -4.3% 🔴스탑로스임박

코드      종목명           가격    RSI     변화율    거래량     BB   호가비  B/S
────────────────────────────────────────────────────────────────────────
[2단계 분석 대상: 001510, 217820, 042700, 086790, 061250, 138040, 012450]
403870  HPSP      55,200    0.0    +0.0%    0.0x     중간  0.49  0/0
⛔ 아우토크립트(137040) 호가 없음 (거래정지 의심)
035720  카카오       45,550    0.0    +0.0%    0.0x     중간  2.09  1/0
015760  한국전력      40,150    0.0    +0.0%    0.0x     중간  0.56  0/0
078930  GS        83,000    0.0    +0.0%    0.0x     중간  0.28  0/0
061250  화일약품       8,500   26.6    +0.9%    0.2x     중간  3.42  2/0
217820  원익피앤이      3,350   37.7    +0.0%    0.0x     중간  1.56  2/1
001510  SK증권       4,490   60.2    +0.3%    0.1x     중간  2.49  2/0
056080  유진로봇      27,650    0.0    +0.0%    0.0x     중간  0.27  0/0
084850  아이티엠반도체   15,790    0.0    +0.0%    0.0x     중간  0.21  0/0
⛔ 금양(001570) 호가 없음 (거래정지 의심)

══════════════════════════════════════════════════
→ 전종목 HOLD
✅ Discord 전송 완료

[09:10] HOLD | KODEX RSI88/-0.0%⚠️ | 보유:SK증권(001510) -4.1% 원익피앤(217820) -4.3% | 최고신호 화일약품(061250) 2/3개 [RSI27 / 호가3.4]
💰 예수금 89,669원 | KODEX200 RSI88/+0.1% 과열⚠️ | 매수기준 3개↑
📦 보유 SK증권(001510) 1주 -2.9% ⚠️주의
📦 보유 원익피앤이(217820) 3주 -3.9% ⚠️주의

코드      종목명           가격    RSI     변화율    거래량     BB   호가비  B/S
────────────────────────────────────────────────────────────────────────
[2단계 분석 대상: 001510, 217820, 138040, 042700, 086790, 000270, 061250]
403870  HPSP      55,200    0.0    +0.0%    0.0x     중간  0.59  0/0
⛔ 아우토크립트(137040) 호가 없음 (거래정지 의심)
035720  카카오       45,750    0.0    +0.0%    0.0x     중간  1.36  1/0
015760  한국전력      39,850    0.0    +0.0%    0.0x     중간  3.02  1/0
078930  GS        83,400    0.0    +0.0%    0.0x     중간  0.80  0/0
061250  화일약품       8,510   25.9    +0.7%    0.2x     중간  4.37  2/0
217820  원익피앤이      3,380   38.3    +0.5%    0.1x     중간 15.15  2/1
001510  SK증권       4,535   60.6    +1.2%    0.1x     중간  1.42  2/0
056080  유진로봇      28,000    0.0    +0.0%    0.0x     중간  0.32  0/0
084850  아이티엠반도체   15,750    0.0    +0.0%    0.0x     중간  0.25  0/0
⛔ 금양(001570) 호가 없음 (거래정지 의심)

══════════════════════════════════════════════════
→ 전종목 HOLD
✅ Discord 전송 완료

[09:12] HOLD | KODEX RSI88/+0.1%⚠️ | 보유:SK증권(001510) -2.9% 원익피앤(217820) -3.9% | 최고신호 화일약품(061250) 2/3개 [RSI26 / 호가4.4]
💰 예수금 89,669원 | KODEX200 RSI88/+0.2% 과열⚠️ | 매수기준 3개↑
📦 보유 SK증권(001510) 1주 -2.9% ⚠️주의
📦 보유 원익피앤이(217820) 3주 -3.8% ⚠️주의

코드      종목명           가격    RSI     변화율    거래량     BB   호가비  B/S
────────────────────────────────────────────────────────────────────────
[2단계 분석 대상: 001510, 217820, 012450, 138040, 058470, 015760, 068270]
403870  HPSP      56,000    0.0    +0.0%    0.0x     중간  0.81  0/0
⛔ 아우토크립트(137040) 호가 없음 (거래정지 의심)
035720  카카오       45,600    0.0    +0.0%    0.0x     중간  2.46  1/0
015760  한국전력      39,850   17.4    +0.5%    0.1x     하단  4.06  3/0
078930  GS        84,300    0.0    +0.0%    0.0x     중간  0.25  0/0
061250  화일약품       8,480    0.0    +0.0%    0.0x     중간  1.40  1/0
217820  원익피앤이      3,360   38.1    +0.3%    0.1x     중간  3.95  2/1
001510  SK증권       4,510   60.4    +0.7%    0.1x     중간  1.80  2/0
056080  유진로봇      27,900    0.0    +0.0%    0.0x     중간  0.34  0/0
084850  아이티엠반도체   15,700    0.0    +0.0%    0.0x     중간  0.15  0/0
⛔ 금양(001570) 호가 없음 (거래정지 의심)

══════════════════════════════════════════════════
→ 전종목 HOLD
✅ Discord 전송 완료

[09:14] HOLD | KODEX RSI88/+0.2%⚠️ | 보유:SK증권(001510) -2.9% 원익피앤(217820) -3.8% | 최고신호 한국전력(015760) 3/3개 [RSI17 / BB하단 / 호가4.1]
💰 예수금 89,670원 | KODEX200 RSI88/+0.5% 과열⚠️ | 매수기준 3개↑
📦 보유 SK증권(001510) 1주 -3.0% ⚠️주의
📦 보유 원익피앤이(217820) 3주 -4.6% 🔴스탑로스임박

코드      종목명           가격    RSI     변화율    거래량     BB   호가비  B/S
────────────────────────────────────────────────────────────────────────
[2단계 분석 대상: 001510, 217820, 012450, 058470, 068270, 207940, 079550]
403870  HPSP      55,900    0.0    +0.0%    0.0x     중간  1.10  0/0
⛔ 아우토크립트(137040) 호가 없음 (거래정지 의심)
035720  카카오       45,500    0.0    +0.0%    0.0x     중간  2.23  1/0
015760  한국전력      39,800    0.0    +0.0%    0.0x     중간  2.54  1/0
078930  GS        85,200    0.0    +0.0%    0.0x     중간  0.16  0/0
061250  화일약품       8,440    0.0    +0.0%    0.0x     중간  2.13  1/0
217820  원익피앤이      3,355   37.9    +0.1%    0.1x     중간  1.32  2/1
001510  SK증권       4,520   60.3    +0.6%    0.1x     중간  1.93  2/0
056080  유진로봇      28,000    0.0    +0.0%    0.0x     중간  0.39  0/0
084850  아이티엠반도체   15,630    0.0    +0.0%    0.0x     중간  1.34  1/0
⛔ 금양(001570) 호가 없음 (거래정지 의심)

══════════════════════════════════════════════════
→ 전종목 HOLD
✅ Discord 전송 완료

[09:16] HOLD | KODEX RSI88/+0.5%⚠️ | 보유:SK증권(001510) -3.0% 원익피앤(217820) -4.6% | 최고신호 원익피앤이(217820) 2/3개 [RSI38 / 호가1.3]
💰 예수금 89,669원 | KODEX200 RSI88/+0.5% 과열⚠️ | 매수기준 3개↑
📦 보유 SK증권(001510) 1주 -3.8% ⚠️주의
📦 보유 원익피앤이(217820) 3주 -3.9% ⚠️주의

코드      종목명           가격    RSI     변화율    거래량     BB   호가비  B/S
────────────────────────────────────────────────────────────────────────
[2단계 분석 대상: 001510, 217820, 012450, 058470, 068270, 079550, 207940]
403870  HPSP      55,100    0.0    +0.0%    0.0x     중간  1.49  1/0
⛔ 아우토크립트(137040) 호가 없음 (거래정지 의심)
035720  카카오       45,550    0.0    +0.0%    0.0x     중간  1.74  1/0
015760  한국전력      39,800    0.0    +0.0%    0.0x     중간  2.48  1/0
078930  GS        85,600    0.0    +0.0%    0.0x     중간  0.74  0/0
061250  화일약품       8,390    0.0    +0.0%    0.0x     중간  2.95  1/0
217820  원익피앤이      3,355   37.3    -0.5%    0.1x     중간  2.20  2/1
001510  SK증권       4,465   59.9    -0.2%    0.1x     중간  6.96  2/0
056080  유진로봇      28,100    0.0    +0.0%    0.0x     중간  0.16  0/0
084850  아이티엠반도체   15,700    0.0    +0.0%    0.0x     중간  0.97  0/0
⛔ 금양(001570) 호가 없음 (거래정지 의심)

══════════════════════════════════════════════════
→ 전종목 HOLD
✅ Discord 전송 완료

[09:18] HOLD | KODEX RSI88/+0.5%⚠️ | 보유:SK증권(001510) -3.8% 원익피앤(217820) -3.9% | 최고신호 원익피앤이(217820) 2/3개 [RSI37 / 호가2.2]
💰 예수금 89,669원 | KODEX200 RSI88/+0.5% 과열⚠️ | 매수기준 3개↑
📦 보유 SK증권(001510) 1주 -3.7% ⚠️주의
📦 보유 원익피앤이(217820) 3주 -4.3% 🔴스탑로스임박

코드      종목명           가격    RSI     변화율    거래량     BB   호가비  B/S
────────────────────────────────────────────────────────────────────────
[2단계 분석 대상: 001510, 217820, 012450, 058470, 086790, 068270, 079550]
403870  HPSP      55,000    0.0    +0.0%    0.0x     중간  2.07  1/0
⛔ 아우토크립트(137040) 호가 없음 (거래정지 의심)
035720  카카오       45,700    0.0    +0.0%    0.0x     중간  1.50  1/0
015760  한국전력      39,800    0.0    +0.0%    0.0x     중간  2.07  1/0
078930  GS        85,200    0.0    +0.0%    0.0x     중간  0.37  0/0
061250  화일약품       8,390    0.0    +0.0%    0.0x     중간  3.07  1/0
217820  원익피앤이      3,330   36.9    -0.9%    0.1x     중간  1.38  2/1
001510  SK증권       4,470   60.0    -0.1%    0.1x     중간  7.58  2/0
056080  유진로봇      28,300    0.0    +0.0%    0.0x     중간  0.14  0/0
084850  아이티엠반도체   15,750    0.0    +0.0%    0.0x     중간  1.13  0/0
⛔ 금양(001570) 호가 없음 (거래정지 의심)

══════════════════════════════════════════════════
→ 전종목 HOLD
✅ Discord 전송 완료

[09:20] HOLD | KODEX RSI88/+0.5%⚠️ | 보유:SK증권(001510) -3.7% 원익피앤(217820) -4.3% | 최고신호 원익피앤이(217820) 2/3개 [RSI37 / 호가1.4]
💰 예수금 89,669원 | KODEX200 RSI88/+0.7% 과열⚠️ | 매수기준 3개↑
📦 보유 SK증권(001510) 1주 -3.0% ⚠️주의
📦 보유 원익피앤이(217820) 3주 -4.5% 🔴스탑로스임박

코드      종목명           가격    RSI     변화율    거래량     BB   호가비  B/S
────────────────────────────────────────────────────────────────────────
[2단계 분석 대상: 001510, 217820, 058470, 012450, 068270, 086790, 138040]
403870  HPSP      55,300    0.0    +0.0%    0.0x     중간  0.94  0/0
⛔ 아우토크립트(137040) 호가 없음 (거래정지 의심)
035720  카카오       45,800    0.0    +0.0%    0.0x     중간  1.09  0/0
015760  한국전력      39,750    0.0    +0.0%    0.0x     중간  2.25  1/0
078930  GS        86,200    0.0    +0.0%    0.0x     중간  0.31  0/0
061250  화일약품       8,390    0.0    +0.0%    0.0x     중간  2.73  1/0
217820  원익피앤이      3,345   37.3    -0.5%    0.1x     중간  1.15  1/1
001510  SK증권       4,515   60.4    +0.8%    0.1x     중간  2.81  2/0
056080  유진로봇      28,350    0.0    +0.0%    0.0x     중간  0.24  0/0
084850  아이티엠반도체   15,750    0.0    +0.0%    0.0x     중간  0.66  0/0
⛔ 금양(001570) 호가 없음 (거래정지 의심)

══════════════════════════════════════════════════
→ 전종목 HOLD
✅ Discord 전송 완료

[09:22] HOLD | KODEX RSI88/+0.7%⚠️ | 보유:SK증권(001510) -3.0% 원익피앤(217820) -4.5% | 최고신호 SK증권(001510) 2/3개 [MA골 / 호가2.8]
💰 예수금 89,669원 | KODEX200 RSI88/+0.8% 과열⚠️ | 매수기준 3개↑
📦 보유 SK증권(001510) 1주 -3.1% ⚠️주의
📦 보유 원익피앤이(217820) 3주 -4.5% 🔴스탑로스임박

코드      종목명           가격    RSI     변화율    거래량     BB   호가비  B/S
────────────────────────────────────────────────────────────────────────
[2단계 분석 대상: 001510, 217820, 058470, 086790, 012450, 138040, 034020]
403870  HPSP      55,300    0.0    +0.0%    0.0x     중간  1.24  1/0
⛔ 아우토크립트(137040) 호가 없음 (거래정지 의심)
035720  카카오       45,750    0.0    +0.0%    0.0x     중간  1.20  1/0
015760  한국전력      39,800    0.0    +0.0%    0.0x     중간  1.73  1/0
078930  GS        86,200    0.0    +0.0%    0.0x     중간  0.72  0/0
061250  화일약품       8,390    0.0    +0.0%    0.0x     중간  2.73  1/0
217820  원익피앤이      3,345   37.5    -0.1%    0.1x     중간  1.19  1/1
001510  SK증권       4,490   60.1    +0.2%    0.2x     중간  4.15  2/0
056080  유진로봇      28,650    0.0    +0.0%    0.0x     중간  3.17  1/0
084850  아이티엠반도체   15,700    0.0    +0.0%    0.0x     중간  0.67  0/0
⛔ 금양(001570) 호가 없음 (거래정지 의심)

══════════════════════════════════════════════════
→ 전종목 HOLD
✅ Discord 전송 완료

[09:24] HOLD | KODEX RSI88/+0.8%⚠️ | 보유:SK증권(001510) -3.1% 원익피앤(217820) -4.5% | 최고신호 SK증권(001510) 2/3개 [MA골 / 호가4.2]
💰 예수금 89,669원 | KODEX200 RSI88/+0.9% 과열⚠️ | 매수기준 3개↑
📦 보유 SK증권(001510) 1주 -3.7% ⚠️주의
📦 보유 원익피앤이(217820) 3주 -4.5% 🔴스탑로스임박

코드      종목명           가격    RSI     변화율    거래량     BB   호가비  B/S
────────────────────────────────────────────────────────────────────────
[2단계 분석 대상: 001510, 217820, 058470, 086790, 012450, 259960, 247540]
403870  HPSP      55,200    0.0    +0.0%    0.0x     중간  0.83  0/0
⛔ 아우토크립트(137040) 호가 없음 (거래정지 의심)
035720  카카오       45,700    0.0    +0.0%    0.0x     중간  1.20  1/0
015760  한국전력      39,950    0.0    +0.0%    0.0x     중간  0.97  0/0
078930  GS        86,600    0.0    +0.0%    0.0x     중간  0.44  0/0
061250  화일약품       8,390    0.0    +0.0%    0.0x     중간  2.73  1/0
217820  원익피앤이      3,335   37.3    -0.5%    0.1x     중간  0.86  1/1
001510  SK증권       4,475   60.0    -0.1%    0.2x     중간  5.07  2/0
056080  유진로봇      29,050    0.0    +0.0%    0.0x     중간  0.68  0/0
084850  아이티엠반도체   15,700    0.0    +0.0%    0.0x     중간  0.54  0/0
⛔ 금양(001570) 호가 없음 (거래정지 의심)

══════════════════════════════════════════════════
→ 전종목 HOLD
✅ Discord 전송 완료

[09:26] HOLD | KODEX RSI88/+0.9%⚠️ | 보유:SK증권(001510) -3.7% 원익피앤(217820) -4.5% | 최고신호 SK증권(001510) 2/3개 [MA골 / 호가5.1]
💰 예수금 89,670원 | KODEX200 RSI89/+1.0% 과열⚠️ | 매수기준 3개↑
📦 보유 SK증권(001510) 1주 -4.0% ⚠️주의
📦 보유 원익피앤이(217820) 3주 -4.8% 🔴스탑로스임박

코드      종목명           가격    RSI     변화율    거래량     BB   호가비  B/S
────────────────────────────────────────────────────────────────────────
[2단계 분석 대상: 001510, 217820, 058470, 012450, 247540, 086790, 259960]
403870  HPSP      55,300    0.0    +0.0%    0.0x     중간  0.83  0/0
⛔ 아우토크립트(137040) 호가 없음 (거래정지 의심)
035720  카카오       45,650    0.0    +0.0%    0.0x     중간  1.43  1/0
015760  한국전력      39,950    0.0    +0.0%    0.0x     중간  0.80  0/0
078930  GS        86,400    0.0    +0.0%    0.0x     중간  0.13  0/0
061250  화일약품       8,390    0.0    +0.0%    0.0x     중간  2.73  1/0
217820  원익피앤이      3,325   37.1    -0.8%    0.1x     중간  1.28  2/1
001510  SK증권       4,505   60.3    +0.6%    0.2x     중간  2.29  2/0
056080  유진로봇      28,800    0.0    +0.0%    0.0x     중간  0.30  0/0
084850  아이티엠반도체   15,700    0.0    +0.0%    0.0x     중간  0.43  0/0
⛔ 금양(001570) 호가 없음 (거래정지 의심)

══════════════════════════════════════════════════
→ 전종목 HOLD
✅ Discord 전송 완료

[09:28] HOLD | KODEX RSI89/+1.0%⚠️ | 보유:SK증권(001510) -4.0% 원익피앤(217820) -4.8% | 최고신호 원익피앤이(217820) 2/3개 [RSI37 / 호가1.3]
💰 예수금 89,670원 | KODEX200 RSI88/+0.8% 과열⚠️ | 매수기준 3개↑
📦 보유 SK증권(001510) 1주 -2.4%
📦 보유 원익피앤이(217820) 3주 -5.1% 🔴스탑로스임박

코드      종목명           가격    RSI     변화율    거래량     BB   호가비  B/S
────────────────────────────────────────────────────────────────────────
[2단계 분석 대상: 001510, 217820, 058470, 012450, 259960, 138040, 247540]
403870  HPSP      55,900    0.0    +0.0%    0.0x     중간  0.38  0/0
⛔ 아우토크립트(137040) 호가 없음 (거래정지 의심)
035720  카카오       45,750    0.0    +0.0%    0.0x     중간  1.25  1/0
015760  한국전력      39,900    0.0    +0.0%    0.0x     중간  1.06  0/0
078930  GS        86,000    0.0    +0.0%    0.0x     중간  0.38  0/0
061250  화일약품       8,380    0.0    +0.0%    0.0x     중간  2.70  1/0
217820  원익피앤이      3,320   36.9    -0.9%    0.1x     중간  0.58  1/1
001510  SK증권       4,525   60.5    +1.0%    0.2x     중간  0.41  1/0
056080  유진로봇      28,450    0.0    +0.0%    0.0x     중간  1.11  0/0
084850  아이티엠반도체   15,670    0.0    +0.0%    0.0x     중간  0.44  0/0
⛔ 금양(001570) 호가 없음 (거래정지 의심)

══════════════════════════════════════════════════
→ 전종목 HOLD
✅ Discord 전송 완료

[09:30] HOLD | KODEX RSI88/+0.8%⚠️ | 보유:SK증권(001510) -2.4% 원익피앤(217820) -5.1% | 최고신호 카카오(035720) 1/3개 [호가1.2]
💰 예수금 89,670원 | KODEX200 RSI88/+0.8% 과열⚠️ | 매수기준 3개↑
📦 보유 SK증권(001510) 1주 -2.5% ⚠️주의
📦 보유 원익피앤이(217820) 3주 -4.9% 🔴스탑로스임박

코드      종목명           가격    RSI     변화율    거래량     BB   호가비  B/S
────────────────────────────────────────────────────────────────────────
[2단계 분석 대상: 001510, 217820, 058470, 012450, 138040, 259960, 068270]
403870  HPSP      55,300    0.0    +0.0%    0.0x     중간  0.73  0/0
⛔ 아우토크립트(137040) 호가 없음 (거래정지 의심)
035720  카카오       45,850    0.0    +0.0%    0.0x     중간  0.84  0/0
015760  한국전력      40,100    0.0    +0.0%    0.0x     중간  0.56  0/0
078930  GS        84,500    0.0    +0.0%    0.0x     중간  1.72  1/0
061250  화일약품       8,400    0.0    +0.0%    0.0x     중간  2.55  1/0
217820  원익피앤이      3,320   36.9    -0.9%    0.1x     중간  0.63  1/1
001510  SK증권       4,510   60.3    +0.6%    0.2x     중간  1.08  1/0
056080  유진로봇      28,650    0.0    +0.0%    0.0x     중간  0.29  0/0
084850  아이티엠반도체   15,610    0.0    +0.0%    0.0x     중간  0.66  0/0
⛔ 금양(001570) 호가 없음 (거래정지 의심)

══════════════════════════════════════════════════
→ 전종목 HOLD
✅ Discord 전송 완료

[09:32] HOLD | KODEX RSI88/+0.8%⚠️ | 보유:SK증권(001510) -2.5% 원익피앤(217820) -4.9% | 최고신호 GS(078930) 1/3개 [호가1.7]
💰 예수금 89,670원 | KODEX200 RSI88/+0.9% 과열⚠️ | 매수기준 3개↑
📦 보유 SK증권(001510) 1주 -3.3% ⚠️주의
📦 보유 원익피앤이(217820) 3주 -5.2% 🔴스탑로스임박

코드      종목명           가격    RSI     변화율    거래량     BB   호가비  B/S
────────────────────────────────────────────────────────────────────────
[2단계 분석 대상: 001510, 217820, 012450, 058470, 138040, 247540, 259960]
403870  HPSP      55,400    0.0    +0.0%    0.0x     중간  0.68  0/0
⛔ 아우토크립트(137040) 호가 없음 (거래정지 의심)
035720  카카오       46,000    0.0    +0.0%    0.0x     중간  1.27  1/0
015760  한국전력      40,050    0.0    +0.0%    0.0x     중간  0.67  0/0
078930  GS        83,700    0.0    +0.0%    0.0x     중간  2.54  1/0
061250  화일약품       8,400    0.0    +0.0%    0.0x     중간  2.77  1/0
217820  원익피앤이      3,320   36.9    -0.9%    0.1x     중간  0.69  1/1
001510  SK증권       4,485   60.1    +0.2%    0.2x     중간  1.85  2/0
056080  유진로봇      28,800    0.0    +0.0%    0.0x     중간  0.29  0/0
084850  아이티엠반도체   15,660    0.0    +0.0%    0.0x     중간  1.11  0/0
⛔ 금양(001570) 호가 없음 (거래정지 의심)

══════════════════════════════════════════════════
→ 전종목 HOLD
✅ Discord 전송 완료

[09:34] HOLD | KODEX RSI88/+0.9%⚠️ | 보유:SK증권(001510) -3.3% 원익피앤(217820) -5.2% | 최고신호 SK증권(001510) 2/3개 [MA골 / 호가1.9]
💰 예수금 89,670원 | KODEX200 RSI88/+0.7% 과열⚠️ | 매수기준 3개↑
📦 보유 SK증권(001510) 1주 -3.6% ⚠️주의
📦 보유 원익피앤이(217820) 3주 -5.1% 🔴스탑로스임박

코드      종목명           가격    RSI     변화율    거래량     BB   호가비  B/S
────────────────────────────────────────────────────────────────────────
[2단계 분석 대상: 001510, 217820, 012450, 058470, 079550, 138040, 259960]
403870  HPSP      55,000    0.0    +0.0%    0.0x     중간  1.36  1/0
⛔ 아우토크립트(137040) 호가 없음 (거래정지 의심)
035720  카카오       45,950    0.0    +0.0%    0.0x     중간  1.59  1/0
015760  한국전력      39,950    0.0    +0.0%    0.0x     중간  0.93  0/0
078930  GS        84,200    0.0    +0.0%    0.0x     중간  1.62  1/0
061250  화일약품       8,390    0.0    +0.0%    0.0x     중간  2.41  1/0
217820  원익피앤이      3,315   36.8    -1.0%    0.1x     중간  0.54  2/1
001510  SK증권       4,455   59.5    -0.8%    0.2x     중간  3.25  2/0
056080  유진로봇      29,350    0.0    +0.0%    0.0x     중간  0.27  0/0
084850  아이티엠반도체   15,640    0.0    +0.0%    0.0x     중간  0.90  0/0
⛔ 금양(001570) 호가 없음 (거래정지 의심)

══════════════════════════════════════════════════
→ 전종목 HOLD
✅ Discord 전송 완료

[09:36] HOLD | KODEX RSI88/+0.7%⚠️ | 보유:SK증권(001510) -3.6% 원익피앤(217820) -5.1% | 최고신호 원익피앤이(217820) 2/3개 [RSI37 / 하락-1.0%]
💰 예수금 89,670원 | KODEX200 RSI88/+0.4% 과열⚠️ | 매수기준 3개↑
📦 보유 SK증권(001510) 1주 -4.4% 🔴스탑로스임박
📦 보유 원익피앤이(217820) 3주 -5.1% 🔴스탑로스임박

코드      종목명           가격    RSI     변화율    거래량     BB   호가비  B/S
────────────────────────────────────────────────────────────────────────
[2단계 분석 대상: 001510, 217820, 066970, 058470, 138040, 259960, 247540]
403870  HPSP      55,100    0.0    +0.0%    0.0x     중간  0.79  0/0
⛔ 아우토크립트(137040) 호가 없음 (거래정지 의심)
035720  카카오       45,650    0.0    +0.0%    0.0x     중간  2.49  1/0
015760  한국전력      39,750    0.0    +0.0%    0.0x     중간  2.31  1/0
078930  GS        84,100    0.0    +0.0%    0.0x     중간  1.54  1/0
061250  화일약품       8,390    0.0    +0.0%    0.0x     중간  2.54  1/0
217820  원익피앤이      3,305   36.5    -1.5%    0.1x     중간  0.24  2/1
001510  SK증권       4,420   59.1    -1.3%    0.2x     중간  2.96  3/0
056080  유진로봇      29,650    0.0    +0.0%    0.0x     중간  0.19  0/0
084850  아이티엠반도체   15,630    0.0    +0.0%    0.0x     중간  0.85  0/0
⛔ 금양(001570) 호가 없음 (거래정지 의심)

══════════════════════════════════════════════════
→ 전종목 HOLD
✅ Discord 전송 완료

[09:38] HOLD | KODEX RSI88/+0.4%⚠️ | 보유:SK증권(001510) -4.4% 원익피앤(217820) -5.1% | 최고신호 SK증권(001510) 3/3개 [하락-1.3% / MA골 / 호가3.0]
💰 예수금 89,670원 | KODEX200 RSI88/+0.3% 과열⚠️ | 매수기준 3개↑
📦 보유 SK증권(001510) 1주 -4.9% 🔴스탑로스임박
📦 보유 원익피앤이(217820) 3주 -5.8% 🔴스탑로스임박

코드      종목명           가격    RSI     변화율    거래량     BB   호가비  B/S
────────────────────────────────────────────────────────────────────────
[2단계 분석 대상: 001510, 217820, 079550, 012450, 058470, 066970, 259960]
403870  HPSP      55,200    0.0    +0.0%    0.0x     중간  0.74  0/0
⛔ 아우토크립트(137040) 호가 없음 (거래정지 의심)
035720  카카오       45,650    0.0    +0.0%    0.0x     중간  1.45  1/0
015760  한국전력      39,650    0.0    +0.0%    0.0x     중간  1.89  1/0
078930  GS        83,700    0.0    +0.0%    0.0x     중간  1.07  0/0
061250  화일약품       8,400    0.0    +0.0%    0.0x     중간  2.80  1/0
217820  원익피앤이      3,300   36.5    -1.5%    0.1x     중간  1.01  2/1
001510  SK증권       4,410   58.9    -1.6%    0.2x     중간  3.36  3/0
056080  유진로봇      29,150    0.0    +0.0%    0.0x     중간  0.85  0/0
084850  아이티엠반도체   15,640    0.0    +0.0%    0.0x     중간  0.69  0/0
⛔ 금양(001570) 호가 없음 (거래정지 의심)

══════════════════════════════════════════════════
→ 전종목 HOLD
✅ Discord 전송 완료

[09:40] HOLD | KODEX RSI88/+0.3%⚠️ | 보유:SK증권(001510) -4.9% 원익피앤(217820) -5.8% | 최고신호 SK증권(001510) 3/3개 [하락-1.6% / MA골 / 호가3.4]
💰 예수금 89,670원 | KODEX200 RSI88/-0.2% 과열⚠️ | 매수기준 3개↑
📦 보유 SK증권(001510) 1주 -5.3% 🔴스탑로스임박
📦 보유 원익피앤이(217820) 3주 -5.5% 🔴스탑로스임박

코드      종목명           가격    RSI     변화율    거래량     BB   호가비  B/S
────────────────────────────────────────────────────────────────────────
[2단계 분석 대상: 001510, 217820, 012450, 058470, 079550, 259960, 015760]
403870  HPSP      54,800    0.0    +0.0%    0.0x     중간  1.58  1/0
⛔ 아우토크립트(137040) 호가 없음 (거래정지 의심)
035720  카카오       45,600    0.0    +0.0%    0.0x     중간  1.72  1/0
015760  한국전력      39,550   15.5    -0.4%    0.3x     하단  4.75  3/0
078930  GS        84,100    0.0    +0.0%    0.0x     중간  0.46  0/0
061250  화일약품       8,390    0.0    +0.0%    0.0x     중간  2.09  1/0
217820  원익피앤이      3,285   36.1    -1.9%    0.1x     중간  0.59  2/1
001510  SK증권       4,380   58.5    -2.2%    0.2x     중간  1.34  3/0
056080  유진로봇      28,850    0.0    +0.0%    0.0x     중간  1.18  0/0
084850  아이티엠반도체   15,630    0.0    +0.0%    0.0x     중간  2.16  1/0
⛔ 금양(001570) 호가 없음 (거래정지 의심)

══════════════════════════════════════════════════
→ 전종목 HOLD
✅ Discord 전송 완료

[09:42] HOLD | KODEX RSI88/-0.2%⚠️ | 보유:SK증권(001510) -5.3% 원익피앤(217820) -5.5% | 최고신호 한국전력(015760) 3/3개 [RSI15 / BB하단 / 호가4.8]
💰 예수금 89,670원 | KODEX200 RSI88/-0.1% 과열⚠️ | 매수기준 3개↑
📦 보유 SK증권(001510) 1주 -5.5% 🔴스탑로스임박
📦 보유 원익피앤이(217820) 3주 -5.9% 🔴스탑로스임박

코드      종목명           가격    RSI     변화율    거래량     BB   호가비  B/S
────────────────────────────────────────────────────────────────────────
[2단계 분석 대상: 001510, 217820, 058470, 079550, 012450, 015760, 207940]
403870  HPSP      55,000    0.0    +0.0%    0.0x     중간  0.91  0/0
⛔ 아우토크립트(137040) 호가 없음 (거래정지 의심)
035720  카카오       45,800    0.0    +0.0%    0.0x     중간  0.91  0/0
015760  한국전력      39,500   15.3    -0.6%    0.3x     하단  4.71  3/0
078930  GS        84,300    0.0    +0.0%    0.0x     중간  0.44  0/0
061250  화일약품       8,320    0.0    +0.0%    0.0x     중간  1.95  1/0
217820  원익피앤이      3,300   36.5    -1.5%    0.1x     중간  1.06  2/1
001510  SK증권       4,400   58.8    -1.8%    0.2x     중간  7.21  3/0
056080  유진로봇      29,300    0.0    +0.0%    0.0x     중간  0.30  0/0
084850  아이티엠반도체   15,600    0.0    +0.0%    0.0x     중간  2.41  1/0
⛔ 금양(001570) 호가 없음 (거래정지 의심)

══════════════════════════════════════════════════
→ 전종목 HOLD
✅ Discord 전송 완료

[09:44] HOLD | KODEX RSI88/-0.1%⚠️ | 보유:SK증권(001510) -5.5% 원익피앤(217820) -5.9% | 최고신호 한국전력(015760) 3/3개 [RSI15 / BB하단 / 호가4.7]
💰 예수금 89,670원 | KODEX200 RSI88/+0.1% 과열⚠️ | 매수기준 3개↑
📦 보유 SK증권(001510) 1주 -5.3% 🔴스탑로스임박
📦 보유 원익피앤이(217820) 3주 -5.5% 🔴스탑로스임박

코드      종목명           가격    RSI     변화율    거래량     BB   호가비  B/S
────────────────────────────────────────────────────────────────────────
[2단계 분석 대상: 001510, 217820, 058470, 079550, 034020, 086790, 015760]
403870  HPSP      55,100    0.0    +0.0%    0.0x     중간  0.42  0/0
⛔ 아우토크립트(137040) 호가 없음 (거래정지 의심)
035720  카카오       45,800    0.0    +0.0%    0.0x     중간  0.69  0/0
015760  한국전력      39,450   15.2    -0.8%    0.3x     하단  4.09  3/0
078930  GS        83,900    0.0    +0.0%    0.0x     중간  1.90  1/0
061250  화일약품       8,300    0.0    +0.0%    0.0x     중간  2.01  1/0
217820  원익피앤이      3,310   36.6    -1.3%    0.1x     중간  0.80  2/1
001510  SK증권       4,390   58.7    -1.9%    0.2x     중간  2.07  3/0
056080  유진로봇      29,950    0.0    +0.0%    0.0x     중간  0.11  0/0
084850  아이티엠반도체   15,620    0.0    +0.0%    0.0x     중간  0.61  0/0
⛔ 금양(001570) 호가 없음 (거래정지 의심)

══════════════════════════════════════════════════
→ 전종목 HOLD
✅ Discord 전송 완료

[09:46] HOLD | KODEX RSI88/+0.1%⚠️ | 보유:SK증권(001510) -5.3% 원익피앤(217820) -5.5% | 최고신호 한국전력(015760) 3/3개 [RSI15 / BB하단 / 호가4.1]
💰 예수금 89,670원 | KODEX200 RSI88/-0.1% 과열⚠️ | 매수기준 3개↑
📦 보유 SK증권(001510) 1주 -5.7% 🔴스탑로스임박
📦 보유 원익피앤이(217820) 3주 -5.3% 🔴스탑로스임박

코드      종목명           가격    RSI     변화율    거래량     BB   호가비  B/S
────────────────────────────────────────────────────────────────────────
[2단계 분석 대상: 001510, 217820, 058470, 034020, 079550, 015760, 086790]
403870  HPSP      54,700    0.0    +0.0%    0.0x     중간  0.88  0/0
⛔ 아우토크립트(137040) 호가 없음 (거래정지 의심)
035720  카카오       45,750    0.0    +0.0%    0.0x     중간  0.95  0/0
015760  한국전력      39,300   15.2    -0.9%    0.3x     하단  4.19  3/0
078930  GS        83,800    0.0    +0.0%    0.0x     중간  1.12  0/0
061250  화일약품       8,300    0.0    +0.0%    0.0x     중간  2.07  1/0
217820  원익피앤이      3,310   36.7    -1.2%    0.1x     중간  0.83  2/1
001510  SK증권       4,375   58.5    -2.2%    0.2x     중간  1.75  3/0
056080  유진로봇      29,650    0.0    +0.0%    0.0x     중간  1.04  0/0
084850  아이티엠반도체   15,620    0.0    +0.0%    0.0x     중간  1.89  1/0
⛔ 금양(001570) 호가 없음 (거래정지 의심)

══════════════════════════════════════════════════
→ 전종목 HOLD
✅ Discord 전송 완료

[09:48] HOLD | KODEX RSI88/-0.1%⚠️ | 보유:SK증권(001510) -5.7% 원익피앤(217820) -5.3% | 최고신호 한국전력(015760) 3/3개 [RSI15 / BB하단 / 호가4.2]
💰 예수금 89,670원 | KODEX200 RSI87/-0.3% 과열⚠️ | 매수기준 3개↑
📦 보유 SK증권(001510) 1주 -5.8% 🔴스탑로스임박
📦 보유 원익피앤이(217820) 3주 -5.2% 🔴스탑로스임박

코드      종목명           가격    RSI     변화율    거래량     BB   호가비  B/S
────────────────────────────────────────────────────────────────────────
[2단계 분석 대상: 001510, 217820, 068270, 058470, 079550, 105560, 259960]
403870  HPSP      54,100    0.0    +0.0%    0.0x     중간  1.17  0/0
⛔ 아우토크립트(137040) 호가 없음 (거래정지 의심)
035720  카카오       45,800    0.0    +0.0%    0.0x     중간  0.85  0/0
015760  한국전력      39,300    0.0    +0.0%    0.0x     중간  4.45  1/0
078930  GS        83,700    0.0    +0.0%    0.0x     중간  0.45  0/0
061250  화일약품       8,300    0.0    +0.0%    0.0x     중간  2.08  1/0
217820  원익피앤이      3,305   36.4    -1.6%    0.1x     중간  1.47  3/1
001510  SK증권       4,370   58.3    -2.5%    0.2x     중간  1.13  2/0
056080  유진로봇      29,700    0.0    +0.0%    0.0x     중간  0.42  0/0
084850  아이티엠반도체   15,530    0.0    +0.0%    0.0x     중간  2.09  1/0
⛔ 금양(001570) 호가 없음 (거래정지 의심)

══════════════════════════════════════════════════
→ 전종목 HOLD
✅ Discord 전송 완료

[09:50] HOLD | KODEX RSI87/-0.3%⚠️ | 보유:SK증권(001510) -5.8% 원익피앤(217820) -5.2% | 최고신호 원익피앤이(217820) 3/3개 [RSI36 / 하락-1.6% / 호가1.5]
💰 예수금 89,670원 | KODEX200 RSI87/-0.4% 과열⚠️ | 매수기준 3개↑
📦 보유 SK증권(001510) 1주 -6.0% 🔴스탑로스임박
📦 보유 원익피앤이(217820) 3주 -5.3% 🔴스탑로스임박

코드      종목명           가격    RSI     변화율    거래량     BB   호가비  B/S
────────────────────────────────────────────────────────────────────────
[2단계 분석 대상: 001510, 217820, 086790, 058470, 068270, 015760, 079550]
403870  HPSP      54,100    0.0    +0.0%    0.0x     중간  1.00  0/0
⛔ 아우토크립트(137040) 호가 없음 (거래정지 의심)
035720  카카오       45,650    0.0    +0.0%    0.0x     중간  1.27  1/0
015760  한국전력      39,250   15.1    -1.0%    0.3x     하단  5.70  4/0
078930  GS        83,400    0.0    +0.0%    0.0x     중간  0.75  0/0
061250  화일약품       8,310    0.0    +0.0%    0.0x     중간  2.06  1/0
217820  원익피앤이      3,305   36.6    -1.3%    0.1x     중간  2.28  3/1
001510  SK증권       4,370   58.3    -2.5%    0.2x     중간  1.23  3/0
056080  유진로봇      29,950    0.0    +0.0%    0.0x     중간  0.26  0/0
084850  아이티엠반도체   14,440    0.0    +0.0%    0.0x     중간  0.86  0/0
⛔ 금양(001570) 호가 없음 (거래정지 의심)

══════════════════════════════════════════════════
→ 전종목 HOLD
✅ Discord 전송 완료

[09:52] HOLD | KODEX RSI87/-0.4%⚠️ | 보유:SK증권(001510) -6.0% 원익피앤(217820) -5.3% | 최고신호 한국전력(015760) 4/3개 [RSI15 / 하락-1.0% / BB하단 / 호가5.7]
💰 예수금 89,670원 | KODEX200 RSI88/-0.1% 과열⚠️ | 매수기준 3개↑
📦 보유 SK증권(001510) 1주 -5.9% 🔴스탑로스임박
📦 보유 원익피앤이(217820) 3주 -5.2% 🔴스탑로스임박

코드      종목명           가격    RSI     변화율    거래량     BB   호가비  B/S
────────────────────────────────────────────────────────────────────────
[2단계 분석 대상: 001510, 217820, 058470, 068270, 066970, 086790, 079550]
403870  HPSP      54,400    0.0    +0.0%    0.0x     중간  0.93  0/0
⛔ 아우토크립트(137040) 호가 없음 (거래정지 의심)
035720  카카오       45,900    0.0    +0.0%    0.0x     중간  0.63  0/0
015760  한국전력      39,300    0.0    +0.0%    0.0x     중간  5.46  1/0
078930  GS        83,800    0.0    +0.0%    0.0x     중간  0.52  0/0
061250  화일약품       8,310    0.0    +0.0%    0.0x     중간  2.08  1/0
217820  원익피앤이      3,330   36.8    -1.0%    0.1x     중간  0.99  2/1
001510  SK증권       4,365   58.2    -2.6%    0.2x     중간  1.52  3/0
056080  유진로봇      30,100    0.0    +0.0%    0.0x     중간  0.20  0/0
084850  아이티엠반도체   14,360    0.0    +0.0%    0.0x     중간  2.42  1/0
⛔ 금양(001570) 호가 없음 (거래정지 의심)

══════════════════════════════════════════════════
→ 전종목 HOLD
✅ Discord 전송 완료

[09:54] HOLD | KODEX RSI88/-0.1%⚠️ | 보유:SK증권(001510) -5.9% 원익피앤(217820) -5.2% | 최고신호 SK증권(001510) 3/3개 [하락-2.6% / MA골 / 호가1.5]
💰 예수금 89,670원 | KODEX200 RSI88/-0.1% 과열⚠️ | 매수기준 3개↑
📦 보유 SK증권(001510) 1주 -6.0% 🔴스탑로스임박
📦 보유 원익피앤이(217820) 3주 -4.6% 🔴스탑로스임박

코드      종목명           가격    RSI     변화율    거래량     BB   호가비  B/S
────────────────────────────────────────────────────────────────────────
[2단계 분석 대상: 001510, 217820, 058470, 086790, 084850, 079550, 015760]
403870  HPSP      54,100    0.0    +0.0%    0.0x     중간  2.36  1/0
⛔ 아우토크립트(137040) 호가 없음 (거래정지 의심)
035720  카카오       45,900    0.0    +0.0%    0.0x     중간  0.57  0/0
015760  한국전력      39,250   15.1    -1.0%    0.3x     하단  4.69  4/0
078930  GS        83,700    0.0    +0.0%    0.0x     중간  0.63  0/0
061250  화일약품       8,300    0.0    +0.0%    0.0x     중간  2.02  1/0
217820  원익피앤이      3,335   36.8    -1.0%    0.1x     중간  0.97  2/1
001510  SK증권       4,365   58.2    -2.6%    0.2x     중간  2.11  3/0
056080  유진로봇      29,800    0.0    +0.0%    0.0x     중간  0.51  0/0
084850  아이티엠반도체   14,660   26.0   -10.5%    0.5x     하단  5.64  4/0
⛔ 금양(001570) 호가 없음 (거래정지 의심)

══════════════════════════════════════════════════
→ 전종목 HOLD
✅ Discord 전송 완료

[09:56] HOLD | KODEX RSI88/-0.1%⚠️ | 보유:SK증권(001510) -6.0% 원익피앤(217820) -4.6% | 최고신호 한국전력(015760) 4/3개 [RSI15 / 하락-1.0% / BB하단 / 호가4.7]
💰 예수금 89,670원 | KODEX200 RSI88/-0.1% 과열⚠️ | 매수기준 3개↑
📦 보유 SK증권(001510) 1주 -6.0% 🔴스탑로스임박
📦 보유 원익피앤이(217820) 3주 -5.1% 🔴스탑로스임박

코드      종목명           가격    RSI     변화율    거래량     BB   호가비  B/S
────────────────────────────────────────────────────────────────────────
[2단계 분석 대상: 001510, 217820, 086790, 012450, 000660, 066970, 079550]
403870  HPSP      54,100    0.0    +0.0%    0.0x     중간  2.34  1/0
⛔ 아우토크립트(137040) 호가 없음 (거래정지 의심)
035720  카카오       45,900    0.0    +0.0%    0.0x     중간  0.51  0/0
015760  한국전력      39,200    0.0    +0.0%    0.0x     중간  4.29  1/0
078930  GS        84,800    0.0    +0.0%    0.0x     중간  0.62  0/0
061250  화일약품       8,300    0.0    +0.0%    0.0x     중간  2.03  1/0
217820  원익피앤이      3,335   37.3    -0.5%    0.2x     중간  0.94  1/1
001510  SK증권       4,360   58.1    -2.7%    0.2x     중간  1.36  3/0
056080  유진로봇      30,050    0.0    +0.0%    0.0x     중간  0.33  0/0
084850  아이티엠반도체   14,680    0.0    +0.0%    0.0x     중간  3.07  1/0
⛔ 금양(001570) 호가 없음 (거래정지 의심)

══════════════════════════════════════════════════
→ 전종목 HOLD
✅ Discord 전송 완료

[09:58] HOLD | KODEX RSI88/-0.1%⚠️ | 보유:SK증권(001510) -6.0% 원익피앤(217820) -5.1% | 최고신호 SK증권(001510) 3/3개 [하락-2.7% / MA골 / 호가1.4]
💰 예수금 89,669원 | KODEX200 RSI88/+0.0% 과열⚠️ | 매수기준 3개↑
📦 보유 SK증권(001510) 1주 -6.0% 🔴스탑로스임박
📦 보유 원익피앤이(217820) 3주 -4.5% 🔴스탑로스임박

코드      종목명           가격    RSI     변화율    거래량     BB   호가비  B/S
────────────────────────────────────────────────────────────────────────
[2단계 분석 대상: 001510, 217820, 015760, 086790, 084850, 012450, 066970]
403870  HPSP      54,100    0.0    +0.0%    0.0x     중간  2.26  1/0
⛔ 아우토크립트(137040) 호가 없음 (거래정지 의심)
035720  카카오       45,650    0.0    +0.0%    0.0x     중간  0.60  0/0
015760  한국전력      39,250   15.1    -1.0%    0.3x     하단  5.77  4/0
078930  GS        85,000    0.0    +0.0%    0.0x     중간  0.65  0/0
061250  화일약품       8,300    0.0    +0.0%    0.0x     중간  2.03  1/0
217820  원익피앤이      3,335   37.3    -0.5%    0.2x     중간  1.04  1/1
001510  SK증권       4,360   58.2    -2.6%    0.2x     중간  1.70  3/0
056080  유진로봇      29,750    0.0    +0.0%    0.0x     중간  4.12  1/0
084850  아이티엠반도체   14,680   26.1   -10.4%    0.5x     하단  5.05  4/0
⛔ 금양(001570) 호가 없음 (거래정지 의심)

══════════════════════════════════════════════════
→ 전종목 HOLD
✅ Discord 전송 완료

[10:00] HOLD | KODEX RSI88/+0.0%⚠️ | 보유:SK증권(001510) -6.0% 원익피앤(217820) -4.5% | 최고신호 한국전력(015760) 4/3개 [RSI15 / 하락-1.0% / BB하단 / 호가5.8]
💰 예수금 89,670원 | KODEX200 RSI88/+0.1% 과열⚠️ | 매수기준 3개↑
📦 보유 SK증권(001510) 1주 -6.1% 🔴스탑로스임박
📦 보유 원익피앤이(217820) 3주 -5.2% 🔴스탑로스임박

코드      종목명           가격    RSI     변화율    거래량     BB   호가비  B/S
────────────────────────────────────────────────────────────────────────
[2단계 분석 대상: 001510, 217820, 015760, 012450, 066970, 034020, 079550]
403870  HPSP      54,100    0.0    +0.0%    0.0x     중간  2.31  1/0
⛔ 아우토크립트(137040) 호가 없음 (거래정지 의심)
035720  카카오       45,700    0.0    +0.0%    0.0x     중간  0.74  0/0
015760  한국전력      39,350   15.2    -0.9%    0.3x     하단  8.75  3/0
078930  GS        84,900    0.0    +0.0%    0.0x     중간  0.68  0/0
061250  화일약품       8,300    0.0    +0.0%    0.0x     중간  2.00  1/0
217820  원익피앤이      3,335   37.3    -0.5%    0.2x     중간  0.89  1/1
001510  SK증권       4,355   58.1    -2.7%    0.2x     중간  1.15  2/0
056080  유진로봇      29,900    0.0    +0.0%    0.0x     중간  0.99  0/0
084850  아이티엠반도체   14,670    0.0    +0.0%    0.0x     중간  1.78  1/0
⛔ 금양(001570) 호가 없음 (거래정지 의심)

══════════════════════════════════════════════════
→ 전종목 HOLD
✅ Discord 전송 완료

[10:02] HOLD | KODEX RSI88/+0.1%⚠️ | 보유:SK증권(001510) -6.1% 원익피앤(217820) -5.2% | 최고신호 한국전력(015760) 3/3개 [RSI15 / BB하단 / 호가8.8]
💰 예수금 89,669원 | KODEX200 RSI88/+0.0% 과열⚠️ | 매수기준 3개↑
📦 보유 SK증권(001510) 1주 -6.3% 🔴스탑로스임박
📦 보유 원익피앤이(217820) 3주 -4.5% 🔴스탑로스임박

코드      종목명           가격    RSI     변화율    거래량     BB   호가비  B/S
────────────────────────────────────────────────────────────────────────
[2단계 분석 대상: 001510, 217820, 066970, 058470, 015760, 012450, 079550]
403870  HPSP      54,000    0.0    +0.0%    0.0x     중간  2.53  1/0
⛔ 아우토크립트(137040) 호가 없음 (거래정지 의심)
035720  카카오       45,650    0.0    +0.0%    0.0x     중간  0.60  0/0
015760  한국전력      39,400   15.2    -0.8%    0.3x     하단  8.86  3/0
078930  GS        85,400    0.0    +0.0%    0.0x     중간  0.31  0/0
061250  화일약품       8,300    0.0    +0.0%    0.0x     중간  2.00  1/0
217820  원익피앤이      3,335   37.3    -0.5%    0.2x     중간  0.85  1/1
001510  SK증권       4,355   58.1    -2.8%    0.2x     중간  1.41  3/0
056080  유진로봇      29,150    0.0    +0.0%    0.0x     중간  1.66  1/0
084850  아이티엠반도체   14,720    0.0    +0.0%    0.0x     중간  2.13  1/0
⛔ 금양(001570) 호가 없음 (거래정지 의심)

══════════════════════════════════════════════════
→ 전종목 HOLD
✅ Discord 전송 완료

[10:04] HOLD | KODEX RSI88/+0.0%⚠️ | 보유:SK증권(001510) -6.3% 원익피앤(217820) -4.5% | 최고신호 한국전력(015760) 3/3개 [RSI15 / BB하단 / 호가8.9]
💰 예수금 89,669원 | KODEX200 RSI88/-0.1% 과열⚠️ | 매수기준 3개↑
📦 보유 SK증권(001510) 1주 -6.3% 🔴스탑로스임박
📦 보유 원익피앤이(217820) 3주 -4.3% 🔴스탑로스임박

코드      종목명           가격    RSI     변화율    거래량     BB   호가비  B/S
────────────────────────────────────────────────────────────────────────
[2단계 분석 대상: 001510, 217820, 058470, 066970, 015760, 012450, 079550]
403870  HPSP      54,100    0.0    +0.0%    0.0x     중간  1.83  1/0
⛔ 아우토크립트(137040) 호가 없음 (거래정지 의심)
035720  카카오       45,650    0.0    +0.0%    0.0x     중간  0.70  0/0
015760  한국전력      39,400   15.2    -0.8%    0.3x     하단  7.57  3/0
078930  GS        84,900    0.0    +0.0%    0.0x     중간  1.09  0/0
061250  화일약품       8,300    0.0    +0.0%    0.0x     중간  2.00  1/0
217820  원익피앤이      3,340   37.4    -0.3%    0.2x     중간  1.12  1/1
001510  SK증권       4,345   58.0    -2.9%    0.2x     중간  2.16  3/0
056080  유진로봇      29,600    0.0    +0.0%    0.0x     중간  0.93  0/0
084850  아이티엠반도체   14,680    0.0    +0.0%    0.0x     중간  1.00  0/0
⛔ 금양(001570) 호가 없음 (거래정지 의심)

══════════════════════════════════════════════════
→ 전종목 HOLD
✅ Discord 전송 완료

[10:06] HOLD | KODEX RSI88/-0.1%⚠️ | 보유:SK증권(001510) -6.3% 원익피앤(217820) -4.3% | 최고신호 한국전력(015760) 3/3개 [RSI15 / BB하단 / 호가7.6]
💰 예수금 89,670원 | KODEX200 RSI87/-0.3% 과열⚠️ | 매수기준 3개↑
📦 보유 SK증권(001510) 1주 -6.8% 🔴스탑로스임박
📦 보유 원익피앤이(217820) 3주 -4.9% 🔴스탑로스임박

코드      종목명           가격    RSI     변화율    거래량     BB   호가비  B/S
────────────────────────────────────────────────────────────────────────
[2단계 분석 대상: 001510, 217820, 066970, 015760, 012450, 058470, 259960]
403870  HPSP      53,600    0.0    +0.0%    0.0x     중간  2.15  1/0
⛔ 아우토크립트(137040) 호가 없음 (거래정지 의심)
035720  카카오       45,650    0.0    +0.0%    0.0x     중간  0.66  0/0
015760  한국전력      39,300   15.1    -1.0%    0.3x     하단  5.97  4/0
078930  GS        84,700    0.0    +0.0%    0.0x     중간  1.28  1/0
061250  화일약품       8,300    0.0    +0.0%    0.0x     중간  1.96  1/0
217820  원익피앤이      3,340   36.8    -1.0%    0.2x     중간  1.22  3/1
001510  SK증권       4,340   57.9    -3.0%    0.2x     중간  3.62  3/0
056080  유진로봇      29,450    0.0    +0.0%    0.0x     중간  1.07  0/0
084850  아이티엠반도체   14,730    0.0    +0.0%    0.0x     중간  1.52  1/0
⛔ 금양(001570) 호가 없음 (거래정지 의심)

══════════════════════════════════════════════════
→ 전종목 HOLD
✅ Discord 전송 완료

[10:08] HOLD | KODEX RSI87/-0.3%⚠️ | 보유:SK증권(001510) -6.8% 원익피앤(217820) -4.9% | 최고신호 한국전력(015760) 4/3개 [RSI15 / 하락-1.0% / BB하단 / 호가6.0]
💰 예수금 89,670원 | KODEX200 RSI87/-0.4% 과열⚠️ | 매수기준 3개↑
📦 보유 SK증권(001510) 1주 -6.7% 🔴스탑로스임박
📦 보유 원익피앤이(217820) 3주 -5.1% 🔴스탑로스임박

코드      종목명           가격    RSI     변화율    거래량     BB   호가비  B/S
────────────────────────────────────────────────────────────────────────
[2단계 분석 대상: 001510, 217820, 058470, 259960, 015760, 138040, 061250]
403870  HPSP      53,400    0.0    +0.0%    0.0x     중간  2.84  1/0
⛔ 아우토크립트(137040) 호가 없음 (거래정지 의심)
035720  카카오       45,500    0.0    +0.0%    0.0x     중간  1.25  1/0
015760  한국전력      39,300   15.1    -1.0%    0.3x     하단  6.42  4/0
078930  GS        84,300    0.0    +0.0%    0.0x     중간  0.95  0/0
061250  화일약품       8,290   22.1    -1.5%    0.3x     중간  5.43  3/0
217820  원익피앤이      3,325   36.8    -1.0%    0.2x     중간  1.19  2/1
001510  SK증권       4,360   58.2    -2.6%    0.2x     중간  1.23  3/0
056080  유진로봇      29,850    0.0    +0.0%    0.0x     중간  0.20  0/0
084850  아이티엠반도체   14,750    0.0    +0.0%    0.0x     중간  1.17  0/0
⛔ 금양(001570) 호가 없음 (거래정지 의심)

══════════════════════════════════════════════════
→ 전종목 HOLD
✅ Discord 전송 완료

[10:10] HOLD | KODEX RSI87/-0.4%⚠️ | 보유:SK증권(001510) -6.7% 원익피앤(217820) -5.1% | 최고신호 한국전력(015760) 4/3개 [RSI15 / 하락-1.0% / BB하단 / 호가6.4]
💰 예수금 89,670원 | KODEX200 RSI87/-0.4% 과열⚠️ | 매수기준 3개↑
📦 보유 SK증권(001510) 1주 -6.2% 🔴스탑로스임박
📦 보유 원익피앤이(217820) 3주 -4.8% 🔴스탑로스임박

코드      종목명           가격    RSI     변화율    거래량     BB   호가비  B/S
────────────────────────────────────────────────────────────────────────
[2단계 분석 대상: 001510, 217820, 015760, 066970, 012450, 000660, 055550]
403870  HPSP      53,600    0.0    +0.0%    0.0x     중간  2.98  1/0
⛔ 아우토크립트(137040) 호가 없음 (거래정지 의심)
035720  카카오       45,300    0.0    +0.0%    0.0x     중간  1.88  1/0
015760  한국전력      39,200   15.0    -1.1%    0.3x     하단  7.70  4/0
078930  GS        84,000    0.0    +0.0%    0.0x     중간  1.13  0/0
061250  화일약품       8,290    0.0    +0.0%    0.0x     중간  1.94  1/0
217820  원익피앤이      3,325   37.1    -0.8%    0.2x     중간  1.02  1/1
001510  SK증권       4,360   58.2    -2.6%    0.2x     중간  1.24  3/0
056080  유진로봇      29,350    0.0    +0.0%    0.0x     중간  1.97  1/0
084850  아이티엠반도체   14,760    0.0    +0.0%    0.0x     중간  1.05  0/0
⛔ 금양(001570) 호가 없음 (거래정지 의심)

══════════════════════════════════════════════════
→ 전종목 HOLD
✅ Discord 전송 완료

[10:12] HOLD | KODEX RSI87/-0.4%⚠️ | 보유:SK증권(001510) -6.2% 원익피앤(217820) -4.8% | 최고신호 한국전력(015760) 4/3개 [RSI15 / 하락-1.1% / BB하단 / 호가7.7]
💰 예수금 89,670원 | KODEX200 RSI86/-0.6% 과열⚠️ | 매수기준 3개↑
📦 보유 SK증권(001510) 1주 -6.3% 🔴스탑로스임박
📦 보유 원익피앤이(217820) 3주 -4.8% 🔴스탑로스임박

코드      종목명           가격    RSI     변화율    거래량     BB   호가비  B/S
────────────────────────────────────────────────────────────────────────
[2단계 분석 대상: 001510, 217820, 138040, 015760, 066970, 012450, 079550]
403870  HPSP      53,400    0.0    +0.0%    0.0x     중간  3.65  1/0
⛔ 아우토크립트(137040) 호가 없음 (거래정지 의심)
035720  카카오       45,200    0.0    +0.0%    0.0x     중간  3.92  1/0
015760  한국전력      39,200   15.0    -1.1%    0.3x     하단  7.29  4/0
078930  GS        84,000    0.0    +0.0%    0.0x     중간  0.95  0/0
061250  화일약품       8,410    0.0    +0.0%    0.0x     중간  1.93  1/0
217820  원익피앤이      3,325   36.8    -1.0%    0.2x     중간  0.99  2/1
001510  SK증권       4,345   58.0    -2.9%    0.2x     중간  5.09  3/0
056080  유진로봇      29,400    0.0    +0.0%    0.0x     중간  1.25  1/0
084850  아이티엠반도체   14,740    0.0    +0.0%    0.0x     중간  0.69  0/0
⛔ 금양(001570) 호가 없음 (거래정지 의심)

══════════════════════════════════════════════════
→ 전종목 HOLD
✅ Discord 전송 완료

[10:14] HOLD | KODEX RSI86/-0.6%⚠️ | 보유:SK증권(001510) -6.3% 원익피앤(217820) -4.8% | 최고신호 한국전력(015760) 4/3개 [RSI15 / 하락-1.1% / BB하단 / 호가7.3]
💰 예수금 89,670원 | KODEX200 RSI87/-0.5% 과열⚠️ | 매수기준 3개↑
📦 보유 SK증권(001510) 1주 -6.5% 🔴스탑로스임박
📦 보유 원익피앤이(217820) 3주 -4.8% 🔴스탑로스임박

코드      종목명           가격    RSI     변화율    거래량     BB   호가비  B/S
────────────────────────────────────────────────────────────────────────
[2단계 분석 대상: 001510, 217820, 138040, 066970, 000270, 012450, 259960]
403870  HPSP      53,500    0.0    +0.0%    0.0x     중간  4.23  1/0
⛔ 아우토크립트(137040) 호가 없음 (거래정지 의심)
035720  카카오       45,450    0.0    +0.0%    0.0x     중간  1.45  1/0
015760  한국전력      39,150    0.0    +0.0%    0.0x     중간  4.61  1/0
078930  GS        83,500    0.0    +0.0%    0.0x     중간  1.58  1/0
061250  화일약품       8,510    0.0    +0.0%    0.0x     중간  2.09  1/0
217820  원익피앤이      3,330   37.2    -0.6%    0.2x     중간  1.45  2/1
001510  SK증권       4,360   58.2    -2.6%    0.2x     중간  3.89  3/0
056080  유진로봇      29,300    0.0    +0.0%    0.0x     중간  1.56  1/0
084850  아이티엠반도체   14,840    0.0    +0.0%    0.0x     중간  0.98  0/0
⛔ 금양(001570) 호가 없음 (거래정지 의심)

══════════════════════════════════════════════════
→ 전종목 HOLD
✅ Discord 전송 완료

[10:16] HOLD | KODEX RSI87/-0.5%⚠️ | 보유:SK증권(001510) -6.5% 원익피앤(217820) -4.8% | 최고신호 SK증권(001510) 3/3개 [하락-2.6% / MA골 / 호가3.9]
💰 예수금 89,670원 | KODEX200 RSI86/-0.7% 과열⚠️ | 매수기준 3개↑
📦 보유 SK증권(001510) 1주 -6.2% 🔴스탑로스임박
📦 보유 원익피앤이(217820) 3주 -5.1% 🔴스탑로스임박

코드      종목명           가격    RSI     변화율    거래량     BB   호가비  B/S
────────────────────────────────────────────────────────────────────────
[2단계 분석 대상: 001510, 217820, 066970, 015760, 138040, 012450, 000270]
403870  HPSP      53,300    0.0    +0.0%    0.0x     중간  4.03  1/0
⛔ 아우토크립트(137040) 호가 없음 (거래정지 의심)
035720  카카오       45,300    0.0    +0.0%    0.0x     중간  2.36  1/0
015760  한국전력      39,100   14.8    -1.4%    0.4x     하단  5.60  4/0
078930  GS        83,100    0.0    +0.0%    0.0x     중간  0.56  0/0
061250  화일약품       8,500    0.0    +0.0%    0.0x     중간  1.74  1/0
217820  원익피앤이      3,325   36.8    -1.0%    0.2x     중간  1.41  3/1
001510  SK증권       4,355   58.1    -2.7%    0.2x     중간  3.84  3/0
056080  유진로봇      28,850    0.0    +0.0%    0.0x     중간  0.75  0/0
084850  아이티엠반도체   14,980    0.0    +0.0%    0.0x     중간  1.38  1/0
⛔ 금양(001570) 호가 없음 (거래정지 의심)

══════════════════════════════════════════════════
→ 전종목 HOLD
✅ Discord 전송 완료

[10:18] HOLD | KODEX RSI86/-0.7%⚠️ | 보유:SK증권(001510) -6.2% 원익피앤(217820) -5.1% | 최고신호 한국전력(015760) 4/3개 [RSI15 / 하락-1.4% / BB하단 / 호가5.6]
💰 예수금 89,670원 | KODEX200 RSI86/-0.6% 과열⚠️ | 매수기준 3개↑
📦 보유 SK증권(001510) 1주 -6.4% 🔴스탑로스임박
📦 보유 원익피앤이(217820) 3주 -4.8% 🔴스탑로스임박

코드      종목명           가격    RSI     변화율    거래량     BB   호가비  B/S
────────────────────────────────────────────────────────────────────────
[2단계 분석 대상: 001510, 217820, 000270, 012450, 015760, 066970, 034020]
403870  HPSP      53,200    0.0    +0.0%    0.0x     중간  3.75  1/0
⛔ 아우토크립트(137040) 호가 없음 (거래정지 의심)
035720  카카오       45,400    0.0    +0.0%    0.0x     중간  1.83  1/0
015760  한국전력      39,100   14.8    -1.4%    0.4x     하단  5.53  4/0
078930  GS        82,700    0.0    +0.0%    0.0x     중간  1.36  1/0
061250  화일약품       8,490    0.0    +0.0%    0.0x     중간  2.35  1/0
217820  원익피앤이      3,315   36.8    -1.0%    0.2x     중간  1.19  2/1
001510  SK증권       4,355   58.1    -2.7%    0.2x     중간  4.96  3/0
056080  유진로봇      28,850    0.0    +0.0%    0.0x     중간  1.05  0/0
084850  아이티엠반도체   14,910    0.0    +0.0%    0.0x     중간  0.68  0/0
⛔ 금양(001570) 호가 없음 (거래정지 의심)

══════════════════════════════════════════════════
→ 전종목 HOLD
✅ Discord 전송 완료

[10:20] HOLD | KODEX RSI86/-0.6%⚠️ | 보유:SK증권(001510) -6.4% 원익피앤(217820) -4.8% | 최고신호 한국전력(015760) 4/3개 [RSI15 / 하락-1.4% / BB하단 / 호가5.5]
💰 예수금 89,670원 | KODEX200 RSI86/-0.8% 과열⚠️ | 매수기준 3개↑
📦 보유 SK증권(001510) 1주 -6.2% 🔴스탑로스임박
📦 보유 원익피앤이(217820) 3주 -4.9% 🔴스탑로스임박

코드      종목명           가격    RSI     변화율    거래량     BB   호가비  B/S
────────────────────────────────────────────────────────────────────────
[2단계 분석 대상: 001510, 217820, 058470, 015760, 012450, 000660, 035720]
403870  HPSP      53,100    0.0    +0.0%    0.0x     중간  4.63  1/0
⛔ 아우토크립트(137040) 호가 없음 (거래정지 의심)
035720  카카오       45,200   36.8    -1.7%    0.4x     중간  5.95  3/0
015760  한국전력      39,100   14.8    -1.5%    0.4x     하단  6.98  4/0
078930  GS        82,400    0.0    +0.0%    0.0x     중간  3.06  1/0
061250  화일약품       8,490    0.0    +0.0%    0.0x     중간  2.34  1/0
217820  원익피앤이      3,315   36.8    -1.0%    0.2x     중간  1.37  3/1
001510  SK증권       4,350   58.1    -2.8%    0.3x     중간  5.88  3/0
056080  유진로봇      28,850    0.0    +0.0%    0.0x     중간  1.16  0/0
084850  아이티엠반도체   14,840    0.0    +0.0%    0.0x     중간  0.86  0/0
⛔ 금양(001570) 호가 없음 (거래정지 의심)

══════════════════════════════════════════════════
→ 전종목 HOLD
✅ Discord 전송 완료

[10:22] HOLD | KODEX RSI86/-0.8%⚠️ | 보유:SK증권(001510) -6.2% 원익피앤(217820) -4.9% | 최고신호 한국전력(015760) 4/3개 [RSI15 / 하락-1.5% / BB하단 / 호가7.0]
💰 예수금 89,670원 | KODEX200 RSI86/-0.7% 과열⚠️ | 매수기준 3개↑
📦 보유 SK증권(001510) 1주 -6.4% 🔴스탑로스임박
📦 보유 원익피앤이(217820) 3주 -5.1% 🔴스탑로스임박

코드      종목명           가격    RSI     변화율    거래량     BB   호가비  B/S
────────────────────────────────────────────────────────────────────────
[2단계 분석 대상: 001510, 217820, 012450, 000660, 035720, 015760, 138040]
403870  HPSP      53,300    0.0    +0.0%    0.0x     중간  3.55  1/0
⛔ 아우토크립트(137040) 호가 없음 (거래정지 의심)
035720  카카오       45,150   36.6    -1.9%    0.4x     중간  7.35  3/0
015760  한국전력      39,200   14.9    -1.3%    0.4x     하단  6.52  4/0
078930  GS        82,700    0.0    +0.0%    0.0x     중간  2.08  1/0
061250  화일약품       8,490    0.0    +0.0%    0.0x     중간  2.32  1/0
217820  원익피앤이      3,320   36.8    -1.1%    0.2x     중간  1.39  3/1
001510  SK증권       4,350   58.0    -2.9%    0.3x     중간  6.80  3/0
056080  유진로봇      28,950    0.0    +0.0%    0.0x     중간  1.06  0/0
084850  아이티엠반도체   14,840    0.0    +0.0%    0.0x     중간  2.13  1/0
⛔ 금양(001570) 호가 없음 (거래정지 의심)

══════════════════════════════════════════════════
→ 전종목 HOLD
✅ Discord 전송 완료

[10:24] HOLD | KODEX RSI86/-0.7%⚠️ | 보유:SK증권(001510) -6.4% 원익피앤(217820) -5.1% | 최고신호 한국전력(015760) 4/3개 [RSI15 / 하락-1.3% / BB하단 / 호가6.5]
💰 예수금 89,670원 | KODEX200 RSI86/-0.6% 과열⚠️ | 매수기준 3개↑
📦 보유 SK증권(001510) 1주 -6.5% 🔴스탑로스임박
📦 보유 원익피앤이(217820) 3주 -5.1% 🔴스탑로스임박

코드      종목명           가격    RSI     변화율    거래량     BB   호가비  B/S
────────────────────────────────────────────────────────────────────────
[2단계 분석 대상: 001510, 217820, 058470, 061250, 012450, 000660, 015760]
403870  HPSP      53,100    0.0    +0.0%    0.0x     중간  6.39  1/0
⛔ 아우토크립트(137040) 호가 없음 (거래정지 의심)
035720  카카오       45,100    0.0    +0.0%    0.0x     중간  3.03  1/0
015760  한국전력      39,200   14.8    -1.4%    0.4x     하단  6.75  4/0
078930  GS        82,600    0.0    +0.0%    0.0x     중간  1.79  1/0
061250  화일약품       8,420   21.8    -1.8%    0.4x     중간 16.49  3/0
217820  원익피앤이      3,315   36.8    -1.0%    0.2x     중간  1.45  3/1
001510  SK증권       4,345   57.9    -3.0%    0.3x     중간  4.91  3/0
056080  유진로봇      28,950    0.0    +0.0%    0.0x     중간  1.13  0/0
084850  아이티엠반도체   14,830    0.0    +0.0%    0.0x     중간  2.13  1/0
⛔ 금양(001570) 호가 없음 (거래정지 의심)

══════════════════════════════════════════════════
→ 전종목 HOLD
✅ Discord 전송 완료

[10:26] HOLD | KODEX RSI86/-0.6%⚠️ | 보유:SK증권(001510) -6.5% 원익피앤(217820) -5.1% | 최고신호 한국전력(015760) 4/3개 [RSI15 / 하락-1.4% / BB하단 / 호가6.8]
💰 예수금 89,670원 | KODEX200 RSI85/-0.9% 과열⚠️ | 매수기준 3개↑
📦 보유 SK증권(001510) 1주 -6.5% 🔴스탑로스임박
📦 보유 원익피앤이(217820) 3주 -5.1% 🔴스탑로스임박

코드      종목명           가격    RSI     변화율    거래량     BB   호가비  B/S
────────────────────────────────────────────────────────────────────────
[2단계 분석 대상: 001510, 217820, 000660, 000270, 015760, 061250, 138040]
403870  HPSP      52,800    0.0    +0.0%    0.0x     중간  4.10  1/0
⛔ 아우토크립트(137040) 호가 없음 (거래정지 의심)
035720  카카오       45,000    0.0    +0.0%    0.0x     중간  1.61  1/0
015760  한국전력      39,150   14.8    -1.4%    0.4x     하단  7.00  4/0
078930  GS        82,100    0.0    +0.0%    0.0x     중간  1.84  1/0
061250  화일약품       8,390   21.8    -1.8%    0.4x     중간  5.07  3/0
217820  원익피앤이      3,315   36.6    -1.3%    0.2x     중간  1.39  3/1
001510  SK증권       4,345   57.9    -3.0%    0.3x     중간  5.18  3/0
056080  유진로봇      28,650    0.0    +0.0%    0.0x     중간  0.84  0/0
084850  아이티엠반도체   14,800    0.0    +0.0%    0.0x     중간  0.80  0/0
⛔ 금양(001570) 호가 없음 (거래정지 의심)

══════════════════════════════════════════════════
→ 전종목 HOLD
✅ Discord 전송 완료

[10:28] HOLD | KODEX RSI85/-0.9%⚠️ | 보유:SK증권(001510) -6.5% 원익피앤(217820) -5.1% | 최고신호 한국전력(015760) 4/3개 [RSI15 / 하락-1.4% / BB하단 / 호가7.0]
💰 예수금 89,670원 | KODEX200 RSI84/-1.2% 과열⚠️ | 매수기준 3개↑
📦 보유 SK증권(001510) 1주 -6.8% 🔴스탑로스임박
📦 보유 원익피앤이(217820) 3주 -5.2% 🔴스탑로스임박

코드      종목명           가격    RSI     변화율    거래량     BB   호가비  B/S
────────────────────────────────────────────────────────────────────────
[2단계 분석 대상: 001510, 217820, 000660, 068270, 015760, 138040, 055550]
403870  HPSP      52,700    0.0    +0.0%    0.0x     중간  5.31  1/0
⛔ 아우토크립트(137040) 호가 없음 (거래정지 의심)
035720  카카오       44,850    0.0    +0.0%    0.0x     중간  2.81  1/0
015760  한국전력      39,100   14.8    -1.5%    0.4x     하단  7.19  4/0
078930  GS        81,700    0.0    +0.0%    0.0x     중간  2.07  1/0
061250  화일약품       8,440    0.0    +0.0%    0.0x     중간  4.01  1/0
217820  원익피앤이      3,310   36.6    -1.3%    0.2x     중간  3.40  3/1
001510  SK증권       4,330   57.8    -3.2%    0.3x     중간  5.18  3/0
056080  유진로봇      28,600    0.0    +0.0%    0.0x     중간  1.10  0/0
084850  아이티엠반도체   14,780    0.0    +0.0%    0.0x     중간  1.31  1/0
⛔ 금양(001570) 호가 없음 (거래정지 의심)

══════════════════════════════════════════════════
→ 전종목 HOLD
✅ Discord 전송 완료

[10:30] HOLD | KODEX RSI84/-1.2%⚠️ | 보유:SK증권(001510) -6.8% 원익피앤(217820) -5.2% | 최고신호 한국전력(015760) 4/3개 [RSI15 / 하락-1.5% / BB하단 / 호가7.2]
💰 예수금 89,670원 | KODEX200 RSI84/-1.2% 과열⚠️ | 매수기준 3개↑
📦 보유 SK증권(001510) 1주 -7.0% 🔴스탑로스임박
📦 보유 원익피앤이(217820) 3주 -5.3% 🔴스탑로스임박

코드      종목명           가격    RSI     변화율    거래량     BB   호가비  B/S
────────────────────────────────────────────────────────────────────────
[2단계 분석 대상: 001510, 217820, 058470, 068270, 000660, 015760, 055550]
403870  HPSP      52,800    0.0    +0.0%    0.0x     중간  5.41  1/0
⛔ 아우토크립트(137040) 호가 없음 (거래정지 의심)
035720  카카오       44,950    0.0    +0.0%    0.0x     중간  2.19  1/0
015760  한국전력      39,100   14.8    -1.4%    0.4x     하단  6.57  4/0
078930  GS        81,900    0.0    +0.0%    0.0x     중간  1.06  0/0
061250  화일약품       8,450    0.0    +0.0%    0.0x     중간  4.02  1/0
217820  원익피앤이      3,310   36.6    -1.3%    0.2x     중간  2.84  3/1
001510  SK증권       4,335   57.7    -3.4%    0.3x     중간  4.26  3/0
056080  유진로봇      28,550    0.0    +0.0%    0.0x     중간  1.85  1/0
084850  아이티엠반도체   14,760    0.0    +0.0%    0.0x     중간  0.98  0/0
⛔ 금양(001570) 호가 없음 (거래정지 의심)

══════════════════════════════════════════════════
→ 전종목 HOLD
✅ Discord 전송 완료

[10:32] HOLD | KODEX RSI84/-1.2%⚠️ | 보유:SK증권(001510) -7.0% 원익피앤(217820) -5.3% | 최고신호 한국전력(015760) 4/3개 [RSI15 / 하락-1.4% / BB하단 / 호가6.6]
💰 예수금 89,670원 | KODEX200 RSI84/-1.3% 과열⚠️ | 매수기준 3개↑
📦 보유 SK증권(001510) 1주 -6.9% 🔴스탑로스임박
📦 보유 원익피앤이(217820) 3주 -5.2% 🔴스탑로스임박

코드      종목명           가격    RSI     변화율    거래량     BB   호가비  B/S
────────────────────────────────────────────────────────────────────────
[2단계 분석 대상: 001510, 217820, 068270, 000660, 403870, 015760, 138040]
403870  HPSP      53,000   53.9    -3.3%    0.3x     중간  8.13  3/0
⛔ 아우토크립트(137040) 호가 없음 (거래정지 의심)
035720  카카오       44,900    0.0    +0.0%    0.0x     중간  4.70  1/0
015760  한국전력      39,100   14.8    -1.4%    0.4x     하단  7.08  4/0
078930  GS        82,100    0.0    +0.0%    0.0x     중간  1.29  1/0
061250  화일약품       8,450    0.0    +0.0%    0.0x     중간  2.66  1/0
217820  원익피앤이      3,315   36.8    -1.0%    0.2x     중간  1.28  3/1
001510  SK증권       4,320   57.6    -3.5%    0.3x     중간  3.62  3/0
056080  유진로봇      28,350    0.0    +0.0%    0.0x     중간  2.06  1/0
084850  아이티엠반도체   14,770    0.0    +0.0%    0.0x     중간  1.11  0/0
⛔ 금양(001570) 호가 없음 (거래정지 의심)

══════════════════════════════════════════════════
🟢 BUY HPSP(403870) 조건3개 [하락-3.3%/MA골/호가8.1] 신뢰도0.75 ratio0.5
💰 예수금: 89,670원
📊 HPSP(403870) 매도1호가: 53,000원 | 매수1호가: 52,900원
📌 BUY 지정가: 52,900원 × 1주 = 52,900원
✅ 접수 | 매수 주문 접수: HPSP 1주 (주문번호: 0449739)
✅ Discord 전송 완료

[10:34] 🟢BUY | KODEX RSI84/-1.3%⚠️ | 예수금 89,670원

🟢 HPSP(403870)  3/3  RSI54 -3.3% 0.3x  [하락-3.3%·MA골·호가8.1]
📦 SK증권 -6.9% | 원익피앤 -5.2%

🔹 한국전력  4/3  RSI15 -1.4%  [RSI15·하락-1.4%·BB하단·호가7.1]
🔹 원익피앤이  3/3  RSI37 -1.0%  [RSI37·하락-1.0%·호가1.3]
🔹 SK증권  3/3  RSI58 -3.5%  [하락-3.5%·MA골·호가3.6]
🔹 카카오  1/3  RSI0 +0.0%  [호가4.7]
🔹 GS  1/3  RSI0 +0.0%  [호가1.3]
🔹 화일약품  1/3  RSI0 +0.0%  [호가2.7]
💰 예수금 89,670원 | KODEX200 RSI85/-1.0% 과열⚠️ | 매수기준 3개↑
📦 보유 SK증권(001510) 1주 -6.2% 🔴스탑로스임박
📦 보유 원익피앤이(217820) 3주 -5.5% 🔴스탑로스임박

코드      종목명           가격    RSI     변화율    거래량     BB   호가비  B/S
────────────────────────────────────────────────────────────────────────
[2단계 분석 대상: 001510, 217820, 015760, 012450, 042700, 079550, 086790]
403870  HPSP      53,200    0.0    +0.0%    0.0x     중간  3.08  1/0
⛔ 아우토크립트(137040) 호가 없음 (거래정지 의심)
035720  카카오       44,950    0.0    +0.0%    0.0x     중간  1.76  1/0
015760  한국전력      39,250   14.9    -1.3%    0.4x     하단  6.30  4/0
078930  GS        81,900    0.0    +0.0%    0.0x     중간  0.47  0/0
061250  화일약품       8,450    0.0    +0.0%    0.0x     중간  2.47  1/0
217820  원익피앤이      3,320   36.7    -1.2%    0.2x     중간  1.16  2/1
001510  SK증권       4,350   58.1    -2.8%    0.3x     중간  5.39  3/0
056080  유진로봇      28,900    0.0    +0.0%    0.0x     중간  0.25  0/0
084850  아이티엠반도체   14,770    0.0    +0.0%    0.0x     중간  0.96  0/0
⛔ 금양(001570) 호가 없음 (거래정지 의심)

══════════════════════════════════════════════════
→ 전종목 HOLD
✅ Discord 전송 완료

[10:36] HOLD | KODEX RSI85/-1.0%⚠️ | 보유:SK증권(001510) -6.2% 원익피앤(217820) -5.5% | 최고신호 한국전력(015760) 4/3개 [RSI15 / 하락-1.3% / BB하단 / 호가6.3]
💰 예수금 89,670원 | KODEX200 RSI86/-0.8% 과열⚠️ | 매수기준 3개↑
📦 보유 SK증권(001510) 1주 -6.3% 🔴스탑로스임박
📦 보유 원익피앤이(217820) 3주 -5.2% 🔴스탑로스임박

코드      종목명           가격    RSI     변화율    거래량     BB   호가비  B/S
────────────────────────────────────────────────────────────────────────
[2단계 분석 대상: 001510, 217820, 079550, 012450, 015760, 086790, 000270]
403870  HPSP      53,300    0.0    +0.0%    0.0x     중간  3.05  1/0
⛔ 아우토크립트(137040) 호가 없음 (거래정지 의심)
035720  카카오       44,950    0.0    +0.0%    0.0x     중간  1.49  1/0
015760  한국전력      39,200   15.0    -1.1%    0.4x     하단  7.64  4/0
078930  GS        81,600    0.0    +0.0%    0.0x     중간  1.08  0/0
061250  화일약품       8,440    0.0    +0.0%    0.0x     중간  3.17  1/0
217820  원익피앤이      3,320   36.9    -0.9%    0.2x     중간  1.11  1/1
001510  SK증권       4,355   58.1    -2.7%    0.3x     중간  1.58  3/0
056080  유진로봇      28,950    0.0    +0.0%    0.0x     중간  0.13  0/0
084850  아이티엠반도체   14,790    0.0    +0.0%    0.0x     중간  1.18  0/0
⛔ 금양(001570) 호가 없음 (거래정지 의심)

══════════════════════════════════════════════════
→ 전종목 HOLD
✅ Discord 전송 완료

[10:38] HOLD | KODEX RSI86/-0.8%⚠️ | 보유:SK증권(001510) -6.3% 원익피앤(217820) -5.2% | 최고신호 한국전력(015760) 4/3개 [RSI15 / 하락-1.1% / BB하단 / 호가7.6]
💰 예수금 89,670원 | KODEX200 RSI85/-0.9% 과열⚠️ | 매수기준 3개↑
📦 보유 SK증권(001510) 1주 -6.3% 🔴스탑로스임박
📦 보유 원익피앤이(217820) 3주 -4.9% 🔴스탑로스임박

코드      종목명           가격    RSI     변화율    거래량     BB   호가비  B/S
────────────────────────────────────────────────────────────────────────
[2단계 분석 대상: 001510, 217820, 066970, 079550, 012450, 015760, 086790]
403870  HPSP      53,200    0.0    +0.0%    0.0x     중간  3.44  1/0
⛔ 아우토크립트(137040) 호가 없음 (거래정지 의심)
035720  카카오       44,850    0.0    +0.0%    0.0x     중간  2.40  1/0
015760  한국전력      39,350   15.2    -0.9%    0.4x     하단  4.42  3/0
078930  GS        81,300    0.0    +0.0%    0.0x     중간  1.19  0/0
061250  화일약품       8,390    0.0    +0.0%    0.0x     중간  2.42  1/0
217820  원익피앤이      3,310   36.7    -1.2%    0.2x     중간  1.33  3/1
001510  SK증권       4,345   57.9    -3.0%    0.3x     중간  5.88  3/0
056080  유진로봇      28,800    0.0    +0.0%    0.0x     중간  0.31  0/0
084850  아이티엠반도체   14,770    0.0    +0.0%    0.0x     중간  1.23  1/0
⛔ 금양(001570) 호가 없음 (거래정지 의심)

══════════════════════════════════════════════════
→ 전종목 HOLD
✅ Discord 전송 완료

[10:40] HOLD | KODEX RSI85/-0.9%⚠️ | 보유:SK증권(001510) -6.3% 원익피앤(217820) -4.9% | 최고신호 한국전력(015760) 3/3개 [RSI15 / BB하단 / 호가4.4]
💰 예수금 89,670원 | KODEX200 RSI85/-1.0% 과열⚠️ | 매수기준 3개↑
📦 보유 SK증권(001510) 1주 -6.9% 🔴스탑로스임박
📦 보유 원익피앤이(217820) 3주 -5.1% 🔴스탑로스임박

코드      종목명           가격    RSI     변화율    거래량     BB   호가비  B/S
────────────────────────────────────────────────────────────────────────
[2단계 분석 대상: 001510, 217820, 066970, 012450, 079550, 000270, 035720]
403870  HPSP      53,400    0.0    +0.0%    0.0x     중간  2.72  1/0
⛔ 아우토크립트(137040) 호가 없음 (거래정지 의심)
035720  카카오       44,800   35.8    -2.5%    0.5x     중간  5.33  3/0
015760  한국전력      39,250    0.0    +0.0%    0.0x     중간  5.20  1/0
078930  GS        81,800    0.0    +0.0%    0.0x     중간  1.43  1/0
061250  화일약품       8,390    0.0    +0.0%    0.0x     중간  2.45  1/0
217820  원익피앤이      3,315   36.7    -1.2%    0.2x     중간  1.32  3/1
001510  SK증권       4,330   57.7    -3.4%    0.3x     중간  7.11  3/0
056080  유진로봇      28,750    0.0    +0.0%    0.0x     중간  0.35  0/0
084850  아이티엠반도체   14,780    0.0    +0.0%    0.0x     중간  1.52  1/0
⛔ 금양(001570) 호가 없음 (거래정지 의심)

══════════════════════════════════════════════════
→ 전종목 HOLD
✅ Discord 전송 완료

[10:42] HOLD | KODEX RSI85/-1.0%⚠️ | 보유:SK증권(001510) -6.9% 원익피앤(217820) -5.1% | 최고신호 카카오(035720) 3/3개 [RSI36 / 하락-2.5% / 호가5.3]
💰 예수금 89,670원 | KODEX200 RSI85/-0.9% 과열⚠️ | 매수기준 3개↑
📦 보유 SK증권(001510) 1주 -6.7% 🔴스탑로스임박
📦 보유 원익피앤이(217820) 3주 -5.1% 🔴스탑로스임박

코드      종목명           가격    RSI     변화율    거래량     BB   호가비  B/S
────────────────────────────────────────────────────────────────────────
[2단계 분석 대상: 001510, 217820, 066970, 015760, 000270, 079550, 012450]
403870  HPSP      53,300    0.0    +0.0%    0.0x     중간  3.13  1/0
⛔ 아우토크립트(137040) 호가 없음 (거래정지 의심)
035720  카카오       44,850    0.0    +0.0%    0.0x     중간  3.87  1/0
015760  한국전력      39,200   14.9    -1.3%    0.4x     하단  8.53  4/0
078930  GS        81,700    0.0    +0.0%    0.0x     중간  1.35  1/0
061250  화일약품       8,430    0.0    +0.0%    0.0x     중간  4.05  1/0
217820  원익피앤이      3,320   36.8    -1.0%    0.2x     중간  1.17  2/1
001510  SK증권       4,330   57.7    -3.4%    0.3x     중간  5.71  3/0
056080  유진로봇      28,950    0.0    +0.0%    0.0x     중간  0.27  0/0
084850  아이티엠반도체   14,770    0.0    +0.0%    0.0x     중간  1.39  1/0
⛔ 금양(001570) 호가 없음 (거래정지 의심)

══════════════════════════════════════════════════
→ 전종목 HOLD
✅ Discord 전송 완료

[10:44] HOLD | KODEX RSI85/-0.9%⚠️ | 보유:SK증권(001510) -6.7% 원익피앤(217820) -5.1% | 최고신호 한국전력(015760) 4/3개 [RSI15 / 하락-1.3% / BB하단 / 호가8.5]
💰 예수금 36,664원 | KODEX200 RSI85/-1.2% 과열⚠️ | 매수기준 3개↑
📦 보유 SK증권(001510) 1주 -6.8% 🔴스탑로스임박
📦 보유 원익피앤이(217820) 3주 -5.1% 🔴스탑로스임박
📦 보유 HPSP(403870) 1주 -0.0%

코드      종목명           가격    RSI     변화율    거래량     BB   호가비  B/S
────────────────────────────────────────────────────────────────────────
[2단계 분석 대상: 001510, 217820, 403870, 066970, 000660, 079550, 012450, 015760]
403870  HPSP      53,000   53.6    -3.5%    0.3x     중간  6.77  3/0
⛔ 아우토크립트(137040) 호가 없음 (거래정지 의심)
061250  화일약품       8,430    0.0    +0.0%    0.0x     중간  3.70  1/0
217820  원익피앤이      3,320   36.9    -0.9%    0.2x     중간  1.20  2/1
001510  SK증권       4,330   57.8    -3.2%    0.3x     중간  5.72  3/0
056080  유진로봇      28,550    0.0    +0.0%    0.0x     중간  3.51  1/0
084850  아이티엠반도체   14,770    0.0    +0.0%    0.0x     중간  1.27  1/0
⛔ 금양(001570) 호가 없음 (거래정지 의심)

══════════════════════════════════════════════════
→ 전종목 HOLD
✅ Discord 전송 완료

[10:46] HOLD | KODEX RSI85/-1.2%⚠️ | 보유:SK증권(001510) -6.8% 원익피앤(217820) -5.1% HPSP(403870) -0.0% | 💸예수금부족 | 최고신호 HPSP(403870) 3/3개 [하락-3.5% / MA골 / 호가6.8]
💰 예수금 36,665원 | KODEX200 RSI84/-1.5% 과열⚠️ | 매수기준 3개↑
📦 보유 SK증권(001510) 1주 -7.0% 🔴스탑로스임박
📦 보유 원익피앤이(217820) 3주 -5.5% 🔴스탑로스임박
📦 보유 HPSP(403870) 1주 -0.4%

코드      종목명           가격    RSI     변화율    거래량     BB   호가비  B/S
────────────────────────────────────────────────────────────────────────
[2단계 분석 대상: 001510, 217820, 403870, 000660, 066970, 058470, 012450, 015760]
403870  HPSP      52,900   53.6    -3.5%    0.3x     중간  7.71  3/0
⛔ 아우토크립트(137040) 호가 없음 (거래정지 의심)
061250  화일약품       8,430    0.0    +0.0%    0.0x     중간  3.87  1/0
217820  원익피앤이      3,305   36.6    -1.3%    0.2x     중간  1.93  3/1
001510  SK증권       4,320   57.5    -3.6%    0.3x     중간  5.54  3/0
056080  유진로봇      28,550    0.0    +0.0%    0.0x     중간  1.98  1/0
084850  아이티엠반도체   14,770    0.0    +0.0%    0.0x     중간  1.46  1/0
⛔ 금양(001570) 호가 없음 (거래정지 의심)

══════════════════════════════════════════════════
→ 전종목 HOLD
✅ Discord 전송 완료

[10:48] HOLD | KODEX RSI84/-1.5%⚠️ | 보유:SK증권(001510) -7.0% 원익피앤(217820) -5.5% HPSP(403870) -0.4% | 💸예수금부족 | 최고신호 HPSP(403870) 3/3개 [하락-3.5% / MA골 / 호가7.7]
💰 예수금 36,665원 | KODEX200 RSI83/-1.6% 과열⚠️ | 매수기준 3개↑
📦 보유 SK증권(001510) 1주 -7.2% 🔴스탑로스임박
📦 보유 원익피앤이(217820) 3주 -5.3% 🔴스탑로스임박
📦 보유 HPSP(403870) 1주 -0.6%

코드      종목명           가격    RSI     변화율    거래량     BB   호가비  B/S
────────────────────────────────────────────────────────────────────────
[2단계 분석 대상: 001510, 217820, 403870, 058470, 066970, 042700, 000660, 034020]
403870  HPSP      52,800   53.4    -3.7%    0.3x     중간  6.91  3/0
⛔ 아우토크립트(137040) 호가 없음 (거래정지 의심)
061250  화일약품       8,410    0.0    +0.0%    0.0x     중간  5.80  1/0
217820  원익피앤이      3,305   36.5    -1.5%    0.2x     중간  1.92  3/1
001510  SK증권       4,305   57.3    -3.9%    0.3x     중간  2.34  3/0
056080  유진로봇      28,350    0.0    +0.0%    0.0x     중간  3.66  1/0
084850  아이티엠반도체   14,760    0.0    +0.0%    0.0x     중간  1.13  0/0
⛔ 금양(001570) 호가 없음 (거래정지 의심)

══════════════════════════════════════════════════
→ 전종목 HOLD
✅ Discord 전송 완료

[10:50] HOLD | KODEX RSI83/-1.6%⚠️ | 보유:SK증권(001510) -7.2% 원익피앤(217820) -5.3% HPSP(403870) -0.6% | 💸예수금부족 | 최고신호 HPSP(403870) 3/3개 [하락-3.7% / MA골 / 호가6.9]
💰 예수금 36,665원 | KODEX200 RSI82/-1.9% 과열⚠️ | 매수기준 3개↑
📦 보유 SK증권(001510) 1주 -7.3% 🔴스탑로스임박
📦 보유 원익피앤이(217820) 3주 -5.3% 🔴스탑로스임박
📦 보유 HPSP(403870) 1주 -0.8%

코드      종목명           가격    RSI     변화율    거래량     BB   호가비  B/S
────────────────────────────────────────────────────────────────────────
[2단계 분석 대상: 001510, 217820, 403870, 058470, 066970, 247540, 012450, 042700]
403870  HPSP      52,600   53.0    -4.0%    0.3x     중간  4.81  3/0
⛔ 아우토크립트(137040) 호가 없음 (거래정지 의심)
061250  화일약품       8,380    0.0    +0.0%    0.0x     중간  5.31  1/0
217820  원익피앤이      3,305   36.6    -1.3%    0.2x     중간  1.78  3/1
001510  SK증권       4,305   57.4    -3.8%    0.3x     중간  2.93  3/0
056080  유진로봇      28,400    0.0    +0.0%    0.0x     중간  3.09  1/0
084850  아이티엠반도체   14,750    0.0    +0.0%    0.0x     중간  1.03  0/0
⛔ 금양(001570) 호가 없음 (거래정지 의심)

══════════════════════════════════════════════════
→ 전종목 HOLD
✅ Discord 전송 완료

[10:52] HOLD | KODEX RSI82/-1.9%⚠️ | 보유:SK증권(001510) -7.3% 원익피앤(217820) -5.3% HPSP(403870) -0.8% | 💸예수금부족 | 최고신호 HPSP(403870) 3/3개 [하락-4.0% / MA골 / 호가4.8]
💰 예수금 36,665원 | KODEX200 RSI82/-2.1% 과열⚠️ | 매수기준 3개↑
📦 보유 SK증권(001510) 1주 -7.4% 🔴스탑로스임박
📦 보유 원익피앤이(217820) 3주 -6.1% 🔴스탑로스임박
📦 보유 HPSP(403870) 1주 -0.9%

코드      종목명           가격    RSI     변화율    거래량     BB   호가비  B/S
────────────────────────────────────────────────────────────────────────
[2단계 분석 대상: 001510, 217820, 403870, 058470, 068270, 042700, 012330, 015760]
403870  HPSP      52,600   53.0    -4.0%    0.3x     중간  4.93  3/0
⛔ 아우토크립트(137040) 호가 없음 (거래정지 의심)
061250  화일약품       8,380    0.0    +0.0%    0.0x     중간  5.31  1/0
217820  원익피앤이      3,295   35.9    -2.2%    0.2x     중간  1.91  3/1
001510  SK증권       4,300   57.2    -4.0%    0.3x     중간  0.70  2/0
056080  유진로봇      28,350    0.0    +0.0%    0.0x     중간  2.23  1/0
084850  아이티엠반도체   14,730    0.0    +0.0%    0.0x     중간  0.63  0/0
⛔ 금양(001570) 호가 없음 (거래정지 의심)

══════════════════════════════════════════════════
→ 전종목 HOLD
✅ Discord 전송 완료

[10:54] HOLD | KODEX RSI82/-2.1%⚠️ | 보유:SK증권(001510) -7.4% 원익피앤(217820) -6.1% HPSP(403870) -0.9% | 💸예수금부족 | 최고신호 HPSP(403870) 3/3개 [하락-4.0% / MA골 / 호가4.9]
💰 예수금 36,665원 | KODEX200 RSI82/-2.1% 과열⚠️ | 매수기준 3개↑
📦 보유 SK증권(001510) 1주 -7.6% 🔴스탑로스임박
📦 보유 원익피앤이(217820) 3주 -6.2% 🔴스탑로스임박
📦 보유 HPSP(403870) 1주 -0.9%

코드      종목명           가격    RSI     변화율    거래량     BB   호가비  B/S
────────────────────────────────────────────────────────────────────────
[2단계 분석 대상: 001510, 217820, 403870, 058470, 068270, 015760, 066970, 000270]
403870  HPSP      52,600   53.0    -4.0%    0.3x     중간  3.70  3/0
⛔ 아우토크립트(137040) 호가 없음 (거래정지 의심)
061250  화일약품       8,380    0.0    +0.0%    0.0x     중간  5.31  1/0
217820  원익피앤이      3,285   35.8    -2.4%    0.2x     중간  2.72  3/1
001510  SK증권       4,300   57.2    -4.0%    0.3x     중간  1.73  3/0
056080  유진로봇      28,200    0.0    +0.0%    0.0x     중간  5.59  1/0
084850  아이티엠반도체   14,740    0.0    +0.0%    0.0x     중간  0.68  0/0
⛔ 금양(001570) 호가 없음 (거래정지 의심)

══════════════════════════════════════════════════
→ 전종목 HOLD
✅ Discord 전송 완료

[10:56] HOLD | KODEX RSI82/-2.1%⚠️ | 보유:SK증권(001510) -7.6% 원익피앤(217820) -6.2% HPSP(403870) -0.9% | 💸예수금부족 | 최고신호 HPSP(403870) 3/3개 [하락-4.0% / MA골 / 호가3.7]
💰 예수금 36,666원 | KODEX200 RSI80/-2.7% 과열⚠️ | 매수기준 3개↑
📦 보유 SK증권(001510) 1주 -7.8% 🔴스탑로스임박
📦 보유 원익피앤이(217820) 3주 -5.8% 🔴스탑로스임박
📦 보유 HPSP(403870) 1주 -1.3%

코드      종목명           가격    RSI     변화율    거래량     BB   호가비  B/S
────────────────────────────────────────────────────────────────────────
[2단계 분석 대상: 001510, 217820, 403870, 058470, 068270, 042700, 015760, 061250]
403870  HPSP      52,300   52.6    -4.4%    0.3x     중간  3.54  3/0
⛔ 아우토크립트(137040) 호가 없음 (거래정지 의심)
061250  화일약품       8,380   22.2    -1.4%    0.5x     중간  5.33  3/0
217820  원익피앤이      3,285   35.8    -2.4%    0.2x     중간  1.99  3/1
001510  SK증권       4,280   57.0    -4.5%    0.3x     중간  0.93  2/0
056080  유진로봇      28,150    0.0    +0.0%    0.0x     중간  4.01  1/0
084850  아이티엠반도체   14,720    0.0    +0.0%    0.0x     중간  0.52  0/0
⛔ 금양(001570) 호가 없음 (거래정지 의심)

══════════════════════════════════════════════════
→ 전종목 HOLD
✅ Discord 전송 완료

[10:58] HOLD | KODEX RSI80/-2.7%⚠️ | 보유:SK증권(001510) -7.8% 원익피앤(217820) -5.8% HPSP(403870) -1.3% | 💸예수금부족 | 최고신호 HPSP(403870) 3/3개 [하락-4.4% / MA골 / 호가3.5]
💰 예수금 36,666원 | KODEX200 RSI80/-2.9% 과열⚠️ | 매수기준 3개↑
📦 보유 SK증권(001510) 1주 -8.2% 🔴스탑로스임박
📦 보유 원익피앤이(217820) 3주 -6.5% 🔴스탑로스임박
📦 보유 HPSP(403870) 1주 -1.3%

코드      종목명           가격    RSI     변화율    거래량     BB   호가비  B/S
────────────────────────────────────────────────────────────────────────
[2단계 분석 대상: 001510, 217820, 403870, 058470, 068270, 015760, 042700, 086790]
403870  HPSP      52,400   52.6    -4.4%    0.3x     중간  3.17  3/0
⛔ 아우토크립트(137040) 호가 없음 (거래정지 의심)
061250  화일약품       8,380    0.0    +0.0%    0.0x     중간  4.62  1/0
217820  원익피앤이      3,270   35.7    -2.5%    0.2x     중간  2.39  3/1
001510  SK증권       4,285   57.0    -4.4%    0.3x     중간  1.07  2/0
056080  유진로봇      28,300    0.0    +0.0%    0.0x     중간  1.85  1/0
084850  아이티엠반도체   14,710    0.0    +0.0%    0.0x     중간  0.85  0/0
⛔ 금양(001570) 호가 없음 (거래정지 의심)

══════════════════════════════════════════════════
⚠️  손실 주의 SK증권(001510) -8.2% (비상손절 -15%)
→ 전종목 HOLD
✅ Discord 전송 완료

[11:00] HOLD | KODEX RSI80/-2.9%⚠️ | 보유:SK증권(001510) -8.2% 원익피앤(217820) -6.5% HPSP(403870) -1.3% | 💸예수금부족 | 최고신호 HPSP(403870) 3/3개 [하락-4.4% / MA골 / 호가3.2]
💰 예수금 36,666원 | KODEX200 RSI80/-3.1% 과열⚠️ | 매수기준 3개↑
📦 보유 SK증권(001510) 1주 -7.8% 🔴스탑로스임박
📦 보유 원익피앤이(217820) 3주 -6.5% 🔴스탑로스임박
📦 보유 HPSP(403870) 1주 -1.3%

코드      종목명           가격    RSI     변화율    거래량     BB   호가비  B/S
────────────────────────────────────────────────────────────────────────
[2단계 분석 대상: 001510, 217820, 403870, 068270, 086790, 000660, 015760, 003670]
403870  HPSP      52,300   52.4    -4.6%    0.3x     중간  3.07  3/0
⛔ 아우토크립트(137040) 호가 없음 (거래정지 의심)
061250  화일약품       8,380    0.0    +0.0%    0.0x     중간  4.87  1/0
217820  원익피앤이      3,270   35.8    -2.4%    0.2x     중간  2.46  3/1
001510  SK증권       4,275   56.8    -4.7%    0.3x     중간  1.61  3/0
056080  유진로봇      28,100    0.0    +0.0%    0.0x     중간  3.72  1/0
084850  아이티엠반도체   14,720    0.0    +0.0%    0.0x     중간  0.60  0/0
⛔ 금양(001570) 호가 없음 (거래정지 의심)

══════════════════════════════════════════════════
→ 전종목 HOLD
✅ Discord 전송 완료

[11:02] HOLD | KODEX RSI80/-3.1%⚠️ | 보유:SK증권(001510) -7.8% 원익피앤(217820) -6.5% HPSP(403870) -1.3% | 💸예수금부족 | 최고신호 HPSP(403870) 3/3개 [하락-4.6% / MA골 / 호가3.1]
💰 예수금 36,666원 | KODEX200 RSI80/-2.8% 과열⚠️ | 매수기준 3개↑
📦 보유 SK증권(001510) 1주 -7.9% 🔴스탑로스임박
📦 보유 원익피앤이(217820) 3주 -6.5% 🔴스탑로스임박
📦 보유 HPSP(403870) 1주 -1.3%

코드      종목명           가격    RSI     변화율    거래량     BB   호가비  B/S
────────────────────────────────────────────────────────────────────────
[2단계 분석 대상: 001510, 217820, 403870, 068270, 003670, 035720, 058470, 012450]
403870  HPSP      52,300   52.4    -4.6%    0.3x     중간  2.69  3/0
⛔ 아우토크립트(137040) 호가 없음 (거래정지 의심)
061250  화일약품       8,380    0.0    +0.0%    0.0x     중간  4.87  1/0
217820  원익피앤이      3,270   35.7    -2.5%    0.2x     중간  3.62  3/1
001510  SK증권       4,280   57.0    -4.4%    0.3x     중간  1.41  3/0
056080  유진로봇      27,950    0.0    +0.0%    0.0x     중간  2.09  1/0
084850  아이티엠반도체   14,720    0.0    +0.0%    0.0x     중간  0.64  0/0
⛔ 금양(001570) 호가 없음 (거래정지 의심)

══════════════════════════════════════════════════
→ 전종목 HOLD
✅ Discord 전송 완료

[11:04] HOLD | KODEX RSI80/-2.8%⚠️ | 보유:SK증권(001510) -7.9% 원익피앤(217820) -6.5% HPSP(403870) -1.3% | 💸예수금부족 | 최고신호 HPSP(403870) 3/3개 [하락-4.6% / MA골 / 호가2.7]
💰 예수금 36,666원 | KODEX200 RSI79/-3.3% 과열⚠️ | 매수기준 3개↑
📦 보유 SK증권(001510) 1주 -8.3% 🔴스탑로스임박
📦 보유 원익피앤이(217820) 3주 -6.6% 🔴스탑로스임박
📦 보유 HPSP(403870) 1주 -1.7%

코드      종목명           가격    RSI     변화율    거래량     BB   호가비  B/S
────────────────────────────────────────────────────────────────────────
[2단계 분석 대상: 001510, 217820, 403870, 000660, 035720, 138040, 005380, 068270]
403870  HPSP      52,100   52.0    -4.8%    0.3x     중간  2.18  3/0
⛔ 아우토크립트(137040) 호가 없음 (거래정지 의심)
061250  화일약품       8,380    0.0    +0.0%    0.0x     중간  4.87  1/0
217820  원익피앤이      3,265   35.6    -2.7%    0.2x     중간  2.05  3/1
001510  SK증권       4,260   56.7    -4.9%    0.3x     중간  0.95  2/0
056080  유진로봇      27,750    0.0    +0.0%    0.0x     중간  1.87  1/0
084850  아이티엠반도체   14,720    0.0    +0.0%    0.0x     중간  0.55  0/0
⛔ 금양(001570) 호가 없음 (거래정지 의심)

══════════════════════════════════════════════════
⚠️  손실 주의 SK증권(001510) -8.3% (비상손절 -15%)
→ 전종목 HOLD
✅ Discord 전송 완료

[11:06] HOLD | KODEX RSI79/-3.3%⚠️ | 보유:SK증권(001510) -8.3% 원익피앤(217820) -6.6% HPSP(403870) -1.7% | 💸예수금부족 | 최고신호 HPSP(403870) 3/3개 [하락-4.8% / MA골 / 호가2.2]
💰 예수금 36,666원 | KODEX200 RSI79/-3.4% 과열⚠️ | 매수기준 3개↑
📦 보유 SK증권(001510) 1주 -8.4% 🔴스탑로스임박
📦 보유 원익피앤이(217820) 3주 -6.9% 🔴스탑로스임박
📦 보유 HPSP(403870) 1주 -1.9%

코드      종목명           가격    RSI     변화율    거래량     BB   호가비  B/S
────────────────────────────────────────────────────────────────────────
[2단계 분석 대상: 001510, 217820, 403870, 000660, 035720, 066970, 012450, 005380]
403870  HPSP      52,100   52.0    -4.9%    0.4x     중간  1.96  3/0
⛔ 아우토크립트(137040) 호가 없음 (거래정지 의심)
061250  화일약품       8,380    0.0    +0.0%    0.0x     중간  1.76  1/0
217820  원익피앤이      3,260   35.4    -3.0%    0.2x     중간  1.05  2/1
001510  SK증권       4,255   56.7    -4.9%    0.3x     중간  0.53  2/0
056080  유진로봇      27,850    0.0    +0.0%    0.0x     중간  1.37  1/0
084850  아이티엠반도체   14,700    0.0    +0.0%    0.0x     중간  0.53  0/0
⛔ 금양(001570) 호가 없음 (거래정지 의심)

══════════════════════════════════════════════════
⚠️  손실 주의 SK증권(001510) -8.4% (비상손절 -15%)
→ 전종목 HOLD
✅ Discord 전송 완료

[11:08] HOLD | KODEX RSI79/-3.4%⚠️ | 보유:SK증권(001510) -8.4% 원익피앤(217820) -6.9% HPSP(403870) -1.9% | 💸예수금부족 | 최고신호 HPSP(403870) 3/3개 [하락-4.9% / MA골 / 호가2.0]
💰 예수금 36,666원 | KODEX200 RSI80/-3.0% 과열⚠️ | 매수기준 3개↑
📦 보유 SK증권(001510) 1주 -8.2% 🔴스탑로스임박
📦 보유 원익피앤이(217820) 3주 -6.8% 🔴스탑로스임박
📦 보유 HPSP(403870) 1주 -1.9%

코드      종목명           가격    RSI     변화율    거래량     BB   호가비  B/S
────────────────────────────────────────────────────────────────────────
[2단계 분석 대상: 001510, 217820, 403870, 058470, 035720, 066970, 012450, 003670]
403870  HPSP      52,200   52.4    -4.6%    0.4x     중간  1.42  3/0
⛔ 아우토크립트(137040) 호가 없음 (거래정지 의심)
061250  화일약품       8,380    0.0    +0.0%    0.0x     중간  1.76  1/0
217820  원익피앤이      3,260   35.5    -2.8%    0.2x     중간  2.00  3/1
001510  SK증권       4,260   56.7    -4.8%    0.3x     중간  0.86  2/0
056080  유진로봇      27,900    0.0    +0.0%    0.0x     중간  1.88  1/0
084850  아이티엠반도체   14,700    0.0    +0.0%    0.0x     중간  0.55  0/0
⛔ 금양(001570) 호가 없음 (거래정지 의심)

══════════════════════════════════════════════════
⚠️  손실 주의 SK증권(001510) -8.2% (비상손절 -15%)
→ 전종목 HOLD
✅ Discord 전송 완료

[11:10] HOLD | KODEX RSI80/-3.0%⚠️ | 보유:SK증권(001510) -8.2% 원익피앤(217820) -6.8% HPSP(403870) -1.9% | 💸예수금부족 | 최고신호 HPSP(403870) 3/3개 [하락-4.6% / MA골 / 호가1.4]
💰 예수금 36,666원 | KODEX200 RSI80/-3.0% 과열⚠️ | 매수기준 3개↑
📦 보유 SK증권(001510) 1주 -8.4% 🔴스탑로스임박
📦 보유 원익피앤이(217820) 3주 -6.8% 🔴스탑로스임박
📦 보유 HPSP(403870) 1주 -1.7%

코드      종목명           가격    RSI     변화율    거래량     BB   호가비  B/S
────────────────────────────────────────────────────────────────────────
[2단계 분석 대상: 001510, 217820, 403870, 058470, 000270, 066970, 056080, 035720]
403870  HPSP      52,000   51.5    -5.3%    0.4x     중간  1.80  3/0
⛔ 아우토크립트(137040) 호가 없음 (거래정지 의심)
061250  화일약품       8,400    0.0    +0.0%    0.0x     중간  4.98  1/0
217820  원익피앤이      3,260   35.4    -3.0%    0.3x     중간  1.37  3/1
001510  SK증권       4,245   56.3    -5.5%    0.3x     중간  2.63  3/0
056080  유진로봇      27,450   64.6    +4.8%    2.6x     중간  6.17  3/0
084850  아이티엠반도체   14,680    0.0    +0.0%    0.0x     중간  0.17  0/0
⛔ 금양(001570) 호가 없음 (거래정지 의심)

══════════════════════════════════════════════════
⚠️  손실 주의 SK증권(001510) -8.4% (비상손절 -15%)
🟢 BUY 유진로봇(056080) 조건3개 [거래량2.6x/MA골/호가6.2] 신뢰도0.75 ratio0.5
💰 예수금: 36,667원
📊 유진로봇(056080) 매도1호가: 27,450원 | 매수1호가: 27,300원
📌 BUY 지정가: 27,300원 × 1주 = 27,300원
✅ 접수 | 매수 주문 접수: 유진로봇 1주 (주문번호: 0524057)
✅ Discord 전송 완료

[11:12] 🟢BUY | KODEX RSI80/-3.0%⚠️ | 예수금 36,666원

🟢 유진로봇(056080)  3/3  RSI65 +4.8% 2.6x  [거래량2.6x·MA골·호가6.2]
📦 SK증권 -8.4% | 원익피앤 -6.8% | HPSP -1.7%

🔹 HPSP  3/3  RSI52 -5.3%  [하락-5.3%·MA골·호가1.8]
🔹 원익피앤이  3/3  RSI35 -3.0%  [RSI35·하락-3.0%·호가1.4]
🔹 SK증권  3/3  RSI56 -5.5%  [하락-5.5%·MA골·호가2.6]
🔹 화일약품  1/3  RSI0 +0.0%  [호가5.0]
💰 예수금 9,313원 | KODEX200 RSI78/-3.8% 과열⚠️ | 매수기준 3개↑
📦 보유 SK증권(001510) 1주 -8.9% 🔴스탑로스임박
📦 보유 유진로봇(056080) 1주 +0.3%
📦 보유 원익피앤이(217820) 3주 -6.9% 🔴스탑로스임박
📦 보유 HPSP(403870) 1주 -2.6% ⚠️주의

코드      종목명           가격    RSI     변화율    거래량     BB   호가비  B/S
────────────────────────────────────────────────────────────────────────
[2단계 분석 대상: 001510, 056080, 217820, 403870, 058470, 000660, 042700, 138040, 061250]
403870  HPSP      51,700   51.1    -5.7%    0.4x     중간  1.39  3/0
⛔ 아우토크립트(137040) 호가 없음 (거래정지 의심)
061250  화일약품       8,360   21.8    -1.8%    0.6x     중간  6.11  3/0
217820  원익피앤이      3,260   35.6    -2.7%    0.3x     중간  1.16  2/1
001510  SK증권       4,225   56.3    -5.5%    0.3x     중간  4.04  3/0
056080  유진로봇      27,400   64.1    +4.2%    2.6x     중간  3.96  3/0
⛔ 금양(001570) 호가 없음 (거래정지 의심)

══════════════════════════════════════════════════
⚠️  손실 주의 SK증권(001510) -8.9% (비상손절 -15%)
→ 전종목 HOLD
✅ Discord 전송 완료

[11:14] HOLD | KODEX RSI78/-3.8%⚠️ | 보유:SK증권(001510) -8.9% 유진로봇(056080) +0.3% 원익피앤(217820) -6.9% HPSP(403870) -2.6% | 💸예수금부족 | 최고신호 HPSP(403870) 3/3개 [하락-5.7% / MA골 / 호가1.4]
💰 예수금 9,313원 | KODEX200 RSI78/-3.7% 과열⚠️ | 매수기준 3개↑
📦 보유 SK증권(001510) 1주 -8.8% 🔴스탑로스임박
📦 보유 유진로봇(056080) 1주 +0.2%
📦 보유 원익피앤이(217820) 3주 -6.9% 🔴스탑로스임박
📦 보유 HPSP(403870) 1주 -2.3%

코드      종목명           가격    RSI     변화율    거래량     BB   호가비  B/S
────────────────────────────────────────────────────────────────────────
[2단계 분석 대상: 001510, 056080, 217820, 403870, 058470, 061250, 042700, 035720, 012450]
403870  HPSP      51,800   51.5    -5.3%    0.4x     중간  1.35  3/0
⛔ 아우토크립트(137040) 호가 없음 (거래정지 의심)
061250  화일약품       8,350   21.8    -1.8%    0.6x     중간  6.10  3/0
217820  원익피앤이      3,260   35.3    -3.1%    0.3x     중간  1.77  3/1
001510  SK증권       4,230   56.3    -5.5%    0.3x     중간  1.90  3/0
056080  유진로봇      27,400   64.4    +4.6%    2.6x     중간  8.30  3/0
⛔ 금양(001570) 호가 없음 (거래정지 의심)

══════════════════════════════════════════════════
⚠️  손실 주의 SK증권(001510) -8.8% (비상손절 -15%)
→ 전종목 HOLD
✅ Discord 전송 완료

[11:16] HOLD | KODEX RSI78/-3.7%⚠️ | 보유:SK증권(001510) -8.8% 유진로봇(056080) +0.2% 원익피앤(217820) -6.9% HPSP(403870) -2.3% | 💸예수금부족 | 최고신호 HPSP(403870) 3/3개 [하락-5.3% / MA골 / 호가1.4]
💰 예수금 9,313원 | KODEX200 RSI77/-4.0% 과열⚠️ | 매수기준 3개↑
📦 보유 SK증권(001510) 1주 -8.9% 🔴스탑로스임박
📦 보유 유진로봇(056080) 1주 -0.2%
📦 보유 원익피앤이(217820) 3주 -7.1% 🔴스탑로스임박
📦 보유 HPSP(403870) 1주 -2.5%

코드      종목명           가격    RSI     변화율    거래량     BB   호가비  B/S
────────────────────────────────────────────────────────────────────────
[2단계 분석 대상: 001510, 056080, 217820, 403870, 035720, 061250, 138040, 086790, 055550]
403870  HPSP      51,900   51.4    -5.5%    0.4x     중간  1.39  3/0
⛔ 아우토크립트(137040) 호가 없음 (거래정지 의심)
061250  화일약품       8,340   22.6    -0.9%    0.6x     중간  6.97  2/0
217820  원익피앤이      3,250   35.1    -3.3%    0.3x     중간  4.22  3/1
001510  SK증권       4,235   56.3    -5.5%    0.3x     중간  1.37  3/0
056080  유진로봇      27,300   64.2    +4.4%    2.6x     중간 12.90  3/0
⛔ 금양(001570) 호가 없음 (거래정지 의심)

══════════════════════════════════════════════════
⚠️  손실 주의 SK증권(001510) -8.9% (비상손절 -15%)
→ 전종목 HOLD
✅ Discord 전송 완료

[11:18] HOLD | KODEX RSI77/-4.0%⚠️ | 보유:SK증권(001510) -8.9% 유진로봇(056080) -0.2% 원익피앤(217820) -7.1% HPSP(403870) -2.5% | 💸예수금부족 | 최고신호 HPSP(403870) 3/3개 [하락-5.5% / MA골 / 호가1.4]
💰 예수금 9,313원 | KODEX200 RSI77/-4.0% 과열⚠️ | 매수기준 3개↑
📦 보유 SK증권(001510) 1주 -8.9% 🔴스탑로스임박
📦 보유 유진로봇(056080) 1주 -0.2%
📦 보유 원익피앤이(217820) 3주 -6.9% 🔴스탑로스임박
📦 보유 HPSP(403870) 1주 -2.5%

코드      종목명           가격    RSI     변화율    거래량     BB   호가비  B/S
────────────────────────────────────────────────────────────────────────
[2단계 분석 대상: 001510, 056080, 217820, 403870, 086790, 061250, 055550, 035720, 058470]
403870  HPSP      51,900   51.5    -5.3%    0.4x     중간  1.38  3/0
⛔ 아우토크립트(137040) 호가 없음 (거래정지 의심)
061250  화일약품       8,340   22.6    -0.9%    0.6x     중간  6.94  2/0
217820  원익피앤이      3,255   35.4    -3.0%    0.3x     중간  3.74  3/1
001510  SK증권       4,245   56.5    -5.1%    0.3x     중간  1.70  3/0
056080  유진로봇      27,450   64.6    +4.8%    2.6x     중간  6.22  3/0
⛔ 금양(001570) 호가 없음 (거래정지 의심)

══════════════════════════════════════════════════
⚠️  손실 주의 SK증권(001510) -8.9% (비상손절 -15%)
→ 전종목 HOLD
✅ Discord 전송 완료

[11:20] HOLD | KODEX RSI77/-4.0%⚠️ | 보유:SK증권(001510) -8.9% 유진로봇(056080) -0.2% 원익피앤(217820) -6.9% HPSP(403870) -2.5% | 💸예수금부족 | 최고신호 HPSP(403870) 3/3개 [하락-5.3% / MA골 / 호가1.4]
💰 예수금 9,312원 | KODEX200 RSI78/-3.5% 과열⚠️ | 매수기준 3개↑
📦 보유 SK증권(001510) 1주 -8.7% 🔴스탑로스임박
📦 보유 유진로봇(056080) 1주 -0.2%
📦 보유 원익피앤이(217820) 3주 -6.6% 🔴스탑로스임박
📦 보유 HPSP(403870) 1주 -1.9%

코드      종목명           가격    RSI     변화율    거래량     BB   호가비  B/S
────────────────────────────────────────────────────────────────────────
[2단계 분석 대상: 001510, 056080, 217820, 403870, 061250, 086790, 055550, 058470, 035720]
403870  HPSP      52,000   52.6    -4.4%    0.4x     중간  1.12  2/0
⛔ 아우토크립트(137040) 호가 없음 (거래정지 의심)
061250  화일약품       8,340   22.6    -0.9%    0.6x     중간  6.94  2/0
217820  원익피앤이      3,285   35.7    -2.5%    0.3x     중간  2.45  3/1
001510  SK증권       4,270   56.9    -4.6%    0.3x     중간  0.77  2/0
056080  유진로봇      27,600   64.9    +5.2%    2.6x     중간  1.88  3/0
⛔ 금양(001570) 호가 없음 (거래정지 의심)

══════════════════════════════════════════════════
⚠️  손실 주의 SK증권(001510) -8.7% (비상손절 -15%)
→ 전종목 HOLD
✅ Discord 전송 완료

[11:22] HOLD | KODEX RSI78/-3.5%⚠️ | 보유:SK증권(001510) -8.7% 유진로봇(056080) -0.2% 원익피앤(217820) -6.6% HPSP(403870) -1.9% | 💸예수금부족 | 최고신호 원익피앤이(217820) 3/3개 [RSI36 / 하락-2.5% / 호가2.5]
💰 예수금 9,312원 | KODEX200 RSI79/-3.3% 과열⚠️ | 매수기준 3개↑
📦 보유 SK증권(001510) 1주 -8.3% 🔴스탑로스임박
📦 보유 유진로봇(056080) 1주 -0.0%
📦 보유 원익피앤이(217820) 3주 -5.9% 🔴스탑로스임박
📦 보유 HPSP(403870) 1주 -1.5%

코드      종목명           가격    RSI     변화율    거래량     BB   호가비  B/S
────────────────────────────────────────────────────────────────────────
[2단계 분석 대상: 001510, 056080, 217820, 403870, 061250, 035720, 015760, 138040, 066970]
403870  HPSP      52,200   52.4    -4.6%    0.4x     중간  1.36  3/0
⛔ 아우토크립트(137040) 호가 없음 (거래정지 의심)
061250  화일약품       8,340   22.6    -0.9%    0.6x     중간  6.95  2/0
217820  원익피앤이      3,285   35.8    -2.4%    0.3x     중간  2.36  3/1
001510  SK증권       4,260   56.7    -4.8%    0.3x     중간  1.40  3/0
056080  유진로봇      27,350   64.2    +4.4%    2.6x     중간 10.93  3/0
⛔ 금양(001570) 호가 없음 (거래정지 의심)

══════════════════════════════════════════════════
⚠️  손실 주의 SK증권(001510) -8.3% (비상손절 -15%)
→ 전종목 HOLD
✅ Discord 전송 완료

[11:24] HOLD | KODEX RSI79/-3.3%⚠️ | 보유:SK증권(001510) -8.3% 유진로봇(056080) -0.0% 원익피앤(217820) -5.9% HPSP(403870) -1.5% | 💸예수금부족 | 최고신호 HPSP(403870) 3/3개 [하락-4.6% / MA골 / 호가1.4]
💰 예수금 9,312원 | KODEX200 RSI79/-3.1% 과열⚠️ | 매수기준 3개↑
📦 보유 SK증권(001510) 1주 -8.8% 🔴스탑로스임박
📦 보유 유진로봇(056080) 1주 +0.2%
📦 보유 원익피앤이(217820) 3주 -6.3% 🔴스탑로스임박
📦 보유 HPSP(403870) 1주 -1.3%

코드      종목명           가격    RSI     변화율    거래량     BB   호가비  B/S
────────────────────────────────────────────────────────────────────────
[2단계 분석 대상: 001510, 056080, 217820, 403870, 035720, 015760, 086790, 061250, 247540]
403870  HPSP      52,300   52.6    -4.4%    0.4x     중간  1.27  3/0
⛔ 아우토크립트(137040) 호가 없음 (거래정지 의심)
061250  화일약품       8,450   25.1    +0.5%    0.6x     중간  4.92  2/0
217820  원익피앤이      3,270   35.4    -3.0%    0.3x     중간  2.75  3/1
001510  SK증권       4,250   56.6    -5.0%    0.3x     중간  2.80  3/0
056080  유진로봇      27,500   64.8    +5.0%    2.6x     중간  5.82  3/0
⛔ 금양(001570) 호가 없음 (거래정지 의심)

══════════════════════════════════════════════════
⚠️  손실 주의 SK증권(001510) -8.8% (비상손절 -15%)
→ 전종목 HOLD
✅ Discord 전송 완료

[11:26] HOLD | KODEX RSI79/-3.1%⚠️ | 보유:SK증권(001510) -8.8% 유진로봇(056080) +0.2% 원익피앤(217820) -6.3% HPSP(403870) -1.3% | 💸예수금부족 | 최고신호 HPSP(403870) 3/3개 [하락-4.4% / MA골 / 호가1.3]
💰 예수금 9,312원 | KODEX200 RSI78/-3.5% 과열⚠️ | 매수기준 3개↑
📦 보유 SK증권(001510) 1주 -8.8% 🔴스탑로스임박
📦 보유 유진로봇(056080) 1주 -0.6%
📦 보유 원익피앤이(217820) 3주 -6.9% 🔴스탑로스임박
📦 보유 HPSP(403870) 1주 -1.5%

코드      종목명           가격    RSI     변화율    거래량     BB   호가비  B/S
────────────────────────────────────────────────────────────────────────
[2단계 분석 대상: 001510, 056080, 217820, 403870, 068270, 247540, 066970, 035720, 138040]
403870  HPSP      52,100   51.8    -5.1%    0.4x     중간  1.87  3/0
⛔ 아우토크립트(137040) 호가 없음 (거래정지 의심)
061250  화일약품       8,450    0.0    +0.0%    0.0x     중간  4.37  1/0
217820  원익피앤이      3,270   35.4    -3.0%    0.3x     중간  4.14  3/1
001510  SK증권       4,215   56.1    -5.8%    0.3x     중간  3.87  3/0
056080  유진로봇      27,150   63.4    +3.4%    2.6x     중간  6.19  3/0
⛔ 금양(001570) 호가 없음 (거래정지 의심)

══════════════════════════════════════════════════
⚠️  손실 주의 SK증권(001510) -8.8% (비상손절 -15%)
→ 전종목 HOLD
✅ Discord 전송 완료

[11:28] HOLD | KODEX RSI78/-3.5%⚠️ | 보유:SK증권(001510) -8.8% 유진로봇(056080) -0.6% 원익피앤(217820) -6.9% HPSP(403870) -1.5% | 💸예수금부족 | 최고신호 HPSP(403870) 3/3개 [하락-5.1% / MA골 / 호가1.9]
💰 예수금 9,313원 | KODEX200 RSI78/-3.9% 과열⚠️ | 매수기준 3개↑
📦 보유 SK증권(001510) 1주 -9.4% 🔴스탑로스임박
📦 보유 유진로봇(056080) 1주 -1.3%
📦 보유 원익피앤이(217820) 3주 -6.9% 🔴스탑로스임박
📦 보유 HPSP(403870) 1주 -2.1%

코드      종목명           가격    RSI     변화율    거래량     BB   호가비  B/S
────────────────────────────────────────────────────────────────────────
[2단계 분석 대상: 001510, 056080, 217820, 403870, 058470, 068270, 247540, 066970, 015760]
403870  HPSP      52,000   52.0    -4.9%    0.4x     중간  2.38  3/0
⛔ 아우토크립트(137040) 호가 없음 (거래정지 의심)
061250  화일약품       8,420    0.0    +0.0%    0.0x     중간  6.35  1/0
217820  원익피앤이      3,260   35.4    -3.0%    0.3x     중간  4.04  3/1
001510  SK증권       4,215   56.1    -5.8%    0.3x     중간  7.19  3/0
056080  유진로봇      27,300   64.1    +4.2%    2.6x     중간  2.31  3/0
⛔ 금양(001570) 호가 없음 (거래정지 의심)

══════════════════════════════════════════════════
⚠️  손실 주의 SK증권(001510) -9.4% (비상손절 -15%)
→ 전종목 HOLD
✅ Discord 전송 완료

[11:30] HOLD | KODEX RSI78/-3.9%⚠️ | 보유:SK증권(001510) -9.4% 유진로봇(056080) -1.3% 원익피앤(217820) -6.9% HPSP(403870) -2.1% | 💸예수금부족 | 최고신호 HPSP(403870) 3/3개 [하락-4.9% / MA골 / 호가2.4]
💰 예수금 9,313원 | KODEX200 RSI78/-3.7% 과열⚠️ | 매수기준 3개↑
📦 보유 SK증권(001510) 1주 -9.2% 🔴스탑로스임박
📦 보유 유진로봇(056080) 1주 -0.9%
📦 보유 원익피앤이(217820) 3주 -6.8% 🔴스탑로스임박
📦 보유 HPSP(403870) 1주 -2.1%

코드      종목명           가격    RSI     변화율    거래량     BB   호가비  B/S
────────────────────────────────────────────────────────────────────────
[2단계 분석 대상: 001510, 056080, 217820, 403870, 247540, 079550, 015760, 058470, 035720]
403870  HPSP      51,900   52.0    -4.9%    0.4x     중간  2.70  3/0
⛔ 아우토크립트(137040) 호가 없음 (거래정지 의심)
061250  화일약품       8,420    0.0    +0.0%    0.0x     중간  1.06  0/0
217820  원익피앤이      3,255   35.4    -3.0%    0.3x     중간  4.29  3/1
001510  SK증권       4,220   56.1    -5.8%    0.3x     중간  4.87  3/0
056080  유진로봇      27,300   63.7    +3.8%    2.7x     중간  3.60  3/0
⛔ 금양(001570) 호가 없음 (거래정지 의심)

══════════════════════════════════════════════════
⚠️  손실 주의 SK증권(001510) -9.2% (비상손절 -15%)
→ 전종목 HOLD
✅ Discord 전송 완료

[11:32] HOLD | KODEX RSI78/-3.7%⚠️ | 보유:SK증권(001510) -9.2% 유진로봇(056080) -0.9% 원익피앤(217820) -6.8% HPSP(403870) -2.1% | 💸예수금부족 | 최고신호 HPSP(403870) 3/3개 [하락-4.9% / MA골 / 호가2.7]
💰 예수금 9,313원 | KODEX200 RSI78/-3.6% 과열⚠️ | 매수기준 3개↑
📦 보유 SK증권(001510) 1주 -8.8% 🔴스탑로스임박
📦 보유 유진로봇(056080) 1주 -0.0%
📦 보유 원익피앤이(217820) 3주 -6.8% 🔴스탑로스임박
📦 보유 HPSP(403870) 1주 -2.1%

코드      종목명           가격    RSI     변화율    거래량     BB   호가비  B/S
────────────────────────────────────────────────────────────────────────
[2단계 분석 대상: 001510, 056080, 217820, 403870, 058470, 035720, 000660, 042700, 015760]
403870  HPSP      52,000   52.4    -4.6%    0.4x     중간  2.54  3/0
⛔ 아우토크립트(137040) 호가 없음 (거래정지 의심)
061250  화일약품       8,420    0.0    +0.0%    0.0x     중간  1.06  0/0
217820  원익피앤이      3,260   35.5    -2.8%    0.3x     중간  4.60  3/1
001510  SK증권       4,235   56.2    -5.6%    0.3x     중간  6.63  3/0
056080  유진로봇      27,500   64.6    +4.8%    2.7x     중간  3.32  3/0
⛔ 금양(001570) 호가 없음 (거래정지 의심)

══════════════════════════════════════════════════
⚠️  손실 주의 SK증권(001510) -8.8% (비상손절 -15%)
→ 전종목 HOLD
✅ Discord 전송 완료

[11:34] HOLD | KODEX RSI78/-3.6%⚠️ | 보유:SK증권(001510) -8.8% 유진로봇(056080) -0.0% 원익피앤(217820) -6.8% HPSP(403870) -2.1% | 💸예수금부족 | 최고신호 HPSP(403870) 3/3개 [하락-4.6% / MA골 / 호가2.5]
💰 예수금 9,311원 | KODEX200 RSI79/-3.2% 과열⚠️ | 매수기준 3개↑
📦 보유 SK증권(001510) 1주 -8.8% 🔴스탑로스임박
📦 보유 유진로봇(056080) 1주 +0.9%
📦 보유 원익피앤이(217820) 3주 -6.6% 🔴스탑로스임박
📦 보유 HPSP(403870) 1주 -1.5%

코드      종목명           가격    RSI     변화율    거래량     BB   호가비  B/S
────────────────────────────────────────────────────────────────────────
[2단계 분석 대상: 001510, 056080, 217820, 403870, 058470, 035720, 015760, 000270, 012450]
403870  HPSP      52,200   52.4    -4.6%    0.4x     중간  2.41  3/0
⛔ 아우토크립트(137040) 호가 없음 (거래정지 의심)
061250  화일약품       8,420    0.0    +0.0%    0.0x     중간  1.07  0/0
217820  원익피앤이      3,265   35.6    -2.7%    0.3x     중간  2.82  3/1
001510  SK증권       4,230   56.4    -5.4%    0.3x     중간  6.22  3/0
056080  유진로봇      27,700   65.3    +5.5%    2.7x     중간  2.26  3/0
⛔ 금양(001570) 호가 없음 (거래정지 의심)

══════════════════════════════════════════════════
⚠️  손실 주의 SK증권(001510) -8.8% (비상손절 -15%)
→ 전종목 HOLD
✅ Discord 전송 완료

[11:36] HOLD | KODEX RSI79/-3.2%⚠️ | 보유:SK증권(001510) -8.8% 유진로봇(056080) +0.9% 원익피앤(217820) -6.6% HPSP(403870) -1.5% | 💸예수금부족 | 최고신호 HPSP(403870) 3/3개 [하락-4.6% / MA골 / 호가2.4]
💰 예수금 9,311원 | KODEX200 RSI80/-3.1% 과열⚠️ | 매수기준 3개↑
📦 보유 SK증권(001510) 1주 -8.7% 🔴스탑로스임박
📦 보유 유진로봇(056080) 1주 +1.4%
📦 보유 원익피앤이(217820) 3주 -6.6% 🔴스탑로스임박
📦 보유 HPSP(403870) 1주 -1.1%

코드      종목명           가격    RSI     변화율    거래량     BB   호가비  B/S
────────────────────────────────────────────────────────────────────────
[2단계 분석 대상: 001510, 056080, 217820, 403870, 058470, 035720, 207940, 079550, 035420]
403870  HPSP      52,300   52.6    -4.4%    0.4x     중간  3.04  3/0
⛔ 아우토크립트(137040) 호가 없음 (거래정지 의심)
061250  화일약품       8,420    0.0    +0.0%    0.0x     중간  1.07  0/0
217820  원익피앤이      3,270   35.7    -2.5%    0.3x     중간  2.98  3/1
001510  SK증권       4,235   56.4    -5.4%    0.3x     중간  3.89  3/0
056080  유진로봇      27,650   65.3    +5.5%    2.7x     중간  1.97  3/0
⛔ 금양(001570) 호가 없음 (거래정지 의심)

══════════════════════════════════════════════════
⚠️  손실 주의 SK증권(001510) -8.7% (비상손절 -15%)
→ 전종목 HOLD
✅ Discord 전송 완료

[11:38] HOLD | KODEX RSI80/-3.1%⚠️ | 보유:SK증권(001510) -8.7% 유진로봇(056080) +1.4% 원익피앤(217820) -6.6% HPSP(403870) -1.1% | 💸예수금부족 | 최고신호 HPSP(403870) 3/3개 [하락-4.4% / MA골 / 호가3.0]
💰 예수금 9,311원 | KODEX200 RSI78/-3.5% 과열⚠️ | 매수기준 3개↑
📦 보유 SK증권(001510) 1주 -8.9% 🔴스탑로스임박
📦 보유 유진로봇(056080) 1주 +0.9%
📦 보유 원익피앤이(217820) 3주 -6.5% 🔴스탑로스임박
📦 보유 HPSP(403870) 1주 -1.5%

코드      종목명           가격    RSI     변화율    거래량     BB   호가비  B/S
────────────────────────────────────────────────────────────────────────
[2단계 분석 대상: 001510, 056080, 217820, 403870, 058470, 034020, 035720, 051910, 000660]
403870  HPSP      52,100   52.2    -4.8%    0.4x     중간  3.33  3/0
⛔ 아우토크립트(137040) 호가 없음 (거래정지 의심)
061250  화일약품       8,420    0.0    +0.0%    0.0x     중간  1.07  0/0
217820  원익피앤이      3,270   35.7    -2.5%    0.3x     중간  2.51  3/1
001510  SK증권       4,225   56.3    -5.5%    0.3x     중간  3.36  3/0
056080  유진로봇      27,450   64.8    +5.0%    2.7x     중간  3.99  3/0
⛔ 금양(001570) 호가 없음 (거래정지 의심)

══════════════════════════════════════════════════
⚠️  손실 주의 SK증권(001510) -8.9% (비상손절 -15%)
→ 전종목 HOLD
✅ Discord 전송 완료

[11:40] HOLD | KODEX RSI78/-3.5%⚠️ | 보유:SK증권(001510) -8.9% 유진로봇(056080) +0.9% 원익피앤(217820) -6.5% HPSP(403870) -1.5% | 💸예수금부족 | 최고신호 HPSP(403870) 3/3개 [하락-4.8% / MA골 / 호가3.3]
💰 예수금 9,311원 | KODEX200 RSI79/-3.4% 과열⚠️ | 매수기준 3개↑
📦 보유 SK증권(001510) 1주 -8.9% 🔴스탑로스임박
📦 보유 유진로봇(056080) 1주 +0.7%
📦 보유 원익피앤이(217820) 3주 -6.6% 🔴스탑로스임박
📦 보유 HPSP(403870) 1주 -1.5%

코드      종목명           가격    RSI     변화율    거래량     BB   호가비  B/S
────────────────────────────────────────────────────────────────────────
[2단계 분석 대상: 001510, 056080, 217820, 403870, 058470, 051910, 035720, 012330, 207940]
403870  HPSP      52,200   53.0    -4.0%    0.4x     중간  2.77  3/0
⛔ 아우토크립트(137040) 호가 없음 (거래정지 의심)
061250  화일약품       8,380    0.0    +0.0%    0.0x     중간  1.23  1/0
217820  원익피앤이      3,270   35.8    -2.4%    0.3x     중간  2.48  3/1
001510  SK증권       4,230   56.3    -5.5%    0.3x     중간  3.36  3/0
056080  유진로봇      27,650   65.3    +5.5%    2.7x     중간  1.38  3/0
⛔ 금양(001570) 호가 없음 (거래정지 의심)

══════════════════════════════════════════════════
⚠️  손실 주의 SK증권(001510) -8.9% (비상손절 -15%)
→ 전종목 HOLD
✅ Discord 전송 완료

[11:42] HOLD | KODEX RSI79/-3.4%⚠️ | 보유:SK증권(001510) -8.9% 유진로봇(056080) +0.7% 원익피앤(217820) -6.6% HPSP(403870) -1.5% | 💸예수금부족 | 최고신호 HPSP(403870) 3/3개 [하락-4.0% / MA골 / 호가2.8]
💰 예수금 9,311원 | KODEX200 RSI80/-3.0% 과열⚠️ | 매수기준 3개↑
📦 보유 SK증권(001510) 1주 -8.6% 🔴스탑로스임박
📦 보유 유진로봇(056080) 1주 +1.6%
📦 보유 원익피앤이(217820) 3주 -6.3% 🔴스탑로스임박
📦 보유 HPSP(403870) 1주 -1.3%

코드      종목명           가격    RSI     변화율    거래량     BB   호가비  B/S
────────────────────────────────────────────────────────────────────────
[2단계 분석 대상: 001510, 056080, 217820, 403870, 058470, 035720, 207940, 012330, 000270]
403870  HPSP      52,400   52.8    -4.2%    0.4x     중간  3.48  3/0
⛔ 아우토크립트(137040) 호가 없음 (거래정지 의심)
061250  화일약품       8,380    0.0    +0.0%    0.0x     중간  1.21  1/0
217820  원익피앤이      3,285   35.8    -2.4%    0.3x     중간  2.23  3/1
001510  SK증권       4,245   56.5    -5.1%    0.3x     중간  6.12  3/0
056080  유진로봇      27,900   65.7    +6.1%    2.7x     중간  0.65  2/0
⛔ 금양(001570) 호가 없음 (거래정지 의심)

══════════════════════════════════════════════════
⚠️  손실 주의 SK증권(001510) -8.6% (비상손절 -15%)
→ 전종목 HOLD
✅ Discord 전송 완료

[11:44] HOLD | KODEX RSI80/-3.0%⚠️ | 보유:SK증권(001510) -8.6% 유진로봇(056080) +1.6% 원익피앤(217820) -6.3% HPSP(403870) -1.3% | 💸예수금부족 | 최고신호 HPSP(403870) 3/3개 [하락-4.2% / MA골 / 호가3.5]
💰 예수금 9,310원 | KODEX200 RSI80/-2.7% 과열⚠️ | 매수기준 3개↑
📦 보유 SK증권(001510) 1주 -8.5% 🔴스탑로스임박
📦 보유 유진로봇(056080) 1주 +2.2%
📦 보유 원익피앤이(217820) 3주 -5.9% 🔴스탑로스임박
📦 보유 HPSP(403870) 1주 -0.8%

코드      종목명           가격    RSI     변화율    거래량     BB   호가비  B/S
────────────────────────────────────────────────────────────────────────
[2단계 분석 대상: 001510, 056080, 217820, 403870, 035720, 000270, 058470, 051910, 035420]
403870  HPSP      52,500   53.0    -4.0%    0.4x     중간  2.61  3/0
⛔ 아우토크립트(137040) 호가 없음 (거래정지 의심)
061250  화일약품       8,380    0.0    +0.0%    0.0x     중간  1.21  1/0
217820  원익피앤이      3,280   35.8    -2.4%    0.3x     중간  1.75  3/1
001510  SK증권       4,250   56.5    -5.1%    0.3x     중간  4.57  3/0
056080  유진로봇      27,950   65.9    +6.3%    2.7x     중간  0.60  2/0
⛔ 금양(001570) 호가 없음 (거래정지 의심)

══════════════════════════════════════════════════
⚠️  손실 주의 SK증권(001510) -8.5% (비상손절 -15%)
→ 전종목 HOLD
✅ Discord 전송 완료

[11:46] HOLD | KODEX RSI80/-2.7%⚠️ | 보유:SK증권(001510) -8.5% 유진로봇(056080) +2.2% 원익피앤(217820) -5.9% HPSP(403870) -0.8% | 💸예수금부족 | 최고신호 HPSP(403870) 3/3개 [하락-4.0% / MA골 / 호가2.6]
💰 예수금 9,310원 | KODEX200 RSI80/-2.9% 과열⚠️ | 매수기준 3개↑
📦 보유 SK증권(001510) 1주 -8.6% 🔴스탑로스임박
📦 보유 유진로봇(056080) 1주 +2.0%
📦 보유 원익피앤이(217820) 3주 -6.3% 🔴스탑로스임박
📦 보유 HPSP(403870) 1주 -0.9%

코드      종목명           가격    RSI     변화율    거래량     BB   호가비  B/S
────────────────────────────────────────────────────────────────────────
[2단계 분석 대상: 001510, 056080, 217820, 403870, 035720, 058470, 012330, 035420, 051910]
403870  HPSP      52,700   53.2    -3.8%    0.4x     중간  2.08  3/0
⛔ 아우토크립트(137040) 호가 없음 (거래정지 의심)
061250  화일약품       8,380    0.0    +0.0%    0.0x     중간  1.21  1/0
217820  원익피앤이      3,280   35.8    -2.4%    0.3x     중간  1.97  3/1
001510  SK증권       4,235   56.2    -5.6%    0.3x     중간  4.08  3/0
056080  유진로봇      27,900   66.1    +6.5%    2.7x     중간  0.55  2/0
⛔ 금양(001570) 호가 없음 (거래정지 의심)

══════════════════════════════════════════════════
⚠️  손실 주의 SK증권(001510) -8.6% (비상손절 -15%)
→ 전종목 HOLD
✅ Discord 전송 완료

[11:48] HOLD | KODEX RSI80/-2.9%⚠️ | 보유:SK증권(001510) -8.6% 유진로봇(056080) +2.0% 원익피앤(217820) -6.3% HPSP(403870) -0.9% | 💸예수금부족 | 최고신호 HPSP(403870) 3/3개 [하락-3.8% / MA골 / 호가2.1]
💰 예수금 9,310원 | KODEX200 RSI80/-3.0% 과열⚠️ | 매수기준 3개↑
📦 보유 SK증권(001510) 1주 -9.0% 🔴스탑로스임박
📦 보유 유진로봇(056080) 1주 +1.8%
📦 보유 원익피앤이(217820) 3주 -6.3% 🔴스탑로스임박
📦 보유 HPSP(403870) 1주 -0.8%

코드      종목명           가격    RSI     변화율    거래량     BB   호가비  B/S
────────────────────────────────────────────────────────────────────────
[2단계 분석 대상: 001510, 056080, 217820, 403870, 058470, 035720, 012330, 051910, 259960]
403870  HPSP      52,800   53.9    -3.3%    0.4x     중간  1.81  3/0
⛔ 아우토크립트(137040) 호가 없음 (거래정지 의심)
061250  화일약품       8,380    0.0    +0.0%    0.0x     중간  0.96  0/0
217820  원익피앤이      3,280   35.8    -2.4%    0.3x     중간  2.02  3/1
001510  SK증권       4,230   56.3    -5.5%    0.3x     중간  3.65  3/0
056080  유진로봇      27,900   66.1    +6.5%    2.7x     중간  1.16  2/0
⛔ 금양(001570) 호가 없음 (거래정지 의심)

══════════════════════════════════════════════════
⚠️  손실 주의 SK증권(001510) -9.0% (비상손절 -15%)
→ 전종목 HOLD
✅ Discord 전송 완료

[11:50] HOLD | KODEX RSI80/-3.0%⚠️ | 보유:SK증권(001510) -9.0% 유진로봇(056080) +1.8% 원익피앤(217820) -6.3% HPSP(403870) -0.8% | 💸예수금부족 | 최고신호 HPSP(403870) 3/3개 [하락-3.3% / MA골 / 호가1.8]
💰 예수금 9,308원 | KODEX200 RSI81/-2.7% 과열⚠️ | 매수기준 3개↑
📦 보유 SK증권(001510) 1주 -8.8% 🔴스탑로스임박
📦 보유 유진로봇(056080) 1주 +2.4%
📦 보유 원익피앤이(217820) 3주 -6.1% 🔴스탑로스임박
📦 보유 HPSP(403870) 1주 -0.0%

코드      종목명           가격    RSI     변화율    거래량     BB   호가비  B/S
────────────────────────────────────────────────────────────────────────
[2단계 분석 대상: 001510, 056080, 217820, 403870, 058470, 012330, 035720, 051910, 000270]
403870  HPSP      52,900   53.6    -3.5%    0.4x     중간  1.91  3/0
⛔ 아우토크립트(137040) 호가 없음 (거래정지 의심)
061250  화일약품       8,380    0.0    +0.0%    0.0x     중간  0.96  0/0
217820  원익피앤이      3,285   36.0    -2.1%    0.3x     중간  1.93  3/1
001510  SK증권       4,240   56.5    -5.2%    0.3x     중간  3.57  3/0
056080  유진로봇      27,950   66.2    +6.7%    2.7x     중간  1.00  2/0
⛔ 금양(001570) 호가 없음 (거래정지 의심)

══════════════════════════════════════════════════
⚠️  손실 주의 SK증권(001510) -8.8% (비상손절 -15%)
→ 전종목 HOLD
✅ Discord 전송 완료

[11:52] HOLD | KODEX RSI81/-2.7%⚠️ | 보유:SK증권(001510) -8.8% 유진로봇(056080) +2.4% 원익피앤(217820) -6.1% HPSP(403870) -0.0% | 💸예수금부족 | 최고신호 HPSP(403870) 3/3개 [하락-3.5% / MA골 / 호가1.9]
💰 예수금 9,310원 | KODEX200 RSI80/-3.0% 과열⚠️ | 매수기준 3개↑
📦 보유 SK증권(001510) 1주 -8.8% 🔴스탑로스임박
📦 보유 유진로봇(056080) 1주 +1.4%
📦 보유 원익피앤이(217820) 3주 -6.1% 🔴스탑로스임박
📦 보유 HPSP(403870) 1주 -0.5%

코드      종목명           가격    RSI     변화율    거래량     BB   호가비  B/S
────────────────────────────────────────────────────────────────────────
[2단계 분석 대상: 001510, 056080, 217820, 403870, 058470, 012330, 035720, 051910, 207940]
403870  HPSP      52,800   53.4    -3.7%    0.4x     중간  1.64  3/0
⛔ 아우토크립트(137040) 호가 없음 (거래정지 의심)
061250  화일약품       8,450    0.0    +0.0%    0.0x     중간  0.92  0/0
217820  원익피앤이      3,285   36.0    -2.1%    0.3x     중간  1.97  3/1
001510  SK증권       4,235   56.3    -5.5%    0.3x     중간  3.92  3/0
056080  유진로봇      27,850   65.9    +6.3%    2.7x     중간  1.07  2/0
⛔ 금양(001570) 호가 없음 (거래정지 의심)

══════════════════════════════════════════════════
⚠️  손실 주의 SK증권(001510) -8.8% (비상손절 -15%)
→ 전종목 HOLD
✅ Discord 전송 완료

[11:54] HOLD | KODEX RSI80/-3.0%⚠️ | 보유:SK증권(001510) -8.8% 유진로봇(056080) +1.4% 원익피앤(217820) -6.1% HPSP(403870) -0.5% | 💸예수금부족 | 최고신호 HPSP(403870) 3/3개 [하락-3.7% / MA골 / 호가1.6]
💰 예수금 9,310원 | KODEX200 RSI80/-3.0% 과열⚠️ | 매수기준 3개↑
📦 보유 SK증권(001510) 1주 -8.8% 🔴스탑로스임박
📦 보유 유진로봇(056080) 1주 +2.2%
📦 보유 원익피앤이(217820) 3주 -6.1% 🔴스탑로스임박
📦 보유 HPSP(403870) 1주 -0.2%

코드      종목명           가격    RSI     변화율    거래량     BB   호가비  B/S
────────────────────────────────────────────────────────────────────────
[2단계 분석 대상: 001510, 056080, 217820, 403870, 058470, 207940, 012330, 034020, 035720]
403870  HPSP      52,800   53.4    -3.7%    0.4x     중간  1.27  3/0
⛔ 아우토크립트(137040) 호가 없음 (거래정지 의심)
061250  화일약품       8,450    0.0    +0.0%    0.0x     중간  0.92  0/0
217820  원익피앤이      3,285   36.0    -2.1%    0.3x     중간  1.69  3/1
001510  SK증권       4,235   56.4    -5.4%    0.3x     중간  4.97  3/0
056080  유진로봇      27,850   65.7    +6.1%    2.7x     중간  0.85  2/0
⛔ 금양(001570) 호가 없음 (거래정지 의심)

══════════════════════════════════════════════════
⚠️  손실 주의 SK증권(001510) -8.8% (비상손절 -15%)
→ 전종목 HOLD
✅ Discord 전송 완료

[11:56] HOLD | KODEX RSI80/-3.0%⚠️ | 보유:SK증권(001510) -8.8% 유진로봇(056080) +2.2% 원익피앤(217820) -6.1% HPSP(403870) -0.2% | 💸예수금부족 | 최고신호 HPSP(403870) 3/3개 [하락-3.7% / MA골 / 호가1.3]
💰 예수금 9,310원 | KODEX200 RSI79/-3.4% 과열⚠️ | 매수기준 3개↑
📦 보유 SK증권(001510) 1주 -9.1% 🔴스탑로스임박
📦 보유 유진로봇(056080) 1주 +0.9%
📦 보유 원익피앤이(217820) 3주 -5.9% 🔴스탑로스임박
📦 보유 HPSP(403870) 1주 -0.8%

코드      종목명           가격    RSI     변화율    거래량     BB   호가비  B/S
────────────────────────────────────────────────────────────────────────
[2단계 분석 대상: 001510, 056080, 217820, 403870, 058470, 035720, 012330, 034020, 000660]
403870  HPSP      52,600   52.8    -4.2%    0.4x     중간  1.89  3/0
⛔ 아우토크립트(137040) 호가 없음 (거래정지 의심)
061250  화일약품       8,510    0.0    +0.0%    0.0x     중간  1.71  1/0
217820  원익피앤이      3,285   36.1    -1.9%    0.3x     중간  1.73  3/1
001510  SK증권       4,220   56.1    -5.8%    0.3x     중간  4.77  3/0
056080  유진로봇      27,700   65.4    +5.7%    2.7x     중간  2.14  3/0
⛔ 금양(001570) 호가 없음 (거래정지 의심)

══════════════════════════════════════════════════
⚠️  손실 주의 SK증권(001510) -9.1% (비상손절 -15%)
→ 전종목 HOLD
✅ Discord 전송 완료

[11:58] HOLD | KODEX RSI79/-3.4%⚠️ | 보유:SK증권(001510) -9.1% 유진로봇(056080) +0.9% 원익피앤(217820) -5.9% HPSP(403870) -0.8% | 💸예수금부족 | 최고신호 HPSP(403870) 3/3개 [하락-4.2% / MA골 / 호가1.9]
💰 예수금 9,310원 | KODEX200 RSI79/-3.3% 과열⚠️ | 매수기준 3개↑
📦 보유 SK증권(001510) 1주 -9.1% 🔴스탑로스임박
📦 보유 유진로봇(056080) 1주 +0.7%
📦 보유 원익피앤이(217820) 3주 -6.2% 🔴스탑로스임박
📦 보유 HPSP(403870) 1주 -0.9%

코드      종목명           가격    RSI     변화율    거래량     BB   호가비  B/S
────────────────────────────────────────────────────────────────────────
[2단계 분석 대상: 001510, 056080, 217820, 403870, 058470, 012330, 066970, 034020, 051910]
403870  HPSP      52,500   53.2    -3.8%    0.4x     중간  3.07  3/0
⛔ 아우토크립트(137040) 호가 없음 (거래정지 의심)
061250  화일약품       8,500    0.0    +0.0%    0.0x     중간  1.39  1/0
217820  원익피앤이      3,280   35.9    -2.2%    0.3x     중간  1.38  3/1
001510  SK증권       4,225   56.2    -5.7%    0.3x     중간  7.96  3/0
056080  유진로봇      27,650   65.3    +5.5%    2.7x     중간  1.77  3/0
⛔ 금양(001570) 호가 없음 (거래정지 의심)

══════════════════════════════════════════════════
⚠️  손실 주의 SK증권(001510) -9.1% (비상손절 -15%)
→ 전종목 HOLD
✅ Discord 전송 완료

[12:00] HOLD | KODEX RSI79/-3.3%⚠️ | 보유:SK증권(001510) -9.1% 유진로봇(056080) +0.7% 원익피앤(217820) -6.2% HPSP(403870) -0.9% | 💸예수금부족 | 최고신호 HPSP(403870) 3/3개 [하락-3.8% / MA골 / 호가3.1]
💰 예수금 9,310원 | KODEX200 RSI79/-3.4% 과열⚠️ | 매수기준 3개↑
📦 보유 SK증권(001510) 1주 -9.1% 🔴스탑로스임박
📦 보유 유진로봇(056080) 1주 +0.9%
📦 보유 원익피앤이(217820) 3주 -6.2% 🔴스탑로스임박
📦 보유 HPSP(403870) 1주 -0.9%

코드      종목명           가격    RSI     변화율    거래량     BB   호가비  B/S
────────────────────────────────────────────────────────────────────────
[2단계 분석 대상: 001510, 056080, 217820, 403870, 058470, 034020, 012330, 066970, 051910]
403870  HPSP      52,600   53.0    -4.0%    0.4x     중간  2.04  3/0
⛔ 아우토크립트(137040) 호가 없음 (거래정지 의심)
061250  화일약품       8,460    0.0    +0.0%    0.0x     중간  1.48  1/0
217820  원익피앤이      3,275   35.9    -2.2%    0.3x     중간  2.08  3/1
001510  SK증권       4,215   56.1    -5.8%    0.3x     중간  5.53  3/0
056080  유진로봇      27,650   65.3    +5.5%    2.7x     중간  1.65  3/0
⛔ 금양(001570) 호가 없음 (거래정지 의심)

══════════════════════════════════════════════════
⚠️  손실 주의 SK증권(001510) -9.1% (비상손절 -15%)
→ 전종목 HOLD
✅ Discord 전송 완료

[12:02] HOLD | KODEX RSI79/-3.4%⚠️ | 보유:SK증권(001510) -9.1% 유진로봇(056080) +0.9% 원익피앤(217820) -6.2% HPSP(403870) -0.9% | 💸예수금부족 | 최고신호 HPSP(403870) 3/3개 [하락-4.0% / MA골 / 호가2.0]
💰 예수금 9,310원 | KODEX200 RSI79/-3.4% 과열⚠️ | 매수기준 3개↑
📦 보유 SK증권(001510) 1주 -9.4% 🔴스탑로스임박
📦 보유 유진로봇(056080) 1주 +0.9%
📦 보유 원익피앤이(217820) 3주 -6.2% 🔴스탑로스임박
📦 보유 HPSP(403870) 1주 -0.9%

코드      종목명           가격    RSI     변화율    거래량     BB   호가비  B/S
────────────────────────────────────────────────────────────────────────
[2단계 분석 대상: 001510, 056080, 217820, 403870, 058470, 034020, 051910, 000660, 247540]
403870  HPSP      52,500   52.8    -4.2%    0.4x     중간  2.85  3/0
⛔ 아우토크립트(137040) 호가 없음 (거래정지 의심)
061250  화일약품       8,500    0.0    +0.0%    0.0x     중간  0.08  0/0
217820  원익피앤이      3,280   35.9    -2.2%    0.3x     중간  1.30  3/1
001510  SK증권       4,210   56.0    -5.9%    0.3x     중간  6.88  3/0
056080  유진로봇      27,700   65.1    +5.3%    2.7x     중간  1.50  3/0
⛔ 금양(001570) 호가 없음 (거래정지 의심)

══════════════════════════════════════════════════
⚠️  손실 주의 SK증권(001510) -9.4% (비상손절 -15%)
→ 전종목 HOLD
✅ Discord 전송 완료

[12:04] HOLD | KODEX RSI79/-3.4%⚠️ | 보유:SK증권(001510) -9.4% 유진로봇(056080) +0.9% 원익피앤(217820) -6.2% HPSP(403870) -0.9% | 💸예수금부족 | 최고신호 HPSP(403870) 3/3개 [하락-4.2% / MA골 / 호가2.9]
💰 예수금 9,310원 | KODEX200 RSI79/-3.4% 과열⚠️ | 매수기준 3개↑
📦 보유 SK증권(001510) 1주 -9.3% 🔴스탑로스임박
📦 보유 유진로봇(056080) 1주 +0.9%
📦 보유 원익피앤이(217820) 3주 -6.2% 🔴스탑로스임박
📦 보유 HPSP(403870) 1주 -0.9%

코드      종목명           가격    RSI     변화율    거래량     BB   호가비  B/S
────────────────────────────────────────────────────────────────────────
[2단계 분석 대상: 001510, 056080, 217820, 403870, 058470, 012330, 066970, 034020, 247540]
403870  HPSP      52,500   53.0    -4.0%    0.4x     중간  3.05  3/0
⛔ 아우토크립트(137040) 호가 없음 (거래정지 의심)
061250  화일약품       8,490    0.0    +0.0%    0.0x     중간  1.43  1/0
217820  원익피앤이      3,280   35.9    -2.2%    0.3x     중간  1.25  3/1
001510  SK증권       4,210   56.0    -6.0%    0.3x     중간  5.39  3/0
056080  유진로봇      27,700   65.3    +5.5%    2.7x     중간  2.67  3/0
⛔ 금양(001570) 호가 없음 (거래정지 의심)

══════════════════════════════════════════════════
⚠️  손실 주의 SK증권(001510) -9.3% (비상손절 -15%)
→ 전종목 HOLD
✅ Discord 전송 완료

[12:06] HOLD | KODEX RSI79/-3.4%⚠️ | 보유:SK증권(001510) -9.3% 유진로봇(056080) +0.9% 원익피앤(217820) -6.2% HPSP(403870) -0.9% | 💸예수금부족 | 최고신호 HPSP(403870) 3/3개 [하락-4.0% / MA골 / 호가3.0]
💰 예수금 9,311원 | KODEX200 RSI78/-3.7% 과열⚠️ | 매수기준 3개↑
📦 보유 SK증권(001510) 1주 -9.3% 🔴스탑로스임박
📦 보유 유진로봇(056080) 1주 +1.1%
📦 보유 원익피앤이(217820) 3주 -6.3% 🔴스탑로스임박
📦 보유 HPSP(403870) 1주 -1.1%

코드      종목명           가격    RSI     변화율    거래량     BB   호가비  B/S
────────────────────────────────────────────────────────────────────────
[2단계 분석 대상: 001510, 056080, 217820, 403870, 247540, 058470, 066970, 034020, 005380]
403870  HPSP      52,400   52.6    -4.4%    0.4x     중간  2.89  3/0
⛔ 아우토크립트(137040) 호가 없음 (거래정지 의심)
061250  화일약품       8,490    0.0    +0.0%    0.0x     중간  1.43  1/0
217820  원익피앤이      3,275   35.7    -2.5%    0.3x     중간  1.56  3/1
001510  SK증권       4,210   56.0    -5.9%    0.3x     중간  6.24  3/0
056080  유진로봇      27,650   65.1    +5.3%    2.7x     중간  3.54  3/0
⛔ 금양(001570) 호가 없음 (거래정지 의심)

══════════════════════════════════════════════════
⚠️  손실 주의 SK증권(001510) -9.3% (비상손절 -15%)
→ 전종목 HOLD
✅ Discord 전송 완료

[12:08] HOLD | KODEX RSI78/-3.7%⚠️ | 보유:SK증권(001510) -9.3% 유진로봇(056080) +1.1% 원익피앤(217820) -6.3% HPSP(403870) -1.1% | 💸예수금부족 | 최고신호 HPSP(403870) 3/3개 [하락-4.4% / MA골 / 호가2.9]
💰 예수금 9,311원 | KODEX200 RSI78/-3.6% 과열⚠️ | 매수기준 3개↑
📦 보유 SK증권(001510) 1주 -9.4% 🔴스탑로스임박
📦 보유 유진로봇(056080) 1주 +1.1%
📦 보유 원익피앤이(217820) 3주 -6.6% 🔴스탑로스임박
📦 보유 HPSP(403870) 1주 -1.3%

코드      종목명           가격    RSI     변화율    거래량     BB   호가비  B/S
────────────────────────────────────────────────────────────────────────
[2단계 분석 대상: 001510, 056080, 217820, 403870, 058470, 066970, 247540, 012330, 034020]
403870  HPSP      52,400   52.6    -4.4%    0.4x     중간  3.00  3/0
⛔ 아우토크립트(137040) 호가 없음 (거래정지 의심)
061250  화일약품       8,480    0.0    +0.0%    0.0x     중간  2.95  1/0
217820  원익피앤이      3,265   35.6    -2.7%    0.3x     중간  1.33  3/1
001510  SK증권       4,210   56.0    -6.0%    0.3x     중간  5.22  3/0
056080  유진로봇      27,700   65.3    +5.5%    2.8x     중간  1.61  3/0
⛔ 금양(001570) 호가 없음 (거래정지 의심)

══════════════════════════════════════════════════
⚠️  손실 주의 SK증권(001510) -9.4% (비상손절 -15%)
→ 전종목 HOLD
✅ Discord 전송 완료

[12:10] HOLD | KODEX RSI78/-3.6%⚠️ | 보유:SK증권(001510) -9.4% 유진로봇(056080) +1.1% 원익피앤(217820) -6.6% HPSP(403870) -1.3% | 💸예수금부족 | 최고신호 HPSP(403870) 3/3개 [하락-4.4% / MA골 / 호가3.0]
💰 예수금 9,311원 | KODEX200 RSI78/-3.5% 과열⚠️ | 매수기준 3개↑
📦 보유 SK증권(001510) 1주 -9.3% 🔴스탑로스임박
📦 보유 유진로봇(056080) 1주 +1.3%
📦 보유 원익피앤이(217820) 3주 -6.6% 🔴스탑로스임박
📦 보유 HPSP(403870) 1주 -1.1%

코드      종목명           가격    RSI     변화율    거래량     BB   호가비  B/S
────────────────────────────────────────────────────────────────────────
[2단계 분석 대상: 001510, 056080, 217820, 403870, 058470, 000660, 034020, 247540, 066970]
403870  HPSP      52,400   52.6    -4.4%    0.4x     중간  3.13  3/0
⛔ 아우토크립트(137040) 호가 없음 (거래정지 의심)
061250  화일약품       8,480    0.0    +0.0%    0.0x     중간  2.95  1/0
217820  원익피앤이      3,265   35.6    -2.7%    0.3x     중간  1.61  3/1
001510  SK증권       4,215   56.1    -5.9%    0.3x     중간  9.11  3/0
056080  유진로봇      27,650   65.1    +5.3%    2.8x     중간  1.72  3/0
⛔ 금양(001570) 호가 없음 (거래정지 의심)

══════════════════════════════════════════════════
⚠️  손실 주의 SK증권(001510) -9.3% (비상손절 -15%)
→ 전종목 HOLD
✅ Discord 전송 완료

[12:12] HOLD | KODEX RSI78/-3.5%⚠️ | 보유:SK증권(001510) -9.3% 유진로봇(056080) +1.3% 원익피앤(217820) -6.6% HPSP(403870) -1.1% | 💸예수금부족 | 최고신호 HPSP(403870) 3/3개 [하락-4.4% / MA골 / 호가3.1]
💰 예수금 9,311원 | KODEX200 RSI78/-3.5% 과열⚠️ | 매수기준 3개↑
📦 보유 SK증권(001510) 1주 -9.2% 🔴스탑로스임박
📦 보유 유진로봇(056080) 1주 +0.7%
📦 보유 원익피앤이(217820) 3주 -6.6% 🔴스탑로스임박
📦 보유 HPSP(403870) 1주 -1.3%

코드      종목명           가격    RSI     변화율    거래량     BB   호가비  B/S
────────────────────────────────────────────────────────────────────────
[2단계 분석 대상: 001510, 056080, 217820, 403870, 058470, 034020, 066970, 000660, 005380]
403870  HPSP      52,300   52.6    -4.4%    0.4x     중간  2.95  3/0
⛔ 아우토크립트(137040) 호가 없음 (거래정지 의심)
061250  화일약품       8,530    0.0    +0.0%    0.0x     중간  1.35  1/0
217820  원익피앤이      3,265   35.6    -2.7%    0.3x     중간  1.68  3/1
001510  SK증권       4,220   56.2    -5.7%    0.3x     중간  6.79  3/0
056080  유진로봇      27,600   65.1    +5.3%    2.8x     중간  1.08  2/0
⛔ 금양(001570) 호가 없음 (거래정지 의심)

══════════════════════════════════════════════════
⚠️  손실 주의 SK증권(001510) -9.2% (비상손절 -15%)
→ 전종목 HOLD
✅ Discord 전송 완료

[12:14] HOLD | KODEX RSI78/-3.5%⚠️ | 보유:SK증권(001510) -9.2% 유진로봇(056080) +0.7% 원익피앤(217820) -6.6% HPSP(403870) -1.3% | 💸예수금부족 | 최고신호 HPSP(403870) 3/3개 [하락-4.4% / MA골 / 호가3.0]
💰 예수금 9,311원 | KODEX200 RSI78/-3.7% 과열⚠️ | 매수기준 3개↑
📦 보유 SK증권(001510) 1주 -9.1% 🔴스탑로스임박
📦 보유 유진로봇(056080) 1주 +0.7%
📦 보유 원익피앤이(217820) 3주 -6.6% 🔴스탑로스임박
📦 보유 HPSP(403870) 1주 -1.3%

코드      종목명           가격    RSI     변화율    거래량     BB   호가비  B/S
────────────────────────────────────────────────────────────────────────
[2단계 분석 대상: 001510, 056080, 217820, 403870, 066970, 034020, 058470, 005380, 051910]
403870  HPSP      52,300   52.2    -4.8%    0.4x     중간  2.95  3/0
⛔ 아우토크립트(137040) 호가 없음 (거래정지 의심)
061250  화일약품       8,520    0.0    +0.0%    0.0x     중간  1.59  1/0
217820  원익피앤이      3,265   35.7    -2.5%    0.3x     중간  1.51  3/1
001510  SK증권       4,210   56.0    -5.9%    0.4x     중간  9.48  3/0
056080  유진로봇      27,550   64.8    +5.0%    2.8x     중간  1.66  3/0
⛔ 금양(001570) 호가 없음 (거래정지 의심)

══════════════════════════════════════════════════
⚠️  손실 주의 SK증권(001510) -9.1% (비상손절 -15%)
→ 전종목 HOLD
✅ Discord 전송 완료

[12:16] HOLD | KODEX RSI78/-3.7%⚠️ | 보유:SK증권(001510) -9.1% 유진로봇(056080) +0.7% 원익피앤(217820) -6.6% HPSP(403870) -1.3% | 💸예수금부족 | 최고신호 HPSP(403870) 3/3개 [하락-4.8% / MA골 / 호가3.0]
💰 예수금 9,311원 | KODEX200 RSI78/-3.5% 과열⚠️ | 매수기준 3개↑
📦 보유 SK증권(001510) 1주 -9.3% 🔴스탑로스임박
📦 보유 유진로봇(056080) 1주 +0.7%
📦 보유 원익피앤이(217820) 3주 -6.5% 🔴스탑로스임박
📦 보유 HPSP(403870) 1주 -1.3%

코드      종목명           가격    RSI     변화율    거래량     BB   호가비  B/S
────────────────────────────────────────────────────────────────────────
[2단계 분석 대상: 001510, 056080, 217820, 403870, 058470, 066970, 012330, 051910, 034020]
403870  HPSP      52,300   52.4    -4.6%    0.4x     중간  3.20  3/0
⛔ 아우토크립트(137040) 호가 없음 (거래정지 의심)
061250  화일약품       8,520    0.0    +0.0%    0.0x     중간  1.56  1/0
217820  원익피앤이      3,265   35.7    -2.5%    0.3x     중간  1.68  3/1
001510  SK증권       4,205   55.9    -6.2%    0.4x     중간  3.78  3/0
056080  유진로봇      27,700   64.8    +5.0%    2.8x     중간  1.26  3/0
⛔ 금양(001570) 호가 없음 (거래정지 의심)

══════════════════════════════════════════════════
⚠️  손실 주의 SK증권(001510) -9.3% (비상손절 -15%)
→ 전종목 HOLD
✅ Discord 전송 완료

[12:18] HOLD | KODEX RSI78/-3.5%⚠️ | 보유:SK증권(001510) -9.3% 유진로봇(056080) +0.7% 원익피앤(217820) -6.5% HPSP(403870) -1.3% | 💸예수금부족 | 최고신호 HPSP(403870) 3/3개 [하락-4.6% / MA골 / 호가3.2]
💰 예수금 9,311원 | KODEX200 RSI78/-3.5% 과열⚠️ | 매수기준 3개↑
📦 보유 SK증권(001510) 1주 -9.4% 🔴스탑로스임박
📦 보유 유진로봇(056080) 1주 +0.7%
📦 보유 원익피앤이(217820) 3주 -6.8% 🔴스탑로스임박
📦 보유 HPSP(403870) 1주 -1.5%

코드      종목명           가격    RSI     변화율    거래량     BB   호가비  B/S
────────────────────────────────────────────────────────────────────────
[2단계 분석 대상: 001510, 056080, 217820, 403870, 058470, 066970, 034020, 247540, 005380]
403870  HPSP      52,300   52.2    -4.8%    0.4x     중간  3.11  3/0
⛔ 아우토크립트(137040) 호가 없음 (거래정지 의심)
061250  화일약품       8,530    0.0    +0.0%    0.0x     중간  0.54  0/0
217820  원익피앤이      3,260   35.5    -2.8%    0.3x     중간  1.73  3/1
001510  SK증권       4,200   55.9    -6.2%    0.4x     중간  3.74  3/0
056080  유진로봇      27,500   64.8    +5.0%    2.8x     중간  1.66  3/0
⛔ 금양(001570) 호가 없음 (거래정지 의심)

══════════════════════════════════════════════════
⚠️  손실 주의 SK증권(001510) -9.4% (비상손절 -15%)
→ 전종목 HOLD
✅ Discord 전송 완료

[12:20] HOLD | KODEX RSI78/-3.5%⚠️ | 보유:SK증권(001510) -9.4% 유진로봇(056080) +0.7% 원익피앤(217820) -6.8% HPSP(403870) -1.5% | 💸예수금부족 | 최고신호 HPSP(403870) 3/3개 [하락-4.8% / MA골 / 호가3.1]
💰 예수금 9,311원 | KODEX200 RSI78/-3.7% 과열⚠️ | 매수기준 3개↑
📦 보유 SK증권(001510) 1주 -9.7% 🔴스탑로스임박
📦 보유 유진로봇(056080) 1주 +0.5%
📦 보유 원익피앤이(217820) 3주 -6.9% 🔴스탑로스임박
📦 보유 HPSP(403870) 1주 -1.5%

코드      종목명           가격    RSI     변화율    거래량     BB   호가비  B/S
────────────────────────────────────────────────────────────────────────
[2단계 분석 대상: 001510, 056080, 217820, 403870, 247540, 058470, 066970, 034020, 012330]
403870  HPSP      52,200   52.2    -4.8%    0.4x     중간  3.91  3/0
⛔ 아우토크립트(137040) 호가 없음 (거래정지 의심)
061250  화일약품       8,520    0.0    +0.0%    0.0x     중간  0.63  0/0
217820  원익피앤이      3,260   35.5    -2.8%    0.3x     중간  1.95  3/1
001510  SK증권       4,195   55.8    -6.3%    0.4x     중간  2.77  3/0
056080  유진로봇      27,450   64.6    +4.8%    2.8x     중간  2.14  3/0
⛔ 금양(001570) 호가 없음 (거래정지 의심)

══════════════════════════════════════════════════
⚠️  손실 주의 SK증권(001510) -9.7% (비상손절 -15%)
→ 전종목 HOLD
✅ Discord 전송 완료

[12:22] HOLD | KODEX RSI78/-3.7%⚠️ | 보유:SK증권(001510) -9.7% 유진로봇(056080) +0.5% 원익피앤(217820) -6.9% HPSP(403870) -1.5% | 💸예수금부족 | 최고신호 HPSP(403870) 3/3개 [하락-4.8% / MA골 / 호가3.9]
💰 예수금 9,312원 | KODEX200 RSI78/-3.7% 과열⚠️ | 매수기준 3개↑
📦 보유 SK증권(001510) 1주 -9.7% 🔴스탑로스임박
📦 보유 유진로봇(056080) 1주 +0.2%
📦 보유 원익피앤이(217820) 3주 -6.8% 🔴스탑로스임박
📦 보유 HPSP(403870) 1주 -1.9%

코드      종목명           가격    RSI     변화율    거래량     BB   호가비  B/S
────────────────────────────────────────────────────────────────────────
[2단계 분석 대상: 001510, 056080, 217820, 403870, 247540, 058470, 066970, 012330, 000660]
403870  HPSP      52,100   52.0    -4.9%    0.4x     중간  3.88  3/0
⛔ 아우토크립트(137040) 호가 없음 (거래정지 의심)
061250  화일약품       8,500    0.0    +0.0%    0.0x     중간  1.19  0/0
217820  원익피앤이      3,260   35.5    -2.8%    0.3x     중간  1.95  3/1
001510  SK증권       4,200   55.9    -6.2%    0.4x     중간  5.17  3/0
056080  유진로봇      27,400   64.2    +4.4%    2.8x     중간  3.92  3/0
⛔ 금양(001570) 호가 없음 (거래정지 의심)

══════════════════════════════════════════════════
⚠️  손실 주의 SK증권(001510) -9.7% (비상손절 -15%)
→ 전종목 HOLD
✅ Discord 전송 완료

[12:24] HOLD | KODEX RSI78/-3.7%⚠️ | 보유:SK증권(001510) -9.7% 유진로봇(056080) +0.2% 원익피앤(217820) -6.8% HPSP(403870) -1.9% | 💸예수금부족 | 최고신호 HPSP(403870) 3/3개 [하락-4.9% / MA골 / 호가3.9]
💰 예수금 9,312원 | KODEX200 RSI78/-3.6% 과열⚠️ | 매수기준 3개↑
📦 보유 SK증권(001510) 1주 -9.4% 🔴스탑로스임박
📦 보유 유진로봇(056080) 1주 +0.3%
📦 보유 원익피앤이(217820) 3주 -6.8% 🔴스탑로스임박
📦 보유 HPSP(403870) 1주 -1.9%

코드      종목명           가격    RSI     변화율    거래량     BB   호가비  B/S
────────────────────────────────────────────────────────────────────────
[2단계 분석 대상: 001510, 056080, 217820, 403870, 058470, 247540, 066970, 034020, 000660]
403870  HPSP      52,100   52.2    -4.8%    0.4x     중간  3.80  3/0
⛔ 아우토크립트(137040) 호가 없음 (거래정지 의심)
061250  화일약품       8,500    0.0    +0.0%    0.0x     중간  2.42  1/0
217820  원익피앤이      3,270   35.6    -2.7%    0.3x     중간  1.65  3/1
001510  SK증권       4,205   56.0    -6.0%    0.4x     중간  3.72  3/0
056080  유진로봇      27,500   64.8    +5.0%    2.8x     중간  2.57  3/0
⛔ 금양(001570) 호가 없음 (거래정지 의심)

══════════════════════════════════════════════════
⚠️  손실 주의 SK증권(001510) -9.4% (비상손절 -15%)
→ 전종목 HOLD
✅ Discord 전송 완료

[12:26] HOLD | KODEX RSI78/-3.6%⚠️ | 보유:SK증권(001510) -9.4% 유진로봇(056080) +0.3% 원익피앤(217820) -6.8% HPSP(403870) -1.9% | 💸예수금부족 | 최고신호 HPSP(403870) 3/3개 [하락-4.8% / MA골 / 호가3.8]
💰 예수금 9,312원 | KODEX200 RSI78/-3.6% 과열⚠️ | 매수기준 3개↑
📦 보유 SK증권(001510) 1주 -9.6% 🔴스탑로스임박
📦 보유 유진로봇(056080) 1주 +0.2%
📦 보유 원익피앤이(217820) 3주 -6.6% 🔴스탑로스임박
📦 보유 HPSP(403870) 1주 -1.7%

코드      종목명           가격    RSI     변화율    거래량     BB   호가비  B/S
────────────────────────────────────────────────────────────────────────
[2단계 분석 대상: 001510, 056080, 217820, 403870, 058470, 247540, 066970, 051910, 034020]
403870  HPSP      52,100   52.0    -4.9%    0.4x     중간  3.97  3/0
⛔ 아우토크립트(137040) 호가 없음 (거래정지 의심)
061250  화일약품       8,500    0.0    +0.0%    0.0x     중간  2.42  1/0
217820  원익피앤이      3,260   35.6    -2.7%    0.3x     중간  1.84  3/1
001510  SK증권       4,195   55.8    -6.3%    0.4x     중간  3.96  3/0
056080  유진로봇      27,400   64.4    +4.6%    2.8x     중간  4.44  3/0
⛔ 금양(001570) 호가 없음 (거래정지 의심)

══════════════════════════════════════════════════
⚠️  손실 주의 SK증권(001510) -9.6% (비상손절 -15%)
→ 전종목 HOLD
✅ Discord 전송 완료

[12:28] HOLD | KODEX RSI78/-3.6%⚠️ | 보유:SK증권(001510) -9.6% 유진로봇(056080) +0.2% 원익피앤(217820) -6.6% HPSP(403870) -1.7% | 💸예수금부족 | 최고신호 HPSP(403870) 3/3개 [하락-4.9% / MA골 / 호가4.0]
💰 예수금 9,312원 | KODEX200 RSI78/-3.7% 과열⚠️ | 매수기준 3개↑
📦 보유 SK증권(001510) 1주 -9.8% 🔴스탑로스임박
📦 보유 유진로봇(056080) 1주 -0.0%
📦 보유 원익피앤이(217820) 3주 -6.6% 🔴스탑로스임박
📦 보유 HPSP(403870) 1주 -1.9%

코드      종목명           가격    RSI     변화율    거래량     BB   호가비  B/S
────────────────────────────────────────────────────────────────────────
[2단계 분석 대상: 001510, 056080, 217820, 403870, 058470, 247540, 012330, 034020, 066970]
403870  HPSP      52,200   52.2    -4.8%    0.4x     중간  3.45  3/0
⛔ 아우토크립트(137040) 호가 없음 (거래정지 의심)
061250  화일약품       8,500    0.0    +0.0%    0.0x     중간  2.33  1/0
217820  원익피앤이      3,260   35.6    -2.7%    0.3x     중간  1.67  3/1
001510  SK증권       4,195   55.8    -6.3%    0.4x     중간  5.75  3/0
056080  유진로봇      27,400   64.2    +4.4%    2.8x     중간  4.78  3/0
⛔ 금양(001570) 호가 없음 (거래정지 의심)

══════════════════════════════════════════════════
⚠️  손실 주의 SK증권(001510) -9.8% (비상손절 -15%)
→ 전종목 HOLD
✅ Discord 전송 완료

[12:30] HOLD | KODEX RSI78/-3.7%⚠️ | 보유:SK증권(001510) -9.8% 유진로봇(056080) -0.0% 원익피앤(217820) -6.6% HPSP(403870) -1.9% | 💸예수금부족 | 최고신호 HPSP(403870) 3/3개 [하락-4.8% / MA골 / 호가3.5]
💰 예수금 9,312원 | KODEX200 RSI78/-3.7% 과열⚠️ | 매수기준 3개↑
📦 보유 SK증권(001510) 1주 -9.6% 🔴스탑로스임박
📦 보유 유진로봇(056080) 1주 -0.0%
📦 보유 원익피앤이(217820) 3주 -6.6% 🔴스탑로스임박
📦 보유 HPSP(403870) 1주 -1.9%

코드      종목명           가격    RSI     변화율    거래량     BB   호가비  B/S
────────────────────────────────────────────────────────────────────────
[2단계 분석 대상: 001510, 056080, 217820, 403870, 066970, 247540, 058470, 012330, 034020]
403870  HPSP      52,000   52.0    -4.9%    0.4x     중간  5.12  3/0
⛔ 아우토크립트(137040) 호가 없음 (거래정지 의심)
061250  화일약품       8,500    0.0    +0.0%    0.0x     중간  2.33  1/0
217820  원익피앤이      3,260   35.6    -2.7%    0.3x     중간  1.70  3/1
001510  SK증권       4,200   55.8    -6.3%    0.4x     중간  4.28  3/0
056080  유진로봇      27,400   64.2    +4.4%    2.8x     중간  4.54  3/0
⛔ 금양(001570) 호가 없음 (거래정지 의심)

══════════════════════════════════════════════════
⚠️  손실 주의 SK증권(001510) -9.6% (비상손절 -15%)
→ 전종목 HOLD
✅ Discord 전송 완료

[12:32] HOLD | KODEX RSI78/-3.7%⚠️ | 보유:SK증권(001510) -9.6% 유진로봇(056080) -0.0% 원익피앤(217820) -6.6% HPSP(403870) -1.9% | 💸예수금부족 | 최고신호 HPSP(403870) 3/3개 [하락-4.9% / MA골 / 호가5.1]
💰 예수금 9,313원 | KODEX200 RSI78/-3.8% 과열⚠️ | 매수기준 3개↑
📦 보유 SK증권(001510) 1주 -9.6% 🔴스탑로스임박
📦 보유 유진로봇(056080) 1주 -0.0%
📦 보유 원익피앤이(217820) 3주 -6.8% 🔴스탑로스임박
📦 보유 HPSP(403870) 1주 -2.1%

코드      종목명           가격    RSI     변화율    거래량     BB   호가비  B/S
────────────────────────────────────────────────────────────────────────
[2단계 분석 대상: 001510, 056080, 217820, 403870, 247540, 066970, 006400, 034020, 012330]
403870  HPSP      52,000   51.8    -5.1%    0.4x     중간  5.49  3/0
⛔ 아우토크립트(137040) 호가 없음 (거래정지 의심)
061250  화일약품       8,490    0.0    +0.0%    0.0x     중간  2.89  1/0
217820  원익피앤이      3,260   35.5    -2.8%    0.3x     중간  1.75  3/1
001510  SK증권       4,200   55.9    -6.2%    0.4x     중간  3.95  3/0
056080  유진로봇      27,300   64.1    +4.2%    2.8x     중간  5.08  3/0
⛔ 금양(001570) 호가 없음 (거래정지 의심)

══════════════════════════════════════════════════
⚠️  손실 주의 SK증권(001510) -9.6% (비상손절 -15%)
→ 전종목 HOLD
✅ Discord 전송 완료

[12:34] HOLD | KODEX RSI78/-3.8%⚠️ | 보유:SK증권(001510) -9.6% 유진로봇(056080) -0.0% 원익피앤(217820) -6.8% HPSP(403870) -2.1% | 💸예수금부족 | 최고신호 HPSP(403870) 3/3개 [하락-5.1% / MA골 / 호가5.5]
💰 예수금 9,313원 | KODEX200 RSI78/-3.9% 과열⚠️ | 매수기준 3개↑
📦 보유 SK증권(001510) 1주 -9.7% 🔴스탑로스임박
📦 보유 유진로봇(056080) 1주 -0.2%
📦 보유 원익피앤이(217820) 3주 -6.8% 🔴스탑로스임박
📦 보유 HPSP(403870) 1주 -2.3%

코드      종목명           가격    RSI     변화율    거래량     BB   호가비  B/S
────────────────────────────────────────────────────────────────────────
[2단계 분석 대상: 001510, 056080, 217820, 403870, 247540, 066970, 006400, 012330, 000660]
403870  HPSP      51,900   52.0    -4.9%    0.4x     중간  5.65  3/0
⛔ 아우토크립트(137040) 호가 없음 (거래정지 의심)
061250  화일약품       8,510    0.0    +0.0%    0.0x     중간  1.50  1/0
217820  원익피앤이      3,260   35.4    -3.0%    0.3x     중간  1.80  3/1
001510  SK증권       4,200   55.8    -6.3%    0.4x     중간  3.76  3/0
056080  유진로봇      27,400   64.4    +4.6%    2.8x     중간  4.22  3/0
⛔ 금양(001570) 호가 없음 (거래정지 의심)

══════════════════════════════════════════════════
⚠️  손실 주의 SK증권(001510) -9.7% (비상손절 -15%)
→ 전종목 HOLD
✅ Discord 전송 완료

[12:36] HOLD | KODEX RSI78/-3.9%⚠️ | 보유:SK증권(001510) -9.7% 유진로봇(056080) -0.2% 원익피앤(217820) -6.8% HPSP(403870) -2.3% | 💸예수금부족 | 최고신호 HPSP(403870) 3/3개 [하락-4.9% / MA골 / 호가5.7]
💰 예수금 9,312원 | KODEX200 RSI78/-3.5% 과열⚠️ | 매수기준 3개↑
📦 보유 SK증권(001510) 1주 -9.4% 🔴스탑로스임박
📦 보유 유진로봇(056080) 1주 +0.2%
📦 보유 원익피앤이(217820) 3주 -6.9% 🔴스탑로스임박
📦 보유 HPSP(403870) 1주 -1.7%

코드      종목명           가격    RSI     변화율    거래량     BB   호가비  B/S
────────────────────────────────────────────────────────────────────────
[2단계 분석 대상: 001510, 056080, 217820, 403870, 066970, 247540, 058470, 034020, 000660]
403870  HPSP      52,100   52.4    -4.6%    0.5x     중간  4.17  3/0
⛔ 아우토크립트(137040) 호가 없음 (거래정지 의심)
061250  화일약품       8,510    0.0    +0.0%    0.0x     중간  1.50  1/0
217820  원익피앤이      3,260   35.4    -3.0%    0.3x     중간  1.78  3/1
001510  SK증권       4,205   55.9    -6.2%    0.4x     중간  2.70  3/0
056080  유진로봇      27,400   64.4    +4.6%    2.8x     중간  4.02  3/0
⛔ 금양(001570) 호가 없음 (거래정지 의심)

══════════════════════════════════════════════════
⚠️  손실 주의 SK증권(001510) -9.4% (비상손절 -15%)
→ 전종목 HOLD
✅ Discord 전송 완료

[12:38] HOLD | KODEX RSI78/-3.5%⚠️ | 보유:SK증권(001510) -9.4% 유진로봇(056080) +0.2% 원익피앤(217820) -6.9% HPSP(403870) -1.7% | 💸예수금부족 | 최고신호 HPSP(403870) 3/3개 [하락-4.6% / MA골 / 호가4.2]
💰 예수금 9,312원 | KODEX200 RSI79/-3.4% 과열⚠️ | 매수기준 3개↑
📦 보유 SK증권(001510) 1주 -9.6% 🔴스탑로스임박
📦 보유 유진로봇(056080) 1주 +0.2%
📦 보유 원익피앤이(217820) 3주 -6.8% 🔴스탑로스임박
📦 보유 HPSP(403870) 1주 -1.5%

코드      종목명           가격    RSI     변화율    거래량     BB   호가비  B/S
────────────────────────────────────────────────────────────────────────
[2단계 분석 대상: 001510, 056080, 217820, 403870, 247540, 058470, 051910, 042700, 034020]
403870  HPSP      52,200   52.4    -4.6%    0.5x     중간  4.11  3/0
⛔ 아우토크립트(137040) 호가 없음 (거래정지 의심)
061250  화일약품       8,500    0.0    +0.0%    0.0x     중간  1.69  1/0
217820  원익피앤이      3,270   35.6    -2.7%    0.3x     중간  2.23  3/1
001510  SK증권       4,215   56.0    -5.9%    0.4x     중간  2.31  3/0
056080  유진로봇      27,450   64.4    +4.6%    2.8x     중간  2.84  3/0
⛔ 금양(001570) 호가 없음 (거래정지 의심)

══════════════════════════════════════════════════
⚠️  손실 주의 SK증권(001510) -9.6% (비상손절 -15%)
→ 전종목 HOLD
✅ Discord 전송 완료

[12:40] HOLD | KODEX RSI79/-3.4%⚠️ | 보유:SK증권(001510) -9.6% 유진로봇(056080) +0.2% 원익피앤(217820) -6.8% HPSP(403870) -1.5% | 💸예수금부족 | 최고신호 HPSP(403870) 3/3개 [하락-4.6% / MA골 / 호가4.1]
💰 예수금 9,312원 | KODEX200 RSI79/-3.2% 과열⚠️ | 매수기준 3개↑
📦 보유 SK증권(001510) 1주 -9.1% 🔴스탑로스임박
📦 보유 유진로봇(056080) 1주 +0.3%
📦 보유 원익피앤이(217820) 3주 -6.6% 🔴스탑로스임박
📦 보유 HPSP(403870) 1주 -1.5%

코드      종목명           가격    RSI     변화율    거래량     BB   호가비  B/S
────────────────────────────────────────────────────────────────────────
[2단계 분석 대상: 001510, 056080, 217820, 403870, 034020, 051910, 042700, 058470, 035420]
403870  HPSP      52,200   52.6    -4.4%    0.5x     중간  5.23  3/0
⛔ 아우토크립트(137040) 호가 없음 (거래정지 의심)
061250  화일약품       8,530    0.0    +0.0%    0.0x     중간  0.89  0/0
217820  원익피앤이      3,270   35.6    -2.7%    0.3x     중간  1.56  3/1
001510  SK증권       4,225   56.2    -5.6%    0.4x     중간  4.83  3/0
056080  유진로봇      27,450   64.4    +4.6%    2.8x     중간  3.59  3/0
⛔ 금양(001570) 호가 없음 (거래정지 의심)

══════════════════════════════════════════════════
⚠️  손실 주의 SK증권(001510) -9.1% (비상손절 -15%)
→ 전종목 HOLD
✅ Discord 전송 완료

[12:42] HOLD | KODEX RSI79/-3.2%⚠️ | 보유:SK증권(001510) -9.1% 유진로봇(056080) +0.3% 원익피앤(217820) -6.6% HPSP(403870) -1.5% | 💸예수금부족 | 최고신호 HPSP(403870) 3/3개 [하락-4.4% / MA골 / 호가5.2]
💰 예수금 9,312원 | KODEX200 RSI79/-3.3% 과열⚠️ | 매수기준 3개↑
📦 보유 SK증권(001510) 1주 -9.0% 🔴스탑로스임박
📦 보유 유진로봇(056080) 1주 -0.0%
📦 보유 원익피앤이(217820) 3주 -6.3% 🔴스탑로스임박
📦 보유 HPSP(403870) 1주 -1.7%

코드      종목명           가격    RSI     변화율    거래량     BB   호가비  B/S
────────────────────────────────────────────────────────────────────────
[2단계 분석 대상: 001510, 056080, 217820, 403870, 012330, 051910, 034020, 000660, 058470]
403870  HPSP      52,100   52.2    -4.8%    0.5x     중간  4.32  3/0
⛔ 아우토크립트(137040) 호가 없음 (거래정지 의심)
061250  화일약품       8,570    0.0    +0.0%    0.0x     중간  1.06  0/0
217820  원익피앤이      3,270   35.8    -2.4%    0.3x     중간  1.87  3/1
001510  SK증권       4,220   56.2    -5.7%    0.4x     중간  3.58  3/0
056080  유진로봇      27,350   64.2    +4.4%    2.8x     중간  4.93  3/0
⛔ 금양(001570) 호가 없음 (거래정지 의심)

══════════════════════════════════════════════════
⚠️  손실 주의 SK증권(001510) -9.0% (비상손절 -15%)
→ 전종목 HOLD
✅ Discord 전송 완료

[12:44] HOLD | KODEX RSI79/-3.3%⚠️ | 보유:SK증권(001510) -9.0% 유진로봇(056080) -0.0% 원익피앤(217820) -6.3% HPSP(403870) -1.7% | 💸예수금부족 | 최고신호 HPSP(403870) 3/3개 [하락-4.8% / MA골 / 호가4.3]
💰 예수금 9,312원 | KODEX200 RSI79/-3.2% 과열⚠️ | 매수기준 3개↑
📦 보유 SK증권(001510) 1주 -9.2% 🔴스탑로스임박
📦 보유 유진로봇(056080) 1주 +0.2%
📦 보유 원익피앤이(217820) 3주 -6.3% 🔴스탑로스임박
📦 보유 HPSP(403870) 1주 -1.5%

코드      종목명           가격    RSI     변화율    거래량     BB   호가비  B/S
────────────────────────────────────────────────────────────────────────
[2단계 분석 대상: 001510, 056080, 217820, 403870, 066970, 042700, 058470, 051910, 034020]
403870  HPSP      52,300   52.6    -4.4%    0.5x     중간  3.35  3/0
⛔ 아우토크립트(137040) 호가 없음 (거래정지 의심)
061250  화일약품       8,570    0.0    +0.0%    0.0x     중간  0.85  0/0
217820  원익피앤이      3,270   35.8    -2.4%    0.3x     중간  1.87  3/1
001510  SK증권       4,215   56.1    -5.8%    0.4x     중간  3.00  3/0
056080  유진로봇      27,350   64.2    +4.4%    2.8x     중간  4.84  3/0
⛔ 금양(001570) 호가 없음 (거래정지 의심)

══════════════════════════════════════════════════
⚠️  손실 주의 SK증권(001510) -9.2% (비상손절 -15%)
→ 전종목 HOLD
✅ Discord 전송 완료

[12:46] HOLD | KODEX RSI79/-3.2%⚠️ | 보유:SK증권(001510) -9.2% 유진로봇(056080) +0.2% 원익피앤(217820) -6.3% HPSP(403870) -1.5% | 💸예수금부족 | 최고신호 HPSP(403870) 3/3개 [하락-4.4% / MA골 / 호가3.4]
💰 예수금 9,312원 | KODEX200 RSI79/-3.2% 과열⚠️ | 매수기준 3개↑
📦 보유 SK증권(001510) 1주 -9.2% 🔴스탑로스임박
📦 보유 유진로봇(056080) 1주 +0.2%
📦 보유 원익피앤이(217820) 3주 -6.3% 🔴스탑로스임박
📦 보유 HPSP(403870) 1주 -1.5%

코드      종목명           가격    RSI     변화율    거래량     BB   호가비  B/S
────────────────────────────────────────────────────────────────────────
[2단계 분석 대상: 001510, 056080, 217820, 403870, 058470, 042700, 012330, 000660, 034020]
403870  HPSP      52,300   52.6    -4.4%    0.5x     중간  3.53  3/0
⛔ 아우토크립트(137040) 호가 없음 (거래정지 의심)
061250  화일약품       8,570    0.0    +0.0%    0.0x     중간  1.39  1/0
217820  원익피앤이      3,280   36.0    -2.1%    0.3x     중간  1.81  3/1
001510  SK증권       4,215   56.0    -5.9%    0.4x     중간  2.97  3/0
056080  유진로봇      27,500   64.7    +4.9%    2.8x     중간  2.98  3/0
⛔ 금양(001570) 호가 없음 (거래정지 의심)

══════════════════════════════════════════════════
⚠️  손실 주의 SK증권(001510) -9.2% (비상손절 -15%)
→ 전종목 HOLD
✅ Discord 전송 완료

[12:48] HOLD | KODEX RSI79/-3.2%⚠️ | 보유:SK증권(001510) -9.2% 유진로봇(056080) +0.2% 원익피앤(217820) -6.3% HPSP(403870) -1.5% | 💸예수금부족 | 최고신호 HPSP(403870) 3/3개 [하락-4.4% / MA골 / 호가3.5]
💰 예수금 9,311원 | KODEX200 RSI79/-3.2% 과열⚠️ | 매수기준 3개↑
📦 보유 SK증권(001510) 1주 -9.1% 🔴스탑로스임박
📦 보유 유진로봇(056080) 1주 +0.5%
📦 보유 원익피앤이(217820) 3주 -6.3% 🔴스탑로스임박
📦 보유 HPSP(403870) 1주 -1.3%

코드      종목명           가격    RSI     변화율    거래량     BB   호가비  B/S
────────────────────────────────────────────────────────────────────────
[2단계 분석 대상: 001510, 056080, 217820, 403870, 058470, 042700, 012330, 034020, 005380]
403870  HPSP      52,200   52.6    -4.4%    0.5x     중간  4.97  3/0
⛔ 아우토크립트(137040) 호가 없음 (거래정지 의심)
061250  화일약품       8,570    0.0    +0.0%    0.0x     중간  1.14  0/0
217820  원익피앤이      3,275   35.8    -2.4%    0.3x     중간  1.81  3/1
001510  SK증권       4,225   56.2    -5.6%    0.4x     중간  3.44  3/0
056080  유진로봇      27,550   64.8    +5.0%    2.8x     중간  2.71  3/0
⛔ 금양(001570) 호가 없음 (거래정지 의심)

══════════════════════════════════════════════════
⚠️  손실 주의 SK증권(001510) -9.1% (비상손절 -15%)
→ 전종목 HOLD
✅ Discord 전송 완료

[12:50] HOLD | KODEX RSI79/-3.2%⚠️ | 보유:SK증권(001510) -9.1% 유진로봇(056080) +0.5% 원익피앤(217820) -6.3% HPSP(403870) -1.3% | 💸예수금부족 | 최고신호 HPSP(403870) 3/3개 [하락-4.4% / MA골 / 호가5.0]
💰 예수금 9,311원 | KODEX200 RSI79/-3.3% 과열⚠️ | 매수기준 3개↑
📦 보유 SK증권(001510) 1주 -9.0% 🔴스탑로스임박
📦 보유 유진로봇(056080) 1주 +0.5%
📦 보유 원익피앤이(217820) 3주 -6.1% 🔴스탑로스임박
📦 보유 HPSP(403870) 1주 -1.3%

코드      종목명           가격    RSI     변화율    거래량     BB   호가비  B/S
────────────────────────────────────────────────────────────────────────
[2단계 분석 대상: 001510, 056080, 217820, 403870, 066970, 042700, 012330, 058470, 034020]
403870  HPSP      52,300   52.4    -4.6%    0.5x     중간  3.02  3/0
⛔ 아우토크립트(137040) 호가 없음 (거래정지 의심)
061250  화일약품       8,580    0.0    +0.0%    0.0x     중간  0.94  0/0
217820  원익피앤이      3,285   36.0    -2.1%    0.3x     중간  1.91  3/1
001510  SK증권       4,220   56.2    -5.7%    0.4x     중간  3.96  3/0
056080  유진로봇      27,550   64.9    +5.2%    2.8x     중간  3.72  3/0
⛔ 금양(001570) 호가 없음 (거래정지 의심)

══════════════════════════════════════════════════
⚠️  손실 주의 SK증권(001510) -9.0% (비상손절 -15%)
→ 전종목 HOLD
✅ Discord 전송 완료

[12:52] HOLD | KODEX RSI79/-3.3%⚠️ | 보유:SK증권(001510) -9.0% 유진로봇(056080) +0.5% 원익피앤(217820) -6.1% HPSP(403870) -1.3% | 💸예수금부족 | 최고신호 HPSP(403870) 3/3개 [하락-4.6% / MA골 / 호가3.0]
💰 예수금 9,311원 | KODEX200 RSI79/-3.4% 과열⚠️ | 매수기준 3개↑
📦 보유 SK증권(001510) 1주 -9.1% 🔴스탑로스임박
📦 보유 유진로봇(056080) 1주 +0.5%
📦 보유 원익피앤이(217820) 3주 -6.1% 🔴스탑로스임박
📦 보유 HPSP(403870) 1주 -1.7%

코드      종목명           가격    RSI     변화율    거래량     BB   호가비  B/S
────────────────────────────────────────────────────────────────────────
[2단계 분석 대상: 001510, 056080, 217820, 403870, 012330, 042700, 005380, 000660, 034020]
403870  HPSP      52,200   52.6    -4.4%    0.5x     중간  4.24  3/0
⛔ 아우토크립트(137040) 호가 없음 (거래정지 의심)
061250  화일약품       8,580    0.0    +0.0%    0.0x     중간  0.85  0/0
217820  원익피앤이      3,285   36.1    -1.9%    0.3x     중간  1.94  3/1
001510  SK증권       4,220   56.2    -5.7%    0.4x     중간  3.58  3/0
056080  유진로봇      27,500   64.8    +5.0%    2.8x     중간  3.83  3/0
⛔ 금양(001570) 호가 없음 (거래정지 의심)

══════════════════════════════════════════════════
⚠️  손실 주의 SK증권(001510) -9.1% (비상손절 -15%)
→ 전종목 HOLD
✅ Discord 전송 완료

[12:54] HOLD | KODEX RSI79/-3.4%⚠️ | 보유:SK증권(001510) -9.1% 유진로봇(056080) +0.5% 원익피앤(217820) -6.1% HPSP(403870) -1.7% | 💸예수금부족 | 최고신호 HPSP(403870) 3/3개 [하락-4.4% / MA골 / 호가4.2]
💰 예수금 9,311원 | KODEX200 RSI79/-3.4% 과열⚠️ | 매수기준 3개↑
📦 보유 SK증권(001510) 1주 -9.2% 🔴스탑로스임박
📦 보유 유진로봇(056080) 1주 +0.9%
📦 보유 원익피앤이(217820) 3주 -5.8% 🔴스탑로스임박
📦 보유 HPSP(403870) 1주 -1.5%

코드      종목명           가격    RSI     변화율    거래량     BB   호가비  B/S
────────────────────────────────────────────────────────────────────────
[2단계 분석 대상: 001510, 056080, 217820, 403870, 058470, 000660, 042700, 005380, 034020]
403870  HPSP      52,300   52.8    -4.2%    0.5x     중간  4.27  3/0
⛔ 아우토크립트(137040) 호가 없음 (거래정지 의심)
061250  화일약품       8,580    0.0    +0.0%    0.0x     중간  0.79  0/0
217820  원익피앤이      3,290   36.1    -1.9%    0.3x     중간  1.42  3/1
001510  SK증권       4,215   56.1    -5.8%    0.4x     중간  2.68  3/0
056080  유진로봇      27,500   64.8    +5.0%    2.8x     중간  4.76  3/0
⛔ 금양(001570) 호가 없음 (거래정지 의심)

══════════════════════════════════════════════════
⚠️  손실 주의 SK증권(001510) -9.2% (비상손절 -15%)
→ 전종목 HOLD
✅ Discord 전송 완료

[12:56] HOLD | KODEX RSI79/-3.4%⚠️ | 보유:SK증권(001510) -9.2% 유진로봇(056080) +0.9% 원익피앤(217820) -5.8% HPSP(403870) -1.5% | 💸예수금부족 | 최고신호 HPSP(403870) 3/3개 [하락-4.2% / MA골 / 호가4.3]
💰 예수금 9,311원 | KODEX200 RSI79/-3.4% 과열⚠️ | 매수기준 3개↑
📦 보유 SK증권(001510) 1주 -9.2% 🔴스탑로스임박
📦 보유 유진로봇(056080) 1주 +0.9%
📦 보유 원익피앤이(217820) 3주 -5.9% 🔴스탑로스임박
📦 보유 HPSP(403870) 1주 -1.1%

코드      종목명           가격    RSI     변화율    거래량     BB   호가비  B/S
────────────────────────────────────────────────────────────────────────
[2단계 분석 대상: 001510, 056080, 217820, 403870, 000660, 005380, 034020, 012330, 000270]
403870  HPSP      52,300   52.6    -4.4%    0.5x     중간  2.73  3/0
⛔ 아우토크립트(137040) 호가 없음 (거래정지 의심)
061250  화일약품       8,580    0.0    +0.0%    0.0x     중간  0.14  0/0
217820  원익피앤이      3,290   36.0    -2.1%    0.3x     중간  1.35  3/1
001510  SK증권       4,215   56.1    -5.8%    0.4x     중간  2.20  3/0
056080  유진로봇      27,450   64.6    +4.8%    2.8x     중간  5.43  3/0
⛔ 금양(001570) 호가 없음 (거래정지 의심)

══════════════════════════════════════════════════
⚠️  손실 주의 SK증권(001510) -9.2% (비상손절 -15%)
→ 전종목 HOLD
✅ Discord 전송 완료

[12:58] HOLD | KODEX RSI79/-3.4%⚠️ | 보유:SK증권(001510) -9.2% 유진로봇(056080) +0.9% 원익피앤(217820) -5.9% HPSP(403870) -1.1% | 💸예수금부족 | 최고신호 HPSP(403870) 3/3개 [하락-4.4% / MA골 / 호가2.7]
💰 예수금 9,312원 | KODEX200 RSI78/-3.6% 과열⚠️ | 매수기준 3개↑
📦 보유 SK증권(001510) 1주 -9.6% 🔴스탑로스임박
📦 보유 유진로봇(056080) 1주 +0.2%
📦 보유 원익피앤이(217820) 3주 -5.8% 🔴스탑로스임박
📦 보유 HPSP(403870) 1주 -1.5%

코드      종목명           가격    RSI     변화율    거래량     BB   호가비  B/S
────────────────────────────────────────────────────────────────────────
[2단계 분석 대상: 001510, 056080, 217820, 403870, 066970, 247540, 005380, 000660, 034020]
403870  HPSP      52,200   52.4    -4.6%    0.5x     중간  3.40  3/0
⛔ 아우토크립트(137040) 호가 없음 (거래정지 의심)
061250  화일약품       8,570    0.0    +0.0%    0.0x     중간  0.16  0/0
217820  원익피앤이      3,290   36.2    -1.8%    0.3x     중간  1.80  3/1
001510  SK증권       4,205   55.9    -6.2%    0.4x     중간  2.24  3/0
056080  유진로봇      27,350   64.2    +4.4%    2.8x     중간  5.99  3/0
⛔ 금양(001570) 호가 없음 (거래정지 의심)

══════════════════════════════════════════════════
⚠️  손실 주의 SK증권(001510) -9.6% (비상손절 -15%)
→ 전종목 HOLD
✅ Discord 전송 완료

[13:00] HOLD | KODEX RSI78/-3.6%⚠️ | 보유:SK증권(001510) -9.6% 유진로봇(056080) +0.2% 원익피앤(217820) -5.8% HPSP(403870) -1.5% | 💸예수금부족 | 최고신호 HPSP(403870) 3/3개 [하락-4.6% / MA골 / 호가3.4]
💰 예수금 9,312원 | KODEX200 RSI78/-3.7% 과열⚠️ | 매수기준 3개↑
📦 보유 SK증권(001510) 1주 -9.6% 🔴스탑로스임박
📦 보유 유진로봇(056080) 1주 -0.0%
📦 보유 원익피앤이(217820) 3주 -5.9% 🔴스탑로스임박
📦 보유 HPSP(403870) 1주 -1.7%

코드      종목명           가격    RSI     변화율    거래량     BB   호가비  B/S
────────────────────────────────────────────────────────────────────────
[2단계 분석 대상: 001510, 056080, 217820, 403870, 000660, 247540, 066970, 034020, 005380]
403870  HPSP      52,200   52.0    -4.9%    0.5x     중간  3.49  3/0
⛔ 아우토크립트(137040) 호가 없음 (거래정지 의심)
061250  화일약품       8,580    0.0    +0.0%    0.0x     중간  0.10  0/0
217820  원익피앤이      3,290   36.1    -1.9%    0.3x     중간  1.59  3/1
001510  SK증권       4,200   55.9    -6.2%    0.4x     중간  2.06  3/0
056080  유진로봇      27,250   63.7    +3.8%    2.8x     중간  4.92  3/0
⛔ 금양(001570) 호가 없음 (거래정지 의심)

══════════════════════════════════════════════════
⚠️  손실 주의 SK증권(001510) -9.6% (비상손절 -15%)
→ 전종목 HOLD
✅ Discord 전송 완료

[13:02] HOLD | KODEX RSI78/-3.7%⚠️ | 보유:SK증권(001510) -9.6% 유진로봇(056080) -0.0% 원익피앤(217820) -5.9% HPSP(403870) -1.7% | 💸예수금부족 | 최고신호 HPSP(403870) 3/3개 [하락-4.9% / MA골 / 호가3.5]
💰 예수금 9,313원 | KODEX200 RSI78/-3.8% 과열⚠️ | 매수기준 3개↑
📦 보유 SK증권(001510) 1주 -9.6% 🔴스탑로스임박
📦 보유 유진로봇(056080) 1주 -0.5%
📦 보유 원익피앤이(217820) 3주 -6.2% 🔴스탑로스임박
📦 보유 HPSP(403870) 1주 -2.1%

코드      종목명           가격    RSI     변화율    거래량     BB   호가비  B/S
────────────────────────────────────────────────────────────────────────
[2단계 분석 대상: 001510, 056080, 217820, 403870, 066970, 247540, 000660, 034020, 005380]
403870  HPSP      52,000   51.5    -5.3%    0.5x     중간  5.68  3/0
⛔ 아우토크립트(137040) 호가 없음 (거래정지 의심)
061250  화일약품       8,620    0.0    +0.0%    0.0x     중간  0.43  0/0
217820  원익피앤이      3,285   35.9    -2.2%    0.3x     중간  1.81  3/1
001510  SK증권       4,195   55.8    -6.3%    0.4x     중간  2.69  3/0
056080  유진로봇      27,200   63.5    +3.6%    2.8x     중간 10.60  3/0
⛔ 금양(001570) 호가 없음 (거래정지 의심)

══════════════════════════════════════════════════
⚠️  손실 주의 SK증권(001510) -9.6% (비상손절 -15%)
→ 전종목 HOLD
✅ Discord 전송 완료

[13:04] HOLD | KODEX RSI78/-3.8%⚠️ | 보유:SK증권(001510) -9.6% 유진로봇(056080) -0.5% 원익피앤(217820) -6.2% HPSP(403870) -2.1% | 💸예수금부족 | 최고신호 HPSP(403870) 3/3개 [하락-5.3% / MA골 / 호가5.7]
💰 예수금 9,313원 | KODEX200 RSI78/-3.6% 과열⚠️ | 매수기준 3개↑
📦 보유 SK증권(001510) 1주 -9.7% 🔴스탑로스임박
📦 보유 유진로봇(056080) 1주 -0.2%
📦 보유 원익피앤이(217820) 3주 -6.3% 🔴스탑로스임박
📦 보유 HPSP(403870) 1주 -2.1%

코드      종목명           가격    RSI     변화율    거래량     BB   호가비  B/S
────────────────────────────────────────────────────────────────────────
[2단계 분석 대상: 001510, 056080, 217820, 403870, 000660, 034020, 247540, 058470, 042700]
403870  HPSP      52,000   51.5    -5.3%    0.5x     중간  4.39  3/0
⛔ 아우토크립트(137040) 호가 없음 (거래정지 의심)
061250  화일약품       8,620    0.0    +0.0%    0.0x     중간  0.50  0/0
217820  원익피앤이      3,280   35.8    -2.4%    0.3x     중간  1.69  3/1
001510  SK증권       4,195   55.8    -6.4%    0.4x     중간  2.56  3/0
056080  유진로봇      27,300   64.1    +4.2%    2.8x     중간  9.53  3/0
⛔ 금양(001570) 호가 없음 (거래정지 의심)

══════════════════════════════════════════════════
⚠️  손실 주의 SK증권(001510) -9.7% (비상손절 -15%)
→ 전종목 HOLD
✅ Discord 전송 완료

[13:06] HOLD | KODEX RSI78/-3.6%⚠️ | 보유:SK증권(001510) -9.7% 유진로봇(056080) -0.2% 원익피앤(217820) -6.3% HPSP(403870) -2.1% | 💸예수금부족 | 최고신호 HPSP(403870) 3/3개 [하락-5.3% / MA골 / 호가4.4]
💰 예수금 9,313원 | KODEX200 RSI78/-3.8% 과열⚠️ | 매수기준 3개↑
📦 보유 SK증권(001510) 1주 -9.7% 🔴스탑로스임박
📦 보유 유진로봇(056080) 1주 -0.2%
📦 보유 원익피앤이(217820) 3주 -5.9% 🔴스탑로스임박
📦 보유 HPSP(403870) 1주 -2.1%

코드      종목명           가격    RSI     변화율    거래량     BB   호가비  B/S
────────────────────────────────────────────────────────────────────────
[2단계 분석 대상: 001510, 056080, 217820, 403870, 000660, 247540, 066970, 005380, 034020]
403870  HPSP      51,900   51.5    -5.3%    0.5x     중간  6.03  3/0
⛔ 아우토크립트(137040) 호가 없음 (거래정지 의심)
061250  화일약품       8,620    0.0    +0.0%    0.0x     중간  0.71  0/0
217820  원익피앤이      3,285   35.8    -2.4%    0.3x     중간  1.57  3/1
001510  SK증권       4,195   55.8    -6.4%    0.4x     중간  3.25  3/0
056080  유진로봇      27,250   63.7    +3.8%    2.8x     중간 10.54  3/0
⛔ 금양(001570) 호가 없음 (거래정지 의심)

══════════════════════════════════════════════════
⚠️  손실 주의 SK증권(001510) -9.7% (비상손절 -15%)
→ 전종목 HOLD
✅ Discord 전송 완료

[13:08] HOLD | KODEX RSI78/-3.8%⚠️ | 보유:SK증권(001510) -9.7% 유진로봇(056080) -0.2% 원익피앤(217820) -5.9% HPSP(403870) -2.1% | 💸예수금부족 | 최고신호 HPSP(403870) 3/3개 [하락-5.3% / MA골 / 호가6.0]
💰 예수금 9,313원 | KODEX200 RSI77/-4.0% 과열⚠️ | 매수기준 3개↑
📦 보유 SK증권(001510) 1주 -9.7% 🔴스탑로스임박
📦 보유 유진로봇(056080) 1주 -0.9%
📦 보유 원익피앤이(217820) 3주 -6.3% 🔴스탑로스임박
📦 보유 HPSP(403870) 1주 -2.3%

코드      종목명           가격    RSI     변화율    거래량     BB   호가비  B/S
────────────────────────────────────────────────────────────────────────
[2단계 분석 대상: 001510, 056080, 217820, 403870, 066970, 247540, 000660, 034020, 005380]
403870  HPSP      51,800   51.5    -5.3%    0.5x     중간  6.99  3/0
⛔ 아우토크립트(137040) 호가 없음 (거래정지 의심)
061250  화일약품       8,600    0.0    +0.0%    0.0x     중간  0.70  0/0
217820  원익피앤이      3,270   35.7    -2.5%    0.3x     중간  3.11  3/1
001510  SK증권       4,195   55.8    -6.4%    0.4x     중간  3.05  3/0
056080  유진로봇      27,100   63.4    +3.4%    2.9x     중간  6.49  3/0
⛔ 금양(001570) 호가 없음 (거래정지 의심)

══════════════════════════════════════════════════
⚠️  손실 주의 SK증권(001510) -9.7% (비상손절 -15%)
→ 전종목 HOLD
✅ Discord 전송 완료

[13:10] HOLD | KODEX RSI77/-4.0%⚠️ | 보유:SK증권(001510) -9.7% 유진로봇(056080) -0.9% 원익피앤(217820) -6.3% HPSP(403870) -2.3% | 💸예수금부족 | 최고신호 HPSP(403870) 3/3개 [하락-5.3% / MA골 / 호가7.0]
💰 예수금 9,313원 | KODEX200 RSI77/-4.0% 과열⚠️ | 매수기준 3개↑
📦 보유 SK증권(001510) 1주 -9.8% 🔴스탑로스임박
📦 보유 유진로봇(056080) 1주 -0.8%
📦 보유 원익피앤이(217820) 3주 -6.6% 🔴스탑로스임박
📦 보유 HPSP(403870) 1주 -2.5%

코드      종목명           가격    RSI     변화율    거래량     BB   호가비  B/S
────────────────────────────────────────────────────────────────────────
[2단계 분석 대상: 001510, 056080, 217820, 403870, 066970, 247540, 034020, 000660, 058470]
403870  HPSP      51,800   51.1    -5.7%    0.5x     중간  5.65  3/0
⛔ 아우토크립트(137040) 호가 없음 (거래정지 의심)
061250  화일약품       8,600    0.0    +0.0%    0.0x     중간  0.70  0/0
217820  원익피앤이      3,265   35.7    -2.5%    0.3x     중간  3.34  3/1
001510  SK증권       4,195   55.8    -6.4%    0.4x     중간  3.04  3/0
056080  유진로봇      27,150   63.5    +3.6%    2.9x     중간  5.49  3/0
⛔ 금양(001570) 호가 없음 (거래정지 의심)

══════════════════════════════════════════════════
⚠️  손실 주의 SK증권(001510) -9.8% (비상손절 -15%)
→ 전종목 HOLD
✅ Discord 전송 완료

[13:12] HOLD | KODEX RSI77/-4.0%⚠️ | 보유:SK증권(001510) -9.8% 유진로봇(056080) -0.8% 원익피앤(217820) -6.6% HPSP(403870) -2.5% | 💸예수금부족 | 최고신호 HPSP(403870) 3/3개 [하락-5.7% / MA골 / 호가5.7]
💰 예수금 9,313원 | KODEX200 RSI77/-4.1% 과열⚠️ | 매수기준 3개↑
📦 보유 SK증권(001510) 1주 -9.8% 🔴스탑로스임박
📦 보유 유진로봇(056080) 1주 -0.9%
📦 보유 원익피앤이(217820) 3주 -6.5% 🔴스탑로스임박
📦 보유 HPSP(403870) 1주 -2.5%

코드      종목명           가격    RSI     변화율    거래량     BB   호가비  B/S
────────────────────────────────────────────────────────────────────────
[2단계 분석 대상: 001510, 056080, 217820, 403870, 247540, 066970, 000270, 034020, 005380]
403870  HPSP      51,800   51.4    -5.5%    0.5x     중간  6.00  3/0
⛔ 아우토크립트(137040) 호가 없음 (거래정지 의심)
061250  화일약품       8,590    0.0    +0.0%    0.0x     중간  0.69  0/0
217820  원익피앤이      3,265   35.7    -2.5%    0.3x     중간  3.31  3/1
001510  SK증권       4,190   55.8    -6.4%    0.4x     중간  3.18  3/0
056080  유진로봇      27,150   63.0    +3.0%    2.9x     중간  6.90  3/0
⛔ 금양(001570) 호가 없음 (거래정지 의심)

══════════════════════════════════════════════════
⚠️  손실 주의 SK증권(001510) -9.8% (비상손절 -15%)
→ 전종목 HOLD
✅ Discord 전송 완료

[13:14] HOLD | KODEX RSI77/-4.1%⚠️ | 보유:SK증권(001510) -9.8% 유진로봇(056080) -0.9% 원익피앤(217820) -6.5% HPSP(403870) -2.5% | 💸예수금부족 | 최고신호 HPSP(403870) 3/3개 [하락-5.5% / MA골 / 호가6.0]
💰 예수금 9,313원 | KODEX200 RSI77/-4.0% 과열⚠️ | 매수기준 3개↑
📦 보유 SK증권(001510) 1주 -9.8% 🔴스탑로스임박
📦 보유 유진로봇(056080) 1주 -0.4%
📦 보유 원익피앤이(217820) 3주 -6.5% 🔴스탑로스임박
📦 보유 HPSP(403870) 1주 -2.3%

코드      종목명           가격    RSI     변화율    거래량     BB   호가비  B/S
────────────────────────────────────────────────────────────────────────
[2단계 분석 대상: 001510, 056080, 217820, 403870, 066970, 247540, 005380, 000270, 058470]
403870  HPSP      51,800   51.4    -5.5%    0.5x     중간  4.61  3/0
⛔ 아우토크립트(137040) 호가 없음 (거래정지 의심)
061250  화일약품       8,590    0.0    +0.0%    0.0x     중간  0.74  0/0
217820  원익피앤이      3,265   35.7    -2.5%    0.3x     중간  2.18  3/1
001510  SK증권       4,190   55.8    -6.4%    0.4x     중간  4.03  3/0
056080  유진로봇      27,150   63.5    +3.6%    2.9x     중간  4.24  3/0
⛔ 금양(001570) 호가 없음 (거래정지 의심)

══════════════════════════════════════════════════
⚠️  손실 주의 SK증권(001510) -9.8% (비상손절 -15%)
→ 전종목 HOLD
✅ Discord 전송 완료

[13:16] HOLD | KODEX RSI77/-4.0%⚠️ | 보유:SK증권(001510) -9.8% 유진로봇(056080) -0.4% 원익피앤(217820) -6.5% HPSP(403870) -2.3% | 💸예수금부족 | 최고신호 HPSP(403870) 3/3개 [하락-5.5% / MA골 / 호가4.6]
💰 예수금 9,313원 | KODEX200 RSI77/-4.3% 과열⚠️ | 매수기준 3개↑
📦 보유 SK증권(001510) 1주 -9.9% 🔴스탑로스임박
📦 보유 유진로봇(056080) 1주 -0.8%
📦 보유 원익피앤이(217820) 3주 -6.8% 🔴스탑로스임박
📦 보유 HPSP(403870) 1주 -2.8% ⚠️주의

코드      종목명           가격    RSI     변화율    거래량     BB   호가비  B/S
────────────────────────────────────────────────────────────────────────
[2단계 분석 대상: 001510, 056080, 217820, 403870, 066970, 247540, 058470, 005380, 034020]
403870  HPSP      51,600   51.1    -5.7%    0.5x     중간  4.30  3/0
⛔ 아우토크립트(137040) 호가 없음 (거래정지 의심)
061250  화일약품       8,580    0.0    +0.0%    0.0x     중간  0.35  0/0
217820  원익피앤이      3,255   35.4    -3.0%    0.3x     중간  1.49  3/1
001510  SK증권       4,185   55.7    -6.5%    0.4x     중간  4.74  3/0
056080  유진로봇      27,200   63.3    +3.3%    2.9x     중간  3.84  3/0
⛔ 금양(001570) 호가 없음 (거래정지 의심)

══════════════════════════════════════════════════
⚠️  손실 주의 SK증권(001510) -9.9% (비상손절 -15%)
→ 전종목 HOLD
✅ Discord 전송 완료

[13:18] HOLD | KODEX RSI77/-4.3%⚠️ | 보유:SK증권(001510) -9.9% 유진로봇(056080) -0.8% 원익피앤(217820) -6.8% HPSP(403870) -2.8% | 💸예수금부족 | 최고신호 HPSP(403870) 3/3개 [하락-5.7% / MA골 / 호가4.3]
💰 예수금 9,313원 | KODEX200 RSI76/-4.5% 과열⚠️ | 매수기준 3개↑
📦 보유 SK증권(001510) 1주 -9.9% 🔴스탑로스임박
📦 보유 유진로봇(056080) 1주 -1.1%
📦 보유 원익피앤이(217820) 3주 -6.9% 🔴스탑로스임박
📦 보유 HPSP(403870) 1주 -2.5%

코드      종목명           가격    RSI     변화율    거래량     BB   호가비  B/S
────────────────────────────────────────────────────────────────────────
[2단계 분석 대상: 001510, 056080, 217820, 403870, 058470, 066970, 005380, 000270, 034020]
403870  HPSP      51,700   51.1    -5.7%    0.5x     중간  4.24  3/0
⛔ 아우토크립트(137040) 호가 없음 (거래정지 의심)
061250  화일약품       8,580    0.0    +0.0%    0.0x     중간  0.35  0/0
217820  원익피앤이      3,250   35.3    -3.1%    0.3x     중간  2.98  3/1
001510  SK증권       4,180   55.6    -6.6%    0.4x     중간  4.56  3/0
056080  유진로봇      27,100   63.4    +3.4%    2.9x     중간  4.05  3/0
⛔ 금양(001570) 호가 없음 (거래정지 의심)

══════════════════════════════════════════════════
⚠️  손실 주의 SK증권(001510) -9.9% (비상손절 -15%)
→ 전종목 HOLD
✅ Discord 전송 완료

[13:20] HOLD | KODEX RSI76/-4.5%⚠️ | 보유:SK증권(001510) -9.9% 유진로봇(056080) -1.1% 원익피앤(217820) -6.9% HPSP(403870) -2.5% | 💸예수금부족 | 최고신호 HPSP(403870) 3/3개 [하락-5.7% / MA골 / 호가4.2]
💰 예수금 9,314원 | KODEX200 RSI76/-4.5% 과열⚠️ | 매수기준 3개↑
📦 보유 SK증권(001510) 1주 -10.2% 🔴스탑로스임박
📦 보유 유진로봇(056080) 1주 -1.5%
📦 보유 원익피앤이(217820) 3주 -7.2% 🔴스탑로스임박
📦 보유 HPSP(403870) 1주 -2.6% ⚠️주의

코드      종목명           가격    RSI     변화율    거래량     BB   호가비  B/S
────────────────────────────────────────────────────────────────────────
[2단계 분석 대상: 001510, 056080, 217820, 403870, 058470, 247540, 066970, 005380, 000270]
403870  HPSP      51,600   51.1    -5.7%    0.5x     중간  5.25  3/0
⛔ 아우토크립트(137040) 호가 없음 (거래정지 의심)
061250  화일약품       8,560    0.0    +0.0%    0.0x     중간  1.15  0/0
217820  원익피앤이      3,245   35.1    -3.3%    0.3x     중간  4.61  3/1
001510  SK증권       4,165   55.3    -7.0%    0.4x     중간  2.54  3/0
056080  유진로봇      26,950   62.8    +2.9%    2.9x     중간  6.30  3/0
⛔ 금양(001570) 호가 없음 (거래정지 의심)

══════════════════════════════════════════════════
⚠️  손실 주의 SK증권(001510) -10.2% (비상손절 -15%)
→ 전종목 HOLD
✅ Discord 전송 완료

[13:22] HOLD | KODEX RSI76/-4.5%⚠️ | 보유:SK증권(001510) -10.2% 유진로봇(056080) -1.5% 원익피앤(217820) -7.2% HPSP(403870) -2.6% | 💸예수금부족 | 최고신호 HPSP(403870) 3/3개 [하락-5.7% / MA골 / 호가5.2]
💰 예수금 9,314원 | KODEX200 RSI76/-4.7% 과열⚠️ | 매수기준 3개↑
📦 보유 SK증권(001510) 1주 -10.4% 🔴스탑로스임박
📦 보유 유진로봇(056080) 1주 -1.7%
📦 보유 원익피앤이(217820) 3주 -7.1% 🔴스탑로스임박
📦 보유 HPSP(403870) 1주 -2.6% ⚠️주의

코드      종목명           가격    RSI     변화율    거래량     BB   호가비  B/S
────────────────────────────────────────────────────────────────────────
[2단계 분석 대상: 001510, 056080, 217820, 403870, 058470, 066970, 247540, 000270, 034020]
403870  HPSP      51,700   51.0    -5.8%    0.5x     중간  4.35  3/0
⛔ 아우토크립트(137040) 호가 없음 (거래정지 의심)
061250  화일약품       8,510    0.0    +0.0%    0.0x     중간  0.94  0/0
217820  원익피앤이      3,245   35.3    -3.1%    0.3x     중간  3.63  3/1
001510  SK증권       4,165   55.3    -7.0%    0.4x     중간  2.60  3/0
056080  유진로봇      26,900   62.8    +2.9%    2.9x     중간  4.51  3/0
⛔ 금양(001570) 호가 없음 (거래정지 의심)

══════════════════════════════════════════════════
⚠️  손실 주의 SK증권(001510) -10.4% (비상손절 -15%)
→ 전종목 HOLD
✅ Discord 전송 완료

[13:24] HOLD | KODEX RSI76/-4.7%⚠️ | 보유:SK증권(001510) -10.4% 유진로봇(056080) -1.7% 원익피앤(217820) -7.1% HPSP(403870) -2.6% | 💸예수금부족 | 최고신호 HPSP(403870) 3/3개 [하락-5.8% / MA골 / 호가4.3]
💰 예수금 9,313원 | KODEX200 RSI76/-4.6% 과열⚠️ | 매수기준 3개↑
📦 보유 SK증권(001510) 1주 -10.3% 🔴스탑로스임박
📦 보유 유진로봇(056080) 1주 -1.3%
📦 보유 원익피앤이(217820) 3주 -7.2% 🔴스탑로스임박
📦 보유 HPSP(403870) 1주 -2.6% ⚠️주의

코드      종목명           가격    RSI     변화율    거래량     BB   호가비  B/S
────────────────────────────────────────────────────────────────────────
[2단계 분석 대상: 001510, 056080, 217820, 403870, 066970, 247540, 058470, 051910, 000270]
403870  HPSP      51,600   50.8    -6.0%    0.5x     중간  4.80  3/0
⛔ 아우토크립트(137040) 호가 없음 (거래정지 의심)
061250  화일약품       8,510    0.0    +0.0%    0.0x     중간  0.75  0/0
217820  원익피앤이      3,235   34.9    -3.6%    0.3x     중간  2.25  3/1
001510  SK증권       4,165   55.3    -7.0%    0.4x     중간  2.92  3/0
056080  유진로봇      26,950   62.4    +2.5%    2.9x     중간  8.97  3/0
⛔ 금양(001570) 호가 없음 (거래정지 의심)

══════════════════════════════════════════════════
⚠️  손실 주의 SK증권(001510) -10.3% (비상손절 -15%)
→ 전종목 HOLD
✅ Discord 전송 완료

[13:26] HOLD | KODEX RSI76/-4.6%⚠️ | 보유:SK증권(001510) -10.3% 유진로봇(056080) -1.3% 원익피앤(217820) -7.2% HPSP(403870) -2.6% | 💸예수금부족 | 최고신호 HPSP(403870) 3/3개 [하락-6.0% / MA골 / 호가4.8]
💰 예수금 9,315원 | KODEX200 RSI75/-4.9% 과열⚠️ | 매수기준 3개↑
📦 보유 SK증권(001510) 1주 -10.3% 🔴스탑로스임박
📦 보유 유진로봇(056080) 1주 -1.7%
📦 보유 원익피앤이(217820) 3주 -7.2% 🔴스탑로스임박
📦 보유 HPSP(403870) 1주 -3.0% ⚠️주의

코드      종목명           가격    RSI     변화율    거래량     BB   호가비  B/S
────────────────────────────────────────────────────────────────────────
[2단계 분석 대상: 001510, 056080, 217820, 403870, 247540, 066970, 058470, 000270, 000660]
403870  HPSP      51,500   51.0    -5.8%    0.5x     중간  4.04  3/0
⛔ 아우토크립트(137040) 호가 없음 (거래정지 의심)
061250  화일약품       8,510    0.0    +0.0%    0.0x     중간  0.88  0/0
217820  원익피앤이      3,245   35.3    -3.1%    0.3x     중간  2.00  3/1
001510  SK증권       4,160   55.3    -7.0%    0.4x     중간  2.41  3/0
056080  유진로봇      26,850   62.2    +2.3%    2.9x     중간  8.22  3/0
⛔ 금양(001570) 호가 없음 (거래정지 의심)

══════════════════════════════════════════════════
⚠️  손실 주의 SK증권(001510) -10.3% (비상손절 -15%)
→ 전종목 HOLD
✅ Discord 전송 완료

[13:28] HOLD | KODEX RSI75/-4.9%⚠️ | 보유:SK증권(001510) -10.3% 유진로봇(056080) -1.7% 원익피앤(217820) -7.2% HPSP(403870) -3.0% | 💸예수금부족 | 최고신호 HPSP(403870) 3/3개 [하락-5.8% / MA골 / 호가4.0]
💰 예수금 9,315원 | KODEX200 RSI76/-4.7% 과열⚠️ | 매수기준 3개↑
📦 보유 SK증권(001510) 1주 -10.4% 🔴스탑로스임박
📦 보유 유진로봇(056080) 1주 -1.7%
📦 보유 원익피앤이(217820) 3주 -7.1% 🔴스탑로스임박
📦 보유 HPSP(403870) 1주 -3.0% ⚠️주의

코드      종목명           가격    RSI     변화율    거래량     BB   호가비  B/S
────────────────────────────────────────────────────────────────────────
[2단계 분석 대상: 001510, 056080, 217820, 403870, 247540, 066970, 042700, 035720, 034020]
403870  HPSP      51,500   50.8    -6.0%    0.5x     중간  5.06  3/0
⛔ 아우토크립트(137040) 호가 없음 (거래정지 의심)
061250  화일약품       8,510    0.0    +0.0%    0.0x     중간  1.21  1/0
217820  원익피앤이      3,245   35.3    -3.1%    0.3x     중간  2.58  3/1
001510  SK증권       4,160   55.3    -7.2%    0.4x     중간  2.10  3/0
056080  유진로봇      26,950   62.8    +2.9%    2.9x     중간  6.33  3/0
⛔ 금양(001570) 호가 없음 (거래정지 의심)

══════════════════════════════════════════════════
⚠️  손실 주의 SK증권(001510) -10.4% (비상손절 -15%)
→ 전종목 HOLD
✅ Discord 전송 완료

[13:30] HOLD | KODEX RSI76/-4.7%⚠️ | 보유:SK증권(001510) -10.4% 유진로봇(056080) -1.7% 원익피앤(217820) -7.1% HPSP(403870) -3.0% | 💸예수금부족 | 최고신호 HPSP(403870) 3/3개 [하락-6.0% / MA골 / 호가5.1]
💰 예수금 9,315원 | KODEX200 RSI75/-4.9% 과열⚠️ | 매수기준 3개↑
📦 보유 SK증권(001510) 1주 -10.4% 🔴스탑로스임박
📦 보유 유진로봇(056080) 1주 -1.5%
📦 보유 원익피앤이(217820) 3주 -7.4% 🔴스탑로스임박
📦 보유 HPSP(403870) 1주 -3.4% ⚠️주의

코드      종목명           가격    RSI     변화율    거래량     BB   호가비  B/S
────────────────────────────────────────────────────────────────────────
[2단계 분석 대상: 001510, 056080, 217820, 403870, 066970, 247540, 000660, 042700, 034020]
403870  HPSP      51,200   50.4    -6.4%    0.5x     중간  5.22  3/0
⛔ 아우토크립트(137040) 호가 없음 (거래정지 의심)
061250  화일약품       8,510    0.0    +0.0%    0.0x     중간  1.08  0/0
217820  원익피앤이      3,230   34.8    -3.7%    0.3x     중간  2.45  3/1
001510  SK증권       4,155   55.3    -7.2%    0.4x     중간  2.44  3/0
056080  유진로봇      26,900   62.4    +2.5%    2.9x     중간  7.24  3/0
⛔ 금양(001570) 호가 없음 (거래정지 의심)

══════════════════════════════════════════════════
⚠️  손실 주의 SK증권(001510) -10.4% (비상손절 -15%)
→ 전종목 HOLD
✅ Discord 전송 완료

[13:32] HOLD | KODEX RSI75/-4.9%⚠️ | 보유:SK증권(001510) -10.4% 유진로봇(056080) -1.5% 원익피앤(217820) -7.4% HPSP(403870) -3.4% | 💸예수금부족 | 최고신호 HPSP(403870) 3/3개 [하락-6.4% / MA골 / 호가5.2]
💰 예수금 9,315원 | KODEX200 RSI75/-5.0% 과열⚠️ | 매수기준 3개↑
📦 보유 SK증권(001510) 1주 -10.4% 🔴스탑로스임박
📦 보유 유진로봇(056080) 1주 -1.7%
📦 보유 원익피앤이(217820) 3주 -7.6% 🔴스탑로스임박
📦 보유 HPSP(403870) 1주 -3.4% ⚠️주의

코드      종목명           가격    RSI     변화율    거래량     BB   호가비  B/S
────────────────────────────────────────────────────────────────────────
[2단계 분석 대상: 001510, 056080, 217820, 403870, 247540, 066970, 035720, 042700, 034020]
403870  HPSP      51,300   50.8    -6.0%    0.5x     중간  4.80  3/0
⛔ 아우토크립트(137040) 호가 없음 (거래정지 의심)
061250  화일약품       8,500    0.0    +0.0%    0.0x     중간  1.30  1/0
217820  원익피앤이      3,230   34.8    -3.7%    0.3x     중간  2.35  3/1
001510  SK증권       4,155   55.3    -7.2%    0.4x     중간  1.91  3/0
056080  유진로봇      26,950   62.8    +2.9%    2.9x     중간  8.63  3/0
⛔ 금양(001570) 호가 없음 (거래정지 의심)

══════════════════════════════════════════════════
⚠️  손실 주의 SK증권(001510) -10.4% (비상손절 -15%)
→ 전종목 HOLD
✅ Discord 전송 완료

[13:34] HOLD | KODEX RSI75/-5.0%⚠️ | 보유:SK증권(001510) -10.4% 유진로봇(056080) -1.7% 원익피앤(217820) -7.6% HPSP(403870) -3.4% | 💸예수금부족 | 최고신호 HPSP(403870) 3/3개 [하락-6.0% / MA골 / 호가4.8]
💰 예수금 9,313원 | KODEX200 RSI76/-4.7% 과열⚠️ | 매수기준 3개↑
📦 보유 SK증권(001510) 1주 -10.3% 🔴스탑로스임박
📦 보유 유진로봇(056080) 1주 -1.3%
📦 보유 원익피앤이(217820) 3주 -7.6% 🔴스탑로스임박
📦 보유 HPSP(403870) 1주 -2.8% ⚠️주의

코드      종목명           가격    RSI     변화율    거래량     BB   호가비  B/S
────────────────────────────────────────────────────────────────────────
[2단계 분석 대상: 001510, 056080, 217820, 403870, 247540, 066970, 051910, 034020, 000660]
403870  HPSP      51,600   51.1    -5.7%    0.5x     중간  3.95  3/0
⛔ 아우토크립트(137040) 호가 없음 (거래정지 의심)
061250  화일약품       8,510    0.0    +0.0%    0.0x     중간  1.08  0/0
217820  원익피앤이      3,240   34.9    -3.6%    0.3x     중간  2.52  3/1
001510  SK증권       4,160   55.3    -7.2%    0.4x     중간  2.15  3/0
056080  유진로봇      27,100   63.4    +3.4%    2.9x     중간  6.91  3/0
⛔ 금양(001570) 호가 없음 (거래정지 의심)

══════════════════════════════════════════════════
⚠️  손실 주의 SK증권(001510) -10.3% (비상손절 -15%)
→ 전종목 HOLD
✅ Discord 전송 완료

[13:36] HOLD | KODEX RSI76/-4.7%⚠️ | 보유:SK증권(001510) -10.3% 유진로봇(056080) -1.3% 원익피앤(217820) -7.6% HPSP(403870) -2.8% | 💸예수금부족 | 최고신호 HPSP(403870) 3/3개 [하락-5.7% / MA골 / 호가4.0]
💰 예수금 9,313원 | KODEX200 RSI76/-4.4% 과열⚠️ | 매수기준 3개↑
📦 보유 SK증권(001510) 1주 -10.5% 🔴스탑로스임박
📦 보유 유진로봇(056080) 1주 -1.1%
📦 보유 원익피앤이(217820) 3주 -7.2% 🔴스탑로스임박
📦 보유 HPSP(403870) 1주 -2.6% ⚠️주의

코드      종목명           가격    RSI     변화율    거래량     BB   호가비  B/S
────────────────────────────────────────────────────────────────────────
[2단계 분석 대상: 001510, 056080, 217820, 403870, 066970, 034020, 247540, 042700, 051910]
403870  HPSP      51,600   50.8    -6.0%    0.5x     중간  3.24  3/0
⛔ 아우토크립트(137040) 호가 없음 (거래정지 의심)
061250  화일약품       8,510    0.0    +0.0%    0.0x     중간  1.02  0/0
217820  원익피앤이      3,240   35.0    -3.4%    0.3x     중간  2.64  3/1
001510  SK증권       4,160   55.3    -7.2%    0.4x     중간  3.03  3/0
056080  유진로봇      27,100   63.4    +3.4%    2.9x     중간  6.27  3/0
⛔ 금양(001570) 호가 없음 (거래정지 의심)

══════════════════════════════════════════════════
⚠️  손실 주의 SK증권(001510) -10.5% (비상손절 -15%)
→ 전종목 HOLD
✅ Discord 전송 완료

[13:38] HOLD | KODEX RSI76/-4.4%⚠️ | 보유:SK증권(001510) -10.5% 유진로봇(056080) -1.1% 원익피앤(217820) -7.2% HPSP(403870) -2.6% | 💸예수금부족 | 최고신호 HPSP(403870) 3/3개 [하락-6.0% / MA골 / 호가3.2]
💰 예수금 9,313원 | KODEX200 RSI76/-4.4% 과열⚠️ | 매수기준 3개↑
📦 보유 SK증권(001510) 1주 -10.3% 🔴스탑로스임박
📦 보유 유진로봇(056080) 1주 -0.9%
📦 보유 원익피앤이(217820) 3주 -7.4% 🔴스탑로스임박
📦 보유 HPSP(403870) 1주 -2.6% ⚠️주의

코드      종목명           가격    RSI     변화율    거래량     BB   호가비  B/S
────────────────────────────────────────────────────────────────────────
[2단계 분석 대상: 001510, 056080, 217820, 403870, 051910, 084850, 042700, 034020, 035720]
403870  HPSP      51,600   51.8    -5.1%    0.5x     중간  3.62  3/0
⛔ 아우토크립트(137040) 호가 없음 (거래정지 의심)
061250  화일약품       8,510    0.0    +0.0%    0.0x     중간  1.03  0/0
217820  원익피앤이      3,235   34.9    -3.6%    0.3x     중간  2.54  3/1
001510  SK증권       4,175   55.5    -6.8%    0.4x     중간  2.41  3/0
056080  유진로봇      27,100   63.4    +3.4%    2.9x     중간  4.73  3/0
⛔ 금양(001570) 호가 없음 (거래정지 의심)

══════════════════════════════════════════════════
⚠️  손실 주의 SK증권(001510) -10.3% (비상손절 -15%)
→ 전종목 HOLD
✅ Discord 전송 완료

[13:40] HOLD | KODEX RSI76/-4.4%⚠️ | 보유:SK증권(001510) -10.3% 유진로봇(056080) -0.9% 원익피앤(217820) -7.4% HPSP(403870) -2.6% | 💸예수금부족 | 최고신호 HPSP(403870) 3/3개 [하락-5.1% / MA골 / 호가3.6]
💰 예수금 9,313원 | KODEX200 RSI76/-4.4% 과열⚠️ | 매수기준 3개↑
📦 보유 SK증권(001510) 1주 -9.7% 🔴스탑로스임박
📦 보유 유진로봇(056080) 1주 -0.4%
📦 보유 원익피앤이(217820) 3주 -7.5% 🔴스탑로스임박
📦 보유 HPSP(403870) 1주 -2.3%

코드      종목명           가격    RSI     변화율    거래량     BB   호가비  B/S
────────────────────────────────────────────────────────────────────────
[2단계 분석 대상: 001510, 056080, 217820, 403870, 012450, 247540, 051910, 034020, 015760]
403870  HPSP      51,800   51.4    -5.5%    0.5x     중간  2.30  3/0
⛔ 아우토크립트(137040) 호가 없음 (거래정지 의심)
061250  화일약품       8,510    0.0    +0.0%    0.0x     중간  1.03  0/0
217820  원익피앤이      3,235   35.0    -3.5%    0.3x     중간  2.73  3/1
001510  SK증권       4,190   55.7    -6.5%    0.4x     중간  2.19  3/0
056080  유진로봇      27,250   63.9    +4.0%    2.9x     중간  1.94  3/0
⛔ 금양(001570) 호가 없음 (거래정지 의심)

══════════════════════════════════════════════════
⚠️  손실 주의 SK증권(001510) -9.7% (비상손절 -15%)
→ 전종목 HOLD
✅ Discord 전송 완료

[13:42] HOLD | KODEX RSI76/-4.4%⚠️ | 보유:SK증권(001510) -9.7% 유진로봇(056080) -0.4% 원익피앤(217820) -7.5% HPSP(403870) -2.3% | 💸예수금부족 | 최고신호 HPSP(403870) 3/3개 [하락-5.5% / MA골 / 호가2.3]
💰 예수금 9,313원 | KODEX200 RSI76/-4.6% 과열⚠️ | 매수기준 3개↑
📦 보유 SK증권(001510) 1주 -10.2% 🔴스탑로스임박
📦 보유 유진로봇(056080) 1주 -0.9%
📦 보유 원익피앤이(217820) 3주 -7.4% 🔴스탑로스임박
📦 보유 HPSP(403870) 1주 -2.5%

코드      종목명           가격    RSI     변화율    거래량     BB   호가비  B/S
────────────────────────────────────────────────────────────────────────
[2단계 분석 대상: 001510, 056080, 217820, 403870, 247540, 066970, 035720, 015760, 034020]
403870  HPSP      51,700   51.1    -5.7%    0.5x     중간  2.32  3/0
⛔ 아우토크립트(137040) 호가 없음 (거래정지 의심)
061250  화일약품       8,510    0.0    +0.0%    0.0x     중간  1.03  0/0
217820  원익피앤이      3,235   34.9    -3.6%    0.3x     중간  2.63  3/1
001510  SK증권       4,165   55.3    -7.0%    0.4x     중간  4.76  3/0
056080  유진로봇      27,150   63.2    +3.2%    2.9x     중간  3.41  3/0
⛔ 금양(001570) 호가 없음 (거래정지 의심)

══════════════════════════════════════════════════
⚠️  손실 주의 SK증권(001510) -10.2% (비상손절 -15%)
→ 전종목 HOLD
✅ Discord 전송 완료

[13:44] HOLD | KODEX RSI76/-4.6%⚠️ | 보유:SK증권(001510) -10.2% 유진로봇(056080) -0.9% 원익피앤(217820) -7.4% HPSP(403870) -2.5% | 💸예수금부족 | 최고신호 HPSP(403870) 3/3개 [하락-5.7% / MA골 / 호가2.3]
💰 예수금 9,313원 | KODEX200 RSI75/-4.8% 과열⚠️ | 매수기준 3개↑
📦 보유 SK증권(001510) 1주 -10.4% 🔴스탑로스임박
📦 보유 유진로봇(056080) 1주 -1.1%
📦 보유 원익피앤이(217820) 3주 -7.5% 🔴스탑로스임박
📦 보유 HPSP(403870) 1주 -2.6% ⚠️주의

코드      종목명           가격    RSI     변화율    거래량     BB   호가비  B/S
────────────────────────────────────────────────────────────────────────
[2단계 분석 대상: 001510, 056080, 217820, 403870, 247540, 012450, 035720, 051910, 042700]
403870  HPSP      51,700   51.1    -5.7%    0.5x     중간  2.28  3/0
⛔ 아우토크립트(137040) 호가 없음 (거래정지 의심)
061250  화일약품       8,510    0.0    +0.0%    0.0x     중간  0.95  0/0
217820  원익피앤이      3,240   34.9    -3.6%    0.3x     중간  3.03  3/1
001510  SK증권       4,155   55.3    -7.2%    0.4x     중간  8.15  3/0
056080  유진로봇      27,150   63.4    +3.4%    2.9x     중간  3.19  3/0
⛔ 금양(001570) 호가 없음 (거래정지 의심)

══════════════════════════════════════════════════
⚠️  손실 주의 SK증권(001510) -10.4% (비상손절 -15%)
→ 전종목 HOLD
✅ Discord 전송 완료

[13:46] HOLD | KODEX RSI75/-4.8%⚠️ | 보유:SK증권(001510) -10.4% 유진로봇(056080) -1.1% 원익피앤(217820) -7.5% HPSP(403870) -2.6% | 💸예수금부족 | 최고신호 HPSP(403870) 3/3개 [하락-5.7% / MA골 / 호가2.3]
💰 예수금 9,313원 | KODEX200 RSI75/-5.0% 과열⚠️ | 매수기준 3개↑
📦 보유 SK증권(001510) 1주 -10.4% 🔴스탑로스임박
📦 보유 유진로봇(056080) 1주 -0.9%
📦 보유 원익피앤이(217820) 3주 -7.4% 🔴스탑로스임박
📦 보유 HPSP(403870) 1주 -2.5%

코드      종목명           가격    RSI     변화율    거래량     BB   호가비  B/S
────────────────────────────────────────────────────────────────────────
[2단계 분석 대상: 001510, 056080, 217820, 403870, 247540, 035720, 066970, 051910, 012450]
403870  HPSP      51,700   51.0    -5.8%    0.5x     중간  2.11  3/0
⛔ 아우토크립트(137040) 호가 없음 (거래정지 의심)
061250  화일약품       8,570    0.0    +0.0%    0.0x     중간  0.96  0/0
217820  원익피앤이      3,235   34.9    -3.6%    0.3x     중간  2.56  3/1
001510  SK증권       4,160   55.2    -7.3%    0.4x     중간 10.60  3/0
056080  유진로봇      27,100   63.4    +3.4%    2.9x     중간  4.87  3/0
⛔ 금양(001570) 호가 없음 (거래정지 의심)

══════════════════════════════════════════════════
⚠️  손실 주의 SK증권(001510) -10.4% (비상손절 -15%)
→ 전종목 HOLD
✅ Discord 전송 완료

[13:48] HOLD | KODEX RSI75/-5.0%⚠️ | 보유:SK증권(001510) -10.4% 유진로봇(056080) -0.9% 원익피앤(217820) -7.4% HPSP(403870) -2.5% | 💸예수금부족 | 최고신호 HPSP(403870) 3/3개 [하락-5.8% / MA골 / 호가2.1]
💰 예수금 9,313원 | KODEX200 RSI75/-5.2% 과열⚠️ | 매수기준 3개↑
📦 보유 SK증권(001510) 1주 -10.6% 🔴스탑로스임박
📦 보유 유진로봇(056080) 1주 -1.3%
📦 보유 원익피앤이(217820) 3주 -7.4% 🔴스탑로스임박
📦 보유 HPSP(403870) 1주 -2.8% ⚠️주의

코드      종목명           가격    RSI     변화율    거래량     BB   호가비  B/S
────────────────────────────────────────────────────────────────────────
[2단계 분석 대상: 001510, 056080, 217820, 403870, 042700, 012330, 051910, 035720, 012450]
403870  HPSP      51,600   51.1    -5.7%    0.5x     중간  2.63  3/0
⛔ 아우토크립트(137040) 호가 없음 (거래정지 의심)
061250  화일약품       8,540    0.0    +0.0%    0.0x     중간  2.67  1/0
217820  원익피앤이      3,230   35.0    -3.4%    0.3x     중간  2.72  3/1
001510  SK증권       4,150   55.2    -7.3%    0.4x     중간  9.46  3/0
056080  유진로봇      27,050   63.2    +3.2%    2.9x     중간  4.28  3/0
⛔ 금양(001570) 호가 없음 (거래정지 의심)

══════════════════════════════════════════════════
⚠️  손실 주의 SK증권(001510) -10.6% (비상손절 -15%)
→ 전종목 HOLD
✅ Discord 전송 완료

[13:50] HOLD | KODEX RSI75/-5.2%⚠️ | 보유:SK증권(001510) -10.6% 유진로봇(056080) -1.3% 원익피앤(217820) -7.4% HPSP(403870) -2.8% | 💸예수금부족 | 최고신호 HPSP(403870) 3/3개 [하락-5.7% / MA골 / 호가2.6]
💰 예수금 9,313원 | KODEX200 RSI74/-5.2% 과열⚠️ | 매수기준 3개↑
📦 보유 SK증권(001510) 1주 -10.6% 🔴스탑로스임박
📦 보유 유진로봇(056080) 1주 -1.3%
📦 보유 원익피앤이(217820) 3주 -7.4% 🔴스탑로스임박
📦 보유 HPSP(403870) 1주 -2.6% ⚠️주의

코드      종목명           가격    RSI     변화율    거래량     BB   호가비  B/S
────────────────────────────────────────────────────────────────────────
[2단계 분석 대상: 001510, 056080, 217820, 403870, 035720, 000660, 051910, 012330, 012450]
403870  HPSP      51,600   50.8    -6.0%    0.5x     중간  2.74  3/0
⛔ 아우토크립트(137040) 호가 없음 (거래정지 의심)
061250  화일약품       8,510    0.0    +0.0%    0.0x     중간  1.19  0/0
217820  원익피앤이      3,235   35.0    -3.4%    0.3x     중간  2.61  3/1
001510  SK증권       4,150   55.1    -7.4%    0.4x     중간  4.98  3/0
056080  유진로봇      27,050   63.0    +3.0%    2.9x     중간  3.33  3/0
⛔ 금양(001570) 호가 없음 (거래정지 의심)

══════════════════════════════════════════════════
⚠️  손실 주의 SK증권(001510) -10.6% (비상손절 -15%)
→ 전종목 HOLD
✅ Discord 전송 완료

[13:52] HOLD | KODEX RSI74/-5.2%⚠️ | 보유:SK증권(001510) -10.6% 유진로봇(056080) -1.3% 원익피앤(217820) -7.4% HPSP(403870) -2.6% | 💸예수금부족 | 최고신호 HPSP(403870) 3/3개 [하락-6.0% / MA골 / 호가2.7]
💰 예수금 9,315원 | KODEX200 RSI74/-5.4% 과열⚠️ | 매수기준 3개↑
📦 보유 SK증권(001510) 1주 -10.6% 🔴스탑로스임박
📦 보유 유진로봇(056080) 1주 -1.5%
📦 보유 원익피앤이(217820) 3주 -7.5% 🔴스탑로스임박
📦 보유 HPSP(403870) 1주 -3.2% ⚠️주의

코드      종목명           가격    RSI     변화율    거래량     BB   호가비  B/S
────────────────────────────────────────────────────────────────────────
[2단계 분석 대상: 001510, 056080, 217820, 403870, 035720, 012330, 000660, 015760, 051910]
403870  HPSP      51,400   50.4    -6.4%    0.5x     중간  2.80  3/0
⛔ 아우토크립트(137040) 호가 없음 (거래정지 의심)
061250  화일약품       8,490    0.0    +0.0%    0.0x     중간  0.67  0/0
217820  원익피앤이      3,225   34.8    -3.7%    0.3x     중간  2.13  3/1
001510  SK증권       4,145   55.1    -7.4%    0.4x     중간  4.23  3/0
056080  유진로봇      27,000   62.8    +2.9%    2.9x     중간  5.01  3/0
⛔ 금양(001570) 호가 없음 (거래정지 의심)

══════════════════════════════════════════════════
⚠️  손실 주의 SK증권(001510) -10.6% (비상손절 -15%)
→ 전종목 HOLD
✅ Discord 전송 완료

[13:54] HOLD | KODEX RSI74/-5.4%⚠️ | 보유:SK증권(001510) -10.6% 유진로봇(056080) -1.5% 원익피앤(217820) -7.5% HPSP(403870) -3.2% | 💸예수금부족 | 최고신호 HPSP(403870) 3/3개 [하락-6.4% / MA골 / 호가2.8]
💰 예수금 9,315원 | KODEX200 RSI74/-5.5% 과열⚠️ | 매수기준 3개↑
📦 보유 SK증권(001510) 1주 -10.7% 🔴스탑로스임박
📦 보유 유진로봇(056080) 1주 -1.7%
📦 보유 원익피앤이(217820) 3주 -7.9% 🔴스탑로스임박
📦 보유 HPSP(403870) 1주 -3.3% ⚠️주의

코드      종목명           가격    RSI     변화율    거래량     BB   호가비  B/S
────────────────────────────────────────────────────────────────────────
[2단계 분석 대상: 001510, 056080, 217820, 403870, 035720, 051910, 012330, 012450, 015760]
403870  HPSP      51,300   50.4    -6.4%    0.5x     중간  2.87  3/0
⛔ 아우토크립트(137040) 호가 없음 (거래정지 의심)
061250  화일약품       8,490    0.0    +0.0%    0.0x     중간  0.67  0/0
217820  원익피앤이      3,215   34.4    -4.3%    0.3x     중간  1.79  3/1
001510  SK증권       4,140   55.1    -7.5%    0.4x     중간  1.04  2/0
056080  유진로봇      27,000   62.8    +2.9%    2.9x     중간  7.81  3/0
⛔ 금양(001570) 호가 없음 (거래정지 의심)

══════════════════════════════════════════════════
⚠️  손실 주의 SK증권(001510) -10.7% (비상손절 -15%)
→ 전종목 HOLD
✅ Discord 전송 완료

[13:56] HOLD | KODEX RSI74/-5.5%⚠️ | 보유:SK증권(001510) -10.7% 유진로봇(056080) -1.7% 원익피앤(217820) -7.9% HPSP(403870) -3.3% | 💸예수금부족 | 최고신호 HPSP(403870) 3/3개 [하락-6.4% / MA골 / 호가2.9]
💰 예수금 9,314원 | KODEX200 RSI74/-5.6% 과열⚠️ | 매수기준 3개↑
📦 보유 SK증권(001510) 1주 -10.8% 🔴스탑로스임박
📦 보유 유진로봇(056080) 1주 -1.3%
📦 보유 원익피앤이(217820) 3주 -8.1% 🔴스탑로스임박
📦 보유 HPSP(403870) 1주 -3.4% ⚠️주의

코드      종목명           가격    RSI     변화율    거래량     BB   호가비  B/S
────────────────────────────────────────────────────────────────────────
[2단계 분석 대상: 001510, 056080, 217820, 403870, 012330, 035720, 051910, 015760, 105560]
403870  HPSP      51,200   50.4    -6.4%    0.5x     중간  2.96  3/0
⛔ 아우토크립트(137040) 호가 없음 (거래정지 의심)
061250  화일약품       8,490    0.0    +0.0%    0.0x     중간  0.67  0/0
217820  원익피앤이      3,210   34.5    -4.2%    0.3x     중간  1.87  3/1
001510  SK증권       4,140   55.1    -7.5%    0.4x     중간  1.28  3/0
056080  유진로봇      27,000   62.8    +2.9%    2.9x     중간  7.73  3/0
⛔ 금양(001570) 호가 없음 (거래정지 의심)

══════════════════════════════════════════════════
⚠️  손실 주의 원익피앤이(217820) -8.1% (비상손절 -15%)
⚠️  손실 주의 SK증권(001510) -10.8% (비상손절 -15%)
→ 전종목 HOLD
✅ Discord 전송 완료

[13:58] HOLD | KODEX RSI74/-5.6%⚠️ | 보유:SK증권(001510) -10.8% 유진로봇(056080) -1.3% 원익피앤(217820) -8.1% HPSP(403870) -3.4% | 💸예수금부족 | 최고신호 HPSP(403870) 3/3개 [하락-6.4% / MA골 / 호가3.0]
💰 예수금 9,314원 | KODEX200 RSI74/-5.6% 과열⚠️ | 매수기준 3개↑
📦 보유 SK증권(001510) 1주 -11.2% 🔴스탑로스임박
📦 보유 유진로봇(056080) 1주 -1.3%
📦 보유 원익피앤이(217820) 3주 -8.2% 🔴스탑로스임박
📦 보유 HPSP(403870) 1주 -3.4% ⚠️주의

코드      종목명           가격    RSI     변화율    거래량     BB   호가비  B/S
────────────────────────────────────────────────────────────────────────
[2단계 분석 대상: 001510, 056080, 217820, 403870, 012330, 035720, 015760, 051910, 000270]
403870  HPSP      51,200   50.2    -6.6%    0.5x     중간  3.14  3/0
⛔ 아우토크립트(137040) 호가 없음 (거래정지 의심)
061250  화일약품       8,490    0.0    +0.0%    0.0x     중간  0.67  0/0
217820  원익피앤이      3,210   34.4    -4.3%    0.3x     중간  2.65  3/1
001510  SK증권       4,145   55.1    -7.5%    0.4x     중간 49.15  3/0
056080  유진로봇      26,900   62.8    +2.9%    2.9x     중간  7.97  3/0
⛔ 금양(001570) 호가 없음 (거래정지 의심)

══════════════════════════════════════════════════
⚠️  손실 주의 원익피앤이(217820) -8.2% (비상손절 -15%)
⚠️  손실 주의 SK증권(001510) -11.2% (비상손절 -15%)
→ 전종목 HOLD
✅ Discord 전송 완료

[14:00] HOLD | KODEX RSI74/-5.6%⚠️ | 보유:SK증권(001510) -11.2% 유진로봇(056080) -1.3% 원익피앤(217820) -8.2% HPSP(403870) -3.4% | 💸예수금부족 | 최고신호 HPSP(403870) 3/3개 [하락-6.6% / MA골 / 호가3.1]
💰 예수금 9,315원 | KODEX200 RSI73/-5.8% 과열⚠️ | 매수기준 3개↑
📦 보유 SK증권(001510) 1주 -10.6% 🔴스탑로스임박
📦 보유 유진로봇(056080) 1주 -1.7%
📦 보유 원익피앤이(217820) 3주 -8.4% 🔴스탑로스임박
📦 보유 HPSP(403870) 1주 -3.6% ⚠️주의

코드      종목명           가격    RSI     변화율    거래량     BB   호가비  B/S
────────────────────────────────────────────────────────────────────────
[2단계 분석 대상: 001510, 056080, 217820, 403870, 015760, 035720, 012330, 051910, 247540]
403870  HPSP      51,200   50.2    -6.6%    0.5x     중간  2.02  3/0
⛔ 아우토크립트(137040) 호가 없음 (거래정지 의심)
061250  화일약품       8,500    0.0    +0.0%    0.0x     중간  0.50  0/0
217820  원익피앤이      3,205   34.3    -4.5%    0.3x     중간  1.89  3/1
001510  SK증권       4,165   55.3    -7.0%    0.4x     중간 24.70  3/0
056080  유진로봇      26,900   62.4    +2.5%    2.9x     중간  9.38  3/0
⛔ 금양(001570) 호가 없음 (거래정지 의심)

══════════════════════════════════════════════════
⚠️  손실 주의 원익피앤이(217820) -8.4% (비상손절 -15%)
⚠️  손실 주의 SK증권(001510) -10.6% (비상손절 -15%)
→ 전종목 HOLD
✅ Discord 전송 완료

[14:02] HOLD | KODEX RSI73/-5.8%⚠️ | 보유:SK증권(001510) -10.6% 유진로봇(056080) -1.7% 원익피앤(217820) -8.4% HPSP(403870) -3.6% | 💸예수금부족 | 최고신호 HPSP(403870) 3/3개 [하락-6.6% / MA골 / 호가2.0]
💰 예수금 9,316원 | KODEX200 RSI73/-5.8% 과열⚠️ | 매수기준 3개↑
📦 보유 SK증권(001510) 1주 -9.8% 🔴스탑로스임박
📦 보유 유진로봇(056080) 1주 -1.7%
📦 보유 원익피앤이(217820) 3주 -8.4% 🔴스탑로스임박
📦 보유 HPSP(403870) 1주 -4.0% ⚠️주의

코드      종목명           가격    RSI     변화율    거래량     BB   호가비  B/S
────────────────────────────────────────────────────────────────────────
[2단계 분석 대상: 001510, 056080, 217820, 403870, 015760, 035720, 012330, 051910, 034020]
403870  HPSP      50,900   49.8    -7.0%    0.5x     중간  2.83  3/0
⛔ 아우토크립트(137040) 호가 없음 (거래정지 의심)
061250  화일약품       8,500    0.0    +0.0%    0.0x     중간  0.36  0/0
217820  원익피앤이      3,200   34.2    -4.6%    0.3x     중간  0.91  2/1
001510  SK증권       4,160   55.0    -7.6%    0.4x     중간  5.63  3/0
056080  유진로봇      27,000   63.0    +3.0%    3.0x     중간  9.36  3/0
⛔ 금양(001570) 호가 없음 (거래정지 의심)

══════════════════════════════════════════════════
⚠️  손실 주의 원익피앤이(217820) -8.4% (비상손절 -15%)
⚠️  손실 주의 SK증권(001510) -9.8% (비상손절 -15%)
→ 전종목 HOLD
✅ Discord 전송 완료

[14:04] HOLD | KODEX RSI73/-5.8%⚠️ | 보유:SK증권(001510) -9.8% 유진로봇(056080) -1.7% 원익피앤(217820) -8.4% HPSP(403870) -4.0% | 💸예수금부족 | 최고신호 HPSP(403870) 3/3개 [하락-7.0% / MA골 / 호가2.8]
💰 예수금 9,314원 | KODEX200 RSI73/-5.6% 과열⚠️ | 매수기준 3개↑
📦 보유 SK증권(001510) 1주 -10.4% 🔴스탑로스임박
📦 보유 유진로봇(056080) 1주 -1.3%
📦 보유 원익피앤이(217820) 3주 -8.4% 🔴스탑로스임박
📦 보유 HPSP(403870) 1주 -3.8% ⚠️주의

코드      종목명           가격    RSI     변화율    거래량     BB   호가비  B/S
────────────────────────────────────────────────────────────────────────
[2단계 분석 대상: 001510, 056080, 217820, 403870, 035720, 015760, 086790, 058470, 012330]
403870  HPSP      51,100   49.8    -7.0%    0.5x     중간  1.80  3/0
⛔ 아우토크립트(137040) 호가 없음 (거래정지 의심)
061250  화일약품       8,500    0.0    +0.0%    0.0x     중간  0.44  0/0
217820  원익피앤이      3,210   34.2    -4.6%    0.3x     중간  1.80  3/1
001510  SK증권       4,150   55.2    -7.3%    0.4x     중간  5.14  3/0
056080  유진로봇      26,950   63.0    +3.0%    3.0x     중간 11.28  3/0
⛔ 금양(001570) 호가 없음 (거래정지 의심)

══════════════════════════════════════════════════
⚠️  손실 주의 원익피앤이(217820) -8.4% (비상손절 -15%)
⚠️  손실 주의 SK증권(001510) -10.4% (비상손절 -15%)
→ 전종목 HOLD
✅ Discord 전송 완료

[14:06] HOLD | KODEX RSI73/-5.6%⚠️ | 보유:SK증권(001510) -10.4% 유진로봇(056080) -1.3% 원익피앤(217820) -8.4% HPSP(403870) -3.8% | 💸예수금부족 | 최고신호 HPSP(403870) 3/3개 [하락-7.0% / MA골 / 호가1.8]
💰 예수금 9,316원 | KODEX200 RSI73/-5.7% 과열⚠️ | 매수기준 3개↑
📦 보유 SK증권(001510) 1주 -10.8% 🔴스탑로스임박
📦 보유 유진로봇(056080) 1주 -1.7%
📦 보유 원익피앤이(217820) 3주 -8.1% 🔴스탑로스임박
📦 보유 HPSP(403870) 1주 -4.0% ⚠️주의

코드      종목명           가격    RSI     변화율    거래량     BB   호가비  B/S
────────────────────────────────────────────────────────────────────────
[2단계 분석 대상: 001510, 056080, 217820, 403870, 247540, 035720, 015760, 058470, 034020]
403870  HPSP      51,000   49.6    -7.1%    0.5x     중간  2.91  3/0
⛔ 아우토크립트(137040) 호가 없음 (거래정지 의심)
061250  화일약품       8,490    0.0    +0.0%    0.0x     중간  1.61  1/0
217820  원익피앤이      3,210   34.5    -4.2%    0.3x     중간  1.73  3/1
001510  SK증권       4,160   55.3    -7.2%    0.4x     중간  9.04  3/0
056080  유진로봇      26,900   62.6    +2.7%    3.0x     중간  8.88  3/0
⛔ 금양(001570) 호가 없음 (거래정지 의심)

══════════════════════════════════════════════════
⚠️  손실 주의 원익피앤이(217820) -8.1% (비상손절 -15%)
⚠️  손실 주의 SK증권(001510) -10.8% (비상손절 -15%)
→ 전종목 HOLD
✅ Discord 전송 완료

[14:08] HOLD | KODEX RSI73/-5.7%⚠️ | 보유:SK증권(001510) -10.8% 유진로봇(056080) -1.7% 원익피앤(217820) -8.1% HPSP(403870) -4.0% | 💸예수금부족 | 최고신호 HPSP(403870) 3/3개 [하락-7.1% / MA골 / 호가2.9]
💰 예수금 9,315원 | KODEX200 RSI74/-5.6% 과열⚠️ | 매수기준 3개↑
📦 보유 SK증권(001510) 1주 -10.5% 🔴스탑로스임박
📦 보유 유진로봇(056080) 1주 -1.1%
📦 보유 원익피앤이(217820) 3주 -8.1% 🔴스탑로스임박
📦 보유 HPSP(403870) 1주 -4.0% ⚠️주의

코드      종목명           가격    RSI     변화율    거래량     BB   호가비  B/S
────────────────────────────────────────────────────────────────────────
[2단계 분석 대상: 001510, 056080, 217820, 403870, 035720, 015760, 086790, 078930, 051910]
403870  HPSP      51,100   50.2    -6.6%    0.5x     중간  2.13  3/0
⛔ 아우토크립트(137040) 호가 없음 (거래정지 의심)
061250  화일약품       8,450    0.0    +0.0%    0.0x     중간  2.76  1/0
217820  원익피앤이      3,210   34.2    -4.6%    0.3x     중간  1.78  3/1
001510  SK증권       4,155   55.3    -7.2%    0.4x     중간  5.86  3/0
056080  유진로봇      27,000   63.2    +3.2%    3.0x     중간 11.88  3/0
⛔ 금양(001570) 호가 없음 (거래정지 의심)

══════════════════════════════════════════════════
⚠️  손실 주의 원익피앤이(217820) -8.1% (비상손절 -15%)
⚠️  손실 주의 SK증권(001510) -10.5% (비상손절 -15%)
→ 전종목 HOLD
✅ Discord 전송 완료

[14:10] HOLD | KODEX RSI74/-5.6%⚠️ | 보유:SK증권(001510) -10.5% 유진로봇(056080) -1.1% 원익피앤(217820) -8.1% HPSP(403870) -4.0% | 💸예수금부족 | 최고신호 HPSP(403870) 3/3개 [하락-6.6% / MA골 / 호가2.1]
💰 예수금 9,314원 | KODEX200 RSI74/-5.3% 과열⚠️ | 매수기준 3개↑
📦 보유 SK증권(001510) 1주 -10.3% 🔴스탑로스임박
📦 보유 유진로봇(056080) 1주 -0.9%
📦 보유 원익피앤이(217820) 3주 -8.1% 🔴스탑로스임박
📦 보유 HPSP(403870) 1주 -3.2% ⚠️주의

코드      종목명           가격    RSI     변화율    거래량     BB   호가비  B/S
────────────────────────────────────────────────────────────────────────
[2단계 분석 대상: 001510, 056080, 217820, 403870, 035720, 015760, 058470, 051910, 105560]
403870  HPSP      51,300   50.6    -6.2%    0.6x     중간  1.62  3/0
⛔ 아우토크립트(137040) 호가 없음 (거래정지 의심)
061250  화일약품       8,450    0.0    +0.0%    0.0x     중간  2.76  1/0
217820  원익피앤이      3,225   34.6    -4.0%    0.3x     중간  1.36  3/1
001510  SK증권       4,170   55.4    -6.9%    0.4x     중간  2.70  3/0
056080  유진로봇      27,100   63.4    +3.4%    3.0x     중간  5.69  3/0
⛔ 금양(001570) 호가 없음 (거래정지 의심)

══════════════════════════════════════════════════
⚠️  손실 주의 원익피앤이(217820) -8.1% (비상손절 -15%)
⚠️  손실 주의 SK증권(001510) -10.3% (비상손절 -15%)
→ 전종목 HOLD
✅ Discord 전송 완료

[14:12] HOLD | KODEX RSI74/-5.3%⚠️ | 보유:SK증권(001510) -10.3% 유진로봇(056080) -0.9% 원익피앤(217820) -8.1% HPSP(403870) -3.2% | 💸예수금부족 | 최고신호 HPSP(403870) 3/3개 [하락-6.2% / MA골 / 호가1.6]
💰 예수금 9,314원 | KODEX200 RSI75/-5.1% 과열⚠️ | 매수기준 3개↑
📦 보유 SK증권(001510) 1주 -10.2% 🔴스탑로스임박
📦 보유 유진로봇(056080) 1주 -0.6%
📦 보유 원익피앤이(217820) 3주 -7.9% 🔴스탑로스임박
📦 보유 HPSP(403870) 1주 -3.0% ⚠️주의

코드      종목명           가격    RSI     변화율    거래량     BB   호가비  B/S
────────────────────────────────────────────────────────────────────────
[2단계 분석 대상: 001510, 056080, 217820, 403870, 035720, 015760, 247540, 051910, 086790]
403870  HPSP      51,500   51.0    -5.8%    0.6x     중간  1.67  3/0
⛔ 아우토크립트(137040) 호가 없음 (거래정지 의심)
061250  화일약품       8,450    0.0    +0.0%    0.0x     중간  2.75  1/0
217820  원익피앤이      3,225   34.8    -3.7%    0.3x     중간  1.51  3/1
001510  SK증권       4,170   55.5    -6.8%    0.4x     중간  3.06  3/0
056080  유진로봇      27,250   63.9    +4.0%    3.0x     중간  3.35  3/0
⛔ 금양(001570) 호가 없음 (거래정지 의심)

══════════════════════════════════════════════════
⚠️  손실 주의 SK증권(001510) -10.2% (비상손절 -15%)
→ 전종목 HOLD
✅ Discord 전송 완료

[14:14] HOLD | KODEX RSI75/-5.1%⚠️ | 보유:SK증권(001510) -10.2% 유진로봇(056080) -0.6% 원익피앤(217820) -7.9% HPSP(403870) -3.0% | 💸예수금부족 | 최고신호 HPSP(403870) 3/3개 [하락-5.8% / MA골 / 호가1.7]
💰 예수금 9,313원 | KODEX200 RSI76/-4.7% 과열⚠️ | 매수기준 3개↑
📦 보유 SK증권(001510) 1주 -9.8% 🔴스탑로스임박
📦 보유 유진로봇(056080) 1주 -0.2%
📦 보유 원익피앤이(217820) 3주 -7.6% 🔴스탑로스임박
📦 보유 HPSP(403870) 1주 -2.8% ⚠️주의

코드      종목명           가격    RSI     변화율    거래량     BB   호가비  B/S
────────────────────────────────────────────────────────────────────────
[2단계 분석 대상: 001510, 056080, 217820, 403870, 035720, 015760, 068270, 086790, 051910]
403870  HPSP      51,600   50.8    -6.0%    0.6x     중간  1.38  3/0
⛔ 아우토크립트(137040) 호가 없음 (거래정지 의심)
061250  화일약품       8,450    0.0    +0.0%    0.0x     중간  4.04  1/0
217820  원익피앤이      3,240   34.9    -3.6%    0.3x     중간  1.38  3/1
001510  SK증권       4,180   55.6    -6.6%    0.4x     중간  1.70  3/0
056080  유진로봇      27,400   64.4    +4.6%    3.0x     중간  3.17  3/0
⛔ 금양(001570) 호가 없음 (거래정지 의심)

══════════════════════════════════════════════════
⚠️  손실 주의 SK증권(001510) -9.8% (비상손절 -15%)
→ 전종목 HOLD
✅ Discord 전송 완료

[14:16] HOLD | KODEX RSI76/-4.7%⚠️ | 보유:SK증권(001510) -9.8% 유진로봇(056080) -0.2% 원익피앤(217820) -7.6% HPSP(403870) -2.8% | 💸예수금부족 | 최고신호 HPSP(403870) 3/3개 [하락-6.0% / MA골 / 호가1.4]
💰 예수금 9,314원 | KODEX200 RSI74/-5.2% 과열⚠️ | 매수기준 3개↑
📦 보유 SK증권(001510) 1주 -10.4% 🔴스탑로스임박
📦 보유 유진로봇(056080) 1주 -0.6%
📦 보유 원익피앤이(217820) 3주 -7.9% 🔴스탑로스임박
📦 보유 HPSP(403870) 1주 -3.4% ⚠️주의

코드      종목명           가격    RSI     변화율    거래량     BB   호가비  B/S
────────────────────────────────────────────────────────────────────────
[2단계 분석 대상: 001510, 056080, 217820, 403870, 068270, 012450, 035720, 247540, 015760]
403870  HPSP      51,200   50.2    -6.6%    0.6x     중간  1.94  3/0
⛔ 아우토크립트(137040) 호가 없음 (거래정지 의심)
061250  화일약품       8,450    0.0    +0.0%    0.0x     중간  3.24  1/0
217820  원익피앤이      3,230   35.0    -3.4%    0.3x     중간  1.07  2/1
001510  SK증권       4,155   55.3    -7.2%    0.4x     중간  8.92  3/0
056080  유진로봇      27,150   63.4    +3.4%    3.0x     중간  6.05  3/0
⛔ 금양(001570) 호가 없음 (거래정지 의심)

══════════════════════════════════════════════════
⚠️  손실 주의 SK증권(001510) -10.4% (비상손절 -15%)
→ 전종목 HOLD
✅ Discord 전송 완료

[14:18] HOLD | KODEX RSI74/-5.2%⚠️ | 보유:SK증권(001510) -10.4% 유진로봇(056080) -0.6% 원익피앤(217820) -7.9% HPSP(403870) -3.4% | 💸예수금부족 | 최고신호 HPSP(403870) 3/3개 [하락-6.6% / MA골 / 호가1.9]
💰 예수금 9,315원 | KODEX200 RSI74/-5.2% 과열⚠️ | 매수기준 3개↑
📦 보유 SK증권(001510) 1주 -10.8% 🔴스탑로스임박
📦 보유 유진로봇(056080) 1주 -1.5%
📦 보유 원익피앤이(217820) 3주 -7.9% 🔴스탑로스임박
📦 보유 HPSP(403870) 1주 -3.6% ⚠️주의

코드      종목명           가격    RSI     변화율    거래량     BB   호가비  B/S
────────────────────────────────────────────────────────────────────────
[2단계 분석 대상: 001510, 056080, 217820, 403870, 035720, 247540, 015760, 207940, 012330]
403870  HPSP      51,100   50.2    -6.6%    0.6x     중간  1.91  3/0
⛔ 아우토크립트(137040) 호가 없음 (거래정지 의심)
061250  화일약품       8,450    0.0    +0.0%    0.0x     중간  2.22  1/0
217820  원익피앤이      3,225   34.5    -4.2%    0.3x     중간  1.77  3/1
001510  SK증권       4,140   55.1    -7.5%    0.4x     중간  8.10  3/0
056080  유진로봇      27,050   63.2    +3.2%    3.0x     중간  4.24  3/0
⛔ 금양(001570) 호가 없음 (거래정지 의심)

══════════════════════════════════════════════════
⚠️  손실 주의 SK증권(001510) -10.8% (비상손절 -15%)
→ 전종목 HOLD
✅ Discord 전송 완료

[14:20] HOLD | KODEX RSI74/-5.2%⚠️ | 보유:SK증권(001510) -10.8% 유진로봇(056080) -1.5% 원익피앤(217820) -7.9% HPSP(403870) -3.6% | 💸예수금부족 | 최고신호 HPSP(403870) 3/3개 [하락-6.6% / MA골 / 호가1.9]
💰 예수금 9,314원 | KODEX200 RSI74/-5.2% 과열⚠️ | 매수기준 3개↑
📦 보유 SK증권(001510) 1주 -10.7% 🔴스탑로스임박
📦 보유 유진로봇(056080) 1주 -0.9%
📦 보유 원익피앤이(217820) 3주 -7.9% 🔴스탑로스임박
📦 보유 HPSP(403870) 1주 -3.4% ⚠️주의

코드      종목명           가격    RSI     변화율    거래량     BB   호가비  B/S
────────────────────────────────────────────────────────────────────────
[2단계 분석 대상: 001510, 056080, 217820, 403870, 035720, 247540, 015760, 000660, 012330]
403870  HPSP      51,200   50.2    -6.6%    0.6x     중간  1.55  3/0
⛔ 아우토크립트(137040) 호가 없음 (거래정지 의심)
061250  화일약품       8,450    0.0    +0.0%    0.0x     중간  1.73  1/0
217820  원익피앤이      3,225   34.6    -4.0%    0.3x     중간  1.57  3/1
001510  SK증권       4,145   55.1    -7.4%    0.5x     중간  9.09  3/0
056080  유진로봇      27,050   63.2    +3.2%    3.0x     중간  5.55  3/0
⛔ 금양(001570) 호가 없음 (거래정지 의심)

══════════════════════════════════════════════════
⚠️  손실 주의 SK증권(001510) -10.7% (비상손절 -15%)
→ 전종목 HOLD
✅ Discord 전송 완료

[14:22] HOLD | KODEX RSI74/-5.2%⚠️ | 보유:SK증권(001510) -10.7% 유진로봇(056080) -0.9% 원익피앤(217820) -7.9% HPSP(403870) -3.4% | 💸예수금부족 | 최고신호 HPSP(403870) 3/3개 [하락-6.6% / MA골 / 호가1.6]
💰 예수금 9,315원 | KODEX200 RSI74/-5.4% 과열⚠️ | 매수기준 3개↑
📦 보유 SK증권(001510) 1주 -11.0% 🔴스탑로스임박
📦 보유 유진로봇(056080) 1주 -1.5%
📦 보유 원익피앤이(217820) 3주 -7.9% 🔴스탑로스임박
📦 보유 HPSP(403870) 1주 -3.8% ⚠️주의

코드      종목명           가격    RSI     변화율    거래량     BB   호가비  B/S
────────────────────────────────────────────────────────────────────────
[2단계 분석 대상: 001510, 056080, 217820, 403870, 035720, 015760, 000660, 058470, 012330]
403870  HPSP      51,000   49.8    -7.0%    0.6x     중간  2.14  3/0
⛔ 아우토크립트(137040) 호가 없음 (거래정지 의심)
061250  화일약품       8,450    0.0    +0.0%    0.0x     중간  1.73  1/0
217820  원익피앤이      3,225   34.6    -4.0%    0.3x     중간  1.46  3/1
001510  SK증권       4,130   54.9    -7.8%    0.5x     중간  6.12  3/0
056080  유진로봇      26,950   62.8    +2.9%    3.0x     중간 16.29  3/0
⛔ 금양(001570) 호가 없음 (거래정지 의심)

══════════════════════════════════════════════════
⚠️  손실 주의 SK증권(001510) -11.0% (비상손절 -15%)
→ 전종목 HOLD
✅ Discord 전송 완료

[14:24] HOLD | KODEX RSI74/-5.4%⚠️ | 보유:SK증권(001510) -11.0% 유진로봇(056080) -1.5% 원익피앤(217820) -7.9% HPSP(403870) -3.8% | 💸예수금부족 | 최고신호 HPSP(403870) 3/3개 [하락-7.0% / MA골 / 호가2.1]
💰 예수금 9,315원 | KODEX200 RSI74/-5.5% 과열⚠️ | 매수기준 3개↑
📦 보유 SK증권(001510) 1주 -11.1% 🔴스탑로스임박
📦 보유 유진로봇(056080) 1주 -1.3%
📦 보유 원익피앤이(217820) 3주 -7.9% 🔴스탑로스임박
📦 보유 HPSP(403870) 1주 -4.2% 🔴스탑로스임박

코드      종목명           가격    RSI     변화율    거래량     BB   호가비  B/S
────────────────────────────────────────────────────────────────────────
[2단계 분석 대상: 001510, 056080, 217820, 403870, 035720, 000660, 015760, 058470, 034020]
403870  HPSP      50,800   49.6    -7.1%    0.6x     중간  1.68  3/0
⛔ 아우토크립트(137040) 호가 없음 (거래정지 의심)
061250  화일약품       8,450    0.0    +0.0%    0.0x     중간  1.73  1/0
217820  원익피앤이      3,215   34.6    -4.0%    0.3x     중간  1.92  3/1
001510  SK증권       4,125   54.9    -7.8%    0.5x     중간  5.15  3/0
056080  유진로봇      26,900   62.6    +2.7%    3.0x     중간 15.50  3/0
⛔ 금양(001570) 호가 없음 (거래정지 의심)

══════════════════════════════════════════════════
⚠️  손실 주의 SK증권(001510) -11.1% (비상손절 -15%)
→ 전종목 HOLD
✅ Discord 전송 완료

[14:26] HOLD | KODEX RSI74/-5.5%⚠️ | 보유:SK증권(001510) -11.1% 유진로봇(056080) -1.3% 원익피앤(217820) -7.9% HPSP(403870) -4.2% | 💸예수금부족 | 최고신호 HPSP(403870) 3/3개 [하락-7.1% / MA골 / 호가1.7]
💰 예수금 9,316원 | KODEX200 RSI73/-5.7% 과열⚠️ | 매수기준 3개↑
📦 보유 SK증권(001510) 1주 -11.2% 🔴스탑로스임박
📦 보유 유진로봇(056080) 1주 -1.7%
📦 보유 원익피앤이(217820) 3주 -7.9% 🔴스탑로스임박
📦 보유 HPSP(403870) 1주 -4.2% 🔴스탑로스임박

코드      종목명           가격    RSI     변화율    거래량     BB   호가비  B/S
────────────────────────────────────────────────────────────────────────
[2단계 분석 대상: 001510, 056080, 217820, 403870, 035720, 058470, 034020, 042700, 000660]
403870  HPSP      50,800   49.6    -7.1%    0.6x     중간  1.77  3/0
⛔ 아우토크립트(137040) 호가 없음 (거래정지 의심)
061250  화일약품       8,450    0.0    +0.0%    0.0x     중간  1.97  1/0
217820  원익피앤이      3,210   34.5    -4.2%    0.3x     중간  1.59  3/1
001510  SK증권       4,140   55.1    -7.5%    0.5x     중간  8.98  3/0
056080  유진로봇      26,900   62.6    +2.7%    3.0x     중간 11.34  3/0
⛔ 금양(001570) 호가 없음 (거래정지 의심)

══════════════════════════════════════════════════
⚠️  손실 주의 SK증권(001510) -11.2% (비상손절 -15%)
→ 전종목 HOLD
✅ Discord 전송 완료

[14:28] HOLD | KODEX RSI73/-5.7%⚠️ | 보유:SK증권(001510) -11.2% 유진로봇(056080) -1.7% 원익피앤(217820) -7.9% HPSP(403870) -4.2% | 💸예수금부족 | 최고신호 HPSP(403870) 3/3개 [하락-7.1% / MA골 / 호가1.8]
💰 예수금 9,316원 | KODEX200 RSI73/-5.8% 과열⚠️ | 매수기준 3개↑
📦 보유 SK증권(001510) 1주 -11.0% 🔴스탑로스임박
📦 보유 유진로봇(056080) 1주 -1.7%
📦 보유 원익피앤이(217820) 3주 -8.5% 🔴스탑로스임박
📦 보유 HPSP(403870) 1주 -4.3% 🔴스탑로스임박

코드      종목명           가격    RSI     변화율    거래량     BB   호가비  B/S
────────────────────────────────────────────────────────────────────────
[2단계 분석 대상: 001510, 056080, 217820, 403870, 058470, 015760, 247540, 035720, 005380]
403870  HPSP      50,800   49.4    -7.3%    0.6x     중간  1.59  3/0
⛔ 아우토크립트(137040) 호가 없음 (거래정지 의심)
061250  화일약품       8,500    0.0    +0.0%    0.0x     중간  2.28  1/0
217820  원익피앤이      3,195   34.1    -4.8%    0.4x     중간  2.00  3/1
001510  SK증권       4,130   54.9    -7.7%    0.5x     중간  8.06  3/0
056080  유진로봇      26,900   62.6    +2.7%    3.0x     중간 11.88  3/0
⛔ 금양(001570) 호가 없음 (거래정지 의심)

══════════════════════════════════════════════════
⚠️  손실 주의 원익피앤이(217820) -8.5% (비상손절 -15%)
⚠️  손실 주의 SK증권(001510) -11.0% (비상손절 -15%)
→ 전종목 HOLD
✅ Discord 전송 완료

[14:30] HOLD | KODEX RSI73/-5.8%⚠️ | 보유:SK증권(001510) -11.0% 유진로봇(056080) -1.7% 원익피앤(217820) -8.5% HPSP(403870) -4.3% | 💸예수금부족 | 최고신호 HPSP(403870) 3/3개 [하락-7.3% / MA골 / 호가1.6]
💰 예수금 9,316원 | KODEX200 RSI72/-6.3% 과열⚠️ | 매수기준 3개↑
📦 보유 SK증권(001510) 1주 -10.6% 🔴스탑로스임박
📦 보유 유진로봇(056080) 1주 -1.8%
📦 보유 원익피앤이(217820) 3주 -8.7% 🔴스탑로스임박
📦 보유 HPSP(403870) 1주 -4.5% 🔴스탑로스임박

코드      종목명           가격    RSI     변화율    거래량     BB   호가비  B/S
────────────────────────────────────────────────────────────────────────
[2단계 분석 대상: 001510, 056080, 217820, 403870, 005380, 035720, 015760, 042700, 012330]
403870  HPSP      50,600   48.9    -7.9%    0.6x     중간  1.56  3/0
⛔ 아우토크립트(137040) 호가 없음 (거래정지 의심)
061250  화일약품       8,500    0.0    +0.0%    0.0x     중간  2.48  1/0
217820  원익피앤이      3,190   34.0    -4.9%    0.4x     중간  1.58  3/1
001510  SK증권       4,140   55.1    -7.5%    0.5x     중간  4.78  3/0
056080  유진로봇      26,800   62.0    +2.1%    3.0x     중간  8.54  3/0
⛔ 금양(001570) 호가 없음 (거래정지 의심)

══════════════════════════════════════════════════
⚠️  손실 주의 원익피앤이(217820) -8.7% (비상손절 -15%)
⚠️  손실 주의 SK증권(001510) -10.6% (비상손절 -15%)
→ 전종목 HOLD
✅ Discord 전송 완료

[14:32] HOLD | KODEX RSI72/-6.3%⚠️ | 보유:SK증권(001510) -10.6% 유진로봇(056080) -1.8% 원익피앤(217820) -8.7% HPSP(403870) -4.5% | 💸예수금부족 | 최고신호 HPSP(403870) 3/3개 [하락-7.9% / MA골 / 호가1.6]
💰 예수금 9,317원 | KODEX200 RSI72/-6.5% 과열⚠️ | 매수기준 3개↑
📦 보유 SK증권(001510) 1주 -10.6% 🔴스탑로스임박
📦 보유 유진로봇(056080) 1주 -2.2%
📦 보유 원익피앤이(217820) 3주 -8.7% 🔴스탑로스임박
📦 보유 HPSP(403870) 1주 -4.9% 🔴스탑로스임박

코드      종목명           가격    RSI     변화율    거래량     BB   호가비  B/S
────────────────────────────────────────────────────────────────────────
[2단계 분석 대상: 001510, 056080, 217820, 403870, 012330, 005380, 042700, 015760, 035720]
403870  HPSP      50,500   48.7    -8.0%    0.6x     중간  2.02  3/0
⛔ 아우토크립트(137040) 호가 없음 (거래정지 의심)
061250  화일약품       8,480    0.0    +0.0%    0.0x     중간  2.20  1/0
217820  원익피앤이      3,185   34.0    -4.9%    0.4x     중간  1.49  3/1
001510  SK증권       4,140   55.0    -7.6%    0.5x     중간  6.97  3/0
056080  유진로봇      26,950   62.8    +2.9%    3.0x     중간 10.71  3/0
⛔ 금양(001570) 호가 없음 (거래정지 의심)

══════════════════════════════════════════════════
⚠️  손실 주의 원익피앤이(217820) -8.7% (비상손절 -15%)
⚠️  손실 주의 SK증권(001510) -10.6% (비상손절 -15%)
→ 전종목 HOLD
✅ Discord 전송 완료

[14:34] HOLD | KODEX RSI72/-6.5%⚠️ | 보유:SK증권(001510) -10.6% 유진로봇(056080) -2.2% 원익피앤(217820) -8.7% HPSP(403870) -4.9% | 💸예수금부족 | 최고신호 HPSP(403870) 3/3개 [하락-8.0% / MA골 / 호가2.0]
💰 예수금 9,317원 | KODEX200 RSI72/-6.5% 과열⚠️ | 매수기준 3개↑
📦 보유 SK증권(001510) 1주 -10.8% 🔴스탑로스임박
📦 보유 유진로봇(056080) 1주 -1.5%
📦 보유 원익피앤이(217820) 3주 -8.8% 🔴스탑로스임박
📦 보유 HPSP(403870) 1주 -5.1% 🔴스탑로스임박

코드      종목명           가격    RSI     변화율    거래량     BB   호가비  B/S
────────────────────────────────────────────────────────────────────────
[2단계 분석 대상: 001510, 056080, 217820, 403870, 012330, 005380, 015760, 035720, 034020]
403870  HPSP      50,300   48.9    -7.9%    0.6x     중간  1.93  3/0
⛔ 아우토크립트(137040) 호가 없음 (거래정지 의심)
061250  화일약품       8,460    0.0    +0.0%    0.0x     중간  2.41  1/0
217820  원익피앤이      3,185   34.0    -4.9%    0.4x     중간  1.90  3/1
001510  SK증권       4,140   55.1    -7.5%    0.5x     중간  5.22  3/0
056080  유진로봇      27,150   63.0    +3.0%    3.0x     중간  3.73  3/0
⛔ 금양(001570) 호가 없음 (거래정지 의심)

══════════════════════════════════════════════════
⚠️  손실 주의 원익피앤이(217820) -8.8% (비상손절 -15%)
⚠️  손실 주의 SK증권(001510) -10.8% (비상손절 -15%)
→ 전종목 HOLD
✅ Discord 전송 완료

[14:36] HOLD | KODEX RSI72/-6.5%⚠️ | 보유:SK증권(001510) -10.8% 유진로봇(056080) -1.5% 원익피앤(217820) -8.8% HPSP(403870) -5.1% | 💸예수금부족 | 최고신호 HPSP(403870) 3/3개 [하락-7.9% / MA골 / 호가1.9]
💰 예수금 9,316원 | KODEX200 RSI72/-6.5% 과열⚠️ | 매수기준 3개↑
📦 보유 SK증권(001510) 1주 -10.8% 🔴스탑로스임박
📦 보유 유진로봇(056080) 1주 -1.3%
📦 보유 원익피앤이(217820) 3주 -8.8% 🔴스탑로스임박
📦 보유 HPSP(403870) 1주 -5.3% 🔴스탑로스임박

코드      종목명           가격    RSI     변화율    거래량     BB   호가비  B/S
────────────────────────────────────────────────────────────────────────
[2단계 분석 대상: 001510, 056080, 217820, 403870, 012330, 015760, 247540, 035720, 005380]
403870  HPSP      50,300   48.9    -7.9%    0.6x     중간  1.67  3/0
⛔ 아우토크립트(137040) 호가 없음 (거래정지 의심)
061250  화일약품       8,440    0.0    +0.0%    0.0x     중간  3.93  1/0
217820  원익피앤이      3,185   34.0    -4.9%    0.4x     중간  2.10  3/1
001510  SK증권       4,145   55.1    -7.5%    0.5x     중간  5.75  3/0
056080  유진로봇      27,000   63.0    +3.0%    3.0x     중간  9.29  3/0
⛔ 금양(001570) 호가 없음 (거래정지 의심)

══════════════════════════════════════════════════
⚠️  손실 주의 원익피앤이(217820) -8.8% (비상손절 -15%)
⚠️  손실 주의 SK증권(001510) -10.8% (비상손절 -15%)
→ 전종목 HOLD
✅ Discord 전송 완료

[14:38] HOLD | KODEX RSI72/-6.5%⚠️ | 보유:SK증권(001510) -10.8% 유진로봇(056080) -1.3% 원익피앤(217820) -8.8% HPSP(403870) -5.3% | 💸예수금부족 | 최고신호 HPSP(403870) 3/3개 [하락-7.9% / MA골 / 호가1.7]
💰 예수금 9,316원 | KODEX200 RSI71/-6.7% 과열⚠️ | 매수기준 3개↑
📦 보유 SK증권(001510) 1주 -11.4% 🔴스탑로스임박
📦 보유 유진로봇(056080) 1주 -1.3%
📦 보유 원익피앤이(217820) 3주 -8.8% 🔴스탑로스임박
📦 보유 HPSP(403870) 1주 -5.3% 🔴스탑로스임박

코드      종목명           가격    RSI     변화율    거래량     BB   호가비  B/S
────────────────────────────────────────────────────────────────────────
[2단계 분석 대상: 001510, 056080, 217820, 403870, 012330, 000660, 015760, 247540, 068270]
403870  HPSP      50,200   48.4    -8.4%    0.6x     중간  1.53  3/0
⛔ 아우토크립트(137040) 호가 없음 (거래정지 의심)
061250  화일약품       8,420    0.0    +0.0%    0.0x     중간  3.19  1/0
217820  원익피앤이      3,190   33.9    -5.1%    0.4x     중간  2.15  3/1
001510  SK증권       4,130   54.7    -8.0%    0.5x     중간  3.45  3/0
056080  유진로봇      27,050   63.2    +3.2%    3.0x     중간  4.22  3/0
⛔ 금양(001570) 호가 없음 (거래정지 의심)

══════════════════════════════════════════════════
⚠️  손실 주의 원익피앤이(217820) -8.8% (비상손절 -15%)
⚠️  손실 주의 SK증권(001510) -11.4% (비상손절 -15%)
→ 전종목 HOLD
✅ Discord 전송 완료

[14:40] HOLD | KODEX RSI71/-6.7%⚠️ | 보유:SK증권(001510) -11.4% 유진로봇(056080) -1.3% 원익피앤(217820) -8.8% HPSP(403870) -5.3% | 💸예수금부족 | 최고신호 HPSP(403870) 3/3개 [하락-8.4% / MA골 / 호가1.5]
💰 예수금 9,316원 | KODEX200 RSI71/-6.6% 과열⚠️ | 매수기준 3개↑
📦 보유 SK증권(001510) 1주 -11.3% 🔴스탑로스임박
📦 보유 유진로봇(056080) 1주 -1.3%
📦 보유 원익피앤이(217820) 3주 -8.9% 🔴스탑로스임박
📦 보유 HPSP(403870) 1주 -5.5% 🔴스탑로스임박

코드      종목명           가격    RSI     변화율    거래량     BB   호가비  B/S
────────────────────────────────────────────────────────────────────────
[2단계 분석 대상: 001510, 056080, 217820, 403870, 012330, 000660, 015760, 247540, 034020]
403870  HPSP      50,000   48.1    -8.7%    0.6x     중간  0.93  2/0
⛔ 아우토크립트(137040) 호가 없음 (거래정지 의심)
061250  화일약품       8,420    0.0    +0.0%    0.0x     중간  3.25  1/0
217820  원익피앤이      3,190   33.9    -5.1%    0.4x     중간  1.65  3/1
001510  SK증권       4,120   54.7    -8.0%    0.5x     중간  2.46  3/0
056080  유진로봇      27,000   62.8    +2.9%    3.0x     중간  8.13  3/0
⛔ 금양(001570) 호가 없음 (거래정지 의심)

══════════════════════════════════════════════════
⚠️  손실 주의 원익피앤이(217820) -8.9% (비상손절 -15%)
⚠️  손실 주의 SK증권(001510) -11.3% (비상손절 -15%)
→ 전종목 HOLD
✅ Discord 전송 완료

[14:42] HOLD | KODEX RSI71/-6.6%⚠️ | 보유:SK증권(001510) -11.3% 유진로봇(056080) -1.3% 원익피앤(217820) -8.9% HPSP(403870) -5.5% | 💸예수금부족 | 최고신호 원익피앤이(217820) 3/3개 [RSI34 / 하락-5.1% / 호가1.6]
💰 예수금 9,318원 | KODEX200 RSI71/-6.8% 과열⚠️ | 매수기준 3개↑
📦 보유 SK증권(001510) 1주 -11.5% 🔴스탑로스임박
📦 보유 유진로봇(056080) 1주 -1.5%
📦 보유 원익피앤이(217820) 3주 -8.9% 🔴스탑로스임박
📦 보유 HPSP(403870) 1주 -5.9% 🔴스탑로스임박

코드      종목명           가격    RSI     변화율    거래량     BB   호가비  B/S
────────────────────────────────────────────────────────────────────────
[2단계 분석 대상: 001510, 056080, 217820, 403870, 012330, 000660, 015760, 003670, 005380]
403870  HPSP      49,850   47.8    -9.1%    0.6x     중간  0.92  2/0
⛔ 아우토크립트(137040) 호가 없음 (거래정지 의심)
061250  화일약품       8,420    0.0    +0.0%    0.0x     중간  3.47  1/0
217820  원익피앤이      3,180   33.9    -5.1%    0.4x     중간  1.43  3/1
001510  SK증권       4,120   54.7    -8.1%    0.5x     중간  2.09  3/0
056080  유진로봇      27,000   62.8    +2.9%    3.0x     중간  7.52  3/0
⛔ 금양(001570) 호가 없음 (거래정지 의심)

══════════════════════════════════════════════════
⚠️  손실 주의 원익피앤이(217820) -8.9% (비상손절 -15%)
⚠️  손실 주의 SK증권(001510) -11.5% (비상손절 -15%)
→ 전종목 HOLD
✅ Discord 전송 완료

[14:44] HOLD | KODEX RSI71/-6.8%⚠️ | 보유:SK증권(001510) -11.5% 유진로봇(056080) -1.5% 원익피앤(217820) -8.9% HPSP(403870) -5.9% | 💸예수금부족 | 최고신호 원익피앤이(217820) 3/3개 [RSI34 / 하락-5.1% / 호가1.4]
💰 예수금 9,318원 | KODEX200 RSI71/-7.0% 과열⚠️ | 매수기준 3개↑
📦 보유 SK증권(001510) 1주 -11.5% 🔴스탑로스임박
📦 보유 유진로봇(056080) 1주 -1.7%
📦 보유 원익피앤이(217820) 3주 -9.1% 🔴스탑로스임박
📦 보유 HPSP(403870) 1주 -6.3% 🔴스탑로스임박

코드      종목명           가격    RSI     변화율    거래량     BB   호가비  B/S
────────────────────────────────────────────────────────────────────────
[2단계 분석 대상: 001510, 056080, 217820, 403870, 000660, 012330, 015760, 035720, 012450]
403870  HPSP      49,900   47.7    -9.1%    0.6x     중간  1.04  2/0
⛔ 아우토크립트(137040) 호가 없음 (거래정지 의심)
061250  화일약품       8,420    0.0    +0.0%    0.0x     중간  4.18  1/0
217820  원익피앤이      3,180   33.8    -5.2%    0.4x     중간  1.67  3/1
001510  SK증권       4,110   54.7    -8.2%    0.5x     중간  6.97  3/0
056080  유진로봇      26,900   62.6    +2.7%    3.0x     중간  7.68  3/0
⛔ 금양(001570) 호가 없음 (거래정지 의심)

══════════════════════════════════════════════════
⚠️  손실 주의 원익피앤이(217820) -9.1% (비상손절 -15%)
⚠️  손실 주의 SK증권(001510) -11.5% (비상손절 -15%)
→ 전종목 HOLD
✅ Discord 전송 완료

[14:46] HOLD | KODEX RSI71/-7.0%⚠️ | 보유:SK증권(001510) -11.5% 유진로봇(056080) -1.7% 원익피앤(217820) -9.1% HPSP(403870) -6.3% | 💸예수금부족 | 최고신호 원익피앤이(217820) 3/3개 [RSI34 / 하락-5.2% / 호가1.7]
💰 예수금 9,318원 | KODEX200 RSI71/-6.9% 과열⚠️ | 매수기준 3개↑
📦 보유 SK증권(001510) 1주 -11.5% 🔴스탑로스임박
📦 보유 유진로봇(056080) 1주 -2.0%
📦 보유 원익피앤이(217820) 3주 -9.2% 🔴스탑로스임박
📦 보유 HPSP(403870) 1주 -6.2% 🔴스탑로스임박

코드      종목명           가격    RSI     변화율    거래량     BB   호가비  B/S
────────────────────────────────────────────────────────────────────────
[2단계 분석 대상: 001510, 056080, 217820, 403870, 000660, 012330, 015760, 012450, 058470]
403870  HPSP      49,700   47.4    -9.4%    0.6x     중간  1.65  3/0
⛔ 아우토크립트(137040) 호가 없음 (거래정지 의심)
061250  화일약품       8,400    0.0    +0.0%    0.0x     중간  4.33  1/0
217820  원익피앤이      3,180   33.9    -5.1%    0.4x     중간  1.85  3/1
001510  SK증권       4,115   54.7    -8.2%    0.5x     중간  4.28  3/0
056080  유진로봇      26,800   62.2    +2.3%    3.0x     중간  5.27  3/0
⛔ 금양(001570) 호가 없음 (거래정지 의심)

══════════════════════════════════════════════════
⚠️  손실 주의 원익피앤이(217820) -9.2% (비상손절 -15%)
⚠️  손실 주의 SK증권(001510) -11.5% (비상손절 -15%)
→ 전종목 HOLD
✅ Discord 전송 완료

[14:48] HOLD | KODEX RSI71/-6.9%⚠️ | 보유:SK증권(001510) -11.5% 유진로봇(056080) -2.0% 원익피앤(217820) -9.2% HPSP(403870) -6.2% | 💸예수금부족 | 최고신호 HPSP(403870) 3/3개 [하락-9.4% / MA골 / 호가1.6]
💰 예수금 9,318원 | KODEX200 RSI70/-7.1% 과열⚠️ | 매수기준 3개↑
📦 보유 SK증권(001510) 1주 -11.5% 🔴스탑로스임박
📦 보유 유진로봇(056080) 1주 -2.2%
📦 보유 원익피앤이(217820) 3주 -8.9% 🔴스탑로스임박
📦 보유 HPSP(403870) 1주 -6.5% 🔴스탑로스임박

코드      종목명           가격    RSI     변화율    거래량     BB   호가비  B/S
────────────────────────────────────────────────────────────────────────
[2단계 분석 대상: 001510, 056080, 217820, 403870, 000660, 015760, 012330, 058470, 068270]
403870  HPSP      49,550   47.2    -9.6%    0.6x     중간  1.24  3/0
⛔ 아우토크립트(137040) 호가 없음 (거래정지 의심)
061250  화일약품       8,400    0.0    +0.0%    0.0x     중간  3.35  1/0
217820  원익피앤이      3,180   33.9    -5.1%    0.4x     중간  1.99  3/1
001510  SK증권       4,115   54.6    -8.3%    0.5x     중간  4.36  3/0
056080  유진로봇      26,800   62.2    +2.3%    3.0x     중간  6.62  3/0
⛔ 금양(001570) 호가 없음 (거래정지 의심)

══════════════════════════════════════════════════
⚠️  손실 주의 원익피앤이(217820) -8.9% (비상손절 -15%)
⚠️  손실 주의 SK증권(001510) -11.5% (비상손절 -15%)
→ 전종목 HOLD
✅ Discord 전송 완료

[14:50] HOLD | KODEX RSI70/-7.1%⚠️ | 보유:SK증권(001510) -11.5% 유진로봇(056080) -2.2% 원익피앤(217820) -8.9% HPSP(403870) -6.5% | 💸예수금부족 | 최고신호 HPSP(403870) 3/3개 [하락-9.6% / MA골 / 호가1.2]
💰 예수금 9,319원 | KODEX200 RSI71/-6.8% 과열⚠️ | 매수기준 3개↑
📦 보유 SK증권(001510) 1주 -11.4% 🔴스탑로스임박
📦 보유 유진로봇(056080) 1주 -1.7%
📦 보유 원익피앤이(217820) 3주 -8.7% 🔴스탑로스임박
📦 보유 HPSP(403870) 1주 -6.7% 🔴스탑로스임박

코드      종목명           가격    RSI     변화율    거래량     BB   호가비  B/S
────────────────────────────────────────────────────────────────────────
[2단계 분석 대상: 001510, 056080, 217820, 403870, 015760, 259960, 012330, 138040, 035720]
403870  HPSP      49,450   47.4    -9.4%    0.6x     중간  1.79  3/0
⛔ 아우토크립트(137040) 호가 없음 (거래정지 의심)
061250  화일약품       8,400    0.0    +0.0%    0.0x     중간  3.52  1/0
217820  원익피앤이      3,180   33.7    -5.4%    0.4x     중간  1.59  3/1
001510  SK증권       4,120   54.7    -8.2%    0.5x     중간  4.19  3/0
056080  유진로봇      26,850   62.4    +2.5%    3.0x     중간  8.22  3/0
⛔ 금양(001570) 호가 없음 (거래정지 의심)

══════════════════════════════════════════════════
⚠️  손실 주의 원익피앤이(217820) -8.7% (비상손절 -15%)
⚠️  손실 주의 SK증권(001510) -11.4% (비상손절 -15%)
→ 전종목 HOLD
✅ Discord 전송 완료

[14:52] HOLD | KODEX RSI71/-6.8%⚠️ | 보유:SK증권(001510) -11.4% 유진로봇(056080) -1.7% 원익피앤(217820) -8.7% HPSP(403870) -6.7% | 💸예수금부족 | 최고신호 HPSP(403870) 3/3개 [하락-9.4% / MA골 / 호가1.8]
💰 예수금 9,320원 | KODEX200 RSI70/-7.1% 과열⚠️ | 매수기준 3개↑
📦 보유 SK증권(001510) 1주 -11.8% 🔴스탑로스임박
📦 보유 유진로봇(056080) 1주 -2.4%
📦 보유 원익피앤이(217820) 3주 -9.5% 🔴스탑로스임박
📦 보유 HPSP(403870) 1주 -6.8% 🔴스탑로스임박

코드      종목명           가격    RSI     변화율    거래량     BB   호가비  B/S
────────────────────────────────────────────────────────────────────────
[2단계 분석 대상: 001510, 056080, 217820, 403870, 000660, 015760, 012330, 058470, 138040]
403870  HPSP      49,400   47.2    -9.7%    0.6x     중간  4.34  3/0
⛔ 아우토크립트(137040) 호가 없음 (거래정지 의심)
061250  화일약품       8,360    0.0    +0.0%    0.0x     중간  2.51  1/0
217820  원익피앤이      3,170   33.5    -5.7%    0.4x     중간  2.04  3/1
001510  SK증권       4,100   54.5    -8.4%    0.5x     중간  1.82  3/0
056080  유진로봇      26,650   61.9    +1.9%    3.1x     중간  6.90  3/0
⛔ 금양(001570) 호가 없음 (거래정지 의심)

══════════════════════════════════════════════════
⚠️  손실 주의 원익피앤이(217820) -9.5% (비상손절 -15%)
⚠️  손실 주의 SK증권(001510) -11.8% (비상손절 -15%)
→ 전종목 HOLD
✅ Discord 전송 완료

[14:54] HOLD | KODEX RSI70/-7.1%⚠️ | 보유:SK증권(001510) -11.8% 유진로봇(056080) -2.4% 원익피앤(217820) -9.5% HPSP(403870) -6.8% | 💸예수금부족 | 최고신호 HPSP(403870) 3/3개 [하락-9.7% / MA골 / 호가4.3]
💰 예수금 9,320원 | KODEX200 RSI70/-7.1% 과열⚠️ | 매수기준 3개↑
📦 보유 SK증권(001510) 1주 -11.8% 🔴스탑로스임박
📦 보유 유진로봇(056080) 1주 -2.2%
📦 보유 원익피앤이(217820) 3주 -9.6% 🔴스탑로스임박
📦 보유 HPSP(403870) 1주 -7.0% 🔴스탑로스임박

코드      종목명           가격    RSI     변화율    거래량     BB   호가비  B/S
────────────────────────────────────────────────────────────────────────
[2단계 분석 대상: 001510, 056080, 217820, 403870, 000660, 015760, 012330, 138040, 207940]
403870  HPSP      49,350   46.9   -10.0%    0.6x     중간  1.20  3/0
⛔ 아우토크립트(137040) 호가 없음 (거래정지 의심)
061250  화일약품       8,340    0.0    +0.0%    0.0x     중간  2.40  1/0
217820  원익피앤이      3,160   33.3    -6.0%    0.4x     중간  3.06  3/1
001510  SK증권       4,095   54.4    -8.6%    0.5x     중간  1.95  3/0
056080  유진로봇      26,650   61.7    +1.7%    3.1x     중간  3.86  3/0
⛔ 금양(001570) 호가 없음 (거래정지 의심)

══════════════════════════════════════════════════
⚠️  손실 주의 원익피앤이(217820) -9.6% (비상손절 -15%)
⚠️  손실 주의 SK증권(001510) -11.8% (비상손절 -15%)
→ 전종목 HOLD
✅ Discord 전송 완료

[14:56] HOLD | KODEX RSI70/-7.1%⚠️ | 보유:SK증권(001510) -11.8% 유진로봇(056080) -2.2% 원익피앤(217820) -9.6% HPSP(403870) -7.0% | 💸예수금부족 | 최고신호 HPSP(403870) 3/3개 [하락-10.0% / MA골 / 호가1.2]
💰 예수금 9,320원 | KODEX200 RSI70/-7.3% 과열⚠️ | 매수기준 3개↑
📦 보유 SK증권(001510) 1주 -12.2% 🔴스탑로스임박
📦 보유 유진로봇(056080) 1주 -2.9% ⚠️주의
📦 보유 원익피앤이(217820) 3주 -9.6% 🔴스탑로스임박
📦 보유 HPSP(403870) 1주 -7.1% 🔴스탑로스임박

코드      종목명           가격    RSI     변화율    거래량     BB   호가비  B/S
────────────────────────────────────────────────────────────────────────
[2단계 분석 대상: 001510, 056080, 217820, 403870, 015760, 000660, 207940, 138040, 006400]
403870  HPSP      49,150   46.8   -10.1%    0.7x     중간  1.19  2/0
⛔ 아우토크립트(137040) 호가 없음 (거래정지 의심)
061250  화일약품       8,340    0.0    +0.0%    0.0x     중간  2.38  1/0
217820  원익피앤이      3,155   33.4    -5.8%    0.4x     중간  3.46  3/1
001510  SK증권       4,075   54.1    -9.2%    0.5x     중간  0.95  2/0
056080  유진로봇      26,600   61.5    +1.5%    3.1x     중간  3.95  3/0
⛔ 금양(001570) 호가 없음 (거래정지 의심)

══════════════════════════════════════════════════
⚠️  손실 주의 원익피앤이(217820) -9.6% (비상손절 -15%)
⚠️  손실 주의 SK증권(001510) -12.2% (비상손절 -15%)
→ 전종목 HOLD
✅ Discord 전송 완료

[14:58] HOLD | KODEX RSI70/-7.3%⚠️ | 보유:SK증권(001510) -12.2% 유진로봇(056080) -2.9% 원익피앤(217820) -9.6% HPSP(403870) -7.1% | 💸예수금부족 | 최고신호 원익피앤이(217820) 3/3개 [RSI33 / 하락-5.8% / 호가3.5]
💰 예수금 9,320원 | KODEX200 RSI70/-7.5% 과열⚠️ | 매수기준 3개↑
📦 보유 SK증권(001510) 1주 -12.4% 🔴스탑로스임박
📦 보유 유진로봇(056080) 1주 -2.8% ⚠️주의
📦 보유 원익피앤이(217820) 3주 -9.5% 🔴스탑로스임박
📦 보유 HPSP(403870) 1주 -7.4% 🔴스탑로스임박

코드      종목명           가격    RSI     변화율    거래량     BB   호가비  B/S
────────────────────────────────────────────────────────────────────────
[2단계 분석 대상: 001510, 056080, 217820, 403870, 012330, 015760, 058470, 000270, 086790]
403870  HPSP      49,100   46.1   -10.9%    0.7x     중간  0.88  2/0
⛔ 아우토크립트(137040) 호가 없음 (거래정지 의심)
061250  화일약품       8,330    0.0    +0.0%    0.0x     중간  2.15  1/0
217820  원익피앤이      3,160   33.5    -5.7%    0.4x     중간  3.05  3/1
001510  SK증권       4,070   54.1    -9.2%    0.5x     중간  1.55  3/0
056080  유진로봇      26,600   61.5    +1.5%    3.1x     중간  5.99  3/0
⛔ 금양(001570) 호가 없음 (거래정지 의심)

══════════════════════════════════════════════════
⚠️  손실 주의 원익피앤이(217820) -9.5% (비상손절 -15%)
⚠️  손실 주의 SK증권(001510) -12.4% (비상손절 -15%)
→ 전종목 HOLD
✅ Discord 전송 완료

[15:00] HOLD | KODEX RSI70/-7.5%⚠️ | 보유:SK증권(001510) -12.4% 유진로봇(056080) -2.8% 원익피앤(217820) -9.5% HPSP(403870) -7.4% | 💸예수금부족 | 최고신호 원익피앤이(217820) 3/3개 [RSI34 / 하락-5.7% / 호가3.0]
💰 예수금 9,322원 | KODEX200 RSI69/-7.7% 과열⚠️ | 매수기준 3개↑
📦 보유 SK증권(001510) 1주 -12.4% 🔴스탑로스임박
📦 보유 유진로봇(056080) 1주 -3.5% ⚠️주의
📦 보유 원익피앤이(217820) 3주 -9.5% 🔴스탑로스임박
📦 보유 HPSP(403870) 1주 -7.9% 🔴스탑로스임박

코드      종목명           가격    RSI     변화율    거래량     BB   호가비  B/S
────────────────────────────────────────────────────────────────────────
[2단계 분석 대상: 001510, 056080, 217820, 403870, 012330, 015760, 207940, 006400, 035720]
403870  HPSP      48,700   46.0   -11.0%    0.7x     중간  0.65  2/0
⛔ 아우토크립트(137040) 호가 없음 (거래정지 의심)
061250  화일약품       8,300    0.0    +0.0%    0.0x     중간  2.21  1/0
217820  원익피앤이      3,140   32.9    -6.7%    0.4x     중간  1.42  3/1
001510  SK증권       4,070   54.1    -9.2%    0.5x     중간  1.45  3/0
056080  유진로봇      26,700   61.7    +1.7%    3.1x     중간  3.17  3/0
⛔ 금양(001570) 호가 없음 (거래정지 의심)

══════════════════════════════════════════════════
⚠️  손실 주의 원익피앤이(217820) -9.5% (비상손절 -15%)
⚠️  손실 주의 SK증권(001510) -12.4% (비상손절 -15%)
→ 전종목 HOLD
✅ Discord 전송 완료

[15:02] HOLD | KODEX RSI69/-7.7%⚠️ | 보유:SK증권(001510) -12.4% 유진로봇(056080) -3.5% 원익피앤(217820) -9.5% HPSP(403870) -7.9% | 💸예수금부족 | 최고신호 원익피앤이(217820) 3/3개 [RSI33 / 하락-6.7% / 호가1.4]
💰 예수금 9,321원 | KODEX200 RSI69/-7.8% 과열⚠️ | 매수기준 3개↑
📦 보유 SK증권(001510) 1주 -12.4% 🔴스탑로스임박
📦 보유 유진로봇(056080) 1주 -3.1% ⚠️주의
📦 보유 원익피앤이(217820) 3주 -10.5% 🔴스탑로스임박
📦 보유 HPSP(403870) 1주 -7.9% 🔴스탑로스임박

코드      종목명           가격    RSI     변화율    거래량     BB   호가비  B/S
────────────────────────────────────────────────────────────────────────
[2단계 분석 대상: 001510, 056080, 217820, 403870, 012330, 015760, 086790, 207940, 035720]
403870  HPSP      48,850   46.5   -10.4%    0.7x     중간  1.31  3/0
⛔ 아우토크립트(137040) 호가 없음 (거래정지 의심)
061250  화일약품       8,290    0.0    +0.0%    0.0x     중간  1.60  1/0
217820  원익피앤이      3,155   33.4    -5.8%    0.4x     중간  1.88  3/1
001510  SK증권       4,075   54.3    -8.7%    0.5x     중간  1.24  3/0
056080  유진로봇      26,650   61.7    +1.7%    3.1x     중간  5.05  3/0
⛔ 금양(001570) 호가 없음 (거래정지 의심)

══════════════════════════════════════════════════
⚠️  손실 주의 원익피앤이(217820) -10.5% (비상손절 -15%)
⚠️  손실 주의 SK증권(001510) -12.4% (비상손절 -15%)
→ 전종목 HOLD
✅ Discord 전송 완료

[15:04] HOLD | KODEX RSI69/-7.8%⚠️ | 보유:SK증권(001510) -12.4% 유진로봇(056080) -3.1% 원익피앤(217820) -10.5% HPSP(403870) -7.9% | 💸예수금부족 | 최고신호 HPSP(403870) 3/3개 [하락-10.4% / MA골 / 호가1.3]
💰 예수금 9,319원 | KODEX200 RSI71/-7.0% 과열⚠️ | 매수기준 3개↑
📦 보유 SK증권(001510) 1주 -12.4% 🔴스탑로스임박
📦 보유 유진로봇(056080) 1주 -0.6%
📦 보유 원익피앤이(217820) 3주 -9.6% 🔴스탑로스임박
📦 보유 HPSP(403870) 1주 -6.8% 🔴스탑로스임박

코드      종목명           가격    RSI     변화율    거래량     BB   호가비  B/S
────────────────────────────────────────────────────────────────────────
[2단계 분석 대상: 001510, 056080, 217820, 403870, 042700, 058470, 006400, 012450, 015760]
403870  HPSP      49,400   47.2    -9.6%    0.7x     중간  0.72  2/0
⛔ 아우토크립트(137040) 호가 없음 (거래정지 의심)
061250  화일약품       8,400    0.0    +0.0%    0.0x     중간  0.01  0/0
217820  원익피앤이      3,200   33.6    -5.5%    0.4x     중간  1.43  3/1
001510  SK증권       4,100   54.5    -8.4%    0.5x     중간  1.34  3/0
056080  유진로봇      27,400   64.2    +4.4%    3.1x     중간  0.51  2/0
⛔ 금양(001570) 호가 없음 (거래정지 의심)

══════════════════════════════════════════════════
⚠️  손실 주의 원익피앤이(217820) -9.6% (비상손절 -15%)
⚠️  손실 주의 SK증권(001510) -12.4% (비상손절 -15%)
→ 전종목 HOLD
✅ Discord 전송 완료

[15:06] HOLD | KODEX RSI71/-7.0%⚠️ | 보유:SK증권(001510) -12.4% 유진로봇(056080) -0.6% 원익피앤(217820) -9.6% HPSP(403870) -6.8% | 💸예수금부족 | 최고신호 원익피앤이(217820) 3/3개 [RSI34 / 하락-5.5% / 호가1.4]
💰 예수금 9,318원 | KODEX200 RSI71/-6.7% 과열⚠️ | 매수기준 3개↑
📦 보유 SK증권(001510) 1주 -11.8% 🔴스탑로스임박
📦 보유 유진로봇(056080) 1주 -0.4%
📦 보유 원익피앤이(217820) 3주 -9.3% 🔴스탑로스임박
📦 보유 HPSP(403870) 1주 -6.1% 🔴스탑로스임박

코드      종목명           가격    RSI     변화율    거래량     BB   호가비  B/S
────────────────────────────────────────────────────────────────────────
[2단계 분석 대상: 001510, 056080, 217820, 403870, 012450, 207940, 055550, 105560, 035420]
403870  HPSP      49,750   47.6    -9.2%    0.7x     중간  1.01  2/0
⛔ 아우토크립트(137040) 호가 없음 (거래정지 의심)
061250  화일약품       8,400    0.0    +0.0%    0.0x     중간  0.01  0/0
217820  원익피앤이      3,180   33.6    -5.5%    0.4x     중간  0.54  2/1
001510  SK증권       4,105   54.6    -8.3%    0.5x     중간  0.93  2/0
056080  유진로봇      27,200   63.7    +3.8%    3.2x     중간  0.30  2/0
⛔ 금양(001570) 호가 없음 (거래정지 의심)

══════════════════════════════════════════════════
⚠️  손실 주의 원익피앤이(217820) -9.3% (비상손절 -15%)
⚠️  손실 주의 SK증권(001510) -11.8% (비상손절 -15%)
→ 전종목 HOLD
✅ Discord 전송 완료

[15:08] HOLD | KODEX RSI71/-6.7%⚠️ | 보유:SK증권(001510) -11.8% 유진로봇(056080) -0.4% 원익피앤(217820) -9.3% HPSP(403870) -6.1% | 💸예수금부족 | 최고신호 HPSP(403870) 2/3개 [하락-9.2% / MA골]
💰 예수금 9,318원 | KODEX200 RSI71/-6.7% 과열⚠️ | 매수기준 3개↑
📦 보유 SK증권(001510) 1주 -11.3% 🔴스탑로스임박
📦 보유 유진로봇(056080) 1주 +0.2%
📦 보유 원익피앤이(217820) 3주 -9.3% 🔴스탑로스임박
📦 보유 HPSP(403870) 1주 -6.3% 🔴스탑로스임박

코드      종목명           가격    RSI     변화율    거래량     BB   호가비  B/S
────────────────────────────────────────────────────────────────────────
[2단계 분석 대상: 001510, 056080, 217820, 403870, 006400, 012450, 055550, 035420, 003670]
403870  HPSP      49,550   46.8   -10.1%    0.7x     중간  0.66  2/0
⛔ 아우토크립트(137040) 호가 없음 (거래정지 의심)
061250  화일약품       8,400    0.0    +0.0%    0.0x     중간  0.02  0/0
217820  원익피앤이      3,170   33.7    -5.4%    0.4x     중간  0.54  2/1
001510  SK증권       4,110   54.7    -8.2%    0.5x     중간  1.20  3/0
056080  유진로봇      27,250   63.9    +4.0%    3.2x     중간  0.62  2/0
⛔ 금양(001570) 호가 없음 (거래정지 의심)

══════════════════════════════════════════════════
⚠️  손실 주의 원익피앤이(217820) -9.3% (비상손절 -15%)
⚠️  손실 주의 SK증권(001510) -11.3% (비상손절 -15%)
→ 전종목 HOLD
✅ Discord 전송 완료

[15:10] HOLD | KODEX RSI71/-6.7%⚠️ | 보유:SK증권(001510) -11.3% 유진로봇(056080) +0.2% 원익피앤(217820) -9.3% HPSP(403870) -6.3% | 💸예수금부족 | 최고신호 SK증권(001510) 3/3개 [하락-8.2% / MA골 / 호가1.2]
💰 예수금 9,319원 | KODEX200 RSI70/-7.1% 과열⚠️ | 매수기준 3개↑
📦 보유 SK증권(001510) 1주 -11.8% 🔴스탑로스임박
📦 보유 유진로봇(056080) 1주 -1.3%
📦 보유 원익피앤이(217820) 3주 -9.8% 🔴스탑로스임박
📦 보유 HPSP(403870) 1주 -7.1% 🔴스탑로스임박

코드      종목명           가격    RSI     변화율    거래량     BB   호가비  B/S
────────────────────────────────────────────────────────────────────────
[2단계 분석 대상: 001510, 056080, 217820, 403870, 006400, 079550, 003670, 012450, 035720]
403870  HPSP      49,300   46.8   -10.1%    0.7x     중간  2.64  3/0
⛔ 아우토크립트(137040) 호가 없음 (거래정지 의심)
061250  화일약품       8,400    0.0    +0.0%    0.0x     중간  0.02  0/0
217820  원익피앤이      3,170   33.7    -5.4%    0.4x     중간  3.69  3/1
001510  SK증권       4,095   54.5    -8.5%    0.5x     중간  4.81  3/0
056080  유진로봇      27,100   63.4    +3.4%    3.2x     중간  1.02  2/0
⛔ 금양(001570) 호가 없음 (거래정지 의심)

══════════════════════════════════════════════════
⚠️  손실 주의 원익피앤이(217820) -9.8% (비상손절 -15%)
⚠️  손실 주의 SK증권(001510) -11.8% (비상손절 -15%)
→ 전종목 HOLD
✅ Discord 전송 완료

[15:12] HOLD | KODEX RSI70/-7.1%⚠️ | 보유:SK증권(001510) -11.8% 유진로봇(056080) -1.3% 원익피앤(217820) -9.8% HPSP(403870) -7.1% | 💸예수금부족 | 최고신호 HPSP(403870) 3/3개 [하락-10.1% / MA골 / 호가2.6]
💰 예수금 9,319원 | KODEX200 RSI71/-7.0% 과열⚠️ | 매수기준 3개↑
📦 보유 SK증권(001510) 1주 -11.9% 🔴스탑로스임박
📦 보유 유진로봇(056080) 1주 -1.3%
📦 보유 원익피앤이(217820) 3주 -9.8% 🔴스탑로스임박
📦 보유 HPSP(403870) 1주 -7.5% 🔴스탑로스임박

코드      종목명           가격    RSI     변화율    거래량     BB   호가비  B/S
────────────────────────────────────────────────────────────────────────
[2단계 분석 대상: 001510, 056080, 217820, 403870, 012450, 006400, 000660, 058470, 051910]
403870  HPSP      49,150   46.8   -10.2%    0.7x     중간  1.82  3/0
⛔ 아우토크립트(137040) 호가 없음 (거래정지 의심)
061250  화일약품       8,370    0.0    +0.0%    0.0x     중간  0.07  0/0
217820  원익피앤이      3,170   33.7    -5.4%    0.4x     중간  2.08  3/1
001510  SK증권       4,090   54.3    -8.8%    0.5x     중간  3.17  3/0
056080  유진로봇      27,000   63.2    +3.2%    3.2x     중간  1.54  3/0
⛔ 금양(001570) 호가 없음 (거래정지 의심)

══════════════════════════════════════════════════
⚠️  손실 주의 원익피앤이(217820) -9.8% (비상손절 -15%)
⚠️  손실 주의 SK증권(001510) -11.9% (비상손절 -15%)
→ 전종목 HOLD
✅ Discord 전송 완료

[15:14] HOLD | KODEX RSI71/-7.0%⚠️ | 보유:SK증권(001510) -11.9% 유진로봇(056080) -1.3% 원익피앤(217820) -9.8% HPSP(403870) -7.5% | 💸예수금부족 | 최고신호 HPSP(403870) 3/3개 [하락-10.2% / MA골 / 호가1.8]
💰 예수금 9,319원 | KODEX200 RSI72/-6.5% 과열⚠️ | 매수기준 3개↑
📦 보유 SK증권(001510) 1주 -11.5% 🔴스탑로스임박
📦 보유 유진로봇(056080) 1주 -0.4%
📦 보유 원익피앤이(217820) 3주 -9.5% 🔴스탑로스임박
📦 보유 HPSP(403870) 1주 -6.7% 🔴스탑로스임박

코드      종목명           가격    RSI     변화율    거래량     BB   호가비  B/S
────────────────────────────────────────────────────────────────────────
[2단계 분석 대상: 001510, 056080, 217820, 403870, 138040, 012450, 003670, 247540, 035420]
403870  HPSP      49,550   47.3    -9.5%    0.8x     중간  0.63  2/0
⛔ 아우토크립트(137040) 호가 없음 (거래정지 의심)
061250  화일약품       8,360    0.0    +0.0%    0.0x     중간  0.16  0/0
217820  원익피앤이      3,170   33.7    -5.4%    0.5x     중간  1.38  3/1
001510  SK증권       4,120   54.9    -7.8%    0.5x     중간  1.22  3/0
056080  유진로봇      27,250   63.7    +3.8%    3.2x     중간  0.96  2/0
⛔ 금양(001570) 호가 없음 (거래정지 의심)

══════════════════════════════════════════════════
⚠️  손실 주의 원익피앤이(217820) -9.5% (비상손절 -15%)
⚠️  손실 주의 SK증권(001510) -11.5% (비상손절 -15%)
→ 전종목 HOLD
✅ Discord 전송 완료

[15:16] HOLD | KODEX RSI72/-6.5%⚠️ | 보유:SK증권(001510) -11.5% 유진로봇(056080) -0.4% 원익피앤(217820) -9.5% HPSP(403870) -6.7% | 💸예수금부족 | 최고신호 원익피앤이(217820) 3/3개 [RSI34 / 하락-5.4% / 호가1.4]
💰 예수금 9,317원 | KODEX200 RSI73/-6.0% 과열⚠️ | 매수기준 3개↑
📦 보유 SK증권(001510) 1주 -11.0% 🔴스탑로스임박
📦 보유 유진로봇(056080) 1주 -0.6%
📦 보유 원익피앤이(217820) 3주 -8.4% 🔴스탑로스임박
📦 보유 HPSP(403870) 1주 -6.5% 🔴스탑로스임박

코드      종목명           가격    RSI     변화율    거래량     BB   호가비  B/S
────────────────────────────────────────────────────────────────────────
[2단계 분석 대상: 001510, 056080, 217820, 403870, 042700, 003670, 012450, 035420, 058470]
403870  HPSP      49,550   47.6    -9.2%    0.8x     중간  2.35  3/0
⛔ 아우토크립트(137040) 호가 없음 (거래정지 의심)
061250  화일약품       8,290    0.0    +0.0%    0.0x     중간  1.00  0/0
217820  원익피앤이      3,200   33.8    -5.2%    0.5x     중간  1.97  3/1
001510  SK증권       4,145   55.1    -7.4%    0.5x     중간  2.59  3/0
056080  유진로봇      27,350   64.2    +4.4%    3.2x     중간  1.02  2/0
⛔ 금양(001570) 호가 없음 (거래정지 의심)

══════════════════════════════════════════════════
⚠️  손실 주의 원익피앤이(217820) -8.4% (비상손절 -15%)
⚠️  손실 주의 SK증권(001510) -11.0% (비상손절 -15%)
→ 전종목 HOLD
✅ Discord 전송 완료

[15:18] HOLD | KODEX RSI73/-6.0%⚠️ | 보유:SK증권(001510) -11.0% 유진로봇(056080) -0.6% 원익피앤(217820) -8.4% HPSP(403870) -6.5% | 💸예수금부족 | 최고신호 HPSP(403870) 3/3개 [하락-9.2% / MA골 / 호가2.4]
💰 예수금 9,317원 | KODEX200 RSI72/-6.1% 과열⚠️ | 매수기준 3개↑
📦 보유 SK증권(001510) 1주 -10.6% 🔴스탑로스임박
📦 보유 유진로봇(056080) 1주 -0.2%
📦 보유 원익피앤이(217820) 3주 -9.1% 🔴스탑로스임박
📦 보유 HPSP(403870) 1주 -6.3% 🔴스탑로스임박

코드      종목명           가격    RSI     변화율    거래량     BB   호가비  B/S
────────────────────────────────────────────────────────────────────────
[2단계 분석 대상: 001510, 056080, 217820, 403870, 105560, 138040, 035720, 006400, 247540]
403870  HPSP      49,700   47.6    -9.2%    0.8x     중간  3.54  3/0
⛔ 아우토크립트(137040) 호가 없음 (거래정지 의심)
061250  화일약품       8,380    0.0    +0.0%    0.0x     중간  0.40  0/0
217820  원익피앤이      3,200   33.8    -5.2%    0.5x     중간  2.40  3/1
001510  SK증권       4,145   55.2    -7.3%    0.5x     중간  0.48  2/0
056080  유진로봇      27,300   64.1    +4.2%    3.2x     중간  0.28  2/0
⛔ 금양(001570) 호가 없음 (거래정지 의심)

══════════════════════════════════════════════════
⚠️  손실 주의 원익피앤이(217820) -9.1% (비상손절 -15%)
⚠️  손실 주의 SK증권(001510) -10.6% (비상손절 -15%)
→ 전종목 HOLD
✅ Discord 전송 완료

[15:20] HOLD | KODEX RSI72/-6.1%⚠️ | 보유:SK증권(001510) -10.6% 유진로봇(056080) -0.2% 원익피앤(217820) -9.1% HPSP(403870) -6.3% | 💸예수금부족 | 최고신호 HPSP(403870) 3/3개 [하락-9.2% / MA골 / 호가3.5]
💰 예수금 9,317원 | KODEX200 RSI72/-6.1% 과열⚠️ | 매수기준 3개↑
📦 보유 SK증권(001510) 1주 -10.6% 🔴스탑로스임박
📦 보유 유진로봇(056080) 1주 -0.2%
📦 보유 원익피앤이(217820) 3주 -9.1% 🔴스탑로스임박
📦 보유 HPSP(403870) 1주 -6.3% 🔴스탑로스임박

코드      종목명           가격    RSI     변화율    거래량     BB   호가비  B/S
────────────────────────────────────────────────────────────────────────
[2단계 분석 대상: 001510, 056080, 217820, 403870, 207940, 058470, 034020, 105560, 035420]
403870  HPSP      49,650   47.6    -9.2%    0.8x     중간  2.31  3/0
⛔ 아우토크립트(137040) 호가 없음 (거래정지 의심)
061250  화일약품       8,370    0.0    +0.0%    0.0x     중간  0.04  0/0
217820  원익피앤이      3,200   33.8    -5.2%    0.5x     중간  2.28  3/1
001510  SK증권       4,155   55.2    -7.3%    0.5x     중간  1.03  2/0
056080  유진로봇      27,300   64.1    +4.2%    3.2x     중간  0.29  2/0
⛔ 금양(001570) 호가 없음 (거래정지 의심)

══════════════════════════════════════════════════
⚠️  손실 주의 원익피앤이(217820) -9.1% (비상손절 -15%)
⚠️  손실 주의 SK증권(001510) -10.6% (비상손절 -15%)
→ 전종목 HOLD
✅ Discord 전송 완료

[15:22] HOLD | KODEX RSI72/-6.1%⚠️ | 보유:SK증권(001510) -10.6% 유진로봇(056080) -0.2% 원익피앤(217820) -9.1% HPSP(403870) -6.3% | 💸예수금부족 | 최고신호 HPSP(403870) 3/3개 [하락-9.2% / MA골 / 호가2.3]
💰 예수금 9,317원 | KODEX200 RSI72/-6.1% 과열⚠️ | 매수기준 3개↑
📦 보유 SK증권(001510) 1주 -10.6% 🔴스탑로스임박
📦 보유 유진로봇(056080) 1주 -0.2%
📦 보유 원익피앤이(217820) 3주 -9.1% 🔴스탑로스임박
📦 보유 HPSP(403870) 1주 -6.3% 🔴스탑로스임박

코드      종목명           가격    RSI     변화율    거래량     BB   호가비  B/S
────────────────────────────────────────────────────────────────────────
[2단계 분석 대상: 001510, 056080, 217820, 403870, 207940, 105560, 078930, 058470, 012330]
403870  HPSP      49,500   47.6    -9.2%    0.8x     중간  3.02  3/0
⛔ 아우토크립트(137040) 호가 없음 (거래정지 의심)
061250  화일약품       8,370    0.0    +0.0%    0.0x     중간  0.04  0/0
217820  원익피앤이      3,200   33.8    -5.2%    0.5x     중간  2.29  3/1
001510  SK증권       4,155   55.2    -7.3%    0.5x     중간  2.03  3/0
056080  유진로봇      27,350   64.1    +4.2%    3.2x     중간  1.13  2/0
⛔ 금양(001570) 호가 없음 (거래정지 의심)

══════════════════════════════════════════════════
⚠️  손실 주의 원익피앤이(217820) -9.1% (비상손절 -15%)
⚠️  손실 주의 SK증권(001510) -10.6% (비상손절 -15%)
→ 전종목 HOLD
✅ Discord 전송 완료

[15:24] HOLD | KODEX RSI72/-6.1%⚠️ | 보유:SK증권(001510) -10.6% 유진로봇(056080) -0.2% 원익피앤(217820) -9.1% HPSP(403870) -6.3% | 💸예수금부족 | 최고신호 HPSP(403870) 3/3개 [하락-9.2% / MA골 / 호가3.0]
💰 예수금 9,317원 | KODEX200 RSI72/-6.1% 과열⚠️ | 매수기준 3개↑
📦 보유 SK증권(001510) 1주 -10.6% 🔴스탑로스임박
📦 보유 유진로봇(056080) 1주 -0.2%
📦 보유 원익피앤이(217820) 3주 -9.1% 🔴스탑로스임박
📦 보유 HPSP(403870) 1주 -6.3% 🔴스탑로스임박

코드      종목명           가격    RSI     변화율    거래량     BB   호가비  B/S
────────────────────────────────────────────────────────────────────────
[2단계 분석 대상: 001510, 056080, 217820, 403870, 247540, 006400, 078930, 207940, 012450]
403870  HPSP      49,200   47.6    -9.2%    0.8x     중간  0.07  2/0
⛔ 아우토크립트(137040) 호가 없음 (거래정지 의심)
061250  화일약품       8,370    0.0    +0.0%    0.0x     중간  0.03  0/0
217820  원익피앤이      3,175   33.8    -5.2%    0.5x     중간  1.41  3/1
001510  SK증권       4,155   55.2    -7.3%    0.5x     중간  2.65  3/0
056080  유진로봇      27,450   64.1    +4.2%    3.2x     중간  1.39  3/0
⛔ 금양(001570) 호가 없음 (거래정지 의심)

══════════════════════════════════════════════════
⚠️  손실 주의 원익피앤이(217820) -9.1% (비상손절 -15%)
⚠️  손실 주의 SK증권(001510) -10.6% (비상손절 -15%)
→ 전종목 HOLD
✅ Discord 전송 완료

[15:26] HOLD | KODEX RSI72/-6.1%⚠️ | 보유:SK증권(001510) -10.6% 유진로봇(056080) -0.2% 원익피앤(217820) -9.1% HPSP(403870) -6.3% | 💸예수금부족 | 최고신호 원익피앤이(217820) 3/3개 [RSI34 / 하락-5.2% / 호가1.4]
💰 예수금 9,317원 | KODEX200 RSI72/-6.1% 과열⚠️ | 매수기준 3개↑
📦 보유 SK증권(001510) 1주 -10.6% 🔴스탑로스임박
📦 보유 유진로봇(056080) 1주 -0.2%
📦 보유 원익피앤이(217820) 3주 -9.1% 🔴스탑로스임박
📦 보유 HPSP(403870) 1주 -6.3% 🔴스탑로스임박

코드      종목명           가격    RSI     변화율    거래량     BB   호가비  B/S
────────────────────────────────────────────────────────────────────────
[2단계 분석 대상: 001510, 056080, 217820, 403870, 086790, 247540, 207940, 078930, 012450]
403870  HPSP      49,200   47.6    -9.2%    0.8x     중간  0.16  2/0
⛔ 아우토크립트(137040) 호가 없음 (거래정지 의심)
061250  화일약품       8,370    0.0    +0.0%    0.0x     중간  0.03  0/0
217820  원익피앤이      3,180   33.8    -5.2%    0.5x     중간  1.74  3/1
001510  SK증권       4,165   55.2    -7.3%    0.5x     중간  5.66  3/0
056080  유진로봇      27,450   64.1    +4.2%    3.2x     중간  1.86  3/0
⛔ 금양(001570) 호가 없음 (거래정지 의심)

══════════════════════════════════════════════════
⚠️  손실 주의 원익피앤이(217820) -9.1% (비상손절 -15%)
⚠️  손실 주의 SK증권(001510) -10.6% (비상손절 -15%)
→ 전종목 HOLD
✅ Discord 전송 완료

[15:28] HOLD | KODEX RSI72/-6.1%⚠️ | 보유:SK증권(001510) -10.6% 유진로봇(056080) -0.2% 원익피앤(217820) -9.1% HPSP(403870) -6.3% | 💸예수금부족 | 최고신호 원익피앤이(217820) 3/3개 [RSI34 / 하락-5.2% / 호가1.7]
💰 예수금 9,317원 | KODEX200 RSI72/-6.1% 과열⚠️ | 매수기준 3개↑
📦 보유 SK증권(001510) 1주 -10.6% 🔴스탑로스임박
📦 보유 유진로봇(056080) 1주 -0.2%
📦 보유 원익피앤이(217820) 3주 -9.1% 🔴스탑로스임박
📦 보유 HPSP(403870) 1주 -6.3% 🔴스탑로스임박

코드      종목명           가격    RSI     변화율    거래량     BB   호가비  B/S
────────────────────────────────────────────────────────────────────────
[2단계 분석 대상: 001510, 056080, 217820, 403870, 000270, 005930, 079550, 058470, 078930]
403870  HPSP      49,550   47.3    -9.5%    0.8x     중간  0.72  2/0
⛔ 아우토크립트(137040) 호가 없음 (거래정지 의심)
061250  화일약품       8,370    0.0    +0.0%    0.0x     중간  0.17  0/0
217820  원익피앤이      3,180   33.8    -5.2%    0.5x     중간  2.41  3/1
001510  SK증권       4,165   55.3    -7.0%    0.5x     중간  3.49  3/0
056080  유진로봇      27,500   64.6    +4.8%    3.2x     중간  1.74  3/0
⛔ 금양(001570) 호가 없음 (거래정지 의심)

══════════════════════════════════════════════════
⚠️  손실 주의 원익피앤이(217820) -9.1% (비상손절 -15%)
⚠️  손실 주의 SK증권(001510) -10.6% (비상손절 -15%)
→ 전종목 HOLD
✅ Discord 전송 완료

[15:30] HOLD | KODEX RSI72/-6.1%⚠️ | 보유:SK증권(001510) -10.6% 유진로봇(056080) -0.2% 원익피앤(217820) -9.1% HPSP(403870) -6.3% | 💸예수금부족 | 최고신호 원익피앤이(217820) 3/3개 [RSI34 / 하락-5.2% / 호가2.4]
