💰 예수금 95,923원 | KODEX200 RSI73/+0.0% 상승추세⬆️  | 매수기준 점수3pt↑

코드      종목명           가격    RSI     변화율    거래량     BB   호가비  B/S
────────────────────────────────────────────────────────────────────────
[2단계 분석 대상: 035720, 000270, 003670, 066970, 011200]
403870  HPSP      46,600    0.0    +0.0%    0.0x     중간  0.20  0pt/0 [일봉]
055550  신한지주      95,500    0.0    +0.0%    0.0x     중간  0.25  0pt/0 [일봉]
011200  HMM       19,930   54.2    +0.0%    0.0x     상단  5.59  1pt/0 [5분]
015760  한국전력      38,750    0.0    +0.0%    0.0x     중간  4.16  0pt/0 [일봉]
035720  카카오       44,800   69.0    +0.0%    0.0x     상단 22.59  0pt/0 [5분]
030200  KT        54,800    0.0    +0.0%    0.0x     중간  0.27  0pt/0 [일봉]
003490  대한항공      25,850    0.0    +0.0%    0.0x     중간  2.36  0pt/0 [일봉]
004020  현대제철      39,000    0.0    +0.0%    0.0x     중간  0.07  0pt/0 [일봉]
078930  GS        73,900    0.0    +0.0%    0.0x     중간  0.57  0pt/0 [일봉]

══════════════════════════════════════════════════
⏰ 장 미개장 (9:00 전) — 신규 매수 중단
→ 전종목 HOLD
✅ Discord 전송 완료

[08:50] HOLD | KODEX RSI73/+0.0%⬆️ | 보유:없음 | 최고신호 HMM(011200) 1pt/3pt [RSI54]
💰 예수금 95,923원 | KODEX200 RSI73/+0.0% 상승추세⬆️  | 매수기준 점수3pt↑

코드      종목명           가격    RSI     변화율    거래량     BB   호가비  B/S
────────────────────────────────────────────────────────────────────────
[2단계 분석 대상: 005930, 017670, 035720, 086520, 034020]
403870  HPSP      46,350    0.0    +0.0%    0.0x     중간  3.26  0pt/0 [일봉]
055550  신한지주      95,800    0.0    +0.0%    0.0x     중간  0.16  0pt/0 [일봉]
011200  HMM       19,590    0.0    +0.0%    0.0x     중간  1.01  0pt/0 [일봉]
015760  한국전력      38,350    0.0    +0.0%    0.0x     중간  2.36  0pt/0 [일봉]
035720  카카오       42,400   66.7    -0.9%    0.1x     상단  9.27  0pt/0 [5분]
030200  KT        55,000    0.0    +0.0%    0.0x     중간  3.19  0pt/0 [일봉]
003490  대한항공      25,550    0.0    +0.0%    0.0x     중간  1.98  0pt/0 [일봉]
004020  현대제철      38,050    0.0    +0.0%    0.0x     중간  0.90  0pt/0 [일봉]
078930  GS        72,400    0.0    +0.0%    0.0x     중간  0.85  0pt/0 [일봉]

══════════════════════════════════════════════════
⏰ 시초가 혼조 제외 (9:30 전) — 신규 매수 중단
→ 전종목 HOLD
✅ Discord 전송 완료

[09:00] HOLD | KODEX RSI73/+0.0%⬆️ | 보유:없음 | 최고신호 HPSP(403870) 0pt/3pt
💰 예수금 95,923원 | KODEX200 RSI74/+1.0% 상승추세⬆️  | 매수기준 점수3pt↑

코드      종목명           가격    RSI     변화율    거래량     BB   호가비  B/S
────────────────────────────────────────────────────────────────────────
[2단계 분석 대상: 329180, 403870, 000720, 017670, 004020]
403870  HPSP      45,600   45.5    -1.9%    0.0x     하단  7.38  2pt/0 [5분]
055550  신한지주      92,600    0.0    +0.0%    0.0x     중간  1.54  0pt/0 [일봉]
011200  HMM       19,460    0.0    +0.0%    0.0x     중간  0.65  0pt/0 [일봉]
015760  한국전력      37,950    0.0    +0.0%    0.0x     중간  2.06  0pt/0 [일봉]
035720  카카오       42,800    0.0    +0.0%    0.0x     중간  0.44  0pt/0 [일봉]
030200  KT        55,200    0.0    +0.0%    0.0x     중간  1.29  0pt/0 [일봉]
003490  대한항공      25,450    0.0    +0.0%    0.0x     중간  4.09  0pt/0 [일봉]
004020  현대제철      37,650   50.0    -4.1%    0.0x     하단  4.96  1pt/0 [5분]
078930  GS        71,600    0.0    +0.0%    0.0x     중간  1.14  0pt/0 [일봉]

══════════════════════════════════════════════════
⏰ 시초가 혼조 제외 (9:30 전) — 신규 매수 중단
→ 전종목 HOLD
✅ Discord 전송 완료

[09:02] HOLD | KODEX RSI74/+1.0%⬆️ | 보유:없음 | 최고신호 HPSP(403870) 2pt/3pt [RSI46 / 연속상승]
💰 예수금 95,923원 | KODEX200 RSI74/+1.5% 상승추세⬆️  | 매수기준 점수3pt↑

코드      종목명           가격    RSI     변화율    거래량     BB   호가비  B/S
────────────────────────────────────────────────────────────────────────
[2단계 분석 대상: 329180, 003490, 042660, 000270, 066970]
403870  HPSP      45,650    0.0    +0.0%    0.0x     중간  2.09  0pt/0 [일봉]
055550  신한지주      93,500    0.0    +0.0%    0.0x     중간  2.29  0pt/0 [일봉]
011200  HMM       19,430    0.0    +0.0%    0.0x     중간  0.67  0pt/0 [일봉]
015760  한국전력      37,850    0.0    +0.0%    0.0x     중간  1.27  0pt/0 [일봉]
035720  카카오       41,850    0.0    +0.0%    0.0x     중간  2.81  0pt/0 [일봉]
030200  KT        54,600    0.0    +0.0%    0.0x     중간  1.58  0pt/0 [일봉]
003490  대한항공      25,400   63.6    -1.7%    0.0x     하단  5.17  2pt/0 [5분]
004020  현대제철      37,150    0.0    +0.0%    0.0x     중간  2.66  0pt/0 [일봉]
078930  GS        71,200    0.0    +0.0%    0.0x     중간  3.01  0pt/0 [일봉]

══════════════════════════════════════════════════
⏰ 시초가 혼조 제외 (9:30 전) — 신규 매수 중단
→ 전종목 HOLD
✅ Discord 전송 완료

[09:04] HOLD | KODEX RSI74/+1.5%⬆️ | 보유:없음 | 최고신호 대한항공(003490) 2pt/3pt [RSI64 / 연속상승]
💰 예수금 95,923원 | KODEX200 RSI74/+1.0% 상승추세⬆️  | 매수기준 점수3pt↑

코드      종목명           가격    RSI     변화율    거래량     BB   호가비  B/S
────────────────────────────────────────────────────────────────────────
[2단계 분석 대상: 017670, 003490, 034020, 078930, 015760]
403870  HPSP      45,050    0.0    +0.0%    0.0x     중간  0.43  0pt/0 [일봉]
055550  신한지주      93,000    0.0    +0.0%    0.0x     중간  1.91  0pt/0 [일봉]
011200  HMM       19,470    0.0    +0.0%    0.0x     중간  0.65  0pt/0 [일봉]
015760  한국전력      37,900   80.0    -1.9%    0.1x     하단  3.44  0pt/0 [5분]
035720  카카오       41,500    0.0    +0.0%    0.0x     중간  2.78  0pt/0 [일봉]
030200  KT        53,900    0.0    +0.0%    0.0x     중간  1.72  0pt/0 [일봉]
003490  대한항공      25,350   63.6    -1.9%    0.0x     하단  4.82  2pt/0 [5분]
004020  현대제철      36,950    0.0    +0.0%    0.0x     중간  0.57  0pt/0 [일봉]
078930  GS        71,100   53.3    -2.9%    0.1x     하단  3.68  1pt/0 [5분]

══════════════════════════════════════════════════
⏰ 시초가 혼조 제외 (9:30 전) — 신규 매수 중단
→ 전종목 HOLD
✅ Discord 전송 완료

[09:06] HOLD | KODEX RSI74/+1.0%⬆️ | 보유:없음 | 최고신호 대한항공(003490) 2pt/3pt [RSI64 / 연속상승]
💰 예수금 95,923원 | KODEX200 RSI71/-1.0% 상승추세⬆️  | 매수기준 점수3pt↑

코드      종목명           가격    RSI     변화율    거래량     BB   호가비  B/S
────────────────────────────────────────────────────────────────────────
[2단계 분석 대상: 017670, 078930, 035720, 003490, 329180]
403870  HPSP      44,850    0.0    +0.0%    0.0x     중간  0.40  2pt/0 [일봉]
055550  신한지주      93,900    0.0    +0.0%    0.0x     중간  1.04  2pt/0 [일봉]
011200  HMM       19,570    0.0    +0.0%    0.0x     중간  1.47  2pt/0 [일봉]
015760  한국전력      37,800    0.0    +0.0%    0.0x     중간  3.38  2pt/0 [일봉]
035720  카카오       41,450   78.3    -3.2%    0.3x     하단  6.78  1pt/0 [5분]
030200  KT        54,500    0.0    +0.0%    0.0x     중간  1.21  2pt/0 [일봉]
003490  대한항공      25,200   63.6    -2.5%    0.1x     하단  5.14  2pt/0 [5분]
004020  현대제철      36,700    0.0    +0.0%    0.0x     중간  2.96  2pt/0 [일봉]
078930  GS        71,600   53.3    -2.0%    0.1x     하단  7.82  1pt/0 [5분]

══════════════════════════════════════════════════
⏰ 시초가 혼조 제외 (9:30 전) — 신규 매수 중단
→ 전종목 HOLD
✅ Discord 전송 완료

[09:08] HOLD | KODEX RSI71/-1.0%⬆️ | 보유:없음 | 최고신호 HPSP(403870) 2pt/3pt [강세+0.0%★]
💰 예수금 95,923원 | KODEX200 RSI69/-1.9% 상승추세⬆️  | 매수기준 점수3pt↑

코드      종목명           가격    RSI     변화율    거래량     BB   호가비  B/S
────────────────────────────────────────────────────────────────────────
[2단계 분석 대상: 035720, 000880, 003490, 055550, 105560]
403870  HPSP      44,350    0.0    +0.0%    0.0x     중간  0.67  3pt/0 [일봉]
055550  신한지주      92,600   54.5    +0.1%    0.2x     하단  4.52  4pt/0 [5분]
011200  HMM       19,490    0.0    +0.0%    0.0x     중간  2.17  3pt/0 [일봉]
015760  한국전력      37,550    0.0    +0.0%    0.0x     중간  0.90  3pt/0 [일봉]
035720  카카오       41,550   76.2    -2.0%    0.3x     중간  6.78  0pt/0 [5분]
030200  KT        54,000    0.0    +0.0%    0.0x     중간  1.93  3pt/0 [일봉]
003490  대한항공      25,100   60.0    -2.1%    0.1x     하단  4.57  1pt/0 [5분]
004020  현대제철      37,050    0.0    +0.0%    0.0x     중간  2.59  3pt/0 [일봉]
078930  GS        70,600    0.0    +0.0%    0.0x     중간  2.97  3pt/0 [일봉]

══════════════════════════════════════════════════
⏰ 시초가 혼조 제외 (9:30 전) — 신규 매수 중단
→ 전종목 HOLD
✅ Discord 전송 완료

[09:10] HOLD | KODEX RSI69/-1.9%⬆️ | 보유:없음 | 최고신호 신한지주(055550) 4pt/3pt [강세+0.1%★★ / RSI54]
💰 예수금 95,923원 | KODEX200 RSI72/-0.5% 상승추세⬆️  | 매수기준 점수3pt↑

코드      종목명           가격    RSI     변화율    거래량     BB   호가비  B/S
────────────────────────────────────────────────────────────────────────
[2단계 분석 대상: 078930, 064350, 000270, 011200, 003490]
403870  HPSP      45,250    0.0    +0.0%    0.0x     중간  0.67  2pt/0 [일봉]
055550  신한지주      92,800    0.0    +0.0%    0.0x     중간  4.07  2pt/0 [일봉]
011200  HMM       19,420   66.7    -1.7%    0.1x     중간  5.92  0pt/0 [5분]
015760  한국전력      37,850    0.0    +0.0%    0.0x     중간  1.34  2pt/0 [일봉]
035720  카카오       41,850    0.0    +0.0%    0.0x     중간  1.40  2pt/0 [일봉]
030200  KT        54,200    0.0    +0.0%    0.0x     중간  1.32  2pt/0 [일봉]
003490  대한항공      25,200   60.0    -2.5%    0.1x     하단  4.32  1pt/0 [5분]
004020  현대제철      37,800    0.0    +0.0%    0.0x     중간  0.67  2pt/0 [일봉]
078930  GS        70,900   43.8    -3.3%    0.1x     하단 13.84  0pt/0 [5분]

══════════════════════════════════════════════════
⏰ 시초가 혼조 제외 (9:30 전) — 신규 매수 중단
→ 전종목 HOLD
✅ Discord 전송 완료

[09:12] HOLD | KODEX RSI72/-0.5%⬆️ | 보유:없음 | 최고신호 HPSP(403870) 2pt/3pt [강세+0.0%★]
💰 예수금 95,923원 | KODEX200 RSI73/-0.3% 상승추세⬆️  | 매수기준 점수3pt↑

코드      종목명           가격    RSI     변화율    거래량     BB   호가비  B/S
────────────────────────────────────────────────────────────────────────
[2단계 분석 대상: 078930, 011200, 003490, 064350, 055550]
403870  HPSP      44,950    0.0    +0.0%    0.0x     중간  0.99  2pt/0 [일봉]
055550  신한지주      92,900   57.1    +0.2%    0.2x     하단  4.07  3pt/0 [5분]
011200  HMM       19,430   63.2    -1.7%    0.1x     중간  6.74  1pt/0 [5분]
015760  한국전력      37,800    0.0    +0.0%    0.0x     중간  2.18  2pt/0 [일봉]
035720  카카오       42,100    0.0    +0.0%    0.0x     중간  0.67  2pt/0 [일봉]
030200  KT        54,400    0.0    +0.0%    0.0x     중간  1.36  2pt/0 [일봉]
003490  대한항공      25,150   50.0    -2.5%    0.1x     하단  5.09  1pt/0 [5분]
004020  현대제철      37,700    0.0    +0.0%    0.0x     중간  1.18  2pt/0 [일봉]
078930  GS        71,000   43.8    -3.3%    0.1x     하단 26.57  0pt/0 [5분]

══════════════════════════════════════════════════
⏰ 시초가 혼조 제외 (9:30 전) — 신규 매수 중단
→ 전종목 HOLD
✅ Discord 전송 완료

[09:14] HOLD | KODEX RSI73/-0.3%⬆️ | 보유:없음 | 최고신호 신한지주(055550) 3pt/3pt [강세+0.2%★ / RSI57]
💰 예수금 95,923원 | KODEX200 RSI71/-0.9% 상승추세⬆️  | 매수기준 점수3pt↑

코드      종목명           가격    RSI     변화율    거래량     BB   호가비  B/S
────────────────────────────────────────────────────────────────────────
[2단계 분석 대상: 329180, 000270, 000880, 078930, 035720]
403870  HPSP      44,550    0.0    +0.0%    0.0x     중간  1.42  2pt/0 [일봉]
055550  신한지주      93,000    0.0    +0.0%    0.0x     중간  2.24  2pt/0 [일봉]
011200  HMM       19,430    0.0    +0.0%    0.0x     중간  5.70  2pt/0 [일봉]
015760  한국전력      37,650    0.0    +0.0%    0.0x     중간  1.95  2pt/0 [일봉]
035720  카카오       41,550   68.4    -2.8%    0.3x     중간  6.03  0pt/0 [5분]
030200  KT        54,500    0.0    +0.0%    0.0x     중간  1.38  2pt/0 [일봉]
003490  대한항공      25,100    0.0    +0.0%    0.0x     중간  4.65  2pt/0 [일봉]
004020  현대제철      37,500    0.0    +0.0%    0.0x     중간  1.22  2pt/0 [일봉]
078930  GS        71,100   58.8    -3.0%    0.1x     하단  6.54  1pt/0 [5분]

══════════════════════════════════════════════════
⏰ 시초가 혼조 제외 (9:30 전) — 신규 매수 중단
→ 전종목 HOLD
✅ Discord 전송 완료

[09:16] HOLD | KODEX RSI71/-0.9%⬆️ | 보유:없음 | 최고신호 HPSP(403870) 2pt/3pt [강세+0.0%★]
💰 예수금 95,923원 | KODEX200 RSI70/-1.4% 상승추세⬆️  | 매수기준 점수3pt↑

코드      종목명           가격    RSI     변화율    거래량     BB   호가비  B/S
────────────────────────────────────────────────────────────────────────
[2단계 분석 대상: 078930, 035720, 000270, 000720, 003490]
403870  HPSP      44,550    0.0    +0.0%    0.0x     중간  1.16  2pt/0 [일봉]
055550  신한지주      92,900    0.0    +0.0%    0.0x     중간  2.31  2pt/0 [일봉]
011200  HMM       19,360    0.0    +0.0%    0.0x     중간  1.02  2pt/0 [일봉]
015760  한국전력      37,600    0.0    +0.0%    0.0x     중간  2.02  2pt/0 [일봉]
035720  카카오       41,550   68.4    -2.9%    0.3x     중간  9.73  0pt/0 [5분]
030200  KT        54,300    0.0    +0.0%    0.0x     중간  1.36  2pt/0 [일봉]
003490  대한항공      25,100   50.0    -2.7%    0.2x     하단  5.85  1pt/0 [5분]
004020  현대제철      37,550    0.0    +0.0%    0.0x     중간  0.80  2pt/0 [일봉]
078930  GS        71,200   58.8    -2.9%    0.1x     하단 12.88  1pt/0 [5분]

══════════════════════════════════════════════════
⏰ 시초가 혼조 제외 (9:30 전) — 신규 매수 중단
→ 전종목 HOLD
✅ Discord 전송 완료

[09:18] HOLD | KODEX RSI70/-1.4%⬆️ | 보유:없음 | 최고신호 HPSP(403870) 2pt/3pt [강세+0.0%★]
💰 예수금 95,923원 | KODEX200 RSI70/-1.8% 상승추세⬆️  | 매수기준 점수3pt↑

코드      종목명           가격    RSI     변화율    거래량     BB   호가비  B/S
────────────────────────────────────────────────────────────────────────
[2단계 분석 대상: 078930, 035720, 329180, 003490, 042660]
403870  HPSP      44,550    0.0    +0.0%    0.0x     중간  1.42  3pt/0 [일봉]
055550  신한지주      92,800    0.0    +0.0%    0.0x     중간  1.86  3pt/0 [일봉]
272210  한화시스템     95,900    0.0    +0.0%    0.0x     중간  2.06  3pt/0 [일봉]
011200  HMM       19,390    0.0    +0.0%    0.0x     중간  2.33  3pt/0 [일봉]
015760  한국전력      37,650    0.0    +0.0%    0.0x     중간  1.93  3pt/0 [일봉]
035720  카카오       41,500   72.2    -2.6%    0.4x     중간 13.37  0pt/0 [5분]
030200  KT        54,100    0.0    +0.0%    0.0x     중간  1.32  3pt/0 [일봉]
003490  대한항공      25,100   55.6    -2.7%    0.2x     하단  6.04  1pt/0 [5분]
004020  현대제철      37,850    0.0    +0.0%    0.0x     중간  1.38  3pt/0 [일봉]
078930  GS        71,100   47.1    -2.7%    0.1x     하단 13.40  1pt/0 [5분]

══════════════════════════════════════════════════
⏰ 시초가 혼조 제외 (9:30 전) — 신규 매수 중단
→ 전종목 HOLD
✅ Discord 전송 완료

[09:20] HOLD | KODEX RSI70/-1.8%⬆️ | 보유:없음 | 최고신호 HPSP(403870) 3pt/3pt [강세+0.0%★★]
💰 예수금 95,923원 | KODEX200 RSI71/-1.1% 상승추세⬆️  | 매수기준 점수3pt↑

코드      종목명           가격    RSI     변화율    거래량     BB   호가비  B/S
────────────────────────────────────────────────────────────────────────
[2단계 분석 대상: 329180, 000720, 064350, 042660, 003490]
403870  HPSP      45,200    0.0    +0.0%    0.0x     중간  1.46  2pt/0 [일봉]
055550  신한지주      92,600    0.0    +0.0%    0.0x     중간  1.62  2pt/0 [일봉]
272210  한화시스템     95,700    0.0    +0.0%    0.0x     중간  3.80  2pt/0 [일봉]
011200  HMM       19,330    0.0    +0.0%    0.0x     중간  3.91  2pt/0 [일봉]
015760  한국전력      37,650    0.0    +0.0%    0.0x     중간  1.80  2pt/0 [일봉]
035720  카카오       41,900    0.0    +0.0%    0.0x     중간  0.69  2pt/0 [일봉]
030200  KT        54,300    0.0    +0.0%    0.0x     중간  0.86  2pt/0 [일봉]
003490  대한항공      25,150   55.6    -2.6%    0.2x     하단  4.86  1pt/0 [5분]
004020  현대제철      37,800    0.0    +0.0%    0.0x     중간  1.57  2pt/0 [일봉]
078930  GS        71,600    0.0    +0.0%    0.0x     중간  4.15  2pt/0 [일봉]

══════════════════════════════════════════════════
⏰ 시초가 혼조 제외 (9:30 전) — 신규 매수 중단
→ 전종목 HOLD
✅ Discord 전송 완료

[09:22] HOLD | KODEX RSI71/-1.1%⬆️ | 보유:없음 | 최고신호 HPSP(403870) 2pt/3pt [강세+0.0%★]
💰 예수금 95,923원 | KODEX200 RSI71/-1.2% 상승추세⬆️  | 매수기준 점수3pt↑

코드      종목명           가격    RSI     변화율    거래량     BB   호가비  B/S
────────────────────────────────────────────────────────────────────────
[2단계 분석 대상: 000880, 329180, 000720, 078930, 064350]
403870  HPSP      45,100    0.0    +0.0%    0.0x     중간  1.06  2pt/0 [일봉]
055550  신한지주      92,900    0.0    +0.0%    0.0x     중간  2.35  2pt/0 [일봉]
011200  HMM       19,340    0.0    +0.0%    0.0x     중간  5.52  2pt/0 [일봉]
015760  한국전력      37,650    0.0    +0.0%    0.0x     중간  1.99  2pt/0 [일봉]
035720  카카오       41,850    0.0    +0.0%    0.0x     중간  0.95  2pt/0 [일봉]
030200  KT        54,300    0.0    +0.0%    0.0x     중간  0.99  2pt/0 [일봉]
003490  대한항공      25,150    0.0    +0.0%    0.0x     중간  5.51  2pt/0 [일봉]
004020  현대제철      37,700    0.0    +0.0%    0.0x     중간  2.75  2pt/0 [일봉]
078930  GS        71,400   70.6    -2.6%    0.1x     중간  7.88  0pt/0 [5분]

══════════════════════════════════════════════════
⏰ 시초가 혼조 제외 (9:30 전) — 신규 매수 중단
→ 전종목 HOLD
✅ Discord 전송 완료

[09:24] HOLD | KODEX RSI71/-1.2%⬆️ | 보유:없음 | 최고신호 HPSP(403870) 2pt/3pt [강세+0.0%★]
💰 예수금 95,923원 | KODEX200 RSI69/-2.0% 상승추세⬆️  | 매수기준 점수3pt↑

코드      종목명           가격    RSI     변화율    거래량     BB   호가비  B/S
────────────────────────────────────────────────────────────────────────
[2단계 분석 대상: 000880, 329180, 064350, 011200, 035720]
403870  HPSP      45,000    0.0    +0.0%    0.0x     중간  2.57  3pt/0 [일봉]
055550  신한지주      93,000    0.0    +0.0%    0.0x     중간  1.50  3pt/0 [일봉]
011200  HMM       19,360   38.5    -2.1%    0.2x     중간  7.08  0pt/0 [5분]
015760  한국전력      37,700    0.0    +0.0%    0.0x     중간  2.61  3pt/0 [일봉]
035720  카카오       41,650   54.2    -2.1%    0.4x     중간  5.97  2pt/0 [5분]
030200  KT        54,300    0.0    +0.0%    0.0x     중간  0.96  3pt/0 [일봉]
003490  대한항공      25,200    0.0    +0.0%    0.0x     중간  5.89  3pt/0 [일봉]
004020  현대제철      37,750    0.0    +0.0%    0.0x     중간  2.23  3pt/0 [일봉]
078930  GS        71,500    0.0    +0.0%    0.0x     중간  3.33  3pt/0 [일봉]

══════════════════════════════════════════════════
⏰ 시초가 혼조 제외 (9:30 전) — 신규 매수 중단
→ 전종목 HOLD
✅ Discord 전송 완료

[09:26] HOLD | KODEX RSI69/-2.0%⬆️ | 보유:없음 | 최고신호 HPSP(403870) 3pt/3pt [강세+0.0%★★]
💰 예수금 95,923원 | KODEX200 RSI71/-1.0% 상승추세⬆️  | 매수기준 점수3pt↑

코드      종목명           가격    RSI     변화율    거래량     BB   호가비  B/S
────────────────────────────────────────────────────────────────────────
[2단계 분석 대상: 000880, 329180, 011200, 003490, 078930]
403870  HPSP      45,350    0.0    +0.0%    0.0x     중간  1.29  2pt/0 [일봉]
055550  신한지주      92,400    0.0    +0.0%    0.0x     중간  2.86  2pt/0 [일봉]
011200  HMM       19,340   38.5    -2.3%    0.2x     중간  7.89  0pt/0 [5분]
015760  한국전력      37,800    0.0    +0.0%    0.0x     중간  2.86  2pt/0 [일봉]
035720  카카오       42,100    0.0    +0.0%    0.0x     중간  0.71  2pt/0 [일봉]
030200  KT        54,100    0.0    +0.0%    0.0x     중간  1.17  2pt/0 [일봉]
003490  대한항공      25,200   66.7    -2.3%    0.2x     하단  6.87  1pt/0 [5분]
004020  현대제철      37,950    0.0    +0.0%    0.0x     중간  0.81  2pt/0 [일봉]
078930  GS        71,300   70.6    -2.7%    0.1x     하단  6.71  0pt/0 [5분]

══════════════════════════════════════════════════
⏰ 시초가 혼조 제외 (9:30 전) — 신규 매수 중단
→ 전종목 HOLD
✅ Discord 전송 완료

[09:28] HOLD | KODEX RSI71/-1.0%⬆️ | 보유:없음 | 최고신호 HPSP(403870) 2pt/3pt [강세+0.0%★]
💰 예수금 95,923원 | KODEX200 RSI72/-0.7% 상승추세⬆️  | 매수기준 점수3pt↑

코드      종목명           가격    RSI     변화율    거래량     BB   호가비  B/S
────────────────────────────────────────────────────────────────────────
[2단계 분석 대상: 000880, 086520, 078930, 329180, 010950]
403870  HPSP      45,300    0.0    +0.0%    0.0x     중간  0.71  2pt/0 [일봉]
055550  신한지주      92,400    0.0    +0.0%    0.0x     중간  3.08  2pt/0 [일봉]
011200  HMM       19,290    0.0    +0.0%    0.0x     중간  1.41  2pt/0 [일봉]
015760  한국전력      37,750    0.0    +0.0%    0.0x     중간  2.79  2pt/0 [일봉]
035720  카카오       41,950    0.0    +0.0%    0.0x     중간  1.46  2pt/0 [일봉]
030200  KT        54,100    0.0    +0.0%    0.0x     중간  1.31  2pt/0 [일봉]
003490  대한항공      25,200    0.0    +0.0%    0.0x     중간  7.27  2pt/0 [일봉]
004020  현대제철      37,750    0.0    +0.0%    0.0x     중간  2.55  2pt/0 [일봉]
078930  GS        70,800   50.0    -3.4%    0.1x     하단 12.02  1pt/0 [5분]

══════════════════════════════════════════════════
⏰ 시장 상승 부족 (KODEX -0.7% < 0.5%) — 신규 매수 중단
→ 전종목 HOLD
✅ Discord 전송 완료

[09:30] HOLD | KODEX RSI72/-0.7%⬆️ | 보유:없음 | 최고신호 HPSP(403870) 2pt/3pt [강세+0.0%★]
💰 예수금 95,923원 | KODEX200 RSI72/-0.4% 상승추세⬆️  | 매수기준 점수3pt↑

코드      종목명           가격    RSI     변화율    거래량     BB   호가비  B/S
────────────────────────────────────────────────────────────────────────
[2단계 분석 대상: 000880, 078930, 003490, 329180, 105560]
403870  HPSP      45,550    0.0    +0.0%    0.0x     중간  0.82  2pt/0 [일봉]
055550  신한지주      92,400    0.0    +0.0%    0.0x     중간  2.95  2pt/0 [일봉]
011200  HMM       19,270    0.0    +0.0%    0.0x     중간  3.87  2pt/0 [일봉]
015760  한국전력      37,700    0.0    +0.0%    0.0x     중간  2.21  2pt/0 [일봉]
035720  카카오       42,000    0.0    +0.0%    0.0x     중간  1.48  2pt/0 [일봉]
030200  KT        54,300    0.0    +0.0%    0.0x     중간  1.08  2pt/0 [일봉]
003490  대한항공      25,150   62.5    -2.5%    0.2x     하단  7.78  1pt/0 [5분]
004020  현대제철      37,850    0.0    +0.0%    0.0x     중간  1.82  2pt/0 [일봉]
078930  GS        70,900   50.0    -3.3%    0.1x     하단 11.43  1pt/0 [5분]

══════════════════════════════════════════════════
⏰ 시장 상승 부족 (KODEX -0.4% < 0.5%) — 신규 매수 중단
→ 전종목 HOLD
✅ Discord 전송 완료

[09:32] HOLD | KODEX RSI72/-0.4%⬆️ | 보유:없음 | 최고신호 HPSP(403870) 2pt/3pt [강세+0.0%★]
💰 예수금 95,923원 | KODEX200 RSI73/+0.1% 상승추세⬆️  | 매수기준 점수3pt↑

코드      종목명           가격    RSI     변화율    거래량     BB   호가비  B/S
────────────────────────────────────────────────────────────────────────
[2단계 분석 대상: 000880, 078930, 064350, 105560, 000720]
403870  HPSP      45,550    0.0    +0.0%    0.0x     중간  0.68  0pt/0 [일봉]
055550  신한지주      92,300    0.0    +0.0%    0.0x     중간  1.91  0pt/0 [일봉]
011200  HMM       19,310    0.0    +0.0%    0.0x     중간  2.94  0pt/0 [일봉]
015760  한국전력      37,700    0.0    +0.0%    0.0x     중간  2.49  0pt/0 [일봉]
035720  카카오       42,050    0.0    +0.0%    0.0x     중간  1.02  0pt/0 [일봉]
030200  KT        54,100    0.0    +0.0%    0.0x     중간  1.19  0pt/0 [일봉]
003490  대한항공      25,150    0.0    +0.0%    0.0x     중간  7.71  0pt/0 [일봉]
004020  현대제철      37,900    0.0    +0.0%    0.0x     중간  1.41  0pt/0 [일봉]
078930  GS        70,900   66.7    -3.1%    0.1x     하단 11.85  0pt/0 [5분]

══════════════════════════════════════════════════
⏰ 시장 상승 부족 (KODEX +0.1% < 0.5%) — 신규 매수 중단
→ 전종목 HOLD
✅ Discord 전송 완료

[09:34] HOLD | KODEX RSI73/+0.1%⬆️ | 보유:없음 | 최고신호 HPSP(403870) 0pt/3pt
💰 예수금 95,923원 | KODEX200 RSI73/+0.2% 상승추세⬆️  | 매수기준 점수3pt↑

코드      종목명           가격    RSI     변화율    거래량     BB   호가비  B/S
────────────────────────────────────────────────────────────────────────
[2단계 분석 대상: 078930, 000880, 000720, 010950, 034020]
403870  HPSP      45,600    0.0    +0.0%    0.0x     중간  0.82  0pt/0 [일봉]
055550  신한지주      92,300    0.0    +0.0%    0.0x     중간  1.24  0pt/0 [일봉]
011200  HMM       19,330    0.0    +0.0%    0.0x     중간  2.56  0pt/0 [일봉]
015760  한국전력      37,750    0.0    +0.0%    0.0x     중간  2.44  0pt/0 [일봉]
035720  카카오       42,150    0.0    +0.0%    0.0x     중간  0.86  0pt/0 [일봉]
030200  KT        53,900    0.0    +0.0%    0.0x     중간  1.72  0pt/0 [일봉]
003490  대한항공      25,250    0.0    +0.0%    0.0x     중간  5.04  0pt/0 [일봉]
004020  현대제철      37,800    0.0    +0.0%    0.0x     중간  1.49  0pt/0 [일봉]
078930  GS        70,900   66.7    -3.3%    0.1x     하단 16.66  0pt/0 [5분]

══════════════════════════════════════════════════
⏰ 시장 상승 부족 (KODEX +0.2% < 0.5%) — 신규 매수 중단
→ 전종목 HOLD
✅ Discord 전송 완료

[09:36] HOLD | KODEX RSI73/+0.2%⬆️ | 보유:없음 | 최고신호 HPSP(403870) 0pt/3pt
💰 예수금 95,923원 | KODEX200 RSI73/-0.1% 상승추세⬆️  | 매수기준 점수3pt↑

코드      종목명           가격    RSI     변화율    거래량     BB   호가비  B/S
────────────────────────────────────────────────────────────────────────
[2단계 분석 대상: 000720, 078930, 000880, 000270, 000150]
403870  HPSP      45,350    0.0    +0.0%    0.0x     중간  2.10  0pt/0 [일봉]
055550  신한지주      92,100    0.0    +0.0%    0.0x     중간  1.47  0pt/0 [일봉]
272210  한화시스템     95,900    0.0    +0.0%    0.0x     중간  2.85  0pt/0 [일봉]
011200  HMM       19,300    0.0    +0.0%    0.0x     중간  4.17  0pt/0 [일봉]
015760  한국전력      37,750    0.0    +0.0%    0.0x     중간  2.56  0pt/0 [일봉]
035720  카카오       42,050    0.0    +0.0%    0.0x     중간  1.21  0pt/0 [일봉]
030200  KT        54,300    0.0    +0.0%    0.0x     중간  1.12  0pt/0 [일봉]
003490  대한항공      25,150    0.0    +0.0%    0.0x     중간  5.79  0pt/0 [일봉]
004020  현대제철      37,800    0.0    +0.0%    0.0x     중간  1.17  0pt/0 [일봉]
078930  GS        71,000   66.7    -3.0%    0.1x     하단 12.75  0pt/0 [5분]

══════════════════════════════════════════════════
⏰ 시장 상승 부족 (KODEX -0.1% < 0.5%) — 신규 매수 중단
→ 전종목 HOLD
✅ Discord 전송 완료

[09:38] HOLD | KODEX RSI73/-0.1%⬆️ | 보유:없음 | 최고신호 HPSP(403870) 0pt/3pt
💰 예수금 95,923원 | KODEX200 RSI73/-0.3% 상승추세⬆️  | 매수기준 점수3pt↑

코드      종목명           가격    RSI     변화율    거래량     BB   호가비  B/S
────────────────────────────────────────────────────────────────────────
[2단계 분석 대상: 000880, 078930, 329180, 003490, 017670]
403870  HPSP      45,300    0.0    +0.0%    0.0x     중간  2.53  2pt/0 [일봉]
055550  신한지주      92,200    0.0    +0.0%    0.0x     중간  1.82  2pt/0 [일봉]
011200  HMM       19,300    0.0    +0.0%    0.0x     중간  4.64  2pt/0 [일봉]
015760  한국전력      37,750    0.0    +0.0%    0.0x     중간  2.76  2pt/0 [일봉]
035720  카카오       41,850    0.0    +0.0%    0.0x     중간  2.86  2pt/0 [일봉]
030200  KT        54,300    0.0    +0.0%    0.0x     중간  1.25  2pt/0 [일봉]
003490  대한항공      25,200   89.3    -2.3%    0.2x     하단  5.67  0pt/0 [5분]
004020  현대제철      37,700    0.0    +0.0%    0.0x     중간  1.02  2pt/0 [일봉]
078930  GS        71,200   70.3    -2.9%    0.1x     중간  8.75  0pt/0 [5분]

══════════════════════════════════════════════════
⏰ 시장 상승 부족 (KODEX -0.3% < 0.5%) — 신규 매수 중단
→ 전종목 HOLD
✅ Discord 전송 완료

[09:40] HOLD | KODEX RSI73/-0.3%⬆️ | 보유:없음 | 최고신호 HPSP(403870) 2pt/3pt [강세+0.0%★]
💰 예수금 95,923원 | KODEX200 RSI72/-0.6% 상승추세⬆️  | 매수기준 점수3pt↑

코드      종목명           가격    RSI     변화율    거래량     BB   호가비  B/S
────────────────────────────────────────────────────────────────────────
[2단계 분석 대상: 034020, 000720, 078930, 064350, 329180]
403870  HPSP      45,500    0.0    +0.0%    0.0x     중간  1.48  2pt/0 [일봉]
055550  신한지주      92,100    0.0    +0.0%    0.0x     중간  1.88  2pt/0 [일봉]
011200  HMM       19,300    0.0    +0.0%    0.0x     중간  4.94  2pt/0 [일봉]
015760  한국전력      37,750    0.0    +0.0%    0.0x     중간  3.06  2pt/0 [일봉]
035720  카카오       41,750    0.0    +0.0%    0.0x     중간  5.54  2pt/0 [일봉]
030200  KT        54,300    0.0    +0.0%    0.0x     중간  1.11  2pt/0 [일봉]
003490  대한항공      25,200    0.0    +0.0%    0.0x     중간  5.49  2pt/0 [일봉]
004020  현대제철      37,750    0.0    +0.0%    0.0x     중간  1.38  2pt/0 [일봉]
078930  GS        71,200   70.3    -2.9%    0.2x     중간  7.84  0pt/0 [5분]

══════════════════════════════════════════════════
⏰ 시장 상승 부족 (KODEX -0.6% < 0.5%) — 신규 매수 중단
→ 전종목 HOLD
✅ Discord 전송 완료

[09:42] HOLD | KODEX RSI72/-0.6%⬆️ | 보유:없음 | 최고신호 HPSP(403870) 2pt/3pt [강세+0.0%★]
💰 예수금 95,923원 | KODEX200 RSI71/-1.0% 상승추세⬆️  | 매수기준 점수3pt↑

코드      종목명           가격    RSI     변화율    거래량     BB   호가비  B/S
────────────────────────────────────────────────────────────────────────
[2단계 분석 대상: 329180, 034020, 064350, 078930, 035720]
403870  HPSP      45,250    0.0    +0.0%    0.0x     중간  4.09  2pt/0 [일봉]
055550  신한지주      92,300    0.0    +0.0%    0.0x     중간  2.03  2pt/0 [일봉]
011200  HMM       19,320    0.0    +0.0%    0.0x     중간  3.74  2pt/0 [일봉]
015760  한국전력      37,750    0.0    +0.0%    0.0x     중간  3.13  2pt/0 [일봉]
035720  카카오       41,650   42.9    -2.5%    0.5x     중간  4.81  0pt/0 [5분]
030200  KT        54,200    0.0    +0.0%    0.0x     중간  1.22  2pt/0 [일봉]
003490  대한항공      25,250    0.0    +0.0%    0.0x     중간  4.73  2pt/0 [일봉]
004020  현대제철      37,800    0.0    +0.0%    0.0x     중간  1.20  2pt/0 [일봉]
078930  GS        71,500   69.4    -2.3%    0.2x     중간  4.95  0pt/0 [5분]

══════════════════════════════════════════════════
📉 KODEX200 MA데드+RSI71 하락추세 — 신규 매수 중단
→ 전종목 HOLD
✅ Discord 전송 완료

[09:44] HOLD | KODEX RSI71/-1.0%⬆️ | 보유:없음 | 최고신호 HPSP(403870) 2pt/3pt [강세+0.0%★]
💰 예수금 95,923원 | KODEX200 RSI71/-1.3% 상승추세⬆️  | 매수기준 점수3pt↑

코드      종목명           가격    RSI     변화율    거래량     BB   호가비  B/S
────────────────────────────────────────────────────────────────────────
[2단계 분석 대상: 034020, 086520, 066970, 403870, 329180]
403870  HPSP      45,050   85.7    -3.1%    0.3x     하단  8.85  0pt/0 [5분]
055550  신한지주      92,100    0.0    +0.0%    0.0x     중간  1.94  2pt/0 [일봉]
011200  HMM       19,370    0.0    +0.0%    0.0x     중간  4.10  2pt/0 [일봉]
015760  한국전력      37,700    0.0    +0.0%    0.0x     중간  3.34  2pt/0 [일봉]
035720  카카오       41,600    0.0    +0.0%    0.0x     중간  2.63  2pt/0 [일봉]
030200  KT        54,100    0.0    +0.0%    0.0x     중간  1.44  2pt/0 [일봉]
003490  대한항공      25,200    0.0    +0.0%    0.0x     중간  6.43  2pt/0 [일봉]
004020  현대제철      37,700    0.0    +0.0%    0.0x     중간  1.44  2pt/0 [일봉]
078930  GS        71,500    0.0    +0.0%    0.0x     중간  4.31  2pt/0 [일봉]

══════════════════════════════════════════════════
📉 KODEX200 MA데드+RSI71 하락추세 — 신규 매수 중단
→ 전종목 HOLD
✅ Discord 전송 완료

[09:46] HOLD | KODEX RSI71/-1.3%⬆️ | 보유:없음 | 최고신호 신한지주(055550) 2pt/3pt [강세+0.0%★]
💰 예수금 95,923원 | KODEX200 RSI70/-1.4% 상승추세⬆️  | 매수기준 점수3pt↑

코드      종목명           가격    RSI     변화율    거래량     BB   호가비  B/S
────────────────────────────────────────────────────────────────────────
[2단계 분석 대상: 034020, 042660, 000880, 329180, 000720]
403870  HPSP      45,200    0.0    +0.0%    0.0x     중간  3.78  2pt/0 [일봉]
055550  신한지주      92,300    0.0    +0.0%    0.0x     중간  1.78  2pt/0 [일봉]
011200  HMM       19,380    0.0    +0.0%    0.0x     중간  4.59  2pt/0 [일봉]
015760  한국전력      37,700    0.0    +0.0%    0.0x     중간  4.21  2pt/0 [일봉]
035720  카카오       41,500    0.0    +0.0%    0.0x     중간  3.93  2pt/0 [일봉]
030200  KT        54,100    0.0    +0.0%    0.0x     중간  1.14  2pt/0 [일봉]
003490  대한항공      25,300    0.0    +0.0%    0.0x     중간  5.28  2pt/0 [일봉]
004020  현대제철      37,550    0.0    +0.0%    0.0x     중간  1.29  2pt/0 [일봉]
078930  GS        71,500    0.0    +0.0%    0.0x     중간  3.13  2pt/0 [일봉]

══════════════════════════════════════════════════
📉 KODEX200 MA데드+RSI70 하락추세 — 신규 매수 중단
→ 전종목 HOLD
✅ Discord 전송 완료

[09:48] HOLD | KODEX RSI70/-1.4%⬆️ | 보유:없음 | 최고신호 HPSP(403870) 2pt/3pt [강세+0.0%★]
💰 예수금 95,923원 | KODEX200 RSI71/-1.3% 상승추세⬆️  | 매수기준 점수3pt↑

코드      종목명           가격    RSI     변화율    거래량     BB   호가비  B/S
────────────────────────────────────────────────────────────────────────
[2단계 분석 대상: 000720, 000880, 329180, 042660, 034020]
403870  HPSP      45,400    0.0    +0.0%    0.0x     중간  0.82  2pt/0 [일봉]
055550  신한지주      92,400    0.0    +0.0%    0.0x     중간  1.11  2pt/0 [일봉]
011200  HMM       19,390    0.0    +0.0%    0.0x     중간  2.78  2pt/0 [일봉]
015760  한국전력      37,700    0.0    +0.0%    0.0x     중간  3.92  2pt/0 [일봉]
035720  카카오       41,500    0.0    +0.0%    0.0x     중간  3.89  2pt/0 [일봉]
030200  KT        54,200    0.0    +0.0%    0.0x     중간  1.18  2pt/0 [일봉]
003490  대한항공      25,300    0.0    +0.0%    0.0x     중간  5.51  2pt/0 [일봉]
004020  현대제철      37,450    0.0    +0.0%    0.0x     중간  1.94  2pt/0 [일봉]
078930  GS        71,300    0.0    +0.0%    0.0x     중간  4.20  2pt/0 [일봉]

══════════════════════════════════════════════════
📉 KODEX200 MA데드+RSI71 하락추세 — 신규 매수 중단
→ 전종목 HOLD
✅ Discord 전송 완료

[09:50] HOLD | KODEX RSI71/-1.3%⬆️ | 보유:없음 | 최고신호 HPSP(403870) 2pt/3pt [강세+0.0%★]
💰 예수금 95,923원 | KODEX200 RSI70/-1.8% 상승추세⬆️  | 매수기준 점수3pt↑

코드      종목명           가격    RSI     변화율    거래량     BB   호가비  B/S
────────────────────────────────────────────────────────────────────────
[2단계 분석 대상: 000720, 000880, 329180, 035720, 272210]
403870  HPSP      45,100    0.0    +0.0%    0.0x     중간  3.94  3pt/0 [일봉]
055550  신한지주      92,200    0.0    +0.0%    0.0x     중간  1.39  3pt/0 [일봉]
011200  HMM       19,360    0.0    +0.0%    0.0x     중간  4.68  3pt/0 [일봉]
015760  한국전력      37,700    0.0    +0.0%    0.0x     중간  2.93  3pt/0 [일봉]
035720  카카오       41,450   44.4    -3.0%    0.5x     중간  8.09  0pt/0 [5분]
030200  KT        54,100    0.0    +0.0%    0.0x     중간  1.12  3pt/0 [일봉]
003490  대한항공      25,300    0.0    +0.0%    0.0x     중간  4.41  3pt/0 [일봉]
004020  현대제철      37,350    0.0    +0.0%    0.0x     중간  1.83  3pt/0 [일봉]
078930  GS        71,300    0.0    +0.0%    0.0x     중간  3.46  3pt/0 [일봉]

══════════════════════════════════════════════════
📉 KODEX200 -1.8% 급락 — 신규 매수 중단
→ 전종목 HOLD
✅ Discord 전송 완료

[09:52] HOLD | KODEX RSI70/-1.8%⬆️ | 보유:없음 | 최고신호 HPSP(403870) 3pt/3pt [강세+0.0%★★]
💰 예수금 95,923원 | KODEX200 RSI69/-2.0% 상승추세⬆️ 과열⚠️ | 매수기준 점수3pt↑

코드      종목명           가격    RSI     변화율    거래량     BB   호가비  B/S
────────────────────────────────────────────────────────────────────────
[2단계 분석 대상: 000720, 000880, 011200, 403870, 035720]
403870  HPSP      44,900   54.7    -3.8%    0.3x     하단  9.41  1pt/0 [5분]
055550  신한지주      92,300    0.0    +0.0%    0.0x     중간  1.64  3pt/0 [일봉]
272210  한화시스템     95,700    0.0    +0.0%    0.0x     중간  6.81  3pt/0 [일봉]
011200  HMM       19,320   15.9    -2.4%    0.3x     중간 14.21  1pt/0 [5분]
015760  한국전력      37,650    0.0    +0.0%    0.0x     중간  2.36  3pt/0 [일봉]
035720  카카오       41,400   40.0    -3.2%    0.5x     중간  7.68  1pt/0 [5분]
030200  KT        54,000    0.0    +0.0%    0.0x     중간  1.39  3pt/0 [일봉]
003490  대한항공      25,250    0.0    +0.0%    0.0x     중간  4.93  3pt/0 [일봉]
004020  현대제철      37,250    0.0    +0.0%    0.0x     중간  2.11  3pt/0 [일봉]
078930  GS        71,100    0.0    +0.0%    0.0x     중간  4.80  3pt/0 [일봉]

══════════════════════════════════════════════════
📉 KODEX200 -2.0% 급락 — 신규 매수 중단
→ 전종목 HOLD
✅ Discord 전송 완료

[09:54] HOLD | KODEX RSI69/-2.0%⬆️⚠️ | 보유:없음 | 최고신호 신한지주(055550) 3pt/3pt [강세+0.0%★★]
💰 예수금 95,923원 | KODEX200 RSI69/-2.3% 상승추세⬆️ 과열⚠️ | 매수기준 점수3pt↑

코드      종목명           가격    RSI     변화율    거래량     BB   호가비  B/S
────────────────────────────────────────────────────────────────────────
[2단계 분석 대상: 011200, 000880, 000150, 000720, 000270]
403870  HPSP      44,700    0.0    +0.0%    0.0x     중간  5.37  3pt/0 [일봉]
055550  신한지주      92,100    0.0    +0.0%    0.0x     중간  1.16  3pt/0 [일봉]
272210  한화시스템     95,600    0.0    +0.0%    0.0x     중간  8.06  3pt/0 [일봉]
011200  HMM       19,280   15.9    -2.5%    0.3x     중간 25.47  1pt/0 [5분]
015760  한국전력      37,650    0.0    +0.0%    0.0x     중간  2.57  3pt/0 [일봉]
035720  카카오       41,350    0.0    +0.0%    0.0x     중간  9.21  3pt/0 [일봉]
030200  KT        53,900    0.0    +0.0%    0.0x     중간  1.69  3pt/0 [일봉]
003490  대한항공      25,150    0.0    +0.0%    0.0x     중간  5.47  3pt/0 [일봉]
004020  현대제철      37,200    0.0    +0.0%    0.0x     중간  2.10  3pt/0 [일봉]
078930  GS        71,100    0.0    +0.0%    0.0x     중간  4.99  3pt/0 [일봉]

══════════════════════════════════════════════════
📉 KODEX200 -2.3% 급락 — 신규 매수 중단
→ 전종목 HOLD
✅ Discord 전송 완료

[09:56] HOLD | KODEX RSI69/-2.3%⬆️⚠️ | 보유:없음 | 최고신호 HPSP(403870) 3pt/3pt [강세+0.0%★★]
💰 예수금 95,923원 | KODEX200 RSI68/-2.5% 상승추세⬆️ 과열⚠️ | 매수기준 점수3pt↑

코드      종목명           가격    RSI     변화율    거래량     BB   호가비  B/S
────────────────────────────────────────────────────────────────────────
[2단계 분석 대상: 011200, 000880, 035720, 034020, 105560]
403870  HPSP      44,600    0.0    +0.0%    0.0x     중간  4.86  3pt/0 [일봉]
055550  신한지주      92,000    0.0    +0.0%    0.0x     중간  1.14  3pt/0 [일봉]
272210  한화시스템     95,500    0.0    +0.0%    0.0x     중간  5.12  3pt/0 [일봉]
011200  HMM       19,270   15.9    -2.5%    0.3x     중간 26.88  1pt/0 [5분]
015760  한국전력      37,600    0.0    +0.0%    0.0x     중간  2.48  3pt/0 [일봉]
035720  카카오       41,150   40.0    -3.5%    0.5x     중간 10.42  1pt/0 [5분]
030200  KT        53,700    0.0    +0.0%    0.0x     중간  1.21  3pt/0 [일봉]
003490  대한항공      25,100    0.0    +0.0%    0.0x     중간  4.56  3pt/0 [일봉]
004020  현대제철      37,000    0.0    +0.0%    0.0x     중간  1.19  3pt/0 [일봉]
078930  GS        70,900    0.0    +0.0%    0.0x     중간  3.41  3pt/0 [일봉]

══════════════════════════════════════════════════
📉 KODEX200 -2.5% 급락 — 신규 매수 중단
→ 전종목 HOLD
✅ Discord 전송 완료

[09:58] HOLD | KODEX RSI68/-2.5%⬆️⚠️ | 보유:없음 | 최고신호 HPSP(403870) 3pt/3pt [강세+0.0%★★]
💰 예수금 95,923원 | KODEX200 RSI68/-2.8% 상승추세⬆️ 과열⚠️ | 매수기준 점수3pt↑

코드      종목명           가격    RSI     변화율    거래량     BB   호가비  B/S
────────────────────────────────────────────────────────────────────────
[2단계 분석 대상: 011200, 000880, 035720, 034020, 105560]
403870  HPSP      44,600    0.0    +0.0%    0.0x     중간  5.53  3pt/0 [일봉]
055550  신한지주      92,200    0.0    +0.0%    0.0x     중간  0.96  3pt/0 [일봉]
272210  한화시스템     95,600    0.0    +0.0%    0.0x     중간  6.34  3pt/0 [일봉]
011200  HMM       19,270   12.7    -2.6%    0.3x     중간 23.53  1pt/0 [5분]
015760  한국전력      37,600    0.0    +0.0%    0.0x     중간  2.38  3pt/0 [일봉]
035720  카카오       41,250   30.8    -3.5%    0.5x     중간 10.18  0pt/0 [5분]
030200  KT        53,700    0.0    +0.0%    0.0x     중간  1.30  3pt/0 [일봉]
003490  대한항공      25,100    0.0    +0.0%    0.0x     중간  4.33  3pt/0 [일봉]
004020  현대제철      37,050    0.0    +0.0%    0.0x     중간  2.09  3pt/0 [일봉]
078930  GS        71,100    0.0    +0.0%    0.0x     중간  5.22  3pt/0 [일봉]

══════════════════════════════════════════════════
📉 KODEX200 -2.8% 급락 — 신규 매수 중단
→ 전종목 HOLD
✅ Discord 전송 완료

[10:00] HOLD | KODEX RSI68/-2.8%⬆️⚠️ | 보유:없음 | 최고신호 HPSP(403870) 3pt/3pt [강세+0.0%★★]
💰 예수금 95,923원 | KODEX200 RSI68/-2.7% 상승추세⬆️ 과열⚠️ | 매수기준 점수3pt↑

코드      종목명           가격    RSI     변화율    거래량     BB   호가비  B/S
────────────────────────────────────────────────────────────────────────
[2단계 분석 대상: 000880, 034020, 035720, 078930, 272210]
403870  HPSP      44,750    0.0    +0.0%    0.0x     중간  5.19  3pt/0 [일봉]
055550  신한지주      92,000    0.0    +0.0%    0.0x     중간  1.33  3pt/0 [일봉]
011200  HMM       19,200    0.0    +0.0%    0.0x     중간  3.46  3pt/0 [일봉]
015760  한국전력      37,550    0.0    +0.0%    0.0x     중간  2.58  3pt/0 [일봉]
035720  카카오       41,300   30.8    -3.3%    0.5x     중간  7.66  0pt/0 [5분]
030200  KT        53,700    0.0    +0.0%    0.0x     중간  1.28  3pt/0 [일봉]
003490  대한항공      25,050    0.0    +0.0%    0.0x     중간  4.09  3pt/0 [일봉]
004020  현대제철      37,150    0.0    +0.0%    0.0x     중간  1.70  3pt/0 [일봉]
078930  GS        71,000   41.5    -3.1%    0.2x     하단  7.31  0pt/0 [5분]

══════════════════════════════════════════════════
📉 KODEX200 -2.7% 급락 — 신규 매수 중단
→ 전종목 HOLD
✅ Discord 전송 완료

[10:02] HOLD | KODEX RSI68/-2.7%⬆️⚠️ | 보유:없음 | 최고신호 HPSP(403870) 3pt/3pt [강세+0.0%★★]
💰 예수금 95,923원 | KODEX200 RSI69/-2.3% 상승추세⬆️ 과열⚠️ | 매수기준 점수3pt↑

코드      종목명           가격    RSI     변화율    거래량     BB   호가비  B/S
────────────────────────────────────────────────────────────────────────
[2단계 분석 대상: 000880, 034020, 011200, 035720, 078930]
403870  HPSP      45,050    0.0    +0.0%    0.0x     중간  1.39  3pt/0 [일봉]
055550  신한지주      92,300    0.0    +0.0%    0.0x     중간  1.52  3pt/0 [일봉]
011200  HMM       19,210   17.9    -2.8%    0.3x     하단  9.75  0pt/0 [5분]
015760  한국전력      37,550    0.0    +0.0%    0.0x     중간  2.47  3pt/0 [일봉]
035720  카카오       41,300   22.2    -3.4%    0.5x     중간  7.53  0pt/0 [5분]
030200  KT        53,700    0.0    +0.0%    0.0x     중간  1.88  3pt/0 [일봉]
003490  대한항공      25,100    0.0    +0.0%    0.0x     중간  4.31  3pt/0 [일봉]
004020  현대제철      37,500    0.0    +0.0%    0.0x     중간  1.16  3pt/0 [일봉]
078930  GS        71,100   42.2    -3.0%    0.2x     중간  6.35  1pt/0 [5분]

══════════════════════════════════════════════════
📉 KODEX200 -2.3% 급락 — 신규 매수 중단
→ 전종목 HOLD
✅ Discord 전송 완료

[10:04] HOLD | KODEX RSI69/-2.3%⬆️⚠️ | 보유:없음 | 최고신호 HPSP(403870) 3pt/3pt [강세+0.0%★★]
💰 예수금 95,923원 | KODEX200 RSI69/-2.0% 상승추세⬆️  | 매수기준 점수3pt↑

코드      종목명           가격    RSI     변화율    거래량     BB   호가비  B/S
────────────────────────────────────────────────────────────────────────
[2단계 분석 대상: 011200, 000880, 000150, 078930, 035720]
403870  HPSP      45,050    0.0    +0.0%    0.0x     중간  1.56  3pt/0 [일봉]
055550  신한지주      92,400    0.0    +0.0%    0.0x     중간  1.57  3pt/0 [일봉]
011200  HMM       19,220   17.9    -2.7%    0.3x     하단 12.08  0pt/0 [5분]
015760  한국전력      37,600    0.0    +0.0%    0.0x     중간  2.63  3pt/0 [일봉]
035720  카카오       41,300   22.2    -3.4%    0.5x     중간  6.41  0pt/0 [5분]
030200  KT        53,800    0.0    +0.0%    0.0x     중간  2.45  3pt/0 [일봉]
003490  대한항공      25,150    0.0    +0.0%    0.0x     중간  4.23  3pt/0 [일봉]
004020  현대제철      37,600    0.0    +0.0%    0.0x     중간  0.80  3pt/0 [일봉]
078930  GS        71,200   42.2    -2.9%    0.2x     중간  6.54  1pt/0 [5분]

══════════════════════════════════════════════════
📉 KODEX200 -2.0% 급락 — 신규 매수 중단
→ 전종목 HOLD
✅ Discord 전송 완료

[10:06] HOLD | KODEX RSI69/-2.0%⬆️ | 보유:없음 | 최고신호 HPSP(403870) 3pt/3pt [강세+0.0%★★]
💰 예수금 95,923원 | KODEX200 RSI70/-1.6% 상승추세⬆️  | 매수기준 점수3pt↑

코드      종목명           가격    RSI     변화율    거래량     BB   호가비  B/S
────────────────────────────────────────────────────────────────────────
[2단계 분석 대상: 000880, 042660, 011200, 035720, 329180]
403870  HPSP      45,050    0.0    +0.0%    0.0x     중간  1.34  3pt/0 [일봉]
055550  신한지주      92,400    0.0    +0.0%    0.0x     중간  1.71  3pt/0 [일봉]
011200  HMM       19,220   17.9    -2.9%    0.3x     하단  8.12  0pt/0 [5분]
015760  한국전력      37,600    0.0    +0.0%    0.0x     중간  2.57  3pt/0 [일봉]
035720  카카오       41,250   22.2    -3.5%    0.5x     중간  7.12  0pt/0 [5분]
030200  KT        53,800    0.0    +0.0%    0.0x     중간  2.16  3pt/0 [일봉]
003490  대한항공      25,100    0.0    +0.0%    0.0x     중간  4.04  3pt/0 [일봉]
004020  현대제철      37,600    0.0    +0.0%    0.0x     중간  2.30  3pt/0 [일봉]
078930  GS        71,100    0.0    +0.0%    0.0x     중간  4.31  3pt/0 [일봉]

══════════════════════════════════════════════════
📉 KODEX200 -1.6% 급락 — 신규 매수 중단
→ 전종목 HOLD
✅ Discord 전송 완료

[10:08] HOLD | KODEX RSI70/-1.6%⬆️ | 보유:없음 | 최고신호 HPSP(403870) 3pt/3pt [강세+0.0%★★]
💰 예수금 95,923원 | KODEX200 RSI69/-2.0% 상승추세⬆️  | 매수기준 점수3pt↑

코드      종목명           가격    RSI     변화율    거래량     BB   호가비  B/S
────────────────────────────────────────────────────────────────────────
[2단계 분석 대상: 034020, 000880, 035720, 403870, 042660]
403870  HPSP      44,850   61.3    -4.2%    0.4x     하단  8.33  1pt/0 [5분]
055550  신한지주      92,400    0.0    +0.0%    0.0x     중간  2.09  3pt/0 [일봉]
011200  HMM       19,220    0.0    +0.0%    0.0x     중간  6.82  3pt/0 [일봉]
015760  한국전력      37,550    0.0    +0.0%    0.0x     중간  2.62  3pt/0 [일봉]
035720  카카오       41,300   23.9    -3.3%    0.6x     중간  8.48  0pt/0 [5분]
030200  KT        53,700    0.0    +0.0%    0.0x     중간  2.29  3pt/0 [일봉]
003490  대한항공      25,100    0.0    +0.0%    0.0x     중간  4.30  3pt/0 [일봉]
004020  현대제철      37,550    0.0    +0.0%    0.0x     중간  1.48  3pt/0 [일봉]
078930  GS        71,300    0.0    +0.0%    0.0x     중간  5.11  3pt/0 [일봉]

══════════════════════════════════════════════════
📉 KODEX200 -2.0% 급락 — 신규 매수 중단
→ 전종목 HOLD
✅ Discord 전송 완료

[10:10] HOLD | KODEX RSI69/-2.0%⬆️ | 보유:없음 | 최고신호 신한지주(055550) 3pt/3pt [강세+0.0%★★]
💰 예수금 95,923원 | KODEX200 RSI69/-2.2% 상승추세⬆️ 과열⚠️ | 매수기준 점수3pt↑

코드      종목명           가격    RSI     변화율    거래량     BB   호가비  B/S
────────────────────────────────────────────────────────────────────────
[2단계 분석 대상: 403870, 011200, 042660, 035720, 138040]
403870  HPSP      44,650   61.3    -4.0%    0.4x     하단 15.88  1pt/0 [5분]
055550  신한지주      92,500    0.0    +0.0%    0.0x     중간  1.96  3pt/0 [일봉]
011200  HMM       19,280   13.9    -2.5%    0.4x     하단  8.24  0pt/0 [5분]
015760  한국전력      37,600    0.0    +0.0%    0.0x     중간  2.63  3pt/0 [일봉]
035720  카카오       41,400   23.9    -3.0%    0.6x     중간  5.97  0pt/0 [5분]
030200  KT        53,700    0.0    +0.0%    0.0x     중간  2.59  3pt/0 [일봉]
003490  대한항공      25,100    0.0    +0.0%    0.0x     중간  4.26  3pt/0 [일봉]
004020  현대제철      37,550    0.0    +0.0%    0.0x     중간  1.36  3pt/0 [일봉]
078930  GS        71,300    0.0    +0.0%    0.0x     중간  5.08  3pt/0 [일봉]

══════════════════════════════════════════════════
📉 KODEX200 -2.2% 급락 — 신규 매수 중단
→ 전종목 HOLD
✅ Discord 전송 완료

[10:12] HOLD | KODEX RSI69/-2.2%⬆️⚠️ | 보유:없음 | 최고신호 신한지주(055550) 3pt/3pt [강세+0.0%★★]
💰 예수금 95,923원 | KODEX200 RSI70/-1.8% 상승추세⬆️  | 매수기준 점수3pt↑

코드      종목명           가격    RSI     변화율    거래량     BB   호가비  B/S
────────────────────────────────────────────────────────────────────────
[2단계 분석 대상: 403870, 011200, 105560, 078930, 003490]
403870  HPSP      44,750   60.8    -3.8%    0.4x     하단  7.06  2pt/0 [5분]
055550  신한지주      92,600    0.0    +0.0%    0.0x     중간  1.64  3pt/0 [일봉]
011200  HMM       19,280   19.0    -2.4%    0.4x     하단  5.79  0pt/0 [5분]
015760  한국전력      37,600    0.0    +0.0%    0.0x     중간  2.59  3pt/0 [일봉]
035720  카카오       41,500    0.0    +0.0%    0.0x     중간  3.17  3pt/0 [일봉]
030200  KT        53,800    0.0    +0.0%    0.0x     중간  2.31  3pt/0 [일봉]
003490  대한항공      25,100   76.5    -2.9%    0.3x     하단  4.21  0pt/0 [5분]
004020  현대제철      37,600    0.0    +0.0%    0.0x     중간  0.72  3pt/0 [일봉]
078930  GS        71,200   42.2    -2.9%    0.2x     중간  4.26  0pt/0 [5분]

══════════════════════════════════════════════════
📉 KODEX200 -1.8% 급락 — 신규 매수 중단
→ 전종목 HOLD
✅ Discord 전송 완료

[10:14] HOLD | KODEX RSI70/-1.8%⬆️ | 보유:없음 | 최고신호 신한지주(055550) 3pt/3pt [강세+0.0%★★]
💰 예수금 95,923원 | KODEX200 RSI70/-1.6% 상승추세⬆️  | 매수기준 점수3pt↑

코드      종목명           가격    RSI     변화율    거래량     BB   호가비  B/S
────────────────────────────────────────────────────────────────────────
[2단계 분석 대상: 403870, 011200, 105560, 066970, 078930]
403870  HPSP      44,700   60.8    -4.2%    0.4x     하단  9.10  2pt/0 [5분]
055550  신한지주      92,800    0.0    +0.0%    0.0x     중간  0.70  3pt/0 [일봉]
011200  HMM       19,300   19.0    -2.4%    0.4x     하단  6.68  0pt/0 [5분]
015760  한국전력      37,650    0.0    +0.0%    0.0x     중간  2.58  3pt/0 [일봉]
035720  카카오       41,700    0.0    +0.0%    0.0x     중간  0.77  3pt/0 [일봉]
030200  KT        53,800    0.0    +0.0%    0.0x     중간  2.62  3pt/0 [일봉]
003490  대한항공      25,100    0.0    +0.0%    0.0x     중간  4.10  3pt/0 [일봉]
004020  현대제철      37,550    0.0    +0.0%    0.0x     중간  0.66  3pt/0 [일봉]
078930  GS        71,100   42.2    -3.0%    0.2x     중간  4.61  0pt/0 [5분]

══════════════════════════════════════════════════
📉 KODEX200 -1.6% 급락 — 신규 매수 중단
→ 전종목 HOLD
✅ Discord 전송 완료

[10:16] HOLD | KODEX RSI70/-1.6%⬆️ | 보유:없음 | 최고신호 신한지주(055550) 3pt/3pt [강세+0.0%★★]
💰 예수금 95,923원 | KODEX200 RSI70/-1.4% 상승추세⬆️  | 매수기준 점수3pt↑

코드      종목명           가격    RSI     변화율    거래량     BB   호가비  B/S
────────────────────────────────────────────────────────────────────────
[2단계 분석 대상: 034020, 403870, 042660, 003670, 011200]
403870  HPSP      44,650   60.8    -4.6%    0.4x     하단  8.71  2pt/0 [5분]
055550  신한지주      92,700    0.0    +0.0%    0.0x     중간  1.43  2pt/0 [일봉]
011200  HMM       19,310   19.0    -2.4%    0.4x     하단  4.52  0pt/0 [5분]
015760  한국전력      37,600    0.0    +0.0%    0.0x     중간  2.77  2pt/0 [일봉]
035720  카카오       41,650    0.0    +0.0%    0.0x     중간  1.23  2pt/0 [일봉]
030200  KT        53,800    0.0    +0.0%    0.0x     중간  3.10  2pt/0 [일봉]
003490  대한항공      25,100    0.0    +0.0%    0.0x     중간  4.28  2pt/0 [일봉]
004020  현대제철      37,550    0.0    +0.0%    0.0x     중간  0.77  2pt/0 [일봉]
078930  GS        71,100    0.0    +0.0%    0.0x     중간  4.16  2pt/0 [일봉]

══════════════════════════════════════════════════
📉 KODEX200 MA데드+RSI70 하락추세 — 신규 매수 중단
→ 전종목 HOLD
✅ Discord 전송 완료

[10:18] HOLD | KODEX RSI70/-1.4%⬆️ | 보유:없음 | 최고신호 HPSP(403870) 2pt/3pt [RSI61 / 연속상승]
💰 예수금 95,923원 | KODEX200 RSI70/-1.6% 상승추세⬆️  | 매수기준 점수3pt↑

코드      종목명           가격    RSI     변화율    거래량     BB   호가비  B/S
────────────────────────────────────────────────────────────────────────
[2단계 분석 대상: 403870, 034020, 042660, 066970, 105560]
403870  HPSP      44,500   60.8    -4.5%    0.4x     하단 18.88  2pt/0 [5분]
055550  신한지주      92,700    0.0    +0.0%    0.0x     중간  1.40  3pt/0 [일봉]
011200  HMM       19,320    0.0    +0.0%    0.0x     중간  2.22  3pt/0 [일봉]
015760  한국전력      37,550    0.0    +0.0%    0.0x     중간  3.06  3pt/0 [일봉]
035720  카카오       41,500    0.0    +0.0%    0.0x     중간  4.18  3pt/0 [일봉]
030200  KT        53,800    0.0    +0.0%    0.0x     중간  1.98  3pt/0 [일봉]
003490  대한항공      25,100    0.0    +0.0%    0.0x     중간  5.07  3pt/0 [일봉]
004020  현대제철      37,500    0.0    +0.0%    0.0x     중간  1.23  3pt/0 [일봉]
078930  GS        71,200    0.0    +0.0%    0.0x     중간  3.57  3pt/0 [일봉]

══════════════════════════════════════════════════
📉 KODEX200 -1.6% 급락 — 신규 매수 중단
→ 전종목 HOLD
✅ Discord 전송 완료

[10:20] HOLD | KODEX RSI70/-1.6%⬆️ | 보유:없음 | 최고신호 신한지주(055550) 3pt/3pt [강세+0.0%★★]
💰 예수금 95,923원 | KODEX200 RSI70/-1.4% 상승추세⬆️  | 매수기준 점수3pt↑

코드      종목명           가격    RSI     변화율    거래량     BB   호가비  B/S
────────────────────────────────────────────────────────────────────────
[2단계 분석 대상: 066970, 403870, 042660, 034020, 003490]
403870  HPSP      44,500   60.8    -4.4%    0.4x     하단 18.32  2pt/0 [5분]
055550  신한지주      92,700    0.0    +0.0%    0.0x     중간  1.34  2pt/0 [일봉]
011200  HMM       19,320    0.0    +0.0%    0.0x     중간  1.82  2pt/0 [일봉]
015760  한국전력      37,600    0.0    +0.0%    0.0x     중간  2.14  2pt/0 [일봉]
035720  카카오       41,600    0.0    +0.0%    0.0x     중간  2.24  2pt/0 [일봉]
030200  KT        53,800    0.0    +0.0%    0.0x     중간  1.66  2pt/0 [일봉]
003490  대한항공      25,150   77.8    -2.7%    0.3x     하단  4.71  0pt/0 [5분]
004020  현대제철      37,450    0.0    +0.0%    0.0x     중간  1.39  2pt/0 [일봉]
078930  GS        71,200    0.0    +0.0%    0.0x     중간  3.13  2pt/0 [일봉]

══════════════════════════════════════════════════
📉 KODEX200 MA데드+RSI70 하락추세 — 신규 매수 중단
→ 전종목 HOLD
✅ Discord 전송 완료

[10:22] HOLD | KODEX RSI70/-1.4%⬆️ | 보유:없음 | 최고신호 HPSP(403870) 2pt/3pt [RSI61 / 연속상승]
💰 예수금 95,923원 | KODEX200 RSI70/-1.5% 상승추세⬆️  | 매수기준 점수3pt↑

코드      종목명           가격    RSI     변화율    거래량     BB   호가비  B/S
────────────────────────────────────────────────────────────────────────
[2단계 분석 대상: 403870, 066970, 034020, 042660, 003490]
403870  HPSP      44,500   61.1    -4.5%    0.5x     하단 13.66  1pt/0 [5분]
055550  신한지주      92,800    0.0    +0.0%    0.0x     중간  0.85  2pt/0 [일봉]
011200  HMM       19,300    0.0    +0.0%    0.0x     중간  3.42  2pt/0 [일봉]
015760  한국전력      37,600    0.0    +0.0%    0.0x     중간  2.24  2pt/0 [일봉]
035720  카카오       41,650    0.0    +0.0%    0.0x     중간  1.42  2pt/0 [일봉]
030200  KT        53,800    0.0    +0.0%    0.0x     중간  1.53  2pt/0 [일봉]
003490  대한항공      25,150   75.7    -2.5%    0.3x     하단  4.80  0pt/0 [5분]
004020  현대제철      37,450    0.0    +0.0%    0.0x     중간  1.69  2pt/0 [일봉]
078930  GS        71,400    0.0    +0.0%    0.0x     중간  4.06  2pt/0 [일봉]

══════════════════════════════════════════════════
📉 KODEX200 MA데드+RSI70 하락추세 — 신규 매수 중단
→ 전종목 HOLD
✅ Discord 전송 완료

[10:24] HOLD | KODEX RSI70/-1.5%⬆️ | 보유:없음 | 최고신호 신한지주(055550) 2pt/3pt [강세+0.0%★]
💰 예수금 95,923원 | KODEX200 RSI70/-1.5% 상승추세⬆️  | 매수기준 점수3pt↑

코드      종목명           가격    RSI     변화율    거래량     BB   호가비  B/S
────────────────────────────────────────────────────────────────────────
[2단계 분석 대상: 034020, 403870, 042660, 066970, 003490]
403870  HPSP      44,400   61.1    -4.8%    0.5x     하단  8.66  1pt/0 [5분]
055550  신한지주      92,800    0.0    +0.0%    0.0x     중간  0.75  2pt/0 [일봉]
011200  HMM       19,310    0.0    +0.0%    0.0x     중간  2.29  2pt/0 [일봉]
015760  한국전력      37,600    0.0    +0.0%    0.0x     중간  2.12  2pt/0 [일봉]
035720  카카오       41,600    0.0    +0.0%    0.0x     중간  2.12  2pt/0 [일봉]
030200  KT        54,100    0.0    +0.0%    0.0x     중간  1.21  2pt/0 [일봉]
003490  대한항공      25,150   75.7    -2.5%    0.3x     하단  4.96  0pt/0 [5분]
004020  현대제철      37,450    0.0    +0.0%    0.0x     중간  1.40  2pt/0 [일봉]
078930  GS        71,400    0.0    +0.0%    0.0x     중간  3.57  2pt/0 [일봉]

══════════════════════════════════════════════════
📉 KODEX200 MA데드+RSI70 하락추세 — 신규 매수 중단
→ 전종목 HOLD
✅ Discord 전송 완료

[10:26] HOLD | KODEX RSI70/-1.5%⬆️ | 보유:없음 | 최고신호 신한지주(055550) 2pt/3pt [강세+0.0%★]
💰 예수금 95,923원 | KODEX200 RSI70/-1.7% 상승추세⬆️  | 매수기준 점수3pt↑

코드      종목명           가격    RSI     변화율    거래량     BB   호가비  B/S
────────────────────────────────────────────────────────────────────────
[2단계 분석 대상: 034020, 042660, 000150, 403870, 066970]
403870  HPSP      44,350   61.1    -4.9%    0.5x     하단  5.71  1pt/0 [5분]
055550  신한지주      93,400    0.0    +0.0%    0.0x     중간  0.31  3pt/0 [일봉]
011200  HMM       19,350    0.0    +0.0%    0.0x     중간  2.93  3pt/0 [일봉]
015760  한국전력      37,650    0.0    +0.0%    0.0x     중간  2.10  3pt/0 [일봉]
035720  카카오       41,500    0.0    +0.0%    0.0x     중간  3.83  3pt/0 [일봉]
030200  KT        54,200    0.0    +0.0%    0.0x     중간  0.76  3pt/0 [일봉]
003490  대한항공      25,150    0.0    +0.0%    0.0x     중간  4.67  3pt/0 [일봉]
004020  현대제철      37,350    0.0    +0.0%    0.0x     중간  1.73  3pt/0 [일봉]
078930  GS        71,800    0.0    +0.0%    0.0x     중간  2.00  3pt/0 [일봉]

══════════════════════════════════════════════════
📉 KODEX200 -1.7% 급락 — 신규 매수 중단
→ 전종목 HOLD
✅ Discord 전송 완료

[10:28] HOLD | KODEX RSI70/-1.7%⬆️ | 보유:없음 | 최고신호 신한지주(055550) 3pt/3pt [강세+0.0%★★]
💰 예수금 95,923원 | KODEX200 RSI71/-1.3% 상승추세⬆️  | 매수기준 점수3pt↑

코드      종목명           가격    RSI     변화율    거래량     BB   호가비  B/S
────────────────────────────────────────────────────────────────────────
[2단계 분석 대상: 403870, 066970, 003670, 042660, 003490]
403870  HPSP      44,450   59.4    -4.2%    0.5x     하단 13.90  1pt/0 [5분]
055550  신한지주      93,400    0.0    +0.0%    0.0x     중간  0.26  2pt/0 [일봉]
011200  HMM       19,390    0.0    +0.0%    0.0x     중간  2.16  2pt/0 [일봉]
015760  한국전력      37,750    0.0    +0.0%    0.0x     중간  1.86  2pt/0 [일봉]
035720  카카오       41,600    0.0    +0.0%    0.0x     중간  1.96  2pt/0 [일봉]
030200  KT        54,200    0.0    +0.0%    0.0x     중간  0.67  2pt/0 [일봉]
003490  대한항공      25,200   75.7    -2.1%    0.3x     하단  4.36  0pt/0 [5분]
004020  현대제철      37,450    0.0    +0.0%    0.0x     중간  1.41  2pt/0 [일봉]
078930  GS        72,100    0.0    +0.0%    0.0x     중간  2.31  2pt/0 [일봉]

══════════════════════════════════════════════════
📉 KODEX200 MA데드+RSI71 하락추세 — 신규 매수 중단
→ 전종목 HOLD
✅ Discord 전송 완료

[10:30] HOLD | KODEX RSI71/-1.3%⬆️ | 보유:없음 | 최고신호 신한지주(055550) 2pt/3pt [강세+0.0%★]
💰 예수금 95,923원 | KODEX200 RSI71/-1.1% 상승추세⬆️  | 매수기준 점수3pt↑

코드      종목명           가격    RSI     변화율    거래량     BB   호가비  B/S
────────────────────────────────────────────────────────────────────────
[2단계 분석 대상: 034020, 066970, 042660, 003670, 247540]
403870  HPSP      44,800    0.0    +0.0%    0.0x     중간  1.15  2pt/0 [일봉]
055550  신한지주      93,400    0.0    +0.0%    0.0x     중간  0.48  2pt/0 [일봉]
011200  HMM       19,400    0.0    +0.0%    0.0x     중간  2.45  2pt/0 [일봉]
015760  한국전력      37,700    0.0    +0.0%    0.0x     중간  2.23  2pt/0 [일봉]
035720  카카오       41,650    0.0    +0.0%    0.0x     중간  1.33  2pt/0 [일봉]
030200  KT        54,200    0.0    +0.0%    0.0x     중간  0.66  2pt/0 [일봉]
003490  대한항공      25,300    0.0    +0.0%    0.0x     중간  3.43  2pt/0 [일봉]
004020  현대제철      37,500    0.0    +0.0%    0.0x     중간  1.48  2pt/0 [일봉]
078930  GS        72,100    0.0    +0.0%    0.0x     중간  1.92  2pt/0 [일봉]

══════════════════════════════════════════════════
📉 KODEX200 MA데드+RSI71 하락추세 — 신규 매수 중단
→ 전종목 HOLD
✅ Discord 전송 완료

[10:32] HOLD | KODEX RSI71/-1.1%⬆️ | 보유:없음 | 최고신호 HPSP(403870) 2pt/3pt [강세+0.0%★]
💰 예수금 95,923원 | KODEX200 RSI72/-0.8% 상승추세⬆️  | 매수기준 점수3pt↑

코드      종목명           가격    RSI     변화율    거래량     BB   호가비  B/S
────────────────────────────────────────────────────────────────────────
[2단계 분석 대상: 042660, 034020, 066970, 003670, 086520]
403870  HPSP      44,600    0.0    +0.0%    0.0x     중간  3.67  2pt/0 [일봉]
055550  신한지주      93,300    0.0    +0.0%    0.0x     중간  0.33  2pt/0 [일봉]
011200  HMM       19,380    0.0    +0.0%    0.0x     중간  1.16  2pt/0 [일봉]
015760  한국전력      37,700    0.0    +0.0%    0.0x     중간  2.31  2pt/0 [일봉]
035720  카카오       41,800    0.0    +0.0%    0.0x     중간  0.63  2pt/0 [일봉]
030200  KT        54,200    0.0    +0.0%    0.0x     중간  0.73  2pt/0 [일봉]
003490  대한항공      25,200    0.0    +0.0%    0.0x     중간  4.42  2pt/0 [일봉]
004020  현대제철      37,450    0.0    +0.0%    0.0x     중간  1.44  2pt/0 [일봉]
078930  GS        72,100    0.0    +0.0%    0.0x     중간  1.40  2pt/0 [일봉]

══════════════════════════════════════════════════
⏰ 시장 상승 부족 (KODEX -0.8% < 0.5%) — 신규 매수 중단
→ 전종목 HOLD
✅ Discord 전송 완료

[10:34] HOLD | KODEX RSI72/-0.8%⬆️ | 보유:없음 | 최고신호 HPSP(403870) 2pt/3pt [강세+0.0%★]
💰 예수금 95,923원 | KODEX200 RSI71/-0.9% 상승추세⬆️  | 매수기준 점수3pt↑

코드      종목명           가격    RSI     변화율    거래량     BB   호가비  B/S
────────────────────────────────────────────────────────────────────────
[2단계 분석 대상: 042660, 034020, 403870, 086520, 066970]
403870  HPSP      44,400   61.7    -4.6%    0.5x     하단 10.38  1pt/0 [5분]
055550  신한지주      93,500    0.0    +0.0%    0.0x     중간  0.39  2pt/0 [일봉]
011200  HMM       19,380    0.0    +0.0%    0.0x     중간  3.31  2pt/0 [일봉]
015760  한국전력      37,700    0.0    +0.0%    0.0x     중간  2.47  2pt/0 [일봉]
035720  카카오       41,700    0.0    +0.0%    0.0x     중간  1.06  2pt/0 [일봉]
030200  KT        54,100    0.0    +0.0%    0.0x     중간  1.12  2pt/0 [일봉]
003490  대한항공      25,200    0.0    +0.0%    0.0x     중간  4.81  2pt/0 [일봉]
004020  현대제철      37,600    0.0    +0.0%    0.0x     중간  0.77  2pt/0 [일봉]
078930  GS        72,500    0.0    +0.0%    0.0x     중간  5.00  2pt/0 [일봉]

══════════════════════════════════════════════════
⏰ 시장 상승 부족 (KODEX -0.9% < 0.5%) — 신규 매수 중단
→ 전종목 HOLD
✅ Discord 전송 완료

[10:36] HOLD | KODEX RSI71/-0.9%⬆️ | 보유:없음 | 최고신호 신한지주(055550) 2pt/3pt [강세+0.0%★]
💰 예수금 95,923원 | KODEX200 RSI71/-1.1% 상승추세⬆️  | 매수기준 점수3pt↑

코드      종목명           가격    RSI     변화율    거래량     BB   호가비  B/S
────────────────────────────────────────────────────────────────────────
[2단계 분석 대상: 403870, 042660, 034020, 066970, 003670]
403870  HPSP      44,500   61.7    -4.6%    0.5x     하단 16.03  1pt/0 [5분]
055550  신한지주      93,900    0.0    +0.0%    0.0x     중간  0.51  2pt/0 [일봉]
011200  HMM       19,460    0.0    +0.0%    0.0x     중간  0.73  2pt/0 [일봉]
015760  한국전력      37,700    0.0    +0.0%    0.0x     중간  2.44  2pt/0 [일봉]
035720  카카오       41,600    0.0    +0.0%    0.0x     중간  2.41  2pt/0 [일봉]
030200  KT        54,000    0.0    +0.0%    0.0x     중간  1.89  2pt/0 [일봉]
003490  대한항공      25,300    0.0    +0.0%    0.0x     중간  3.22  2pt/0 [일봉]
004020  현대제철      37,550    0.0    +0.0%    0.0x     중간  0.84  2pt/0 [일봉]
078930  GS        72,600    0.0    +0.0%    0.0x     중간  4.66  2pt/0 [일봉]

══════════════════════════════════════════════════
📉 KODEX200 MA데드+RSI71 하락추세 — 신규 매수 중단
→ 전종목 HOLD
✅ Discord 전송 완료

[10:38] HOLD | KODEX RSI71/-1.1%⬆️ | 보유:없음 | 최고신호 신한지주(055550) 2pt/3pt [강세+0.0%★]
💰 예수금 95,923원 | KODEX200 RSI70/-1.4% 상승추세⬆️  | 매수기준 점수3pt↑

코드      종목명           가격    RSI     변화율    거래량     BB   호가비  B/S
────────────────────────────────────────────────────────────────────────
[2단계 분석 대상: 042660, 086520, 403870, 034020, 329180]
403870  HPSP      44,350   63.6    -4.9%    0.5x     하단 13.55  1pt/0 [5분]
055550  신한지주      93,700    0.0    +0.0%    0.0x     중간  0.28  2pt/0 [일봉]
011200  HMM       19,450    0.0    +0.0%    0.0x     중간  0.66  2pt/0 [일봉]
015760  한국전력      37,650    0.0    +0.0%    0.0x     중간  2.38  2pt/0 [일봉]
035720  카카오       41,550    0.0    +0.0%    0.0x     중간  3.00  2pt/0 [일봉]
030200  KT        54,100    0.0    +0.0%    0.0x     중간  1.42  2pt/0 [일봉]
003490  대한항공      25,250    0.0    +0.0%    0.0x     중간  3.65  2pt/0 [일봉]
004020  현대제철      37,400    0.0    +0.0%    0.0x     중간  1.73  2pt/0 [일봉]
078930  GS        72,500    0.0    +0.0%    0.0x     중간  4.79  2pt/0 [일봉]

══════════════════════════════════════════════════
📉 KODEX200 MA데드+RSI70 하락추세 — 신규 매수 중단
→ 전종목 HOLD
✅ Discord 전송 완료

[10:40] HOLD | KODEX RSI70/-1.4%⬆️ | 보유:없음 | 최고신호 신한지주(055550) 2pt/3pt [강세+0.0%★]
💰 예수금 95,923원 | KODEX200 RSI70/-1.7% 상승추세⬆️  | 매수기준 점수3pt↑

코드      종목명           가격    RSI     변화율    거래량     BB   호가비  B/S
────────────────────────────────────────────────────────────────────────
[2단계 분석 대상: 403870, 042660, 034020, 086520, 017670]
403870  HPSP      44,400   63.6    -4.7%    0.5x     하단 14.93  1pt/0 [5분]
055550  신한지주      93,900    0.0    +0.0%    0.0x     중간  0.43  3pt/0 [일봉]
011200  HMM       19,430    0.0    +0.0%    0.0x     중간  0.96  3pt/0 [일봉]
015760  한국전력      37,600    0.0    +0.0%    0.0x     중간  2.32  3pt/0 [일봉]
035720  카카오       41,500    0.0    +0.0%    0.0x     중간  4.45  3pt/0 [일봉]
030200  KT        53,900    0.0    +0.0%    0.0x     중간  1.63  3pt/0 [일봉]
003490  대한항공      25,250    0.0    +0.0%    0.0x     중간  3.38  3pt/0 [일봉]
004020  현대제철      37,350    0.0    +0.0%    0.0x     중간  2.96  3pt/0 [일봉]
078930  GS        72,400    0.0    +0.0%    0.0x     중간  2.44  3pt/0 [일봉]

══════════════════════════════════════════════════
📉 KODEX200 -1.7% 급락 — 신규 매수 중단
→ 전종목 HOLD
✅ Discord 전송 완료

[10:42] HOLD | KODEX RSI70/-1.7%⬆️ | 보유:없음 | 최고신호 신한지주(055550) 3pt/3pt [강세+0.0%★★]
💰 예수금 95,923원 | KODEX200 RSI69/-1.9% 상승추세⬆️  | 매수기준 점수3pt↑

코드      종목명           가격    RSI     변화율    거래량     BB   호가비  B/S
────────────────────────────────────────────────────────────────────────
[2단계 분석 대상: 042660, 403870, 086520, 034020, 000270]
403870  HPSP      44,350   63.6    -4.8%    0.5x     하단 12.30  1pt/0 [5분]
055550  신한지주      93,800    0.0    +0.0%    0.0x     중간  0.58  3pt/0 [일봉]
011200  HMM       19,420    0.0    +0.0%    0.0x     중간  0.67  3pt/0 [일봉]
015760  한국전력      37,600    0.0    +0.0%    0.0x     중간  2.44  3pt/0 [일봉]
035720  카카오       41,500    0.0    +0.0%    0.0x     중간  4.64  3pt/0 [일봉]
030200  KT        53,800    0.0    +0.0%    0.0x     중간  1.57  3pt/0 [일봉]
003490  대한항공      25,200    0.0    +0.0%    0.0x     중간  3.85  3pt/0 [일봉]
004020  현대제철      37,300    0.0    +0.0%    0.0x     중간  2.62  3pt/0 [일봉]
078930  GS        72,500    0.0    +0.0%    0.0x     중간  3.44  3pt/0 [일봉]

══════════════════════════════════════════════════
📉 KODEX200 -1.9% 급락 — 신규 매수 중단
→ 전종목 HOLD
✅ Discord 전송 완료

[10:44] HOLD | KODEX RSI69/-1.9%⬆️ | 보유:없음 | 최고신호 신한지주(055550) 3pt/3pt [강세+0.0%★★]
💰 예수금 95,923원 | KODEX200 RSI69/-2.2% 상승추세⬆️ 과열⚠️ | 매수기준 점수3pt↑

코드      종목명           가격    RSI     변화율    거래량     BB   호가비  B/S
────────────────────────────────────────────────────────────────────────
[2단계 분석 대상: 403870, 034020, 000720, 000880, 003670]
403870  HPSP      44,350   52.6    -4.7%    0.5x     하단 11.52  1pt/0 [5분]
055550  신한지주      93,800    0.0    +0.0%    0.0x     중간  0.37  3pt/0 [일봉]
011200  HMM       19,420    0.0    +0.0%    0.0x     중간  0.63  3pt/0 [일봉]
015760  한국전력      37,600    0.0    +0.0%    0.0x     중간  2.53  3pt/0 [일봉]
035720  카카오       41,550    0.0    +0.0%    0.0x     중간  2.86  3pt/0 [일봉]
030200  KT        53,800    0.0    +0.0%    0.0x     중간  1.61  3pt/0 [일봉]
003490  대한항공      25,200    0.0    +0.0%    0.0x     중간  3.83  3pt/0 [일봉]
004020  현대제철      37,250    0.0    +0.0%    0.0x     중간  3.65  3pt/0 [일봉]
078930  GS        72,600    0.0    +0.0%    0.0x     중간  4.11  3pt/0 [일봉]

══════════════════════════════════════════════════
📉 KODEX200 -2.2% 급락 — 신규 매수 중단
→ 전종목 HOLD
✅ Discord 전송 완료

[10:46] HOLD | KODEX RSI69/-2.2%⬆️⚠️ | 보유:없음 | 최고신호 신한지주(055550) 3pt/3pt [강세+0.0%★★]
💰 예수금 95,923원 | KODEX200 RSI68/-2.5% 상승추세⬆️ 과열⚠️ | 매수기준 점수3pt↑

코드      종목명           가격    RSI     변화율    거래량     BB   호가비  B/S
────────────────────────────────────────────────────────────────────────
[2단계 분석 대상: 000150, 035720, 042660, 005930, 403870]
403870  HPSP      44,300   52.6    -4.9%    0.5x     하단  7.89  1pt/0 [5분]
055550  신한지주      93,600    0.0    +0.0%    0.0x     중간  0.66  3pt/0 [일봉]
011200  HMM       19,410    0.0    +0.0%    0.0x     중간  0.27  3pt/0 [일봉]
015760  한국전력      37,550    0.0    +0.0%    0.0x     중간  2.83  3pt/0 [일봉]
035720  카카오       41,400   37.7    -3.3%    0.6x     하단 10.84  0pt/0 [5분]
030200  KT        53,700    0.0    +0.0%    0.0x     중간  1.43  3pt/0 [일봉]
003490  대한항공      25,150    0.0    +0.0%    0.0x     중간  4.67  3pt/0 [일봉]
004020  현대제철      37,100    0.0    +0.0%    0.0x     중간  6.04  3pt/0 [일봉]
078930  GS        72,200    0.0    +0.0%    0.0x     중간  0.61  3pt/0 [일봉]

══════════════════════════════════════════════════
📉 KODEX200 -2.5% 급락 — 신규 매수 중단
→ 전종목 HOLD
✅ Discord 전송 완료

[10:48] HOLD | KODEX RSI68/-2.5%⬆️⚠️ | 보유:없음 | 최고신호 신한지주(055550) 3pt/3pt [강세+0.0%★★]
💰 예수금 95,923원 | KODEX200 RSI68/-2.6% 상승추세⬆️ 과열⚠️ | 매수기준 점수3pt↑

코드      종목명           가격    RSI     변화율    거래량     BB   호가비  B/S
────────────────────────────────────────────────────────────────────────
[2단계 분석 대상: 042660, 066970, 035720, 000880, 005930]
403870  HPSP      44,300    0.0    +0.0%    0.0x     중간  6.93  3pt/0 [일봉]
055550  신한지주      93,300    0.0    +0.0%    0.0x     중간  0.97  3pt/0 [일봉]
011200  HMM       19,380    0.0    +0.0%    0.0x     중간  2.67  3pt/0 [일봉]
015760  한국전력      37,500    0.0    +0.0%    0.0x     중간  4.39  3pt/0 [일봉]
035720  카카오       41,300   37.7    -3.4%    0.6x     하단 10.61  0pt/0 [5분]
030200  KT        53,600    0.0    +0.0%    0.0x     중간  1.33  3pt/0 [일봉]
003490  대한항공      25,100    0.0    +0.0%    0.0x     중간  4.94  3pt/0 [일봉]
004020  현대제철      37,150    0.0    +0.0%    0.0x     중간  3.29  3pt/0 [일봉]
078930  GS        72,000    0.0    +0.0%    0.0x     중간  0.64  3pt/0 [일봉]

══════════════════════════════════════════════════
📉 KODEX200 -2.6% 급락 — 신규 매수 중단
→ 전종목 HOLD
✅ Discord 전송 완료

[10:50] HOLD | KODEX RSI68/-2.6%⬆️⚠️ | 보유:없음 | 최고신호 HPSP(403870) 3pt/3pt [강세+0.0%★★]
💰 예수금 95,923원 | KODEX200 RSI68/-2.7% 상승추세⬆️ 과열⚠️ | 매수기준 점수3pt↑

코드      종목명           가격    RSI     변화율    거래량     BB   호가비  B/S
────────────────────────────────────────────────────────────────────────
[2단계 분석 대상: 042660, 035720, 066970, 000880, 034020]
403870  HPSP      44,250    0.0    +0.0%    0.0x     중간  6.04  3pt/0 [일봉]
055550  신한지주      93,300    0.0    +0.0%    0.0x     중간  0.92  3pt/0 [일봉]
011200  HMM       19,370    0.0    +0.0%    0.0x     중간  3.22  3pt/0 [일봉]
015760  한국전력      37,500    0.0    +0.0%    0.0x     중간  4.70  3pt/0 [일봉]
035720  카카오       41,350   37.7    -3.3%    0.6x     하단 12.59  0pt/0 [5분]
030200  KT        53,700    0.0    +0.0%    0.0x     중간  1.68  3pt/0 [일봉]
003490  대한항공      25,150    0.0    +0.0%    0.0x     중간  3.99  3pt/0 [일봉]
004020  현대제철      37,100    0.0    +0.0%    0.0x     중간  7.85  3pt/0 [일봉]
078930  GS        72,000    0.0    +0.0%    0.0x     중간  0.67  3pt/0 [일봉]

══════════════════════════════════════════════════
📉 KODEX200 -2.7% 급락 — 신규 매수 중단
→ 전종목 HOLD
✅ Discord 전송 완료

[10:52] HOLD | KODEX RSI68/-2.7%⬆️⚠️ | 보유:없음 | 최고신호 HPSP(403870) 3pt/3pt [강세+0.0%★★]
💰 예수금 95,923원 | KODEX200 RSI68/-2.4% 상승추세⬆️ 과열⚠️ | 매수기준 점수3pt↑

코드      종목명           가격    RSI     변화율    거래량     BB   호가비  B/S
────────────────────────────────────────────────────────────────────────
[2단계 분석 대상: 000880, 034020, 403870, 035720, 004020]
403870  HPSP      44,450   43.4    -4.9%    0.5x     하단  9.21  0pt/0 [5분]
055550  신한지주      93,500    0.0    +0.0%    0.0x     중간  0.76  3pt/0 [일봉]
011200  HMM       19,380    0.0    +0.0%    0.0x     중간  1.41  3pt/0 [일봉]
015760  한국전력      37,500    0.0    +0.0%    0.0x     중간  6.85  3pt/0 [일봉]
035720  카카오       41,350   41.7    -3.2%    0.6x     하단  7.77  0pt/0 [5분]
030200  KT        53,700    0.0    +0.0%    0.0x     중간  1.57  3pt/0 [일봉]
003490  대한항공      25,200    0.0    +0.0%    0.0x     중간  3.78  3pt/0 [일봉]
004020  현대제철      37,150   40.0    -5.1%    0.3x     하단  7.23  0pt/0 [5분]
078930  GS        72,100    0.0    +0.0%    0.0x     중간  0.67  3pt/0 [일봉]

══════════════════════════════════════════════════
📉 KODEX200 -2.4% 급락 — 신규 매수 중단
→ 전종목 HOLD
✅ Discord 전송 완료

[10:54] HOLD | KODEX RSI68/-2.4%⬆️⚠️ | 보유:없음 | 최고신호 신한지주(055550) 3pt/3pt [강세+0.0%★★]
💰 예수금 95,923원 | KODEX200 RSI68/-2.5% 상승추세⬆️ 과열⚠️ | 매수기준 점수3pt↑

코드      종목명           가격    RSI     변화율    거래량     BB   호가비  B/S
────────────────────────────────────────────────────────────────────────
[2단계 분석 대상: 004020, 034020, 403870, 000270, 035720]
403870  HPSP      44,350   43.4    -4.9%    0.5x     하단 10.48  0pt/0 [5분]
055550  신한지주      93,700    0.0    +0.0%    0.0x     중간  0.30  3pt/0 [일봉]
011200  HMM       19,360    0.0    +0.0%    0.0x     중간  1.24  3pt/0 [일봉]
015760  한국전력      37,500    0.0    +0.0%    0.0x     중간  7.48  3pt/0 [일봉]
035720  카카오       41,350   41.7    -3.3%    0.6x     하단  8.19  0pt/0 [5분]
030200  KT        53,800    0.0    +0.0%    0.0x     중간  1.58  3pt/0 [일봉]
003490  대한항공      25,200    0.0    +0.0%    0.0x     중간  3.96  3pt/0 [일봉]
004020  현대제철      37,100   40.0    -5.2%    0.3x     하단 23.23  0pt/0 [5분]
078930  GS        72,600    0.0    +0.0%    0.0x     중간  4.64  3pt/0 [일봉]

══════════════════════════════════════════════════
📉 KODEX200 -2.5% 급락 — 신규 매수 중단
→ 전종목 HOLD
✅ Discord 전송 완료

[10:56] HOLD | KODEX RSI68/-2.5%⬆️⚠️ | 보유:없음 | 최고신호 신한지주(055550) 3pt/3pt [강세+0.0%★★]
💰 예수금 95,923원 | KODEX200 RSI68/-2.9% 상승추세⬆️ 과열⚠️ | 매수기준 점수3pt↑

코드      종목명           가격    RSI     변화율    거래량     BB   호가비  B/S
────────────────────────────────────────────────────────────────────────
[2단계 분석 대상: 042660, 034020, 272210, 000880, 066970]
403870  HPSP      44,250    0.0    +0.0%    0.0x     중간  7.58  3pt/0 [일봉]
055550  신한지주      93,500    0.0    +0.0%    0.0x     중간  0.40  3pt/0 [일봉]
011200  HMM       19,320    0.0    +0.0%    0.0x     중간  1.73  3pt/0 [일봉]
015760  한국전력      37,450    0.0    +0.0%    0.0x     중간  6.82  3pt/0 [일봉]
035720  카카오       41,250    0.0    +0.0%    0.0x     중간  6.26  3pt/0 [일봉]
030200  KT        53,800    0.0    +0.0%    0.0x     중간  1.56  3pt/0 [일봉]
003490  대한항공      25,100    0.0    +0.0%    0.0x     중간  4.60  3pt/0 [일봉]
004020  현대제철      37,000    0.0    +0.0%    0.0x     중간  4.37  3pt/0 [일봉]
078930  GS        72,200    0.0    +0.0%    0.0x     중간  3.96  3pt/0 [일봉]

══════════════════════════════════════════════════
📉 KODEX200 -2.9% 급락 — 신규 매수 중단
→ 전종목 HOLD
✅ Discord 전송 완료

[10:58] HOLD | KODEX RSI68/-2.9%⬆️⚠️ | 보유:없음 | 최고신호 HPSP(403870) 3pt/3pt [강세+0.0%★★]
💰 예수금 95,923원 | KODEX200 RSI67/-3.1% 상승추세⬆️ 과열⚠️ | 매수기준 점수3pt↑

코드      종목명           가격    RSI     변화율    거래량     BB   호가비  B/S
────────────────────────────────────────────────────────────────────────
[2단계 분석 대상: 000880, 017670, 042660, 272210, 034020]
403870  HPSP      44,150    0.0    +0.0%    0.0x     중간  5.44  3pt/0 [일봉]
055550  신한지주      93,700    0.0    +0.0%    0.0x     중간  0.34  3pt/0 [일봉]
272210  한화시스템     95,600   34.2    -6.2%    0.5x     하단 10.09  0pt/0 [5분]
011200  HMM       19,320    0.0    +0.0%    0.0x     중간  1.25  3pt/0 [일봉]
015760  한국전력      37,500    0.0    +0.0%    0.0x     중간  6.12  3pt/0 [일봉]
035720  카카오       41,300    0.0    +0.0%    0.0x     중간  8.32  3pt/0 [일봉]
030200  KT        53,700    0.0    +0.0%    0.0x     중간  1.55  3pt/0 [일봉]
003490  대한항공      25,150    0.0    +0.0%    0.0x     중간  4.26  3pt/0 [일봉]
004020  현대제철      36,950    0.0    +0.0%    0.0x     중간  3.70  3pt/0 [일봉]
078930  GS        72,000    0.0    +0.0%    0.0x     중간  0.42  3pt/0 [일봉]

══════════════════════════════════════════════════
📉 KODEX200 -3.1% 급락 — 신규 매수 중단
→ 전종목 HOLD
✅ Discord 전송 완료

[11:00] HOLD | KODEX RSI67/-3.1%⬆️⚠️ | 보유:없음 | 최고신호 HPSP(403870) 3pt/3pt [강세+0.0%★★]
💰 예수금 95,923원 | KODEX200 RSI67/-3.0% 상승추세⬆️ 과열⚠️ | 매수기준 점수3pt↑

코드      종목명           가격    RSI     변화율    거래량     BB   호가비  B/S
────────────────────────────────────────────────────────────────────────
[2단계 분석 대상: 000880, 042660, 000270, 035720, 066970]
403870  HPSP      44,250    0.0    +0.0%    0.0x     중간  4.96  3pt/0 [일봉]
055550  신한지주      93,400    0.0    +0.0%    0.0x     중간  0.38  3pt/0 [일봉]
272210  한화시스템     95,600    0.0    +0.0%    0.0x     중간  8.60  3pt/0 [일봉]
011200  HMM       19,300    0.0    +0.0%    0.0x     중간  1.43  3pt/0 [일봉]
015760  한국전력      37,450    0.0    +0.0%    0.0x     중간  4.36  3pt/0 [일봉]
035720  카카오       41,200   34.7    -3.6%    0.6x     하단 10.03  0pt/0 [5분]
030200  KT        53,600    0.0    +0.0%    0.0x     중간  1.71  3pt/0 [일봉]
003490  대한항공      25,150    0.0    +0.0%    0.0x     중간  4.63  3pt/0 [일봉]
004020  현대제철      36,950    0.0    +0.0%    0.0x     중간  7.25  3pt/0 [일봉]
078930  GS        72,000    0.0    +0.0%    0.0x     중간  0.44  3pt/0 [일봉]

══════════════════════════════════════════════════
📉 KODEX200 -3.0% 급락 — 신규 매수 중단
→ 전종목 HOLD
✅ Discord 전송 완료

[11:02] HOLD | KODEX RSI67/-3.0%⬆️⚠️ | 보유:없음 | 최고신호 HPSP(403870) 3pt/3pt [강세+0.0%★★]
💰 예수금 95,923원 | KODEX200 RSI67/-3.1% 상승추세⬆️ 과열⚠️ | 매수기준 점수3pt↑

코드      종목명           가격    RSI     변화율    거래량     BB   호가비  B/S
────────────────────────────────────────────────────────────────────────
[2단계 분석 대상: 066970, 247540, 000150, 000880, 035720]
403870  HPSP      44,100    0.0    +0.0%    0.0x     중간  6.47  3pt/0 [일봉]
055550  신한지주      93,500    0.0    +0.0%    0.0x     중간  0.40  3pt/0 [일봉]
272210  한화시스템     95,700    0.0    +0.0%    0.0x     중간  7.41  3pt/0 [일봉]
011200  HMM       19,300    0.0    +0.0%    0.0x     중간  1.35  3pt/0 [일봉]
015760  한국전력      37,500    0.0    +0.0%    0.0x     중간  7.09  3pt/0 [일봉]
035720  카카오       41,200   46.8    -3.5%    0.7x     하단  9.60  1pt/0 [5분]
030200  KT        54,000    0.0    +0.0%    0.0x     중간  1.51  3pt/0 [일봉]
003490  대한항공      25,200    0.0    +0.0%    0.0x     중간  4.10  3pt/0 [일봉]
004020  현대제철      36,950    0.0    +0.0%    0.0x     중간  3.74  3pt/0 [일봉]
078930  GS        72,000    0.0    +0.0%    0.0x     중간  0.55  3pt/0 [일봉]

══════════════════════════════════════════════════
📉 KODEX200 -3.1% 급락 — 신규 매수 중단
→ 전종목 HOLD
✅ Discord 전송 완료

[11:04] HOLD | KODEX RSI67/-3.1%⬆️⚠️ | 보유:없음 | 최고신호 HPSP(403870) 3pt/3pt [강세+0.0%★★]
💰 예수금 95,923원 | KODEX200 RSI68/-2.9% 상승추세⬆️ 과열⚠️ | 매수기준 점수3pt↑

코드      종목명           가격    RSI     변화율    거래량     BB   호가비  B/S
────────────────────────────────────────────────────────────────────────
[2단계 분석 대상: 000880, 035720, 000270, 329180, 015760]
403870  HPSP      44,100    0.0    +0.0%    0.0x     중간  5.08  3pt/0 [일봉]
055550  신한지주      93,500    0.0    +0.0%    0.0x     중간  0.55  3pt/0 [일봉]
272210  한화시스템     95,500    0.0    +0.0%    0.0x     중간  6.64  3pt/0 [일봉]
011200  HMM       19,310    0.0    +0.0%    0.0x     중간  1.40  3pt/0 [일봉]
015760  한국전력      37,450   64.3    -3.2%    0.3x     하단  6.79  2pt/0 [5분]
035720  카카오       41,200   46.8    -3.5%    0.7x     하단  9.99  1pt/0 [5분]
030200  KT        53,900    0.0    +0.0%    0.0x     중간  1.56  3pt/0 [일봉]
003490  대한항공      25,150    0.0    +0.0%    0.0x     중간  4.07  3pt/0 [일봉]
004020  현대제철      37,000    0.0    +0.0%    0.0x     중간  6.49  3pt/0 [일봉]
078930  GS        72,100    0.0    +0.0%    0.0x     중간  3.29  3pt/0 [일봉]

══════════════════════════════════════════════════
📉 KODEX200 -2.9% 급락 — 신규 매수 중단
→ 전종목 HOLD
✅ Discord 전송 완료

[11:06] HOLD | KODEX RSI68/-2.9%⬆️⚠️ | 보유:없음 | 최고신호 HPSP(403870) 3pt/3pt [강세+0.0%★★]
💰 예수금 95,923원 | KODEX200 RSI66/-3.5% 상승추세⬆️ 과열⚠️ | 매수기준 점수3pt↑

코드      종목명           가격    RSI     변화율    거래량     BB   호가비  B/S
────────────────────────────────────────────────────────────────────────
[2단계 분석 대상: 000270, 000880, 272210, 000720, 035720]
403870  HPSP      43,900    0.0    +0.0%    0.0x     중간  2.76  3pt/0 [일봉]
055550  신한지주      93,500    0.0    +0.0%    0.0x     중간  0.45  3pt/0 [일봉]
272210  한화시스템     95,700   38.6    -6.3%    0.6x     하단  7.31  0pt/0 [5분]
011200  HMM       19,280    0.0    +0.0%    0.0x     중간  2.96  3pt/0 [일봉]
015760  한국전력      37,450    0.0    +0.0%    0.0x     중간  6.01  3pt/0 [일봉]
035720  카카오       41,150   46.8    -3.6%    0.7x     하단  7.10  1pt/0 [5분]
030200  KT        54,000    0.0    +0.0%    0.0x     중간  1.34  3pt/0 [일봉]
003490  대한항공      25,150    0.0    +0.0%    0.0x     중간  4.15  3pt/0 [일봉]
004020  현대제철      37,200    0.0    +0.0%    0.0x     중간  6.30  3pt/0 [일봉]
078930  GS        71,900    0.0    +0.0%    0.0x     중간  0.45  3pt/0 [일봉]

══════════════════════════════════════════════════
📉 KODEX200 -3.5% 급락 — 신규 매수 중단
→ 전종목 HOLD
✅ Discord 전송 완료

[11:08] HOLD | KODEX RSI66/-3.5%⬆️⚠️ | 보유:없음 | 최고신호 HPSP(403870) 3pt/3pt [강세+0.0%★★]
💰 예수금 95,923원 | KODEX200 RSI66/-3.5% 상승추세⬆️ 과열⚠️ | 매수기준 점수3pt↑

코드      종목명           가격    RSI     변화율    거래량     BB   호가비  B/S
────────────────────────────────────────────────────────────────────────
[2단계 분석 대상: 017670, 066970, 000270, 000880, 003670]
403870  HPSP      43,950    0.0    +0.0%    0.0x     중간  5.64  3pt/0 [일봉]
055550  신한지주      93,500    0.0    +0.0%    0.0x     중간  0.57  3pt/0 [일봉]
272210  한화시스템     95,600    0.0    +0.0%    0.0x     중간  6.12  3pt/0 [일봉]
011200  HMM       19,300    0.0    +0.0%    0.0x     중간  1.73  3pt/0 [일봉]
015760  한국전력      37,450    0.0    +0.0%    0.0x     중간  5.43  3pt/0 [일봉]
035720  카카오       41,150    0.0    +0.0%    0.0x     중간  6.37  3pt/0 [일봉]
030200  KT        53,800    0.0    +0.0%    0.0x     중간  1.53  3pt/0 [일봉]
003490  대한항공      25,150    0.0    +0.0%    0.0x     중간  4.52  3pt/0 [일봉]
004020  현대제철      36,950    0.0    +0.0%    0.0x     중간  2.36  3pt/0 [일봉]
078930  GS        71,900    0.0    +0.0%    0.0x     중간  0.59  3pt/0 [일봉]

══════════════════════════════════════════════════
📉 KODEX200 -3.5% 급락 — 신규 매수 중단
→ 전종목 HOLD
✅ Discord 전송 완료

[11:10] HOLD | KODEX RSI66/-3.5%⬆️⚠️ | 보유:없음 | 최고신호 HPSP(403870) 3pt/3pt [강세+0.0%★★]
💰 예수금 95,923원 | KODEX200 RSI67/-3.0% 상승추세⬆️ 과열⚠️ | 매수기준 점수3pt↑

코드      종목명           가격    RSI     변화율    거래량     BB   호가비  B/S
────────────────────────────────────────────────────────────────────────
[2단계 분석 대상: 000720, 017670, 000880, 003670, 035720]
403870  HPSP      43,950    0.0    +0.0%    0.0x     중간  4.36  3pt/0 [일봉]
055550  신한지주      93,400    0.0    +0.0%    0.0x     중간  0.48  3pt/0 [일봉]
272210  한화시스템     95,500    0.0    +0.0%    0.0x     중간  6.24  3pt/0 [일봉]
011200  HMM       19,270    0.0    +0.0%    0.0x     중간  4.77  3pt/0 [일봉]
015760  한국전력      37,450    0.0    +0.0%    0.0x     중간  6.49  3pt/0 [일봉]
035720  카카오       41,250   46.8    -3.3%    0.7x     하단  7.10  1pt/0 [5분]
030200  KT        53,800    0.0    +0.0%    0.0x     중간  1.62  3pt/0 [일봉]
003490  대한항공      25,200    0.0    +0.0%    0.0x     중간  4.35  3pt/0 [일봉]
004020  현대제철      37,100    0.0    +0.0%    0.0x     중간  3.36  3pt/0 [일봉]
078930  GS        71,900    0.0    +0.0%    0.0x     중간  0.47  3pt/0 [일봉]

══════════════════════════════════════════════════
📉 KODEX200 -3.0% 급락 — 신규 매수 중단
→ 전종목 HOLD
✅ Discord 전송 완료

[11:12] HOLD | KODEX RSI67/-3.0%⬆️⚠️ | 보유:없음 | 최고신호 HPSP(403870) 3pt/3pt [강세+0.0%★★]
💰 예수금 95,923원 | KODEX200 RSI68/-2.8% 상승추세⬆️ 과열⚠️ | 매수기준 점수3pt↑

코드      종목명           가격    RSI     변화율    거래량     BB   호가비  B/S
────────────────────────────────────────────────────────────────────────
[2단계 분석 대상: 000880, 017670, 035720, 034020, 015760]
403870  HPSP      44,000    0.0    +0.0%    0.0x     중간  3.23  3pt/0 [일봉]
055550  신한지주      93,600    0.0    +0.0%    0.0x     중간  0.48  3pt/0 [일봉]
272210  한화시스템     95,500    0.0    +0.0%    0.0x     중간  4.72  3pt/0 [일봉]
011200  HMM       19,260    0.0    +0.0%    0.0x     중간  3.01  3pt/0 [일봉]
015760  한국전력      37,450   53.6    -3.1%    0.3x     하단  6.74  1pt/0 [5분]
035720  카카오       41,250   56.4    -3.5%    0.7x     하단  8.47  1pt/0 [5분]
030200  KT        53,800    0.0    +0.0%    0.0x     중간  1.75  3pt/0 [일봉]
003490  대한항공      25,200    0.0    +0.0%    0.0x     중간  4.50  3pt/0 [일봉]
004020  현대제철      37,050    0.0    +0.0%    0.0x     중간  4.17  3pt/0 [일봉]
078930  GS        71,900    0.0    +0.0%    0.0x     중간  0.52  3pt/0 [일봉]

══════════════════════════════════════════════════
📉 KODEX200 -2.8% 급락 — 신규 매수 중단
→ 전종목 HOLD
✅ Discord 전송 완료

[11:14] HOLD | KODEX RSI68/-2.8%⬆️⚠️ | 보유:없음 | 최고신호 HPSP(403870) 3pt/3pt [강세+0.0%★★]
💰 예수금 95,923원 | KODEX200 RSI67/-3.0% 상승추세⬆️ 과열⚠️ | 매수기준 점수3pt↑

코드      종목명           가격    RSI     변화율    거래량     BB   호가비  B/S
────────────────────────────────────────────────────────────────────────
[2단계 분석 대상: 000880, 000720, 035720, 034020, 017670]
403870  HPSP      43,850    0.0    +0.0%    0.0x     중간  2.03  3pt/0 [일봉]
055550  신한지주      93,600    0.0    +0.0%    0.0x     중간  0.40  3pt/0 [일봉]
272210  한화시스템     95,500    0.0    +0.0%    0.0x     중간  4.84  3pt/0 [일봉]
011200  HMM       19,260    0.0    +0.0%    0.0x     중간  3.01  3pt/0 [일봉]
015760  한국전력      37,450    0.0    +0.0%    0.0x     중간  6.35  3pt/0 [일봉]
035720  카카오       41,250   56.4    -3.4%    0.7x     하단  9.42  1pt/0 [5분]
030200  KT        53,800    0.0    +0.0%    0.0x     중간  1.71  3pt/0 [일봉]
003490  대한항공      25,200    0.0    +0.0%    0.0x     중간  4.53  3pt/0 [일봉]
004020  현대제철      37,000    0.0    +0.0%    0.0x     중간  5.66  3pt/0 [일봉]
078930  GS        71,900    0.0    +0.0%    0.0x     중간  0.56  3pt/0 [일봉]

══════════════════════════════════════════════════
📉 KODEX200 -3.0% 급락 — 신규 매수 중단
→ 전종목 HOLD
✅ Discord 전송 완료

[11:16] HOLD | KODEX RSI67/-3.0%⬆️⚠️ | 보유:없음 | 최고신호 HPSP(403870) 3pt/3pt [강세+0.0%★★]
💰 예수금 95,923원 | KODEX200 RSI68/-2.5% 상승추세⬆️ 과열⚠️ | 매수기준 점수3pt↑

코드      종목명           가격    RSI     변화율    거래량     BB   호가비  B/S
────────────────────────────────────────────────────────────────────────
[2단계 분석 대상: 034020, 035720, 015760, 003670, 329180]
403870  HPSP      44,100    0.0    +0.0%    0.0x     중간  0.91  3pt/0 [일봉]
055550  신한지주      93,400    0.0    +0.0%    0.0x     중간  0.43  3pt/0 [일봉]
272210  한화시스템     95,600    0.0    +0.0%    0.0x     중간  6.05  3pt/0 [일봉]
011200  HMM       19,270    0.0    +0.0%    0.0x     중간  3.92  3pt/0 [일봉]
015760  한국전력      37,500   53.6    -3.1%    0.3x     하단  6.50  1pt/0 [5분]
035720  카카오       41,350   56.4    -3.3%    0.7x     하단  8.39  1pt/0 [5분]
030200  KT        53,700    0.0    +0.0%    0.0x     중간  2.25  3pt/0 [일봉]
003490  대한항공      25,250    0.0    +0.0%    0.0x     중간  4.58  3pt/0 [일봉]
004020  현대제철      37,150    0.0    +0.0%    0.0x     중간  4.05  3pt/0 [일봉]
078930  GS        71,900    0.0    +0.0%    0.0x     중간  0.70  3pt/0 [일봉]

══════════════════════════════════════════════════
📉 KODEX200 -2.5% 급락 — 신규 매수 중단
→ 전종목 HOLD
✅ Discord 전송 완료

[11:18] HOLD | KODEX RSI68/-2.5%⬆️⚠️ | 보유:없음 | 최고신호 HPSP(403870) 3pt/3pt [강세+0.0%★★]
💰 예수금 95,923원 | KODEX200 RSI69/-2.3% 상승추세⬆️ 과열⚠️ | 매수기준 점수3pt↑

코드      종목명           가격    RSI     변화율    거래량     BB   호가비  B/S
────────────────────────────────────────────────────────────────────────
[2단계 분석 대상: 003670, 000720, 034020, 015760, 272210]
403870  HPSP      44,300    0.0    +0.0%    0.0x     중간  0.57  3pt/0 [일봉]
055550  신한지주      93,400    0.0    +0.0%    0.0x     중간  0.51  3pt/0 [일봉]
272210  한화시스템     95,700   46.6    -6.2%    0.6x     하단  6.05  2pt/0 [5분]
011200  HMM       19,270    0.0    +0.0%    0.0x     중간  3.60  3pt/0 [일봉]
015760  한국전력      37,500   50.0    -3.1%    0.3x     하단  6.16  1pt/0 [5분]
035720  카카오       41,450    0.0    +0.0%    0.0x     중간  2.83  3pt/0 [일봉]
030200  KT        53,900    0.0    +0.0%    0.0x     중간  1.44  3pt/0 [일봉]
003490  대한항공      25,250    0.0    +0.0%    0.0x     중간  4.54  3pt/0 [일봉]
004020  현대제철      37,300    0.0    +0.0%    0.0x     중간  2.35  3pt/0 [일봉]
078930  GS        72,000    0.0    +0.0%    0.0x     중간  0.50  3pt/0 [일봉]

══════════════════════════════════════════════════
📉 KODEX200 -2.3% 급락 — 신규 매수 중단
→ 전종목 HOLD
✅ Discord 전송 완료

[11:20] HOLD | KODEX RSI69/-2.3%⬆️⚠️ | 보유:없음 | 최고신호 HPSP(403870) 3pt/3pt [강세+0.0%★★]
💰 예수금 95,923원 | KODEX200 RSI69/-2.2% 상승추세⬆️ 과열⚠️ | 매수기준 점수3pt↑

코드      종목명           가격    RSI     변화율    거래량     BB   호가비  B/S
────────────────────────────────────────────────────────────────────────
[2단계 분석 대상: 003670, 034020, 035720, 015760, 004020]
403870  HPSP      44,300    0.0    +0.0%    0.0x     중간  0.64  3pt/0 [일봉]
055550  신한지주      93,400    0.0    +0.0%    0.0x     중간  0.58  3pt/0 [일봉]
272210  한화시스템     95,700    0.0    +0.0%    0.0x     중간  4.02  3pt/0 [일봉]
011200  HMM       19,260    0.0    +0.0%    0.0x     중간  3.52  3pt/0 [일봉]
015760  한국전력      37,450   50.0    -3.1%    0.3x     하단  6.05  1pt/0 [5분]
035720  카카오       41,400   57.5    -3.0%    0.7x     하단  6.69  1pt/0 [5분]
030200  KT        53,900    0.0    +0.0%    0.0x     중간  1.34  3pt/0 [일봉]
003490  대한항공      25,250    0.0    +0.0%    0.0x     중간  4.24  3pt/0 [일봉]
004020  현대제철      37,250   65.4    -4.7%    0.4x     하단  5.27  0pt/0 [5분]
078930  GS        71,900    0.0    +0.0%    0.0x     중간  0.60  3pt/0 [일봉]

══════════════════════════════════════════════════
📉 KODEX200 -2.2% 급락 — 신규 매수 중단
→ 전종목 HOLD
✅ Discord 전송 완료

[11:22] HOLD | KODEX RSI69/-2.2%⬆️⚠️ | 보유:없음 | 최고신호 HPSP(403870) 3pt/3pt [강세+0.0%★★]
💰 예수금 95,923원 | KODEX200 RSI69/-2.4% 상승추세⬆️ 과열⚠️ | 매수기준 점수3pt↑

코드      종목명           가격    RSI     변화율    거래량     BB   호가비  B/S
────────────────────────────────────────────────────────────────────────
[2단계 분석 대상: 000880, 066970, 000720, 003670, 034020]
403870  HPSP      44,200    0.0    +0.0%    0.0x     중간  0.98  3pt/0 [일봉]
055550  신한지주      93,300    0.0    +0.0%    0.0x     중간  0.49  3pt/0 [일봉]
272210  한화시스템     95,500    0.0    +0.0%    0.0x     중간  8.13  3pt/0 [일봉]
011200  HMM       19,260    0.0    +0.0%    0.0x     중간  3.60  3pt/0 [일봉]
015760  한국전력      37,350    0.0    +0.0%    0.0x     중간  5.38  3pt/0 [일봉]
035720  카카오       41,350    0.0    +0.0%    0.0x     중간  9.09  3pt/0 [일봉]
030200  KT        53,900    0.0    +0.0%    0.0x     중간  1.44  3pt/0 [일봉]
003490  대한항공      25,200    0.0    +0.0%    0.0x     중간  4.17  3pt/0 [일봉]
004020  현대제철      37,250    0.0    +0.0%    0.0x     중간  5.54  3pt/0 [일봉]
078930  GS        71,900    0.0    +0.0%    0.0x     중간  0.58  3pt/0 [일봉]

══════════════════════════════════════════════════
📉 KODEX200 -2.4% 급락 — 신규 매수 중단
→ 전종목 HOLD
✅ Discord 전송 완료

[11:24] HOLD | KODEX RSI69/-2.4%⬆️⚠️ | 보유:없음 | 최고신호 HPSP(403870) 3pt/3pt [강세+0.0%★★]
💰 예수금 95,923원 | KODEX200 RSI68/-2.4% 상승추세⬆️ 과열⚠️ | 매수기준 점수3pt↑

코드      종목명           가격    RSI     변화율    거래량     BB   호가비  B/S
────────────────────────────────────────────────────────────────────────
[2단계 분석 대상: 034020, 000880, 003670, 272210, 042660]
403870  HPSP      44,150    0.0    +0.0%    0.0x     중간  1.46  3pt/0 [일봉]
055550  신한지주      93,300    0.0    +0.0%    0.0x     중간  0.59  3pt/0 [일봉]
272210  한화시스템     95,500   42.4    -6.5%    0.6x     하단  7.89  0pt/0 [5분]
011200  HMM       19,260    0.0    +0.0%    0.0x     중간  3.41  3pt/0 [일봉]
015760  한국전력      37,350    0.0    +0.0%    0.0x     중간  5.00  3pt/0 [일봉]
035720  카카오       41,350    0.0    +0.0%    0.0x     중간  5.33  3pt/0 [일봉]
030200  KT        53,900    0.0    +0.0%    0.0x     중간  1.44  3pt/0 [일봉]
003490  대한항공      25,200    0.0    +0.0%    0.0x     중간  4.40  3pt/0 [일봉]
004020  현대제철      37,300    0.0    +0.0%    0.0x     중간  2.58  3pt/0 [일봉]
078930  GS        71,900    0.0    +0.0%    0.0x     중간  0.58  3pt/0 [일봉]

══════════════════════════════════════════════════
📉 KODEX200 -2.4% 급락 — 신규 매수 중단
→ 전종목 HOLD
✅ Discord 전송 완료

[11:26] HOLD | KODEX RSI68/-2.4%⬆️⚠️ | 보유:없음 | 최고신호 HPSP(403870) 3pt/3pt [강세+0.0%★★]
💰 예수금 95,923원 | KODEX200 RSI69/-2.3% 상승추세⬆️ 과열⚠️ | 매수기준 점수3pt↑

코드      종목명           가격    RSI     변화율    거래량     BB   호가비  B/S
────────────────────────────────────────────────────────────────────────
[2단계 분석 대상: 034020, 003670, 272210, 015760, 329180]
403870  HPSP      44,150    0.0    +0.0%    0.0x     중간  1.33  3pt/0 [일봉]
055550  신한지주      93,400    0.0    +0.0%    0.0x     중간  0.55  3pt/0 [일봉]
272210  한화시스템     95,500   42.4    -6.4%    0.6x     하단  6.75  0pt/0 [5분]
011200  HMM       19,250    0.0    +0.0%    0.0x     중간  3.62  3pt/0 [일봉]
015760  한국전력      37,400   50.0    -3.1%    0.4x     하단  5.66  2pt/0 [5분]
035720  카카오       41,550    0.0    +0.0%    0.0x     중간  1.51  3pt/0 [일봉]
030200  KT        54,000    0.0    +0.0%    0.0x     중간  1.56  3pt/0 [일봉]
003490  대한항공      25,250    0.0    +0.0%    0.0x     중간  4.20  3pt/0 [일봉]
004020  현대제철      37,450    0.0    +0.0%    0.0x     중간  0.62  3pt/0 [일봉]
078930  GS        72,000    0.0    +0.0%    0.0x     중간  0.68  3pt/0 [일봉]

══════════════════════════════════════════════════
📉 KODEX200 -2.3% 급락 — 신규 매수 중단
→ 전종목 HOLD
✅ Discord 전송 완료

[11:28] HOLD | KODEX RSI69/-2.3%⬆️⚠️ | 보유:없음 | 최고신호 HPSP(403870) 3pt/3pt [강세+0.0%★★]
💰 예수금 95,923원 | KODEX200 RSI69/-2.4% 상승추세⬆️ 과열⚠️ | 매수기준 점수3pt↑

코드      종목명           가격    RSI     변화율    거래량     BB   호가비  B/S
────────────────────────────────────────────────────────────────────────
[2단계 분석 대상: 000880, 003670, 034020, 042660, 272210]
403870  HPSP      44,200    0.0    +0.0%    0.0x     중간  1.11  3pt/0 [일봉]
055550  신한지주      93,500    0.0    +0.0%    0.0x     중간  0.56  3pt/0 [일봉]
272210  한화시스템     95,500   33.9    -6.3%    0.6x     하단  6.72  0pt/0 [5분]
011200  HMM       19,250    0.0    +0.0%    0.0x     중간  2.87  3pt/0 [일봉]
015760  한국전력      37,550    0.0    +0.0%    0.0x     중간  2.62  3pt/0 [일봉]
035720  카카오       41,450    0.0    +0.0%    0.0x     중간  3.11  3pt/0 [일봉]
030200  KT        54,000    0.0    +0.0%    0.0x     중간  1.33  3pt/0 [일봉]
003490  대한항공      25,200    0.0    +0.0%    0.0x     중간  4.28  3pt/0 [일봉]
004020  현대제철      37,450    0.0    +0.0%    0.0x     중간  0.75  3pt/0 [일봉]
078930  GS        72,500    0.0    +0.0%    0.0x     중간  6.57  3pt/0 [일봉]

══════════════════════════════════════════════════
📉 KODEX200 -2.4% 급락 — 신규 매수 중단
→ 전종목 HOLD
✅ Discord 전송 완료

[11:30] HOLD | KODEX RSI69/-2.4%⬆️⚠️ | 보유:없음 | 최고신호 HPSP(403870) 3pt/3pt [강세+0.0%★★]
💰 예수금 95,923원 | KODEX200 RSI69/-2.1% 상승추세⬆️ 과열⚠️ | 매수기준 점수3pt↑

코드      종목명           가격    RSI     변화율    거래량     BB   호가비  B/S
────────────────────────────────────────────────────────────────────────
[2단계 분석 대상: 034020, 003670, 011200, 272210, 329180]
403870  HPSP      44,400    0.0    +0.0%    0.0x     중간  0.60  3pt/0 [일봉]
055550  신한지주      93,400    0.0    +0.0%    0.0x     중간  0.56  3pt/0 [일봉]
272210  한화시스템     95,500   33.9    -6.4%    0.6x     하단  6.95  0pt/0 [5분]
011200  HMM       19,250   26.7    -2.6%    0.5x     하단  7.29  0pt/0 [5분]
015760  한국전력      37,600    0.0    +0.0%    0.0x     중간  1.64  3pt/0 [일봉]
035720  카카오       41,450    0.0    +0.0%    0.0x     중간  2.89  3pt/0 [일봉]
030200  KT        54,000    0.0    +0.0%    0.0x     중간  1.42  3pt/0 [일봉]
003490  대한항공      25,250    0.0    +0.0%    0.0x     중간  4.20  3pt/0 [일봉]
004020  현대제철      37,500    0.0    +0.0%    0.0x     중간  0.62  3pt/0 [일봉]
078930  GS        72,300    0.0    +0.0%    0.0x     중간  1.53  3pt/0 [일봉]

══════════════════════════════════════════════════
📉 KODEX200 -2.1% 급락 — 신규 매수 중단
→ 전종목 HOLD
✅ Discord 전송 완료

[11:32] HOLD | KODEX RSI69/-2.1%⬆️⚠️ | 보유:없음 | 최고신호 HPSP(403870) 3pt/3pt [강세+0.0%★★]
💰 예수금 95,923원 | KODEX200 RSI69/-1.9% 상승추세⬆️  | 매수기준 점수3pt↑

코드      종목명           가격    RSI     변화율    거래량     BB   호가비  B/S
────────────────────────────────────────────────────────────────────────
[2단계 분석 대상: 034020, 003670, 011200, 272210, 329180]
403870  HPSP      44,400    0.0    +0.0%    0.0x     중간  0.66  3pt/0 [일봉]
055550  신한지주      93,500    0.0    +0.0%    0.0x     중간  0.77  3pt/0 [일봉]
272210  한화시스템     95,800   41.5    -6.1%    0.6x     하단  6.26  0pt/0 [5분]
011200  HMM       19,250    8.3    -2.6%    0.5x     하단  6.38  0pt/0 [5분]
015760  한국전력      37,600    0.0    +0.0%    0.0x     중간  1.63  3pt/0 [일봉]
035720  카카오       41,600    0.0    +0.0%    0.0x     중간  1.38  3pt/0 [일봉]
030200  KT        54,000    0.0    +0.0%    0.0x     중간  1.55  3pt/0 [일봉]
003490  대한항공      25,250    0.0    +0.0%    0.0x     중간  4.25  3pt/0 [일봉]
004020  현대제철      37,500    0.0    +0.0%    0.0x     중간  0.53  3pt/0 [일봉]
078930  GS        72,300    0.0    +0.0%    0.0x     중간  1.67  3pt/0 [일봉]

══════════════════════════════════════════════════
📉 KODEX200 -1.9% 급락 — 신규 매수 중단
→ 전종목 HOLD
✅ Discord 전송 완료

[11:34] HOLD | KODEX RSI69/-1.9%⬆️ | 보유:없음 | 최고신호 HPSP(403870) 3pt/3pt [강세+0.0%★★]
💰 예수금 95,923원 | KODEX200 RSI70/-1.7% 상승추세⬆️  | 매수기준 점수3pt↑

코드      종목명           가격    RSI     변화율    거래량     BB   호가비  B/S
────────────────────────────────────────────────────────────────────────
[2단계 분석 대상: 003670, 034020, 272210, 011200, 329180]
403870  HPSP      44,450    0.0    +0.0%    0.0x     중간  0.74  3pt/0 [일봉]
055550  신한지주      93,600    0.0    +0.0%    0.0x     중간  0.71  3pt/0 [일봉]
272210  한화시스템     95,700   41.5    -6.1%    0.6x     하단  6.74  0pt/0 [5분]
011200  HMM       19,270    8.3    -2.6%    0.5x     하단  6.05  0pt/0 [5분]
015760  한국전력      37,650    0.0    +0.0%    0.0x     중간  1.51  3pt/0 [일봉]
035720  카카오       41,650    0.0    +0.0%    0.0x     중간  0.65  3pt/0 [일봉]
030200  KT        54,000    0.0    +0.0%    0.0x     중간  1.58  3pt/0 [일봉]
003490  대한항공      25,250    0.0    +0.0%    0.0x     중간  4.25  3pt/0 [일봉]
004020  현대제철      37,450    0.0    +0.0%    0.0x     중간  0.62  3pt/0 [일봉]
078930  GS        72,300    0.0    +0.0%    0.0x     중간  1.55  3pt/0 [일봉]

══════════════════════════════════════════════════
📉 KODEX200 -1.7% 급락 — 신규 매수 중단
→ 전종목 HOLD
✅ Discord 전송 완료

[11:36] HOLD | KODEX RSI70/-1.7%⬆️ | 보유:없음 | 최고신호 HPSP(403870) 3pt/3pt [강세+0.0%★★]
💰 예수금 95,923원 | KODEX200 RSI70/-1.8% 상승추세⬆️  | 매수기준 점수3pt↑

코드      종목명           가격    RSI     변화율    거래량     BB   호가비  B/S
────────────────────────────────────────────────────────────────────────
[2단계 분석 대상: 003670, 011200, 034020, 329180, 272210]
403870  HPSP      44,400    0.0    +0.0%    0.0x     중간  0.73  3pt/0 [일봉]
055550  신한지주      93,500    0.0    +0.0%    0.0x     중간  1.01  3pt/0 [일봉]
272210  한화시스템     95,900   41.5    -5.9%    0.6x     하단  5.38  0pt/0 [5분]
011200  HMM       19,250    8.3    -2.6%    0.5x     하단  8.53  0pt/0 [5분]
015760  한국전력      37,600    0.0    +0.0%    0.0x     중간  1.53  3pt/0 [일봉]
035720  카카오       41,650    0.0    +0.0%    0.0x     중간  1.22  3pt/0 [일봉]
030200  KT        54,000    0.0    +0.0%    0.0x     중간  1.54  3pt/0 [일봉]
003490  대한항공      25,250    0.0    +0.0%    0.0x     중간  4.34  3pt/0 [일봉]
004020  현대제철      37,400    0.0    +0.0%    0.0x     중간  1.10  3pt/0 [일봉]
078930  GS        72,400    0.0    +0.0%    0.0x     중간  1.70  3pt/0 [일봉]

══════════════════════════════════════════════════
📉 KODEX200 -1.8% 급락 — 신규 매수 중단
→ 전종목 HOLD
✅ Discord 전송 완료

[11:38] HOLD | KODEX RSI70/-1.8%⬆️ | 보유:없음 | 최고신호 HPSP(403870) 3pt/3pt [강세+0.0%★★]
💰 예수금 95,923원 | KODEX200 RSI70/-1.7% 상승추세⬆️  | 매수기준 점수3pt↑

코드      종목명           가격    RSI     변화율    거래량     BB   호가비  B/S
────────────────────────────────────────────────────────────────────────
[2단계 분석 대상: 034020, 003670, 011200, 329180, 066970]
403870  HPSP      44,400    0.0    +0.0%    0.0x     중간  0.87  3pt/0 [일봉]
055550  신한지주      93,500    0.0    +0.0%    0.0x     중간  0.81  3pt/0 [일봉]
011200  HMM       19,260    5.8    -2.5%    0.5x     하단  6.06  0pt/0 [5분]
015760  한국전력      37,600    0.0    +0.0%    0.0x     중간  1.57  3pt/0 [일봉]
035720  카카오       41,800    0.0    +0.0%    0.0x     중간  0.73  3pt/0 [일봉]
030200  KT        53,900    0.0    +0.0%    0.0x     중간  1.49  3pt/0 [일봉]
003490  대한항공      25,250    0.0    +0.0%    0.0x     중간  4.25  3pt/0 [일봉]
004020  현대제철      37,650    0.0    +0.0%    0.0x     중간  0.50  3pt/0 [일봉]
078930  GS        72,400    0.0    +0.0%    0.0x     중간  1.84  3pt/0 [일봉]

══════════════════════════════════════════════════
📉 KODEX200 -1.7% 급락 — 신규 매수 중단
→ 전종목 HOLD
✅ Discord 전송 완료

[11:40] HOLD | KODEX RSI70/-1.7%⬆️ | 보유:없음 | 최고신호 HPSP(403870) 3pt/3pt [강세+0.0%★★]
💰 예수금 95,923원 | KODEX200 RSI70/-1.8% 상승추세⬆️  | 매수기준 점수3pt↑

코드      종목명           가격    RSI     변화율    거래량     BB   호가비  B/S
────────────────────────────────────────────────────────────────────────
[2단계 분석 대상: 000150, 066970, 011200, 034020, 003670]
403870  HPSP      44,400    0.0    +0.0%    0.0x     중간  0.88  3pt/0 [일봉]
055550  신한지주      93,400    0.0    +0.0%    0.0x     중간  0.82  3pt/0 [일봉]
011200  HMM       19,260    5.8    -2.6%    0.5x     하단 10.79  0pt/0 [5분]
015760  한국전력      37,600    0.0    +0.0%    0.0x     중간  1.71  3pt/0 [일봉]
035720  카카오       41,700    0.0    +0.0%    0.0x     중간  1.17  3pt/0 [일봉]
030200  KT        53,900    0.0    +0.0%    0.0x     중간  1.57  3pt/0 [일봉]
003490  대한항공      25,250    0.0    +0.0%    0.0x     중간  4.43  3pt/0 [일봉]
004020  현대제철      37,550    0.0    +0.0%    0.0x     중간  0.86  3pt/0 [일봉]
078930  GS        72,400    0.0    +0.0%    0.0x     중간  1.77  3pt/0 [일봉]

══════════════════════════════════════════════════
📉 KODEX200 -1.8% 급락 — 신규 매수 중단
→ 전종목 HOLD
✅ Discord 전송 완료

[11:42] HOLD | KODEX RSI70/-1.8%⬆️ | 보유:없음 | 최고신호 HPSP(403870) 3pt/3pt [강세+0.0%★★]
💰 예수금 95,923원 | KODEX200 RSI70/-1.6% 상승추세⬆️  | 매수기준 점수3pt↑

코드      종목명           가격    RSI     변화율    거래량     BB   호가비  B/S
────────────────────────────────────────────────────────────────────────
[2단계 분석 대상: 034020, 066970, 011200, 003670, 003490]
403870  HPSP      44,600    0.0    +0.0%    0.0x     중간  0.53  3pt/0 [일봉]
055550  신한지주      93,400    0.0    +0.0%    0.0x     중간  0.84  3pt/0 [일봉]
011200  HMM       19,260   18.7    -2.6%    0.5x     하단  6.06  0pt/0 [5분]
015760  한국전력      37,550    0.0    +0.0%    0.0x     중간  2.71  3pt/0 [일봉]
035720  카카오       41,800    0.0    +0.0%    0.0x     중간  0.70  3pt/0 [일봉]
030200  KT        53,900    0.0    +0.0%    0.0x     중간  1.67  3pt/0 [일봉]
003490  대한항공      25,250   41.7    -2.1%    0.5x     하단  4.53  0pt/0 [5분]
004020  현대제철      37,600    0.0    +0.0%    0.0x     중간  0.62  3pt/0 [일봉]
078930  GS        72,500    0.0    +0.0%    0.0x     중간  4.06  3pt/0 [일봉]

══════════════════════════════════════════════════
📉 KODEX200 -1.6% 급락 — 신규 매수 중단
→ 전종목 HOLD
✅ Discord 전송 완료

[11:44] HOLD | KODEX RSI70/-1.6%⬆️ | 보유:없음 | 최고신호 HPSP(403870) 3pt/3pt [강세+0.0%★★]
💰 예수금 95,923원 | KODEX200 RSI71/-1.3% 상승추세⬆️  | 매수기준 점수3pt↑

코드      종목명           가격    RSI     변화율    거래량     BB   호가비  B/S
────────────────────────────────────────────────────────────────────────
[2단계 분석 대상: 034020, 066970, 003670, 329180, 003490]
403870  HPSP      44,550    0.0    +0.0%    0.0x     중간  0.62  2pt/0 [일봉]
055550  신한지주      93,700    0.0    +0.0%    0.0x     중간  0.76  2pt/0 [일봉]
011200  HMM       19,290    0.0    +0.0%    0.0x     중간  3.41  2pt/0 [일봉]
015760  한국전력      37,550    0.0    +0.0%    0.0x     중간  2.97  2pt/0 [일봉]
035720  카카오       41,850    0.0    +0.0%    0.0x     중간  0.70  2pt/0 [일봉]
030200  KT        54,000    0.0    +0.0%    0.0x     중간  1.62  2pt/0 [일봉]
003490  대한항공      25,250   41.7    -2.1%    0.5x     하단  4.67  0pt/0 [5분]
004020  현대제철      37,700    0.0    +0.0%    0.0x     중간  0.53  2pt/0 [일봉]
078930  GS        72,500    0.0    +0.0%    0.0x     중간  1.55  2pt/0 [일봉]

══════════════════════════════════════════════════
📉 KODEX200 MA데드+RSI71 하락추세 — 신규 매수 중단
→ 전종목 HOLD
✅ Discord 전송 완료

[11:46] HOLD | KODEX RSI71/-1.3%⬆️ | 보유:없음 | 최고신호 HPSP(403870) 2pt/3pt [강세+0.0%★]
💰 예수금 95,923원 | KODEX200 RSI70/-1.5% 상승추세⬆️  | 매수기준 점수3pt↑

코드      종목명           가격    RSI     변화율    거래량     BB   호가비  B/S
────────────────────────────────────────────────────────────────────────
[2단계 분석 대상: 034020, 066970, 003670, 000150, 329180]
403870  HPSP      44,550    0.0    +0.0%    0.0x     중간  0.63  2pt/0 [일봉]
055550  신한지주      93,500    0.0    +0.0%    0.0x     중간  0.76  2pt/0 [일봉]
011200  HMM       19,330    0.0    +0.0%    0.0x     중간  0.53  2pt/0 [일봉]
015760  한국전력      37,600    0.0    +0.0%    0.0x     중간  2.03  2pt/0 [일봉]
035720  카카오       41,800    0.0    +0.0%    0.0x     중간  0.37  2pt/0 [일봉]
030200  KT        54,000    0.0    +0.0%    0.0x     중간  1.67  2pt/0 [일봉]
003490  대한항공      25,300    0.0    +0.0%    0.0x     중간  4.49  2pt/0 [일봉]
004020  현대제철      37,650    0.0    +0.0%    0.0x     중간  0.68  2pt/0 [일봉]
078930  GS        72,400    0.0    +0.0%    0.0x     중간  1.77  2pt/0 [일봉]

══════════════════════════════════════════════════
📉 KODEX200 MA데드+RSI70 하락추세 — 신규 매수 중단
→ 전종목 HOLD
✅ Discord 전송 완료

[11:48] HOLD | KODEX RSI70/-1.5%⬆️ | 보유:없음 | 최고신호 HPSP(403870) 2pt/3pt [강세+0.0%★]
💰 예수금 95,923원 | KODEX200 RSI70/-1.6% 상승추세⬆️  | 매수기준 점수3pt↑

코드      종목명           가격    RSI     변화율    거래량     BB   호가비  B/S
────────────────────────────────────────────────────────────────────────
[2단계 분석 대상: 034020, 003670, 329180, 066970, 042660]
403870  HPSP      44,400    0.0    +0.0%    0.0x     중간  1.56  3pt/0 [일봉]
055550  신한지주      93,600    0.0    +0.0%    0.0x     중간  0.73  3pt/0 [일봉]
011200  HMM       19,300    0.0    +0.0%    0.0x     중간  2.94  3pt/0 [일봉]
015760  한국전력      37,600    0.0    +0.0%    0.0x     중간  1.93  3pt/0 [일봉]
035720  카카오       41,750    0.0    +0.0%    0.0x     중간  0.42  3pt/0 [일봉]
030200  KT        54,200    0.0    +0.0%    0.0x     중간  0.88  3pt/0 [일봉]
003490  대한항공      25,300    0.0    +0.0%    0.0x     중간  4.61  3pt/0 [일봉]
004020  현대제철      37,650    0.0    +0.0%    0.0x     중간  0.76  3pt/0 [일봉]
078930  GS        72,500    0.0    +0.0%    0.0x     중간  1.86  3pt/0 [일봉]

══════════════════════════════════════════════════
📉 KODEX200 -1.6% 급락 — 신규 매수 중단
→ 전종목 HOLD
✅ Discord 전송 완료

[11:50] HOLD | KODEX RSI70/-1.6%⬆️ | 보유:없음 | 최고신호 HPSP(403870) 3pt/3pt [강세+0.0%★★]
💰 예수금 95,923원 | KODEX200 RSI70/-1.8% 상승추세⬆️  | 매수기준 점수3pt↑

코드      종목명           가격    RSI     변화율    거래량     BB   호가비  B/S
────────────────────────────────────────────────────────────────────────
[2단계 분석 대상: 034020, 042660, 003670, 329180, 003490]
403870  HPSP      44,400    0.0    +0.0%    0.0x     중간  1.44  3pt/0 [일봉]
055550  신한지주      93,800    0.0    +0.0%    0.0x     중간  0.54  3pt/0 [일봉]
011200  HMM       19,350    0.0    +0.0%    0.0x     중간  0.85  3pt/0 [일봉]
015760  한국전력      37,600    0.0    +0.0%    0.0x     중간  1.82  3pt/0 [일봉]
035720  카카오       41,850    0.0    +0.0%    0.0x     중간  0.39  3pt/0 [일봉]
030200  KT        54,200    0.0    +0.0%    0.0x     중간  0.85  3pt/0 [일봉]
003490  대한항공      25,300   27.3    -1.9%    0.5x     하단  4.79  0pt/0 [5분]
004020  현대제철      37,600    0.0    +0.0%    0.0x     중간  0.72  3pt/0 [일봉]
078930  GS        72,500    0.0    +0.0%    0.0x     중간  2.43  3pt/0 [일봉]

══════════════════════════════════════════════════
📉 KODEX200 -1.8% 급락 — 신규 매수 중단
→ 전종목 HOLD
✅ Discord 전송 완료

[11:52] HOLD | KODEX RSI70/-1.8%⬆️ | 보유:없음 | 최고신호 HPSP(403870) 3pt/3pt [강세+0.0%★★]
💰 예수금 95,923원 | KODEX200 RSI69/-2.0% 상승추세⬆️  | 매수기준 점수3pt↑

코드      종목명           가격    RSI     변화율    거래량     BB   호가비  B/S
────────────────────────────────────────────────────────────────────────
[2단계 분석 대상: 034020, 003670, 329180, 003490, 066970]
403870  HPSP      44,400    0.0    +0.0%    0.0x     중간  1.67  3pt/0 [일봉]
055550  신한지주      93,800    0.0    +0.0%    0.0x     중간  0.60  3pt/0 [일봉]
011200  HMM       19,370    0.0    +0.0%    0.0x     중간  0.41  3pt/0 [일봉]
015760  한국전력      37,600    0.0    +0.0%    0.0x     중간  1.78  3pt/0 [일봉]
035720  카카오       41,800    0.0    +0.0%    0.0x     중간  0.41  3pt/0 [일봉]
030200  KT        54,200    0.0    +0.0%    0.0x     중간  0.93  3pt/0 [일봉]
003490  대한항공      25,300   25.0    -1.9%    0.5x     하단  5.15  0pt/0 [5분]
004020  현대제철      37,550    0.0    +0.0%    0.0x     중간  0.93  3pt/0 [일봉]
078930  GS        72,500    0.0    +0.0%    0.0x     중간  2.79  3pt/0 [일봉]

══════════════════════════════════════════════════
📉 KODEX200 -2.0% 급락 — 신규 매수 중단
→ 전종목 HOLD
✅ Discord 전송 완료

[11:54] HOLD | KODEX RSI69/-2.0%⬆️ | 보유:없음 | 최고신호 HPSP(403870) 3pt/3pt [강세+0.0%★★]
💰 예수금 95,923원 | KODEX200 RSI70/-1.8% 상승추세⬆️  | 매수기준 점수3pt↑

코드      종목명           가격    RSI     변화율    거래량     BB   호가비  B/S
────────────────────────────────────────────────────────────────────────
[2단계 분석 대상: 034020, 066970, 003490, 003670, 017670]
403870  HPSP      44,450    0.0    +0.0%    0.0x     중간  1.45  3pt/0 [일봉]
055550  신한지주      94,000    0.0    +0.0%    0.0x     중간  0.64  3pt/0 [일봉]
011200  HMM       19,380    0.0    +0.0%    0.0x     중간  0.45  3pt/0 [일봉]
015760  한국전력      37,700    0.0    +0.0%    0.0x     중간  1.85  3pt/0 [일봉]
035720  카카오       42,000    0.0    +0.0%    0.0x     중간  0.51  3pt/0 [일봉]
030200  KT        54,200    0.0    +0.0%    0.0x     중간  1.12  3pt/0 [일봉]
003490  대한항공      25,300   25.0    -2.1%    0.5x     하단  4.75  0pt/0 [5분]
004020  현대제철      37,600    0.0    +0.0%    0.0x     중간  1.03  3pt/0 [일봉]
078930  GS        72,700    0.0    +0.0%    0.0x     중간  3.77  3pt/0 [일봉]

══════════════════════════════════════════════════
📉 KODEX200 -1.8% 급락 — 신규 매수 중단
→ 전종목 HOLD
✅ Discord 전송 완료

[11:56] HOLD | KODEX RSI70/-1.8%⬆️ | 보유:없음 | 최고신호 HPSP(403870) 3pt/3pt [강세+0.0%★★]
💰 예수금 95,923원 | KODEX200 RSI70/-1.7% 상승추세⬆️  | 매수기준 점수3pt↑

코드      종목명           가격    RSI     변화율    거래량     BB   호가비  B/S
────────────────────────────────────────────────────────────────────────
[2단계 분석 대상: 034020, 003490, 003670, 078930, 005930]
403870  HPSP      44,500    0.0    +0.0%    0.0x     중간  1.32  3pt/0 [일봉]
055550  신한지주      93,900    0.0    +0.0%    0.0x     중간  0.45  3pt/0 [일봉]
011200  HMM       19,370    0.0    +0.0%    0.0x     중간  0.73  3pt/0 [일봉]
015760  한국전력      37,700    0.0    +0.0%    0.0x     중간  1.76  3pt/0 [일봉]
035720  카카오       42,050    0.0    +0.0%    0.0x     중간  0.31  3pt/0 [일봉]
030200  KT        54,200    0.0    +0.0%    0.0x     중간  1.12  3pt/0 [일봉]
003490  대한항공      25,250   25.0    -2.1%    0.5x     하단  5.12  0pt/0 [5분]
004020  현대제철      37,700    0.0    +0.0%    0.0x     중간  0.74  3pt/0 [일봉]
078930  GS        72,700   43.5    -1.0%    0.4x     하단  2.99  2pt/0 [5분]

══════════════════════════════════════════════════
📉 KODEX200 -1.7% 급락 — 신규 매수 중단
→ 전종목 HOLD
✅ Discord 전송 완료

[11:58] HOLD | KODEX RSI70/-1.7%⬆️ | 보유:없음 | 최고신호 HPSP(403870) 3pt/3pt [강세+1.7%★★]
💰 예수금 95,923원 | KODEX200 RSI70/-1.7% 상승추세⬆️  | 매수기준 점수3pt↑

코드      종목명           가격    RSI     변화율    거래량     BB   호가비  B/S
────────────────────────────────────────────────────────────────────────
[2단계 분석 대상: 034020, 003670, 003490, 078930, 000150]
403870  HPSP      44,500    0.0    +0.0%    0.0x     중간  1.13  3pt/0 [일봉]
055550  신한지주      93,900    0.0    +0.0%    0.0x     중간  0.64  3pt/0 [일봉]
011200  HMM       19,370    0.0    +0.0%    0.0x     중간  0.51  3pt/0 [일봉]
015760  한국전력      37,700    0.0    +0.0%    0.0x     중간  2.77  5pt/0 [일봉]
035720  카카오       42,000    0.0    +0.0%    0.0x     중간  0.64  3pt/0 [일봉]
030200  KT        54,300    0.0    +0.0%    0.0x     중간  1.08  3pt/0 [일봉]
003490  대한항공      25,300   37.0    -1.9%    0.5x     하단  4.93  2pt/0 [5분]
004020  현대제철      37,650    0.0    +0.0%    0.0x     중간  0.85  3pt/0 [일봉]
078930  GS        72,600   40.9    -1.0%    0.4x     하단  3.64  4pt/0 [5분]

══════════════════════════════════════════════════
⏰ 시장 상승 부족 (KODEX -1.7% < 0.5%) — 신규 매수 중단
→ 전종목 HOLD
✅ Discord 전송 완료

[12:00] HOLD | KODEX RSI70/-1.7%⬆️ | 보유:없음 | 최고신호 한국전력(015760) 5pt/3pt [강세+1.7%★★ / 호가2.8★]
💰 예수금 95,923원 | KODEX200 RSI70/-1.7% 상승추세⬆️  | 매수기준 점수3pt↑

코드      종목명           가격    RSI     변화율    거래량     BB   호가비  B/S
────────────────────────────────────────────────────────────────────────
[2단계 분석 대상: 000150, 034020, 003670, 078930, 066970]
403870  HPSP      44,450    0.0    +0.0%    0.0x     중간  1.24  3pt/0 [일봉]
055550  신한지주      93,900    0.0    +0.0%    0.0x     중간  0.63  3pt/0 [일봉]
011200  HMM       19,360    0.0    +0.0%    0.0x     중간  0.57  3pt/0 [일봉]
015760  한국전력      37,700    0.0    +0.0%    0.0x     중간  2.69  5pt/0 [일봉]
035720  카카오       41,750    0.0    +0.0%    0.0x     중간  1.23  3pt/0 [일봉]
030200  KT        54,300    0.0    +0.0%    0.0x     중간  1.09  3pt/0 [일봉]
003490  대한항공      25,250    0.0    +0.0%    0.0x     중간  4.09  5pt/0 [일봉]
004020  현대제철      37,600    0.0    +0.0%    0.0x     중간  0.79  3pt/0 [일봉]
078930  GS        72,800   40.9    -0.7%    0.4x     하단  6.46  4pt/0 [5분]

══════════════════════════════════════════════════
⏰ 매수 세션 종료 (14:00↑) — 신규 매수 중단
→ 전종목 HOLD
✅ Discord 전송 완료

[12:02] HOLD | KODEX RSI70/-1.7%⬆️ | 보유:없음 | 최고신호 한국전력(015760) 5pt/3pt [강세+1.7%★★ / 호가2.7★]
💰 예수금 95,923원 | KODEX200 RSI69/-1.9% 상승추세⬆️  | 매수기준 점수3pt↑

코드      종목명           가격    RSI     변화율    거래량     BB   호가비  B/S
────────────────────────────────────────────────────────────────────────
[2단계 분석 대상: 003670, 034020, 329180, 000150, 003490]
403870  HPSP      44,350    0.0    +0.0%    0.0x     중간  1.86  4pt/0 [일봉]
055550  신한지주      93,900    0.0    +0.0%    0.0x     중간  0.63  3pt/0 [일봉]
011200  HMM       19,370    0.0    +0.0%    0.0x     중간  0.88  3pt/0 [일봉]
015760  한국전력      37,700    0.0    +0.0%    0.0x     중간  2.87  5pt/0 [일봉]
035720  카카오       41,850    0.0    +0.0%    0.0x     중간  0.89  3pt/0 [일봉]
030200  KT        54,200    0.0    +0.0%    0.0x     중간  0.86  3pt/0 [일봉]
003490  대한항공      25,250   38.5    -2.1%    0.5x     하단  4.24  2pt/0 [5분]
004020  현대제철      37,700    0.0    +0.0%    0.0x     중간  0.72  3pt/0 [일봉]
078930  GS        72,700    0.0    +0.0%    0.0x     중간  2.79  5pt/0 [일봉]

══════════════════════════════════════════════════
⏰ 점심시간 (11:30~13:30) — 신규 매수 중단
→ 전종목 HOLD
✅ Discord 전송 완료

[12:04] HOLD | KODEX RSI69/-1.9%⬆️ | 보유:없음 | 최고신호 한국전력(015760) 5pt/3pt [강세+1.9%★★ / 호가2.9★]
💰 예수금 95,923원 | KODEX200 RSI69/-2.1% 상승추세⬆️ 과열⚠️ | 매수기준 점수3pt↑

코드      종목명           가격    RSI     변화율    거래량     BB   호가비  B/S
────────────────────────────────────────────────────────────────────────
[2단계 분석 대상: 003670, 034020, 003490, 066970, 005930]
403870  HPSP      44,300    0.0    +0.0%    0.0x     중간  2.12  5pt/0 [일봉]
055550  신한지주      94,000    0.0    +0.0%    0.0x     중간  0.75  3pt/0 [일봉]
011200  HMM       19,370    0.0    +0.0%    0.0x     중간  1.11  3pt/0 [일봉]
015760  한국전력      37,700    0.0    +0.0%    0.0x     중간  2.97  5pt/0 [일봉]
035720  카카오       41,900    0.0    +0.0%    0.0x     중간  0.81  3pt/0 [일봉]
030200  KT        54,200    0.0    +0.0%    0.0x     중간  0.85  3pt/0 [일봉]
003490  대한항공      25,250   38.5    -2.3%    0.5x     하단  4.38  2pt/0 [5분]
004020  현대제철      37,700    0.0    +0.0%    0.0x     중간  0.69  3pt/0 [일봉]
078930  GS        72,600    0.0    +0.0%    0.0x     중간  1.66  4pt/0 [일봉]

══════════════════════════════════════════════════
⏰ 점심시간 (11:30~13:30) — 신규 매수 중단
→ 전종목 HOLD
✅ Discord 전송 완료

[12:06] HOLD | KODEX RSI69/-2.1%⬆️⚠️ | 보유:없음 | 최고신호 HPSP(403870) 5pt/3pt [강세+2.1%★★ / 호가2.1★]
💰 예수금 95,923원 | KODEX200 RSI69/-2.1% 상승추세⬆️ 과열⚠️ | 매수기준 점수3pt↑

코드      종목명           가격    RSI     변화율    거래량     BB   호가비  B/S
────────────────────────────────────────────────────────────────────────
[2단계 분석 대상: 000150, 003670, 034020, 329180, 003490]
403870  HPSP      44,300    0.0    +0.0%    0.0x     중간  2.18  5pt/0 [일봉]
055550  신한지주      94,100    0.0    +0.0%    0.0x     중간  0.65  3pt/0 [일봉]
011200  HMM       19,380    0.0    +0.0%    0.0x     중간  0.80  3pt/0 [일봉]
015760  한국전력      37,700    0.0    +0.0%    0.0x     중간  2.80  5pt/0 [일봉]
035720  카카오       41,800    0.0    +0.0%    0.0x     중간  1.13  3pt/0 [일봉]
030200  KT        54,100    0.0    +0.0%    0.0x     중간  1.06  3pt/0 [일봉]
003490  대한항공      25,250   38.5    -2.3%    0.5x     하단  4.39  2pt/0 [5분]
004020  현대제철      37,600    0.0    +0.0%    0.0x     중간  0.83  3pt/0 [일봉]
078930  GS        72,800    0.0    +0.0%    0.0x     중간  4.31  5pt/0 [일봉]

══════════════════════════════════════════════════
⏰ 점심시간 (11:30~13:30) — 신규 매수 중단
→ 전종목 HOLD
✅ Discord 전송 완료

[12:08] HOLD | KODEX RSI69/-2.1%⬆️⚠️ | 보유:없음 | 최고신호 HPSP(403870) 5pt/3pt [강세+2.1%★★ / 호가2.2★]
💰 예수금 95,923원 | KODEX200 RSI69/-2.2% 상승추세⬆️ 과열⚠️ | 매수기준 점수3pt↑

코드      종목명           가격    RSI     변화율    거래량     BB   호가비  B/S
────────────────────────────────────────────────────────────────────────
[2단계 분석 대상: 034020, 003670, 066970, 003490, 005930]
403870  HPSP      44,250    0.0    +0.0%    0.0x     중간  3.41  5pt/0 [일봉]
055550  신한지주      94,100    0.0    +0.0%    0.0x     중간  0.59  3pt/0 [일봉]
011200  HMM       19,370    0.0    +0.0%    0.0x     중간  0.93  3pt/0 [일봉]
015760  한국전력      37,650    0.0    +0.0%    0.0x     중간  2.55  5pt/0 [일봉]
035720  카카오       41,800    0.0    +0.0%    0.0x     중간  1.08  3pt/0 [일봉]
030200  KT        54,100    0.0    +0.0%    0.0x     중간  1.13  3pt/0 [일봉]
003490  대한항공      25,200   33.3    -2.3%    0.5x     하단  5.08  2pt/0 [5분]
004020  현대제철      37,550    0.0    +0.0%    0.0x     중간  0.92  3pt/0 [일봉]
078930  GS        72,600    0.0    +0.0%    0.0x     중간  3.98  5pt/0 [일봉]

══════════════════════════════════════════════════
⏰ 점심시간 (11:30~13:30) — 신규 매수 중단
→ 전종목 HOLD
✅ Discord 전송 완료

[12:10] HOLD | KODEX RSI69/-2.2%⬆️⚠️ | 보유:없음 | 최고신호 HPSP(403870) 5pt/3pt [강세+2.2%★★ / 호가3.4★]
💰 예수금 95,923원 | KODEX200 RSI69/-2.3% 상승추세⬆️ 과열⚠️ | 매수기준 점수3pt↑

코드      종목명           가격    RSI     변화율    거래량     BB   호가비  B/S
────────────────────────────────────────────────────────────────────────
[2단계 분석 대상: 066970, 034020, 003670, 003490, 005930]
403870  HPSP      44,250    0.0    +0.0%    0.0x     중간  2.98  5pt/0 [일봉]
055550  신한지주      94,000    0.0    +0.0%    0.0x     중간  0.52  3pt/0 [일봉]
011200  HMM       19,370    0.0    +0.0%    0.0x     중간  1.55  4pt/0 [일봉]
015760  한국전력      37,650    0.0    +0.0%    0.0x     중간  2.58  5pt/0 [일봉]
035720  카카오       41,650    0.0    +0.0%    0.0x     중간  2.88  5pt/0 [일봉]
030200  KT        54,200    0.0    +0.0%    0.0x     중간  1.00  3pt/0 [일봉]
003490  대한항공      25,250   33.3    -2.3%    0.5x     하단  4.87  2pt/0 [5분]
004020  현대제철      37,500    0.0    +0.0%    0.0x     중간  1.16  3pt/0 [일봉]
078930  GS        72,600    0.0    +0.0%    0.0x     중간  3.08  5pt/0 [일봉]

══════════════════════════════════════════════════
⏰ 점심시간 (11:30~13:30) — 신규 매수 중단
→ 전종목 HOLD
✅ Discord 전송 완료

[12:12] HOLD | KODEX RSI69/-2.3%⬆️⚠️ | 보유:없음 | 최고신호 HPSP(403870) 5pt/3pt [강세+2.3%★★ / 호가3.0★]
💰 예수금 95,923원 | KODEX200 RSI68/-2.4% 상승추세⬆️ 과열⚠️ | 매수기준 점수3pt↑

코드      종목명           가격    RSI     변화율    거래량     BB   호가비  B/S
────────────────────────────────────────────────────────────────────────
[2단계 분석 대상: 066970, 034020, 003670, 403870, 003490]
403870  HPSP      44,100   53.8    -5.5%    0.7x     하단  5.46  4pt/0 [5분]
055550  신한지주      94,000    0.0    +0.0%    0.0x     중간  0.84  3pt/0 [일봉]
011200  HMM       19,370    0.0    +0.0%    0.0x     중간  0.71  3pt/0 [일봉]
015760  한국전력      37,650    0.0    +0.0%    0.0x     중간  2.59  5pt/0 [일봉]
035720  카카오       41,650    0.0    +0.0%    0.0x     중간  2.55  5pt/0 [일봉]
030200  KT        54,400    0.0    +0.0%    0.0x     중간  0.79  3pt/0 [일봉]
003490  대한항공      25,250   36.4    -2.1%    0.5x     하단  4.82  2pt/0 [5분]
004020  현대제철      37,650    0.0    +0.0%    0.0x     중간  0.69  3pt/0 [일봉]
078930  GS        72,800    0.0    +0.0%    0.0x     중간  2.80  5pt/0 [일봉]

══════════════════════════════════════════════════
⏰ 점심시간 (11:30~13:30) — 신규 매수 중단
→ 전종목 HOLD
✅ Discord 전송 완료

[12:14] HOLD | KODEX RSI68/-2.4%⬆️⚠️ | 보유:없음 | 최고신호 한국전력(015760) 5pt/3pt [강세+2.4%★★ / 호가2.6★]
💰 예수금 95,923원 | KODEX200 RSI68/-2.6% 상승추세⬆️ 과열⚠️ | 매수기준 점수3pt↑

코드      종목명           가격    RSI     변화율    거래량     BB   호가비  B/S
────────────────────────────────────────────────────────────────────────
[2단계 분석 대상: 000150, 403870, 034020, 003670, 066970]
403870  HPSP      44,000   53.8    -5.8%    0.7x     하단 10.20  4pt/0 [5분]
055550  신한지주      93,900    0.0    +0.0%    0.0x     중간  0.90  3pt/0 [일봉]
011200  HMM       19,370    0.0    +0.0%    0.0x     중간  0.67  3pt/0 [일봉]
015760  한국전력      37,600    0.0    +0.0%    0.0x     중간  2.66  5pt/0 [일봉]
035720  카카오       41,650    0.0    +0.0%    0.0x     중간  3.24  5pt/0 [일봉]
030200  KT        54,400    0.0    +0.0%    0.0x     중간  0.97  3pt/0 [일봉]
003490  대한항공      25,250    0.0    +0.0%    0.0x     중간  4.93  5pt/0 [일봉]
004020  현대제철      37,600    0.0    +0.0%    0.0x     중간  0.70  3pt/0 [일봉]
078930  GS        72,600    0.0    +0.0%    0.0x     중간  2.49  5pt/0 [일봉]

══════════════════════════════════════════════════
⏰ 점심시간 (11:30~13:30) — 신규 매수 중단
→ 전종목 HOLD
✅ Discord 전송 완료

[12:16] HOLD | KODEX RSI68/-2.6%⬆️⚠️ | 보유:없음 | 최고신호 한국전력(015760) 5pt/3pt [강세+2.6%★★ / 호가2.7★]
💰 예수금 95,923원 | KODEX200 RSI69/-2.3% 상승추세⬆️ 과열⚠️ | 매수기준 점수3pt↑

코드      종목명           가격    RSI     변화율    거래량     BB   호가비  B/S
────────────────────────────────────────────────────────────────────────
[2단계 분석 대상: 403870, 034020, 003490, 003670, 066970]
403870  HPSP      44,000   53.8    -5.7%    0.7x     하단 13.94  4pt/0 [5분]
055550  신한지주      94,300    0.0    +0.0%    0.0x     중간  0.83  3pt/0 [일봉]
011200  HMM       19,410    0.0    +0.0%    0.0x     중간  0.72  3pt/0 [일봉]
015760  한국전력      37,700    0.0    +0.0%    0.0x     중간  3.21  5pt/0 [일봉]
035720  카카오       41,700    0.0    +0.0%    0.0x     중간  2.75  5pt/0 [일봉]
030200  KT        54,400    0.0    +0.0%    0.0x     중간  0.91  3pt/0 [일봉]
003490  대한항공      25,300   36.4    -1.9%    0.5x     하단  7.47  4pt/0 [5분]
004020  현대제철      37,600    0.0    +0.0%    0.0x     중간  0.70  3pt/0 [일봉]
078930  GS        72,800    0.0    +0.0%    0.0x     중간  3.27  5pt/0 [일봉]

══════════════════════════════════════════════════
⏰ 점심시간 (11:30~13:30) — 신규 매수 중단
→ 전종목 HOLD
✅ Discord 전송 완료

[12:18] HOLD | KODEX RSI69/-2.3%⬆️⚠️ | 보유:없음 | 최고신호 한국전력(015760) 5pt/3pt [강세+2.3%★★ / 호가3.2★]
💰 예수금 95,923원 | KODEX200 RSI68/-2.7% 상승추세⬆️ 과열⚠️ | 매수기준 점수3pt↑

코드      종목명           가격    RSI     변화율    거래량     BB   호가비  B/S
────────────────────────────────────────────────────────────────────────
[2단계 분석 대상: 066970, 329180, 403870, 034020, 086520]
403870  HPSP      43,850   52.9    -6.0%    0.7x     하단 10.27  4pt/0 [5분]
055550  신한지주      94,100    0.0    +0.0%    0.0x     중간  0.45  3pt/0 [일봉]
011200  HMM       19,380    0.0    +0.0%    0.0x     중간  0.40  3pt/0 [일봉]
015760  한국전력      37,650    0.0    +0.0%    0.0x     중간  2.26  5pt/0 [일봉]
035720  카카오       41,550    0.0    +0.0%    0.0x     중간  5.09  5pt/0 [일봉]
030200  KT        54,600    0.0    +0.0%    0.0x     중간  0.67  3pt/0 [일봉]
003490  대한항공      25,250    0.0    +0.0%    0.0x     중간  5.46  5pt/0 [일봉]
004020  현대제철      37,550    0.0    +0.0%    0.0x     중간  0.91  3pt/0 [일봉]
078930  GS        72,500    0.0    +0.0%    0.0x     중간  1.51  4pt/0 [일봉]

══════════════════════════════════════════════════
⏰ 점심시간 (11:30~13:30) — 신규 매수 중단
→ 전종목 HOLD
✅ Discord 전송 완료

[12:20] HOLD | KODEX RSI68/-2.7%⬆️⚠️ | 보유:없음 | 최고신호 한국전력(015760) 5pt/3pt [강세+2.7%★★ / 호가2.3★]
💰 예수금 95,923원 | KODEX200 RSI68/-2.6% 상승추세⬆️ 과열⚠️ | 매수기준 점수3pt↑

코드      종목명           가격    RSI     변화율    거래량     BB   호가비  B/S
────────────────────────────────────────────────────────────────────────
[2단계 분석 대상: 066970, 329180, 403870, 003670, 086520]
403870  HPSP      43,850   52.9    -5.9%    0.7x     하단 10.07  4pt/0 [5분]
055550  신한지주      94,300    0.0    +0.0%    0.0x     중간  0.78  3pt/0 [일봉]
011200  HMM       19,370    0.0    +0.0%    0.0x     중간  1.23  3pt/0 [일봉]
015760  한국전력      37,650    0.0    +0.0%    0.0x     중간  2.50  5pt/0 [일봉]
035720  카카오       41,700    0.0    +0.0%    0.0x     중간  2.22  5pt/0 [일봉]
030200  KT        54,500    0.0    +0.0%    0.0x     중간  1.31  4pt/0 [일봉]
003490  대한항공      25,300    0.0    +0.0%    0.0x     중간  5.39  5pt/0 [일봉]
004020  현대제철      37,600    0.0    +0.0%    0.0x     중간  1.16  3pt/0 [일봉]
078930  GS        72,700    0.0    +0.0%    0.0x     중간  2.17  5pt/0 [일봉]

══════════════════════════════════════════════════
⏰ 점심시간 (11:30~13:30) — 신규 매수 중단
→ 전종목 HOLD
✅ Discord 전송 완료

[12:22] HOLD | KODEX RSI68/-2.6%⬆️⚠️ | 보유:없음 | 최고신호 한국전력(015760) 5pt/3pt [강세+2.6%★★ / 호가2.5★]
💰 예수금 95,923원 | KODEX200 RSI68/-2.6% 상승추세⬆️ 과열⚠️ | 매수기준 점수3pt↑

코드      종목명           가격    RSI     변화율    거래량     BB   호가비  B/S
────────────────────────────────────────────────────────────────────────
[2단계 분석 대상: 066970, 329180, 403870, 034020, 003670]
403870  HPSP      43,800   45.5    -6.1%    0.7x     하단  8.91  4pt/0 [5분]
055550  신한지주      94,300    0.0    +0.0%    0.0x     중간  0.42  3pt/0 [일봉]
011200  HMM       19,370    0.0    +0.0%    0.0x     중간  1.52  4pt/0 [일봉]
015760  한국전력      37,650    0.0    +0.0%    0.0x     중간  2.50  5pt/0 [일봉]
035720  카카오       41,600    0.0    +0.0%    0.0x     중간  3.59  5pt/0 [일봉]
030200  KT        54,400    0.0    +0.0%    0.0x     중간  1.76  4pt/0 [일봉]
003490  대한항공      25,300    0.0    +0.0%    0.0x     중간  5.33  5pt/0 [일봉]
004020  현대제철      37,600    0.0    +0.0%    0.0x     중간  1.19  3pt/0 [일봉]
078930  GS        72,700    0.0    +0.0%    0.0x     중간  2.57  5pt/0 [일봉]

══════════════════════════════════════════════════
⏰ 점심시간 (11:30~13:30) — 신규 매수 중단
→ 전종목 HOLD
✅ Discord 전송 완료

[12:24] HOLD | KODEX RSI68/-2.6%⬆️⚠️ | 보유:없음 | 최고신호 한국전력(015760) 5pt/3pt [강세+2.6%★★ / 호가2.5★]
💰 예수금 95,923원 | KODEX200 RSI68/-2.8% 상승추세⬆️ 과열⚠️ | 매수기준 점수3pt↑

코드      종목명           가격    RSI     변화율    거래량     BB   호가비  B/S
────────────────────────────────────────────────────────────────────────
[2단계 분석 대상: 066970, 329180, 034020, 003670, 000150]
403870  HPSP      43,750    0.0    +0.0%    0.0x     중간  6.31  5pt/0 [일봉]
055550  신한지주      94,300    0.0    +0.0%    0.0x     중간  0.53  3pt/0 [일봉]
011200  HMM       19,390    0.0    +0.0%    0.0x     중간  1.22  3pt/0 [일봉]
015760  한국전력      37,650    0.0    +0.0%    0.0x     중간  2.65  5pt/0 [일봉]
035720  카카오       41,550    0.0    +0.0%    0.0x     중간  5.32  5pt/0 [일봉]
030200  KT        54,400    0.0    +0.0%    0.0x     중간  1.88  4pt/0 [일봉]
003490  대한항공      25,300    0.0    +0.0%    0.0x     중간  5.66  5pt/0 [일봉]
004020  현대제철      37,500    0.0    +0.0%    0.0x     중간  1.67  4pt/0 [일봉]
078930  GS        72,700    0.0    +0.0%    0.0x     중간  2.81  5pt/0 [일봉]

══════════════════════════════════════════════════
⏰ 점심시간 (11:30~13:30) — 신규 매수 중단
→ 전종목 HOLD
✅ Discord 전송 완료

[12:26] HOLD | KODEX RSI68/-2.8%⬆️⚠️ | 보유:없음 | 최고신호 HPSP(403870) 5pt/3pt [강세+2.8%★★ / 호가6.3★]
💰 예수금 95,923원 | KODEX200 RSI68/-2.9% 상승추세⬆️ 과열⚠️ | 매수기준 점수3pt↑

코드      종목명           가격    RSI     변화율    거래량     BB   호가비  B/S
────────────────────────────────────────────────────────────────────────
[2단계 분석 대상: 066970, 034020, 329180, 003670, 086520]
403870  HPSP      43,650    0.0    +0.0%    0.0x     중간  4.72  5pt/0 [일봉]
055550  신한지주      94,200    0.0    +0.0%    0.0x     중간  0.46  3pt/0 [일봉]
011200  HMM       19,400    0.0    +0.0%    0.0x     중간  1.04  3pt/0 [일봉]
015760  한국전력      37,650    0.0    +0.0%    0.0x     중간  2.78  5pt/0 [일봉]
035720  카카오       41,550    0.0    +0.0%    0.0x     중간  5.29  5pt/0 [일봉]
030200  KT        54,200    0.0    +0.0%    0.0x     중간  1.73  4pt/0 [일봉]
003490  대한항공      25,300    0.0    +0.0%    0.0x     중간  5.79  5pt/0 [일봉]
004020  현대제철      37,500    0.0    +0.0%    0.0x     중간  1.59  4pt/0 [일봉]
078930  GS        72,500    0.0    +0.0%    0.0x     중간  0.56  3pt/0 [일봉]

══════════════════════════════════════════════════
⏰ 점심시간 (11:30~13:30) — 신규 매수 중단
→ 전종목 HOLD
✅ Discord 전송 완료

[12:28] HOLD | KODEX RSI68/-2.9%⬆️⚠️ | 보유:없음 | 최고신호 HPSP(403870) 5pt/3pt [강세+2.9%★★ / 호가4.7★]
💰 예수금 95,923원 | KODEX200 RSI67/-3.0% 상승추세⬆️ 과열⚠️ | 매수기준 점수3pt↑

코드      종목명           가격    RSI     변화율    거래량     BB   호가비  B/S
────────────────────────────────────────────────────────────────────────
[2단계 분석 대상: 066970, 034020, 329180, 003670, 042660]
403870  HPSP      43,550    0.0    +0.0%    0.0x     중간  2.99  5pt/0 [일봉]
055550  신한지주      94,000    0.0    +0.0%    0.0x     중간  0.57  3pt/0 [일봉]
011200  HMM       19,400    0.0    +0.0%    0.0x     중간  0.95  3pt/0 [일봉]
015760  한국전력      37,600    0.0    +0.0%    0.0x     중간  3.09  5pt/0 [일봉]
035720  카카오       41,550    0.0    +0.0%    0.0x     중간  4.78  5pt/0 [일봉]
030200  KT        54,200    0.0    +0.0%    0.0x     중간  1.78  4pt/0 [일봉]
003490  대한항공      25,250    0.0    +0.0%    0.0x     중간  3.91  5pt/0 [일봉]
004020  현대제철      37,500    0.0    +0.0%    0.0x     중간  1.52  4pt/0 [일봉]
078930  GS        72,300    0.0    +0.0%    0.0x     중간  0.39  3pt/0 [일봉]

══════════════════════════════════════════════════
⏰ 점심시간 (11:30~13:30) — 신규 매수 중단
→ 전종목 HOLD
✅ Discord 전송 완료

[12:30] HOLD | KODEX RSI67/-3.0%⬆️⚠️ | 보유:없음 | 최고신호 HPSP(403870) 5pt/3pt [강세+3.0%★★ / 호가3.0★]
💰 예수금 95,923원 | KODEX200 RSI68/-2.9% 상승추세⬆️ 과열⚠️ | 매수기준 점수3pt↑

코드      종목명           가격    RSI     변화율    거래량     BB   호가비  B/S
────────────────────────────────────────────────────────────────────────
[2단계 분석 대상: 066970, 034020, 329180, 003670, 005930]
403870  HPSP      43,400    0.0    +0.0%    0.0x     중간  2.61  5pt/0 [일봉]
055550  신한지주      93,900    0.0    +0.0%    0.0x     중간  0.51  3pt/0 [일봉]
011200  HMM       19,380    0.0    +0.0%    0.0x     중간  1.21  3pt/0 [일봉]
015760  한국전력      37,650    0.0    +0.0%    0.0x     중간  3.01  5pt/0 [일봉]
035720  카카오       41,650    0.0    +0.0%    0.0x     중간  3.03  5pt/0 [일봉]
030200  KT        54,100    0.0    +0.0%    0.0x     중간  2.38  5pt/0 [일봉]
003490  대한항공      25,250    0.0    +0.0%    0.0x     중간  3.93  5pt/0 [일봉]
004020  현대제철      37,600    0.0    +0.0%    0.0x     중간  1.04  3pt/0 [일봉]
078930  GS        72,200    0.0    +0.0%    0.0x     중간  0.37  3pt/0 [일봉]

══════════════════════════════════════════════════
⏰ 점심시간 (11:30~13:30) — 신규 매수 중단
→ 전종목 HOLD
✅ Discord 전송 완료

[12:32] HOLD | KODEX RSI68/-2.9%⬆️⚠️ | 보유:없음 | 최고신호 HPSP(403870) 5pt/3pt [강세+2.9%★★ / 호가2.6★]
💰 예수금 95,923원 | KODEX200 RSI67/-2.9% 상승추세⬆️ 과열⚠️ | 매수기준 점수3pt↑

코드      종목명           가격    RSI     변화율    거래량     BB   호가비  B/S
────────────────────────────────────────────────────────────────────────
[2단계 분석 대상: 066970, 000880, 042660, 034020, 017670]
403870  HPSP      43,400    0.0    +0.0%    0.0x     중간  3.47  5pt/0 [일봉]
055550  신한지주      93,800    0.0    +0.0%    0.0x     중간  0.74  3pt/0 [일봉]
011200  HMM       19,370    0.0    +0.0%    0.0x     중간  1.34  4pt/0 [일봉]
015760  한국전력      37,600    0.0    +0.0%    0.0x     중간  3.37  5pt/0 [일봉]
035720  카카오       41,550    0.0    +0.0%    0.0x     중간  5.07  5pt/0 [일봉]
030200  KT        54,000    0.0    +0.0%    0.0x     중간  4.16  5pt/0 [일봉]
003490  대한항공      25,250    0.0    +0.0%    0.0x     중간  3.95  5pt/0 [일봉]
004020  현대제철      37,500    0.0    +0.0%    0.0x     중간  1.65  4pt/0 [일봉]
078930  GS        72,100    0.0    +0.0%    0.0x     중간  0.34  3pt/0 [일봉]

══════════════════════════════════════════════════
⏰ 점심시간 (11:30~13:30) — 신규 매수 중단
→ 전종목 HOLD
✅ Discord 전송 완료

[12:34] HOLD | KODEX RSI67/-2.9%⬆️⚠️ | 보유:없음 | 최고신호 HPSP(403870) 5pt/3pt [강세+2.9%★★ / 호가3.5★]
💰 예수금 95,923원 | KODEX200 RSI67/-2.9% 상승추세⬆️ 과열⚠️ | 매수기준 점수3pt↑

코드      종목명           가격    RSI     변화율    거래량     BB   호가비  B/S
────────────────────────────────────────────────────────────────────────
[2단계 분석 대상: 066970, 042660, 034020, 000880, 329180]
403870  HPSP      43,350    0.0    +0.0%    0.0x     중간  3.17  5pt/0 [일봉]
055550  신한지주      93,900    0.0    +0.0%    0.0x     중간  0.57  3pt/0 [일봉]
011200  HMM       19,360    0.0    +0.0%    0.0x     중간  1.28  3pt/0 [일봉]
015760  한국전력      37,600    0.0    +0.0%    0.0x     중간  3.07  5pt/0 [일봉]
035720  카카오       41,600    0.0    +0.0%    0.0x     중간  2.26  5pt/0 [일봉]
030200  KT        54,000    0.0    +0.0%    0.0x     중간  3.99  5pt/0 [일봉]
003490  대한항공      25,250    0.0    +0.0%    0.0x     중간  3.96  5pt/0 [일봉]
004020  현대제철      37,550    0.0    +0.0%    0.0x     중간  1.40  4pt/0 [일봉]
078930  GS        72,000    0.0    +0.0%    0.0x     중간  0.30  3pt/0 [일봉]

══════════════════════════════════════════════════
⏰ 점심시간 (11:30~13:30) — 신규 매수 중단
→ 전종목 HOLD
✅ Discord 전송 완료

[12:36] HOLD | KODEX RSI67/-2.9%⬆️⚠️ | 보유:없음 | 최고신호 HPSP(403870) 5pt/3pt [강세+2.9%★★ / 호가3.2★]
💰 예수금 95,923원 | KODEX200 RSI68/-2.7% 상승추세⬆️ 과열⚠️ | 매수기준 점수3pt↑

코드      종목명           가격    RSI     변화율    거래량     BB   호가비  B/S
────────────────────────────────────────────────────────────────────────
[2단계 분석 대상: 066970, 000880, 034020, 042660, 329180]
403870  HPSP      43,400    0.0    +0.0%    0.0x     중간  3.14  5pt/0 [일봉]
055550  신한지주      93,800    0.0    +0.0%    0.0x     중간  0.68  3pt/0 [일봉]
011200  HMM       19,360    0.0    +0.0%    0.0x     중간  1.17  3pt/0 [일봉]
015760  한국전력      37,600    0.0    +0.0%    0.0x     중간  3.00  5pt/0 [일봉]
035720  카카오       41,550    0.0    +0.0%    0.0x     중간  2.49  5pt/0 [일봉]
030200  KT        54,000    0.0    +0.0%    0.0x     중간  3.02  5pt/0 [일봉]
003490  대한항공      25,200    0.0    +0.0%    0.0x     중간  3.80  5pt/0 [일봉]
004020  현대제철      37,550    0.0    +0.0%    0.0x     중간  1.08  3pt/0 [일봉]
078930  GS        72,200    0.0    +0.0%    0.0x     중간  0.43  3pt/0 [일봉]

══════════════════════════════════════════════════
⏰ 점심시간 (11:30~13:30) — 신규 매수 중단
→ 전종목 HOLD
✅ Discord 전송 완료

[12:38] HOLD | KODEX RSI68/-2.7%⬆️⚠️ | 보유:없음 | 최고신호 HPSP(403870) 5pt/3pt [강세+2.7%★★ / 호가3.1★]
💰 예수금 95,923원 | KODEX200 RSI68/-2.5% 상승추세⬆️ 과열⚠️ | 매수기준 점수3pt↑

코드      종목명           가격    RSI     변화율    거래량     BB   호가비  B/S
────────────────────────────────────────────────────────────────────────
[2단계 분석 대상: 066970, 034020, 000880, 003670, 329180]
403870  HPSP      43,450    0.0    +0.0%    0.0x     중간  3.24  5pt/0 [일봉]
055550  신한지주      94,200    0.0    +0.0%    0.0x     중간  0.70  3pt/0 [일봉]
011200  HMM       19,360    0.0    +0.0%    0.0x     중간  1.16  3pt/0 [일봉]
015760  한국전력      37,550    0.0    +0.0%    0.0x     중간  2.99  5pt/0 [일봉]
035720  카카오       41,600    0.0    +0.0%    0.0x     중간  2.31  5pt/0 [일봉]
030200  KT        54,100    0.0    +0.0%    0.0x     중간  2.08  5pt/0 [일봉]
003490  대한항공      25,200    0.0    +0.0%    0.0x     중간  5.35  5pt/0 [일봉]
004020  현대제철      37,600    0.0    +0.0%    0.0x     중간  1.16  3pt/0 [일봉]
078930  GS        72,200    0.0    +0.0%    0.0x     중간  0.37  3pt/0 [일봉]

══════════════════════════════════════════════════
⏰ 점심시간 (11:30~13:30) — 신규 매수 중단
→ 전종목 HOLD
✅ Discord 전송 완료

[12:40] HOLD | KODEX RSI68/-2.5%⬆️⚠️ | 보유:없음 | 최고신호 HPSP(403870) 5pt/3pt [강세+2.5%★★ / 호가3.2★]
💰 예수금 95,923원 | KODEX200 RSI68/-2.8% 상승추세⬆️ 과열⚠️ | 매수기준 점수3pt↑

코드      종목명           가격    RSI     변화율    거래량     BB   호가비  B/S
────────────────────────────────────────────────────────────────────────
[2단계 분석 대상: 066970, 034020, 000880, 003670, 042660]
403870  HPSP      43,350    0.0    +0.0%    0.0x     중간  3.34  5pt/0 [일봉]
055550  신한지주      94,100    0.0    +0.0%    0.0x     중간  0.74  3pt/0 [일봉]
011200  HMM       19,360    0.0    +0.0%    0.0x     중간  1.90  4pt/0 [일봉]
015760  한국전력      37,550    0.0    +0.0%    0.0x     중간  2.96  5pt/0 [일봉]
035720  카카오       41,600    0.0    +0.0%    0.0x     중간  2.12  5pt/0 [일봉]
030200  KT        54,000    0.0    +0.0%    0.0x     중간  2.32  5pt/0 [일봉]
003490  대한항공      25,250    0.0    +0.0%    0.0x     중간  7.07  5pt/0 [일봉]
004020  현대제철      37,500    0.0    +0.0%    0.0x     중간  1.76  4pt/0 [일봉]
078930  GS        72,200    0.0    +0.0%    0.0x     중간  0.29  3pt/0 [일봉]

══════════════════════════════════════════════════
⏰ 점심시간 (11:30~13:30) — 신규 매수 중단
→ 전종목 HOLD
✅ Discord 전송 완료

[12:42] HOLD | KODEX RSI68/-2.8%⬆️⚠️ | 보유:없음 | 최고신호 HPSP(403870) 5pt/3pt [강세+2.8%★★ / 호가3.3★]
💰 예수금 95,923원 | KODEX200 RSI68/-2.6% 상승추세⬆️ 과열⚠️ | 매수기준 점수3pt↑

코드      종목명           가격    RSI     변화율    거래량     BB   호가비  B/S
────────────────────────────────────────────────────────────────────────
[2단계 분석 대상: 066970, 034020, 003490, 000880, 003670]
403870  HPSP      43,450    0.0    +0.0%    0.0x     중간  4.34  5pt/0 [일봉]
055550  신한지주      94,300    0.0    +0.0%    0.0x     중간  0.47  3pt/0 [일봉]
011200  HMM       19,350    0.0    +0.0%    0.0x     중간  1.69  4pt/0 [일봉]
015760  한국전력      37,550    0.0    +0.0%    0.0x     중간  2.73  5pt/0 [일봉]
035720  카카오       41,600    0.0    +0.0%    0.0x     중간  2.20  5pt/0 [일봉]
030200  KT        54,100    0.0    +0.0%    0.0x     중간  1.69  4pt/0 [일봉]
003490  대한항공      25,200   45.5    -2.3%    0.5x     하단  8.30  3pt/0 [5분]
004020  현대제철      37,550    0.0    +0.0%    0.0x     중간  1.29  3pt/0 [일봉]
078930  GS        72,200    0.0    +0.0%    0.0x     중간  0.30  3pt/0 [일봉]

══════════════════════════════════════════════════
⏰ 점심시간 (11:30~13:30) — 신규 매수 중단
→ 전종목 HOLD
✅ Discord 전송 완료

[12:44] HOLD | KODEX RSI68/-2.6%⬆️⚠️ | 보유:없음 | 최고신호 HPSP(403870) 5pt/3pt [강세+2.6%★★ / 호가4.3★]
💰 예수금 95,923원 | KODEX200 RSI68/-2.4% 상승추세⬆️ 과열⚠️ | 매수기준 점수3pt↑

코드      종목명           가격    RSI     변화율    거래량     BB   호가비  B/S
────────────────────────────────────────────────────────────────────────
[2단계 분석 대상: 066970, 000880, 034020, 003670, 003490]
403870  HPSP      43,550    0.0    +0.0%    0.0x     중간  2.51  5pt/0 [일봉]
055550  신한지주      94,200    0.0    +0.0%    0.0x     중간  0.45  3pt/0 [일봉]
011200  HMM       19,350    0.0    +0.0%    0.0x     중간  1.60  4pt/0 [일봉]
015760  한국전력      37,600    0.0    +0.0%    0.0x     중간  3.08  5pt/0 [일봉]
035720  카카오       41,700    0.0    +0.0%    0.0x     중간  1.25  3pt/0 [일봉]
030200  KT        54,000    0.0    +0.0%    0.0x     중간  1.61  4pt/0 [일봉]
003490  대한항공      25,250   45.5    -2.3%    0.5x     하단  4.98  3pt/0 [5분]
004020  현대제철      37,650    0.0    +0.0%    0.0x     중간  0.92  3pt/0 [일봉]
078930  GS        72,400    0.0    +0.0%    0.0x     중간  0.37  3pt/0 [일봉]

══════════════════════════════════════════════════
⏰ 점심시간 (11:30~13:30) — 신규 매수 중단
→ 전종목 HOLD
✅ Discord 전송 완료

[12:46] HOLD | KODEX RSI68/-2.4%⬆️⚠️ | 보유:없음 | 최고신호 HPSP(403870) 5pt/3pt [강세+2.4%★★ / 호가2.5★]
💰 예수금 95,923원 | KODEX200 RSI69/-2.3% 상승추세⬆️ 과열⚠️ | 매수기준 점수3pt↑

코드      종목명           가격    RSI     변화율    거래량     BB   호가비  B/S
────────────────────────────────────────────────────────────────────────
[2단계 분석 대상: 066970, 034020, 000880, 003670, 003490]
403870  HPSP      43,550    0.0    +0.0%    0.0x     중간  2.33  5pt/0 [일봉]
055550  신한지주      94,100    0.0    +0.0%    0.0x     중간  0.55  3pt/0 [일봉]
011200  HMM       19,350    0.0    +0.0%    0.0x     중간  1.62  4pt/0 [일봉]
015760  한국전력      37,600    0.0    +0.0%    0.0x     중간  2.69  5pt/0 [일봉]
035720  카카오       41,700    0.0    +0.0%    0.0x     중간  1.32  4pt/0 [일봉]
030200  KT        54,000    0.0    +0.0%    0.0x     중간  1.58  4pt/0 [일봉]
003490  대한항공      25,250   45.5    -2.3%    0.5x     하단  4.99  3pt/0 [5분]
004020  현대제철      37,600    0.0    +0.0%    0.0x     중간  1.13  3pt/0 [일봉]
078930  GS        72,300    0.0    +0.0%    0.0x     중간  0.40  3pt/0 [일봉]

══════════════════════════════════════════════════
⏰ 점심시간 (11:30~13:30) — 신규 매수 중단
→ 전종목 HOLD
✅ Discord 전송 완료

[12:48] HOLD | KODEX RSI69/-2.3%⬆️⚠️ | 보유:없음 | 최고신호 HPSP(403870) 5pt/3pt [강세+2.3%★★ / 호가2.3★]
💰 예수금 95,923원 | KODEX200 RSI69/-2.3% 상승추세⬆️ 과열⚠️ | 매수기준 점수3pt↑

코드      종목명           가격    RSI     변화율    거래량     BB   호가비  B/S
────────────────────────────────────────────────────────────────────────
[2단계 분석 대상: 034020, 000880, 003670, 003490, 086520]
403870  HPSP      43,600    0.0    +0.0%    0.0x     중간  2.64  5pt/0 [일봉]
055550  신한지주      94,300    0.0    +0.0%    0.0x     중간  0.52  3pt/0 [일봉]
011200  HMM       19,350    0.0    +0.0%    0.0x     중간  1.74  4pt/0 [일봉]
015760  한국전력      37,550    0.0    +0.0%    0.0x     중간  2.95  5pt/0 [일봉]
035720  카카오       41,650    0.0    +0.0%    0.0x     중간  2.68  5pt/0 [일봉]
030200  KT        54,000    0.0    +0.0%    0.0x     중간  1.58  4pt/0 [일봉]
003490  대한항공      25,250   45.5    -2.1%    0.5x     하단  5.20  3pt/0 [5분]
004020  현대제철      37,650    0.0    +0.0%    0.0x     중간  0.99  3pt/0 [일봉]
078930  GS        72,300    0.0    +0.0%    0.0x     중간  0.34  3pt/0 [일봉]

══════════════════════════════════════════════════
⏰ 점심시간 (11:30~13:30) — 신규 매수 중단
→ 전종목 HOLD
✅ Discord 전송 완료

[12:50] HOLD | KODEX RSI69/-2.3%⬆️⚠️ | 보유:없음 | 최고신호 HPSP(403870) 5pt/3pt [강세+2.3%★★ / 호가2.6★]
💰 예수금 95,923원 | KODEX200 RSI69/-2.4% 상승추세⬆️ 과열⚠️ | 매수기준 점수3pt↑

코드      종목명           가격    RSI     변화율    거래량     BB   호가비  B/S
────────────────────────────────────────────────────────────────────────
[2단계 분석 대상: 034020, 000880, 003670, 066970, 003490]
403870  HPSP      43,600    0.0    +0.0%    0.0x     중간  2.19  5pt/0 [일봉]
055550  신한지주      94,200    0.0    +0.0%    0.0x     중간  0.50  3pt/0 [일봉]
011200  HMM       19,350    0.0    +0.0%    0.0x     중간  1.56  4pt/0 [일봉]
015760  한국전력      37,600    0.0    +0.0%    0.0x     중간  3.06  5pt/0 [일봉]
035720  카카오       41,700    0.0    +0.0%    0.0x     중간  1.95  4pt/0 [일봉]
030200  KT        54,000    0.0    +0.0%    0.0x     중간  1.55  4pt/0 [일봉]
003490  대한항공      25,250   45.5    -2.3%    0.5x     하단  5.24  3pt/0 [5분]
004020  현대제철      37,700    0.0    +0.0%    0.0x     중간  1.04  3pt/0 [일봉]
078930  GS        72,300    0.0    +0.0%    0.0x     중간  0.46  3pt/0 [일봉]

══════════════════════════════════════════════════
⏰ 점심시간 (11:30~13:30) — 신규 매수 중단
→ 전종목 HOLD
✅ Discord 전송 완료

[12:52] HOLD | KODEX RSI69/-2.4%⬆️⚠️ | 보유:없음 | 최고신호 HPSP(403870) 5pt/3pt [강세+2.4%★★ / 호가2.2★]
💰 예수금 95,923원 | KODEX200 RSI68/-2.6% 상승추세⬆️ 과열⚠️ | 매수기준 점수3pt↑

코드      종목명           가격    RSI     변화율    거래량     BB   호가비  B/S
────────────────────────────────────────────────────────────────────────
[2단계 분석 대상: 066970, 034020, 000880, 003670, 003490]
403870  HPSP      43,550    0.0    +0.0%    0.0x     중간  2.99  5pt/0 [일봉]
055550  신한지주      94,200    0.0    +0.0%    0.0x     중간  0.32  3pt/0 [일봉]
011200  HMM       19,340    0.0    +0.0%    0.0x     중간  1.53  4pt/0 [일봉]
015760  한국전력      37,600    0.0    +0.0%    0.0x     중간  2.92  5pt/0 [일봉]
035720  카카오       41,650    0.0    +0.0%    0.0x     중간  2.25  5pt/0 [일봉]
030200  KT        54,000    0.0    +0.0%    0.0x     중간  1.72  4pt/0 [일봉]
003490  대한항공      25,250   45.5    -2.3%    0.5x     하단  5.16  3pt/0 [5분]
004020  현대제철      37,600    0.0    +0.0%    0.0x     중간  0.60  3pt/0 [일봉]
078930  GS        72,300    0.0    +0.0%    0.0x     중간  0.56  3pt/0 [일봉]

══════════════════════════════════════════════════
⏰ 점심시간 (11:30~13:30) — 신규 매수 중단
→ 전종목 HOLD
✅ Discord 전송 완료

[12:54] HOLD | KODEX RSI68/-2.6%⬆️⚠️ | 보유:없음 | 최고신호 HPSP(403870) 5pt/3pt [강세+2.6%★★ / 호가3.0★]
💰 예수금 95,923원 | KODEX200 RSI68/-2.6% 상승추세⬆️ 과열⚠️ | 매수기준 점수3pt↑

코드      종목명           가격    RSI     변화율    거래량     BB   호가비  B/S
────────────────────────────────────────────────────────────────────────
[2단계 분석 대상: 066970, 000880, 034020, 003670, 003490]
403870  HPSP      43,700    0.0    +0.0%    0.0x     중간  2.47  5pt/0 [일봉]
055550  신한지주      94,400    0.0    +0.0%    0.0x     중간  0.35  3pt/0 [일봉]
011200  HMM       19,340    0.0    +0.0%    0.0x     중간  1.46  4pt/0 [일봉]
015760  한국전력      37,600    0.0    +0.0%    0.0x     중간  3.13  5pt/0 [일봉]
035720  카카오       41,850    0.0    +0.0%    0.0x     중간  1.08  3pt/0 [일봉]
030200  KT        54,000    0.0    +0.0%    0.0x     중간  1.76  4pt/0 [일봉]
003490  대한항공      25,250   45.5    -2.1%    0.5x     하단  5.27  5pt/0 [5분]
004020  현대제철      37,700    0.0    +0.0%    0.0x     중간  0.95  3pt/0 [일봉]
078930  GS        72,200    0.0    +0.0%    0.0x     중간  0.54  3pt/0 [일봉]

══════════════════════════════════════════════════
⏰ 점심시간 (11:30~13:30) — 신규 매수 중단
→ 전종목 HOLD
✅ Discord 전송 완료

[12:56] HOLD | KODEX RSI68/-2.6%⬆️⚠️ | 보유:없음 | 최고신호 HPSP(403870) 5pt/3pt [강세+2.6%★★ / 호가2.5★]
💰 예수금 95,923원 | KODEX200 RSI68/-2.5% 상승추세⬆️ 과열⚠️ | 매수기준 점수3pt↑

코드      종목명           가격    RSI     변화율    거래량     BB   호가비  B/S
────────────────────────────────────────────────────────────────────────
[2단계 분석 대상: 034020, 066970, 000880, 003670, 000150]
403870  HPSP      43,700    0.0    +0.0%    0.0x     중간  2.87  5pt/0 [일봉]
055550  신한지주      94,400    0.0    +0.0%    0.0x     중간  0.31  3pt/0 [일봉]
011200  HMM       19,340    0.0    +0.0%    0.0x     중간  1.38  4pt/0 [일봉]
015760  한국전력      37,600    0.0    +0.0%    0.0x     중간  2.98  5pt/0 [일봉]
035720  카카오       41,950    0.0    +0.0%    0.0x     중간  1.51  4pt/0 [일봉]
030200  KT        54,000    0.0    +0.0%    0.0x     중간  1.69  4pt/0 [일봉]
003490  대한항공      25,250    0.0    +0.0%    0.0x     중간  5.04  5pt/0 [일봉]
004020  현대제철      37,750    0.0    +0.0%    0.0x     중간  0.93  3pt/0 [일봉]
078930  GS        72,200    0.0    +0.0%    0.0x     중간  0.53  3pt/0 [일봉]

══════════════════════════════════════════════════
⏰ 점심시간 (11:30~13:30) — 신규 매수 중단
→ 전종목 HOLD
✅ Discord 전송 완료

[12:58] HOLD | KODEX RSI68/-2.5%⬆️⚠️ | 보유:없음 | 최고신호 HPSP(403870) 5pt/3pt [강세+2.5%★★ / 호가2.9★]
💰 예수금 95,923원 | KODEX200 RSI68/-2.4% 상승추세⬆️ 과열⚠️ | 매수기준 점수3pt↑

코드      종목명           가격    RSI     변화율    거래량     BB   호가비  B/S
────────────────────────────────────────────────────────────────────────
[2단계 분석 대상: 066970, 034020, 000880, 003670, 003490]
403870  HPSP      43,700    0.0    +0.0%    0.0x     중간  3.38  5pt/0 [일봉]
055550  신한지주      94,300    0.0    +0.0%    0.0x     중간  0.53  3pt/0 [일봉]
011200  HMM       19,350    0.0    +0.0%    0.0x     중간  1.53  4pt/0 [일봉]
015760  한국전력      37,550    0.0    +0.0%    0.0x     중간  3.24  5pt/0 [일봉]
035720  카카오       42,000    0.0    +0.0%    0.0x     중간  1.86  4pt/0 [일봉]
030200  KT        54,000    0.0    +0.0%    0.0x     중간  1.82  4pt/0 [일봉]
003490  대한항공      25,250   58.3    -2.1%    0.5x     하단  5.10  3pt/0 [5분]
004020  현대제철      37,700    0.0    +0.0%    0.0x     중간  0.91  3pt/0 [일봉]
078930  GS        72,100    0.0    +0.0%    0.0x     중간  0.61  3pt/0 [일봉]

══════════════════════════════════════════════════
⏰ 매수 세션 종료 (14:00↑) — 신규 매수 중단
→ 전종목 HOLD
✅ Discord 전송 완료

[13:00] HOLD | KODEX RSI68/-2.4%⬆️⚠️ | 보유:없음 | 최고신호 HPSP(403870) 5pt/3pt [강세+2.4%★★ / 호가3.4★]
💰 예수금 95,923원 | KODEX200 RSI69/-2.2% 상승추세⬆️ 과열⚠️ | 매수기준 점수3pt↑

코드      종목명           가격    RSI     변화율    거래량     BB   호가비  B/S
────────────────────────────────────────────────────────────────────────
[2단계 분석 대상: 066970, 000880, 034020, 003670, 042660]
403870  HPSP      43,650    0.0    +0.0%    0.0x     중간  3.72  5pt/0 [일봉]
055550  신한지주      94,400    0.0    +0.0%    0.0x     중간  0.52  3pt/0 [일봉]
011200  HMM       19,350    0.0    +0.0%    0.0x     중간  1.47  4pt/0 [일봉]
015760  한국전력      37,600    0.0    +0.0%    0.0x     중간  3.14  5pt/0 [일봉]
035720  카카오       42,200    0.0    +0.0%    0.0x     중간  0.30  3pt/0 [일봉]
030200  KT        54,100    0.0    +0.0%    0.0x     중간  1.44  4pt/0 [일봉]
003490  대한항공      25,250    0.0    +0.0%    0.0x     중간  5.14  5pt/0 [일봉]
004020  현대제철      37,850    0.0    +0.0%    0.0x     중간  0.73  3pt/0 [일봉]
078930  GS        72,000    0.0    +0.0%    0.0x     중간  0.20  3pt/0 [일봉]

══════════════════════════════════════════════════
⏰ 매수 세션 종료 (14:00↑) — 신규 매수 중단
→ 전종목 HOLD
✅ Discord 전송 완료

[13:02] HOLD | KODEX RSI69/-2.2%⬆️⚠️ | 보유:없음 | 최고신호 HPSP(403870) 5pt/3pt [강세+2.2%★★ / 호가3.7★]
💰 예수금 95,923원 | KODEX200 RSI69/-1.9% 상승추세⬆️  | 매수기준 점수3pt↑

코드      종목명           가격    RSI     변화율    거래량     BB   호가비  B/S
────────────────────────────────────────────────────────────────────────
[2단계 분석 대상: 066970, 000880, 042660, 034020, 003670]
403870  HPSP      43,600    0.0    +0.0%    0.0x     중간  4.47  5pt/0 [일봉]
055550  신한지주      94,400    0.0    +0.0%    0.0x     중간  0.50  3pt/0 [일봉]
011200  HMM       19,360    0.0    +0.0%    0.0x     중간  1.82  4pt/0 [일봉]
015760  한국전력      37,700    0.0    +0.0%    0.0x     중간  3.19  5pt/0 [일봉]
035720  카카오       42,150    0.0    +0.0%    0.0x     중간  0.43  3pt/0 [일봉]
030200  KT        54,100    0.0    +0.0%    0.0x     중간  1.42  4pt/0 [일봉]
003490  대한항공      25,300    0.0    +0.0%    0.0x     중간  4.82  5pt/0 [일봉]
004020  현대제철      37,850    0.0    +0.0%    0.0x     중간  1.01  3pt/0 [일봉]
078930  GS        72,200    0.0    +0.0%    0.0x     중간  0.35  3pt/0 [일봉]

══════════════════════════════════════════════════
⏰ 매수 세션 종료 (14:00↑) — 신규 매수 중단
→ 전종목 HOLD
✅ Discord 전송 완료

[13:04] HOLD | KODEX RSI69/-1.9%⬆️ | 보유:없음 | 최고신호 HPSP(403870) 5pt/3pt [강세+1.9%★★ / 호가4.5★]
💰 예수금 95,923원 | KODEX200 RSI70/-1.7% 상승추세⬆️  | 매수기준 점수3pt↑

코드      종목명           가격    RSI     변화율    거래량     BB   호가비  B/S
────────────────────────────────────────────────────────────────────────
[2단계 분석 대상: 066970, 042660, 000880, 003670, 034020]
403870  HPSP      43,750    0.0    +0.0%    0.0x     중간  1.82  4pt/0 [일봉]
055550  신한지주      94,300    0.0    +0.0%    0.0x     중간  0.81  3pt/0 [일봉]
011200  HMM       19,360    0.0    +0.0%    0.0x     중간  0.96  3pt/0 [일봉]
015760  한국전력      37,700    0.0    +0.0%    0.0x     중간  3.11  5pt/0 [일봉]
035720  카카오       42,100    0.0    +0.0%    0.0x     중간  0.56  3pt/0 [일봉]
030200  KT        54,100    0.0    +0.0%    0.0x     중간  1.26  3pt/0 [일봉]
003490  대한항공      25,300    0.0    +0.0%    0.0x     중간  4.94  5pt/0 [일봉]
004020  현대제철      37,900    0.0    +0.0%    0.0x     중간  0.54  3pt/0 [일봉]
078930  GS        72,200    0.0    +0.0%    0.0x     중간  0.35  3pt/0 [일봉]

══════════════════════════════════════════════════
⏰ 매수 세션 종료 (14:00↑) — 신규 매수 중단
→ 전종목 HOLD
✅ Discord 전송 완료

[13:06] HOLD | KODEX RSI70/-1.7%⬆️ | 보유:없음 | 최고신호 한국전력(015760) 5pt/3pt [강세+1.7%★★ / 호가3.1★]
💰 예수금 95,923원 | KODEX200 RSI70/-1.7% 상승추세⬆️  | 매수기준 점수3pt↑

코드      종목명           가격    RSI     변화율    거래량     BB   호가비  B/S
────────────────────────────────────────────────────────────────────────
[2단계 분석 대상: 066970, 042660, 034020, 000880, 003670]
403870  HPSP      43,800    0.0    +0.0%    0.0x     중간  0.98  3pt/0 [일봉]
055550  신한지주      94,300    0.0    +0.0%    0.0x     중간  0.68  3pt/0 [일봉]
011200  HMM       19,360    0.0    +0.0%    0.0x     중간  0.93  3pt/0 [일봉]
015760  한국전력      37,650    0.0    +0.0%    0.0x     중간  3.16  5pt/0 [일봉]
035720  카카오       42,000    0.0    +0.0%    0.0x     중간  2.23  5pt/0 [일봉]
030200  KT        54,100    0.0    +0.0%    0.0x     중간  1.24  3pt/0 [일봉]
003490  대한항공      25,250    0.0    +0.0%    0.0x     중간  5.16  5pt/0 [일봉]
004020  현대제철      37,850    0.0    +0.0%    0.0x     중간  1.11  3pt/0 [일봉]
078930  GS        72,200    0.0    +0.0%    0.0x     중간  0.32  3pt/0 [일봉]

══════════════════════════════════════════════════
⏰ 매수 세션 종료 (14:00↑) — 신규 매수 중단
→ 전종목 HOLD
✅ Discord 전송 완료

[13:08] HOLD | KODEX RSI70/-1.7%⬆️ | 보유:없음 | 최고신호 한국전력(015760) 5pt/3pt [강세+1.7%★★ / 호가3.2★]
💰 예수금 95,923원 | KODEX200 RSI69/-2.1% 상승추세⬆️ 과열⚠️ | 매수기준 점수3pt↑

코드      종목명           가격    RSI     변화율    거래량     BB   호가비  B/S
────────────────────────────────────────────────────────────────────────
[2단계 분석 대상: 034020, 042660, 000880, 000150, 000720]
403870  HPSP      43,700    0.0    +0.0%    0.0x     중간  3.06  5pt/0 [일봉]
055550  신한지주      94,300    0.0    +0.0%    0.0x     중간  0.64  3pt/0 [일봉]
011200  HMM       19,340    0.0    +0.0%    0.0x     중간  0.76  3pt/0 [일봉]
015760  한국전력      37,600    0.0    +0.0%    0.0x     중간  2.86  5pt/0 [일봉]
035720  카카오       42,000    0.0    +0.0%    0.0x     중간  2.22  5pt/0 [일봉]
030200  KT        54,100    0.0    +0.0%    0.0x     중간  1.19  3pt/0 [일봉]
003490  대한항공      25,250    0.0    +0.0%    0.0x     중간  5.00  5pt/0 [일봉]
004020  현대제철      37,800    0.0    +0.0%    0.0x     중간  1.89  4pt/0 [일봉]
078930  GS        71,900    0.0    +0.0%    0.0x     중간  0.42  3pt/0 [일봉]

══════════════════════════════════════════════════
⏰ 매수 세션 종료 (14:00↑) — 신규 매수 중단
→ 전종목 HOLD
✅ Discord 전송 완료

[13:10] HOLD | KODEX RSI69/-2.1%⬆️⚠️ | 보유:없음 | 최고신호 HPSP(403870) 5pt/3pt [강세+2.1%★★ / 호가3.1★]
💰 예수금 95,923원 | KODEX200 RSI69/-2.0% 상승추세⬆️ 과열⚠️ | 매수기준 점수3pt↑

코드      종목명           가격    RSI     변화율    거래량     BB   호가비  B/S
────────────────────────────────────────────────────────────────────────
[2단계 분석 대상: 042660, 034020, 066970, 000880, 003670]
403870  HPSP      43,800    0.0    +0.0%    0.0x     중간  1.86  4pt/0 [일봉]
055550  신한지주      94,100    0.0    +0.0%    0.0x     중간  0.74  3pt/0 [일봉]
011200  HMM       19,330    0.0    +0.0%    0.0x     중간  0.95  3pt/0 [일봉]
015760  한국전력      37,650    0.0    +0.0%    0.0x     중간  3.19  5pt/0 [일봉]
035720  카카오       42,100    0.0    +0.0%    0.0x     중간  0.53  3pt/0 [일봉]
030200  KT        54,000    0.0    +0.0%    0.0x     중간  1.98  4pt/0 [일봉]
003490  대한항공      25,250    0.0    +0.0%    0.0x     중간  4.95  5pt/0 [일봉]
004020  현대제철      37,800    0.0    +0.0%    0.0x     중간  2.23  5pt/0 [일봉]
078930  GS        72,000    0.0    +0.0%    0.0x     중간  0.40  3pt/0 [일봉]

══════════════════════════════════════════════════
⏰ 매수 세션 종료 (14:00↑) — 신규 매수 중단
→ 전종목 HOLD
✅ Discord 전송 완료

[13:12] HOLD | KODEX RSI69/-2.0%⬆️⚠️ | 보유:없음 | 최고신호 한국전력(015760) 5pt/3pt [강세+2.0%★★ / 호가3.2★]
💰 예수금 95,923원 | KODEX200 RSI69/-2.3% 상승추세⬆️ 과열⚠️ | 매수기준 점수3pt↑

코드      종목명           가격    RSI     변화율    거래량     BB   호가비  B/S
────────────────────────────────────────────────────────────────────────
[2단계 분석 대상: 042660, 034020, 000880, 003670, 000150]
403870  HPSP      43,750    0.0    +0.0%    0.0x     중간  1.68  4pt/0 [일봉]
055550  신한지주      94,200    0.0    +0.0%    0.0x     중간  0.75  3pt/0 [일봉]
011200  HMM       19,330    0.0    +0.0%    0.0x     중간  2.02  5pt/0 [일봉]
015760  한국전력      37,600    0.0    +0.0%    0.0x     중간  3.37  5pt/0 [일봉]
035720  카카오       41,900    0.0    +0.0%    0.0x     중간  2.68  5pt/0 [일봉]
030200  KT        54,000    0.0    +0.0%    0.0x     중간  1.87  4pt/0 [일봉]
003490  대한항공      25,250    0.0    +0.0%    0.0x     중간  4.86  5pt/0 [일봉]
004020  현대제철      37,800    0.0    +0.0%    0.0x     중간  1.73  4pt/0 [일봉]
078930  GS        72,000    0.0    +0.0%    0.0x     중간  0.39  3pt/0 [일봉]

══════════════════════════════════════════════════
⏰ 매수 세션 종료 (14:00↑) — 신규 매수 중단
→ 전종목 HOLD
✅ Discord 전송 완료

[13:14] HOLD | KODEX RSI69/-2.3%⬆️⚠️ | 보유:없음 | 최고신호 HMM(011200) 5pt/3pt [강세+2.3%★★ / 호가2.0★]
💰 예수금 95,923원 | KODEX200 RSI68/-2.5% 상승추세⬆️ 과열⚠️ | 매수기준 점수3pt↑

코드      종목명           가격    RSI     변화율    거래량     BB   호가비  B/S
────────────────────────────────────────────────────────────────────────
[2단계 분석 대상: 034020, 042660, 000880, 003670, 066970]
403870  HPSP      43,800    0.0    +0.0%    0.0x     중간  2.31  5pt/0 [일봉]
055550  신한지주      94,200    0.0    +0.0%    0.0x     중간  1.07  3pt/0 [일봉]
011200  HMM       19,320    0.0    +0.0%    0.0x     중간  1.67  4pt/0 [일봉]
015760  한국전력      37,600    0.0    +0.0%    0.0x     중간  3.95  5pt/0 [일봉]
035720  카카오       41,950    0.0    +0.0%    0.0x     중간  2.58  5pt/0 [일봉]
030200  KT        54,000    0.0    +0.0%    0.0x     중간  2.12  5pt/0 [일봉]
003490  대한항공      25,200    0.0    +0.0%    0.0x     중간  5.31  5pt/0 [일봉]
004020  현대제철      37,750    0.0    +0.0%    0.0x     중간  1.45  4pt/0 [일봉]
078930  GS        71,900    0.0    +0.0%    0.0x     중간  0.53  3pt/0 [일봉]

══════════════════════════════════════════════════
⏰ 매수 세션 종료 (14:00↑) — 신규 매수 중단
→ 전종목 HOLD
✅ Discord 전송 완료

[13:16] HOLD | KODEX RSI68/-2.5%⬆️⚠️ | 보유:없음 | 최고신호 HPSP(403870) 5pt/3pt [강세+2.5%★★ / 호가2.3★]
💰 예수금 95,923원 | KODEX200 RSI68/-2.4% 상승추세⬆️ 과열⚠️ | 매수기준 점수3pt↑

코드      종목명           가격    RSI     변화율    거래량     BB   호가비  B/S
────────────────────────────────────────────────────────────────────────
[2단계 분석 대상: 042660, 066970, 034020, 000150, 000880]
403870  HPSP      43,750    0.0    +0.0%    0.0x     중간  2.80  5pt/0 [일봉]
055550  신한지주      94,200    0.0    +0.0%    0.0x     중간  1.01  3pt/0 [일봉]
011200  HMM       19,300    0.0    +0.0%    0.0x     중간  3.11  5pt/0 [일봉]
015760  한국전력      37,600    0.0    +0.0%    0.0x     중간  3.78  5pt/0 [일봉]
035720  카카오       41,900    0.0    +0.0%    0.0x     중간  3.29  5pt/0 [일봉]
030200  KT        53,900    0.0    +0.0%    0.0x     중간  2.54  5pt/0 [일봉]
003490  대한항공      25,200    0.0    +0.0%    0.0x     중간  5.25  5pt/0 [일봉]
004020  현대제철      37,750    0.0    +0.0%    0.0x     중간  1.65  4pt/0 [일봉]
078930  GS        72,000    0.0    +0.0%    0.0x     중간  0.58  3pt/0 [일봉]

══════════════════════════════════════════════════
⏰ 매수 세션 종료 (14:00↑) — 신규 매수 중단
→ 전종목 HOLD
✅ Discord 전송 완료

[13:18] HOLD | KODEX RSI68/-2.4%⬆️⚠️ | 보유:없음 | 최고신호 HPSP(403870) 5pt/3pt [강세+2.4%★★ / 호가2.8★]
💰 예수금 95,923원 | KODEX200 RSI68/-2.5% 상승추세⬆️ 과열⚠️ | 매수기준 점수3pt↑

코드      종목명           가격    RSI     변화율    거래량     BB   호가비  B/S
────────────────────────────────────────────────────────────────────────
[2단계 분석 대상: 042660, 034020, 066970, 003670, 000150]
403870  HPSP      43,750    0.0    +0.0%    0.0x     중간  2.37  5pt/0 [일봉]
055550  신한지주      94,200    0.0    +0.0%    0.0x     중간  0.87  3pt/0 [일봉]
011200  HMM       19,290    0.0    +0.0%    0.0x     중간  3.78  5pt/0 [일봉]
015760  한국전력      37,600    0.0    +0.0%    0.0x     중간  3.59  5pt/0 [일봉]
035720  카카오       41,950    0.0    +0.0%    0.0x     중간  2.97  5pt/0 [일봉]
030200  KT        53,900    0.0    +0.0%    0.0x     중간  2.49  5pt/0 [일봉]
003490  대한항공      25,200    0.0    +0.0%    0.0x     중간  5.31  5pt/0 [일봉]
004020  현대제철      37,700    0.0    +0.0%    0.0x     중간  1.68  4pt/0 [일봉]
078930  GS        72,000    0.0    +0.0%    0.0x     중간  0.50  3pt/0 [일봉]

══════════════════════════════════════════════════
⏰ 매수 세션 종료 (14:00↑) — 신규 매수 중단
→ 전종목 HOLD
✅ Discord 전송 완료

[13:20] HOLD | KODEX RSI68/-2.5%⬆️⚠️ | 보유:없음 | 최고신호 HPSP(403870) 5pt/3pt [강세+2.5%★★ / 호가2.4★]
💰 예수금 0원 | KODEX200 RSI69/-2.3% 상승추세⬆️ 과열⚠️ | 매수기준 점수3pt↑

코드      종목명           가격    RSI     변화율    거래량     BB   호가비  B/S
────────────────────────────────────────────────────────────────────────
[2단계 분석 대상: 042660, 034020, 000880, 003670, 066970]

══════════════════════════════════════════════════
⏰ 매수 세션 종료 (14:00↑) — 신규 매수 중단
→ 전종목 HOLD
✅ Discord 전송 완료

[13:22] HOLD | KODEX RSI69/-2.3%⬆️⚠️ | 보유:없음 | 💸예수금부족
💰 예수금 95,923원 | KODEX200 RSI68/-2.4% 상승추세⬆️ 과열⚠️ | 매수기준 점수3pt↑

코드      종목명           가격    RSI     변화율    거래량     BB   호가비  B/S
────────────────────────────────────────────────────────────────────────
[2단계 분석 대상: 042660, 066970, 034020, 003670, 000880]
403870  HPSP      43,650    0.0    +0.0%    0.0x     중간  2.76  5pt/0 [일봉]
055550  신한지주      94,500    0.0    +0.0%    0.0x     중간  1.21  3pt/0 [일봉]
011200  HMM       19,310    0.0    +0.0%    0.0x     중간  2.33  5pt/0 [일봉]
015760  한국전력      37,600    0.0    +0.0%    0.0x     중간  3.77  5pt/0 [일봉]
035720  카카오       42,100    0.0    +0.0%    0.0x     중간  0.31  3pt/0 [일봉]
030200  KT        54,000    0.0    +0.0%    0.0x     중간  2.44  5pt/0 [일봉]
003490  대한항공      25,200    0.0    +0.0%    0.0x     중간  5.47  5pt/0 [일봉]
004020  현대제철      37,700    0.0    +0.0%    0.0x     중간  0.97  3pt/0 [일봉]
078930  GS        72,000    0.0    +0.0%    0.0x     중간  0.72  3pt/0 [일봉]

══════════════════════════════════════════════════
⏰ 매수 세션 종료 (14:00↑) — 신규 매수 중단
→ 전종목 HOLD
✅ Discord 전송 완료

[13:24] HOLD | KODEX RSI68/-2.4%⬆️⚠️ | 보유:없음 | 최고신호 HPSP(403870) 5pt/3pt [강세+2.4%★★ / 호가2.8★]
💰 예수금 95,923원 | KODEX200 RSI68/-2.5% 상승추세⬆️ 과열⚠️ | 매수기준 점수3pt↑

코드      종목명           가격    RSI     변화율    거래량     BB   호가비  B/S
────────────────────────────────────────────────────────────────────────
[2단계 분석 대상: 042660, 034020, 066970, 003670, 000880]
403870  HPSP      43,650    0.0    +0.0%    0.0x     중간  2.73  5pt/0 [일봉]
055550  신한지주      94,500    0.0    +0.0%    0.0x     중간  0.81  3pt/0 [일봉]
011200  HMM       19,300    0.0    +0.0%    0.0x     중간  3.02  5pt/0 [일봉]
015760  한국전력      37,600    0.0    +0.0%    0.0x     중간  3.68  5pt/0 [일봉]
035720  카카오       42,200    0.0    +0.0%    0.0x     중간  0.30  3pt/0 [일봉]
030200  KT        53,900    0.0    +0.0%    0.0x     중간  2.75  5pt/0 [일봉]
003490  대한항공      25,200    0.0    +0.0%    0.0x     중간  4.98  5pt/0 [일봉]
004020  현대제철      37,700    0.0    +0.0%    0.0x     중간  1.01  3pt/0 [일봉]
078930  GS        72,000    0.0    +0.0%    0.0x     중간  0.69  3pt/0 [일봉]

══════════════════════════════════════════════════
⏰ 매수 세션 종료 (14:00↑) — 신규 매수 중단
→ 전종목 HOLD
✅ Discord 전송 완료

[13:26] HOLD | KODEX RSI68/-2.5%⬆️⚠️ | 보유:없음 | 최고신호 HPSP(403870) 5pt/3pt [강세+2.5%★★ / 호가2.7★]
💰 예수금 95,923원 | KODEX200 RSI68/-2.5% 상승추세⬆️ 과열⚠️ | 매수기준 점수3pt↑

코드      종목명           가격    RSI     변화율    거래량     BB   호가비  B/S
────────────────────────────────────────────────────────────────────────
[2단계 분석 대상: 042660, 034020, 000880, 003490, 003670]
403870  HPSP      43,600    0.0    +0.0%    0.0x     중간  2.99  5pt/0 [일봉]
055550  신한지주      94,600    0.0    +0.0%    0.0x     중간  0.85  3pt/0 [일봉]
011200  HMM       19,280    0.0    +0.0%    0.0x     중간  5.10  5pt/0 [일봉]
015760  한국전력      37,600    0.0    +0.0%    0.0x     중간  3.67  5pt/0 [일봉]
035720  카카오       42,300    0.0    +0.0%    0.0x     중간  0.48  3pt/0 [일봉]
030200  KT        54,100    0.0    +0.0%    0.0x     중간  1.65  4pt/0 [일봉]
003490  대한항공      25,200   58.3    -2.3%    0.6x     하단  7.02  3pt/0 [5분]
004020  현대제철      37,750    0.0    +0.0%    0.0x     중간  0.93  3pt/0 [일봉]
078930  GS        72,200    0.0    +0.0%    0.0x     중간  0.55  3pt/0 [일봉]

══════════════════════════════════════════════════
⏰ 매수 세션 종료 (14:00↑) — 신규 매수 중단
→ 전종목 HOLD
✅ Discord 전송 완료

[13:28] HOLD | KODEX RSI68/-2.5%⬆️⚠️ | 보유:없음 | 최고신호 HPSP(403870) 5pt/3pt [강세+2.5%★★ / 호가3.0★]
💰 예수금 95,923원 | KODEX200 RSI69/-2.2% 상승추세⬆️ 과열⚠️ | 매수기준 점수3pt↑

코드      종목명           가격    RSI     변화율    거래량     BB   호가비  B/S
────────────────────────────────────────────────────────────────────────
[2단계 분석 대상: 042660, 034020, 003670, 000880, 003490]
403870  HPSP      43,650    0.0    +0.0%    0.0x     중간  2.76  5pt/0 [일봉]
055550  신한지주      94,600    0.0    +0.0%    0.0x     중간  0.63  3pt/0 [일봉]
011200  HMM       19,280    0.0    +0.0%    0.0x     중간  4.62  5pt/0 [일봉]
015760  한국전력      37,550    0.0    +0.0%    0.0x     중간  3.56  5pt/0 [일봉]
035720  카카오       42,150    0.0    +0.0%    0.0x     중간  0.73  3pt/0 [일봉]
030200  KT        54,100    0.0    +0.0%    0.0x     중간  1.35  4pt/0 [일봉]
003490  대한항공      25,200   63.6    -2.5%    0.6x     하단  7.13  3pt/0 [5분]
004020  현대제철      37,750    0.0    +0.0%    0.0x     중간  1.01  3pt/0 [일봉]
078930  GS        72,200    0.0    +0.0%    0.0x     중간  0.57  3pt/0 [일봉]

══════════════════════════════════════════════════
📉 KODEX200 -2.2% 급락 — 신규 매수 중단
→ 전종목 HOLD
✅ Discord 전송 완료

[13:30] HOLD | KODEX RSI69/-2.2%⬆️⚠️ | 보유:없음 | 최고신호 HPSP(403870) 5pt/3pt [강세+2.2%★★ / 호가2.8★]
💰 예수금 95,923원 | KODEX200 RSI69/-2.0% 상승추세⬆️ 과열⚠️ | 매수기준 점수3pt↑

코드      종목명           가격    RSI     변화율    거래량     BB   호가비  B/S
────────────────────────────────────────────────────────────────────────
[2단계 분석 대상: 042660, 034020, 003670, 000880, 003490]
403870  HPSP      43,700    0.0    +0.0%    0.0x     중간  2.90  5pt/0 [일봉]
055550  신한지주      94,500    0.0    +0.0%    0.0x     중간  0.69  3pt/0 [일봉]
011200  HMM       19,280    0.0    +0.0%    0.0x     중간  4.49  5pt/0 [일봉]
015760  한국전력      37,600    0.0    +0.0%    0.0x     중간  3.95  5pt/0 [일봉]
035720  카카오       42,100    0.0    +0.0%    0.0x     중간  0.98  3pt/0 [일봉]
030200  KT        54,000    0.0    +0.0%    0.0x     중간  2.23  5pt/0 [일봉]
003490  대한항공      25,200   63.6    -2.3%    0.6x     하단  5.86  3pt/0 [5분]
004020  현대제철      37,750    0.0    +0.0%    0.0x     중간  1.06  3pt/0 [일봉]
078930  GS        72,300    0.0    +0.0%    0.0x     중간  0.61  3pt/0 [일봉]

══════════════════════════════════════════════════
📉 KODEX200 -2.0% 급락 — 신규 매수 중단
→ 전종목 HOLD
✅ Discord 전송 완료

[13:32] HOLD | KODEX RSI69/-2.0%⬆️⚠️ | 보유:없음 | 최고신호 HPSP(403870) 5pt/3pt [강세+2.0%★★ / 호가2.9★]
💰 예수금 95,923원 | KODEX200 RSI69/-2.1% 상승추세⬆️ 과열⚠️ | 매수기준 점수3pt↑

코드      종목명           가격    RSI     변화율    거래량     BB   호가비  B/S
────────────────────────────────────────────────────────────────────────
[2단계 분석 대상: 042660, 034020, 003670, 000880, 011200]
403870  HPSP      43,700    0.0    +0.0%    0.0x     중간  2.67  5pt/0 [일봉]
055550  신한지주      94,700    0.0    +0.0%    0.0x     중간  0.68  3pt/0 [일봉]
011200  HMM       19,280   95.5    -2.5%    0.7x     하단  6.26  2pt/0 [5분]
015760  한국전력      37,600    0.0    +0.0%    0.0x     중간  3.98  5pt/0 [일봉]
035720  카카오       42,150    0.0    +0.0%    0.0x     중간  0.88  3pt/0 [일봉]
030200  KT        54,000    0.0    +0.0%    0.0x     중간  2.27  5pt/0 [일봉]
003490  대한항공      25,250    0.0    +0.0%    0.0x     중간  5.74  5pt/0 [일봉]
004020  현대제철      37,800    0.0    +0.0%    0.0x     중간  1.57  4pt/0 [일봉]
078930  GS        72,400    0.0    +0.0%    0.0x     중간  0.47  3pt/0 [일봉]

══════════════════════════════════════════════════
📉 KODEX200 -2.1% 급락 — 신규 매수 중단
→ 전종목 HOLD
✅ Discord 전송 완료

[13:34] HOLD | KODEX RSI69/-2.1%⬆️⚠️ | 보유:없음 | 최고신호 HPSP(403870) 5pt/3pt [강세+2.1%★★ / 호가2.7★]
💰 예수금 95,923원 | KODEX200 RSI69/-2.2% 상승추세⬆️ 과열⚠️ | 매수기준 점수3pt↑

코드      종목명           가격    RSI     변화율    거래량     BB   호가비  B/S
────────────────────────────────────────────────────────────────────────
[2단계 분석 대상: 066970, 042660, 034020, 003670, 000880]
403870  HPSP      43,700    0.0    +0.0%    0.0x     중간  3.79  5pt/0 [일봉]
055550  신한지주      94,800    0.0    +0.0%    0.0x     중간  0.56  3pt/0 [일봉]
011200  HMM       19,280    0.0    +0.0%    0.0x     중간  6.16  5pt/0 [일봉]
015760  한국전력      37,600    0.0    +0.0%    0.0x     중간  3.99  5pt/0 [일봉]
035720  카카오       42,050    0.0    +0.0%    0.0x     중간  1.23  3pt/0 [일봉]
030200  KT        54,000    0.0    +0.0%    0.0x     중간  2.12  5pt/0 [일봉]
003490  대한항공      25,250    0.0    +0.0%    0.0x     중간  5.36  5pt/0 [일봉]
004020  현대제철      37,800    0.0    +0.0%    0.0x     중간  1.46  4pt/0 [일봉]
078930  GS        72,300    0.0    +0.0%    0.0x     중간  0.58  3pt/0 [일봉]

══════════════════════════════════════════════════
📉 KODEX200 -2.2% 급락 — 신규 매수 중단
→ 전종목 HOLD
✅ Discord 전송 완료

[13:36] HOLD | KODEX RSI69/-2.2%⬆️⚠️ | 보유:없음 | 최고신호 HPSP(403870) 5pt/3pt [강세+2.2%★★ / 호가3.8★]
💰 예수금 95,923원 | KODEX200 RSI69/-2.2% 상승추세⬆️ 과열⚠️ | 매수기준 점수3pt↑

코드      종목명           가격    RSI     변화율    거래량     BB   호가비  B/S
────────────────────────────────────────────────────────────────────────
[2단계 분석 대상: 066970, 042660, 034020, 003670, 015760]
403870  HPSP      43,800    0.0    +0.0%    0.0x     중간  3.60  5pt/0 [일봉]
055550  신한지주      94,800    0.0    +0.0%    0.0x     중간  0.47  3pt/0 [일봉]
011200  HMM       19,280    0.0    +0.0%    0.0x     중간  5.49  5pt/0 [일봉]
015760  한국전력      37,500   67.7    -3.0%    0.5x     하단  6.98  2pt/0 [5분]
035720  카카오       42,050    0.0    +0.0%    0.0x     중간  1.28  3pt/0 [일봉]
030200  KT        54,000    0.0    +0.0%    0.0x     중간  2.19  5pt/0 [일봉]
003490  대한항공      25,250    0.0    +0.0%    0.0x     중간  5.39  5pt/0 [일봉]
004020  현대제철      37,800    0.0    +0.0%    0.0x     중간  2.76  5pt/0 [일봉]
078930  GS        72,300    0.0    +0.0%    0.0x     중간  0.54  3pt/0 [일봉]

══════════════════════════════════════════════════
📉 KODEX200 -2.2% 급락 — 신규 매수 중단
→ 전종목 HOLD
✅ Discord 전송 완료

[13:38] HOLD | KODEX RSI69/-2.2%⬆️⚠️ | 보유:없음 | 최고신호 HPSP(403870) 5pt/3pt [강세+2.2%★★ / 호가3.6★]
💰 예수금 95,923원 | KODEX200 RSI69/-2.1% 상승추세⬆️ 과열⚠️ | 매수기준 점수3pt↑

코드      종목명           가격    RSI     변화율    거래량     BB   호가비  B/S
────────────────────────────────────────────────────────────────────────
[2단계 분석 대상: 066970, 011200, 042660, 034020, 003670]
403870  HPSP      43,850    0.0    +0.0%    0.0x     중간  1.48  4pt/0 [일봉]
055550  신한지주      95,000    0.0    +0.0%    0.0x     중간  0.87  3pt/0 [일봉]
011200  HMM       19,290   88.9    -2.5%    0.7x     하단 14.82  2pt/0 [5분]
015760  한국전력      37,550    0.0    +0.0%    0.0x     중간  3.09  5pt/0 [일봉]
035720  카카오       42,200    0.0    +0.0%    0.0x     중간  0.39  3pt/0 [일봉]
030200  KT        54,000    0.0    +0.0%    0.0x     중간  1.98  4pt/0 [일봉]
003490  대한항공      25,250    0.0    +0.0%    0.0x     중간  4.70  5pt/0 [일봉]
004020  현대제철      37,750    0.0    +0.0%    0.0x     중간  2.53  5pt/0 [일봉]
078930  GS        72,400    0.0    +0.0%    0.0x     중간  0.49  3pt/0 [일봉]

══════════════════════════════════════════════════
📉 KODEX200 -2.1% 급락 — 신규 매수 중단
→ 전종목 HOLD
✅ Discord 전송 완료

[13:40] HOLD | KODEX RSI69/-2.1%⬆️⚠️ | 보유:없음 | 최고신호 한국전력(015760) 5pt/3pt [강세+2.1%★★ / 호가3.1★]
💰 예수금 95,923원 | KODEX200 RSI69/-2.2% 상승추세⬆️ 과열⚠️ | 매수기준 점수3pt↑

코드      종목명           가격    RSI     변화율    거래량     BB   호가비  B/S
────────────────────────────────────────────────────────────────────────
[2단계 분석 대상: 011200, 066970, 034020, 042660, 000880]
403870  HPSP      43,750    0.0    +0.0%    0.0x     중간  2.92  5pt/0 [일봉]
055550  신한지주      95,100    0.0    +0.0%    0.0x     중간  0.70  3pt/0 [일봉]
011200  HMM       19,300   88.9    -2.4%    0.7x     하단 16.43  2pt/0 [5분]
015760  한국전력      37,550    0.0    +0.0%    0.0x     중간  3.07  5pt/0 [일봉]
035720  카카오       42,150    0.0    +0.0%    0.0x     중간  0.48  3pt/0 [일봉]
030200  KT        54,000    0.0    +0.0%    0.0x     중간  2.03  5pt/0 [일봉]
003490  대한항공      25,250    0.0    +0.0%    0.0x     중간  4.72  5pt/0 [일봉]
004020  현대제철      37,750    0.0    +0.0%    0.0x     중간  2.47  5pt/0 [일봉]
078930  GS        72,400    0.0    +0.0%    0.0x     중간  0.60  3pt/0 [일봉]

══════════════════════════════════════════════════
📉 KODEX200 -2.2% 급락 — 신규 매수 중단
→ 전종목 HOLD
✅ Discord 전송 완료

[13:42] HOLD | KODEX RSI69/-2.2%⬆️⚠️ | 보유:없음 | 최고신호 HPSP(403870) 5pt/3pt [강세+2.2%★★ / 호가2.9★]
💰 예수금 95,923원 | KODEX200 RSI69/-2.3% 상승추세⬆️ 과열⚠️ | 매수기준 점수3pt↑

코드      종목명           가격    RSI     변화율    거래량     BB   호가비  B/S
────────────────────────────────────────────────────────────────────────
[2단계 분석 대상: 011200, 042660, 066970, 034020, 003670]
403870  HPSP      43,750    0.0    +0.0%    0.0x     중간  2.64  5pt/0 [일봉]
055550  신한지주      95,000    0.0    +0.0%    0.0x     중간  0.85  3pt/0 [일봉]
011200  HMM       19,290   84.2    -2.5%    0.7x     하단 19.02  3pt/0 [5분]
015760  한국전력      37,550    0.0    +0.0%    0.0x     중간  2.88  5pt/0 [일봉]
035720  카카오       42,100    0.0    +0.0%    0.0x     중간  0.73  3pt/0 [일봉]
030200  KT        54,000    0.0    +0.0%    0.0x     중간  2.01  5pt/0 [일봉]
003490  대한항공      25,250    0.0    +0.0%    0.0x     중간  4.80  5pt/0 [일봉]
004020  현대제철      37,850    0.0    +0.0%    0.0x     중간  1.68  4pt/0 [일봉]
078930  GS        72,300    0.0    +0.0%    0.0x     중간  0.54  3pt/0 [일봉]

══════════════════════════════════════════════════
📉 KODEX200 -2.3% 급락 — 신규 매수 중단
→ 전종목 HOLD
✅ Discord 전송 완료

[13:44] HOLD | KODEX RSI69/-2.3%⬆️⚠️ | 보유:없음 | 최고신호 HPSP(403870) 5pt/3pt [강세+2.3%★★ / 호가2.6★]
💰 예수금 95,923원 | KODEX200 RSI69/-2.1% 상승추세⬆️ 과열⚠️ | 매수기준 점수3pt↑

코드      종목명           가격    RSI     변화율    거래량     BB   호가비  B/S
────────────────────────────────────────────────────────────────────────
[2단계 분석 대상: 066970, 011200, 034020, 042660, 003490]
403870  HPSP      43,900    0.0    +0.0%    0.0x     중간  2.03  5pt/0 [일봉]
055550  신한지주      95,100    0.0    +0.0%    0.0x     중간  0.57  3pt/0 [일봉]
011200  HMM       19,280   84.2    -2.5%    0.7x     하단 15.30  3pt/0 [5분]
015760  한국전력      37,600    0.0    +0.0%    0.0x     중간  2.88  5pt/0 [일봉]
035720  카카오       42,250    0.0    +0.0%    0.0x     중간  0.59  3pt/0 [일봉]
030200  KT        54,000    0.0    +0.0%    0.0x     중간  2.01  5pt/0 [일봉]
003490  대한항공      25,300   61.5    -2.1%    0.6x     하단  5.42  4pt/0 [5분]
004020  현대제철      37,800    0.0    +0.0%    0.0x     중간  1.96  4pt/0 [일봉]
078930  GS        72,300    0.0    +0.0%    0.0x     중간  0.59  3pt/0 [일봉]

══════════════════════════════════════════════════
📉 KODEX200 -2.1% 급락 — 신규 매수 중단
→ 전종목 HOLD
✅ Discord 전송 완료

[13:46] HOLD | KODEX RSI69/-2.1%⬆️⚠️ | 보유:없음 | 최고신호 HPSP(403870) 5pt/3pt [강세+2.1%★★ / 호가2.0★]
💰 예수금 95,923원 | KODEX200 RSI69/-2.0% 상승추세⬆️ 과열⚠️ | 매수기준 점수3pt↑

코드      종목명           가격    RSI     변화율    거래량     BB   호가비  B/S
────────────────────────────────────────────────────────────────────────
[2단계 분석 대상: 011200, 066970, 034020, 042660, 003670]
403870  HPSP      44,050    0.0    +0.0%    0.0x     중간  0.94  3pt/0 [일봉]
055550  신한지주      95,200    0.0    +0.0%    0.0x     중간  0.44  3pt/0 [일봉]
011200  HMM       19,280   84.2    -2.5%    0.7x     하단 13.61  3pt/0 [5분]
015760  한국전력      37,600    0.0    +0.0%    0.0x     중간  2.83  5pt/0 [일봉]
035720  카카오       42,250    0.0    +0.0%    0.0x     중간  0.47  3pt/0 [일봉]
030200  KT        54,200    0.0    +0.0%    0.0x     중간  1.09  3pt/0 [일봉]
003490  대한항공      25,250    0.0    +0.0%    0.0x     중간  5.67  5pt/0 [일봉]
004020  현대제철      37,850    0.0    +0.0%    0.0x     중간  1.38  4pt/0 [일봉]
078930  GS        72,400    0.0    +0.0%    0.0x     중간  0.58  3pt/0 [일봉]

══════════════════════════════════════════════════
📉 KODEX200 -2.0% 급락 — 신규 매수 중단
→ 전종목 HOLD
✅ Discord 전송 완료

[13:48] HOLD | KODEX RSI69/-2.0%⬆️⚠️ | 보유:없음 | 최고신호 한국전력(015760) 5pt/3pt [강세+2.0%★★ / 호가2.8★]
💰 예수금 95,923원 | KODEX200 RSI69/-2.0% 상승추세⬆️  | 매수기준 점수3pt↑

코드      종목명           가격    RSI     변화율    거래량     BB   호가비  B/S
────────────────────────────────────────────────────────────────────────
[2단계 분석 대상: 011200, 066970, 034020, 042660, 003670]
403870  HPSP      44,050    0.0    +0.0%    0.0x     중간  0.68  3pt/0 [일봉]
055550  신한지주      95,100    0.0    +0.0%    0.0x     중간  0.33  3pt/0 [일봉]
011200  HMM       19,280   85.0    -2.5%    0.7x     하단 23.34  3pt/0 [5분]
015760  한국전력      37,550    0.0    +0.0%    0.0x     중간  3.01  5pt/0 [일봉]
035720  카카오       42,300    0.0    +0.0%    0.0x     중간  0.50  3pt/0 [일봉]
030200  KT        54,100    0.0    +0.0%    0.0x     중간  1.45  4pt/0 [일봉]
003490  대한항공      25,250    0.0    +0.0%    0.0x     중간  5.63  5pt/0 [일봉]
004020  현대제철      37,900    0.0    +0.0%    0.0x     중간  0.99  3pt/0 [일봉]
078930  GS        72,300    0.0    +0.0%    0.0x     중간  0.67  3pt/0 [일봉]

══════════════════════════════════════════════════
→ 전종목 HOLD
✅ Discord 전송 완료

[13:50] HOLD | KODEX RSI69/-2.0%⬆️ | 보유:없음 | 최고신호 한국전력(015760) 5pt/3pt [강세+2.0%★★ / 호가3.0★]
💰 예수금 95,923원 | KODEX200 RSI70/-1.8% 상승추세⬆️  | 매수기준 점수3pt↑

코드      종목명           가격    RSI     변화율    거래량     BB   호가비  B/S
────────────────────────────────────────────────────────────────────────
[2단계 분석 대상: 011200, 066970, 042660, 034020, 003670]
403870  HPSP      44,100    0.0    +0.0%    0.0x     중간  0.56  3pt/0 [일봉]
055550  신한지주      95,200    0.0    +0.0%    0.0x     중간  0.33  3pt/0 [일봉]
011200  HMM       19,280   85.0    -2.5%    0.7x     하단 15.19  3pt/0 [5분]
015760  한국전력      37,600    0.0    +0.0%    0.0x     중간  2.92  5pt/0 [일봉]
035720  카카오       42,200    0.0    +0.0%    0.0x     중간  0.57  3pt/0 [일봉]
030200  KT        54,100    0.0    +0.0%    0.0x     중간  1.47  4pt/0 [일봉]
003490  대한항공      25,250    0.0    +0.0%    0.0x     중간  5.58  5pt/0 [일봉]
004020  현대제철      37,900    0.0    +0.0%    0.0x     중간  1.09  3pt/0 [일봉]
078930  GS        72,300    0.0    +0.0%    0.0x     중간  0.74  3pt/0 [일봉]

══════════════════════════════════════════════════
→ 전종목 HOLD
✅ Discord 전송 완료

[13:52] HOLD | KODEX RSI70/-1.8%⬆️ | 보유:없음 | 최고신호 한국전력(015760) 5pt/3pt [강세+1.8%★★ / 호가2.9★]
💰 예수금 95,923원 | KODEX200 RSI70/-1.8% 상승추세⬆️  | 매수기준 점수3pt↑

코드      종목명           가격    RSI     변화율    거래량     BB   호가비  B/S
────────────────────────────────────────────────────────────────────────
[2단계 분석 대상: 011200, 066970, 042660, 034020, 003670]
403870  HPSP      44,150    0.0    +0.0%    0.0x     중간  0.59  3pt/0 [일봉]
055550  신한지주      95,200    0.0    +0.0%    0.0x     중간  0.32  3pt/0 [일봉]
011200  HMM       19,280   85.0    -2.5%    0.7x     하단 13.92  3pt/0 [5분]
015760  한국전력      37,600    0.0    +0.0%    0.0x     중간  2.56  5pt/0 [일봉]
035720  카카오       42,150    0.0    +0.0%    0.0x     중간  0.72  3pt/0 [일봉]
030200  KT        54,100    0.0    +0.0%    0.0x     중간  1.46  4pt/0 [일봉]
003490  대한항공      25,250    0.0    +0.0%    0.0x     중간  5.39  5pt/0 [일봉]
004020  현대제철      38,000    0.0    +0.0%    0.0x     중간  1.34  4pt/0 [일봉]
078930  GS        72,300    0.0    +0.0%    0.0x     중간  0.59  3pt/0 [일봉]

══════════════════════════════════════════════════
→ 전종목 HOLD
✅ Discord 전송 완료

[13:54] HOLD | KODEX RSI70/-1.8%⬆️ | 보유:없음 | 최고신호 한국전력(015760) 5pt/3pt [강세+1.8%★★ / 호가2.6★]
💰 예수금 95,923원 | KODEX200 RSI70/-1.6% 상승추세⬆️  | 매수기준 점수3pt↑

코드      종목명           가격    RSI     변화율    거래량     BB   호가비  B/S
────────────────────────────────────────────────────────────────────────
[2단계 분석 대상: 011200, 042660, 034020, 003670, 066970]
403870  HPSP      44,200    0.0    +0.0%    0.0x     중간  0.56  3pt/0 [일봉]
055550  신한지주      95,400    0.0    +0.0%    0.0x     중간  0.21  3pt/0 [일봉]
011200  HMM       19,320   85.0    -2.2%    0.7x     하단 17.47  3pt/0 [5분]
015760  한국전력      37,700    0.0    +0.0%    0.0x     중간  2.41  5pt/0 [일봉]
035720  카카오       42,200    0.0    +0.0%    0.0x     중간  0.70  3pt/0 [일봉]
030200  KT        54,200    0.0    +0.0%    0.0x     중간  1.23  3pt/0 [일봉]
003490  대한항공      25,250    0.0    +0.0%    0.0x     중간  5.27  5pt/0 [일봉]
004020  현대제철      38,150    0.0    +0.0%    0.0x     중간  0.72  3pt/0 [일봉]
078930  GS        72,500    0.0    +0.0%    0.0x     중간  0.42  3pt/0 [일봉]

══════════════════════════════════════════════════
→ 전종목 HOLD
✅ Discord 전송 완료

[13:56] HOLD | KODEX RSI70/-1.6%⬆️ | 보유:없음 | 최고신호 한국전력(015760) 5pt/3pt [강세+1.6%★★ / 호가2.4★]
💰 예수금 95,923원 | KODEX200 RSI70/-1.5% 상승추세⬆️  | 매수기준 점수3pt↑

코드      종목명           가격    RSI     변화율    거래량     BB   호가비  B/S
────────────────────────────────────────────────────────────────────────
[2단계 분석 대상: 011200, 034020, 066970, 003670, 042660]
403870  HPSP      44,200    0.0    +0.0%    0.0x     중간  0.54  3pt/0 [일봉]
055550  신한지주      95,500    0.0    +0.0%    0.0x     중간  0.18  3pt/0 [일봉]
011200  HMM       19,360   85.0    -2.1%    0.7x     하단 13.94  3pt/0 [5분]
015760  한국전력      37,700    0.0    +0.0%    0.0x     중간  2.38  5pt/0 [일봉]
035720  카카오       42,200    0.0    +0.0%    0.0x     중간  0.77  3pt/0 [일봉]
030200  KT        54,100    0.0    +0.0%    0.0x     중간  1.50  4pt/0 [일봉]
003490  대한항공      25,250    0.0    +0.0%    0.0x     중간  5.42  5pt/0 [일봉]
004020  현대제철      38,100    0.0    +0.0%    0.0x     중간  0.77  3pt/0 [일봉]
078930  GS        72,400    0.0    +0.0%    0.0x     중간  0.48  3pt/0 [일봉]

══════════════════════════════════════════════════
→ 전종목 HOLD
✅ Discord 전송 완료

[13:58] HOLD | KODEX RSI70/-1.5%⬆️ | 보유:없음 | 최고신호 한국전력(015760) 5pt/3pt [강세+1.5%★★ / 호가2.4★]
💰 예수금 95,923원 | KODEX200 RSI71/-1.3% 상승추세⬆️  | 매수기준 점수3pt↑

코드      종목명           가격    RSI     변화율    거래량     BB   호가비  B/S
────────────────────────────────────────────────────────────────────────
[2단계 분석 대상: 011200, 034020, 066970, 042660, 003670]
403870  HPSP      44,250    0.0    +0.0%    0.0x     중간  0.60  2pt/0 [일봉]
055550  신한지주      95,400    0.0    +0.0%    0.0x     중간  0.13  2pt/0 [일봉]
011200  HMM       19,330   83.3    -2.2%    0.7x     하단 12.23  2pt/0 [5분]
015760  한국전력      37,750    0.0    +0.0%    0.0x     중간  2.40  4pt/0 [일봉]
035720  카카오       42,150    0.0    +0.0%    0.0x     중간  0.93  2pt/0 [일봉]
030200  KT        54,100    0.0    +0.0%    0.0x     중간  1.60  3pt/0 [일봉]
003490  대한항공      25,300    0.0    +0.0%    0.0x     중간  5.52  4pt/0 [일봉]
004020  현대제철      38,100    0.0    +0.0%    0.0x     중간  0.85  2pt/0 [일봉]
078930  GS        72,300    0.0    +0.0%    0.0x     중간  0.55  2pt/0 [일봉]

══════════════════════════════════════════════════
⏰ 매수 세션 종료 (14:00↑) — 신규 매수 중단
→ 전종목 HOLD
✅ Discord 전송 완료

[14:00] HOLD | KODEX RSI71/-1.3%⬆️ | 보유:없음 | 최고신호 한국전력(015760) 4pt/3pt [강세+1.3%★ / 호가2.4★]
💰 예수금 95,923원 | KODEX200 RSI70/-1.4% 상승추세⬆️  | 매수기준 점수3pt↑

코드      종목명           가격    RSI     변화율    거래량     BB   호가비  B/S
────────────────────────────────────────────────────────────────────────
[2단계 분석 대상: 011200, 066970, 034020, 042660, 003670]
403870  HPSP      44,100    0.0    +0.0%    0.0x     중간  0.85  2pt/0 [일봉]
055550  신한지주      95,300    0.0    +0.0%    0.0x     중간  0.15  2pt/0 [일봉]
011200  HMM       19,350   83.3    -2.1%    0.7x     하단 13.72  2pt/0 [5분]
015760  한국전력      37,850    0.0    +0.0%    0.0x     중간  1.94  3pt/0 [일봉]
035720  카카오       42,200    0.0    +0.0%    0.0x     중간  0.61  2pt/0 [일봉]
030200  KT        54,200    0.0    +0.0%    0.0x     중간  1.20  2pt/0 [일봉]
003490  대한항공      25,300    0.0    +0.0%    0.0x     중간  5.55  4pt/0 [일봉]
004020  현대제철      38,050    0.0    +0.0%    0.0x     중간  0.98  2pt/0 [일봉]
078930  GS        72,300    0.0    +0.0%    0.0x     중간  0.67  2pt/0 [일봉]

══════════════════════════════════════════════════
⏰ 매수 세션 종료 (14:00↑) — 신규 매수 중단
→ 전종목 HOLD
✅ Discord 전송 완료

[14:02] HOLD | KODEX RSI70/-1.4%⬆️ | 보유:없음 | 최고신호 대한항공(003490) 4pt/3pt [강세+1.4%★ / 호가5.5★]
💰 예수금 95,923원 | KODEX200 RSI71/-1.3% 상승추세⬆️  | 매수기준 점수3pt↑

코드      종목명           가격    RSI     변화율    거래량     BB   호가비  B/S
────────────────────────────────────────────────────────────────────────
[2단계 분석 대상: 042660, 034020, 066970, 003670, 003490]
403870  HPSP      44,200    0.0    +0.0%    0.0x     중간  0.97  2pt/0 [일봉]
055550  신한지주      95,400    0.0    +0.0%    0.0x     중간  0.13  2pt/0 [일봉]
011200  HMM       19,360    0.0    +0.0%    0.0x     중간  1.35  3pt/0 [일봉]
015760  한국전력      37,900    0.0    +0.0%    0.0x     중간  2.43  4pt/0 [일봉]
035720  카카오       42,400    0.0    +0.0%    0.0x     중간  0.46  2pt/0 [일봉]
030200  KT        54,200    0.0    +0.0%    0.0x     중간  1.25  2pt/0 [일봉]
003490  대한항공      25,300   62.5    -1.9%    0.6x     하단  5.76  3pt/0 [5분]
004020  현대제철      38,100    0.0    +0.0%    0.0x     중간  0.83  2pt/0 [일봉]
078930  GS        72,500    0.0    +0.0%    0.0x     중간  0.94  2pt/0 [일봉]

══════════════════════════════════════════════════
⏰ 매수 세션 종료 (14:00↑) — 신규 매수 중단
→ 전종목 HOLD
✅ Discord 전송 완료

[14:04] HOLD | KODEX RSI71/-1.3%⬆️ | 보유:없음 | 최고신호 한국전력(015760) 4pt/3pt [강세+1.3%★ / 호가2.4★]
💰 예수금 95,923원 | KODEX200 RSI70/-1.5% 상승추세⬆️  | 매수기준 점수3pt↑

코드      종목명           가격    RSI     변화율    거래량     BB   호가비  B/S
────────────────────────────────────────────────────────────────────────
[2단계 분석 대상: 042660, 034020, 066970, 003670, 003490]
403870  HPSP      44,100    0.0    +0.0%    0.0x     중간  1.11  3pt/0 [일봉]
055550  신한지주      95,400    0.0    +0.0%    0.0x     중간  0.13  3pt/0 [일봉]
011200  HMM       19,370    0.0    +0.0%    0.0x     중간  0.99  3pt/0 [일봉]
015760  한국전력      37,900    0.0    +0.0%    0.0x     중간  2.97  5pt/0 [일봉]
035720  카카오       42,600    0.0    +0.0%    0.0x     중간  0.29  3pt/0 [일봉]
030200  KT        54,200    0.0    +0.0%    0.0x     중간  1.21  3pt/0 [일봉]
003490  대한항공      25,300   62.5    -1.9%    0.6x     하단  5.58  3pt/0 [5분]
004020  현대제철      38,150    0.0    +0.0%    0.0x     중간  0.82  3pt/0 [일봉]
078930  GS        72,400    0.0    +0.0%    0.0x     중간  0.63  3pt/0 [일봉]

══════════════════════════════════════════════════
⏰ 매수 세션 종료 (14:00↑) — 신규 매수 중단
→ 전종목 HOLD
✅ Discord 전송 완료

[14:06] HOLD | KODEX RSI70/-1.5%⬆️ | 보유:없음 | 최고신호 한국전력(015760) 5pt/3pt [강세+1.5%★★ / 호가3.0★]
💰 예수금 95,923원 | KODEX200 RSI71/-1.2% 상승추세⬆️  | 매수기준 점수3pt↑

코드      종목명           가격    RSI     변화율    거래량     BB   호가비  B/S
────────────────────────────────────────────────────────────────────────
[2단계 분석 대상: 066970, 034020, 042660, 003670, 003490]
403870  HPSP      44,200    0.0    +0.0%    0.0x     중간  0.86  2pt/0 [일봉]
055550  신한지주      95,400    0.0    +0.0%    0.0x     중간  0.17  2pt/0 [일봉]
011200  HMM       19,390    0.0    +0.0%    0.0x     중간  0.45  2pt/0 [일봉]
015760  한국전력      37,950    0.0    +0.0%    0.0x     중간  2.68  4pt/0 [일봉]
035720  카카오       42,550    0.0    +0.0%    0.0x     중간  0.38  2pt/0 [일봉]
030200  KT        54,200    0.0    +0.0%    0.0x     중간  1.24  2pt/0 [일봉]
003490  대한항공      25,300   62.5    -1.9%    0.6x     하단  5.77  3pt/0 [5분]
004020  현대제철      38,150    0.0    +0.0%    0.0x     중간  1.11  2pt/0 [일봉]
078930  GS        72,400    0.0    +0.0%    0.0x     중간  0.66  2pt/0 [일봉]

══════════════════════════════════════════════════
⏰ 매수 세션 종료 (14:00↑) — 신규 매수 중단
→ 전종목 HOLD
✅ Discord 전송 완료

[14:08] HOLD | KODEX RSI71/-1.2%⬆️ | 보유:없음 | 최고신호 한국전력(015760) 4pt/3pt [강세+1.2%★ / 호가2.7★]
💰 예수금 95,923원 | KODEX200 RSI71/-1.2% 상승추세⬆️  | 매수기준 점수3pt↑

코드      종목명           가격    RSI     변화율    거래량     BB   호가비  B/S
────────────────────────────────────────────────────────────────────────
[2단계 분석 대상: 011200, 034020, 003670, 042660, 003490]
403870  HPSP      44,100    0.0    +0.0%    0.0x     중간  1.33  3pt/0 [일봉]
055550  신한지주      95,400    0.0    +0.0%    0.0x     중간  0.11  2pt/0 [일봉]
011200  HMM       19,420   82.4    -1.8%    0.7x     하단 10.44  2pt/0 [5분]
015760  한국전력      37,950    0.0    +0.0%    0.0x     중간  3.02  4pt/0 [일봉]
035720  카카오       42,650    0.0    +0.0%    0.0x     중간  0.42  2pt/0 [일봉]
030200  KT        54,300    0.0    +0.0%    0.0x     중간  1.48  3pt/0 [일봉]
003490  대한항공      25,300   57.1    -2.1%    0.6x     하단  6.22  3pt/0 [5분]
004020  현대제철      38,250    0.0    +0.0%    0.0x     중간  0.66  2pt/0 [일봉]
078930  GS        72,400    0.0    +0.0%    0.0x     중간  0.64  2pt/0 [일봉]

══════════════════════════════════════════════════
⏰ 매수 세션 종료 (14:00↑) — 신규 매수 중단
→ 전종목 HOLD
✅ Discord 전송 완료

[14:10] HOLD | KODEX RSI71/-1.2%⬆️ | 보유:없음 | 최고신호 한국전력(015760) 4pt/3pt [강세+1.2%★ / 호가3.0★]
💰 예수금 95,923원 | KODEX200 RSI71/-1.2% 상승추세⬆️  | 매수기준 점수3pt↑

코드      종목명           가격    RSI     변화율    거래량     BB   호가비  B/S
────────────────────────────────────────────────────────────────────────
[2단계 분석 대상: 034020, 011200, 003490, 003670, 015760]
403870  HPSP      44,300    0.0    +0.0%    0.0x     중간  0.77  2pt/0 [일봉]
055550  신한지주      95,500    0.0    +0.0%    0.0x     중간  0.14  2pt/0 [일봉]
011200  HMM       19,430   82.4    -1.8%    0.7x     하단  7.72  2pt/0 [5분]
015760  한국전력      38,000   68.2    -1.8%    0.5x     하단  2.71  2pt/0 [5분]
035720  카카오       42,500    0.0    +0.0%    0.0x     중간  0.72  2pt/0 [일봉]
030200  KT        54,300    0.0    +0.0%    0.0x     중간  1.42  3pt/0 [일봉]
003490  대한항공      25,250   57.1    -2.3%    0.6x     하단  6.51  3pt/0 [5분]
004020  현대제철      38,200    0.0    +0.0%    0.0x     중간  1.05  2pt/0 [일봉]
078930  GS        72,400    0.0    +0.0%    0.0x     중간  0.66  2pt/0 [일봉]

══════════════════════════════════════════════════
⏰ 매수 세션 종료 (14:00↑) — 신규 매수 중단
→ 전종목 HOLD
✅ Discord 전송 완료

[14:12] HOLD | KODEX RSI71/-1.2%⬆️ | 보유:없음 | 최고신호 KT(030200) 3pt/3pt [강세+1.2%★ / 호가1.4]
💰 예수금 95,923원 | KODEX200 RSI71/-1.2% 상승추세⬆️  | 매수기준 점수3pt↑

코드      종목명           가격    RSI     변화율    거래량     BB   호가비  B/S
────────────────────────────────────────────────────────────────────────
[2단계 분석 대상: 000150, 034020, 003490, 011200, 003670]
403870  HPSP      44,250    0.0    +0.0%    0.0x     중간  0.94  2pt/0 [일봉]
055550  신한지주      95,400    0.0    +0.0%    0.0x     중간  0.13  2pt/0 [일봉]
011200  HMM       19,420   88.2    -1.8%    0.7x     하단  6.07  2pt/0 [5분]
015760  한국전력      37,950    0.0    +0.0%    0.0x     중간  2.57  4pt/0 [일봉]
035720  카카오       42,400    0.0    +0.0%    0.0x     중간  0.83  2pt/0 [일봉]
030200  KT        54,300    0.0    +0.0%    0.0x     중간  1.30  3pt/0 [일봉]
003490  대한항공      25,300   65.0    -1.9%    0.6x     하단  6.25  3pt/0 [5분]
004020  현대제철      38,050    0.0    +0.0%    0.0x     중간  1.46  3pt/0 [일봉]
078930  GS        72,200    0.0    +0.0%    0.0x     중간  0.74  2pt/0 [일봉]

══════════════════════════════════════════════════
⏰ 매수 세션 종료 (14:00↑) — 신규 매수 중단
→ 전종목 HOLD
✅ Discord 전송 완료

[14:14] HOLD | KODEX RSI71/-1.2%⬆️ | 보유:없음 | 최고신호 한국전력(015760) 4pt/3pt [강세+1.2%★ / 호가2.6★]
💰 예수금 95,923원 | KODEX200 RSI71/-1.2% 상승추세⬆️  | 매수기준 점수3pt↑

코드      종목명           가격    RSI     변화율    거래량     BB   호가비  B/S
────────────────────────────────────────────────────────────────────────
[2단계 분석 대상: 034020, 003490, 003670, 000150, 017670]
403870  HPSP      44,250    0.0    +0.0%    0.0x     중간  1.21  2pt/0 [일봉]
055550  신한지주      95,500    0.0    +0.0%    0.0x     중간  0.18  2pt/0 [일봉]
011200  HMM       19,420    0.0    +0.0%    0.0x     중간  1.04  2pt/0 [일봉]
015760  한국전력      37,950    0.0    +0.0%    0.0x     중간  2.39  4pt/0 [일봉]
035720  카카오       42,400    0.0    +0.0%    0.0x     중간  0.93  2pt/0 [일봉]
030200  KT        54,300    0.0    +0.0%    0.0x     중간  1.17  2pt/0 [일봉]
003490  대한항공      25,300   65.0    -1.9%    0.6x     하단  6.02  3pt/0 [5분]
004020  현대제철      38,100    0.0    +0.0%    0.0x     중간  1.45  3pt/0 [일봉]
078930  GS        72,500    0.0    +0.0%    0.0x     중간  0.53  2pt/0 [일봉]

══════════════════════════════════════════════════
⏰ 매수 세션 종료 (14:00↑) — 신규 매수 중단
→ 전종목 HOLD
✅ Discord 전송 완료

[14:16] HOLD | KODEX RSI71/-1.2%⬆️ | 보유:없음 | 최고신호 한국전력(015760) 4pt/3pt [강세+1.2%★ / 호가2.4★]
💰 예수금 95,923원 | KODEX200 RSI71/-1.1% 상승추세⬆️  | 매수기준 점수3pt↑

코드      종목명           가격    RSI     변화율    거래량     BB   호가비  B/S
────────────────────────────────────────────────────────────────────────
[2단계 분석 대상: 000150, 034020, 003490, 003670, 042660]
403870  HPSP      44,400    0.0    +0.0%    0.0x     중간  0.43  2pt/0 [일봉]
055550  신한지주      95,500    0.0    +0.0%    0.0x     중간  0.17  2pt/0 [일봉]
011200  HMM       19,420    0.0    +0.0%    0.0x     중간  1.03  2pt/0 [일봉]
015760  한국전력      37,950    0.0    +0.0%    0.0x     중간  2.67  4pt/0 [일봉]
035720  카카오       42,550    0.0    +0.0%    0.0x     중간  0.31  2pt/0 [일봉]
030200  KT        54,300    0.0    +0.0%    0.0x     중간  1.16  2pt/0 [일봉]
003490  대한항공      25,300   65.0    -1.9%    0.6x     하단  5.98  3pt/0 [5분]
004020  현대제철      38,150    0.0    +0.0%    0.0x     중간  1.56  3pt/0 [일봉]
078930  GS        72,300    0.0    +0.0%    0.0x     중간  1.68  3pt/0 [일봉]

══════════════════════════════════════════════════
⏰ 매수 세션 종료 (14:00↑) — 신규 매수 중단
→ 전종목 HOLD
✅ Discord 전송 완료

[14:18] HOLD | KODEX RSI71/-1.1%⬆️ | 보유:없음 | 최고신호 한국전력(015760) 4pt/3pt [강세+1.1%★ / 호가2.7★]
💰 예수금 95,923원 | KODEX200 RSI71/-1.1% 상승추세⬆️  | 매수기준 점수3pt↑

코드      종목명           가격    RSI     변화율    거래량     BB   호가비  B/S
────────────────────────────────────────────────────────────────────────
[2단계 분석 대상: 034020, 003670, 003490, 000150, 066970]
403870  HPSP      44,400    0.0    +0.0%    0.0x     중간  0.62  2pt/0 [일봉]
055550  신한지주      95,500    0.0    +0.0%    0.0x     중간  0.17  2pt/0 [일봉]
011200  HMM       19,450    0.0    +0.0%    0.0x     중간  2.11  4pt/0 [일봉]
015760  한국전력      38,000    0.0    +0.0%    0.0x     중간  2.83  4pt/0 [일봉]
035720  카카오       42,650    0.0    +0.0%    0.0x     중간  0.22  2pt/0 [일봉]
030200  KT        54,300    0.0    +0.0%    0.0x     중간  1.16  2pt/0 [일봉]
003490  대한항공      25,350   59.1    -1.9%    0.6x     하단  5.14  4pt/0 [5분]
004020  현대제철      38,150    0.0    +0.0%    0.0x     중간  0.97  2pt/0 [일봉]
078930  GS        72,400    0.0    +0.0%    0.0x     중간  0.64  2pt/0 [일봉]

══════════════════════════════════════════════════
⏰ 매수 세션 종료 (14:00↑) — 신규 매수 중단
→ 전종목 HOLD
✅ Discord 전송 완료

[14:20] HOLD | KODEX RSI71/-1.1%⬆️ | 보유:없음 | 최고신호 HMM(011200) 4pt/3pt [강세+1.1%★ / 호가2.1★]
💰 예수금 95,923원 | KODEX200 RSI71/-0.9% 상승추세⬆️  | 매수기준 점수3pt↑

코드      종목명           가격    RSI     변화율    거래량     BB   호가비  B/S
────────────────────────────────────────────────────────────────────────
[2단계 분석 대상: 034020, 003490, 017670, 003670, 015760]
403870  HPSP      44,600    0.0    +0.0%    0.0x     중간  0.29  2pt/0 [일봉]
055550  신한지주      95,600    0.0    +0.0%    0.0x     중간  0.14  2pt/0 [일봉]
011200  HMM       19,460    0.0    +0.0%    0.0x     중간  0.70  2pt/0 [일봉]
015760  한국전력      38,000   42.3    -1.8%    0.5x     하단  3.15  3pt/0 [5분]
035720  카카오       42,850    0.0    +0.0%    0.0x     중간  0.18  2pt/0 [일봉]
030200  KT        54,200    0.0    +0.0%    0.0x     중간  1.43  3pt/0 [일봉]
003490  대한항공      25,400   59.1    -1.6%    0.6x     하단  4.92  4pt/0 [5분]
004020  현대제철      38,150    0.0    +0.0%    0.0x     중간  1.37  3pt/0 [일봉]
078930  GS        72,400    0.0    +0.0%    0.0x     중간  0.55  2pt/0 [일봉]

══════════════════════════════════════════════════
⏰ 매수 세션 종료 (14:00↑) — 신규 매수 중단
→ 전종목 HOLD
✅ Discord 전송 완료

[14:22] HOLD | KODEX RSI71/-0.9%⬆️ | 보유:없음 | 최고신호 대한항공(003490) 4pt/3pt [호가4.9★ / RSI59 / 연속상승]
💰 예수금 95,923원 | KODEX200 RSI72/-0.8% 상승추세⬆️  | 매수기준 점수3pt↑

코드      종목명           가격    RSI     변화율    거래량     BB   호가비  B/S
────────────────────────────────────────────────────────────────────────
[2단계 분석 대상: 034020, 003490, 003670, 066970, 000880]
403870  HPSP      44,500    0.0    +0.0%    0.0x     중간  0.47  2pt/0 [일봉]
055550  신한지주      95,800    0.0    +0.0%    0.0x     중간  0.60  2pt/0 [일봉]
011200  HMM       19,470    0.0    +0.0%    0.0x     중간  0.97  2pt/0 [일봉]
015760  한국전력      38,100    0.0    +0.0%    0.0x     중간  2.20  4pt/0 [일봉]
035720  카카오       42,850    0.0    +0.0%    0.0x     중간  0.26  2pt/0 [일봉]
030200  KT        54,300    0.0    +0.0%    0.0x     중간  1.33  3pt/0 [일봉]
003490  대한항공      25,400   45.8    -1.7%    0.6x     하단  5.06  3pt/0 [5분]
004020  현대제철      38,200    0.0    +0.0%    0.0x     중간  1.09  2pt/0 [일봉]
078930  GS        72,500    0.0    +0.0%    0.0x     중간  0.77  2pt/0 [일봉]

══════════════════════════════════════════════════
⏰ 매수 세션 종료 (14:00↑) — 신규 매수 중단
→ 전종목 HOLD
✅ Discord 전송 완료

[14:24] HOLD | KODEX RSI72/-0.8%⬆️ | 보유:없음 | 최고신호 한국전력(015760) 4pt/3pt [강세+0.8%★ / 호가2.2★]
💰 예수금 95,923원 | KODEX200 RSI71/-0.9% 상승추세⬆️  | 매수기준 점수3pt↑

코드      종목명           가격    RSI     변화율    거래량     BB   호가비  B/S
────────────────────────────────────────────────────────────────────────
[2단계 분석 대상: 034020, 003670, 003490, 000880, 015760]
403870  HPSP      44,500    0.0    +0.0%    0.0x     중간  0.53  2pt/0 [일봉]
055550  신한지주      95,700    0.0    +0.0%    0.0x     중간  0.46  2pt/0 [일봉]
011200  HMM       19,470    0.0    +0.0%    0.0x     중간  0.73  2pt/0 [일봉]
015760  한국전력      38,100   31.8    -1.4%    0.6x     하단  1.86  1pt/0 [5분]
035720  카카오       42,850    0.0    +0.0%    0.0x     중간  0.26  2pt/0 [일봉]
030200  KT        54,400    0.0    +0.0%    0.0x     중간  1.26  2pt/0 [일봉]
003490  대한항공      25,450   45.8    -1.6%    0.6x     하단  4.30  3pt/0 [5분]
004020  현대제철      38,250    0.0    +0.0%    0.0x     중간  1.08  2pt/0 [일봉]
078930  GS        72,600    0.0    +0.0%    0.0x     중간  0.77  2pt/0 [일봉]

══════════════════════════════════════════════════
⏰ 매수 세션 종료 (14:00↑) — 신규 매수 중단
→ 전종목 HOLD
✅ Discord 전송 완료

[14:26] HOLD | KODEX RSI71/-0.9%⬆️ | 보유:없음 | 최고신호 대한항공(003490) 3pt/3pt [호가4.3★ / RSI46]
💰 예수금 95,923원 | KODEX200 RSI71/-0.9% 상승추세⬆️  | 매수기준 점수3pt↑

코드      종목명           가격    RSI     변화율    거래량     BB   호가비  B/S
────────────────────────────────────────────────────────────────────────
[2단계 분석 대상: 034020, 000150, 003670, 003490, 042660]
403870  HPSP      44,550    0.0    +0.0%    0.0x     중간  0.42  2pt/0 [일봉]
055550  신한지주      95,700    0.0    +0.0%    0.0x     중간  0.46  2pt/0 [일봉]
011200  HMM       19,460    0.0    +0.0%    0.0x     중간  0.55  2pt/0 [일봉]
015760  한국전력      38,150    0.0    +0.0%    0.0x     중간  1.66  3pt/0 [일봉]
035720  카카오       42,800    0.0    +0.0%    0.0x     중간  0.33  2pt/0 [일봉]
030200  KT        54,400    0.0    +0.0%    0.0x     중간  1.24  2pt/0 [일봉]
003490  대한항공      25,500   45.8    -1.4%    0.6x     하단  4.45  3pt/0 [5분]
004020  현대제철      38,300    0.0    +0.0%    0.0x     중간  0.93  2pt/0 [일봉]
078930  GS        72,600    0.0    +0.0%    0.0x     중간  0.65  2pt/0 [일봉]

══════════════════════════════════════════════════
⏰ 매수 세션 종료 (14:00↑) — 신규 매수 중단
→ 전종목 HOLD
✅ Discord 전송 완료

[14:28] HOLD | KODEX RSI71/-0.9%⬆️ | 보유:없음 | 최고신호 한국전력(015760) 3pt/3pt [강세+0.9%★ / 호가1.7]
💰 예수금 95,923원 | KODEX200 RSI72/-0.8% 상승추세⬆️  | 매수기준 점수3pt↑

코드      종목명           가격    RSI     변화율    거래량     BB   호가비  B/S
────────────────────────────────────────────────────────────────────────
[2단계 분석 대상: 034020, 017670, 003490, 003670, 011200]
403870  HPSP      44,550    0.0    +0.0%    0.0x     중간  0.47  2pt/0 [일봉]
055550  신한지주      95,900    0.0    +0.0%    0.0x     중간  0.50  2pt/0 [일봉]
011200  HMM       19,550   84.6    -1.2%    0.8x     하단  3.05  3pt/0 [5분]
015760  한국전력      38,300    0.0    +0.0%    0.0x     중간  1.05  2pt/0 [일봉]
035720  카카오       42,900    0.0    +0.0%    0.0x     중간  0.26  2pt/0 [일봉]
030200  KT        54,500    0.0    +0.0%    0.0x     중간  1.07  2pt/0 [일봉]
003490  대한항공      25,500   37.5    -1.2%    0.6x     하단  4.62  2pt/0 [5분]
004020  현대제철      38,300    0.0    +0.0%    0.0x     중간  1.04  2pt/0 [일봉]
078930  GS        72,600    0.0    +0.0%    0.0x     중간  0.40  2pt/0 [일봉]

══════════════════════════════════════════════════
⏰ 매수 세션 종료 (14:00↑) — 신규 매수 중단
→ 전종목 HOLD
✅ Discord 전송 완료

[14:30] HOLD | KODEX RSI72/-0.8%⬆️ | 보유:없음 | 최고신호 HMM(011200) 3pt/3pt [호가3.0★ / 연속상승]
💰 예수금 95,923원 | KODEX200 RSI72/-0.5% 상승추세⬆️  | 매수기준 점수3pt↑

코드      종목명           가격    RSI     변화율    거래량     BB   호가비  B/S
────────────────────────────────────────────────────────────────────────
[2단계 분석 대상: 034020, 003670, 042660, 003490, 000880]
403870  HPSP      44,450    0.0    +0.0%    0.0x     중간  0.82  2pt/0 [일봉]
055550  신한지주      95,900    0.0    +0.0%    0.0x     중간  0.45  2pt/0 [일봉]
011200  HMM       19,530    0.0    +0.0%    0.0x     중간  1.15  2pt/0 [일봉]
015760  한국전력      38,200    0.0    +0.0%    0.0x     중간  1.36  3pt/0 [일봉]
035720  카카오       42,850    0.0    +0.0%    0.0x     중간  0.20  2pt/0 [일봉]
030200  KT        54,500    0.0    +0.0%    0.0x     중간  0.99  2pt/0 [일봉]
003490  대한항공      25,450   37.5    -1.6%    0.6x     하단  3.61  2pt/0 [5분]
004020  현대제철      38,300    0.0    +0.0%    0.0x     중간  1.02  2pt/0 [일봉]
078930  GS        72,600    0.0    +0.0%    0.0x     중간  0.35  2pt/0 [일봉]

══════════════════════════════════════════════════
⏰ 매수 세션 종료 (14:00↑) — 신규 매수 중단
→ 전종목 HOLD
✅ Discord 전송 완료

[14:32] HOLD | KODEX RSI72/-0.5%⬆️ | 보유:없음 | 최고신호 한국전력(015760) 3pt/3pt [강세+0.5%★ / 호가1.4]
💰 예수금 95,923원 | KODEX200 RSI72/-0.4% 상승추세⬆️  | 매수기준 점수3pt↑

코드      종목명           가격    RSI     변화율    거래량     BB   호가비  B/S
────────────────────────────────────────────────────────────────────────
[2단계 분석 대상: 034020, 003670, 003490, 000150, 042660]
403870  HPSP      44,400    0.0    +0.0%    0.0x     중간  1.01  2pt/0 [일봉]
055550  신한지주      95,800    0.0    +0.0%    0.0x     중간  0.38  2pt/0 [일봉]
011200  HMM       19,560    0.0    +0.0%    0.0x     중간  1.40  3pt/0 [일봉]
015760  한국전력      38,150    0.0    +0.0%    0.0x     중간  1.36  3pt/0 [일봉]
035720  카카오       42,800    0.0    +0.0%    0.0x     중간  0.36  2pt/0 [일봉]
030200  KT        54,400    0.0    +0.0%    0.0x     중간  1.24  2pt/0 [일봉]
003490  대한항공      25,450   46.4    -1.4%    0.6x     하단  3.64  3pt/0 [5분]
004020  현대제철      38,250    0.0    +0.0%    0.0x     중간  1.11  2pt/0 [일봉]
078930  GS        72,600    0.0    +0.0%    0.0x     중간  0.35  2pt/0 [일봉]

══════════════════════════════════════════════════
⏰ 매수 세션 종료 (14:00↑) — 신규 매수 중단
→ 전종목 HOLD
✅ Discord 전송 완료

[14:34] HOLD | KODEX RSI72/-0.4%⬆️ | 보유:없음 | 최고신호 HMM(011200) 3pt/3pt [강세+0.4%★ / 호가1.4]
💰 예수금 95,923원 | KODEX200 RSI73/-0.2% 상승추세⬆️  | 매수기준 점수3pt↑

코드      종목명           가격    RSI     변화율    거래량     BB   호가비  B/S
────────────────────────────────────────────────────────────────────────
[2단계 분석 대상: 034020, 000150, 042660, 003490, 003670]
403870  HPSP      44,450    0.0    +0.0%    0.0x     중간  0.88  0pt/0 [일봉]
055550  신한지주      95,800    0.0    +0.0%    0.0x     중간  0.35  0pt/0 [일봉]
011200  HMM       19,540    0.0    +0.0%    0.0x     중간  1.35  1pt/0 [일봉]
015760  한국전력      38,150    0.0    +0.0%    0.0x     중간  0.83  0pt/0 [일봉]
035720  카카오       42,850    0.0    +0.0%    0.0x     중간  0.24  0pt/0 [일봉]
030200  KT        54,300    0.0    +0.0%    0.0x     중간  1.34  1pt/0 [일봉]
003490  대한항공      25,400   46.4    -1.6%    0.6x     하단  4.75  3pt/0 [5분]
004020  현대제철      38,200    0.0    +0.0%    0.0x     중간  1.88  1pt/0 [일봉]
078930  GS        72,700    0.0    +0.0%    0.0x     중간  0.40  0pt/0 [일봉]

══════════════════════════════════════════════════
⏰ 매수 세션 종료 (14:00↑) — 신규 매수 중단
→ 전종목 HOLD
✅ Discord 전송 완료

[14:36] HOLD | KODEX RSI73/-0.2%⬆️ | 보유:없음 | 최고신호 대한항공(003490) 3pt/3pt [호가4.8★ / RSI46]
💰 예수금 95,923원 | KODEX200 RSI73/-0.2% 상승추세⬆️  | 매수기준 점수3pt↑

코드      종목명           가격    RSI     변화율    거래량     BB   호가비  B/S
────────────────────────────────────────────────────────────────────────
[2단계 분석 대상: 042660, 034020, 003490, 003670, 000150]
403870  HPSP      44,400    0.0    +0.0%    0.0x     중간  1.45  1pt/0 [일봉]
055550  신한지주      95,800    0.0    +0.0%    0.0x     중간  0.37  0pt/0 [일봉]
011200  HMM       19,560    0.0    +0.0%    0.0x     중간  1.31  1pt/0 [일봉]
015760  한국전력      38,100    0.0    +0.0%    0.0x     중간  1.01  0pt/0 [일봉]
035720  카카오       42,750    0.0    +0.0%    0.0x     중간  0.30  0pt/0 [일봉]
030200  KT        54,300    0.0    +0.0%    0.0x     중간  1.49  1pt/0 [일봉]
003490  대한항공      25,350   46.4    -1.7%    0.6x     하단  4.58  3pt/0 [5분]
004020  현대제철      38,150    0.0    +0.0%    0.0x     중간  1.35  1pt/0 [일봉]
078930  GS        72,600    0.0    +0.0%    0.0x     중간  0.40  0pt/0 [일봉]

══════════════════════════════════════════════════
⏰ 매수 세션 종료 (14:00↑) — 신규 매수 중단
→ 전종목 HOLD
✅ Discord 전송 완료

[14:38] HOLD | KODEX RSI73/-0.2%⬆️ | 보유:없음 | 최고신호 대한항공(003490) 3pt/3pt [호가4.6★ / RSI46]
💰 예수금 95,923원 | KODEX200 RSI73/-0.0% 상승추세⬆️  | 매수기준 점수3pt↑

코드      종목명           가격    RSI     변화율    거래량     BB   호가비  B/S
────────────────────────────────────────────────────────────────────────
[2단계 분석 대상: 034020, 042660, 003490, 003670, 000150]
403870  HPSP      44,400    0.0    +0.0%    0.0x     중간  1.52  1pt/0 [일봉]
055550  신한지주      95,800    0.0    +0.0%    0.0x     중간  0.36  0pt/0 [일봉]
011200  HMM       19,540    0.0    +0.0%    0.0x     중간  0.82  0pt/0 [일봉]
015760  한국전력      38,100    0.0    +0.0%    0.0x     중간  1.24  0pt/0 [일봉]
035720  카카오       42,700    0.0    +0.0%    0.0x     중간  0.37  0pt/0 [일봉]
030200  KT        54,200    0.0    +0.0%    0.0x     중간  1.43  1pt/0 [일봉]
003490  대한항공      25,350   53.6    -1.9%    0.6x     하단  4.62  3pt/0 [5분]
004020  현대제철      38,150    0.0    +0.0%    0.0x     중간  1.34  1pt/0 [일봉]
078930  GS        72,500    0.0    +0.0%    0.0x     중간  0.32  0pt/0 [일봉]

══════════════════════════════════════════════════
⏰ 매수 세션 종료 (14:00↑) — 신규 매수 중단
→ 전종목 HOLD
✅ Discord 전송 완료

[14:40] HOLD | KODEX RSI73/-0.0%⬆️ | 보유:없음 | 최고신호 대한항공(003490) 3pt/3pt [호가4.6★ / RSI54]
💰 예수금 95,923원 | KODEX200 RSI73/+0.2% 상승추세⬆️  | 매수기준 점수3pt↑

코드      종목명           가격    RSI     변화율    거래량     BB   호가비  B/S
────────────────────────────────────────────────────────────────────────
[2단계 분석 대상: 034020, 042660, 003490, 003670, 066970]
403870  HPSP      44,450    0.0    +0.0%    0.0x     중간  1.37  1pt/0 [일봉]
055550  신한지주      95,800    0.0    +0.0%    0.0x     중간  0.33  0pt/0 [일봉]
011200  HMM       19,530    0.0    +0.0%    0.0x     중간  0.78  0pt/0 [일봉]
015760  한국전력      38,200    0.0    +0.0%    0.0x     중간  0.90  0pt/0 [일봉]
035720  카카오       42,900    0.0    +0.0%    0.0x     중간  0.22  0pt/0 [일봉]
030200  KT        54,400    0.0    +0.0%    0.0x     중간  1.17  0pt/0 [일봉]
003490  대한항공      25,400   53.6    -1.6%    0.6x     하단  4.98  3pt/0 [5분]
004020  현대제철      38,200    0.0    +0.0%    0.0x     중간  1.56  1pt/0 [일봉]
078930  GS        72,700    0.0    +0.0%    0.0x     중간  0.43  0pt/0 [일봉]

══════════════════════════════════════════════════
⏰ 매수 세션 종료 (14:00↑) — 신규 매수 중단
→ 전종목 HOLD
✅ Discord 전송 완료

[14:42] HOLD | KODEX RSI73/+0.2%⬆️ | 보유:없음 | 최고신호 대한항공(003490) 3pt/3pt [호가5.0★ / RSI54]
💰 예수금 95,923원 | KODEX200 RSI74/+0.4% 상승추세⬆️  | 매수기준 점수3pt↑

코드      종목명           가격    RSI     변화율    거래량     BB   호가비  B/S
────────────────────────────────────────────────────────────────────────
[2단계 분석 대상: 034020, 042660, 003490, 003670, 066970]
403870  HPSP      44,550    0.0    +0.0%    0.0x     중간  1.22  0pt/0 [일봉]
055550  신한지주      95,700    0.0    +0.0%    0.0x     중간  0.12  0pt/0 [일봉]
011200  HMM       19,530    0.0    +0.0%    0.0x     중간  0.74  0pt/0 [일봉]
015760  한국전력      38,150    0.0    +0.0%    0.0x     중간  0.77  0pt/0 [일봉]
035720  카카오       42,850    0.0    +0.0%    0.0x     중간  0.23  0pt/0 [일봉]
030200  KT        54,200    0.0    +0.0%    0.0x     중간  1.37  1pt/0 [일봉]
003490  대한항공      25,400   53.6    -1.7%    0.6x     하단  4.79  3pt/0 [5분]
004020  현대제철      38,150    0.0    +0.0%    0.0x     중간  1.61  1pt/0 [일봉]
078930  GS        72,500    0.0    +0.0%    0.0x     중간  0.28  0pt/0 [일봉]

══════════════════════════════════════════════════
⏰ 매수 세션 종료 (14:00↑) — 신규 매수 중단
→ 전종목 HOLD
✅ Discord 전송 완료

[14:44] HOLD | KODEX RSI74/+0.4%⬆️ | 보유:없음 | 최고신호 대한항공(003490) 3pt/3pt [호가4.8★ / RSI54]
💰 예수금 95,923원 | KODEX200 RSI74/+0.7% 상승추세⬆️  | 매수기준 점수3pt↑

코드      종목명           가격    RSI     변화율    거래량     BB   호가비  B/S
────────────────────────────────────────────────────────────────────────
[2단계 분석 대상: 042660, 034020, 003490, 003670, 000880]
403870  HPSP      44,550    0.0    +0.0%    0.0x     중간  1.38  1pt/0 [일봉]
055550  신한지주      95,600    0.0    +0.0%    0.0x     중간  0.22  0pt/0 [일봉]
011200  HMM       19,530    0.0    +0.0%    0.0x     중간  0.97  0pt/0 [일봉]
015760  한국전력      38,100    0.0    +0.0%    0.0x     중간  1.15  0pt/0 [일봉]
035720  카카오       42,800    0.0    +0.0%    0.0x     중간  0.56  0pt/0 [일봉]
030200  KT        54,200    0.0    +0.0%    0.0x     중간  1.48  1pt/0 [일봉]
003490  대한항공      25,350   53.6    -1.9%    0.6x     하단  5.39  3pt/0 [5분]
004020  현대제철      38,150    0.0    +0.0%    0.0x     중간  1.50  1pt/0 [일봉]
078930  GS        72,500    0.0    +0.0%    0.0x     중간  0.32  0pt/0 [일봉]

══════════════════════════════════════════════════
⏰ 매수 세션 종료 (14:00↑) — 신규 매수 중단
→ 전종목 HOLD
✅ Discord 전송 완료

[14:46] HOLD | KODEX RSI74/+0.7%⬆️ | 보유:없음 | 최고신호 대한항공(003490) 3pt/3pt [호가5.4★ / RSI54]
💰 예수금 95,923원 | KODEX200 RSI74/+0.4% 상승추세⬆️  | 매수기준 점수3pt↑

코드      종목명           가격    RSI     변화율    거래량     BB   호가비  B/S
────────────────────────────────────────────────────────────────────────
[2단계 분석 대상: 042660, 034020, 017670, 003490, 003670]
403870  HPSP      44,250    0.0    +0.0%    0.0x     중간  2.27  2pt/0 [일봉]
055550  신한지주      95,600    0.0    +0.0%    0.0x     중간  0.19  0pt/0 [일봉]
011200  HMM       19,520    0.0    +0.0%    0.0x     중간  1.13  0pt/0 [일봉]
015760  한국전력      38,050    0.0    +0.0%    0.0x     중간  1.15  0pt/0 [일봉]
035720  카카오       42,650    0.0    +0.0%    0.0x     중간  0.37  0pt/0 [일봉]
030200  KT        54,200    0.0    +0.0%    0.0x     중간  1.31  1pt/0 [일봉]
003490  대한항공      25,350   53.6    -1.9%    0.6x     하단  5.18  3pt/0 [5분]
004020  현대제철      38,050    0.0    +0.0%    0.0x     중간  1.69  1pt/0 [일봉]
078930  GS        72,500    0.0    +0.0%    0.0x     중간  0.32  0pt/0 [일봉]

══════════════════════════════════════════════════
⏰ 매수 세션 종료 (14:00↑) — 신규 매수 중단
→ 전종목 HOLD
✅ Discord 전송 완료

[14:48] HOLD | KODEX RSI74/+0.4%⬆️ | 보유:없음 | 최고신호 대한항공(003490) 3pt/3pt [호가5.2★ / RSI54]
💰 예수금 95,923원 | KODEX200 RSI74/+0.6% 상승추세⬆️  | 매수기준 점수3pt↑

코드      종목명           가격    RSI     변화율    거래량     BB   호가비  B/S
────────────────────────────────────────────────────────────────────────
[2단계 분석 대상: 042660, 034020, 003670, 003490, 066970]
403870  HPSP      44,350    0.0    +0.0%    0.0x     중간  1.60  1pt/0 [일봉]
055550  신한지주      95,800    0.0    +0.0%    0.0x     중간  0.23  0pt/0 [일봉]
011200  HMM       19,530    0.0    +0.0%    0.0x     중간  1.28  0pt/0 [일봉]
015760  한국전력      38,050    0.0    +0.0%    0.0x     중간  1.19  0pt/0 [일봉]
035720  카카오       42,600    0.0    +0.0%    0.0x     중간  0.39  0pt/0 [일봉]
030200  KT        54,000    0.0    +0.0%    0.0x     중간  3.43  2pt/0 [일봉]
003490  대한항공      25,350   57.7    -1.9%    0.6x     하단  4.83  4pt/0 [5분]
004020  현대제철      38,050    0.0    +0.0%    0.0x     중간  1.35  1pt/0 [일봉]
078930  GS        72,400    0.0    +0.0%    0.0x     중간  0.42  0pt/0 [일봉]

══════════════════════════════════════════════════
⏰ 매수 세션 종료 (14:00↑) — 신규 매수 중단
→ 전종목 HOLD
✅ Discord 전송 완료

[14:50] HOLD | KODEX RSI74/+0.6%⬆️ | 보유:없음 | 최고신호 대한항공(003490) 4pt/3pt [호가4.8★ / RSI58 / 연속상승]
💰 예수금 95,923원 | KODEX200 RSI74/+0.4% 상승추세⬆️  | 매수기준 점수3pt↑

코드      종목명           가격    RSI     변화율    거래량     BB   호가비  B/S
────────────────────────────────────────────────────────────────────────
[2단계 분석 대상: 042660, 034020, 066970, 003670, 003490]
403870  HPSP      44,400    0.0    +0.0%    0.0x     중간  1.47  1pt/0 [일봉]
055550  신한지주      95,800    0.0    +0.0%    0.0x     중간  0.23  0pt/0 [일봉]
011200  HMM       19,530    0.0    +0.0%    0.0x     중간  1.09  0pt/0 [일봉]
015760  한국전력      38,000    0.0    +0.0%    0.0x     중간  1.60  1pt/0 [일봉]
035720  카카오       42,600    0.0    +0.0%    0.0x     중간  0.42  0pt/0 [일봉]
030200  KT        54,200    0.0    +0.0%    0.0x     중간  1.15  0pt/0 [일봉]
003490  대한항공      25,350   57.7    -1.9%    0.6x     하단  4.82  4pt/0 [5분]
004020  현대제철      38,000    0.0    +0.0%    0.0x     중간  1.13  0pt/0 [일봉]
078930  GS        72,500    0.0    +0.0%    0.0x     중간  0.42  0pt/0 [일봉]

══════════════════════════════════════════════════
⏰ 매수 세션 종료 (14:00↑) — 신규 매수 중단
→ 전종목 HOLD
✅ Discord 전송 완료

[14:52] HOLD | KODEX RSI74/+0.4%⬆️ | 보유:없음 | 최고신호 대한항공(003490) 4pt/3pt [호가4.8★ / RSI58 / 연속상승]
💰 예수금 95,923원 | KODEX200 RSI73/-0.0% 상승추세⬆️  | 매수기준 점수3pt↑

코드      종목명           가격    RSI     변화율    거래량     BB   호가비  B/S
────────────────────────────────────────────────────────────────────────
[2단계 분석 대상: 042660, 034020, 096770, 003670, 003490]
403870  HPSP      44,350    0.0    +0.0%    0.0x     중간  1.48  1pt/0 [일봉]
011200  HMM       19,530    0.0    +0.0%    0.0x     중간  1.66  1pt/0 [일봉]
015760  한국전력      38,050    0.0    +0.0%    0.0x     중간  1.15  0pt/0 [일봉]
035720  카카오       42,650    0.0    +0.0%    0.0x     중간  1.04  0pt/0 [일봉]
030200  KT        54,400    0.0    +0.0%    0.0x     중간  1.02  0pt/0 [일봉]
003490  대한항공      25,350   54.2    -1.9%    0.6x     하단  4.72  3pt/0 [5분]
004020  현대제철      38,000    0.0    +0.0%    0.0x     중간  0.98  0pt/0 [일봉]
078930  GS        72,500    0.0    +0.0%    0.0x     중간  0.38  0pt/0 [일봉]

══════════════════════════════════════════════════
⏰ 매수 세션 종료 (14:00↑) — 신규 매수 중단
→ 전종목 HOLD
✅ Discord 전송 완료

[14:54] HOLD | KODEX RSI73/-0.0%⬆️ | 보유:없음 | 최고신호 대한항공(003490) 3pt/3pt [호가4.7★ / RSI54]
💰 예수금 95,923원 | KODEX200 RSI73/-0.1% 상승추세⬆️  | 매수기준 점수3pt↑

코드      종목명           가격    RSI     변화율    거래량     BB   호가비  B/S
────────────────────────────────────────────────────────────────────────
[2단계 분석 대상: 042660, 034020, 096770, 003490, 003670]
403870  HPSP      44,350    0.0    +0.0%    0.0x     중간  1.29  0pt/0 [일봉]
011200  HMM       19,530    0.0    +0.0%    0.0x     중간  1.02  0pt/0 [일봉]
015760  한국전력      38,100    0.0    +0.0%    0.0x     중간  1.00  0pt/0 [일봉]
035720  카카오       42,550    0.0    +0.0%    0.0x     중간  0.57  0pt/0 [일봉]
030200  KT        54,200    0.0    +0.0%    0.0x     중간  1.25  0pt/0 [일봉]
003490  대한항공      25,350   54.2    -1.9%    0.6x     하단  5.23  3pt/0 [5분]
004020  현대제철      37,950    0.0    +0.0%    0.0x     중간  1.78  1pt/0 [일봉]
078930  GS        72,300    0.0    +0.0%    0.0x     중간  0.47  0pt/0 [일봉]

══════════════════════════════════════════════════
⏰ 매수 세션 종료 (14:00↑) — 신규 매수 중단
→ 전종목 HOLD
✅ Discord 전송 완료

[14:56] HOLD | KODEX RSI73/-0.1%⬆️ | 보유:없음 | 최고신호 대한항공(003490) 3pt/3pt [호가5.2★ / RSI54]
💰 예수금 95,923원 | KODEX200 RSI73/-0.0% 상승추세⬆️  | 매수기준 점수3pt↑

코드      종목명           가격    RSI     변화율    거래량     BB   호가비  B/S
────────────────────────────────────────────────────────────────────────
[2단계 분석 대상: 042660, 034020, 096770, 000880, 003490]
403870  HPSP      44,300    0.0    +0.0%    0.0x     중간  1.57  1pt/0 [일봉]
055550  신한지주      95,900    0.0    +0.0%    0.0x     중간  0.48  0pt/0 [일봉]
011200  HMM       19,530    0.0    +0.0%    0.0x     중간  1.37  1pt/0 [일봉]
015760  한국전력      38,050    0.0    +0.0%    0.0x     중간  1.22  0pt/0 [일봉]
035720  카카오       42,600    0.0    +0.0%    0.0x     중간  0.48  0pt/0 [일봉]
030200  KT        54,300    0.0    +0.0%    0.0x     중간  1.09  0pt/0 [일봉]
003490  대한항공      25,350   54.2    -1.9%    0.6x     하단  6.09  3pt/0 [5분]
004020  현대제철      37,950    0.0    +0.0%    0.0x     중간  1.16  0pt/0 [일봉]
078930  GS        72,300    0.0    +0.0%    0.0x     중간  0.41  0pt/0 [일봉]

══════════════════════════════════════════════════
⏰ 매수 세션 종료 (14:00↑) — 신규 매수 중단
→ 전종목 HOLD
✅ Discord 전송 완료

[14:58] HOLD | KODEX RSI73/-0.0%⬆️ | 보유:없음 | 최고신호 대한항공(003490) 3pt/3pt [호가6.1★ / RSI54]
💰 예수금 95,923원 | KODEX200 RSI73/-0.2% 상승추세⬆️  | 매수기준 점수3pt↑

코드      종목명           가격    RSI     변화율    거래량     BB   호가비  B/S
────────────────────────────────────────────────────────────────────────
[2단계 분석 대상: 042660, 034020, 096770, 066970, 017670]
403870  HPSP      44,300    0.0    +0.0%    0.0x     중간  1.51  1pt/0 [일봉]
011200  HMM       19,540    0.0    +0.0%    0.0x     중간  1.30  1pt/0 [일봉]
015760  한국전력      38,050    0.0    +0.0%    0.0x     중간  1.43  1pt/0 [일봉]
035720  카카오       42,600    0.0    +0.0%    0.0x     중간  1.02  0pt/0 [일봉]
030200  KT        54,200    0.0    +0.0%    0.0x     중간  1.10  0pt/0 [일봉]
003490  대한항공      25,350    0.0    +0.0%    0.0x     중간  5.63  2pt/0 [일봉]
004020  현대제철      37,850    0.0    +0.0%    0.0x     중간  1.31  1pt/0 [일봉]
078930  GS        72,100    0.0    +0.0%    0.0x     중간  0.81  0pt/0 [일봉]

══════════════════════════════════════════════════
⏰ 매수 세션 종료 (14:30↑) — 신규 매수 중단
→ 전종목 HOLD
✅ Discord 전송 완료

[15:00] HOLD | KODEX RSI73/-0.2%⬆️ | 보유:없음 | 최고신호 대한항공(003490) 2pt/3pt [호가5.6★]
💰 예수금 95,923원 | KODEX200 RSI73/-0.3% 상승추세⬆️  | 매수기준 점수3pt↑

코드      종목명           가격    RSI     변화율    거래량     BB   호가비  B/S
────────────────────────────────────────────────────────────────────────
[2단계 분석 대상: 034020, 042660, 086520, 000150, 096770]
403870  HPSP      44,250    0.0    +0.0%    0.0x     중간  1.54  3pt/0 [일봉]
011200  HMM       19,520    0.0    +0.0%    0.0x     중간  0.82  2pt/0 [일봉]
015760  한국전력      38,050    0.0    +0.0%    0.0x     중간  1.06  2pt/0 [일봉]
035720  카카오       42,550    0.0    +0.0%    0.0x     중간  0.52  2pt/0 [일봉]
030200  KT        54,200    0.0    +0.0%    0.0x     중간  0.78  2pt/0 [일봉]
003490  대한항공      25,350    0.0    +0.0%    0.0x     중간  5.48  4pt/0 [일봉]
004020  현대제철      37,900    0.0    +0.0%    0.0x     중간  0.55  2pt/0 [일봉]
078930  GS        72,100    0.0    +0.0%    0.0x     중간  1.00  2pt/0 [일봉]

══════════════════════════════════════════════════
⏰ 매수 세션 종료 (14:30↑) — 신규 매수 중단
→ 전종목 HOLD
✅ Discord 전송 완료

[15:02] HOLD | KODEX RSI73/-0.3%⬆️ | 보유:없음 | 최고신호 대한항공(003490) 4pt/3pt [강세+0.3%★ / 호가5.5★]
💰 예수금 95,923원 | KODEX200 RSI72/-0.4% 상승추세⬆️  | 매수기준 점수3pt↑

코드      종목명           가격    RSI     변화율    거래량     BB   호가비  B/S
────────────────────────────────────────────────────────────────────────
[2단계 분석 대상: 247540, 042660, 086520, 034020, 066970]
403870  HPSP      44,150    0.0    +0.0%    0.0x     중간  1.15  2pt/0 [일봉]
011200  HMM       19,520    0.0    +0.0%    0.0x     중간  0.85  2pt/0 [일봉]
015760  한국전력      38,050    0.0    +0.0%    0.0x     중간  1.15  2pt/0 [일봉]
035720  카카오       42,550    0.0    +0.0%    0.0x     중간  0.41  2pt/0 [일봉]
030200  KT        54,200    0.0    +0.0%    0.0x     중간  0.89  2pt/0 [일봉]
003490  대한항공      25,350    0.0    +0.0%    0.0x     중간  5.47  4pt/0 [일봉]
004020  현대제철      37,850    0.0    +0.0%    0.0x     중간  0.58  2pt/0 [일봉]
078930  GS        72,200    0.0    +0.0%    0.0x     중간  1.52  3pt/0 [일봉]

══════════════════════════════════════════════════
⏰ 매수 세션 종료 (14:30↑) — 신규 매수 중단
→ 전종목 HOLD
✅ Discord 전송 완료

[15:04] HOLD | KODEX RSI72/-0.4%⬆️ | 보유:없음 | 최고신호 대한항공(003490) 4pt/3pt [강세+0.4%★ / 호가5.5★]
💰 예수금 95,923원 | KODEX200 RSI73/-0.3% 상승추세⬆️  | 매수기준 점수3pt↑

코드      종목명           가격    RSI     변화율    거래량     BB   호가비  B/S
────────────────────────────────────────────────────────────────────────
[2단계 분석 대상: 247540, 066970, 034020, 042660, 096770]
403870  HPSP      44,100    0.0    +0.0%    0.0x     중간  1.44  3pt/0 [일봉]
011200  HMM       19,520    0.0    +0.0%    0.0x     중간  0.74  2pt/0 [일봉]
015760  한국전력      38,050    0.0    +0.0%    0.0x     중간  1.07  2pt/0 [일봉]
035720  카카오       42,500    0.0    +0.0%    0.0x     중간  0.80  2pt/0 [일봉]
030200  KT        54,200    0.0    +0.0%    0.0x     중간  0.94  2pt/0 [일봉]
003490  대한항공      25,300    0.0    +0.0%    0.0x     중간  5.17  4pt/0 [일봉]
004020  현대제철      37,950    0.0    +0.0%    0.0x     중간  0.50  2pt/0 [일봉]
078930  GS        72,100    0.0    +0.0%    0.0x     중간  0.48  2pt/0 [일봉]

══════════════════════════════════════════════════
⏰ 매수 세션 종료 (14:30↑) — 신규 매수 중단
→ 전종목 HOLD
✅ Discord 전송 완료

[15:06] HOLD | KODEX RSI73/-0.3%⬆️ | 보유:없음 | 최고신호 대한항공(003490) 4pt/3pt [강세+0.3%★ / 호가5.2★]
💰 예수금 95,923원 | KODEX200 RSI72/-0.4% 상승추세⬆️  | 매수기준 점수3pt↑

코드      종목명           가격    RSI     변화율    거래량     BB   호가비  B/S
────────────────────────────────────────────────────────────────────────
[2단계 분석 대상: 066970, 032830, 034020, 042660, 247540]
403870  HPSP      44,150    0.0    +0.0%    0.0x     중간  0.69  2pt/0 [일봉]
011200  HMM       19,530    0.0    +0.0%    0.0x     중간  0.92  2pt/0 [일봉]
015760  한국전력      38,050    0.0    +0.0%    0.0x     중간  1.19  2pt/0 [일봉]
035720  카카오       42,450    0.0    +0.0%    0.0x     중간  0.70  2pt/0 [일봉]
030200  KT        54,200    0.0    +0.0%    0.0x     중간  1.03  2pt/0 [일봉]
003490  대한항공      25,300    0.0    +0.0%    0.0x     중간  5.20  4pt/0 [일봉]
004020  현대제철      37,850    0.0    +0.0%    0.0x     중간  0.58  2pt/0 [일봉]
078930  GS        72,300    0.0    +0.0%    0.0x     중간  1.24  2pt/0 [일봉]

══════════════════════════════════════════════════
⏰ 매수 세션 종료 (14:30↑) — 신규 매수 중단
→ 전종목 HOLD
✅ Discord 전송 완료

[15:08] HOLD | KODEX RSI72/-0.4%⬆️ | 보유:없음 | 최고신호 대한항공(003490) 4pt/3pt [강세+0.4%★ / 호가5.2★]
💰 예수금 95,923원 | KODEX200 RSI72/-0.5% 상승추세⬆️  | 매수기준 점수3pt↑

코드      종목명           가격    RSI     변화율    거래량     BB   호가비  B/S
────────────────────────────────────────────────────────────────────────
[2단계 분석 대상: 066970, 034020, 247540, 042660, 003670]
403870  HPSP      44,050    0.0    +0.0%    0.0x     중간  0.81  2pt/0 [일봉]
011200  HMM       19,530    0.0    +0.0%    0.0x     중간  0.68  2pt/0 [일봉]
015760  한국전력      38,050    0.0    +0.0%    0.0x     중간  1.27  2pt/0 [일봉]
035720  카카오       42,450    0.0    +0.0%    0.0x     중간  0.86  2pt/0 [일봉]
030200  KT        54,200    0.0    +0.0%    0.0x     중간  1.04  2pt/0 [일봉]
003490  대한항공      25,300    0.0    +0.0%    0.0x     중간  5.26  4pt/0 [일봉]
004020  현대제철      37,850    0.0    +0.0%    0.0x     중간  0.50  2pt/0 [일봉]
078930  GS        72,200    0.0    +0.0%    0.0x     중간  0.78  2pt/0 [일봉]

══════════════════════════════════════════════════
🕐 15:10 이후 — 장 마감 청산 모드
⏰ 매수 세션 종료 (14:30↑) — 신규 매수 중단
→ 전종목 HOLD
✅ Discord 전송 완료

[15:10] HOLD | KODEX RSI72/-0.5%⬆️ | 보유:없음 | 최고신호 대한항공(003490) 4pt/3pt [강세+0.5%★ / 호가5.3★]
💰 예수금 95,923원 | KODEX200 RSI73/-0.4% 상승추세⬆️  | 매수기준 점수3pt↑

코드      종목명           가격    RSI     변화율    거래량     BB   호가비  B/S
────────────────────────────────────────────────────────────────────────
[2단계 분석 대상: 066970, 034020, 247540, 042660, 003490]
403870  HPSP      44,250    0.0    +0.0%    0.0x     중간  1.01  2pt/0 [일봉]
011200  HMM       19,530    0.0    +0.0%    0.0x     중간  0.52  2pt/0 [일봉]
015760  한국전력      38,050    0.0    +0.0%    0.0x     중간  1.11  2pt/0 [일봉]
035720  카카오       42,450    0.0    +0.0%    0.0x     중간  0.93  2pt/0 [일봉]
030200  KT        54,200    0.0    +0.0%    0.0x     중간  1.06  2pt/0 [일봉]
003490  대한항공      25,300   46.2    -1.9%    0.7x     하단  6.85  3pt/0 [5분]
004020  현대제철      37,850    0.0    +0.0%    0.0x     중간  0.47  2pt/0 [일봉]
078930  GS        72,300    0.0    +0.0%    0.0x     중간  0.69  2pt/0 [일봉]

══════════════════════════════════════════════════
🕐 15:10 이후 — 장 마감 청산 모드
⏰ 매수 세션 종료 (14:30↑) — 신규 매수 중단
→ 전종목 HOLD
✅ Discord 전송 완료

[15:12] HOLD | KODEX RSI73/-0.4%⬆️ | 보유:없음 | 최고신호 대한항공(003490) 3pt/3pt [호가6.8★ / RSI46]
💰 예수금 95,923원 | KODEX200 RSI73/-0.3% 상승추세⬆️  | 매수기준 점수3pt↑

코드      종목명           가격    RSI     변화율    거래량     BB   호가비  B/S
────────────────────────────────────────────────────────────────────────
[2단계 분석 대상: 066970, 247540, 034020, 042660, 032830]
403870  HPSP      44,150    0.0    +0.0%    0.0x     중간  1.17  0pt/0 [일봉]
011200  HMM       19,520    0.0    +0.0%    0.0x     중간  0.54  0pt/0 [일봉]
015760  한국전력      38,050    0.0    +0.0%    0.0x     중간  1.49  1pt/0 [일봉]
035720  카카오       42,500    0.0    +0.0%    0.0x     중간  0.65  0pt/0 [일봉]
030200  KT        54,200    0.0    +0.0%    0.0x     중간  1.22  0pt/0 [일봉]
003490  대한항공      25,350    0.0    +0.0%    0.0x     중간  5.39  2pt/0 [일봉]
004020  현대제철      37,850    0.0    +0.0%    0.0x     중간  0.47  0pt/0 [일봉]
078930  GS        72,200    0.0    +0.0%    0.0x     중간  0.83  0pt/0 [일봉]

══════════════════════════════════════════════════
🕐 15:10 이후 — 장 마감 청산 모드
⏰ 매수 세션 종료 (14:30↑) — 신규 매수 중단
→ 전종목 HOLD
✅ Discord 전송 완료

[15:14] HOLD | KODEX RSI73/-0.3%⬆️ | 보유:없음 | 최고신호 대한항공(003490) 2pt/3pt [호가5.4★]
💰 예수금 95,923원 | KODEX200 RSI73/-0.1% 상승추세⬆️  | 매수기준 점수3pt↑

코드      종목명           가격    RSI     변화율    거래량     BB   호가비  B/S
────────────────────────────────────────────────────────────────────────
[2단계 분석 대상: 066970, 034020, 042660, 247540, 003670]
403870  HPSP      44,150    0.0    +0.0%    0.0x     중간  1.22  0pt/0 [일봉]
011200  HMM       19,520    0.0    +0.0%    0.0x     중간  0.79  0pt/0 [일봉]
015760  한국전력      37,950    0.0    +0.0%    0.0x     중간  2.07  2pt/0 [일봉]
035720  카카오       42,500    0.0    +0.0%    0.0x     중간  0.87  0pt/0 [일봉]
030200  KT        54,200    0.0    +0.0%    0.0x     중간  1.19  0pt/0 [일봉]
003490  대한항공      25,350    0.0    +0.0%    0.0x     중간  5.63  2pt/0 [일봉]
004020  현대제철      37,800    0.0    +0.0%    0.0x     중간  0.48  0pt/0 [일봉]
078930  GS        72,200    0.0    +0.0%    0.0x     중간  0.87  0pt/0 [일봉]

══════════════════════════════════════════════════
🕐 15:10 이후 — 장 마감 청산 모드
⏰ 매수 세션 종료 (14:30↑) — 신규 매수 중단
→ 전종목 HOLD
✅ Discord 전송 완료

[15:16] HOLD | KODEX RSI73/-0.1%⬆️ | 보유:없음 | 최고신호 한국전력(015760) 2pt/3pt [호가2.1★]
💰 예수금 95,923원 | KODEX200 RSI73/-0.3% 상승추세⬆️  | 매수기준 점수3pt↑

코드      종목명           가격    RSI     변화율    거래량     BB   호가비  B/S
────────────────────────────────────────────────────────────────────────
[2단계 분석 대상: 066970, 034020, 042660, 247540, 096770]
403870  HPSP      44,150    0.0    +0.0%    0.0x     중간  1.26  0pt/0 [일봉]
011200  HMM       19,520    0.0    +0.0%    0.0x     중간  0.71  0pt/0 [일봉]
015760  한국전력      37,950    0.0    +0.0%    0.0x     중간  1.87  1pt/0 [일봉]
035720  카카오       42,550    0.0    +0.0%    0.0x     중간  0.25  0pt/0 [일봉]
030200  KT        54,200    0.0    +0.0%    0.0x     중간  1.16  0pt/0 [일봉]
003490  대한항공      25,350    0.0    +0.0%    0.0x     중간  4.44  2pt/0 [일봉]
004020  현대제철      37,850    0.0    +0.0%    0.0x     중간  0.41  0pt/0 [일봉]
078930  GS        72,200    0.0    +0.0%    0.0x     중간  1.11  0pt/0 [일봉]

══════════════════════════════════════════════════
🕐 15:10 이후 — 장 마감 청산 모드
⏰ 매수 세션 종료 (14:30↑) — 신규 매수 중단
→ 전종목 HOLD
✅ Discord 전송 완료

[15:18] HOLD | KODEX RSI73/-0.3%⬆️ | 보유:없음 | 최고신호 대한항공(003490) 2pt/3pt [호가4.4★]
💰 예수금 95,923원 | KODEX200 RSI73/-0.3% 상승추세⬆️  | 매수기준 점수3pt↑

코드      종목명           가격    RSI     변화율    거래량     BB   호가비  B/S
────────────────────────────────────────────────────────────────────────
[2단계 분석 대상: 105560, 086790, 078930, 034020, 000720]
403870  HPSP      44,200    0.0    +0.0%    0.0x     중간  0.84  2pt/0 [일봉]
011200  HMM       19,320    0.0    +0.0%    0.0x     중간  0.13  2pt/0 [일봉]
015760  한국전력      37,600    0.0    +0.0%    0.0x     중간  0.07  2pt/0 [일봉]
035720  카카오       42,500    0.0    +0.0%    0.0x     중간  1.13  2pt/0 [일봉]
030200  KT        54,200    0.0    +0.0%    0.0x     중간  0.60  2pt/0 [일봉]
003490  대한항공      25,300    0.0    +0.0%    0.0x     중간  2.64  4pt/0 [일봉]
004020  현대제철      38,000    0.0    +0.0%    0.0x     중간  0.03  2pt/0 [일봉]
078930  GS        72,800   33.3    -1.6%    0.7x     중간 18.48  3pt/0 [5분]

══════════════════════════════════════════════════
🕐 15:10 이후 — 장 마감 청산 모드
⏰ 매수 세션 종료 (14:30↑) — 신규 매수 중단
→ 전종목 HOLD
✅ Discord 전송 완료

[15:20] HOLD | KODEX RSI73/-0.3%⬆️ | 보유:없음 | 최고신호 대한항공(003490) 4pt/3pt [강세+0.3%★ / 호가2.6★]
💰 예수금 95,923원 | KODEX200 RSI73/-0.3% 상승추세⬆️  | 매수기준 점수3pt↑

코드      종목명           가격    RSI     변화율    거래량     BB   호가비  B/S
────────────────────────────────────────────────────────────────────────
[2단계 분석 대상: 329180, 105560, 032830, 096770, 034020]
403870  HPSP      44,000    0.0    +0.0%    0.0x     중간  3.28  4pt/0 [일봉]
011200  HMM       19,320    0.0    +0.0%    0.0x     중간  0.14  2pt/0 [일봉]
015760  한국전력      37,600    0.0    +0.0%    0.0x     중간  0.13  2pt/0 [일봉]
035720  카카오       42,850    0.0    +0.0%    0.0x     중간  0.14  2pt/0 [일봉]
030200  KT        53,800    0.0    +0.0%    0.0x     중간  5.37  4pt/0 [일봉]
003490  대한항공      25,300    0.0    +0.0%    0.0x     중간  3.07  4pt/0 [일봉]
004020  현대제철      38,000    0.0    +0.0%    0.0x     중간  0.01  2pt/0 [일봉]
078930  GS        73,800    0.0    +0.0%    0.0x     중간  1.02  2pt/0 [일봉]

══════════════════════════════════════════════════
🕐 15:10 이후 — 장 마감 청산 모드
⏰ 매수 세션 종료 (14:30↑) — 신규 매수 중단
→ 전종목 HOLD
✅ Discord 전송 완료

[15:22] HOLD | KODEX RSI73/-0.3%⬆️ | 보유:없음 | 최고신호 HPSP(403870) 4pt/3pt [강세+0.3%★ / 호가3.3★]
💰 예수금 95,923원 | KODEX200 RSI73/-0.3% 상승추세⬆️  | 매수기준 점수3pt↑

코드      종목명           가격    RSI     변화율    거래량     BB   호가비  B/S
────────────────────────────────────────────────────────────────────────
[2단계 분석 대상: 032830, 105560, 000150, 329180, 034020]
403870  HPSP      44,050    0.0    +0.0%    0.0x     중간  3.28  4pt/0 [일봉]
011200  HMM       19,320    0.0    +0.0%    0.0x     중간  0.20  2pt/0 [일봉]
015760  한국전력      37,600    0.0    +0.0%    0.0x     중간  0.12  2pt/0 [일봉]
035720  카카오       42,800    0.0    +0.0%    0.0x     중간  0.01  2pt/0 [일봉]
030200  KT        53,800    0.0    +0.0%    0.0x     중간  6.10  4pt/0 [일봉]
003490  대한항공      25,300    0.0    +0.0%    0.0x     중간  3.00  4pt/0 [일봉]
004020  현대제철      37,950    0.0    +0.0%    0.0x     중간  0.05  2pt/0 [일봉]
078930  GS        72,800    0.0    +0.0%    0.0x     중간  1.01  2pt/0 [일봉]

══════════════════════════════════════════════════
🕐 15:10 이후 — 장 마감 청산 모드
⏰ 매수 세션 종료 (14:30↑) — 신규 매수 중단
→ 전종목 HOLD
✅ Discord 전송 완료

[15:24] HOLD | KODEX RSI73/-0.3%⬆️ | 보유:없음 | 최고신호 HPSP(403870) 4pt/3pt [강세+0.3%★ / 호가3.3★]
💰 예수금 95,923원 | KODEX200 RSI73/-0.3% 상승추세⬆️  | 매수기준 점수3pt↑

코드      종목명           가격    RSI     변화율    거래량     BB   호가비  B/S
────────────────────────────────────────────────────────────────────────
[2단계 분석 대상: 011200, 032830, 329180, 066970, 042660]
403870  HPSP      44,000    0.0    +0.0%    0.0x     중간  3.03  4pt/0 [일봉]
011200  HMM       19,330   53.6    -1.3%    0.9x     하단 960.00  4pt/0 [5분]
015760  한국전력      37,600    0.0    +0.0%    0.0x     중간  0.24  2pt/0 [일봉]
035720  카카오       42,750    0.0    +0.0%    0.0x     중간  0.03  2pt/0 [일봉]
030200  KT        54,000    0.0    +0.0%    0.0x     중간  1.16  2pt/0 [일봉]
003490  대한항공      25,300    0.0    +0.0%    0.0x     중간  3.41  4pt/0 [일봉]
004020  현대제철      37,850    0.0    +0.0%    0.0x     중간  0.51  2pt/0 [일봉]
078930  GS        72,700    0.0    +0.0%    0.0x     중간  0.04  2pt/0 [일봉]

══════════════════════════════════════════════════
🕐 15:10 이후 — 장 마감 청산 모드
⏰ 매수 세션 종료 (14:30↑) — 신규 매수 중단
→ 전종목 HOLD
✅ Discord 전송 완료

[15:26] HOLD | KODEX RSI73/-0.3%⬆️ | 보유:없음 | 최고신호 HPSP(403870) 4pt/3pt [강세+0.3%★ / 호가3.0★]
💰 예수금 95,923원 | KODEX200 RSI73/-0.3% 상승추세⬆️  | 매수기준 점수3pt↑

코드      종목명           가격    RSI     변화율    거래량     BB   호가비  B/S
────────────────────────────────────────────────────────────────────────
[2단계 분석 대상: 272210, 042660, 032830, 096770, 086520]
403870  HPSP      43,950    0.0    +0.0%    0.0x     중간  8.28  4pt/0 [일봉]
011200  HMM       19,410    0.0    +0.0%    0.0x     중간  0.18  2pt/0 [일봉]
015760  한국전력      37,600    0.0    +0.0%    0.0x     중간  0.34  2pt/0 [일봉]
035720  카카오       42,550    0.0    +0.0%    0.0x     중간  3.09  4pt/0 [일봉]
030200  KT        54,000    0.0    +0.0%    0.0x     중간  2.05  4pt/0 [일봉]
003490  대한항공      25,300    0.0    +0.0%    0.0x     중간  3.19  4pt/0 [일봉]
004020  현대제철      37,850    0.0    +0.0%    0.0x     중간  1.02  2pt/0 [일봉]
078930  GS        72,800    0.0    +0.0%    0.0x     중간  0.65  2pt/0 [일봉]

══════════════════════════════════════════════════
🕐 15:10 이후 — 장 마감 청산 모드
⏰ 매수 세션 종료 (14:30↑) — 신규 매수 중단
→ 전종목 HOLD
✅ Discord 전송 완료

[15:28] HOLD | KODEX RSI73/-0.3%⬆️ | 보유:없음 | 최고신호 HPSP(403870) 4pt/3pt [강세+0.3%★ / 호가8.3★]
💰 예수금 95,923원 | KODEX200 RSI73/-0.3% 상승추세⬆️  | 매수기준 점수3pt↑

코드      종목명           가격    RSI     변화율    거래량     BB   호가비  B/S
────────────────────────────────────────────────────────────────────────
[2단계 분석 대상: 032830, 086520, 003490, 042660, 015760]
403870  HPSP      44,150    0.0    +0.0%    0.0x     중간  3.06  4pt/0 [일봉]
011200  HMM       19,510    0.0    +0.0%    0.0x     중간  0.34  2pt/0 [일봉]
015760  한국전력      37,800   32.1    -2.3%    0.7x     하단  5.26  2pt/0 [5분]
035720  카카오       42,550    0.0    +0.0%    0.0x     중간  0.47  2pt/0 [일봉]
030200  KT        54,000    0.0    +0.0%    0.0x     중간  2.19  4pt/0 [일봉]
003490  대한항공      25,350   44.8    -1.9%    0.7x     하단  5.81  2pt/0 [5분]
004020  현대제철      37,900    0.0    +0.0%    0.0x     중간  2.45  4pt/0 [일봉]
078930  GS        72,600    0.0    +0.0%    0.0x     중간  0.32  2pt/0 [일봉]

══════════════════════════════════════════════════
🕐 15:10 이후 — 장 마감 청산 모드
⏰ 매수 세션 종료 (14:30↑) — 신규 매수 중단
→ 전종목 HOLD
✅ Discord 전송 완료

[15:30] HOLD | KODEX RSI73/-0.3%⬆️ | 보유:없음 | 최고신호 HPSP(403870) 4pt/3pt [강세+0.3%★ / 호가3.1★]
