💰 예수금 100,426원 | KODEX200 RSI72/+0.0% 정상 | 매수기준 2개↑

코드      종목명           가격    RSI     변화율    거래량     BB   호가비  B/S
────────────────────────────────────────────────────────────────────────
[2단계 분석 대상: 079550, 042700, 034020, 403870, 015760]
403870  HPSP      52,300   80.6    +0.0%    0.0x     상단 78.04  2/0 [5분]
058470  리노공업     100,000    0.0    +0.0%    0.0x     중간  3.92  1/0 [일봉]
⛔ 아우토크립트(137040) 호가 없음 (거래정지 의심)
055550  신한지주      92,400    0.0    +0.0%    0.0x     중간  4.07  1/0 [일봉]
035720  카카오       42,000    0.0    +0.0%    0.0x     중간 21.87  1/0 [일봉]
015760  한국전력      36,550   75.0    +0.0%    0.0x     하단 67.26  3/0 [5분]
078930  GS        72,800    0.0    +0.0%    0.0x     중간  4.47  1/0 [일봉]
061250  화일약품       8,180    0.0    +0.0%    0.0x     중간  0.89  0/0 [일봉]
217820  원익피앤이      3,050    0.0    +0.0%    0.0x     중간  2.30  1/0 [일봉]
001510  SK증권       4,020    0.0    +0.0%    0.0x     중간  2.31  1/0 [일봉]
056080  유진로봇      25,650    0.0    +0.0%    0.0x     중간  0.21  0/0 [일봉]
084850  아이티엠반도체   13,930    0.0    +0.0%    0.0x     중간  0.04  0/0 [일봉]
⛔ 금양(001570) 호가 없음 (거래정지 의심)

══════════════════════════════════════════════════
→ 전종목 HOLD
✅ Discord 전송 완료

[08:50] HOLD | KODEX RSI72/+0.0% | 보유:없음 | 최고신호 한국전력(015760) 3/2개 [BB하단 / MA골 / 호가67.3]
💰 예수금 100,426원 | KODEX200 RSI69/-1.6% 정상 | 매수기준 2개↑

코드      종목명           가격    RSI     변화율    거래량     BB   호가비  B/S
────────────────────────────────────────────────────────────────────────
[2단계 분석 대상: 000660, 068270, 005930, 086790, 207940]
403870  HPSP      52,000    0.0    +0.0%    0.0x     중간  1.47  1/0 [일봉]
⛔ 아우토크립트(137040) 호가 없음 (거래정지 의심)
055550  신한지주      93,400    0.0    +0.0%    0.0x     중간  0.48  0/0 [일봉]
035720  카카오       42,750    0.0    +0.0%    0.0x     중간  0.81  0/0 [일봉]
015760  한국전력      38,900    0.0    +0.0%    0.0x     중간  3.74  1/0 [일봉]
078930  GS        76,000    0.0    +0.0%    0.0x     중간  0.82  0/0 [일봉]
061250  화일약품       8,230    0.0    +0.0%    0.0x     중간  2.05  1/0 [일봉]
217820  원익피앤이      3,040    0.0    +0.0%    0.0x     중간  2.52  1/0 [일봉]
001510  SK증권       3,970    0.0    +0.0%    0.0x     중간  1.61  1/0 [일봉]
056080  유진로봇      24,950    0.0    +0.0%    0.0x     중간  1.57  1/0 [일봉]
084850  아이티엠반도체   14,070    0.0    +0.0%    0.0x     중간  0.19  0/0 [일봉]
⛔ 금양(001570) 호가 없음 (거래정지 의심)

══════════════════════════════════════════════════
⏰ 장 초반 변동성 (9:20 전) — 신규 매수 중단
→ 전종목 HOLD
✅ Discord 전송 완료

[09:00] HOLD | KODEX RSI69/-1.6% | 보유:없음 | 최고신호 HPSP(403870) 1/2개 [호가1.5]
💰 예수금 100,426원 | KODEX200 RSI69/-1.7% 정상 | 매수기준 2개↑

코드      종목명           가격    RSI     변화율    거래량     BB   호가비  B/S
────────────────────────────────────────────────────────────────────────
[2단계 분석 대상: 005380, 005930, 012330, 056080, 217820]
403870  HPSP      52,300    0.0    +0.0%    0.0x     중간  1.97  1/0 [일봉]
⛔ 아우토크립트(137040) 호가 없음 (거래정지 의심)
055550  신한지주      93,800    0.0    +0.0%    0.0x     중간  1.41  1/0 [일봉]
035720  카카오       42,500    0.0    +0.0%    0.0x     중간  1.39  1/0 [일봉]
015760  한국전력      39,100    0.0    +0.0%    0.0x     중간  0.25  0/0 [일봉]
078930  GS        74,800    0.0    +0.0%    0.0x     중간  0.96  0/0 [일봉]
061250  화일약품       8,230    0.0    +0.0%    0.0x     중간  1.15  0/0 [일봉]
217820  원익피앤이      3,005   72.0    -1.5%    0.0x     하단  2.96  4/0 [5분]
001510  SK증권       3,985    0.0    +0.0%    0.0x     중간  2.96  1/0 [일봉]
056080  유진로봇      25,000   66.7    -2.7%    0.0x     하단  3.39  4/0 [5분]
084850  아이티엠반도체   13,860    0.0    +0.0%    0.0x     중간  0.87  0/0 [일봉]
⛔ 금양(001570) 호가 없음 (거래정지 의심)

══════════════════════════════════════════════════
⏰ 장 초반 변동성 (9:20 전) — 신규 매수 중단
→ 전종목 HOLD
✅ Discord 전송 완료

[09:02] HOLD | KODEX RSI69/-1.7% | 보유:없음 | 최고신호 원익피앤이(217820) 4/2개 [하락-1.5% / BB하단 / MA골 / 호가3.0]
💰 예수금 100,426원 | KODEX200 RSI68/-1.8% 정상 | 매수기준 2개↑

코드      종목명           가격    RSI     변화율    거래량     BB   호가비  B/S
────────────────────────────────────────────────────────────────────────
[2단계 분석 대상: 247540, 056080, 403870, 051910, 005930]
403870  HPSP      51,600   77.3    -1.1%    0.0x     중간  5.70  3/0 [5분]
⛔ 아우토크립트(137040) 호가 없음 (거래정지 의심)
055550  신한지주      93,700    0.0    +0.0%    0.0x     중간  0.64  0/0 [일봉]
035720  카카오       42,650    0.0    +0.0%    0.0x     중간  0.73  0/0 [일봉]
015760  한국전력      38,700    0.0    +0.0%    0.0x     중간  0.30  0/0 [일봉]
078930  GS        75,300    0.0    +0.0%    0.0x     중간  0.22  0/0 [일봉]
061250  화일약품       8,230    0.0    +0.0%    0.0x     중간  0.36  0/0 [일봉]
217820  원익피앤이      2,980    0.0    +0.0%    0.0x     중간  2.97  1/0 [일봉]
001510  SK증권       3,930    0.0    +0.0%    0.0x     중간  2.63  1/0 [일봉]
056080  유진로봇      24,950   64.3    -3.3%    0.0x     하단  5.82  4/0 [5분]
084850  아이티엠반도체   13,850    0.0    +0.0%    0.0x     중간  0.31  0/0 [일봉]
⛔ 금양(001570) 호가 없음 (거래정지 의심)

══════════════════════════════════════════════════
⏰ 장 초반 변동성 (9:20 전) — 신규 매수 중단
→ 전종목 HOLD
✅ Discord 전송 완료

[09:04] HOLD | KODEX RSI68/-1.8% | 보유:없음 | 최고신호 유진로봇(056080) 4/2개 [하락-3.3% / BB하단 / MA골 / 호가5.8]
💰 예수금 100,426원 | KODEX200 RSI68/-2.0% 정상 | 매수기준 2개↑

코드      종목명           가격    RSI     변화율    거래량     BB   호가비  B/S
────────────────────────────────────────────────────────────────────────
[2단계 분석 대상: 006400, 051910, 003670, 001510, 005930]
403870  HPSP      51,600    0.0    +0.0%    0.0x     중간  4.65  1/0 [일봉]
⛔ 아우토크립트(137040) 호가 없음 (거래정지 의심)
055550  신한지주      93,800    0.0    +0.0%    0.0x     중간  0.43  0/0 [일봉]
035720  카카오       42,750    0.0    +0.0%    0.0x     중간  0.69  0/0 [일봉]
015760  한국전력      38,850    0.0    +0.0%    0.0x     중간  1.05  0/0 [일봉]
078930  GS        75,500    0.0    +0.0%    0.0x     중간  0.70  0/0 [일봉]
061250  화일약품       8,230    0.0    +0.0%    0.0x     중간  0.40  0/0 [일봉]
217820  원익피앤이      3,045    0.0    +0.0%    0.0x     중간  1.19  0/0 [일봉]
001510  SK증권       3,940   63.0    -1.9%    0.0x     하단  5.09  4/0 [5분]
056080  유진로봇      24,650    0.0    +0.0%    0.0x     중간  1.44  1/0 [일봉]
084850  아이티엠반도체   13,920    0.0    +0.0%    0.0x     중간  0.56  0/0 [일봉]
⛔ 금양(001570) 호가 없음 (거래정지 의심)

══════════════════════════════════════════════════
⏰ 장 초반 변동성 (9:20 전) — 신규 매수 중단
→ 전종목 HOLD
✅ Discord 전송 완료

[09:06] HOLD | KODEX RSI68/-2.0% | 보유:없음 | 최고신호 SK증권(001510) 4/2개 [하락-1.9% / BB하단 / MA골 / 호가5.1]
💰 예수금 100,426원 | KODEX200 RSI68/-2.2% 과열⚠️ | 매수기준 2개↑

코드      종목명           가격    RSI     변화율    거래량     BB   호가비  B/S
────────────────────────────────────────────────────────────────────────
[2단계 분석 대상: 006400, 005380, 000660, 005930, 001510]
403870  HPSP      51,500    0.0    +0.0%    0.0x     중간  2.53  1/0 [일봉]
058470  리노공업     100,200    0.0    +0.0%    0.0x     중간  0.65  0/0 [일봉]
⛔ 아우토크립트(137040) 호가 없음 (거래정지 의심)
055550  신한지주      93,800    0.0    +0.0%    0.0x     중간  0.38  0/0 [일봉]
035720  카카오       42,950    0.0    +0.0%    0.0x     중간  1.17  0/0 [일봉]
015760  한국전력      39,150    0.0    +0.0%    0.0x     중간  0.56  0/0 [일봉]
078930  GS        75,000    0.0    +0.0%    0.0x     중간  1.14  0/0 [일봉]
061250  화일약품       8,230    0.0    +0.0%    0.0x     중간  0.36  0/0 [일봉]
217820  원익피앤이      3,015    0.0    +0.0%    0.0x     중간  3.51  1/0 [일봉]
001510  SK증권       3,940   63.0    -1.9%    0.0x     하단  3.89  4/0 [5분]
056080  유진로봇      24,750    0.0    +0.0%    0.0x     중간  1.50  1/0 [일봉]
084850  아이티엠반도체   13,870    0.0    +0.0%    0.0x     중간  1.30  1/0 [일봉]
⛔ 금양(001570) 호가 없음 (거래정지 의심)

══════════════════════════════════════════════════
⏰ 장 초반 변동성 (9:20 전) — 신규 매수 중단
→ 전종목 HOLD
✅ Discord 전송 완료

[09:08] HOLD | KODEX RSI68/-2.2%⚠️ | 보유:없음 | 최고신호 SK증권(001510) 4/2개 [하락-1.9% / BB하단 / MA골 / 호가3.9]
💰 예수금 100,426원 | KODEX200 RSI69/-1.6% 정상 | 매수기준 2개↑

코드      종목명           가격    RSI     변화율    거래량     BB   호가비  B/S
────────────────────────────────────────────────────────────────────────
[2단계 분석 대상: 051910, 005930, 056080, 042700, 005380]
403870  HPSP      51,500    0.0    +0.0%    0.0x     중간  2.96  1/0 [일봉]
⛔ 아우토크립트(137040) 호가 없음 (거래정지 의심)
055550  신한지주      94,300    0.0    +0.0%    0.0x     중간  0.16  0/0 [일봉]
035720  카카오       43,200    0.0    +0.0%    0.0x     중간  0.78  0/0 [일봉]
015760  한국전력      39,200    0.0    +0.0%    0.0x     중간  0.66  0/0 [일봉]
078930  GS        75,500    0.0    +0.0%    0.0x     중간  0.67  0/0 [일봉]
061250  화일약품       8,230    0.0    +0.0%    0.0x     중간  0.36  0/0 [일봉]
217820  원익피앤이      3,045    0.0    +0.0%    0.0x     중간  2.13  1/0 [일봉]
001510  SK증권       3,965    0.0    +0.0%    0.0x     중간  0.79  0/0 [일봉]
056080  유진로봇      25,000   40.0    -1.8%    0.1x     하단  4.74  5/0 [5분]
084850  아이티엠반도체   13,870    0.0    +0.0%    0.0x     중간  2.05  1/0 [일봉]
⛔ 금양(001570) 호가 없음 (거래정지 의심)

══════════════════════════════════════════════════
⏰ 장 초반 변동성 (9:20 전) — 신규 매수 중단
→ 전종목 HOLD
✅ Discord 전송 완료

[09:10] HOLD | KODEX RSI69/-1.6% | 보유:없음 | 최고신호 유진로봇(056080) 5/2개 [RSI40 / 하락-1.8% / BB하단 / MA골 / 호가4.7]
💰 예수금 100,426원 | KODEX200 RSI68/-1.9% 정상 | 매수기준 2개↑

코드      종목명           가격    RSI     변화율    거래량     BB   호가비  B/S
────────────────────────────────────────────────────────────────────────
[2단계 분석 대상: 056080, 005380, 207940, 005930, 217820]
403870  HPSP      52,300    0.0    +0.0%    0.0x     중간  1.23  1/0 [일봉]
⛔ 아우토크립트(137040) 호가 없음 (거래정지 의심)
055550  신한지주      94,800    0.0    +0.0%    0.0x     중간  0.53  0/0 [일봉]
035720  카카오       43,200    0.0    +0.0%    0.0x     중간  0.44  0/0 [일봉]
015760  한국전력      38,850    0.0    +0.0%    0.0x     중간  0.78  0/0 [일봉]
078930  GS        75,100    0.0    +0.0%    0.0x     중간  0.60  0/0 [일봉]
061250  화일약품       8,220    0.0    +0.0%    0.0x     중간  0.73  0/0 [일봉]
217820  원익피앤이      3,010   77.8    -1.5%    0.1x     하단  4.55  4/0 [5분]
001510  SK증권       3,940    0.0    +0.0%    0.0x     중간  1.95  1/0 [일봉]
056080  유진로봇      24,850   40.0    -3.1%    0.1x     하단  8.96  5/0 [5분]
084850  아이티엠반도체   13,860    0.0    +0.0%    0.0x     중간  1.79  1/0 [일봉]
⛔ 금양(001570) 호가 없음 (거래정지 의심)

══════════════════════════════════════════════════
⏰ 장 초반 변동성 (9:20 전) — 신규 매수 중단
→ 전종목 HOLD
✅ Discord 전송 완료

[09:12] HOLD | KODEX RSI68/-1.9% | 보유:없음 | 최고신호 유진로봇(056080) 5/2개 [RSI40 / 하락-3.1% / BB하단 / MA골 / 호가9.0]
💰 예수금 100,426원 | KODEX200 RSI68/-2.1% 과열⚠️ | 매수기준 2개↑

코드      종목명           가격    RSI     변화율    거래량     BB   호가비  B/S
────────────────────────────────────────────────────────────────────────
[2단계 분석 대상: 207940, 051910, 403870, 217820, 005930]
403870  HPSP      51,300   67.9    -1.9%    0.1x     중간  7.72  3/0 [5분]
⛔ 아우토크립트(137040) 호가 없음 (거래정지 의심)
055550  신한지주      94,800    0.0    +0.0%    0.0x     중간  0.36  0/0 [일봉]
035720  카카오       43,350    0.0    +0.0%    0.0x     중간  0.66  0/0 [일봉]
015760  한국전력      38,750    0.0    +0.0%    0.0x     중간  0.56  0/0 [일봉]
078930  GS        75,000    0.0    +0.0%    0.0x     중간  1.87  1/0 [일봉]
061250  화일약품       8,200    0.0    +0.0%    0.0x     중간  0.79  0/0 [일봉]
217820  원익피앤이      3,005   76.9    -1.8%    0.1x     하단  6.73  4/0 [5분]
001510  SK증권       3,925    0.0    +0.0%    0.0x     중간  4.61  1/0 [일봉]
056080  유진로봇      24,700    0.0    +0.0%    0.0x     중간  2.84  1/0 [일봉]
084850  아이티엠반도체   13,800    0.0    +0.0%    0.0x     중간  1.13  0/0 [일봉]
⛔ 금양(001570) 호가 없음 (거래정지 의심)

══════════════════════════════════════════════════
⏰ 장 초반 변동성 (9:20 전) — 신규 매수 중단
→ 전종목 HOLD
✅ Discord 전송 완료

[09:14] HOLD | KODEX RSI68/-2.1%⚠️ | 보유:없음 | 최고신호 원익피앤이(217820) 4/2개 [하락-1.8% / BB하단 / MA골 / 호가6.7]
💰 예수금 100,426원 | KODEX200 RSI67/-2.5% 과열⚠️ | 매수기준 2개↑

코드      종목명           가격    RSI     변화율    거래량     BB   호가비  B/S
────────────────────────────────────────────────────────────────────────
[2단계 분석 대상: 001510, 403870, 006400, 051910, 005930]
403870  HPSP      51,200   67.9    -1.9%    0.1x     중간  7.52  3/0 [5분]
058470  리노공업     100,000    0.0    +0.0%    0.0x     중간  1.03  0/0 [일봉]
⛔ 아우토크립트(137040) 호가 없음 (거래정지 의심)
055550  신한지주      94,700    0.0    +0.0%    0.0x     중간  0.22  0/0 [일봉]
035720  카카오       43,200    0.0    +0.0%    0.0x     중간  0.62  0/0 [일봉]
015760  한국전력      38,750    0.0    +0.0%    0.0x     중간  0.56  0/0 [일봉]
078930  GS        74,800    0.0    +0.0%    0.0x     중간  0.89  0/0 [일봉]
061250  화일약품       8,200    0.0    +0.0%    0.0x     중간  0.79  0/0 [일봉]
217820  원익피앤이      3,010    0.0    +0.0%    0.0x     중간  1.06  0/0 [일봉]
001510  SK증권       3,915   64.7    -2.4%    0.0x     하단 11.23  4/0 [5분]
056080  유진로봇      24,650    0.0    +0.0%    0.0x     중간  0.92  0/0 [일봉]
084850  아이티엠반도체   14,000    0.0    +0.0%    0.0x     중간  1.18  0/0 [일봉]
⛔ 금양(001570) 호가 없음 (거래정지 의심)

══════════════════════════════════════════════════
⏰ 장 초반 변동성 (9:20 전) — 신규 매수 중단
→ 전종목 HOLD
✅ Discord 전송 완료

[09:16] HOLD | KODEX RSI67/-2.5%⚠️ | 보유:없음 | 최고신호 SK증권(001510) 4/2개 [하락-2.4% / BB하단 / MA골 / 호가11.2]
💰 예수금 100,426원 | KODEX200 RSI68/-2.2% 과열⚠️ | 매수기준 2개↑

코드      종목명           가격    RSI     변화율    거래량     BB   호가비  B/S
────────────────────────────────────────────────────────────────────────
[2단계 분석 대상: 066970, 403870, 005930, 001510, 003670]
403870  HPSP      51,300   67.9    -1.9%    0.1x     중간  5.68  3/0 [5분]
058470  리노공업      99,800    0.0    +0.0%    0.0x     중간  3.10  1/0 [일봉]
⛔ 아우토크립트(137040) 호가 없음 (거래정지 의심)
055550  신한지주      94,500    0.0    +0.0%    0.0x     중간  0.35  0/0 [일봉]
035720  카카오       43,100    0.0    +0.0%    0.0x     중간  0.78  0/0 [일봉]
015760  한국전력      38,800    0.0    +0.0%    0.0x     중간  1.00  0/0 [일봉]
078930  GS        74,400    0.0    +0.0%    0.0x     중간  0.81  0/0 [일봉]
061250  화일약품       8,200    0.0    +0.0%    0.0x     중간  0.72  0/0 [일봉]
217820  원익피앤이      3,005    0.0    +0.0%    0.0x     중간  1.03  0/0 [일봉]
001510  SK증권       3,950   64.7    -1.5%    0.0x     하단  4.54  4/0 [5분]
056080  유진로봇      24,650    0.0    +0.0%    0.0x     중간  1.89  1/0 [일봉]
084850  아이티엠반도체   13,890    0.0    +0.0%    0.0x     중간  1.84  1/0 [일봉]
⛔ 금양(001570) 호가 없음 (거래정지 의심)

══════════════════════════════════════════════════
⏰ 장 초반 변동성 (9:20 전) — 신규 매수 중단
→ 전종목 HOLD
✅ Discord 전송 완료

[09:18] HOLD | KODEX RSI68/-2.2%⚠️ | 보유:없음 | 최고신호 SK증권(001510) 4/2개 [하락-1.5% / BB하단 / MA골 / 호가4.5]
💰 예수금 100,426원 | KODEX200 RSI69/-1.6% 정상 | 매수기준 2개↑

코드      종목명           가격    RSI     변화율    거래량     BB   호가비  B/S
────────────────────────────────────────────────────────────────────────
[2단계 분석 대상: 006400, 051910, 005930, 403870, 005380]
403870  HPSP      51,900   64.0    +0.4%    0.1x     상단  3.52  2/0 [5분]
058470  리노공업     100,300    0.0    +0.0%    0.0x     중간  1.61  1/0 [일봉]
⛔ 아우토크립트(137040) 호가 없음 (거래정지 의심)
055550  신한지주      94,700    0.0    +0.0%    0.0x     중간  0.22  0/0 [일봉]
035720  카카오       43,250    0.0    +0.0%    0.0x     중간  0.50  0/0 [일봉]
015760  한국전력      38,850    0.0    +0.0%    0.0x     중간  0.77  0/0 [일봉]
078930  GS        74,400    0.0    +0.0%    0.0x     중간  0.21  0/0 [일봉]
061250  화일약품       8,200    0.0    +0.0%    0.0x     중간  0.47  0/0 [일봉]
217820  원익피앤이      3,030    0.0    +0.0%    0.0x     중간  1.71  1/0 [일봉]
001510  SK증권       4,020    0.0    +0.0%    0.0x     중간  0.50  0/0 [일봉]
056080  유진로봇      25,000    0.0    +0.0%    0.0x     중간  2.07  1/0 [일봉]
084850  아이티엠반도체   13,990    0.0    +0.0%    0.0x     중간  1.89  1/0 [일봉]
⛔ 금양(001570) 호가 없음 (거래정지 의심)

══════════════════════════════════════════════════
📉 KODEX200 -1.6% 하락장 — 신규 매수 중단
→ 전종목 HOLD
✅ Discord 전송 완료

[09:20] HOLD | KODEX RSI69/-1.6% | 보유:없음 | 최고신호 HPSP(403870) 2/2개 [MA골 / 호가3.5]
💰 예수금 100,426원 | KODEX200 RSI69/-1.4% 정상 | 매수기준 2개↑

코드      종목명           가격    RSI     변화율    거래량     BB   호가비  B/S
────────────────────────────────────────────────────────────────────────
[2단계 분석 대상: 051910, 003670, 005380, 034020, 006400]
403870  HPSP      52,800    0.0    +0.0%    0.0x     중간  0.76  0/0 [일봉]
⛔ 아우토크립트(137040) 호가 없음 (거래정지 의심)
055550  신한지주      94,800    0.0    +0.0%    0.0x     중간  0.19  0/0 [일봉]
035720  카카오       43,150    0.0    +0.0%    0.0x     중간  0.92  0/0 [일봉]
015760  한국전력      38,800    0.0    +0.0%    0.0x     중간  0.87  0/0 [일봉]
078930  GS        74,100    0.0    +0.0%    0.0x     중간  0.50  0/0 [일봉]
061250  화일약품       8,190    0.0    +0.0%    0.0x     중간  0.49  0/0 [일봉]
217820  원익피앤이      3,030    0.0    +0.0%    0.0x     중간  1.61  1/0 [일봉]
001510  SK증권       4,005    0.0    +0.0%    0.0x     중간  0.49  0/0 [일봉]
056080  유진로봇      25,150    0.0    +0.0%    0.0x     중간  1.59  1/0 [일봉]
084850  아이티엠반도체   13,870    0.0    +0.0%    0.0x     중간  0.61  0/0 [일봉]
⛔ 금양(001570) 호가 없음 (거래정지 의심)

══════════════════════════════════════════════════
📉 KODEX200 -1.4% 하락장 — 신규 매수 중단
→ 전종목 HOLD
✅ Discord 전송 완료

[09:22] HOLD | KODEX RSI69/-1.4% | 보유:없음 | 최고신호 원익피앤이(217820) 1/2개 [호가1.6]
💰 예수금 100,426원 | KODEX200 RSI69/-1.6% 정상 | 매수기준 2개↑

코드      종목명           가격    RSI     변화율    거래량     BB   호가비  B/S
────────────────────────────────────────────────────────────────────────
[2단계 분석 대상: 000270, 034020, 247540, 003670, 005930]
403870  HPSP      52,500    0.0    +0.0%    0.0x     중간  0.83  0/0 [일봉]
⛔ 아우토크립트(137040) 호가 없음 (거래정지 의심)
055550  신한지주      94,800    0.0    +0.0%    0.0x     중간  0.26  0/0 [일봉]
035720  카카오       43,000    0.0    +0.0%    0.0x     중간  1.25  1/0 [일봉]
015760  한국전력      38,950    0.0    +0.0%    0.0x     중간  0.60  0/0 [일봉]
078930  GS        73,600    0.0    +0.0%    0.0x     중간  0.43  0/0 [일봉]
061250  화일약품       8,150    0.0    +0.0%    0.0x     중간  0.63  0/0 [일봉]
217820  원익피앤이      3,040    0.0    +0.0%    0.0x     중간  0.68  0/0 [일봉]
001510  SK증권       3,995    0.0    +0.0%    0.0x     중간  2.73  1/0 [일봉]
056080  유진로봇      25,000    0.0    +0.0%    0.0x     중간  1.24  1/0 [일봉]
084850  아이티엠반도체   13,930    0.0    +0.0%    0.0x     중간  0.80  0/0 [일봉]
⛔ 금양(001570) 호가 없음 (거래정지 의심)

══════════════════════════════════════════════════
📉 KODEX200 -1.6% 하락장 — 신규 매수 중단
→ 전종목 HOLD
✅ Discord 전송 완료

[09:24] HOLD | KODEX RSI69/-1.6% | 보유:없음 | 최고신호 카카오(035720) 1/2개 [호가1.2]
💰 예수금 100,426원 | KODEX200 RSI69/-1.7% 정상 | 매수기준 2개↑

코드      종목명           가격    RSI     변화율    거래량     BB   호가비  B/S
────────────────────────────────────────────────────────────────────────
[2단계 분석 대상: 006400, 217820, 207940, 005930, 034020]
403870  HPSP      52,000    0.0    +0.0%    0.0x     중간  2.72  1/0 [일봉]
⛔ 아우토크립트(137040) 호가 없음 (거래정지 의심)
055550  신한지주      95,400    0.0    +0.0%    0.0x     중간  0.20  0/0 [일봉]
035720  카카오       42,800    0.0    +0.0%    0.0x     중간  1.60  1/0 [일봉]
015760  한국전력      39,000    0.0    +0.0%    0.0x     중간  0.56  0/0 [일봉]
078930  GS        73,800    0.0    +0.0%    0.0x     중간  0.46  0/0 [일봉]
061250  화일약품       8,150    0.0    +0.0%    0.0x     중간  0.59  0/0 [일봉]
217820  원익피앤이      3,010   60.9    -1.3%    0.1x     하단  5.15  4/0 [5분]
001510  SK증권       3,980    0.0    +0.0%    0.0x     중간  0.84  0/0 [일봉]
056080  유진로봇      24,900    0.0    +0.0%    0.0x     중간  2.37  1/0 [일봉]
084850  아이티엠반도체   13,990    0.0    +0.0%    0.0x     중간  1.16  0/0 [일봉]
⛔ 금양(001570) 호가 없음 (거래정지 의심)

══════════════════════════════════════════════════
📉 KODEX200 -1.7% 하락장 — 신규 매수 중단
→ 전종목 HOLD
✅ Discord 전송 완료

[09:26] HOLD | KODEX RSI69/-1.7% | 보유:없음 | 최고신호 원익피앤이(217820) 4/2개 [하락-1.3% / BB하단 / MA골 / 호가5.2]
💰 예수금 100,426원 | KODEX200 RSI69/-1.5% 정상 | 매수기준 2개↑

코드      종목명           가격    RSI     변화율    거래량     BB   호가비  B/S
────────────────────────────────────────────────────────────────────────
[2단계 분석 대상: 001510, 217820, 051910, 006400, 005380]
403870  HPSP      52,400    0.0    +0.0%    0.0x     중간  0.63  0/0 [일봉]
⛔ 아우토크립트(137040) 호가 없음 (거래정지 의심)
055550  신한지주      95,100    0.0    +0.0%    0.0x     중간  0.22  0/0 [일봉]
035720  카카오       42,750    0.0    +0.0%    0.0x     중간  2.12  1/0 [일봉]
015760  한국전력      39,100    0.0    +0.0%    0.0x     중간  0.47  0/0 [일봉]
078930  GS        73,600    0.0    +0.0%    0.0x     중간  0.59  0/0 [일봉]
061250  화일약품       8,150    0.0    +0.0%    0.0x     중간  0.36  0/0 [일봉]
217820  원익피앤이      3,015   60.9    -1.1%    0.1x     하단  7.81  4/0 [5분]
001510  SK증권       3,950   51.6    -1.6%    0.0x     하단 12.34  5/0 [5분]
056080  유진로봇      24,800    0.0    +0.0%    0.0x     중간  1.28  1/0 [일봉]
084850  아이티엠반도체   13,910    0.0    +0.0%    0.0x     중간  0.78  0/0 [일봉]
⛔ 금양(001570) 호가 없음 (거래정지 의심)

══════════════════════════════════════════════════
📉 KODEX200 -1.5% 하락장 — 신규 매수 중단
→ 전종목 HOLD
✅ Discord 전송 완료

[09:28] HOLD | KODEX RSI69/-1.5% | 보유:없음 | 최고신호 SK증권(001510) 5/2개 [RSI52 / 하락-1.6% / BB하단 / MA골 / 호가12.3]
💰 예수금 100,426원 | KODEX200 RSI69/-1.4% 정상 | 매수기준 2개↑

코드      종목명           가격    RSI     변화율    거래량     BB   호가비  B/S
────────────────────────────────────────────────────────────────────────
[2단계 분석 대상: 217820, 207940, 005380, 051910, 034020]
403870  HPSP      52,700    0.0    +0.0%    0.0x     중간  0.50  0/0 [일봉]
⛔ 아우토크립트(137040) 호가 없음 (거래정지 의심)
055550  신한지주      95,100    0.0    +0.0%    0.0x     중간  0.22  0/0 [일봉]
035720  카카오       42,700    0.0    +0.0%    0.0x     중간  1.85  1/0 [일봉]
015760  한국전력      39,150    0.0    +0.0%    0.0x     중간  0.35  0/0 [일봉]
078930  GS        73,600    0.0    +0.0%    0.0x     중간  0.98  0/0 [일봉]
061250  화일약품       8,150    0.0    +0.0%    0.0x     중간  0.33  0/0 [일봉]
217820  원익피앤이      3,020   66.7    -1.0%    0.1x     하단  6.47  3/0 [5분]
001510  SK증권       3,960    0.0    +0.0%    0.0x     중간  3.30  1/0 [일봉]
056080  유진로봇      24,900    0.0    +0.0%    0.0x     중간  0.88  0/0 [일봉]
084850  아이티엠반도체   13,950    0.0    +0.0%    0.0x     중간  0.55  0/0 [일봉]
⛔ 금양(001570) 호가 없음 (거래정지 의심)

══════════════════════════════════════════════════
📉 KODEX200 -1.4% 하락장 — 신규 매수 중단
→ 전종목 HOLD
✅ Discord 전송 완료

[09:30] HOLD | KODEX RSI69/-1.4% | 보유:없음 | 최고신호 원익피앤이(217820) 3/2개 [BB하단 / MA골 / 호가6.5]
💰 예수금 100,426원 | KODEX200 RSI69/-1.3% 정상 | 매수기준 2개↑

코드      종목명           가격    RSI     변화율    거래량     BB   호가비  B/S
────────────────────────────────────────────────────────────────────────
[2단계 분석 대상: 001510, 217820, 034020, 000270, 051910]
403870  HPSP      52,700    0.0    +0.0%    0.0x     중간  0.69  0/0 [일봉]
⛔ 아우토크립트(137040) 호가 없음 (거래정지 의심)
055550  신한지주      95,000    0.0    +0.0%    0.0x     중간  0.41  0/0 [일봉]
035720  카카오       42,700    0.0    +0.0%    0.0x     중간  2.68  1/0 [일봉]
015760  한국전력      39,200    0.0    +0.0%    0.0x     중간  0.44  0/0 [일봉]
078930  GS        74,000    0.0    +0.0%    0.0x     중간  0.97  0/0 [일봉]
061250  화일약품       8,150    0.0    +0.0%    0.0x     중간  0.34  0/0 [일봉]
217820  원익피앤이      3,005   66.7    -1.6%    0.1x     하단  7.23  4/0 [5분]
001510  SK증권       3,930   46.6    -2.0%    0.0x     중간 10.96  4/0 [5분]
056080  유진로봇      25,000    0.0    +0.0%    0.0x     중간  0.76  0/0 [일봉]
084850  아이티엠반도체   13,950    0.0    +0.0%    0.0x     중간  1.02  0/0 [일봉]
⛔ 금양(001570) 호가 없음 (거래정지 의심)

══════════════════════════════════════════════════
📉 KODEX200 -1.3% 하락장 — 신규 매수 중단
→ 전종목 HOLD
✅ Discord 전송 완료

[09:32] HOLD | KODEX RSI69/-1.3% | 보유:없음 | 최고신호 원익피앤이(217820) 4/2개 [하락-1.6% / BB하단 / MA골 / 호가7.2]
💰 예수금 100,426원 | KODEX200 RSI69/-1.4% 정상 | 매수기준 2개↑

코드      종목명           가격    RSI     변화율    거래량     BB   호가비  B/S
────────────────────────────────────────────────────────────────────────
[2단계 분석 대상: 001510, 207940, 006400, 217820, 051910]
403870  HPSP      52,600    0.0    +0.0%    0.0x     중간  0.83  0/0 [일봉]
⛔ 아우토크립트(137040) 호가 없음 (거래정지 의심)
055550  신한지주      95,400    0.0    +0.0%    0.0x     중간  0.15  0/0 [일봉]
035720  카카오       42,650    0.0    +0.0%    0.0x     중간  2.42  1/0 [일봉]
015760  한국전력      39,400    0.0    +0.0%    0.0x     중간  0.50  0/0 [일봉]
078930  GS        74,000    0.0    +0.0%    0.0x     중간  1.85  1/0 [일봉]
061250  화일약품       8,120    0.0    +0.0%    0.0x     중간  2.50  1/0 [일봉]
217820  원익피앤이      3,000   77.8    -1.6%    0.1x     하단  5.33  4/0 [5분]
001510  SK증권       3,935   55.7    -1.9%    0.0x     중간 14.88  3/0 [5분]
056080  유진로봇      24,850    0.0    +0.0%    0.0x     중간  1.45  1/0 [일봉]
084850  아이티엠반도체   13,920    0.0    +0.0%    0.0x     중간  0.85  0/0 [일봉]
⛔ 금양(001570) 호가 없음 (거래정지 의심)

══════════════════════════════════════════════════
📉 KODEX200 -1.4% 하락장 — 신규 매수 중단
→ 전종목 HOLD
✅ Discord 전송 완료

[09:34] HOLD | KODEX RSI69/-1.4% | 보유:없음 | 최고신호 원익피앤이(217820) 4/2개 [하락-1.6% / BB하단 / MA골 / 호가5.3]
💰 예수금 100,426원 | KODEX200 RSI68/-1.8% 정상 | 매수기준 2개↑

코드      종목명           가격    RSI     변화율    거래량     BB   호가비  B/S
────────────────────────────────────────────────────────────────────────
[2단계 분석 대상: 207940, 001510, 006400, 034020, 061250]
403870  HPSP      52,200    0.0    +0.0%    0.0x     중간  2.83  1/0 [일봉]
⛔ 아우토크립트(137040) 호가 없음 (거래정지 의심)
055550  신한지주      95,100    0.0    +0.0%    0.0x     중간  0.38  0/0 [일봉]
035720  카카오       42,550    0.0    +0.0%    0.0x     중간  2.74  1/0 [일봉]
015760  한국전력      39,350    0.0    +0.0%    0.0x     중간  0.44  0/0 [일봉]
078930  GS        74,100    0.0    +0.0%    0.0x     중간  3.54  1/0 [일봉]
061250  화일약품       8,110   70.0    -1.0%    0.0x     하단  4.84  3/0 [5분]
217820  원익피앤이      3,000    0.0    +0.0%    0.0x     중간  4.65  1/0 [일봉]
001510  SK증권       3,920   55.7    -2.2%    0.0x     중간  6.36  3/0 [5분]
056080  유진로봇      24,750    0.0    +0.0%    0.0x     중간  1.60  1/0 [일봉]
084850  아이티엠반도체   13,910    0.0    +0.0%    0.0x     중간  0.78  0/0 [일봉]
⛔ 금양(001570) 호가 없음 (거래정지 의심)

══════════════════════════════════════════════════
📉 KODEX200 -1.8% 하락장 — 신규 매수 중단
→ 전종목 HOLD
✅ Discord 전송 완료

[09:36] HOLD | KODEX RSI68/-1.8% | 보유:없음 | 최고신호 화일약품(061250) 3/2개 [BB하단 / MA골 / 호가4.8]
💰 예수금 100,426원 | KODEX200 RSI68/-2.0% 과열⚠️ | 매수기준 2개↑

코드      종목명           가격    RSI     변화율    거래량     BB   호가비  B/S
────────────────────────────────────────────────────────────────────────
[2단계 분석 대상: 000660, 000270, 001510, 056080, 034020]
403870  HPSP      52,100    0.0    +0.0%    0.0x     중간  2.64  1/0 [일봉]
⛔ 아우토크립트(137040) 호가 없음 (거래정지 의심)
055550  신한지주      95,000    0.0    +0.0%    0.0x     중간  0.56  0/0 [일봉]
035720  카카오       42,350    0.0    +0.0%    0.0x     중간  3.11  1/0 [일봉]
015760  한국전력      39,350    0.0    +0.0%    0.0x     중간  0.56  0/0 [일봉]
078930  GS        74,100    0.0    +0.0%    0.0x     중간  3.62  1/0 [일봉]
061250  화일약품       8,110    0.0    +0.0%    0.0x     중간  5.15  1/0 [일봉]
217820  원익피앤이      2,985    0.0    +0.0%    0.0x     중간  2.95  1/0 [일봉]
001510  SK증권       3,925   55.7    -2.1%    0.0x     중간  7.34  3/0 [5분]
056080  유진로봇      24,600   55.7    -4.3%    0.2x     하단  6.16  4/0 [5분]
084850  아이티엠반도체   13,910    0.0    +0.0%    0.0x     중간  0.56  0/0 [일봉]
⛔ 금양(001570) 호가 없음 (거래정지 의심)

══════════════════════════════════════════════════
📉 KODEX200 -2.0% 하락장 — 신규 매수 중단
→ 전종목 HOLD
✅ Discord 전송 완료

[09:38] HOLD | KODEX RSI68/-2.0%⚠️ | 보유:없음 | 최고신호 유진로봇(056080) 4/2개 [하락-4.3% / BB하단 / MA골 / 호가6.2]
💰 예수금 100,426원 | KODEX200 RSI68/-2.1% 과열⚠️ | 매수기준 2개↑

코드      종목명           가격    RSI     변화율    거래량     BB   호가비  B/S
────────────────────────────────────────────────────────────────────────
[2단계 분석 대상: 056080, 000660, 034020, 006400, 000270]
403870  HPSP      51,900    0.0    +0.0%    0.0x     중간  3.82  1/0 [일봉]
⛔ 아우토크립트(137040) 호가 없음 (거래정지 의심)
055550  신한지주      94,500    0.0    +0.0%    0.0x     중간  1.08  0/0 [일봉]
035720  카카오       42,250    0.0    +0.0%    0.0x     중간  3.32  1/0 [일봉]
015760  한국전력      39,250    0.0    +0.0%    0.0x     중간  0.99  0/0 [일봉]
078930  GS        73,900    0.0    +0.0%    0.0x     중간  1.28  1/0 [일봉]
061250  화일약품       8,110    0.0    +0.0%    0.0x     중간  5.15  1/0 [일봉]
217820  원익피앤이      2,980    0.0    +0.0%    0.0x     중간  2.73  1/0 [일봉]
001510  SK증권       3,915    0.0    +0.0%    0.0x     중간  5.46  1/0 [일봉]
056080  유진로봇      24,450   60.8    -4.7%    0.2x     하단 10.23  4/0 [5분]
084850  아이티엠반도체   13,850    0.0    +0.0%    0.0x     중간  0.31  0/0 [일봉]
⛔ 금양(001570) 호가 없음 (거래정지 의심)

══════════════════════════════════════════════════
📉 KODEX200 -2.1% 하락장 — 신규 매수 중단
→ 전종목 HOLD
✅ Discord 전송 완료

[09:40] HOLD | KODEX RSI68/-2.1%⚠️ | 보유:없음 | 최고신호 유진로봇(056080) 4/2개 [하락-4.7% / BB하단 / MA골 / 호가10.2]
💰 예수금 100,426원 | KODEX200 RSI68/-2.1% 과열⚠️ | 매수기준 2개↑

코드      종목명           가격    RSI     변화율    거래량     BB   호가비  B/S
────────────────────────────────────────────────────────────────────────
[2단계 분석 대상: 056080, 000660, 034020, 207940, 006400]
403870  HPSP      52,000    0.0    +0.0%    0.0x     중간  4.31  1/0 [일봉]
⛔ 아우토크립트(137040) 호가 없음 (거래정지 의심)
055550  신한지주      94,800    0.0    +0.0%    0.0x     중간  0.44  0/0 [일봉]
035720  카카오       42,250    0.0    +0.0%    0.0x     중간  3.25  1/0 [일봉]
015760  한국전력      39,450    0.0    +0.0%    0.0x     중간  1.36  1/0 [일봉]
078930  GS        73,900    0.0    +0.0%    0.0x     중간  0.97  0/0 [일봉]
061250  화일약품       8,110    0.0    +0.0%    0.0x     중간  5.44  1/0 [일봉]
217820  원익피앤이      2,980    0.0    +0.0%    0.0x     중간  3.07  1/0 [일봉]
001510  SK증권       3,910    0.0    +0.0%    0.0x     중간  3.05  1/0 [일봉]
056080  유진로봇      24,500   60.8    -4.7%    0.2x     하단 12.39  4/0 [5분]
084850  아이티엠반도체   13,860    0.0    +0.0%    0.0x     중간  0.39  0/0 [일봉]
⛔ 금양(001570) 호가 없음 (거래정지 의심)

══════════════════════════════════════════════════
📉 KODEX200 -2.1% 하락장 — 신규 매수 중단
→ 전종목 HOLD
✅ Discord 전송 완료

[09:42] HOLD | KODEX RSI68/-2.1%⚠️ | 보유:없음 | 최고신호 유진로봇(056080) 4/2개 [하락-4.7% / BB하단 / MA골 / 호가12.4]
💰 예수금 100,426원 | KODEX200 RSI68/-2.2% 과열⚠️ | 매수기준 2개↑

코드      종목명           가격    RSI     변화율    거래량     BB   호가비  B/S
────────────────────────────────────────────────────────────────────────
[2단계 분석 대상: 034020, 207940, 000270, 000660, 056080]
403870  HPSP      52,100    0.0    +0.0%    0.0x     중간  3.13  1/0 [일봉]
⛔ 아우토크립트(137040) 호가 없음 (거래정지 의심)
055550  신한지주      94,700    0.0    +0.0%    0.0x     중간  0.53  0/0 [일봉]
035720  카카오       42,250    0.0    +0.0%    0.0x     중간  3.64  1/0 [일봉]
015760  한국전력      39,550    0.0    +0.0%    0.0x     중간  0.65  0/0 [일봉]
078930  GS        74,000    0.0    +0.0%    0.0x     중간  1.81  1/0 [일봉]
061250  화일약품       8,110    0.0    +0.0%    0.0x     중간  2.91  1/0 [일봉]
217820  원익피앤이      2,990    0.0    +0.0%    0.0x     중간  4.01  1/0 [일봉]
001510  SK증권       3,910    0.0    +0.0%    0.0x     중간  3.56  1/0 [일봉]
056080  유진로봇      24,400   65.1    -5.1%    0.2x     하단  6.23  4/0 [5분]
084850  아이티엠반도체   13,860    0.0    +0.0%    0.0x     중간  0.55  0/0 [일봉]
⛔ 금양(001570) 호가 없음 (거래정지 의심)

══════════════════════════════════════════════════
📉 KODEX200 -2.2% 하락장 — 신규 매수 중단
→ 전종목 HOLD
✅ Discord 전송 완료

[09:44] HOLD | KODEX RSI68/-2.2%⚠️ | 보유:없음 | 최고신호 유진로봇(056080) 4/2개 [하락-5.1% / BB하단 / MA골 / 호가6.2]
💰 예수금 100,426원 | KODEX200 RSI68/-2.3% 과열⚠️ | 매수기준 2개↑

코드      종목명           가격    RSI     변화율    거래량     BB   호가비  B/S
────────────────────────────────────────────────────────────────────────
[2단계 분석 대상: 000270, 000660, 056080, 247540, 066970]
403870  HPSP      51,800    0.0    +0.0%    0.0x     중간  3.46  1/0 [일봉]
058470  리노공업     100,400    0.0    +0.0%    0.0x     중간  1.65  1/0 [일봉]
⛔ 아우토크립트(137040) 호가 없음 (거래정지 의심)
055550  신한지주      94,500    0.0    +0.0%    0.0x     중간  1.34  1/0 [일봉]
035720  카카오       42,200    0.0    +0.0%    0.0x     중간  4.03  1/0 [일봉]
015760  한국전력      39,350    0.0    +0.0%    0.0x     중간  1.52  1/0 [일봉]
078930  GS        73,900    0.0    +0.0%    0.0x     중간  1.73  1/0 [일봉]
061250  화일약품       8,110    0.0    +0.0%    0.0x     중간  2.96  1/0 [일봉]
217820  원익피앤이      3,010    0.0    +0.0%    0.0x     중간  4.27  1/0 [일봉]
001510  SK증권       3,900    0.0    +0.0%    0.0x     중간  3.96  1/0 [일봉]
056080  유진로봇      24,300   65.1    -5.7%    0.2x     하단  7.21  4/0 [5분]
084850  아이티엠반도체   13,920    0.0    +0.0%    0.0x     중간  0.12  0/0 [일봉]
⛔ 금양(001570) 호가 없음 (거래정지 의심)

══════════════════════════════════════════════════
📉 KODEX200 -2.3% 하락장 — 신규 매수 중단
→ 전종목 HOLD
✅ Discord 전송 완료

[09:46] HOLD | KODEX RSI68/-2.3%⚠️ | 보유:없음 | 최고신호 유진로봇(056080) 4/2개 [하락-5.7% / BB하단 / MA골 / 호가7.2]
💰 예수금 100,426원 | KODEX200 RSI68/-2.2% 과열⚠️ | 매수기준 2개↑

코드      종목명           가격    RSI     변화율    거래량     BB   호가비  B/S
────────────────────────────────────────────────────────────────────────
[2단계 분석 대상: 247540, 000660, 207940, 056080, 000270]
403870  HPSP      51,700    0.0    +0.0%    0.0x     중간  4.77  1/0 [일봉]
058470  리노공업     100,100    0.0    +0.0%    0.0x     중간  1.46  1/0 [일봉]
⛔ 아우토크립트(137040) 호가 없음 (거래정지 의심)
055550  신한지주      94,600    0.0    +0.0%    0.0x     중간  0.97  0/0 [일봉]
035720  카카오       42,200    0.0    +0.0%    0.0x     중간  4.55  1/0 [일봉]
015760  한국전력      39,450    0.0    +0.0%    0.0x     중간  0.82  0/0 [일봉]
078930  GS        73,900    0.0    +0.0%    0.0x     중간  2.45  1/0 [일봉]
061250  화일약품       8,110    0.0    +0.0%    0.0x     중간  2.97  1/0 [일봉]
217820  원익피앤이      2,990    0.0    +0.0%    0.0x     중간  5.18  1/0 [일봉]
001510  SK증권       3,900    0.0    +0.0%    0.0x     중간  2.50  1/0 [일봉]
056080  유진로봇      24,300   65.1    -5.3%    0.2x     하단  9.29  4/0 [5분]
084850  아이티엠반도체   13,910    0.0    +0.0%    0.0x     중간  0.10  0/0 [일봉]
⛔ 금양(001570) 호가 없음 (거래정지 의심)

══════════════════════════════════════════════════
📉 KODEX200 -2.2% 하락장 — 신규 매수 중단
→ 전종목 HOLD
✅ Discord 전송 완료

[09:48] HOLD | KODEX RSI68/-2.2%⚠️ | 보유:없음 | 최고신호 유진로봇(056080) 4/2개 [하락-5.3% / BB하단 / MA골 / 호가9.3]
💰 예수금 100,426원 | KODEX200 RSI68/-2.1% 과열⚠️ | 매수기준 2개↑

코드      종목명           가격    RSI     변화율    거래량     BB   호가비  B/S
────────────────────────────────────────────────────────────────────────
[2단계 분석 대상: 056080, 000270, 042700, 207940, 035720]
403870  HPSP      51,600    0.0    +0.0%    0.0x     중간  4.55  1/0 [일봉]
058470  리노공업     100,000    0.0    +0.0%    0.0x     중간  2.42  1/0 [일봉]
⛔ 아우토크립트(137040) 호가 없음 (거래정지 의심)
055550  신한지주      94,300    0.0    +0.0%    0.0x     중간  0.89  0/0 [일봉]
035720  카카오       42,200   81.0    -0.6%    0.2x     중간  5.45  2/0 [5분]
015760  한국전력      39,350    0.0    +0.0%    0.0x     중간  1.22  1/0 [일봉]
078930  GS        73,800    0.0    +0.0%    0.0x     중간  2.10  1/0 [일봉]
061250  화일약품       8,100    0.0    +0.0%    0.0x     중간  4.55  1/0 [일봉]
217820  원익피앤이      2,990    0.0    +0.0%    0.0x     중간  5.04  1/0 [일봉]
001510  SK증권       3,900    0.0    +0.0%    0.0x     중간  3.23  1/0 [일봉]
056080  유진로봇      24,300   66.7    -5.5%    0.2x     하단  8.17  4/0 [5분]
084850  아이티엠반도체   13,830    0.0    +0.0%    0.0x     중간  0.04  0/0 [일봉]
⛔ 금양(001570) 호가 없음 (거래정지 의심)

══════════════════════════════════════════════════
📉 KODEX200 -2.1% 하락장 — 신규 매수 중단
→ 전종목 HOLD
✅ Discord 전송 완료

[09:50] HOLD | KODEX RSI68/-2.1%⚠️ | 보유:없음 | 최고신호 유진로봇(056080) 4/2개 [하락-5.5% / BB하단 / MA골 / 호가8.2]
💰 예수금 100,426원 | KODEX200 RSI68/-2.3% 과열⚠️ | 매수기준 2개↑

코드      종목명           가격    RSI     변화율    거래량     BB   호가비  B/S
────────────────────────────────────────────────────────────────────────
[2단계 분석 대상: 247540, 000660, 056080, 207940, 042700]
403870  HPSP      51,600    0.0    +0.0%    0.0x     중간  6.01  1/0 [일봉]
058470  리노공업     100,000    0.0    +0.0%    0.0x     중간  2.95  1/0 [일봉]
⛔ 아우토크립트(137040) 호가 없음 (거래정지 의심)
055550  신한지주      94,400    0.0    +0.0%    0.0x     중간  0.91  0/0 [일봉]
035720  카카오       42,200    0.0    +0.0%    0.0x     중간  5.06  1/0 [일봉]
015760  한국전력      39,200    0.0    +0.0%    0.0x     중간  1.38  1/0 [일봉]
078930  GS        73,600    0.0    +0.0%    0.0x     중간  1.55  1/0 [일봉]
061250  화일약품       8,100    0.0    +0.0%    0.0x     중간  4.02  1/0 [일봉]
217820  원익피앤이      3,000    0.0    +0.0%    0.0x     중간  5.00  1/0 [일봉]
001510  SK증권       3,885    0.0    +0.0%    0.0x     중간  2.57  1/0 [일봉]
056080  유진로봇      24,250   66.7    -5.6%    0.2x     하단  9.27  4/0 [5분]
084850  아이티엠반도체   13,880    0.0    +0.0%    0.0x     중간  0.30  0/0 [일봉]
⛔ 금양(001570) 호가 없음 (거래정지 의심)

══════════════════════════════════════════════════
📉 KODEX200 -2.3% 하락장 — 신규 매수 중단
→ 전종목 HOLD
✅ Discord 전송 완료

[09:52] HOLD | KODEX RSI68/-2.3%⚠️ | 보유:없음 | 최고신호 유진로봇(056080) 4/2개 [하락-5.6% / BB하단 / MA골 / 호가9.3]
💰 예수금 100,426원 | KODEX200 RSI67/-2.6% 과열⚠️ | 매수기준 2개↑

코드      종목명           가격    RSI     변화율    거래량     BB   호가비  B/S
────────────────────────────────────────────────────────────────────────
[2단계 분석 대상: 066970, 207940, 247540, 000270, 042700]
403870  HPSP      51,300    0.0    +0.0%    0.0x     중간  4.44  1/0 [일봉]
058470  리노공업      99,700    0.0    +0.0%    0.0x     중간  3.26  1/0 [일봉]
⛔ 아우토크립트(137040) 호가 없음 (거래정지 의심)
055550  신한지주      94,400    0.0    +0.0%    0.0x     중간  0.90  0/0 [일봉]
035720  카카오       42,100    0.0    +0.0%    0.0x     중간  5.76  1/0 [일봉]
015760  한국전력      38,950    0.0    +0.0%    0.0x     중간  2.60  1/0 [일봉]
078930  GS        73,400    0.0    +0.0%    0.0x     중간  1.74  1/0 [일봉]
061250  화일약품       8,100    0.0    +0.0%    0.0x     중간  4.05  1/0 [일봉]
217820  원익피앤이      2,980    0.0    +0.0%    0.0x     중간  6.36  1/0 [일봉]
001510  SK증권       3,865    0.0    +0.0%    0.0x     중간  1.67  1/0 [일봉]
056080  유진로봇      24,100    0.0    +0.0%    0.0x     중간  6.33  1/0 [일봉]
084850  아이티엠반도체   13,880    0.0    +0.0%    0.0x     중간  0.49  0/0 [일봉]
⛔ 금양(001570) 호가 없음 (거래정지 의심)

══════════════════════════════════════════════════
📉 KODEX200 -2.6% 하락장 — 신규 매수 중단
→ 전종목 HOLD
✅ Discord 전송 완료

[09:54] HOLD | KODEX RSI67/-2.6%⚠️ | 보유:없음 | 최고신호 HPSP(403870) 1/2개 [호가4.4]
💰 예수금 100,426원 | KODEX200 RSI67/-2.7% 과열⚠️ | 매수기준 2개↑

코드      종목명           가격    RSI     변화율    거래량     BB   호가비  B/S
────────────────────────────────────────────────────────────────────────
[2단계 분석 대상: 207940, 217820, 000270, 000660, 066970]
403870  HPSP      51,300    0.0    +0.0%    0.0x     중간  4.02  1/0 [일봉]
058470  리노공업      99,700    0.0    +0.0%    0.0x     중간  3.53  1/0 [일봉]
⛔ 아우토크립트(137040) 호가 없음 (거래정지 의심)
055550  신한지주      94,300    0.0    +0.0%    0.0x     중간  0.79  0/0 [일봉]
035720  카카오       42,100    0.0    +0.0%    0.0x     중간  3.98  1/0 [일봉]
015760  한국전력      38,900    0.0    +0.0%    0.0x     중간  2.97  1/0 [일봉]
078930  GS        73,100    0.0    +0.0%    0.0x     중간  1.27  1/0 [일봉]
061250  화일약품       8,100    0.0    +0.0%    0.0x     중간  4.05  1/0 [일봉]
217820  원익피앤이      2,970   91.1    -2.8%    0.1x     하단  7.58  4/0 [5분]
001510  SK증권       3,875    0.0    +0.0%    0.0x     중간  1.59  1/0 [일봉]
056080  유진로봇      24,150    0.0    +0.0%    0.0x     중간  6.05  1/0 [일봉]
084850  아이티엠반도체   13,880    0.0    +0.0%    0.0x     중간  0.50  0/0 [일봉]
⛔ 금양(001570) 호가 없음 (거래정지 의심)

══════════════════════════════════════════════════
📉 KODEX200 -2.7% 하락장 — 신규 매수 중단
→ 전종목 HOLD
✅ Discord 전송 완료

[09:56] HOLD | KODEX RSI67/-2.7%⚠️ | 보유:없음 | 최고신호 원익피앤이(217820) 4/2개 [하락-2.8% / BB하단 / MA골 / 호가7.6]
💰 예수금 100,426원 | KODEX200 RSI67/-2.7% 과열⚠️ | 매수기준 2개↑

코드      종목명           가격    RSI     변화율    거래량     BB   호가비  B/S
────────────────────────────────────────────────────────────────────────
[2단계 분석 대상: 000270, 000660, 247540, 217820, 051910]
403870  HPSP      51,500    0.0    +0.0%    0.0x     중간  6.01  1/0 [일봉]
058470  리노공업      99,600    0.0    +0.0%    0.0x     중간  6.01  1/0 [일봉]
⛔ 아우토크립트(137040) 호가 없음 (거래정지 의심)
055550  신한지주      94,100    0.0    +0.0%    0.0x     중간  0.73  0/0 [일봉]
035720  카카오       42,150    0.0    +0.0%    0.0x     중간  4.68  1/0 [일봉]
015760  한국전력      38,850    0.0    +0.0%    0.0x     중간  2.22  1/0 [일봉]
078930  GS        73,000    0.0    +0.0%    0.0x     중간  1.41  1/0 [일봉]
061250  화일약품       8,090    0.0    +0.0%    0.0x     중간  1.58  1/0 [일봉]
217820  원익피앤이      2,970   91.1    -2.6%    0.1x     중간  6.98  3/0 [5분]
001510  SK증권       3,860    0.0    +0.0%    0.0x     중간  2.09  1/0 [일봉]
056080  유진로봇      24,150    0.0    +0.0%    0.0x     중간  3.39  1/0 [일봉]
084850  아이티엠반도체   13,940    0.0    +0.0%    0.0x     중간  0.27  0/0 [일봉]
⛔ 금양(001570) 호가 없음 (거래정지 의심)

══════════════════════════════════════════════════
📉 KODEX200 -2.7% 하락장 — 신규 매수 중단
→ 전종목 HOLD
✅ Discord 전송 완료

[09:58] HOLD | KODEX RSI67/-2.7%⚠️ | 보유:없음 | 최고신호 원익피앤이(217820) 3/2개 [하락-2.6% / MA골 / 호가7.0]
💰 예수금 100,426원 | KODEX200 RSI66/-2.9% 과열⚠️ | 매수기준 2개↑

코드      종목명           가격    RSI     변화율    거래량     BB   호가비  B/S
────────────────────────────────────────────────────────────────────────
[2단계 분석 대상: 247540, 000270, 042700, 000660, 217820]
403870  HPSP      51,300    0.0    +0.0%    0.0x     중간  6.29  1/0 [일봉]
058470  리노공업      99,500    0.0    +0.0%    0.0x     중간  4.81  1/0 [일봉]
⛔ 아우토크립트(137040) 호가 없음 (거래정지 의심)
055550  신한지주      93,900    0.0    +0.0%    0.0x     중간  0.50  0/0 [일봉]
035720  카카오       42,100    0.0    +0.0%    0.0x     중간  5.12  1/0 [일봉]
015760  한국전력      38,800    0.0    +0.0%    0.0x     중간  2.37  1/0 [일봉]
078930  GS        72,900    0.0    +0.0%    0.0x     중간  1.40  1/0 [일봉]
061250  화일약품       8,090    0.0    +0.0%    0.0x     중간  1.71  1/0 [일봉]
217820  원익피앤이      2,970   92.3    -2.6%    0.1x     중간  6.66  3/0 [5분]
001510  SK증권       3,855    0.0    +0.0%    0.0x     중간  1.88  1/0 [일봉]
056080  유진로봇      24,150    0.0    +0.0%    0.0x     중간  4.95  1/0 [일봉]
084850  아이티엠반도체   13,940    0.0    +0.0%    0.0x     중간  0.19  0/0 [일봉]
⛔ 금양(001570) 호가 없음 (거래정지 의심)

══════════════════════════════════════════════════
📉 KODEX200 -2.9% 하락장 — 신규 매수 중단
→ 전종목 HOLD
✅ Discord 전송 완료

[10:00] HOLD | KODEX RSI66/-2.9%⚠️ | 보유:없음 | 최고신호 원익피앤이(217820) 3/2개 [하락-2.6% / MA골 / 호가6.7]
💰 예수금 100,426원 | KODEX200 RSI66/-3.0% 과열⚠️ | 매수기준 2개↑

코드      종목명           가격    RSI     변화율    거래량     BB   호가비  B/S
────────────────────────────────────────────────────────────────────────
[2단계 분석 대상: 247540, 000660, 217820, 403870, 207940]
403870  HPSP      51,400   26.2    -1.5%    0.2x     중간  7.07  3/0 [5분]
058470  리노공업      98,800    0.0    +0.0%    0.0x     중간  0.58  0/0 [일봉]
⛔ 아우토크립트(137040) 호가 없음 (거래정지 의심)
055550  신한지주      93,600    0.0    +0.0%    0.0x     중간  1.09  0/0 [일봉]
035720  카카오       42,100    0.0    +0.0%    0.0x     중간  5.70  1/0 [일봉]
015760  한국전력      38,800    0.0    +0.0%    0.0x     중간  1.58  1/0 [일봉]
078930  GS        73,000    0.0    +0.0%    0.0x     중간  1.83  1/0 [일봉]
061250  화일약품       8,090    0.0    +0.0%    0.0x     중간  1.71  1/0 [일봉]
217820  원익피앤이      2,970   92.3    -2.7%    0.2x     중간  7.34  3/0 [5분]
001510  SK증권       3,855    0.0    +0.0%    0.0x     중간  0.64  0/0 [일봉]
056080  유진로봇      24,200    0.0    +0.0%    0.0x     중간  3.61  1/0 [일봉]
084850  아이티엠반도체   13,910    0.0    +0.0%    0.0x     중간  0.20  0/0 [일봉]
⛔ 금양(001570) 호가 없음 (거래정지 의심)

══════════════════════════════════════════════════
📉 KODEX200 -3.0% 하락장 — 신규 매수 중단
→ 전종목 HOLD
✅ Discord 전송 완료

[10:02] HOLD | KODEX RSI66/-3.0%⚠️ | 보유:없음 | 최고신호 HPSP(403870) 3/2개 [RSI26 / 하락-1.5% / 호가7.1]
💰 예수금 100,426원 | KODEX200 RSI66/-3.2% 과열⚠️ | 매수기준 2개↑

코드      종목명           가격    RSI     변화율    거래량     BB   호가비  B/S
────────────────────────────────────────────────────────────────────────
[2단계 분석 대상: 247540, 000660, 217820, 051910, 005930]
403870  HPSP      51,300    0.0    +0.0%    0.0x     중간  4.11  1/0 [일봉]
058470  리노공업      98,800    0.0    +0.0%    0.0x     중간  3.40  1/0 [일봉]
⛔ 아우토크립트(137040) 호가 없음 (거래정지 의심)
055550  신한지주      93,400    0.0    +0.0%    0.0x     중간  1.47  1/0 [일봉]
035720  카카오       42,000    0.0    +0.0%    0.0x     중간  4.71  1/0 [일봉]
015760  한국전력      38,800    0.0    +0.0%    0.0x     중간  1.60  1/0 [일봉]
078930  GS        72,800    0.0    +0.0%    0.0x     중간  1.76  1/0 [일봉]
061250  화일약품       8,090    0.0    +0.0%    0.0x     중간  1.68  1/0 [일봉]
217820  원익피앤이      2,965   73.4    -2.8%    0.2x     중간  6.90  3/0 [5분]
001510  SK증권       3,850    0.0    +0.0%    0.0x     중간  1.10  0/0 [일봉]
056080  유진로봇      24,100    0.0    +0.0%    0.0x     중간  2.48  1/0 [일봉]
084850  아이티엠반도체   13,890    0.0    +0.0%    0.0x     중간  0.19  0/0 [일봉]
⛔ 금양(001570) 호가 없음 (거래정지 의심)

══════════════════════════════════════════════════
📉 KODEX200 -3.2% 하락장 — 신규 매수 중단
→ 전종목 HOLD
✅ Discord 전송 완료

[10:04] HOLD | KODEX RSI66/-3.2%⚠️ | 보유:없음 | 최고신호 원익피앤이(217820) 3/2개 [하락-2.8% / MA골 / 호가6.9]
💰 예수금 100,426원 | KODEX200 RSI67/-2.8% 과열⚠️ | 매수기준 2개↑

코드      종목명           가격    RSI     변화율    거래량     BB   호가비  B/S
────────────────────────────────────────────────────────────────────────
[2단계 분석 대상: 078930, 003670, 217820, 051910, 034020]
403870  HPSP      51,200    0.0    +0.0%    0.0x     중간  2.85  1/0 [일봉]
058470  리노공업      99,100    0.0    +0.0%    0.0x     중간  0.99  0/0 [일봉]
⛔ 아우토크립트(137040) 호가 없음 (거래정지 의심)
055550  신한지주      93,700    0.0    +0.0%    0.0x     중간  2.76  1/0 [일봉]
035720  카카오       41,950    0.0    +0.0%    0.0x     중간  4.94  1/0 [일봉]
015760  한국전력      38,800    0.0    +0.0%    0.0x     중간  1.95  1/0 [일봉]
078930  GS        73,000   73.9    -2.3%    0.3x     중간 10.87  3/0 [5분]
061250  화일약품       8,090    0.0    +0.0%    0.0x     중간  1.65  1/0 [일봉]
217820  원익피앤이      2,965   73.4    -2.8%    0.2x     중간  6.21  3/0 [5분]
001510  SK증권       3,850    0.0    +0.0%    0.0x     중간  1.99  1/0 [일봉]
056080  유진로봇      24,150    0.0    +0.0%    0.0x     중간  3.21  1/0 [일봉]
084850  아이티엠반도체   13,890    0.0    +0.0%    0.0x     중간  0.18  0/0 [일봉]
⛔ 금양(001570) 호가 없음 (거래정지 의심)

══════════════════════════════════════════════════
📉 KODEX200 -2.8% 하락장 — 신규 매수 중단
→ 전종목 HOLD
✅ Discord 전송 완료

[10:06] HOLD | KODEX RSI67/-2.8%⚠️ | 보유:없음 | 최고신호 GS(078930) 3/2개 [하락-2.3% / MA골 / 호가10.9]
💰 예수금 100,426원 | KODEX200 RSI67/-2.8% 과열⚠️ | 매수기준 2개↑

코드      종목명           가격    RSI     변화율    거래량     BB   호가비  B/S
────────────────────────────────────────────────────────────────────────
[2단계 분석 대상: 003670, 078930, 051910, 217820, 061250]
403870  HPSP      51,000    0.0    +0.0%    0.0x     중간  3.41  1/0 [일봉]
058470  리노공업      99,200    0.0    +0.0%    0.0x     중간  0.83  0/0 [일봉]
⛔ 아우토크립트(137040) 호가 없음 (거래정지 의심)
055550  신한지주      93,600    0.0    +0.0%    0.0x     중간  1.90  1/0 [일봉]
035720  카카오       42,000    0.0    +0.0%    0.0x     중간  4.13  1/0 [일봉]
015760  한국전력      39,000    0.0    +0.0%    0.0x     중간  1.58  1/0 [일봉]
078930  GS        73,000   73.9    -2.5%    0.3x     중간  6.25  3/0 [5분]
061250  화일약품       8,070   63.2    -1.6%    0.0x     하단  5.07  4/0 [5분]
217820  원익피앤이      2,960   73.4    -3.0%    0.2x     중간  5.65  3/0 [5분]
001510  SK증권       3,860    0.0    +0.0%    0.0x     중간  1.02  0/0 [일봉]
056080  유진로봇      24,100    0.0    +0.0%    0.0x     중간  3.37  1/0 [일봉]
084850  아이티엠반도체   13,880    0.0    +0.0%    0.0x     중간  0.19  0/0 [일봉]
⛔ 금양(001570) 호가 없음 (거래정지 의심)

══════════════════════════════════════════════════
📉 KODEX200 -2.8% 하락장 — 신규 매수 중단
→ 전종목 HOLD
✅ Discord 전송 완료

[10:08] HOLD | KODEX RSI67/-2.8%⚠️ | 보유:없음 | 최고신호 화일약품(061250) 4/2개 [하락-1.6% / BB하단 / MA골 / 호가5.1]
💰 예수금 100,426원 | KODEX200 RSI67/-2.7% 과열⚠️ | 매수기준 2개↑

코드      종목명           가격    RSI     변화율    거래량     BB   호가비  B/S
────────────────────────────────────────────────────────────────────────
[2단계 분석 대상: 003670, 061250, 217820, 051910, 247540]
403870  HPSP      51,000    0.0    +0.0%    0.0x     중간  3.77  1/0 [일봉]
058470  리노공업      99,300    0.0    +0.0%    0.0x     중간  0.57  0/0 [일봉]
⛔ 아우토크립트(137040) 호가 없음 (거래정지 의심)
055550  신한지주      93,700    0.0    +0.0%    0.0x     중간  1.35  1/0 [일봉]
035720  카카오       42,000    0.0    +0.0%    0.0x     중간  2.91  1/0 [일봉]
015760  한국전력      38,900    0.0    +0.0%    0.0x     중간  2.01  1/0 [일봉]
078930  GS        73,100    0.0    +0.0%    0.0x     중간  3.86  1/0 [일봉]
061250  화일약품       8,070   63.2    -1.6%    0.0x     하단  7.87  4/0 [5분]
217820  원익피앤이      2,970   67.1    -2.8%    0.2x     중간  6.23  3/0 [5분]
001510  SK증권       3,860    0.0    +0.0%    0.0x     중간  0.63  0/0 [일봉]
056080  유진로봇      24,150    0.0    +0.0%    0.0x     중간  3.85  1/0 [일봉]
084850  아이티엠반도체   13,880    0.0    +0.0%    0.0x     중간  0.19  0/0 [일봉]
⛔ 금양(001570) 호가 없음 (거래정지 의심)

══════════════════════════════════════════════════
📉 KODEX200 -2.7% 하락장 — 신규 매수 중단
→ 전종목 HOLD
✅ Discord 전송 완료

[10:10] HOLD | KODEX RSI67/-2.7%⚠️ | 보유:없음 | 최고신호 화일약품(061250) 4/2개 [하락-1.6% / BB하단 / MA골 / 호가7.9]
💰 예수금 100,426원 | KODEX200 RSI66/-2.9% 과열⚠️ | 매수기준 2개↑

코드      종목명           가격    RSI     변화율    거래량     BB   호가비  B/S
────────────────────────────────────────────────────────────────────────
[2단계 분석 대상: 003670, 247540, 051910, 061250, 034020]
403870  HPSP      50,900    0.0    +0.0%    0.0x     중간  3.62  1/0 [일봉]
058470  리노공업      99,000    0.0    +0.0%    0.0x     중간  1.32  1/0 [일봉]
⛔ 아우토크립트(137040) 호가 없음 (거래정지 의심)
055550  신한지주      93,400    0.0    +0.0%    0.0x     중간  1.25  1/0 [일봉]
035720  카카오       41,900    0.0    +0.0%    0.0x     중간  2.62  1/0 [일봉]
015760  한국전력      38,800    0.0    +0.0%    0.0x     중간  1.94  1/0 [일봉]
078930  GS        72,900    0.0    +0.0%    0.0x     중간  6.00  1/0 [일봉]
061250  화일약품       8,070   63.2    -1.6%    0.0x     하단  7.24  4/0 [5분]
217820  원익피앤이      2,960    0.0    +0.0%    0.0x     중간  2.54  1/0 [일봉]
001510  SK증권       3,835    0.0    +0.0%    0.0x     중간  1.87  1/0 [일봉]
056080  유진로봇      24,150    0.0    +0.0%    0.0x     중간  3.84  1/0 [일봉]
084850  아이티엠반도체   13,750    0.0    +0.0%    0.0x     중간  0.21  0/0 [일봉]
⛔ 금양(001570) 호가 없음 (거래정지 의심)

══════════════════════════════════════════════════
📉 KODEX200 -2.9% 하락장 — 신규 매수 중단
→ 전종목 HOLD
✅ Discord 전송 완료

[10:12] HOLD | KODEX RSI66/-2.9%⚠️ | 보유:없음 | 최고신호 화일약품(061250) 4/2개 [하락-1.6% / BB하단 / MA골 / 호가7.2]
💰 예수금 100,426원 | KODEX200 RSI66/-3.2% 과열⚠️ | 매수기준 2개↑

코드      종목명           가격    RSI     변화율    거래량     BB   호가비  B/S
────────────────────────────────────────────────────────────────────────
[2단계 분석 대상: 000660, 003670, 034020, 061250, 005930]
403870  HPSP      50,400    0.0    +0.0%    0.0x     중간  2.39  1/0 [일봉]
058470  리노공업      98,700    0.0    +0.0%    0.0x     중간  3.76  1/0 [일봉]
⛔ 아우토크립트(137040) 호가 없음 (거래정지 의심)
055550  신한지주      93,400    0.0    +0.0%    0.0x     중간  1.06  0/0 [일봉]
035720  카카오       41,850    0.0    +0.0%    0.0x     중간  2.59  1/0 [일봉]
015760  한국전력      38,750    0.0    +0.0%    0.0x     중간  1.79  1/0 [일봉]
078930  GS        72,800    0.0    +0.0%    0.0x     중간  3.83  1/0 [일봉]
061250  화일약품       8,070   63.2    -1.6%    0.0x     하단  7.25  4/0 [5분]
217820  원익피앤이      2,960    0.0    +0.0%    0.0x     중간  1.72  1/0 [일봉]
001510  SK증권       3,835    0.0    +0.0%    0.0x     중간  1.80  1/0 [일봉]
056080  유진로봇      23,850    0.0    +0.0%    0.0x     중간  1.33  1/0 [일봉]
084850  아이티엠반도체   13,790    0.0    +0.0%    0.0x     중간  0.21  0/0 [일봉]
⛔ 금양(001570) 호가 없음 (거래정지 의심)

══════════════════════════════════════════════════
📉 KODEX200 -3.2% 하락장 — 신규 매수 중단
→ 전종목 HOLD
✅ Discord 전송 완료

[10:14] HOLD | KODEX RSI66/-3.2%⚠️ | 보유:없음 | 최고신호 화일약품(061250) 4/2개 [하락-1.6% / BB하단 / MA골 / 호가7.2]
💰 예수금 100,426원 | KODEX200 RSI66/-3.2% 과열⚠️ | 매수기준 2개↑

코드      종목명           가격    RSI     변화율    거래량     BB   호가비  B/S
────────────────────────────────────────────────────────────────────────
[2단계 분석 대상: 000660, 034020, 012330, 003670, 066970]
403870  HPSP      50,500    0.0    +0.0%    0.0x     중간  3.05  1/0 [일봉]
058470  리노공업      99,000    0.0    +0.0%    0.0x     중간  2.58  1/0 [일봉]
⛔ 아우토크립트(137040) 호가 없음 (거래정지 의심)
055550  신한지주      93,800    0.0    +0.0%    0.0x     중간  1.31  1/0 [일봉]
035720  카카오       41,800    0.0    +0.0%    0.0x     중간  2.92  1/0 [일봉]
015760  한국전력      38,700    0.0    +0.0%    0.0x     중간  2.16  1/0 [일봉]
078930  GS        72,700    0.0    +0.0%    0.0x     중간  2.65  1/0 [일봉]
061250  화일약품       8,050    0.0    +0.0%    0.0x     중간  4.05  1/0 [일봉]
217820  원익피앤이      2,960    0.0    +0.0%    0.0x     중간  2.64  1/0 [일봉]
001510  SK증권       3,845    0.0    +0.0%    0.0x     중간  1.62  1/0 [일봉]
056080  유진로봇      23,800    0.0    +0.0%    0.0x     중간  2.13  1/0 [일봉]
084850  아이티엠반도체   13,780    0.0    +0.0%    0.0x     중간  0.19  0/0 [일봉]
⛔ 금양(001570) 호가 없음 (거래정지 의심)

══════════════════════════════════════════════════
📉 KODEX200 -3.2% 하락장 — 신규 매수 중단
→ 전종목 HOLD
✅ Discord 전송 완료

[10:16] HOLD | KODEX RSI66/-3.2%⚠️ | 보유:없음 | 최고신호 HPSP(403870) 1/2개 [호가3.0]
💰 예수금 100,426원 | KODEX200 RSI66/-3.4% 과열⚠️ | 매수기준 2개↑

코드      종목명           가격    RSI     변화율    거래량     BB   호가비  B/S
────────────────────────────────────────────────────────────────────────
[2단계 분석 대상: 000660, 058470, 066970, 012330, 034020]
403870  HPSP      50,400    0.0    +0.0%    0.0x     중간  3.67  1/0 [일봉]
058470  리노공업      98,700   57.9    -2.4%    0.1x     중간  8.22  3/0 [5분]
⛔ 아우토크립트(137040) 호가 없음 (거래정지 의심)
055550  신한지주      93,900    0.0    +0.0%    0.0x     중간  1.41  1/0 [일봉]
035720  카카오       41,750    0.0    +0.0%    0.0x     중간  3.37  1/0 [일봉]
015760  한국전력      38,650    0.0    +0.0%    0.0x     중간  1.72  1/0 [일봉]
078930  GS        72,800    0.0    +0.0%    0.0x     중간  5.49  1/0 [일봉]
061250  화일약품       8,050    0.0    +0.0%    0.0x     중간  4.05  1/0 [일봉]
217820  원익피앤이      2,945    0.0    +0.0%    0.0x     중간  5.30  1/0 [일봉]
001510  SK증권       3,850    0.0    +0.0%    0.0x     중간  2.13  1/0 [일봉]
056080  유진로봇      23,850    0.0    +0.0%    0.0x     중간  1.91  1/0 [일봉]
084850  아이티엠반도체   13,780    0.0    +0.0%    0.0x     중간  0.16  0/0 [일봉]
⛔ 금양(001570) 호가 없음 (거래정지 의심)

══════════════════════════════════════════════════
📉 KODEX200 -3.4% 하락장 — 신규 매수 중단
→ 전종목 HOLD
✅ Discord 전송 완료

[10:18] HOLD | KODEX RSI66/-3.4%⚠️ | 보유:없음 | 최고신호 리노공업(058470) 3/2개 [하락-2.4% / MA골 / 호가8.2]
💰 예수금 100,426원 | KODEX200 RSI65/-3.6% 과열⚠️ | 매수기준 2개↑

코드      종목명           가격    RSI     변화율    거래량     BB   호가비  B/S
────────────────────────────────────────────────────────────────────────
[2단계 분석 대상: 066970, 003670, 035420, 078930, 058470]
403870  HPSP      50,400    0.0    +0.0%    0.0x     중간  3.64  1/0 [일봉]
058470  리노공업      98,600   55.3    -2.6%    0.2x     중간  5.70  3/0 [5분]
⛔ 아우토크립트(137040) 호가 없음 (거래정지 의심)
055550  신한지주      93,900    0.0    +0.0%    0.0x     중간  1.26  1/0 [일봉]
035720  카카오       41,700    0.0    +0.0%    0.0x     중간  4.45  1/0 [일봉]
015760  한국전력      38,650    0.0    +0.0%    0.0x     중간  1.95  1/0 [일봉]
078930  GS        72,700   72.0    -2.7%    0.4x     중간  6.93  3/0 [5분]
061250  화일약품       8,050    0.0    +0.0%    0.0x     중간  3.70  1/0 [일봉]
217820  원익피앤이      2,945    0.0    +0.0%    0.0x     중간  4.69  1/0 [일봉]
001510  SK증권       3,855    0.0    +0.0%    0.0x     중간  0.80  0/0 [일봉]
056080  유진로봇      23,750    0.0    +0.0%    0.0x     중간  4.35  1/0 [일봉]
084850  아이티엠반도체   13,710    0.0    +0.0%    0.0x     중간  0.16  0/0 [일봉]
⛔ 금양(001570) 호가 없음 (거래정지 의심)

══════════════════════════════════════════════════
📉 KODEX200 -3.6% 하락장 — 신규 매수 중단
→ 전종목 HOLD
✅ Discord 전송 완료

[10:20] HOLD | KODEX RSI65/-3.6%⚠️ | 보유:없음 | 최고신호 리노공업(058470) 3/2개 [하락-2.6% / MA골 / 호가5.7]
💰 예수금 100,426원 | KODEX200 RSI65/-3.9% 과열⚠️ | 매수기준 2개↑

코드      종목명           가격    RSI     변화율    거래량     BB   호가비  B/S
────────────────────────────────────────────────────────────────────────
[2단계 분석 대상: 078930, 003670, 058470, 035720, 247540]
403870  HPSP      50,300    0.0    +0.0%    0.0x     중간  3.33  1/0 [일봉]
058470  리노공업      98,600   55.3    -2.5%    0.2x     중간  7.83  3/0 [5분]
⛔ 아우토크립트(137040) 호가 없음 (거래정지 의심)
055550  신한지주      93,700    0.0    +0.0%    0.0x     중간  1.63  1/0 [일봉]
035720  카카오       41,700   71.6    -1.9%    0.3x     중간  6.72  3/0 [5분]
015760  한국전력      38,600    0.0    +0.0%    0.0x     중간  1.86  1/0 [일봉]
078930  GS        72,600   72.0    -2.9%    0.4x     중간 12.30  3/0 [5분]
061250  화일약품       8,050    0.0    +0.0%    0.0x     중간  4.20  1/0 [일봉]
217820  원익피앤이      2,945    0.0    +0.0%    0.0x     중간  3.46  1/0 [일봉]
001510  SK증권       3,840    0.0    +0.0%    0.0x     중간  1.89  1/0 [일봉]
056080  유진로봇      23,750    0.0    +0.0%    0.0x     중간  3.88  1/0 [일봉]
084850  아이티엠반도체   13,680    0.0    +0.0%    0.0x     중간  0.18  0/0 [일봉]
⛔ 금양(001570) 호가 없음 (거래정지 의심)

══════════════════════════════════════════════════
📉 KODEX200 -3.9% 하락장 — 신규 매수 중단
→ 전종목 HOLD
✅ Discord 전송 완료

[10:22] HOLD | KODEX RSI65/-3.9%⚠️ | 보유:없음 | 최고신호 리노공업(058470) 3/2개 [하락-2.5% / MA골 / 호가7.8]
💰 예수금 100,426원 | KODEX200 RSI65/-3.6% 과열⚠️ | 매수기준 2개↑

코드      종목명           가격    RSI     변화율    거래량     BB   호가비  B/S
────────────────────────────────────────────────────────────────────────
[2단계 분석 대상: 042700, 217820, 003670, 035720, 012330]
403870  HPSP      50,300    0.0    +0.0%    0.0x     중간  4.58  1/0 [일봉]
058470  리노공업      98,800    0.0    +0.0%    0.0x     중간  2.20  1/0 [일봉]
⛔ 아우토크립트(137040) 호가 없음 (거래정지 의심)
055550  신한지주      93,800    0.0    +0.0%    0.0x     중간  1.92  1/0 [일봉]
035720  카카오       41,700   71.6    -1.9%    0.3x     중간  5.69  3/0 [5분]
015760  한국전력      38,900    0.0    +0.0%    0.0x     중간  1.32  1/0 [일봉]
078930  GS        72,600    0.0    +0.0%    0.0x     중간  0.95  0/0 [일봉]
061250  화일약품       8,050    0.0    +0.0%    0.0x     중간  1.66  1/0 [일봉]
217820  원익피앤이      2,960   67.5    -3.0%    0.2x     중간  7.58  3/0 [5분]
001510  SK증권       3,840    0.0    +0.0%    0.0x     중간  1.44  1/0 [일봉]
056080  유진로봇      23,750    0.0    +0.0%    0.0x     중간  3.40  1/0 [일봉]
084850  아이티엠반도체   13,720    0.0    +0.0%    0.0x     중간  0.15  0/0 [일봉]
⛔ 금양(001570) 호가 없음 (거래정지 의심)

══════════════════════════════════════════════════
📉 KODEX200 -3.6% 하락장 — 신규 매수 중단
→ 전종목 HOLD
✅ Discord 전송 완료

[10:24] HOLD | KODEX RSI65/-3.6%⚠️ | 보유:없음 | 최고신호 카카오(035720) 3/2개 [하락-1.9% / MA골 / 호가5.7]
💰 예수금 100,426원 | KODEX200 RSI65/-3.9% 과열⚠️ | 매수기준 2개↑

코드      종목명           가격    RSI     변화율    거래량     BB   호가비  B/S
────────────────────────────────────────────────────────────────────────
[2단계 분석 대상: 058470, 003670, 217820, 042700, 035720]
403870  HPSP      50,000    0.0    +0.0%    0.0x     중간  1.17  0/0 [일봉]
058470  리노공업      98,200   55.3    -2.8%    0.2x     중간  6.31  3/0 [5분]
⛔ 아우토크립트(137040) 호가 없음 (거래정지 의심)
055550  신한지주      93,800    0.0    +0.0%    0.0x     중간  1.57  1/0 [일봉]
035720  카카오       41,600   71.6    -2.0%    0.3x     중간  4.34  3/0 [5분]
015760  한국전력      38,850    0.0    +0.0%    0.0x     중간  1.27  1/0 [일봉]
078930  GS        72,500    0.0    +0.0%    0.0x     중간  0.98  0/0 [일봉]
061250  화일약품       8,050    0.0    +0.0%    0.0x     중간  1.70  1/0 [일봉]
217820  원익피앤이      2,950   69.1    -3.6%    0.2x     하단  5.90  4/0 [5분]
001510  SK증권       3,825    0.0    +0.0%    0.0x     중간  1.86  1/0 [일봉]
056080  유진로봇      23,650    0.0    +0.0%    0.0x     중간  3.01  1/0 [일봉]
084850  아이티엠반도체   13,690    0.0    +0.0%    0.0x     중간  0.15  0/0 [일봉]
⛔ 금양(001570) 호가 없음 (거래정지 의심)

══════════════════════════════════════════════════
📉 KODEX200 -3.9% 하락장 — 신규 매수 중단
→ 전종목 HOLD
✅ Discord 전송 완료

[10:26] HOLD | KODEX RSI65/-3.9%⚠️ | 보유:없음 | 최고신호 원익피앤이(217820) 4/2개 [하락-3.6% / BB하단 / MA골 / 호가5.9]
💰 예수금 100,426원 | KODEX200 RSI65/-3.9% 과열⚠️ | 매수기준 2개↑

코드      종목명           가격    RSI     변화율    거래량     BB   호가비  B/S
────────────────────────────────────────────────────────────────────────
[2단계 분석 대상: 217820, 005380, 207940, 003670, 012330]
403870  HPSP      49,950    0.0    +0.0%    0.0x     중간  1.29  1/0 [일봉]
058470  리노공업      98,400    0.0    +0.0%    0.0x     중간  4.68  1/0 [일봉]
⛔ 아우토크립트(137040) 호가 없음 (거래정지 의심)
055550  신한지주      93,300    0.0    +0.0%    0.0x     중간  1.14  0/0 [일봉]
035720  카카오       41,550    0.0    +0.0%    0.0x     중간  3.10  1/0 [일봉]
015760  한국전력      38,900    0.0    +0.0%    0.0x     중간  1.25  1/0 [일봉]
078930  GS        72,600    0.0    +0.0%    0.0x     중간  0.92  0/0 [일봉]
061250  화일약품       8,050    0.0    +0.0%    0.0x     중간  1.47  1/0 [일봉]
217820  원익피앤이      2,935   69.1    -3.9%    0.2x     하단  7.63  4/0 [5분]
001510  SK증권       3,830    0.0    +0.0%    0.0x     중간  1.46  1/0 [일봉]
056080  유진로봇      23,700    0.0    +0.0%    0.0x     중간  2.66  1/0 [일봉]
084850  아이티엠반도체   13,700    0.0    +0.0%    0.0x     중간  0.16  0/0 [일봉]
⛔ 금양(001570) 호가 없음 (거래정지 의심)

══════════════════════════════════════════════════
📉 KODEX200 -3.9% 하락장 — 신규 매수 중단
→ 전종목 HOLD
✅ Discord 전송 완료

[10:28] HOLD | KODEX RSI65/-3.9%⚠️ | 보유:없음 | 최고신호 원익피앤이(217820) 4/2개 [하락-3.9% / BB하단 / MA골 / 호가7.6]
💰 예수금 100,426원 | KODEX200 RSI65/-3.7% 과열⚠️ | 매수기준 2개↑

코드      종목명           가격    RSI     변화율    거래량     BB   호가비  B/S
────────────────────────────────────────────────────────────────────────
[2단계 분석 대상: 035420, 066970, 207940, 056080, 003670]
403870  HPSP      50,200    0.0    +0.0%    0.0x     중간  0.87  0/0 [일봉]
058470  리노공업      98,600    0.0    +0.0%    0.0x     중간  4.76  1/0 [일봉]
⛔ 아우토크립트(137040) 호가 없음 (거래정지 의심)
055550  신한지주      93,300    0.0    +0.0%    0.0x     중간  1.62  1/0 [일봉]
035720  카카오       41,550    0.0    +0.0%    0.0x     중간  4.57  1/0 [일봉]
015760  한국전력      38,850    0.0    +0.0%    0.0x     중간  1.44  1/0 [일봉]
078930  GS        72,700    0.0    +0.0%    0.0x     중간  5.94  1/0 [일봉]
061250  화일약품       8,040    0.0    +0.0%    0.0x     중간  1.41  1/0 [일봉]
217820  원익피앤이      2,935    0.0    +0.0%    0.0x     중간  5.29  1/0 [일봉]
001510  SK증권       3,850    0.0    +0.0%    0.0x     중간  2.56  1/0 [일봉]
056080  유진로봇      23,700   75.9    -7.4%    0.3x     하단  6.84  4/0 [5분]
084850  아이티엠반도체   13,670    0.0    +0.0%    0.0x     중간  0.18  0/0 [일봉]
⛔ 금양(001570) 호가 없음 (거래정지 의심)

══════════════════════════════════════════════════
📉 KODEX200 -3.7% 하락장 — 신규 매수 중단
→ 전종목 HOLD
✅ Discord 전송 완료

[10:30] HOLD | KODEX RSI65/-3.7%⚠️ | 보유:없음 | 최고신호 유진로봇(056080) 4/2개 [하락-7.4% / BB하단 / MA골 / 호가6.8]
💰 예수금 100,426원 | KODEX200 RSI64/-4.0% 과열⚠️ | 매수기준 2개↑

코드      종목명           가격    RSI     변화율    거래량     BB   호가비  B/S
────────────────────────────────────────────────────────────────────────
[2단계 분석 대상: 035420, 207940, 042700, 000270, 003670]
403870  HPSP      49,650    0.0    +0.0%    0.0x     중간  2.55  1/0 [일봉]
058470  리노공업      98,100    0.0    +0.0%    0.0x     중간  2.27  1/0 [일봉]
⛔ 아우토크립트(137040) 호가 없음 (거래정지 의심)
055550  신한지주      93,300    0.0    +0.0%    0.0x     중간  1.39  1/0 [일봉]
035720  카카오       41,500    0.0    +0.0%    0.0x     중간  4.77  1/0 [일봉]
015760  한국전력      38,850    0.0    +0.0%    0.0x     중간  0.90  0/0 [일봉]
078930  GS        72,900    0.0    +0.0%    0.0x     중간  4.55  1/0 [일봉]
061250  화일약품       8,040    0.0    +0.0%    0.0x     중간  1.41  1/0 [일봉]
217820  원익피앤이      2,935    0.0    +0.0%    0.0x     중간  5.68  1/0 [일봉]
001510  SK증권       3,825    0.0    +0.0%    0.0x     중간  2.95  1/0 [일봉]
056080  유진로봇      23,750    0.0    +0.0%    0.0x     중간  4.44  1/0 [일봉]
084850  아이티엠반도체   13,620    0.0    +0.0%    0.0x     중간  2.00  1/0 [일봉]
⛔ 금양(001570) 호가 없음 (거래정지 의심)

══════════════════════════════════════════════════
📉 KODEX200 -4.0% 하락장 — 신규 매수 중단
→ 전종목 HOLD
✅ Discord 전송 완료

[10:32] HOLD | KODEX RSI64/-4.0%⚠️ | 보유:없음 | 최고신호 HPSP(403870) 1/2개 [호가2.5]
💰 예수금 100,426원 | KODEX200 RSI65/-3.7% 과열⚠️ | 매수기준 2개↑

코드      종목명           가격    RSI     변화율    거래량     BB   호가비  B/S
────────────────────────────────────────────────────────────────────────
[2단계 분석 대상: 035420, 207940, 056080, 058470, 003670]
403870  HPSP      49,800    0.0    +0.0%    0.0x     중간  1.58  1/0 [일봉]
058470  리노공업      98,400   54.9    -2.8%    0.2x     중간  6.01  4/0 [5분]
⛔ 아우토크립트(137040) 호가 없음 (거래정지 의심)
055550  신한지주      93,700    0.0    +0.0%    0.0x     중간  1.94  1/0 [일봉]
035720  카카오       41,550    0.0    +0.0%    0.0x     중간  2.99  1/0 [일봉]
015760  한국전력      38,950    0.0    +0.0%    0.0x     중간  0.77  0/0 [일봉]
078930  GS        72,900    0.0    +0.0%    0.0x     중간  5.61  1/0 [일봉]
061250  화일약품       8,030    0.0    +0.0%    0.0x     중간  1.22  1/0 [일봉]
217820  원익피앤이      2,935    0.0    +0.0%    0.0x     중간  5.64  1/0 [일봉]
001510  SK증권       3,830    0.0    +0.0%    0.0x     중간  1.78  1/0 [일봉]
056080  유진로봇      23,850   79.5    -7.0%    0.3x     하단  6.14  4/0 [5분]
084850  아이티엠반도체   13,590    0.0    +0.0%    0.0x     중간  2.18  1/0 [일봉]
⛔ 금양(001570) 호가 없음 (거래정지 의심)

══════════════════════════════════════════════════
📉 KODEX200 -3.7% 하락장 — 신규 매수 중단
→ 전종목 HOLD
✅ Discord 전송 완료

[10:34] HOLD | KODEX RSI65/-3.7%⚠️ | 보유:없음 | 최고신호 리노공업(058470) 4/2개 [RSI55 / 하락-2.8% / MA골 / 호가6.0]
💰 예수금 100,426원 | KODEX200 RSI66/-3.4% 과열⚠️ | 매수기준 2개↑

코드      종목명           가격    RSI     변화율    거래량     BB   호가비  B/S
────────────────────────────────────────────────────────────────────────
[2단계 분석 대상: 035420, 078930, 217820, 003670, 207940]
403870  HPSP      49,950    0.0    +0.0%    0.0x     중간  1.63  1/0 [일봉]
058470  리노공업      98,600    0.0    +0.0%    0.0x     중간  5.12  1/0 [일봉]
⛔ 아우토크립트(137040) 호가 없음 (거래정지 의심)
055550  신한지주      93,600    0.0    +0.0%    0.0x     중간  1.56  1/0 [일봉]
035720  카카오       41,550    0.0    +0.0%    0.0x     중간  3.04  1/0 [일봉]
015760  한국전력      38,950    0.0    +0.0%    0.0x     중간  0.96  0/0 [일봉]
078930  GS        73,000   76.9    -2.4%    0.5x     중간  6.62  3/0 [5분]
061250  화일약품       8,030    0.0    +0.0%    0.0x     중간  1.22  1/0 [일봉]
217820  원익피앤이      2,950   63.6    -3.6%    0.2x     하단  6.40  4/0 [5분]
001510  SK증권       3,840    0.0    +0.0%    0.0x     중간  2.03  1/0 [일봉]
056080  유진로봇      23,900    0.0    +0.0%    0.0x     중간  5.49  1/0 [일봉]
084850  아이티엠반도체   13,660    0.0    +0.0%    0.0x     중간  0.30  0/0 [일봉]
⛔ 금양(001570) 호가 없음 (거래정지 의심)

══════════════════════════════════════════════════
📉 KODEX200 -3.4% 하락장 — 신규 매수 중단
→ 전종목 HOLD
✅ Discord 전송 완료

[10:36] HOLD | KODEX RSI66/-3.4%⚠️ | 보유:없음 | 최고신호 원익피앤이(217820) 4/2개 [하락-3.6% / BB하단 / MA골 / 호가6.4]
💰 예수금 100,426원 | KODEX200 RSI65/-3.6% 과열⚠️ | 매수기준 2개↑

코드      종목명           가격    RSI     변화율    거래량     BB   호가비  B/S
────────────────────────────────────────────────────────────────────────
[2단계 분석 대상: 035420, 005380, 034020, 207940, 003670]
403870  HPSP      49,800    0.0    +0.0%    0.0x     중간  1.96  1/0 [일봉]
058470  리노공업      98,600    0.0    +0.0%    0.0x     중간  4.52  1/0 [일봉]
⛔ 아우토크립트(137040) 호가 없음 (거래정지 의심)
055550  신한지주      93,200    0.0    +0.0%    0.0x     중간  0.90  0/0 [일봉]
035720  카카오       41,500    0.0    +0.0%    0.0x     중간  5.95  1/0 [일봉]
015760  한국전력      38,850    0.0    +0.0%    0.0x     중간  0.82  0/0 [일봉]
078930  GS        72,800    0.0    +0.0%    0.0x     중간  4.86  1/0 [일봉]
061250  화일약품       8,030    0.0    +0.0%    0.0x     중간  1.22  1/0 [일봉]
217820  원익피앤이      2,935    0.0    +0.0%    0.0x     중간  3.67  1/0 [일봉]
001510  SK증권       3,830    0.0    +0.0%    0.0x     중간  2.13  1/0 [일봉]
056080  유진로봇      23,700    0.0    +0.0%    0.0x     중간  2.30  1/0 [일봉]
084850  아이티엠반도체   13,640    0.0    +0.0%    0.0x     중간  0.32  0/0 [일봉]
⛔ 금양(001570) 호가 없음 (거래정지 의심)

══════════════════════════════════════════════════
📉 KODEX200 -3.6% 하락장 — 신규 매수 중단
→ 전종목 HOLD
✅ Discord 전송 완료

[10:38] HOLD | KODEX RSI65/-3.6%⚠️ | 보유:없음 | 최고신호 HPSP(403870) 1/2개 [호가2.0]
💰 예수금 100,426원 | KODEX200 RSI65/-3.5% 과열⚠️ | 매수기준 2개↑

코드      종목명           가격    RSI     변화율    거래량     BB   호가비  B/S
────────────────────────────────────────────────────────────────────────
[2단계 분석 대상: 035420, 078930, 000270, 003670, 034020]
403870  HPSP      49,750    0.0    +0.0%    0.0x     중간  4.00  1/0 [일봉]
058470  리노공업      98,500    0.0    +0.0%    0.0x     중간  5.85  1/0 [일봉]
⛔ 아우토크립트(137040) 호가 없음 (거래정지 의심)
055550  신한지주      93,300    0.0    +0.0%    0.0x     중간  1.23  1/0 [일봉]
035720  카카오       41,400    0.0    +0.0%    0.0x     중간  6.14  1/0 [일봉]
015760  한국전력      38,800    0.0    +0.0%    0.0x     중간  0.75  0/0 [일봉]
078930  GS        72,700   71.4    -2.8%    0.5x     중간  9.25  3/0 [5분]
061250  화일약품       8,030    0.0    +0.0%    0.0x     중간  1.22  1/0 [일봉]
217820  원익피앤이      2,935    0.0    +0.0%    0.0x     중간  3.82  1/0 [일봉]
001510  SK증권       3,815    0.0    +0.0%    0.0x     중간  2.13  1/0 [일봉]
056080  유진로봇      23,600    0.0    +0.0%    0.0x     중간  2.59  1/0 [일봉]
084850  아이티엠반도체   13,600    0.0    +0.0%    0.0x     중간  1.90  1/0 [일봉]
⛔ 금양(001570) 호가 없음 (거래정지 의심)

══════════════════════════════════════════════════
📉 KODEX200 -3.5% 하락장 — 신규 매수 중단
→ 전종목 HOLD
✅ Discord 전송 완료

[10:40] HOLD | KODEX RSI65/-3.5%⚠️ | 보유:없음 | 최고신호 GS(078930) 3/2개 [하락-2.8% / MA골 / 호가9.2]
💰 예수금 100,426원 | KODEX200 RSI65/-3.9% 과열⚠️ | 매수기준 2개↑

코드      종목명           가격    RSI     변화율    거래량     BB   호가비  B/S
────────────────────────────────────────────────────────────────────────
[2단계 분석 대상: 034020, 247540, 035420, 056080, 078930]
403870  HPSP      49,650    0.0    +0.0%    0.0x     중간  4.32  1/0 [일봉]
058470  리노공업      98,400    0.0    +0.0%    0.0x     중간  5.58  1/0 [일봉]
⛔ 아우토크립트(137040) 호가 없음 (거래정지 의심)
055550  신한지주      93,400    0.0    +0.0%    0.0x     중간  1.16  0/0 [일봉]
035720  카카오       41,350    0.0    +0.0%    0.0x     중간  6.69  1/0 [일봉]
015760  한국전력      38,850    0.0    +0.0%    0.0x     중간  0.71  0/0 [일봉]
078930  GS        72,600   71.4    -2.9%    0.5x     중간  7.52  3/0 [5분]
061250  화일약품       8,030    0.0    +0.0%    0.0x     중간  1.36  1/0 [일봉]
217820  원익피앤이      2,920    0.0    +0.0%    0.0x     중간  4.45  1/0 [일봉]
001510  SK증권       3,805    0.0    +0.0%    0.0x     중간  3.34  1/0 [일봉]
056080  유진로봇      23,550   79.5    -8.6%    0.3x     하단  7.87  4/0 [5분]
084850  아이티엠반도체   13,660    0.0    +0.0%    0.0x     중간  0.34  0/0 [일봉]
⛔ 금양(001570) 호가 없음 (거래정지 의심)

══════════════════════════════════════════════════
📉 KODEX200 -3.9% 하락장 — 신규 매수 중단
→ 전종목 HOLD
✅ Discord 전송 완료

[10:42] HOLD | KODEX RSI65/-3.9%⚠️ | 보유:없음 | 최고신호 유진로봇(056080) 4/2개 [하락-8.6% / BB하단 / MA골 / 호가7.9]
💰 예수금 100,426원 | KODEX200 RSI66/-3.4% 과열⚠️ | 매수기준 2개↑

코드      종목명           가격    RSI     변화율    거래량     BB   호가비  B/S
────────────────────────────────────────────────────────────────────────
[2단계 분석 대상: 035420, 035720, 217820, 058470, 003670]
403870  HPSP      49,900    0.0    +0.0%    0.0x     중간  1.84  1/0 [일봉]
058470  리노공업      98,900   49.2    -2.4%    0.2x     중간  6.54  3/0 [5분]
⛔ 아우토크립트(137040) 호가 없음 (거래정지 의심)
055550  신한지주      93,700    0.0    +0.0%    0.0x     중간  1.96  1/0 [일봉]
035720  카카오       41,500   61.5    -2.2%    0.4x     하단  7.79  4/0 [5분]
015760  한국전력      39,100    0.0    +0.0%    0.0x     중간  0.30  0/0 [일봉]
078930  GS        73,000    0.0    +0.0%    0.0x     중간  4.59  1/0 [일봉]
061250  화일약품       8,020    0.0    +0.0%    0.0x     중간  0.97  0/0 [일봉]
217820  원익피앤이      2,920   57.1    -4.6%    0.3x     하단  6.96  4/0 [5분]
001510  SK증권       3,825    0.0    +0.0%    0.0x     중간  1.18  0/0 [일봉]
056080  유진로봇      23,700    0.0    +0.0%    0.0x     중간  2.96  1/0 [일봉]
084850  아이티엠반도체   13,660    0.0    +0.0%    0.0x     중간  0.36  0/0 [일봉]
⛔ 금양(001570) 호가 없음 (거래정지 의심)

══════════════════════════════════════════════════
📉 KODEX200 -3.4% 하락장 — 신규 매수 중단
→ 전종목 HOLD
✅ Discord 전송 완료

[10:44] HOLD | KODEX RSI66/-3.4%⚠️ | 보유:없음 | 최고신호 카카오(035720) 4/2개 [하락-2.2% / BB하단 / MA골 / 호가7.8]
💰 예수금 100,426원 | KODEX200 RSI65/-3.6% 과열⚠️ | 매수기준 2개↑

코드      종목명           가격    RSI     변화율    거래량     BB   호가비  B/S
────────────────────────────────────────────────────────────────────────
[2단계 분석 대상: 035420, 247540, 003670, 056080, 078930]
403870  HPSP      49,850    0.0    +0.0%    0.0x     중간  2.04  1/0 [일봉]
058470  리노공업      98,700    0.0    +0.0%    0.0x     중간  4.37  1/0 [일봉]
⛔ 아우토크립트(137040) 호가 없음 (거래정지 의심)
055550  신한지주      93,400    0.0    +0.0%    0.0x     중간  1.49  1/0 [일봉]
035720  카카오       41,450    0.0    +0.0%    0.0x     중간  6.17  1/0 [일봉]
015760  한국전력      39,100    0.0    +0.0%    0.0x     중간  0.38  0/0 [일봉]
078930  GS        72,900   65.0    -2.8%    0.5x     중간  6.92  3/0 [5분]
061250  화일약품       8,020    0.0    +0.0%    0.0x     중간  1.65  1/0 [일봉]
217820  원익피앤이      2,920    0.0    +0.0%    0.0x     중간  3.02  1/0 [일봉]
001510  SK증권       3,820    0.0    +0.0%    0.0x     중간  1.58  1/0 [일봉]
056080  유진로봇      23,650   71.6    -8.2%    0.3x     하단  7.26  4/0 [5분]
084850  아이티엠반도체   13,640    0.0    +0.0%    0.0x     중간  1.14  0/0 [일봉]
⛔ 금양(001570) 호가 없음 (거래정지 의심)

══════════════════════════════════════════════════
📉 KODEX200 -3.6% 하락장 — 신규 매수 중단
→ 전종목 HOLD
✅ Discord 전송 완료

[10:46] HOLD | KODEX RSI65/-3.6%⚠️ | 보유:없음 | 최고신호 유진로봇(056080) 4/2개 [하락-8.2% / BB하단 / MA골 / 호가7.3]
💰 예수금 100,426원 | KODEX200 RSI65/-3.9% 과열⚠️ | 매수기준 2개↑

코드      종목명           가격    RSI     변화율    거래량     BB   호가비  B/S
────────────────────────────────────────────────────────────────────────
[2단계 분석 대상: 247540, 058470, 034020, 012450, 000270]
403870  HPSP      49,700    0.0    +0.0%    0.0x     중간  4.95  1/0 [일봉]
058470  리노공업      98,300   49.2    -2.8%    0.2x     중간 10.53  3/0 [5분]
⛔ 아우토크립트(137040) 호가 없음 (거래정지 의심)
055550  신한지주      93,100    0.0    +0.0%    0.0x     중간  0.97  0/0 [일봉]
035720  카카오       41,400    0.0    +0.0%    0.0x     중간  7.31  1/0 [일봉]
015760  한국전력      39,050    0.0    +0.0%    0.0x     중간  0.39  0/0 [일봉]
078930  GS        72,500    0.0    +0.0%    0.0x     중간  4.96  1/0 [일봉]
061250  화일약품       8,020    0.0    +0.0%    0.0x     중간  2.73  1/0 [일봉]
217820  원익피앤이      2,915    0.0    +0.0%    0.0x     중간  3.87  1/0 [일봉]
001510  SK증권       3,820    0.0    +0.0%    0.0x     중간  1.90  1/0 [일봉]
056080  유진로봇      23,600    0.0    +0.0%    0.0x     중간  4.46  1/0 [일봉]
084850  아이티엠반도체   13,640    0.0    +0.0%    0.0x     중간  1.06  0/0 [일봉]
⛔ 금양(001570) 호가 없음 (거래정지 의심)

══════════════════════════════════════════════════
📉 KODEX200 -3.9% 하락장 — 신규 매수 중단
→ 전종목 HOLD
✅ Discord 전송 완료

[10:48] HOLD | KODEX RSI65/-3.9%⚠️ | 보유:없음 | 최고신호 리노공업(058470) 3/2개 [RSI49 / 하락-2.8% / 호가10.5]
💰 예수금 100,426원 | KODEX200 RSI65/-4.0% 과열⚠️ | 매수기준 2개↑

코드      종목명           가격    RSI     변화율    거래량     BB   호가비  B/S
────────────────────────────────────────────────────────────────────────
[2단계 분석 대상: 042700, 000660, 247540, 035420, 012450]
403870  HPSP      49,650    0.0    +0.0%    0.0x     중간  4.97  1/0 [일봉]
058470  리노공업      98,200    0.0    +0.0%    0.0x     중간  4.85  1/0 [일봉]
⛔ 아우토크립트(137040) 호가 없음 (거래정지 의심)
055550  신한지주      93,000    0.0    +0.0%    0.0x     중간  1.61  1/0 [일봉]
035720  카카오       41,300    0.0    +0.0%    0.0x     중간  4.49  1/0 [일봉]
015760  한국전력      39,200    0.0    +0.0%    0.0x     중간  0.29  0/0 [일봉]
078930  GS        72,200    0.0    +0.0%    0.0x     중간  4.41  1/0 [일봉]
061250  화일약품       8,020    0.0    +0.0%    0.0x     중간  3.10  1/0 [일봉]
217820  원익피앤이      2,905    0.0    +0.0%    0.0x     중간  3.43  1/0 [일봉]
001510  SK증권       3,820    0.0    +0.0%    0.0x     중간  1.80  1/0 [일봉]
056080  유진로봇      23,550    0.0    +0.0%    0.0x     중간  4.64  1/0 [일봉]
084850  아이티엠반도체   13,720    0.0    +0.0%    0.0x     중간  0.09  0/0 [일봉]
⛔ 금양(001570) 호가 없음 (거래정지 의심)

══════════════════════════════════════════════════
📉 KODEX200 -4.0% 하락장 — 신규 매수 중단
→ 전종목 HOLD
✅ Discord 전송 완료

[10:50] HOLD | KODEX RSI65/-4.0%⚠️ | 보유:없음 | 최고신호 HPSP(403870) 1/2개 [호가5.0]
💰 예수금 100,426원 | KODEX200 RSI64/-4.2% 과열⚠️ | 매수기준 2개↑

코드      종목명           가격    RSI     변화율    거래량     BB   호가비  B/S
────────────────────────────────────────────────────────────────────────
[2단계 분석 대상: 042700, 035420, 034020, 012450, 078930]
403870  HPSP      49,650    0.0    +0.0%    0.0x     중간  4.84  1/0 [일봉]
058470  리노공업      97,800    0.0    +0.0%    0.0x     중간  2.94  1/0 [일봉]
⛔ 아우토크립트(137040) 호가 없음 (거래정지 의심)
055550  신한지주      93,000    0.0    +0.0%    0.0x     중간  1.68  1/0 [일봉]
035720  카카오       41,250    0.0    +0.0%    0.0x     중간  3.15  1/0 [일봉]
015760  한국전력      39,150    0.0    +0.0%    0.0x     중간  0.43  0/0 [일봉]
078930  GS        72,200   55.7    -3.5%    0.5x     중간  7.25  3/0 [5분]
061250  화일약품       8,020    0.0    +0.0%    0.0x     중간  2.62  1/0 [일봉]
217820  원익피앤이      2,905    0.0    +0.0%    0.0x     중간  4.14  1/0 [일봉]
001510  SK증권       3,800    0.0    +0.0%    0.0x     중간  1.63  1/0 [일봉]
056080  유진로봇      23,550    0.0    +0.0%    0.0x     중간  6.13  1/0 [일봉]
084850  아이티엠반도체   13,880    0.0    +0.0%    0.0x     중간  0.02  0/0 [일봉]
⛔ 금양(001570) 호가 없음 (거래정지 의심)

══════════════════════════════════════════════════
📉 KODEX200 -4.2% 하락장 — 신규 매수 중단
→ 전종목 HOLD
✅ Discord 전송 완료

[10:52] HOLD | KODEX RSI64/-4.2%⚠️ | 보유:없음 | 최고신호 GS(078930) 3/2개 [하락-3.5% / MA골 / 호가7.2]
💰 예수금 100,426원 | KODEX200 RSI64/-4.3% 과열⚠️ | 매수기준 2개↑

코드      종목명           가격    RSI     변화율    거래량     BB   호가비  B/S
────────────────────────────────────────────────────────────────────────
[2단계 분석 대상: 035420, 042700, 056080, 012450, 068270]
403870  HPSP      49,600    0.0    +0.0%    0.0x     중간  2.79  1/0 [일봉]
058470  리노공업      97,600    0.0    +0.0%    0.0x     중간  3.26  1/0 [일봉]
⛔ 아우토크립트(137040) 호가 없음 (거래정지 의심)
055550  신한지주      93,000    0.0    +0.0%    0.0x     중간  1.58  1/0 [일봉]
035720  카카오       41,200    0.0    +0.0%    0.0x     중간  2.72  1/0 [일봉]
015760  한국전력      39,150    0.0    +0.0%    0.0x     중간  0.42  0/0 [일봉]
078930  GS        72,200    0.0    +0.0%    0.0x     중간  4.37  1/0 [일봉]
061250  화일약품       8,050    0.0    +0.0%    0.0x     중간  7.65  1/0 [일봉]
217820  원익피앤이      2,900    0.0    +0.0%    0.0x     중간  4.04  1/0 [일봉]
001510  SK증권       3,795    0.0    +0.0%    0.0x     중간  0.91  0/0 [일봉]
056080  유진로봇      23,550   56.1    -8.4%    0.3x     하단  8.19  4/0 [5분]
084850  아이티엠반도체   13,880    0.0    +0.0%    0.0x     중간  0.03  0/0 [일봉]
⛔ 금양(001570) 호가 없음 (거래정지 의심)

══════════════════════════════════════════════════
📉 KODEX200 -4.3% 하락장 — 신규 매수 중단
→ 전종목 HOLD
✅ Discord 전송 완료

[10:54] HOLD | KODEX RSI64/-4.3%⚠️ | 보유:없음 | 최고신호 유진로봇(056080) 4/2개 [하락-8.4% / BB하단 / MA골 / 호가8.2]
💰 예수금 100,426원 | KODEX200 RSI64/-4.3% 과열⚠️ | 매수기준 2개↑

코드      종목명           가격    RSI     변화율    거래량     BB   호가비  B/S
────────────────────────────────────────────────────────────────────────
[2단계 분석 대상: 042700, 068270, 012330, 066970, 012450]
403870  HPSP      49,650    0.0    +0.0%    0.0x     중간  2.57  1/0 [일봉]
058470  리노공업      97,700    0.0    +0.0%    0.0x     중간  4.07  1/0 [일봉]
⛔ 아우토크립트(137040) 호가 없음 (거래정지 의심)
055550  신한지주      93,000    0.0    +0.0%    0.0x     중간  1.62  1/0 [일봉]
035720  카카오       41,200    0.0    +0.0%    0.0x     중간  3.63  1/0 [일봉]
015760  한국전력      39,450    0.0    +0.0%    0.0x     중간  0.26  0/0 [일봉]
078930  GS        72,100    0.0    +0.0%    0.0x     중간  4.95  1/0 [일봉]
061250  화일약품       8,180    0.0    +0.0%    0.0x     중간  1.34  1/0 [일봉]
217820  원익피앤이      2,905    0.0    +0.0%    0.0x     중간  3.42  1/0 [일봉]
001510  SK증권       3,790    0.0    +0.0%    0.0x     중간  1.50  1/0 [일봉]
056080  유진로봇      23,500    0.0    +0.0%    0.0x     중간  6.32  1/0 [일봉]
084850  아이티엠반도체   13,810    0.0    +0.0%    0.0x     중간  0.06  0/0 [일봉]
⛔ 금양(001570) 호가 없음 (거래정지 의심)

══════════════════════════════════════════════════
📉 KODEX200 -4.3% 하락장 — 신규 매수 중단
→ 전종목 HOLD
✅ Discord 전송 완료

[10:56] HOLD | KODEX RSI64/-4.3%⚠️ | 보유:없음 | 최고신호 HPSP(403870) 1/2개 [호가2.6]
💰 예수금 100,426원 | KODEX200 RSI64/-4.4% 과열⚠️ | 매수기준 2개↑

코드      종목명           가격    RSI     변화율    거래량     BB   호가비  B/S
────────────────────────────────────────────────────────────────────────
[2단계 분석 대상: 042700, 035420, 012330, 056080, 078930]
403870  HPSP      49,500    0.0    +0.0%    0.0x     중간  4.65  1/0 [일봉]
058470  리노공업      97,700    0.0    +0.0%    0.0x     중간  3.42  1/0 [일봉]
⛔ 아우토크립트(137040) 호가 없음 (거래정지 의심)
055550  신한지주      92,500    0.0    +0.0%    0.0x     중간  0.42  0/0 [일봉]
035720  카카오       41,200    0.0    +0.0%    0.0x     중간  5.35  1/0 [일봉]
015760  한국전력      39,600    0.0    +0.0%    0.0x     중간  0.31  0/0 [일봉]
078930  GS        72,100   46.8    -3.6%    0.5x     중간  5.36  4/0 [5분]
061250  화일약품       8,190    0.0    +0.0%    0.0x     중간  1.16  0/0 [일봉]
217820  원익피앤이      2,905    0.0    +0.0%    0.0x     중간  2.68  1/0 [일봉]
001510  SK증권       3,785    0.0    +0.0%    0.0x     중간  1.45  1/0 [일봉]
056080  유진로봇      23,550   56.1    -8.2%    0.3x     하단  6.04  4/0 [5분]
084850  아이티엠반도체   13,810    0.0    +0.0%    0.0x     중간  0.09  0/0 [일봉]
⛔ 금양(001570) 호가 없음 (거래정지 의심)

══════════════════════════════════════════════════
📉 KODEX200 -4.4% 하락장 — 신규 매수 중단
→ 전종목 HOLD
✅ Discord 전송 완료

[10:58] HOLD | KODEX RSI64/-4.4%⚠️ | 보유:없음 | 최고신호 GS(078930) 4/2개 [RSI47 / 하락-3.6% / MA골 / 호가5.4]
💰 예수금 100,426원 | KODEX200 RSI64/-4.6% 과열⚠️ | 매수기준 2개↑

코드      종목명           가격    RSI     변화율    거래량     BB   호가비  B/S
────────────────────────────────────────────────────────────────────────
[2단계 분석 대상: 042700, 078930, 066970, 056080, 247540]
403870  HPSP      49,400    0.0    +0.0%    0.0x     중간  3.83  1/0 [일봉]
058470  리노공업      97,300    0.0    +0.0%    0.0x     중간  4.33  1/0 [일봉]
⛔ 아우토크립트(137040) 호가 없음 (거래정지 의심)
055550  신한지주      92,400    0.0    +0.0%    0.0x     중간  0.61  0/0 [일봉]
035720  카카오       41,200    0.0    +0.0%    0.0x     중간  4.86  1/0 [일봉]
015760  한국전력      39,300    0.0    +0.0%    0.0x     중간  0.34  0/0 [일봉]
078930  GS        72,100   44.6    -3.6%    0.5x     중간  5.86  3/0 [5분]
061250  화일약품       8,180    0.0    +0.0%    0.0x     중간  1.48  1/0 [일봉]
217820  원익피앤이      2,900    0.0    +0.0%    0.0x     중간  2.45  1/0 [일봉]
001510  SK증권       3,790    0.0    +0.0%    0.0x     중간  1.47  1/0 [일봉]
056080  유진로봇      23,550   50.8    -8.2%    0.3x     하단  5.57  5/0 [5분]
084850  아이티엠반도체   13,680    0.0    +0.0%    0.0x     중간  2.12  1/0 [일봉]
⛔ 금양(001570) 호가 없음 (거래정지 의심)

══════════════════════════════════════════════════
📉 KODEX200 -4.6% 하락장 — 신규 매수 중단
→ 전종목 HOLD
✅ Discord 전송 완료

[11:00] HOLD | KODEX RSI64/-4.6%⚠️ | 보유:없음 | 최고신호 유진로봇(056080) 5/2개 [RSI51 / 하락-8.2% / BB하단 / MA골 / 호가5.6]
💰 예수금 100,426원 | KODEX200 RSI63/-4.7% 과열⚠️ | 매수기준 2개↑

코드      종목명           가격    RSI     변화율    거래량     BB   호가비  B/S
────────────────────────────────────────────────────────────────────────
[2단계 분석 대상: 247540, 035720, 005930, 056080, 000660]
403870  HPSP      49,250    0.0    +0.0%    0.0x     중간  2.90  1/0 [일봉]
058470  리노공업      97,200    0.0    +0.0%    0.0x     중간  3.83  1/0 [일봉]
⛔ 아우토크립트(137040) 호가 없음 (거래정지 의심)
055550  신한지주      92,500    0.0    +0.0%    0.0x     중간  0.64  0/0 [일봉]
035720  카카오       41,200   40.2    -3.0%    0.4x     하단  4.99  4/0 [5분]
015760  한국전력      39,400    0.0    +0.0%    0.0x     중간  0.29  0/0 [일봉]
078930  GS        71,900    0.0    +0.0%    0.0x     중간  3.83  1/0 [일봉]
061250  화일약품       8,180    0.0    +0.0%    0.0x     중간  1.48  1/0 [일봉]
217820  원익피앤이      2,900    0.0    +0.0%    0.0x     중간  3.04  1/0 [일봉]
001510  SK증권       3,775    0.0    +0.0%    0.0x     중간  1.46  1/0 [일봉]
056080  유진로봇      23,500   50.8    -8.6%    0.3x     하단  4.61  5/0 [5분]
084850  아이티엠반도체   13,670    0.0    +0.0%    0.0x     중간  0.39  0/0 [일봉]
⛔ 금양(001570) 호가 없음 (거래정지 의심)

══════════════════════════════════════════════════
📉 KODEX200 -4.7% 하락장 — 신규 매수 중단
→ 전종목 HOLD
✅ Discord 전송 완료

[11:02] HOLD | KODEX RSI63/-4.7%⚠️ | 보유:없음 | 최고신호 유진로봇(056080) 5/2개 [RSI51 / 하락-8.6% / BB하단 / MA골 / 호가4.6]
💰 예수금 100,426원 | KODEX200 RSI63/-4.8% 과열⚠️ | 매수기준 2개↑

코드      종목명           가격    RSI     변화율    거래량     BB   호가비  B/S
────────────────────────────────────────────────────────────────────────
[2단계 분석 대상: 035420, 207940, 042700, 056080, 403870]
403870  HPSP      49,100   46.3    -6.1%    0.3x     하단  4.19  4/0 [5분]
058470  리노공업      96,800    0.0    +0.0%    0.0x     중간  1.21  1/0 [일봉]
⛔ 아우토크립트(137040) 호가 없음 (거래정지 의심)
055550  신한지주      92,200    0.0    +0.0%    0.0x     중간  0.65  0/0 [일봉]
035720  카카오       41,100    0.0    +0.0%    0.0x     중간  3.95  1/0 [일봉]
015760  한국전력      39,250    0.0    +0.0%    0.0x     중간  0.34  0/0 [일봉]
078930  GS        71,700    0.0    +0.0%    0.0x     중간  2.43  1/0 [일봉]
061250  화일약품       8,180    0.0    +0.0%    0.0x     중간  1.48  1/0 [일봉]
217820  원익피앤이      2,900    0.0    +0.0%    0.0x     중간  2.48  1/0 [일봉]
001510  SK증권       3,765    0.0    +0.0%    0.0x     중간  1.98  1/0 [일봉]
056080  유진로봇      23,450   51.6    -8.8%    0.3x     하단  4.29  5/0 [5분]
084850  아이티엠반도체   13,610    0.0    +0.0%    0.0x     중간  1.59  1/0 [일봉]
⛔ 금양(001570) 호가 없음 (거래정지 의심)

══════════════════════════════════════════════════
📉 KODEX200 -4.8% 하락장 — 신규 매수 중단
→ 전종목 HOLD
✅ Discord 전송 완료

[11:04] HOLD | KODEX RSI63/-4.8%⚠️ | 보유:없음 | 최고신호 유진로봇(056080) 5/2개 [RSI52 / 하락-8.8% / BB하단 / MA골 / 호가4.3]
💰 예수금 100,426원 | KODEX200 RSI63/-4.7% 과열⚠️ | 매수기준 2개↑

코드      종목명           가격    RSI     변화율    거래량     BB   호가비  B/S
────────────────────────────────────────────────────────────────────────
[2단계 분석 대상: 403870, 005930, 035420, 056080, 247540]
403870  HPSP      49,000   46.3    -6.0%    0.3x     하단  6.25  4/0 [5분]
058470  리노공업      96,800    0.0    +0.0%    0.0x     중간  2.24  1/0 [일봉]
⛔ 아우토크립트(137040) 호가 없음 (거래정지 의심)
055550  신한지주      92,400    0.0    +0.0%    0.0x     중간  0.94  0/0 [일봉]
035720  카카오       41,150    0.0    +0.0%    0.0x     중간  4.03  1/0 [일봉]
015760  한국전력      39,350    0.0    +0.0%    0.0x     중간  0.23  0/0 [일봉]
078930  GS        71,900    0.0    +0.0%    0.0x     중간  3.05  1/0 [일봉]
061250  화일약품       8,170    0.0    +0.0%    0.0x     중간  0.19  0/0 [일봉]
217820  원익피앤이      2,895    0.0    +0.0%    0.0x     중간  2.89  1/0 [일봉]
001510  SK증권       3,780    0.0    +0.0%    0.0x     중간  1.79  1/0 [일봉]
056080  유진로봇      23,550   51.6    -8.2%    0.3x     하단  4.80  5/0 [5분]
084850  아이티엠반도체   13,610    0.0    +0.0%    0.0x     중간  1.69  1/0 [일봉]
⛔ 금양(001570) 호가 없음 (거래정지 의심)

══════════════════════════════════════════════════
📉 KODEX200 -4.7% 하락장 — 신규 매수 중단
→ 전종목 HOLD
✅ Discord 전송 완료

[11:06] HOLD | KODEX RSI63/-4.7%⚠️ | 보유:없음 | 최고신호 유진로봇(056080) 5/2개 [RSI52 / 하락-8.2% / BB하단 / MA골 / 호가4.8]
💰 예수금 100,426원 | KODEX200 RSI63/-4.8% 과열⚠️ | 매수기준 2개↑

코드      종목명           가격    RSI     변화율    거래량     BB   호가비  B/S
────────────────────────────────────────────────────────────────────────
[2단계 분석 대상: 056080, 000660, 005930, 035420, 005380]
403870  HPSP      48,900    0.0    +0.0%    0.0x     중간  3.04  1/0 [일봉]
058470  리노공업      96,600    0.0    +0.0%    0.0x     중간  2.55  1/0 [일봉]
⛔ 아우토크립트(137040) 호가 없음 (거래정지 의심)
055550  신한지주      92,200    0.0    +0.0%    0.0x     중간  0.76  0/0 [일봉]
035720  카카오       41,100    0.0    +0.0%    0.0x     중간  4.50  1/0 [일봉]
015760  한국전력      39,200    0.0    +0.0%    0.0x     중간  0.40  0/0 [일봉]
078930  GS        71,600    0.0    +0.0%    0.0x     중간  4.17  1/0 [일봉]
061250  화일약품       8,140    0.0    +0.0%    0.0x     중간  0.19  0/0 [일봉]
217820  원익피앤이      2,890    0.0    +0.0%    0.0x     중간  2.58  1/0 [일봉]
001510  SK증권       3,785    0.0    +0.0%    0.0x     중간  2.16  1/0 [일봉]
056080  유진로봇      23,500   51.6    -8.4%    0.3x     하단  5.68  5/0 [5분]
084850  아이티엠반도체   13,590    0.0    +0.0%    0.0x     중간  1.54  1/0 [일봉]
⛔ 금양(001570) 호가 없음 (거래정지 의심)

══════════════════════════════════════════════════
📉 KODEX200 -4.8% 하락장 — 신규 매수 중단
→ 전종목 HOLD
✅ Discord 전송 완료

[11:08] HOLD | KODEX RSI63/-4.8%⚠️ | 보유:없음 | 최고신호 유진로봇(056080) 5/2개 [RSI52 / 하락-8.4% / BB하단 / MA골 / 호가5.7]
💰 예수금 100,426원 | KODEX200 RSI63/-4.9% 과열⚠️ | 매수기준 2개↑

코드      종목명           가격    RSI     변화율    거래량     BB   호가비  B/S
────────────────────────────────────────────────────────────────────────
[2단계 분석 대상: 217820, 138040, 034020, 035720, 000660]
403870  HPSP      48,750    0.0    +0.0%    0.0x     중간  3.77  1/0 [일봉]
058470  리노공업      96,500    0.0    +0.0%    0.0x     중간  1.81  1/0 [일봉]
⛔ 아우토크립트(137040) 호가 없음 (거래정지 의심)
055550  신한지주      92,300    0.0    +0.0%    0.0x     중간  1.15  0/0 [일봉]
035720  카카오       41,100   50.0    -3.2%    0.4x     하단  5.42  4/0 [5분]
015760  한국전력      39,200    0.0    +0.0%    0.0x     중간  0.43  0/0 [일봉]
078930  GS        71,700    0.0    +0.0%    0.0x     중간  4.00  1/0 [일봉]
061250  화일약품       8,170    0.0    +0.0%    0.0x     중간  0.18  0/0 [일봉]
217820  원익피앤이      2,885   30.1    -5.9%    0.4x     하단  7.86  4/0 [5분]
001510  SK증권       3,790    0.0    +0.0%    0.0x     중간  1.45  1/0 [일봉]
056080  유진로봇      23,500    0.0    +0.0%    0.0x     중간  4.12  1/0 [일봉]
084850  아이티엠반도체   13,550    0.0    +0.0%    0.0x     중간  1.36  1/0 [일봉]
⛔ 금양(001570) 호가 없음 (거래정지 의심)

══════════════════════════════════════════════════
📉 KODEX200 -4.9% 하락장 — 신규 매수 중단
→ 전종목 HOLD
✅ Discord 전송 완료

[11:10] HOLD | KODEX RSI63/-4.9%⚠️ | 보유:없음 | 최고신호 카카오(035720) 4/2개 [RSI50 / 하락-3.2% / BB하단 / 호가5.4]
💰 예수금 100,426원 | KODEX200 RSI63/-5.0% 과열⚠️ | 매수기준 2개↑

코드      종목명           가격    RSI     변화율    거래량     BB   호가비  B/S
────────────────────────────────────────────────────────────────────────
[2단계 분석 대상: 217820, 056080, 000270, 035720, 138040]
403870  HPSP      48,800    0.0    +0.0%    0.0x     중간  2.99  1/0 [일봉]
058470  리노공업      96,200    0.0    +0.0%    0.0x     중간  1.15  0/0 [일봉]
⛔ 아우토크립트(137040) 호가 없음 (거래정지 의심)
055550  신한지주      92,300    0.0    +0.0%    0.0x     중간  1.27  1/0 [일봉]
035720  카카오       41,100   50.0    -3.1%    0.4x     하단  4.35  4/0 [5분]
015760  한국전력      39,150    0.0    +0.0%    0.0x     중간  0.53  0/0 [일봉]
078930  GS        71,700    0.0    +0.0%    0.0x     중간  3.47  1/0 [일봉]
061250  화일약품       8,170    0.0    +0.0%    0.0x     중간  0.16  0/0 [일봉]
217820  원익피앤이      2,895   30.1    -5.1%    0.4x     하단  5.26  4/0 [5분]
001510  SK증권       3,785    0.0    +0.0%    0.0x     중간  1.53  1/0 [일봉]
056080  유진로봇      23,550   59.0    -8.2%    0.3x     하단  5.09  3/0 [5분]
084850  아이티엠반도체   13,510    0.0    +0.0%    0.0x     중간  0.20  0/0 [일봉]
⛔ 금양(001570) 호가 없음 (거래정지 의심)

══════════════════════════════════════════════════
📉 KODEX200 -5.0% 하락장 — 신규 매수 중단
→ 전종목 HOLD
✅ Discord 전송 완료

[11:12] HOLD | KODEX RSI63/-5.0%⚠️ | 보유:없음 | 최고신호 카카오(035720) 4/2개 [RSI50 / 하락-3.1% / BB하단 / 호가4.3]
💰 예수금 100,426원 | KODEX200 RSI63/-5.0% 과열⚠️ | 매수기준 2개↑

코드      종목명           가격    RSI     변화율    거래량     BB   호가비  B/S
────────────────────────────────────────────────────────────────────────
[2단계 분석 대상: 035420, 056080, 079550, 042700, 068270]
403870  HPSP      48,700    0.0    +0.0%    0.0x     중간  3.90  1/0 [일봉]
058470  리노공업      96,200    0.0    +0.0%    0.0x     중간  1.84  1/0 [일봉]
⛔ 아우토크립트(137040) 호가 없음 (거래정지 의심)
055550  신한지주      92,300    0.0    +0.0%    0.0x     중간  1.12  0/0 [일봉]
035720  카카오       41,050    0.0    +0.0%    0.0x     중간  1.61  1/0 [일봉]
015760  한국전력      39,050    0.0    +0.0%    0.0x     중간  0.66  0/0 [일봉]
078930  GS        71,700    0.0    +0.0%    0.0x     중간  2.04  1/0 [일봉]
061250  화일약품       8,180    0.0    +0.0%    0.0x     중간  0.16  0/0 [일봉]
217820  원익피앤이      2,900    0.0    +0.0%    0.0x     중간  3.25  1/0 [일봉]
001510  SK증권       3,790    0.0    +0.0%    0.0x     중간  1.49  1/0 [일봉]
056080  유진로봇      23,450   59.0    -8.6%    0.3x     하단  4.83  3/0 [5분]
084850  아이티엠반도체   13,450    0.0    +0.0%    0.0x     중간  0.13  0/0 [일봉]
⛔ 금양(001570) 호가 없음 (거래정지 의심)

══════════════════════════════════════════════════
📉 KODEX200 -5.0% 하락장 — 신규 매수 중단
→ 전종목 HOLD
✅ Discord 전송 완료

[11:14] HOLD | KODEX RSI63/-5.0%⚠️ | 보유:없음 | 최고신호 유진로봇(056080) 3/2개 [하락-8.6% / BB하단 / 호가4.8]
💰 예수금 100,426원 | KODEX200 RSI63/-5.1% 과열⚠️ | 매수기준 2개↑

코드      종목명           가격    RSI     변화율    거래량     BB   호가비  B/S
────────────────────────────────────────────────────────────────────────
[2단계 분석 대상: 035420, 403870, 058470, 005930, 217820]
403870  HPSP      48,800   34.8    -6.3%    0.3x     하단  6.93  4/0 [5분]
058470  리노공업      96,500   27.4    -4.5%    0.2x     하단  6.88  4/0 [5분]
⛔ 아우토크립트(137040) 호가 없음 (거래정지 의심)
055550  신한지주      92,200    0.0    +0.0%    0.0x     중간  0.81  0/0 [일봉]
035720  카카오       41,000    0.0    +0.0%    0.0x     중간  1.77  1/0 [일봉]
015760  한국전력      39,100    0.0    +0.0%    0.0x     중간  0.75  0/0 [일봉]
078930  GS        71,900    0.0    +0.0%    0.0x     중간  2.79  1/0 [일봉]
061250  화일약품       8,180    0.0    +0.0%    0.0x     중간  0.17  0/0 [일봉]
217820  원익피앤이      2,895   36.7    -5.6%    0.4x     하단  3.85  4/0 [5분]
001510  SK증권       3,795    0.0    +0.0%    0.0x     중간  1.04  0/0 [일봉]
056080  유진로봇      23,550    0.0    +0.0%    0.0x     중간  3.80  1/0 [일봉]
084850  아이티엠반도체   13,450    0.0    +0.0%    0.0x     중간  0.14  0/0 [일봉]
⛔ 금양(001570) 호가 없음 (거래정지 의심)

══════════════════════════════════════════════════
📉 KODEX200 -5.1% 하락장 — 신규 매수 중단
→ 전종목 HOLD
✅ Discord 전송 완료

[11:16] HOLD | KODEX RSI63/-5.1%⚠️ | 보유:없음 | 최고신호 HPSP(403870) 4/2개 [RSI35 / 하락-6.3% / BB하단 / 호가6.9]
💰 예수금 100,426원 | KODEX200 RSI64/-4.6% 과열⚠️ | 매수기준 2개↑

코드      종목명           가격    RSI     변화율    거래량     BB   호가비  B/S
────────────────────────────────────────────────────────────────────────
[2단계 분석 대상: 035420, 217820, 403870, 056080, 207940]
403870  HPSP      48,900   34.8    -6.1%    0.3x     하단  6.12  4/0 [5분]
058470  리노공업      96,800    0.0    +0.0%    0.0x     중간  2.93  1/0 [일봉]
⛔ 아우토크립트(137040) 호가 없음 (거래정지 의심)
055550  신한지주      92,300    0.0    +0.0%    0.0x     중간  1.48  1/0 [일봉]
035720  카카오       41,100    0.0    +0.0%    0.0x     중간  3.92  1/0 [일봉]
015760  한국전력      39,100    0.0    +0.0%    0.0x     중간  0.56  0/0 [일봉]
078930  GS        71,900    0.0    +0.0%    0.0x     중간  2.62  1/0 [일봉]
061250  화일약품       8,180    0.0    +0.0%    0.0x     중간  0.18  0/0 [일봉]
217820  원익피앤이      2,890   36.7    -5.4%    0.4x     하단  6.93  4/0 [5분]
001510  SK증권       3,815    0.0    +0.0%    0.0x     중간  1.19  0/0 [일봉]
056080  유진로봇      23,450   42.0    -8.6%    0.3x     하단  5.00  4/0 [5분]
084850  아이티엠반도체   13,440    0.0    +0.0%    0.0x     중간  0.11  0/0 [일봉]
⛔ 금양(001570) 호가 없음 (거래정지 의심)

══════════════════════════════════════════════════
📉 KODEX200 -4.6% 하락장 — 신규 매수 중단
→ 전종목 HOLD
✅ Discord 전송 완료

[11:18] HOLD | KODEX RSI64/-4.6%⚠️ | 보유:없음 | 최고신호 HPSP(403870) 4/2개 [RSI35 / 하락-6.1% / BB하단 / 호가6.1]
💰 예수금 100,426원 | KODEX200 RSI64/-4.3% 과열⚠️ | 매수기준 2개↑

코드      종목명           가격    RSI     변화율    거래량     BB   호가비  B/S
────────────────────────────────────────────────────────────────────────
[2단계 분석 대상: 207940, 058470, 035420, 035720, 217820]
403870  HPSP      49,200    0.0    +0.0%    0.0x     중간  1.27  1/0 [일봉]
058470  리노공업      97,000   30.7    -4.2%    0.2x     하단  6.13  4/0 [5분]
⛔ 아우토크립트(137040) 호가 없음 (거래정지 의심)
055550  신한지주      92,500    0.0    +0.0%    0.0x     중간  2.04  1/0 [일봉]
035720  카카오       41,200   41.0    -2.9%    0.5x     하단  4.57  4/0 [5분]
015760  한국전력      39,550    0.0    +0.0%    0.0x     중간  0.21  0/0 [일봉]
078930  GS        72,200    0.0    +0.0%    0.0x     중간  2.71  1/0 [일봉]
061250  화일약품       8,170    0.0    +0.0%    0.0x     중간  0.21  0/0 [일봉]
217820  원익피앤이      2,905   44.8    -4.9%    0.4x     하단  3.66  4/0 [5분]
001510  SK증권       3,810    0.0    +0.0%    0.0x     중간  1.38  1/0 [일봉]
056080  유진로봇      23,550    0.0    +0.0%    0.0x     중간  3.37  1/0 [일봉]
084850  아이티엠반도체   13,450    0.0    +0.0%    0.0x     중간  0.16  0/0 [일봉]
⛔ 금양(001570) 호가 없음 (거래정지 의심)

══════════════════════════════════════════════════
📉 KODEX200 -4.3% 하락장 — 신규 매수 중단
→ 전종목 HOLD
✅ Discord 전송 완료

[11:20] HOLD | KODEX RSI64/-4.3%⚠️ | 보유:없음 | 최고신호 리노공업(058470) 4/2개 [RSI31 / 하락-4.2% / BB하단 / 호가6.1]
💰 예수금 100,426원 | KODEX200 RSI64/-4.6% 과열⚠️ | 매수기준 2개↑

코드      종목명           가격    RSI     변화율    거래량     BB   호가비  B/S
────────────────────────────────────────────────────────────────────────
[2단계 분석 대상: 058470, 035420, 051910, 403870, 056080]
403870  HPSP      48,850   34.8    -6.0%    0.3x     하단  6.12  4/0 [5분]
058470  리노공업      97,000   30.7    -4.2%    0.2x     하단 14.87  4/0 [5분]
⛔ 아우토크립트(137040) 호가 없음 (거래정지 의심)
055550  신한지주      92,600    0.0    +0.0%    0.0x     중간  1.74  1/0 [일봉]
035720  카카오       41,200    0.0    +0.0%    0.0x     중간  4.03  1/0 [일봉]
015760  한국전력      39,400    0.0    +0.0%    0.0x     중간  0.38  0/0 [일봉]
078930  GS        72,200    0.0    +0.0%    0.0x     중간  2.57  1/0 [일봉]
061250  화일약품       8,220    0.0    +0.0%    0.0x     중간  0.12  0/0 [일봉]
217820  원익피앤이      2,905    0.0    +0.0%    0.0x     중간  2.85  1/0 [일봉]
001510  SK증권       3,810    0.0    +0.0%    0.0x     중간  3.41  1/0 [일봉]
056080  유진로봇      23,450   40.4    -8.6%    0.3x     하단  4.36  4/0 [5분]
084850  아이티엠반도체   13,450    0.0    +0.0%    0.0x     중간  0.20  0/0 [일봉]
⛔ 금양(001570) 호가 없음 (거래정지 의심)

══════════════════════════════════════════════════
📉 KODEX200 -4.6% 하락장 — 신규 매수 중단
→ 전종목 HOLD
✅ Discord 전송 완료

[11:22] HOLD | KODEX RSI64/-4.6%⚠️ | 보유:없음 | 최고신호 HPSP(403870) 4/2개 [RSI35 / 하락-6.0% / BB하단 / 호가6.1]
💰 예수금 100,426원 | KODEX200 RSI64/-4.6% 과열⚠️ | 매수기준 2개↑

코드      종목명           가격    RSI     변화율    거래량     BB   호가비  B/S
────────────────────────────────────────────────────────────────────────
[2단계 분석 대상: 058470, 035420, 051910, 042700, 403870]
403870  HPSP      48,950   27.1    -6.3%    0.3x     하단  7.45  4/0 [5분]
058470  리노공업      96,700   21.2    -4.4%    0.2x     하단 11.56  4/0 [5분]
⛔ 아우토크립트(137040) 호가 없음 (거래정지 의심)
055550  신한지주      92,500    0.0    +0.0%    0.0x     중간  2.05  1/0 [일봉]
035720  카카오       41,150    0.0    +0.0%    0.0x     중간  4.26  1/0 [일봉]
015760  한국전력      39,300    0.0    +0.0%    0.0x     중간  0.42  0/0 [일봉]
078930  GS        72,100    0.0    +0.0%    0.0x     중간  3.03  1/0 [일봉]
061250  화일약품       8,240    0.0    +0.0%    0.0x     중간  0.13  0/0 [일봉]
217820  원익피앤이      2,900    0.0    +0.0%    0.0x     중간  3.61  1/0 [일봉]
001510  SK증권       3,795    0.0    +0.0%    0.0x     중간  5.04  1/0 [일봉]
056080  유진로봇      23,400    0.0    +0.0%    0.0x     중간  3.77  1/0 [일봉]
084850  아이티엠반도체   13,470    0.0    +0.0%    0.0x     중간  0.31  0/0 [일봉]
⛔ 금양(001570) 호가 없음 (거래정지 의심)

══════════════════════════════════════════════════
📉 KODEX200 -4.6% 하락장 — 신규 매수 중단
→ 전종목 HOLD
✅ Discord 전송 완료

[11:24] HOLD | KODEX RSI64/-4.6%⚠️ | 보유:없음 | 최고신호 HPSP(403870) 4/2개 [RSI27 / 하락-6.3% / BB하단 / 호가7.5]
💰 예수금 100,426원 | KODEX200 RSI64/-4.4% 과열⚠️ | 매수기준 2개↑

코드      종목명           가격    RSI     변화율    거래량     BB   호가비  B/S
────────────────────────────────────────────────────────────────────────
[2단계 분석 대상: 035420, 051910, 001510, 035720, 217820]
403870  HPSP      49,150    0.0    +0.0%    0.0x     중간  1.98  1/0 [일봉]
058470  리노공업      97,100    0.0    +0.0%    0.0x     중간  3.53  1/0 [일봉]
⛔ 아우토크립트(137040) 호가 없음 (거래정지 의심)
055550  신한지주      92,700    0.0    +0.0%    0.0x     중간  2.85  1/0 [일봉]
035720  카카오       41,300   35.1    -2.8%    0.5x     하단  3.93  4/0 [5분]
015760  한국전력      39,250    0.0    +0.0%    0.0x     중간  0.43  0/0 [일봉]
078930  GS        72,300    0.0    +0.0%    0.0x     중간  2.49  1/0 [일봉]
061250  화일약품       8,310    0.0    +0.0%    0.0x     중간  0.58  0/0 [일봉]
217820  원익피앤이      2,900   31.5    -5.6%    0.4x     하단  3.61  4/0 [5분]
001510  SK증권       3,800   33.3    -5.2%    0.1x     하단  4.18  4/0 [5분]
056080  유진로봇      23,450    0.0    +0.0%    0.0x     중간  3.38  1/0 [일봉]
084850  아이티엠반도체   13,470    0.0    +0.0%    0.0x     중간  0.31  0/0 [일봉]
⛔ 금양(001570) 호가 없음 (거래정지 의심)

══════════════════════════════════════════════════
📉 KODEX200 -4.4% 하락장 — 신규 매수 중단
→ 전종목 HOLD
✅ Discord 전송 완료

[11:26] HOLD | KODEX RSI64/-4.4%⚠️ | 보유:없음 | 최고신호 카카오(035720) 4/2개 [RSI35 / 하락-2.8% / BB하단 / 호가3.9]
💰 예수금 100,426원 | KODEX200 RSI64/-4.2% 과열⚠️ | 매수기준 2개↑

코드      종목명           가격    RSI     변화율    거래량     BB   호가비  B/S
────────────────────────────────────────────────────────────────────────
[2단계 분석 대상: 035420, 207940, 035720, 003670, 005930]
403870  HPSP      49,400    0.0    +0.0%    0.0x     중간  1.89  1/0 [일봉]
058470  리노공업      97,400    0.0    +0.0%    0.0x     중간  1.67  1/0 [일봉]
⛔ 아우토크립트(137040) 호가 없음 (거래정지 의심)
055550  신한지주      92,500    0.0    +0.0%    0.0x     중간  1.95  1/0 [일봉]
035720  카카오       41,300   35.1    -2.7%    0.5x     하단  3.73  4/0 [5분]
015760  한국전력      39,200    0.0    +0.0%    0.0x     중간  0.53  0/0 [일봉]
078930  GS        72,300    0.0    +0.0%    0.0x     중간  1.38  1/0 [일봉]
061250  화일약품       8,320    0.0    +0.0%    0.0x     중간  0.24  0/0 [일봉]
217820  원익피앤이      2,900    0.0    +0.0%    0.0x     중간  3.16  1/0 [일봉]
001510  SK증권       3,810    0.0    +0.0%    0.0x     중간  1.93  1/0 [일봉]
056080  유진로봇      23,550    0.0    +0.0%    0.0x     중간  1.97  1/0 [일봉]
084850  아이티엠반도체   13,550    0.0    +0.0%    0.0x     중간  0.87  0/0 [일봉]
⛔ 금양(001570) 호가 없음 (거래정지 의심)

══════════════════════════════════════════════════
📉 KODEX200 -4.2% 하락장 — 신규 매수 중단
→ 전종목 HOLD
✅ Discord 전송 완료

[11:28] HOLD | KODEX RSI64/-4.2%⚠️ | 보유:없음 | 최고신호 카카오(035720) 4/2개 [RSI35 / 하락-2.7% / BB하단 / 호가3.7]
💰 예수금 100,426원 | KODEX200 RSI64/-4.4% 과열⚠️ | 매수기준 2개↑

코드      종목명           가격    RSI     변화율    거래량     BB   호가비  B/S
────────────────────────────────────────────────────────────────────────
[2단계 분석 대상: 035420, 042700, 051910, 005380, 058470]
403870  HPSP      49,300    0.0    +0.0%    0.0x     중간  1.49  1/0 [일봉]
058470  리노공업      97,000   28.6    -4.0%    0.3x     하단  5.62  4/0 [5분]
⛔ 아우토크립트(137040) 호가 없음 (거래정지 의심)
055550  신한지주      92,400    0.0    +0.0%    0.0x     중간  1.14  0/0 [일봉]
035720  카카오       41,200    0.0    +0.0%    0.0x     중간  4.09  1/0 [일봉]
015760  한국전력      39,150    0.0    +0.0%    0.0x     중간  0.68  0/0 [일봉]
078930  GS        72,200    0.0    +0.0%    0.0x     중간  2.64  1/0 [일봉]
061250  화일약품       8,330    0.0    +0.0%    0.0x     중간  0.19  0/0 [일봉]
217820  원익피앤이      2,895    0.0    +0.0%    0.0x     중간  2.66  1/0 [일봉]
001510  SK증권       3,795    0.0    +0.0%    0.0x     중간  5.26  1/0 [일봉]
056080  유진로봇      23,500    0.0    +0.0%    0.0x     중간  4.25  1/0 [일봉]
084850  아이티엠반도체   13,540    0.0    +0.0%    0.0x     중간  0.87  0/0 [일봉]
⛔ 금양(001570) 호가 없음 (거래정지 의심)

══════════════════════════════════════════════════
📉 KODEX200 -4.4% 하락장 — 신규 매수 중단
→ 전종목 HOLD
✅ Discord 전송 완료

[11:30] HOLD | KODEX RSI64/-4.4%⚠️ | 보유:없음 | 최고신호 리노공업(058470) 4/2개 [RSI29 / 하락-4.0% / BB하단 / 호가5.6]
💰 예수금 100,426원 | KODEX200 RSI64/-4.2% 과열⚠️ | 매수기준 2개↑

코드      종목명           가격    RSI     변화율    거래량     BB   호가비  B/S
────────────────────────────────────────────────────────────────────────
[2단계 분석 대상: 035420, 051910, 000270, 207940, 056080]
403870  HPSP      49,350    0.0    +0.0%    0.0x     중간  1.72  1/0 [일봉]
058470  리노공업      97,300    0.0    +0.0%    0.0x     중간  1.44  1/0 [일봉]
⛔ 아우토크립트(137040) 호가 없음 (거래정지 의심)
055550  신한지주      92,600    0.0    +0.0%    0.0x     중간  1.86  1/0 [일봉]
035720  카카오       41,250    0.0    +0.0%    0.0x     중간  3.79  1/0 [일봉]
015760  한국전력      39,200    0.0    +0.0%    0.0x     중간  0.45  0/0 [일봉]
078930  GS        72,300    0.0    +0.0%    0.0x     중간  3.13  1/0 [일봉]
061250  화일약품       8,320    0.0    +0.0%    0.0x     중간  0.15  0/0 [일봉]
217820  원익피앤이      2,895    0.0    +0.0%    0.0x     중간  2.77  1/0 [일봉]
001510  SK증권       3,810    0.0    +0.0%    0.0x     중간  1.92  1/0 [일봉]
056080  유진로봇      23,500   34.9    -8.4%    0.4x     하단  4.26  4/0 [5분]
084850  아이티엠반도체   13,550    0.0    +0.0%    0.0x     중간  0.92  0/0 [일봉]
⛔ 금양(001570) 호가 없음 (거래정지 의심)

══════════════════════════════════════════════════
📉 KODEX200 -4.2% 하락장 — 신규 매수 중단
→ 전종목 HOLD
✅ Discord 전송 완료

[11:32] HOLD | KODEX RSI64/-4.2%⚠️ | 보유:없음 | 최고신호 유진로봇(056080) 4/2개 [RSI35 / 하락-8.4% / BB하단 / 호가4.3]
💰 예수금 100,426원 | KODEX200 RSI64/-4.3% 과열⚠️ | 매수기준 2개↑

코드      종목명           가격    RSI     변화율    거래량     BB   호가비  B/S
────────────────────────────────────────────────────────────────────────
[2단계 분석 대상: 035420, 078930, 051910, 000270, 003670]
403870  HPSP      49,350    0.0    +0.0%    0.0x     중간  1.79  1/0 [일봉]
058470  리노공업      97,400    0.0    +0.0%    0.0x     중간  1.17  0/0 [일봉]
⛔ 아우토크립트(137040) 호가 없음 (거래정지 의심)
055550  신한지주      92,700    0.0    +0.0%    0.0x     중간  2.26  1/0 [일봉]
035720  카카오       41,200    0.0    +0.0%    0.0x     중간  3.60  1/0 [일봉]
015760  한국전력      39,250    0.0    +0.0%    0.0x     중간  0.27  0/0 [일봉]
078930  GS        72,500   36.2    -3.1%    0.6x     중간  7.98  3/0 [5분]
061250  화일약품       8,320    0.0    +0.0%    0.0x     중간  0.15  0/0 [일봉]
217820  원익피앤이      2,895    0.0    +0.0%    0.0x     중간  2.66  1/0 [일봉]
001510  SK증권       3,810    0.0    +0.0%    0.0x     중간  1.79  1/0 [일봉]
056080  유진로봇      23,550    0.0    +0.0%    0.0x     중간  3.31  1/0 [일봉]
084850  아이티엠반도체   13,550    0.0    +0.0%    0.0x     중간  0.54  0/0 [일봉]
⛔ 금양(001570) 호가 없음 (거래정지 의심)

══════════════════════════════════════════════════
📉 KODEX200 -4.3% 하락장 — 신규 매수 중단
→ 전종목 HOLD
✅ Discord 전송 완료

[11:34] HOLD | KODEX RSI64/-4.3%⚠️ | 보유:없음 | 최고신호 GS(078930) 3/2개 [RSI36 / 하락-3.1% / 호가8.0]
💰 예수금 100,426원 | KODEX200 RSI64/-4.3% 과열⚠️ | 매수기준 2개↑

코드      종목명           가격    RSI     변화율    거래량     BB   호가비  B/S
────────────────────────────────────────────────────────────────────────
[2단계 분석 대상: 035420, 042700, 051910, 000270, 001510]
403870  HPSP      49,200    0.0    +0.0%    0.0x     중간  1.10  0/0 [일봉]
058470  리노공업      97,200    0.0    +0.0%    0.0x     중간  1.96  1/0 [일봉]
⛔ 아우토크립트(137040) 호가 없음 (거래정지 의심)
055550  신한지주      92,700    0.0    +0.0%    0.0x     중간  1.19  0/0 [일봉]
035720  카카오       41,200    0.0    +0.0%    0.0x     중간  3.51  1/0 [일봉]
015760  한국전력      39,100    0.0    +0.0%    0.0x     중간  0.54  0/0 [일봉]
078930  GS        72,400    0.0    +0.0%    0.0x     중간  4.56  1/0 [일봉]
061250  화일약품       8,400    0.0    +0.0%    0.0x     중간  0.46  0/0 [일봉]
217820  원익피앤이      2,895    0.0    +0.0%    0.0x     중간  2.63  1/0 [일봉]
001510  SK증권       3,790   42.2    -5.6%    0.1x     하단  5.03  4/0 [5분]
056080  유진로봇      23,450    0.0    +0.0%    0.0x     중간  4.22  1/0 [일봉]
084850  아이티엠반도체   13,550    0.0    +0.0%    0.0x     중간  1.34  1/0 [일봉]
⛔ 금양(001570) 호가 없음 (거래정지 의심)

══════════════════════════════════════════════════
📉 KODEX200 -4.3% 하락장 — 신규 매수 중단
→ 전종목 HOLD
✅ Discord 전송 완료

[11:36] HOLD | KODEX RSI64/-4.3%⚠️ | 보유:없음 | 최고신호 SK증권(001510) 4/2개 [RSI42 / 하락-5.6% / BB하단 / 호가5.0]
💰 예수금 100,426원 | KODEX200 RSI64/-4.3% 과열⚠️ | 매수기준 2개↑

코드      종목명           가격    RSI     변화율    거래량     BB   호가비  B/S
────────────────────────────────────────────────────────────────────────
[2단계 분석 대상: 247540, 042700, 035420, 051910, 058470]
403870  HPSP      49,200    0.0    +0.0%    0.0x     중간  0.99  0/0 [일봉]
058470  리노공업      97,000   23.9    -3.7%    0.3x     하단  5.62  4/0 [5분]
⛔ 아우토크립트(137040) 호가 없음 (거래정지 의심)
055550  신한지주      92,500    0.0    +0.0%    0.0x     중간  0.86  0/0 [일봉]
035720  카카오       41,200    0.0    +0.0%    0.0x     중간  3.74  1/0 [일봉]
015760  한국전력      39,050    0.0    +0.0%    0.0x     중간  0.65  0/0 [일봉]
078930  GS        72,500    0.0    +0.0%    0.0x     중간  0.93  0/0 [일봉]
061250  화일약품       8,440    0.0    +0.0%    0.0x     중간  0.71  0/0 [일봉]
217820  원익피앤이      2,895    0.0    +0.0%    0.0x     중간  2.72  1/0 [일봉]
001510  SK증권       3,790    0.0    +0.0%    0.0x     중간  5.08  1/0 [일봉]
056080  유진로봇      23,450    0.0    +0.0%    0.0x     중간  4.27  1/0 [일봉]
084850  아이티엠반도체   13,550    0.0    +0.0%    0.0x     중간  1.29  1/0 [일봉]
⛔ 금양(001570) 호가 없음 (거래정지 의심)

══════════════════════════════════════════════════
📉 KODEX200 -4.3% 하락장 — 신규 매수 중단
→ 전종목 HOLD
✅ Discord 전송 완료

[11:38] HOLD | KODEX RSI64/-4.3%⚠️ | 보유:없음 | 최고신호 리노공업(058470) 4/2개 [RSI24 / 하락-3.7% / BB하단 / 호가5.6]
💰 예수금 100,426원 | KODEX200 RSI64/-4.4% 과열⚠️ | 매수기준 2개↑

코드      종목명           가격    RSI     변화율    거래량     BB   호가비  B/S
────────────────────────────────────────────────────────────────────────
[2단계 분석 대상: 042700, 207940, 051910, 056080, 035720]
403870  HPSP      49,100    0.0    +0.0%    0.0x     중간  2.12  1/0 [일봉]
058470  리노공업      97,200    0.0    +0.0%    0.0x     중간  1.21  1/0 [일봉]
⛔ 아우토크립트(137040) 호가 없음 (거래정지 의심)
055550  신한지주      92,500    0.0    +0.0%    0.0x     중간  1.03  0/0 [일봉]
035720  카카오       41,300   50.0    -2.7%    0.5x     하단  3.78  4/0 [5분]
015760  한국전력      39,100    0.0    +0.0%    0.0x     중간  0.56  0/0 [일봉]
078930  GS        72,800    0.0    +0.0%    0.0x     중간  2.52  1/0 [일봉]
061250  화일약품       8,400    0.0    +0.0%    0.0x     중간  0.90  0/0 [일봉]
217820  원익피앤이      2,895    0.0    +0.0%    0.0x     중간  2.74  1/0 [일봉]
001510  SK증권       3,810    0.0    +0.0%    0.0x     중간  3.73  1/0 [일봉]
056080  유진로봇      23,500   35.3    -8.6%    0.4x     하단  4.14  4/0 [5분]
084850  아이티엠반도체   13,590    0.0    +0.0%    0.0x     중간  1.78  1/0 [일봉]
⛔ 금양(001570) 호가 없음 (거래정지 의심)

══════════════════════════════════════════════════
📉 KODEX200 -4.4% 하락장 — 신규 매수 중단
→ 전종목 HOLD
✅ Discord 전송 완료

[11:40] HOLD | KODEX RSI64/-4.4%⚠️ | 보유:없음 | 최고신호 카카오(035720) 4/2개 [RSI50 / 하락-2.7% / BB하단 / 호가3.8]
💰 예수금 100,426원 | KODEX200 RSI64/-4.1% 과열⚠️ | 매수기준 2개↑

코드      종목명           가격    RSI     변화율    거래량     BB   호가비  B/S
────────────────────────────────────────────────────────────────────────
[2단계 분석 대상: 207940, 003670, 056080, 001510, 035720]
403870  HPSP      49,300    0.0    +0.0%    0.0x     중간  1.09  0/0 [일봉]
058470  리노공업      97,400    0.0    +0.0%    0.0x     중간  1.38  1/0 [일봉]
⛔ 아우토크립트(137040) 호가 없음 (거래정지 의심)
055550  신한지주      92,800    0.0    +0.0%    0.0x     중간  1.36  1/0 [일봉]
035720  카카오       41,400   50.0    -2.4%    0.5x     하단  3.89  4/0 [5분]
015760  한국전력      39,200    0.0    +0.0%    0.0x     중간  0.36  0/0 [일봉]
078930  GS        72,700    0.0    +0.0%    0.0x     중간  1.81  1/0 [일봉]
061250  화일약품       8,380    0.0    +0.0%    0.0x     중간  0.69  0/0 [일봉]
217820  원익피앤이      2,900    0.0    +0.0%    0.0x     중간  2.21  1/0 [일봉]
001510  SK증권       3,810   48.7    -5.2%    0.1x     하단  4.06  4/0 [5분]
056080  유진로봇      23,500   35.3    -8.6%    0.4x     하단  4.08  4/0 [5분]
084850  아이티엠반도체   13,580    0.0    +0.0%    0.0x     중간  2.49  1/0 [일봉]
⛔ 금양(001570) 호가 없음 (거래정지 의심)

══════════════════════════════════════════════════
📉 KODEX200 -4.1% 하락장 — 신규 매수 중단
→ 전종목 HOLD
✅ Discord 전송 완료

[11:42] HOLD | KODEX RSI64/-4.1%⚠️ | 보유:없음 | 최고신호 카카오(035720) 4/2개 [RSI50 / 하락-2.4% / BB하단 / 호가3.9]
💰 예수금 100,426원 | KODEX200 RSI65/-3.9% 과열⚠️ | 매수기준 2개↑

코드      종목명           가격    RSI     변화율    거래량     BB   호가비  B/S
────────────────────────────────────────────────────────────────────────
[2단계 분석 대상: 207940, 003670, 042700, 078930, 217820]
403870  HPSP      49,500    0.0    +0.0%    0.0x     중간  1.34  1/0 [일봉]
058470  리노공업      97,600    0.0    +0.0%    0.0x     중간  0.99  0/0 [일봉]
⛔ 아우토크립트(137040) 호가 없음 (거래정지 의심)
055550  신한지주      92,900    0.0    +0.0%    0.0x     중간  1.54  1/0 [일봉]
035720  카카오       41,500    0.0    +0.0%    0.0x     중간  2.48  1/0 [일봉]
015760  한국전력      39,200    0.0    +0.0%    0.0x     중간  0.38  0/0 [일봉]
078930  GS        73,000   40.4    -2.4%    0.7x     중간  2.61  3/0 [5분]
061250  화일약품       8,370    0.0    +0.0%    0.0x     중간  0.67  0/0 [일봉]
217820  원익피앤이      2,900   34.0    -4.9%    0.4x     하단  2.51  4/0 [5분]
001510  SK증권       3,820    0.0    +0.0%    0.0x     중간  2.07  1/0 [일봉]
056080  유진로봇      23,650    0.0    +0.0%    0.0x     중간  2.32  1/0 [일봉]
084850  아이티엠반도체   13,520    0.0    +0.0%    0.0x     중간  1.34  1/0 [일봉]
⛔ 금양(001570) 호가 없음 (거래정지 의심)

══════════════════════════════════════════════════
📉 KODEX200 -3.9% 하락장 — 신규 매수 중단
→ 전종목 HOLD
✅ Discord 전송 완료

[11:44] HOLD | KODEX RSI65/-3.9%⚠️ | 보유:없음 | 최고신호 원익피앤이(217820) 4/2개 [RSI34 / 하락-4.9% / BB하단 / 호가2.5]
💰 예수금 100,426원 | KODEX200 RSI65/-3.7% 과열⚠️ | 매수기준 2개↑

코드      종목명           가격    RSI     변화율    거래량     BB   호가비  B/S
────────────────────────────────────────────────────────────────────────
[2단계 분석 대상: 042700, 003670, 207940, 078930, 035720]
403870  HPSP      49,650    0.0    +0.0%    0.0x     중간  0.56  0/0 [일봉]
058470  리노공업      97,800    0.0    +0.0%    0.0x     중간  0.92  0/0 [일봉]
⛔ 아우토크립트(137040) 호가 없음 (거래정지 의심)
055550  신한지주      92,900    0.0    +0.0%    0.0x     중간  1.06  0/0 [일봉]
035720  카카오       41,500   46.1    -2.2%    0.5x     하단  3.06  4/0 [5분]
015760  한국전력      39,200    0.0    +0.0%    0.0x     중간  0.34  0/0 [일봉]
078930  GS        73,100   40.4    -2.1%    0.7x     중간  3.25  3/0 [5분]
061250  화일약품       8,340    0.0    +0.0%    0.0x     중간  0.78  0/0 [일봉]
217820  원익피앤이      2,910    0.0    +0.0%    0.0x     중간  1.63  1/0 [일봉]
001510  SK증권       3,825    0.0    +0.0%    0.0x     중간  1.94  1/0 [일봉]
056080  유진로봇      23,650    0.0    +0.0%    0.0x     중간  2.38  1/0 [일봉]
084850  아이티엠반도체   13,510    0.0    +0.0%    0.0x     중간  0.81  0/0 [일봉]
⛔ 금양(001570) 호가 없음 (거래정지 의심)

══════════════════════════════════════════════════
📉 KODEX200 -3.7% 하락장 — 신규 매수 중단
→ 전종목 HOLD
✅ Discord 전송 완료

[11:46] HOLD | KODEX RSI65/-3.7%⚠️ | 보유:없음 | 최고신호 카카오(035720) 4/2개 [RSI46 / 하락-2.2% / BB하단 / 호가3.1]
💰 예수금 100,426원 | KODEX200 RSI65/-3.9% 과열⚠️ | 매수기준 2개↑

코드      종목명           가격    RSI     변화율    거래량     BB   호가비  B/S
────────────────────────────────────────────────────────────────────────
[2단계 분석 대상: 035420, 001510, 035720, 003670, 042700]
403870  HPSP      49,550    0.0    +0.0%    0.0x     중간  1.02  0/0 [일봉]
058470  리노공업      97,600    0.0    +0.0%    0.0x     중간  0.90  0/0 [일봉]
⛔ 아우토크립트(137040) 호가 없음 (거래정지 의심)
055550  신한지주      92,500    0.0    +0.0%    0.0x     중간  1.74  1/0 [일봉]
035720  카카오       41,350   46.1    -2.5%    0.5x     하단  5.08  4/0 [5분]
015760  한국전력      38,950    0.0    +0.0%    0.0x     중간  1.31  1/0 [일봉]
078930  GS        73,000    0.0    +0.0%    0.0x     중간  2.18  1/0 [일봉]
061250  화일약품       8,320    0.0    +0.0%    0.0x     중간  2.29  1/0 [일봉]
217820  원익피앤이      2,910    0.0    +0.0%    0.0x     중간  1.60  1/0 [일봉]
001510  SK증권       3,800   39.6    -5.4%    0.1x     하단  5.59  4/0 [5분]
056080  유진로봇      23,600    0.0    +0.0%    0.0x     중간  2.82  1/0 [일봉]
084850  아이티엠반도체   13,500    0.0    +0.0%    0.0x     중간  1.52  1/0 [일봉]
⛔ 금양(001570) 호가 없음 (거래정지 의심)

══════════════════════════════════════════════════
📉 KODEX200 -3.9% 하락장 — 신규 매수 중단
→ 전종목 HOLD
✅ Discord 전송 완료

[11:48] HOLD | KODEX RSI65/-3.9%⚠️ | 보유:없음 | 최고신호 카카오(035720) 4/2개 [RSI46 / 하락-2.5% / BB하단 / 호가5.1]
💰 예수금 100,426원 | KODEX200 RSI65/-4.0% 과열⚠️ | 매수기준 2개↑

코드      종목명           가격    RSI     변화율    거래량     BB   호가비  B/S
────────────────────────────────────────────────────────────────────────
[2단계 분석 대상: 084850, 003670, 042700, 247540, 207940]
403870  HPSP      49,550    0.0    +0.0%    0.0x     중간  0.89  0/0 [일봉]
058470  리노공업      97,600    0.0    +0.0%    0.0x     중간  3.53  1/0 [일봉]
⛔ 아우토크립트(137040) 호가 없음 (거래정지 의심)
055550  신한지주      92,700    0.0    +0.0%    0.0x     중간  1.05  0/0 [일봉]
035720  카카오       41,450    0.0    +0.0%    0.0x     중간  4.43  1/0 [일봉]
015760  한국전력      38,950    0.0    +0.0%    0.0x     중간  1.28  1/0 [일봉]
078930  GS        73,200    0.0    +0.0%    0.0x     중간  3.10  1/0 [일봉]
061250  화일약품       8,310    0.0    +0.0%    0.0x     중간  4.37  1/0 [일봉]
217820  원익피앤이      2,915    0.0    +0.0%    0.0x     중간  1.49  1/0 [일봉]
001510  SK증권       3,810    0.0    +0.0%    0.0x     중간  3.08  1/0 [일봉]
056080  유진로봇      23,550    0.0    +0.0%    0.0x     중간  2.73  1/0 [일봉]
084850  아이티엠반도체   13,530   19.4    -4.0%    0.2x     중간 21.64  3/0 [5분]
⛔ 금양(001570) 호가 없음 (거래정지 의심)

══════════════════════════════════════════════════
📉 KODEX200 -4.0% 하락장 — 신규 매수 중단
→ 전종목 HOLD
✅ Discord 전송 완료

[11:50] HOLD | KODEX RSI65/-4.0%⚠️ | 보유:없음 | 최고신호 아이티엠반도체(084850) 3/2개 [RSI19 / 하락-4.0% / 호가21.6]
💰 예수금 100,426원 | KODEX200 RSI65/-3.8% 과열⚠️ | 매수기준 2개↑

코드      종목명           가격    RSI     변화율    거래량     BB   호가비  B/S
────────────────────────────────────────────────────────────────────────
[2단계 분석 대상: 084850, 207940, 058470, 035720, 078930]
403870  HPSP      49,550    0.0    +0.0%    0.0x     중간  1.04  0/0 [일봉]
058470  리노공업      97,600   28.1    -3.5%    0.3x     하단  3.72  4/0 [5분]
⛔ 아우토크립트(137040) 호가 없음 (거래정지 의심)
055550  신한지주      92,700    0.0    +0.0%    0.0x     중간  1.06  0/0 [일봉]
035720  카카오       41,500   46.1    -2.6%    0.5x     하단  3.68  4/0 [5분]
015760  한국전력      39,050    0.0    +0.0%    0.0x     중간  1.59  1/0 [일봉]
078930  GS        73,200   47.8    -2.1%    0.7x     중간  3.61  3/0 [5분]
061250  화일약품       8,310    0.0    +0.0%    0.0x     중간  3.32  1/0 [일봉]
217820  원익피앤이      2,920    0.0    +0.0%    0.0x     중간  1.40  1/0 [일봉]
001510  SK증권       3,810    0.0    +0.0%    0.0x     중간  1.92  1/0 [일봉]
056080  유진로봇      23,650    0.0    +0.0%    0.0x     중간  2.60  1/0 [일봉]
084850  아이티엠반도체   13,600   19.4    -3.9%    0.2x     중간 11.51  3/0 [5분]
⛔ 금양(001570) 호가 없음 (거래정지 의심)

══════════════════════════════════════════════════
📉 KODEX200 -3.8% 하락장 — 신규 매수 중단
→ 전종목 HOLD
✅ Discord 전송 완료

[11:52] HOLD | KODEX RSI65/-3.8%⚠️ | 보유:없음 | 최고신호 리노공업(058470) 4/2개 [RSI28 / 하락-3.5% / BB하단 / 호가3.7]
💰 예수금 100,426원 | KODEX200 RSI65/-3.7% 과열⚠️ | 매수기준 2개↑

코드      종목명           가격    RSI     변화율    거래량     BB   호가비  B/S
────────────────────────────────────────────────────────────────────────
[2단계 분석 대상: 084850, 207940, 078930, 035720, 003670]
403870  HPSP      49,550    0.0    +0.0%    0.0x     중간  1.17  0/0 [일봉]
058470  리노공업      97,500    0.0    +0.0%    0.0x     중간  3.36  1/0 [일봉]
⛔ 아우토크립트(137040) 호가 없음 (거래정지 의심)
055550  신한지주      92,600    0.0    +0.0%    0.0x     중간  1.22  1/0 [일봉]
035720  카카오       41,500   36.8    -2.2%    0.5x     하단  3.88  4/0 [5분]
015760  한국전력      39,100    0.0    +0.0%    0.0x     중간  1.38  1/0 [일봉]
078930  GS        73,400   37.0    -2.0%    0.7x     중간  4.00  3/0 [5분]
061250  화일약품       8,310    0.0    +0.0%    0.0x     중간  2.49  1/0 [일봉]
217820  원익피앤이      2,910    0.0    +0.0%    0.0x     중간  1.37  1/0 [일봉]
001510  SK증권       3,815    0.0    +0.0%    0.0x     중간  2.08  1/0 [일봉]
056080  유진로봇      23,700    0.0    +0.0%    0.0x     중간  2.12  1/0 [일봉]
084850  아이티엠반도체   13,670   14.6    -3.9%    0.2x     중간  6.49  3/0 [5분]
⛔ 금양(001570) 호가 없음 (거래정지 의심)

══════════════════════════════════════════════════
📉 KODEX200 -3.7% 하락장 — 신규 매수 중단
→ 전종목 HOLD
✅ Discord 전송 완료

[11:54] HOLD | KODEX RSI65/-3.7%⚠️ | 보유:없음 | 최고신호 카카오(035720) 4/2개 [RSI37 / 하락-2.2% / BB하단 / 호가3.9]
💰 예수금 100,426원 | KODEX200 RSI65/-3.6% 과열⚠️ | 매수기준 2개↑

코드      종목명           가격    RSI     변화율    거래량     BB   호가비  B/S
────────────────────────────────────────────────────────────────────────
[2단계 분석 대상: 084850, 207940, 035720, 078930, 003670]
403870  HPSP      49,600    0.0    +0.0%    0.0x     중간  0.72  0/0 [일봉]
058470  리노공업      97,700    0.0    +0.0%    0.0x     중간  2.19  1/0 [일봉]
⛔ 아우토크립트(137040) 호가 없음 (거래정지 의심)
055550  신한지주      92,700    0.0    +0.0%    0.0x     중간  1.08  0/0 [일봉]
035720  카카오       41,450   36.8    -2.5%    0.5x     하단  4.41  4/0 [5분]
015760  한국전력      39,050    0.0    +0.0%    0.0x     중간  1.44  1/0 [일봉]
078930  GS        73,100   37.0    -2.3%    0.7x     중간  3.64  3/0 [5분]
061250  화일약품       8,310    0.0    +0.0%    0.0x     중간  2.86  1/0 [일봉]
217820  원익피앤이      2,910    0.0    +0.0%    0.0x     중간  1.34  1/0 [일봉]
001510  SK증권       3,815    0.0    +0.0%    0.0x     중간  2.21  1/0 [일봉]
056080  유진로봇      23,650    0.0    +0.0%    0.0x     중간  1.99  1/0 [일봉]
084850  아이티엠반도체   13,670   14.6    -4.0%    0.2x     중간  6.15  3/0 [5분]
⛔ 금양(001570) 호가 없음 (거래정지 의심)

══════════════════════════════════════════════════
📉 KODEX200 -3.6% 하락장 — 신규 매수 중단
→ 전종목 HOLD
✅ Discord 전송 완료

[11:56] HOLD | KODEX RSI65/-3.6%⚠️ | 보유:없음 | 최고신호 카카오(035720) 4/2개 [RSI37 / 하락-2.5% / BB하단 / 호가4.4]
💰 예수금 100,426원 | KODEX200 RSI65/-3.8% 과열⚠️ | 매수기준 2개↑

코드      종목명           가격    RSI     변화율    거래량     BB   호가비  B/S
────────────────────────────────────────────────────────────────────────
[2단계 분석 대상: 051910, 035720, 084850, 207940, 035420]
403870  HPSP      49,550    0.0    +0.0%    0.0x     중간  0.72  0/0 [일봉]
058470  리노공업      97,500    0.0    +0.0%    0.0x     중간  1.97  1/0 [일봉]
⛔ 아우토크립트(137040) 호가 없음 (거래정지 의심)
055550  신한지주      92,500    0.0    +0.0%    0.0x     중간  0.79  0/0 [일봉]
035720  카카오       41,400   36.8    -2.5%    0.5x     하단  5.62  4/0 [5분]
015760  한국전력      39,000    0.0    +0.0%    0.0x     중간  2.03  1/0 [일봉]
078930  GS        73,100    0.0    +0.0%    0.0x     중간  3.44  1/0 [일봉]
061250  화일약품       8,310    0.0    +0.0%    0.0x     중간  2.86  1/0 [일봉]
217820  원익피앤이      2,910    0.0    +0.0%    0.0x     중간  1.74  1/0 [일봉]
001510  SK증권       3,810    0.0    +0.0%    0.0x     중간  2.28  1/0 [일봉]
056080  유진로봇      23,600    0.0    +0.0%    0.0x     중간  2.01  1/0 [일봉]
084850  아이티엠반도체   13,670   14.6    -4.0%    0.2x     중간  5.11  3/0 [5분]
⛔ 금양(001570) 호가 없음 (거래정지 의심)

══════════════════════════════════════════════════
📉 KODEX200 -3.8% 하락장 — 신규 매수 중단
→ 전종목 HOLD
✅ Discord 전송 완료

[11:58] HOLD | KODEX RSI65/-3.8%⚠️ | 보유:없음 | 최고신호 카카오(035720) 4/2개 [RSI37 / 하락-2.5% / BB하단 / 호가5.6]
💰 예수금 100,426원 | KODEX200 RSI65/-3.7% 과열⚠️ | 매수기준 2개↑

코드      종목명           가격    RSI     변화율    거래량     BB   호가비  B/S
────────────────────────────────────────────────────────────────────────
[2단계 분석 대상: 035720, 247540, 084850, 042700, 000270]
403870  HPSP      49,600    0.0    +0.0%    0.0x     중간  0.72  0/0 [일봉]
058470  리노공업      97,500    0.0    +0.0%    0.0x     중간  1.14  0/0 [일봉]
⛔ 아우토크립트(137040) 호가 없음 (거래정지 의심)
055550  신한지주      92,600    0.0    +0.0%    0.0x     중간  1.21  1/0 [일봉]
035720  카카오       41,300   37.7    -2.7%    0.5x     하단  6.72  4/0 [5분]
015760  한국전력      38,950    0.0    +0.0%    0.0x     중간  2.38  1/0 [일봉]
078930  GS        73,000    0.0    +0.0%    0.0x     중간  2.24  1/0 [일봉]
061250  화일약품       8,310    0.0    +0.0%    0.0x     중간  2.86  1/0 [일봉]
217820  원익피앤이      2,905    0.0    +0.0%    0.0x     중간  2.26  1/0 [일봉]
001510  SK증권       3,795    0.0    +0.0%    0.0x     중간  3.53  1/0 [일봉]
056080  유진로봇      23,550    0.0    +0.0%    0.0x     중간  2.33  1/0 [일봉]
084850  아이티엠반도체   13,670   18.6    -3.8%    0.2x     중간  5.02  3/0 [5분]
⛔ 금양(001570) 호가 없음 (거래정지 의심)

══════════════════════════════════════════════════
📉 KODEX200 -3.7% 하락장 — 신규 매수 중단
→ 전종목 HOLD
✅ Discord 전송 완료

[12:00] HOLD | KODEX RSI65/-3.7%⚠️ | 보유:없음 | 최고신호 카카오(035720) 4/2개 [RSI38 / 하락-2.7% / BB하단 / 호가6.7]
💰 예수금 100,426원 | KODEX200 RSI64/-4.1% 과열⚠️ | 매수기준 2개↑

코드      종목명           가격    RSI     변화율    거래량     BB   호가비  B/S
────────────────────────────────────────────────────────────────────────
[2단계 분석 대상: 035720, 042700, 084850, 003670, 056080]
403870  HPSP      49,400    0.0    +0.0%    0.0x     중간  3.51  1/0 [일봉]
058470  리노공업      97,200    0.0    +0.0%    0.0x     중간  1.27  1/0 [일봉]
⛔ 아우토크립트(137040) 호가 없음 (거래정지 의심)
055550  신한지주      92,600    0.0    +0.0%    0.0x     중간  1.10  0/0 [일봉]
035720  카카오       41,300   37.7    -2.7%    0.5x     하단  7.99  4/0 [5분]
015760  한국전력      39,000    0.0    +0.0%    0.0x     중간  1.88  1/0 [일봉]
078930  GS        73,000    0.0    +0.0%    0.0x     중간  0.57  0/0 [일봉]
061250  화일약품       8,310    0.0    +0.0%    0.0x     중간  2.91  1/0 [일봉]
217820  원익피앤이      2,905    0.0    +0.0%    0.0x     중간  2.19  1/0 [일봉]
001510  SK증권       3,790    0.0    +0.0%    0.0x     중간  3.59  1/0 [일봉]
056080  유진로봇      23,500   28.7    -8.6%    0.4x     하단  4.94  4/0 [5분]
084850  아이티엠반도체   13,680   18.6    -3.3%    0.2x     중간  5.36  3/0 [5분]
⛔ 금양(001570) 호가 없음 (거래정지 의심)

══════════════════════════════════════════════════
📉 KODEX200 -4.1% 하락장 — 신규 매수 중단
→ 전종목 HOLD
✅ Discord 전송 완료

[12:02] HOLD | KODEX RSI64/-4.1%⚠️ | 보유:없음 | 최고신호 카카오(035720) 4/2개 [RSI38 / 하락-2.7% / BB하단 / 호가8.0]
💰 예수금 100,426원 | KODEX200 RSI65/-4.0% 과열⚠️ | 매수기준 2개↑

코드      종목명           가격    RSI     변화율    거래량     BB   호가비  B/S
────────────────────────────────────────────────────────────────────────
[2단계 분석 대상: 042700, 035720, 066970, 056080, 247540]
403870  HPSP      49,400    0.0    +0.0%    0.0x     중간  3.66  1/0 [일봉]
058470  리노공업      97,200    0.0    +0.0%    0.0x     중간  1.79  1/0 [일봉]
⛔ 아우토크립트(137040) 호가 없음 (거래정지 의심)
055550  신한지주      92,700    0.0    +0.0%    0.0x     중간  1.12  0/0 [일봉]
035720  카카오       41,300   44.8    -2.8%    0.5x     하단  7.85  4/0 [5분]
015760  한국전력      39,000    0.0    +0.0%    0.0x     중간  1.52  1/0 [일봉]
078930  GS        73,100    0.0    +0.0%    0.0x     중간  0.56  0/0 [일봉]
061250  화일약품       8,310    0.0    +0.0%    0.0x     중간  2.91  1/0 [일봉]
217820  원익피앤이      2,905    0.0    +0.0%    0.0x     중간  1.83  1/0 [일봉]
001510  SK증권       3,800    0.0    +0.0%    0.0x     중간  3.29  1/0 [일봉]
056080  유진로봇      23,500   28.7    -8.8%    0.4x     하단  4.66  4/0 [5분]
084850  아이티엠반도체   13,690    0.0    +0.0%    0.0x     중간  4.02  1/0 [일봉]
⛔ 금양(001570) 호가 없음 (거래정지 의심)

══════════════════════════════════════════════════
📉 KODEX200 -4.0% 하락장 — 신규 매수 중단
→ 전종목 HOLD
✅ Discord 전송 완료

[12:04] HOLD | KODEX RSI65/-4.0%⚠️ | 보유:없음 | 최고신호 카카오(035720) 4/2개 [RSI45 / 하락-2.8% / BB하단 / 호가7.8]
💰 예수금 100,426원 | KODEX200 RSI65/-3.7% 과열⚠️ | 매수기준 2개↑

코드      종목명           가격    RSI     변화율    거래량     BB   호가비  B/S
────────────────────────────────────────────────────────────────────────
[2단계 분석 대상: 042700, 035720, 247540, 403870, 003670]
403870  HPSP      49,400   29.4    -5.5%    0.4x     하단  4.54  4/0 [5분]
058470  리노공업      97,200    0.0    +0.0%    0.0x     중간  2.93  1/0 [일봉]
⛔ 아우토크립트(137040) 호가 없음 (거래정지 의심)
055550  신한지주      93,000    0.0    +0.0%    0.0x     중간  2.51  1/0 [일봉]
035720  카카오       41,400   44.8    -2.6%    0.5x     하단  5.45  4/0 [5분]
015760  한국전력      39,150    0.0    +0.0%    0.0x     중간  0.91  0/0 [일봉]
078930  GS        73,300    0.0    +0.0%    0.0x     중간  0.74  0/0 [일봉]
061250  화일약품       8,260    0.0    +0.0%    0.0x     중간  4.04  1/0 [일봉]
217820  원익피앤이      2,905    0.0    +0.0%    0.0x     중간  2.68  1/0 [일봉]
001510  SK증권       3,800    0.0    +0.0%    0.0x     중간  3.49  1/0 [일봉]
056080  유진로봇      23,550    0.0    +0.0%    0.0x     중간  2.35  1/0 [일봉]
084850  아이티엠반도체   13,670    0.0    +0.0%    0.0x     중간  2.74  1/0 [일봉]
⛔ 금양(001570) 호가 없음 (거래정지 의심)

══════════════════════════════════════════════════
📉 KODEX200 -3.7% 하락장 — 신규 매수 중단
→ 전종목 HOLD
✅ Discord 전송 완료

[12:06] HOLD | KODEX RSI65/-3.7%⚠️ | 보유:없음 | 최고신호 HPSP(403870) 4/2개 [RSI29 / 하락-5.5% / BB하단 / 호가4.5]
💰 예수금 100,426원 | KODEX200 RSI65/-3.5% 과열⚠️ | 매수기준 2개↑

코드      종목명           가격    RSI     변화율    거래량     BB   호가비  B/S
────────────────────────────────────────────────────────────────────────
[2단계 분석 대상: 042700, 058470, 207940, 035720, 035420]
403870  HPSP      49,500    0.0    +0.0%    0.0x     중간  1.14  0/0 [일봉]
058470  리노공업      97,300   38.3    -3.7%    0.3x     하단  7.24  4/0 [5분]
⛔ 아우토크립트(137040) 호가 없음 (거래정지 의심)
055550  신한지주      92,900    0.0    +0.0%    0.0x     중간  1.24  1/0 [일봉]
035720  카카오       41,350   44.8    -2.5%    0.5x     하단  5.78  4/0 [5분]
015760  한국전력      39,200    0.0    +0.0%    0.0x     중간  0.88  0/0 [일봉]
078930  GS        73,300    0.0    +0.0%    0.0x     중간  0.36  0/0 [일봉]
061250  화일약품       8,280    0.0    +0.0%    0.0x     중간  1.71  1/0 [일봉]
217820  원익피앤이      2,905    0.0    +0.0%    0.0x     중간  2.79  1/0 [일봉]
001510  SK증권       3,810    0.0    +0.0%    0.0x     중간  1.83  1/0 [일봉]
056080  유진로봇      23,550    0.0    +0.0%    0.0x     중간  3.76  1/0 [일봉]
084850  아이티엠반도체   13,670    0.0    +0.0%    0.0x     중간  0.24  0/0 [일봉]
⛔ 금양(001570) 호가 없음 (거래정지 의심)

══════════════════════════════════════════════════
📉 KODEX200 -3.5% 하락장 — 신규 매수 중단
→ 전종목 HOLD
✅ Discord 전송 완료

[12:08] HOLD | KODEX RSI65/-3.5%⚠️ | 보유:없음 | 최고신호 리노공업(058470) 4/2개 [RSI38 / 하락-3.7% / BB하단 / 호가7.2]
💰 예수금 100,426원 | KODEX200 RSI66/-3.4% 과열⚠️ | 매수기준 2개↑

코드      종목명           가격    RSI     변화율    거래량     BB   호가비  B/S
────────────────────────────────────────────────────────────────────────
[2단계 분석 대상: 000270, 042700, 003670, 035420, 207940]
403870  HPSP      49,500    0.0    +0.0%    0.0x     중간  1.79  1/0 [일봉]
058470  리노공업      97,300    0.0    +0.0%    0.0x     중간  2.75  1/0 [일봉]
⛔ 아우토크립트(137040) 호가 없음 (거래정지 의심)
055550  신한지주      92,700    0.0    +0.0%    0.0x     중간  1.24  1/0 [일봉]
035720  카카오       41,400    0.0    +0.0%    0.0x     중간  3.15  1/0 [일봉]
015760  한국전력      39,150    0.0    +0.0%    0.0x     중간  1.13  0/0 [일봉]
078930  GS        73,500    0.0    +0.0%    0.0x     중간  0.99  0/0 [일봉]
061250  화일약품       8,280    0.0    +0.0%    0.0x     중간  1.77  1/0 [일봉]
217820  원익피앤이      2,910    0.0    +0.0%    0.0x     중간  2.01  1/0 [일봉]
001510  SK증권       3,805    0.0    +0.0%    0.0x     중간  2.01  1/0 [일봉]
056080  유진로봇      23,600    0.0    +0.0%    0.0x     중간  2.29  1/0 [일봉]
084850  아이티엠반도체   13,660    0.0    +0.0%    0.0x     중간  0.57  0/0 [일봉]
⛔ 금양(001570) 호가 없음 (거래정지 의심)

══════════════════════════════════════════════════
📉 KODEX200 -3.4% 하락장 — 신규 매수 중단
→ 전종목 HOLD
✅ Discord 전송 완료

[12:10] HOLD | KODEX RSI66/-3.4%⚠️ | 보유:없음 | 최고신호 HPSP(403870) 1/2개 [호가1.8]
💰 예수금 100,426원 | KODEX200 RSI66/-3.2% 과열⚠️ | 매수기준 2개↑

코드      종목명           가격    RSI     변화율    거래량     BB   호가비  B/S
────────────────────────────────────────────────────────────────────────
[2단계 분석 대상: 000270, 003670, 207940, 042700, 035420]
403870  HPSP      49,600    0.0    +0.0%    0.0x     중간  0.73  0/0 [일봉]
058470  리노공업      97,400    0.0    +0.0%    0.0x     중간  2.52  1/0 [일봉]
⛔ 아우토크립트(137040) 호가 없음 (거래정지 의심)
055550  신한지주      92,700    0.0    +0.0%    0.0x     중간  1.56  1/0 [일봉]
035720  카카오       41,400    0.0    +0.0%    0.0x     중간  3.67  1/0 [일봉]
015760  한국전력      39,200    0.0    +0.0%    0.0x     중간  0.43  0/0 [일봉]
078930  GS        73,500    0.0    +0.0%    0.0x     중간  1.71  1/0 [일봉]
061250  화일약품       8,280    0.0    +0.0%    0.0x     중간  1.54  1/0 [일봉]
217820  원익피앤이      2,920    0.0    +0.0%    0.0x     중간  1.41  1/0 [일봉]
001510  SK증권       3,815    0.0    +0.0%    0.0x     중간  1.24  1/0 [일봉]
056080  유진로봇      23,650    0.0    +0.0%    0.0x     중간  2.70  1/0 [일봉]
084850  아이티엠반도체   13,670    0.0    +0.0%    0.0x     중간  0.13  0/0 [일봉]
⛔ 금양(001570) 호가 없음 (거래정지 의심)

══════════════════════════════════════════════════
📉 KODEX200 -3.2% 하락장 — 신규 매수 중단
→ 전종목 HOLD
✅ Discord 전송 완료

[12:12] HOLD | KODEX RSI66/-3.2%⚠️ | 보유:없음 | 최고신호 리노공업(058470) 1/2개 [호가2.5]
💰 예수금 100,426원 | KODEX200 RSI66/-3.2% 과열⚠️ | 매수기준 2개↑

코드      종목명           가격    RSI     변화율    거래량     BB   호가비  B/S
────────────────────────────────────────────────────────────────────────
[2단계 분석 대상: 207940, 058470, 035720, 003670, 042700]
403870  HPSP      49,600    0.0    +0.0%    0.0x     중간  0.84  0/0 [일봉]
058470  리노공업      97,400   42.1    -3.7%    0.3x     하단  6.22  4/0 [5분]
⛔ 아우토크립트(137040) 호가 없음 (거래정지 의심)
055550  신한지주      92,700    0.0    +0.0%    0.0x     중간  1.42  1/0 [일봉]
035720  카카오       41,450   50.0    -2.6%    0.5x     하단  5.82  4/0 [5분]
015760  한국전력      39,150    0.0    +0.0%    0.0x     중간  0.50  0/0 [일봉]
078930  GS        73,400    0.0    +0.0%    0.0x     중간  1.82  1/0 [일봉]
061250  화일약품       8,280    0.0    +0.0%    0.0x     중간  1.62  1/0 [일봉]
217820  원익피앤이      2,915    0.0    +0.0%    0.0x     중간  1.96  1/0 [일봉]
001510  SK증권       3,815    0.0    +0.0%    0.0x     중간  1.41  1/0 [일봉]
056080  유진로봇      23,600    0.0    +0.0%    0.0x     중간  2.33  1/0 [일봉]
084850  아이티엠반도체   13,680    0.0    +0.0%    0.0x     중간  0.09  0/0 [일봉]
⛔ 금양(001570) 호가 없음 (거래정지 의심)

══════════════════════════════════════════════════
📉 KODEX200 -3.2% 하락장 — 신규 매수 중단
→ 전종목 HOLD
✅ Discord 전송 완료

[12:14] HOLD | KODEX RSI66/-3.2%⚠️ | 보유:없음 | 최고신호 리노공업(058470) 4/2개 [RSI42 / 하락-3.7% / BB하단 / 호가6.2]
💰 예수금 100,426원 | KODEX200 RSI66/-3.2% 과열⚠️ | 매수기준 2개↑

코드      종목명           가격    RSI     변화율    거래량     BB   호가비  B/S
────────────────────────────────────────────────────────────────────────
[2단계 분석 대상: 003670, 035720, 207940, 034020, 056080]
403870  HPSP      49,550    0.0    +0.0%    0.0x     중간  0.93  0/0 [일봉]
058470  리노공업      97,300    0.0    +0.0%    0.0x     중간  2.57  1/0 [일봉]
⛔ 아우토크립트(137040) 호가 없음 (거래정지 의심)
055550  신한지주      92,700    0.0    +0.0%    0.0x     중간  1.39  1/0 [일봉]
035720  카카오       41,450   50.0    -2.4%    0.5x     하단  5.32  4/0 [5분]
015760  한국전력      39,100    0.0    +0.0%    0.0x     중간  0.63  0/0 [일봉]
078930  GS        73,400    0.0    +0.0%    0.0x     중간  1.49  1/0 [일봉]
061250  화일약품       8,280    0.0    +0.0%    0.0x     중간  1.68  1/0 [일봉]
217820  원익피앤이      2,935    0.0    +0.0%    0.0x     중간  2.27  1/0 [일봉]
001510  SK증권       3,815    0.0    +0.0%    0.0x     중간  1.48  1/0 [일봉]
056080  유진로봇      23,500   44.6    -8.6%    0.4x     하단  3.38  4/0 [5분]
084850  아이티엠반도체   13,690    0.0    +0.0%    0.0x     중간  0.09  0/0 [일봉]
⛔ 금양(001570) 호가 없음 (거래정지 의심)

══════════════════════════════════════════════════
📉 KODEX200 -3.2% 하락장 — 신규 매수 중단
→ 전종목 HOLD
✅ Discord 전송 완료

[12:16] HOLD | KODEX RSI66/-3.2%⚠️ | 보유:없음 | 최고신호 카카오(035720) 4/2개 [RSI50 / 하락-2.4% / BB하단 / 호가5.3]
💰 예수금 100,426원 | KODEX200 RSI66/-3.2% 과열⚠️ | 매수기준 2개↑

코드      종목명           가격    RSI     변화율    거래량     BB   호가비  B/S
────────────────────────────────────────────────────────────────────────
[2단계 분석 대상: 042700, 207940, 003670, 035720, 005380]
403870  HPSP      49,500    0.0    +0.0%    0.0x     중간  2.20  1/0 [일봉]
058470  리노공업      97,300    0.0    +0.0%    0.0x     중간  2.04  1/0 [일봉]
⛔ 아우토크립트(137040) 호가 없음 (거래정지 의심)
055550  신한지주      92,900    0.0    +0.0%    0.0x     중간  2.24  1/0 [일봉]
035720  카카오       41,500   50.0    -2.2%    0.5x     하단  5.18  4/0 [5분]
015760  한국전력      39,200    0.0    +0.0%    0.0x     중간  0.40  0/0 [일봉]
078930  GS        73,700    0.0    +0.0%    0.0x     중간  2.46  1/0 [일봉]
061250  화일약품       8,280    0.0    +0.0%    0.0x     중간  1.68  1/0 [일봉]
217820  원익피앤이      2,930    0.0    +0.0%    0.0x     중간  2.27  1/0 [일봉]
001510  SK증권       3,820    0.0    +0.0%    0.0x     중간  1.33  1/0 [일봉]
056080  유진로봇      23,500    0.0    +0.0%    0.0x     중간  3.03  1/0 [일봉]
084850  아이티엠반도체   13,690    0.0    +0.0%    0.0x     중간  0.11  0/0 [일봉]
⛔ 금양(001570) 호가 없음 (거래정지 의심)

══════════════════════════════════════════════════
📉 KODEX200 -3.2% 하락장 — 신규 매수 중단
→ 전종목 HOLD
✅ Discord 전송 완료

[12:18] HOLD | KODEX RSI66/-3.2%⚠️ | 보유:없음 | 최고신호 카카오(035720) 4/2개 [RSI50 / 하락-2.2% / BB하단 / 호가5.2]
💰 예수금 100,426원 | KODEX200 RSI66/-3.0% 과열⚠️ | 매수기준 2개↑

코드      종목명           가격    RSI     변화율    거래량     BB   호가비  B/S
────────────────────────────────────────────────────────────────────────
[2단계 분석 대상: 207940, 035720, 058470, 066970, 042700]
403870  HPSP      49,700    0.0    +0.0%    0.0x     중간  0.91  0/0 [일봉]
058470  리노공업      97,300   42.1    -3.7%    0.3x     하단  4.61  5/0 [5분]
⛔ 아우토크립트(137040) 호가 없음 (거래정지 의심)
055550  신한지주      93,000    0.0    +0.0%    0.0x     중간  2.86  1/0 [일봉]
035720  카카오       41,500   42.3    -2.2%    0.5x     하단  5.20  5/0 [5분]
015760  한국전력      39,200    0.0    +0.0%    0.0x     중간  0.38  0/0 [일봉]
078930  GS        74,100    0.0    +0.0%    0.0x     중간  2.23  1/0 [일봉]
061250  화일약품       8,290    0.0    +0.0%    0.0x     중간  1.81  1/0 [일봉]
217820  원익피앤이      2,920    0.0    +0.0%    0.0x     중간  3.43  1/0 [일봉]
001510  SK증권       3,825    0.0    +0.0%    0.0x     중간  1.44  1/0 [일봉]
056080  유진로봇      23,650    0.0    +0.0%    0.0x     중간  1.83  1/0 [일봉]
084850  아이티엠반도체   13,690    0.0    +0.0%    0.0x     중간  0.09  0/0 [일봉]
⛔ 금양(001570) 호가 없음 (거래정지 의심)

══════════════════════════════════════════════════
📉 KODEX200 -3.0% 하락장 — 신규 매수 중단
→ 전종목 HOLD
✅ Discord 전송 완료

[12:20] HOLD | KODEX RSI66/-3.0%⚠️ | 보유:없음 | 최고신호 리노공업(058470) 5/2개 [RSI42 / 하락-3.7% / BB하단 / MA골 / 호가4.6]
💰 예수금 100,426원 | KODEX200 RSI66/-3.4% 과열⚠️ | 매수기준 2개↑

코드      종목명           가격    RSI     변화율    거래량     BB   호가비  B/S
────────────────────────────────────────────────────────────────────────
[2단계 분석 대상: 042700, 207940, 035720, 003670, 005380]
403870  HPSP      49,400    0.0    +0.0%    0.0x     중간  1.97  1/0 [일봉]
058470  리노공업      97,100    0.0    +0.0%    0.0x     중간  3.00  1/0 [일봉]
⛔ 아우토크립트(137040) 호가 없음 (거래정지 의심)
055550  신한지주      92,900    0.0    +0.0%    0.0x     중간  1.91  1/0 [일봉]
035720  카카오       41,450   42.3    -2.4%    0.5x     하단  5.96  5/0 [5분]
015760  한국전력      39,150    0.0    +0.0%    0.0x     중간  0.48  0/0 [일봉]
078930  GS        74,300    0.0    +0.0%    0.0x     중간  2.05  1/0 [일봉]
061250  화일약품       8,290    0.0    +0.0%    0.0x     중간  1.52  1/0 [일봉]
217820  원익피앤이      2,920    0.0    +0.0%    0.0x     중간  3.53  1/0 [일봉]
001510  SK증권       3,820    0.0    +0.0%    0.0x     중간  1.38  1/0 [일봉]
056080  유진로봇      23,550    0.0    +0.0%    0.0x     중간  2.13  1/0 [일봉]
084850  아이티엠반도체   13,690    0.0    +0.0%    0.0x     중간  0.06  0/0 [일봉]
⛔ 금양(001570) 호가 없음 (거래정지 의심)

══════════════════════════════════════════════════
📉 KODEX200 -3.4% 하락장 — 신규 매수 중단
→ 전종목 HOLD
✅ Discord 전송 완료

[12:22] HOLD | KODEX RSI66/-3.4%⚠️ | 보유:없음 | 최고신호 카카오(035720) 5/2개 [RSI42 / 하락-2.4% / BB하단 / MA골 / 호가6.0]
💰 예수금 100,426원 | KODEX200 RSI66/-3.2% 과열⚠️ | 매수기준 2개↑

코드      종목명           가격    RSI     변화율    거래량     BB   호가비  B/S
────────────────────────────────────────────────────────────────────────
[2단계 분석 대상: 042700, 207940, 003670, 217820, 066970]
403870  HPSP      49,350    0.0    +0.0%    0.0x     중간  2.92  1/0 [일봉]
058470  리노공업      97,100    0.0    +0.0%    0.0x     중간  2.84  1/0 [일봉]
⛔ 아우토크립트(137040) 호가 없음 (거래정지 의심)
055550  신한지주      93,300    0.0    +0.0%    0.0x     중간  1.28  1/0 [일봉]
035720  카카오       41,550    0.0    +0.0%    0.0x     중간  2.00  1/0 [일봉]
015760  한국전력      39,300    0.0    +0.0%    0.0x     중간  0.18  0/0 [일봉]
078930  GS        74,300    0.0    +0.0%    0.0x     중간  1.80  1/0 [일봉]
061250  화일약품       8,290    0.0    +0.0%    0.0x     중간  1.52  1/0 [일봉]
217820  원익피앤이      2,920   42.9    -4.4%    0.4x     하단  4.08  4/0 [5분]
001510  SK증권       3,815    0.0    +0.0%    0.0x     중간  1.46  1/0 [일봉]
056080  유진로봇      23,600    0.0    +0.0%    0.0x     중간  2.24  1/0 [일봉]
084850  아이티엠반도체   13,690    0.0    +0.0%    0.0x     중간  0.06  0/0 [일봉]
⛔ 금양(001570) 호가 없음 (거래정지 의심)

══════════════════════════════════════════════════
📉 KODEX200 -3.2% 하락장 — 신규 매수 중단
→ 전종목 HOLD
✅ Discord 전송 완료

[12:24] HOLD | KODEX RSI66/-3.2%⚠️ | 보유:없음 | 최고신호 원익피앤이(217820) 4/2개 [RSI43 / 하락-4.4% / BB하단 / 호가4.1]
💰 예수금 100,426원 | KODEX200 RSI66/-2.9% 과열⚠️ | 매수기준 2개↑

코드      종목명           가격    RSI     변화율    거래량     BB   호가비  B/S
────────────────────────────────────────────────────────────────────────
[2단계 분석 대상: 058470, 042700, 217820, 003670, 207940]
403870  HPSP      49,500    0.0    +0.0%    0.0x     중간  1.41  1/0 [일봉]
058470  리노공업      97,300   58.5    -3.7%    0.3x     하단 11.56  4/0 [5분]
⛔ 아우토크립트(137040) 호가 없음 (거래정지 의심)
055550  신한지주      93,200    0.0    +0.0%    0.0x     중간  1.10  0/0 [일봉]
035720  카카오       41,550    0.0    +0.0%    0.0x     중간  2.06  1/0 [일봉]
015760  한국전력      39,300    0.0    +0.0%    0.0x     중간  0.18  0/0 [일봉]
078930  GS        74,400    0.0    +0.0%    0.0x     중간  1.39  1/0 [일봉]
061250  화일약품       8,290    0.0    +0.0%    0.0x     중간  1.42  1/0 [일봉]
217820  원익피앤이      2,930   42.9    -4.3%    0.4x     하단  5.03  4/0 [5분]
001510  SK증권       3,825    0.0    +0.0%    0.0x     중간  1.56  1/0 [일봉]
056080  유진로봇      23,600    0.0    +0.0%    0.0x     중간  2.70  1/0 [일봉]
084850  아이티엠반도체   13,690    0.0    +0.0%    0.0x     중간  0.07  0/0 [일봉]
⛔ 금양(001570) 호가 없음 (거래정지 의심)

══════════════════════════════════════════════════
📉 KODEX200 -2.9% 하락장 — 신규 매수 중단
→ 전종목 HOLD
✅ Discord 전송 완료

[12:26] HOLD | KODEX RSI66/-2.9%⚠️ | 보유:없음 | 최고신호 리노공업(058470) 4/2개 [하락-3.7% / BB하단 / MA골 / 호가11.6]
💰 예수금 100,426원 | KODEX200 RSI67/-2.6% 과열⚠️ | 매수기준 2개↑

코드      종목명           가격    RSI     변화율    거래량     BB   호가비  B/S
────────────────────────────────────────────────────────────────────────
[2단계 분석 대상: 207940, 058470, 042700, 217820, 003670]
403870  HPSP      49,650    0.0    +0.0%    0.0x     중간  0.79  0/0 [일봉]
058470  리노공업      97,900   58.5    -3.3%    0.3x     하단  6.66  4/0 [5분]
⛔ 아우토크립트(137040) 호가 없음 (거래정지 의심)
055550  신한지주      93,200    0.0    +0.0%    0.0x     중간  0.94  0/0 [일봉]
035720  카카오       41,550    0.0    +0.0%    0.0x     중간  1.80  1/0 [일봉]
015760  한국전력      39,350    0.0    +0.0%    0.0x     중간  0.15  0/0 [일봉]
078930  GS        74,400    0.0    +0.0%    0.0x     중간  1.28  1/0 [일봉]
061250  화일약품       8,280    0.0    +0.0%    0.0x     중간  1.95  1/0 [일봉]
217820  원익피앤이      2,935   42.9    -3.9%    0.4x     하단  3.03  4/0 [5분]
001510  SK증권       3,830    0.0    +0.0%    0.0x     중간  1.52  1/0 [일봉]
056080  유진로봇      23,650    0.0    +0.0%    0.0x     중간  2.76  1/0 [일봉]
084850  아이티엠반도체   13,700    0.0    +0.0%    0.0x     중간  0.10  0/0 [일봉]
⛔ 금양(001570) 호가 없음 (거래정지 의심)

══════════════════════════════════════════════════
📉 KODEX200 -2.6% 하락장 — 신규 매수 중단
→ 전종목 HOLD
✅ Discord 전송 완료

[12:28] HOLD | KODEX RSI67/-2.6%⚠️ | 보유:없음 | 최고신호 리노공업(058470) 4/2개 [하락-3.3% / BB하단 / MA골 / 호가6.7]
💰 예수금 100,426원 | KODEX200 RSI67/-2.6% 과열⚠️ | 매수기준 2개↑

코드      종목명           가격    RSI     변화율    거래량     BB   호가비  B/S
────────────────────────────────────────────────────────────────────────
[2단계 분석 대상: 058470, 207940, 042700, 003670, 247540]
403870  HPSP      49,750    0.0    +0.0%    0.0x     중간  0.63  0/0 [일봉]
058470  리노공업      98,000   64.7    -2.9%    0.3x     하단 12.27  4/0 [5분]
⛔ 아우토크립트(137040) 호가 없음 (거래정지 의심)
055550  신한지주      93,300    0.0    +0.0%    0.0x     중간  0.82  0/0 [일봉]
035720  카카오       41,600    0.0    +0.0%    0.0x     중간  1.09  0/0 [일봉]
015760  한국전력      39,350    0.0    +0.0%    0.0x     중간  0.20  0/0 [일봉]
078930  GS        74,500    0.0    +0.0%    0.0x     중간  1.71  1/0 [일봉]
061250  화일약품       8,280    0.0    +0.0%    0.0x     중간  2.19  1/0 [일봉]
217820  원익피앤이      2,935    0.0    +0.0%    0.0x     중간  2.16  1/0 [일봉]
001510  SK증권       3,835    0.0    +0.0%    0.0x     중간  1.27  1/0 [일봉]
056080  유진로봇      23,750    0.0    +0.0%    0.0x     중간  2.34  1/0 [일봉]
084850  아이티엠반도체   13,760    0.0    +0.0%    0.0x     중간  0.12  0/0 [일봉]
⛔ 금양(001570) 호가 없음 (거래정지 의심)

══════════════════════════════════════════════════
📉 KODEX200 -2.6% 하락장 — 신규 매수 중단
→ 전종목 HOLD
✅ Discord 전송 완료

[12:30] HOLD | KODEX RSI67/-2.6%⚠️ | 보유:없음 | 최고신호 리노공업(058470) 4/2개 [하락-2.9% / BB하단 / MA골 / 호가12.3]
💰 예수금 100,426원 | KODEX200 RSI67/-2.5% 과열⚠️ | 매수기준 2개↑

코드      종목명           가격    RSI     변화율    거래량     BB   호가비  B/S
────────────────────────────────────────────────────────────────────────
[2단계 분석 대상: 207940, 058470, 247540, 042700, 217820]
403870  HPSP      49,600    0.0    +0.0%    0.0x     중간  0.66  0/0 [일봉]
058470  리노공업      97,900   64.7    -3.0%    0.3x     하단  4.59  4/0 [5분]
⛔ 아우토크립트(137040) 호가 없음 (거래정지 의심)
055550  신한지주      93,400    0.0    +0.0%    0.0x     중간  1.02  0/0 [일봉]
035720  카카오       41,600    0.0    +0.0%    0.0x     중간  1.09  0/0 [일봉]
015760  한국전력      39,350    0.0    +0.0%    0.0x     중간  0.17  0/0 [일봉]
078930  GS        74,500    0.0    +0.0%    0.0x     중간  1.63  1/0 [일봉]
061250  화일약품       8,290    0.0    +0.0%    0.0x     중간  2.79  1/0 [일봉]
217820  원익피앤이      2,935   32.0    -3.8%    0.4x     하단  3.10  4/0 [5분]
001510  SK증권       3,835    0.0    +0.0%    0.0x     중간  1.24  1/0 [일봉]
056080  유진로봇      23,700    0.0    +0.0%    0.0x     중간  2.59  1/0 [일봉]
084850  아이티엠반도체   13,760    0.0    +0.0%    0.0x     중간  0.13  0/0 [일봉]
⛔ 금양(001570) 호가 없음 (거래정지 의심)

══════════════════════════════════════════════════
📉 KODEX200 -2.5% 하락장 — 신규 매수 중단
→ 전종목 HOLD
✅ Discord 전송 완료

[12:32] HOLD | KODEX RSI67/-2.5%⚠️ | 보유:없음 | 최고신호 리노공업(058470) 4/2개 [하락-3.0% / BB하단 / MA골 / 호가4.6]
💰 예수금 100,426원 | KODEX200 RSI68/-2.3% 과열⚠️ | 매수기준 2개↑

코드      종목명           가격    RSI     변화율    거래량     BB   호가비  B/S
────────────────────────────────────────────────────────────────────────
[2단계 분석 대상: 058470, 207940, 003670, 042700, 061250]
403870  HPSP      49,750    0.0    +0.0%    0.0x     중간  0.37  0/0 [일봉]
058470  리노공업      98,000   58.0    -2.8%    0.3x     하단 13.18  4/0 [5분]
⛔ 아우토크립트(137040) 호가 없음 (거래정지 의심)
055550  신한지주      93,500    0.0    +0.0%    0.0x     중간  1.57  1/0 [일봉]
035720  카카오       41,600    0.0    +0.0%    0.0x     중간  1.08  0/0 [일봉]
015760  한국전력      39,350    0.0    +0.0%    0.0x     중간  0.20  0/0 [일봉]
078930  GS        74,600    0.0    +0.0%    0.0x     중간  1.52  1/0 [일봉]
061250  화일약품       8,280   71.6    +1.2%    0.8x     중간  2.83  2/0 [5분]
217820  원익피앤이      2,940    0.0    +0.0%    0.0x     중간  1.36  1/0 [일봉]
001510  SK증권       3,830    0.0    +0.0%    0.0x     중간  1.90  1/0 [일봉]
056080  유진로봇      23,700    0.0    +0.0%    0.0x     중간  2.24  1/0 [일봉]
084850  아이티엠반도체   13,790    0.0    +0.0%    0.0x     중간  0.12  0/0 [일봉]
⛔ 금양(001570) 호가 없음 (거래정지 의심)

══════════════════════════════════════════════════
📉 KODEX200 -2.3% 하락장 — 신규 매수 중단
→ 전종목 HOLD
✅ Discord 전송 완료

[12:34] HOLD | KODEX RSI68/-2.3%⚠️ | 보유:없음 | 최고신호 리노공업(058470) 4/2개 [하락-2.8% / BB하단 / MA골 / 호가13.2]
💰 예수금 100,426원 | KODEX200 RSI68/-2.3% 과열⚠️ | 매수기준 2개↑

코드      종목명           가격    RSI     변화율    거래량     BB   호가비  B/S
────────────────────────────────────────────────────────────────────────
[2단계 분석 대상: 207940, 003670, 042700, 001510, 259960]
403870  HPSP      49,850    0.0    +0.0%    0.0x     중간  0.24  0/0 [일봉]
058470  리노공업      98,200    0.0    +0.0%    0.0x     중간  1.75  1/0 [일봉]
⛔ 아우토크립트(137040) 호가 없음 (거래정지 의심)
055550  신한지주      93,500    0.0    +0.0%    0.0x     중간  1.40  1/0 [일봉]
035720  카카오       41,600    0.0    +0.0%    0.0x     중간  0.99  0/0 [일봉]
015760  한국전력      39,350    0.0    +0.0%    0.0x     중간  0.22  0/0 [일봉]
078930  GS        74,700    0.0    +0.0%    0.0x     중간  2.06  1/0 [일봉]
061250  화일약품       8,290    0.0    +0.0%    0.0x     중간  2.07  1/0 [일봉]
217820  원익피앤이      2,940    0.0    +0.0%    0.0x     중간  2.37  1/0 [일봉]
001510  SK증권       3,825   47.5    -4.6%    0.1x     하단  2.48  4/0 [5분]
056080  유진로봇      23,700    0.0    +0.0%    0.0x     중간  2.39  1/0 [일봉]
084850  아이티엠반도체   13,730    0.0    +0.0%    0.0x     중간  0.13  0/0 [일봉]
⛔ 금양(001570) 호가 없음 (거래정지 의심)

══════════════════════════════════════════════════
📉 KODEX200 -2.3% 하락장 — 신규 매수 중단
→ 전종목 HOLD
✅ Discord 전송 완료

[12:36] HOLD | KODEX RSI68/-2.3%⚠️ | 보유:없음 | 최고신호 SK증권(001510) 4/2개 [RSI48 / 하락-4.6% / BB하단 / 호가2.5]
💰 예수금 100,426원 | KODEX200 RSI68/-2.3% 과열⚠️ | 매수기준 2개↑

코드      종목명           가격    RSI     변화율    거래량     BB   호가비  B/S
────────────────────────────────────────────────────────────────────────
[2단계 분석 대상: 003670, 207940, 042700, 056080, 247540]
403870  HPSP      49,700    0.0    +0.0%    0.0x     중간  0.86  0/0 [일봉]
058470  리노공업      98,100    0.0    +0.0%    0.0x     중간  1.98  1/0 [일봉]
⛔ 아우토크립트(137040) 호가 없음 (거래정지 의심)
055550  신한지주      93,500    0.0    +0.0%    0.0x     중간  1.24  1/0 [일봉]
035720  카카오       41,600    0.0    +0.0%    0.0x     중간  1.24  1/0 [일봉]
015760  한국전력      39,350    0.0    +0.0%    0.0x     중간  0.22  0/0 [일봉]
078930  GS        74,600    0.0    +0.0%    0.0x     중간  1.67  1/0 [일봉]
061250  화일약품       8,450    0.0    +0.0%    0.0x     중간  0.64  0/0 [일봉]
217820  원익피앤이      2,940    0.0    +0.0%    0.0x     중간  2.58  1/0 [일봉]
001510  SK증권       3,825    0.0    +0.0%    0.0x     중간  2.26  1/0 [일봉]
056080  유진로봇      23,700   53.6    -7.8%    0.4x     하단  2.81  4/0 [5분]
084850  아이티엠반도체   13,740    0.0    +0.0%    0.0x     중간  0.11  0/0 [일봉]
⛔ 금양(001570) 호가 없음 (거래정지 의심)

══════════════════════════════════════════════════
📉 KODEX200 -2.3% 하락장 — 신규 매수 중단
→ 전종목 HOLD
✅ Discord 전송 완료

[12:38] HOLD | KODEX RSI68/-2.3%⚠️ | 보유:없음 | 최고신호 유진로봇(056080) 4/2개 [RSI54 / 하락-7.8% / BB하단 / 호가2.8]
💰 예수금 100,426원 | KODEX200 RSI68/-2.2% 과열⚠️ | 매수기준 2개↑

코드      종목명           가격    RSI     변화율    거래량     BB   호가비  B/S
────────────────────────────────────────────────────────────────────────
[2단계 분석 대상: 217820, 207940, 003670, 056080, 247540]
403870  HPSP      49,800    0.0    +0.0%    0.0x     중간  0.29  0/0 [일봉]
058470  리노공업      98,100    0.0    +0.0%    0.0x     중간  1.23  1/0 [일봉]
⛔ 아우토크립트(137040) 호가 없음 (거래정지 의심)
055550  신한지주      93,500    0.0    +0.0%    0.0x     중간  0.79  0/0 [일봉]
035720  카카오       41,650    0.0    +0.0%    0.0x     중간  1.06  0/0 [일봉]
015760  한국전력      39,350    0.0    +0.0%    0.0x     중간  0.22  0/0 [일봉]
078930  GS        74,600    0.0    +0.0%    0.0x     중간  1.62  1/0 [일봉]
061250  화일약품       8,440    0.0    +0.0%    0.0x     중간  0.74  0/0 [일봉]
217820  원익피앤이      2,935   52.0    -3.8%    0.4x     하단  3.89  4/0 [5분]
001510  SK증권       3,825    0.0    +0.0%    0.0x     중간  2.55  1/0 [일봉]
056080  유진로봇      23,750   48.6    -7.6%    0.4x     하단  3.45  4/0 [5분]
084850  아이티엠반도체   13,720    0.0    +0.0%    0.0x     중간  0.14  0/0 [일봉]
⛔ 금양(001570) 호가 없음 (거래정지 의심)

══════════════════════════════════════════════════
📉 KODEX200 -2.2% 하락장 — 신규 매수 중단
→ 전종목 HOLD
✅ Discord 전송 완료

[12:40] HOLD | KODEX RSI68/-2.2%⚠️ | 보유:없음 | 최고신호 원익피앤이(217820) 4/2개 [RSI52 / 하락-3.8% / BB하단 / 호가3.9]
💰 예수금 100,426원 | KODEX200 RSI67/-2.7% 과열⚠️ | 매수기준 2개↑

코드      종목명           가격    RSI     변화율    거래량     BB   호가비  B/S
────────────────────────────────────────────────────────────────────────
[2단계 분석 대상: 207940, 403870, 066970, 003670, 035420]
403870  HPSP      49,400   47.4    -5.4%    0.4x     하단  6.26  4/0 [5분]
058470  리노공업      97,800    0.0    +0.0%    0.0x     중간  3.69  1/0 [일봉]
⛔ 아우토크립트(137040) 호가 없음 (거래정지 의심)
055550  신한지주      93,400    0.0    +0.0%    0.0x     중간  0.55  0/0 [일봉]
035720  카카오       41,500    0.0    +0.0%    0.0x     중간  3.84  1/0 [일봉]
015760  한국전력      39,300    0.0    +0.0%    0.0x     중간  0.31  0/0 [일봉]
078930  GS        74,600    0.0    +0.0%    0.0x     중간  1.47  1/0 [일봉]
061250  화일약품       8,450    0.0    +0.0%    0.0x     중간  0.34  0/0 [일봉]
217820  원익피앤이      2,940    0.0    +0.0%    0.0x     중간  2.45  1/0 [일봉]
001510  SK증권       3,820    0.0    +0.0%    0.0x     중간  2.67  1/0 [일봉]
056080  유진로봇      23,650    0.0    +0.0%    0.0x     중간  3.73  1/0 [일봉]
084850  아이티엠반도체   13,710    0.0    +0.0%    0.0x     중간  0.51  0/0 [일봉]
⛔ 금양(001570) 호가 없음 (거래정지 의심)

══════════════════════════════════════════════════
📉 KODEX200 -2.7% 하락장 — 신규 매수 중단
→ 전종목 HOLD
✅ Discord 전송 완료

[12:42] HOLD | KODEX RSI67/-2.7%⚠️ | 보유:없음 | 최고신호 HPSP(403870) 4/2개 [RSI47 / 하락-5.4% / BB하단 / 호가6.3]
💰 예수금 100,426원 | KODEX200 RSI67/-2.5% 과열⚠️ | 매수기준 2개↑

코드      종목명           가격    RSI     변화율    거래량     BB   호가비  B/S
────────────────────────────────────────────────────────────────────────
[2단계 분석 대상: 058470, 003670, 207940, 042700, 035420]
403870  HPSP      49,400    0.0    +0.0%    0.0x     중간  2.09  1/0 [일봉]
058470  리노공업      98,000   55.6    -3.1%    0.3x     하단  8.19  4/0 [5분]
⛔ 아우토크립트(137040) 호가 없음 (거래정지 의심)
055550  신한지주      93,400    0.0    +0.0%    0.0x     중간  0.86  0/0 [일봉]
035720  카카오       41,550    0.0    +0.0%    0.0x     중간  3.32  1/0 [일봉]
015760  한국전력      39,300    0.0    +0.0%    0.0x     중간  0.29  0/0 [일봉]
078930  GS        74,500    0.0    +0.0%    0.0x     중간  1.22  1/0 [일봉]
061250  화일약품       8,440    0.0    +0.0%    0.0x     중간  0.59  0/0 [일봉]
217820  원익피앤이      2,940    0.0    +0.0%    0.0x     중간  2.71  1/0 [일봉]
001510  SK증권       3,820    0.0    +0.0%    0.0x     중간  2.82  1/0 [일봉]
056080  유진로봇      23,700    0.0    +0.0%    0.0x     중간  3.40  1/0 [일봉]
084850  아이티엠반도체   13,680    0.0    +0.0%    0.0x     중간  0.73  0/0 [일봉]
⛔ 금양(001570) 호가 없음 (거래정지 의심)

══════════════════════════════════════════════════
📉 KODEX200 -2.5% 하락장 — 신규 매수 중단
→ 전종목 HOLD
✅ Discord 전송 완료

[12:44] HOLD | KODEX RSI67/-2.5%⚠️ | 보유:없음 | 최고신호 리노공업(058470) 4/2개 [하락-3.1% / BB하단 / MA골 / 호가8.2]
💰 예수금 100,426원 | KODEX200 RSI67/-2.7% 과열⚠️ | 매수기준 2개↑

코드      종목명           가격    RSI     변화율    거래량     BB   호가비  B/S
────────────────────────────────────────────────────────────────────────
[2단계 분석 대상: 058470, 003670, 247540, 217820, 207940]
403870  HPSP      49,250    0.0    +0.0%    0.0x     중간  2.88  1/0 [일봉]
058470  리노공업      97,700   55.6    -3.5%    0.3x     하단  6.18  4/0 [5분]
⛔ 아우토크립트(137040) 호가 없음 (거래정지 의심)
055550  신한지주      93,400    0.0    +0.0%    0.0x     중간  0.98  0/0 [일봉]
035720  카카오       41,550    0.0    +0.0%    0.0x     중간  1.71  1/0 [일봉]
015760  한국전력      39,200    0.0    +0.0%    0.0x     중간  0.49  0/0 [일봉]
078930  GS        74,400    0.0    +0.0%    0.0x     중간  1.15  0/0 [일봉]
061250  화일약품       8,440    0.0    +0.0%    0.0x     중간  0.60  0/0 [일봉]
217820  원익피앤이      2,925   52.0    -4.6%    0.4x     하단  5.24  4/0 [5분]
001510  SK증권       3,820    0.0    +0.0%    0.0x     중간  2.71  1/0 [일봉]
056080  유진로봇      23,600    0.0    +0.0%    0.0x     중간  4.53  1/0 [일봉]
084850  아이티엠반도체   13,690    0.0    +0.0%    0.0x     중간  0.95  0/0 [일봉]
⛔ 금양(001570) 호가 없음 (거래정지 의심)

══════════════════════════════════════════════════
📉 KODEX200 -2.7% 하락장 — 신규 매수 중단
→ 전종목 HOLD
✅ Discord 전송 완료

[12:46] HOLD | KODEX RSI67/-2.7%⚠️ | 보유:없음 | 최고신호 리노공업(058470) 4/2개 [하락-3.5% / BB하단 / MA골 / 호가6.2]
💰 예수금 100,426원 | KODEX200 RSI67/-2.7% 과열⚠️ | 매수기준 2개↑

코드      종목명           가격    RSI     변화율    거래량     BB   호가비  B/S
────────────────────────────────────────────────────────────────────────
[2단계 분석 대상: 003670, 217820, 207940, 058470, 403870]
403870  HPSP      49,100   51.2    -5.8%    0.4x     하단  3.82  5/0 [5분]
058470  리노공업      97,500   55.6    -3.5%    0.3x     하단  4.35  4/0 [5분]
⛔ 아우토크립트(137040) 호가 없음 (거래정지 의심)
055550  신한지주      93,600    0.0    +0.0%    0.0x     중간  1.07  0/0 [일봉]
035720  카카오       41,550    0.0    +0.0%    0.0x     중간  1.69  1/0 [일봉]
015760  한국전력      39,250    0.0    +0.0%    0.0x     중간  0.29  0/0 [일봉]
078930  GS        74,600    0.0    +0.0%    0.0x     중간  1.34  1/0 [일봉]
061250  화일약품       8,430    0.0    +0.0%    0.0x     중간  0.47  0/0 [일봉]
217820  원익피앤이      2,925   52.0    -4.1%    0.4x     하단  5.86  4/0 [5분]
001510  SK증권       3,820    0.0    +0.0%    0.0x     중간  2.87  1/0 [일봉]
056080  유진로봇      23,700    0.0    +0.0%    0.0x     중간  3.43  1/0 [일봉]
084850  아이티엠반도체   13,690    0.0    +0.0%    0.0x     중간  1.31  1/0 [일봉]
⛔ 금양(001570) 호가 없음 (거래정지 의심)

══════════════════════════════════════════════════
📉 KODEX200 -2.7% 하락장 — 신규 매수 중단
→ 전종목 HOLD
✅ Discord 전송 완료

[12:48] HOLD | KODEX RSI67/-2.7%⚠️ | 보유:없음 | 최고신호 HPSP(403870) 5/2개 [RSI51 / 하락-5.8% / BB하단 / MA골 / 호가3.8]
💰 예수금 100,426원 | KODEX200 RSI67/-2.4% 과열⚠️ | 매수기준 2개↑

코드      종목명           가격    RSI     변화율    거래량     BB   호가비  B/S
────────────────────────────────────────────────────────────────────────
[2단계 분석 대상: 403870, 003670, 058470, 217820, 247540]
403870  HPSP      49,200   48.7    -5.8%    0.4x     하단  7.34  5/0 [5분]
058470  리노공업      97,800   57.1    -3.4%    0.3x     하단  6.32  4/0 [5분]
⛔ 아우토크립트(137040) 호가 없음 (거래정지 의심)
055550  신한지주      93,600    0.0    +0.0%    0.0x     중간  0.92  0/0 [일봉]
035720  카카오       41,550    0.0    +0.0%    0.0x     중간  1.67  1/0 [일봉]
015760  한국전력      39,200    0.0    +0.0%    0.0x     중간  0.48  0/0 [일봉]
078930  GS        74,400    0.0    +0.0%    0.0x     중간  1.40  1/0 [일봉]
061250  화일약품       8,430    0.0    +0.0%    0.0x     중간  0.44  0/0 [일봉]
217820  원익피앤이      2,925   52.0    -4.1%    0.4x     하단  5.38  4/0 [5분]
001510  SK증권       3,825    0.0    +0.0%    0.0x     중간  2.25  1/0 [일봉]
056080  유진로봇      23,750    0.0    +0.0%    0.0x     중간  2.60  1/0 [일봉]
084850  아이티엠반도체   13,690    0.0    +0.0%    0.0x     중간  1.10  0/0 [일봉]
⛔ 금양(001570) 호가 없음 (거래정지 의심)

══════════════════════════════════════════════════
📉 KODEX200 -2.4% 하락장 — 신규 매수 중단
→ 전종목 HOLD
✅ Discord 전송 완료

[12:50] HOLD | KODEX RSI67/-2.4%⚠️ | 보유:없음 | 최고신호 HPSP(403870) 5/2개 [RSI49 / 하락-5.8% / BB하단 / MA골 / 호가7.3]
💰 예수금 100,426원 | KODEX200 RSI67/-2.8% 과열⚠️ | 매수기준 2개↑

코드      종목명           가격    RSI     변화율    거래량     BB   호가비  B/S
────────────────────────────────────────────────────────────────────────
[2단계 분석 대상: 403870, 042700, 217820, 003670, 000270]
403870  HPSP      49,050   48.7    -6.0%    0.4x     하단 10.40  5/0 [5분]
058470  리노공업      97,500    0.0    +0.0%    0.0x     중간  3.17  1/0 [일봉]
⛔ 아우토크립트(137040) 호가 없음 (거래정지 의심)
055550  신한지주      93,400    0.0    +0.0%    0.0x     중간  0.54  0/0 [일봉]
035720  카카오       41,550    0.0    +0.0%    0.0x     중간  1.21  1/0 [일봉]
015760  한국전력      39,150    0.0    +0.0%    0.0x     중간  0.62  0/0 [일봉]
078930  GS        74,400    0.0    +0.0%    0.0x     중간  0.56  0/0 [일봉]
061250  화일약품       8,430    0.0    +0.0%    0.0x     중간  0.35  0/0 [일봉]
217820  원익피앤이      2,925   52.0    -4.1%    0.4x     하단  7.58  4/0 [5분]
001510  SK증권       3,830    0.0    +0.0%    0.0x     중간  2.23  1/0 [일봉]
056080  유진로봇      23,650    0.0    +0.0%    0.0x     중간  3.76  1/0 [일봉]
084850  아이티엠반도체   13,690    0.0    +0.0%    0.0x     중간  1.04  0/0 [일봉]
⛔ 금양(001570) 호가 없음 (거래정지 의심)

══════════════════════════════════════════════════
📉 KODEX200 -2.8% 하락장 — 신규 매수 중단
→ 전종목 HOLD
✅ Discord 전송 완료

[12:52] HOLD | KODEX RSI67/-2.8%⚠️ | 보유:없음 | 최고신호 HPSP(403870) 5/2개 [RSI49 / 하락-6.0% / BB하단 / MA골 / 호가10.4]
💰 예수금 100,426원 | KODEX200 RSI66/-2.9% 과열⚠️ | 매수기준 2개↑

코드      종목명           가격    RSI     변화율    거래량     BB   호가비  B/S
────────────────────────────────────────────────────────────────────────
[2단계 분석 대상: 403870, 042700, 207940, 005380, 217820]
403870  HPSP      49,000   73.1    -6.0%    0.4x     하단  9.11  4/0 [5분]
058470  리노공업      97,400    0.0    +0.0%    0.0x     중간  2.30  1/0 [일봉]
⛔ 아우토크립트(137040) 호가 없음 (거래정지 의심)
055550  신한지주      93,400    0.0    +0.0%    0.0x     중간  0.94  0/0 [일봉]
035720  카카오       41,550    0.0    +0.0%    0.0x     중간  1.27  1/0 [일봉]
015760  한국전력      39,150    0.0    +0.0%    0.0x     중간  0.70  0/0 [일봉]
078930  GS        74,200    0.0    +0.0%    0.0x     중간  0.48  0/0 [일봉]
061250  화일약품       8,410    0.0    +0.0%    0.0x     중간  0.33  0/0 [일봉]
217820  원익피앤이      2,920   43.3    -4.4%    0.4x     하단  6.22  5/0 [5분]
001510  SK증권       3,825    0.0    +0.0%    0.0x     중간  2.47  1/0 [일봉]
056080  유진로봇      23,550    0.0    +0.0%    0.0x     중간  4.64  1/0 [일봉]
084850  아이티엠반도체   13,690    0.0    +0.0%    0.0x     중간  0.89  0/0 [일봉]
⛔ 금양(001570) 호가 없음 (거래정지 의심)

══════════════════════════════════════════════════
📉 KODEX200 -2.9% 하락장 — 신규 매수 중단
→ 전종목 HOLD
✅ Discord 전송 완료

[12:54] HOLD | KODEX RSI66/-2.9%⚠️ | 보유:없음 | 최고신호 원익피앤이(217820) 5/2개 [RSI43 / 하락-4.4% / BB하단 / MA골 / 호가6.2]
💰 예수금 100,426원 | KODEX200 RSI66/-2.9% 과열⚠️ | 매수기준 2개↑

코드      종목명           가격    RSI     변화율    거래량     BB   호가비  B/S
────────────────────────────────────────────────────────────────────────
[2단계 분석 대상: 042700, 403870, 217820, 005380, 207940]
403870  HPSP      49,050   73.1    -6.2%    0.4x     하단  6.86  4/0 [5분]
058470  리노공업      97,300    0.0    +0.0%    0.0x     중간  2.69  1/0 [일봉]
⛔ 아우토크립트(137040) 호가 없음 (거래정지 의심)
055550  신한지주      93,400    0.0    +0.0%    0.0x     중간  1.05  0/0 [일봉]
035720  카카오       41,550    0.0    +0.0%    0.0x     중간  1.22  1/0 [일봉]
015760  한국전력      39,150    0.0    +0.0%    0.0x     중간  0.72  0/0 [일봉]
078930  GS        74,300    0.0    +0.0%    0.0x     중간  0.49  0/0 [일봉]
061250  화일약품       8,410    0.0    +0.0%    0.0x     중간  0.29  0/0 [일봉]
217820  원익피앤이      2,920   48.5    -4.6%    0.4x     하단  6.44  5/0 [5분]
001510  SK증권       3,820    0.0    +0.0%    0.0x     중간  2.79  1/0 [일봉]
056080  유진로봇      23,600    0.0    +0.0%    0.0x     중간  4.13  1/0 [일봉]
084850  아이티엠반도체   13,700    0.0    +0.0%    0.0x     중간  0.84  0/0 [일봉]
⛔ 금양(001570) 호가 없음 (거래정지 의심)

══════════════════════════════════════════════════
📉 KODEX200 -2.9% 하락장 — 신규 매수 중단
→ 전종목 HOLD
✅ Discord 전송 완료

[12:56] HOLD | KODEX RSI66/-2.9%⚠️ | 보유:없음 | 최고신호 원익피앤이(217820) 5/2개 [RSI48 / 하락-4.6% / BB하단 / MA골 / 호가6.4]
💰 예수금 100,426원 | KODEX200 RSI66/-3.0% 과열⚠️ | 매수기준 2개↑

코드      종목명           가격    RSI     변화율    거래량     BB   호가비  B/S
────────────────────────────────────────────────────────────────────────
[2단계 분석 대상: 003670, 403870, 042700, 207940, 005380]
403870  HPSP      49,000   73.1    -5.9%    0.4x     하단  8.30  4/0 [5분]
058470  리노공업      97,200    0.0    +0.0%    0.0x     중간  2.03  1/0 [일봉]
⛔ 아우토크립트(137040) 호가 없음 (거래정지 의심)
055550  신한지주      93,400    0.0    +0.0%    0.0x     중간  0.77  0/0 [일봉]
035720  카카오       41,550    0.0    +0.0%    0.0x     중간  1.41  1/0 [일봉]
015760  한국전력      39,100    0.0    +0.0%    0.0x     중간  0.80  0/0 [일봉]
078930  GS        74,300    0.0    +0.0%    0.0x     중간  0.49  0/0 [일봉]
061250  화일약품       8,410    0.0    +0.0%    0.0x     중간  0.36  0/0 [일봉]
217820  원익피앤이      2,915    0.0    +0.0%    0.0x     중간  4.70  1/0 [일봉]
001510  SK증권       3,830    0.0    +0.0%    0.0x     중간  2.40  1/0 [일봉]
056080  유진로봇      23,550    0.0    +0.0%    0.0x     중간  4.67  1/0 [일봉]
084850  아이티엠반도체   13,690    0.0    +0.0%    0.0x     중간  0.12  0/0 [일봉]
⛔ 금양(001570) 호가 없음 (거래정지 의심)

══════════════════════════════════════════════════
📉 KODEX200 -3.0% 하락장 — 신규 매수 중단
→ 전종목 HOLD
✅ Discord 전송 완료

[12:58] HOLD | KODEX RSI66/-3.0%⚠️ | 보유:없음 | 최고신호 HPSP(403870) 4/2개 [하락-5.9% / BB하단 / MA골 / 호가8.3]
💰 예수금 100,426원 | KODEX200 RSI67/-2.8% 과열⚠️ | 매수기준 2개↑

코드      종목명           가격    RSI     변화율    거래량     BB   호가비  B/S
────────────────────────────────────────────────────────────────────────
[2단계 분석 대상: 003670, 042700, 058470, 403870, 217820]
403870  HPSP      49,100   73.1    -6.1%    0.4x     하단  4.99  4/0 [5분]
058470  리노공업      97,500   58.8    -3.7%    0.3x     하단  6.89  4/0 [5분]
⛔ 아우토크립트(137040) 호가 없음 (거래정지 의심)
055550  신한지주      93,300    0.0    +0.0%    0.0x     중간  0.55  0/0 [일봉]
035720  카카오       41,750    0.0    +0.0%    0.0x     중간  0.58  0/0 [일봉]
015760  한국전력      39,100    0.0    +0.0%    0.0x     중간  0.74  0/0 [일봉]
078930  GS        74,300    0.0    +0.0%    0.0x     중간  0.46  0/0 [일봉]
061250  화일약품       8,410    0.0    +0.0%    0.0x     중간  0.81  0/0 [일봉]
217820  원익피앤이      2,910   55.7    -4.6%    0.4x     하단  4.93  4/0 [5분]
001510  SK증권       3,840    0.0    +0.0%    0.0x     중간  1.25  1/0 [일봉]
056080  유진로봇      23,600    0.0    +0.0%    0.0x     중간  3.69  1/0 [일봉]
084850  아이티엠반도체   13,650    0.0    +0.0%    0.0x     중간  0.20  0/0 [일봉]
⛔ 금양(001570) 호가 없음 (거래정지 의심)

══════════════════════════════════════════════════
📉 KODEX200 -2.8% 하락장 — 신규 매수 중단
→ 전종목 HOLD
✅ Discord 전송 완료

[13:00] HOLD | KODEX RSI67/-2.8%⚠️ | 보유:없음 | 최고신호 HPSP(403870) 4/2개 [하락-6.1% / BB하단 / MA골 / 호가5.0]
💰 예수금 100,426원 | KODEX200 RSI66/-3.1% 과열⚠️ | 매수기준 2개↑

코드      종목명           가격    RSI     변화율    거래량     BB   호가비  B/S
────────────────────────────────────────────────────────────────────────
[2단계 분석 대상: 003670, 058470, 403870, 056080, 042700]
403870  HPSP      49,000   73.1    -6.2%    0.4x     하단  9.46  4/0 [5분]
058470  리노공업      97,300   58.8    -3.8%    0.3x     하단  9.49  4/0 [5분]
⛔ 아우토크립트(137040) 호가 없음 (거래정지 의심)
055550  신한지주      93,300    0.0    +0.0%    0.0x     중간  0.63  0/0 [일봉]
035720  카카오       41,700    0.0    +0.0%    0.0x     중간  0.72  0/0 [일봉]
015760  한국전력      39,050    0.0    +0.0%    0.0x     중간  0.84  0/0 [일봉]
078930  GS        74,200    0.0    +0.0%    0.0x     중간  0.46  0/0 [일봉]
061250  화일약품       8,410    0.0    +0.0%    0.0x     중간  0.64  0/0 [일봉]
217820  원익피앤이      2,915    0.0    +0.0%    0.0x     중간  5.10  1/0 [일봉]
001510  SK증권       3,835    0.0    +0.0%    0.0x     중간  2.02  1/0 [일봉]
056080  유진로봇      23,450   58.1    -8.4%    0.4x     하단  7.26  4/0 [5분]
084850  아이티엠반도체   13,730    0.0    +0.0%    0.0x     중간  0.44  0/0 [일봉]
⛔ 금양(001570) 호가 없음 (거래정지 의심)

══════════════════════════════════════════════════
📉 KODEX200 -3.1% 하락장 — 신규 매수 중단
→ 전종목 HOLD
✅ Discord 전송 완료

[13:02] HOLD | KODEX RSI66/-3.1%⚠️ | 보유:없음 | 최고신호 HPSP(403870) 4/2개 [하락-6.2% / BB하단 / MA골 / 호가9.5]
💰 예수금 100,426원 | KODEX200 RSI66/-3.3% 과열⚠️ | 매수기준 2개↑

코드      종목명           가격    RSI     변화율    거래량     BB   호가비  B/S
────────────────────────────────────────────────────────────────────────
[2단계 분석 대상: 003670, 403870, 042700, 217820, 000270]
403870  HPSP      48,900   70.4    -6.4%    0.4x     하단  7.99  4/0 [5분]
058470  리노공업      97,200    0.0    +0.0%    0.0x     중간  6.40  1/0 [일봉]
⛔ 아우토크립트(137040) 호가 없음 (거래정지 의심)
055550  신한지주      93,500    0.0    +0.0%    0.0x     중간  1.08  0/0 [일봉]
035720  카카오       41,650    0.0    +0.0%    0.0x     중간  1.11  0/0 [일봉]
015760  한국전력      39,100    0.0    +0.0%    0.0x     중간  0.84  0/0 [일봉]
078930  GS        74,100    0.0    +0.0%    0.0x     중간  0.40  0/0 [일봉]
061250  화일약품       8,420    0.0    +0.0%    0.0x     중간  0.40  0/0 [일봉]
217820  원익피앤이      2,915   55.7    -4.9%    0.4x     하단  6.69  4/0 [5분]
001510  SK증권       3,830    0.0    +0.0%    0.0x     중간  2.26  1/0 [일봉]
056080  유진로봇      23,550    0.0    +0.0%    0.0x     중간  3.23  1/0 [일봉]
084850  아이티엠반도체   13,730    0.0    +0.0%    0.0x     중간  0.44  0/0 [일봉]
⛔ 금양(001570) 호가 없음 (거래정지 의심)

══════════════════════════════════════════════════
📉 KODEX200 -3.3% 하락장 — 신규 매수 중단
→ 전종목 HOLD
✅ Discord 전송 완료

[13:04] HOLD | KODEX RSI66/-3.3%⚠️ | 보유:없음 | 최고신호 HPSP(403870) 4/2개 [하락-6.4% / BB하단 / MA골 / 호가8.0]
💰 예수금 100,426원 | KODEX200 RSI66/-3.3% 과열⚠️ | 매수기준 2개↑

코드      종목명           가격    RSI     변화율    거래량     BB   호가비  B/S
────────────────────────────────────────────────────────────────────────
[2단계 분석 대상: 403870, 003670, 042700, 005380, 058470]
403870  HPSP      48,900   70.4    -6.4%    0.4x     하단 11.31  4/0 [5분]
058470  리노공업      97,200   62.5    -4.2%    0.3x     하단  7.41  4/0 [5분]
⛔ 아우토크립트(137040) 호가 없음 (거래정지 의심)
055550  신한지주      93,500    0.0    +0.0%    0.0x     중간  0.75  0/0 [일봉]
035720  카카오       41,650    0.0    +0.0%    0.0x     중간  1.13  0/0 [일봉]
015760  한국전력      39,100    0.0    +0.0%    0.0x     중간  0.83  0/0 [일봉]
078930  GS        74,100    0.0    +0.0%    0.0x     중간  0.44  0/0 [일봉]
061250  화일약품       8,400    0.0    +0.0%    0.0x     중간  0.68  0/0 [일봉]
217820  원익피앤이      2,910    0.0    +0.0%    0.0x     중간  5.70  1/0 [일봉]
001510  SK증권       3,830    0.0    +0.0%    0.0x     중간  1.98  1/0 [일봉]
056080  유진로봇      23,500    0.0    +0.0%    0.0x     중간  5.55  1/0 [일봉]
084850  아이티엠반도체   13,730    0.0    +0.0%    0.0x     중간  0.40  0/0 [일봉]
⛔ 금양(001570) 호가 없음 (거래정지 의심)

══════════════════════════════════════════════════
📉 KODEX200 -3.3% 하락장 — 신규 매수 중단
→ 전종목 HOLD
✅ Discord 전송 완료

[13:06] HOLD | KODEX RSI66/-3.3%⚠️ | 보유:없음 | 최고신호 HPSP(403870) 4/2개 [하락-6.4% / BB하단 / MA골 / 호가11.3]
💰 예수금 100,426원 | KODEX200 RSI65/-3.5% 과열⚠️ | 매수기준 2개↑

코드      종목명           가격    RSI     변화율    거래량     BB   호가비  B/S
────────────────────────────────────────────────────────────────────────
[2단계 분석 대상: 003670, 058470, 042700, 403870, 000270]
403870  HPSP      48,750   70.4    -6.6%    0.4x     하단  6.64  4/0 [5분]
058470  리노공업      96,900   62.5    -4.1%    0.3x     하단  7.62  4/0 [5분]
⛔ 아우토크립트(137040) 호가 없음 (거래정지 의심)
055550  신한지주      93,300    0.0    +0.0%    0.0x     중간  0.97  0/0 [일봉]
035720  카카오       41,600    0.0    +0.0%    0.0x     중간  1.49  1/0 [일봉]
015760  한국전력      38,950    0.0    +0.0%    0.0x     중간  1.23  1/0 [일봉]
078930  GS        73,700    0.0    +0.0%    0.0x     중간  0.49  0/0 [일봉]
061250  화일약품       8,420    0.0    +0.0%    0.0x     중간  1.05  0/0 [일봉]
217820  원익피앤이      2,910    0.0    +0.0%    0.0x     중간  5.13  1/0 [일봉]
001510  SK증권       3,825    0.0    +0.0%    0.0x     중간  2.24  1/0 [일봉]
056080  유진로봇      23,550    0.0    +0.0%    0.0x     중간  3.79  1/0 [일봉]
084850  아이티엠반도체   13,730    0.0    +0.0%    0.0x     중간  0.25  0/0 [일봉]
⛔ 금양(001570) 호가 없음 (거래정지 의심)

══════════════════════════════════════════════════
📉 KODEX200 -3.5% 하락장 — 신규 매수 중단
→ 전종목 HOLD
✅ Discord 전송 완료

[13:08] HOLD | KODEX RSI65/-3.5%⚠️ | 보유:없음 | 최고신호 HPSP(403870) 4/2개 [하락-6.6% / BB하단 / MA골 / 호가6.6]
💰 예수금 100,426원 | KODEX200 RSI65/-3.5% 과열⚠️ | 매수기준 2개↑

코드      종목명           가격    RSI     변화율    거래량     BB   호가비  B/S
────────────────────────────────────────────────────────────────────────
[2단계 분석 대상: 058470, 003670, 403870, 042700, 056080]
403870  HPSP      48,750   71.7    -6.6%    0.4x     하단  9.99  4/0 [5분]
058470  리노공업      97,000   62.5    -4.0%    0.3x     하단 12.68  4/0 [5분]
⛔ 아우토크립트(137040) 호가 없음 (거래정지 의심)
055550  신한지주      93,200    0.0    +0.0%    0.0x     중간  0.69  0/0 [일봉]
035720  카카오       41,550    0.0    +0.0%    0.0x     중간  2.00  1/0 [일봉]
015760  한국전력      38,950    0.0    +0.0%    0.0x     중간  1.08  0/0 [일봉]
078930  GS        73,600    0.0    +0.0%    0.0x     중간  0.45  0/0 [일봉]
061250  화일약품       8,450    0.0    +0.0%    0.0x     중간  0.62  0/0 [일봉]
217820  원익피앤이      2,900    0.0    +0.0%    0.0x     중간  4.34  1/0 [일봉]
001510  SK증권       3,825    0.0    +0.0%    0.0x     중간  2.25  1/0 [일봉]
056080  유진로봇      23,500   63.9    -8.6%    0.4x     하단  6.35  4/0 [5분]
084850  아이티엠반도체   13,730    0.0    +0.0%    0.0x     중간  0.25  0/0 [일봉]
⛔ 금양(001570) 호가 없음 (거래정지 의심)

══════════════════════════════════════════════════
📉 KODEX200 -3.5% 하락장 — 신규 매수 중단
→ 전종목 HOLD
✅ Discord 전송 완료

[13:10] HOLD | KODEX RSI65/-3.5%⚠️ | 보유:없음 | 최고신호 HPSP(403870) 4/2개 [하락-6.6% / BB하단 / MA골 / 호가10.0]
💰 예수금 100,426원 | KODEX200 RSI65/-3.5% 과열⚠️ | 매수기준 2개↑

코드      종목명           가격    RSI     변화율    거래량     BB   호가비  B/S
────────────────────────────────────────────────────────────────────────
[2단계 분석 대상: 403870, 058470, 056080, 005380, 247540]
403870  HPSP      48,800   71.7    -6.5%    0.4x     하단  8.47  4/0 [5분]
058470  리노공업      97,000   62.5    -4.1%    0.3x     하단  8.09  4/0 [5분]
⛔ 아우토크립트(137040) 호가 없음 (거래정지 의심)
055550  신한지주      93,200    0.0    +0.0%    0.0x     중간  0.71  0/0 [일봉]
035720  카카오       41,550    0.0    +0.0%    0.0x     중간  2.05  1/0 [일봉]
015760  한국전력      39,000    0.0    +0.0%    0.0x     중간  1.08  0/0 [일봉]
078930  GS        73,800    0.0    +0.0%    0.0x     중간  0.94  0/0 [일봉]
061250  화일약품       8,450    0.0    +0.0%    0.0x     중간  0.62  0/0 [일봉]
217820  원익피앤이      2,900    0.0    +0.0%    0.0x     중간  4.79  1/0 [일봉]
001510  SK증권       3,820    0.0    +0.0%    0.0x     중간  2.86  1/0 [일봉]
056080  유진로봇      23,500   63.9    -8.4%    0.4x     하단  7.14  4/0 [5분]
084850  아이티엠반도체   13,730    0.0    +0.0%    0.0x     중간  0.25  0/0 [일봉]
⛔ 금양(001570) 호가 없음 (거래정지 의심)

══════════════════════════════════════════════════
📉 KODEX200 -3.5% 하락장 — 신규 매수 중단
→ 전종목 HOLD
✅ Discord 전송 완료

[13:12] HOLD | KODEX RSI65/-3.5%⚠️ | 보유:없음 | 최고신호 HPSP(403870) 4/2개 [하락-6.5% / BB하단 / MA골 / 호가8.5]
💰 예수금 100,426원 | KODEX200 RSI66/-3.4% 과열⚠️ | 매수기준 2개↑

코드      종목명           가격    RSI     변화율    거래량     BB   호가비  B/S
────────────────────────────────────────────────────────────────────────
[2단계 분석 대상: 058470, 403870, 005380, 042700, 003670]
403870  HPSP      48,750   52.4    -6.6%    0.4x     하단 10.51  5/0 [5분]
058470  리노공업      97,000   52.5    -4.1%    0.3x     하단 14.67  5/0 [5분]
⛔ 아우토크립트(137040) 호가 없음 (거래정지 의심)
055550  신한지주      93,200    0.0    +0.0%    0.0x     중간  0.77  0/0 [일봉]
035720  카카오       41,550    0.0    +0.0%    0.0x     중간  1.76  1/0 [일봉]
015760  한국전력      39,000    0.0    +0.0%    0.0x     중간  1.08  0/0 [일봉]
078930  GS        73,800    0.0    +0.0%    0.0x     중간  0.98  0/0 [일봉]
061250  화일약품       8,450    0.0    +0.0%    0.0x     중간  0.50  0/0 [일봉]
217820  원익피앤이      2,900    0.0    +0.0%    0.0x     중간  5.36  1/0 [일봉]
001510  SK증권       3,820    0.0    +0.0%    0.0x     중간  2.55  1/0 [일봉]
056080  유진로봇      23,500    0.0    +0.0%    0.0x     중간  5.86  1/0 [일봉]
084850  아이티엠반도체   13,710    0.0    +0.0%    0.0x     중간  0.99  0/0 [일봉]
⛔ 금양(001570) 호가 없음 (거래정지 의심)

══════════════════════════════════════════════════
📉 KODEX200 -3.4% 하락장 — 신규 매수 중단
→ 전종목 HOLD
✅ Discord 전송 완료

[13:14] HOLD | KODEX RSI66/-3.4%⚠️ | 보유:없음 | 최고신호 HPSP(403870) 5/2개 [RSI52 / 하락-6.6% / BB하단 / MA골 / 호가10.5]
💰 예수금 100,426원 | KODEX200 RSI65/-3.7% 과열⚠️ | 매수기준 2개↑

코드      종목명           가격    RSI     변화율    거래량     BB   호가비  B/S
────────────────────────────────────────────────────────────────────────
[2단계 분석 대상: 403870, 058470, 000660, 003670, 217820]
403870  HPSP      48,750   52.4    -6.6%    0.4x     하단 12.24  5/0 [5분]
058470  리노공업      97,000   52.5    -4.1%    0.3x     하단 11.61  5/0 [5분]
⛔ 아우토크립트(137040) 호가 없음 (거래정지 의심)
055550  신한지주      93,100    0.0    +0.0%    0.0x     중간  0.67  0/0 [일봉]
035720  카카오       41,500    0.0    +0.0%    0.0x     중간  3.28  1/0 [일봉]
015760  한국전력      38,950    0.0    +0.0%    0.0x     중간  1.20  1/0 [일봉]
078930  GS        73,700    0.0    +0.0%    0.0x     중간  0.86  0/0 [일봉]
061250  화일약품       8,450    0.0    +0.0%    0.0x     중간  0.50  0/0 [일봉]
217820  원익피앤이      2,895   70.4    -5.2%    0.5x     하단  5.87  4/0 [5분]
001510  SK증권       3,820    0.0    +0.0%    0.0x     중간  2.26  1/0 [일봉]
056080  유진로봇      23,400    0.0    +0.0%    0.0x     중간  3.87  1/0 [일봉]
084850  아이티엠반도체   13,690    0.0    +0.0%    0.0x     중간  1.01  0/0 [일봉]
⛔ 금양(001570) 호가 없음 (거래정지 의심)

══════════════════════════════════════════════════
📉 KODEX200 -3.7% 하락장 — 신규 매수 중단
→ 전종목 HOLD
✅ Discord 전송 완료

[13:16] HOLD | KODEX RSI65/-3.7%⚠️ | 보유:없음 | 최고신호 HPSP(403870) 5/2개 [RSI52 / 하락-6.6% / BB하단 / MA골 / 호가12.2]
💰 예수금 100,426원 | KODEX200 RSI65/-3.9% 과열⚠️ | 매수기준 2개↑

코드      종목명           가격    RSI     변화율    거래량     BB   호가비  B/S
────────────────────────────────────────────────────────────────────────
[2단계 분석 대상: 000660, 403870, 035420, 003670, 217820]
403870  HPSP      48,800   52.4    -6.4%    0.4x     하단  9.93  5/0 [5분]
058470  리노공업      96,900    0.0    +0.0%    0.0x     중간  5.54  1/0 [일봉]
⛔ 아우토크립트(137040) 호가 없음 (거래정지 의심)
055550  신한지주      93,000    0.0    +0.0%    0.0x     중간  1.04  0/0 [일봉]
035720  카카오       41,450    0.0    +0.0%    0.0x     중간  3.75  1/0 [일봉]
015760  한국전력      38,950    0.0    +0.0%    0.0x     중간  1.34  1/0 [일봉]
078930  GS        73,500    0.0    +0.0%    0.0x     중간  0.34  0/0 [일봉]
061250  화일약품       8,450    0.0    +0.0%    0.0x     중간  0.50  0/0 [일봉]
217820  원익피앤이      2,895   70.4    -5.2%    0.5x     하단  5.85  4/0 [5분]
001510  SK증권       3,815    0.0    +0.0%    0.0x     중간  1.46  1/0 [일봉]
056080  유진로봇      23,300    0.0    +0.0%    0.0x     중간  5.23  1/0 [일봉]
084850  아이티엠반도체   13,670    0.0    +0.0%    0.0x     중간  0.39  0/0 [일봉]
⛔ 금양(001570) 호가 없음 (거래정지 의심)

══════════════════════════════════════════════════
📉 KODEX200 -3.9% 하락장 — 신규 매수 중단
→ 전종목 HOLD
✅ Discord 전송 완료

[13:18] HOLD | KODEX RSI65/-3.9%⚠️ | 보유:없음 | 최고신호 HPSP(403870) 5/2개 [RSI52 / 하락-6.4% / BB하단 / MA골 / 호가9.9]
💰 예수금 100,426원 | KODEX200 RSI65/-3.7% 과열⚠️ | 매수기준 2개↑

코드      종목명           가격    RSI     변화율    거래량     BB   호가비  B/S
────────────────────────────────────────────────────────────────────────
[2단계 분석 대상: 403870, 058470, 000660, 000270, 217820]
403870  HPSP      48,800   52.4    -6.4%    0.4x     하단 13.81  5/0 [5분]
058470  리노공업      97,200   50.0    -3.9%    0.3x     하단  8.88  5/0 [5분]
⛔ 아우토크립트(137040) 호가 없음 (거래정지 의심)
055550  신한지주      93,000    0.0    +0.0%    0.0x     중간  0.85  0/0 [일봉]
035720  카카오       41,450    0.0    +0.0%    0.0x     중간  3.38  1/0 [일봉]
015760  한국전력      38,950    0.0    +0.0%    0.0x     중간  1.31  1/0 [일봉]
078930  GS        73,800    0.0    +0.0%    0.0x     중간  1.50  1/0 [일봉]
061250  화일약품       8,450    0.0    +0.0%    0.0x     중간  0.48  0/0 [일봉]
217820  원익피앤이      2,895   73.3    -5.2%    0.5x     하단  5.92  4/0 [5분]
001510  SK증권       3,810    0.0    +0.0%    0.0x     중간  1.49  1/0 [일봉]
056080  유진로봇      23,350    0.0    +0.0%    0.0x     중간  3.29  1/0 [일봉]
084850  아이티엠반도체   13,660    0.0    +0.0%    0.0x     중간  0.29  0/0 [일봉]
⛔ 금양(001570) 호가 없음 (거래정지 의심)

══════════════════════════════════════════════════
📉 KODEX200 -3.7% 하락장 — 신규 매수 중단
→ 전종목 HOLD
✅ Discord 전송 완료

[13:20] HOLD | KODEX RSI65/-3.7%⚠️ | 보유:없음 | 최고신호 HPSP(403870) 5/2개 [RSI52 / 하락-6.4% / BB하단 / MA골 / 호가13.8]
💰 예수금 100,426원 | KODEX200 RSI65/-3.9% 과열⚠️ | 매수기준 2개↑

코드      종목명           가격    RSI     변화율    거래량     BB   호가비  B/S
────────────────────────────────────────────────────────────────────────
[2단계 분석 대상: 403870, 000660, 000270, 042700, 035420]
403870  HPSP      48,750   52.4    -6.6%    0.4x     하단  9.90  5/0 [5분]
058470  리노공업      97,100    0.0    +0.0%    0.0x     중간  3.79  1/0 [일봉]
⛔ 아우토크립트(137040) 호가 없음 (거래정지 의심)
055550  신한지주      93,000    0.0    +0.0%    0.0x     중간  0.97  0/0 [일봉]
035720  카카오       41,500    0.0    +0.0%    0.0x     중간  4.01  1/0 [일봉]
015760  한국전력      38,850    0.0    +0.0%    0.0x     중간  1.60  1/0 [일봉]
078930  GS        73,600    0.0    +0.0%    0.0x     중간  1.50  1/0 [일봉]
061250  화일약품       8,450    0.0    +0.0%    0.0x     중간  0.39  0/0 [일봉]
217820  원익피앤이      2,895    0.0    +0.0%    0.0x     중간  5.67  1/0 [일봉]
001510  SK증권       3,810    0.0    +0.0%    0.0x     중간  1.31  1/0 [일봉]
056080  유진로봇      23,350    0.0    +0.0%    0.0x     중간  4.14  1/0 [일봉]
084850  아이티엠반도체   13,650    0.0    +0.0%    0.0x     중간  4.75  1/0 [일봉]
⛔ 금양(001570) 호가 없음 (거래정지 의심)

══════════════════════════════════════════════════
📉 KODEX200 -3.9% 하락장 — 신규 매수 중단
→ 전종목 HOLD
✅ Discord 전송 완료

[13:22] HOLD | KODEX RSI65/-3.9%⚠️ | 보유:없음 | 최고신호 HPSP(403870) 5/2개 [RSI52 / 하락-6.6% / BB하단 / MA골 / 호가9.9]
💰 예수금 100,426원 | KODEX200 RSI65/-3.9% 과열⚠️ | 매수기준 2개↑

코드      종목명           가격    RSI     변화율    거래량     BB   호가비  B/S
────────────────────────────────────────────────────────────────────────
[2단계 분석 대상: 403870, 042700, 058470, 247540, 000660]
403870  HPSP      48,700   57.1    -6.8%    0.4x     하단  8.22  4/0 [5분]
058470  리노공업      96,900   54.1    -4.1%    0.4x     하단  6.51  4/0 [5분]
⛔ 아우토크립트(137040) 호가 없음 (거래정지 의심)
055550  신한지주      93,000    0.0    +0.0%    0.0x     중간  1.26  1/0 [일봉]
035720  카카오       41,450    0.0    +0.0%    0.0x     중간  3.82  1/0 [일봉]
015760  한국전력      38,950    0.0    +0.0%    0.0x     중간  1.35  1/0 [일봉]
078930  GS        73,600    0.0    +0.0%    0.0x     중간  1.62  1/0 [일봉]
061250  화일약품       8,450    0.0    +0.0%    0.0x     중간  0.36  0/0 [일봉]
217820  원익피앤이      2,895    0.0    +0.0%    0.0x     중간  5.64  1/0 [일봉]
001510  SK증권       3,810    0.0    +0.0%    0.0x     중간  1.22  1/0 [일봉]
056080  유진로봇      23,400    0.0    +0.0%    0.0x     중간  5.40  1/0 [일봉]
084850  아이티엠반도체   13,630    0.0    +0.0%    0.0x     중간  4.03  1/0 [일봉]
⛔ 금양(001570) 호가 없음 (거래정지 의심)

══════════════════════════════════════════════════
📉 KODEX200 -3.9% 하락장 — 신규 매수 중단
→ 전종목 HOLD
✅ Discord 전송 완료

[13:24] HOLD | KODEX RSI65/-3.9%⚠️ | 보유:없음 | 최고신호 HPSP(403870) 4/2개 [하락-6.8% / BB하단 / MA골 / 호가8.2]
💰 예수금 100,426원 | KODEX200 RSI65/-4.0% 과열⚠️ | 매수기준 2개↑

코드      종목명           가격    RSI     변화율    거래량     BB   호가비  B/S
────────────────────────────────────────────────────────────────────────
[2단계 분석 대상: 003670, 000270, 042700, 084850, 403870]
403870  HPSP      48,700   57.1    -6.7%    0.4x     하단  6.18  4/0 [5분]
058470  리노공업      96,900    0.0    +0.0%    0.0x     중간  4.36  1/0 [일봉]
⛔ 아우토크립트(137040) 호가 없음 (거래정지 의심)
055550  신한지주      93,000    0.0    +0.0%    0.0x     중간  1.21  1/0 [일봉]
035720  카카오       41,400    0.0    +0.0%    0.0x     중간  4.02  1/0 [일봉]
015760  한국전력      38,900    0.0    +0.0%    0.0x     중간  1.94  1/0 [일봉]
078930  GS        73,600    0.0    +0.0%    0.0x     중간  1.08  0/0 [일봉]
061250  화일약품       8,440    0.0    +0.0%    0.0x     중간  0.51  0/0 [일봉]
217820  원익피앤이      2,885    0.0    +0.0%    0.0x     중간  4.83  1/0 [일봉]
001510  SK증권       3,805    0.0    +0.0%    0.0x     중간  1.51  1/0 [일봉]
056080  유진로봇      23,350    0.0    +0.0%    0.0x     중간  5.35  1/0 [일봉]
084850  아이티엠반도체   13,630   53.1    -3.6%    0.2x     중간  6.20  4/0 [5분]
⛔ 금양(001570) 호가 없음 (거래정지 의심)

══════════════════════════════════════════════════
📉 KODEX200 -4.0% 하락장 — 신규 매수 중단
→ 전종목 HOLD
✅ Discord 전송 완료

[13:26] HOLD | KODEX RSI65/-4.0%⚠️ | 보유:없음 | 최고신호 HPSP(403870) 4/2개 [하락-6.7% / BB하단 / MA골 / 호가6.2]
💰 예수금 100,426원 | KODEX200 RSI64/-4.1% 과열⚠️ | 매수기준 2개↑

코드      종목명           가격    RSI     변화율    거래량     BB   호가비  B/S
────────────────────────────────────────────────────────────────────────
[2단계 분석 대상: 084850, 403870, 035420, 000270, 042700]
403870  HPSP      48,700   57.1    -6.8%    0.4x     하단  6.72  4/0 [5분]
058470  리노공업      96,900    0.0    +0.0%    0.0x     중간  2.57  1/0 [일봉]
⛔ 아우토크립트(137040) 호가 없음 (거래정지 의심)
055550  신한지주      93,000    0.0    +0.0%    0.0x     중간  1.29  1/0 [일봉]
035720  카카오       41,400    0.0    +0.0%    0.0x     중간  3.73  1/0 [일봉]
015760  한국전력      38,900    0.0    +0.0%    0.0x     중간  2.36  1/0 [일봉]
078930  GS        73,700    0.0    +0.0%    0.0x     중간  0.74  0/0 [일봉]
061250  화일약품       8,440    0.0    +0.0%    0.0x     중간  0.49  0/0 [일봉]
217820  원익피앤이      2,885    0.0    +0.0%    0.0x     중간  4.90  1/0 [일봉]
001510  SK증권       3,800    0.0    +0.0%    0.0x     중간  1.52  1/0 [일봉]
056080  유진로봇      23,350    0.0    +0.0%    0.0x     중간  5.04  1/0 [일봉]
084850  아이티엠반도체   13,630   53.1    -4.0%    0.2x     하단  7.53  5/0 [5분]
⛔ 금양(001570) 호가 없음 (거래정지 의심)

══════════════════════════════════════════════════
📉 KODEX200 -4.1% 하락장 — 신규 매수 중단
→ 전종목 HOLD
✅ Discord 전송 완료

[13:28] HOLD | KODEX RSI64/-4.1%⚠️ | 보유:없음 | 최고신호 아이티엠반도체(084850) 5/2개 [RSI53 / 하락-4.0% / BB하단 / MA골 / 호가7.5]
💰 예수금 100,426원 | KODEX200 RSI64/-4.0% 과열⚠️ | 매수기준 2개↑

코드      종목명           가격    RSI     변화율    거래량     BB   호가비  B/S
────────────────────────────────────────────────────────────────────────
[2단계 분석 대상: 084850, 247540, 003670, 035420, 042700]
403870  HPSP      48,650    0.0    +0.0%    0.0x     중간  4.31  1/0 [일봉]
058470  리노공업      96,800    0.0    +0.0%    0.0x     중간  1.79  1/0 [일봉]
⛔ 아우토크립트(137040) 호가 없음 (거래정지 의심)
055550  신한지주      93,000    0.0    +0.0%    0.0x     중간  1.13  0/0 [일봉]
035720  카카오       41,400    0.0    +0.0%    0.0x     중간  3.43  1/0 [일봉]
015760  한국전력      38,900    0.0    +0.0%    0.0x     중간  1.92  1/0 [일봉]
078930  GS        73,800    0.0    +0.0%    0.0x     중간  0.73  0/0 [일봉]
061250  화일약품       8,440    0.0    +0.0%    0.0x     중간  0.54  0/0 [일봉]
217820  원익피앤이      2,885    0.0    +0.0%    0.0x     중간  4.53  1/0 [일봉]
001510  SK증권       3,800    0.0    +0.0%    0.0x     중간  1.61  1/0 [일봉]
056080  유진로봇      23,400    0.0    +0.0%    0.0x     중간  4.78  1/0 [일봉]
084850  아이티엠반도체   13,610   45.3    -3.8%    0.2x     하단 11.65  5/0 [5분]
⛔ 금양(001570) 호가 없음 (거래정지 의심)

══════════════════════════════════════════════════
📉 KODEX200 -4.0% 하락장 — 신규 매수 중단
→ 전종목 HOLD
✅ Discord 전송 완료

[13:30] HOLD | KODEX RSI64/-4.0%⚠️ | 보유:없음 | 최고신호 아이티엠반도체(084850) 5/2개 [RSI45 / 하락-3.8% / BB하단 / MA골 / 호가11.7]
💰 예수금 100,426원 | KODEX200 RSI65/-3.9% 과열⚠️ | 매수기준 2개↑

코드      종목명           가격    RSI     변화율    거래량     BB   호가비  B/S
────────────────────────────────────────────────────────────────────────
[2단계 분석 대상: 084850, 403870, 000270, 058470, 247540]
403870  HPSP      48,750   50.0    -6.6%    0.4x     하단  8.15  4/0 [5분]
058470  리노공업      97,000   52.6    -4.1%    0.4x     하단  7.21  4/0 [5분]
⛔ 아우토크립트(137040) 호가 없음 (거래정지 의심)
055550  신한지주      93,000    0.0    +0.0%    0.0x     중간  0.93  0/0 [일봉]
035720  카카오       41,500    0.0    +0.0%    0.0x     중간  3.86  1/0 [일봉]
015760  한국전력      39,000    0.0    +0.0%    0.0x     중간  1.15  0/0 [일봉]
078930  GS        73,800    0.0    +0.0%    0.0x     중간  2.18  1/0 [일봉]
061250  화일약품       8,430    0.0    +0.0%    0.0x     중간  0.36  0/0 [일봉]
217820  원익피앤이      2,885    0.0    +0.0%    0.0x     중간  4.24  1/0 [일봉]
001510  SK증권       3,805    0.0    +0.0%    0.0x     중간  1.68  1/0 [일봉]
056080  유진로봇      23,400    0.0    +0.0%    0.0x     중간  4.83  1/0 [일봉]
084850  아이티엠반도체   13,610   45.3    -3.8%    0.2x     하단 10.04  5/0 [5분]
⛔ 금양(001570) 호가 없음 (거래정지 의심)

══════════════════════════════════════════════════
📉 KODEX200 -3.9% 하락장 — 신규 매수 중단
→ 전종목 HOLD
✅ Discord 전송 완료

[13:32] HOLD | KODEX RSI65/-3.9%⚠️ | 보유:없음 | 최고신호 아이티엠반도체(084850) 5/2개 [RSI45 / 하락-3.8% / BB하단 / MA골 / 호가10.0]
💰 예수금 100,426원 | KODEX200 RSI65/-4.0% 과열⚠️ | 매수기준 2개↑

코드      종목명           가격    RSI     변화율    거래량     BB   호가비  B/S
────────────────────────────────────────────────────────────────────────
[2단계 분석 대상: 084850, 247540, 000270, 042700, 003670]
403870  HPSP      48,750    0.0    +0.0%    0.0x     중간  5.45  1/0 [일봉]
058470  리노공업      96,900    0.0    +0.0%    0.0x     중간  5.34  1/0 [일봉]
⛔ 아우토크립트(137040) 호가 없음 (거래정지 의심)
055550  신한지주      92,800    0.0    +0.0%    0.0x     중간  0.99  0/0 [일봉]
035720  카카오       41,500    0.0    +0.0%    0.0x     중간  3.40  1/0 [일봉]
015760  한국전력      38,900    0.0    +0.0%    0.0x     중간  1.30  1/0 [일봉]
078930  GS        73,900    0.0    +0.0%    0.0x     중간  1.65  1/0 [일봉]
061250  화일약품       8,430    0.0    +0.0%    0.0x     중간  0.39  0/0 [일봉]
217820  원익피앤이      2,885    0.0    +0.0%    0.0x     중간  4.65  1/0 [일봉]
001510  SK증권       3,810    0.0    +0.0%    0.0x     중간  1.52  1/0 [일봉]
056080  유진로봇      23,400    0.0    +0.0%    0.0x     중간  4.95  1/0 [일봉]
084850  아이티엠반도체   13,600   45.3    -3.8%    0.2x     하단  9.60  5/0 [5분]
⛔ 금양(001570) 호가 없음 (거래정지 의심)

══════════════════════════════════════════════════
📉 KODEX200 -4.0% 하락장 — 신규 매수 중단
→ 전종목 HOLD
✅ Discord 전송 완료

[13:34] HOLD | KODEX RSI65/-4.0%⚠️ | 보유:없음 | 최고신호 아이티엠반도체(084850) 5/2개 [RSI45 / 하락-3.8% / BB하단 / MA골 / 호가9.6]
💰 예수금 100,426원 | KODEX200 RSI65/-3.6% 과열⚠️ | 매수기준 2개↑

코드      종목명           가격    RSI     변화율    거래량     BB   호가비  B/S
────────────────────────────────────────────────────────────────────────
[2단계 분석 대상: 084850, 207940, 056080, 403870, 000270]
403870  HPSP      48,800   40.0    -6.6%    0.4x     하단  6.48  4/0 [5분]
058470  리노공업      97,100    0.0    +0.0%    0.0x     중간  3.09  1/0 [일봉]
⛔ 아우토크립트(137040) 호가 없음 (거래정지 의심)
055550  신한지주      92,900    0.0    +0.0%    0.0x     중간  1.13  0/0 [일봉]
035720  카카오       41,500    0.0    +0.0%    0.0x     중간  3.46  1/0 [일봉]
015760  한국전력      38,800    0.0    +0.0%    0.0x     중간  1.88  1/0 [일봉]
078930  GS        74,100    0.0    +0.0%    0.0x     중간  0.71  0/0 [일봉]
061250  화일약품       8,470    0.0    +0.0%    0.0x     중간  0.97  0/0 [일봉]
217820  원익피앤이      2,890    0.0    +0.0%    0.0x     중간  5.07  1/0 [일봉]
001510  SK증권       3,810    0.0    +0.0%    0.0x     중간  1.15  0/0 [일봉]
056080  유진로봇      23,450   54.5    -8.8%    0.5x     하단  7.74  5/0 [5분]
084850  아이티엠반도체   13,580   50.0    -4.0%    0.2x     하단 10.97  4/0 [5분]
⛔ 금양(001570) 호가 없음 (거래정지 의심)

══════════════════════════════════════════════════
📉 KODEX200 -3.6% 하락장 — 신규 매수 중단
→ 전종목 HOLD
✅ Discord 전송 완료

[13:36] HOLD | KODEX RSI65/-3.6%⚠️ | 보유:없음 | 최고신호 유진로봇(056080) 5/2개 [RSI54 / 하락-8.8% / BB하단 / MA골 / 호가7.7]
💰 예수금 100,426원 | KODEX200 RSI64/-4.1% 과열⚠️ | 매수기준 2개↑

코드      종목명           가격    RSI     변화율    거래량     BB   호가비  B/S
────────────────────────────────────────────────────────────────────────
[2단계 분석 대상: 207940, 056080, 084850, 000660, 035420]
403870  HPSP      48,600    0.0    +0.0%    0.0x     중간  4.29  1/0 [일봉]
058470  리노공업      96,800    0.0    +0.0%    0.0x     중간  4.08  1/0 [일봉]
⛔ 아우토크립트(137040) 호가 없음 (거래정지 의심)
055550  신한지주      92,600    0.0    +0.0%    0.0x     중간  1.29  1/0 [일봉]
035720  카카오       41,450    0.0    +0.0%    0.0x     중간  3.28  1/0 [일봉]
015760  한국전력      38,750    0.0    +0.0%    0.0x     중간  1.94  1/0 [일봉]
078930  GS        74,000    0.0    +0.0%    0.0x     중간  1.61  1/0 [일봉]
061250  화일약품       8,460    0.0    +0.0%    0.0x     중간  1.15  0/0 [일봉]
217820  원익피앤이      2,890    0.0    +0.0%    0.0x     중간  5.21  1/0 [일봉]
001510  SK증권       3,800    0.0    +0.0%    0.0x     중간  1.78  1/0 [일봉]
056080  유진로봇      23,350   54.5    -9.0%    0.5x     하단 13.94  5/0 [5분]
084850  아이티엠반도체   13,600   50.0    -4.1%    0.2x     하단  9.43  4/0 [5분]
⛔ 금양(001570) 호가 없음 (거래정지 의심)

══════════════════════════════════════════════════
📉 KODEX200 -4.1% 하락장 — 신규 매수 중단
→ 전종목 HOLD
✅ Discord 전송 완료

[13:38] HOLD | KODEX RSI64/-4.1%⚠️ | 보유:없음 | 최고신호 유진로봇(056080) 5/2개 [RSI54 / 하락-9.0% / BB하단 / MA골 / 호가13.9]
💰 예수금 100,426원 | KODEX200 RSI65/-4.0% 과열⚠️ | 매수기준 2개↑

코드      종목명           가격    RSI     변화율    거래량     BB   호가비  B/S
────────────────────────────────────────────────────────────────────────
[2단계 분석 대상: 056080, 000660, 084850, 207940, 003670]
403870  HPSP      48,650    0.0    +0.0%    0.0x     중간  4.13  1/0 [일봉]
058470  리노공업      96,800    0.0    +0.0%    0.0x     중간  4.73  1/0 [일봉]
⛔ 아우토크립트(137040) 호가 없음 (거래정지 의심)
055550  신한지주      92,900    0.0    +0.0%    0.0x     중간  1.10  0/0 [일봉]
035720  카카오       41,450    0.0    +0.0%    0.0x     중간  4.03  1/0 [일봉]
015760  한국전력      38,850    0.0    +0.0%    0.0x     중간  1.70  1/0 [일봉]
078930  GS        74,200    0.0    +0.0%    0.0x     중간  2.35  1/0 [일봉]
061250  화일약품       8,460    0.0    +0.0%    0.0x     중간  0.56  0/0 [일봉]
217820  원익피앤이      2,890    0.0    +0.0%    0.0x     중간  5.55  1/0 [일봉]
001510  SK증권       3,800    0.0    +0.0%    0.0x     중간  1.66  1/0 [일봉]
056080  유진로봇      23,400   61.1    -9.0%    0.5x     하단 14.92  4/0 [5분]
084850  아이티엠반도체   13,590   45.3    -4.0%    0.2x     하단  8.08  4/0 [5분]
⛔ 금양(001570) 호가 없음 (거래정지 의심)

══════════════════════════════════════════════════
📉 KODEX200 -4.0% 하락장 — 신규 매수 중단
→ 전종목 HOLD
✅ Discord 전송 완료

[13:40] HOLD | KODEX RSI65/-4.0%⚠️ | 보유:없음 | 최고신호 유진로봇(056080) 4/2개 [하락-9.0% / BB하단 / MA골 / 호가14.9]
💰 예수금 100,426원 | KODEX200 RSI65/-3.9% 과열⚠️ | 매수기준 2개↑

코드      종목명           가격    RSI     변화율    거래량     BB   호가비  B/S
────────────────────────────────────────────────────────────────────────
[2단계 분석 대상: 207940, 056080, 003670, 000660, 247540]
403870  HPSP      48,650    0.0    +0.0%    0.0x     중간  4.12  1/0 [일봉]
058470  리노공업      96,900    0.0    +0.0%    0.0x     중간  2.87  1/0 [일봉]
⛔ 아우토크립트(137040) 호가 없음 (거래정지 의심)
055550  신한지주      92,700    0.0    +0.0%    0.0x     중간  1.07  0/0 [일봉]
035720  카카오       41,500    0.0    +0.0%    0.0x     중간  3.46  1/0 [일봉]
015760  한국전력      38,900    0.0    +0.0%    0.0x     중간  1.32  1/0 [일봉]
078930  GS        74,300    0.0    +0.0%    0.0x     중간  1.15  0/0 [일봉]
061250  화일약품       8,460    0.0    +0.0%    0.0x     중간  0.42  0/0 [일봉]
217820  원익피앤이      2,890    0.0    +0.0%    0.0x     중간  5.63  1/0 [일봉]
001510  SK증권       3,795    0.0    +0.0%    0.0x     중간  1.82  1/0 [일봉]
056080  유진로봇      23,400   61.1    -9.0%    0.5x     하단  9.53  4/0 [5분]
084850  아이티엠반도체   13,570    0.0    +0.0%    0.0x     중간  2.34  1/0 [일봉]
⛔ 금양(001570) 호가 없음 (거래정지 의심)

══════════════════════════════════════════════════
📉 KODEX200 -3.9% 하락장 — 신규 매수 중단
→ 전종목 HOLD
✅ Discord 전송 완료

[13:42] HOLD | KODEX RSI65/-3.9%⚠️ | 보유:없음 | 최고신호 유진로봇(056080) 4/2개 [하락-9.0% / BB하단 / MA골 / 호가9.5]
💰 예수금 100,426원 | KODEX200 RSI65/-3.9% 과열⚠️ | 매수기준 2개↑

코드      종목명           가격    RSI     변화율    거래량     BB   호가비  B/S
────────────────────────────────────────────────────────────────────────
[2단계 분석 대상: 056080, 207940, 000270, 000660, 247540]
403870  HPSP      48,650    0.0    +0.0%    0.0x     중간  4.72  1/0 [일봉]
058470  리노공업      96,900    0.0    +0.0%    0.0x     중간  2.74  1/0 [일봉]
⛔ 아우토크립트(137040) 호가 없음 (거래정지 의심)
055550  신한지주      92,700    0.0    +0.0%    0.0x     중간  0.89  0/0 [일봉]
035720  카카오       41,450    0.0    +0.0%    0.0x     중간  3.91  1/0 [일봉]
015760  한국전력      38,900    0.0    +0.0%    0.0x     중간  1.25  1/0 [일봉]
078930  GS        74,200    0.0    +0.0%    0.0x     중간  2.32  1/0 [일봉]
061250  화일약품       8,460    0.0    +0.0%    0.0x     중간  0.42  0/0 [일봉]
217820  원익피앤이      2,890    0.0    +0.0%    0.0x     중간  5.56  1/0 [일봉]
001510  SK증권       3,795    0.0    +0.0%    0.0x     중간  1.78  1/0 [일봉]
056080  유진로봇      23,350   61.1    -9.0%    0.5x     하단 13.22  4/0 [5분]
084850  아이티엠반도체   13,570    0.0    +0.0%    0.0x     중간  2.34  1/0 [일봉]
⛔ 금양(001570) 호가 없음 (거래정지 의심)

══════════════════════════════════════════════════
📉 KODEX200 -3.9% 하락장 — 신규 매수 중단
→ 전종목 HOLD
✅ Discord 전송 완료

[13:44] HOLD | KODEX RSI65/-3.9%⚠️ | 보유:없음 | 최고신호 유진로봇(056080) 4/2개 [하락-9.0% / BB하단 / MA골 / 호가13.2]
💰 예수금 100,426원 | KODEX200 RSI65/-4.0% 과열⚠️ | 매수기준 2개↑

코드      종목명           가격    RSI     변화율    거래량     BB   호가비  B/S
────────────────────────────────────────────────────────────────────────
[2단계 분석 대상: 056080, 000660, 207940, 247540, 003670]
403870  HPSP      48,650    0.0    +0.0%    0.0x     중간  5.40  1/0 [일봉]
058470  리노공업      96,900    0.0    +0.0%    0.0x     중간  3.64  1/0 [일봉]
⛔ 아우토크립트(137040) 호가 없음 (거래정지 의심)
055550  신한지주      92,700    0.0    +0.0%    0.0x     중간  0.86  0/0 [일봉]
035720  카카오       41,450    0.0    +0.0%    0.0x     중간  3.55  1/0 [일봉]
015760  한국전력      38,850    0.0    +0.0%    0.0x     중간  1.52  1/0 [일봉]
078930  GS        74,400    0.0    +0.0%    0.0x     중간  1.20  1/0 [일봉]
061250  화일약품       8,470    0.0    +0.0%    0.0x     중간  0.56  0/0 [일봉]
217820  원익피앤이      2,890    0.0    +0.0%    0.0x     중간  5.79  1/0 [일봉]
001510  SK증권       3,800    0.0    +0.0%    0.0x     중간  1.39  1/0 [일봉]
056080  유진로봇      23,350   56.2    -9.2%    0.5x     하단 10.24  4/0 [5분]
084850  아이티엠반도체   13,570    0.0    +0.0%    0.0x     중간  2.34  1/0 [일봉]
⛔ 금양(001570) 호가 없음 (거래정지 의심)

══════════════════════════════════════════════════
📉 KODEX200 -4.0% 하락장 — 신규 매수 중단
→ 전종목 HOLD
✅ Discord 전송 완료

[13:46] HOLD | KODEX RSI65/-4.0%⚠️ | 보유:없음 | 최고신호 유진로봇(056080) 4/2개 [하락-9.2% / BB하단 / MA골 / 호가10.2]
💰 예수금 100,426원 | KODEX200 RSI64/-4.2% 과열⚠️ | 매수기준 2개↑

코드      종목명           가격    RSI     변화율    거래량     BB   호가비  B/S
────────────────────────────────────────────────────────────────────────
[2단계 분석 대상: 056080, 000660, 003670, 217820, 207940]
403870  HPSP      48,650    0.0    +0.0%    0.0x     중간  3.91  1/0 [일봉]
058470  리노공업      96,700    0.0    +0.0%    0.0x     중간  3.17  1/0 [일봉]
⛔ 아우토크립트(137040) 호가 없음 (거래정지 의심)
055550  신한지주      92,500    0.0    +0.0%    0.0x     중간  0.75  0/0 [일봉]
035720  카카오       41,450    0.0    +0.0%    0.0x     중간  3.48  1/0 [일봉]
015760  한국전력      38,900    0.0    +0.0%    0.0x     중간  1.26  1/0 [일봉]
078930  GS        74,500    0.0    +0.0%    0.0x     중간  1.32  1/0 [일봉]
061250  화일약품       8,510    0.0    +0.0%    0.0x     중간  1.11  0/0 [일봉]
217820  원익피앤이      2,885   57.1    -5.6%    0.5x     하단  5.99  4/0 [5분]
001510  SK증권       3,795    0.0    +0.0%    0.0x     중간  1.52  1/0 [일봉]
056080  유진로봇      23,300   56.2    -9.4%    0.5x     하단 11.36  4/0 [5분]
084850  아이티엠반도체   13,540    0.0    +0.0%    0.0x     중간  2.75  1/0 [일봉]
⛔ 금양(001570) 호가 없음 (거래정지 의심)

══════════════════════════════════════════════════
📉 KODEX200 -4.2% 하락장 — 신규 매수 중단
→ 전종목 HOLD
✅ Discord 전송 완료

[13:48] HOLD | KODEX RSI64/-4.2%⚠️ | 보유:없음 | 최고신호 원익피앤이(217820) 4/2개 [하락-5.6% / BB하단 / MA골 / 호가6.0]
💰 예수금 100,426원 | KODEX200 RSI64/-4.2% 과열⚠️ | 매수기준 2개↑

코드      종목명           가격    RSI     변화율    거래량     BB   호가비  B/S
────────────────────────────────────────────────────────────────────────
[2단계 분석 대상: 000660, 056080, 217820, 035420, 051910]
403870  HPSP      48,600    0.0    +0.0%    0.0x     중간  4.21  1/0 [일봉]
058470  리노공업      96,600    0.0    +0.0%    0.0x     중간  2.97  1/0 [일봉]
⛔ 아우토크립트(137040) 호가 없음 (거래정지 의심)
055550  신한지주      92,600    0.0    +0.0%    0.0x     중간  0.71  0/0 [일봉]
035720  카카오       41,400    0.0    +0.0%    0.0x     중간  3.99  1/0 [일봉]
015760  한국전력      38,900    0.0    +0.0%    0.0x     중간  1.24  1/0 [일봉]
078930  GS        74,400    0.0    +0.0%    0.0x     중간  1.05  0/0 [일봉]
061250  화일약품       8,520    0.0    +0.0%    0.0x     중간  0.36  0/0 [일봉]
217820  원익피앤이      2,885   57.1    -5.6%    0.5x     하단  6.04  4/0 [5분]
001510  SK증권       3,795    0.0    +0.0%    0.0x     중간  1.62  1/0 [일봉]
056080  유진로봇      23,300   75.0    -9.2%    0.5x     하단  6.81  4/0 [5분]
084850  아이티엠반도체   13,540    0.0    +0.0%    0.0x     중간  2.62  1/0 [일봉]
⛔ 금양(001570) 호가 없음 (거래정지 의심)

══════════════════════════════════════════════════
📉 KODEX200 -4.2% 하락장 — 신규 매수 중단
→ 전종목 HOLD
✅ Discord 전송 완료

[13:50] HOLD | KODEX RSI64/-4.2%⚠️ | 보유:없음 | 최고신호 원익피앤이(217820) 4/2개 [하락-5.6% / BB하단 / MA골 / 호가6.0]
💰 예수금 100,426원 | KODEX200 RSI65/-3.8% 과열⚠️ | 매수기준 2개↑

코드      종목명           가격    RSI     변화율    거래량     BB   호가비  B/S
────────────────────────────────────────────────────────────────────────
[2단계 분석 대상: 056080, 217820, 000270, 403870, 207940]
403870  HPSP      49,000   39.1    -6.2%    0.4x     하단  6.95  4/0 [5분]
058470  리노공업      97,100    0.0    +0.0%    0.0x     중간  4.57  1/0 [일봉]
⛔ 아우토크립트(137040) 호가 없음 (거래정지 의심)
055550  신한지주      92,600    0.0    +0.0%    0.0x     중간  0.84  0/0 [일봉]
035720  카카오       41,500    0.0    +0.0%    0.0x     중간  3.92  1/0 [일봉]
015760  한국전력      38,950    0.0    +0.0%    0.0x     중간  1.02  0/0 [일봉]
078930  GS        74,500    0.0    +0.0%    0.0x     중간  1.21  1/0 [일봉]
061250  화일약품       8,500    0.0    +0.0%    0.0x     중간  0.51  0/0 [일봉]
217820  원익피앤이      2,895   55.6    -5.6%    0.5x     하단  8.15  4/0 [5분]
001510  SK증권       3,805    0.0    +0.0%    0.0x     중간  1.09  0/0 [일봉]
056080  유진로봇      23,400   75.0    -9.0%    0.5x     하단  8.35  4/0 [5분]
084850  아이티엠반도체   13,540    0.0    +0.0%    0.0x     중간  2.59  1/0 [일봉]
⛔ 금양(001570) 호가 없음 (거래정지 의심)

══════════════════════════════════════════════════
📉 KODEX200 -3.8% 하락장 — 신규 매수 중단
→ 전종목 HOLD
✅ Discord 전송 완료

[13:52] HOLD | KODEX RSI65/-3.8%⚠️ | 보유:없음 | 최고신호 HPSP(403870) 4/2개 [RSI39 / 하락-6.2% / BB하단 / 호가7.0]
💰 예수금 100,426원 | KODEX200 RSI65/-3.8% 과열⚠️ | 매수기준 2개↑

코드      종목명           가격    RSI     변화율    거래량     BB   호가비  B/S
────────────────────────────────────────────────────────────────────────
[2단계 분석 대상: 056080, 207940, 058470, 403870, 217820]
403870  HPSP      48,950   41.7    -6.4%    0.4x     하단  7.71  4/0 [5분]
058470  리노공업      96,800   44.4    -4.0%    0.4x     하단  8.53  4/0 [5분]
⛔ 아우토크립트(137040) 호가 없음 (거래정지 의심)
055550  신한지주      92,600    0.0    +0.0%    0.0x     중간  0.83  0/0 [일봉]
035720  카카오       41,450    0.0    +0.0%    0.0x     중간  4.32  1/0 [일봉]
015760  한국전력      38,900    0.0    +0.0%    0.0x     중간  1.09  0/0 [일봉]
078930  GS        74,600    0.0    +0.0%    0.0x     중간  1.25  1/0 [일봉]
061250  화일약품       8,500    0.0    +0.0%    0.0x     중간  0.61  0/0 [일봉]
217820  원익피앤이      2,895   55.6    -5.6%    0.5x     하단  7.24  4/0 [5분]
001510  SK증권       3,800    0.0    +0.0%    0.0x     중간  1.87  1/0 [일봉]
056080  유진로봇      23,400   71.4    -9.0%    0.5x     하단  8.64  4/0 [5분]
084850  아이티엠반도체   13,560    0.0    +0.0%    0.0x     중간  2.72  1/0 [일봉]
⛔ 금양(001570) 호가 없음 (거래정지 의심)

══════════════════════════════════════════════════
📉 KODEX200 -3.8% 하락장 — 신규 매수 중단
→ 전종목 HOLD
✅ Discord 전송 완료

[13:54] HOLD | KODEX RSI65/-3.8%⚠️ | 보유:없음 | 최고신호 HPSP(403870) 4/2개 [RSI42 / 하락-6.4% / BB하단 / 호가7.7]
💰 예수금 100,426원 | KODEX200 RSI65/-3.8% 과열⚠️ | 매수기준 2개↑

코드      종목명           가격    RSI     변화율    거래량     BB   호가비  B/S
────────────────────────────────────────────────────────────────────────
[2단계 분석 대상: 207940, 056080, 000270, 217820, 403870]
403870  HPSP      49,050   41.7    -5.9%    0.4x     하단  6.21  4/0 [5분]
058470  리노공업      97,000    0.0    +0.0%    0.0x     중간  5.22  1/0 [일봉]
⛔ 아우토크립트(137040) 호가 없음 (거래정지 의심)
055550  신한지주      92,600    0.0    +0.0%    0.0x     중간  1.04  0/0 [일봉]
035720  카카오       41,500    0.0    +0.0%    0.0x     중간  4.05  1/0 [일봉]
015760  한국전력      38,900    0.0    +0.0%    0.0x     중간  1.20  1/0 [일봉]
078930  GS        75,000    0.0    +0.0%    0.0x     중간  1.52  1/0 [일봉]
061250  화일약품       8,490    0.0    +0.0%    0.0x     중간  0.40  0/0 [일봉]
217820  원익피앤이      2,895   48.3    -5.6%    0.5x     하단  7.28  5/0 [5분]
001510  SK증권       3,800    0.0    +0.0%    0.0x     중간  1.98  1/0 [일봉]
056080  유진로봇      23,500   71.4    -8.6%    0.5x     하단  8.26  4/0 [5분]
084850  아이티엠반도체   13,580    0.0    +0.0%    0.0x     중간  2.73  1/0 [일봉]
⛔ 금양(001570) 호가 없음 (거래정지 의심)

══════════════════════════════════════════════════
📉 KODEX200 -3.8% 하락장 — 신규 매수 중단
→ 전종목 HOLD
✅ Discord 전송 완료

[13:56] HOLD | KODEX RSI65/-3.8%⚠️ | 보유:없음 | 최고신호 원익피앤이(217820) 5/2개 [RSI48 / 하락-5.6% / BB하단 / MA골 / 호가7.3]
💰 예수금 100,426원 | KODEX200 RSI65/-3.8% 과열⚠️ | 매수기준 2개↑

코드      종목명           가격    RSI     변화율    거래량     BB   호가비  B/S
────────────────────────────────────────────────────────────────────────
[2단계 분석 대상: 403870, 056080, 000270, 207940, 003670]
403870  HPSP      48,950   41.7    -6.2%    0.4x     하단 20.27  4/0 [5분]
058470  리노공업      96,700    0.0    +0.0%    0.0x     중간  5.57  1/0 [일봉]
⛔ 아우토크립트(137040) 호가 없음 (거래정지 의심)
055550  신한지주      92,500    0.0    +0.0%    0.0x     중간  1.00  0/0 [일봉]
035720  카카오       41,500    0.0    +0.0%    0.0x     중간  3.66  1/0 [일봉]
015760  한국전력      38,850    0.0    +0.0%    0.0x     중간  1.37  1/0 [일봉]
078930  GS        75,200    0.0    +0.0%    0.0x     중간  1.73  1/0 [일봉]
061250  화일약품       8,500    0.0    +0.0%    0.0x     중간  0.42  0/0 [일봉]
217820  원익피앤이      2,890    0.0    +0.0%    0.0x     중간  5.20  1/0 [일봉]
001510  SK증권       3,805    0.0    +0.0%    0.0x     중간  1.15  0/0 [일봉]
056080  유진로봇      23,450   71.4    -8.8%    0.5x     하단 10.71  4/0 [5분]
084850  아이티엠반도체   13,580    0.0    +0.0%    0.0x     중간  2.69  1/0 [일봉]
⛔ 금양(001570) 호가 없음 (거래정지 의심)

══════════════════════════════════════════════════
📉 KODEX200 -3.8% 하락장 — 신규 매수 중단
→ 전종목 HOLD
✅ Discord 전송 완료

[13:58] HOLD | KODEX RSI65/-3.8%⚠️ | 보유:없음 | 최고신호 HPSP(403870) 4/2개 [RSI42 / 하락-6.2% / BB하단 / 호가20.3]
💰 예수금 100,426원 | KODEX200 RSI65/-3.7% 과열⚠️ | 매수기준 2개↑

코드      종목명           가격    RSI     변화율    거래량     BB   호가비  B/S
────────────────────────────────────────────────────────────────────────
[2단계 분석 대상: 056080, 000270, 003670, 217820, 058470]
403870  HPSP      49,100    0.0    +0.0%    0.0x     중간  4.85  1/0 [일봉]
058470  리노공업      96,900   37.5    -4.1%    0.4x     하단  4.92  4/0 [5분]
⛔ 아우토크립트(137040) 호가 없음 (거래정지 의심)
055550  신한지주      92,900    0.0    +0.0%    0.0x     중간  1.45  1/0 [일봉]
035720  카카오       41,600    0.0    +0.0%    0.0x     중간  1.63  1/0 [일봉]
015760  한국전력      38,950    0.0    +0.0%    0.0x     중간  1.19  0/0 [일봉]
078930  GS        75,300    0.0    +0.0%    0.0x     중간  1.32  1/0 [일봉]
061250  화일약품       8,500    0.0    +0.0%    0.0x     중간  0.45  0/0 [일봉]
217820  원익피앤이      2,890   60.0    -5.2%    0.5x     하단  5.95  4/0 [5분]
001510  SK증권       3,810    0.0    +0.0%    0.0x     중간  1.63  1/0 [일봉]
056080  유진로봇      23,450   75.0    -8.8%    0.5x     하단  8.72  4/0 [5분]
084850  아이티엠반도체   13,690    0.0    +0.0%    0.0x     중간  1.60  1/0 [일봉]
⛔ 금양(001570) 호가 없음 (거래정지 의심)

══════════════════════════════════════════════════
📉 KODEX200 -3.7% 하락장 — 신규 매수 중단
→ 전종목 HOLD
✅ Discord 전송 완료

[14:00] HOLD | KODEX RSI65/-3.7%⚠️ | 보유:없음 | 최고신호 리노공업(058470) 4/2개 [RSI38 / 하락-4.1% / BB하단 / 호가4.9]
💰 예수금 100,426원 | KODEX200 RSI65/-3.5% 과열⚠️ | 매수기준 2개↑

코드      종목명           가격    RSI     변화율    거래량     BB   호가비  B/S
────────────────────────────────────────────────────────────────────────
[2단계 분석 대상: 207940, 056080, 217820, 003670, 058470]
403870  HPSP      49,050    0.0    +0.0%    0.0x     중간  3.70  1/0 [일봉]
058470  리노공업      97,000   37.5    -4.0%    0.4x     하단  5.15  4/0 [5분]
⛔ 아우토크립트(137040) 호가 없음 (거래정지 의심)
055550  신한지주      93,400    0.0    +0.0%    0.0x     중간  1.56  1/0 [일봉]
035720  카카오       41,600    0.0    +0.0%    0.0x     중간  1.54  1/0 [일봉]
015760  한국전력      38,900    0.0    +0.0%    0.0x     중간  1.26  1/0 [일봉]
078930  GS        75,300    0.0    +0.0%    0.0x     중간  1.12  0/0 [일봉]
061250  화일약품       8,500    0.0    +0.0%    0.0x     중간  0.35  0/0 [일봉]
217820  원익피앤이      2,885   60.0    -5.4%    0.5x     하단  7.20  4/0 [5분]
001510  SK증권       3,800    0.0    +0.0%    0.0x     중간  1.84  1/0 [일봉]
056080  유진로봇      23,500   75.0    -8.6%    0.5x     하단  8.10  4/0 [5분]
084850  아이티엠반도체   13,690    0.0    +0.0%    0.0x     중간  0.50  0/0 [일봉]
⛔ 금양(001570) 호가 없음 (거래정지 의심)

══════════════════════════════════════════════════
📉 KODEX200 -3.5% 하락장 — 신규 매수 중단
→ 전종목 HOLD
✅ Discord 전송 완료

[14:02] HOLD | KODEX RSI65/-3.5%⚠️ | 보유:없음 | 최고신호 리노공업(058470) 4/2개 [RSI38 / 하락-4.0% / BB하단 / 호가5.2]
💰 예수금 100,426원 | KODEX200 RSI65/-3.6% 과열⚠️ | 매수기준 2개↑

코드      종목명           가격    RSI     변화율    거래량     BB   호가비  B/S
────────────────────────────────────────────────────────────────────────
[2단계 분석 대상: 207940, 056080, 403870, 217820, 058470]
403870  HPSP      49,000   48.1    -6.1%    0.4x     하단  9.22  4/0 [5분]
058470  리노공업      96,900   41.5    -4.1%    0.4x     하단  6.66  4/0 [5분]
⛔ 아우토크립트(137040) 호가 없음 (거래정지 의심)
055550  신한지주      93,400    0.0    +0.0%    0.0x     중간  1.04  0/0 [일봉]
035720  카카오       41,550    0.0    +0.0%    0.0x     중간  2.07  1/0 [일봉]
015760  한국전력      38,850    0.0    +0.0%    0.0x     중간  1.61  1/0 [일봉]
078930  GS        75,300    0.0    +0.0%    0.0x     중간  0.86  0/0 [일봉]
061250  화일약품       8,500    0.0    +0.0%    0.0x     중간  0.38  0/0 [일봉]
217820  원익피앤이      2,890   60.0    -5.6%    0.5x     하단  7.62  4/0 [5분]
001510  SK증권       3,795    0.0    +0.0%    0.0x     중간  2.42  1/0 [일봉]
056080  유진로봇      23,400   76.5    -8.8%    0.5x     하단 11.23  4/0 [5분]
084850  아이티엠반도체   13,710    0.0    +0.0%    0.0x     중간  0.81  0/0 [일봉]
⛔ 금양(001570) 호가 없음 (거래정지 의심)

══════════════════════════════════════════════════
📉 KODEX200 -3.6% 하락장 — 신규 매수 중단
→ 전종목 HOLD
✅ Discord 전송 완료

[14:04] HOLD | KODEX RSI65/-3.6%⚠️ | 보유:없음 | 최고신호 HPSP(403870) 4/2개 [RSI48 / 하락-6.1% / BB하단 / 호가9.2]
💰 예수금 100,426원 | KODEX200 RSI65/-3.8% 과열⚠️ | 매수기준 2개↑

코드      종목명           가격    RSI     변화율    거래량     BB   호가비  B/S
────────────────────────────────────────────────────────────────────────
[2단계 분석 대상: 056080, 207940, 403870, 217820, 247540]
403870  HPSP      48,950   48.1    -6.4%    0.4x     하단  7.65  4/0 [5분]
058470  리노공업      96,900    0.0    +0.0%    0.0x     중간  3.93  1/0 [일봉]
⛔ 아우토크립트(137040) 호가 없음 (거래정지 의심)
055550  신한지주      93,300    0.0    +0.0%    0.0x     중간  1.12  0/0 [일봉]
035720  카카오       41,550    0.0    +0.0%    0.0x     중간  1.78  1/0 [일봉]
015760  한국전력      38,750    0.0    +0.0%    0.0x     중간  1.86  1/0 [일봉]
078930  GS        75,300    0.0    +0.0%    0.0x     중간  0.24  0/0 [일봉]
061250  화일약품       8,500    0.0    +0.0%    0.0x     중간  0.44  0/0 [일봉]
217820  원익피앤이      2,885   60.0    -5.4%    0.5x     하단  6.56  4/0 [5분]
001510  SK증권       3,795    0.0    +0.0%    0.0x     중간  2.39  1/0 [일봉]
056080  유진로봇      23,400   76.5    -8.8%    0.5x     하단 14.59  4/0 [5분]
084850  아이티엠반도체   13,660    0.0    +0.0%    0.0x     중간  0.81  0/0 [일봉]
⛔ 금양(001570) 호가 없음 (거래정지 의심)

══════════════════════════════════════════════════
📉 KODEX200 -3.8% 하락장 — 신규 매수 중단
→ 전종목 HOLD
✅ Discord 전송 완료

[14:06] HOLD | KODEX RSI65/-3.8%⚠️ | 보유:없음 | 최고신호 HPSP(403870) 4/2개 [RSI48 / 하락-6.4% / BB하단 / 호가7.7]
💰 예수금 100,426원 | KODEX200 RSI65/-4.0% 과열⚠️ | 매수기준 2개↑

코드      종목명           가격    RSI     변화율    거래량     BB   호가비  B/S
────────────────────────────────────────────────────────────────────────
[2단계 분석 대상: 056080, 403870, 217820, 207940, 247540]
403870  HPSP      48,950   48.1    -6.1%    0.5x     하단 10.05  4/0 [5분]
058470  리노공업      97,000    0.0    +0.0%    0.0x     중간  3.47  1/0 [일봉]
⛔ 아우토크립트(137040) 호가 없음 (거래정지 의심)
055550  신한지주      93,300    0.0    +0.0%    0.0x     중간  1.32  1/0 [일봉]
035720  카카오       41,500    0.0    +0.0%    0.0x     중간  3.38  1/0 [일봉]
015760  한국전력      38,700    0.0    +0.0%    0.0x     중간  1.77  1/0 [일봉]
078930  GS        75,300    0.0    +0.0%    0.0x     중간  0.36  0/0 [일봉]
061250  화일약품       8,500    0.0    +0.0%    0.0x     중간  0.41  0/0 [일봉]
217820  원익피앤이      2,890   60.0    -5.4%    0.5x     하단  7.63  4/0 [5분]
001510  SK증권       3,795    0.0    +0.0%    0.0x     중간  2.23  1/0 [일봉]
056080  유진로봇      23,350   76.5    -9.0%    0.5x     하단 14.07  4/0 [5분]
084850  아이티엠반도체   13,640    0.0    +0.0%    0.0x     중간  0.76  0/0 [일봉]
⛔ 금양(001570) 호가 없음 (거래정지 의심)

══════════════════════════════════════════════════
📉 KODEX200 -4.0% 하락장 — 신규 매수 중단
→ 전종목 HOLD
✅ Discord 전송 완료

[14:08] HOLD | KODEX RSI65/-4.0%⚠️ | 보유:없음 | 최고신호 HPSP(403870) 4/2개 [RSI48 / 하락-6.1% / BB하단 / 호가10.1]
💰 예수금 100,426원 | KODEX200 RSI66/-3.3% 과열⚠️ | 매수기준 2개↑

코드      종목명           가격    RSI     변화율    거래량     BB   호가비  B/S
────────────────────────────────────────────────────────────────────────
[2단계 분석 대상: 217820, 056080, 207940, 003670, 005380]
403870  HPSP      49,350    0.0    +0.0%    0.0x     중간  1.51  1/0 [일봉]
058470  리노공업      97,200    0.0    +0.0%    0.0x     중간  2.13  1/0 [일봉]
⛔ 아우토크립트(137040) 호가 없음 (거래정지 의심)
055550  신한지주      93,500    0.0    +0.0%    0.0x     중간  1.28  1/0 [일봉]
035720  카카오       41,600    0.0    +0.0%    0.0x     중간  1.38  1/0 [일봉]
015760  한국전력      38,850    0.0    +0.0%    0.0x     중간  1.15  0/0 [일봉]
078930  GS        75,300    0.0    +0.0%    0.0x     중간  0.28  0/0 [일봉]
061250  화일약품       8,580    0.0    +0.0%    0.0x     중간  0.70  0/0 [일봉]
217820  원익피앤이      2,905   64.8    -4.8%    0.5x     하단  9.12  4/0 [5분]
001510  SK증권       3,795    0.0    +0.0%    0.0x     중간  2.30  1/0 [일봉]
056080  유진로봇      23,500   80.8    -8.4%    0.5x     하단  7.23  4/0 [5분]
084850  아이티엠반도체   13,640    0.0    +0.0%    0.0x     중간  0.83  0/0 [일봉]
⛔ 금양(001570) 호가 없음 (거래정지 의심)

══════════════════════════════════════════════════
📉 KODEX200 -3.3% 하락장 — 신규 매수 중단
→ 전종목 HOLD
✅ Discord 전송 완료

[14:10] HOLD | KODEX RSI66/-3.3%⚠️ | 보유:없음 | 최고신호 원익피앤이(217820) 4/2개 [하락-4.8% / BB하단 / MA골 / 호가9.1]
💰 예수금 100,426원 | KODEX200 RSI66/-3.1% 과열⚠️ | 매수기준 2개↑

코드      종목명           가격    RSI     변화율    거래량     BB   호가비  B/S
────────────────────────────────────────────────────────────────────────
[2단계 분석 대상: 217820, 056080, 005380, 207940, 086790]
403870  HPSP      49,650    0.0    +0.0%    0.0x     중간  0.49  0/0 [일봉]
058470  리노공업      97,700    0.0    +0.0%    0.0x     중간  1.09  0/0 [일봉]
⛔ 아우토크립트(137040) 호가 없음 (거래정지 의심)
055550  신한지주      93,500    0.0    +0.0%    0.0x     중간  1.21  1/0 [일봉]
035720  카카오       41,600    0.0    +0.0%    0.0x     중간  1.47  1/0 [일봉]
015760  한국전력      38,850    0.0    +0.0%    0.0x     중간  1.19  0/0 [일봉]
078930  GS        75,200    0.0    +0.0%    0.0x     중간  0.29  0/0 [일봉]
061250  화일약품       8,580    0.0    +0.0%    0.0x     중간  0.59  0/0 [일봉]
217820  원익피앤이      2,940   64.8    -4.4%    0.5x     하단  5.68  4/0 [5분]
001510  SK증권       3,805    0.0    +0.0%    0.0x     중간  1.19  0/0 [일봉]
056080  유진로봇      23,500   80.8    -8.6%    0.5x     하단  4.33  4/0 [5분]
084850  아이티엠반도체   13,640    0.0    +0.0%    0.0x     중간  0.80  0/0 [일봉]
⛔ 금양(001570) 호가 없음 (거래정지 의심)

══════════════════════════════════════════════════
📉 KODEX200 -3.1% 하락장 — 신규 매수 중단
→ 전종목 HOLD
✅ Discord 전송 완료

[14:12] HOLD | KODEX RSI66/-3.1%⚠️ | 보유:없음 | 최고신호 원익피앤이(217820) 4/2개 [하락-4.4% / BB하단 / MA골 / 호가5.7]
💰 예수금 100,426원 | KODEX200 RSI66/-3.2% 과열⚠️ | 매수기준 2개↑

코드      종목명           가격    RSI     변화율    거래량     BB   호가비  B/S
────────────────────────────────────────────────────────────────────────
[2단계 분석 대상: 217820, 056080, 005380, 058470, 066970]
403870  HPSP      49,450    0.0    +0.0%    0.0x     중간  0.87  0/0 [일봉]
058470  리노공업      97,300   45.0    -3.8%    0.4x     하단  3.39  4/0 [5분]
⛔ 아우토크립트(137040) 호가 없음 (거래정지 의심)
055550  신한지주      93,400    0.0    +0.0%    0.0x     중간  1.39  1/0 [일봉]
035720  카카오       41,550    0.0    +0.0%    0.0x     중간  1.60  1/0 [일봉]
015760  한국전력      38,850    0.0    +0.0%    0.0x     중간  1.34  1/0 [일봉]
078930  GS        75,200    0.0    +0.0%    0.0x     중간  0.29  0/0 [일봉]
061250  화일약품       8,580    0.0    +0.0%    0.0x     중간  0.60  0/0 [일봉]
217820  원익피앤이      2,920   64.8    -4.9%    0.5x     하단  9.70  4/0 [5분]
001510  SK증권       3,805    0.0    +0.0%    0.0x     중간  1.06  0/0 [일봉]
056080  유진로봇      23,450   76.9    -8.8%    0.5x     하단  5.60  4/0 [5분]
084850  아이티엠반도체   13,790    0.0    +0.0%    0.0x     중간  0.98  0/0 [일봉]
⛔ 금양(001570) 호가 없음 (거래정지 의심)

══════════════════════════════════════════════════
📉 KODEX200 -3.2% 하락장 — 신규 매수 중단
→ 전종목 HOLD
✅ Discord 전송 완료

[14:14] HOLD | KODEX RSI66/-3.2%⚠️ | 보유:없음 | 최고신호 리노공업(058470) 4/2개 [RSI45 / 하락-3.8% / BB하단 / 호가3.4]
💰 예수금 100,426원 | KODEX200 RSI66/-3.3% 과열⚠️ | 매수기준 2개↑

코드      종목명           가격    RSI     변화율    거래량     BB   호가비  B/S
────────────────────────────────────────────────────────────────────────
[2단계 분석 대상: 056080, 217820, 005380, 207940, 000660]
403870  HPSP      49,350    0.0    +0.0%    0.0x     중간  1.31  1/0 [일봉]
058470  리노공업      97,200    0.0    +0.0%    0.0x     중간  2.42  1/0 [일봉]
⛔ 아우토크립트(137040) 호가 없음 (거래정지 의심)
055550  신한지주      93,500    0.0    +0.0%    0.0x     중간  1.24  1/0 [일봉]
035720  카카오       41,550    0.0    +0.0%    0.0x     중간  1.71  1/0 [일봉]
015760  한국전력      38,850    0.0    +0.0%    0.0x     중간  1.40  1/0 [일봉]
078930  GS        75,300    0.0    +0.0%    0.0x     중간  0.66  0/0 [일봉]
061250  화일약품       8,600    0.0    +0.0%    0.0x     중간  1.19  0/0 [일봉]
217820  원익피앤이      2,925   58.1    -4.3%    0.5x     하단  6.16  4/0 [5분]
001510  SK증권       3,795    0.0    +0.0%    0.0x     중간  1.77  1/0 [일봉]
056080  유진로봇      23,400   76.9    -8.8%    0.5x     하단  8.59  4/0 [5분]
084850  아이티엠반도체   13,650    0.0    +0.0%    0.0x     중간  0.92  0/0 [일봉]
⛔ 금양(001570) 호가 없음 (거래정지 의심)

══════════════════════════════════════════════════
📉 KODEX200 -3.3% 하락장 — 신규 매수 중단
→ 전종목 HOLD
✅ Discord 전송 완료

[14:16] HOLD | KODEX RSI66/-3.3%⚠️ | 보유:없음 | 최고신호 원익피앤이(217820) 4/2개 [하락-4.3% / BB하단 / MA골 / 호가6.2]
💰 예수금 100,426원 | KODEX200 RSI66/-3.3% 과열⚠️ | 매수기준 2개↑

코드      종목명           가격    RSI     변화율    거래량     BB   호가비  B/S
────────────────────────────────────────────────────────────────────────
[2단계 분석 대상: 056080, 217820, 005380, 058470, 086790]
403870  HPSP      49,300    0.0    +0.0%    0.0x     중간  2.68  1/0 [일봉]
058470  리노공업      97,100   45.0    -3.9%    0.4x     하단  4.06  4/0 [5분]
⛔ 아우토크립트(137040) 호가 없음 (거래정지 의심)
055550  신한지주      93,500    0.0    +0.0%    0.0x     중간  1.00  0/0 [일봉]
035720  카카오       41,550    0.0    +0.0%    0.0x     중간  1.62  1/0 [일봉]
015760  한국전력      38,950    0.0    +0.0%    0.0x     중간  1.00  0/0 [일봉]
078930  GS        75,300    0.0    +0.0%    0.0x     중간  0.33  0/0 [일봉]
061250  화일약품       8,660    0.0    +0.0%    0.0x     중간  0.31  0/0 [일봉]
217820  원익피앤이      2,920   58.1    -4.4%    0.5x     하단  6.04  4/0 [5분]
001510  SK증권       3,790    0.0    +0.0%    0.0x     중간  1.79  1/0 [일봉]
056080  유진로봇      23,400   76.9    -8.8%    0.5x     하단  8.87  4/0 [5분]
084850  아이티엠반도체   13,650    0.0    +0.0%    0.0x     중간  1.02  0/0 [일봉]
⛔ 금양(001570) 호가 없음 (거래정지 의심)

══════════════════════════════════════════════════
📉 KODEX200 -3.3% 하락장 — 신규 매수 중단
→ 전종목 HOLD
✅ Discord 전송 완료

[14:18] HOLD | KODEX RSI66/-3.3%⚠️ | 보유:없음 | 최고신호 리노공업(058470) 4/2개 [RSI45 / 하락-3.9% / BB하단 / 호가4.1]
💰 예수금 100,426원 | KODEX200 RSI66/-3.0% 과열⚠️ | 매수기준 2개↑

코드      종목명           가격    RSI     변화율    거래량     BB   호가비  B/S
────────────────────────────────────────────────────────────────────────
[2단계 분석 대상: 217820, 056080, 005380, 066970, 207940]
403870  HPSP      49,400    0.0    +0.0%    0.0x     중간  1.84  1/0 [일봉]
058470  리노공업      97,500    0.0    +0.0%    0.0x     중간  1.54  1/0 [일봉]
⛔ 아우토크립트(137040) 호가 없음 (거래정지 의심)
055550  신한지주      93,500    0.0    +0.0%    0.0x     중간  1.19  0/0 [일봉]
035720  카카오       41,700    0.0    +0.0%    0.0x     중간  0.89  0/0 [일봉]
015760  한국전력      38,950    0.0    +0.0%    0.0x     중간  1.13  0/0 [일봉]
078930  GS        75,200    0.0    +0.0%    0.0x     중간  0.35  0/0 [일봉]
061250  화일약품       8,660    0.0    +0.0%    0.0x     중간  0.29  0/0 [일봉]
217820  원익피앤이      2,925   53.1    -4.3%    0.5x     하단  6.56  5/0 [5분]
001510  SK증권       3,800    0.0    +0.0%    0.0x     중간  1.31  1/0 [일봉]
056080  유진로봇      23,600   76.9    -8.2%    0.5x     하단  5.08  4/0 [5분]
084850  아이티엠반도체   13,770    0.0    +0.0%    0.0x     중간  0.39  0/0 [일봉]
⛔ 금양(001570) 호가 없음 (거래정지 의심)

══════════════════════════════════════════════════
📉 KODEX200 -3.0% 하락장 — 신규 매수 중단
→ 전종목 HOLD
✅ Discord 전송 완료

[14:20] HOLD | KODEX RSI66/-3.0%⚠️ | 보유:없음 | 최고신호 원익피앤이(217820) 5/2개 [RSI53 / 하락-4.3% / BB하단 / MA골 / 호가6.6]
💰 예수금 100,426원 | KODEX200 RSI66/-3.1% 과열⚠️ | 매수기준 2개↑

코드      종목명           가격    RSI     변화율    거래량     BB   호가비  B/S
────────────────────────────────────────────────────────────────────────
[2단계 분석 대상: 217820, 056080, 000660, 005380, 066970]
403870  HPSP      49,350    0.0    +0.0%    0.0x     중간  1.89  1/0 [일봉]
058470  리노공업      97,300    0.0    +0.0%    0.0x     중간  1.96  1/0 [일봉]
⛔ 아우토크립트(137040) 호가 없음 (거래정지 의심)
055550  신한지주      93,300    0.0    +0.0%    0.0x     중간  1.11  0/0 [일봉]
035720  카카오       41,600    0.0    +0.0%    0.0x     중간  1.64  1/0 [일봉]
015760  한국전력      38,950    0.0    +0.0%    0.0x     중간  0.99  0/0 [일봉]
078930  GS        75,200    0.0    +0.0%    0.0x     중간  0.27  0/0 [일봉]
061250  화일약품       8,630    0.0    +0.0%    0.0x     중간  0.28  0/0 [일봉]
217820  원익피앤이      2,915   53.1    -4.4%    0.5x     하단  9.99  5/0 [5분]
001510  SK증권       3,795    0.0    +0.0%    0.0x     중간  1.62  1/0 [일봉]
056080  유진로봇      23,450   76.9    -8.8%    0.5x     하단  4.71  4/0 [5분]
084850  아이티엠반도체   13,650    0.0    +0.0%    0.0x     중간  0.37  0/0 [일봉]
⛔ 금양(001570) 호가 없음 (거래정지 의심)

══════════════════════════════════════════════════
📉 KODEX200 -3.1% 하락장 — 신규 매수 중단
→ 전종목 HOLD
✅ Discord 전송 완료

[14:22] HOLD | KODEX RSI66/-3.1%⚠️ | 보유:없음 | 최고신호 원익피앤이(217820) 5/2개 [RSI53 / 하락-4.4% / BB하단 / MA골 / 호가10.0]
💰 예수금 100,426원 | KODEX200 RSI66/-3.4% 과열⚠️ | 매수기준 2개↑

코드      종목명           가격    RSI     변화율    거래량     BB   호가비  B/S
────────────────────────────────────────────────────────────────────────
[2단계 분석 대상: 217820, 207940, 086790, 056080, 035720]
403870  HPSP      49,250    0.0    +0.0%    0.0x     중간  1.89  1/0 [일봉]
058470  리노공업      97,100    0.0    +0.0%    0.0x     중간  1.74  1/0 [일봉]
⛔ 아우토크립트(137040) 호가 없음 (거래정지 의심)
055550  신한지주      93,200    0.0    +0.0%    0.0x     중간  1.30  1/0 [일봉]
035720  카카오       41,500   57.1    -2.2%    0.6x     하단  4.35  4/0 [5분]
015760  한국전력      38,900    0.0    +0.0%    0.0x     중간  1.21  1/0 [일봉]
078930  GS        74,900    0.0    +0.0%    0.0x     중간  1.01  0/0 [일봉]
061250  화일약품       8,660    0.0    +0.0%    0.0x     중간  0.29  0/0 [일봉]
217820  원익피앤이      2,915   53.1    -4.8%    0.5x     하단 10.99  5/0 [5분]
001510  SK증권       3,790    0.0    +0.0%    0.0x     중간  1.56  1/0 [일봉]
056080  유진로봇      23,450   76.9    -8.6%    0.5x     하단  4.56  4/0 [5분]
084850  아이티엠반도체   13,640    0.0    +0.0%    0.0x     중간  0.70  0/0 [일봉]
⛔ 금양(001570) 호가 없음 (거래정지 의심)

══════════════════════════════════════════════════
📉 KODEX200 -3.4% 하락장 — 신규 매수 중단
→ 전종목 HOLD
✅ Discord 전송 완료

[14:24] HOLD | KODEX RSI66/-3.4%⚠️ | 보유:없음 | 최고신호 원익피앤이(217820) 5/2개 [RSI53 / 하락-4.8% / BB하단 / MA골 / 호가11.0]
💰 예수금 100,426원 | KODEX200 RSI66/-3.2% 과열⚠️ | 매수기준 2개↑

코드      종목명           가격    RSI     변화율    거래량     BB   호가비  B/S
────────────────────────────────────────────────────────────────────────
[2단계 분석 대상: 056080, 005380, 058470, 207940, 217820]
403870  HPSP      49,400    0.0    +0.0%    0.0x     중간  1.68  1/0 [일봉]
058470  리노공업      97,400   56.1    -3.8%    0.4x     하단  3.60  4/0 [5분]
⛔ 아우토크립트(137040) 호가 없음 (거래정지 의심)
055550  신한지주      93,600    0.0    +0.0%    0.0x     중간  0.62  0/0 [일봉]
035720  카카오       41,700    0.0    +0.0%    0.0x     중간  0.90  0/0 [일봉]
015760  한국전력      39,000    0.0    +0.0%    0.0x     중간  1.46  1/0 [일봉]
078930  GS        75,400    0.0    +0.0%    0.0x     중간  0.51  0/0 [일봉]
061250  화일약품       8,620    0.0    +0.0%    0.0x     중간  0.37  0/0 [일봉]
217820  원익피앤이      2,905   53.1    -4.8%    0.5x     하단  2.79  5/0 [5분]
001510  SK증권       3,795    0.0    +0.0%    0.0x     중간  1.40  1/0 [일봉]
056080  유진로봇      23,450   80.0    -8.6%    0.5x     하단  4.66  4/0 [5분]
084850  아이티엠반도체   13,640    0.0    +0.0%    0.0x     중간  0.56  0/0 [일봉]
⛔ 금양(001570) 호가 없음 (거래정지 의심)

══════════════════════════════════════════════════
📉 KODEX200 -3.2% 하락장 — 신규 매수 중단
→ 전종목 HOLD
✅ Discord 전송 완료

[14:26] HOLD | KODEX RSI66/-3.2%⚠️ | 보유:없음 | 최고신호 원익피앤이(217820) 5/2개 [RSI53 / 하락-4.8% / BB하단 / MA골 / 호가2.8]
💰 예수금 100,426원 | KODEX200 RSI67/-2.7% 과열⚠️ | 매수기준 2개↑

코드      종목명           가격    RSI     변화율    거래량     BB   호가비  B/S
────────────────────────────────────────────────────────────────────────
[2단계 분석 대상: 207940, 058470, 005380, 217820, 056080]
403870  HPSP      49,700    0.0    +0.0%    0.0x     중간  0.23  0/0 [일봉]
058470  리노공업      97,600   56.1    -3.3%    0.4x     하단  3.72  4/0 [5분]
⛔ 아우토크립트(137040) 호가 없음 (거래정지 의심)
055550  신한지주      93,700    0.0    +0.0%    0.0x     중간  0.54  0/0 [일봉]
035720  카카오       41,750    0.0    +0.0%    0.0x     중간  0.76  0/0 [일봉]
015760  한국전력      39,100    0.0    +0.0%    0.0x     중간  0.88  0/0 [일봉]
078930  GS        75,700    0.0    +0.0%    0.0x     중간  1.10  0/0 [일봉]
061250  화일약품       8,620    0.0    +0.0%    0.0x     중간  0.37  0/0 [일봉]
217820  원익피앤이      2,910   60.0    -4.6%    0.5x     하단  2.61  4/0 [5분]
001510  SK증권       3,815    0.0    +0.0%    0.0x     중간  0.78  0/0 [일봉]
056080  유진로봇      23,650   80.0    -8.0%    0.5x     하단  2.34  4/0 [5분]
084850  아이티엠반도체   13,650    0.0    +0.0%    0.0x     중간  0.60  0/0 [일봉]
⛔ 금양(001570) 호가 없음 (거래정지 의심)

══════════════════════════════════════════════════
📉 KODEX200 -2.7% 하락장 — 신규 매수 중단
→ 전종목 HOLD
✅ Discord 전송 완료

[14:28] HOLD | KODEX RSI67/-2.7%⚠️ | 보유:없음 | 최고신호 리노공업(058470) 4/2개 [하락-3.3% / BB하단 / MA골 / 호가3.7]
💰 예수금 100,426원 | KODEX200 RSI67/-2.6% 과열⚠️ | 매수기준 2개↑

코드      종목명           가격    RSI     변화율    거래량     BB   호가비  B/S
────────────────────────────────────────────────────────────────────────
[2단계 분석 대상: 217820, 056080, 207940, 259960, 005380]
403870  HPSP      49,800    0.0    +0.0%    0.0x     중간  0.12  0/0 [일봉]
058470  리노공업      98,000    0.0    +0.0%    0.0x     중간  1.21  1/0 [일봉]
⛔ 아우토크립트(137040) 호가 없음 (거래정지 의심)
055550  신한지주      93,500    0.0    +0.0%    0.0x     중간  0.68  0/0 [일봉]
035720  카카오       41,750    0.0    +0.0%    0.0x     중간  0.71  0/0 [일봉]
015760  한국전력      39,050    0.0    +0.0%    0.0x     중간  0.99  0/0 [일봉]
078930  GS        75,700    0.0    +0.0%    0.0x     중간  0.66  0/0 [일봉]
061250  화일약품       8,620    0.0    +0.0%    0.0x     중간  0.45  0/0 [일봉]
217820  원익피앤이      2,915   51.4    -4.8%    0.5x     하단  5.87  5/0 [5분]
001510  SK증권       3,820    0.0    +0.0%    0.0x     중간  0.71  0/0 [일봉]
056080  유진로봇      23,600   80.0    -8.0%    0.5x     하단  2.94  4/0 [5분]
084850  아이티엠반도체   13,760    0.0    +0.0%    0.0x     중간  0.87  0/0 [일봉]
⛔ 금양(001570) 호가 없음 (거래정지 의심)

══════════════════════════════════════════════════
⏰ 마감 준비 (14:30 이후) — 신규 매수 중단
→ 전종목 HOLD
✅ Discord 전송 완료

[14:30] HOLD | KODEX RSI67/-2.6%⚠️ | 보유:없음 | 최고신호 원익피앤이(217820) 5/2개 [RSI51 / 하락-4.8% / BB하단 / MA골 / 호가5.9]
💰 예수금 100,426원 | KODEX200 RSI67/-2.5% 과열⚠️ | 매수기준 2개↑

코드      종목명           가격    RSI     변화율    거래량     BB   호가비  B/S
────────────────────────────────────────────────────────────────────────
[2단계 분석 대상: 217820, 056080, 259960, 005380, 078930]
403870  HPSP      49,750    0.0    +0.0%    0.0x     중간  0.22  0/0 [일봉]
058470  리노공업      97,800    0.0    +0.0%    0.0x     중간  0.93  0/0 [일봉]
⛔ 아우토크립트(137040) 호가 없음 (거래정지 의심)
055550  신한지주      93,700    0.0    +0.0%    0.0x     중간  0.48  0/0 [일봉]
035720  카카오       41,800    0.0    +0.0%    0.0x     중간  0.65  0/0 [일봉]
015760  한국전력      39,200    0.0    +0.0%    0.0x     중간  0.47  0/0 [일봉]
078930  GS        75,900   39.0    +1.3%    1.1x     중간  1.68  2/0 [5분]
061250  화일약품       8,570    0.0    +0.0%    0.0x     중간  0.45  0/0 [일봉]
217820  원익피앤이      2,915   51.4    -4.4%    0.5x     하단  6.53  5/0 [5분]
001510  SK증권       3,820    0.0    +0.0%    0.0x     중간  1.21  1/0 [일봉]
056080  유진로봇      23,600   80.0    -8.2%    0.5x     하단  2.88  4/0 [5분]
084850  아이티엠반도체   13,760    0.0    +0.0%    0.0x     중간  0.68  0/0 [일봉]
⛔ 금양(001570) 호가 없음 (거래정지 의심)

══════════════════════════════════════════════════
⏰ 마감 준비 (14:30 이후) — 신규 매수 중단
→ 전종목 HOLD
✅ Discord 전송 완료

[14:32] HOLD | KODEX RSI67/-2.5%⚠️ | 보유:없음 | 최고신호 원익피앤이(217820) 5/2개 [RSI51 / 하락-4.4% / BB하단 / MA골 / 호가6.5]
💰 예수금 100,426원 | KODEX200 RSI67/-2.5% 과열⚠️ | 매수기준 2개↑

코드      종목명           가격    RSI     변화율    거래량     BB   호가비  B/S
────────────────────────────────────────────────────────────────────────
[2단계 분석 대상: 078930, 005380, 056080, 217820, 259960]
403870  HPSP      49,600    0.0    +0.0%    0.0x     중간  0.27  0/0 [일봉]
058470  리노공업      97,700    0.0    +0.0%    0.0x     중간  1.81  1/0 [일봉]
⛔ 아우토크립트(137040) 호가 없음 (거래정지 의심)
055550  신한지주      93,700    0.0    +0.0%    0.0x     중간  0.65  0/0 [일봉]
035720  카카오       41,750    0.0    +0.0%    0.0x     중간  0.59  0/0 [일봉]
015760  한국전력      39,300    0.0    +0.0%    0.0x     중간  0.19  0/0 [일봉]
078930  GS        76,000   41.9    +1.6%    1.1x     상단  4.28  2/0 [5분]
061250  화일약품       8,560    0.0    +0.0%    0.0x     중간  0.49  0/0 [일봉]
217820  원익피앤이      2,915   62.5    -4.4%    0.5x     하단  2.24  4/0 [5분]
001510  SK증권       3,825    0.0    +0.0%    0.0x     중간  1.08  0/0 [일봉]
056080  유진로봇      23,600   83.3    -8.0%    0.5x     하단  2.83  4/0 [5분]
084850  아이티엠반도체   13,760    0.0    +0.0%    0.0x     중간  0.69  0/0 [일봉]
⛔ 금양(001570) 호가 없음 (거래정지 의심)

══════════════════════════════════════════════════
⏰ 마감 준비 (14:30 이후) — 신규 매수 중단
→ 전종목 HOLD
✅ Discord 전송 완료

[14:34] HOLD | KODEX RSI67/-2.5%⚠️ | 보유:없음 | 최고신호 원익피앤이(217820) 4/2개 [하락-4.4% / BB하단 / MA골 / 호가2.2]
💰 예수금 100,426원 | KODEX200 RSI67/-2.5% 과열⚠️ | 매수기준 2개↑

코드      종목명           가격    RSI     변화율    거래량     BB   호가비  B/S
────────────────────────────────────────────────────────────────────────
[2단계 분석 대상: 084850, 078930, 217820, 005380, 058470]
403870  HPSP      49,600    0.0    +0.0%    0.0x     중간  0.36  0/0 [일봉]
058470  리노공업      97,900   51.2    -3.1%    0.4x     하단  2.70  5/0 [5분]
⛔ 아우토크립트(137040) 호가 없음 (거래정지 의심)
055550  신한지주      93,800    0.0    +0.0%    0.0x     중간  0.73  0/0 [일봉]
035720  카카오       41,700    0.0    +0.0%    0.0x     중간  0.90  0/0 [일봉]
015760  한국전력      39,350    0.0    +0.0%    0.0x     중간  0.20  0/0 [일봉]
078930  GS        76,100   41.9    +1.9%    1.1x     상단  7.02  2/0 [5분]
061250  화일약품       8,560    0.0    +0.0%    0.0x     중간  0.46  0/0 [일봉]
217820  원익피앤이      2,920   62.5    -4.3%    0.5x     하단  6.25  4/0 [5분]
001510  SK증권       3,820    0.0    +0.0%    0.0x     중간  1.21  1/0 [일봉]
056080  유진로봇      23,600    0.0    +0.0%    0.0x     중간  2.70  1/0 [일봉]
084850  아이티엠반도체   13,680   44.9    -3.2%    0.2x     중간  7.72  3/0 [5분]
⛔ 금양(001570) 호가 없음 (거래정지 의심)

══════════════════════════════════════════════════
⏰ 마감 준비 (14:30 이후) — 신규 매수 중단
→ 전종목 HOLD
✅ Discord 전송 완료

[14:36] HOLD | KODEX RSI67/-2.5%⚠️ | 보유:없음 | 최고신호 리노공업(058470) 5/2개 [RSI51 / 하락-3.1% / BB하단 / MA골 / 호가2.7]
💰 예수금 100,426원 | KODEX200 RSI68/-2.2% 과열⚠️ | 매수기준 2개↑

코드      종목명           가격    RSI     변화율    거래량     BB   호가비  B/S
────────────────────────────────────────────────────────────────────────
[2단계 분석 대상: 078930, 217820, 084850, 056080, 259960]
403870  HPSP      49,750    0.0    +0.0%    0.0x     중간  0.25  0/0 [일봉]
058470  리노공업      98,100    0.0    +0.0%    0.0x     중간  0.89  0/0 [일봉]
⛔ 아우토크립트(137040) 호가 없음 (거래정지 의심)
055550  신한지주      93,900    0.0    +0.0%    0.0x     중간  0.63  0/0 [일봉]
035720  카카오       41,800    0.0    +0.0%    0.0x     중간  0.66  0/0 [일봉]
015760  한국전력      39,400    0.0    +0.0%    0.0x     중간  0.29  0/0 [일봉]
078930  GS        76,100   41.9    +1.9%    1.1x     상단  5.94  2/0 [5분]
061250  화일약품       8,560    0.0    +0.0%    0.0x     중간  0.45  0/0 [일봉]
217820  원익피앤이      2,920   62.5    -4.3%    0.5x     하단  4.98  4/0 [5분]
001510  SK증권       3,825    0.0    +0.0%    0.0x     중간  1.30  1/0 [일봉]
056080  유진로봇      23,700   83.3    -7.8%    0.5x     하단  2.08  4/0 [5분]
084850  아이티엠반도체   13,680   44.9    -3.2%    0.2x     중간  4.50  3/0 [5분]
⛔ 금양(001570) 호가 없음 (거래정지 의심)

══════════════════════════════════════════════════
⏰ 마감 준비 (14:30 이후) — 신규 매수 중단
→ 전종목 HOLD
✅ Discord 전송 완료

[14:38] HOLD | KODEX RSI68/-2.2%⚠️ | 보유:없음 | 최고신호 원익피앤이(217820) 4/2개 [하락-4.3% / BB하단 / MA골 / 호가5.0]
💰 예수금 100,426원 | KODEX200 RSI68/-2.3% 과열⚠️ | 매수기준 2개↑

코드      종목명           가격    RSI     변화율    거래량     BB   호가비  B/S
────────────────────────────────────────────────────────────────────────
[2단계 분석 대상: 084850, 217820, 078930, 056080, 066970]
403870  HPSP      49,800    0.0    +0.0%    0.0x     중간  0.25  0/0 [일봉]
058470  리노공업      98,200    0.0    +0.0%    0.0x     중간  1.18  0/0 [일봉]
⛔ 아우토크립트(137040) 호가 없음 (거래정지 의심)
055550  신한지주      93,900    0.0    +0.0%    0.0x     중간  0.82  0/0 [일봉]
035720  카카오       41,750    0.0    +0.0%    0.0x     중간  0.66  0/0 [일봉]
015760  한국전력      39,400    0.0    +0.0%    0.0x     중간  0.19  0/0 [일봉]
078930  GS        76,000   35.7    +1.5%    1.1x     중간  4.94  2/0 [5분]
061250  화일약품       8,560    0.0    +0.0%    0.0x     중간  0.45  0/0 [일봉]
217820  원익피앤이      2,920   58.8    -4.3%    0.5x     하단  5.19  4/0 [5분]
001510  SK증권       3,825    0.0    +0.0%    0.0x     중간  0.71  0/0 [일봉]
056080  유진로봇      23,650   80.0    -7.8%    0.5x     하단  2.56  4/0 [5분]
084850  아이티엠반도체   13,700   44.9    -3.1%    0.2x     중간  5.93  3/0 [5분]
⛔ 금양(001570) 호가 없음 (거래정지 의심)

══════════════════════════════════════════════════
⏰ 마감 준비 (14:30 이후) — 신규 매수 중단
→ 전종목 HOLD
✅ Discord 전송 완료

[14:40] HOLD | KODEX RSI68/-2.3%⚠️ | 보유:없음 | 최고신호 원익피앤이(217820) 4/2개 [하락-4.3% / BB하단 / MA골 / 호가5.2]
💰 예수금 100,426원 | KODEX200 RSI67/-2.4% 과열⚠️ | 매수기준 2개↑

코드      종목명           가격    RSI     변화율    거래량     BB   호가비  B/S
────────────────────────────────────────────────────────────────────────
[2단계 분석 대상: 078930, 217820, 056080, 005380, 003670]
403870  HPSP      49,650    0.0    +0.0%    0.0x     중간  0.26  0/0 [일봉]
058470  리노공업      98,100    0.0    +0.0%    0.0x     중간  0.40  0/0 [일봉]
⛔ 아우토크립트(137040) 호가 없음 (거래정지 의심)
055550  신한지주      93,900    0.0    +0.0%    0.0x     중간  0.70  0/0 [일봉]
035720  카카오       41,800    0.0    +0.0%    0.0x     중간  0.47  0/0 [일봉]
015760  한국전력      39,350    0.0    +0.0%    0.0x     중간  0.19  0/0 [일봉]
078930  GS        76,100   35.7    +1.9%    1.1x     상단  4.12  2/0 [5분]
061250  화일약품       8,560    0.0    +0.0%    0.0x     중간  0.45  0/0 [일봉]
217820  원익피앤이      2,930   58.8    -3.9%    0.5x     하단  3.51  4/0 [5분]
001510  SK증권       3,825    0.0    +0.0%    0.0x     중간  1.14  0/0 [일봉]
056080  유진로봇      23,600   80.0    -8.2%    0.5x     하단  2.94  4/0 [5분]
084850  아이티엠반도체   13,720    0.0    +0.0%    0.0x     중간  0.57  0/0 [일봉]
⛔ 금양(001570) 호가 없음 (거래정지 의심)

══════════════════════════════════════════════════
⏰ 마감 준비 (14:30 이후) — 신규 매수 중단
→ 전종목 HOLD
✅ Discord 전송 완료

[14:42] HOLD | KODEX RSI67/-2.4%⚠️ | 보유:없음 | 최고신호 원익피앤이(217820) 4/2개 [하락-3.9% / BB하단 / MA골 / 호가3.5]
💰 예수금 100,426원 | KODEX200 RSI67/-2.5% 과열⚠️ | 매수기준 2개↑

코드      종목명           가격    RSI     변화율    거래량     BB   호가비  B/S
────────────────────────────────────────────────────────────────────────
[2단계 분석 대상: 217820, 058470, 078930, 056080, 005380]
403870  HPSP      49,550    0.0    +0.0%    0.0x     중간  0.54  0/0 [일봉]
058470  리노공업      97,800   54.8    -3.6%    0.4x     하단  3.18  5/0 [5분]
⛔ 아우토크립트(137040) 호가 없음 (거래정지 의심)
055550  신한지주      93,900    0.0    +0.0%    0.0x     중간  0.75  0/0 [일봉]
035720  카카오       41,700    0.0    +0.0%    0.0x     중간  0.79  0/0 [일봉]
015760  한국전력      39,200    0.0    +0.0%    0.0x     중간  0.46  0/0 [일봉]
078930  GS        76,000   35.7    +1.2%    1.1x     중간  3.06  2/0 [5분]
061250  화일약품       8,560    0.0    +0.0%    0.0x     중간  0.43  0/0 [일봉]
217820  원익피앤이      2,930   58.8    -4.1%    0.5x     하단  3.72  4/0 [5분]
001510  SK증권       3,825    0.0    +0.0%    0.0x     중간  1.11  0/0 [일봉]
056080  유진로봇      23,550   79.2    -8.2%    0.5x     하단  2.95  4/0 [5분]
084850  아이티엠반도체   13,710    0.0    +0.0%    0.0x     중간  0.67  0/0 [일봉]
⛔ 금양(001570) 호가 없음 (거래정지 의심)

══════════════════════════════════════════════════
⏰ 마감 준비 (14:30 이후) — 신규 매수 중단
→ 전종목 HOLD
✅ Discord 전송 완료

[14:44] HOLD | KODEX RSI67/-2.5%⚠️ | 보유:없음 | 최고신호 리노공업(058470) 5/2개 [RSI55 / 하락-3.6% / BB하단 / MA골 / 호가3.2]
💰 예수금 100,426원 | KODEX200 RSI67/-2.5% 과열⚠️ | 매수기준 2개↑

코드      종목명           가격    RSI     변화율    거래량     BB   호가비  B/S
────────────────────────────────────────────────────────────────────────
[2단계 분석 대상: 217820, 005380, 207940, 056080, 058470]
403870  HPSP      49,450    0.0    +0.0%    0.0x     중간  1.19  0/0 [일봉]
058470  리노공업      97,800   54.8    -3.6%    0.5x     하단  1.95  5/0 [5분]
⛔ 아우토크립트(137040) 호가 없음 (거래정지 의심)
055550  신한지주      93,900    0.0    +0.0%    0.0x     중간  0.85  0/0 [일봉]
035720  카카오       41,700    0.0    +0.0%    0.0x     중간  0.93  0/0 [일봉]
015760  한국전력      39,250    0.0    +0.0%    0.0x     중간  0.25  0/0 [일봉]
078930  GS        75,700    0.0    +0.0%    0.0x     중간  1.16  0/0 [일봉]
061250  화일약품       8,560    0.0    +0.0%    0.0x     중간  0.41  0/0 [일봉]
217820  원익피앤이      2,915   60.0    -4.4%    0.5x     하단  4.61  4/0 [5분]
001510  SK증권       3,815    0.0    +0.0%    0.0x     중간  1.55  1/0 [일봉]
056080  유진로봇      23,550   79.2    -8.4%    0.5x     하단  2.83  4/0 [5분]
084850  아이티엠반도체   13,770    0.0    +0.0%    0.0x     중간  0.52  0/0 [일봉]
⛔ 금양(001570) 호가 없음 (거래정지 의심)

══════════════════════════════════════════════════
⏰ 마감 준비 (14:30 이후) — 신규 매수 중단
→ 전종목 HOLD
✅ Discord 전송 완료

[14:46] HOLD | KODEX RSI67/-2.5%⚠️ | 보유:없음 | 최고신호 리노공업(058470) 5/2개 [RSI55 / 하락-3.6% / BB하단 / MA골 / 호가1.9]
💰 예수금 100,426원 | KODEX200 RSI67/-2.7% 과열⚠️ | 매수기준 2개↑

코드      종목명           가격    RSI     변화율    거래량     BB   호가비  B/S
────────────────────────────────────────────────────────────────────────
[2단계 분석 대상: 058470, 217820, 005380, 403870, 247540]
403870  HPSP      49,200   73.9    -5.8%    0.5x     하단  3.49  4/0 [5분]
058470  리노공업      97,500   54.8    -3.5%    0.5x     하단  7.05  5/0 [5분]
⛔ 아우토크립트(137040) 호가 없음 (거래정지 의심)
055550  신한지주      93,700    0.0    +0.0%    0.0x     중간  0.74  0/0 [일봉]
035720  카카오       41,750    0.0    +0.0%    0.0x     중간  0.94  0/0 [일봉]
015760  한국전력      39,350    0.0    +0.0%    0.0x     중간  0.19  0/0 [일봉]
078930  GS        75,700    0.0    +0.0%    0.0x     중간  0.77  0/0 [일봉]
061250  화일약품       8,550    0.0    +0.0%    0.0x     중간  0.48  0/0 [일봉]
217820  원익피앤이      2,915   60.0    -4.4%    0.5x     하단  4.89  4/0 [5분]
001510  SK증권       3,810    0.0    +0.0%    0.0x     중간  1.97  1/0 [일봉]
056080  유진로봇      23,600    0.0    +0.0%    0.0x     중간  3.05  1/0 [일봉]
084850  아이티엠반도체   13,770    0.0    +0.0%    0.0x     중간  0.64  0/0 [일봉]
⛔ 금양(001570) 호가 없음 (거래정지 의심)

══════════════════════════════════════════════════
⏰ 마감 준비 (14:30 이후) — 신규 매수 중단
→ 전종목 HOLD
✅ Discord 전송 완료

[14:48] HOLD | KODEX RSI67/-2.7%⚠️ | 보유:없음 | 최고신호 리노공업(058470) 5/2개 [RSI55 / 하락-3.5% / BB하단 / MA골 / 호가7.0]
💰 예수금 100,426원 | KODEX200 RSI67/-2.7% 과열⚠️ | 매수기준 2개↑

코드      종목명           가격    RSI     변화율    거래량     BB   호가비  B/S
────────────────────────────────────────────────────────────────────────
[2단계 분석 대상: 217820, 005380, 000270, 056080, 207940]
403870  HPSP      49,250    0.0    +0.0%    0.0x     중간  2.19  1/0 [일봉]
058470  리노공업      97,500    0.0    +0.0%    0.0x     중간  2.58  1/0 [일봉]
⛔ 아우토크립트(137040) 호가 없음 (거래정지 의심)
055550  신한지주      93,600    0.0    +0.0%    0.0x     중간  0.64  0/0 [일봉]
035720  카카오       41,650    0.0    +0.0%    0.0x     중간  1.43  1/0 [일봉]
015760  한국전력      39,250    0.0    +0.0%    0.0x     중간  0.26  0/0 [일봉]
078930  GS        75,700    0.0    +0.0%    0.0x     중간  0.84  0/0 [일봉]
061250  화일약품       8,550    0.0    +0.0%    0.0x     중간  0.48  0/0 [일봉]
217820  원익피앤이      2,915   64.9    -4.4%    0.5x     하단  6.43  4/0 [5분]
001510  SK증권       3,810    0.0    +0.0%    0.0x     중간  1.45  1/0 [일봉]
056080  유진로봇      23,650   77.3    -7.8%    0.5x     하단  2.99  4/0 [5분]
084850  아이티엠반도체   13,720    0.0    +0.0%    0.0x     중간  0.60  0/0 [일봉]
⛔ 금양(001570) 호가 없음 (거래정지 의심)

══════════════════════════════════════════════════
⏰ 마감 준비 (14:30 이후) — 신규 매수 중단
→ 전종목 HOLD
✅ Discord 전송 완료

[14:50] HOLD | KODEX RSI67/-2.7%⚠️ | 보유:없음 | 최고신호 원익피앤이(217820) 4/2개 [하락-4.4% / BB하단 / MA골 / 호가6.4]
💰 예수금 100,426원 | KODEX200 RSI67/-2.6% 과열⚠️ | 매수기준 2개↑

코드      종목명           가격    RSI     변화율    거래량     BB   호가비  B/S
────────────────────────────────────────────────────────────────────────
[2단계 분석 대상: 217820, 058470, 056080, 207940, 005380]
403870  HPSP      49,400    0.0    +0.0%    0.0x     중간  1.25  1/0 [일봉]
058470  리노공업      97,800   62.8    -3.1%    0.5x     하단  2.95  4/0 [5분]
⛔ 아우토크립트(137040) 호가 없음 (거래정지 의심)
055550  신한지주      93,700    0.0    +0.0%    0.0x     중간  0.47  0/0 [일봉]
035720  카카오       41,700    0.0    +0.0%    0.0x     중간  1.39  1/0 [일봉]
015760  한국전력      39,200    0.0    +0.0%    0.0x     중간  0.51  0/0 [일봉]
078930  GS        75,500    0.0    +0.0%    0.0x     중간  0.52  0/0 [일봉]
061250  화일약품       8,560    0.0    +0.0%    0.0x     중간  0.58  0/0 [일봉]
217820  원익피앤이      2,910   64.9    -4.8%    0.5x     하단  9.35  4/0 [5분]
001510  SK증권       3,810    0.0    +0.0%    0.0x     중간  1.47  1/0 [일봉]
056080  유진로봇      23,600   77.3    -8.0%    0.5x     하단  2.93  4/0 [5분]
084850  아이티엠반도체   13,720    0.0    +0.0%    0.0x     중간  0.59  0/0 [일봉]
⛔ 금양(001570) 호가 없음 (거래정지 의심)

══════════════════════════════════════════════════
⏰ 마감 준비 (14:30 이후) — 신규 매수 중단
→ 전종목 HOLD
✅ Discord 전송 완료

[14:52] HOLD | KODEX RSI67/-2.6%⚠️ | 보유:없음 | 최고신호 리노공업(058470) 4/2개 [하락-3.1% / BB하단 / MA골 / 호가3.0]
💰 예수금 100,426원 | KODEX200 RSI67/-2.5% 과열⚠️ | 매수기준 2개↑

코드      종목명           가격    RSI     변화율    거래량     BB   호가비  B/S
────────────────────────────────────────────────────────────────────────
[2단계 분석 대상: 217820, 056080, 207940, 058470, 001510]
403870  HPSP      49,400    0.0    +0.0%    0.0x     중간  1.50  1/0 [일봉]
058470  리노공업      98,000   67.5    -3.4%    0.5x     하단  2.23  4/0 [5분]
⛔ 아우토크립트(137040) 호가 없음 (거래정지 의심)
055550  신한지주      93,800    0.0    +0.0%    0.0x     중간  0.56  0/0 [일봉]
035720  카카오       41,850    0.0    +0.0%    0.0x     중간  0.63  0/0 [일봉]
015760  한국전력      39,350    0.0    +0.0%    0.0x     중간  0.27  0/0 [일봉]
078930  GS        75,400    0.0    +0.0%    0.0x     중간  0.17  0/0 [일봉]
061250  화일약품       8,560    0.0    +0.0%    0.0x     중간  0.58  0/0 [일봉]
217820  원익피앤이      2,920   64.9    -4.3%    0.5x     하단 11.43  4/0 [5분]
001510  SK증권       3,815   51.5    -4.9%    0.2x     하단  2.10  4/0 [5분]
056080  유진로봇      23,600   72.7    -8.2%    0.5x     하단  2.81  4/0 [5분]
084850  아이티엠반도체   13,720    0.0    +0.0%    0.0x     중간  0.64  0/0 [일봉]
⛔ 금양(001570) 호가 없음 (거래정지 의심)

══════════════════════════════════════════════════
⏰ 마감 준비 (14:30 이후) — 신규 매수 중단
→ 전종목 HOLD
✅ Discord 전송 완료

[14:54] HOLD | KODEX RSI67/-2.5%⚠️ | 보유:없음 | 최고신호 리노공업(058470) 4/2개 [하락-3.4% / BB하단 / MA골 / 호가2.2]
💰 예수금 100,426원 | KODEX200 RSI67/-2.7% 과열⚠️ | 매수기준 2개↑

코드      종목명           가격    RSI     변화율    거래량     BB   호가비  B/S
────────────────────────────────────────────────────────────────────────
[2단계 분석 대상: 217820, 207940, 058470, 403870, 056080]
403870  HPSP      49,300   80.8    -5.7%    0.5x     하단  2.68  4/0 [5분]
058470  리노공업      97,600   67.5    -3.6%    0.5x     하단  3.38  4/0 [5분]
⛔ 아우토크립트(137040) 호가 없음 (거래정지 의심)
055550  신한지주      93,700    0.0    +0.0%    0.0x     중간  0.42  0/0 [일봉]
035720  카카오       41,750    0.0    +0.0%    0.0x     중간  1.04  0/0 [일봉]
015760  한국전력      39,350    0.0    +0.0%    0.0x     중간  0.29  0/0 [일봉]
078930  GS        75,300    0.0    +0.0%    0.0x     중간  0.25  0/0 [일봉]
061250  화일약품       8,560    0.0    +0.0%    0.0x     중간  0.64  0/0 [일봉]
217820  원익피앤이      2,920   62.2    -4.6%    0.5x     하단 11.69  4/0 [5분]
001510  SK증권       3,810    0.0    +0.0%    0.0x     중간  2.08  1/0 [일봉]
056080  유진로봇      23,550   72.7    -8.2%    0.5x     하단  2.63  4/0 [5분]
084850  아이티엠반도체   13,720    0.0    +0.0%    0.0x     중간  0.79  0/0 [일봉]
⛔ 금양(001570) 호가 없음 (거래정지 의심)

══════════════════════════════════════════════════
⏰ 마감 준비 (14:30 이후) — 신규 매수 중단
→ 전종목 HOLD
✅ Discord 전송 완료

[14:56] HOLD | KODEX RSI67/-2.7%⚠️ | 보유:없음 | 최고신호 HPSP(403870) 4/2개 [하락-5.7% / BB하단 / MA골 / 호가2.7]
💰 예수금 100,426원 | KODEX200 RSI67/-2.5% 과열⚠️ | 매수기준 2개↑

코드      종목명           가격    RSI     변화율    거래량     BB   호가비  B/S
────────────────────────────────────────────────────────────────────────
[2단계 분석 대상: 217820, 207940, 056080, 058470, 012450]
403870  HPSP      49,250    0.0    +0.0%    0.0x     중간  1.66  1/0 [일봉]
058470  리노공업      97,700   67.5    -3.4%    0.5x     하단  2.43  4/0 [5분]
⛔ 아우토크립트(137040) 호가 없음 (거래정지 의심)
055550  신한지주      93,800    0.0    +0.0%    0.0x     중간  0.61  0/0 [일봉]
035720  카카오       41,750    0.0    +0.0%    0.0x     중간  1.21  1/0 [일봉]
015760  한국전력      39,450    0.0    +0.0%    0.0x     중간  0.24  0/0 [일봉]
078930  GS        75,700    0.0    +0.0%    0.0x     중간  0.66  0/0 [일봉]
061250  화일약품       8,580    0.0    +0.0%    0.0x     중간  0.65  0/0 [일봉]
217820  원익피앤이      2,920   62.2    -4.8%    0.5x     하단  7.51  4/0 [5분]
001510  SK증권       3,815    0.0    +0.0%    0.0x     중간  1.34  1/0 [일봉]
056080  유진로봇      23,550   72.7    -8.2%    0.5x     하단  2.52  4/0 [5분]
084850  아이티엠반도체   13,720    0.0    +0.0%    0.0x     중간  0.72  0/0 [일봉]
⛔ 금양(001570) 호가 없음 (거래정지 의심)

══════════════════════════════════════════════════
⏰ 마감 준비 (14:30 이후) — 신규 매수 중단
→ 전종목 HOLD
✅ Discord 전송 완료

[14:58] HOLD | KODEX RSI67/-2.5%⚠️ | 보유:없음 | 최고신호 리노공업(058470) 4/2개 [하락-3.4% / BB하단 / MA골 / 호가2.4]
💰 예수금 100,426원 | KODEX200 RSI67/-2.4% 과열⚠️ | 매수기준 2개↑

코드      종목명           가격    RSI     변화율    거래량     BB   호가비  B/S
────────────────────────────────────────────────────────────────────────
[2단계 분석 대상: 217820, 056080, 207940, 058470, 005380]
403870  HPSP      49,400    0.0    +0.0%    0.0x     중간  1.72  1/0 [일봉]
058470  리노공업      97,900   75.0    -3.7%    0.5x     하단  2.12  4/0 [5분]
⛔ 아우토크립트(137040) 호가 없음 (거래정지 의심)
055550  신한지주      93,800    0.0    +0.0%    0.0x     중간  0.78  0/0 [일봉]
035720  카카오       41,700    0.0    +0.0%    0.0x     중간  1.45  1/0 [일봉]
015760  한국전력      39,450    0.0    +0.0%    0.0x     중간  0.21  0/0 [일봉]
078930  GS        75,400    0.0    +0.0%    0.0x     중간  0.94  0/0 [일봉]
061250  화일약품       8,590    0.0    +0.0%    0.0x     중간  0.50  0/0 [일봉]
217820  원익피앤이      2,910   56.8    -4.6%    0.5x     하단 12.44  4/0 [5분]
001510  SK증권       3,820    0.0    +0.0%    0.0x     중간  1.40  1/0 [일봉]
056080  유진로봇      23,550   58.8    -8.4%    0.5x     하단  2.80  3/0 [5분]
084850  아이티엠반도체   13,780    0.0    +0.0%    0.0x     중간  0.48  0/0 [일봉]
⛔ 금양(001570) 호가 없음 (거래정지 의심)

══════════════════════════════════════════════════
⏰ 마감 준비 (14:30 이후) — 신규 매수 중단
→ 전종목 HOLD
✅ Discord 전송 완료

[15:00] HOLD | KODEX RSI67/-2.4%⚠️ | 보유:없음 | 최고신호 리노공업(058470) 4/2개 [하락-3.7% / BB하단 / MA골 / 호가2.1]
💰 예수금 100,426원 | KODEX200 RSI67/-2.7% 과열⚠️ | 매수기준 2개↑

코드      종목명           가격    RSI     변화율    거래량     BB   호가비  B/S
────────────────────────────────────────────────────────────────────────
[2단계 분석 대상: 217820, 058470, 056080, 403870, 005380]
403870  HPSP      49,300   80.0    -5.5%    0.5x     하단  2.32  4/0 [5분]
058470  리노공업      97,600   75.0    -3.6%    0.5x     하단  6.30  4/0 [5분]
⛔ 아우토크립트(137040) 호가 없음 (거래정지 의심)
055550  신한지주      93,800    0.0    +0.0%    0.0x     중간  1.05  0/0 [일봉]
035720  카카오       41,700    0.0    +0.0%    0.0x     중간  1.56  1/0 [일봉]
015760  한국전력      39,400    0.0    +0.0%    0.0x     중간  0.24  0/0 [일봉]
078930  GS        75,500    0.0    +0.0%    0.0x     중간  0.91  0/0 [일봉]
061250  화일약품       8,590    0.0    +0.0%    0.0x     중간  0.59  0/0 [일봉]
217820  원익피앤이      2,910   56.8    -4.8%    0.5x     하단 12.92  4/0 [5분]
001510  SK증권       3,815    0.0    +0.0%    0.0x     중간  1.70  1/0 [일봉]
056080  유진로봇      23,550   58.8    -8.4%    0.5x     하단  2.58  3/0 [5분]
084850  아이티엠반도체   13,720    0.0    +0.0%    0.0x     중간  0.66  0/0 [일봉]
⛔ 금양(001570) 호가 없음 (거래정지 의심)

══════════════════════════════════════════════════
⏰ 마감 준비 (14:30 이후) — 신규 매수 중단
→ 전종목 HOLD
✅ Discord 전송 완료

[15:02] HOLD | KODEX RSI67/-2.7%⚠️ | 보유:없음 | 최고신호 HPSP(403870) 4/2개 [하락-5.5% / BB하단 / MA골 / 호가2.3]
💰 예수금 100,426원 | KODEX200 RSI66/-2.9% 과열⚠️ | 매수기준 2개↑

코드      종목명           가격    RSI     변화율    거래량     BB   호가비  B/S
────────────────────────────────────────────────────────────────────────
[2단계 분석 대상: 217820, 058470, 247540, 056080, 005380]
403870  HPSP      49,250    0.0    +0.0%    0.0x     중간  2.01  1/0 [일봉]
058470  리노공업      97,300   67.9    -3.7%    0.5x     하단  6.87  4/0 [5분]
⛔ 아우토크립트(137040) 호가 없음 (거래정지 의심)
055550  신한지주      93,800    0.0    +0.0%    0.0x     중간  0.48  0/0 [일봉]
035720  카카오       41,650    0.0    +0.0%    0.0x     중간  1.56  1/0 [일봉]
015760  한국전력      39,250    0.0    +0.0%    0.0x     중간  0.34  0/0 [일봉]
078930  GS        75,500    0.0    +0.0%    0.0x     중간  0.99  0/0 [일봉]
061250  화일약품       8,590    0.0    +0.0%    0.0x     중간  0.59  0/0 [일봉]
217820  원익피앤이      2,910   56.8    -4.8%    0.5x     하단 13.12  4/0 [5분]
001510  SK증권       3,820    0.0    +0.0%    0.0x     중간  1.43  1/0 [일봉]
056080  유진로봇      23,550   58.8    -8.4%    0.5x     하단  2.78  3/0 [5분]
084850  아이티엠반도체   13,870    0.0    +0.0%    0.0x     중간  0.14  0/0 [일봉]
⛔ 금양(001570) 호가 없음 (거래정지 의심)

══════════════════════════════════════════════════
⏰ 마감 준비 (14:30 이후) — 신규 매수 중단
→ 전종목 HOLD
✅ Discord 전송 완료

[15:04] HOLD | KODEX RSI66/-2.9%⚠️ | 보유:없음 | 최고신호 리노공업(058470) 4/2개 [하락-3.7% / BB하단 / MA골 / 호가6.9]
💰 예수금 100,426원 | KODEX200 RSI66/-2.9% 과열⚠️ | 매수기준 2개↑

코드      종목명           가격    RSI     변화율    거래량     BB   호가비  B/S
────────────────────────────────────────────────────────────────────────
[2단계 분석 대상: 217820, 058470, 247540, 005380, 056080]
403870  HPSP      49,200    0.0    +0.0%    0.0x     중간  2.17  1/0 [일봉]
058470  리노공업      97,400   67.9    -3.7%    0.5x     하단  7.53  4/0 [5분]
⛔ 아우토크립트(137040) 호가 없음 (거래정지 의심)
055550  신한지주      93,900    0.0    +0.0%    0.0x     중간  0.38  0/0 [일봉]
035720  카카오       41,650    0.0    +0.0%    0.0x     중간  1.27  1/0 [일봉]
015760  한국전력      39,300    0.0    +0.0%    0.0x     중간  0.43  0/0 [일봉]
078930  GS        75,400    0.0    +0.0%    0.0x     중간  0.59  0/0 [일봉]
061250  화일약품       8,600    0.0    +0.0%    0.0x     중간  0.45  0/0 [일봉]
217820  원익피앤이      2,910   62.9    -4.6%    0.5x     하단 13.25  4/0 [5분]
001510  SK증권       3,820    0.0    +0.0%    0.0x     중간  1.40  1/0 [일봉]
056080  유진로봇      23,550   58.8    -8.2%    0.5x     하단  2.35  3/0 [5분]
084850  아이티엠반도체   13,830    0.0    +0.0%    0.0x     중간  0.44  0/0 [일봉]
⛔ 금양(001570) 호가 없음 (거래정지 의심)

══════════════════════════════════════════════════
⏰ 마감 준비 (14:30 이후) — 신규 매수 중단
→ 전종목 HOLD
✅ Discord 전송 완료

[15:06] HOLD | KODEX RSI66/-2.9%⚠️ | 보유:없음 | 최고신호 리노공업(058470) 4/2개 [하락-3.7% / BB하단 / MA골 / 호가7.5]
💰 예수금 100,426원 | KODEX200 RSI66/-2.9% 과열⚠️ | 매수기준 2개↑

코드      종목명           가격    RSI     변화율    거래량     BB   호가비  B/S
────────────────────────────────────────────────────────────────────────
[2단계 분석 대상: 217820, 058470, 005380, 403870, 247540]
403870  HPSP      49,200   78.3    -5.7%    0.5x     하단  3.22  4/0 [5분]
058470  리노공업      97,400   67.9    -3.6%    0.5x     하단  5.67  4/0 [5분]
⛔ 아우토크립트(137040) 호가 없음 (거래정지 의심)
055550  신한지주      93,800    0.0    +0.0%    0.0x     중간  0.50  0/0 [일봉]
035720  카카오       41,600    0.0    +0.0%    0.0x     중간  1.64  1/0 [일봉]
015760  한국전력      39,250    0.0    +0.0%    0.0x     중간  0.40  0/0 [일봉]
078930  GS        75,300    0.0    +0.0%    0.0x     중간  0.67  0/0 [일봉]
061250  화일약품       8,600    0.0    +0.0%    0.0x     중간  0.45  0/0 [일봉]
217820  원익피앤이      2,910   62.9    -4.6%    0.5x     하단 12.06  4/0 [5분]
001510  SK증권       3,815    0.0    +0.0%    0.0x     중간  1.77  1/0 [일봉]
056080  유진로봇      23,550    0.0    +0.0%    0.0x     중간  2.21  1/0 [일봉]
084850  아이티엠반도체   13,770    0.0    +0.0%    0.0x     중간  0.32  0/0 [일봉]
⛔ 금양(001570) 호가 없음 (거래정지 의심)

══════════════════════════════════════════════════
⏰ 마감 준비 (14:30 이후) — 신규 매수 중단
→ 전종목 HOLD
✅ Discord 전송 완료

[15:08] HOLD | KODEX RSI66/-2.9%⚠️ | 보유:없음 | 최고신호 HPSP(403870) 4/2개 [하락-5.7% / BB하단 / MA골 / 호가3.2]
💰 예수금 100,426원 | KODEX200 RSI66/-3.0% 과열⚠️ | 매수기준 2개↑

코드      종목명           가격    RSI     변화율    거래량     BB   호가비  B/S
────────────────────────────────────────────────────────────────────────
[2단계 분석 대상: 217820, 247540, 005380, 403870, 066970]
403870  HPSP      49,200   65.2    -5.8%    0.5x     하단  3.89  4/0 [5분]
058470  리노공업      97,700    0.0    +0.0%    0.0x     중간  2.86  1/0 [일봉]
⛔ 아우토크립트(137040) 호가 없음 (거래정지 의심)
055550  신한지주      93,800    0.0    +0.0%    0.0x     중간  0.34  0/0 [일봉]
035720  카카오       41,600    0.0    +0.0%    0.0x     중간  1.75  1/0 [일봉]
015760  한국전력      39,200    0.0    +0.0%    0.0x     중간  0.70  0/0 [일봉]
078930  GS        75,500    0.0    +0.0%    0.0x     중간  0.48  0/0 [일봉]
061250  화일약품       8,590    0.0    +0.0%    0.0x     중간  0.33  0/0 [일봉]
217820  원익피앤이      2,910   61.8    -4.8%    0.5x     하단 12.16  4/0 [5분]
001510  SK증권       3,815    0.0    +0.0%    0.0x     중간  1.38  1/0 [일봉]
056080  유진로봇      23,550    0.0    +0.0%    0.0x     중간  2.26  1/0 [일봉]
084850  아이티엠반도체   13,770    0.0    +0.0%    0.0x     중간  0.36  0/0 [일봉]
⛔ 금양(001570) 호가 없음 (거래정지 의심)

══════════════════════════════════════════════════
🕐 15:10 이후 — 장 마감 청산 모드
⏰ 마감 준비 (14:30 이후) — 신규 매수 중단
→ 전종목 HOLD
✅ Discord 전송 완료

[15:10] HOLD | KODEX RSI66/-3.0%⚠️ | 보유:없음 | 최고신호 HPSP(403870) 4/2개 [하락-5.8% / BB하단 / MA골 / 호가3.9]
💰 예수금 100,426원 | KODEX200 RSI66/-2.9% 과열⚠️ | 매수기준 2개↑

코드      종목명           가격    RSI     변화율    거래량     BB   호가비  B/S
────────────────────────────────────────────────────────────────────────
[2단계 분석 대상: 217820, 000660, 058470, 247540, 403870]
403870  HPSP      49,200   65.2    -5.6%    0.5x     하단  4.13  4/0 [5분]
058470  리노공업      97,600   65.5    -3.6%    0.5x     하단  4.43  4/0 [5분]
⛔ 아우토크립트(137040) 호가 없음 (거래정지 의심)
055550  신한지주      93,900    0.0    +0.0%    0.0x     중간  0.55  0/0 [일봉]
035720  카카오       41,650    0.0    +0.0%    0.0x     중간  1.63  1/0 [일봉]
015760  한국전력      39,200    0.0    +0.0%    0.0x     중간  0.79  0/0 [일봉]
078930  GS        75,500    0.0    +0.0%    0.0x     중간  0.23  0/0 [일봉]
061250  화일약품       8,590    0.0    +0.0%    0.0x     중간  0.31  0/0 [일봉]
217820  원익피앤이      2,910   61.8    -4.8%    0.5x     하단 12.89  4/0 [5분]
001510  SK증권       3,815    0.0    +0.0%    0.0x     중간  1.30  1/0 [일봉]
056080  유진로봇      23,550    0.0    +0.0%    0.0x     중간  2.24  1/0 [일봉]
084850  아이티엠반도체   13,770    0.0    +0.0%    0.0x     중간  0.37  0/0 [일봉]
⛔ 금양(001570) 호가 없음 (거래정지 의심)

══════════════════════════════════════════════════
🕐 15:10 이후 — 장 마감 청산 모드
⏰ 마감 준비 (14:30 이후) — 신규 매수 중단
→ 전종목 HOLD
✅ Discord 전송 완료

[15:12] HOLD | KODEX RSI66/-2.9%⚠️ | 보유:없음 | 최고신호 HPSP(403870) 4/2개 [하락-5.6% / BB하단 / MA골 / 호가4.1]
💰 예수금 100,426원 | KODEX200 RSI67/-2.8% 과열⚠️ | 매수기준 2개↑

코드      종목명           가격    RSI     변화율    거래량     BB   호가비  B/S
────────────────────────────────────────────────────────────────────────
[2단계 분석 대상: 217820, 058470, 403870, 034020, 207940]
403870  HPSP      49,250   66.7    -5.7%    0.5x     하단  5.77  4/0 [5분]
058470  리노공업      97,500   60.7    -3.9%    0.5x     하단  5.83  4/0 [5분]
⛔ 아우토크립트(137040) 호가 없음 (거래정지 의심)
055550  신한지주      93,800    0.0    +0.0%    0.0x     중간  0.41  0/0 [일봉]
035720  카카오       41,650    0.0    +0.0%    0.0x     중간  1.74  1/0 [일봉]
015760  한국전력      39,200    0.0    +0.0%    0.0x     중간  0.70  0/0 [일봉]
078930  GS        75,400    0.0    +0.0%    0.0x     중간  0.09  0/0 [일봉]
061250  화일약품       8,570    0.0    +0.0%    0.0x     중간  0.35  0/0 [일봉]
217820  원익피앤이      2,910   61.8    -4.6%    0.5x     하단  9.43  4/0 [5분]
001510  SK증권       3,815    0.0    +0.0%    0.0x     중간  1.48  1/0 [일봉]
056080  유진로봇      23,550    0.0    +0.0%    0.0x     중간  2.60  1/0 [일봉]
084850  아이티엠반도체   13,760    0.0    +0.0%    0.0x     중간  0.36  0/0 [일봉]
⛔ 금양(001570) 호가 없음 (거래정지 의심)

══════════════════════════════════════════════════
🕐 15:10 이후 — 장 마감 청산 모드
⏰ 마감 준비 (14:30 이후) — 신규 매수 중단
→ 전종목 HOLD
✅ Discord 전송 완료

[15:14] HOLD | KODEX RSI67/-2.8%⚠️ | 보유:없음 | 최고신호 HPSP(403870) 4/2개 [하락-5.7% / BB하단 / MA골 / 호가5.8]
💰 예수금 100,426원 | KODEX200 RSI66/-3.0% 과열⚠️ | 매수기준 2개↑

코드      종목명           가격    RSI     변화율    거래량     BB   호가비  B/S
────────────────────────────────────────────────────────────────────────
[2단계 분석 대상: 000660, 217820, 058470, 403870, 034020]
403870  HPSP      49,150   66.7    -5.8%    0.5x     하단  5.71  4/0 [5분]
058470  리노공업      97,300   60.7    -3.7%    0.5x     하단  6.36  4/0 [5분]
⛔ 아우토크립트(137040) 호가 없음 (거래정지 의심)
055550  신한지주      93,500    0.0    +0.0%    0.0x     중간  2.05  1/0 [일봉]
035720  카카오       41,650    0.0    +0.0%    0.0x     중간  1.41  1/0 [일봉]
015760  한국전력      39,250    0.0    +0.0%    0.0x     중간  0.46  0/0 [일봉]
078930  GS        75,600    0.0    +0.0%    0.0x     중간  0.33  0/0 [일봉]
061250  화일약품       8,590    0.0    +0.0%    0.0x     중간  0.35  0/0 [일봉]
217820  원익피앤이      2,910   65.8    -4.6%    0.5x     하단  7.60  4/0 [5분]
001510  SK증권       3,815    0.0    +0.0%    0.0x     중간  1.32  1/0 [일봉]
056080  유진로봇      23,500    0.0    +0.0%    0.0x     중간  4.12  1/0 [일봉]
084850  아이티엠반도체   13,880    0.0    +0.0%    0.0x     중간  0.15  0/0 [일봉]
⛔ 금양(001570) 호가 없음 (거래정지 의심)

══════════════════════════════════════════════════
🕐 15:10 이후 — 장 마감 청산 모드
⏰ 마감 준비 (14:30 이후) — 신규 매수 중단
→ 전종목 HOLD
✅ Discord 전송 완료

[15:16] HOLD | KODEX RSI66/-3.0%⚠️ | 보유:없음 | 최고신호 HPSP(403870) 4/2개 [하락-5.8% / BB하단 / MA골 / 호가5.7]
💰 예수금 100,426원 | KODEX200 RSI66/-3.0% 상승추세⬆️ 과열⚠️ | 매수기준 2개↑

코드      종목명           가격    RSI     변화율    거래량     BB   호가비  B/S
────────────────────────────────────────────────────────────────────────
[2단계 분석 대상: 217820, 000660, 247540, 403870, 058470]
403870  HPSP      49,150   66.7    -6.0%    0.5x     하단  5.04  4/0 [5분]
058470  리노공업      97,000   60.7    -4.7%    0.5x     하단  4.44  4/0 [5분]
⛔ 아우토크립트(137040) 호가 없음 (거래정지 의심)
055550  신한지주      93,800    0.0    +0.0%    0.0x     중간  1.34  1/0 [일봉]
035720  카카오       41,650    0.0    +0.0%    0.0x     중간  1.35  1/0 [일봉]
015760  한국전력      39,250    0.0    +0.0%    0.0x     중간  0.38  0/0 [일봉]
078930  GS        75,500    0.0    +0.0%    0.0x     중간  0.42  0/0 [일봉]
061250  화일약품       8,590    0.0    +0.0%    0.0x     중간  0.37  0/0 [일봉]
217820  원익피앤이      2,915   65.8    -4.4%    0.5x     하단 15.17  4/0 [5분]
001510  SK증권       3,810    0.0    +0.0%    0.0x     중간  2.05  1/0 [일봉]
056080  유진로봇      23,550    0.0    +0.0%    0.0x     중간  3.12  1/0 [일봉]
084850  아이티엠반도체   13,850    0.0    +0.0%    0.0x     중간  0.05  0/0 [일봉]
⛔ 금양(001570) 호가 없음 (거래정지 의심)

══════════════════════════════════════════════════
🕐 15:10 이후 — 장 마감 청산 모드
⏰ 마감 준비 (14:30 이후) — 신규 매수 중단
→ 전종목 HOLD
✅ Discord 전송 완료

[15:18] HOLD | KODEX RSI66/-3.0%⬆️⚠️ | 보유:없음 | 최고신호 HPSP(403870) 4/2개 [하락-6.0% / BB하단 / MA골 / 호가5.0]
💰 예수금 100,426원 | KODEX200 RSI66/-3.0% 상승추세⬆️ 과열⚠️ | 매수기준 2개↑

코드      종목명           가격    RSI     변화율    거래량     BB   호가비  B/S
────────────────────────────────────────────────────────────────────────
[2단계 분석 대상: 086790, 055550, 035420, 000270, 034020]
403870  HPSP      49,800    0.0    +0.0%    0.0x     중간  1.40  1/0 [일봉]
058470  리노공업      95,700    0.0    +0.0%    0.0x     중간  0.10  0/0 [일봉]
⛔ 아우토크립트(137040) 호가 없음 (거래정지 의심)
055550  신한지주      96,000   47.6    +0.6%    0.9x     중간 19.10  3/0 [5분]
035720  카카오       41,400    0.0    +0.0%    0.0x     중간  0.83  0/0 [일봉]
015760  한국전력      38,800    0.0    +0.0%    0.0x     중간  0.65  0/0 [일봉]
078930  GS        76,400    0.0    +0.0%    0.0x     중간  0.60  0/0 [일봉]
061250  화일약품       8,610    0.0    +0.0%    0.0x     중간  0.62  0/0 [일봉]
217820  원익피앤이      2,950    0.0    +0.0%    0.0x     중간  9.33  1/0 [일봉]
001510  SK증권       3,825    0.0    +0.0%    0.0x     중간  2.60  1/0 [일봉]
056080  유진로봇      23,400    0.0    +0.0%    0.0x     중간  2.95  1/0 [일봉]
084850  아이티엠반도체   13,970    0.0    +0.0%    0.0x     중간  0.01  0/0 [일봉]
⛔ 금양(001570) 호가 없음 (거래정지 의심)

══════════════════════════════════════════════════
🕐 15:10 이후 — 장 마감 청산 모드
⏰ 마감 준비 (14:50 이후) — 신규 매수 중단
→ 전종목 HOLD
✅ Discord 전송 완료

[15:20] HOLD | KODEX RSI66/-3.0%⬆️⚠️ | 보유:없음 | 최고신호 신한지주(055550) 3/2개 [RSI48 / MA골 / 호가19.1]
💰 예수금 100,426원 | KODEX200 RSI66/-3.0% 상승추세⬆️ 과열⚠️ | 매수기준 2개↑

코드      종목명           가격    RSI     변화율    거래량     BB   호가비  B/S
────────────────────────────────────────────────────────────────────────
[2단계 분석 대상: 035420, 005380, 055550, 079550, 034020]
403870  HPSP      50,000    0.0    +0.0%    0.0x     중간  0.01  0/0 [일봉]
058470  리노공업      95,700    0.0    +0.0%    0.0x     중간  0.11  0/0 [일봉]
⛔ 아우토크립트(137040) 호가 없음 (거래정지 의심)
055550  신한지주      94,700   47.6    +0.6%    0.9x     중간 21.75  3/0 [5분]
035720  카카오       41,150    0.0    +0.0%    0.0x     중간  4.22  1/0 [일봉]
015760  한국전력      38,800    0.0    +0.0%    0.0x     중간  0.14  0/0 [일봉]
078930  GS        76,500    0.0    +0.0%    0.0x     중간  4.40  1/0 [일봉]
061250  화일약품       8,610    0.0    +0.0%    0.0x     중간  0.61  0/0 [일봉]
217820  원익피앤이      2,920    0.0    +0.0%    0.0x     중간  4.81  1/0 [일봉]
001510  SK증권       3,825    0.0    +0.0%    0.0x     중간  2.25  1/0 [일봉]
056080  유진로봇      23,500    0.0    +0.0%    0.0x     중간  1.73  1/0 [일봉]
084850  아이티엠반도체   13,970    0.0    +0.0%    0.0x     중간  0.04  0/0 [일봉]
⛔ 금양(001570) 호가 없음 (거래정지 의심)

══════════════════════════════════════════════════
🕐 15:10 이후 — 장 마감 청산 모드
⏰ 마감 준비 (14:50 이후) — 신규 매수 중단
→ 전종목 HOLD
✅ Discord 전송 완료

[15:22] HOLD | KODEX RSI66/-3.0%⬆️⚠️ | 보유:없음 | 최고신호 신한지주(055550) 3/2개 [RSI48 / MA골 / 호가21.8]
💰 예수금 100,426원 | KODEX200 RSI66/-3.0% 상승추세⬆️ 과열⚠️ | 매수기준 2개↑

코드      종목명           가격    RSI     변화율    거래량     BB   호가비  B/S
────────────────────────────────────────────────────────────────────────
[2단계 분석 대상: 068270, 051910, 035720, 005380, 006400]
403870  HPSP      49,950    0.0    +0.0%    0.0x     중간  0.01  0/0 [일봉]
058470  리노공업      95,700    0.0    +0.0%    0.0x     중간  0.14  0/0 [일봉]
⛔ 아우토크립트(137040) 호가 없음 (거래정지 의심)
055550  신한지주      94,700    0.0    +0.0%    0.0x     중간  3.02  1/0 [일봉]
035720  카카오       41,150   39.5    -2.1%    0.7x     하단 18.03  4/0 [5분]
015760  한국전력      38,800    0.0    +0.0%    0.0x     중간  0.36  0/0 [일봉]
078930  GS        77,400    0.0    +0.0%    0.0x     중간  3.39  1/0 [일봉]
061250  화일약품       8,610    0.0    +0.0%    0.0x     중간  0.60  0/0 [일봉]
217820  원익피앤이      2,920    0.0    +0.0%    0.0x     중간  5.80  1/0 [일봉]
001510  SK증권       3,825    0.0    +0.0%    0.0x     중간  1.88  1/0 [일봉]
056080  유진로봇      23,500    0.0    +0.0%    0.0x     중간  2.28  1/0 [일봉]
084850  아이티엠반도체   13,970    0.0    +0.0%    0.0x     중간  0.04  0/0 [일봉]
⛔ 금양(001570) 호가 없음 (거래정지 의심)

══════════════════════════════════════════════════
🕐 15:10 이후 — 장 마감 청산 모드
⏰ 마감 준비 (14:50 이후) — 신규 매수 중단
→ 전종목 HOLD
✅ Discord 전송 완료

[15:24] HOLD | KODEX RSI66/-3.0%⬆️⚠️ | 보유:없음 | 최고신호 카카오(035720) 4/2개 [RSI40 / 하락-2.1% / BB하단 / 호가18.0]
💰 예수금 100,426원 | KODEX200 RSI66/-3.0% 상승추세⬆️ 과열⚠️ | 매수기준 2개↑

코드      종목명           가격    RSI     변화율    거래량     BB   호가비  B/S
────────────────────────────────────────────────────────────────────────
[2단계 분석 대상: 000270, 000660, 005930, 005380, 105560]
403870  HPSP      49,900    0.0    +0.0%    0.0x     중간  0.18  0/0 [일봉]
058470  리노공업      95,700    0.0    +0.0%    0.0x     중간  0.41  0/0 [일봉]
⛔ 아우토크립트(137040) 호가 없음 (거래정지 의심)
055550  신한지주      94,700    0.0    +0.0%    0.0x     중간  3.03  1/0 [일봉]
035720  카카오       41,400    0.0    +0.0%    0.0x     중간  2.54  1/0 [일봉]
015760  한국전력      38,800    0.0    +0.0%    0.0x     중간  0.61  0/0 [일봉]
078930  GS        76,800    0.0    +0.0%    0.0x     중간  4.59  1/0 [일봉]
061250  화일약품       8,610    0.0    +0.0%    0.0x     중간  0.61  0/0 [일봉]
217820  원익피앤이      2,920    0.0    +0.0%    0.0x     중간  5.54  1/0 [일봉]
001510  SK증권       3,825    0.0    +0.0%    0.0x     중간  1.58  1/0 [일봉]
056080  유진로봇      23,500    0.0    +0.0%    0.0x     중간  1.12  0/0 [일봉]
084850  아이티엠반도체   13,970    0.0    +0.0%    0.0x     중간  0.12  0/0 [일봉]
⛔ 금양(001570) 호가 없음 (거래정지 의심)

══════════════════════════════════════════════════
🕐 15:10 이후 — 장 마감 청산 모드
⏰ 마감 준비 (14:50 이후) — 신규 매수 중단
→ 전종목 HOLD
✅ Discord 전송 완료

[15:26] HOLD | KODEX RSI66/-3.0%⬆️⚠️ | 보유:없음 | 최고신호 신한지주(055550) 1/2개 [호가3.0]
💰 예수금 100,426원 | KODEX200 RSI66/-3.0% 상승추세⬆️ 과열⚠️ | 매수기준 2개↑

코드      종목명           가격    RSI     변화율    거래량     BB   호가비  B/S
────────────────────────────────────────────────────────────────────────
[2단계 분석 대상: 000660, 403870, 247540, 015760, 005380]
403870  HPSP      48,700   66.7    -6.0%    0.5x     하단 46.54  4/0 [5분]
058470  리노공업      95,700    0.0    +0.0%    0.0x     중간  0.06  0/0 [일봉]
⛔ 아우토크립트(137040) 호가 없음 (거래정지 의심)
055550  신한지주      94,700    0.0    +0.0%    0.0x     중간  1.50  1/0 [일봉]
035720  카카오       41,550    0.0    +0.0%    0.0x     중간  1.00  0/0 [일봉]
015760  한국전력      38,950   45.0    +4.0%    1.1x     상단 16.44  2/0 [5분]
078930  GS        76,300    0.0    +0.0%    0.0x     중간  1.50  1/0 [일봉]
061250  화일약품       8,610    0.0    +0.0%    0.0x     중간  0.61  0/0 [일봉]
217820  원익피앤이      2,920    0.0    +0.0%    0.0x     중간  5.21  1/0 [일봉]
001510  SK증권       3,825    0.0    +0.0%    0.0x     중간  2.14  1/0 [일봉]
056080  유진로봇      23,500    0.0    +0.0%    0.0x     중간  2.04  1/0 [일봉]
084850  아이티엠반도체   13,970    0.0    +0.0%    0.0x     중간  0.26  0/0 [일봉]
⛔ 금양(001570) 호가 없음 (거래정지 의심)

══════════════════════════════════════════════════
🕐 15:10 이후 — 장 마감 청산 모드
⏰ 마감 준비 (14:50 이후) — 신규 매수 중단
→ 전종목 HOLD
✅ Discord 전송 완료

[15:28] HOLD | KODEX RSI66/-3.0%⬆️⚠️ | 보유:없음 | 최고신호 HPSP(403870) 4/2개 [하락-6.0% / BB하단 / MA골 / 호가46.5]
💰 예수금 100,426원 | KODEX200 RSI66/-3.0% 상승추세⬆️ 과열⚠️ | 매수기준 2개↑

코드      종목명           가격    RSI     변화율    거래량     BB   호가비  B/S
────────────────────────────────────────────────────────────────────────
[2단계 분석 대상: 058470, 247540, 042700, 217820, 000660]
403870  HPSP      49,050    0.0    +0.0%    0.0x     중간  1.41  1/0 [일봉]
058470  리노공업      96,500   48.5    -4.8%    0.6x     하단 10.49  5/0 [5분]
⛔ 아우토크립트(137040) 호가 없음 (거래정지 의심)
055550  신한지주      93,900    0.0    +0.0%    0.0x     중간  0.57  0/0 [일봉]
035720  카카오       41,650    0.0    +0.0%    0.0x     중간  1.65  1/0 [일봉]
015760  한국전력      39,200    0.0    +0.0%    0.0x     중간  1.76  1/0 [일봉]
078930  GS        75,500    0.0    +0.0%    0.0x     중간  0.29  0/0 [일봉]
061250  화일약품       8,610    0.0    +0.0%    0.0x     중간  0.34  0/0 [일봉]
217820  원익피앤이      2,920   54.1    -4.9%    0.6x     하단  5.50  5/0 [5분]
001510  SK증권       3,825    0.0    +0.0%    0.0x     중간  1.46  1/0 [일봉]
056080  유진로봇      23,500    0.0    +0.0%    0.0x     중간  2.88  1/0 [일봉]
084850  아이티엠반도체   13,970    0.0    +0.0%    0.0x     중간  0.03  0/0 [일봉]
⛔ 금양(001570) 호가 없음 (거래정지 의심)

══════════════════════════════════════════════════
🕐 15:10 이후 — 장 마감 청산 모드
⏰ 마감 준비 (14:50 이후) — 신규 매수 중단
→ 전종목 HOLD
✅ Discord 전송 완료

[15:30] HOLD | KODEX RSI66/-3.0%⬆️⚠️ | 보유:없음 | 최고신호 리노공업(058470) 5/2개 [RSI48 / 하락-4.8% / BB하단 / MA골 / 호가10.5]
