💰 예수금 9,317원 | KODEX200 RSI73/+0.0% 정상 | 매수기준 2개↑
📦 보유 SK증권(001510) 1주 -10.4% 🔴스탑로스임박
📦 보유 유진로봇(056080) 1주 +0.3%
📦 보유 원익피앤이(217820) 3주 -9.1% 🔴스탑로스임박
📦 보유 HPSP(403870) 1주 -6.6% 🔴스탑로스임박

코드      종목명           가격    RSI     변화율    거래량     BB   호가비  B/S
────────────────────────────────────────────────────────────────────────
[2단계 분석 대상: 001510, 056080, 217820, 403870, 000270, 034020, 138040, 005930, 247540]
403870  HPSP      49,500   21.7    +0.0%    0.0x     하단  0.08  2/1 [5분]
⛔ 아우토크립트(137040) 호가 없음 (거래정지 의심)
061250  화일약품       8,360    0.0    +0.0%    0.0x     중간  0.24  0/0 [일봉]
217820  원익피앤이      3,190   27.8    +0.0%    0.0x     하단 13.45  3/1 [5분]
001510  SK증권       4,160   46.7    +0.0%    0.0x     하단  0.12  3/0 [5분]
056080  유진로봇      27,700   42.9    +0.0%    0.0x     상단  4.82  2/2 [5분]
⛔ 금양(001570) 호가 없음 (거래정지 의심)

══════════════════════════════════════════════════
🟡 SELL(비상손절🔴) HPSP(403870) -6.6% [MA데드] 신뢰도0.9
💰 예수금: 9,317원
📊 HPSP(403870) 매도1호가: 49,450원 | 매수1호가: 49,400원
📌 SELL 지정가: 49,400원 × 1주
⚠️ SELL HPSP(403870) 재시도 1/3: Traceback (most recent call last):
  File "/home/hyunho/openclaw-setup/python-only/trade.py", line 137, in <module>
    main()
  File "/home/hyunho/op
💰 예수금: 9,317원
📊 HPSP(403870) 매도1호가: 49,450원 | 매수1호가: 49,400원
📌 SELL 지정가: 49,400원 × 1주
⚠️ SELL HPSP(403870) 재시도 2/3: Traceback (most recent call last):
  File "/home/hyunho/openclaw-setup/python-only/trade.py", line 137, in <module>
    main()
  File "/home/hyunho/op
💰 예수금: 9,317원
📊 HPSP(403870) 매도1호가: 49,500원 | 매수1호가: 49,450원
📌 SELL 지정가: 49,450원 × 1주
⚠️ SELL HPSP(403870) 재시도 3/3: Traceback (most recent call last):
  File "/home/hyunho/openclaw-setup/python-only/trade.py", line 137, in <module>
    main()
  File "/home/hyunho/op
🚨 [08:51:35] 에러 — SELL HPSP(403870) 주문 실패
Traceback (most recent call last):
  File "/home/hyunho/openclaw-setup/python-only/trade.py", line 137, in <module>
    main()
  File "/home/hyunho/openclaw-setup/python-only/trade.py", line 131, in main
    result = send_signal(args.code, stock_name, args.action, args.confidence, args.reason, qty, 
✅ Discord 전송 완료
🟡 SELL(비상손절🔴) 원익피앤이(217820) -9.1% [MA데드] 신뢰도0.9
💰 예수금: 9,317원
📊 원익피앤이(217820) 매도1호가: 3,190원 | 매수1호가: 3,175원
📌 SELL 지정가: 3,175원 × 3주
⚠️ SELL 원익피앤이(217820) 재시도 1/3: Traceback (most recent call last):
  File "/home/hyunho/openclaw-setup/python-only/trade.py", line 137, in <module>
    main()
  File "/home/hyunho/op
💰 예수금: 9,317원
📊 원익피앤이(217820) 매도1호가: 3,190원 | 매수1호가: 3,175원
📌 SELL 지정가: 3,175원 × 3주
⚠️ SELL 원익피앤이(217820) 재시도 2/3: Traceback (most recent call last):
  File "/home/hyunho/openclaw-setup/python-only/trade.py", line 137, in <module>
    main()
  File "/home/hyunho/op
💰 예수금: 9,317원
📊 원익피앤이(217820) 매도1호가: 3,190원 | 매수1호가: 3,175원
📌 SELL 지정가: 3,175원 × 3주
⚠️ SELL 원익피앤이(217820) 재시도 3/3: Traceback (most recent call last):
  File "/home/hyunho/openclaw-setup/python-only/trade.py", line 137, in <module>
    main()
  File "/home/hyunho/op
🚨 [08:51:47] 에러 — SELL 원익피앤이(217820) 주문 실패
Traceback (most recent call last):
  File "/home/hyunho/openclaw-setup/python-only/trade.py", line 137, in <module>
    main()
  File "/home/hyunho/openclaw-setup/python-only/trade.py", line 131, in main
    result = send_signal(args.code, stock_name, args.action, args.confidence, args.reason, qty, 
✅ Discord 전송 완료
🟡 SELL(비상손절🔴) SK증권(001510) -10.4% [] 신뢰도0.9
💰 예수금: 9,317원
📊 SK증권(001510) 매도1호가: 4,160원 | 매수1호가: 4,155원
📌 SELL 지정가: 4,155원 × 1주
⚠️ SELL SK증권(001510) 재시도 1/3: Traceback (most recent call last):
  File "/home/hyunho/openclaw-setup/python-only/trade.py", line 137, in <module>
    main()
  File "/home/hyunho/op
💰 예수금: 9,317원
📊 SK증권(001510) 매도1호가: 4,160원 | 매수1호가: 4,155원
📌 SELL 지정가: 4,155원 × 1주
⚠️ SELL SK증권(001510) 재시도 2/3: Traceback (most recent call last):
  File "/home/hyunho/openclaw-setup/python-only/trade.py", line 137, in <module>
    main()
  File "/home/hyunho/op
💰 예수금: 9,317원
📊 SK증권(001510) 매도1호가: 4,160원 | 매수1호가: 4,155원
📌 SELL 지정가: 4,155원 × 1주
⚠️ SELL SK증권(001510) 재시도 3/3: Traceback (most recent call last):
  File "/home/hyunho/openclaw-setup/python-only/trade.py", line 137, in <module>
    main()
  File "/home/hyunho/op
🚨 [08:51:58] 에러 — SELL SK증권(001510) 주문 실패
Traceback (most recent call last):
  File "/home/hyunho/openclaw-setup/python-only/trade.py", line 137, in <module>
    main()
  File "/home/hyunho/openclaw-setup/python-only/trade.py", line 131, in main
    result = send_signal(args.code, stock_name, args.action, args.confidence, args.reason, qty, 
✅ Discord 전송 완료
🟡 SELL(수익실현💰) 유진로봇(056080) +0.3% [BB상단, MA데드] 신뢰도0.7
💰 예수금: 9,317원
📊 유진로봇(056080) 매도1호가: 27,850원 | 매수1호가: 27,800원
📌 SELL 지정가: 27,800원 × 1주
⚠️ SELL 유진로봇(056080) 재시도 1/3: Traceback (most recent call last):
  File "/home/hyunho/openclaw-setup/python-only/trade.py", line 137, in <module>
    main()
  File "/home/hyunho/op
💰 예수금: 9,317원
📊 유진로봇(056080) 매도1호가: 27,850원 | 매수1호가: 27,800원
📌 SELL 지정가: 27,800원 × 1주
⚠️ SELL 유진로봇(056080) 재시도 2/3: Traceback (most recent call last):
  File "/home/hyunho/openclaw-setup/python-only/trade.py", line 137, in <module>
    main()
  File "/home/hyunho/op
💰 예수금: 9,317원
📊 유진로봇(056080) 매도1호가: 27,850원 | 매수1호가: 27,800원
📌 SELL 지정가: 27,800원 × 1주
⚠️ SELL 유진로봇(056080) 재시도 3/3: Traceback (most recent call last):
  File "/home/hyunho/openclaw-setup/python-only/trade.py", line 137, in <module>
    main()
  File "/home/hyunho/op
🚨 [08:52:09] 에러 — SELL 유진로봇(056080) 주문 실패
Traceback (most recent call last):
  File "/home/hyunho/openclaw-setup/python-only/trade.py", line 137, in <module>
    main()
  File "/home/hyunho/openclaw-setup/python-only/trade.py", line 131, in main
    result = send_signal(args.code, stock_name, args.action, args.confidence, args.reason, qty, 
✅ Discord 전송 완료
→ 전종목 HOLD
✅ Discord 전송 완료

[08:50] HOLD | KODEX RSI73/+0.0% | 보유:SK증권(001510) -10.4% 유진로봇(056080) +0.3% 원익피앤(217820) -9.1% HPSP(403870) -6.6% | 💸예수금부족 | 최고신호 원익피앤이(217820) 3/2개 [RSI28 / BB하단 / 호가13.4]
💰 예수금 9,317원 | KODEX200 RSI73/+0.0% 정상 | 매수기준 2개↑
📦 보유 SK증권(001510) 1주 -10.4% 🔴스탑로스임박
📦 보유 유진로봇(056080) 1주 +0.3%
📦 보유 원익피앤이(217820) 3주 -9.1% 🔴스탑로스임박
📦 보유 HPSP(403870) 1주 -6.6% 🔴스탑로스임박

코드      종목명           가격    RSI     변화율    거래량     BB   호가비  B/S
────────────────────────────────────────────────────────────────────────
[2단계 분석 대상: 001510, 056080, 217820, 403870, 035720, 034020, 005930, 247540, 012330]
403870  HPSP      49,600   17.4    +2.8%    0.0x     하단 13.74  3/1 [5분]
⛔ 아우토크립트(137040) 호가 없음 (거래정지 의심)
061250  화일약품       8,350    0.0    +0.0%    0.0x     중간  0.07  0/0 [일봉]
217820  원익피앤이      3,095   31.2    -2.5%    0.0x     하단  0.28  3/1 [5분]
001510  SK증권       4,090   48.3    -1.6%    0.0x     하단  0.15  4/0 [5분]
056080  유진로봇      28,400   40.9    +2.7%    0.0x     상단  0.44  1/2 [5분]
⛔ 금양(001570) 호가 없음 (거래정지 의심)

══════════════════════════════════════════════════
🟡 SELL(비상손절🔴) HPSP(403870) -6.6% [MA데드] 신뢰도0.9
💰 예수금: 9,317원
📊 HPSP(403870) 매도1호가: 50,700원 | 매수1호가: 50,300원
📌 SELL 지정가: 50,300원 × 1주
⚠️ SELL HPSP(403870) 재시도 1/3: Traceback (most recent call last):
  File "/home/hyunho/openclaw-setup/python-only/trade.py", line 137, in <module>
    main()
  File "/home/hyunho/op
💰 예수금: 9,318원
📊 HPSP(403870) 매도1호가: 50,500원 | 매수1호가: 50,300원
📌 SELL 지정가: 50,300원 × 1주
⚠️ SELL HPSP(403870) 재시도 2/3: Traceback (most recent call last):
  File "/home/hyunho/openclaw-setup/python-only/trade.py", line 137, in <module>
    main()
  File "/home/hyunho/op
💰 예수금: 9,317원
📊 HPSP(403870) 매도1호가: 50,400원 | 매수1호가: 50,300원
📌 SELL 지정가: 50,300원 × 1주
⚠️ SELL HPSP(403870) 재시도 3/3: Traceback (most recent call last):
  File "/home/hyunho/openclaw-setup/python-only/trade.py", line 137, in <module>
    main()
  File "/home/hyunho/op
🚨 [09:01:36] 에러 — SELL HPSP(403870) 주문 실패
Traceback (most recent call last):
  File "/home/hyunho/openclaw-setup/python-only/trade.py", line 137, in <module>
    main()
  File "/home/hyunho/openclaw-setup/python-only/trade.py", line 131, in main
    result = send_signal(args.code, stock_name, args.action, args.confidence, args.reason, qty, 
✅ Discord 전송 완료
🟡 SELL(비상손절🔴) 원익피앤이(217820) -9.1% [MA데드] 신뢰도0.9
💰 예수금: 9,318원
📊 원익피앤이(217820) 매도1호가: 3,090원 | 매수1호가: 3,065원
📌 SELL 지정가: 3,065원 × 3주
⚠️ SELL 원익피앤이(217820) 재시도 1/3: Traceback (most recent call last):
  File "/home/hyunho/openclaw-setup/python-only/trade.py", line 137, in <module>
    main()
  File "/home/hyunho/op
💰 예수금: 9,318원
📊 원익피앤이(217820) 매도1호가: 3,090원 | 매수1호가: 3,065원
📌 SELL 지정가: 3,065원 × 3주
⚠️ SELL 원익피앤이(217820) 재시도 2/3: Traceback (most recent call last):
  File "/home/hyunho/openclaw-setup/python-only/trade.py", line 137, in <module>
    main()
  File "/home/hyunho/op
💰 예수금: 9,317원
📊 원익피앤이(217820) 매도1호가: 3,125원 | 매수1호가: 3,075원
📌 SELL 지정가: 3,075원 × 3주
⚠️ SELL 원익피앤이(217820) 재시도 3/3: Traceback (most recent call last):
  File "/home/hyunho/openclaw-setup/python-only/trade.py", line 137, in <module>
    main()
  File "/home/hyunho/op
🚨 [09:01:47] 에러 — SELL 원익피앤이(217820) 주문 실패
Traceback (most recent call last):
  File "/home/hyunho/openclaw-setup/python-only/trade.py", line 137, in <module>
    main()
  File "/home/hyunho/openclaw-setup/python-only/trade.py", line 131, in main
    result = send_signal(args.code, stock_name, args.action, args.confidence, args.reason, qty, 
✅ Discord 전송 완료
🟡 SELL(비상손절🔴) SK증권(001510) -10.4% [] 신뢰도0.9
💰 예수금: 9,317원
📊 SK증권(001510) 매도1호가: 4,110원 | 매수1호가: 4,105원
📌 SELL 지정가: 4,105원 × 1주
⚠️ SELL SK증권(001510) 재시도 1/3: Traceback (most recent call last):
  File "/home/hyunho/openclaw-setup/python-only/trade.py", line 137, in <module>
    main()
  File "/home/hyunho/op
💰 예수금: 9,317원
📊 SK증권(001510) 매도1호가: 4,115원 | 매수1호가: 4,110원
📌 SELL 지정가: 4,110원 × 1주
⚠️ SELL SK증권(001510) 재시도 2/3: Traceback (most recent call last):
  File "/home/hyunho/openclaw-setup/python-only/trade.py", line 137, in <module>
    main()
  File "/home/hyunho/op
💰 예수금: 9,317원
📊 SK증권(001510) 매도1호가: 4,145원 | 매수1호가: 4,105원
📌 SELL 지정가: 4,105원 × 1주
⚠️ SELL SK증권(001510) 재시도 3/3: Traceback (most recent call last):
  File "/home/hyunho/openclaw-setup/python-only/trade.py", line 137, in <module>
    main()
  File "/home/hyunho/op
🚨 [09:01:58] 에러 — SELL SK증권(001510) 주문 실패
Traceback (most recent call last):
  File "/home/hyunho/openclaw-setup/python-only/trade.py", line 137, in <module>
    main()
  File "/home/hyunho/openclaw-setup/python-only/trade.py", line 131, in main
    result = send_signal(args.code, stock_name, args.action, args.confidence, args.reason, qty, 
✅ Discord 전송 완료
🟡 SELL(수익실현💰) 유진로봇(056080) +0.3% [BB상단, MA데드] 신뢰도0.7
💰 예수금: 9,317원
📊 유진로봇(056080) 매도1호가: 26,950원 | 매수1호가: 26,850원
📌 SELL 지정가: 26,850원 × 1주
⚠️ SELL 유진로봇(056080) 재시도 1/3: Traceback (most recent call last):
  File "/home/hyunho/openclaw-setup/python-only/trade.py", line 137, in <module>
    main()
  File "/home/hyunho/op
⏭️ 이전 스캔 실행 중 — 이번 실행 건너뜀
💰 예수금: 9,316원
📊 유진로봇(056080) 매도1호가: 26,800원 | 매수1호가: 26,750원
📌 SELL 지정가: 26,750원 × 1주
⚠️ SELL 유진로봇(056080) 재시도 2/3: Traceback (most recent call last):
  File "/home/hyunho/openclaw-setup/python-only/trade.py", line 137, in <module>
    main()
  File "/home/hyunho/op
💰 예수금: 9,316원
📊 유진로봇(056080) 매도1호가: 26,700원 | 매수1호가: 26,550원
📌 SELL 지정가: 26,550원 × 1주
⚠️ SELL 유진로봇(056080) 재시도 3/3: Traceback (most recent call last):
  File "/home/hyunho/openclaw-setup/python-only/trade.py", line 137, in <module>
    main()
  File "/home/hyunho/op
🚨 [09:02:09] 에러 — SELL 유진로봇(056080) 주문 실패
Traceback (most recent call last):
  File "/home/hyunho/openclaw-setup/python-only/trade.py", line 137, in <module>
    main()
  File "/home/hyunho/openclaw-setup/python-only/trade.py", line 131, in main
    result = send_signal(args.code, stock_name, args.action, args.confidence, args.reason, qty, 
✅ Discord 전송 완료
⏰ 장 초반 변동성 (9:20 전) — 신규 매수 중단
→ 전종목 HOLD
✅ Discord 전송 완료

[09:00] HOLD | KODEX RSI73/+0.0% | 보유:SK증권(001510) -10.4% 유진로봇(056080) +0.3% 원익피앤(217820) -9.1% HPSP(403870) -6.6% | 💸예수금부족 | 최고신호 SK증권(001510) 4/2개 [RSI48 / 하락-1.6% / BB하단 / MA골]
💰 예수금 9,316원 | KODEX200 RSI69/-2.4% 과열⚠️ | 매수기준 2개↑
📦 보유 SK증권(001510) 1주 -11.7% 🔴스탑로스임박
📦 보유 유진로봇(056080) 1주 -2.9% ⚠️주의
📦 보유 원익피앤이(217820) 3주 -11.7% 🔴스탑로스임박
📦 보유 HPSP(403870) 1주 -3.6% 🔴스탑로스임박

코드      종목명           가격    RSI     변화율    거래량     BB   호가비  B/S
────────────────────────────────────────────────────────────────────────
[2단계 분석 대상: 001510, 056080, 217820, 403870, 068270, 035720, 207940, 005380, 066970]
403870  HPSP      51,300   20.8    +3.2%    0.1x     하단  0.68  2/1 [5분]
⛔ 아우토크립트(137040) 호가 없음 (거래정지 의심)
061250  화일약품       8,350    0.0    +0.0%    0.0x     중간  0.27  0/0 [일봉]
217820  원익피앤이      3,085   18.8    -3.3%    0.0x     하단  0.36  3/1 [5분]
001510  SK증권       4,095   53.3    -1.8%    0.0x     하단  1.04  3/1 [5분]
056080  유진로봇      26,550   25.0    -3.3%    0.2x     상단  3.52  3/2 [5분]
⛔ 금양(001570) 호가 없음 (거래정지 의심)

══════════════════════════════════════════════════
⚠️  손실 주의 HPSP(403870) -3.6% (비상손절 -5%)
🟡 SELL(비상손절🔴) 원익피앤이(217820) -11.7% [MA데드] 신뢰도0.9
💰 예수금: 9,316원
📊 원익피앤이(217820) 매도1호가: 3,090원 | 매수1호가: 3,075원
📌 SELL 지정가: 3,075원 × 3주
⚠️ SELL 원익피앤이(217820) 재시도 1/3: Traceback (most recent call last):
  File "/home/hyunho/openclaw-setup/python-only/trade.py", line 137, in <module>
    main()
  File "/home/hyunho/op
💰 예수금: 9,316원
📊 원익피앤이(217820) 매도1호가: 3,090원 | 매수1호가: 3,065원
📌 SELL 지정가: 3,065원 × 3주
⚠️ SELL 원익피앤이(217820) 재시도 2/3: Traceback (most recent call last):
  File "/home/hyunho/openclaw-setup/python-only/trade.py", line 137, in <module>
    main()
  File "/home/hyunho/op
💰 예수금: 9,317원
📊 원익피앤이(217820) 매도1호가: 3,085원 | 매수1호가: 3,065원
📌 SELL 지정가: 3,065원 × 3주
⚠️ SELL 원익피앤이(217820) 재시도 3/3: Traceback (most recent call last):
  File "/home/hyunho/openclaw-setup/python-only/trade.py", line 137, in <module>
    main()
  File "/home/hyunho/op
🚨 [09:05:37] 에러 — SELL 원익피앤이(217820) 주문 실패
Traceback (most recent call last):
  File "/home/hyunho/openclaw-setup/python-only/trade.py", line 137, in <module>
    main()
  File "/home/hyunho/openclaw-setup/python-only/trade.py", line 131, in main
    result = send_signal(args.code, stock_name, args.action, args.confidence, args.reason, qty, 
✅ Discord 전송 완료
🟡 SELL(비상손절🔴) SK증권(001510) -11.7% [MA데드] 신뢰도0.9
💰 예수금: 9,316원
📊 SK증권(001510) 매도1호가: 4,065원 | 매수1호가: 4,050원
📌 SELL 지정가: 4,050원 × 1주
⚠️ SELL SK증권(001510) 재시도 1/3: Traceback (most recent call last):
  File "/home/hyunho/openclaw-setup/python-only/trade.py", line 137, in <module>
    main()
  File "/home/hyunho/op
💰 예수금: 9,317원
📊 SK증권(001510) 매도1호가: 4,050원 | 매수1호가: 4,035원
📌 SELL 지정가: 4,035원 × 1주
⚠️ SELL SK증권(001510) 재시도 2/3: Traceback (most recent call last):
  File "/home/hyunho/openclaw-setup/python-only/trade.py", line 137, in <module>
    main()
  File "/home/hyunho/op
💰 예수금: 9,317원
📊 SK증권(001510) 매도1호가: 4,060원 | 매수1호가: 4,035원
📌 SELL 지정가: 4,035원 × 1주
⚠️ SELL SK증권(001510) 재시도 3/3: Traceback (most recent call last):
  File "/home/hyunho/openclaw-setup/python-only/trade.py", line 137, in <module>
    main()
  File "/home/hyunho/op
🚨 [09:05:48] 에러 — SELL SK증권(001510) 주문 실패
Traceback (most recent call last):
  File "/home/hyunho/openclaw-setup/python-only/trade.py", line 137, in <module>
    main()
  File "/home/hyunho/openclaw-setup/python-only/trade.py", line 131, in main
    result = send_signal(args.code, stock_name, args.action, args.confidence, args.reason, qty, 
✅ Discord 전송 완료
🟡 SELL(손실축소) 유진로봇(056080) -2.9% [BB상단, MA데드] 신뢰도0.7
💰 예수금: 9,317원
📊 유진로봇(056080) 매도1호가: 26,500원 | 매수1호가: 26,300원
📌 SELL 지정가: 26,300원 × 1주
⚠️ SELL 유진로봇(056080) 재시도 1/3: Traceback (most recent call last):
  File "/home/hyunho/openclaw-setup/python-only/trade.py", line 137, in <module>
    main()
  File "/home/hyunho/op
💰 예수금: 9,318원
📊 유진로봇(056080) 매도1호가: 26,450원 | 매수1호가: 26,350원
📌 SELL 지정가: 26,350원 × 1주
⚠️ SELL 유진로봇(056080) 재시도 2/3: Traceback (most recent call last):
  File "/home/hyunho/openclaw-setup/python-only/trade.py", line 137, in <module>
    main()
  File "/home/hyunho/op
💰 예수금: 9,318원
📊 유진로봇(056080) 매도1호가: 26,500원 | 매수1호가: 26,350원
📌 SELL 지정가: 26,350원 × 1주
⚠️ SELL 유진로봇(056080) 재시도 3/3: Traceback (most recent call last):
  File "/home/hyunho/openclaw-setup/python-only/trade.py", line 137, in <module>
    main()
  File "/home/hyunho/op
🚨 [09:05:59] 에러 — SELL 유진로봇(056080) 주문 실패
Traceback (most recent call last):
  File "/home/hyunho/openclaw-setup/python-only/trade.py", line 137, in <module>
    main()
  File "/home/hyunho/openclaw-setup/python-only/trade.py", line 131, in main
    result = send_signal(args.code, stock_name, args.action, args.confidence, args.reason, qty, 
✅ Discord 전송 완료
⏰ 장 초반 변동성 (9:20 전) — 신규 매수 중단
→ 전종목 HOLD
✅ Discord 전송 완료

[09:04] HOLD | KODEX RSI69/-2.4%⚠️ | 보유:SK증권(001510) -11.7% 유진로봇(056080) -2.9% 원익피앤(217820) -11.7% HPSP(403870) -3.6% | 💸예수금부족 | 최고신호 원익피앤이(217820) 3/2개 [RSI19 / 하락-3.3% / BB하단]
💰 예수금 9,318원 | KODEX200 RSI67/-3.0% 과열⚠️ | 매수기준 2개↑
📦 보유 SK증권(001510) 1주 -13.0% 🔴스탑로스임박
📦 보유 유진로봇(056080) 1주 -3.3% ⚠️주의
📦 보유 원익피앤이(217820) 3주 -11.7% 🔴스탑로스임박
📦 보유 HPSP(403870) 1주 -4.7% 🔴스탑로스임박

코드      종목명           가격    RSI     변화율    거래량     BB   호가비  B/S
────────────────────────────────────────────────────────────────────────
[2단계 분석 대상: 001510, 056080, 217820, 403870, 078930, 035420, 000660, 247540, 035720]
403870  HPSP      50,800   20.8    +3.8%    0.1x     하단  0.90  2/1 [5분]
⛔ 아우토크립트(137040) 호가 없음 (거래정지 의심)
061250  화일약품       8,320    0.0    +0.0%    0.0x     중간  0.50  0/0 [일봉]
217820  원익피앤이      3,085   18.8    -3.3%    0.0x     하단  0.40  3/1 [5분]
001510  SK증권       4,055   53.3    -2.6%    0.0x     하단  2.72  4/1 [5분]
056080  유진로봇      26,350   25.0    -4.4%    0.2x     중간  6.24  3/1 [5분]
⛔ 금양(001570) 호가 없음 (거래정지 의심)

══════════════════════════════════════════════════
⚠️  손실 주의 HPSP(403870) -4.7% (비상손절 -5%)
🟡 SELL(비상손절🔴) 원익피앤이(217820) -11.7% [MA데드] 신뢰도0.9
💰 예수금: 9,316원
📊 원익피앤이(217820) 매도1호가: 3,065원 | 매수1호가: 3,055원
📌 SELL 지정가: 3,055원 × 3주
⚠️ SELL 원익피앤이(217820) 재시도 1/3: Traceback (most recent call last):
  File "/home/hyunho/openclaw-setup/python-only/trade.py", line 137, in <module>
    main()
  File "/home/hyunho/op
💰 예수금: 9,316원
📊 원익피앤이(217820) 매도1호가: 3,070원 | 매수1호가: 3,065원
📌 SELL 지정가: 3,065원 × 3주
⚠️ SELL 원익피앤이(217820) 재시도 2/3: Traceback (most recent call last):
  File "/home/hyunho/openclaw-setup/python-only/trade.py", line 137, in <module>
    main()
  File "/home/hyunho/op
💰 예수금: 9,316원
📊 원익피앤이(217820) 매도1호가: 3,080원 | 매수1호가: 3,060원
📌 SELL 지정가: 3,060원 × 3주
⚠️ SELL 원익피앤이(217820) 재시도 3/3: Traceback (most recent call last):
  File "/home/hyunho/openclaw-setup/python-only/trade.py", line 137, in <module>
    main()
  File "/home/hyunho/op
🚨 [09:07:34] 에러 — SELL 원익피앤이(217820) 주문 실패
Traceback (most recent call last):
  File "/home/hyunho/openclaw-setup/python-only/trade.py", line 137, in <module>
    main()
  File "/home/hyunho/openclaw-setup/python-only/trade.py", line 131, in main
    result = send_signal(args.code, stock_name, args.action, args.confidence, args.reason, qty, 
✅ Discord 전송 완료
🟡 SELL(비상손절🔴) SK증권(001510) -13.0% [MA데드] 신뢰도0.9
💰 예수금: 9,316원
📊 SK증권(001510) 매도1호가: 4,070원 | 매수1호가: 4,065원
📌 SELL 지정가: 4,065원 × 1주
⚠️ SELL SK증권(001510) 재시도 1/3: Traceback (most recent call last):
  File "/home/hyunho/openclaw-setup/python-only/trade.py", line 137, in <module>
    main()
  File "/home/hyunho/op
💰 예수금: 9,317원
📊 SK증권(001510) 매도1호가: 4,070원 | 매수1호가: 4,060원
📌 SELL 지정가: 4,060원 × 1주
⚠️ SELL SK증권(001510) 재시도 2/3: Traceback (most recent call last):
  File "/home/hyunho/openclaw-setup/python-only/trade.py", line 137, in <module>
    main()
  File "/home/hyunho/op
💰 예수금: 9,317원
📊 SK증권(001510) 매도1호가: 4,070원 | 매수1호가: 4,060원
📌 SELL 지정가: 4,060원 × 1주
⚠️ SELL SK증권(001510) 재시도 3/3: Traceback (most recent call last):
  File "/home/hyunho/openclaw-setup/python-only/trade.py", line 137, in <module>
    main()
  File "/home/hyunho/op
🚨 [09:07:45] 에러 — SELL SK증권(001510) 주문 실패
Traceback (most recent call last):
  File "/home/hyunho/openclaw-setup/python-only/trade.py", line 137, in <module>
    main()
  File "/home/hyunho/openclaw-setup/python-only/trade.py", line 131, in main
    result = send_signal(args.code, stock_name, args.action, args.confidence, args.reason, qty, 
✅ Discord 전송 완료
⏰ 장 초반 변동성 (9:20 전) — 신규 매수 중단
→ 전종목 HOLD
✅ Discord 전송 완료

[09:06] HOLD | KODEX RSI67/-3.0%⚠️ | 보유:SK증권(001510) -13.0% 유진로봇(056080) -3.3% 원익피앤(217820) -11.7% HPSP(403870) -4.7% | 💸예수금부족 | 최고신호 SK증권(001510) 4/2개 [RSI53 / 하락-2.6% / BB하단 / 호가2.7]
💰 예수금 9,317원 | KODEX200 RSI67/-3.0% 과열⚠️ | 매수기준 2개↑
📦 보유 SK증권(001510) 1주 -12.6% 🔴스탑로스임박
📦 보유 유진로봇(056080) 1주 -4.0% 🔴스탑로스임박
📦 보유 원익피앤이(217820) 3주 -12.4% 🔴스탑로스임박
📦 보유 HPSP(403870) 1주 -3.0% ⚠️주의

코드      종목명           가격    RSI     변화율    거래량     BB   호가비  B/S
────────────────────────────────────────────────────────────────────────
[2단계 분석 대상: 001510, 056080, 217820, 403870, 035420, 066970, 138040, 035720, 005380]
403870  HPSP      51,500   20.8    +2.8%    0.1x     하단  0.61  2/1 [5분]
⛔ 아우토크립트(137040) 호가 없음 (거래정지 의심)
061250  화일약품       8,320    0.0    +0.0%    0.0x     중간  0.41  0/0 [일봉]
217820  원익피앤이      3,045   18.8    -4.6%    0.0x     하단  1.45  4/1 [5분]
001510  SK증권       4,015   53.3    -3.5%    0.0x     하단  3.07  4/1 [5분]
056080  유진로봇      26,000   25.0    -5.5%    0.2x     중간  1.47  3/1 [5분]
⛔ 금양(001570) 호가 없음 (거래정지 의심)

══════════════════════════════════════════════════
🟡 SELL(비상손절🔴) 원익피앤이(217820) -12.4% [MA데드] 신뢰도0.9
💰 예수금: 9,318원
📊 원익피앤이(217820) 매도1호가: 3,050원 | 매수1호가: 3,045원
📌 SELL 지정가: 3,045원 × 3주
⚠️ SELL 원익피앤이(217820) 재시도 1/3: Traceback (most recent call last):
  File "/home/hyunho/openclaw-setup/python-only/trade.py", line 137, in <module>
    main()
  File "/home/hyunho/op
💰 예수금: 9,318원
📊 원익피앤이(217820) 매도1호가: 3,050원 | 매수1호가: 3,045원
📌 SELL 지정가: 3,045원 × 3주
⚠️ SELL 원익피앤이(217820) 재시도 2/3: Traceback (most recent call last):
  File "/home/hyunho/openclaw-setup/python-only/trade.py", line 137, in <module>
    main()
  File "/home/hyunho/op
💰 예수금: 9,318원
📊 원익피앤이(217820) 매도1호가: 3,050원 | 매수1호가: 3,045원
📌 SELL 지정가: 3,045원 × 3주
⚠️ SELL 원익피앤이(217820) 재시도 3/3: Traceback (most recent call last):
  File "/home/hyunho/openclaw-setup/python-only/trade.py", line 137, in <module>
    main()
  File "/home/hyunho/op
🚨 [09:09:35] 에러 — SELL 원익피앤이(217820) 주문 실패
Traceback (most recent call last):
  File "/home/hyunho/openclaw-setup/python-only/trade.py", line 137, in <module>
    main()
  File "/home/hyunho/openclaw-setup/python-only/trade.py", line 131, in main
    result = send_signal(args.code, stock_name, args.action, args.confidence, args.reason, qty, 
✅ Discord 전송 완료
🟡 SELL(비상손절🔴) SK증권(001510) -12.6% [MA데드] 신뢰도0.9
💰 예수금: 9,318원
📊 SK증권(001510) 매도1호가: 4,025원 | 매수1호가: 4,020원
📌 SELL 지정가: 4,020원 × 1주
⚠️ SELL SK증권(001510) 재시도 1/3: Traceback (most recent call last):
  File "/home/hyunho/openclaw-setup/python-only/trade.py", line 137, in <module>
    main()
  File "/home/hyunho/op
💰 예수금: 9,319원
📊 SK증권(001510) 매도1호가: 4,030원 | 매수1호가: 4,025원
📌 SELL 지정가: 4,025원 × 1주
⚠️ SELL SK증권(001510) 재시도 2/3: Traceback (most recent call last):
  File "/home/hyunho/openclaw-setup/python-only/trade.py", line 137, in <module>
    main()
  File "/home/hyunho/op
💰 예수금: 9,319원
📊 SK증권(001510) 매도1호가: 4,030원 | 매수1호가: 4,025원
📌 SELL 지정가: 4,025원 × 1주
⚠️ SELL SK증권(001510) 재시도 3/3: Traceback (most recent call last):
  File "/home/hyunho/openclaw-setup/python-only/trade.py", line 137, in <module>
    main()
  File "/home/hyunho/op
🚨 [09:09:46] 에러 — SELL SK증권(001510) 주문 실패
Traceback (most recent call last):
  File "/home/hyunho/openclaw-setup/python-only/trade.py", line 137, in <module>
    main()
  File "/home/hyunho/openclaw-setup/python-only/trade.py", line 131, in main
    result = send_signal(args.code, stock_name, args.action, args.confidence, args.reason, qty, 
✅ Discord 전송 완료
⚠️  손실 주의 유진로봇(056080) -4.0% (비상손절 -5%)
⏰ 장 초반 변동성 (9:20 전) — 신규 매수 중단
→ 전종목 HOLD
✅ Discord 전송 완료

[09:08] HOLD | KODEX RSI67/-3.0%⚠️ | 보유:SK증권(001510) -12.6% 유진로봇(056080) -4.0% 원익피앤(217820) -12.4% HPSP(403870) -3.0% | 💸예수금부족 | 최고신호 원익피앤이(217820) 4/2개 [RSI19 / 하락-4.6% / BB하단 / 호가1.4]
💰 예수금 9,319원 | KODEX200 RSI66/-3.9% 과열⚠️ | 매수기준 2개↑
📦 보유 SK증권(001510) 1주 -13.3% 🔴스탑로스임박
📦 보유 유진로봇(056080) 1주 -5.1% 🔴스탑로스임박
📦 보유 원익피앤이(217820) 3주 -12.8% 🔴스탑로스임박
📦 보유 HPSP(403870) 1주 -4.3% 🔴스탑로스임박

코드      종목명           가격    RSI     변화율    거래량     BB   호가비  B/S
────────────────────────────────────────────────────────────────────────
[2단계 분석 대상: 001510, 056080, 217820, 403870, 035420, 068270, 138040, 105560, 000660]
403870  HPSP      50,700   20.0    +2.4%    0.1x     하단  0.60  2/1 [5분]
⛔ 아우토크립트(137040) 호가 없음 (거래정지 의심)
061250  화일약품       8,320    0.0    +0.0%    0.0x     중간  0.19  0/0 [일봉]
217820  원익피앤이      3,045   17.6    -4.2%    0.1x     하단  0.25  3/1 [5분]
001510  SK증권       3,985   44.1    -4.6%    0.0x     하단  0.19  3/1 [5분]
056080  유진로봇      25,750   23.8    -6.6%    0.3x     중간  3.22  3/1 [5분]
⛔ 금양(001570) 호가 없음 (거래정지 의심)

══════════════════════════════════════════════════
⚠️  손실 주의 HPSP(403870) -4.3% (비상손절 -5%)
🟡 SELL(비상손절🔴) 원익피앤이(217820) -12.8% [MA데드] 신뢰도0.9
💰 예수금: 9,321원
📊 원익피앤이(217820) 매도1호가: 3,040원 | 매수1호가: 3,015원
📌 SELL 지정가: 3,015원 × 3주
⚠️ SELL 원익피앤이(217820) 재시도 1/3: Traceback (most recent call last):
  File "/home/hyunho/openclaw-setup/python-only/trade.py", line 137, in <module>
    main()
  File "/home/hyunho/op
💰 예수금: 9,321원
📊 원익피앤이(217820) 매도1호가: 3,040원 | 매수1호가: 3,015원
📌 SELL 지정가: 3,015원 × 3주
⚠️ SELL 원익피앤이(217820) 재시도 2/3: Traceback (most recent call last):
  File "/home/hyunho/openclaw-setup/python-only/trade.py", line 137, in <module>
    main()
  File "/home/hyunho/op
💰 예수금: 9,321원
📊 원익피앤이(217820) 매도1호가: 3,040원 | 매수1호가: 3,015원
📌 SELL 지정가: 3,015원 × 3주
⚠️ SELL 원익피앤이(217820) 재시도 3/3: Traceback (most recent call last):
  File "/home/hyunho/openclaw-setup/python-only/trade.py", line 137, in <module>
    main()
  File "/home/hyunho/op
🚨 [09:11:35] 에러 — SELL 원익피앤이(217820) 주문 실패
Traceback (most recent call last):
  File "/home/hyunho/openclaw-setup/python-only/trade.py", line 137, in <module>
    main()
  File "/home/hyunho/openclaw-setup/python-only/trade.py", line 131, in main
    result = send_signal(args.code, stock_name, args.action, args.confidence, args.reason, qty, 
✅ Discord 전송 완료
🟡 SELL(비상손절🔴) SK증권(001510) -13.3% [MA데드] 신뢰도0.9
💰 예수금: 9,321원
📊 SK증권(001510) 매도1호가: 3,980원 | 매수1호가: 3,965원
📌 SELL 지정가: 3,965원 × 1주
⚠️ SELL SK증권(001510) 재시도 1/3: Traceback (most recent call last):
  File "/home/hyunho/openclaw-setup/python-only/trade.py", line 137, in <module>
    main()
  File "/home/hyunho/op
💰 예수금: 9,322원
📊 SK증권(001510) 매도1호가: 3,975원 | 매수1호가: 3,965원
📌 SELL 지정가: 3,965원 × 1주
⚠️ SELL SK증권(001510) 재시도 2/3: Traceback (most recent call last):
  File "/home/hyunho/openclaw-setup/python-only/trade.py", line 137, in <module>
    main()
  File "/home/hyunho/op
💰 예수금: 9,322원
📊 SK증권(001510) 매도1호가: 3,975원 | 매수1호가: 3,970원
📌 SELL 지정가: 3,970원 × 1주
⚠️ SELL SK증권(001510) 재시도 3/3: Traceback (most recent call last):
  File "/home/hyunho/openclaw-setup/python-only/trade.py", line 137, in <module>
    main()
  File "/home/hyunho/op
🚨 [09:11:46] 에러 — SELL SK증권(001510) 주문 실패
Traceback (most recent call last):
  File "/home/hyunho/openclaw-setup/python-only/trade.py", line 137, in <module>
    main()
  File "/home/hyunho/openclaw-setup/python-only/trade.py", line 131, in main
    result = send_signal(args.code, stock_name, args.action, args.confidence, args.reason, qty, 
✅ Discord 전송 완료
🟡 SELL(비상손절🔴) 유진로봇(056080) -5.1% [MA데드] 신뢰도0.9
💰 예수금: 9,322원
📊 유진로봇(056080) 매도1호가: 25,750원 | 매수1호가: 25,650원
📌 SELL 지정가: 25,650원 × 1주
⚠️ SELL 유진로봇(056080) 재시도 1/3: Traceback (most recent call last):
  File "/home/hyunho/openclaw-setup/python-only/trade.py", line 137, in <module>
    main()
  File "/home/hyunho/op
💰 예수금: 9,322원
📊 유진로봇(056080) 매도1호가: 25,750원 | 매수1호가: 25,650원
📌 SELL 지정가: 25,650원 × 1주
⚠️ SELL 유진로봇(056080) 재시도 2/3: Traceback (most recent call last):
  File "/home/hyunho/openclaw-setup/python-only/trade.py", line 137, in <module>
    main()
  File "/home/hyunho/op
💰 예수금: 9,321원
📊 유진로봇(056080) 매도1호가: 25,750원 | 매수1호가: 25,700원
📌 SELL 지정가: 25,700원 × 1주
⚠️ SELL 유진로봇(056080) 재시도 3/3: Traceback (most recent call last):
  File "/home/hyunho/openclaw-setup/python-only/trade.py", line 137, in <module>
    main()
  File "/home/hyunho/op
🚨 [09:11:57] 에러 — SELL 유진로봇(056080) 주문 실패
Traceback (most recent call last):
  File "/home/hyunho/openclaw-setup/python-only/trade.py", line 137, in <module>
    main()
  File "/home/hyunho/openclaw-setup/python-only/trade.py", line 131, in main
    result = send_signal(args.code, stock_name, args.action, args.confidence, args.reason, qty, 
✅ Discord 전송 완료
⏰ 장 초반 변동성 (9:20 전) — 신규 매수 중단
→ 전종목 HOLD
✅ Discord 전송 완료

[09:10] HOLD | KODEX RSI66/-3.9%⚠️ | 보유:SK증권(001510) -13.3% 유진로봇(056080) -5.1% 원익피앤(217820) -12.8% HPSP(403870) -4.3% | 💸예수금부족 | 최고신호 원익피앤이(217820) 3/2개 [RSI18 / 하락-4.2% / BB하단]
💰 예수금 9,321원 | KODEX200 RSI67/-3.1% 과열⚠️ | 매수기준 2개↑
📦 보유 SK증권(001510) 1주 -14.2% 🔴스탑로스임박
📦 보유 유진로봇(056080) 1주 -5.5% 🔴스탑로스임박
📦 보유 원익피앤이(217820) 3주 -13.4% 🔴스탑로스임박
📦 보유 HPSP(403870) 1주 -4.7% 🔴스탑로스임박

코드      종목명           가격    RSI     변화율    거래량     BB   호가비  B/S
────────────────────────────────────────────────────────────────────────
[2단계 분석 대상: 001510, 056080, 217820, 403870, 035420, 247540, 051910, 035720, 138040]
403870  HPSP      50,700   20.0    +1.8%    0.1x     하단  0.59  2/1 [5분]
⛔ 아우토크립트(137040) 호가 없음 (거래정지 의심)
061250  화일약품       8,320    0.0    +0.0%    0.0x     중간  0.16  0/0 [일봉]
217820  원익피앤이      3,025   17.6    -5.3%    0.1x     하단  0.46  3/1 [5분]
001510  SK증권       3,980   44.1    -4.3%    0.0x     하단  1.69  4/1 [5분]
056080  유진로봇      25,950   23.8    -5.8%    0.3x     중간  1.63  3/1 [5분]
⛔ 금양(001570) 호가 없음 (거래정지 의심)

══════════════════════════════════════════════════
⚠️  손실 주의 HPSP(403870) -4.7% (비상손절 -5%)
🟡 SELL(비상손절🔴) 원익피앤이(217820) -13.4% [MA데드] 신뢰도0.9
💰 예수금: 9,322원
📊 원익피앤이(217820) 매도1호가: 3,025원 | 매수1호가: 3,000원
📌 SELL 지정가: 3,000원 × 3주
⚠️ SELL 원익피앤이(217820) 재시도 1/3: Traceback (most recent call last):
  File "/home/hyunho/openclaw-setup/python-only/trade.py", line 137, in <module>
    main()
  File "/home/hyunho/op
💰 예수금: 9,322원
📊 원익피앤이(217820) 매도1호가: 3,025원 | 매수1호가: 3,000원
📌 SELL 지정가: 3,000원 × 3주
⚠️ SELL 원익피앤이(217820) 재시도 2/3: Traceback (most recent call last):
  File "/home/hyunho/openclaw-setup/python-only/trade.py", line 137, in <module>
    main()
  File "/home/hyunho/op
💰 예수금: 9,322원
📊 원익피앤이(217820) 매도1호가: 3,025원 | 매수1호가: 3,005원
📌 SELL 지정가: 3,005원 × 3주
⚠️ SELL 원익피앤이(217820) 재시도 3/3: Traceback (most recent call last):
  File "/home/hyunho/openclaw-setup/python-only/trade.py", line 137, in <module>
    main()
  File "/home/hyunho/op
🚨 [09:13:35] 에러 — SELL 원익피앤이(217820) 주문 실패
Traceback (most recent call last):
  File "/home/hyunho/openclaw-setup/python-only/trade.py", line 137, in <module>
    main()
  File "/home/hyunho/openclaw-setup/python-only/trade.py", line 131, in main
    result = send_signal(args.code, stock_name, args.action, args.confidence, args.reason, qty, 
✅ Discord 전송 완료
🟡 SELL(비상손절🔴) SK증권(001510) -14.2% [MA데드] 신뢰도0.9
💰 예수금: 9,322원
📊 SK증권(001510) 매도1호가: 3,975원 | 매수1호가: 3,970원
📌 SELL 지정가: 3,970원 × 1주
⚠️ SELL SK증권(001510) 재시도 1/3: Traceback (most recent call last):
  File "/home/hyunho/openclaw-setup/python-only/trade.py", line 137, in <module>
    main()
  File "/home/hyunho/op
💰 예수금: 9,322원
📊 SK증권(001510) 매도1호가: 3,965원 | 매수1호가: 3,955원
📌 SELL 지정가: 3,955원 × 1주
⚠️ SELL SK증권(001510) 재시도 2/3: Traceback (most recent call last):
  File "/home/hyunho/openclaw-setup/python-only/trade.py", line 137, in <module>
    main()
  File "/home/hyunho/op
💰 예수금: 9,322원
📊 SK증권(001510) 매도1호가: 3,955원 | 매수1호가: 3,950원
📌 SELL 지정가: 3,950원 × 1주
⚠️ SELL SK증권(001510) 재시도 3/3: Traceback (most recent call last):
  File "/home/hyunho/openclaw-setup/python-only/trade.py", line 137, in <module>
    main()
  File "/home/hyunho/op
🚨 [09:13:46] 에러 — SELL SK증권(001510) 주문 실패
Traceback (most recent call last):
  File "/home/hyunho/openclaw-setup/python-only/trade.py", line 137, in <module>
    main()
  File "/home/hyunho/openclaw-setup/python-only/trade.py", line 131, in main
    result = send_signal(args.code, stock_name, args.action, args.confidence, args.reason, qty, 
✅ Discord 전송 완료
🟡 SELL(비상손절🔴) 유진로봇(056080) -5.5% [MA데드] 신뢰도0.9
💰 예수금: 9,322원
📊 유진로봇(056080) 매도1호가: 25,900원 | 매수1호가: 25,850원
📌 SELL 지정가: 25,850원 × 1주
⚠️ SELL 유진로봇(056080) 재시도 1/3: Traceback (most recent call last):
  File "/home/hyunho/openclaw-setup/python-only/trade.py", line 137, in <module>
    main()
  File "/home/hyunho/op
💰 예수금: 9,322원
📊 유진로봇(056080) 매도1호가: 25,900원 | 매수1호가: 25,850원
📌 SELL 지정가: 25,850원 × 1주
⚠️ SELL 유진로봇(056080) 재시도 2/3: Traceback (most recent call last):
  File "/home/hyunho/openclaw-setup/python-only/trade.py", line 137, in <module>
    main()
  File "/home/hyunho/op
💰 예수금: 9,322원
📊 유진로봇(056080) 매도1호가: 25,900원 | 매수1호가: 25,850원
📌 SELL 지정가: 25,850원 × 1주
⚠️ SELL 유진로봇(056080) 재시도 3/3: Traceback (most recent call last):
  File "/home/hyunho/openclaw-setup/python-only/trade.py", line 137, in <module>
    main()
  File "/home/hyunho/op
🚨 [09:13:57] 에러 — SELL 유진로봇(056080) 주문 실패
Traceback (most recent call last):
  File "/home/hyunho/openclaw-setup/python-only/trade.py", line 137, in <module>
    main()
  File "/home/hyunho/openclaw-setup/python-only/trade.py", line 131, in main
    result = send_signal(args.code, stock_name, args.action, args.confidence, args.reason, qty, 
✅ Discord 전송 완료
⏰ 장 초반 변동성 (9:20 전) — 신규 매수 중단
→ 전종목 HOLD
✅ Discord 전송 완료

[09:12] HOLD | KODEX RSI67/-3.1%⚠️ | 보유:SK증권(001510) -14.2% 유진로봇(056080) -5.5% 원익피앤(217820) -13.4% HPSP(403870) -4.7% | 💸예수금부족 | 최고신호 SK증권(001510) 4/2개 [RSI44 / 하락-4.3% / BB하단 / 호가1.7]
💰 예수금 9,322원 | KODEX200 RSI66/-4.0% 과열⚠️ | 매수기준 2개↑
📦 보유 SK증권(001510) 1주 -14.8% 🔴스탑로스임박
📦 보유 유진로봇(056080) 1주 -5.3% 🔴스탑로스임박
📦 보유 원익피앤이(217820) 3주 -13.9% 🔴스탑로스임박
📦 보유 HPSP(403870) 1주 -4.9% 🔴스탑로스임박

코드      종목명           가격    RSI     변화율    거래량     BB   호가비  B/S
────────────────────────────────────────────────────────────────────────
[2단계 분석 대상: 001510, 056080, 217820, 403870, 035420, 066970, 042700, 051910, 005930]
403870  HPSP      50,400   16.0    +1.6%    0.1x     하단  0.57  2/1 [5분]
⛔ 아우토크립트(137040) 호가 없음 (거래정지 의심)
061250  화일약품       8,310    0.0    +0.0%    0.0x     중간  0.21  0/0 [일봉]
217820  원익피앤이      3,025   17.6    -5.5%    0.1x     하단  0.64  3/1 [5분]
001510  SK증권       3,935   40.6    -5.5%    0.1x     하단  0.80  3/1 [5분]
056080  유진로봇      25,750   21.7    -6.4%    0.3x     중간  0.89  2/1 [5분]
⛔ 금양(001570) 호가 없음 (거래정지 의심)

══════════════════════════════════════════════════
⚠️  손실 주의 HPSP(403870) -4.9% (비상손절 -5%)
🟡 SELL(비상손절🔴) 원익피앤이(217820) -13.9% [MA데드] 신뢰도0.9
💰 예수금: 9,322원
📊 원익피앤이(217820) 매도1호가: 3,000원 | 매수1호가: 2,985원
📌 SELL 지정가: 2,985원 × 3주
⚠️ SELL 원익피앤이(217820) 재시도 1/3: Traceback (most recent call last):
  File "/home/hyunho/openclaw-setup/python-only/trade.py", line 137, in <module>
    main()
  File "/home/hyunho/op
💰 예수금: 9,322원
📊 원익피앤이(217820) 매도1호가: 3,000원 | 매수1호가: 2,985원
📌 SELL 지정가: 2,985원 × 3주
⚠️ SELL 원익피앤이(217820) 재시도 2/3: Traceback (most recent call last):
  File "/home/hyunho/openclaw-setup/python-only/trade.py", line 137, in <module>
    main()
  File "/home/hyunho/op
💰 예수금: 9,322원
📊 원익피앤이(217820) 매도1호가: 3,000원 | 매수1호가: 2,985원
📌 SELL 지정가: 2,985원 × 3주
⚠️ SELL 원익피앤이(217820) 재시도 3/3: Traceback (most recent call last):
  File "/home/hyunho/openclaw-setup/python-only/trade.py", line 137, in <module>
    main()
  File "/home/hyunho/op
🚨 [09:15:35] 에러 — SELL 원익피앤이(217820) 주문 실패
Traceback (most recent call last):
  File "/home/hyunho/openclaw-setup/python-only/trade.py", line 137, in <module>
    main()
  File "/home/hyunho/openclaw-setup/python-only/trade.py", line 131, in main
    result = send_signal(args.code, stock_name, args.action, args.confidence, args.reason, qty, 
✅ Discord 전송 완료
🟡 SELL(비상손절🔴) SK증권(001510) -14.8% [MA데드] 신뢰도0.9
💰 예수금: 9,322원
📊 SK증권(001510) 매도1호가: 3,905원 | 매수1호가: 3,900원
📌 SELL 지정가: 3,900원 × 1주
⚠️ SELL SK증권(001510) 재시도 1/3: Traceback (most recent call last):
  File "/home/hyunho/openclaw-setup/python-only/trade.py", line 137, in <module>
    main()
  File "/home/hyunho/op
💰 예수금: 9,322원
📊 SK증권(001510) 매도1호가: 3,905원 | 매수1호가: 3,900원
📌 SELL 지정가: 3,900원 × 1주
⚠️ SELL SK증권(001510) 재시도 2/3: Traceback (most recent call last):
  File "/home/hyunho/openclaw-setup/python-only/trade.py", line 137, in <module>
    main()
  File "/home/hyunho/op
💰 예수금: 9,323원
📊 SK증권(001510) 매도1호가: 3,905원 | 매수1호가: 3,895원
📌 SELL 지정가: 3,895원 × 1주
⚠️ SELL SK증권(001510) 재시도 3/3: Traceback (most recent call last):
  File "/home/hyunho/openclaw-setup/python-only/trade.py", line 137, in <module>
    main()
  File "/home/hyunho/op
🚨 [09:15:46] 에러 — SELL SK증권(001510) 주문 실패
Traceback (most recent call last):
  File "/home/hyunho/openclaw-setup/python-only/trade.py", line 137, in <module>
    main()
  File "/home/hyunho/openclaw-setup/python-only/trade.py", line 131, in main
    result = send_signal(args.code, stock_name, args.action, args.confidence, args.reason, qty, 
✅ Discord 전송 완료
🟡 SELL(비상손절🔴) 유진로봇(056080) -5.3% [MA데드] 신뢰도0.9
💰 예수금: 9,324원
📊 유진로봇(056080) 매도1호가: 25,700원 | 매수1호가: 25,650원
📌 SELL 지정가: 25,650원 × 1주
⚠️ SELL 유진로봇(056080) 재시도 1/3: Traceback (most recent call last):
  File "/home/hyunho/openclaw-setup/python-only/trade.py", line 137, in <module>
    main()
  File "/home/hyunho/op
💰 예수금: 9,324원
📊 유진로봇(056080) 매도1호가: 25,700원 | 매수1호가: 25,650원
📌 SELL 지정가: 25,650원 × 1주
⚠️ SELL 유진로봇(056080) 재시도 2/3: Traceback (most recent call last):
  File "/home/hyunho/openclaw-setup/python-only/trade.py", line 137, in <module>
    main()
  File "/home/hyunho/op
💰 예수금: 9,323원
📊 유진로봇(056080) 매도1호가: 25,650원 | 매수1호가: 25,600원
📌 SELL 지정가: 25,600원 × 1주
⚠️ SELL 유진로봇(056080) 재시도 3/3: Traceback (most recent call last):
  File "/home/hyunho/openclaw-setup/python-only/trade.py", line 137, in <module>
    main()
  File "/home/hyunho/op
🚨 [09:15:57] 에러 — SELL 유진로봇(056080) 주문 실패
Traceback (most recent call last):
  File "/home/hyunho/openclaw-setup/python-only/trade.py", line 137, in <module>
    main()
  File "/home/hyunho/openclaw-setup/python-only/trade.py", line 131, in main
    result = send_signal(args.code, stock_name, args.action, args.confidence, args.reason, qty, 
✅ Discord 전송 완료
⏰ 장 초반 변동성 (9:20 전) — 신규 매수 중단
→ 전종목 HOLD
✅ Discord 전송 완료

[09:14] HOLD | KODEX RSI66/-4.0%⚠️ | 보유:SK증권(001510) -14.8% 유진로봇(056080) -5.3% 원익피앤(217820) -13.9% HPSP(403870) -4.9% | 💸예수금부족 | 최고신호 원익피앤이(217820) 3/2개 [RSI18 / 하락-5.5% / BB하단]
💰 예수금 9,322원 | KODEX200 RSI65/-4.3% 과열⚠️ | 매수기준 2개↑
📦 보유 SK증권(001510) 1주 -15.8% 🔴스탑로스임박
📦 보유 유진로봇(056080) 1주 -6.4% 🔴스탑로스임박
📦 보유 원익피앤이(217820) 3주 -14.1% 🔴스탑로스임박
📦 보유 HPSP(403870) 1주 -5.7% 🔴스탑로스임박

코드      종목명           가격    RSI     변화율    거래량     BB   호가비  B/S
────────────────────────────────────────────────────────────────────────
[2단계 분석 대상: 001510, 056080, 217820, 403870, 035420, 000270, 005930, 055550, 012450]
403870  HPSP      50,400   16.0    +1.8%    0.2x     하단  0.22  2/1 [5분]
⛔ 아우토크립트(137040) 호가 없음 (거래정지 의심)
061250  화일약품       8,210    0.0    +0.0%    0.0x     중간  0.50  0/0 [일봉]
217820  원익피앤이      2,985   17.6    -6.0%    0.1x     하단  3.20  4/1 [5분]
001510  SK증권       3,900   40.6    -7.1%    0.1x     하단  1.02  3/1 [5분]
056080  유진로봇      25,650   21.7    -6.6%    0.3x     중간  3.27  3/1 [5분]
⛔ 금양(001570) 호가 없음 (거래정지 의심)

══════════════════════════════════════════════════
🟡 SELL(비상손절🔴) HPSP(403870) -5.7% [MA데드] 신뢰도0.9
💰 예수금: 9,323원
📊 HPSP(403870) 매도1호가: 50,300원 | 매수1호가: 50,200원
📌 SELL 지정가: 50,200원 × 1주
⚠️ SELL HPSP(403870) 재시도 1/3: Traceback (most recent call last):
  File "/home/hyunho/openclaw-setup/python-only/trade.py", line 137, in <module>
    main()
  File "/home/hyunho/op
💰 예수금: 9,323원
📊 HPSP(403870) 매도1호가: 50,300원 | 매수1호가: 50,200원
📌 SELL 지정가: 50,200원 × 1주
⚠️ SELL HPSP(403870) 재시도 2/3: Traceback (most recent call last):
  File "/home/hyunho/openclaw-setup/python-only/trade.py", line 137, in <module>
    main()
  File "/home/hyunho/op
💰 예수금: 9,323원
📊 HPSP(403870) 매도1호가: 50,300원 | 매수1호가: 50,200원
📌 SELL 지정가: 50,200원 × 1주
⚠️ SELL HPSP(403870) 재시도 3/3: Traceback (most recent call last):
  File "/home/hyunho/openclaw-setup/python-only/trade.py", line 137, in <module>
    main()
  File "/home/hyunho/op
🚨 [09:17:36] 에러 — SELL HPSP(403870) 주문 실패
Traceback (most recent call last):
  File "/home/hyunho/openclaw-setup/python-only/trade.py", line 137, in <module>
    main()
  File "/home/hyunho/openclaw-setup/python-only/trade.py", line 131, in main
    result = send_signal(args.code, stock_name, args.action, args.confidence, args.reason, qty, 
✅ Discord 전송 완료
🟡 SELL(비상손절🔴) 원익피앤이(217820) -14.1% [MA데드] 신뢰도0.9
💰 예수금: 9,323원
📊 원익피앤이(217820) 매도1호가: 2,985원 | 매수1호가: 2,965원
📌 SELL 지정가: 2,965원 × 3주
⚠️ SELL 원익피앤이(217820) 재시도 1/3: Traceback (most recent call last):
  File "/home/hyunho/openclaw-setup/python-only/trade.py", line 137, in <module>
    main()
  File "/home/hyunho/op
💰 예수금: 9,323원
📊 원익피앤이(217820) 매도1호가: 2,985원 | 매수1호가: 2,965원
📌 SELL 지정가: 2,965원 × 3주
⚠️ SELL 원익피앤이(217820) 재시도 2/3: Traceback (most recent call last):
  File "/home/hyunho/openclaw-setup/python-only/trade.py", line 137, in <module>
    main()
  File "/home/hyunho/op
💰 예수금: 9,323원
📊 원익피앤이(217820) 매도1호가: 2,985원 | 매수1호가: 2,965원
📌 SELL 지정가: 2,965원 × 3주
⚠️ SELL 원익피앤이(217820) 재시도 3/3: Traceback (most recent call last):
  File "/home/hyunho/openclaw-setup/python-only/trade.py", line 137, in <module>
    main()
  File "/home/hyunho/op
🚨 [09:17:47] 에러 — SELL 원익피앤이(217820) 주문 실패
Traceback (most recent call last):
  File "/home/hyunho/openclaw-setup/python-only/trade.py", line 137, in <module>
    main()
  File "/home/hyunho/openclaw-setup/python-only/trade.py", line 131, in main
    result = send_signal(args.code, stock_name, args.action, args.confidence, args.reason, qty, 
✅ Discord 전송 완료
🟡 SELL(비상손절🔴) SK증권(001510) -15.8% [MA데드] 신뢰도0.9
💰 예수금: 9,323원
📊 SK증권(001510) 매도1호가: 3,895원 | 매수1호가: 3,875원
📌 SELL 지정가: 3,875원 × 1주
⚠️ SELL SK증권(001510) 재시도 1/3: Traceback (most recent call last):
  File "/home/hyunho/openclaw-setup/python-only/trade.py", line 137, in <module>
    main()
  File "/home/hyunho/op
💰 예수금: 9,323원
📊 SK증권(001510) 매도1호가: 3,895원 | 매수1호가: 3,880원
📌 SELL 지정가: 3,880원 × 1주
⚠️ SELL SK증권(001510) 재시도 2/3: Traceback (most recent call last):
  File "/home/hyunho/openclaw-setup/python-only/trade.py", line 137, in <module>
    main()
  File "/home/hyunho/op
💰 예수금: 9,323원
📊 SK증권(001510) 매도1호가: 3,895원 | 매수1호가: 3,880원
📌 SELL 지정가: 3,880원 × 1주
⚠️ SELL SK증권(001510) 재시도 3/3: Traceback (most recent call last):
  File "/home/hyunho/openclaw-setup/python-only/trade.py", line 137, in <module>
    main()
  File "/home/hyunho/op
🚨 [09:17:58] 에러 — SELL SK증권(001510) 주문 실패
Traceback (most recent call last):
  File "/home/hyunho/openclaw-setup/python-only/trade.py", line 137, in <module>
    main()
  File "/home/hyunho/openclaw-setup/python-only/trade.py", line 131, in main
    result = send_signal(args.code, stock_name, args.action, args.confidence, args.reason, qty, 
✅ Discord 전송 완료
🟡 SELL(비상손절🔴) 유진로봇(056080) -6.4% [MA데드] 신뢰도0.9
💰 예수금: 9,323원
📊 유진로봇(056080) 매도1호가: 25,650원 | 매수1호가: 25,550원
📌 SELL 지정가: 25,550원 × 1주
⚠️ SELL 유진로봇(056080) 재시도 1/3: Traceback (most recent call last):
  File "/home/hyunho/openclaw-setup/python-only/trade.py", line 137, in <module>
    main()
  File "/home/hyunho/op
⏭️ 이전 스캔 실행 중 — 이번 실행 건너뜀
💰 예수금: 9,323원
📊 유진로봇(056080) 매도1호가: 25,650원 | 매수1호가: 25,550원
📌 SELL 지정가: 25,550원 × 1주
⚠️ SELL 유진로봇(056080) 재시도 2/3: Traceback (most recent call last):
  File "/home/hyunho/openclaw-setup/python-only/trade.py", line 137, in <module>
    main()
  File "/home/hyunho/op
💰 예수금: 9,323원
📊 유진로봇(056080) 매도1호가: 25,650원 | 매수1호가: 25,550원
📌 SELL 지정가: 25,550원 × 1주
⚠️ SELL 유진로봇(056080) 재시도 3/3: Traceback (most recent call last):
  File "/home/hyunho/openclaw-setup/python-only/trade.py", line 137, in <module>
    main()
  File "/home/hyunho/op
🚨 [09:18:09] 에러 — SELL 유진로봇(056080) 주문 실패
Traceback (most recent call last):
  File "/home/hyunho/openclaw-setup/python-only/trade.py", line 137, in <module>
    main()
  File "/home/hyunho/openclaw-setup/python-only/trade.py", line 131, in main
    result = send_signal(args.code, stock_name, args.action, args.confidence, args.reason, qty, 
✅ Discord 전송 완료
⏰ 장 초반 변동성 (9:20 전) — 신규 매수 중단
→ 전종목 HOLD
✅ Discord 전송 완료

[09:16] HOLD | KODEX RSI65/-4.3%⚠️ | 보유:SK증권(001510) -15.8% 유진로봇(056080) -6.4% 원익피앤(217820) -14.1% HPSP(403870) -5.7% | 💸예수금부족 | 최고신호 원익피앤이(217820) 4/2개 [RSI18 / 하락-6.0% / BB하단 / 호가3.2]
💰 예수금 9,322원 | KODEX200 RSI65/-4.5% 과열⚠️ | 매수기준 2개↑
📦 보유 SK증권(001510) 1주 -16.5% 🔴스탑로스임박
📦 보유 유진로봇(056080) 1주 -6.0% 🔴스탑로스임박
📦 보유 원익피앤이(217820) 3주 -15.1% 🔴스탑로스임박
📦 보유 HPSP(403870) 1주 -4.0% 🔴스탑로스임박

코드      종목명           가격    RSI     변화율    거래량     BB   호가비  B/S
────────────────────────────────────────────────────────────────────────
[2단계 분석 대상: 001510, 056080, 217820, 403870, 051910, 042700, 000270, 068270, 207940]
403870  HPSP      51,100   22.2    +4.4%    0.2x     하단  0.24  2/1 [5분]
⛔ 아우토크립트(137040) 호가 없음 (거래정지 의심)
061250  화일약품       8,140    0.0    +0.0%    0.0x     중간  0.22  0/0 [일봉]
217820  원익피앤이      3,000   13.0    -5.2%    0.2x     하단  2.22  4/1 [5분]
001510  SK증권       3,915   39.4    -5.9%    0.1x     하단  0.77  3/1 [5분]
056080  유진로봇      26,000   18.2    -5.3%    0.3x     중간  1.78  3/1 [5분]
⛔ 금양(001570) 호가 없음 (거래정지 의심)

══════════════════════════════════════════════════
⚠️  손실 주의 HPSP(403870) -4.0% (비상손절 -5%)
🟡 SELL(비상손절🔴) 원익피앤이(217820) -15.1% [MA데드] 신뢰도0.9
💰 예수금: 9,319원
📊 원익피앤이(217820) 매도1호가: 3,010원 | 매수1호가: 3,000원
📌 SELL 지정가: 3,000원 × 3주
⚠️ SELL 원익피앤이(217820) 재시도 1/3: Traceback (most recent call last):
  File "/home/hyunho/openclaw-setup/python-only/trade.py", line 137, in <module>
    main()
  File "/home/hyunho/op
💰 예수금: 9,319원
📊 원익피앤이(217820) 매도1호가: 3,010원 | 매수1호가: 3,000원
📌 SELL 지정가: 3,000원 × 3주
⚠️ SELL 원익피앤이(217820) 재시도 2/3: Traceback (most recent call last):
  File "/home/hyunho/openclaw-setup/python-only/trade.py", line 137, in <module>
    main()
  File "/home/hyunho/op
💰 예수금: 9,319원
📊 원익피앤이(217820) 매도1호가: 3,010원 | 매수1호가: 2,995원
📌 SELL 지정가: 2,995원 × 3주
⚠️ SELL 원익피앤이(217820) 재시도 3/3: Traceback (most recent call last):
  File "/home/hyunho/openclaw-setup/python-only/trade.py", line 137, in <module>
    main()
  File "/home/hyunho/op
🚨 [09:21:36] 에러 — SELL 원익피앤이(217820) 주문 실패
Traceback (most recent call last):
  File "/home/hyunho/openclaw-setup/python-only/trade.py", line 137, in <module>
    main()
  File "/home/hyunho/openclaw-setup/python-only/trade.py", line 131, in main
    result = send_signal(args.code, stock_name, args.action, args.confidence, args.reason, qty, 
✅ Discord 전송 완료
🟡 SELL(비상손절🔴) SK증권(001510) -16.5% [MA데드] 신뢰도0.9
💰 예수금: 9,319원
📊 SK증권(001510) 매도1호가: 3,915원 | 매수1호가: 3,910원
📌 SELL 지정가: 3,910원 × 1주
⚠️ SELL SK증권(001510) 재시도 1/3: Traceback (most recent call last):
  File "/home/hyunho/openclaw-setup/python-only/trade.py", line 137, in <module>
    main()
  File "/home/hyunho/op
💰 예수금: 9,319원
📊 SK증권(001510) 매도1호가: 3,910원 | 매수1호가: 3,905원
📌 SELL 지정가: 3,905원 × 1주
⚠️ SELL SK증권(001510) 재시도 2/3: Traceback (most recent call last):
  File "/home/hyunho/openclaw-setup/python-only/trade.py", line 137, in <module>
    main()
  File "/home/hyunho/op
💰 예수금: 9,319원
📊 SK증권(001510) 매도1호가: 3,910원 | 매수1호가: 3,905원
📌 SELL 지정가: 3,905원 × 1주
⚠️ SELL SK증권(001510) 재시도 3/3: Traceback (most recent call last):
  File "/home/hyunho/openclaw-setup/python-only/trade.py", line 137, in <module>
    main()
  File "/home/hyunho/op
🚨 [09:21:47] 에러 — SELL SK증권(001510) 주문 실패
Traceback (most recent call last):
  File "/home/hyunho/openclaw-setup/python-only/trade.py", line 137, in <module>
    main()
  File "/home/hyunho/openclaw-setup/python-only/trade.py", line 131, in main
    result = send_signal(args.code, stock_name, args.action, args.confidence, args.reason, qty, 
✅ Discord 전송 완료
🟡 SELL(비상손절🔴) 유진로봇(056080) -6.0% [MA데드] 신뢰도0.9
💰 예수금: 9,320원
📊 유진로봇(056080) 매도1호가: 25,850원 | 매수1호가: 25,800원
📌 SELL 지정가: 25,800원 × 1주
⚠️ SELL 유진로봇(056080) 재시도 1/3: Traceback (most recent call last):
  File "/home/hyunho/openclaw-setup/python-only/trade.py", line 137, in <module>
    main()
  File "/home/hyunho/op
💰 예수금: 9,319원
📊 유진로봇(056080) 매도1호가: 25,800원 | 매수1호가: 25,750원
📌 SELL 지정가: 25,750원 × 1주
⚠️ SELL 유진로봇(056080) 재시도 2/3: Traceback (most recent call last):
  File "/home/hyunho/openclaw-setup/python-only/trade.py", line 137, in <module>
    main()
  File "/home/hyunho/op
💰 예수금: 9,321원
📊 유진로봇(056080) 매도1호가: 25,850원 | 매수1호가: 25,800원
📌 SELL 지정가: 25,800원 × 1주
⚠️ SELL 유진로봇(056080) 재시도 3/3: Traceback (most recent call last):
  File "/home/hyunho/openclaw-setup/python-only/trade.py", line 137, in <module>
    main()
  File "/home/hyunho/op
🚨 [09:21:58] 에러 — SELL 유진로봇(056080) 주문 실패
Traceback (most recent call last):
  File "/home/hyunho/openclaw-setup/python-only/trade.py", line 137, in <module>
    main()
  File "/home/hyunho/openclaw-setup/python-only/trade.py", line 131, in main
    result = send_signal(args.code, stock_name, args.action, args.confidence, args.reason, qty, 
✅ Discord 전송 완료
📉 KODEX200 -4.5% 하락장 — 신규 매수 중단
→ 전종목 HOLD
✅ Discord 전송 완료

[09:20] HOLD | KODEX RSI65/-4.5%⚠️ | 보유:SK증권(001510) -16.5% 유진로봇(056080) -6.0% 원익피앤(217820) -15.1% HPSP(403870) -4.0% | 💸예수금부족 | 최고신호 원익피앤이(217820) 4/2개 [RSI13 / 하락-5.2% / BB하단 / 호가2.2]
💰 예수금 9,321원 | KODEX200 RSI67/-3.3% 과열⚠️ | 매수기준 2개↑
📦 보유 SK증권(001510) 1주 -15.8% 🔴스탑로스임박
📦 보유 유진로봇(056080) 1주 -5.9% 🔴스탑로스임박
📦 보유 원익피앤이(217820) 3주 -14.2% 🔴스탑로스임박
📦 보유 HPSP(403870) 1주 -3.0% ⚠️주의

코드      종목명           가격    RSI     변화율    거래량     BB   호가비  B/S
────────────────────────────────────────────────────────────────────────
[2단계 분석 대상: 001510, 056080, 217820, 403870, 207940, 068270, 051910, 079550, 012330]
403870  HPSP      51,500   22.2    +3.4%    0.2x     하단  0.21  2/1 [5분]
⛔ 아우토크립트(137040) 호가 없음 (거래정지 의심)
061250  화일약품       8,150    0.0    +0.0%    0.0x     중간  0.07  0/0 [일봉]
217820  원익피앤이      3,035   13.0    -5.5%    0.2x     하단  2.18  4/1 [5분]
001510  SK증권       3,915   39.4    -5.8%    0.1x     하단  1.37  4/1 [5분]
056080  유진로봇      25,900   18.2    -5.7%    0.3x     중간  3.14  3/1 [5분]
⛔ 금양(001570) 호가 없음 (거래정지 의심)

══════════════════════════════════════════════════
🟡 SELL(비상손절🔴) 원익피앤이(217820) -14.2% [MA데드] 신뢰도0.9
💰 예수금: 9,320원
📊 원익피앤이(217820) 매도1호가: 3,010원 | 매수1호가: 3,005원
📌 SELL 지정가: 3,005원 × 3주
⚠️ SELL 원익피앤이(217820) 재시도 1/3: Traceback (most recent call last):
  File "/home/hyunho/openclaw-setup/python-only/trade.py", line 137, in <module>
    main()
  File "/home/hyunho/op
💰 예수금: 9,319원
📊 원익피앤이(217820) 매도1호가: 3,015원 | 매수1호가: 3,005원
📌 SELL 지정가: 3,005원 × 3주
⚠️ SELL 원익피앤이(217820) 재시도 2/3: Traceback (most recent call last):
  File "/home/hyunho/openclaw-setup/python-only/trade.py", line 137, in <module>
    main()
  File "/home/hyunho/op
💰 예수금: 9,320원
📊 원익피앤이(217820) 매도1호가: 3,015원 | 매수1호가: 3,005원
📌 SELL 지정가: 3,005원 × 3주
⚠️ SELL 원익피앤이(217820) 재시도 3/3: Traceback (most recent call last):
  File "/home/hyunho/openclaw-setup/python-only/trade.py", line 137, in <module>
    main()
  File "/home/hyunho/op
🚨 [09:23:35] 에러 — SELL 원익피앤이(217820) 주문 실패
Traceback (most recent call last):
  File "/home/hyunho/openclaw-setup/python-only/trade.py", line 137, in <module>
    main()
  File "/home/hyunho/openclaw-setup/python-only/trade.py", line 131, in main
    result = send_signal(args.code, stock_name, args.action, args.confidence, args.reason, qty, 
✅ Discord 전송 완료
🟡 SELL(비상손절🔴) SK증권(001510) -15.8% [MA데드] 신뢰도0.9
💰 예수금: 9,319원
📊 SK증권(001510) 매도1호가: 3,920원 | 매수1호가: 3,915원
📌 SELL 지정가: 3,915원 × 1주
⚠️ SELL SK증권(001510) 재시도 1/3: Traceback (most recent call last):
  File "/home/hyunho/openclaw-setup/python-only/trade.py", line 137, in <module>
    main()
  File "/home/hyunho/op
💰 예수금: 9,319원
📊 SK증권(001510) 매도1호가: 3,915원 | 매수1호가: 3,910원
📌 SELL 지정가: 3,910원 × 1주
⚠️ SELL SK증권(001510) 재시도 2/3: Traceback (most recent call last):
  File "/home/hyunho/openclaw-setup/python-only/trade.py", line 137, in <module>
    main()
  File "/home/hyunho/op
💰 예수금: 9,319원
📊 SK증권(001510) 매도1호가: 3,915원 | 매수1호가: 3,910원
📌 SELL 지정가: 3,910원 × 1주
⚠️ SELL SK증권(001510) 재시도 3/3: Traceback (most recent call last):
  File "/home/hyunho/openclaw-setup/python-only/trade.py", line 137, in <module>
    main()
  File "/home/hyunho/op
🚨 [09:23:46] 에러 — SELL SK증권(001510) 주문 실패
Traceback (most recent call last):
  File "/home/hyunho/openclaw-setup/python-only/trade.py", line 137, in <module>
    main()
  File "/home/hyunho/openclaw-setup/python-only/trade.py", line 131, in main
    result = send_signal(args.code, stock_name, args.action, args.confidence, args.reason, qty, 
✅ Discord 전송 완료
🟡 SELL(비상손절🔴) 유진로봇(056080) -5.9% [MA데드] 신뢰도0.9
💰 예수금: 9,319원
📊 유진로봇(056080) 매도1호가: 25,950원 | 매수1호가: 25,900원
📌 SELL 지정가: 25,900원 × 1주
⚠️ SELL 유진로봇(056080) 재시도 1/3: Traceback (most recent call last):
  File "/home/hyunho/openclaw-setup/python-only/trade.py", line 137, in <module>
    main()
  File "/home/hyunho/op
💰 예수금: 9,319원
📊 유진로봇(056080) 매도1호가: 25,950원 | 매수1호가: 25,850원
📌 SELL 지정가: 25,850원 × 1주
⚠️ SELL 유진로봇(056080) 재시도 2/3: Traceback (most recent call last):
  File "/home/hyunho/openclaw-setup/python-only/trade.py", line 137, in <module>
    main()
  File "/home/hyunho/op
💰 예수금: 9,320원
📊 유진로봇(056080) 매도1호가: 25,950원 | 매수1호가: 25,850원
📌 SELL 지정가: 25,850원 × 1주
⚠️ SELL 유진로봇(056080) 재시도 3/3: Traceback (most recent call last):
  File "/home/hyunho/openclaw-setup/python-only/trade.py", line 137, in <module>
    main()
  File "/home/hyunho/op
🚨 [09:23:57] 에러 — SELL 유진로봇(056080) 주문 실패
Traceback (most recent call last):
  File "/home/hyunho/openclaw-setup/python-only/trade.py", line 137, in <module>
    main()
  File "/home/hyunho/openclaw-setup/python-only/trade.py", line 131, in main
    result = send_signal(args.code, stock_name, args.action, args.confidence, args.reason, qty, 
✅ Discord 전송 완료
📉 KODEX200 -3.3% 하락장 — 신규 매수 중단
→ 전종목 HOLD
✅ Discord 전송 완료

[09:22] HOLD | KODEX RSI67/-3.3%⚠️ | 보유:SK증권(001510) -15.8% 유진로봇(056080) -5.9% 원익피앤(217820) -14.2% HPSP(403870) -3.0% | 💸예수금부족 | 최고신호 원익피앤이(217820) 4/2개 [RSI13 / 하락-5.5% / BB하단 / 호가2.2]
💰 예수금 9,320원 | KODEX200 RSI67/-3.0% 과열⚠️ | 매수기준 2개↑
📦 보유 SK증권(001510) 1주 -15.6% 🔴스탑로스임박
📦 보유 유진로봇(056080) 1주 -5.7% 🔴스탑로스임박
📦 보유 원익피앤이(217820) 3주 -13.7% 🔴스탑로스임박
📦 보유 HPSP(403870) 1주 -3.0% ⚠️주의

코드      종목명           가격    RSI     변화율    거래량     BB   호가비  B/S
────────────────────────────────────────────────────────────────────────
[2단계 분석 대상: 001510, 056080, 217820, 403870, 207940, 068270, 035720, 051910, 079550]
403870  HPSP      51,400   20.7    +4.2%    0.2x     하단  0.37  2/1 [5분]
⛔ 아우토크립트(137040) 호가 없음 (거래정지 의심)
061250  화일약품       8,080    0.0    +0.0%    0.0x     중간  1.01  0/0 [일봉]
217820  원익피앤이      3,030   25.9    -4.6%    0.2x     하단  2.13  4/1 [5분]
001510  SK증권       3,935   33.3    -5.3%    0.1x     하단  0.57  3/1 [5분]
056080  유진로봇      25,850   19.0    -5.7%    0.3x     중간 10.93  3/1 [5분]
⛔ 금양(001570) 호가 없음 (거래정지 의심)

══════════════════════════════════════════════════
🟡 SELL(비상손절🔴) 원익피앤이(217820) -13.7% [MA데드] 신뢰도0.9
💰 예수금: 9,318원
📊 원익피앤이(217820) 매도1호가: 3,035원 | 매수1호가: 3,025원
📌 SELL 지정가: 3,025원 × 3주
⚠️ SELL 원익피앤이(217820) 재시도 1/3: Traceback (most recent call last):
  File "/home/hyunho/openclaw-setup/python-only/trade.py", line 137, in <module>
    main()
  File "/home/hyunho/op
💰 예수금: 9,318원
📊 원익피앤이(217820) 매도1호가: 3,035원 | 매수1호가: 3,025원
📌 SELL 지정가: 3,025원 × 3주
⚠️ SELL 원익피앤이(217820) 재시도 2/3: Traceback (most recent call last):
  File "/home/hyunho/openclaw-setup/python-only/trade.py", line 137, in <module>
    main()
  File "/home/hyunho/op
💰 예수금: 9,318원
📊 원익피앤이(217820) 매도1호가: 3,035원 | 매수1호가: 3,025원
📌 SELL 지정가: 3,025원 × 3주
⚠️ SELL 원익피앤이(217820) 재시도 3/3: Traceback (most recent call last):
  File "/home/hyunho/openclaw-setup/python-only/trade.py", line 137, in <module>
    main()
  File "/home/hyunho/op
🚨 [09:25:35] 에러 — SELL 원익피앤이(217820) 주문 실패
Traceback (most recent call last):
  File "/home/hyunho/openclaw-setup/python-only/trade.py", line 137, in <module>
    main()
  File "/home/hyunho/openclaw-setup/python-only/trade.py", line 131, in main
    result = send_signal(args.code, stock_name, args.action, args.confidence, args.reason, qty, 
✅ Discord 전송 완료
🟡 SELL(비상손절🔴) SK증권(001510) -15.6% [MA데드] 신뢰도0.9
💰 예수금: 9,318원
📊 SK증권(001510) 매도1호가: 3,935원 | 매수1호가: 3,930원
📌 SELL 지정가: 3,930원 × 1주
⚠️ SELL SK증권(001510) 재시도 1/3: Traceback (most recent call last):
  File "/home/hyunho/openclaw-setup/python-only/trade.py", line 137, in <module>
    main()
  File "/home/hyunho/op
💰 예수금: 9,318원
📊 SK증권(001510) 매도1호가: 3,935원 | 매수1호가: 3,930원
📌 SELL 지정가: 3,930원 × 1주
⚠️ SELL SK증권(001510) 재시도 2/3: Traceback (most recent call last):
  File "/home/hyunho/openclaw-setup/python-only/trade.py", line 137, in <module>
    main()
  File "/home/hyunho/op
💰 예수금: 9,317원
📊 SK증권(001510) 매도1호가: 3,950원 | 매수1호가: 3,940원
📌 SELL 지정가: 3,940원 × 1주
⚠️ SELL SK증권(001510) 재시도 3/3: Traceback (most recent call last):
  File "/home/hyunho/openclaw-setup/python-only/trade.py", line 137, in <module>
    main()
  File "/home/hyunho/op
🚨 [09:25:46] 에러 — SELL SK증권(001510) 주문 실패
Traceback (most recent call last):
  File "/home/hyunho/openclaw-setup/python-only/trade.py", line 137, in <module>
    main()
  File "/home/hyunho/openclaw-setup/python-only/trade.py", line 131, in main
    result = send_signal(args.code, stock_name, args.action, args.confidence, args.reason, qty, 
✅ Discord 전송 완료
🟡 SELL(비상손절🔴) 유진로봇(056080) -5.7% [MA데드] 신뢰도0.9
💰 예수금: 9,317원
📊 유진로봇(056080) 매도1호가: 26,050원 | 매수1호가: 25,950원
📌 SELL 지정가: 25,950원 × 1주
⚠️ SELL 유진로봇(056080) 재시도 1/3: Traceback (most recent call last):
  File "/home/hyunho/openclaw-setup/python-only/trade.py", line 137, in <module>
    main()
  File "/home/hyunho/op
💰 예수금: 9,317원
📊 유진로봇(056080) 매도1호가: 26,050원 | 매수1호가: 26,000원
📌 SELL 지정가: 26,000원 × 1주
⚠️ SELL 유진로봇(056080) 재시도 2/3: Traceback (most recent call last):
  File "/home/hyunho/openclaw-setup/python-only/trade.py", line 137, in <module>
    main()
  File "/home/hyunho/op
💰 예수금: 9,317원
📊 유진로봇(056080) 매도1호가: 26,200원 | 매수1호가: 26,150원
📌 SELL 지정가: 26,150원 × 1주
⚠️ SELL 유진로봇(056080) 재시도 3/3: Traceback (most recent call last):
  File "/home/hyunho/openclaw-setup/python-only/trade.py", line 137, in <module>
    main()
  File "/home/hyunho/op
🚨 [09:25:57] 에러 — SELL 유진로봇(056080) 주문 실패
Traceback (most recent call last):
  File "/home/hyunho/openclaw-setup/python-only/trade.py", line 137, in <module>
    main()
  File "/home/hyunho/openclaw-setup/python-only/trade.py", line 131, in main
    result = send_signal(args.code, stock_name, args.action, args.confidence, args.reason, qty, 
✅ Discord 전송 완료
📉 KODEX200 -3.0% 하락장 — 신규 매수 중단
→ 전종목 HOLD
✅ Discord 전송 완료

[09:24] HOLD | KODEX RSI67/-3.0%⚠️ | 보유:SK증권(001510) -15.6% 유진로봇(056080) -5.7% 원익피앤(217820) -13.7% HPSP(403870) -3.0% | 💸예수금부족 | 최고신호 원익피앤이(217820) 4/2개 [RSI26 / 하락-4.6% / BB하단 / 호가2.1]
💰 예수금 9,317원 | KODEX200 RSI69/-2.3% 과열⚠️ | 매수기준 2개↑
📦 보유 SK증권(001510) 1주 -15.0% 🔴스탑로스임박
📦 보유 유진로봇(056080) 1주 -4.2% 🔴스탑로스임박
📦 보유 원익피앤이(217820) 3주 -13.1% 🔴스탑로스임박
📦 보유 HPSP(403870) 1주 -1.3%

코드      종목명           가격    RSI     변화율    거래량     BB   호가비  B/S
────────────────────────────────────────────────────────────────────────
[2단계 분석 대상: 001510, 056080, 217820, 403870, 068270, 079550, 035720, 084850, 051910]
403870  HPSP      52,400   20.7    +7.1%    0.3x     중간  0.62  1/2 [5분]
⛔ 아우토크립트(137040) 호가 없음 (거래정지 의심)
061250  화일약품       8,060    0.0    +0.0%    0.0x     중간  1.07  0/0 [일봉]
217820  원익피앤이      3,050   25.9    -3.9%    0.2x     하단  0.82  3/1 [5분]
001510  SK증권       3,960   33.3    -4.7%    0.1x     하단  0.74  3/1 [5분]
056080  유진로봇      26,300   19.0    -4.4%    0.4x     중간  0.89  2/1 [5분]
⛔ 금양(001570) 호가 없음 (거래정지 의심)

══════════════════════════════════════════════════
🟡 SELL(손실축소) HPSP(403870) -1.3% [급등+7.1%, MA데드] 신뢰도0.7
💰 예수금: 9,315원
📊 HPSP(403870) 매도1호가: 53,300원 | 매수1호가: 53,200원
📌 SELL 지정가: 53,200원 × 1주
⚠️ SELL HPSP(403870) 재시도 1/3: Traceback (most recent call last):
  File "/home/hyunho/openclaw-setup/python-only/trade.py", line 137, in <module>
    main()
  File "/home/hyunho/op
💰 예수금: 9,314원
📊 HPSP(403870) 매도1호가: 53,500원 | 매수1호가: 53,400원
📌 SELL 지정가: 53,400원 × 1주
⚠️ SELL HPSP(403870) 재시도 2/3: Traceback (most recent call last):
  File "/home/hyunho/openclaw-setup/python-only/trade.py", line 137, in <module>
    main()
  File "/home/hyunho/op
💰 예수금: 9,315원
📊 HPSP(403870) 매도1호가: 53,400원 | 매수1호가: 53,100원
📌 SELL 지정가: 53,100원 × 1주
⚠️ SELL HPSP(403870) 재시도 3/3: Traceback (most recent call last):
  File "/home/hyunho/openclaw-setup/python-only/trade.py", line 137, in <module>
    main()
  File "/home/hyunho/op
🚨 [09:27:35] 에러 — SELL HPSP(403870) 주문 실패
Traceback (most recent call last):
  File "/home/hyunho/openclaw-setup/python-only/trade.py", line 137, in <module>
    main()
  File "/home/hyunho/openclaw-setup/python-only/trade.py", line 131, in main
    result = send_signal(args.code, stock_name, args.action, args.confidence, args.reason, qty, 
✅ Discord 전송 완료
🟡 SELL(비상손절🔴) 원익피앤이(217820) -13.1% [MA데드] 신뢰도0.9
💰 예수금: 9,315원
📊 원익피앤이(217820) 매도1호가: 3,055원 | 매수1호가: 3,040원
📌 SELL 지정가: 3,040원 × 3주
⚠️ SELL 원익피앤이(217820) 재시도 1/3: Traceback (most recent call last):
  File "/home/hyunho/openclaw-setup/python-only/trade.py", line 137, in <module>
    main()
  File "/home/hyunho/op
💰 예수금: 9,315원
📊 원익피앤이(217820) 매도1호가: 3,045원 | 매수1호가: 3,040원
📌 SELL 지정가: 3,040원 × 3주
⚠️ SELL 원익피앤이(217820) 재시도 2/3: Traceback (most recent call last):
  File "/home/hyunho/openclaw-setup/python-only/trade.py", line 137, in <module>
    main()
  File "/home/hyunho/op
💰 예수금: 9,315원
📊 원익피앤이(217820) 매도1호가: 3,045원 | 매수1호가: 3,040원
📌 SELL 지정가: 3,040원 × 3주
⚠️ SELL 원익피앤이(217820) 재시도 3/3: Traceback (most recent call last):
  File "/home/hyunho/openclaw-setup/python-only/trade.py", line 137, in <module>
    main()
  File "/home/hyunho/op
🚨 [09:27:46] 에러 — SELL 원익피앤이(217820) 주문 실패
Traceback (most recent call last):
  File "/home/hyunho/openclaw-setup/python-only/trade.py", line 137, in <module>
    main()
  File "/home/hyunho/openclaw-setup/python-only/trade.py", line 131, in main
    result = send_signal(args.code, stock_name, args.action, args.confidence, args.reason, qty, 
✅ Discord 전송 완료
🟡 SELL(비상손절🔴) SK증권(001510) -15.0% [MA데드] 신뢰도0.9
💰 예수금: 9,315원
📊 SK증권(001510) 매도1호가: 3,950원 | 매수1호가: 3,945원
📌 SELL 지정가: 3,945원 × 1주
⚠️ SELL SK증권(001510) 재시도 1/3: Traceback (most recent call last):
  File "/home/hyunho/openclaw-setup/python-only/trade.py", line 137, in <module>
    main()
  File "/home/hyunho/op
💰 예수금: 9,315원
📊 SK증권(001510) 매도1호가: 3,950원 | 매수1호가: 3,945원
📌 SELL 지정가: 3,945원 × 1주
⚠️ SELL SK증권(001510) 재시도 2/3: Traceback (most recent call last):
  File "/home/hyunho/openclaw-setup/python-only/trade.py", line 137, in <module>
    main()
  File "/home/hyunho/op
💰 예수금: 9,315원
📊 SK증권(001510) 매도1호가: 3,955원 | 매수1호가: 3,950원
📌 SELL 지정가: 3,950원 × 1주
⚠️ SELL SK증권(001510) 재시도 3/3: Traceback (most recent call last):
  File "/home/hyunho/openclaw-setup/python-only/trade.py", line 137, in <module>
    main()
  File "/home/hyunho/op
🚨 [09:27:57] 에러 — SELL SK증권(001510) 주문 실패
Traceback (most recent call last):
  File "/home/hyunho/openclaw-setup/python-only/trade.py", line 137, in <module>
    main()
  File "/home/hyunho/openclaw-setup/python-only/trade.py", line 131, in main
    result = send_signal(args.code, stock_name, args.action, args.confidence, args.reason, qty, 
✅ Discord 전송 완료
⚠️  손실 주의 유진로봇(056080) -4.2% (비상손절 -5%)
📉 KODEX200 -2.3% 하락장 — 신규 매수 중단
→ 전종목 HOLD
✅ Discord 전송 완료

[09:26] HOLD | KODEX RSI69/-2.3%⚠️ | 보유:SK증권(001510) -15.0% 유진로봇(056080) -4.2% 원익피앤(217820) -13.1% HPSP(403870) -1.3% | 💸예수금부족 | 최고신호 원익피앤이(217820) 3/2개 [RSI26 / 하락-3.9% / BB하단]
💰 예수금 9,315원 | KODEX200 RSI69/-2.2% 과열⚠️ | 매수기준 2개↑
📦 보유 SK증권(001510) 1주 -14.8% 🔴스탑로스임박
📦 보유 유진로봇(056080) 1주 -4.4% 🔴스탑로스임박
📦 보유 원익피앤이(217820) 3주 -12.7% 🔴스탑로스임박
📦 보유 HPSP(403870) 1주 +0.3%

코드      종목명           가격    RSI     변화율    거래량     BB   호가비  B/S
────────────────────────────────────────────────────────────────────────
[2단계 분석 대상: 001510, 056080, 217820, 403870, 035720, 068270, 084850, 015760, 035420]
403870  HPSP      53,300   20.7    +6.9%    0.3x     중간  0.40  1/2 [5분]
⛔ 아우토크립트(137040) 호가 없음 (거래정지 의심)
061250  화일약품       8,060    0.0    +0.0%    0.0x     중간  1.22  1/0 [일봉]
217820  원익피앤이      3,040   25.9    -4.4%    0.2x     하단  0.74  3/1 [5분]
001510  SK증권       3,955   33.3    -4.9%    0.1x     하단  0.53  3/1 [5분]
056080  유진로봇      26,150   19.0    -4.9%    0.4x     중간  1.96  3/1 [5분]
⛔ 금양(001570) 호가 없음 (거래정지 의심)

══════════════════════════════════════════════════
🟡 SELL(수익실현💰) HPSP(403870) +0.3% [급등+6.9%, MA데드] 신뢰도0.7
💰 예수금: 9,315원
📊 HPSP(403870) 매도1호가: 53,000원 | 매수1호가: 52,900원
📌 SELL 지정가: 52,900원 × 1주
⚠️ SELL HPSP(403870) 재시도 1/3: Traceback (most recent call last):
  File "/home/hyunho/openclaw-setup/python-only/trade.py", line 137, in <module>
    main()
  File "/home/hyunho/op
💰 예수금: 9,316원
📊 HPSP(403870) 매도1호가: 53,000원 | 매수1호가: 52,700원
📌 SELL 지정가: 52,700원 × 1주
⚠️ SELL HPSP(403870) 재시도 2/3: Traceback (most recent call last):
  File "/home/hyunho/openclaw-setup/python-only/trade.py", line 137, in <module>
    main()
  File "/home/hyunho/op
💰 예수금: 9,316원
📊 HPSP(403870) 매도1호가: 52,900원 | 매수1호가: 52,800원
📌 SELL 지정가: 52,800원 × 1주
⚠️ SELL HPSP(403870) 재시도 3/3: Traceback (most recent call last):
  File "/home/hyunho/openclaw-setup/python-only/trade.py", line 137, in <module>
    main()
  File "/home/hyunho/op
🚨 [09:29:35] 에러 — SELL HPSP(403870) 주문 실패
Traceback (most recent call last):
  File "/home/hyunho/openclaw-setup/python-only/trade.py", line 137, in <module>
    main()
  File "/home/hyunho/openclaw-setup/python-only/trade.py", line 131, in main
    result = send_signal(args.code, stock_name, args.action, args.confidence, args.reason, qty, 
✅ Discord 전송 완료
🟡 SELL(비상손절🔴) 원익피앤이(217820) -12.7% [MA데드] 신뢰도0.9
💰 예수금: 9,316원
📊 원익피앤이(217820) 매도1호가: 3,055원 | 매수1호가: 3,050원
📌 SELL 지정가: 3,050원 × 3주
⚠️ SELL 원익피앤이(217820) 재시도 1/3: Traceback (most recent call last):
  File "/home/hyunho/openclaw-setup/python-only/trade.py", line 137, in <module>
    main()
  File "/home/hyunho/op
💰 예수금: 9,316원
📊 원익피앤이(217820) 매도1호가: 3,055원 | 매수1호가: 3,050원
📌 SELL 지정가: 3,050원 × 3주
⚠️ SELL 원익피앤이(217820) 재시도 2/3: Traceback (most recent call last):
  File "/home/hyunho/openclaw-setup/python-only/trade.py", line 137, in <module>
    main()
  File "/home/hyunho/op
💰 예수금: 9,316원
📊 원익피앤이(217820) 매도1호가: 3,055원 | 매수1호가: 3,050원
📌 SELL 지정가: 3,050원 × 3주
⚠️ SELL 원익피앤이(217820) 재시도 3/3: Traceback (most recent call last):
  File "/home/hyunho/openclaw-setup/python-only/trade.py", line 137, in <module>
    main()
  File "/home/hyunho/op
🚨 [09:29:46] 에러 — SELL 원익피앤이(217820) 주문 실패
Traceback (most recent call last):
  File "/home/hyunho/openclaw-setup/python-only/trade.py", line 137, in <module>
    main()
  File "/home/hyunho/openclaw-setup/python-only/trade.py", line 131, in main
    result = send_signal(args.code, stock_name, args.action, args.confidence, args.reason, qty, 
✅ Discord 전송 완료
🟡 SELL(비상손절🔴) SK증권(001510) -14.8% [MA데드] 신뢰도0.9
💰 예수금: 9,316원
📊 SK증권(001510) 매도1호가: 3,950원 | 매수1호가: 3,945원
📌 SELL 지정가: 3,945원 × 1주
⚠️ SELL SK증권(001510) 재시도 1/3: Traceback (most recent call last):
  File "/home/hyunho/openclaw-setup/python-only/trade.py", line 137, in <module>
    main()
  File "/home/hyunho/op
💰 예수금: 9,316원
📊 SK증권(001510) 매도1호가: 3,960원 | 매수1호가: 3,955원
📌 SELL 지정가: 3,955원 × 1주
⚠️ SELL SK증권(001510) 재시도 2/3: Traceback (most recent call last):
  File "/home/hyunho/openclaw-setup/python-only/trade.py", line 137, in <module>
    main()
  File "/home/hyunho/op
💰 예수금: 9,316원
📊 SK증권(001510) 매도1호가: 3,960원 | 매수1호가: 3,955원
📌 SELL 지정가: 3,955원 × 1주
⚠️ SELL SK증권(001510) 재시도 3/3: Traceback (most recent call last):
  File "/home/hyunho/openclaw-setup/python-only/trade.py", line 137, in <module>
    main()
  File "/home/hyunho/op
🚨 [09:29:57] 에러 — SELL SK증권(001510) 주문 실패
Traceback (most recent call last):
  File "/home/hyunho/openclaw-setup/python-only/trade.py", line 137, in <module>
    main()
  File "/home/hyunho/openclaw-setup/python-only/trade.py", line 131, in main
    result = send_signal(args.code, stock_name, args.action, args.confidence, args.reason, qty, 
✅ Discord 전송 완료
⚠️  손실 주의 유진로봇(056080) -4.4% (비상손절 -5%)
📉 KODEX200 -2.2% 하락장 — 신규 매수 중단
→ 전종목 HOLD
✅ Discord 전송 완료

[09:28] HOLD | KODEX RSI69/-2.2%⚠️ | 보유:SK증권(001510) -14.8% 유진로봇(056080) -4.4% 원익피앤(217820) -12.7% HPSP(403870) +0.3% | 💸예수금부족 | 최고신호 원익피앤이(217820) 3/2개 [RSI26 / 하락-4.4% / BB하단]
💰 예수금 9,316원 | KODEX200 RSI69/-1.9% 정상 | 매수기준 2개↑
📦 보유 SK증권(001510) 1주 -14.7% 🔴스탑로스임박
📦 보유 유진로봇(056080) 1주 -5.0% 🔴스탑로스임박
📦 보유 원익피앤이(217820) 3주 -12.4% 🔴스탑로스임박
📦 보유 HPSP(403870) 1주 -0.4%

코드      종목명           가격    RSI     변화율    거래량     BB   호가비  B/S
────────────────────────────────────────────────────────────────────────
[2단계 분석 대상: 001510, 056080, 217820, 403870, 078930, 068270, 035720, 012330, 084850]
403870  HPSP      53,200   14.8    +7.9%    0.3x     중간  0.61  1/2 [5분]
⛔ 아우토크립트(137040) 호가 없음 (거래정지 의심)
061250  화일약품       8,090    0.0    +0.0%    0.0x     중간  0.98  0/0 [일봉]
217820  원익피앤이      3,060   23.1    -3.6%    0.2x     하단  0.70  3/1 [5분]
001510  SK증권       3,965   24.1    -4.9%    0.1x     하단  0.75  3/1 [5분]
056080  유진로봇      25,950   15.0    -6.0%    0.4x     중간  8.81  3/1 [5분]
⛔ 금양(001570) 호가 없음 (거래정지 의심)

══════════════════════════════════════════════════
🟡 SELL(손실축소) HPSP(403870) -0.4% [급등+7.9%, MA데드] 신뢰도0.7
💰 예수금: 9,316원
📊 HPSP(403870) 매도1호가: 53,000원 | 매수1호가: 52,700원
📌 SELL 지정가: 52,700원 × 1주
⚠️ SELL HPSP(403870) 재시도 1/3: Traceback (most recent call last):
  File "/home/hyunho/openclaw-setup/python-only/trade.py", line 137, in <module>
    main()
  File "/home/hyunho/op
💰 예수금: 9,317원
📊 HPSP(403870) 매도1호가: 52,900원 | 매수1호가: 52,800원
📌 SELL 지정가: 52,800원 × 1주
⚠️ SELL HPSP(403870) 재시도 2/3: Traceback (most recent call last):
  File "/home/hyunho/openclaw-setup/python-only/trade.py", line 137, in <module>
    main()
  File "/home/hyunho/op
💰 예수금: 9,317원
📊 HPSP(403870) 매도1호가: 52,600원 | 매수1호가: 52,400원
📌 SELL 지정가: 52,400원 × 1주
⚠️ SELL HPSP(403870) 재시도 3/3: Traceback (most recent call last):
  File "/home/hyunho/openclaw-setup/python-only/trade.py", line 137, in <module>
    main()
  File "/home/hyunho/op
🚨 [09:31:35] 에러 — SELL HPSP(403870) 주문 실패
Traceback (most recent call last):
  File "/home/hyunho/openclaw-setup/python-only/trade.py", line 137, in <module>
    main()
  File "/home/hyunho/openclaw-setup/python-only/trade.py", line 131, in main
    result = send_signal(args.code, stock_name, args.action, args.confidence, args.reason, qty, 
✅ Discord 전송 완료
🟡 SELL(비상손절🔴) 원익피앤이(217820) -12.4% [MA데드] 신뢰도0.9
💰 예수금: 9,317원
📊 원익피앤이(217820) 매도1호가: 3,060원 | 매수1호가: 3,050원
📌 SELL 지정가: 3,050원 × 3주
⚠️ SELL 원익피앤이(217820) 재시도 1/3: Traceback (most recent call last):
  File "/home/hyunho/openclaw-setup/python-only/trade.py", line 137, in <module>
    main()
  File "/home/hyunho/op
💰 예수금: 9,317원
📊 원익피앤이(217820) 매도1호가: 3,060원 | 매수1호가: 3,050원
📌 SELL 지정가: 3,050원 × 3주
⚠️ SELL 원익피앤이(217820) 재시도 2/3: Traceback (most recent call last):
  File "/home/hyunho/openclaw-setup/python-only/trade.py", line 137, in <module>
    main()
  File "/home/hyunho/op
💰 예수금: 9,318원
📊 원익피앤이(217820) 매도1호가: 3,060원 | 매수1호가: 3,050원
📌 SELL 지정가: 3,050원 × 3주
⚠️ SELL 원익피앤이(217820) 재시도 3/3: Traceback (most recent call last):
  File "/home/hyunho/openclaw-setup/python-only/trade.py", line 137, in <module>
    main()
  File "/home/hyunho/op
🚨 [09:31:46] 에러 — SELL 원익피앤이(217820) 주문 실패
Traceback (most recent call last):
  File "/home/hyunho/openclaw-setup/python-only/trade.py", line 137, in <module>
    main()
  File "/home/hyunho/openclaw-setup/python-only/trade.py", line 131, in main
    result = send_signal(args.code, stock_name, args.action, args.confidence, args.reason, qty, 
✅ Discord 전송 완료
🟡 SELL(비상손절🔴) SK증권(001510) -14.7% [MA데드] 신뢰도0.9
💰 예수금: 9,318원
📊 SK증권(001510) 매도1호가: 3,940원 | 매수1호가: 3,935원
📌 SELL 지정가: 3,935원 × 1주
⚠️ SELL SK증권(001510) 재시도 1/3: Traceback (most recent call last):
  File "/home/hyunho/openclaw-setup/python-only/trade.py", line 137, in <module>
    main()
  File "/home/hyunho/op
💰 예수금: 9,318원
📊 SK증권(001510) 매도1호가: 3,935원 | 매수1호가: 3,930원
📌 SELL 지정가: 3,930원 × 1주
⚠️ SELL SK증권(001510) 재시도 2/3: Traceback (most recent call last):
  File "/home/hyunho/openclaw-setup/python-only/trade.py", line 137, in <module>
    main()
  File "/home/hyunho/op
💰 예수금: 9,318원
📊 SK증권(001510) 매도1호가: 3,935원 | 매수1호가: 3,925원
📌 SELL 지정가: 3,925원 × 1주
⚠️ SELL SK증권(001510) 재시도 3/3: Traceback (most recent call last):
  File "/home/hyunho/openclaw-setup/python-only/trade.py", line 137, in <module>
    main()
  File "/home/hyunho/op
🚨 [09:31:57] 에러 — SELL SK증권(001510) 주문 실패
Traceback (most recent call last):
  File "/home/hyunho/openclaw-setup/python-only/trade.py", line 137, in <module>
    main()
  File "/home/hyunho/openclaw-setup/python-only/trade.py", line 131, in main
    result = send_signal(args.code, stock_name, args.action, args.confidence, args.reason, qty, 
✅ Discord 전송 완료
⚠️  손실 주의 유진로봇(056080) -5.0% (비상손절 -5%)
📉 KODEX200 -1.9% 하락장 — 신규 매수 중단
→ 전종목 HOLD
✅ Discord 전송 완료

[09:30] HOLD | KODEX RSI69/-1.9% | 보유:SK증권(001510) -14.7% 유진로봇(056080) -5.0% 원익피앤(217820) -12.4% HPSP(403870) -0.4% | 💸예수금부족 | 최고신호 원익피앤이(217820) 3/2개 [RSI23 / 하락-3.6% / BB하단]
💰 예수금 9,318원 | KODEX200 RSI69/-2.4% 과열⚠️ | 매수기준 2개↑
📦 보유 SK증권(001510) 1주 -15.2% 🔴스탑로스임박
📦 보유 유진로봇(056080) 1주 -5.9% 🔴스탑로스임박
📦 보유 원익피앤이(217820) 3주 -12.4% 🔴스탑로스임박
📦 보유 HPSP(403870) 1주 -1.3%

코드      종목명           가격    RSI     변화율    거래량     BB   호가비  B/S
────────────────────────────────────────────────────────────────────────
[2단계 분석 대상: 001510, 056080, 217820, 403870, 066970, 051910, 068270, 034020, 012330]
403870  HPSP      52,200   14.8    +4.4%    0.4x     하단  0.95  2/1 [5분]
⛔ 아우토크립트(137040) 호가 없음 (거래정지 의심)
061250  화일약품       8,070    0.0    +0.0%    0.0x     중간  1.22  1/0 [일봉]
217820  원익피앤이      3,050   23.1    -4.4%    0.2x     하단  0.80  3/1 [5분]
001510  SK증권       3,920   24.1    -5.8%    0.1x     하단  1.53  4/1 [5분]
056080  유진로봇      25,700   15.0    -6.4%    0.4x     중간 14.99  3/1 [5분]
⛔ 금양(001570) 호가 없음 (거래정지 의심)

══════════════════════════════════════════════════
🟡 SELL(비상손절🔴) 원익피앤이(217820) -12.4% [MA데드] 신뢰도0.9
💰 예수금: 9,319원
📊 원익피앤이(217820) 매도1호가: 3,040원 | 매수1호가: 3,030원
📌 SELL 지정가: 3,030원 × 3주
⚠️ SELL 원익피앤이(217820) 재시도 1/3: Traceback (most recent call last):
  File "/home/hyunho/openclaw-setup/python-only/trade.py", line 137, in <module>
    main()
  File "/home/hyunho/op
💰 예수금: 9,319원
📊 원익피앤이(217820) 매도1호가: 3,040원 | 매수1호가: 3,030원
📌 SELL 지정가: 3,030원 × 3주
⚠️ SELL 원익피앤이(217820) 재시도 2/3: Traceback (most recent call last):
  File "/home/hyunho/openclaw-setup/python-only/trade.py", line 137, in <module>
    main()
  File "/home/hyunho/op
💰 예수금: 9,319원
📊 원익피앤이(217820) 매도1호가: 3,040원 | 매수1호가: 3,035원
📌 SELL 지정가: 3,035원 × 3주
⚠️ SELL 원익피앤이(217820) 재시도 3/3: Traceback (most recent call last):
  File "/home/hyunho/openclaw-setup/python-only/trade.py", line 137, in <module>
    main()
  File "/home/hyunho/op
🚨 [09:33:35] 에러 — SELL 원익피앤이(217820) 주문 실패
Traceback (most recent call last):
  File "/home/hyunho/openclaw-setup/python-only/trade.py", line 137, in <module>
    main()
  File "/home/hyunho/openclaw-setup/python-only/trade.py", line 131, in main
    result = send_signal(args.code, stock_name, args.action, args.confidence, args.reason, qty, 
✅ Discord 전송 완료
🟡 SELL(비상손절🔴) SK증권(001510) -15.2% [MA데드] 신뢰도0.9
💰 예수금: 9,318원
📊 SK증권(001510) 매도1호가: 3,920원 | 매수1호가: 3,915원
📌 SELL 지정가: 3,915원 × 1주
⚠️ SELL SK증권(001510) 재시도 1/3: Traceback (most recent call last):
  File "/home/hyunho/openclaw-setup/python-only/trade.py", line 137, in <module>
    main()
  File "/home/hyunho/op
💰 예수금: 9,319원
📊 SK증권(001510) 매도1호가: 3,920원 | 매수1호가: 3,915원
📌 SELL 지정가: 3,915원 × 1주
⚠️ SELL SK증권(001510) 재시도 2/3: Traceback (most recent call last):
  File "/home/hyunho/openclaw-setup/python-only/trade.py", line 137, in <module>
    main()
  File "/home/hyunho/op
💰 예수금: 9,319원
📊 SK증권(001510) 매도1호가: 3,915원 | 매수1호가: 3,910원
📌 SELL 지정가: 3,910원 × 1주
⚠️ SELL SK증권(001510) 재시도 3/3: Traceback (most recent call last):
  File "/home/hyunho/openclaw-setup/python-only/trade.py", line 137, in <module>
    main()
  File "/home/hyunho/op
🚨 [09:33:46] 에러 — SELL SK증권(001510) 주문 실패
Traceback (most recent call last):
  File "/home/hyunho/openclaw-setup/python-only/trade.py", line 137, in <module>
    main()
  File "/home/hyunho/openclaw-setup/python-only/trade.py", line 131, in main
    result = send_signal(args.code, stock_name, args.action, args.confidence, args.reason, qty, 
✅ Discord 전송 완료
🟡 SELL(비상손절🔴) 유진로봇(056080) -5.9% [MA데드] 신뢰도0.9
💰 예수금: 9,318원
📊 유진로봇(056080) 매도1호가: 25,600원 | 매수1호가: 25,550원
📌 SELL 지정가: 25,550원 × 1주
⚠️ SELL 유진로봇(056080) 재시도 1/3: Traceback (most recent call last):
  File "/home/hyunho/openclaw-setup/python-only/trade.py", line 137, in <module>
    main()
  File "/home/hyunho/op
💰 예수금: 9,318원
📊 유진로봇(056080) 매도1호가: 25,650원 | 매수1호가: 25,550원
📌 SELL 지정가: 25,550원 × 1주
⚠️ SELL 유진로봇(056080) 재시도 2/3: Traceback (most recent call last):
  File "/home/hyunho/openclaw-setup/python-only/trade.py", line 137, in <module>
    main()
  File "/home/hyunho/op
💰 예수금: 9,318원
📊 유진로봇(056080) 매도1호가: 25,550원 | 매수1호가: 25,500원
📌 SELL 지정가: 25,500원 × 1주
⚠️ SELL 유진로봇(056080) 재시도 3/3: Traceback (most recent call last):
  File "/home/hyunho/openclaw-setup/python-only/trade.py", line 137, in <module>
    main()
  File "/home/hyunho/op
🚨 [09:33:57] 에러 — SELL 유진로봇(056080) 주문 실패
Traceback (most recent call last):
  File "/home/hyunho/openclaw-setup/python-only/trade.py", line 137, in <module>
    main()
  File "/home/hyunho/openclaw-setup/python-only/trade.py", line 131, in main
    result = send_signal(args.code, stock_name, args.action, args.confidence, args.reason, qty, 
✅ Discord 전송 완료
📉 KODEX200 -2.4% 하락장 — 신규 매수 중단
→ 전종목 HOLD
✅ Discord 전송 완료

[09:32] HOLD | KODEX RSI69/-2.4%⚠️ | 보유:SK증권(001510) -15.2% 유진로봇(056080) -5.9% 원익피앤(217820) -12.4% HPSP(403870) -1.3% | 💸예수금부족 | 최고신호 SK증권(001510) 4/2개 [RSI24 / 하락-5.8% / BB하단 / 호가1.5]
💰 예수금 9,318원 | KODEX200 RSI68/-3.0% 과열⚠️ | 매수기준 2개↑
📦 보유 SK증권(001510) 1주 -15.8% 🔴스탑로스임박
📦 보유 유진로봇(056080) 1주 -6.6% 🔴스탑로스임박
📦 보유 원익피앤이(217820) 3주 -13.2% 🔴스탑로스임박
📦 보유 HPSP(403870) 1주 -1.9%

코드      종목명           가격    RSI     변화율    거래량     BB   호가비  B/S
────────────────────────────────────────────────────────────────────────
[2단계 분석 대상: 001510, 056080, 217820, 403870, 051910, 068270, 079550, 247540, 003670]
403870  HPSP      51,700   16.7    +3.6%    0.4x     하단  1.51  3/1 [5분]
⛔ 아우토크립트(137040) 호가 없음 (거래정지 의심)
061250  화일약품       8,060    0.0    +0.0%    0.0x     중간  1.54  1/0 [일봉]
217820  원익피앤이      3,025   23.1    -5.0%    0.2x     하단  1.64  4/1 [5분]
001510  SK증권       3,915   13.2    -6.0%    0.1x     하단  4.73  4/1 [5분]
056080  유진로봇      25,350    7.0    -7.8%    0.4x     중간  9.14  3/1 [5분]
⛔ 금양(001570) 호가 없음 (거래정지 의심)

══════════════════════════════════════════════════
🟡 SELL(비상손절🔴) 원익피앤이(217820) -13.2% [MA데드] 신뢰도0.9
💰 예수금: 9,321원
📊 원익피앤이(217820) 매도1호가: 3,020원 | 매수1호가: 3,010원
📌 SELL 지정가: 3,010원 × 3주
⚠️ SELL 원익피앤이(217820) 재시도 1/3: Traceback (most recent call last):
  File "/home/hyunho/openclaw-setup/python-only/trade.py", line 137, in <module>
    main()
  File "/home/hyunho/op
💰 예수금: 9,321원
📊 원익피앤이(217820) 매도1호가: 3,020원 | 매수1호가: 3,010원
📌 SELL 지정가: 3,010원 × 3주
⚠️ SELL 원익피앤이(217820) 재시도 2/3: Traceback (most recent call last):
  File "/home/hyunho/openclaw-setup/python-only/trade.py", line 137, in <module>
    main()
  File "/home/hyunho/op
💰 예수금: 9,320원
📊 원익피앤이(217820) 매도1호가: 3,020원 | 매수1호가: 3,010원
📌 SELL 지정가: 3,010원 × 3주
⚠️ SELL 원익피앤이(217820) 재시도 3/3: Traceback (most recent call last):
  File "/home/hyunho/openclaw-setup/python-only/trade.py", line 137, in <module>
    main()
  File "/home/hyunho/op
🚨 [09:35:36] 에러 — SELL 원익피앤이(217820) 주문 실패
Traceback (most recent call last):
  File "/home/hyunho/openclaw-setup/python-only/trade.py", line 137, in <module>
    main()
  File "/home/hyunho/openclaw-setup/python-only/trade.py", line 131, in main
    result = send_signal(args.code, stock_name, args.action, args.confidence, args.reason, qty, 
✅ Discord 전송 완료
🟡 SELL(비상손절🔴) SK증권(001510) -15.8% [MA데드] 신뢰도0.9
💰 예수금: 9,320원
📊 SK증권(001510) 매도1호가: 3,910원 | 매수1호가: 3,905원
📌 SELL 지정가: 3,905원 × 1주
⚠️ SELL SK증권(001510) 재시도 1/3: Traceback (most recent call last):
  File "/home/hyunho/openclaw-setup/python-only/trade.py", line 137, in <module>
    main()
  File "/home/hyunho/op
💰 예수금: 9,320원
📊 SK증권(001510) 매도1호가: 3,925원 | 매수1호가: 3,915원
📌 SELL 지정가: 3,915원 × 1주
⚠️ SELL SK증권(001510) 재시도 2/3: Traceback (most recent call last):
  File "/home/hyunho/openclaw-setup/python-only/trade.py", line 137, in <module>
    main()
  File "/home/hyunho/op
💰 예수금: 9,320원
📊 SK증권(001510) 매도1호가: 3,930원 | 매수1호가: 3,915원
📌 SELL 지정가: 3,915원 × 1주
⚠️ SELL SK증권(001510) 재시도 3/3: Traceback (most recent call last):
  File "/home/hyunho/openclaw-setup/python-only/trade.py", line 137, in <module>
    main()
  File "/home/hyunho/op
🚨 [09:35:47] 에러 — SELL SK증권(001510) 주문 실패
Traceback (most recent call last):
  File "/home/hyunho/openclaw-setup/python-only/trade.py", line 137, in <module>
    main()
  File "/home/hyunho/openclaw-setup/python-only/trade.py", line 131, in main
    result = send_signal(args.code, stock_name, args.action, args.confidence, args.reason, qty, 
✅ Discord 전송 완료
🟡 SELL(비상손절🔴) 유진로봇(056080) -6.6% [MA데드] 신뢰도0.9
💰 예수금: 9,320원
📊 유진로봇(056080) 매도1호가: 25,350원 | 매수1호가: 25,300원
📌 SELL 지정가: 25,300원 × 1주
⚠️ SELL 유진로봇(056080) 재시도 1/3: Traceback (most recent call last):
  File "/home/hyunho/openclaw-setup/python-only/trade.py", line 137, in <module>
    main()
  File "/home/hyunho/op
💰 예수금: 9,320원
📊 유진로봇(056080) 매도1호가: 25,400원 | 매수1호가: 25,350원
📌 SELL 지정가: 25,350원 × 1주
⚠️ SELL 유진로봇(056080) 재시도 2/3: Traceback (most recent call last):
  File "/home/hyunho/openclaw-setup/python-only/trade.py", line 137, in <module>
    main()
  File "/home/hyunho/op
💰 예수금: 9,320원
📊 유진로봇(056080) 매도1호가: 25,400원 | 매수1호가: 25,350원
📌 SELL 지정가: 25,350원 × 1주
⚠️ SELL 유진로봇(056080) 재시도 3/3: Traceback (most recent call last):
  File "/home/hyunho/openclaw-setup/python-only/trade.py", line 137, in <module>
    main()
  File "/home/hyunho/op
🚨 [09:35:58] 에러 — SELL 유진로봇(056080) 주문 실패
Traceback (most recent call last):
  File "/home/hyunho/openclaw-setup/python-only/trade.py", line 137, in <module>
    main()
  File "/home/hyunho/openclaw-setup/python-only/trade.py", line 131, in main
    result = send_signal(args.code, stock_name, args.action, args.confidence, args.reason, qty, 
✅ Discord 전송 완료
📉 KODEX200 -3.0% 하락장 — 신규 매수 중단
→ 전종목 HOLD
✅ Discord 전송 완료

[09:34] HOLD | KODEX RSI68/-3.0%⚠️ | 보유:SK증권(001510) -15.8% 유진로봇(056080) -6.6% 원익피앤(217820) -13.2% HPSP(403870) -1.9% | 💸예수금부족 | 최고신호 원익피앤이(217820) 4/2개 [RSI23 / 하락-5.0% / BB하단 / 호가1.6]
💰 예수금 9,320원 | KODEX200 RSI68/-2.9% 과열⚠️ | 매수기준 2개↑
📦 보유 SK증권(001510) 1주 -15.4% 🔴스탑로스임박
📦 보유 유진로봇(056080) 1주 -7.1% 🔴스탑로스임박
📦 보유 원익피앤이(217820) 3주 -13.8% 🔴스탑로스임박
📦 보유 HPSP(403870) 1주 -2.6% ⚠️주의

코드      종목명           가격    RSI     변화율    거래량     BB   호가비  B/S
────────────────────────────────────────────────────────────────────────
[2단계 분석 대상: 001510, 056080, 217820, 403870, 068270, 051910, 015760, 035420, 012450]
403870  HPSP      51,500   16.7    +3.8%    0.4x     하단  2.84  3/1 [5분]
⛔ 아우토크립트(137040) 호가 없음 (거래정지 의심)
061250  화일약품       8,060    0.0    +0.0%    0.0x     중간  1.58  1/0 [일봉]
217820  원익피앤이      3,025   45.2    -5.2%    0.2x     하단  2.27  4/1 [5분]
001510  SK증권       3,950   13.2    -4.9%    0.1x     하단  0.71  3/1 [5분]
056080  유진로봇      25,400    7.0    -7.5%    0.4x     중간 18.36  3/1 [5분]
⛔ 금양(001570) 호가 없음 (거래정지 의심)

══════════════════════════════════════════════════
🟡 SELL(비상손절🔴) 원익피앤이(217820) -13.8% [MA데드] 신뢰도0.9
💰 예수금: 9,321원
📊 원익피앤이(217820) 매도1호가: 3,025원 | 매수1호가: 3,010원
📌 SELL 지정가: 3,010원 × 3주
⚠️ SELL 원익피앤이(217820) 재시도 1/3: Traceback (most recent call last):
  File "/home/hyunho/openclaw-setup/python-only/trade.py", line 137, in <module>
    main()
  File "/home/hyunho/op
💰 예수금: 9,321원
📊 원익피앤이(217820) 매도1호가: 3,025원 | 매수1호가: 3,010원
📌 SELL 지정가: 3,010원 × 3주
⚠️ SELL 원익피앤이(217820) 재시도 2/3: Traceback (most recent call last):
  File "/home/hyunho/openclaw-setup/python-only/trade.py", line 137, in <module>
    main()
  File "/home/hyunho/op
💰 예수금: 9,321원
📊 원익피앤이(217820) 매도1호가: 3,025원 | 매수1호가: 3,010원
📌 SELL 지정가: 3,010원 × 3주
⚠️ SELL 원익피앤이(217820) 재시도 3/3: Traceback (most recent call last):
  File "/home/hyunho/openclaw-setup/python-only/trade.py", line 137, in <module>
    main()
  File "/home/hyunho/op
🚨 [09:37:34] 에러 — SELL 원익피앤이(217820) 주문 실패
Traceback (most recent call last):
  File "/home/hyunho/openclaw-setup/python-only/trade.py", line 137, in <module>
    main()
  File "/home/hyunho/openclaw-setup/python-only/trade.py", line 131, in main
    result = send_signal(args.code, stock_name, args.action, args.confidence, args.reason, qty, 
✅ Discord 전송 완료
🟡 SELL(비상손절🔴) SK증권(001510) -15.4% [MA데드] 신뢰도0.9
💰 예수금: 9,321원
📊 SK증권(001510) 매도1호가: 3,950원 | 매수1호가: 3,945원
📌 SELL 지정가: 3,945원 × 1주
⚠️ SELL SK증권(001510) 재시도 1/3: Traceback (most recent call last):
  File "/home/hyunho/openclaw-setup/python-only/trade.py", line 137, in <module>
    main()
  File "/home/hyunho/op
💰 예수금: 9,321원
📊 SK증권(001510) 매도1호가: 3,945원 | 매수1호가: 3,940원
📌 SELL 지정가: 3,940원 × 1주
⚠️ SELL SK증권(001510) 재시도 2/3: Traceback (most recent call last):
  File "/home/hyunho/openclaw-setup/python-only/trade.py", line 137, in <module>
    main()
  File "/home/hyunho/op
💰 예수금: 9,321원
📊 SK증권(001510) 매도1호가: 3,950원 | 매수1호가: 3,945원
📌 SELL 지정가: 3,945원 × 1주
⚠️ SELL SK증권(001510) 재시도 3/3: Traceback (most recent call last):
  File "/home/hyunho/openclaw-setup/python-only/trade.py", line 137, in <module>
    main()
  File "/home/hyunho/op
🚨 [09:37:45] 에러 — SELL SK증권(001510) 주문 실패
Traceback (most recent call last):
  File "/home/hyunho/openclaw-setup/python-only/trade.py", line 137, in <module>
    main()
  File "/home/hyunho/openclaw-setup/python-only/trade.py", line 131, in main
    result = send_signal(args.code, stock_name, args.action, args.confidence, args.reason, qty, 
✅ Discord 전송 완료
🟡 SELL(비상손절🔴) 유진로봇(056080) -7.1% [MA데드] 신뢰도0.9
💰 예수금: 9,321원
📊 유진로봇(056080) 매도1호가: 25,400원 | 매수1호가: 25,350원
📌 SELL 지정가: 25,350원 × 1주
⚠️ SELL 유진로봇(056080) 재시도 1/3: Traceback (most recent call last):
  File "/home/hyunho/openclaw-setup/python-only/trade.py", line 137, in <module>
    main()
  File "/home/hyunho/op
💰 예수금: 9,321원
📊 유진로봇(056080) 매도1호가: 25,400원 | 매수1호가: 25,350원
📌 SELL 지정가: 25,350원 × 1주
⚠️ SELL 유진로봇(056080) 재시도 2/3: Traceback (most recent call last):
  File "/home/hyunho/openclaw-setup/python-only/trade.py", line 137, in <module>
    main()
  File "/home/hyunho/op
💰 예수금: 9,321원
📊 유진로봇(056080) 매도1호가: 25,450원 | 매수1호가: 25,400원
📌 SELL 지정가: 25,400원 × 1주
⚠️ SELL 유진로봇(056080) 재시도 3/3: Traceback (most recent call last):
  File "/home/hyunho/openclaw-setup/python-only/trade.py", line 137, in <module>
    main()
  File "/home/hyunho/op
🚨 [09:37:56] 에러 — SELL 유진로봇(056080) 주문 실패
Traceback (most recent call last):
  File "/home/hyunho/openclaw-setup/python-only/trade.py", line 137, in <module>
    main()
  File "/home/hyunho/openclaw-setup/python-only/trade.py", line 131, in main
    result = send_signal(args.code, stock_name, args.action, args.confidence, args.reason, qty, 
✅ Discord 전송 완료
📉 KODEX200 -2.9% 하락장 — 신규 매수 중단
→ 전종목 HOLD
✅ Discord 전송 완료

[09:36] HOLD | KODEX RSI68/-2.9%⚠️ | 보유:SK증권(001510) -15.4% 유진로봇(056080) -7.1% 원익피앤(217820) -13.8% HPSP(403870) -2.6% | 💸예수금부족 | 최고신호 원익피앤이(217820) 4/2개 [RSI45 / 하락-5.2% / BB하단 / 호가2.3]
💰 예수금 9,320원 | KODEX200 RSI69/-2.1% 과열⚠️ | 매수기준 2개↑
📦 보유 SK증권(001510) 1주 -14.9% 🔴스탑로스임박
📦 보유 유진로봇(056080) 1주 -6.8% 🔴스탑로스임박
📦 보유 원익피앤이(217820) 3주 -13.4% 🔴스탑로스임박
📦 보유 HPSP(403870) 1주 -3.0% ⚠️주의

코드      종목명           가격    RSI     변화율    거래량     BB   호가비  B/S
────────────────────────────────────────────────────────────────────────
[2단계 분석 대상: 001510, 056080, 217820, 403870, 247540, 207940, 003670, 058470, 012330]
403870  HPSP      51,400   16.7    +3.2%    0.4x     하단  2.16  3/1 [5분]
⛔ 아우토크립트(137040) 호가 없음 (거래정지 의심)
061250  화일약품       8,000    0.0    +0.0%    0.0x     중간  0.39  0/0 [일봉]
217820  원익피앤이      3,025   45.2    -4.7%    0.2x     하단  1.51  4/1 [5분]
001510  SK증권       3,945   13.2    -5.2%    0.1x     하단  0.60  3/1 [5분]
056080  유진로봇      25,400    7.0    -7.5%    0.5x     중간 16.73  3/1 [5분]
⛔ 금양(001570) 호가 없음 (거래정지 의심)

══════════════════════════════════════════════════
🟡 SELL(비상손절🔴) 원익피앤이(217820) -13.4% [MA데드] 신뢰도0.9
💰 예수금: 9,321원
📊 원익피앤이(217820) 매도1호가: 3,025원 | 매수1호가: 3,015원
📌 SELL 지정가: 3,015원 × 3주
⚠️ SELL 원익피앤이(217820) 재시도 1/3: Traceback (most recent call last):
  File "/home/hyunho/openclaw-setup/python-only/trade.py", line 137, in <module>
    main()
  File "/home/hyunho/op
💰 예수금: 9,321원
📊 원익피앤이(217820) 매도1호가: 3,025원 | 매수1호가: 3,015원
📌 SELL 지정가: 3,015원 × 3주
⚠️ SELL 원익피앤이(217820) 재시도 2/3: Traceback (most recent call last):
  File "/home/hyunho/openclaw-setup/python-only/trade.py", line 137, in <module>
    main()
  File "/home/hyunho/op
💰 예수금: 9,321원
📊 원익피앤이(217820) 매도1호가: 3,025원 | 매수1호가: 3,015원
📌 SELL 지정가: 3,015원 × 3주
⚠️ SELL 원익피앤이(217820) 재시도 3/3: Traceback (most recent call last):
  File "/home/hyunho/openclaw-setup/python-only/trade.py", line 137, in <module>
    main()
  File "/home/hyunho/op
🚨 [09:39:35] 에러 — SELL 원익피앤이(217820) 주문 실패
Traceback (most recent call last):
  File "/home/hyunho/openclaw-setup/python-only/trade.py", line 137, in <module>
    main()
  File "/home/hyunho/openclaw-setup/python-only/trade.py", line 131, in main
    result = send_signal(args.code, stock_name, args.action, args.confidence, args.reason, qty, 
✅ Discord 전송 완료
🟡 SELL(비상손절🔴) SK증권(001510) -14.9% [MA데드] 신뢰도0.9
💰 예수금: 9,321원
📊 SK증권(001510) 매도1호가: 3,940원 | 매수1호가: 3,935원
📌 SELL 지정가: 3,935원 × 1주
⚠️ SELL SK증권(001510) 재시도 1/3: Traceback (most recent call last):
  File "/home/hyunho/openclaw-setup/python-only/trade.py", line 137, in <module>
    main()
  File "/home/hyunho/op
💰 예수금: 9,321원
📊 SK증권(001510) 매도1호가: 3,940원 | 매수1호가: 3,935원
📌 SELL 지정가: 3,935원 × 1주
⚠️ SELL SK증권(001510) 재시도 2/3: Traceback (most recent call last):
  File "/home/hyunho/openclaw-setup/python-only/trade.py", line 137, in <module>
    main()
  File "/home/hyunho/op
💰 예수금: 9,321원
📊 SK증권(001510) 매도1호가: 3,940원 | 매수1호가: 3,935원
📌 SELL 지정가: 3,935원 × 1주
⚠️ SELL SK증권(001510) 재시도 3/3: Traceback (most recent call last):
  File "/home/hyunho/openclaw-setup/python-only/trade.py", line 137, in <module>
    main()
  File "/home/hyunho/op
🚨 [09:39:46] 에러 — SELL SK증권(001510) 주문 실패
Traceback (most recent call last):
  File "/home/hyunho/openclaw-setup/python-only/trade.py", line 137, in <module>
    main()
  File "/home/hyunho/openclaw-setup/python-only/trade.py", line 131, in main
    result = send_signal(args.code, stock_name, args.action, args.confidence, args.reason, qty, 
✅ Discord 전송 완료
🟡 SELL(비상손절🔴) 유진로봇(056080) -6.8% [MA데드] 신뢰도0.9
💰 예수금: 9,321원
📊 유진로봇(056080) 매도1호가: 25,350원 | 매수1호가: 25,300원
📌 SELL 지정가: 25,300원 × 1주
⚠️ SELL 유진로봇(056080) 재시도 1/3: Traceback (most recent call last):
  File "/home/hyunho/openclaw-setup/python-only/trade.py", line 137, in <module>
    main()
  File "/home/hyunho/op
💰 예수금: 9,321원
📊 유진로봇(056080) 매도1호가: 25,350원 | 매수1호가: 25,300원
📌 SELL 지정가: 25,300원 × 1주
⚠️ SELL 유진로봇(056080) 재시도 2/3: Traceback (most recent call last):
  File "/home/hyunho/openclaw-setup/python-only/trade.py", line 137, in <module>
    main()
  File "/home/hyunho/op
💰 예수금: 9,321원
📊 유진로봇(056080) 매도1호가: 25,400원 | 매수1호가: 25,350원
📌 SELL 지정가: 25,350원 × 1주
⚠️ SELL 유진로봇(056080) 재시도 3/3: Traceback (most recent call last):
  File "/home/hyunho/openclaw-setup/python-only/trade.py", line 137, in <module>
    main()
  File "/home/hyunho/op
🚨 [09:39:57] 에러 — SELL 유진로봇(056080) 주문 실패
Traceback (most recent call last):
  File "/home/hyunho/openclaw-setup/python-only/trade.py", line 137, in <module>
    main()
  File "/home/hyunho/openclaw-setup/python-only/trade.py", line 131, in main
    result = send_signal(args.code, stock_name, args.action, args.confidence, args.reason, qty, 
✅ Discord 전송 완료
📉 KODEX200 -2.1% 하락장 — 신규 매수 중단
→ 전종목 HOLD
✅ Discord 전송 완료

[09:38] HOLD | KODEX RSI69/-2.1%⚠️ | 보유:SK증권(001510) -14.9% 유진로봇(056080) -6.8% 원익피앤(217820) -13.4% HPSP(403870) -3.0% | 💸예수금부족 | 최고신호 원익피앤이(217820) 4/2개 [RSI45 / 하락-4.7% / BB하단 / 호가1.5]
💰 예수금 9,321원 | KODEX200 RSI69/-2.3% 과열⚠️ | 매수기준 2개↑
📦 보유 SK증권(001510) 1주 -15.1% 🔴스탑로스임박
📦 보유 유진로봇(056080) 1주 -7.3% 🔴스탑로스임박
📦 보유 원익피앤이(217820) 3주 -13.4% 🔴스탑로스임박
📦 보유 HPSP(403870) 1주 -3.4% ⚠️주의

코드      종목명           가격    RSI     변화율    거래량     BB   호가비  B/S
────────────────────────────────────────────────────────────────────────
[2단계 분석 대상: 001510, 056080, 217820, 403870, 035420, 042700, 035720, 012330, 247540]
403870  HPSP      51,200   14.8    +2.4%    0.4x     하단  1.29  3/1 [5분]
⛔ 아우토크립트(137040) 호가 없음 (거래정지 의심)
061250  화일약품       7,990    0.0    +0.0%    0.0x     중간  0.11  0/0 [일봉]
217820  원익피앤이      3,030   37.8    -4.7%    0.2x     하단  1.15  3/1 [5분]
001510  SK증권       3,940   45.1    -5.3%    0.1x     하단  0.76  3/1 [5분]
056080  유진로봇      25,100    6.4    -8.6%    0.5x     중간  6.03  3/1 [5분]
⛔ 금양(001570) 호가 없음 (거래정지 의심)

══════════════════════════════════════════════════
🟡 SELL(비상손절🔴) 원익피앤이(217820) -13.4% [MA데드] 신뢰도0.9
💰 예수금: 9,322원
📊 원익피앤이(217820) 매도1호가: 3,030원 | 매수1호가: 3,020원
📌 SELL 지정가: 3,020원 × 3주
⚠️ SELL 원익피앤이(217820) 재시도 1/3: ❌ 서버 오류 403: {"detail":"허용되지 않은 IP입니다: 125.184.156.223"}
💰 예수금: 9,322원
📊 원익피앤이(217820) 매도1호가: 3,030원 | 매수1호가: 3,020원
📌 SELL 지정가: 3,020원 × 3주
⚠️ SELL 원익피앤이(217820) 재시도 2/3: ❌ 서버 오류 403: {"detail":"허용되지 않은 IP입니다: 125.184.156.223"}
💰 예수금: 9,322원
📊 원익피앤이(217820) 매도1호가: 3,030원 | 매수1호가: 3,020원
📌 SELL 지정가: 3,020원 × 3주
⚠️ SELL 원익피앤이(217820) 재시도 3/3: ❌ 서버 오류 403: {"detail":"허용되지 않은 IP입니다: 125.184.156.223"}
🚨 [09:41:35] 에러 — SELL 원익피앤이(217820) 주문 실패
❌ 서버 오류 403: {"detail":"허용되지 않은 IP입니다: 125.184.156.223"}
✅ Discord 전송 완료
🟡 SELL(비상손절🔴) SK증권(001510) -15.1% [MA데드] 신뢰도0.9
💰 예수금: 9,322원
📊 SK증권(001510) 매도1호가: 3,930원 | 매수1호가: 3,915원
📌 SELL 지정가: 3,915원 × 1주
⚠️ SELL SK증권(001510) 재시도 1/3: ❌ 서버 오류 403: {"detail":"허용되지 않은 IP입니다: 125.184.156.223"}
💰 예수금: 9,322원
📊 SK증권(001510) 매도1호가: 3,915원 | 매수1호가: 3,910원
📌 SELL 지정가: 3,910원 × 1주
⚠️ SELL SK증권(001510) 재시도 2/3: ❌ 서버 오류 403: {"detail":"허용되지 않은 IP입니다: 125.184.156.223"}
💰 예수금: 9,322원
📊 SK증권(001510) 매도1호가: 3,915원 | 매수1호가: 3,910원
📌 SELL 지정가: 3,910원 × 1주
⚠️ SELL SK증권(001510) 재시도 3/3: ❌ 서버 오류 403: {"detail":"허용되지 않은 IP입니다: 125.184.156.223"}
🚨 [09:41:46] 에러 — SELL SK증권(001510) 주문 실패
❌ 서버 오류 403: {"detail":"허용되지 않은 IP입니다: 125.184.156.223"}
✅ Discord 전송 완료
🟡 SELL(비상손절🔴) 유진로봇(056080) -7.3% [MA데드] 신뢰도0.9
💰 예수금: 9,322원
📊 유진로봇(056080) 매도1호가: 25,050원 | 매수1호가: 25,000원
📌 SELL 지정가: 25,000원 × 1주
⚠️ SELL 유진로봇(056080) 재시도 1/3: ❌ 서버 오류 403: {"detail":"허용되지 않은 IP입니다: 125.184.156.223"}
💰 예수금: 9,322원
📊 유진로봇(056080) 매도1호가: 25,100원 | 매수1호가: 25,050원
📌 SELL 지정가: 25,050원 × 1주
⚠️ SELL 유진로봇(056080) 재시도 2/3: ❌ 서버 오류 403: {"detail":"허용되지 않은 IP입니다: 125.184.156.223"}
💰 예수금: 9,322원
📊 유진로봇(056080) 매도1호가: 25,100원 | 매수1호가: 25,050원
📌 SELL 지정가: 25,050원 × 1주
⚠️ SELL 유진로봇(056080) 재시도 3/3: ❌ 서버 오류 403: {"detail":"허용되지 않은 IP입니다: 125.184.156.223"}
🚨 [09:41:57] 에러 — SELL 유진로봇(056080) 주문 실패
❌ 서버 오류 403: {"detail":"허용되지 않은 IP입니다: 125.184.156.223"}
✅ Discord 전송 완료
📉 KODEX200 -2.3% 하락장 — 신규 매수 중단
→ 전종목 HOLD
✅ Discord 전송 완료

[09:40] HOLD | KODEX RSI69/-2.3%⚠️ | 보유:SK증권(001510) -15.1% 유진로봇(056080) -7.3% 원익피앤(217820) -13.4% HPSP(403870) -3.4% | 💸예수금부족 | 최고신호 HPSP(403870) 3/2개 [RSI15 / BB하단 / 호가1.3]
💰 예수금 9,322원 | KODEX200 RSI67/-3.2% 과열⚠️ | 매수기준 2개↑
📦 보유 SK증권(001510) 1주 -15.8% 🔴스탑로스임박
📦 보유 유진로봇(056080) 1주 -8.2% 🔴스탑로스임박
📦 보유 원익피앤이(217820) 3주 -13.7% 🔴스탑로스임박
📦 보유 HPSP(403870) 1주 -4.0% 🔴스탑로스임박

코드      종목명           가격    RSI     변화율    거래량     BB   호가비  B/S
────────────────────────────────────────────────────────────────────────
[2단계 분석 대상: 001510, 056080, 217820, 403870, 051910, 015760, 012450, 035720, 000270]
403870  HPSP      50,700   14.8    +2.2%    0.4x     하단  3.64  3/1 [5분]
⛔ 아우토크립트(137040) 호가 없음 (거래정지 의심)
061250  화일약품       7,990    0.0    +0.0%    0.0x     중간  2.38  1/0 [일봉]
217820  원익피앤이      3,015   37.8    -5.2%    0.2x     하단  1.70  4/1 [5분]
001510  SK증권       3,915   45.1    -6.0%    0.1x     하단  3.12  4/1 [5분]
056080  유진로봇      24,950    6.4    -9.1%    0.5x     중간  3.43  3/1 [5분]
⛔ 금양(001570) 호가 없음 (거래정지 의심)

══════════════════════════════════════════════════
⚠️  손실 주의 HPSP(403870) -4.0% (비상손절 -5%)
🟡 SELL(비상손절🔴) 원익피앤이(217820) -13.7% [MA데드] 신뢰도0.9
💰 예수금: 9,324원
📊 원익피앤이(217820) 매도1호가: 3,000원 | 매수1호가: 2,995원
📌 SELL 지정가: 2,995원 × 3주
⚠️ SELL 원익피앤이(217820) 재시도 1/3: ❌ 서버 오류 403: {"detail":"허용되지 않은 IP입니다: 125.184.156.223"}
💰 예수금: 9,324원
📊 원익피앤이(217820) 매도1호가: 3,000원 | 매수1호가: 2,995원
📌 SELL 지정가: 2,995원 × 3주
⚠️ SELL 원익피앤이(217820) 재시도 2/3: ❌ 서버 오류 403: {"detail":"허용되지 않은 IP입니다: 125.184.156.223"}
💰 예수금: 9,324원
📊 원익피앤이(217820) 매도1호가: 3,000원 | 매수1호가: 2,995원
📌 SELL 지정가: 2,995원 × 3주
⚠️ SELL 원익피앤이(217820) 재시도 3/3: ❌ 서버 오류 403: {"detail":"허용되지 않은 IP입니다: 125.184.156.223"}
🚨 [09:43:35] 에러 — SELL 원익피앤이(217820) 주문 실패
❌ 서버 오류 403: {"detail":"허용되지 않은 IP입니다: 125.184.156.223"}
✅ Discord 전송 완료
🟡 SELL(비상손절🔴) SK증권(001510) -15.8% [MA데드] 신뢰도0.9
💰 예수금: 9,324원
📊 SK증권(001510) 매도1호가: 3,910원 | 매수1호가: 3,900원
📌 SELL 지정가: 3,900원 × 1주
⚠️ SELL SK증권(001510) 재시도 1/3: ❌ 서버 오류 403: {"detail":"허용되지 않은 IP입니다: 125.184.156.223"}
💰 예수금: 9,324원
📊 SK증권(001510) 매도1호가: 3,910원 | 매수1호가: 3,900원
📌 SELL 지정가: 3,900원 × 1주
⚠️ SELL SK증권(001510) 재시도 2/3: ❌ 서버 오류 403: {"detail":"허용되지 않은 IP입니다: 125.184.156.223"}
💰 예수금: 9,324원
📊 SK증권(001510) 매도1호가: 3,910원 | 매수1호가: 3,900원
📌 SELL 지정가: 3,900원 × 1주
⚠️ SELL SK증권(001510) 재시도 3/3: ❌ 서버 오류 403: {"detail":"허용되지 않은 IP입니다: 125.184.156.223"}
🚨 [09:43:45] 에러 — SELL SK증권(001510) 주문 실패
❌ 서버 오류 403: {"detail":"허용되지 않은 IP입니다: 125.184.156.223"}
✅ Discord 전송 완료
🟡 SELL(비상손절🔴) 유진로봇(056080) -8.2% [MA데드] 신뢰도0.9
💰 예수금: 9,324원
📊 유진로봇(056080) 매도1호가: 24,950원 | 매수1호가: 24,900원
📌 SELL 지정가: 24,900원 × 1주
⚠️ SELL 유진로봇(056080) 재시도 1/3: ❌ 서버 오류 403: {"detail":"허용되지 않은 IP입니다: 125.184.156.223"}
💰 예수금: 9,324원
📊 유진로봇(056080) 매도1호가: 24,950원 | 매수1호가: 24,900원
📌 SELL 지정가: 24,900원 × 1주
⚠️ SELL 유진로봇(056080) 재시도 2/3: ❌ 서버 오류 403: {"detail":"허용되지 않은 IP입니다: 125.184.156.223"}
💰 예수금: 9,323원
📊 유진로봇(056080) 매도1호가: 24,950원 | 매수1호가: 24,900원
📌 SELL 지정가: 24,900원 × 1주
⚠️ SELL 유진로봇(056080) 재시도 3/3: ❌ 서버 오류 403: {"detail":"허용되지 않은 IP입니다: 125.184.156.223"}
🚨 [09:43:56] 에러 — SELL 유진로봇(056080) 주문 실패
❌ 서버 오류 403: {"detail":"허용되지 않은 IP입니다: 125.184.156.223"}
✅ Discord 전송 완료
📉 KODEX200 -3.2% 하락장 — 신규 매수 중단
→ 전종목 HOLD
✅ Discord 전송 완료

[09:42] HOLD | KODEX RSI67/-3.2%⚠️ | 보유:SK증권(001510) -15.8% 유진로봇(056080) -8.2% 원익피앤(217820) -13.7% HPSP(403870) -4.0% | 💸예수금부족 | 최고신호 원익피앤이(217820) 4/2개 [RSI38 / 하락-5.2% / BB하단 / 호가1.7]
💰 예수금 9,323원 | KODEX200 RSI66/-3.6% 과열⚠️ | 매수기준 2개↑
📦 보유 SK증권(001510) 1주 -15.8% 🔴스탑로스임박
📦 보유 유진로봇(056080) 1주 -8.8% 🔴스탑로스임박
📦 보유 원익피앤이(217820) 3주 -14.1% 🔴스탑로스임박
📦 보유 HPSP(403870) 1주 -4.3% 🔴스탑로스임박

코드      종목명           가격    RSI     변화율    거래량     BB   호가비  B/S
────────────────────────────────────────────────────────────────────────
[2단계 분석 대상: 001510, 056080, 217820, 403870, 051910, 138040, 247540, 000270, 012450]
403870  HPSP      50,700   11.8    +2.6%    0.4x     하단  3.14  3/1 [5분]
⛔ 아우토크립트(137040) 호가 없음 (거래정지 의심)
061250  화일약품       7,980    0.0    +0.0%    0.0x     중간  0.20  0/0 [일봉]
217820  원익피앤이      3,000   35.9    -5.5%    0.2x     하단  2.93  4/1 [5분]
001510  SK증권       3,905   40.2    -6.4%    0.1x     하단  1.25  4/1 [5분]
056080  유진로봇      24,950    4.1    -9.1%    0.5x     중간  1.86  3/1 [5분]
⛔ 금양(001570) 호가 없음 (거래정지 의심)

══════════════════════════════════════════════════
⚠️  손실 주의 HPSP(403870) -4.3% (비상손절 -5%)
🟡 SELL(비상손절🔴) 원익피앤이(217820) -14.1% [MA데드] 신뢰도0.9
💰 예수금: 9,324원
📊 원익피앤이(217820) 매도1호가: 3,000원 | 매수1호가: 2,995원
📌 SELL 지정가: 2,995원 × 3주
⚠️ SELL 원익피앤이(217820) 재시도 1/3: ❌ 서버 오류 403: {"detail":"허용되지 않은 IP입니다: 125.184.156.223"}
💰 예수금: 9,324원
📊 원익피앤이(217820) 매도1호가: 3,000원 | 매수1호가: 2,995원
📌 SELL 지정가: 2,995원 × 3주
⚠️ SELL 원익피앤이(217820) 재시도 2/3: ❌ 서버 오류 403: {"detail":"허용되지 않은 IP입니다: 125.184.156.223"}
💰 예수금: 9,324원
📊 원익피앤이(217820) 매도1호가: 3,000원 | 매수1호가: 2,995원
📌 SELL 지정가: 2,995원 × 3주
⚠️ SELL 원익피앤이(217820) 재시도 3/3: ❌ 서버 오류 403: {"detail":"허용되지 않은 IP입니다: 125.184.156.223"}
🚨 [09:45:34] 에러 — SELL 원익피앤이(217820) 주문 실패
❌ 서버 오류 403: {"detail":"허용되지 않은 IP입니다: 125.184.156.223"}
✅ Discord 전송 완료
🟡 SELL(비상손절🔴) SK증권(001510) -15.8% [MA데드] 신뢰도0.9
💰 예수금: 9,324원
📊 SK증권(001510) 매도1호가: 3,890원 | 매수1호가: 3,885원
📌 SELL 지정가: 3,885원 × 1주
⚠️ SELL SK증권(001510) 재시도 1/3: ❌ 서버 오류 403: {"detail":"허용되지 않은 IP입니다: 125.184.156.223"}
💰 예수금: 9,324원
📊 SK증권(001510) 매도1호가: 3,900원 | 매수1호가: 3,895원
📌 SELL 지정가: 3,895원 × 1주
⚠️ SELL SK증권(001510) 재시도 2/3: ❌ 서버 오류 403: {"detail":"허용되지 않은 IP입니다: 125.184.156.223"}
💰 예수금: 9,323원
📊 SK증권(001510) 매도1호가: 3,900원 | 매수1호가: 3,890원
📌 SELL 지정가: 3,890원 × 1주
⚠️ SELL SK증권(001510) 재시도 3/3: ❌ 서버 오류 403: {"detail":"허용되지 않은 IP입니다: 125.184.156.223"}
🚨 [09:45:45] 에러 — SELL SK증권(001510) 주문 실패
❌ 서버 오류 403: {"detail":"허용되지 않은 IP입니다: 125.184.156.223"}
✅ Discord 전송 완료
🟡 SELL(비상손절🔴) 유진로봇(056080) -8.8% [MA데드] 신뢰도0.9

⚠️ SELL 유진로봇(056080) 재시도 1/3: ❌ 서버 오류 502: <!DOCTYPE html>
<!--[if lt IE 7]> <html class="no-js ie6 oldie" lang="en-US"> <![endif]-->
<!--[if IE 7]>    <html class="no-js ie7 oldie
💰 예수금: 9,323원
📊 유진로봇(056080) 매도1호가: 24,950원 | 매수1호가: 24,850원
📌 SELL 지정가: 24,850원 × 1주
✅ 접수 | 매도 주문 접수: 유진로봇 1주 (주문번호: 0274545)
📉 KODEX200 -3.6% 하락장 — 신규 매수 중단
✅ Discord 전송 완료

[09:44] 🟡SELL | KODEX RSI66/-3.6%⚠️ | 예수금 9,323원

🟡 유진로봇(056080)  🔴손절-8.8%  RSI4 BB중간  [MA데드]
📦 SK증권 -15.8% | 유진로봇 -8.8% | 원익피앤 -14.1% | HPSP -4.3%

🔹 원익피앤이  4/2  RSI36 -5.5%  [RSI36·하락-5.5%·BB하단·호가2.9]
🔹 SK증권  4/2  RSI40 -6.4%  [RSI40·하락-6.4%·BB하단·호가1.2]
🔹 HPSP  3/2  RSI12 +2.6%  [RSI12·BB하단·호가3.1]
🚨 [09:46:57] 에러 — KODEX200 지표 조회 실패
Server error '502 Bad Gateway' for url 'https://api.mieung.kr/kiwoom/indicators/069500'
For more information check: https://developer.mozilla.org/en-US/docs/Web/HTTP/Status/502
✅ Discord 전송 완료
💰 예수금 34,173원 | KODEX200 RSI50/+0.0% 정상 | 매수기준 2개↑
📦 보유 SK증권(001510) 1주 -16.1% 🔴스탑로스임박
📦 보유 원익피앤이(217820) 3주 -14.1% 🔴스탑로스임박
📦 보유 HPSP(403870) 1주 -4.2% 🔴스탑로스임박

코드      종목명           가격    RSI     변화율    거래량     BB   호가비  B/S
────────────────────────────────────────────────────────────────────────
[2단계 분석 대상: 001510, 217820, 403870, 012450, 138040, 035720, 015760, 207940]
403870  HPSP      50,800   11.8    +2.4%    0.4x     하단  2.63  3/1 [5분]
⛔ 아우토크립트(137040) 호가 없음 (거래정지 의심)
061250  화일약품       7,980    0.0    +0.0%    0.0x     중간  0.22  0/0 [일봉]
217820  원익피앤이      3,005   35.9    -5.3%    0.2x     하단  1.52  4/1 [5분]
001510  SK증권       3,910   40.2    -6.1%    0.1x     하단  2.20  4/1 [5분]
056080  유진로봇      24,900    0.0    +0.0%    0.0x     중간  2.07  1/0 [일봉]
084850  아이티엠반도체   13,190    0.0    +0.0%    0.0x     중간  1.60  1/0 [일봉]
⛔ 금양(001570) 호가 없음 (거래정지 의심)

══════════════════════════════════════════════════
⚠️  손실 주의 HPSP(403870) -4.2% (비상손절 -5%)
🟡 SELL(비상손절🔴) 원익피앤이(217820) -14.1% [MA데드] 신뢰도0.9
💰 예수금: 34,174원
📊 원익피앤이(217820) 매도1호가: 3,000원 | 매수1호가: 2,980원
📌 SELL 지정가: 2,980원 × 3주
✅ 접수 | 매도 주문 접수: 원익피앤이 3주 (주문번호: 0278266)
🟡 SELL(비상손절🔴) SK증권(001510) -16.1% [MA데드] 신뢰도0.9
💰 예수금: 43,115원
📊 SK증권(001510) 매도1호가: 3,900원 | 매수1호가: 3,890원
📌 SELL 지정가: 3,890원 × 1주
✅ 접수 | 매도 주문 접수: SK증권 1주 (주문번호: 0278342)
✅ Discord 전송 완료

[09:46] 🟡SELL | KODEX RSI50/+0.0% | 예수금 34,173원

🟡 원익피앤이(217820)  🔴손절-14.1%  RSI36 BB하단  [MA데드]
🟡 SK증권(001510)  🔴손절-16.1%  RSI40 BB하단  [MA데드]
📦 SK증권 -16.1% | 원익피앤 -14.1% | HPSP -4.2%

🔹 HPSP  3/2  RSI12 +2.4%  [RSI12·BB하단·호가2.6]
🔶 유진로봇  1/2  RSI0 +0.0%  [호가2.1]
🔶 아이티엠반  1/2  RSI0 +0.0%  [호가1.6]
💰 예수금 47,004원 | KODEX200 RSI67/-3.2% 과열⚠️ | 매수기준 2개↑
📦 보유 HPSP(403870) 1주 -4.7% 🔴스탑로스임박

코드      종목명           가격    RSI     변화율    거래량     BB   호가비  B/S
────────────────────────────────────────────────────────────────────────
[2단계 분석 대상: 403870, 051910, 015760, 035420, 207940, 035720]
403870  HPSP      50,700   11.8    +2.4%    0.4x     하단  1.92  3/1 [5분]
⛔ 아우토크립트(137040) 호가 없음 (거래정지 의심)
035720  카카오       41,800   40.4    -5.0%    0.3x     하단  8.27  4/0 [5분]
015760  한국전력      36,400   25.8    -6.2%    0.3x     하단  9.96  4/0 [5분]
061250  화일약품       8,000    0.0    +0.0%    0.0x     중간  0.15  0/0 [일봉]
217820  원익피앤이      3,005    0.0    +0.0%    0.0x     중간  2.12  1/0 [일봉]
001510  SK증권       3,905    0.0    +0.0%    0.0x     중간  3.64  1/0 [일봉]
056080  유진로봇      25,050    0.0    +0.0%    0.0x     중간  2.13  1/0 [일봉]
084850  아이티엠반도체   13,180    0.0    +0.0%    0.0x     중간  0.88  0/0 [일봉]
⛔ 금양(001570) 호가 없음 (거래정지 의심)

══════════════════════════════════════════════════
⚠️  손실 주의 HPSP(403870) -4.7% (비상손절 -5%)
📉 KODEX200 -3.2% 하락장 — 신규 매수 중단
→ 전종목 HOLD
✅ Discord 전송 완료

[09:48] HOLD | KODEX RSI67/-3.2%⚠️ | 보유:HPSP(403870) -4.7% | 💸예수금부족 | 최고신호 카카오(035720) 4/2개 [RSI40 / 하락-5.0% / BB하단 / 호가8.3]
💰 예수금 47,003원 | KODEX200 RSI69/-2.3% 과열⚠️ | 매수기준 2개↑
📦 보유 HPSP(403870) 1주 -3.0% ⚠️주의

코드      종목명           가격    RSI     변화율    거래량     BB   호가비  B/S
────────────────────────────────────────────────────────────────────────
[2단계 분석 대상: 403870, 138040, 003670, 259960, 068270, 042700]
403870  HPSP      51,500   35.7    +5.2%    0.4x     하단  0.74  2/2 [5분]
⛔ 아우토크립트(137040) 호가 없음 (거래정지 의심)
035720  카카오       42,150    0.0    +0.0%    0.0x     중간  1.09  0/0 [일봉]
015760  한국전력      36,650    0.0    +0.0%    0.0x     중간  1.74  1/0 [일봉]
061250  화일약품       8,000    0.0    +0.0%    0.0x     중간  0.15  0/0 [일봉]
217820  원익피앤이      3,050    0.0    +0.0%    0.0x     중간  0.75  0/0 [일봉]
001510  SK증권       3,945    0.0    +0.0%    0.0x     중간  0.79  0/0 [일봉]
056080  유진로봇      25,300    0.0    +0.0%    0.0x     중간  1.51  1/0 [일봉]
084850  아이티엠반도체   13,280    0.0    +0.0%    0.0x     중간  0.60  0/0 [일봉]
⛔ 금양(001570) 호가 없음 (거래정지 의심)

══════════════════════════════════════════════════
🟡 SELL(손실축소) HPSP(403870) -3.0% [급등+5.2%, MA데드] 신뢰도0.7
💰 예수금: 47,002원
📊 HPSP(403870) 매도1호가: 52,000원 | 매수1호가: 51,900원
📌 SELL 지정가: 51,900원 × 1주
✅ 접수 | 매도 주문 접수: HPSP 1주 (주문번호: 0288352)
📉 KODEX200 -2.3% 하락장 — 신규 매수 중단
✅ Discord 전송 완료

[09:50] 🟡SELL | KODEX RSI69/-2.3%⚠️ | 예수금 47,003원

🟡 HPSP(403870)  손실-3.0%  RSI36 BB하단  [급등+5.2%·MA데드]
📦 HPSP -3.0%

🔶 한국전력  1/2  RSI0 +0.0%  [호가1.7]
🔶 유진로봇  1/2  RSI0 +0.0%  [호가1.5]
💰 예수금 98,902원 | KODEX200 RSI68/-2.4% 과열⚠️ | 매수기준 2개↑

코드      종목명           가격    RSI     변화율    거래량     BB   호가비  B/S
────────────────────────────────────────────────────────────────────────
[2단계 분석 대상: 035420, 056080, 138040, 015760, 012330]
403870  HPSP      51,700    0.0    +0.0%    0.0x     중간  0.86  0/0 [일봉]
⛔ 아우토크립트(137040) 호가 없음 (거래정지 의심)
055550  신한지주      91,600    0.0    +0.0%    0.0x     중간  1.89  1/0 [일봉]
035720  카카오       42,000    0.0    +0.0%    0.0x     중간  4.59  1/0 [일봉]
015760  한국전력      36,500   32.3    -5.7%    0.3x     하단  6.99  4/0 [5분]
078930  GS        72,200    0.0    +0.0%    0.0x     중간  1.09  0/0 [일봉]
061250  화일약품       7,970    0.0    +0.0%    0.0x     중간  0.15  0/0 [일봉]
217820  원익피앤이      3,045    0.0    +0.0%    0.0x     중간  1.90  1/0 [일봉]
001510  SK증권       3,920    0.0    +0.0%    0.0x     중간  2.19  1/0 [일봉]
056080  유진로봇      25,000    1.8    -9.5%    0.5x     중간  9.73  3/0 [5분]
084850  아이티엠반도체   13,350    0.0    +0.0%    0.0x     중간  0.22  0/0 [일봉]
⛔ 금양(001570) 호가 없음 (거래정지 의심)

══════════════════════════════════════════════════
📉 KODEX200 -2.4% 하락장 — 신규 매수 중단
→ 전종목 HOLD
✅ Discord 전송 완료

[09:52] HOLD | KODEX RSI68/-2.4%⚠️ | 보유:없음 | 최고신호 한국전력(015760) 4/2개 [RSI32 / 하락-5.7% / BB하단 / 호가7.0]
💰 예수금 98,902원 | KODEX200 RSI69/-2.1% 과열⚠️ | 매수기준 2개↑

코드      종목명           가격    RSI     변화율    거래량     BB   호가비  B/S
────────────────────────────────────────────────────────────────────────
[2단계 분석 대상: 056080, 012330, 000270, 015760, 035720]
403870  HPSP      51,900    0.0    +0.0%    0.0x     중간  0.52  0/0 [일봉]
⛔ 아우토크립트(137040) 호가 없음 (거래정지 의심)
055550  신한지주      92,000    0.0    +0.0%    0.0x     중간  1.39  1/0 [일봉]
035720  카카오       42,000   37.3    -4.8%    0.3x     하단  4.99  4/0 [5분]
015760  한국전력      36,500   31.2    -5.8%    0.3x     하단  6.21  4/0 [5분]
078930  GS        71,800    0.0    +0.0%    0.0x     중간  1.14  0/0 [일봉]
061250  화일약품       7,970    0.0    +0.0%    0.0x     중간  0.10  0/0 [일봉]
217820  원익피앤이      3,050    0.0    +0.0%    0.0x     중간  1.17  0/0 [일봉]
001510  SK증권       3,915    0.0    +0.0%    0.0x     중간  0.63  0/0 [일봉]
056080  유진로봇      24,950    1.6    -9.5%    0.5x     중간 22.93  3/0 [5분]
084850  아이티엠반도체   13,360    0.0    +0.0%    0.0x     중간  0.20  0/0 [일봉]
⛔ 금양(001570) 호가 없음 (거래정지 의심)

══════════════════════════════════════════════════
📉 KODEX200 -2.1% 하락장 — 신규 매수 중단
→ 전종목 HOLD
✅ Discord 전송 완료

[09:54] HOLD | KODEX RSI69/-2.1%⚠️ | 보유:없음 | 최고신호 카카오(035720) 4/2개 [RSI37 / 하락-4.8% / BB하단 / 호가5.0]
💰 예수금 98,902원 | KODEX200 RSI70/-1.8% 정상 | 매수기준 2개↑

코드      종목명           가격    RSI     변화율    거래량     BB   호가비  B/S
────────────────────────────────────────────────────────────────────────
[2단계 분석 대상: 056080, 079550, 003670, 217820, 015760]
403870  HPSP      51,900    0.0    +0.0%    0.0x     중간  0.77  0/0 [일봉]
⛔ 아우토크립트(137040) 호가 없음 (거래정지 의심)
055550  신한지주      92,400    0.0    +0.0%    0.0x     중간  0.49  0/0 [일봉]
035720  카카오       42,150    0.0    +0.0%    0.0x     중간  1.36  1/0 [일봉]
015760  한국전력      36,700   31.2    -5.4%    0.3x     하단  2.05  4/0 [5분]
078930  GS        72,400    0.0    +0.0%    0.0x     중간  0.73  0/0 [일봉]
061250  화일약품       7,970    0.0    +0.0%    0.0x     중간  0.10  0/0 [일봉]
217820  원익피앤이      3,060   42.6    -3.9%    0.3x     하단  3.57  4/0 [5분]
001510  SK증권       3,975    0.0    +0.0%    0.0x     중간  0.58  0/0 [일봉]
056080  유진로봇      25,100    1.6    -8.7%    0.5x     중간 18.49  3/0 [5분]
084850  아이티엠반도체   13,430    0.0    +0.0%    0.0x     중간  0.23  0/0 [일봉]
⛔ 금양(001570) 호가 없음 (거래정지 의심)

══════════════════════════════════════════════════
📉 KODEX200 -1.8% 하락장 — 신규 매수 중단
→ 전종목 HOLD
✅ Discord 전송 완료

[09:56] HOLD | KODEX RSI70/-1.8% | 보유:없음 | 최고신호 한국전력(015760) 4/2개 [RSI31 / 하락-5.4% / BB하단 / 호가2.0]
💰 예수금 98,902원 | KODEX200 RSI70/-1.5% 정상 | 매수기준 2개↑

코드      종목명           가격    RSI     변화율    거래량     BB   호가비  B/S
────────────────────────────────────────────────────────────────────────
[2단계 분석 대상: 056080, 079550, 003670, 247540, 403870]
403870  HPSP      51,400   34.1    +4.0%    0.5x     하단  2.74  3/0 [5분]
⛔ 아우토크립트(137040) 호가 없음 (거래정지 의심)
055550  신한지주      92,600    0.0    +0.0%    0.0x     중간  0.46  0/0 [일봉]
035720  카카오       42,300    0.0    +0.0%    0.0x     중간  0.81  0/0 [일봉]
015760  한국전력      36,800    0.0    +0.0%    0.0x     중간  1.40  1/0 [일봉]
078930  GS        72,400    0.0    +0.0%    0.0x     중간  0.72  0/0 [일봉]
061250  화일약품       8,000    0.0    +0.0%    0.0x     중간  0.21  0/0 [일봉]
217820  원익피앤이      3,090    0.0    +0.0%    0.0x     중간  0.73  0/0 [일봉]
001510  SK증권       3,955    0.0    +0.0%    0.0x     중간  0.54  0/0 [일봉]
056080  유진로봇      25,150    1.6    -8.6%    0.5x     중간 13.82  3/0 [5분]
084850  아이티엠반도체   13,440    0.0    +0.0%    0.0x     중간  0.30  0/0 [일봉]
⛔ 금양(001570) 호가 없음 (거래정지 의심)

══════════════════════════════════════════════════
📉 KODEX200 -1.5% 하락장 — 신규 매수 중단
→ 전종목 HOLD
✅ Discord 전송 완료

[09:58] HOLD | KODEX RSI70/-1.5% | 보유:없음 | 최고신호 HPSP(403870) 3/2개 [RSI34 / BB하단 / 호가2.7]
💰 예수금 98,902원 | KODEX200 RSI72/-0.8% 정상 | 매수기준 2개↑

코드      종목명           가격    RSI     변화율    거래량     BB   호가비  B/S
────────────────────────────────────────────────────────────────────────
[2단계 분석 대상: 056080, 079550, 034020, 247540, 003670]
403870  HPSP      51,700    0.0    +0.0%    0.0x     중간  1.00  0/0 [일봉]
⛔ 아우토크립트(137040) 호가 없음 (거래정지 의심)
055550  신한지주      92,600    0.0    +0.0%    0.0x     중간  0.50  0/0 [일봉]
035720  카카오       42,400    0.0    +0.0%    0.0x     중간  0.76  0/0 [일봉]
015760  한국전력      36,900    0.0    +0.0%    0.0x     중간  1.08  0/0 [일봉]
078930  GS        72,600    0.0    +0.0%    0.0x     중간  0.46  0/0 [일봉]
061250  화일약품       8,060    0.0    +0.0%    0.0x     중간  0.27  0/0 [일봉]
217820  원익피앤이      3,105    0.0    +0.0%    0.0x     중간  1.53  1/0 [일봉]
001510  SK증권       4,010    0.0    +0.0%    0.0x     중간  1.30  1/0 [일봉]
056080  유진로봇      25,400    1.7    -7.8%    0.5x     중간  9.08  3/0 [5분]
084850  아이티엠반도체   13,540    0.0    +0.0%    0.0x     중간  0.46  0/0 [일봉]
⛔ 금양(001570) 호가 없음 (거래정지 의심)

══════════════════════════════════════════════════
→ 전종목 HOLD
✅ Discord 전송 완료

[10:00] HOLD | KODEX RSI72/-0.8% | 보유:없음 | 최고신호 유진로봇(056080) 3/2개 [RSI2 / 하락-7.8% / 호가9.1]
💰 예수금 98,902원 | KODEX200 RSI72/-0.3% 정상 | 매수기준 2개↑

코드      종목명           가격    RSI     변화율    거래량     BB   호가비  B/S
────────────────────────────────────────────────────────────────────────
[2단계 분석 대상: 056080, 079550, 051910, 034020, 217820]
403870  HPSP      51,900    0.0    +0.0%    0.0x     중간  0.65  0/0 [일봉]
⛔ 아우토크립트(137040) 호가 없음 (거래정지 의심)
055550  신한지주      93,200    0.0    +0.0%    0.0x     중간  0.63  0/0 [일봉]
035720  카카오       42,600    0.0    +0.0%    0.0x     중간  0.75  0/0 [일봉]
015760  한국전력      37,050    0.0    +0.0%    0.0x     중간  0.67  0/0 [일봉]
078930  GS        72,800    0.0    +0.0%    0.0x     중간  0.41  0/0 [일봉]
061250  화일약품       8,090    0.0    +0.0%    0.0x     중간  0.29  0/0 [일봉]
217820  원익피앤이      3,110   53.1    -1.6%    0.3x     하단  1.93  5/0 [5분]
001510  SK증권       3,995    0.0    +0.0%    0.0x     중간  0.75  0/0 [일봉]
056080  유진로봇      25,150    1.7    -8.6%    0.6x     중간 16.95  3/0 [5분]
084850  아이티엠반도체   13,530    0.0    +0.0%    0.0x     중간  0.52  0/0 [일봉]
⛔ 금양(001570) 호가 없음 (거래정지 의심)

══════════════════════════════════════════════════
→ 전종목 HOLD
✅ Discord 전송 완료

[10:02] HOLD | KODEX RSI72/-0.3% | 보유:없음 | 최고신호 원익피앤이(217820) 5/2개 [RSI53 / 하락-1.6% / BB하단 / MA골 / 호가1.9]
💰 예수금 98,902원 | KODEX200 RSI71/-1.1% 정상 | 매수기준 2개↑

코드      종목명           가격    RSI     변화율    거래량     BB   호가비  B/S
────────────────────────────────────────────────────────────────────────
[2단계 분석 대상: 056080, 005380, 403870, 034020, 079550]
403870  HPSP      51,000   45.8    +2.6%    0.5x     하단  4.47  3/0 [5분]
⛔ 아우토크립트(137040) 호가 없음 (거래정지 의심)
055550  신한지주      93,000    0.0    +0.0%    0.0x     중간  0.71  0/0 [일봉]
035720  카카오       42,350    0.0    +0.0%    0.0x     중간  0.99  0/0 [일봉]
015760  한국전력      36,900    0.0    +0.0%    0.0x     중간  1.46  1/0 [일봉]
078930  GS        72,500    0.0    +0.0%    0.0x     중간  0.57  0/0 [일봉]
061250  화일약품       8,090    0.0    +0.0%    0.0x     중간  0.34  0/0 [일봉]
217820  원익피앤이      3,110    0.0    +0.0%    0.0x     중간  1.11  0/0 [일봉]
001510  SK증권       3,965    0.0    +0.0%    0.0x     중간  0.57  0/0 [일봉]
056080  유진로봇      25,000    1.7    -8.9%    0.6x     중간 34.19  3/0 [5분]
084850  아이티엠반도체   13,520    0.0    +0.0%    0.0x     중간  0.50  0/0 [일봉]
⛔ 금양(001570) 호가 없음 (거래정지 의심)

══════════════════════════════════════════════════
📉 KODEX200 -1.1% 하락장 — 신규 매수 중단
→ 전종목 HOLD
✅ Discord 전송 완료

[10:04] HOLD | KODEX RSI71/-1.1% | 보유:없음 | 최고신호 HPSP(403870) 3/2개 [RSI46 / BB하단 / 호가4.5]
💰 예수금 98,902원 | KODEX200 RSI70/-1.4% 정상 | 매수기준 2개↑

코드      종목명           가격    RSI     변화율    거래량     BB   호가비  B/S
────────────────────────────────────────────────────────────────────────
[2단계 분석 대상: 247540, 056080, 012330, 005380, 051910]
403870  HPSP      51,000    0.0    +0.0%    0.0x     중간  3.04  1/0 [일봉]
⛔ 아우토크립트(137040) 호가 없음 (거래정지 의심)
055550  신한지주      93,000    0.0    +0.0%    0.0x     중간  0.83  0/0 [일봉]
035720  카카오       42,300    0.0    +0.0%    0.0x     중간  1.57  1/0 [일봉]
015760  한국전력      36,900    0.0    +0.0%    0.0x     중간  1.70  1/0 [일봉]
078930  GS        72,600    0.0    +0.0%    0.0x     중간  0.70  0/0 [일봉]
061250  화일약품       8,090    0.0    +0.0%    0.0x     중간  0.45  0/0 [일봉]
217820  원익피앤이      3,125    0.0    +0.0%    0.0x     중간  1.77  1/0 [일봉]
001510  SK증권       3,955    0.0    +0.0%    0.0x     중간  0.70  0/0 [일봉]
056080  유진로봇      25,050    1.7    -8.9%    0.6x     중간  9.74  3/0 [5분]
084850  아이티엠반도체   13,550    0.0    +0.0%    0.0x     중간  0.50  0/0 [일봉]
⛔ 금양(001570) 호가 없음 (거래정지 의심)

══════════════════════════════════════════════════
📉 KODEX200 -1.4% 하락장 — 신규 매수 중단
→ 전종목 HOLD
✅ Discord 전송 완료

[10:06] HOLD | KODEX RSI70/-1.4% | 보유:없음 | 최고신호 유진로봇(056080) 3/2개 [RSI2 / 하락-8.9% / 호가9.7]
💰 예수금 98,902원 | KODEX200 RSI71/-1.2% 정상 | 매수기준 2개↑

코드      종목명           가격    RSI     변화율    거래량     BB   호가비  B/S
────────────────────────────────────────────────────────────────────────
[2단계 분석 대상: 247540, 056080, 012330, 003670, 051910]
403870  HPSP      51,200    0.0    +0.0%    0.0x     중간  1.35  1/0 [일봉]
⛔ 아우토크립트(137040) 호가 없음 (거래정지 의심)
055550  신한지주      93,100    0.0    +0.0%    0.0x     중간  0.65  0/0 [일봉]
035720  카카오       42,350    0.0    +0.0%    0.0x     중간  1.64  1/0 [일봉]
015760  한국전력      37,050    0.0    +0.0%    0.0x     중간  0.80  0/0 [일봉]
078930  GS        72,900    0.0    +0.0%    0.0x     중간  1.32  1/0 [일봉]
061250  화일약품       8,090    0.0    +0.0%    0.0x     중간  0.43  0/0 [일봉]
217820  원익피앤이      3,120    0.0    +0.0%    0.0x     중간  1.82  1/0 [일봉]
001510  SK증권       3,950    0.0    +0.0%    0.0x     중간  1.41  1/0 [일봉]
056080  유진로봇      25,050    1.7    -8.9%    0.6x     중간 10.65  3/0 [5분]
084850  아이티엠반도체   13,550    0.0    +0.0%    0.0x     중간  0.43  0/0 [일봉]
⛔ 금양(001570) 호가 없음 (거래정지 의심)

══════════════════════════════════════════════════
📉 KODEX200 -1.2% 하락장 — 신규 매수 중단
→ 전종목 HOLD
✅ Discord 전송 완료

[10:08] HOLD | KODEX RSI71/-1.2% | 보유:없음 | 최고신호 유진로봇(056080) 3/2개 [RSI2 / 하락-8.9% / 호가10.7]
💰 예수금 98,902원 | KODEX200 RSI71/-0.8% 정상 | 매수기준 2개↑

코드      종목명           가격    RSI     변화율    거래량     BB   호가비  B/S
────────────────────────────────────────────────────────────────────────
[2단계 분석 대상: 056080, 012330, 247540, 051910, 138040]
403870  HPSP      51,400    0.0    +0.0%    0.0x     중간  0.90  0/0 [일봉]
⛔ 아우토크립트(137040) 호가 없음 (거래정지 의심)
055550  신한지주      93,000    0.0    +0.0%    0.0x     중간  0.81  0/0 [일봉]
035720  카카오       42,350    0.0    +0.0%    0.0x     중간  1.39  1/0 [일봉]
015760  한국전력      37,150    0.0    +0.0%    0.0x     중간  0.85  0/0 [일봉]
078930  GS        73,000    0.0    +0.0%    0.0x     중간  0.85  0/0 [일봉]
061250  화일약품       8,090    0.0    +0.0%    0.0x     중간  0.54  0/0 [일봉]
217820  원익피앤이      3,115    0.0    +0.0%    0.0x     중간  2.31  1/0 [일봉]
001510  SK증권       3,980    0.0    +0.0%    0.0x     중간  1.07  0/0 [일봉]
056080  유진로봇      25,050    1.4    -8.9%    0.6x     중간 17.57  3/0 [5분]
084850  아이티엠반도체   13,520    0.0    +0.0%    0.0x     중간  0.41  0/0 [일봉]
⛔ 금양(001570) 호가 없음 (거래정지 의심)

══════════════════════════════════════════════════
→ 전종목 HOLD
✅ Discord 전송 완료

[10:10] HOLD | KODEX RSI71/-0.8% | 보유:없음 | 최고신호 유진로봇(056080) 3/2개 [RSI1 / 하락-8.9% / 호가17.6]
💰 예수금 98,902원 | KODEX200 RSI72/-0.7% 정상 | 매수기준 2개↑

코드      종목명           가격    RSI     변화율    거래량     BB   호가비  B/S
────────────────────────────────────────────────────────────────────────
[2단계 분석 대상: 056080, 247540, 003670, 051910, 138040]
403870  HPSP      51,600    0.0    +0.0%    0.0x     중간  0.91  0/0 [일봉]
⛔ 아우토크립트(137040) 호가 없음 (거래정지 의심)
055550  신한지주      93,000    0.0    +0.0%    0.0x     중간  0.83  0/0 [일봉]
035720  카카오       42,350    0.0    +0.0%    0.0x     중간  1.51  1/0 [일봉]
015760  한국전력      37,200    0.0    +0.0%    0.0x     중간  1.24  1/0 [일봉]
078930  GS        73,400    0.0    +0.0%    0.0x     중간  0.47  0/0 [일봉]
061250  화일약품       8,080    0.0    +0.0%    0.0x     중간  0.36  0/0 [일봉]
217820  원익피앤이      3,130    0.0    +0.0%    0.0x     중간  1.10  0/0 [일봉]
001510  SK증권       3,985    0.0    +0.0%    0.0x     중간  0.75  0/0 [일봉]
056080  유진로봇      25,200    1.4    -8.4%    0.6x     중간 13.53  3/0 [5분]
084850  아이티엠반도체   13,540    0.0    +0.0%    0.0x     중간  2.00  1/0 [일봉]
⛔ 금양(001570) 호가 없음 (거래정지 의심)

══════════════════════════════════════════════════
→ 전종목 HOLD
✅ Discord 전송 완료

[10:12] HOLD | KODEX RSI72/-0.7% | 보유:없음 | 최고신호 유진로봇(056080) 3/2개 [RSI1 / 하락-8.4% / 호가13.5]
💰 예수금 98,902원 | KODEX200 RSI71/-1.0% 정상 | 매수기준 2개↑

코드      종목명           가격    RSI     변화율    거래량     BB   호가비  B/S
────────────────────────────────────────────────────────────────────────
[2단계 분석 대상: 056080, 003670, 012330, 247540, 006400]
403870  HPSP      51,800    0.0    +0.0%    0.0x     중간  0.73  0/0 [일봉]
⛔ 아우토크립트(137040) 호가 없음 (거래정지 의심)
055550  신한지주      92,700    0.0    +0.0%    0.0x     중간  0.87  0/0 [일봉]
035720  카카오       42,250    0.0    +0.0%    0.0x     중간  2.43  1/0 [일봉]
015760  한국전력      37,050    0.0    +0.0%    0.0x     중간  1.30  1/0 [일봉]
078930  GS        73,000    0.0    +0.0%    0.0x     중간  0.98  0/0 [일봉]
061250  화일약품       8,090    0.0    +0.0%    0.0x     중간  0.44  0/0 [일봉]
217820  원익피앤이      3,100    0.0    +0.0%    0.0x     중간  0.46  0/0 [일봉]
001510  SK증권       3,970    0.0    +0.0%    0.0x     중간  0.80  0/0 [일봉]
056080  유진로봇      25,150    6.7    -8.6%    0.6x     하단 14.14  4/0 [5분]
084850  아이티엠반도체   13,520    0.0    +0.0%    0.0x     중간  2.15  1/0 [일봉]
⛔ 금양(001570) 호가 없음 (거래정지 의심)

══════════════════════════════════════════════════
→ 전종목 HOLD
✅ Discord 전송 완료

[10:14] HOLD | KODEX RSI71/-1.0% | 보유:없음 | 최고신호 유진로봇(056080) 4/2개 [RSI7 / 하락-8.6% / BB하단 / 호가14.1]
💰 예수금 98,902원 | KODEX200 RSI70/-1.4% 정상 | 매수기준 2개↑

코드      종목명           가격    RSI     변화율    거래량     BB   호가비  B/S
────────────────────────────────────────────────────────────────────────
[2단계 분석 대상: 056080, 247540, 012330, 006400, 003670]
403870  HPSP      51,600    0.0    +0.0%    0.0x     중간  0.72  0/0 [일봉]
⛔ 아우토크립트(137040) 호가 없음 (거래정지 의심)
055550  신한지주      92,600    0.0    +0.0%    0.0x     중간  0.86  0/0 [일봉]
035720  카카오       42,150    0.0    +0.0%    0.0x     중간  3.76  1/0 [일봉]
015760  한국전력      37,000    0.0    +0.0%    0.0x     중간  2.00  1/0 [일봉]
078930  GS        72,800    0.0    +0.0%    0.0x     중간  2.37  1/0 [일봉]
061250  화일약품       8,100    0.0    +0.0%    0.0x     중간  0.48  0/0 [일봉]
217820  원익피앤이      3,080    0.0    +0.0%    0.0x     중간  0.63  0/0 [일봉]
001510  SK증권       3,965    0.0    +0.0%    0.0x     중간  0.81  0/0 [일봉]
056080  유진로봇      25,100    6.7    -8.6%    0.6x     하단 11.14  4/0 [5분]
084850  아이티엠반도체   13,530    0.0    +0.0%    0.0x     중간  1.98  1/0 [일봉]
⛔ 금양(001570) 호가 없음 (거래정지 의심)

══════════════════════════════════════════════════
📉 KODEX200 -1.4% 하락장 — 신규 매수 중단
→ 전종목 HOLD
✅ Discord 전송 완료

[10:16] HOLD | KODEX RSI70/-1.4% | 보유:없음 | 최고신호 유진로봇(056080) 4/2개 [RSI7 / 하락-8.6% / BB하단 / 호가11.1]
💰 예수금 98,902원 | KODEX200 RSI70/-1.4% 정상 | 매수기준 2개↑

코드      종목명           가격    RSI     변화율    거래량     BB   호가비  B/S
────────────────────────────────────────────────────────────────────────
[2단계 분석 대상: 056080, 000270, 012330, 035720, 035420]
403870  HPSP      51,200    0.0    +0.0%    0.0x     중간  2.09  1/0 [일봉]
⛔ 아우토크립트(137040) 호가 없음 (거래정지 의심)
055550  신한지주      92,700    0.0    +0.0%    0.0x     중간  0.95  0/0 [일봉]
035720  카카오       42,100   46.3    -4.4%    0.4x     하단  4.82  5/0 [5분]
015760  한국전력      37,000    0.0    +0.0%    0.0x     중간  1.71  1/0 [일봉]
078930  GS        72,800    0.0    +0.0%    0.0x     중간  3.71  1/0 [일봉]
061250  화일약품       8,100    0.0    +0.0%    0.0x     중간  0.94  0/0 [일봉]
217820  원익피앤이      3,080    0.0    +0.0%    0.0x     중간  0.69  0/0 [일봉]
001510  SK증권       3,945    0.0    +0.0%    0.0x     중간  1.82  1/0 [일봉]
056080  유진로봇      25,050    6.7    -8.7%    0.6x     하단 12.39  4/0 [5분]
084850  아이티엠반도체   13,530    0.0    +0.0%    0.0x     중간  1.59  1/0 [일봉]
⛔ 금양(001570) 호가 없음 (거래정지 의심)

══════════════════════════════════════════════════
📉 KODEX200 -1.4% 하락장 — 신규 매수 중단
→ 전종목 HOLD
✅ Discord 전송 완료

[10:18] HOLD | KODEX RSI70/-1.4% | 보유:없음 | 최고신호 카카오(035720) 5/2개 [RSI46 / 하락-4.4% / BB하단 / MA골 / 호가4.8]
💰 예수금 98,902원 | KODEX200 RSI70/-1.8% 정상 | 매수기준 2개↑

코드      종목명           가격    RSI     변화율    거래량     BB   호가비  B/S
────────────────────────────────────────────────────────────────────────
[2단계 분석 대상: 056080, 035720, 005380, 003670, 000660]
403870  HPSP      51,300    0.0    +0.0%    0.0x     중간  1.72  1/0 [일봉]
⛔ 아우토크립트(137040) 호가 없음 (거래정지 의심)
055550  신한지주      93,000    0.0    +0.0%    0.0x     중간  0.86  0/0 [일봉]
035720  카카오       42,000   47.0    -4.5%    0.4x     하단 10.24  5/0 [5분]
015760  한국전력      37,000    0.0    +0.0%    0.0x     중간  1.56  1/0 [일봉]
078930  GS        72,700    0.0    +0.0%    0.0x     중간  2.70  1/0 [일봉]
061250  화일약품       8,150    0.0    +0.0%    0.0x     중간  0.62  0/0 [일봉]
217820  원익피앤이      3,075    0.0    +0.0%    0.0x     중간  1.02  0/0 [일봉]
001510  SK증권       3,935    0.0    +0.0%    0.0x     중간  2.23  1/0 [일봉]
056080  유진로봇      25,050    6.0    -8.9%    0.6x     하단 13.56  4/0 [5분]
084850  아이티엠반도체   13,520    0.0    +0.0%    0.0x     중간  1.74  1/0 [일봉]
⛔ 금양(001570) 호가 없음 (거래정지 의심)

══════════════════════════════════════════════════
📉 KODEX200 -1.8% 하락장 — 신규 매수 중단
→ 전종목 HOLD
✅ Discord 전송 완료

[10:20] HOLD | KODEX RSI70/-1.8% | 보유:없음 | 최고신호 카카오(035720) 5/2개 [RSI47 / 하락-4.5% / BB하단 / MA골 / 호가10.2]
💰 예수금 98,902원 | KODEX200 RSI70/-1.6% 정상 | 매수기준 2개↑

코드      종목명           가격    RSI     변화율    거래량     BB   호가비  B/S
────────────────────────────────────────────────────────────────────────
[2단계 분석 대상: 056080, 247540, 051910, 259960, 001510]
403870  HPSP      51,200    0.0    +0.0%    0.0x     중간  1.67  1/0 [일봉]
⛔ 아우토크립트(137040) 호가 없음 (거래정지 의심)
055550  신한지주      93,200    0.0    +0.0%    0.0x     중간  0.91  0/0 [일봉]
035720  카카오       42,200    0.0    +0.0%    0.0x     중간  2.26  1/0 [일봉]
015760  한국전력      37,150    0.0    +0.0%    0.0x     중간  1.11  0/0 [일봉]
078930  GS        73,100    0.0    +0.0%    0.0x     중간  0.88  0/0 [일봉]
061250  화일약품       8,160    0.0    +0.0%    0.0x     중간  0.45  0/0 [일봉]
217820  원익피앤이      3,080    0.0    +0.0%    0.0x     중간  1.16  0/0 [일봉]
001510  SK증권       3,945   56.1    -5.0%    0.1x     하단  2.78  4/0 [5분]
056080  유진로봇      25,250    6.0    -8.0%    0.6x     하단 13.73  4/0 [5분]
084850  아이티엠반도체   13,570    0.0    +0.0%    0.0x     중간  2.74  1/0 [일봉]
⛔ 금양(001570) 호가 없음 (거래정지 의심)

══════════════════════════════════════════════════
📉 KODEX200 -1.6% 하락장 — 신규 매수 중단
→ 전종목 HOLD
✅ Discord 전송 완료

[10:22] HOLD | KODEX RSI70/-1.6% | 보유:없음 | 최고신호 SK증권(001510) 4/2개 [하락-5.0% / BB하단 / MA골 / 호가2.8]
💰 예수금 98,902원 | KODEX200 RSI71/-1.1% 정상 | 매수기준 2개↑

코드      종목명           가격    RSI     변화율    거래량     BB   호가비  B/S
────────────────────────────────────────────────────────────────────────
[2단계 분석 대상: 056080, 084850, 247540, 012330, 035720]
403870  HPSP      51,700    0.0    +0.0%    0.0x     중간  0.39  0/0 [일봉]
⛔ 아우토크립트(137040) 호가 없음 (거래정지 의심)
055550  신한지주      93,200    0.0    +0.0%    0.0x     중간  1.25  1/0 [일봉]
035720  카카오       42,300   47.7    -3.9%    0.4x     하단  1.64  5/0 [5분]
015760  한국전력      37,250    0.0    +0.0%    0.0x     중간  0.95  0/0 [일봉]
078930  GS        73,100    0.0    +0.0%    0.0x     중간  1.07  0/0 [일봉]
061250  화일약품       8,160    0.0    +0.0%    0.0x     중간  0.45  0/0 [일봉]
217820  원익피앤이      3,090    0.0    +0.0%    0.0x     중간  1.42  1/0 [일봉]
001510  SK증권       3,975    0.0    +0.0%    0.0x     중간  0.51  0/0 [일봉]
056080  유진로봇      25,350    6.0    -7.7%    0.6x     하단  6.62  4/0 [5분]
084850  아이티엠반도체   13,550   84.8    -3.8%    0.2x     하단  2.34  4/0 [5분]
⛔ 금양(001570) 호가 없음 (거래정지 의심)

══════════════════════════════════════════════════
📉 KODEX200 -1.1% 하락장 — 신규 매수 중단
→ 전종목 HOLD
✅ Discord 전송 완료

[10:24] HOLD | KODEX RSI71/-1.1% | 보유:없음 | 최고신호 카카오(035720) 5/2개 [RSI48 / 하락-3.9% / BB하단 / MA골 / 호가1.6]
💰 예수금 98,902원 | KODEX200 RSI71/-1.0% 정상 | 매수기준 2개↑

코드      종목명           가격    RSI     변화율    거래량     BB   호가비  B/S
────────────────────────────────────────────────────────────────────────
[2단계 분석 대상: 056080, 012330, 259960, 084850, 035720]
403870  HPSP      51,800    0.0    +0.0%    0.0x     중간  0.50  0/0 [일봉]
⛔ 아우토크립트(137040) 호가 없음 (거래정지 의심)
055550  신한지주      93,100    0.0    +0.0%    0.0x     중간  1.12  0/0 [일봉]
035720  카카오       42,250   47.7    -4.1%    0.4x     하단  1.94  5/0 [5분]
015760  한국전력      37,150    0.0    +0.0%    0.0x     중간  1.11  0/0 [일봉]
078930  GS        73,500    0.0    +0.0%    0.0x     중간  0.72  0/0 [일봉]
061250  화일약품       8,160    0.0    +0.0%    0.0x     중간  0.67  0/0 [일봉]
217820  원익피앤이      3,090    0.0    +0.0%    0.0x     중간  1.24  1/0 [일봉]
001510  SK증권       3,970    0.0    +0.0%    0.0x     중간  0.60  0/0 [일봉]
056080  유진로봇      25,400    6.0    -7.5%    0.6x     하단  9.18  4/0 [5분]
084850  아이티엠반도체   13,550   83.3    -4.3%    0.2x     하단  2.25  4/0 [5분]
⛔ 금양(001570) 호가 없음 (거래정지 의심)

══════════════════════════════════════════════════
📉 KODEX200 -1.0% 하락장 — 신규 매수 중단
→ 전종목 HOLD
✅ Discord 전송 완료

[10:26] HOLD | KODEX RSI71/-1.0% | 보유:없음 | 최고신호 카카오(035720) 5/2개 [RSI48 / 하락-4.1% / BB하단 / MA골 / 호가1.9]
💰 예수금 98,902원 | KODEX200 RSI72/-0.8% 정상 | 매수기준 2개↑

코드      종목명           가격    RSI     변화율    거래량     BB   호가비  B/S
────────────────────────────────────────────────────────────────────────
[2단계 분석 대상: 247540, 084850, 012330, 259960, 035720]
403870  HPSP      52,000    0.0    +0.0%    0.0x     중간  0.41  0/0 [일봉]
⛔ 아우토크립트(137040) 호가 없음 (거래정지 의심)
055550  신한지주      93,500    0.0    +0.0%    0.0x     중간  1.00  0/0 [일봉]
035720  카카오       42,300   47.7    -3.9%    0.4x     하단  1.55  5/0 [5분]
015760  한국전력      37,350    0.0    +0.0%    0.0x     중간  1.11  0/0 [일봉]
078930  GS        73,800    0.0    +0.0%    0.0x     중간  1.03  0/0 [일봉]
061250  화일약품       8,160    0.0    +0.0%    0.0x     중간  0.70  0/0 [일봉]
217820  원익피앤이      3,095    0.0    +0.0%    0.0x     중간  1.17  0/0 [일봉]
001510  SK증권       3,980    0.0    +0.0%    0.0x     중간  0.86  0/0 [일봉]
056080  유진로봇      25,550    0.0    +0.0%    0.0x     중간  0.64  0/0 [일봉]
084850  아이티엠반도체   13,630   83.3    -3.2%    0.3x     하단  2.98  4/0 [5분]
⛔ 금양(001570) 호가 없음 (거래정지 의심)

══════════════════════════════════════════════════
→ 전종목 HOLD
✅ Discord 전송 완료

[10:28] HOLD | KODEX RSI72/-0.8% | 보유:없음 | 최고신호 카카오(035720) 5/2개 [RSI48 / 하락-3.9% / BB하단 / MA골 / 호가1.6]
💰 예수금 98,902원 | KODEX200 RSI71/-0.9% 정상 | 매수기준 2개↑

코드      종목명           가격    RSI     변화율    거래량     BB   호가비  B/S
────────────────────────────────────────────────────────────────────────
[2단계 분석 대상: 259960, 015760, 012330, 035720, 079550]
403870  HPSP      52,200    0.0    +0.0%    0.0x     중간  0.31  0/0 [일봉]
⛔ 아우토크립트(137040) 호가 없음 (거래정지 의심)
055550  신한지주      93,400    0.0    +0.0%    0.0x     중간  0.92  0/0 [일봉]
035720  카카오       42,250   52.9    -3.9%    0.4x     하단  1.45  5/0 [5분]
015760  한국전력      37,300   61.9    -3.7%    0.4x     하단  1.62  4/0 [5분]
078930  GS        73,900    0.0    +0.0%    0.0x     중간  0.92  0/0 [일봉]
061250  화일약품       8,160    0.0    +0.0%    0.0x     중간  0.60  0/0 [일봉]
217820  원익피앤이      3,110    0.0    +0.0%    0.0x     중간  1.08  0/0 [일봉]
001510  SK증권       3,985    0.0    +0.0%    0.0x     중간  0.95  0/0 [일봉]
056080  유진로봇      25,700    0.0    +0.0%    0.0x     중간  0.48  0/0 [일봉]
084850  아이티엠반도체   13,620    0.0    +0.0%    0.0x     중간  0.36  0/0 [일봉]
⛔ 금양(001570) 호가 없음 (거래정지 의심)

══════════════════════════════════════════════════
→ 전종목 HOLD
✅ Discord 전송 완료

[10:30] HOLD | KODEX RSI71/-0.9% | 보유:없음 | 최고신호 카카오(035720) 5/2개 [RSI53 / 하락-3.9% / BB하단 / MA골 / 호가1.4]
💰 예수금 98,902원 | KODEX200 RSI72/-0.4% 정상 | 매수기준 2개↑

코드      종목명           가격    RSI     변화율    거래량     BB   호가비  B/S
────────────────────────────────────────────────────────────────────────
[2단계 분석 대상: 084850, 259960, 247540, 015760, 035720]
403870  HPSP      52,500    0.0    +0.0%    0.0x     중간  0.15  0/0 [일봉]
⛔ 아우토크립트(137040) 호가 없음 (거래정지 의심)
055550  신한지주      93,400    0.0    +0.0%    0.0x     중간  0.96  0/0 [일봉]
035720  카카오       42,350   52.9    -3.8%    0.4x     하단  1.43  5/0 [5분]
015760  한국전력      37,350   61.9    -3.5%    0.4x     하단  1.47  4/0 [5분]
078930  GS        74,200    0.0    +0.0%    0.0x     중간  0.54  0/0 [일봉]
061250  화일약품       8,160    0.0    +0.0%    0.0x     중간  0.49  0/0 [일봉]
217820  원익피앤이      3,120    0.0    +0.0%    0.0x     중간  0.43  0/0 [일봉]
001510  SK증권       3,980    0.0    +0.0%    0.0x     중간  0.88  0/0 [일봉]
056080  유진로봇      25,950    0.0    +0.0%    0.0x     중간  0.26  0/0 [일봉]
084850  아이티엠반도체   13,660   95.9    -3.1%    0.3x     하단  3.26  4/0 [5분]
⛔ 금양(001570) 호가 없음 (거래정지 의심)

══════════════════════════════════════════════════
→ 전종목 HOLD
✅ Discord 전송 완료

[10:32] HOLD | KODEX RSI72/-0.4% | 보유:없음 | 최고신호 카카오(035720) 5/2개 [RSI53 / 하락-3.8% / BB하단 / MA골 / 호가1.4]
💰 예수금 98,902원 | KODEX200 RSI72/-0.4% 정상 | 매수기준 2개↑

코드      종목명           가격    RSI     변화율    거래량     BB   호가비  B/S
────────────────────────────────────────────────────────────────────────
[2단계 분석 대상: 247540, 259960, 015760, 035720, 078930]
403870  HPSP      52,300    0.0    +0.0%    0.0x     중간  0.28  0/0 [일봉]
⛔ 아우토크립트(137040) 호가 없음 (거래정지 의심)
055550  신한지주      93,500    0.0    +0.0%    0.0x     중간  0.90  0/0 [일봉]
035720  카카오       42,350   54.5    -3.9%    0.4x     하단  1.29  5/0 [5분]
015760  한국전력      37,350   55.6    -3.6%    0.4x     하단  1.46  4/0 [5분]
078930  GS        74,000   18.8    -4.3%    0.4x     하단  1.13  3/0 [5분]
061250  화일약품       8,160    0.0    +0.0%    0.0x     중간  0.38  0/0 [일봉]
217820  원익피앤이      3,120    0.0    +0.0%    0.0x     중간  0.38  0/0 [일봉]
001510  SK증권       3,975    0.0    +0.0%    0.0x     중간  0.68  0/0 [일봉]
056080  유진로봇      25,750    0.0    +0.0%    0.0x     중간  0.31  0/0 [일봉]
084850  아이티엠반도체   13,660    0.0    +0.0%    0.0x     중간  0.47  0/0 [일봉]
⛔ 금양(001570) 호가 없음 (거래정지 의심)

══════════════════════════════════════════════════
→ 전종목 HOLD
✅ Discord 전송 완료

[10:34] HOLD | KODEX RSI72/-0.4% | 보유:없음 | 최고신호 카카오(035720) 5/2개 [RSI54 / 하락-3.9% / BB하단 / MA골 / 호가1.3]
💰 예수금 98,902원 | KODEX200 RSI72/-0.3% 정상 | 매수기준 2개↑

코드      종목명           가격    RSI     변화율    거래량     BB   호가비  B/S
────────────────────────────────────────────────────────────────────────
[2단계 분석 대상: 035720, 015760, 247540, 259960, 001510]
403870  HPSP      52,100    0.0    +0.0%    0.0x     중간  0.35  0/0 [일봉]
⛔ 아우토크립트(137040) 호가 없음 (거래정지 의심)
055550  신한지주      93,600    0.0    +0.0%    0.0x     중간  0.99  0/0 [일봉]
035720  카카오       42,300   54.5    -4.0%    0.4x     하단  1.99  5/0 [5분]
015760  한국전력      37,350   55.6    -3.7%    0.4x     하단  1.65  4/0 [5분]
078930  GS        73,900    0.0    +0.0%    0.0x     중간  0.74  0/0 [일봉]
061250  화일약품       8,160    0.0    +0.0%    0.0x     중간  0.43  0/0 [일봉]
217820  원익피앤이      3,120    0.0    +0.0%    0.0x     중간  0.45  0/0 [일봉]
001510  SK증권       3,965   60.2    -4.8%    0.1x     하단  1.11  3/0 [5분]
056080  유진로봇      25,850    0.0    +0.0%    0.0x     중간  0.47  0/0 [일봉]
084850  아이티엠반도체   13,660    0.0    +0.0%    0.0x     중간  0.24  0/0 [일봉]
⛔ 금양(001570) 호가 없음 (거래정지 의심)

══════════════════════════════════════════════════
→ 전종목 HOLD
✅ Discord 전송 완료

[10:36] HOLD | KODEX RSI72/-0.3% | 보유:없음 | 최고신호 카카오(035720) 5/2개 [RSI54 / 하락-4.0% / BB하단 / MA골 / 호가2.0]
💰 예수금 98,902원 | KODEX200 RSI71/-0.8% 정상 | 매수기준 2개↑

코드      종목명           가격    RSI     변화율    거래량     BB   호가비  B/S
────────────────────────────────────────────────────────────────────────
[2단계 분석 대상: 035720, 259960, 066970, 015760, 012330]
403870  HPSP      52,000    0.0    +0.0%    0.0x     중간  0.66  0/0 [일봉]
⛔ 아우토크립트(137040) 호가 없음 (거래정지 의심)
055550  신한지주      93,300    0.0    +0.0%    0.0x     중간  0.90  0/0 [일봉]
035720  카카오       42,150   54.5    -4.2%    0.4x     하단  3.87  5/0 [5분]
015760  한국전력      37,150   55.6    -4.1%    0.4x     하단  2.23  4/0 [5분]
078930  GS        73,300    0.0    +0.0%    0.0x     중간  1.06  0/0 [일봉]
061250  화일약품       8,160    0.0    +0.0%    0.0x     중간  0.58  0/0 [일봉]
217820  원익피앤이      3,105    0.0    +0.0%    0.0x     중간  0.43  0/0 [일봉]
001510  SK증권       3,955    0.0    +0.0%    0.0x     중간  0.86  0/0 [일봉]
056080  유진로봇      25,550    0.0    +0.0%    0.0x     중간  0.65  0/0 [일봉]
084850  아이티엠반도체   13,600    0.0    +0.0%    0.0x     중간  0.17  0/0 [일봉]
⛔ 금양(001570) 호가 없음 (거래정지 의심)

══════════════════════════════════════════════════
→ 전종목 HOLD
✅ Discord 전송 완료

[10:38] HOLD | KODEX RSI71/-0.8% | 보유:없음 | 최고신호 카카오(035720) 5/2개 [RSI54 / 하락-4.2% / BB하단 / MA골 / 호가3.9]
💰 예수금 98,902원 | KODEX200 RSI72/-0.5% 정상 | 매수기준 2개↑

코드      종목명           가격    RSI     변화율    거래량     BB   호가비  B/S
────────────────────────────────────────────────────────────────────────
[2단계 분석 대상: 001510, 035720, 084850, 012330, 259960]
403870  HPSP      52,100    0.0    +0.0%    0.0x     중간  0.34  0/0 [일봉]
⛔ 아우토크립트(137040) 호가 없음 (거래정지 의심)
055550  신한지주      93,300    0.0    +0.0%    0.0x     중간  1.65  1/0 [일봉]
035720  카카오       42,150   56.5    -4.1%    0.4x     하단  3.11  4/0 [5분]
015760  한국전력      37,150    0.0    +0.0%    0.0x     중간  1.86  1/0 [일봉]
078930  GS        73,400    0.0    +0.0%    0.0x     중간  0.87  0/0 [일봉]
061250  화일약품       8,160    0.0    +0.0%    0.0x     중간  0.62  0/0 [일봉]
217820  원익피앤이      3,105    0.0    +0.0%    0.0x     중간  0.72  0/0 [일봉]
001510  SK증권       3,950   61.1    -4.9%    0.1x     하단  4.64  4/0 [5분]
056080  유진로봇      25,700    0.0    +0.0%    0.0x     중간  0.89  0/0 [일봉]
084850  아이티엠반도체   13,620   82.2    -3.4%    0.3x     하단  2.88  4/0 [5분]
⛔ 금양(001570) 호가 없음 (거래정지 의심)

══════════════════════════════════════════════════
→ 전종목 HOLD
✅ Discord 전송 완료

[10:40] HOLD | KODEX RSI72/-0.5% | 보유:없음 | 최고신호 카카오(035720) 4/2개 [하락-4.1% / BB하단 / MA골 / 호가3.1]
💰 예수금 98,902원 | KODEX200 RSI72/-0.3% 정상 | 매수기준 2개↑

코드      종목명           가격    RSI     변화율    거래량     BB   호가비  B/S
────────────────────────────────────────────────────────────────────────
[2단계 분석 대상: 084850, 079550, 035720, 015760, 055550]
403870  HPSP      52,400    0.0    +0.0%    0.0x     중간  0.28  0/0 [일봉]
⛔ 아우토크립트(137040) 호가 없음 (거래정지 의심)
055550  신한지주      93,600   77.8    -1.5%    0.3x     중간  1.74  3/0 [5분]
035720  카카오       42,350   56.5    -3.8%    0.4x     하단  2.19  4/0 [5분]
015760  한국전력      37,300   58.3    -3.7%    0.4x     하단  1.94  4/0 [5분]
078930  GS        73,600    0.0    +0.0%    0.0x     중간  0.31  0/0 [일봉]
061250  화일약품       8,160    0.0    +0.0%    0.0x     중간  0.68  0/0 [일봉]
217820  원익피앤이      3,115    0.0    +0.0%    0.0x     중간  0.71  0/0 [일봉]
001510  SK증권       3,960    0.0    +0.0%    0.0x     중간  1.01  0/0 [일봉]
056080  유진로봇      25,750    0.0    +0.0%    0.0x     중간  1.28  1/0 [일봉]
084850  아이티엠반도체   13,610   82.2    -3.3%    0.3x     하단  3.16  4/0 [5분]
⛔ 금양(001570) 호가 없음 (거래정지 의심)

══════════════════════════════════════════════════
→ 전종목 HOLD
✅ Discord 전송 완료

[10:42] HOLD | KODEX RSI72/-0.3% | 보유:없음 | 최고신호 카카오(035720) 4/2개 [하락-3.8% / BB하단 / MA골 / 호가2.2]
💰 예수금 98,902원 | KODEX200 RSI73/-0.1% 정상 | 매수기준 2개↑

코드      종목명           가격    RSI     변화율    거래량     BB   호가비  B/S
────────────────────────────────────────────────────────────────────────
[2단계 분석 대상: 066970, 084850, 055550, 000270, 015760]
403870  HPSP      52,600    0.0    +0.0%    0.0x     중간  0.20  0/0 [일봉]
⛔ 아우토크립트(137040) 호가 없음 (거래정지 의심)
055550  신한지주      93,600   75.7    -1.6%    0.3x     중간  1.83  3/0 [5분]
035720  카카오       42,400    0.0    +0.0%    0.0x     중간  1.48  1/0 [일봉]
015760  한국전력      37,350   62.5    -3.5%    0.4x     하단  1.79  4/0 [5분]
078930  GS        73,900    0.0    +0.0%    0.0x     중간  0.42  0/0 [일봉]
061250  화일약품       8,140    0.0    +0.0%    0.0x     중간  0.77  0/0 [일봉]
217820  원익피앤이      3,115    0.0    +0.0%    0.0x     중간  0.77  0/0 [일봉]
001510  SK증권       3,955    0.0    +0.0%    0.0x     중간  0.87  0/0 [일봉]
056080  유진로봇      25,800    0.0    +0.0%    0.0x     중간  1.32  1/0 [일봉]
084850  아이티엠반도체   13,660   82.2    -3.2%    0.3x     하단  2.31  4/0 [5분]
⛔ 금양(001570) 호가 없음 (거래정지 의심)

══════════════════════════════════════════════════
→ 전종목 HOLD
✅ Discord 전송 완료

[10:44] HOLD | KODEX RSI73/-0.1% | 보유:없음 | 최고신호 한국전력(015760) 4/2개 [하락-3.5% / BB하단 / MA골 / 호가1.8]
💰 예수금 98,902원 | KODEX200 RSI73/+0.1% 정상 | 매수기준 2개↑

코드      종목명           가격    RSI     변화율    거래량     BB   호가비  B/S
────────────────────────────────────────────────────────────────────────
[2단계 분석 대상: 001510, 056080, 247540, 035720, 207940]
403870  HPSP      52,600    0.0    +0.0%    0.0x     중간  0.21  0/0 [일봉]
⛔ 아우토크립트(137040) 호가 없음 (거래정지 의심)
055550  신한지주      93,600    0.0    +0.0%    0.0x     중간  0.92  0/0 [일봉]
035720  카카오       42,400   50.8    -3.8%    0.4x     하단  1.64  5/0 [5분]
015760  한국전력      37,400    0.0    +0.0%    0.0x     중간  1.58  1/0 [일봉]
078930  GS        74,000    0.0    +0.0%    0.0x     중간  0.29  0/0 [일봉]
061250  화일약품       8,140    0.0    +0.0%    0.0x     중간  0.96  0/0 [일봉]
217820  원익피앤이      3,105    0.0    +0.0%    0.0x     중간  0.58  0/0 [일봉]
001510  SK증권       3,945   75.5    -5.3%    0.1x     하단  2.14  4/0 [5분]
056080  유진로봇      25,750   32.3    -6.2%    0.6x     하단  1.75  4/0 [5분]
084850  아이티엠반도체   13,660    0.0    +0.0%    0.0x     중간  1.33  1/0 [일봉]
⛔ 금양(001570) 호가 없음 (거래정지 의심)

══════════════════════════════════════════════════
→ 전종목 HOLD
✅ Discord 전송 완료

[10:46] HOLD | KODEX RSI73/+0.1% | 보유:없음 | 최고신호 카카오(035720) 5/2개 [RSI51 / 하락-3.8% / BB하단 / MA골 / 호가1.6]
💰 예수금 98,902원 | KODEX200 RSI73/+0.5% 정상 | 매수기준 2개↑

코드      종목명           가격    RSI     변화율    거래량     BB   호가비  B/S
────────────────────────────────────────────────────────────────────────
[2단계 분석 대상: 084850, 042700, 066970, 015760, 003670]
403870  HPSP      52,800    0.0    +0.0%    0.0x     중간  0.20  0/0 [일봉]
⛔ 아우토크립트(137040) 호가 없음 (거래정지 의심)
055550  신한지주      93,600    0.0    +0.0%    0.0x     중간  0.90  0/0 [일봉]
035720  카카오       42,450    0.0    +0.0%    0.0x     중간  1.17  0/0 [일봉]
015760  한국전력      37,500   62.5    -3.4%    0.4x     하단  1.60  4/0 [5분]
078930  GS        73,900    0.0    +0.0%    0.0x     중간  0.57  0/0 [일봉]
061250  화일약품       8,140    0.0    +0.0%    0.0x     중간  0.87  0/0 [일봉]
217820  원익피앤이      3,100    0.0    +0.0%    0.0x     중간  0.38  0/0 [일봉]
001510  SK증권       3,975    0.0    +0.0%    0.0x     중간  0.97  0/0 [일봉]
056080  유진로봇      25,950    0.0    +0.0%    0.0x     중간  1.00  0/0 [일봉]
084850  아이티엠반도체   13,630   82.7    -3.3%    0.3x     하단  2.14  4/0 [5분]
⛔ 금양(001570) 호가 없음 (거래정지 의심)

══════════════════════════════════════════════════
→ 전종목 HOLD
✅ Discord 전송 완료

[10:48] HOLD | KODEX RSI73/+0.5% | 보유:없음 | 최고신호 한국전력(015760) 4/2개 [하락-3.4% / BB하단 / MA골 / 호가1.6]
💰 예수금 98,902원 | KODEX200 RSI73/+0.2% 정상 | 매수기준 2개↑

코드      종목명           가격    RSI     변화율    거래량     BB   호가비  B/S
────────────────────────────────────────────────────────────────────────
[2단계 분석 대상: 001510, 042700, 015760, 084850, 207940]
403870  HPSP      52,400    0.0    +0.0%    0.0x     중간  0.53  0/0 [일봉]
⛔ 아우토크립트(137040) 호가 없음 (거래정지 의심)
055550  신한지주      93,200    0.0    +0.0%    0.0x     중간  0.74  0/0 [일봉]
035720  카카오       42,450    0.0    +0.0%    0.0x     중간  1.14  0/0 [일봉]
015760  한국전력      37,450   78.0    -3.2%    0.4x     하단  2.16  4/0 [5분]
078930  GS        73,600    0.0    +0.0%    0.0x     중간  0.50  0/0 [일봉]
061250  화일약품       8,140    0.0    +0.0%    0.0x     중간  0.95  0/0 [일봉]
217820  원익피앤이      3,095    0.0    +0.0%    0.0x     중간  0.50  0/0 [일봉]
001510  SK증권       3,955   64.4    -5.0%    0.1x     하단  2.62  4/0 [5분]
056080  유진로봇      25,800    0.0    +0.0%    0.0x     중간  2.00  1/0 [일봉]
084850  아이티엠반도체   13,620   77.4    -3.3%    0.3x     하단  2.14  4/0 [5분]
⛔ 금양(001570) 호가 없음 (거래정지 의심)

══════════════════════════════════════════════════
→ 전종목 HOLD
✅ Discord 전송 완료

[10:50] HOLD | KODEX RSI73/+0.2% | 보유:없음 | 최고신호 한국전력(015760) 4/2개 [하락-3.2% / BB하단 / MA골 / 호가2.2]
💰 예수금 98,902원 | KODEX200 RSI74/+0.7% 정상 | 매수기준 2개↑

코드      종목명           가격    RSI     변화율    거래량     BB   호가비  B/S
────────────────────────────────────────────────────────────────────────
[2단계 분석 대상: 105560, 015760, 056080, 247540, 003670]
403870  HPSP      52,700    0.0    +0.0%    0.0x     중간  0.14  0/0 [일봉]
⛔ 아우토크립트(137040) 호가 없음 (거래정지 의심)
055550  신한지주      93,400    0.0    +0.0%    0.0x     중간  1.30  1/0 [일봉]
035720  카카오       42,450    0.0    +0.0%    0.0x     중간  1.44  1/0 [일봉]
015760  한국전력      37,500   78.0    -3.2%    0.4x     하단  2.21  4/0 [5분]
078930  GS        74,100    0.0    +0.0%    0.0x     중간  0.43  0/0 [일봉]
061250  화일약품       8,140    0.0    +0.0%    0.0x     중간  0.89  0/0 [일봉]
217820  원익피앤이      3,095    0.0    +0.0%    0.0x     중간  0.49  0/0 [일봉]
001510  SK증권       3,970    0.0    +0.0%    0.0x     중간  0.82  0/0 [일봉]
056080  유진로봇      25,850   38.4    -6.0%    0.7x     하단  1.73  4/0 [5분]
084850  아이티엠반도체   13,670    0.0    +0.0%    0.0x     중간  1.30  1/0 [일봉]
⛔ 금양(001570) 호가 없음 (거래정지 의심)

══════════════════════════════════════════════════
→ 전종목 HOLD
✅ Discord 전송 완료

[10:52] HOLD | KODEX RSI74/+0.7% | 보유:없음 | 최고신호 한국전력(015760) 4/2개 [하락-3.2% / BB하단 / MA골 / 호가2.2]
💰 예수금 98,902원 | KODEX200 RSI73/+0.4% 정상 | 매수기준 2개↑

코드      종목명           가격    RSI     변화율    거래량     BB   호가비  B/S
────────────────────────────────────────────────────────────────────────
[2단계 분석 대상: 105560, 056080, 079550, 259960, 012330]
403870  HPSP      52,800    0.0    +0.0%    0.0x     중간  0.13  0/0 [일봉]
⛔ 아우토크립트(137040) 호가 없음 (거래정지 의심)
055550  신한지주      93,500    0.0    +0.0%    0.0x     중간  1.39  1/0 [일봉]
035720  카카오       42,450    0.0    +0.0%    0.0x     중간  1.58  1/0 [일봉]
015760  한국전력      37,600    0.0    +0.0%    0.0x     중간  0.94  0/0 [일봉]
078930  GS        74,000    0.0    +0.0%    0.0x     중간  0.44  0/0 [일봉]
061250  화일약품       8,140    0.0    +0.0%    0.0x     중간  0.96  0/0 [일봉]
217820  원익피앤이      3,095    0.0    +0.0%    0.0x     중간  0.54  0/0 [일봉]
001510  SK증권       3,965    0.0    +0.0%    0.0x     중간  0.85  0/0 [일봉]
056080  유진로봇      25,850   38.8    -6.0%    0.7x     하단  1.95  4/0 [5분]
084850  아이티엠반도체   13,670    0.0    +0.0%    0.0x     중간  1.31  1/0 [일봉]
⛔ 금양(001570) 호가 없음 (거래정지 의심)

══════════════════════════════════════════════════
→ 전종목 HOLD
✅ Discord 전송 완료

[10:54] HOLD | KODEX RSI73/+0.4% | 보유:없음 | 최고신호 유진로봇(056080) 4/2개 [RSI39 / 하락-6.0% / BB하단 / 호가1.9]
💰 예수금 98,902원 | KODEX200 RSI73/+0.2% 정상 | 매수기준 2개↑

코드      종목명           가격    RSI     변화율    거래량     BB   호가비  B/S
────────────────────────────────────────────────────────────────────────
[2단계 분석 대상: 105560, 000270, 084850, 259960, 066970]
403870  HPSP      53,000    0.0    +0.0%    0.0x     중간  0.10  0/0 [일봉]
⛔ 아우토크립트(137040) 호가 없음 (거래정지 의심)
055550  신한지주      93,600    0.0    +0.0%    0.0x     중간  1.41  1/0 [일봉]
035720  카카오       42,450    0.0    +0.0%    0.0x     중간  1.35  1/0 [일봉]
015760  한국전력      37,650    0.0    +0.0%    0.0x     중간  0.79  0/0 [일봉]
078930  GS        73,900    0.0    +0.0%    0.0x     중간  0.40  0/0 [일봉]
061250  화일약품       8,140    0.0    +0.0%    0.0x     중간  0.97  0/0 [일봉]
217820  원익피앤이      3,095    0.0    +0.0%    0.0x     중간  0.60  0/0 [일봉]
001510  SK증권       3,965    0.0    +0.0%    0.0x     중간  0.88  0/0 [일봉]
056080  유진로봇      25,800    0.0    +0.0%    0.0x     중간  1.42  1/0 [일봉]
084850  아이티엠반도체   13,650   69.2    -3.0%    0.3x     하단  2.44  4/0 [5분]
⛔ 금양(001570) 호가 없음 (거래정지 의심)

══════════════════════════════════════════════════
→ 전종목 HOLD
✅ Discord 전송 완료

[10:56] HOLD | KODEX RSI73/+0.2% | 보유:없음 | 최고신호 아이티엠반도체(084850) 4/2개 [하락-3.0% / BB하단 / MA골 / 호가2.4]
💰 예수금 98,902원 | KODEX200 RSI74/+0.8% 정상 | 매수기준 2개↑

코드      종목명           가격    RSI     변화율    거래량     BB   호가비  B/S
────────────────────────────────────────────────────────────────────────
[2단계 분석 대상: 259960, 066970, 035720, 079550, 084850]
403870  HPSP      53,300    0.0    +0.0%    0.0x     중간  0.08  0/0 [일봉]
⛔ 아우토크립트(137040) 호가 없음 (거래정지 의심)
055550  신한지주      93,300    0.0    +0.0%    0.0x     중간  1.28  1/0 [일봉]
035720  카카오       42,450   58.5    -3.5%    0.5x     하단  2.00  4/0 [5분]
015760  한국전력      37,700    0.0    +0.0%    0.0x     중간  0.67  0/0 [일봉]
078930  GS        74,000    0.0    +0.0%    0.0x     중간  0.49  0/0 [일봉]
061250  화일약품       8,140    0.0    +0.0%    0.0x     중간  0.97  0/0 [일봉]
217820  원익피앤이      3,090    0.0    +0.0%    0.0x     중간  0.72  0/0 [일봉]
001510  SK증권       3,975    0.0    +0.0%    0.0x     중간  0.65  0/0 [일봉]
056080  유진로봇      25,800    0.0    +0.0%    0.0x     중간  1.62  1/0 [일봉]
084850  아이티엠반도체   13,700   69.2    -2.7%    0.3x     하단  1.90  4/0 [5분]
⛔ 금양(001570) 호가 없음 (거래정지 의심)

══════════════════════════════════════════════════
🟢 BUY 아이티엠반도체(084850) 조건4개 [하락-2.7%/BB하단/MA골/호가1.9] 신뢰도0.85 ratio0.5
💰 예수금: 98,902원
📊 아이티엠반도체(084850) 매도1호가: 13,700원 | 매수1호가: 13,610원
📌 BUY 지정가: 13,610원 × 3주 = 40,830원
✅ 접수 | 매수 주문 접수: 아이티엠반도체 3주 (주문번호: 0419966)
✅ Discord 전송 완료

[10:58] 🟢BUY | KODEX RSI74/+0.8% | 예수금 98,902원

🟢 아이티엠반도체(084850)  4/2  RSI69 -2.7% 0.3x  [하락-2.7%·BB하단·MA골·호가1.9]

🔹 카카오  4/2  RSI58 -3.5%  [하락-3.5%·BB하단·MA골·호가2.0]
🔶 신한지주  1/2  RSI0 +0.0%  [호가1.3]
🔶 유진로봇  1/2  RSI0 +0.0%  [호가1.6]
💰 예수금 98,902원 | KODEX200 RSI73/+0.3% 정상 | 매수기준 2개↑

코드      종목명           가격    RSI     변화율    거래량     BB   호가비  B/S
────────────────────────────────────────────────────────────────────────
[2단계 분석 대상: 079550, 000270, 056080, 066970, 015760]
403870  HPSP      53,100    0.0    +0.0%    0.0x     중간  0.09  0/0 [일봉]
⛔ 아우토크립트(137040) 호가 없음 (거래정지 의심)
055550  신한지주      93,000    0.0    +0.0%    0.0x     중간  1.69  1/0 [일봉]
035720  카카오       42,250    0.0    +0.0%    0.0x     중간  2.67  1/0 [일봉]
015760  한국전력      37,400   69.4    -3.4%    0.4x     하단  2.87  4/0 [5분]
078930  GS        73,600    0.0    +0.0%    0.0x     중간  0.32  0/0 [일봉]
061250  화일약품       8,140    0.0    +0.0%    0.0x     중간  0.56  0/0 [일봉]
217820  원익피앤이      3,095    0.0    +0.0%    0.0x     중간  0.83  0/0 [일봉]
001510  SK증권       3,950    0.0    +0.0%    0.0x     중간  1.86  1/0 [일봉]
056080  유진로봇      25,600   44.8    -6.7%    0.7x     하단  3.62  4/0 [5분]
084850  아이티엠반도체   13,700    0.0    +0.0%    0.0x     중간  1.90  1/0 [일봉]
⛔ 금양(001570) 호가 없음 (거래정지 의심)

══════════════════════════════════════════════════
→ 전종목 HOLD
✅ Discord 전송 완료

[11:00] HOLD | KODEX RSI73/+0.3% | 보유:없음 | 최고신호 한국전력(015760) 4/2개 [하락-3.4% / BB하단 / MA골 / 호가2.9]
💰 예수금 98,902원 | KODEX200 RSI73/+0.1% 정상 | 매수기준 2개↑

코드      종목명           가격    RSI     변화율    거래량     BB   호가비  B/S
────────────────────────────────────────────────────────────────────────
[2단계 분석 대상: 012450, 000270, 005380, 079550, 012330]
403870  HPSP      52,900    0.0    +0.0%    0.0x     중간  0.20  0/0 [일봉]
⛔ 아우토크립트(137040) 호가 없음 (거래정지 의심)
055550  신한지주      93,100    0.0    +0.0%    0.0x     중간  1.99  1/0 [일봉]
035720  카카오       42,250    0.0    +0.0%    0.0x     중간  2.82  1/0 [일봉]
015760  한국전력      37,400    0.0    +0.0%    0.0x     중간  2.23  1/0 [일봉]
078930  GS        73,300    0.0    +0.0%    0.0x     중간  0.45  0/0 [일봉]
061250  화일약품       8,140    0.0    +0.0%    0.0x     중간  0.62  0/0 [일봉]
217820  원익피앤이      3,095    0.0    +0.0%    0.0x     중간  0.85  0/0 [일봉]
001510  SK증권       3,960    0.0    +0.0%    0.0x     중간  1.18  0/0 [일봉]
056080  유진로봇      25,700    0.0    +0.0%    0.0x     중간  1.87  1/0 [일봉]
084850  아이티엠반도체   13,700    0.0    +0.0%    0.0x     중간  1.78  1/0 [일봉]
⛔ 금양(001570) 호가 없음 (거래정지 의심)

══════════════════════════════════════════════════
→ 전종목 HOLD
✅ Discord 전송 완료

[11:02] HOLD | KODEX RSI73/+0.1% | 보유:없음 | 최고신호 신한지주(055550) 1/2개 [호가2.0]
💰 예수금 98,902원 | KODEX200 RSI73/+0.3% 정상 | 매수기준 2개↑

코드      종목명           가격    RSI     변화율    거래량     BB   호가비  B/S
────────────────────────────────────────────────────────────────────────
[2단계 분석 대상: 084850, 000270, 012450, 035720, 012330]
403870  HPSP      53,000    0.0    +0.0%    0.0x     중간  0.14  0/0 [일봉]
⛔ 아우토크립트(137040) 호가 없음 (거래정지 의심)
055550  신한지주      93,000    0.0    +0.0%    0.0x     중간  1.96  1/0 [일봉]
035720  카카오       42,350   66.7    -3.9%    0.5x     하단  3.34  4/0 [5분]
015760  한국전력      37,400    0.0    +0.0%    0.0x     중간  2.64  1/0 [일봉]
078930  GS        73,500    0.0    +0.0%    0.0x     중간  0.35  0/0 [일봉]
061250  화일약품       8,090    0.0    +0.0%    0.0x     중간  0.59  0/0 [일봉]
217820  원익피앤이      3,095    0.0    +0.0%    0.0x     중간  0.87  0/0 [일봉]
001510  SK증권       3,960    0.0    +0.0%    0.0x     중간  1.54  1/0 [일봉]
056080  유진로봇      25,700    0.0    +0.0%    0.0x     중간  2.00  1/0 [일봉]
084850  아이티엠반도체   13,700   69.2    -2.7%    0.3x     하단  9.68  4/0 [5분]
⛔ 금양(001570) 호가 없음 (거래정지 의심)

══════════════════════════════════════════════════
🟢 BUY 아이티엠반도체(084850) 조건4개 [하락-2.7%/BB하단/MA골/호가9.7] 신뢰도0.85 ratio0.5
💰 예수금: 98,902원
📊 아이티엠반도체(084850) 매도1호가: 13,700원 | 매수1호가: 13,640원
📌 BUY 지정가: 13,640원 × 3주 = 40,920원
✅ 접수 | 매수 주문 접수: 아이티엠반도체 3주 (주문번호: 0429141)
✅ Discord 전송 완료

[11:04] 🟢BUY | KODEX RSI73/+0.3% | 예수금 98,902원

🟢 아이티엠반도체(084850)  4/2  RSI69 -2.7% 0.3x  [하락-2.7%·BB하단·MA골·호가9.7]

🔹 카카오  4/2  RSI67 -3.9%  [하락-3.9%·BB하단·MA골·호가3.3]
🔶 신한지주  1/2  RSI0 +0.0%  [호가2.0]
🔶 한국전력  1/2  RSI0 +0.0%  [호가2.6]
🔶 SK증권  1/2  RSI0 +0.0%  [호가1.5]
🔶 유진로봇  1/2  RSI0 +0.0%  [호가2.0]
💰 예수금 98,902원 | KODEX200 RSI73/+0.5% 정상 | 매수기준 2개↑

코드      종목명           가격    RSI     변화율    거래량     BB   호가비  B/S
────────────────────────────────────────────────────────────────────────
[2단계 분석 대상: 084850, 000270, 012450, 035720, 012330]
403870  HPSP      53,000    0.0    +0.0%    0.0x     중간  0.14  0/0 [일봉]
⛔ 아우토크립트(137040) 호가 없음 (거래정지 의심)
055550  신한지주      93,100    0.0    +0.0%    0.0x     중간  2.24  1/0 [일봉]
035720  카카오       42,300   66.7    -3.9%    0.5x     하단  3.18  4/0 [5분]
015760  한국전력      37,400    0.0    +0.0%    0.0x     중간  2.58  1/0 [일봉]
078930  GS        73,000    0.0    +0.0%    0.0x     중간  1.02  0/0 [일봉]
061250  화일약품       8,090    0.0    +0.0%    0.0x     중간  0.74  0/0 [일봉]
217820  원익피앤이      3,105    0.0    +0.0%    0.0x     중간  0.76  0/0 [일봉]
001510  SK증권       3,965    0.0    +0.0%    0.0x     중간  1.48  1/0 [일봉]
056080  유진로봇      25,700    0.0    +0.0%    0.0x     중간  1.95  1/0 [일봉]
084850  아이티엠반도체   13,700   69.5    -2.7%    0.3x     하단 10.35  4/0 [5분]
⛔ 금양(001570) 호가 없음 (거래정지 의심)

══════════════════════════════════════════════════
🟢 BUY 아이티엠반도체(084850) 조건4개 [하락-2.7%/BB하단/MA골/호가10.3] 신뢰도0.85 ratio0.5
💰 예수금: 98,902원
📊 아이티엠반도체(084850) 매도1호가: 13,700원 | 매수1호가: 13,640원
📌 BUY 지정가: 13,640원 × 3주 = 40,920원
⚠️  거절 | 주문 실패: API 오류: [2000](855056:매수증거금이 부족합니다. 1주 매수가능)
⚠️ BUY 아이티엠반도체(084850) 거절: 💰 예수금: 98,902원
📊 아이티엠반도체(084850) 매도1호가: 13,700원 | 매수1호가: 13,640원
📌 BUY 지정가: 13,640원 × 3주 = 40,920원
⚠️  거절 | 주문 실패: API 오류: [2000](855056:매수증거금이 부족합니다. 1주 매수가능)
→ 전종목 HOLD
✅ Discord 전송 완료

[11:06] HOLD | KODEX RSI73/+0.5% | 보유:없음 | 최고신호 카카오(035720) 4/2개 [하락-3.9% / BB하단 / MA골 / 호가3.2]
💰 예수금 98,902원 | KODEX200 RSI73/+0.3% 정상 | 매수기준 2개↑

코드      종목명           가격    RSI     변화율    거래량     BB   호가비  B/S
────────────────────────────────────────────────────────────────────────
[2단계 분석 대상: 084850, 012450, 105560, 015760, 000270]
403870  HPSP      52,900    0.0    +0.0%    0.0x     중간  0.14  0/0 [일봉]
⛔ 아우토크립트(137040) 호가 없음 (거래정지 의심)
055550  신한지주      93,200    0.0    +0.0%    0.0x     중간  1.93  1/0 [일봉]
035720  카카오       42,300    0.0    +0.0%    0.0x     중간  2.65  1/0 [일봉]
015760  한국전력      37,350   71.4    -3.6%    0.5x     하단  3.35  4/0 [5분]
078930  GS        72,900    0.0    +0.0%    0.0x     중간  1.26  1/0 [일봉]
061250  화일약품       8,090    0.0    +0.0%    0.0x     중간  0.77  0/0 [일봉]
217820  원익피앤이      3,110    0.0    +0.0%    0.0x     중간  0.77  0/0 [일봉]
001510  SK증권       3,960    0.0    +0.0%    0.0x     중간  1.65  1/0 [일봉]
056080  유진로봇      25,650    0.0    +0.0%    0.0x     중간  2.61  1/0 [일봉]
084850  아이티엠반도체   13,750   69.5    -2.3%    0.3x     하단  7.95  4/0 [5분]
⛔ 금양(001570) 호가 없음 (거래정지 의심)

══════════════════════════════════════════════════
🟢 BUY 아이티엠반도체(084850) 조건4개 [하락-2.3%/BB하단/MA골/호가8.0] 신뢰도0.85 ratio0.5
💰 예수금: 98,902원
📊 아이티엠반도체(084850) 매도1호가: 13,750원 | 매수1호가: 13,660원
📌 BUY 지정가: 13,660원 × 3주 = 40,980원
⚠️  거절 | 주문 실패: API 오류: [2000](855056:매수증거금이 부족합니다. 1주 매수가능)
⚠️ BUY 아이티엠반도체(084850) 거절: 💰 예수금: 98,902원
📊 아이티엠반도체(084850) 매도1호가: 13,750원 | 매수1호가: 13,660원
📌 BUY 지정가: 13,660원 × 3주 = 40,980원
⚠️  거절 | 주문 실패: API 오류: [2000](855056:매수증거금이 부족합니다. 1주 매수가능)
→ 전종목 HOLD
✅ Discord 전송 완료

[11:08] HOLD | KODEX RSI73/+0.3% | 보유:없음 | 최고신호 한국전력(015760) 4/2개 [하락-3.6% / BB하단 / MA골 / 호가3.4]
💰 예수금 98,902원 | KODEX200 RSI73/+0.5% 정상 | 매수기준 2개↑

코드      종목명           가격    RSI     변화율    거래량     BB   호가비  B/S
────────────────────────────────────────────────────────────────────────
[2단계 분석 대상: 012450, 035720, 000270, 015760, 068270]
403870  HPSP      53,000    0.0    +0.0%    0.0x     중간  0.13  0/0 [일봉]
⛔ 아우토크립트(137040) 호가 없음 (거래정지 의심)
055550  신한지주      93,200    0.0    +0.0%    0.0x     중간  2.27  1/0 [일봉]
035720  카카오       42,350   64.2    -3.8%    0.5x     하단  4.11  4/0 [5분]
015760  한국전력      37,400   67.6    -3.5%    0.5x     하단  2.83  4/0 [5분]
078930  GS        73,200    0.0    +0.0%    0.0x     중간  0.35  0/0 [일봉]
061250  화일약품       8,090    0.0    +0.0%    0.0x     중간  0.77  0/0 [일봉]
217820  원익피앤이      3,115    0.0    +0.0%    0.0x     중간  1.14  0/0 [일봉]
001510  SK증권       3,980    0.0    +0.0%    0.0x     중간  0.89  0/0 [일봉]
056080  유진로봇      25,650    0.0    +0.0%    0.0x     중간  1.69  1/0 [일봉]
084850  아이티엠반도체   13,750    0.0    +0.0%    0.0x     중간  1.88  1/0 [일봉]
⛔ 금양(001570) 호가 없음 (거래정지 의심)

══════════════════════════════════════════════════
→ 전종목 HOLD
✅ Discord 전송 완료

[11:10] HOLD | KODEX RSI73/+0.5% | 보유:없음 | 최고신호 카카오(035720) 4/2개 [하락-3.8% / BB하단 / MA골 / 호가4.1]
💰 예수금 98,902원 | KODEX200 RSI74/+0.7% 정상 | 매수기준 2개↑

코드      종목명           가격    RSI     변화율    거래량     BB   호가비  B/S
────────────────────────────────────────────────────────────────────────
[2단계 분석 대상: 012450, 000270, 259960, 035720, 055550]
403870  HPSP      53,300    0.0    +0.0%    0.0x     중간  0.09  0/0 [일봉]
⛔ 아우토크립트(137040) 호가 없음 (거래정지 의심)
055550  신한지주      93,300   72.7    -2.0%    0.3x     하단  2.30  4/0 [5분]
035720  카카오       42,450   64.2    -3.5%    0.5x     하단  2.52  4/0 [5분]
015760  한국전력      37,550    0.0    +0.0%    0.0x     중간  1.14  0/0 [일봉]
078930  GS        73,300    0.0    +0.0%    0.0x     중간  0.37  0/0 [일봉]
061250  화일약품       8,090    0.0    +0.0%    0.0x     중간  0.77  0/0 [일봉]
217820  원익피앤이      3,135    0.0    +0.0%    0.0x     중간  1.14  0/0 [일봉]
001510  SK증권       4,015    0.0    +0.0%    0.0x     중간  1.72  1/0 [일봉]
056080  유진로봇      25,900    0.0    +0.0%    0.0x     중간  1.26  1/0 [일봉]
084850  아이티엠반도체   13,750    0.0    +0.0%    0.0x     중간  1.30  1/0 [일봉]
⛔ 금양(001570) 호가 없음 (거래정지 의심)

══════════════════════════════════════════════════
→ 전종목 HOLD
✅ Discord 전송 완료

[11:12] HOLD | KODEX RSI74/+0.7% | 보유:없음 | 최고신호 신한지주(055550) 4/2개 [하락-2.0% / BB하단 / MA골 / 호가2.3]
💰 예수금 98,902원 | KODEX200 RSI74/+1.1% 정상 | 매수기준 2개↑

코드      종목명           가격    RSI     변화율    거래량     BB   호가비  B/S
────────────────────────────────────────────────────────────────────────
[2단계 분석 대상: 000270, 012450, 105560, 259960, 035720]
403870  HPSP      54,100    0.0    +0.0%    0.0x     중간  0.14  0/0 [일봉]
⛔ 아우토크립트(137040) 호가 없음 (거래정지 의심)
055550  신한지주      93,200    0.0    +0.0%    0.0x     중간  1.34  1/0 [일봉]
035720  카카오       42,450   73.5    -3.5%    0.5x     하단  2.22  4/0 [5분]
015760  한국전력      37,650    0.0    +0.0%    0.0x     중간  0.97  0/0 [일봉]
078930  GS        73,400    0.0    +0.0%    0.0x     중간  0.53  0/0 [일봉]
061250  화일약품       8,090    0.0    +0.0%    0.0x     중간  0.59  0/0 [일봉]
217820  원익피앤이      3,140    0.0    +0.0%    0.0x     중간  1.07  0/0 [일봉]
001510  SK증권       4,015    0.0    +0.0%    0.0x     중간  0.88  0/0 [일봉]
056080  유진로봇      26,150    0.0    +0.0%    0.0x     중간  0.27  0/0 [일봉]
084850  아이티엠반도체   13,790    0.0    +0.0%    0.0x     중간  1.05  0/0 [일봉]
⛔ 금양(001570) 호가 없음 (거래정지 의심)

══════════════════════════════════════════════════
→ 전종목 HOLD
✅ Discord 전송 완료

[11:14] HOLD | KODEX RSI74/+1.1% | 보유:없음 | 최고신호 카카오(035720) 4/2개 [하락-3.5% / BB하단 / MA골 / 호가2.2]
💰 예수금 98,902원 | KODEX200 RSI74/+1.3% 정상 | 매수기준 2개↑

코드      종목명           가격    RSI     변화율    거래량     BB   호가비  B/S
────────────────────────────────────────────────────────────────────────
[2단계 분석 대상: 105560, 012450, 035720, 207940, 259960]
403870  HPSP      54,000    0.0    +0.0%    0.0x     중간  0.27  0/0 [일봉]
⛔ 아우토크립트(137040) 호가 없음 (거래정지 의심)
055550  신한지주      93,300    0.0    +0.0%    0.0x     중간  2.07  1/0 [일봉]
035720  카카오       42,500   73.5    -3.4%    0.5x     하단  3.98  4/0 [5분]
015760  한국전력      37,600    0.0    +0.0%    0.0x     중간  1.05  0/0 [일봉]
078930  GS        73,400    0.0    +0.0%    0.0x     중간  0.48  0/0 [일봉]
061250  화일약품       8,090    0.0    +0.0%    0.0x     중간  0.60  0/0 [일봉]
217820  원익피앤이      3,145    0.0    +0.0%    0.0x     중간  1.06  0/0 [일봉]
001510  SK증권       4,020    0.0    +0.0%    0.0x     중간  1.91  1/0 [일봉]
056080  유진로봇      26,050    0.0    +0.0%    0.0x     중간  0.49  0/0 [일봉]
084850  아이티엠반도체   13,810    0.0    +0.0%    0.0x     중간  0.29  0/0 [일봉]
⛔ 금양(001570) 호가 없음 (거래정지 의심)

══════════════════════════════════════════════════
→ 전종목 HOLD
✅ Discord 전송 완료

[11:16] HOLD | KODEX RSI74/+1.3% | 보유:없음 | 최고신호 카카오(035720) 4/2개 [하락-3.4% / BB하단 / MA골 / 호가4.0]
💰 예수금 98,902원 | KODEX200 RSI74/+1.3% 정상 | 매수기준 2개↑

코드      종목명           가격    RSI     변화율    거래량     BB   호가비  B/S
────────────────────────────────────────────────────────────────────────
[2단계 분석 대상: 105560, 000270, 012450, 207940, 035720]
403870  HPSP      54,300    0.0    +0.0%    0.0x     중간  0.12  0/0 [일봉]
⛔ 아우토크립트(137040) 호가 없음 (거래정지 의심)
055550  신한지주      93,300    0.0    +0.0%    0.0x     중간  1.62  1/0 [일봉]
035720  카카오       42,450   73.5    -3.5%    0.5x     하단  3.26  4/0 [5분]
015760  한국전력      37,500    0.0    +0.0%    0.0x     중간  1.38  1/0 [일봉]
078930  GS        73,300    0.0    +0.0%    0.0x     중간  0.45  0/0 [일봉]
061250  화일약품       8,090    0.0    +0.0%    0.0x     중간  0.82  0/0 [일봉]
217820  원익피앤이      3,140    0.0    +0.0%    0.0x     중간  1.44  1/0 [일봉]
001510  SK증권       4,015    0.0    +0.0%    0.0x     중간  2.06  1/0 [일봉]
056080  유진로봇      26,000    0.0    +0.0%    0.0x     중간  1.23  1/0 [일봉]
084850  아이티엠반도체   13,810    0.0    +0.0%    0.0x     중간  0.19  0/0 [일봉]
⛔ 금양(001570) 호가 없음 (거래정지 의심)

══════════════════════════════════════════════════
→ 전종목 HOLD
✅ Discord 전송 완료

[11:18] HOLD | KODEX RSI74/+1.3% | 보유:없음 | 최고신호 카카오(035720) 4/2개 [하락-3.5% / BB하단 / MA골 / 호가3.3]
💰 예수금 98,902원 | KODEX200 RSI74/+1.4% 정상 | 매수기준 2개↑

코드      종목명           가격    RSI     변화율    거래량     BB   호가비  B/S
────────────────────────────────────────────────────────────────────────
[2단계 분석 대상: 247540, 105560, 012450, 000270, 035720]
403870  HPSP      54,600    0.0    +0.0%    0.0x     중간  0.48  0/0 [일봉]
⛔ 아우토크립트(137040) 호가 없음 (거래정지 의심)
055550  신한지주      93,200    0.0    +0.0%    0.0x     중간  1.57  1/0 [일봉]
035720  카카오       42,450   68.3    -3.5%    0.5x     하단  2.80  4/0 [5분]
015760  한국전력      37,500    0.0    +0.0%    0.0x     중간  1.68  1/0 [일봉]
078930  GS        73,300    0.0    +0.0%    0.0x     중간  0.49  0/0 [일봉]
061250  화일약품       8,090    0.0    +0.0%    0.0x     중간  0.83  0/0 [일봉]
217820  원익피앤이      3,140    0.0    +0.0%    0.0x     중간  1.16  0/0 [일봉]
001510  SK증권       4,015    0.0    +0.0%    0.0x     중간  2.41  1/0 [일봉]
056080  유진로봇      26,050    0.0    +0.0%    0.0x     중간  0.73  0/0 [일봉]
084850  아이티엠반도체   13,800    0.0    +0.0%    0.0x     중간  0.37  0/0 [일봉]
⛔ 금양(001570) 호가 없음 (거래정지 의심)

══════════════════════════════════════════════════
→ 전종목 HOLD
✅ Discord 전송 완료

[11:20] HOLD | KODEX RSI74/+1.4% | 보유:없음 | 최고신호 카카오(035720) 4/2개 [하락-3.5% / BB하단 / MA골 / 호가2.8]
💰 예수금 57,901원 | KODEX200 RSI74/+1.6% 정상 | 매수기준 2개↑
📦 보유 아이티엠반도체(084850) 3주 -0.3%

코드      종목명           가격    RSI     변화율    거래량     BB   호가비  B/S
────────────────────────────────────────────────────────────────────────
[2단계 분석 대상: 084850, 247540, 000270, 105560, 035720, 066970]
403870  HPSP      54,400    0.0    +0.0%    0.0x     중간  0.19  0/0 [일봉]
⛔ 아우토크립트(137040) 호가 없음 (거래정지 의심)
035720  카카오       42,450   68.3    -3.5%    0.5x     하단  2.87  4/0 [5분]
015760  한국전력      37,550    0.0    +0.0%    0.0x     중간  1.13  0/0 [일봉]
061250  화일약품       8,090    0.0    +0.0%    0.0x     중간  0.83  0/0 [일봉]
217820  원익피앤이      3,140    0.0    +0.0%    0.0x     중간  1.10  0/0 [일봉]
001510  SK증권       4,025    0.0    +0.0%    0.0x     중간  2.56  1/0 [일봉]
056080  유진로봇      26,050    0.0    +0.0%    0.0x     중간  0.80  0/0 [일봉]
084850  아이티엠반도체   13,760   70.5    -2.3%    0.3x     하단  4.90  4/1 [5분]
⛔ 금양(001570) 호가 없음 (거래정지 의심)

══════════════════════════════════════════════════
→ 전종목 HOLD
✅ Discord 전송 완료

[11:22] HOLD | KODEX RSI74/+1.6% | 보유:아이티엠(084850) -0.3% | 최고신호 카카오(035720) 4/2개 [하락-3.5% / BB하단 / MA골 / 호가2.9]
💰 예수금 57,900원 | KODEX200 RSI74/+1.9% 정상 | 매수기준 2개↑
📦 보유 아이티엠반도체(084850) 3주 +0.9%

코드      종목명           가격    RSI     변화율    거래량     BB   호가비  B/S
────────────────────────────────────────────────────────────────────────
[2단계 분석 대상: 084850, 078930, 105560, 000270, 012450, 035720]
403870  HPSP      54,600    0.0    +0.0%    0.0x     중간  0.23  0/0 [일봉]
⛔ 아우토크립트(137040) 호가 없음 (거래정지 의심)
035720  카카오       42,500   81.1    -3.4%    0.5x     하단  3.13  4/0 [5분]
015760  한국전력      37,600    0.0    +0.0%    0.0x     중간  1.17  0/0 [일봉]
061250  화일약품       8,090    0.0    +0.0%    0.0x     중간  0.84  0/0 [일봉]
217820  원익피앤이      3,145    0.0    +0.0%    0.0x     중간  1.09  0/0 [일봉]
001510  SK증권       4,030    0.0    +0.0%    0.0x     중간  1.35  1/0 [일봉]
056080  유진로봇      26,150    0.0    +0.0%    0.0x     중간  1.26  1/0 [일봉]
084850  아이티엠반도체   13,790   70.5    -2.1%    0.3x     하단  4.62  4/1 [5분]
⛔ 금양(001570) 호가 없음 (거래정지 의심)

══════════════════════════════════════════════════
→ 전종목 HOLD
✅ Discord 전송 완료

[11:24] HOLD | KODEX RSI74/+1.9% | 보유:아이티엠(084850) +0.9% | 최고신호 카카오(035720) 4/2개 [하락-3.4% / BB하단 / MA골 / 호가3.1]
💰 예수금 57,900원 | KODEX200 RSI74/+2.0% 정상 | 매수기준 2개↑
📦 보유 아이티엠반도체(084850) 3주 +0.5%

코드      종목명           가격    RSI     변화율    거래량     BB   호가비  B/S
────────────────────────────────────────────────────────────────────────
[2단계 분석 대상: 084850, 078930, 000270, 012450, 207940, 035720]
403870  HPSP      54,400    0.0    +0.0%    0.0x     중간  0.21  0/0 [일봉]
⛔ 아우토크립트(137040) 호가 없음 (거래정지 의심)
035720  카카오       42,550   81.1    -3.4%    0.5x     하단  2.32  4/0 [5분]
015760  한국전력      37,600    0.0    +0.0%    0.0x     중간  0.94  0/0 [일봉]
061250  화일약품       8,090    0.0    +0.0%    0.0x     중간  0.84  0/0 [일봉]
217820  원익피앤이      3,145    0.0    +0.0%    0.0x     중간  1.10  0/0 [일봉]
001510  SK증권       4,030    0.0    +0.0%    0.0x     중간  1.84  1/0 [일봉]
056080  유진로봇      26,100    0.0    +0.0%    0.0x     중간  1.21  1/0 [일봉]
084850  아이티엠반도체   13,790   70.8    -2.4%    0.3x     하단  3.70  4/1 [5분]
⛔ 금양(001570) 호가 없음 (거래정지 의심)

══════════════════════════════════════════════════
→ 전종목 HOLD
✅ Discord 전송 완료

[11:26] HOLD | KODEX RSI74/+2.0% | 보유:아이티엠(084850) +0.5% | 최고신호 카카오(035720) 4/2개 [하락-3.4% / BB하단 / MA골 / 호가2.3]
💰 예수금 57,900원 | KODEX200 RSI74/+1.9% 정상 | 매수기준 2개↑
📦 보유 아이티엠반도체(084850) 3주 +0.9%

코드      종목명           가격    RSI     변화율    거래량     BB   호가비  B/S
────────────────────────────────────────────────────────────────────────
[2단계 분석 대상: 084850, 000270, 078930, 012450, 035720, 068270]
403870  HPSP      54,400    0.0    +0.0%    0.0x     중간  0.21  0/0 [일봉]
⛔ 아우토크립트(137040) 호가 없음 (거래정지 의심)
035720  카카오       42,400   81.1    -3.6%    0.5x     하단  3.79  4/0 [5분]
015760  한국전력      37,600    0.0    +0.0%    0.0x     중간  1.10  0/0 [일봉]
061250  화일약품       8,090    0.0    +0.0%    0.0x     중간  0.84  0/0 [일봉]
217820  원익피앤이      3,145    0.0    +0.0%    0.0x     중간  1.27  1/0 [일봉]
001510  SK증권       4,030    0.0    +0.0%    0.0x     중간  2.31  1/0 [일봉]
056080  유진로봇      26,050    0.0    +0.0%    0.0x     중간  1.32  1/0 [일봉]
084850  아이티엠반도체   13,790   70.8    -2.4%    0.3x     하단  2.82  4/1 [5분]
⛔ 금양(001570) 호가 없음 (거래정지 의심)

══════════════════════════════════════════════════
→ 전종목 HOLD
✅ Discord 전송 완료

[11:28] HOLD | KODEX RSI74/+1.9% | 보유:아이티엠(084850) +0.9% | 최고신호 카카오(035720) 4/2개 [하락-3.6% / BB하단 / MA골 / 호가3.8]
💰 예수금 57,900원 | KODEX200 RSI75/+2.2% 정상 | 매수기준 2개↑
📦 보유 아이티엠반도체(084850) 3주 +1.0%

코드      종목명           가격    RSI     변화율    거래량     BB   호가비  B/S
────────────────────────────────────────────────────────────────────────
[2단계 분석 대상: 084850, 078930, 217820, 035720, 012450, 000270]
403870  HPSP      54,700    0.0    +0.0%    0.0x     중간  0.22  0/0 [일봉]
⛔ 아우토크립트(137040) 호가 없음 (거래정지 의심)
035720  카카오       42,450   83.8    -3.5%    0.5x     하단  3.96  4/0 [5분]
015760  한국전력      37,600    0.0    +0.0%    0.0x     중간  1.36  1/0 [일봉]
061250  화일약품       8,090    0.0    +0.0%    0.0x     중간  0.84  0/0 [일봉]
217820  원익피앤이      3,155   64.7    -0.8%    0.5x     하단  4.59  3/0 [5분]
001510  SK증권       4,010    0.0    +0.0%    0.0x     중간  2.41  1/0 [일봉]
056080  유진로봇      26,100    0.0    +0.0%    0.0x     중간  1.26  1/0 [일봉]
084850  아이티엠반도체   13,800   70.4    -2.0%    0.3x     하단  3.16  4/1 [5분]
⛔ 금양(001570) 호가 없음 (거래정지 의심)

══════════════════════════════════════════════════
🟢 BUY 원익피앤이(217820) 조건3개 [BB하단/MA골/호가4.6] 신뢰도0.75 ratio0.5
💰 예수금: 57,900원
📊 원익피앤이(217820) 매도1호가: 3,145원 | 매수1호가: 3,135원
📌 BUY 지정가: 3,135원 × 9주 = 28,215원
⚠️  거절 | 주문 실패: API 오류: [2000](855056:매수증거금이 부족합니다. 5주 매수가능)
⚠️ BUY 원익피앤이(217820) 거절: 💰 예수금: 57,900원
📊 원익피앤이(217820) 매도1호가: 3,145원 | 매수1호가: 3,135원
📌 BUY 지정가: 3,135원 × 9주 = 28,215원
⚠️  거절 | 주문 실패: API 오류: [2000](855056:매수증거금이 부족합니다. 5주 매수가능)
→ 전종목 HOLD
✅ Discord 전송 완료

[11:30] HOLD | KODEX RSI75/+2.2% | 보유:아이티엠(084850) +1.0% | 최고신호 카카오(035720) 4/2개 [하락-3.5% / BB하단 / MA골 / 호가4.0]
💰 예수금 57,900원 | KODEX200 RSI74/+1.7% 정상 | 매수기준 2개↑
📦 보유 아이티엠반도체(084850) 3주 +0.7%

코드      종목명           가격    RSI     변화율    거래량     BB   호가비  B/S
────────────────────────────────────────────────────────────────────────
[2단계 분석 대상: 084850, 000270, 035720, 078930, 001510, 068270]
403870  HPSP      53,900    0.0    +0.0%    0.0x     중간  0.86  0/0 [일봉]
⛔ 아우토크립트(137040) 호가 없음 (거래정지 의심)
035720  카카오       42,400   83.8    -3.5%    0.5x     하단  4.37  4/0 [5분]
015760  한국전력      37,600    0.0    +0.0%    0.0x     중간  1.27  1/0 [일봉]
061250  화일약품       8,130    0.0    +0.0%    0.0x     중간  0.80  0/0 [일봉]
217820  원익피앤이      3,145    0.0    +0.0%    0.0x     중간  3.04  1/0 [일봉]
001510  SK증권       4,010   76.2    -3.6%    0.2x     하단  3.59  4/0 [5분]
056080  유진로봇      26,050    0.0    +0.0%    0.0x     중간  1.64  1/0 [일봉]
084850  아이티엠반도체   13,750   70.4    -2.4%    0.3x     하단  4.05  4/1 [5분]
⛔ 금양(001570) 호가 없음 (거래정지 의심)

══════════════════════════════════════════════════
→ 전종목 HOLD
✅ Discord 전송 완료

[11:32] HOLD | KODEX RSI74/+1.7% | 보유:아이티엠(084850) +0.7% | 최고신호 카카오(035720) 4/2개 [하락-3.5% / BB하단 / MA골 / 호가4.4]
💰 예수금 57,900원 | KODEX200 RSI74/+1.9% 정상 | 매수기준 2개↑
📦 보유 아이티엠반도체(084850) 3주 +1.0%

코드      종목명           가격    RSI     변화율    거래량     BB   호가비  B/S
────────────────────────────────────────────────────────────────────────
[2단계 분석 대상: 084850, 035720, 000270, 078930, 217820, 042700]
403870  HPSP      54,100    0.0    +0.0%    0.0x     중간  0.17  0/0 [일봉]
⛔ 아우토크립트(137040) 호가 없음 (거래정지 의심)
035720  카카오       42,450   88.6    -3.5%    0.5x     하단  5.61  4/0 [5분]
015760  한국전력      37,600    0.0    +0.0%    0.0x     중간  1.26  1/0 [일봉]
061250  화일약품       8,130    0.0    +0.0%    0.0x     중간  0.80  0/0 [일봉]
217820  원익피앤이      3,145   64.7    -1.1%    0.5x     하단  3.39  4/0 [5분]
001510  SK증권       4,005    0.0    +0.0%    0.0x     중간  2.11  1/0 [일봉]
056080  유진로봇      26,100    0.0    +0.0%    0.0x     중간  1.41  1/0 [일봉]
084850  아이티엠반도체   13,770   70.2    -2.0%    0.3x     하단  5.98  4/1 [5분]
⛔ 금양(001570) 호가 없음 (거래정지 의심)

══════════════════════════════════════════════════
🟢 BUY 원익피앤이(217820) 조건4개 [하락-1.1%/BB하단/MA골/호가3.4] 신뢰도0.85 ratio0.5
💰 예수금: 57,900원
📊 원익피앤이(217820) 매도1호가: 3,145원 | 매수1호가: 3,140원
📌 BUY 지정가: 3,140원 × 9주 = 28,260원
⚠️  거절 | 주문 실패: API 오류: [2000](855056:매수증거금이 부족합니다. 5주 매수가능)
⚠️ BUY 원익피앤이(217820) 거절: 💰 예수금: 57,900원
📊 원익피앤이(217820) 매도1호가: 3,145원 | 매수1호가: 3,140원
📌 BUY 지정가: 3,140원 × 9주 = 28,260원
⚠️  거절 | 주문 실패: API 오류: [2000](855056:매수증거금이 부족합니다. 5주 매수가능)
→ 전종목 HOLD
✅ Discord 전송 완료

[11:34] HOLD | KODEX RSI74/+1.9% | 보유:아이티엠(084850) +1.0% | 최고신호 카카오(035720) 4/2개 [하락-3.5% / BB하단 / MA골 / 호가5.6]
💰 예수금 57,900원 | KODEX200 RSI74/+1.7% 정상 | 매수기준 2개↑
📦 보유 아이티엠반도체(084850) 3주 +0.9%

코드      종목명           가격    RSI     변화율    거래량     BB   호가비  B/S
────────────────────────────────────────────────────────────────────────
[2단계 분석 대상: 084850, 078930, 000270, 035720, 217820, 042700]
403870  HPSP      54,000    0.0    +0.0%    0.0x     중간  0.36  0/0 [일봉]
⛔ 아우토크립트(137040) 호가 없음 (거래정지 의심)
035720  카카오       42,450   88.6    -3.5%    0.5x     하단  3.78  4/0 [5분]
015760  한국전력      37,600    0.0    +0.0%    0.0x     중간  1.07  0/0 [일봉]
061250  화일약품       8,130    0.0    +0.0%    0.0x     중간  0.78  0/0 [일봉]
217820  원익피앤이      3,145   68.4    -0.9%    0.5x     하단  3.40  3/0 [5분]
001510  SK증권       4,000    0.0    +0.0%    0.0x     중간  1.97  1/0 [일봉]
056080  유진로봇      26,100    0.0    +0.0%    0.0x     중간  1.23  1/0 [일봉]
084850  아이티엠반도체   13,770   70.2    -2.1%    0.3x     하단  3.31  4/1 [5분]
⛔ 금양(001570) 호가 없음 (거래정지 의심)

══════════════════════════════════════════════════
🟢 BUY 원익피앤이(217820) 조건3개 [BB하단/MA골/호가3.4] 신뢰도0.75 ratio0.5
💰 예수금: 57,900원
📊 원익피앤이(217820) 매도1호가: 3,145원 | 매수1호가: 3,140원
📌 BUY 지정가: 3,140원 × 9주 = 28,260원
⚠️  거절 | 주문 실패: API 오류: [2000](855056:매수증거금이 부족합니다. 5주 매수가능)
⚠️ BUY 원익피앤이(217820) 거절: 💰 예수금: 57,900원
📊 원익피앤이(217820) 매도1호가: 3,145원 | 매수1호가: 3,140원
📌 BUY 지정가: 3,140원 × 9주 = 28,260원
⚠️  거절 | 주문 실패: API 오류: [2000](855056:매수증거금이 부족합니다. 5주 매수가능)
→ 전종목 HOLD
✅ Discord 전송 완료

[11:36] HOLD | KODEX RSI74/+1.7% | 보유:아이티엠(084850) +0.9% | 최고신호 카카오(035720) 4/2개 [하락-3.5% / BB하단 / MA골 / 호가3.8]
💰 예수금 57,900원 | KODEX200 RSI74/+1.6% 정상 | 매수기준 2개↑
📦 보유 아이티엠반도체(084850) 3주 +0.8%

코드      종목명           가격    RSI     변화율    거래량     BB   호가비  B/S
────────────────────────────────────────────────────────────────────────
[2단계 분석 대상: 084850, 247540, 078930, 035720, 000270, 066970]
403870  HPSP      54,100    0.0    +0.0%    0.0x     중간  0.27  0/0 [일봉]
⛔ 아우토크립트(137040) 호가 없음 (거래정지 의심)
035720  카카오       42,400   88.6    -3.6%    0.5x     하단  4.53  4/0 [5분]
015760  한국전력      37,600    0.0    +0.0%    0.0x     중간  1.15  0/0 [일봉]
061250  화일약품       8,130    0.0    +0.0%    0.0x     중간  0.78  0/0 [일봉]
217820  원익피앤이      3,145    0.0    +0.0%    0.0x     중간  3.37  1/0 [일봉]
001510  SK증권       4,000    0.0    +0.0%    0.0x     중간  1.91  1/0 [일봉]
056080  유진로봇      26,000    0.0    +0.0%    0.0x     중간  1.85  1/0 [일봉]
084850  아이티엠반도체   13,790   70.2    -2.2%    0.3x     하단  3.52  4/1 [5분]
⛔ 금양(001570) 호가 없음 (거래정지 의심)

══════════════════════════════════════════════════
→ 전종목 HOLD
✅ Discord 전송 완료

[11:38] HOLD | KODEX RSI74/+1.6% | 보유:아이티엠(084850) +0.8% | 최고신호 카카오(035720) 4/2개 [하락-3.6% / BB하단 / MA골 / 호가4.5]
💰 예수금 57,900원 | KODEX200 RSI74/+1.2% 정상 | 매수기준 2개↑
📦 보유 아이티엠반도체(084850) 3주 +0.8%

코드      종목명           가격    RSI     변화율    거래량     BB   호가비  B/S
────────────────────────────────────────────────────────────────────────
[2단계 분석 대상: 084850, 000270, 078930, 035720, 042700, 034020]
403870  HPSP      53,900    0.0    +0.0%    0.0x     중간  0.56  0/0 [일봉]
⛔ 아우토크립트(137040) 호가 없음 (거래정지 의심)
035720  카카오       42,300   87.5    -3.9%    0.5x     하단  3.93  4/0 [5분]
015760  한국전력      37,500    0.0    +0.0%    0.0x     중간  2.00  1/0 [일봉]
061250  화일약품       8,220    0.0    +0.0%    0.0x     중간  2.25  1/0 [일봉]
217820  원익피앤이      3,125    0.0    +0.0%    0.0x     중간  3.05  1/0 [일봉]
001510  SK증권       3,980    0.0    +0.0%    0.0x     중간  2.44  1/0 [일봉]
056080  유진로봇      25,850    0.0    +0.0%    0.0x     중간  2.83  1/0 [일봉]
084850  아이티엠반도체   13,770   29.8    -3.0%    0.3x     하단  3.13  4/1 [5분]
⛔ 금양(001570) 호가 없음 (거래정지 의심)

══════════════════════════════════════════════════
→ 전종목 HOLD
✅ Discord 전송 완료

[11:40] HOLD | KODEX RSI74/+1.2% | 보유:아이티엠(084850) +0.8% | 최고신호 카카오(035720) 4/2개 [하락-3.9% / BB하단 / MA골 / 호가3.9]
💰 예수금 57,900원 | KODEX200 RSI74/+1.4% 정상 | 매수기준 2개↑
📦 보유 아이티엠반도체(084850) 3주 +0.6%

코드      종목명           가격    RSI     변화율    거래량     BB   호가비  B/S
────────────────────────────────────────────────────────────────────────
[2단계 분석 대상: 084850, 078930, 000270, 035720, 217820, 066970]
403870  HPSP      54,100    0.0    +0.0%    0.0x     중간  0.21  0/0 [일봉]
⛔ 아우토크립트(137040) 호가 없음 (거래정지 의심)
035720  카카오       42,300   87.5    -4.0%    0.5x     하단  4.21  4/0 [5분]
015760  한국전력      37,500    0.0    +0.0%    0.0x     중간  2.02  1/0 [일봉]
061250  화일약품       8,260    0.0    +0.0%    0.0x     중간  1.38  1/0 [일봉]
217820  원익피앤이      3,130   81.7    -1.4%    0.5x     하단  4.11  4/0 [5분]
001510  SK증권       3,990    0.0    +0.0%    0.0x     중간  1.44  1/0 [일봉]
056080  유진로봇      25,950    0.0    +0.0%    0.0x     중간  1.52  1/0 [일봉]
084850  아이티엠반도체   13,700   29.8    -2.7%    0.3x     하단  3.87  4/1 [5분]
⛔ 금양(001570) 호가 없음 (거래정지 의심)

══════════════════════════════════════════════════
→ 전종목 HOLD
✅ Discord 전송 완료

[11:42] HOLD | KODEX RSI74/+1.4% | 보유:아이티엠(084850) +0.6% | 최고신호 카카오(035720) 4/2개 [하락-4.0% / BB하단 / MA골 / 호가4.2]
💰 예수금 57,900원 | KODEX200 RSI74/+1.6% 정상 | 매수기준 2개↑
📦 보유 아이티엠반도체(084850) 3주 +0.4%

코드      종목명           가격    RSI     변화율    거래량     BB   호가비  B/S
────────────────────────────────────────────────────────────────────────
[2단계 분석 대상: 084850, 078930, 217820, 000270, 247540, 035720]
403870  HPSP      54,100    0.0    +0.0%    0.0x     중간  0.22  0/0 [일봉]
⛔ 아우토크립트(137040) 호가 없음 (거래정지 의심)
035720  카카오       42,350   88.6    -3.9%    0.6x     하단  3.47  4/0 [5분]
015760  한국전력      37,600    0.0    +0.0%    0.0x     중간  0.92  0/0 [일봉]
061250  화일약품       8,260    0.0    +0.0%    0.0x     중간  1.29  1/0 [일봉]
217820  원익피앤이      3,130   81.7    -1.4%    0.5x     하단  4.53  4/0 [5분]
001510  SK증권       4,010    0.0    +0.0%    0.0x     중간  2.41  1/0 [일봉]
056080  유진로봇      26,000    0.0    +0.0%    0.0x     중간  1.89  1/0 [일봉]
084850  아이티엠반도체   13,720   44.8    -2.6%    0.3x     하단  4.08  5/0 [5분]
⛔ 금양(001570) 호가 없음 (거래정지 의심)

══════════════════════════════════════════════════
→ 전종목 HOLD
✅ Discord 전송 완료

[11:44] HOLD | KODEX RSI74/+1.6% | 보유:아이티엠(084850) +0.4% | 최고신호 아이티엠반도체(084850) 5/2개 [RSI45 / 하락-2.6% / BB하단 / MA골 / 호가4.1]
💰 예수금 57,901원 | KODEX200 RSI74/+1.5% 정상 | 매수기준 2개↑
📦 보유 아이티엠반도체(084850) 6주 -0.0%

코드      종목명           가격    RSI     변화율    거래량     BB   호가비  B/S
────────────────────────────────────────────────────────────────────────
[2단계 분석 대상: 084850, 078930, 217820, 247540, 066970, 012450]
403870  HPSP      53,900    0.0    +0.0%    0.0x     중간  0.55  0/0 [일봉]
⛔ 아우토크립트(137040) 호가 없음 (거래정지 의심)
035720  카카오       42,300    0.0    +0.0%    0.0x     중간  2.70  1/0 [일봉]
015760  한국전력      37,600    0.0    +0.0%    0.0x     중간  0.97  0/0 [일봉]
061250  화일약품       8,260    0.0    +0.0%    0.0x     중간  1.15  0/0 [일봉]
217820  원익피앤이      3,135   78.6    -1.4%    0.5x     하단  5.23  4/0 [5분]
001510  SK증권       4,010    0.0    +0.0%    0.0x     중간  2.14  1/0 [일봉]
056080  유진로봇      26,000    0.0    +0.0%    0.0x     중간  1.98  1/0 [일봉]
084850  아이티엠반도체   13,720   44.8    -3.3%    0.3x     하단  4.02  5/0 [5분]
⛔ 금양(001570) 호가 없음 (거래정지 의심)

══════════════════════════════════════════════════
→ 전종목 HOLD
✅ Discord 전송 완료

[11:46] HOLD | KODEX RSI74/+1.5% | 보유:아이티엠(084850) -0.0% | 최고신호 아이티엠반도체(084850) 5/2개 [RSI45 / 하락-3.3% / BB하단 / MA골 / 호가4.0]
💰 예수금 16,969원 | KODEX200 RSI74/+1.9% 정상 | 매수기준 2개↑
📦 보유 아이티엠반도체(084850) 6주 -0.2%

코드      종목명           가격    RSI     변화율    거래량     BB   호가비  B/S
────────────────────────────────────────────────────────────────────────
[2단계 분석 대상: 084850, 078930, 035720, 217820, 042700, 012450]
⛔ 아우토크립트(137040) 호가 없음 (거래정지 의심)
061250  화일약품       8,260    0.0    +0.0%    0.0x     중간  1.09  0/0 [일봉]
217820  원익피앤이      3,150   78.6    -0.9%    0.5x     하단  2.73  3/0 [5분]
001510  SK증권       4,015    0.0    +0.0%    0.0x     중간  1.81  1/0 [일봉]
084850  아이티엠반도체   13,720   44.8    -2.6%    0.3x     하단  4.32  5/0 [5분]
⛔ 금양(001570) 호가 없음 (거래정지 의심)

══════════════════════════════════════════════════
→ 전종목 HOLD
✅ Discord 전송 완료

[11:48] HOLD | KODEX RSI74/+1.9% | 보유:아이티엠(084850) -0.2% | 💸예수금부족 | 최고신호 아이티엠반도체(084850) 5/2개 [RSI45 / 하락-2.6% / BB하단 / MA골 / 호가4.3]
💰 예수금 16,968원 | KODEX200 RSI74/+1.4% 정상 | 매수기준 2개↑
📦 보유 아이티엠반도체(084850) 6주 +0.5%

코드      종목명           가격    RSI     변화율    거래량     BB   호가비  B/S
────────────────────────────────────────────────────────────────────────
[2단계 분석 대상: 084850, 078930, 000270, 035720, 042700, 012450]
⛔ 아우토크립트(137040) 호가 없음 (거래정지 의심)
061250  화일약품       8,260    0.0    +0.0%    0.0x     중간  1.11  0/0 [일봉]
217820  원익피앤이      3,140    0.0    +0.0%    0.0x     중간  3.23  1/0 [일봉]
001510  SK증권       3,995    0.0    +0.0%    0.0x     중간  2.76  1/0 [일봉]
084850  아이티엠반도체   13,700   44.8    -2.6%    0.3x     하단  3.39  5/0 [5분]
⛔ 금양(001570) 호가 없음 (거래정지 의심)

══════════════════════════════════════════════════
→ 전종목 HOLD
✅ Discord 전송 완료

[11:50] HOLD | KODEX RSI74/+1.4% | 보유:아이티엠(084850) +0.5% | 💸예수금부족 | 최고신호 아이티엠반도체(084850) 5/2개 [RSI45 / 하락-2.6% / BB하단 / MA골 / 호가3.4]
💰 예수금 16,968원 | KODEX200 RSI74/+1.0% 정상 | 매수기준 2개↑
📦 보유 아이티엠반도체(084850) 6주 +0.5%

코드      종목명           가격    RSI     변화율    거래량     BB   호가비  B/S
────────────────────────────────────────────────────────────────────────
[2단계 분석 대상: 084850, 066970, 078930, 000270, 247540, 035720]
⛔ 아우토크립트(137040) 호가 없음 (거래정지 의심)
061250  화일약품       8,260    0.0    +0.0%    0.0x     중간  1.22  1/0 [일봉]
217820  원익피앤이      3,120    0.0    +0.0%    0.0x     중간  1.92  1/0 [일봉]
001510  SK증권       3,975    0.0    +0.0%    0.0x     중간  3.05  1/0 [일봉]
084850  아이티엠반도체   13,660   57.6    -3.0%    0.3x     하단  3.35  4/0 [5분]
⛔ 금양(001570) 호가 없음 (거래정지 의심)

══════════════════════════════════════════════════
→ 전종목 HOLD
✅ Discord 전송 완료

[11:52] HOLD | KODEX RSI74/+1.0% | 보유:아이티엠(084850) +0.5% | 💸예수금부족 | 최고신호 아이티엠반도체(084850) 4/2개 [하락-3.0% / BB하단 / MA골 / 호가3.4]
💰 예수금 16,969원 | KODEX200 RSI74/+0.7% 정상 | 매수기준 2개↑
📦 보유 아이티엠반도체(084850) 6주 -0.1%

코드      종목명           가격    RSI     변화율    거래량     BB   호가비  B/S
────────────────────────────────────────────────────────────────────────
[2단계 분석 대상: 084850, 066970, 035720, 247540, 042700, 034020]
⛔ 아우토크립트(137040) 호가 없음 (거래정지 의심)
061250  화일약품       8,260    0.0    +0.0%    0.0x     중간  1.13  0/0 [일봉]
217820  원익피앤이      3,125    0.0    +0.0%    0.0x     중간  2.11  1/0 [일봉]
001510  SK증권       3,975    0.0    +0.0%    0.0x     중간  2.78  1/0 [일봉]
084850  아이티엠반도체   13,640   57.6    -3.1%    0.3x     하단  3.62  4/0 [5분]
⛔ 금양(001570) 호가 없음 (거래정지 의심)

══════════════════════════════════════════════════
→ 전종목 HOLD
✅ Discord 전송 완료

[11:54] HOLD | KODEX RSI74/+0.7% | 보유:아이티엠(084850) -0.1% | 💸예수금부족 | 최고신호 아이티엠반도체(084850) 4/2개 [하락-3.1% / BB하단 / MA골 / 호가3.6]
💰 예수금 16,969원 | KODEX200 RSI73/+0.6% 정상 | 매수기준 2개↑
📦 보유 아이티엠반도체(084850) 6주 -0.2%

코드      종목명           가격    RSI     변화율    거래량     BB   호가비  B/S
────────────────────────────────────────────────────────────────────────
[2단계 분석 대상: 084850, 066970, 012330, 042700, 035720, 247540]
⛔ 아우토크립트(137040) 호가 없음 (거래정지 의심)
061250  화일약품       8,260    0.0    +0.0%    0.0x     중간  1.10  0/0 [일봉]
217820  원익피앤이      3,115    0.0    +0.0%    0.0x     중간  1.89  1/0 [일봉]
001510  SK증권       3,970    0.0    +0.0%    0.0x     중간  3.33  1/0 [일봉]
084850  아이티엠반도체   13,630   61.6    -3.2%    0.3x     하단  3.73  4/0 [5분]
⛔ 금양(001570) 호가 없음 (거래정지 의심)

══════════════════════════════════════════════════
→ 전종목 HOLD
✅ Discord 전송 완료

[11:56] HOLD | KODEX RSI73/+0.6% | 보유:아이티엠(084850) -0.2% | 💸예수금부족 | 최고신호 아이티엠반도체(084850) 4/2개 [하락-3.2% / BB하단 / MA골 / 호가3.7]
💰 예수금 16,969원 | KODEX200 RSI74/+1.1% 정상 | 매수기준 2개↑
📦 보유 아이티엠반도체(084850) 6주 -0.2%

코드      종목명           가격    RSI     변화율    거래량     BB   호가비  B/S
────────────────────────────────────────────────────────────────────────
[2단계 분석 대상: 084850, 042700, 035720, 012330, 056080, 066970]
⛔ 아우토크립트(137040) 호가 없음 (거래정지 의심)
061250  화일약품       8,260    0.0    +0.0%    0.0x     중간  1.11  0/0 [일봉]
217820  원익피앤이      3,100    0.0    +0.0%    0.0x     중간  1.53  1/0 [일봉]
001510  SK증권       3,980    0.0    +0.0%    0.0x     중간  2.13  1/0 [일봉]
084850  아이티엠반도체   13,770   61.6    -2.2%    0.3x     하단  4.69  4/0 [5분]
⛔ 금양(001570) 호가 없음 (거래정지 의심)

══════════════════════════════════════════════════
→ 전종목 HOLD
✅ Discord 전송 완료

[11:58] HOLD | KODEX RSI74/+1.1% | 보유:아이티엠(084850) -0.2% | 💸예수금부족 | 최고신호 아이티엠반도체(084850) 4/2개 [하락-2.2% / BB하단 / MA골 / 호가4.7]
💰 예수금 16,967원 | KODEX200 RSI74/+0.9% 정상 | 매수기준 2개↑
📦 보유 아이티엠반도체(084850) 6주 +0.8%

코드      종목명           가격    RSI     변화율    거래량     BB   호가비  B/S
────────────────────────────────────────────────────────────────────────
[2단계 분석 대상: 084850, 042700, 035720, 066970, 207940, 056080]
⛔ 아우토크립트(137040) 호가 없음 (거래정지 의심)
061250  화일약품       8,240    0.0    +0.0%    0.0x     중간  1.26  1/0 [일봉]
217820  원익피앤이      3,100    0.0    +0.0%    0.0x     중간  1.50  1/0 [일봉]
001510  SK증권       3,990    0.0    +0.0%    0.0x     중간  1.78  1/0 [일봉]
084850  아이티엠반도체   13,690   65.2    -2.8%    0.3x     하단  4.00  4/0 [5분]
⛔ 금양(001570) 호가 없음 (거래정지 의심)

══════════════════════════════════════════════════
→ 전종목 HOLD
✅ Discord 전송 완료

[12:00] HOLD | KODEX RSI74/+0.9% | 보유:아이티엠(084850) +0.8% | 💸예수금부족 | 최고신호 아이티엠반도체(084850) 4/2개 [하락-2.8% / BB하단 / MA골 / 호가4.0]
💰 예수금 16,968원 | KODEX200 RSI74/+1.3% 정상 | 매수기준 2개↑
📦 보유 아이티엠반도체(084850) 6주 +0.2%

코드      종목명           가격    RSI     변화율    거래량     BB   호가비  B/S
────────────────────────────────────────────────────────────────────────
[2단계 분석 대상: 084850, 042700, 056080, 035720, 003670, 012330]
⛔ 아우토크립트(137040) 호가 없음 (거래정지 의심)
061250  화일약품       8,240    0.0    +0.0%    0.0x     중간  1.27  1/0 [일봉]
217820  원익피앤이      3,100    0.0    +0.0%    0.0x     중간  2.35  1/0 [일봉]
001510  SK증권       3,990    0.0    +0.0%    0.0x     중간  1.45  1/0 [일봉]
084850  아이티엠반도체   13,680   65.2    -2.8%    0.3x     하단  2.25  4/0 [5분]
⛔ 금양(001570) 호가 없음 (거래정지 의심)

══════════════════════════════════════════════════
→ 전종목 HOLD
✅ Discord 전송 완료

[12:02] HOLD | KODEX RSI74/+1.3% | 보유:아이티엠(084850) +0.2% | 💸예수금부족 | 최고신호 아이티엠반도체(084850) 4/2개 [하락-2.8% / BB하단 / MA골 / 호가2.2]
💰 예수금 16,968원 | KODEX200 RSI74/+0.9% 정상 | 매수기준 2개↑
📦 보유 아이티엠반도체(084850) 6주 +0.2%

코드      종목명           가격    RSI     변화율    거래량     BB   호가비  B/S
────────────────────────────────────────────────────────────────────────
[2단계 분석 대상: 084850, 042700, 056080, 247540, 003670, 000270]
⛔ 아우토크립트(137040) 호가 없음 (거래정지 의심)
061250  화일약품       8,240    0.0    +0.0%    0.0x     중간  1.27  1/0 [일봉]
217820  원익피앤이      3,090    0.0    +0.0%    0.0x     중간  1.00  0/0 [일봉]
001510  SK증권       3,985    0.0    +0.0%    0.0x     중간  1.96  1/0 [일봉]
084850  아이티엠반도체   13,760   65.2    -2.3%    0.3x     하단  2.10  4/0 [5분]
⛔ 금양(001570) 호가 없음 (거래정지 의심)

══════════════════════════════════════════════════
→ 전종목 HOLD
✅ Discord 전송 완료

[12:04] HOLD | KODEX RSI74/+0.9% | 보유:아이티엠(084850) +0.2% | 💸예수금부족 | 최고신호 아이티엠반도체(084850) 4/2개 [하락-2.3% / BB하단 / MA골 / 호가2.1]
💰 예수금 16,968원 | KODEX200 RSI74/+1.2% 정상 | 매수기준 2개↑
📦 보유 아이티엠반도체(084850) 6주 +0.6%

코드      종목명           가격    RSI     변화율    거래량     BB   호가비  B/S
────────────────────────────────────────────────────────────────────────
[2단계 분석 대상: 084850, 056080, 003670, 035720, 042700, 000270]
⛔ 아우토크립트(137040) 호가 없음 (거래정지 의심)
061250  화일약품       8,240    0.0    +0.0%    0.0x     중간  1.28  1/0 [일봉]
217820  원익피앤이      3,095    0.0    +0.0%    0.0x     중간  2.06  1/0 [일봉]
001510  SK증권       3,990    0.0    +0.0%    0.0x     중간  1.67  1/0 [일봉]
084850  아이티엠반도체   13,740   94.0    -2.4%    0.3x     하단  2.38  4/1 [5분]
⛔ 금양(001570) 호가 없음 (거래정지 의심)

══════════════════════════════════════════════════
→ 전종목 HOLD
✅ Discord 전송 완료

[12:06] HOLD | KODEX RSI74/+1.2% | 보유:아이티엠(084850) +0.6% | 💸예수금부족 | 최고신호 아이티엠반도체(084850) 4/2개 [하락-2.4% / BB하단 / MA골 / 호가2.4]
💰 예수금 16,968원 | KODEX200 RSI74/+1.2% 정상 | 매수기준 2개↑
📦 보유 아이티엠반도체(084850) 6주 +0.2%

코드      종목명           가격    RSI     변화율    거래량     BB   호가비  B/S
────────────────────────────────────────────────────────────────────────
[2단계 분석 대상: 084850, 042700, 035720, 056080, 003670, 012330]
⛔ 아우토크립트(137040) 호가 없음 (거래정지 의심)
061250  화일약품       8,240    0.0    +0.0%    0.0x     중간  1.28  1/0 [일봉]
217820  원익피앤이      3,105    0.0    +0.0%    0.0x     중간  2.02  1/0 [일봉]
001510  SK증권       3,990    0.0    +0.0%    0.0x     중간  1.51  1/0 [일봉]
084850  아이티엠반도체   13,680   94.0    -3.5%    0.3x     하단  1.99  4/1 [5분]
⛔ 금양(001570) 호가 없음 (거래정지 의심)

══════════════════════════════════════════════════
→ 전종목 HOLD
✅ Discord 전송 완료

[12:08] HOLD | KODEX RSI74/+1.2% | 보유:아이티엠(084850) +0.2% | 💸예수금부족 | 최고신호 아이티엠반도체(084850) 4/2개 [하락-3.5% / BB하단 / MA골 / 호가2.0]
💰 예수금 16,968원 | KODEX200 RSI74/+1.3% 정상 | 매수기준 2개↑
📦 보유 아이티엠반도체(084850) 6주 +0.1%

코드      종목명           가격    RSI     변화율    거래량     BB   호가비  B/S
────────────────────────────────────────────────────────────────────────
[2단계 분석 대상: 084850, 042700, 035720, 003670, 056080, 207940]
⛔ 아우토크립트(137040) 호가 없음 (거래정지 의심)
061250  화일약품       8,240    0.0    +0.0%    0.0x     중간  1.28  1/0 [일봉]
217820  원익피앤이      3,115    0.0    +0.0%    0.0x     중간  1.77  1/0 [일봉]
001510  SK증권       3,990    0.0    +0.0%    0.0x     중간  1.69  1/0 [일봉]
084850  아이티엠반도체   13,670   92.3    -2.9%    0.3x     하단  2.44  4/1 [5분]
⛔ 금양(001570) 호가 없음 (거래정지 의심)

══════════════════════════════════════════════════
→ 전종목 HOLD
✅ Discord 전송 완료

[12:10] HOLD | KODEX RSI74/+1.3% | 보유:아이티엠(084850) +0.1% | 💸예수금부족 | 최고신호 아이티엠반도체(084850) 4/2개 [하락-2.9% / BB하단 / MA골 / 호가2.4]
💰 예수금 16,968원 | KODEX200 RSI74/+1.2% 정상 | 매수기준 2개↑
📦 보유 아이티엠반도체(084850) 6주 +0.1%

코드      종목명           가격    RSI     변화율    거래량     BB   호가비  B/S
────────────────────────────────────────────────────────────────────────
[2단계 분석 대상: 084850, 247540, 042700, 035720, 056080, 000660]
⛔ 아우토크립트(137040) 호가 없음 (거래정지 의심)
061250  화일약품       8,240    0.0    +0.0%    0.0x     중간  1.28  1/0 [일봉]
217820  원익피앤이      3,105    0.0    +0.0%    0.0x     중간  1.74  1/0 [일봉]
001510  SK증권       3,995    0.0    +0.0%    0.0x     중간  1.71  1/0 [일봉]
084850  아이티엠반도체   13,670   92.3    -2.9%    0.3x     하단  1.59  4/1 [5분]
⛔ 금양(001570) 호가 없음 (거래정지 의심)

══════════════════════════════════════════════════
→ 전종목 HOLD
✅ Discord 전송 완료

[12:12] HOLD | KODEX RSI74/+1.2% | 보유:아이티엠(084850) +0.1% | 💸예수금부족 | 최고신호 아이티엠반도체(084850) 4/2개 [하락-2.9% / BB하단 / MA골 / 호가1.6]
💰 예수금 16,968원 | KODEX200 RSI74/+1.0% 정상 | 매수기준 2개↑
📦 보유 아이티엠반도체(084850) 6주 +0.2%

코드      종목명           가격    RSI     변화율    거래량     BB   호가비  B/S
────────────────────────────────────────────────────────────────────────
[2단계 분석 대상: 084850, 247540, 042700, 035720, 056080, 005380]
⛔ 아우토크립트(137040) 호가 없음 (거래정지 의심)
061250  화일약품       8,240    0.0    +0.0%    0.0x     중간  1.28  1/0 [일봉]
217820  원익피앤이      3,105    0.0    +0.0%    0.0x     중간  1.75  1/0 [일봉]
001510  SK증권       3,990    0.0    +0.0%    0.0x     중간  1.60  1/0 [일봉]
084850  아이티엠반도체   13,680   92.3    -2.8%    0.3x     하단  1.40  4/1 [5분]
⛔ 금양(001570) 호가 없음 (거래정지 의심)

══════════════════════════════════════════════════
→ 전종목 HOLD
✅ Discord 전송 완료

[12:14] HOLD | KODEX RSI74/+1.0% | 보유:아이티엠(084850) +0.2% | 💸예수금부족 | 최고신호 아이티엠반도체(084850) 4/2개 [하락-2.8% / BB하단 / MA골 / 호가1.4]
💰 예수금 16,969원 | KODEX200 RSI74/+1.0% 정상 | 매수기준 2개↑
📦 보유 아이티엠반도체(084850) 6주 -0.2%

코드      종목명           가격    RSI     변화율    거래량     BB   호가비  B/S
────────────────────────────────────────────────────────────────────────
[2단계 분석 대상: 084850, 247540, 035720, 042700, 056080, 003670]
⛔ 아우토크립트(137040) 호가 없음 (거래정지 의심)
061250  화일약품       8,240    0.0    +0.0%    0.0x     중간  1.28  1/0 [일봉]
217820  원익피앤이      3,105    0.0    +0.0%    0.0x     중간  1.62  1/0 [일봉]
001510  SK증권       3,990    0.0    +0.0%    0.0x     중간  1.51  1/0 [일봉]
084850  아이티엠반도체   13,670   91.7    -3.0%    0.3x     하단  1.34  4/1 [5분]
⛔ 금양(001570) 호가 없음 (거래정지 의심)

══════════════════════════════════════════════════
→ 전종목 HOLD
✅ Discord 전송 완료

[12:16] HOLD | KODEX RSI74/+1.0% | 보유:아이티엠(084850) -0.2% | 💸예수금부족 | 최고신호 아이티엠반도체(084850) 4/2개 [하락-3.0% / BB하단 / MA골 / 호가1.3]
💰 예수금 16,969원 | KODEX200 RSI73/+0.6% 정상 | 매수기준 2개↑
📦 보유 아이티엠반도체(084850) 6주 -0.0%

코드      종목명           가격    RSI     변화율    거래량     BB   호가비  B/S
────────────────────────────────────────────────────────────────────────
[2단계 분석 대상: 084850, 056080, 005380, 042700, 003670, 035720]
⛔ 아우토크립트(137040) 호가 없음 (거래정지 의심)
061250  화일약품       8,230    0.0    +0.0%    0.0x     중간  1.55  1/0 [일봉]
217820  원익피앤이      3,095    0.0    +0.0%    0.0x     중간  1.69  1/0 [일봉]
001510  SK증권       3,975    0.0    +0.0%    0.0x     중간  1.75  1/0 [일봉]
084850  아이티엠반도체   13,670   91.7    -3.0%    0.3x     하단  1.24  4/1 [5분]
⛔ 금양(001570) 호가 없음 (거래정지 의심)

══════════════════════════════════════════════════
→ 전종목 HOLD
✅ Discord 전송 완료

[12:18] HOLD | KODEX RSI73/+0.6% | 보유:아이티엠(084850) -0.0% | 💸예수금부족 | 최고신호 아이티엠반도체(084850) 4/2개 [하락-3.0% / BB하단 / MA골 / 호가1.2]
💰 예수금 16,969원 | KODEX200 RSI73/+0.5% 정상 | 매수기준 2개↑
📦 보유 아이티엠반도체(084850) 6주 -0.0%

코드      종목명           가격    RSI     변화율    거래량     BB   호가비  B/S
────────────────────────────────────────────────────────────────────────
[2단계 분석 대상: 084850, 056080, 000270, 003670, 035720, 000660]
⛔ 아우토크립트(137040) 호가 없음 (거래정지 의심)
061250  화일약품       8,230    0.0    +0.0%    0.0x     중간  1.43  1/0 [일봉]
217820  원익피앤이      3,095    0.0    +0.0%    0.0x     중간  1.66  1/0 [일봉]
001510  SK증권       3,980    0.0    +0.0%    0.0x     중간  0.21  0/0 [일봉]
084850  아이티엠반도체   13,670   91.7    -3.0%    0.3x     하단  1.26  4/1 [5분]
⛔ 금양(001570) 호가 없음 (거래정지 의심)

══════════════════════════════════════════════════
→ 전종목 HOLD
✅ Discord 전송 완료

[12:20] HOLD | KODEX RSI73/+0.5% | 보유:아이티엠(084850) -0.0% | 💸예수금부족 | 최고신호 아이티엠반도체(084850) 4/2개 [하락-3.0% / BB하단 / MA골 / 호가1.3]
💰 예수금 16,969원 | KODEX200 RSI74/+0.7% 정상 | 매수기준 2개↑
📦 보유 아이티엠반도체(084850) 6주 -0.0%

코드      종목명           가격    RSI     변화율    거래량     BB   호가비  B/S
────────────────────────────────────────────────────────────────────────
[2단계 분석 대상: 084850, 247540, 012330, 003670, 035720, 056080]
⛔ 아우토크립트(137040) 호가 없음 (거래정지 의심)
061250  화일약품       8,230    0.0    +0.0%    0.0x     중간  1.43  1/0 [일봉]
217820  원익피앤이      3,095    0.0    +0.0%    0.0x     중간  1.35  1/0 [일봉]
001510  SK증권       3,980    0.0    +0.0%    0.0x     중간  0.19  0/0 [일봉]
084850  아이티엠반도체   13,640   91.7    -3.0%    0.3x     하단  1.18  3/1 [5분]
⛔ 금양(001570) 호가 없음 (거래정지 의심)

══════════════════════════════════════════════════
→ 전종목 HOLD
✅ Discord 전송 완료

[12:22] HOLD | KODEX RSI74/+0.7% | 보유:아이티엠(084850) -0.0% | 💸예수금부족 | 최고신호 아이티엠반도체(084850) 3/2개 [하락-3.0% / BB하단 / MA골]
💰 예수금 16,969원 | KODEX200 RSI74/+0.8% 정상 | 매수기준 2개↑
📦 보유 아이티엠반도체(084850) 6주 -0.1%

코드      종목명           가격    RSI     변화율    거래량     BB   호가비  B/S
────────────────────────────────────────────────────────────────────────
[2단계 분석 대상: 084850, 247540, 003670, 035720, 042700, 056080]
⛔ 아우토크립트(137040) 호가 없음 (거래정지 의심)
061250  화일약품       8,230    0.0    +0.0%    0.0x     중간  1.43  1/0 [일봉]
217820  원익피앤이      3,090    0.0    +0.0%    0.0x     중간  2.05  1/0 [일봉]
001510  SK증권       3,995    0.0    +0.0%    0.0x     중간  0.30  0/0 [일봉]
084850  아이티엠반도체   13,640   81.6    -3.1%    0.3x     하단  1.26  4/1 [5분]
⛔ 금양(001570) 호가 없음 (거래정지 의심)

══════════════════════════════════════════════════
→ 전종목 HOLD
✅ Discord 전송 완료

[12:24] HOLD | KODEX RSI74/+0.8% | 보유:아이티엠(084850) -0.1% | 💸예수금부족 | 최고신호 아이티엠반도체(084850) 4/2개 [하락-3.1% / BB하단 / MA골 / 호가1.3]
💰 예수금 16,969원 | KODEX200 RSI73/+0.5% 정상 | 매수기준 2개↑
📦 보유 아이티엠반도체(084850) 6주 -0.1%

코드      종목명           가격    RSI     변화율    거래량     BB   호가비  B/S
────────────────────────────────────────────────────────────────────────
[2단계 분석 대상: 084850, 247540, 003670, 035720, 000660, 056080]
⛔ 아우토크립트(137040) 호가 없음 (거래정지 의심)
061250  화일약품       8,190    0.0    +0.0%    0.0x     중간  0.76  0/0 [일봉]
217820  원익피앤이      3,080    0.0    +0.0%    0.0x     중간  0.74  0/0 [일봉]
001510  SK증권       3,985    0.0    +0.0%    0.0x     중간  0.48  0/0 [일봉]
084850  아이티엠반도체   13,640   72.1    -3.1%    0.3x     하단  1.19  3/1 [5분]
⛔ 금양(001570) 호가 없음 (거래정지 의심)

══════════════════════════════════════════════════
→ 전종목 HOLD
✅ Discord 전송 완료

[12:26] HOLD | KODEX RSI73/+0.5% | 보유:아이티엠(084850) -0.1% | 💸예수금부족 | 최고신호 아이티엠반도체(084850) 3/2개 [하락-3.1% / BB하단 / MA골]
💰 예수금 16,969원 | KODEX200 RSI74/+0.8% 정상 | 매수기준 2개↑
📦 보유 아이티엠반도체(084850) 6주 -0.3%

코드      종목명           가격    RSI     변화율    거래량     BB   호가비  B/S
────────────────────────────────────────────────────────────────────────
[2단계 분석 대상: 084850, 247540, 035720, 003670, 056080, 042700]
⛔ 아우토크립트(137040) 호가 없음 (거래정지 의심)
061250  화일약품       8,190    0.0    +0.0%    0.0x     중간  0.76  0/0 [일봉]
217820  원익피앤이      3,080    0.0    +0.0%    0.0x     중간  0.83  0/0 [일봉]
001510  SK증권       3,990    0.0    +0.0%    0.0x     중간  0.52  0/0 [일봉]
084850  아이티엠반도체   13,630   72.1    -3.2%    0.3x     하단  1.27  4/1 [5분]
⛔ 금양(001570) 호가 없음 (거래정지 의심)

══════════════════════════════════════════════════
→ 전종목 HOLD
✅ Discord 전송 완료

[12:28] HOLD | KODEX RSI74/+0.8% | 보유:아이티엠(084850) -0.3% | 💸예수금부족 | 최고신호 아이티엠반도체(084850) 4/2개 [하락-3.2% / BB하단 / MA골 / 호가1.3]
💰 예수금 16,969원 | KODEX200 RSI74/+0.8% 정상 | 매수기준 2개↑
📦 보유 아이티엠반도체(084850) 6주 -0.2%

코드      종목명           가격    RSI     변화율    거래량     BB   호가비  B/S
────────────────────────────────────────────────────────────────────────
[2단계 분석 대상: 084850, 247540, 035720, 003670, 056080, 012330]
⛔ 아우토크립트(137040) 호가 없음 (거래정지 의심)
061250  화일약품       8,200    0.0    +0.0%    0.0x     중간  0.66  0/0 [일봉]
217820  원익피앤이      3,090    0.0    +0.0%    0.0x     중간  0.85  0/0 [일봉]
001510  SK증권       4,000    0.0    +0.0%    0.0x     중간  0.62  0/0 [일봉]
084850  아이티엠반도체   13,630   60.8    -3.2%    0.3x     하단  1.26  4/0 [5분]
⛔ 금양(001570) 호가 없음 (거래정지 의심)

══════════════════════════════════════════════════
→ 전종목 HOLD
✅ Discord 전송 완료

[12:30] HOLD | KODEX RSI74/+0.8% | 보유:아이티엠(084850) -0.2% | 💸예수금부족 | 최고신호 아이티엠반도체(084850) 4/2개 [하락-3.2% / BB하단 / MA골 / 호가1.3]
💰 예수금 16,969원 | KODEX200 RSI73/+0.4% 정상 | 매수기준 2개↑
📦 보유 아이티엠반도체(084850) 6주 -0.1%

코드      종목명           가격    RSI     변화율    거래량     BB   호가비  B/S
────────────────────────────────────────────────────────────────────────
[2단계 분석 대상: 084850, 247540, 035720, 012330, 000660, 003670]
⛔ 아우토크립트(137040) 호가 없음 (거래정지 의심)
061250  화일약품       8,200    0.0    +0.0%    0.0x     중간  0.66  0/0 [일봉]
217820  원익피앤이      3,090    0.0    +0.0%    0.0x     중간  0.83  0/0 [일봉]
001510  SK증권       3,995    0.0    +0.0%    0.0x     중간  0.64  0/0 [일봉]
084850  아이티엠반도체   13,630   60.8    -3.2%    0.3x     하단  1.30  4/0 [5분]
⛔ 금양(001570) 호가 없음 (거래정지 의심)

══════════════════════════════════════════════════
→ 전종목 HOLD
✅ Discord 전송 완료

[12:32] HOLD | KODEX RSI73/+0.4% | 보유:아이티엠(084850) -0.1% | 💸예수금부족 | 최고신호 아이티엠반도체(084850) 4/2개 [하락-3.2% / BB하단 / MA골 / 호가1.3]
💰 예수금 16,969원 | KODEX200 RSI74/+0.8% 정상 | 매수기준 2개↑
📦 보유 아이티엠반도체(084850) 6주 -0.2%

코드      종목명           가격    RSI     변화율    거래량     BB   호가비  B/S
────────────────────────────────────────────────────────────────────────
[2단계 분석 대상: 084850, 247540, 035720, 012330, 056080, 058470]
⛔ 아우토크립트(137040) 호가 없음 (거래정지 의심)
061250  화일약품       8,200    0.0    +0.0%    0.0x     중간  0.51  0/0 [일봉]
217820  원익피앤이      3,090    0.0    +0.0%    0.0x     중간  0.85  0/0 [일봉]
001510  SK증권       4,005    0.0    +0.0%    0.0x     중간  0.74  0/0 [일봉]
084850  아이티엠반도체   13,640   60.8    -3.1%    0.3x     하단  1.16  3/0 [5분]
⛔ 금양(001570) 호가 없음 (거래정지 의심)

══════════════════════════════════════════════════
→ 전종목 HOLD
✅ Discord 전송 완료

[12:34] HOLD | KODEX RSI74/+0.8% | 보유:아이티엠(084850) -0.2% | 💸예수금부족 | 최고신호 아이티엠반도체(084850) 3/2개 [하락-3.1% / BB하단 / MA골]
💰 예수금 16,969원 | KODEX200 RSI74/+0.9% 정상 | 매수기준 2개↑
📦 보유 아이티엠반도체(084850) 6주 -0.1%

코드      종목명           가격    RSI     변화율    거래량     BB   호가비  B/S
────────────────────────────────────────────────────────────────────────
[2단계 분석 대상: 084850, 247540, 035720, 003670, 012330, 042700]
⛔ 아우토크립트(137040) 호가 없음 (거래정지 의심)
061250  화일약품       8,200    0.0    +0.0%    0.0x     중간  0.42  0/0 [일봉]
217820  원익피앤이      3,090    0.0    +0.0%    0.0x     중간  1.10  0/0 [일봉]
001510  SK증권       4,000    0.0    +0.0%    0.0x     중간  0.94  0/0 [일봉]
084850  아이티엠반도체   13,660   51.0    -3.0%    0.3x     하단  1.18  4/0 [5분]
⛔ 금양(001570) 호가 없음 (거래정지 의심)

══════════════════════════════════════════════════
→ 전종목 HOLD
✅ Discord 전송 완료

[12:36] HOLD | KODEX RSI74/+0.9% | 보유:아이티엠(084850) -0.1% | 💸예수금부족 | 최고신호 아이티엠반도체(084850) 4/2개 [RSI51 / 하락-3.0% / BB하단 / MA골]
💰 예수금 16,969원 | KODEX200 RSI74/+1.0% 정상 | 매수기준 2개↑
📦 보유 아이티엠반도체(084850) 6주 +0.0%

코드      종목명           가격    RSI     변화율    거래량     BB   호가비  B/S
────────────────────────────────────────────────────────────────────────
[2단계 분석 대상: 084850, 247540, 035720, 003670, 056080, 012330]
⛔ 아우토크립트(137040) 호가 없음 (거래정지 의심)
061250  화일약품       8,200    0.0    +0.0%    0.0x     중간  0.42  0/0 [일봉]
217820  원익피앤이      3,085    0.0    +0.0%    0.0x     중간  0.71  0/0 [일봉]
001510  SK증권       3,995    0.0    +0.0%    0.0x     중간  1.44  1/0 [일봉]
084850  아이티엠반도체   13,660   51.0    -3.0%    0.3x     하단  1.54  5/0 [5분]
⛔ 금양(001570) 호가 없음 (거래정지 의심)

══════════════════════════════════════════════════
→ 전종목 HOLD
✅ Discord 전송 완료

[12:38] HOLD | KODEX RSI74/+1.0% | 보유:아이티엠(084850) +0.0% | 💸예수금부족 | 최고신호 아이티엠반도체(084850) 5/2개 [RSI51 / 하락-3.0% / BB하단 / MA골 / 호가1.5]
💰 예수금 16,968원 | KODEX200 RSI74/+1.2% 정상 | 매수기준 2개↑
📦 보유 아이티엠반도체(084850) 6주 +0.1%

코드      종목명           가격    RSI     변화율    거래량     BB   호가비  B/S
────────────────────────────────────────────────────────────────────────
[2단계 분석 대상: 084850, 035720, 247540, 056080, 003670, 078930]
⛔ 아우토크립트(137040) 호가 없음 (거래정지 의심)
061250  화일약품       8,200    0.0    +0.0%    0.0x     중간  0.25  0/0 [일봉]
217820  원익피앤이      3,095    0.0    +0.0%    0.0x     중간  0.72  0/0 [일봉]
001510  SK증권       4,005    0.0    +0.0%    0.0x     중간  0.86  0/0 [일봉]
084850  아이티엠반도체   13,740   62.1    -2.4%    0.3x     하단  3.55  4/0 [5분]
⛔ 금양(001570) 호가 없음 (거래정지 의심)

══════════════════════════════════════════════════
→ 전종목 HOLD
✅ Discord 전송 완료

[12:40] HOLD | KODEX RSI74/+1.2% | 보유:아이티엠(084850) +0.1% | 💸예수금부족 | 최고신호 아이티엠반도체(084850) 4/2개 [하락-2.4% / BB하단 / MA골 / 호가3.5]
💰 예수금 16,968원 | KODEX200 RSI74/+1.4% 정상 | 매수기준 2개↑
📦 보유 아이티엠반도체(084850) 6주 +0.6%

코드      종목명           가격    RSI     변화율    거래량     BB   호가비  B/S
────────────────────────────────────────────────────────────────────────
[2단계 분석 대상: 084850, 035720, 247540, 217820, 056080, 003670]
⛔ 아우토크립트(137040) 호가 없음 (거래정지 의심)
061250  화일약품       8,200    0.0    +0.0%    0.0x     중간  0.27  0/0 [일봉]
217820  원익피앤이      3,115   54.2    -2.4%    0.6x     하단  2.28  4/0 [5분]
001510  SK증권       4,005    0.0    +0.0%    0.0x     중간  0.85  0/0 [일봉]
084850  아이티엠반도체   13,730   62.1    -2.5%    0.3x     하단  2.83  4/0 [5분]
⛔ 금양(001570) 호가 없음 (거래정지 의심)

══════════════════════════════════════════════════
→ 전종목 HOLD
✅ Discord 전송 완료

[12:42] HOLD | KODEX RSI74/+1.4% | 보유:아이티엠(084850) +0.6% | 💸예수금부족 | 최고신호 원익피앤이(217820) 4/2개 [RSI54 / 하락-2.4% / BB하단 / 호가2.3]
💰 예수금 16,967원 | KODEX200 RSI74/+1.4% 정상 | 매수기준 2개↑
📦 보유 아이티엠반도체(084850) 6주 +1.0%

코드      종목명           가격    RSI     변화율    거래량     BB   호가비  B/S
────────────────────────────────────────────────────────────────────────
[2단계 분석 대상: 084850, 035720, 247540, 217820, 056080, 003670]
⛔ 아우토크립트(137040) 호가 없음 (거래정지 의심)
061250  화일약품       8,200    0.0    +0.0%    0.0x     중간  0.35  0/0 [일봉]
217820  원익피앤이      3,105   54.2    -2.4%    0.6x     하단  2.72  4/0 [5분]
001510  SK증권       4,005    0.0    +0.0%    0.0x     중간  0.74  0/0 [일봉]
084850  아이티엠반도체   13,790   62.1    -2.1%    0.3x     하단  3.31  4/0 [5분]
⛔ 금양(001570) 호가 없음 (거래정지 의심)

══════════════════════════════════════════════════
→ 전종목 HOLD
✅ Discord 전송 완료

[12:44] HOLD | KODEX RSI74/+1.4% | 보유:아이티엠(084850) +1.0% | 💸예수금부족 | 최고신호 원익피앤이(217820) 4/2개 [RSI54 / 하락-2.4% / BB하단 / 호가2.7]
💰 예수금 16,967원 | KODEX200 RSI74/+1.2% 정상 | 매수기준 2개↑
📦 보유 아이티엠반도체(084850) 6주 +1.0%

코드      종목명           가격    RSI     변화율    거래량     BB   호가비  B/S
────────────────────────────────────────────────────────────────────────
[2단계 분석 대상: 084850, 035720, 247540, 056080, 042700, 015760]
⛔ 아우토크립트(137040) 호가 없음 (거래정지 의심)
061250  화일약품       8,200    0.0    +0.0%    0.0x     중간  0.30  0/0 [일봉]
217820  원익피앤이      3,110    0.0    +0.0%    0.0x     중간  2.32  1/0 [일봉]
001510  SK증권       4,005    0.0    +0.0%    0.0x     중간  0.67  0/0 [일봉]
084850  아이티엠반도체   13,760   60.0    -2.3%    0.3x     하단  0.25  3/0 [5분]
⛔ 금양(001570) 호가 없음 (거래정지 의심)

══════════════════════════════════════════════════
→ 전종목 HOLD
✅ Discord 전송 완료

[12:46] HOLD | KODEX RSI74/+1.2% | 보유:아이티엠(084850) +1.0% | 💸예수금부족 | 최고신호 아이티엠반도체(084850) 3/2개 [하락-2.3% / BB하단 / MA골]
💰 예수금 16,967원 | KODEX200 RSI74/+1.1% 정상 | 매수기준 2개↑
📦 보유 아이티엠반도체(084850) 6주 +0.8%

코드      종목명           가격    RSI     변화율    거래량     BB   호가비  B/S
────────────────────────────────────────────────────────────────────────
[2단계 분석 대상: 084850, 035720, 042700, 247540, 056080, 003670]
⛔ 아우토크립트(137040) 호가 없음 (거래정지 의심)
061250  화일약품       8,200    0.0    +0.0%    0.0x     중간  0.31  0/0 [일봉]
217820  원익피앤이      3,105    0.0    +0.0%    0.0x     중간  0.88  0/0 [일봉]
001510  SK증권       4,000    0.0    +0.0%    0.0x     중간  0.81  0/0 [일봉]
084850  아이티엠반도체   13,720   60.0    -2.5%    0.3x     하단  0.25  3/0 [5분]
⛔ 금양(001570) 호가 없음 (거래정지 의심)

══════════════════════════════════════════════════
→ 전종목 HOLD
✅ Discord 전송 완료

[12:48] HOLD | KODEX RSI74/+1.1% | 보유:아이티엠(084850) +0.8% | 💸예수금부족 | 최고신호 아이티엠반도체(084850) 3/2개 [하락-2.5% / BB하단 / MA골]
💰 예수금 16,968원 | KODEX200 RSI74/+1.3% 정상 | 매수기준 2개↑
📦 보유 아이티엠반도체(084850) 6주 +0.6%

코드      종목명           가격    RSI     변화율    거래량     BB   호가비  B/S
────────────────────────────────────────────────────────────────────────
[2단계 분석 대상: 084850, 247540, 042700, 035720, 003670, 056080]
⛔ 아우토크립트(137040) 호가 없음 (거래정지 의심)
061250  화일약품       8,200    0.0    +0.0%    0.0x     중간  0.31  0/0 [일봉]
217820  원익피앤이      3,105    0.0    +0.0%    0.0x     중간  0.87  0/0 [일봉]
001510  SK증권       3,995    0.0    +0.0%    0.0x     중간  0.54  0/0 [일봉]
084850  아이티엠반도체   13,710   63.1    -2.6%    0.3x     하단  3.15  4/0 [5분]
⛔ 금양(001570) 호가 없음 (거래정지 의심)

══════════════════════════════════════════════════
→ 전종목 HOLD
✅ Discord 전송 완료

[12:50] HOLD | KODEX RSI74/+1.3% | 보유:아이티엠(084850) +0.6% | 💸예수금부족 | 최고신호 아이티엠반도체(084850) 4/2개 [하락-2.6% / BB하단 / MA골 / 호가3.1]
💰 예수금 16,967원 | KODEX200 RSI74/+1.0% 정상 | 매수기준 2개↑
📦 보유 아이티엠반도체(084850) 6주 +0.9%

코드      종목명           가격    RSI     변화율    거래량     BB   호가비  B/S
────────────────────────────────────────────────────────────────────────
[2단계 분석 대상: 084850, 035720, 000660, 042700, 012330, 003670]
⛔ 아우토크립트(137040) 호가 없음 (거래정지 의심)
061250  화일약품       8,200    0.0    +0.0%    0.0x     중간  0.25  0/0 [일봉]
217820  원익피앤이      3,100    0.0    +0.0%    0.0x     중간  0.89  0/0 [일봉]
001510  SK증권       3,985    0.0    +0.0%    0.0x     중간  0.58  0/0 [일봉]
084850  아이티엠반도체   13,780   63.1    -2.1%    0.3x     하단  2.74  4/0 [5분]
⛔ 금양(001570) 호가 없음 (거래정지 의심)

══════════════════════════════════════════════════
→ 전종목 HOLD
✅ Discord 전송 완료

[12:52] HOLD | KODEX RSI74/+1.0% | 보유:아이티엠(084850) +0.9% | 💸예수금부족 | 최고신호 아이티엠반도체(084850) 4/2개 [하락-2.1% / BB하단 / MA골 / 호가2.7]
💰 예수금 16,967원 | KODEX200 RSI74/+1.0% 정상 | 매수기준 2개↑
📦 보유 아이티엠반도체(084850) 6주 +0.8%

코드      종목명           가격    RSI     변화율    거래량     BB   호가비  B/S
────────────────────────────────────────────────────────────────────────
[2단계 분석 대상: 084850, 035720, 000660, 042700, 056080, 003670]
⛔ 아우토크립트(137040) 호가 없음 (거래정지 의심)
061250  화일약품       8,200    0.0    +0.0%    0.0x     중간  0.25  0/0 [일봉]
217820  원익피앤이      3,090    0.0    +0.0%    0.0x     중간  0.22  0/0 [일봉]
001510  SK증권       3,985    0.0    +0.0%    0.0x     중간  0.60  0/0 [일봉]
084850  아이티엠반도체   13,780   63.1    -2.1%    0.3x     하단  2.74  4/0 [5분]
⛔ 금양(001570) 호가 없음 (거래정지 의심)

══════════════════════════════════════════════════
→ 전종목 HOLD
✅ Discord 전송 완료

[12:54] HOLD | KODEX RSI74/+1.0% | 보유:아이티엠(084850) +0.8% | 💸예수금부족 | 최고신호 아이티엠반도체(084850) 4/2개 [하락-2.1% / BB하단 / MA골 / 호가2.7]
💰 예수금 16,967원 | KODEX200 RSI74/+0.8% 정상 | 매수기준 2개↑
📦 보유 아이티엠반도체(084850) 6주 +0.9%

코드      종목명           가격    RSI     변화율    거래량     BB   호가비  B/S
────────────────────────────────────────────────────────────────────────
[2단계 분석 대상: 084850, 000660, 035720, 066970, 042700, 012330]
⛔ 아우토크립트(137040) 호가 없음 (거래정지 의심)
061250  화일약품       8,200    0.0    +0.0%    0.0x     중간  0.22  0/0 [일봉]
217820  원익피앤이      3,090    0.0    +0.0%    0.0x     중간  0.22  0/0 [일봉]
001510  SK증권       3,980    0.0    +0.0%    0.0x     중간  0.71  0/0 [일봉]
084850  아이티엠반도체   13,780   60.0    -2.1%    0.3x     하단  5.09  4/0 [5분]
⛔ 금양(001570) 호가 없음 (거래정지 의심)

══════════════════════════════════════════════════
→ 전종목 HOLD
✅ Discord 전송 완료

[12:56] HOLD | KODEX RSI74/+0.8% | 보유:아이티엠(084850) +0.9% | 💸예수금부족 | 최고신호 아이티엠반도체(084850) 4/2개 [하락-2.1% / BB하단 / MA골 / 호가5.1]
💰 예수금 16,967원 | KODEX200 RSI74/+1.3% 정상 | 매수기준 2개↑
📦 보유 아이티엠반도체(084850) 6주 +0.9%

코드      종목명           가격    RSI     변화율    거래량     BB   호가비  B/S
────────────────────────────────────────────────────────────────────────
[2단계 분석 대상: 084850, 247540, 012330, 042700, 056080, 086790]
⛔ 아우토크립트(137040) 호가 없음 (거래정지 의심)
061250  화일약품       8,200    0.0    +0.0%    0.0x     중간  0.22  0/0 [일봉]
217820  원익피앤이      3,095    0.0    +0.0%    0.0x     중간  0.33  0/0 [일봉]
001510  SK증권       3,995    0.0    +0.0%    0.0x     중간  0.72  0/0 [일봉]
084850  아이티엠반도체   13,780   60.0    -2.2%    0.3x     하단  2.19  4/0 [5분]
⛔ 금양(001570) 호가 없음 (거래정지 의심)

══════════════════════════════════════════════════
→ 전종목 HOLD
✅ Discord 전송 완료

[12:58] HOLD | KODEX RSI74/+1.3% | 보유:아이티엠(084850) +0.9% | 💸예수금부족 | 최고신호 아이티엠반도체(084850) 4/2개 [하락-2.2% / BB하단 / MA골 / 호가2.2]
💰 예수금 16,968원 | KODEX200 RSI74/+1.2% 정상 | 매수기준 2개↑
📦 보유 아이티엠반도체(084850) 6주 +0.5%

코드      종목명           가격    RSI     변화율    거래량     BB   호가비  B/S
────────────────────────────────────────────────────────────────────────
[2단계 분석 대상: 084850, 035720, 012330, 056080, 003670, 259960]
⛔ 아우토크립트(137040) 호가 없음 (거래정지 의심)
061250  화일약품       8,200    0.0    +0.0%    0.0x     중간  0.22  0/0 [일봉]
217820  원익피앤이      3,095    0.0    +0.0%    0.0x     중간  0.25  0/0 [일봉]
001510  SK증권       3,990    0.0    +0.0%    0.0x     중간  0.93  0/0 [일봉]
084850  아이티엠반도체   13,760   54.4    -2.3%    0.3x     하단  0.16  3/1 [5분]
⛔ 금양(001570) 호가 없음 (거래정지 의심)

══════════════════════════════════════════════════
→ 전종목 HOLD
✅ Discord 전송 완료

[13:00] HOLD | KODEX RSI74/+1.2% | 보유:아이티엠(084850) +0.5% | 💸예수금부족 | 최고신호 아이티엠반도체(084850) 3/2개 [RSI54 / 하락-2.3% / BB하단]
💰 예수금 16,967원 | KODEX200 RSI74/+1.1% 정상 | 매수기준 2개↑
📦 보유 아이티엠반도체(084850) 6주 +0.8%

코드      종목명           가격    RSI     변화율    거래량     BB   호가비  B/S
────────────────────────────────────────────────────────────────────────
[2단계 분석 대상: 084850, 035720, 012330, 247540, 056080, 000660]
⛔ 아우토크립트(137040) 호가 없음 (거래정지 의심)
061250  화일약품       8,200    0.0    +0.0%    0.0x     중간  0.22  0/0 [일봉]
217820  원익피앤이      3,095    0.0    +0.0%    0.0x     중간  0.20  0/0 [일봉]
001510  SK증권       3,980    0.0    +0.0%    0.0x     중간  0.91  0/0 [일봉]
084850  아이티엠반도체   13,750   54.4    -2.3%    0.3x     하단  1.13  3/1 [5분]
⛔ 금양(001570) 호가 없음 (거래정지 의심)

══════════════════════════════════════════════════
→ 전종목 HOLD
✅ Discord 전송 완료

[13:02] HOLD | KODEX RSI74/+1.1% | 보유:아이티엠(084850) +0.8% | 💸예수금부족 | 최고신호 아이티엠반도체(084850) 3/2개 [RSI54 / 하락-2.3% / BB하단]
💰 예수금 16,967원 | KODEX200 RSI74/+0.9% 정상 | 매수기준 2개↑
📦 보유 아이티엠반도체(084850) 6주 +0.7%

코드      종목명           가격    RSI     변화율    거래량     BB   호가비  B/S
────────────────────────────────────────────────────────────────────────
[2단계 분석 대상: 084850, 035720, 000660, 042700, 012330, 247540]
⛔ 아우토크립트(137040) 호가 없음 (거래정지 의심)
061250  화일약품       8,200    0.0    +0.0%    0.0x     중간  0.22  0/0 [일봉]
217820  원익피앤이      3,095    0.0    +0.0%    0.0x     중간  0.20  0/0 [일봉]
001510  SK증권       3,970    0.0    +0.0%    0.0x     중간  0.73  0/0 [일봉]
084850  아이티엠반도체   13,750   54.4    -2.7%    0.3x     하단  1.24  4/1 [5분]
⛔ 금양(001570) 호가 없음 (거래정지 의심)

══════════════════════════════════════════════════
→ 전종목 HOLD
✅ Discord 전송 완료

[13:04] HOLD | KODEX RSI74/+0.9% | 보유:아이티엠(084850) +0.7% | 💸예수금부족 | 최고신호 아이티엠반도체(084850) 4/2개 [RSI54 / 하락-2.7% / BB하단 / 호가1.2]
💰 예수금 16,968원 | KODEX200 RSI74/+0.9% 정상 | 매수기준 2개↑
📦 보유 아이티엠반도체(084850) 6주 +0.3%

코드      종목명           가격    RSI     변화율    거래량     BB   호가비  B/S
────────────────────────────────────────────────────────────────────────
[2단계 분석 대상: 084850, 035720, 000660, 000270, 012330, 042700]
⛔ 아우토크립트(137040) 호가 없음 (거래정지 의심)
061250  화일약품       8,200    0.0    +0.0%    0.0x     중간  0.22  0/0 [일봉]
217820  원익피앤이      3,095    0.0    +0.0%    0.0x     중간  0.15  0/0 [일봉]
001510  SK증권       3,970    0.0    +0.0%    0.0x     중간  0.90  0/0 [일봉]
084850  아이티엠반도체   13,750   46.9    -2.3%    0.3x     하단  1.33  4/1 [5분]
⛔ 금양(001570) 호가 없음 (거래정지 의심)

══════════════════════════════════════════════════
→ 전종목 HOLD
✅ Discord 전송 완료

[13:06] HOLD | KODEX RSI74/+0.9% | 보유:아이티엠(084850) +0.3% | 💸예수금부족 | 최고신호 아이티엠반도체(084850) 4/2개 [RSI47 / 하락-2.3% / BB하단 / 호가1.3]
💰 예수금 16,967원 | KODEX200 RSI74/+0.8% 정상 | 매수기준 2개↑
📦 보유 아이티엠반도체(084850) 6주 +0.8%

코드      종목명           가격    RSI     변화율    거래량     BB   호가비  B/S
────────────────────────────────────────────────────────────────────────
[2단계 분석 대상: 084850, 000660, 012330, 247540, 042700, 000270]
⛔ 아우토크립트(137040) 호가 없음 (거래정지 의심)
061250  화일약품       8,200    0.0    +0.0%    0.0x     중간  0.21  0/0 [일봉]
217820  원익피앤이      3,085    0.0    +0.0%    0.0x     중간  0.15  0/0 [일봉]
001510  SK증권       3,975    0.0    +0.0%    0.0x     중간  0.96  0/0 [일봉]
084850  아이티엠반도체   13,750   46.9    -2.3%    0.3x     하단  1.29  4/1 [5분]
⛔ 금양(001570) 호가 없음 (거래정지 의심)

══════════════════════════════════════════════════
→ 전종목 HOLD
✅ Discord 전송 완료

[13:08] HOLD | KODEX RSI74/+0.8% | 보유:아이티엠(084850) +0.8% | 💸예수금부족 | 최고신호 아이티엠반도체(084850) 4/2개 [RSI47 / 하락-2.3% / BB하단 / 호가1.3]
💰 예수금 16,967원 | KODEX200 RSI74/+1.0% 정상 | 매수기준 2개↑
📦 보유 아이티엠반도체(084850) 6주 +0.8%

코드      종목명           가격    RSI     변화율    거래량     BB   호가비  B/S
────────────────────────────────────────────────────────────────────────
[2단계 분석 대상: 084850, 000270, 012330, 000660, 035720, 259960]
⛔ 아우토크립트(137040) 호가 없음 (거래정지 의심)
061250  화일약품       8,200    0.0    +0.0%    0.0x     중간  0.22  0/0 [일봉]
217820  원익피앤이      3,085    0.0    +0.0%    0.0x     중간  0.15  0/0 [일봉]
001510  SK증권       3,985    0.0    +0.0%    0.0x     중간  0.85  0/0 [일봉]
084850  아이티엠반도체   13,740   51.9    -2.3%    0.3x     하단  0.20  3/1 [5분]
⛔ 금양(001570) 호가 없음 (거래정지 의심)

══════════════════════════════════════════════════
→ 전종목 HOLD
✅ Discord 전송 완료

[13:10] HOLD | KODEX RSI74/+1.0% | 보유:아이티엠(084850) +0.8% | 💸예수금부족 | 최고신호 아이티엠반도체(084850) 3/2개 [RSI52 / 하락-2.3% / BB하단]
💰 예수금 16,968원 | KODEX200 RSI74/+1.3% 정상 | 매수기준 2개↑
📦 보유 아이티엠반도체(084850) 6주 +0.6%

코드      종목명           가격    RSI     변화율    거래량     BB   호가비  B/S
────────────────────────────────────────────────────────────────────────
[2단계 분석 대상: 084850, 056080, 012330, 259960, 000270, 035720]
⛔ 아우토크립트(137040) 호가 없음 (거래정지 의심)
061250  화일약품       8,200    0.0    +0.0%    0.0x     중간  0.22  0/0 [일봉]
217820  원익피앤이      3,090    0.0    +0.0%    0.0x     중간  0.16  0/0 [일봉]
001510  SK증권       3,990    0.0    +0.0%    0.0x     중간  0.84  0/0 [일봉]
084850  아이티엠반도체   13,760   51.9    -2.3%    0.3x     하단  0.30  3/1 [5분]
⛔ 금양(001570) 호가 없음 (거래정지 의심)

══════════════════════════════════════════════════
→ 전종목 HOLD
✅ Discord 전송 완료

[13:12] HOLD | KODEX RSI74/+1.3% | 보유:아이티엠(084850) +0.6% | 💸예수금부족 | 최고신호 아이티엠반도체(084850) 3/2개 [RSI52 / 하락-2.3% / BB하단]
💰 예수금 16,967원 | KODEX200 RSI74/+1.8% 정상 | 매수기준 2개↑
📦 보유 아이티엠반도체(084850) 6주 +0.8%

코드      종목명           가격    RSI     변화율    거래량     BB   호가비  B/S
────────────────────────────────────────────────────────────────────────
[2단계 분석 대상: 084850, 259960, 012330, 068270, 207940, 000270]
⛔ 아우토크립트(137040) 호가 없음 (거래정지 의심)
061250  화일약품       8,200    0.0    +0.0%    0.0x     중간  0.08  0/0 [일봉]
217820  원익피앤이      3,095    0.0    +0.0%    0.0x     중간  0.16  0/0 [일봉]
001510  SK증권       3,995    0.0    +0.0%    0.0x     중간  0.94  0/0 [일봉]
084850  아이티엠반도체   13,770   51.9    -2.2%    0.3x     하단  0.31  3/1 [5분]
⛔ 금양(001570) 호가 없음 (거래정지 의심)

══════════════════════════════════════════════════
→ 전종목 HOLD
✅ Discord 전송 완료

[13:14] HOLD | KODEX RSI74/+1.8% | 보유:아이티엠(084850) +0.8% | 💸예수금부족 | 최고신호 아이티엠반도체(084850) 3/2개 [RSI52 / 하락-2.2% / BB하단]
💰 예수금 16,967원 | KODEX200 RSI74/+1.8% 정상 | 매수기준 2개↑
📦 보유 아이티엠반도체(084850) 6주 +0.8%

코드      종목명           가격    RSI     변화율    거래량     BB   호가비  B/S
────────────────────────────────────────────────────────────────────────
[2단계 분석 대상: 084850, 056080, 012330, 259960, 051910, 066970]
⛔ 아우토크립트(137040) 호가 없음 (거래정지 의심)
061250  화일약품       8,200    0.0    +0.0%    0.0x     중간  0.07  0/0 [일봉]
217820  원익피앤이      3,095    0.0    +0.0%    0.0x     중간  0.16  0/0 [일봉]
001510  SK증권       3,995    0.0    +0.0%    0.0x     중간  0.92  0/0 [일봉]
084850  아이티엠반도체   13,770   53.7    -2.2%    0.3x     하단  0.31  3/1 [5분]
⛔ 금양(001570) 호가 없음 (거래정지 의심)

══════════════════════════════════════════════════
→ 전종목 HOLD
✅ Discord 전송 완료

[13:16] HOLD | KODEX RSI74/+1.8% | 보유:아이티엠(084850) +0.8% | 💸예수금부족 | 최고신호 아이티엠반도체(084850) 3/2개 [RSI54 / 하락-2.2% / BB하단]
💰 예수금 16,967원 | KODEX200 RSI74/+1.6% 정상 | 매수기준 2개↑
📦 보유 아이티엠반도체(084850) 6주 +0.8%

코드      종목명           가격    RSI     변화율    거래량     BB   호가비  B/S
────────────────────────────────────────────────────────────────────────
[2단계 분석 대상: 084850, 056080, 259960, 068270, 035720, 003670]
⛔ 아우토크립트(137040) 호가 없음 (거래정지 의심)
061250  화일약품       8,200    0.0    +0.0%    0.0x     중간  0.09  0/0 [일봉]
217820  원익피앤이      3,095    0.0    +0.0%    0.0x     중간  0.15  0/0 [일봉]
001510  SK증권       3,990    0.0    +0.0%    0.0x     중간  0.94  0/0 [일봉]
084850  아이티엠반도체   13,800   53.7    -2.0%    0.3x     하단  0.55  3/1 [5분]
⛔ 금양(001570) 호가 없음 (거래정지 의심)

══════════════════════════════════════════════════
→ 전종목 HOLD
✅ Discord 전송 완료

[13:18] HOLD | KODEX RSI74/+1.6% | 보유:아이티엠(084850) +0.8% | 💸예수금부족 | 최고신호 아이티엠반도체(084850) 3/2개 [RSI54 / 하락-2.0% / BB하단]
💰 예수금 16,967원 | KODEX200 RSI74/+1.6% 정상 | 매수기준 2개↑
📦 보유 아이티엠반도체(084850) 6주 +1.0%

코드      종목명           가격    RSI     변화율    거래량     BB   호가비  B/S
────────────────────────────────────────────────────────────────────────
[2단계 분석 대상: 084850, 247540, 066970, 056080, 079550, 003670]
⛔ 아우토크립트(137040) 호가 없음 (거래정지 의심)
061250  화일약품       8,200    0.0    +0.0%    0.0x     중간  0.09  0/0 [일봉]
217820  원익피앤이      3,090    0.0    +0.0%    0.0x     중간  0.16  0/0 [일봉]
001510  SK증권       3,990    0.0    +0.0%    0.0x     중간  0.98  0/0 [일봉]
084850  아이티엠반도체   13,820   49.1    -1.9%    0.3x     하단  0.22  3/1 [5분]
⛔ 금양(001570) 호가 없음 (거래정지 의심)

══════════════════════════════════════════════════
→ 전종목 HOLD
✅ Discord 전송 완료

[13:20] HOLD | KODEX RSI74/+1.6% | 보유:아이티엠(084850) +1.0% | 💸예수금부족 | 최고신호 아이티엠반도체(084850) 3/2개 [RSI49 / 하락-1.9% / BB하단]
💰 예수금 16,967원 | KODEX200 RSI74/+1.2% 정상 | 매수기준 2개↑
📦 보유 아이티엠반도체(084850) 6주 +1.2%

코드      종목명           가격    RSI     변화율    거래량     BB   호가비  B/S
────────────────────────────────────────────────────────────────────────
[2단계 분석 대상: 084850, 066970, 000270, 035720, 247540, 056080]
⛔ 아우토크립트(137040) 호가 없음 (거래정지 의심)
061250  화일약품       8,200    0.0    +0.0%    0.0x     중간  0.07  0/0 [일봉]
217820  원익피앤이      3,080    0.0    +0.0%    0.0x     중간  0.17  0/0 [일봉]
001510  SK증권       3,980    0.0    +0.0%    0.0x     중간  1.04  0/0 [일봉]
084850  아이티엠반도체   13,830   49.1    -1.9%    0.3x     하단  1.06  3/1 [5분]
⛔ 금양(001570) 호가 없음 (거래정지 의심)

══════════════════════════════════════════════════
→ 전종목 HOLD
✅ Discord 전송 완료

[13:22] HOLD | KODEX RSI74/+1.2% | 보유:아이티엠(084850) +1.2% | 💸예수금부족 | 최고신호 아이티엠반도체(084850) 3/2개 [RSI49 / 하락-1.9% / BB하단]
💰 예수금 16,967원 | KODEX200 RSI74/+0.7% 정상 | 매수기준 2개↑
📦 보유 아이티엠반도체(084850) 6주 +1.0%

코드      종목명           가격    RSI     변화율    거래량     BB   호가비  B/S
────────────────────────────────────────────────────────────────────────
[2단계 분석 대상: 084850, 247540, 000660, 035720, 066970, 034020]
⛔ 아우토크립트(137040) 호가 없음 (거래정지 의심)
061250  화일약품       8,200    0.0    +0.0%    0.0x     중간  0.08  0/0 [일봉]
217820  원익피앤이      3,075    0.0    +0.0%    0.0x     중간  0.17  0/0 [일봉]
001510  SK증권       3,980    0.0    +0.0%    0.0x     중간  0.88  0/0 [일봉]
084850  아이티엠반도체   13,780   43.5    -2.3%    0.3x     하단  1.15  4/0 [5분]
⛔ 금양(001570) 호가 없음 (거래정지 의심)

══════════════════════════════════════════════════
→ 전종목 HOLD
✅ Discord 전송 완료

[13:24] HOLD | KODEX RSI74/+0.7% | 보유:아이티엠(084850) +1.0% | 💸예수금부족 | 최고신호 아이티엠반도체(084850) 4/2개 [RSI44 / 하락-2.3% / BB하단 / MA골]
💰 예수금 16,967원 | KODEX200 RSI73/+0.5% 정상 | 매수기준 2개↑
📦 보유 아이티엠반도체(084850) 6주 +0.7%

코드      종목명           가격    RSI     변화율    거래량     BB   호가비  B/S
────────────────────────────────────────────────────────────────────────
[2단계 분석 대상: 084850, 247540, 015760, 035720, 000660, 012330]
⛔ 아우토크립트(137040) 호가 없음 (거래정지 의심)
061250  화일약품       8,200    0.0    +0.0%    0.0x     중간  0.08  0/0 [일봉]
217820  원익피앤이      3,070    0.0    +0.0%    0.0x     중간  0.17  0/0 [일봉]
001510  SK증권       3,975    0.0    +0.0%    0.0x     중간  0.78  0/0 [일봉]
084850  아이티엠반도체   13,760   43.5    -2.3%    0.3x     하단  1.52  5/0 [5분]
⛔ 금양(001570) 호가 없음 (거래정지 의심)

══════════════════════════════════════════════════
→ 전종목 HOLD
✅ Discord 전송 완료

[13:26] HOLD | KODEX RSI73/+0.5% | 보유:아이티엠(084850) +0.7% | 💸예수금부족 | 최고신호 아이티엠반도체(084850) 5/2개 [RSI44 / 하락-2.3% / BB하단 / MA골 / 호가1.5]
💰 예수금 16,967원 | KODEX200 RSI73/+0.6% 정상 | 매수기준 2개↑
📦 보유 아이티엠반도체(084850) 6주 +0.7%

코드      종목명           가격    RSI     변화율    거래량     BB   호가비  B/S
────────────────────────────────────────────────────────────────────────
[2단계 분석 대상: 084850, 247540, 068270, 015760, 035720, 034020]
⛔ 아우토크립트(137040) 호가 없음 (거래정지 의심)
061250  화일약품       8,200    0.0    +0.0%    0.0x     중간  0.08  0/0 [일봉]
217820  원익피앤이      3,060    0.0    +0.0%    0.0x     중간  0.23  0/0 [일봉]
001510  SK증권       3,975    0.0    +0.0%    0.0x     중간  0.77  0/0 [일봉]
084850  아이티엠반도체   13,750   43.5    -2.3%    0.3x     하단  1.31  5/0 [5분]
⛔ 금양(001570) 호가 없음 (거래정지 의심)

══════════════════════════════════════════════════
→ 전종목 HOLD
✅ Discord 전송 완료

[13:28] HOLD | KODEX RSI73/+0.6% | 보유:아이티엠(084850) +0.7% | 💸예수금부족 | 최고신호 아이티엠반도체(084850) 5/2개 [RSI44 / 하락-2.3% / BB하단 / MA골 / 호가1.3]
💰 예수금 16,967원 | KODEX200 RSI73/+0.4% 정상 | 매수기준 2개↑
📦 보유 아이티엠반도체(084850) 6주 +0.7%

코드      종목명           가격    RSI     변화율    거래량     BB   호가비  B/S
────────────────────────────────────────────────────────────────────────
[2단계 분석 대상: 084850, 035720, 247540, 015760, 068270, 034020]
⛔ 아우토크립트(137040) 호가 없음 (거래정지 의심)
061250  화일약품       8,200    0.0    +0.0%    0.0x     중간  0.09  0/0 [일봉]
217820  원익피앤이      3,060    0.0    +0.0%    0.0x     중간  0.19  0/0 [일봉]
001510  SK증권       3,965    0.0    +0.0%    0.0x     중간  0.97  0/0 [일봉]
084850  아이티엠반도체   13,750   45.8    -2.3%    0.3x     하단  0.92  4/0 [5분]
⛔ 금양(001570) 호가 없음 (거래정지 의심)

══════════════════════════════════════════════════
→ 전종목 HOLD
✅ Discord 전송 완료

[13:30] HOLD | KODEX RSI73/+0.4% | 보유:아이티엠(084850) +0.7% | 💸예수금부족 | 최고신호 아이티엠반도체(084850) 4/2개 [RSI46 / 하락-2.3% / BB하단 / MA골]
💰 예수금 16,967원 | KODEX200 RSI73/+0.4% 정상 | 매수기준 2개↑
📦 보유 아이티엠반도체(084850) 6주 +0.7%

코드      종목명           가격    RSI     변화율    거래량     BB   호가비  B/S
────────────────────────────────────────────────────────────────────────
[2단계 분석 대상: 084850, 068270, 035720, 247540, 015760, 012330]
⛔ 아우토크립트(137040) 호가 없음 (거래정지 의심)
061250  화일약품       8,200    0.0    +0.0%    0.0x     중간  0.08  0/0 [일봉]
217820  원익피앤이      3,060    0.0    +0.0%    0.0x     중간  0.22  0/0 [일봉]
001510  SK증권       3,965    0.0    +0.0%    0.0x     중간  1.93  1/0 [일봉]
084850  아이티엠반도체   13,750   45.8    -2.3%    0.3x     하단  1.03  4/0 [5분]
⛔ 금양(001570) 호가 없음 (거래정지 의심)

══════════════════════════════════════════════════
→ 전종목 HOLD
✅ Discord 전송 완료

[13:32] HOLD | KODEX RSI73/+0.4% | 보유:아이티엠(084850) +0.7% | 💸예수금부족 | 최고신호 아이티엠반도체(084850) 4/2개 [RSI46 / 하락-2.3% / BB하단 / MA골]
💰 예수금 16,967원 | KODEX200 RSI73/+0.3% 정상 | 매수기준 2개↑
📦 보유 아이티엠반도체(084850) 6주 +0.7%

코드      종목명           가격    RSI     변화율    거래량     BB   호가비  B/S
────────────────────────────────────────────────────────────────────────
[2단계 분석 대상: 084850, 068270, 247540, 035720, 012330, 015760]
⛔ 아우토크립트(137040) 호가 없음 (거래정지 의심)
061250  화일약품       8,200    0.0    +0.0%    0.0x     중간  0.08  0/0 [일봉]
217820  원익피앤이      3,060    0.0    +0.0%    0.0x     중간  0.24  0/0 [일봉]
001510  SK증권       3,965    0.0    +0.0%    0.0x     중간  1.86  1/0 [일봉]
084850  아이티엠반도체   13,730   45.8    -2.6%    0.3x     하단  0.99  4/0 [5분]
⛔ 금양(001570) 호가 없음 (거래정지 의심)

══════════════════════════════════════════════════
→ 전종목 HOLD
✅ Discord 전송 완료

[13:34] HOLD | KODEX RSI73/+0.3% | 보유:아이티엠(084850) +0.7% | 💸예수금부족 | 최고신호 아이티엠반도체(084850) 4/2개 [RSI46 / 하락-2.6% / BB하단 / MA골]
💰 예수금 16,968원 | KODEX200 RSI73/+0.5% 정상 | 매수기준 2개↑
📦 보유 아이티엠반도체(084850) 6주 +0.6%

코드      종목명           가격    RSI     변화율    거래량     BB   호가비  B/S
────────────────────────────────────────────────────────────────────────
[2단계 분석 대상: 084850, 035720, 015760, 012330, 247540, 005380]
⛔ 아우토크립트(137040) 호가 없음 (거래정지 의심)
061250  화일약품       8,200    0.0    +0.0%    0.0x     중간  0.09  0/0 [일봉]
217820  원익피앤이      3,060    0.0    +0.0%    0.0x     중간  0.29  0/0 [일봉]
001510  SK증권       3,970    0.0    +0.0%    0.0x     중간  1.45  1/0 [일봉]
084850  아이티엠반도체   13,730   45.0    -2.5%    0.3x     하단  1.08  4/0 [5분]
⛔ 금양(001570) 호가 없음 (거래정지 의심)

══════════════════════════════════════════════════
→ 전종목 HOLD
✅ Discord 전송 완료

[13:36] HOLD | KODEX RSI73/+0.5% | 보유:아이티엠(084850) +0.6% | 💸예수금부족 | 최고신호 아이티엠반도체(084850) 4/2개 [RSI45 / 하락-2.5% / BB하단 / MA골]
💰 예수금 16,968원 | KODEX200 RSI73/+0.5% 정상 | 매수기준 2개↑
📦 보유 아이티엠반도체(084850) 6주 +0.6%

코드      종목명           가격    RSI     변화율    거래량     BB   호가비  B/S
────────────────────────────────────────────────────────────────────────
[2단계 분석 대상: 084850, 035720, 247540, 012330, 000660, 015760]
⛔ 아우토크립트(137040) 호가 없음 (거래정지 의심)
061250  화일약품       8,200    0.0    +0.0%    0.0x     중간  0.09  0/0 [일봉]
217820  원익피앤이      3,070    0.0    +0.0%    0.0x     중간  0.12  0/0 [일봉]
001510  SK증권       3,970    0.0    +0.0%    0.0x     중간  1.83  1/0 [일봉]
084850  아이티엠반도체   13,720   45.0    -2.5%    0.3x     하단  1.10  4/0 [5분]
⛔ 금양(001570) 호가 없음 (거래정지 의심)

══════════════════════════════════════════════════
→ 전종목 HOLD
✅ Discord 전송 완료

[13:38] HOLD | KODEX RSI73/+0.5% | 보유:아이티엠(084850) +0.6% | 💸예수금부족 | 최고신호 아이티엠반도체(084850) 4/2개 [RSI45 / 하락-2.5% / BB하단 / MA골]
💰 예수금 16,968원 | KODEX200 RSI73/+0.4% 정상 | 매수기준 2개↑
📦 보유 아이티엠반도체(084850) 6주 +0.6%

코드      종목명           가격    RSI     변화율    거래량     BB   호가비  B/S
────────────────────────────────────────────────────────────────────────
[2단계 분석 대상: 084850, 035720, 042700, 012330, 005380, 000660]
⛔ 아우토크립트(137040) 호가 없음 (거래정지 의심)
061250  화일약품       8,200    0.0    +0.0%    0.0x     중간  0.09  0/0 [일봉]
217820  원익피앤이      3,070    0.0    +0.0%    0.0x     중간  0.12  0/0 [일봉]
001510  SK증권       3,975    0.0    +0.0%    0.0x     중간  1.39  1/0 [일봉]
084850  아이티엠반도체   13,720   55.4    -2.6%    0.3x     하단  0.96  3/0 [5분]
⛔ 금양(001570) 호가 없음 (거래정지 의심)

══════════════════════════════════════════════════
→ 전종목 HOLD
✅ Discord 전송 완료

[13:40] HOLD | KODEX RSI73/+0.4% | 보유:아이티엠(084850) +0.6% | 💸예수금부족 | 최고신호 아이티엠반도체(084850) 3/2개 [하락-2.6% / BB하단 / MA골]
💰 예수금 16,967원 | KODEX200 RSI74/+0.7% 정상 | 매수기준 2개↑
📦 보유 아이티엠반도체(084850) 6주 +0.7%

코드      종목명           가격    RSI     변화율    거래량     BB   호가비  B/S
────────────────────────────────────────────────────────────────────────
[2단계 분석 대상: 084850, 035720, 055550, 012330, 105560, 042700]
⛔ 아우토크립트(137040) 호가 없음 (거래정지 의심)
061250  화일약품       8,180    0.0    +0.0%    0.0x     중간  0.08  0/0 [일봉]
217820  원익피앤이      3,070    0.0    +0.0%    0.0x     중간  0.12  0/0 [일봉]
001510  SK증권       3,985    0.0    +0.0%    0.0x     중간  1.95  1/0 [일봉]
084850  아이티엠반도체   13,820   55.4    -2.5%    0.3x     하단  1.23  4/0 [5분]
⛔ 금양(001570) 호가 없음 (거래정지 의심)

══════════════════════════════════════════════════
→ 전종목 HOLD
✅ Discord 전송 완료

[13:42] HOLD | KODEX RSI74/+0.7% | 보유:아이티엠(084850) +0.7% | 💸예수금부족 | 최고신호 아이티엠반도체(084850) 4/2개 [하락-2.5% / BB하단 / MA골 / 호가1.2]
💰 예수금 16,967원 | KODEX200 RSI74/+0.8% 정상 | 매수기준 2개↑
📦 보유 아이티엠반도체(084850) 6주 +0.8%

코드      종목명           가격    RSI     변화율    거래량     BB   호가비  B/S
────────────────────────────────────────────────────────────────────────
[2단계 분석 대상: 084850, 055550, 035720, 012330, 042700, 005380]
⛔ 아우토크립트(137040) 호가 없음 (거래정지 의심)
061250  화일약품       8,180    0.0    +0.0%    0.0x     중간  0.09  0/0 [일봉]
217820  원익피앤이      3,075    0.0    +0.0%    0.0x     중간  0.12  0/0 [일봉]
001510  SK증권       4,005    0.0    +0.0%    0.0x     중간  1.00  0/0 [일봉]
084850  아이티엠반도체   13,780   55.4    -2.1%    0.3x     하단  2.70  4/0 [5분]
⛔ 금양(001570) 호가 없음 (거래정지 의심)

══════════════════════════════════════════════════
→ 전종목 HOLD
✅ Discord 전송 완료

[13:44] HOLD | KODEX RSI74/+0.8% | 보유:아이티엠(084850) +0.8% | 💸예수금부족 | 최고신호 아이티엠반도체(084850) 4/2개 [하락-2.1% / BB하단 / MA골 / 호가2.7]
💰 예수금 16,967원 | KODEX200 RSI73/+0.6% 정상 | 매수기준 2개↑
📦 보유 아이티엠반도체(084850) 6주 +0.9%

코드      종목명           가격    RSI     변화율    거래량     BB   호가비  B/S
────────────────────────────────────────────────────────────────────────
[2단계 분석 대상: 084850, 055550, 035720, 012330, 066970, 042700]
⛔ 아우토크립트(137040) 호가 없음 (거래정지 의심)
061250  화일약품       8,180    0.0    +0.0%    0.0x     중간  0.09  0/0 [일봉]
217820  원익피앤이      3,075    0.0    +0.0%    0.0x     중간  0.12  0/0 [일봉]
001510  SK증권       4,005    0.0    +0.0%    0.0x     중간  0.57  0/0 [일봉]
084850  아이티엠반도체   13,780   63.0    -2.1%    0.3x     하단  2.70  4/0 [5분]
⛔ 금양(001570) 호가 없음 (거래정지 의심)

══════════════════════════════════════════════════
→ 전종목 HOLD
✅ Discord 전송 완료

[13:46] HOLD | KODEX RSI73/+0.6% | 보유:아이티엠(084850) +0.9% | 💸예수금부족 | 최고신호 아이티엠반도체(084850) 4/2개 [하락-2.1% / BB하단 / MA골 / 호가2.7]
💰 예수금 16,967원 | KODEX200 RSI73/+0.5% 정상 | 매수기준 2개↑
📦 보유 아이티엠반도체(084850) 6주 +1.2%

코드      종목명           가격    RSI     변화율    거래량     BB   호가비  B/S
────────────────────────────────────────────────────────────────────────
[2단계 분석 대상: 084850, 035720, 042700, 012330, 056080, 005380]
⛔ 아우토크립트(137040) 호가 없음 (거래정지 의심)
061250  화일약품       8,180    0.0    +0.0%    0.0x     중간  0.09  0/0 [일봉]
217820  원익피앤이      3,075    0.0    +0.0%    0.0x     중간  0.21  0/0 [일봉]
001510  SK증권       3,995    0.0    +0.0%    0.0x     중간  1.47  1/0 [일봉]
084850  아이티엠반도체   13,780   63.0    -2.2%    0.3x     하단  2.61  4/0 [5분]
⛔ 금양(001570) 호가 없음 (거래정지 의심)

══════════════════════════════════════════════════
→ 전종목 HOLD
✅ Discord 전송 완료

[13:48] HOLD | KODEX RSI73/+0.5% | 보유:아이티엠(084850) +1.2% | 💸예수금부족 | 최고신호 아이티엠반도체(084850) 4/2개 [하락-2.2% / BB하단 / MA골 / 호가2.6]
💰 예수금 16,967원 | KODEX200 RSI73/+0.6% 정상 | 매수기준 2개↑
📦 보유 아이티엠반도체(084850) 6주 +1.1%

코드      종목명           가격    RSI     변화율    거래량     BB   호가비  B/S
────────────────────────────────────────────────────────────────────────
[2단계 분석 대상: 084850, 055550, 035720, 042700, 012330, 005380]
⛔ 아우토크립트(137040) 호가 없음 (거래정지 의심)
061250  화일약품       8,180    0.0    +0.0%    0.0x     중간  0.08  0/0 [일봉]
217820  원익피앤이      3,070    0.0    +0.0%    0.0x     중간  0.14  0/0 [일봉]
001510  SK증권       3,995    0.0    +0.0%    0.0x     중간  1.61  1/0 [일봉]
084850  아이티엠반도체   13,800   50.0    -2.0%    0.3x     하단  1.90  5/0 [5분]
⛔ 금양(001570) 호가 없음 (거래정지 의심)

══════════════════════════════════════════════════
→ 전종목 HOLD
✅ Discord 전송 완료

[13:50] HOLD | KODEX RSI73/+0.6% | 보유:아이티엠(084850) +1.1% | 💸예수금부족 | 최고신호 아이티엠반도체(084850) 5/2개 [RSI50 / 하락-2.0% / BB하단 / MA골 / 호가1.9]
💰 예수금 16,967원 | KODEX200 RSI73/+0.6% 정상 | 매수기준 2개↑
📦 보유 아이티엠반도체(084850) 6주 +1.1%

코드      종목명           가격    RSI     변화율    거래량     BB   호가비  B/S
────────────────────────────────────────────────────────────────────────
[2단계 분석 대상: 084850, 035720, 055550, 247540, 056080, 012330]
⛔ 아우토크립트(137040) 호가 없음 (거래정지 의심)
061250  화일약품       8,150    0.0    +0.0%    0.0x     중간  0.09  0/0 [일봉]
217820  원익피앤이      3,065    0.0    +0.0%    0.0x     중간  0.24  0/0 [일봉]
001510  SK증권       3,995    0.0    +0.0%    0.0x     중간  1.65  1/0 [일봉]
084850  아이티엠반도체   13,820   50.0    -1.9%    0.3x     하단  1.47  5/0 [5분]
⛔ 금양(001570) 호가 없음 (거래정지 의심)

══════════════════════════════════════════════════
→ 전종목 HOLD
✅ Discord 전송 완료

[13:52] HOLD | KODEX RSI73/+0.6% | 보유:아이티엠(084850) +1.1% | 💸예수금부족 | 최고신호 아이티엠반도체(084850) 5/2개 [RSI50 / 하락-1.9% / BB하단 / MA골 / 호가1.5]
💰 예수금 16,967원 | KODEX200 RSI73/+0.6% 정상 | 매수기준 2개↑
📦 보유 아이티엠반도체(084850) 6주 +1.2%

코드      종목명           가격    RSI     변화율    거래량     BB   호가비  B/S
────────────────────────────────────────────────────────────────────────
[2단계 분석 대상: 084850, 066970, 035720, 056080, 012330, 105560]
⛔ 아우토크립트(137040) 호가 없음 (거래정지 의심)
061250  화일약품       8,150    0.0    +0.0%    0.0x     중간  0.09  0/0 [일봉]
217820  원익피앤이      3,070    0.0    +0.0%    0.0x     중간  0.44  0/0 [일봉]
001510  SK증권       4,000    0.0    +0.0%    0.0x     중간  1.56  1/0 [일봉]
084850  아이티엠반도체   13,850   53.7    -1.6%    0.3x     하단  0.73  4/0 [5분]
⛔ 금양(001570) 호가 없음 (거래정지 의심)

══════════════════════════════════════════════════
→ 전종목 HOLD
✅ Discord 전송 완료

[13:54] HOLD | KODEX RSI73/+0.6% | 보유:아이티엠(084850) +1.2% | 💸예수금부족 | 최고신호 아이티엠반도체(084850) 4/2개 [RSI54 / 하락-1.6% / BB하단 / MA골]
💰 예수금 16,966원 | KODEX200 RSI73/+0.5% 정상 | 매수기준 2개↑
📦 보유 아이티엠반도체(084850) 6주 +1.4%

코드      종목명           가격    RSI     변화율    거래량     BB   호가비  B/S
────────────────────────────────────────────────────────────────────────
[2단계 분석 대상: 084850, 066970, 035720, 005380, 247540, 056080]
⛔ 아우토크립트(137040) 호가 없음 (거래정지 의심)
061250  화일약품       8,150    0.0    +0.0%    0.0x     중간  0.09  0/0 [일봉]
217820  원익피앤이      3,070    0.0    +0.0%    0.0x     중간  0.52  0/0 [일봉]
001510  SK증권       4,000    0.0    +0.0%    0.0x     중간  1.43  1/0 [일봉]
084850  아이티엠반도체   13,850   53.7    -1.6%    0.3x     하단  0.74  4/0 [5분]
⛔ 금양(001570) 호가 없음 (거래정지 의심)

══════════════════════════════════════════════════
→ 전종목 HOLD
✅ Discord 전송 완료

[13:56] HOLD | KODEX RSI73/+0.5% | 보유:아이티엠(084850) +1.4% | 💸예수금부족 | 최고신호 아이티엠반도체(084850) 4/2개 [RSI54 / 하락-1.6% / BB하단 / MA골]
💰 예수금 16,967원 | KODEX200 RSI73/+0.6% 정상 | 매수기준 2개↑
📦 보유 아이티엠반도체(084850) 6주 +1.1%

코드      종목명           가격    RSI     변화율    거래량     BB   호가비  B/S
────────────────────────────────────────────────────────────────────────
[2단계 분석 대상: 084850, 066970, 056080, 035720, 005380, 247540]
⛔ 아우토크립트(137040) 호가 없음 (거래정지 의심)
061250  화일약품       8,150    0.0    +0.0%    0.0x     중간  0.09  0/0 [일봉]
217820  원익피앤이      3,070    0.0    +0.0%    0.0x     중간  0.52  0/0 [일봉]
001510  SK증권       4,005    0.0    +0.0%    0.0x     중간  0.97  0/0 [일봉]
084850  아이티엠반도체   13,800   53.7    -2.0%    0.3x     하단  0.67  4/0 [5분]
⛔ 금양(001570) 호가 없음 (거래정지 의심)

══════════════════════════════════════════════════
→ 전종목 HOLD
✅ Discord 전송 완료

[13:58] HOLD | KODEX RSI73/+0.6% | 보유:아이티엠(084850) +1.1% | 💸예수금부족 | 최고신호 아이티엠반도체(084850) 4/2개 [RSI54 / 하락-2.0% / BB하단 / MA골]
💰 예수금 16,967원 | KODEX200 RSI74/+0.7% 정상 | 매수기준 2개↑
📦 보유 아이티엠반도체(084850) 6주 +0.9%

코드      종목명           가격    RSI     변화율    거래량     BB   호가비  B/S
────────────────────────────────────────────────────────────────────────
[2단계 분석 대상: 084850, 056080, 207940, 035720, 066970, 247540]
⛔ 아우토크립트(137040) 호가 없음 (거래정지 의심)
061250  화일약품       8,150    0.0    +0.0%    0.0x     중간  0.10  0/0 [일봉]
217820  원익피앤이      3,075    0.0    +0.0%    0.0x     중간  0.39  0/0 [일봉]
001510  SK증권       4,010    0.0    +0.0%    0.0x     중간  0.94  0/0 [일봉]
084850  아이티엠반도체   13,790   53.7    -2.1%    0.3x     하단  1.43  5/0 [5분]
⛔ 금양(001570) 호가 없음 (거래정지 의심)

══════════════════════════════════════════════════
→ 전종목 HOLD
✅ Discord 전송 완료

[14:00] HOLD | KODEX RSI74/+0.7% | 보유:아이티엠(084850) +0.9% | 💸예수금부족 | 최고신호 아이티엠반도체(084850) 5/2개 [RSI54 / 하락-2.1% / BB하단 / MA골 / 호가1.4]
💰 예수금 16,967원 | KODEX200 RSI73/+0.6% 정상 | 매수기준 2개↑
📦 보유 아이티엠반도체(084850) 6주 +0.9%

코드      종목명           가격    RSI     변화율    거래량     BB   호가비  B/S
────────────────────────────────────────────────────────────────────────
[2단계 분석 대상: 084850, 066970, 056080, 247540, 035720, 058470]
⛔ 아우토크립트(137040) 호가 없음 (거래정지 의심)
061250  화일약품       8,150    0.0    +0.0%    0.0x     중간  0.10  0/0 [일봉]
217820  원익피앤이      3,070    0.0    +0.0%    0.0x     중간  0.41  0/0 [일봉]
001510  SK증권       4,000    0.0    +0.0%    0.0x     중간  1.53  1/0 [일봉]
084850  아이티엠반도체   13,790   59.6    -2.1%    0.3x     하단  1.43  4/0 [5분]
⛔ 금양(001570) 호가 없음 (거래정지 의심)

══════════════════════════════════════════════════
→ 전종목 HOLD
✅ Discord 전송 완료

[14:02] HOLD | KODEX RSI73/+0.6% | 보유:아이티엠(084850) +0.9% | 💸예수금부족 | 최고신호 아이티엠반도체(084850) 4/2개 [하락-2.1% / BB하단 / MA골 / 호가1.4]
💰 예수금 16,967원 | KODEX200 RSI73/+0.5% 정상 | 매수기준 2개↑
📦 보유 아이티엠반도체(084850) 6주 +1.0%

코드      종목명           가격    RSI     변화율    거래량     BB   호가비  B/S
────────────────────────────────────────────────────────────────────────
[2단계 분석 대상: 084850, 066970, 056080, 035720, 207940, 247540]
⛔ 아우토크립트(137040) 호가 없음 (거래정지 의심)
061250  화일약품       8,150    0.0    +0.0%    0.0x     중간  0.12  0/0 [일봉]
217820  원익피앤이      3,070    0.0    +0.0%    0.0x     중간  0.41  0/0 [일봉]
001510  SK증권       3,995    0.0    +0.0%    0.0x     중간  1.52  1/0 [일봉]
084850  아이티엠반도체   13,790   59.6    -2.1%    0.3x     하단  1.33  4/0 [5분]
⛔ 금양(001570) 호가 없음 (거래정지 의심)

══════════════════════════════════════════════════
→ 전종목 HOLD
✅ Discord 전송 완료

[14:04] HOLD | KODEX RSI73/+0.5% | 보유:아이티엠(084850) +1.0% | 💸예수금부족 | 최고신호 아이티엠반도체(084850) 4/2개 [하락-2.1% / BB하단 / MA골 / 호가1.3]
💰 예수금 16,967원 | KODEX200 RSI74/+1.0% 정상 | 매수기준 2개↑
📦 보유 아이티엠반도체(084850) 6주 +1.0%

코드      종목명           가격    RSI     변화율    거래량     BB   호가비  B/S
────────────────────────────────────────────────────────────────────────
[2단계 분석 대상: 084850, 056080, 247540, 012330, 105560, 015760]
⛔ 아우토크립트(137040) 호가 없음 (거래정지 의심)
061250  화일약품       8,150    0.0    +0.0%    0.0x     중간  0.12  0/0 [일봉]
217820  원익피앤이      3,070    0.0    +0.0%    0.0x     중간  0.43  0/0 [일봉]
001510  SK증권       3,995    0.0    +0.0%    0.0x     중간  1.50  1/0 [일봉]
084850  아이티엠반도체   13,780   58.3    -2.1%    0.3x     하단  1.27  4/0 [5분]
⛔ 금양(001570) 호가 없음 (거래정지 의심)

══════════════════════════════════════════════════
→ 전종목 HOLD
✅ Discord 전송 완료

[14:06] HOLD | KODEX RSI74/+1.0% | 보유:아이티엠(084850) +1.0% | 💸예수금부족 | 최고신호 아이티엠반도체(084850) 4/2개 [하락-2.1% / BB하단 / MA골 / 호가1.3]
💰 예수금 16,967원 | KODEX200 RSI74/+1.0% 정상 | 매수기준 2개↑
📦 보유 아이티엠반도체(084850) 6주 +0.9%

코드      종목명           가격    RSI     변화율    거래량     BB   호가비  B/S
────────────────────────────────────────────────────────────────────────
[2단계 분석 대상: 084850, 056080, 105560, 012330, 078930, 001510]
⛔ 아우토크립트(137040) 호가 없음 (거래정지 의심)
061250  화일약품       8,150    0.0    +0.0%    0.0x     중간  0.12  0/0 [일봉]
217820  원익피앤이      3,070    0.0    +0.0%    0.0x     중간  0.43  0/0 [일봉]
001510  SK증권       3,995   71.4    -4.0%    0.2x     하단  2.02  4/0 [5분]
084850  아이티엠반도체   13,780   58.3    -2.1%    0.3x     하단  1.27  4/0 [5분]
⛔ 금양(001570) 호가 없음 (거래정지 의심)

══════════════════════════════════════════════════
→ 전종목 HOLD
✅ Discord 전송 완료

[14:08] HOLD | KODEX RSI74/+1.0% | 보유:아이티엠(084850) +0.9% | 💸예수금부족 | 최고신호 SK증권(001510) 4/2개 [하락-4.0% / BB하단 / MA골 / 호가2.0]
💰 예수금 16,967원 | KODEX200 RSI74/+1.1% 정상 | 매수기준 2개↑
📦 보유 아이티엠반도체(084850) 6주 +0.9%

코드      종목명           가격    RSI     변화율    거래량     BB   호가비  B/S
────────────────────────────────────────────────────────────────────────
[2단계 분석 대상: 084850, 056080, 105560, 035720, 247540, 079550]
⛔ 아우토크립트(137040) 호가 없음 (거래정지 의심)
061250  화일약품       8,150    0.0    +0.0%    0.0x     중간  0.12  0/0 [일봉]
217820  원익피앤이      3,070    0.0    +0.0%    0.0x     중간  0.42  0/0 [일봉]
001510  SK증권       3,990    0.0    +0.0%    0.0x     중간  1.95  1/0 [일봉]
084850  아이티엠반도체   13,780   59.2    -2.1%    0.3x     하단  1.28  4/0 [5분]
⛔ 금양(001570) 호가 없음 (거래정지 의심)

══════════════════════════════════════════════════
→ 전종목 HOLD
✅ Discord 전송 완료

[14:10] HOLD | KODEX RSI74/+1.1% | 보유:아이티엠(084850) +0.9% | 💸예수금부족 | 최고신호 아이티엠반도체(084850) 4/2개 [하락-2.1% / BB하단 / MA골 / 호가1.3]
💰 예수금 16,967원 | KODEX200 RSI74/+0.7% 정상 | 매수기준 2개↑
📦 보유 아이티엠반도체(084850) 6주 +0.9%

코드      종목명           가격    RSI     변화율    거래량     BB   호가비  B/S
────────────────────────────────────────────────────────────────────────
[2단계 분석 대상: 084850, 066970, 056080, 000270, 207940, 035720]
⛔ 아우토크립트(137040) 호가 없음 (거래정지 의심)
061250  화일약품       8,210    0.0    +0.0%    0.0x     중간  0.08  0/0 [일봉]
217820  원익피앤이      3,070    0.0    +0.0%    0.0x     중간  0.51  0/0 [일봉]
001510  SK증권       3,995    0.0    +0.0%    0.0x     중간  1.99  1/0 [일봉]
084850  아이티엠반도체   13,770   59.2    -2.2%    0.3x     하단  1.17  3/0 [5분]
⛔ 금양(001570) 호가 없음 (거래정지 의심)

══════════════════════════════════════════════════
→ 전종목 HOLD
✅ Discord 전송 완료

[14:12] HOLD | KODEX RSI74/+0.7% | 보유:아이티엠(084850) +0.9% | 💸예수금부족 | 최고신호 아이티엠반도체(084850) 3/2개 [하락-2.2% / BB하단 / MA골]
💰 예수금 16,967원 | KODEX200 RSI73/+0.5% 정상 | 매수기준 2개↑
📦 보유 아이티엠반도체(084850) 6주 +0.8%

코드      종목명           가격    RSI     변화율    거래량     BB   호가비  B/S
────────────────────────────────────────────────────────────────────────
[2단계 분석 대상: 084850, 056080, 058470, 000270, 015760, 207940]
⛔ 아우토크립트(137040) 호가 없음 (거래정지 의심)
061250  화일약품       8,210    0.0    +0.0%    0.0x     중간  0.07  0/0 [일봉]
217820  원익피앤이      3,065    0.0    +0.0%    0.0x     중간  0.53  0/0 [일봉]
001510  SK증권       4,000    0.0    +0.0%    0.0x     중간  1.79  1/0 [일봉]
084850  아이티엠반도체   13,770   59.2    -2.2%    0.3x     하단  1.25  4/0 [5분]
⛔ 금양(001570) 호가 없음 (거래정지 의심)

══════════════════════════════════════════════════
→ 전종목 HOLD
✅ Discord 전송 완료

[14:14] HOLD | KODEX RSI73/+0.5% | 보유:아이티엠(084850) +0.8% | 💸예수금부족 | 최고신호 아이티엠반도체(084850) 4/2개 [하락-2.2% / BB하단 / MA골 / 호가1.2]
💰 예수금 16,967원 | KODEX200 RSI73/+0.0% 정상 | 매수기준 2개↑
📦 보유 아이티엠반도체(084850) 6주 +0.8%

코드      종목명           가격    RSI     변화율    거래량     BB   호가비  B/S
────────────────────────────────────────────────────────────────────────
[2단계 분석 대상: 084850, 056080, 000270, 035720, 066970, 000660]
⛔ 아우토크립트(137040) 호가 없음 (거래정지 의심)
061250  화일약품       8,210    0.0    +0.0%    0.0x     중간  0.07  0/0 [일봉]
217820  원익피앤이      3,050    0.0    +0.0%    0.0x     중간  5.23  1/0 [일봉]
001510  SK증권       3,995    0.0    +0.0%    0.0x     중간  2.21  1/0 [일봉]
084850  아이티엠반도체   13,770   62.3    -2.2%    0.3x     하단  1.34  4/0 [5분]
⛔ 금양(001570) 호가 없음 (거래정지 의심)

══════════════════════════════════════════════════
→ 전종목 HOLD
✅ Discord 전송 완료

[14:16] HOLD | KODEX RSI73/+0.0% | 보유:아이티엠(084850) +0.8% | 💸예수금부족 | 최고신호 아이티엠반도체(084850) 4/2개 [하락-2.2% / BB하단 / MA골 / 호가1.3]
💰 예수금 16,967원 | KODEX200 RSI72/-0.4% 정상 | 매수기준 2개↑
📦 보유 아이티엠반도체(084850) 6주 +0.8%

코드      종목명           가격    RSI     변화율    거래량     BB   호가비  B/S
────────────────────────────────────────────────────────────────────────
[2단계 분석 대상: 084850, 000270, 056080, 015760, 035720, 217820]
⛔ 아우토크립트(137040) 호가 없음 (거래정지 의심)
061250  화일약품       8,210    0.0    +0.0%    0.0x     중간  0.07  0/0 [일봉]
217820  원익피앤이      3,050   63.6    -4.1%    0.6x     하단  5.36  4/0 [5분]
001510  SK증권       3,970    0.0    +0.0%    0.0x     중간  2.50  1/0 [일봉]
084850  아이티엠반도체   13,690   62.3    -2.8%    0.3x     하단  0.09  3/0 [5분]
⛔ 금양(001570) 호가 없음 (거래정지 의심)

══════════════════════════════════════════════════
→ 전종목 HOLD
✅ Discord 전송 완료

[14:18] HOLD | KODEX RSI72/-0.4% | 보유:아이티엠(084850) +0.8% | 💸예수금부족 | 최고신호 원익피앤이(217820) 4/2개 [하락-4.1% / BB하단 / MA골 / 호가5.4]
💰 예수금 16,968원 | KODEX200 RSI72/-0.3% 정상 | 매수기준 2개↑
📦 보유 아이티엠반도체(084850) 6주 +0.2%

코드      종목명           가격    RSI     변화율    거래량     BB   호가비  B/S
────────────────────────────────────────────────────────────────────────
[2단계 분석 대상: 084850, 000270, 056080, 015760, 035720, 042700]
⛔ 아우토크립트(137040) 호가 없음 (거래정지 의심)
061250  화일약품       8,200    0.0    +0.0%    0.0x     중간  0.09  0/0 [일봉]
217820  원익피앤이      3,050    0.0    +0.0%    0.0x     중간  5.36  1/0 [일봉]
001510  SK증권       3,980    0.0    +0.0%    0.0x     중간  1.60  1/0 [일봉]
084850  아이티엠반도체   13,760   54.7    -2.3%    0.3x     하단  0.07  4/0 [5분]
⛔ 금양(001570) 호가 없음 (거래정지 의심)

══════════════════════════════════════════════════
→ 전종목 HOLD
✅ Discord 전송 완료

[14:20] HOLD | KODEX RSI72/-0.3% | 보유:아이티엠(084850) +0.2% | 💸예수금부족 | 최고신호 아이티엠반도체(084850) 4/2개 [RSI55 / 하락-2.3% / BB하단 / MA골]
💰 예수금 16,968원 | KODEX200 RSI73/-0.1% 정상 | 매수기준 2개↑
📦 보유 아이티엠반도체(084850) 6주 +0.2%

코드      종목명           가격    RSI     변화율    거래량     BB   호가비  B/S
────────────────────────────────────────────────────────────────────────
[2단계 분석 대상: 084850, 056080, 000270, 035720, 015760, 012330]
⛔ 아우토크립트(137040) 호가 없음 (거래정지 의심)
061250  화일약품       8,200    0.0    +0.0%    0.0x     중간  0.09  0/0 [일봉]
217820  원익피앤이      3,055    0.0    +0.0%    0.0x     중간  0.51  0/0 [일봉]
001510  SK증권       3,985    0.0    +0.0%    0.0x     중간  0.88  0/0 [일봉]
084850  아이티엠반도체   13,760   54.7    -2.3%    0.3x     하단  0.07  4/0 [5분]
⛔ 금양(001570) 호가 없음 (거래정지 의심)

══════════════════════════════════════════════════
→ 전종목 HOLD
✅ Discord 전송 완료

[14:22] HOLD | KODEX RSI73/-0.1% | 보유:아이티엠(084850) +0.2% | 💸예수금부족 | 최고신호 아이티엠반도체(084850) 4/2개 [RSI55 / 하락-2.3% / BB하단 / MA골]
💰 예수금 16,967원 | KODEX200 RSI73/+0.1% 정상 | 매수기준 2개↑
📦 보유 아이티엠반도체(084850) 6주 +0.8%

코드      종목명           가격    RSI     변화율    거래량     BB   호가비  B/S
────────────────────────────────────────────────────────────────────────
[2단계 분석 대상: 084850, 056080, 217820, 035720, 247540, 015760]
⛔ 아우토크립트(137040) 호가 없음 (거래정지 의심)
061250  화일약품       8,200    0.0    +0.0%    0.0x     중간  0.09  0/0 [일봉]
217820  원익피앤이      3,050   60.9    -4.1%    0.6x     하단  4.81  4/0 [5분]
001510  SK증권       3,995    0.0    +0.0%    0.0x     중간  1.17  0/0 [일봉]
084850  아이티엠반도체   13,750   54.7    -2.9%    0.3x     하단  0.07  4/0 [5분]
⛔ 금양(001570) 호가 없음 (거래정지 의심)

══════════════════════════════════════════════════
→ 전종목 HOLD
✅ Discord 전송 완료

[14:24] HOLD | KODEX RSI73/+0.1% | 보유:아이티엠(084850) +0.8% | 💸예수금부족 | 최고신호 원익피앤이(217820) 4/2개 [하락-4.1% / BB하단 / MA골 / 호가4.8]
💰 예수금 16,968원 | KODEX200 RSI73/+0.2% 정상 | 매수기준 2개↑
📦 보유 아이티엠반도체(084850) 6주 +0.1%

코드      종목명           가격    RSI     변화율    거래량     BB   호가비  B/S
────────────────────────────────────────────────────────────────────────
[2단계 분석 대상: 084850, 056080, 247540, 035720, 015760, 042700]
⛔ 아우토크립트(137040) 호가 없음 (거래정지 의심)
061250  화일약품       8,200    0.0    +0.0%    0.0x     중간  0.09  0/0 [일봉]
217820  원익피앤이      3,060    0.0    +0.0%    0.0x     중간  0.58  0/0 [일봉]
001510  SK증권       4,005    0.0    +0.0%    0.0x     중간  1.34  1/0 [일봉]
084850  아이티엠반도체   13,750   54.7    -2.9%    0.3x     하단  0.12  4/0 [5분]
⛔ 금양(001570) 호가 없음 (거래정지 의심)

══════════════════════════════════════════════════
→ 전종목 HOLD
✅ Discord 전송 완료

[14:26] HOLD | KODEX RSI73/+0.2% | 보유:아이티엠(084850) +0.1% | 💸예수금부족 | 최고신호 아이티엠반도체(084850) 4/2개 [RSI55 / 하락-2.9% / BB하단 / MA골]
💰 예수금 16,968원 | KODEX200 RSI73/+0.4% 정상 | 매수기준 2개↑
📦 보유 아이티엠반도체(084850) 6주 +0.1%

코드      종목명           가격    RSI     변화율    거래량     BB   호가비  B/S
────────────────────────────────────────────────────────────────────────
[2단계 분석 대상: 084850, 056080, 035720, 042700, 403870, 247540]
⛔ 아우토크립트(137040) 호가 없음 (거래정지 의심)
061250  화일약품       8,250    0.0    +0.0%    0.0x     중간  0.21  0/0 [일봉]
217820  원익피앤이      3,060    0.0    +0.0%    0.0x     중간  0.46  0/0 [일봉]
001510  SK증권       4,010    0.0    +0.0%    0.0x     중간  1.15  0/0 [일봉]
084850  아이티엠반도체   13,750   50.0    -2.3%    0.3x     하단  0.31  4/0 [5분]
⛔ 금양(001570) 호가 없음 (거래정지 의심)

══════════════════════════════════════════════════
→ 전종목 HOLD
✅ Discord 전송 완료

[14:28] HOLD | KODEX RSI73/+0.4% | 보유:아이티엠(084850) +0.1% | 💸예수금부족 | 최고신호 아이티엠반도체(084850) 4/2개 [RSI50 / 하락-2.3% / BB하단 / MA골]
💰 예수금 16,968원 | KODEX200 RSI73/+0.5% 정상 | 매수기준 2개↑
📦 보유 아이티엠반도체(084850) 6주 +0.2%

코드      종목명           가격    RSI     변화율    거래량     BB   호가비  B/S
────────────────────────────────────────────────────────────────────────
[2단계 분석 대상: 084850, 056080, 035720, 042700, 058470, 247540]
⛔ 아우토크립트(137040) 호가 없음 (거래정지 의심)
061250  화일약품       8,210    0.0    +0.0%    0.0x     중간  0.30  0/0 [일봉]
217820  원익피앤이      3,055    0.0    +0.0%    0.0x     중간  0.48  0/0 [일봉]
001510  SK증권       4,000    0.0    +0.0%    0.0x     중간  1.03  0/0 [일봉]
084850  아이티엠반도체   13,740   57.1    -2.9%    0.3x     하단  0.38  3/0 [5분]
⛔ 금양(001570) 호가 없음 (거래정지 의심)

══════════════════════════════════════════════════
⏰ 마감 준비 (14:30 이후) — 신규 매수 중단
→ 전종목 HOLD
✅ Discord 전송 완료

[14:30] HOLD | KODEX RSI73/+0.5% | 보유:아이티엠(084850) +0.2% | 💸예수금부족 | 최고신호 아이티엠반도체(084850) 3/2개 [하락-2.9% / BB하단 / MA골]
💰 예수금 16,968원 | KODEX200 RSI73/+0.5% 정상 | 매수기준 2개↑
📦 보유 아이티엠반도체(084850) 6주 +0.1%

코드      종목명           가격    RSI     변화율    거래량     BB   호가비  B/S
────────────────────────────────────────────────────────────────────────
[2단계 분석 대상: 084850, 056080, 058470, 066970, 015760, 042700]
⛔ 아우토크립트(137040) 호가 없음 (거래정지 의심)
061250  화일약품       8,210    0.0    +0.0%    0.0x     중간  0.27  0/0 [일봉]
217820  원익피앤이      3,055    0.0    +0.0%    0.0x     중간  0.48  0/0 [일봉]
001510  SK증권       3,995    0.0    +0.0%    0.0x     중간  1.07  0/0 [일봉]
084850  아이티엠반도체   13,740   57.1    -2.9%    0.3x     하단  0.28  3/0 [5분]
⛔ 금양(001570) 호가 없음 (거래정지 의심)

══════════════════════════════════════════════════
⏰ 마감 준비 (14:30 이후) — 신규 매수 중단
→ 전종목 HOLD
✅ Discord 전송 완료

[14:32] HOLD | KODEX RSI73/+0.5% | 보유:아이티엠(084850) +0.1% | 💸예수금부족 | 최고신호 아이티엠반도체(084850) 3/2개 [하락-2.9% / BB하단 / MA골]
💰 예수금 16,968원 | KODEX200 RSI73/+0.5% 정상 | 매수기준 2개↑
📦 보유 아이티엠반도체(084850) 6주 +0.1%

코드      종목명           가격    RSI     변화율    거래량     BB   호가비  B/S
────────────────────────────────────────────────────────────────────────
[2단계 분석 대상: 084850, 056080, 066970, 015760, 058470, 042700]
⛔ 아우토크립트(137040) 호가 없음 (거래정지 의심)
061250  화일약품       8,210    0.0    +0.0%    0.0x     중간  0.27  0/0 [일봉]
217820  원익피앤이      3,055    0.0    +0.0%    0.0x     중간  0.47  0/0 [일봉]
001510  SK증권       4,000    0.0    +0.0%    0.0x     중간  1.26  1/0 [일봉]
084850  아이티엠반도체   13,730   57.1    -2.5%    0.3x     하단  0.34  3/0 [5분]
⛔ 금양(001570) 호가 없음 (거래정지 의심)

══════════════════════════════════════════════════
⏰ 마감 준비 (14:30 이후) — 신규 매수 중단
→ 전종목 HOLD
✅ Discord 전송 완료

[14:34] HOLD | KODEX RSI73/+0.5% | 보유:아이티엠(084850) +0.1% | 💸예수금부족 | 최고신호 아이티엠반도체(084850) 3/2개 [하락-2.5% / BB하단 / MA골]
💰 예수금 16,968원 | KODEX200 RSI74/+0.7% 정상 | 매수기준 2개↑
📦 보유 아이티엠반도체(084850) 6주 +0.4%

코드      종목명           가격    RSI     변화율    거래량     BB   호가비  B/S
────────────────────────────────────────────────────────────────────────
[2단계 분석 대상: 084850, 056080, 058470, 105560, 247540, 012330]
⛔ 아우토크립트(137040) 호가 없음 (거래정지 의심)
061250  화일약품       8,210    0.0    +0.0%    0.0x     중간  0.27  0/0 [일봉]
217820  원익피앤이      3,060    0.0    +0.0%    0.0x     중간  0.43  0/0 [일봉]
001510  SK증권       4,000    0.0    +0.0%    0.0x     중간  1.37  1/0 [일봉]
084850  아이티엠반도체   13,730   66.7    -2.5%    0.4x     하단  0.07  3/0 [5분]
⛔ 금양(001570) 호가 없음 (거래정지 의심)

══════════════════════════════════════════════════
⏰ 마감 준비 (14:30 이후) — 신규 매수 중단
→ 전종목 HOLD
✅ Discord 전송 완료

[14:36] HOLD | KODEX RSI74/+0.7% | 보유:아이티엠(084850) +0.4% | 💸예수금부족 | 최고신호 아이티엠반도체(084850) 3/2개 [하락-2.5% / BB하단 / MA골]
💰 예수금 16,967원 | KODEX200 RSI73/+0.6% 정상 | 매수기준 2개↑
📦 보유 아이티엠반도체(084850) 6주 +0.7%

코드      종목명           가격    RSI     변화율    거래량     BB   호가비  B/S
────────────────────────────────────────────────────────────────────────
[2단계 분석 대상: 084850, 056080, 042700, 247540, 058470, 015760]
⛔ 아우토크립트(137040) 호가 없음 (거래정지 의심)
061250  화일약품       8,190    0.0    +0.0%    0.0x     중간  0.28  0/0 [일봉]
217820  원익피앤이      3,055    0.0    +0.0%    0.0x     중간  0.51  0/0 [일봉]
001510  SK증권       4,000    0.0    +0.0%    0.0x     중간  1.38  1/0 [일봉]
084850  아이티엠반도체   13,750   66.7    -2.3%    0.4x     하단  0.03  3/0 [5분]
⛔ 금양(001570) 호가 없음 (거래정지 의심)

══════════════════════════════════════════════════
⏰ 마감 준비 (14:30 이후) — 신규 매수 중단
→ 전종목 HOLD
✅ Discord 전송 완료

[14:38] HOLD | KODEX RSI73/+0.6% | 보유:아이티엠(084850) +0.7% | 💸예수금부족 | 최고신호 아이티엠반도체(084850) 3/2개 [하락-2.3% / BB하단 / MA골]
💰 예수금 16,967원 | KODEX200 RSI74/+0.8% 정상 | 매수기준 2개↑
📦 보유 아이티엠반도체(084850) 6주 +0.7%

코드      종목명           가격    RSI     변화율    거래량     BB   호가비  B/S
────────────────────────────────────────────────────────────────────────
[2단계 분석 대상: 084850, 056080, 058470, 042700, 105560, 035720]
⛔ 아우토크립트(137040) 호가 없음 (거래정지 의심)
061250  화일약품       8,180    0.0    +0.0%    0.0x     중간  0.27  0/0 [일봉]
217820  원익피앤이      3,055    0.0    +0.0%    0.0x     중간  0.51  0/0 [일봉]
001510  SK증권       4,000    0.0    +0.0%    0.0x     중간  1.24  1/0 [일봉]
084850  아이티엠반도체   13,850   71.4    -2.0%    0.4x     하단  0.03  3/1 [5분]
⛔ 금양(001570) 호가 없음 (거래정지 의심)

══════════════════════════════════════════════════
⏰ 마감 준비 (14:30 이후) — 신규 매수 중단
→ 전종목 HOLD
✅ Discord 전송 완료

[14:40] HOLD | KODEX RSI74/+0.8% | 보유:아이티엠(084850) +0.7% | 💸예수금부족 | 최고신호 아이티엠반도체(084850) 3/2개 [하락-2.0% / BB하단 / MA골]
💰 예수금 16,967원 | KODEX200 RSI74/+0.7% 정상 | 매수기준 2개↑
📦 보유 아이티엠반도체(084850) 6주 +0.7%

코드      종목명           가격    RSI     변화율    거래량     BB   호가비  B/S
────────────────────────────────────────────────────────────────────────
[2단계 분석 대상: 084850, 056080, 042700, 035720, 217820, 058470]
⛔ 아우토크립트(137040) 호가 없음 (거래정지 의심)
061250  화일약품       8,190    0.0    +0.0%    0.0x     중간  0.47  0/0 [일봉]
217820  원익피앤이      3,050   74.1    -3.9%    0.6x     하단  2.39  4/0 [5분]
001510  SK증권       3,995    0.0    +0.0%    0.0x     중간  1.19  0/0 [일봉]
084850  아이티엠반도체   13,850   71.4    -1.6%    0.4x     하단  0.31  3/1 [5분]
⛔ 금양(001570) 호가 없음 (거래정지 의심)

══════════════════════════════════════════════════
⏰ 마감 준비 (14:30 이후) — 신규 매수 중단
→ 전종목 HOLD
✅ Discord 전송 완료

[14:42] HOLD | KODEX RSI74/+0.7% | 보유:아이티엠(084850) +0.7% | 💸예수금부족 | 최고신호 원익피앤이(217820) 4/2개 [하락-3.9% / BB하단 / MA골 / 호가2.4]
💰 예수금 16,966원 | KODEX200 RSI74/+0.8% 정상 | 매수기준 2개↑
📦 보유 아이티엠반도체(084850) 6주 +1.4%

코드      종목명           가격    RSI     변화율    거래량     BB   호가비  B/S
────────────────────────────────────────────────────────────────────────
[2단계 분석 대상: 084850, 056080, 042700, 035720, 055550, 058470]
⛔ 아우토크립트(137040) 호가 없음 (거래정지 의심)
061250  화일약품       8,190    0.0    +0.0%    0.0x     중간  0.47  0/0 [일봉]
217820  원익피앤이      3,040    0.0    +0.0%    0.0x     중간  1.23  1/0 [일봉]
001510  SK증권       4,000    0.0    +0.0%    0.0x     중간  1.35  1/0 [일봉]
084850  아이티엠반도체   13,880   77.8    -1.4%    0.4x     하단  0.30  3/1 [5분]
⛔ 금양(001570) 호가 없음 (거래정지 의심)

══════════════════════════════════════════════════
⏰ 마감 준비 (14:30 이후) — 신규 매수 중단
→ 전종목 HOLD
✅ Discord 전송 완료

[14:44] HOLD | KODEX RSI74/+0.8% | 보유:아이티엠(084850) +1.4% | 💸예수금부족 | 최고신호 아이티엠반도체(084850) 3/2개 [하락-1.4% / BB하단 / MA골]
💰 예수금 16,966원 | KODEX200 RSI74/+0.7% 정상 | 매수기준 2개↑
📦 보유 아이티엠반도체(084850) 6주 +1.6%

코드      종목명           가격    RSI     변화율    거래량     BB   호가비  B/S
────────────────────────────────────────────────────────────────────────
[2단계 분석 대상: 084850, 056080, 042700, 035720, 001510, 005380]
⛔ 아우토크립트(137040) 호가 없음 (거래정지 의심)
061250  화일약품       8,190    0.0    +0.0%    0.0x     중간  0.54  0/0 [일봉]
217820  원익피앤이      3,030    0.0    +0.0%    0.0x     중간  0.35  0/0 [일봉]
001510  SK증권       3,995   58.6    -4.0%    0.3x     하단  1.65  4/0 [5분]
084850  아이티엠반도체   13,860   77.8    -1.6%    0.4x     하단  0.40  3/1 [5분]
⛔ 금양(001570) 호가 없음 (거래정지 의심)

══════════════════════════════════════════════════
⏰ 마감 준비 (14:30 이후) — 신규 매수 중단
→ 전종목 HOLD
✅ Discord 전송 완료

[14:46] HOLD | KODEX RSI74/+0.7% | 보유:아이티엠(084850) +1.6% | 💸예수금부족 | 최고신호 SK증권(001510) 4/2개 [하락-4.0% / BB하단 / MA골 / 호가1.6]
💰 예수금 16,966원 | KODEX200 RSI74/+0.7% 정상 | 매수기준 2개↑
📦 보유 아이티엠반도체(084850) 6주 +1.5%

코드      종목명           가격    RSI     변화율    거래량     BB   호가비  B/S
────────────────────────────────────────────────────────────────────────
[2단계 분석 대상: 084850, 056080, 042700, 035720, 086790, 058470]
⛔ 아우토크립트(137040) 호가 없음 (거래정지 의심)
061250  화일약품       8,190    0.0    +0.0%    0.0x     중간  0.54  0/0 [일봉]
217820  원익피앤이      3,025    0.0    +0.0%    0.0x     중간  0.56  0/0 [일봉]
001510  SK증권       4,020    0.0    +0.0%    0.0x     중간  1.12  0/0 [일봉]
084850  아이티엠반도체   13,880   77.8    -1.4%    0.4x     하단  0.40  3/1 [5분]
⛔ 금양(001570) 호가 없음 (거래정지 의심)

══════════════════════════════════════════════════
⏰ 마감 준비 (14:30 이후) — 신규 매수 중단
→ 전종목 HOLD
✅ Discord 전송 완료

[14:48] HOLD | KODEX RSI74/+0.7% | 보유:아이티엠(084850) +1.5% | 💸예수금부족 | 최고신호 아이티엠반도체(084850) 3/2개 [하락-1.4% / BB하단 / MA골]
💰 예수금 16,966원 | KODEX200 RSI74/+1.1% 정상 | 매수기준 2개↑
📦 보유 아이티엠반도체(084850) 6주 +1.6%

코드      종목명           가격    RSI     변화율    거래량     BB   호가비  B/S
────────────────────────────────────────────────────────────────────────
[2단계 분석 대상: 084850, 056080, 035720, 078930, 055550, 086790]
⛔ 아우토크립트(137040) 호가 없음 (거래정지 의심)
061250  화일약품       8,190    0.0    +0.0%    0.0x     중간  0.54  0/0 [일봉]
217820  원익피앤이      3,030    0.0    +0.0%    0.0x     중간  0.37  0/0 [일봉]
001510  SK증권       4,015    0.0    +0.0%    0.0x     중간  1.05  0/0 [일봉]
084850  아이티엠반도체   13,880   79.2    -1.4%    0.4x     하단  0.40  3/1 [5분]
⛔ 금양(001570) 호가 없음 (거래정지 의심)

══════════════════════════════════════════════════
⏰ 마감 준비 (14:30 이후) — 신규 매수 중단
→ 전종목 HOLD
✅ Discord 전송 완료

[14:50] HOLD | KODEX RSI74/+1.1% | 보유:아이티엠(084850) +1.6% | 💸예수금부족 | 최고신호 아이티엠반도체(084850) 3/2개 [하락-1.4% / BB하단 / MA골]
💰 예수금 16,966원 | KODEX200 RSI74/+1.3% 정상 | 매수기준 2개↑
📦 보유 아이티엠반도체(084850) 6주 +1.6%

코드      종목명           가격    RSI     변화율    거래량     BB   호가비  B/S
────────────────────────────────────────────────────────────────────────
[2단계 분석 대상: 084850, 056080, 066970, 035720, 055550, 035420]
⛔ 아우토크립트(137040) 호가 없음 (거래정지 의심)
061250  화일약품       8,210    0.0    +0.0%    0.0x     중간  0.65  0/0 [일봉]
217820  원익피앤이      3,035    0.0    +0.0%    0.0x     중간  0.34  0/0 [일봉]
001510  SK증권       4,010    0.0    +0.0%    0.0x     중간  0.99  0/0 [일봉]
084850  아이티엠반도체   13,900   79.2    -1.3%    0.4x     하단  0.35  3/1 [5분]
⛔ 금양(001570) 호가 없음 (거래정지 의심)

══════════════════════════════════════════════════
⏰ 마감 준비 (14:30 이후) — 신규 매수 중단
→ 전종목 HOLD
✅ Discord 전송 완료

[14:52] HOLD | KODEX RSI74/+1.3% | 보유:아이티엠(084850) +1.6% | 💸예수금부족 | 최고신호 아이티엠반도체(084850) 3/2개 [하락-1.3% / BB하단 / MA골]
💰 예수금 16,966원 | KODEX200 RSI74/+1.3% 정상 | 매수기준 2개↑
📦 보유 아이티엠반도체(084850) 6주 +1.7%

코드      종목명           가격    RSI     변화율    거래량     BB   호가비  B/S
────────────────────────────────────────────────────────────────────────
[2단계 분석 대상: 084850, 056080, 066970, 035720, 035420, 055550]
⛔ 아우토크립트(137040) 호가 없음 (거래정지 의심)
061250  화일약품       8,210    0.0    +0.0%    0.0x     중간  0.64  0/0 [일봉]
217820  원익피앤이      3,050    0.0    +0.0%    0.0x     중간  0.36  0/0 [일봉]
001510  SK증권       4,015    0.0    +0.0%    0.0x     중간  0.83  0/0 [일봉]
084850  아이티엠반도체   13,910   79.2    -1.2%    0.4x     하단  0.47  3/1 [5분]
⛔ 금양(001570) 호가 없음 (거래정지 의심)

══════════════════════════════════════════════════
⏰ 마감 준비 (14:30 이후) — 신규 매수 중단
→ 전종목 HOLD
✅ Discord 전송 완료

[14:54] HOLD | KODEX RSI74/+1.3% | 보유:아이티엠(084850) +1.7% | 💸예수금부족 | 최고신호 아이티엠반도체(084850) 3/2개 [하락-1.2% / BB하단 / MA골]
💰 예수금 16,965원 | KODEX200 RSI74/+1.1% 정상 | 매수기준 2개↑
📦 보유 아이티엠반도체(084850) 6주 +2.0%

코드      종목명           가격    RSI     변화율    거래량     BB   호가비  B/S
────────────────────────────────────────────────────────────────────────
[2단계 분석 대상: 084850, 056080, 066970, 035720, 105560, 086790]
⛔ 아우토크립트(137040) 호가 없음 (거래정지 의심)
061250  화일약품       8,210    0.0    +0.0%    0.0x     중간  0.64  0/0 [일봉]
217820  원익피앤이      3,035    0.0    +0.0%    0.0x     중간  0.31  0/0 [일봉]
001510  SK증권       4,010    0.0    +0.0%    0.0x     중간  0.97  0/0 [일봉]
084850  아이티엠반도체   13,940   72.9    -1.0%    0.4x     하단  0.12  2/1 [5분]
⛔ 금양(001570) 호가 없음 (거래정지 의심)

══════════════════════════════════════════════════
⏰ 마감 준비 (14:30 이후) — 신규 매수 중단
→ 전종목 HOLD
✅ Discord 전송 완료

[14:56] HOLD | KODEX RSI74/+1.1% | 보유:아이티엠(084850) +2.0% | 💸예수금부족 | 최고신호 아이티엠반도체(084850) 2/2개 [BB하단 / MA골]
💰 예수금 16,965원 | KODEX200 RSI74/+0.7% 정상 | 매수기준 2개↑
📦 보유 아이티엠반도체(084850) 6주 +2.1%

코드      종목명           가격    RSI     변화율    거래량     BB   호가비  B/S
────────────────────────────────────────────────────────────────────────
[2단계 분석 대상: 084850, 000660, 042700, 056080, 012450, 035720]
⛔ 아우토크립트(137040) 호가 없음 (거래정지 의심)
061250  화일약품       8,210    0.0    +0.0%    0.0x     중간  0.50  0/0 [일봉]
217820  원익피앤이      3,030    0.0    +0.0%    0.0x     중간  0.38  0/0 [일봉]
001510  SK증권       4,005    0.0    +0.0%    0.0x     중간  0.97  0/0 [일봉]
084850  아이티엠반도체   13,910   72.9    -1.2%    0.4x     하단  0.20  3/1 [5분]
⛔ 금양(001570) 호가 없음 (거래정지 의심)

══════════════════════════════════════════════════
⏰ 마감 준비 (14:30 이후) — 신규 매수 중단
→ 전종목 HOLD
✅ Discord 전송 완료

[14:58] HOLD | KODEX RSI74/+0.7% | 보유:아이티엠(084850) +2.1% | 💸예수금부족 | 최고신호 아이티엠반도체(084850) 3/2개 [하락-1.2% / BB하단 / MA골]
💰 예수금 16,966원 | KODEX200 RSI73/+0.6% 정상 | 매수기준 2개↑
📦 보유 아이티엠반도체(084850) 6주 +1.9%

코드      종목명           가격    RSI     변화율    거래량     BB   호가비  B/S
────────────────────────────────────────────────────────────────────────
[2단계 분석 대상: 084850, 042700, 012450, 000660, 056080, 035720]
⛔ 아우토크립트(137040) 호가 없음 (거래정지 의심)
061250  화일약품       8,210    0.0    +0.0%    0.0x     중간  0.44  0/0 [일봉]
217820  원익피앤이      3,025    0.0    +0.0%    0.0x     중간  0.42  0/0 [일봉]
001510  SK증권       4,005    0.0    +0.0%    0.0x     중간  0.58  0/0 [일봉]
084850  아이티엠반도체   13,910   72.9    -1.2%    0.4x     하단  0.30  3/1 [5분]
⛔ 금양(001570) 호가 없음 (거래정지 의심)

══════════════════════════════════════════════════
⏰ 마감 준비 (14:30 이후) — 신규 매수 중단
→ 전종목 HOLD
✅ Discord 전송 완료

[15:00] HOLD | KODEX RSI73/+0.6% | 보유:아이티엠(084850) +1.9% | 💸예수금부족 | 최고신호 아이티엠반도체(084850) 3/2개 [하락-1.2% / BB하단 / MA골]
💰 예수금 16,966원 | KODEX200 RSI74/+0.7% 정상 | 매수기준 2개↑
📦 보유 아이티엠반도체(084850) 6주 +1.9%

코드      종목명           가격    RSI     변화율    거래량     BB   호가비  B/S
────────────────────────────────────────────────────────────────────────
[2단계 분석 대상: 084850, 042700, 000270, 012450, 056080, 035720]
⛔ 아우토크립트(137040) 호가 없음 (거래정지 의심)
061250  화일약품       8,210    0.0    +0.0%    0.0x     중간  0.48  0/0 [일봉]
217820  원익피앤이      3,025    0.0    +0.0%    0.0x     중간  0.46  0/0 [일봉]
001510  SK증권       4,010    0.0    +0.0%    0.0x     중간  0.58  0/0 [일봉]
084850  아이티엠반도체   13,910   72.9    -1.2%    0.4x     하단  0.19  3/1 [5분]
⛔ 금양(001570) 호가 없음 (거래정지 의심)

══════════════════════════════════════════════════
⏰ 마감 준비 (14:30 이후) — 신규 매수 중단
→ 전종목 HOLD
✅ Discord 전송 완료

[15:02] HOLD | KODEX RSI74/+0.7% | 보유:아이티엠(084850) +1.9% | 💸예수금부족 | 최고신호 아이티엠반도체(084850) 3/2개 [하락-1.2% / BB하단 / MA골]
💰 예수금 16,965원 | KODEX200 RSI73/+0.6% 정상 | 매수기준 2개↑
📦 보유 아이티엠반도체(084850) 6주 +2.0%

코드      종목명           가격    RSI     변화율    거래량     BB   호가비  B/S
────────────────────────────────────────────────────────────────────────
[2단계 분석 대상: 084850, 042700, 012450, 000660, 035720, 056080]
⛔ 아우토크립트(137040) 호가 없음 (거래정지 의심)
061250  화일약품       8,210    0.0    +0.0%    0.0x     중간  0.49  0/0 [일봉]
217820  원익피앤이      3,020    0.0    +0.0%    0.0x     중간  0.73  0/0 [일봉]
001510  SK증권       4,015    0.0    +0.0%    0.0x     중간  1.35  1/0 [일봉]
084850  아이티엠반도체   13,940   72.9    -1.0%    0.4x     하단  0.15  2/1 [5분]
⛔ 금양(001570) 호가 없음 (거래정지 의심)

══════════════════════════════════════════════════
⏰ 마감 준비 (14:30 이후) — 신규 매수 중단
→ 전종목 HOLD
✅ Discord 전송 완료

[15:04] HOLD | KODEX RSI73/+0.6% | 보유:아이티엠(084850) +2.0% | 💸예수금부족 | 최고신호 아이티엠반도체(084850) 2/2개 [BB하단 / MA골]
💰 예수금 16,966원 | KODEX200 RSI73/+0.5% 정상 | 매수기준 2개↑
📦 보유 아이티엠반도체(084850) 6주 +1.9%

코드      종목명           가격    RSI     변화율    거래량     BB   호가비  B/S
────────────────────────────────────────────────────────────────────────
[2단계 분석 대상: 084850, 000660, 012450, 000270, 035720, 042700]
⛔ 아우토크립트(137040) 호가 없음 (거래정지 의심)
061250  화일약품       8,210    0.0    +0.0%    0.0x     중간  0.49  0/0 [일봉]
217820  원익피앤이      3,020    0.0    +0.0%    0.0x     중간  1.11  0/0 [일봉]
001510  SK증권       4,010    0.0    +0.0%    0.0x     중간  1.56  1/0 [일봉]
084850  아이티엠반도체   13,910   75.0    -1.2%    0.4x     하단  0.23  3/1 [5분]
⛔ 금양(001570) 호가 없음 (거래정지 의심)

══════════════════════════════════════════════════
⏰ 마감 준비 (14:30 이후) — 신규 매수 중단
→ 전종목 HOLD
✅ Discord 전송 완료

[15:06] HOLD | KODEX RSI73/+0.5% | 보유:아이티엠(084850) +1.9% | 💸예수금부족 | 최고신호 아이티엠반도체(084850) 3/2개 [하락-1.2% / BB하단 / MA골]
💰 예수금 16,966원 | KODEX200 RSI74/+0.9% 정상 | 매수기준 2개↑
📦 보유 아이티엠반도체(084850) 6주 +1.9%

코드      종목명           가격    RSI     변화율    거래량     BB   호가비  B/S
────────────────────────────────────────────────────────────────────────
[2단계 분석 대상: 084850, 012450, 000270, 035720, 068270, 042700]
⛔ 아우토크립트(137040) 호가 없음 (거래정지 의심)
061250  화일약품       8,210    0.0    +0.0%    0.0x     중간  0.49  0/0 [일봉]
217820  원익피앤이      3,025    0.0    +0.0%    0.0x     중간  1.32  1/0 [일봉]
001510  SK증권       4,015    0.0    +0.0%    0.0x     중간  1.60  1/0 [일봉]
084850  아이티엠반도체   13,910   75.0    -1.2%    0.4x     하단  0.25  3/1 [5분]
⛔ 금양(001570) 호가 없음 (거래정지 의심)

══════════════════════════════════════════════════
⏰ 마감 준비 (14:30 이후) — 신규 매수 중단
→ 전종목 HOLD
✅ Discord 전송 완료

[15:08] HOLD | KODEX RSI74/+0.9% | 보유:아이티엠(084850) +1.9% | 💸예수금부족 | 최고신호 아이티엠반도체(084850) 3/2개 [하락-1.2% / BB하단 / MA골]
💰 예수금 16,966원 | KODEX200 RSI74/+0.8% 정상 | 매수기준 2개↑
📦 보유 아이티엠반도체(084850) 6주 +1.9%

코드      종목명           가격    RSI     변화율    거래량     BB   호가비  B/S
────────────────────────────────────────────────────────────────────────
[2단계 분석 대상: 084850, 012450, 000270, 056080, 105560, 000660]
⛔ 아우토크립트(137040) 호가 없음 (거래정지 의심)
061250  화일약품       8,210    0.0    +0.0%    0.0x     중간  0.52  0/0 [일봉]
217820  원익피앤이      3,045    0.0    +0.0%    0.0x     중간  1.76  1/0 [일봉]
001510  SK증권       4,015    0.0    +0.0%    0.0x     중간  1.55  1/0 [일봉]
084850  아이티엠반도체   13,920   75.5    -1.1%    0.4x     하단  0.24  3/1 [5분]
⛔ 금양(001570) 호가 없음 (거래정지 의심)

══════════════════════════════════════════════════
🕐 15:10 이후 — 장 마감 청산 모드
🟡 SELL(마감청산🕐) 아이티엠반도체(084850) +1.9% [RSI76, 마감청산] 신뢰도0.8
💰 예수금: 16,965원
📊 아이티엠반도체(084850) 매도1호가: 13,940원 | 매수1호가: 13,910원
📌 SELL 지정가: 13,910원 × 6주
✅ 접수 | 매도 주문 접수: 아이티엠반도체 6주 (주문번호: 0692003)
⏰ 마감 준비 (14:30 이후) — 신규 매수 중단
✅ Discord 전송 완료

[15:10] 🟡SELL | KODEX RSI74/+0.8% | 예수금 16,966원

🟡 아이티엠반도체(084850)  💰수익+1.9%  RSI76 BB하단  [RSI76·마감청산]
📦 아이티엠 +1.9%

🔶 원익피앤이  1/2  RSI0 +0.0%  [호가1.8]
🔶 SK증권  1/2  RSI0 +0.0%  [호가1.6]
💰 예수금 100,426원 | KODEX200 RSI74/+0.9% 정상 | 매수기준 2개↑

코드      종목명           가격    RSI     변화율    거래량     BB   호가비  B/S
────────────────────────────────────────────────────────────────────────
[2단계 분석 대상: 012450, 086790, 068270, 217820, 035720]
403870  HPSP      52,700    0.0    +0.0%    0.0x     중간  0.73  0/0 [일봉]
⛔ 아우토크립트(137040) 호가 없음 (거래정지 의심)
055550  신한지주      93,500    0.0    +0.0%    0.0x     중간  1.80  1/0 [일봉]
035720  카카오       42,550   81.0    -3.3%    0.9x     하단  2.26  4/0 [5분]
015760  한국전력      37,650    0.0    +0.0%    0.0x     중간  1.15  0/0 [일봉]
078930  GS        75,300    0.0    +0.0%    0.0x     중간  0.40  0/0 [일봉]
061250  화일약품       8,210    0.0    +0.0%    0.0x     중간  0.48  0/0 [일봉]
217820  원익피앤이      3,025   69.0    -4.9%    0.8x     하단  2.78  4/0 [5분]
001510  SK증권       4,020    0.0    +0.0%    0.0x     중간  1.93  1/0 [일봉]
056080  유진로봇      25,650    0.0    +0.0%    0.0x     중간  2.04  1/0 [일봉]
084850  아이티엠반도체   13,940    0.0    +0.0%    0.0x     중간  0.13  0/0 [일봉]
⛔ 금양(001570) 호가 없음 (거래정지 의심)

══════════════════════════════════════════════════
🕐 15:10 이후 — 장 마감 청산 모드
⏰ 마감 준비 (14:30 이후) — 신규 매수 중단
→ 전종목 HOLD
✅ Discord 전송 완료

[15:12] HOLD | KODEX RSI74/+0.9% | 보유:없음 | 최고신호 카카오(035720) 4/2개 [하락-3.3% / BB하단 / MA골 / 호가2.3]
💰 예수금 100,426원 | KODEX200 RSI74/+0.9% 정상 | 매수기준 2개↑

코드      종목명           가격    RSI     변화율    거래량     BB   호가비  B/S
────────────────────────────────────────────────────────────────────────
[2단계 분석 대상: 012450, 105560, 056080, 068270, 086790]
403870  HPSP      52,600    0.0    +0.0%    0.0x     중간  0.63  0/0 [일봉]
⛔ 아우토크립트(137040) 호가 없음 (거래정지 의심)
055550  신한지주      93,600    0.0    +0.0%    0.0x     중간  1.47  1/0 [일봉]
035720  카카오       42,550    0.0    +0.0%    0.0x     중간  2.07  1/0 [일봉]
015760  한국전력      37,600    0.0    +0.0%    0.0x     중간  1.22  1/0 [일봉]
078930  GS        75,400    0.0    +0.0%    0.0x     중간  0.37  0/0 [일봉]
061250  화일약품       8,220    0.0    +0.0%    0.0x     중간  0.18  0/0 [일봉]
217820  원익피앤이      3,030    0.0    +0.0%    0.0x     중간  1.27  1/0 [일봉]
001510  SK증권       4,020    0.0    +0.0%    0.0x     중간  1.82  1/0 [일봉]
056080  유진로봇      25,600   48.0    -6.7%    1.1x     하단  3.91  5/0 [5분]
084850  아이티엠반도체   13,950    0.0    +0.0%    0.0x     중간  0.10  0/0 [일봉]
⛔ 금양(001570) 호가 없음 (거래정지 의심)

══════════════════════════════════════════════════
🕐 15:10 이후 — 장 마감 청산 모드
⏰ 마감 준비 (14:30 이후) — 신규 매수 중단
→ 전종목 HOLD
✅ Discord 전송 완료

[15:14] HOLD | KODEX RSI74/+0.9% | 보유:없음 | 최고신호 유진로봇(056080) 5/2개 [RSI48 / 하락-6.7% / BB하단 / MA골 / 호가3.9]
💰 예수금 100,426원 | KODEX200 RSI74/+1.1% 정상 | 매수기준 2개↑

코드      종목명           가격    RSI     변화율    거래량     BB   호가비  B/S
────────────────────────────────────────────────────────────────────────
[2단계 분석 대상: 086790, 105560, 012450, 068270, 055550]
403870  HPSP      52,700    0.0    +0.0%    0.0x     중간  0.61  0/0 [일봉]
⛔ 아우토크립트(137040) 호가 없음 (거래정지 의심)
055550  신한지주      93,600   66.7    -1.6%    0.8x     하단  2.26  4/0 [5분]
035720  카카오       42,600    0.0    +0.0%    0.0x     중간  1.44  1/0 [일봉]
015760  한국전력      37,700    0.0    +0.0%    0.0x     중간  1.21  1/0 [일봉]
078930  GS        75,500    0.0    +0.0%    0.0x     중간  1.29  1/0 [일봉]
061250  화일약품       8,200    0.0    +0.0%    0.0x     중간  0.15  0/0 [일봉]
217820  원익피앤이      3,040    0.0    +0.0%    0.0x     중간  1.30  1/0 [일봉]
001510  SK증권       4,020    0.0    +0.0%    0.0x     중간  1.77  1/0 [일봉]
056080  유진로봇      25,700    0.0    +0.0%    0.0x     중간  1.83  1/0 [일봉]
084850  아이티엠반도체   13,950    0.0    +0.0%    0.0x     중간  0.20  0/0 [일봉]
⛔ 금양(001570) 호가 없음 (거래정지 의심)

══════════════════════════════════════════════════
🕐 15:10 이후 — 장 마감 청산 모드
⏰ 마감 준비 (14:30 이후) — 신규 매수 중단
→ 전종목 HOLD
✅ Discord 전송 완료

[15:16] HOLD | KODEX RSI74/+1.1% | 보유:없음 | 최고신호 신한지주(055550) 4/2개 [하락-1.6% / BB하단 / MA골 / 호가2.3]
💰 예수금 100,426원 | KODEX200 RSI74/+0.9% 정상 | 매수기준 2개↑

코드      종목명           가격    RSI     변화율    거래량     BB   호가비  B/S
────────────────────────────────────────────────────────────────────────
[2단계 분석 대상: 105560, 086790, 012450, 055550, 068270]
403870  HPSP      52,600    0.0    +0.0%    0.0x     중간  0.67  0/0 [일봉]
⛔ 아우토크립트(137040) 호가 없음 (거래정지 의심)
055550  신한지주      93,600   66.7    -1.7%    0.8x     하단  2.45  4/0 [5분]
035720  카카오       42,550    0.0    +0.0%    0.0x     중간  2.12  1/0 [일봉]
015760  한국전력      37,750    0.0    +0.0%    0.0x     중간  0.96  0/0 [일봉]
078930  GS        75,500    0.0    +0.0%    0.0x     중간  0.38  0/0 [일봉]
061250  화일약품       8,190    0.0    +0.0%    0.0x     중간  0.20  0/0 [일봉]
217820  원익피앤이      3,050    0.0    +0.0%    0.0x     중간  1.06  0/0 [일봉]
001510  SK증권       4,025    0.0    +0.0%    0.0x     중간  1.70  1/0 [일봉]
056080  유진로봇      25,700    0.0    +0.0%    0.0x     중간  1.52  1/0 [일봉]
084850  아이티엠반도체   14,180    0.0    +0.0%    0.0x     중간  0.83  0/0 [일봉]
⛔ 금양(001570) 호가 없음 (거래정지 의심)

══════════════════════════════════════════════════
🕐 15:10 이후 — 장 마감 청산 모드
⏰ 마감 준비 (14:30 이후) — 신규 매수 중단
→ 전종목 HOLD
✅ Discord 전송 완료

[15:18] HOLD | KODEX RSI74/+0.9% | 보유:없음 | 최고신호 신한지주(055550) 4/2개 [하락-1.7% / BB하단 / MA골 / 호가2.5]
💰 예수금 100,426원 | KODEX200 RSI74/+0.8% 정상 | 매수기준 2개↑

코드      종목명           가격    RSI     변화율    거래량     BB   호가비  B/S
────────────────────────────────────────────────────────────────────────
[2단계 분석 대상: 055550, 005380, 066970, 035720, 217820]
403870  HPSP      52,400    0.0    +0.0%    0.0x     중간  4.35  1/0 [일봉]
058470  리노공업     100,000    0.0    +0.0%    0.0x     중간  0.77  0/0 [일봉]
⛔ 아우토크립트(137040) 호가 없음 (거래정지 의심)
055550  신한지주      96,000   66.7    -1.6%    0.8x     하단 27.91  4/0 [5분]
035720  카카오       42,500   82.6    -3.4%    0.9x     하단  8.11  4/0 [5분]
015760  한국전력      37,850    0.0    +0.0%    0.0x     중간  0.31  0/0 [일봉]
078930  GS        76,400    0.0    +0.0%    0.0x     중간  1.70  1/0 [일봉]
061250  화일약품       8,190    0.0    +0.0%    0.0x     중간  0.06  0/0 [일봉]
217820  원익피앤이      3,050   70.0    -3.9%    0.8x     하단  4.67  4/0 [5분]
001510  SK증권       4,025    0.0    +0.0%    0.0x     중간  0.55  0/0 [일봉]
056080  유진로봇      25,650    0.0    +0.0%    0.0x     중간  4.27  1/0 [일봉]
084850  아이티엠반도체   14,340    0.0    +0.0%    0.0x     중간  2.62  1/0 [일봉]
⛔ 금양(001570) 호가 없음 (거래정지 의심)

══════════════════════════════════════════════════
🕐 15:10 이후 — 장 마감 청산 모드
⏰ 마감 준비 (14:30 이후) — 신규 매수 중단
→ 전종목 HOLD
✅ Discord 전송 완료

[15:20] HOLD | KODEX RSI74/+0.8% | 보유:없음 | 최고신호 신한지주(055550) 4/2개 [하락-1.6% / BB하단 / MA골 / 호가27.9]
💰 예수금 100,426원 | KODEX200 RSI74/+0.8% 정상 | 매수기준 2개↑

코드      종목명           가격    RSI     변화율    거래량     BB   호가비  B/S
────────────────────────────────────────────────────────────────────────
[2단계 분석 대상: 403870, 055550, 000660, 035420, 042700]
403870  HPSP      52,000   74.3    +6.3%    1.0x     상단 227.39  2/0 [5분]
⛔ 아우토크립트(137040) 호가 없음 (거래정지 의심)
055550  신한지주      94,600   66.7    -1.6%    0.8x     하단 133.21  4/0 [5분]
035720  카카오       42,100    0.0    +0.0%    0.0x     중간 17.77  1/0 [일봉]
015760  한국전력      37,700    0.0    +0.0%    0.0x     중간  0.25  0/0 [일봉]
078930  GS        74,800    0.0    +0.0%    0.0x     중간  0.00  0/0 [일봉]
061250  화일약품       8,190    0.0    +0.0%    0.0x     중간  0.01  0/0 [일봉]
217820  원익피앤이      3,025    0.0    +0.0%    0.0x     중간  1.06  0/0 [일봉]
001510  SK증권       4,030    0.0    +0.0%    0.0x     중간  0.80  0/0 [일봉]
056080  유진로봇      25,750    0.0    +0.0%    0.0x     중간  2.12  1/0 [일봉]
084850  아이티엠반도체   14,340    0.0    +0.0%    0.0x     중간  1.10  0/0 [일봉]
⛔ 금양(001570) 호가 없음 (거래정지 의심)

══════════════════════════════════════════════════
🕐 15:10 이후 — 장 마감 청산 모드
⏰ 마감 준비 (14:30 이후) — 신규 매수 중단
→ 전종목 HOLD
✅ Discord 전송 완료

[15:22] HOLD | KODEX RSI74/+0.8% | 보유:없음 | 최고신호 신한지주(055550) 4/2개 [하락-1.6% / BB하단 / MA골 / 호가133.2]
💰 예수금 100,426원 | KODEX200 RSI74/+0.8% 정상 | 매수기준 2개↑

코드      종목명           가격    RSI     변화율    거래량     BB   호가비  B/S
────────────────────────────────────────────────────────────────────────
[2단계 분석 대상: 000660, 005380, 035720, 403870, 000270]
403870  HPSP      51,800   74.3    +6.3%    1.0x     상단 15.65  2/0 [5분]
⛔ 아우토크립트(137040) 호가 없음 (거래정지 의심)
055550  신한지주      93,600    0.0    +0.0%    0.0x     중간  0.24  0/0 [일봉]
035720  카카오       42,400   82.6    -3.4%    0.9x     하단 21.21  4/0 [5분]
015760  한국전력      37,750    0.0    +0.0%    0.0x     중간  0.63  0/0 [일봉]
078930  GS        74,800    0.0    +0.0%    0.0x     중간  0.00  0/0 [일봉]
061250  화일약품       8,190    0.0    +0.0%    0.0x     중간  0.01  0/0 [일봉]
217820  원익피앤이      3,025    0.0    +0.0%    0.0x     중간  1.46  1/0 [일봉]
001510  SK증권       4,025    0.0    +0.0%    0.0x     중간  0.73  0/0 [일봉]
056080  유진로봇      25,700    0.0    +0.0%    0.0x     중간  0.80  0/0 [일봉]
084850  아이티엠반도체   14,340    0.0    +0.0%    0.0x     중간  1.09  0/0 [일봉]
⛔ 금양(001570) 호가 없음 (거래정지 의심)

══════════════════════════════════════════════════
🕐 15:10 이후 — 장 마감 청산 모드
⏰ 마감 준비 (14:30 이후) — 신규 매수 중단
→ 전종목 HOLD
✅ Discord 전송 완료

[15:24] HOLD | KODEX RSI74/+0.8% | 보유:없음 | 최고신호 카카오(035720) 4/2개 [하락-3.4% / BB하단 / MA골 / 호가21.2]
💰 예수금 100,426원 | KODEX200 RSI74/+0.8% 정상 | 매수기준 2개↑

코드      종목명           가격    RSI     변화율    거래량     BB   호가비  B/S
────────────────────────────────────────────────────────────────────────
[2단계 분석 대상: 005380, 403870, 086790, 068270, 035720]
403870  HPSP      52,000   74.3    +6.3%    1.0x     상단 11.69  2/0 [5분]
⛔ 아우토크립트(137040) 호가 없음 (거래정지 의심)
055550  신한지주      94,200    0.0    +0.0%    0.0x     중간  2.59  1/0 [일봉]
035720  카카오       42,250   82.6    -3.4%    0.9x     하단  6.53  4/0 [5분]
015760  한국전력      37,800    0.0    +0.0%    0.0x     중간  1.87  1/0 [일봉]
078930  GS        74,800    0.0    +0.0%    0.0x     중간  0.00  0/0 [일봉]
061250  화일약품       8,190    0.0    +0.0%    0.0x     중간  0.01  0/0 [일봉]
217820  원익피앤이      3,070    0.0    +0.0%    0.0x     중간  0.03  0/0 [일봉]
001510  SK증권       4,025    0.0    +0.0%    0.0x     중간  0.61  0/0 [일봉]
056080  유진로봇      25,700    0.0    +0.0%    0.0x     중간  4.04  1/0 [일봉]
084850  아이티엠반도체   14,300    0.0    +0.0%    0.0x     중간  3.16  1/0 [일봉]
⛔ 금양(001570) 호가 없음 (거래정지 의심)

══════════════════════════════════════════════════
🕐 15:10 이후 — 장 마감 청산 모드
⏰ 마감 준비 (14:30 이후) — 신규 매수 중단
→ 전종목 HOLD
✅ Discord 전송 완료

[15:26] HOLD | KODEX RSI74/+0.8% | 보유:없음 | 최고신호 카카오(035720) 4/2개 [하락-3.4% / BB하단 / MA골 / 호가6.5]
💰 예수금 100,426원 | KODEX200 RSI74/+0.8% 정상 | 매수기준 2개↑

코드      종목명           가격    RSI     변화율    거래량     BB   호가비  B/S
────────────────────────────────────────────────────────────────────────
[2단계 분석 대상: 079550, 086790, 005380, 403870, 005930]
403870  HPSP      51,900   74.3    +6.3%    1.0x     상단 20.33  2/0 [5분]
⛔ 아우토크립트(137040) 호가 없음 (거래정지 의심)
055550  신한지주      93,100    0.0    +0.0%    0.0x     중간  0.97  0/0 [일봉]
035720  카카오       42,300    0.0    +0.0%    0.0x     중간 10.09  1/0 [일봉]
015760  한국전력      37,800    0.0    +0.0%    0.0x     중간  1.64  1/0 [일봉]
078930  GS        74,800    0.0    +0.0%    0.0x     중간  0.06  0/0 [일봉]
061250  화일약품       8,180    0.0    +0.0%    0.0x     중간  0.07  0/0 [일봉]
217820  원익피앤이      3,070    0.0    +0.0%    0.0x     중간  0.02  0/0 [일봉]
001510  SK증권       4,020    0.0    +0.0%    0.0x     중간  0.36  0/0 [일봉]
056080  유진로봇      25,700    0.0    +0.0%    0.0x     중간  3.07  1/0 [일봉]
084850  아이티엠반도체   14,300    0.0    +0.0%    0.0x     중간  1.77  1/0 [일봉]
⛔ 금양(001570) 호가 없음 (거래정지 의심)

══════════════════════════════════════════════════
🕐 15:10 이후 — 장 마감 청산 모드
⏰ 마감 준비 (14:30 이후) — 신규 매수 중단
→ 전종목 HOLD
✅ Discord 전송 완료

[15:28] HOLD | KODEX RSI74/+0.8% | 보유:없음 | 최고신호 HPSP(403870) 2/2개 [MA골 / 호가20.3]
💰 예수금 100,426원 | KODEX200 RSI74/+0.8% 정상 | 매수기준 2개↑

코드      종목명           가격    RSI     변화율    거래량     BB   호가비  B/S
────────────────────────────────────────────────────────────────────────
[2단계 분석 대상: 000660, 403870, 086790, 035720, 005380]
403870  HPSP      52,300   76.0    +5.5%    1.0x     중간 10.87  2/0 [5분]
⛔ 아우토크립트(137040) 호가 없음 (거래정지 의심)
055550  신한지주      93,100    0.0    +0.0%    0.0x     중간  1.28  1/0 [일봉]
035720  카카오       42,500   84.3    -3.5%    1.0x     하단  2.82  4/0 [5분]
015760  한국전력      37,700    0.0    +0.0%    0.0x     중간  0.94  0/0 [일봉]
078930  GS        74,800    0.0    +0.0%    0.0x     중간  0.24  0/0 [일봉]
061250  화일약품       8,180    0.0    +0.0%    0.0x     중간  0.23  0/0 [일봉]
217820  원익피앤이      3,050    0.0    +0.0%    0.0x     중간  0.92  0/0 [일봉]
001510  SK증권       4,015    0.0    +0.0%    0.0x     중간  0.90  0/0 [일봉]
056080  유진로봇      25,650    0.0    +0.0%    0.0x     중간  1.37  1/0 [일봉]
084850  아이티엠반도체   14,150    0.0    +0.0%    0.0x     중간  0.35  0/0 [일봉]
⛔ 금양(001570) 호가 없음 (거래정지 의심)

══════════════════════════════════════════════════
🕐 15:10 이후 — 장 마감 청산 모드
⏰ 마감 준비 (14:30 이후) — 신규 매수 중단
→ 전종목 HOLD
✅ Discord 전송 완료

[15:30] HOLD | KODEX RSI74/+0.8% | 보유:없음 | 최고신호 카카오(035720) 4/2개 [하락-3.5% / BB하단 / MA골 / 호가2.8]
