💰 예수금 24,594원 | KODEX200 RSI57/+0.0% 상승추세⬆️  | 매수기준 점수3pt↑
📦 보유 GS(078930) 1주 +0.3%

코드      종목명           가격    RSI     변화율    거래량     BB   호가비  B/S
────────────────────────────────────────────────────────────────────────
[2단계 분석 대상: 078930, 042660, 086520, 403870, 096770, 010950]
011200  HMM       21,200    0.0    +0.0%    0.0x     중간  0.56  0pt/0 [일봉]
078930  GS        76,800   73.7    +0.0%    0.0x     상단 54.25  5pt/0 [5분]

══════════════════════════════════════════════════
⏰ 장 미개장 (9:00 전) — 신규 매수 중단
→ 전종목 HOLD
✅ Discord 전송 완료

[08:50] HOLD | KODEX RSI57/+0.0%⬆️ | 보유:GS(078930) +0.3% | 💸예수금부족 | 최고신호 GS(078930) 5pt/3pt [호가54.2★ / 고점돌파★ / MA골든]
💰 예수금 24,594원 | KODEX200 RSI57/+0.0% 상승추세⬆️  | 매수기준 점수3pt↑
📦 보유 GS(078930) 1주 +0.3%

코드      종목명           가격    RSI     변화율    거래량     BB   호가비  B/S
────────────────────────────────────────────────────────────────────────
[2단계 분석 대상: 078930, 086520, 403870, 032830, 000720, 004020]
011200  HMM       21,100    0.0    +0.0%    0.0x     중간  0.50  0pt/0 [일봉]
078930  GS        75,600   76.2    -0.7%    0.0x     상단  0.10  3pt/0 [5분]

══════════════════════════════════════════════════
⏰ 9:20 이전 보유종목 감지 — 전일 잔류 포지션 즉시 청산
⏰ 시초가 혼조 (9:30 전) — 신규 매수 중단
→ 전종목 HOLD
✅ Discord 전송 완료

[09:00] HOLD | KODEX RSI57/+0.0%⬆️ | 보유:GS(078930) +0.3% | 💸예수금부족 | 최고신호 GS(078930) 3pt/3pt [고점돌파★ / MA골든]
💰 예수금 24,594원 | KODEX200 RSI59/+2.9% 상승추세⬆️  | 매수기준 점수3pt↑
📦 보유 GS(078930) 1주 +0.2%

코드      종목명           가격    RSI     변화율    거래량     BB   호가비  B/S
────────────────────────────────────────────────────────────────────────
[2단계 분석 대상: 078930, 015760, 403870, 329180, 034020, 003490]
011200  HMM       20,800    0.0    +0.0%    0.0x     중간  3.66  2pt/0 [일봉]
078930  GS        75,300   76.2    -0.4%    0.0x     상단  1.29  3pt/0 [5분]

══════════════════════════════════════════════════
⏰ 9:20 이전 보유종목 감지 — 전일 잔류 포지션 즉시 청산
⏰ 시초가 혼조 (9:30 전) — 신규 매수 중단
→ 전종목 HOLD
✅ Discord 전송 완료

[09:02] HOLD | KODEX RSI59/+2.9%⬆️ | 보유:GS(078930) +0.2% | 💸예수금부족 | 최고신호 GS(078930) 3pt/3pt [고점돌파★ / MA골든]
💰 예수금 24,594원 | KODEX200 RSI59/+2.1% 상승추세⬆️  | 매수기준 점수3pt↑
📦 보유 GS(078930) 1주 +0.0%

코드      종목명           가격    RSI     변화율    거래량     BB   호가비  B/S
────────────────────────────────────────────────────────────────────────
[2단계 분석 대상: 078930, 017670, 329180, 005930, 011200, 034020]
011200  HMM       20,800   46.4    -2.8%    0.1x     상단  3.43  5pt/0 [5분]
078930  GS        75,500   76.2    -0.3%    0.0x     상단  0.88  3pt/0 [5분]

══════════════════════════════════════════════════
⏰ 9:20 이전 보유종목 감지 — 전일 잔류 포지션 즉시 청산
⏰ 시초가 혼조 (9:30 전) — 신규 매수 중단
→ 전종목 HOLD
✅ Discord 전송 완료

[09:04] HOLD | KODEX RSI59/+2.1%⬆️ | 보유:GS(078930) +0.0% | 💸예수금부족 | 최고신호 HMM(011200) 5pt/3pt [호가3.4★ / RSI46 / 고점돌파★]
💰 예수금 24,594원 | KODEX200 RSI59/+2.2% 상승추세⬆️  | 매수기준 점수3pt↑
📦 보유 GS(078930) 1주 +0.0%

코드      종목명           가격    RSI     변화율    거래량     BB   호가비  B/S
────────────────────────────────────────────────────────────────────────
[2단계 분석 대상: 078930, 017670, 011200, 003490, 004020, 003670]
011200  HMM       20,750   46.4    -2.6%    0.1x     상단  3.87  5pt/0 [5분]
078930  GS        76,000   85.7    +0.3%    0.0x     상단  1.33  5pt/0 [5분]

══════════════════════════════════════════════════
⏰ 9:20 이전 보유종목 감지 — 전일 잔류 포지션 즉시 청산
⏰ 시초가 혼조 (9:30 전) — 신규 매수 중단
→ 전종목 HOLD
✅ Discord 전송 완료

[09:06] HOLD | KODEX RSI59/+2.2%⬆️ | 보유:GS(078930) +0.0% | 💸예수금부족 | 최고신호 HMM(011200) 5pt/3pt [호가3.9★ / RSI46 / 고점돌파★]
💰 예수금 24,592원 | KODEX200 RSI59/+2.4% 상승추세⬆️  | 매수기준 점수3pt↑
📦 보유 GS(078930) 1주 +1.1%

코드      종목명           가격    RSI     변화율    거래량     BB   호가비  B/S
────────────────────────────────────────────────────────────────────────
[2단계 분석 대상: 078930, 017670, 011200, 032830, 034020, 005930]
011200  HMM       20,800   46.4    -2.6%    0.1x     상단  3.65  5pt/0 [5분]
078930  GS        76,300   85.7    +1.1%    0.0x     상단  1.40  6pt/2 [5분]

══════════════════════════════════════════════════
⏰ 9:20 이전 보유종목 감지 — 전일 잔류 포지션 즉시 청산
🟡 SELL(수익실현💰) GS(078930) +1.1% [RSI86, BB상단, 전일잔류청산] 신뢰도0.7
💰 예수금: 24,592원
📊 GS(078930) 매도1호가: 76,700원 | 매수1호가: 76,600원
📌 SELL 지정가: 76,600원 × 1주
✅ 접수 | 매도 주문 접수: GS 1주 (주문번호: 0137399)
⏰ 시초가 혼조 (9:30 전) — 신규 매수 중단
✅ Discord 전송 완료

[09:08] 🟡SELL | KODEX RSI59/+2.4%⬆️ | 예수금 24,592원

🟡 GS(078930)  💰수익+1.1%  RSI86 BB상단  [RSI86·BB상단·전일잔류청산]
📦 GS +1.1%

🔶 HMM  5pt/3pt  RSI46 -2.6%  [호가3.6★·RSI46·고점돌파★]
💰 예수금 101,192원 | KODEX200 RSI59/+2.5% 상승추세⬆️  | 매수기준 점수3pt↑

코드      종목명           가격    RSI     변화율    거래량     BB   호가비  B/S
────────────────────────────────────────────────────────────────────────
[2단계 분석 대상: 017670, 403870, 032830, 034020, 003490]
403870  HPSP      75,200  100.0   -10.7%    0.3x     상단  3.85  5pt/0 [5분]
011200  HMM       21,050    0.0    +0.0%    0.0x     중간  1.23  0pt/0 [일봉]
015760  한국전력      41,500    0.0    +0.0%    0.0x     중간  0.53  0pt/0 [일봉]
035720  카카오       41,150    0.0    +0.0%    0.0x     중간  0.63  0pt/0 [일봉]
030200  KT        56,100    0.0    +0.0%    0.0x     중간  0.62  0pt/0 [일봉]
003490  대한항공      29,200   78.6    -2.5%    0.2x     상단  2.24  6pt/0 [5분]
004020  현대제철      36,150    0.0    +0.0%    0.0x     중간  1.84  1pt/0 [일봉]
078930  GS        76,800    0.0    +0.0%    0.0x     중간  0.99  0pt/0 [일봉]

══════════════════════════════════════════════════
⏰ 시초가 혼조 (9:30 전) — 신규 매수 중단
→ 전종목 HOLD
✅ Discord 전송 완료

[09:10] HOLD | KODEX RSI59/+2.5%⬆️ | 보유:없음 | 최고신호 대한항공(003490) 6pt/3pt [호가2.2★ / 연속상승 / 고점돌파★ / MA골든]
💰 예수금 101,192원 | KODEX200 RSI59/+2.7% 상승추세⬆️  | 매수기준 점수3pt↑

코드      종목명           가격    RSI     변화율    거래량     BB   호가비  B/S
────────────────────────────────────────────────────────────────────────
[2단계 분석 대상: 017670, 032830, 403870, 034020, 000880]
403870  HPSP      73,600  100.0   -11.7%    0.3x     상단  2.69  5pt/0 [5분]
011200  HMM       21,150    0.0    +0.0%    0.0x     중간  0.96  0pt/0 [일봉]
015760  한국전력      41,700    0.0    +0.0%    0.0x     중간  0.35  0pt/0 [일봉]
035720  카카오       41,000    0.0    +0.0%    0.0x     중간  0.86  0pt/0 [일봉]
030200  KT        56,100    0.0    +0.0%    0.0x     중간  1.40  1pt/0 [일봉]
003490  대한항공      29,250    0.0    +0.0%    0.0x     중간  1.65  1pt/0 [일봉]
004020  현대제철      36,200    0.0    +0.0%    0.0x     중간  1.45  1pt/0 [일봉]
078930  GS        76,800    0.0    +0.0%    0.0x     중간  1.30  1pt/0 [일봉]

══════════════════════════════════════════════════
⏰ 시초가 혼조 (9:30 전) — 신규 매수 중단
→ 전종목 HOLD
✅ Discord 전송 완료

[09:12] HOLD | KODEX RSI59/+2.7%⬆️ | 보유:없음 | 최고신호 HPSP(403870) 5pt/3pt [호가2.7★ / 고점돌파★ / MA골든]
💰 예수금 101,192원 | KODEX200 RSI59/+2.6% 상승추세⬆️  | 매수기준 점수3pt↑

코드      종목명           가격    RSI     변화율    거래량     BB   호가비  B/S
────────────────────────────────────────────────────────────────────────
[2단계 분석 대상: 403870, 017670, 272210, 032830, 000720]
403870  HPSP      73,400  100.0   -12.9%    0.4x     상단  8.11  5pt/0 [5분]
011200  HMM       21,150    0.0    +0.0%    0.0x     중간  1.13  0pt/0 [일봉]
015760  한국전력      41,400    0.0    +0.0%    0.0x     중간  1.31  1pt/0 [일봉]
035720  카카오       40,950    0.0    +0.0%    0.0x     중간  0.90  0pt/0 [일봉]
030200  KT        55,900    0.0    +0.0%    0.0x     중간  1.32  1pt/0 [일봉]
003490  대한항공      29,300    0.0    +0.0%    0.0x     중간  1.95  1pt/0 [일봉]
004020  현대제철      36,050    0.0    +0.0%    0.0x     중간  2.06  2pt/0 [일봉]
078930  GS        77,100    0.0    +0.0%    0.0x     중간  0.83  0pt/0 [일봉]

══════════════════════════════════════════════════
⏰ 시초가 혼조 (9:30 전) — 신규 매수 중단
→ 전종목 HOLD
✅ Discord 전송 완료

[09:14] HOLD | KODEX RSI59/+2.6%⬆️ | 보유:없음 | 최고신호 HPSP(403870) 5pt/3pt [호가8.1★ / 고점돌파★ / MA골든]
💰 예수금 101,192원 | KODEX200 RSI59/+2.0% 상승추세⬆️  | 매수기준 점수3pt↑

코드      종목명           가격    RSI     변화율    거래량     BB   호가비  B/S
────────────────────────────────────────────────────────────────────────
[2단계 분석 대상: 010950, 017670, 034020, 403870, 247540]
403870  HPSP      73,100  100.0   -13.1%    0.4x     상단  4.45  5pt/0 [5분]
011200  HMM       21,200    0.0    +0.0%    0.0x     중간  0.95  0pt/0 [일봉]
015760  한국전력      41,250    0.0    +0.0%    0.0x     중간  2.20  2pt/0 [일봉]
035720  카카오       40,950    0.0    +0.0%    0.0x     중간  1.27  0pt/0 [일봉]
030200  KT        55,800    0.0    +0.0%    0.0x     중간  1.29  0pt/0 [일봉]
003490  대한항공      29,250    0.0    +0.0%    0.0x     중간  1.71  1pt/0 [일봉]
004020  현대제철      36,050    0.0    +0.0%    0.0x     중간  2.63  2pt/0 [일봉]
078930  GS        77,100    0.0    +0.0%    0.0x     중간  1.16  0pt/0 [일봉]

══════════════════════════════════════════════════
⏰ 시초가 혼조 (9:30 전) — 신규 매수 중단
→ 전종목 HOLD
✅ Discord 전송 완료

[09:16] HOLD | KODEX RSI59/+2.0%⬆️ | 보유:없음 | 최고신호 HPSP(403870) 5pt/3pt [호가4.5★ / 고점돌파★ / MA골든]
💰 예수금 101,192원 | KODEX200 RSI59/+2.2% 상승추세⬆️  | 매수기준 점수3pt↑

코드      종목명           가격    RSI     변화율    거래량     BB   호가비  B/S
────────────────────────────────────────────────────────────────────────
[2단계 분석 대상: 017670, 032830, 105560, 034020, 005930]
403870  HPSP      72,600    0.0    +0.0%    0.0x     중간  1.81  1pt/0 [일봉]
011200  HMM       21,200    0.0    +0.0%    0.0x     중간  1.03  0pt/0 [일봉]
015760  한국전력      41,350    0.0    +0.0%    0.0x     중간  1.83  1pt/0 [일봉]
035720  카카오       41,000    0.0    +0.0%    0.0x     중간  1.17  0pt/0 [일봉]
030200  KT        55,900    0.0    +0.0%    0.0x     중간  1.12  0pt/0 [일봉]
003490  대한항공      29,300    0.0    +0.0%    0.0x     중간  1.72  1pt/0 [일봉]
004020  현대제철      36,350    0.0    +0.0%    0.0x     중간  0.58  0pt/0 [일봉]
078930  GS        77,800    0.0    +0.0%    0.0x     중간  0.61  0pt/0 [일봉]

══════════════════════════════════════════════════
⏰ 시초가 혼조 (9:30 전) — 신규 매수 중단
→ 전종목 HOLD
✅ Discord 전송 완료

[09:18] HOLD | KODEX RSI59/+2.2%⬆️ | 보유:없음 | 최고신호 HPSP(403870) 1pt/3pt [호가1.8]
💰 예수금 101,192원 | KODEX200 RSI59/+2.3% 상승추세⬆️  | 매수기준 점수3pt↑

코드      종목명           가격    RSI     변화율    거래량     BB   호가비  B/S
────────────────────────────────────────────────────────────────────────
[2단계 분석 대상: 403870, 034020, 003490, 032830, 005930]
403870  HPSP      72,400  100.0   -13.4%    0.4x     중간  6.76  5pt/0 [5분]
011200  HMM       21,250    0.0    +0.0%    0.0x     중간  0.89  0pt/0 [일봉]
015760  한국전력      41,250    0.0    +0.0%    0.0x     중간  1.39  1pt/0 [일봉]
035720  카카오       40,800    0.0    +0.0%    0.0x     중간  1.70  1pt/0 [일봉]
030200  KT        55,900    0.0    +0.0%    0.0x     중간  1.20  0pt/0 [일봉]
003490  대한항공      29,200   66.7    -2.7%    0.3x     상단  2.80  4pt/0 [5분]
004020  현대제철      36,200    0.0    +0.0%    0.0x     중간  1.52  1pt/0 [일봉]
078930  GS        77,600    0.0    +0.0%    0.0x     중간  0.18  0pt/0 [일봉]

══════════════════════════════════════════════════
🚫 HPSP(403870) 5pt 차단: chg-13.4%<기준 / RSI과열100
🚫 대한항공(003490) 4pt 차단: chg-2.7%<기준
→ 전종목 HOLD
✅ Discord 전송 완료

[09:20] HOLD | KODEX RSI59/+2.3%⬆️ | 보유:없음 | 최고신호 HPSP(403870) 5pt/3pt [호가6.8★ / 고점돌파★ / MA골든]
💰 예수금 101,192원 | KODEX200 RSI59/+1.9% 상승추세⬆️  | 매수기준 점수3pt↑

코드      종목명           가격    RSI     변화율    거래량     BB   호가비  B/S
────────────────────────────────────────────────────────────────────────
[2단계 분석 대상: 105560, 034020, 004020, 032830, 403870]
403870  HPSP      72,600  100.0   -12.9%    0.5x     상단  2.42  5pt/0 [5분]
011200  HMM       21,350    0.0    +0.0%    0.0x     중간  0.87  0pt/0 [일봉]
015760  한국전력      40,950    0.0    +0.0%    0.0x     중간  1.09  0pt/0 [일봉]
035720  카카오       40,850    0.0    +0.0%    0.0x     중간  1.56  1pt/0 [일봉]
030200  KT        56,000    0.0    +0.0%    0.0x     중간  1.15  0pt/0 [일봉]
003490  대한항공      29,350    0.0    +0.0%    0.0x     중간  1.71  1pt/0 [일봉]
004020  현대제철      36,150   69.4    -1.5%    0.1x     상단  3.21  5pt/0 [5분]
078930  GS        77,800    0.0    +0.0%    0.0x     중간  0.22  0pt/0 [일봉]

══════════════════════════════════════════════════
🚫 HPSP(403870) 5pt 차단: chg-12.9%<기준 / RSI과열100
🚫 현대제철(004020) 5pt 차단: chg-1.5%<기준
→ 전종목 HOLD
✅ Discord 전송 완료

[09:22] HOLD | KODEX RSI59/+1.9%⬆️ | 보유:없음 | 최고신호 HPSP(403870) 5pt/3pt [호가2.4★ / 고점돌파★ / MA골든]
💰 예수금 101,192원 | KODEX200 RSI59/+2.2% 상승추세⬆️  | 매수기준 점수3pt↑

코드      종목명           가격    RSI     변화율    거래량     BB   호가비  B/S
────────────────────────────────────────────────────────────────────────
[2단계 분석 대상: 017670, 004020, 000880, 035720, 005930]
403870  HPSP      73,300    0.0    +0.0%    0.0x     중간  0.59  0pt/0 [일봉]
011200  HMM       21,400    0.0    +0.0%    0.0x     중간  0.77  0pt/0 [일봉]
015760  한국전력      40,950    0.0    +0.0%    0.0x     중간  1.26  0pt/0 [일봉]
035720  카카오       40,750   66.7    -0.1%    0.1x     하단  1.94  2pt/0 [5분]
030200  KT        56,000    0.0    +0.0%    0.0x     중간  1.18  0pt/0 [일봉]
003490  대한항공      29,350    0.0    +0.0%    0.0x     중간  1.31  1pt/0 [일봉]
004020  현대제철      36,150   69.4    -1.5%    0.1x     상단  2.22  5pt/0 [5분]
078930  GS        77,800    0.0    +0.0%    0.0x     중간  0.26  0pt/0 [일봉]

══════════════════════════════════════════════════
🚫 현대제철(004020) 5pt 차단: chg-1.5%<기준
→ 전종목 HOLD
✅ Discord 전송 완료

[09:24] HOLD | KODEX RSI59/+2.2%⬆️ | 보유:없음 | 최고신호 현대제철(004020) 5pt/3pt [호가2.2★ / 고점돌파★ / MA골든]
💰 예수금 101,192원 | KODEX200 RSI59/+2.2% 상승추세⬆️  | 매수기준 점수3pt↑

코드      종목명           가격    RSI     변화율    거래량     BB   호가비  B/S
────────────────────────────────────────────────────────────────────────
[2단계 분석 대상: 403870, 017670, 035720, 004020, 015760]
403870  HPSP      72,400  100.0   -13.3%    0.5x     중간  5.49  5pt/0 [5분]
011200  HMM       21,400    0.0    +0.0%    0.0x     중간  1.09  0pt/0 [일봉]
015760  한국전력      40,950   71.8    -1.1%    0.2x     상단  2.50  5pt/0 [5분]
035720  카카오       40,700   66.7    -0.2%    0.1x     하단  2.97  3pt/0 [5분]
030200  KT        55,900    0.0    +0.0%    0.0x     중간  1.18  0pt/0 [일봉]
003490  대한항공      29,350    0.0    +0.0%    0.0x     중간  1.48  1pt/0 [일봉]
004020  현대제철      36,050   58.1    -1.6%    0.1x     중간  2.65  7pt/0 [5분]
078930  GS        77,500    0.0    +0.0%    0.0x     중간  0.28  0pt/0 [일봉]

══════════════════════════════════════════════════
🚫 HPSP(403870) 5pt 차단: chg-13.3%<기준 / RSI과열100
🚫 한국전력(015760) 5pt 차단: chg-1.1%<기준
🚫 카카오(035720) 3pt 차단: chg-0.2%<기준
🚫 현대제철(004020) 7pt 차단: chg-1.6%<기준
→ 전종목 HOLD
✅ Discord 전송 완료

[09:26] HOLD | KODEX RSI59/+2.2%⬆️ | 보유:없음 | 최고신호 현대제철(004020) 7pt/3pt [호가2.6★ / RSI58 / 연속상승 / 고점돌파★ / MA골든]
💰 예수금 101,192원 | KODEX200 RSI59/+2.3% 상승추세⬆️  | 매수기준 점수3pt↑

코드      종목명           가격    RSI     변화율    거래량     BB   호가비  B/S
────────────────────────────────────────────────────────────────────────
[2단계 분석 대상: 403870, 015760, 004020, 035720, 000150]
403870  HPSP      72,000  100.0   -13.1%    0.5x     상단  8.82  5pt/0 [5분]
011200  HMM       21,450    0.0    +0.0%    0.0x     중간  0.81  0pt/0 [일봉]
015760  한국전력      40,900   71.8    -1.3%    0.2x     상단  3.68  5pt/0 [5분]
035720  카카오       40,750   66.7    +0.1%    0.1x     하단  3.09  4pt/0 [5분]
030200  KT        55,900    0.0    +0.0%    0.0x     중간  1.22  0pt/0 [일봉]
003490  대한항공      29,450    0.0    +0.0%    0.0x     중간  1.05  0pt/0 [일봉]
004020  현대제철      35,800   58.1    -2.2%    0.1x     중간  3.18  7pt/0 [5분]
078930  GS        77,500    0.0    +0.0%    0.0x     중간  0.21  0pt/0 [일봉]

══════════════════════════════════════════════════
🚫 HPSP(403870) 5pt 차단: chg-13.1%<기준 / RSI과열100
🚫 한국전력(015760) 5pt 차단: chg-1.3%<기준
🚫 카카오(035720) 4pt 차단: chg+0.1%<기준
🚫 현대제철(004020) 7pt 차단: chg-2.2%<기준
→ 전종목 HOLD
✅ Discord 전송 완료

[09:28] HOLD | KODEX RSI59/+2.3%⬆️ | 보유:없음 | 최고신호 현대제철(004020) 7pt/3pt [호가3.2★ / RSI58 / 연속상승 / 고점돌파★ / MA골든]
💰 예수금 101,192원 | KODEX200 RSI59/+2.3% 상승추세⬆️  | 매수기준 점수3pt↑

코드      종목명           가격    RSI     변화율    거래량     BB   호가비  B/S
────────────────────────────────────────────────────────────────────────
[2단계 분석 대상: 403870, 017670, 015760, 004020, 035720]
403870  HPSP      72,100  100.0   -13.4%    0.5x     중간 10.82  5pt/0 [5분]
011200  HMM       21,500    0.0    +0.0%    0.0x     중간  0.74  0pt/0 [일봉]
015760  한국전력      41,000   76.7    -1.1%    0.2x     중간  3.29  4pt/0 [5분]
035720  카카오       40,800   74.3    +0.1%    0.1x     하단  2.01  5pt/0 [5분]
017670  SK텔레콤    101,000   76.7    -4.3%    0.2x     하단  4.43  3pt/0 [5분]
030200  KT        56,000    0.0    +0.0%    0.0x     중간  0.58  0pt/0 [일봉]
003490  대한항공      29,450    0.0    +0.0%    0.0x     중간  0.99  0pt/0 [일봉]
004020  현대제철      35,750   57.1    -2.6%    0.1x     중간  2.38  5pt/0 [5분]
078930  GS        77,500    0.0    +0.0%    0.0x     중간  0.18  0pt/0 [일봉]

══════════════════════════════════════════════════
🚫 HPSP(403870) 5pt 차단: chg-13.4%<기준 / RSI과열100
🚫 한국전력(015760) 4pt 차단: chg-1.1%<기준
🚫 SK텔레콤(017670) 3pt 차단: chg-4.3%<기준
🚫 현대제철(004020) 5pt 차단: chg-2.6%<기준
🟢 BUY 카카오(035720) 5pt [호가2.0★/연속상승/MA골든/BB반등] 목표+2% 신뢰도0.78 ratio0.45
💰 예수금: 101,192원
📊 카카오(035720) 매도1호가: 40,800원 | 매수1호가: 40,750원
📌 BUY 리스크(6주) vs 신호(1주) → 1주 | 40,750원 = 40,750원
✅ 접수 | 매수 주문 접수: 카카오 1주 (주문번호: 0219221)
✅ Discord 전송 완료

[09:30] 🟢BUY | KODEX RSI59/+2.3%⬆️ | 예수금 101,192원

🟢 카카오(035720)  5pt 목표+2%  RSI74 +0.1% 0.1x  [호가2.0★·연속상승·MA골든·BB반등]

🔶 HPSP  5pt/3pt  RSI100 -13.4%  [호가10.8★·고점돌파★·MA골든]
🔶 현대제철  5pt/3pt  RSI57 -2.6%  [호가2.4★·RSI57·고점돌파★]
🔶 한국전력  4pt/3pt  RSI77 -1.1%  [호가3.3★·고점돌파★]
🔶 SK텔레콤  3pt/3pt  RSI77 -4.3%  [호가4.4★·MA골든]
💰 예수금 101,192원 | KODEX200 RSI59/+2.4% 상승추세⬆️  | 매수기준 점수3pt↑

코드      종목명           가격    RSI     변화율    거래량     BB   호가비  B/S
────────────────────────────────────────────────────────────────────────
[2단계 분석 대상: 403870, 017670, 004020, 015760, 272210]
403870  HPSP      71,500  100.0   -14.5%    0.6x     중간  8.59  3pt/0 [5분]
011200  HMM       21,600    0.0    +0.0%    0.0x     중간  0.47  0pt/0 [일봉]
015760  한국전력      41,100   76.7    -0.6%    0.2x     중간  2.13  4pt/0 [5분]
035720  카카오       40,850    0.0    +0.0%    0.0x     중간  1.70  1pt/0 [일봉]
030200  KT        56,000    0.0    +0.0%    0.0x     중간  0.66  0pt/0 [일봉]
003490  대한항공      29,500    0.0    +0.0%    0.0x     중간  0.89  0pt/0 [일봉]
004020  현대제철      36,000   57.1    -1.8%    0.1x     중간  2.63  5pt/0 [5분]
078930  GS        78,000    0.0    +0.0%    0.0x     중간  0.43  0pt/0 [일봉]

══════════════════════════════════════════════════
🚫 HPSP(403870) 3pt 차단: chg-14.5%<기준 / RSI과열100
🚫 한국전력(015760) 4pt 차단: chg-0.6%<기준
🚫 현대제철(004020) 5pt 차단: chg-1.8%<기준
→ 전종목 HOLD
✅ Discord 전송 완료

[09:32] HOLD | KODEX RSI59/+2.4%⬆️ | 보유:없음 | 최고신호 현대제철(004020) 5pt/3pt [호가2.6★ / RSI57 / 고점돌파★]
💰 예수금 101,192원 | KODEX200 RSI59/+2.3% 상승추세⬆️  | 매수기준 점수3pt↑

코드      종목명           가격    RSI     변화율    거래량     BB   호가비  B/S
────────────────────────────────────────────────────────────────────────
[2단계 분석 대상: 403870, 017670, 004020, 015760, 005930]
403870  HPSP      71,500  100.0   -14.6%    0.6x     중간  5.79  3pt/0 [5분]
011200  HMM       21,600    0.0    +0.0%    0.0x     중간  0.45  0pt/0 [일봉]
015760  한국전력      41,100   39.7    -0.6%    0.2x     중간  2.23  4pt/0 [5분]
035720  카카오       40,900    0.0    +0.0%    0.0x     중간  1.52  1pt/0 [일봉]
030200  KT        56,000    0.0    +0.0%    0.0x     중간  0.64  0pt/0 [일봉]
003490  대한항공      29,400    0.0    +0.0%    0.0x     중간  1.45  1pt/0 [일봉]
004020  현대제철      36,000   37.7    -1.8%    0.1x     중간  2.39  4pt/0 [5분]
078930  GS        78,000    0.0    +0.0%    0.0x     중간  0.43  0pt/0 [일봉]

══════════════════════════════════════════════════
🚫 HPSP(403870) 3pt 차단: chg-14.6%<기준 / RSI과열100
🚫 한국전력(015760) 4pt 차단: chg-0.6%<기준
🚫 현대제철(004020) 4pt 차단: chg-1.8%<기준
→ 전종목 HOLD
✅ Discord 전송 완료

[09:34] HOLD | KODEX RSI59/+2.3%⬆️ | 보유:없음 | 최고신호 한국전력(015760) 4pt/3pt [호가2.2★ / 고점돌파★]
💰 예수금 101,192원 | KODEX200 RSI59/+2.2% 상승추세⬆️  | 매수기준 점수3pt↑

코드      종목명           가격    RSI     변화율    거래량     BB   호가비  B/S
────────────────────────────────────────────────────────────────────────
[2단계 분석 대상: 403870, 066970, 004020, 017670, 032830]
403870  HPSP      71,700  100.0   -14.0%    0.6x     중간  4.18  5pt/0 [5분]
011200  HMM       21,600    0.0    +0.0%    0.0x     중간  0.34  0pt/0 [일봉]
015760  한국전력      41,200    0.0    +0.0%    0.0x     중간  1.77  1pt/0 [일봉]
035720  카카오       40,850    0.0    +0.0%    0.0x     중간  1.43  1pt/0 [일봉]
030200  KT        56,100    0.0    +0.0%    0.0x     중간  0.65  0pt/0 [일봉]
003490  대한항공      29,400    0.0    +0.0%    0.0x     중간  1.46  1pt/0 [일봉]
004020  현대제철      35,900   37.7    -2.2%    0.1x     중간  2.62  4pt/0 [5분]
078930  GS        78,000    0.0    +0.0%    0.0x     중간  0.46  0pt/0 [일봉]

══════════════════════════════════════════════════
🚫 HPSP(403870) 5pt 차단: chg-14.0%<기준 / RSI과열100
🚫 현대제철(004020) 4pt 차단: chg-2.2%<기준
→ 전종목 HOLD
✅ Discord 전송 완료

[09:36] HOLD | KODEX RSI59/+2.2%⬆️ | 보유:없음 | 최고신호 HPSP(403870) 5pt/3pt [호가4.2★ / 고점돌파★ / MA골든]
💰 예수금 101,192원 | KODEX200 RSI59/+2.1% 상승추세⬆️  | 매수기준 점수3pt↑

코드      종목명           가격    RSI     변화율    거래량     BB   호가비  B/S
────────────────────────────────────────────────────────────────────────
[2단계 분석 대상: 017670, 403870, 247540, 096770, 000270]
403870  HPSP      71,200  100.0   -14.6%    0.6x     중간  4.66  3pt/0 [5분]
011200  HMM       21,500    0.0    +0.0%    0.0x     중간  0.48  0pt/0 [일봉]
015760  한국전력      41,200    0.0    +0.0%    0.0x     중간  1.89  1pt/0 [일봉]
035720  카카오       40,850    0.0    +0.0%    0.0x     중간  1.54  1pt/0 [일봉]
017670  SK텔레콤    101,000   38.9    -4.1%    0.2x     하단 14.63  2pt/0 [5분]
030200  KT        56,200    0.0    +0.0%    0.0x     중간  0.59  0pt/0 [일봉]
003490  대한항공      29,400    0.0    +0.0%    0.0x     중간  1.45  1pt/0 [일봉]
004020  현대제철      36,050    0.0    +0.0%    0.0x     중간  2.09  2pt/0 [일봉]
078930  GS        78,000    0.0    +0.0%    0.0x     중간  0.42  0pt/0 [일봉]

══════════════════════════════════════════════════
🚫 HPSP(403870) 3pt 차단: chg-14.6%<기준 / RSI과열100
→ 전종목 HOLD
✅ Discord 전송 완료

[09:38] HOLD | KODEX RSI59/+2.1%⬆️ | 보유:없음 | 최고신호 HPSP(403870) 3pt/3pt [호가4.7★ / MA골든]
💰 예수금 60,361원 | KODEX200 RSI59/+1.9% 상승추세⬆️  | 매수기준 점수3pt↑
📦 보유 카카오(035720) 1주 -0.2%

코드      종목명           가격    RSI     변화율    거래량     BB   호가비  B/S
────────────────────────────────────────────────────────────────────────
[2단계 분석 대상: 035720, 017670, 272210, 403870, 010950, 032830]
011200  HMM       21,550    0.0    +0.0%    0.0x     중간  0.28  0pt/0 [일봉]
015760  한국전력      41,200    0.0    +0.0%    0.0x     중간  1.56  1pt/0 [일봉]
035720  카카오       40,850   77.5    +0.2%    0.1x     하단  1.42  4pt/0 [5분]
030200  KT        56,300    0.0    +0.0%    0.0x     중간  0.57  0pt/0 [일봉]
003490  대한항공      29,350    0.0    +0.0%    0.0x     중간  1.77  1pt/0 [일봉]
004020  현대제철      36,050    0.0    +0.0%    0.0x     중간  2.23  2pt/0 [일봉]

══════════════════════════════════════════════════
→ 전종목 HOLD
✅ Discord 전송 완료

[09:40] HOLD | KODEX RSI59/+1.9%⬆️ | 보유:카카오(035720) -0.2% | 최고신호 카카오(035720) 4pt/3pt [호가1.4 / 연속상승 / MA골든 / BB반등]
💰 예수금 60,361원 | KODEX200 RSI59/+2.2% 상승추세⬆️  | 매수기준 점수3pt↑
📦 보유 카카오(035720) 1주 -0.0%

코드      종목명           가격    RSI     변화율    거래량     BB   호가비  B/S
────────────────────────────────────────────────────────────────────────
[2단계 분석 대상: 035720, 105560, 017670, 403870, 004020, 010950]
011200  HMM       21,500    0.0    +0.0%    0.0x     중간  0.37  0pt/0 [일봉]
015760  한국전력      41,450    0.0    +0.0%    0.0x     중간  0.52  0pt/0 [일봉]
035720  카카오       40,800   77.5    +0.0%    0.1x     하단  2.38  5pt/0 [5분]
030200  KT        56,300    0.0    +0.0%    0.0x     중간  0.53  0pt/0 [일봉]
003490  대한항공      29,350    0.0    +0.0%    0.0x     중간  1.68  1pt/0 [일봉]
004020  현대제철      35,950   38.7    -1.9%    0.1x     중간  3.17  5pt/0 [5분]

══════════════════════════════════════════════════
🚫 현대제철(004020) 5pt 차단: chg-1.9%<기준
→ 전종목 HOLD
✅ Discord 전송 완료

[09:42] HOLD | KODEX RSI59/+2.2%⬆️ | 보유:카카오(035720) -0.0% | 최고신호 카카오(035720) 5pt/3pt [호가2.4★ / 연속상승 / MA골든 / BB반등]
💰 예수금 60,361원 | KODEX200 RSI59/+2.0% 상승추세⬆️  | 매수기준 점수3pt↑
📦 보유 카카오(035720) 1주 -0.3%

코드      종목명           가격    RSI     변화율    거래량     BB   호가비  B/S
────────────────────────────────────────────────────────────────────────
[2단계 분석 대상: 035720, 017670, 403870, 066970, 004020, 010950]
011200  HMM       21,550    0.0    +0.0%    0.0x     중간  0.23  0pt/0 [일봉]
015760  한국전력      41,200    0.0    +0.0%    0.0x     중간  1.72  1pt/0 [일봉]
035720  카카오       40,750   77.5    -0.2%    0.1x     하단  2.19  4pt/0 [5분]
030200  KT        56,200    0.0    +0.0%    0.0x     중간  0.53  0pt/0 [일봉]
003490  대한항공      29,350    0.0    +0.0%    0.0x     중간  1.64  1pt/0 [일봉]
004020  현대제철      36,000   33.8    -1.9%    0.1x     중간  2.87  5pt/0 [5분]

══════════════════════════════════════════════════
🚫 현대제철(004020) 5pt 차단: chg-1.9%<기준
→ 전종목 HOLD
✅ Discord 전송 완료

[09:44] HOLD | KODEX RSI59/+2.0%⬆️ | 보유:카카오(035720) -0.3% | 최고신호 현대제철(004020) 5pt/3pt [호가2.9★ / 연속상승 / 고점돌파★]
💰 예수금 60,362원 | KODEX200 RSI59/+1.9% 상승추세⬆️  | 매수기준 점수3pt↑
📦 보유 카카오(035720) 1주 -0.4%

코드      종목명           가격    RSI     변화율    거래량     BB   호가비  B/S
────────────────────────────────────────────────────────────────────────
[2단계 분석 대상: 035720, 017670, 403870, 247540, 003490, 066970]
011200  HMM       21,550    0.0    +0.0%    0.0x     중간  0.22  0pt/0 [일봉]
015760  한국전력      41,200    0.0    +0.0%    0.0x     중간  1.17  0pt/0 [일봉]
035720  카카오       40,700   69.0    -0.1%    0.1x     하단  2.37  4pt/0 [5분]
030200  KT        56,300    0.0    +0.0%    0.0x     중간  0.59  0pt/0 [일봉]
003490  대한항공      29,200   14.9    -2.8%    0.4x     중간  2.76  5pt/0 [5분]
004020  현대제철      36,000    0.0    +0.0%    0.0x     중간  2.12  2pt/0 [일봉]

══════════════════════════════════════════════════
🚫 대한항공(003490) 5pt 차단: chg-2.8%<기준
→ 전종목 HOLD
✅ Discord 전송 완료

[09:46] HOLD | KODEX RSI59/+1.9%⬆️ | 보유:카카오(035720) -0.4% | 최고신호 대한항공(003490) 5pt/3pt [호가2.8★ / 연속상승 / 고점돌파★]
💰 예수금 60,361원 | KODEX200 RSI59/+2.1% 상승추세⬆️  | 매수기준 점수3pt↑
📦 보유 카카오(035720) 1주 -0.4%

코드      종목명           가격    RSI     변화율    거래량     BB   호가비  B/S
────────────────────────────────────────────────────────────────────────
[2단계 분석 대상: 035720, 247540, 017670, 403870, 003490, 000720]
011200  HMM       21,550    0.0    +0.0%    0.0x     중간  0.25  0pt/0 [일봉]
015760  한국전력      41,300    0.0    +0.0%    0.0x     중간  0.81  0pt/0 [일봉]
035720  카카오       40,750   69.0    +0.1%    0.1x     하단  2.99  5pt/0 [5분]
030200  KT        56,300    0.0    +0.0%    0.0x     중간  0.54  0pt/0 [일봉]
003490  대한항공      29,150   14.9    -2.8%    0.4x     중간  3.07  5pt/0 [5분]
004020  현대제철      36,050    0.0    +0.0%    0.0x     중간  2.17  2pt/0 [일봉]

══════════════════════════════════════════════════
🚫 대한항공(003490) 5pt 차단: chg-2.8%<기준
→ 전종목 HOLD
✅ Discord 전송 완료

[09:48] HOLD | KODEX RSI59/+2.1%⬆️ | 보유:카카오(035720) -0.4% | 최고신호 카카오(035720) 5pt/3pt [호가3.0★ / 연속상승 / MA골든 / BB반등]
💰 예수금 60,361원 | KODEX200 RSI58/+1.5% 상승추세⬆️  | 매수기준 점수3pt↑
📦 보유 카카오(035720) 1주 -0.2%

코드      종목명           가격    RSI     변화율    거래량     BB   호가비  B/S
────────────────────────────────────────────────────────────────────────
[2단계 분석 대상: 035720, 247540, 017670, 403870, 086520, 066970]
011200  HMM       21,550    0.0    +0.0%    0.0x     중간  0.24  0pt/0 [일봉]
015760  한국전력      41,350    0.0    +0.0%    0.0x     중간  0.55  0pt/0 [일봉]
035720  카카오       40,850   56.8    +0.1%    0.1x     하단  2.11  6pt/0 [5분]
030200  KT        56,500    0.0    +0.0%    0.0x     중간  0.46  0pt/0 [일봉]
003490  대한항공      29,300    0.0    +0.0%    0.0x     중간  1.58  1pt/0 [일봉]
004020  현대제철      36,100    0.0    +0.0%    0.0x     중간  2.03  2pt/0 [일봉]

══════════════════════════════════════════════════
→ 전종목 HOLD
✅ Discord 전송 완료

[09:50] HOLD | KODEX RSI58/+1.5%⬆️ | 보유:카카오(035720) -0.2% | 최고신호 카카오(035720) 6pt/3pt [호가2.1★ / RSI57 / 볼륨급증 / MA골든 / BB반등]
💰 예수금 60,361원 | KODEX200 RSI58/+1.3% 상승추세⬆️  | 매수기준 점수3pt↑
📦 보유 카카오(035720) 1주 -0.1%

코드      종목명           가격    RSI     변화율    거래량     BB   호가비  B/S
────────────────────────────────────────────────────────────────────────
[2단계 분석 대상: 035720, 066970, 247540, 017670, 042660, 034020]
011200  HMM       21,550    0.0    +0.0%    0.0x     중간  0.25  0pt/0 [일봉]
015760  한국전력      41,200    0.0    +0.0%    0.0x     중간  1.05  0pt/0 [일봉]
035720  카카오       40,800   56.8    -0.1%    0.1x     하단  2.07  5pt/0 [5분]
030200  KT        56,600    0.0    +0.0%    0.0x     중간  0.23  0pt/0 [일봉]
003490  대한항공      29,250    0.0    +0.0%    0.0x     중간  1.72  1pt/0 [일봉]
004020  현대제철      36,050    0.0    +0.0%    0.0x     중간  1.84  1pt/0 [일봉]

══════════════════════════════════════════════════
→ 전종목 HOLD
✅ Discord 전송 완료

[09:52] HOLD | KODEX RSI58/+1.3%⬆️ | 보유:카카오(035720) -0.1% | 최고신호 카카오(035720) 5pt/3pt [호가2.1★ / RSI57 / 볼륨급증 / MA골든]
💰 예수금 60,361원 | KODEX200 RSI58/+1.5% 상승추세⬆️  | 매수기준 점수3pt↑
📦 보유 카카오(035720) 1주 -0.2%

코드      종목명           가격    RSI     변화율    거래량     BB   호가비  B/S
────────────────────────────────────────────────────────────────────────
[2단계 분석 대상: 035720, 017670, 247540, 086520, 034020, 403870]
011200  HMM       21,550    0.0    +0.0%    0.0x     중간  0.25  0pt/0 [일봉]
015760  한국전력      41,150    0.0    +0.0%    0.0x     중간  0.92  0pt/0 [일봉]
035720  카카오       40,800   52.6    +0.1%    0.1x     하단  1.83  4pt/0 [5분]
030200  KT        56,600    0.0    +0.0%    0.0x     중간  0.47  0pt/0 [일봉]
003490  대한항공      29,150    0.0    +0.0%    0.0x     중간  2.72  2pt/0 [일봉]
004020  현대제철      36,050    0.0    +0.0%    0.0x     중간  1.82  1pt/0 [일봉]

══════════════════════════════════════════════════
→ 전종목 HOLD
✅ Discord 전송 완료

[09:54] HOLD | KODEX RSI58/+1.5%⬆️ | 보유:카카오(035720) -0.2% | 최고신호 카카오(035720) 4pt/3pt [호가1.8 / RSI53 / MA골든 / BB반등]
💰 예수금 60,361원 | KODEX200 RSI58/+1.5% 상승추세⬆️  | 매수기준 점수3pt↑
📦 보유 카카오(035720) 1주 -0.2%

코드      종목명           가격    RSI     변화율    거래량     BB   호가비  B/S
────────────────────────────────────────────────────────────────────────
[2단계 분석 대상: 035720, 017670, 086520, 247540, 010950, 003490]
011200  HMM       21,450    0.0    +0.0%    0.0x     중간  0.58  0pt/0 [일봉]
015760  한국전력      41,050    0.0    +0.0%    0.0x     중간  1.41  1pt/0 [일봉]
035720  카카오       40,800   52.6    +0.1%    0.1x     하단  1.70  4pt/0 [5분]
030200  KT        56,600    0.0    +0.0%    0.0x     중간  0.34  0pt/0 [일봉]
003490  대한항공      29,050    7.4    -3.2%    0.4x     중간  3.54  4pt/0 [5분]
004020  현대제철      36,100    0.0    +0.0%    0.0x     중간  1.82  1pt/0 [일봉]

══════════════════════════════════════════════════
🚫 대한항공(003490) 4pt 차단: chg-3.2%<기준
→ 전종목 HOLD
✅ Discord 전송 완료

[09:56] HOLD | KODEX RSI58/+1.5%⬆️ | 보유:카카오(035720) -0.2% | 최고신호 카카오(035720) 4pt/3pt [호가1.7 / RSI53 / MA골든 / BB반등]
💰 예수금 60,361원 | KODEX200 RSI58/+1.4% 상승추세⬆️  | 매수기준 점수3pt↑
📦 보유 카카오(035720) 1주 -0.2%

코드      종목명           가격    RSI     변화율    거래량     BB   호가비  B/S
────────────────────────────────────────────────────────────────────────
[2단계 분석 대상: 035720, 247540, 017670, 010950, 086520, 042660]
011200  HMM       21,450    0.0    +0.0%    0.0x     중간  0.46  0pt/0 [일봉]
015760  한국전력      41,000    0.0    +0.0%    0.0x     중간  1.96  1pt/0 [일봉]
035720  카카오       40,800   52.6    +0.0%    0.1x     하단  1.63  4pt/0 [5분]
030200  KT        56,600    0.0    +0.0%    0.0x     중간  0.32  0pt/0 [일봉]
003490  대한항공      28,950    0.0    +0.0%    0.0x     중간  2.74  2pt/0 [일봉]
004020  현대제철      36,100    0.0    +0.0%    0.0x     중간  1.68  1pt/0 [일봉]

══════════════════════════════════════════════════
→ 전종목 HOLD
✅ Discord 전송 완료

[09:58] HOLD | KODEX RSI58/+1.4%⬆️ | 보유:카카오(035720) -0.2% | 최고신호 카카오(035720) 4pt/3pt [호가1.6 / RSI53 / MA골든 / BB반등]
💰 예수금 60,361원 | KODEX200 RSI58/+1.3% 상승추세⬆️  | 매수기준 점수3pt↑
📦 보유 카카오(035720) 1주 -0.1%

코드      종목명           가격    RSI     변화율    거래량     BB   호가비  B/S
────────────────────────────────────────────────────────────────────────
[2단계 분석 대상: 035720, 017670, 247540, 403870, 329180, 015760]
011200  HMM       21,400    0.0    +0.0%    0.0x     중간  0.53  0pt/0 [일봉]
015760  한국전력      40,800   26.9    -1.8%    0.3x     중간  3.99  4pt/0 [5분]
035720  카카오       40,800   56.1    +0.0%    0.1x     하단  1.50  4pt/0 [5분]
030200  KT        56,500    0.0    +0.0%    0.0x     중간  0.40  0pt/0 [일봉]
003490  대한항공      29,000    0.0    +0.0%    0.0x     중간  3.77  2pt/0 [일봉]
004020  현대제철      35,950    0.0    +0.0%    0.0x     중간  2.75  2pt/0 [일봉]

══════════════════════════════════════════════════
🚫 한국전력(015760) 4pt 차단: chg-1.8%<기준
→ 전종목 HOLD
✅ Discord 전송 완료

[10:00] HOLD | KODEX RSI58/+1.3%⬆️ | 보유:카카오(035720) -0.1% | 최고신호 한국전력(015760) 4pt/3pt [호가4.0★ / 고점돌파★]
💰 예수금 60,361원 | KODEX200 RSI58/+1.2% 상승추세⬆️  | 매수기준 점수3pt↑
📦 보유 카카오(035720) 1주 -0.3%

코드      종목명           가격    RSI     변화율    거래량     BB   호가비  B/S
────────────────────────────────────────────────────────────────────────
[2단계 분석 대상: 035720, 247540, 010950, 403870, 017670, 003490]
011200  HMM       21,350    0.0    +0.0%    0.0x     중간  0.64  0pt/0 [일봉]
015760  한국전력      40,550    0.0    +0.0%    0.0x     중간  2.05  2pt/0 [일봉]
035720  카카오       40,750   56.1    -0.1%    0.1x     하단  1.55  3pt/0 [5분]
030200  KT        56,600    0.0    +0.0%    0.0x     중간  0.39  0pt/0 [일봉]
003490  대한항공      28,950    5.1    -3.7%    0.5x     중간  3.96  4pt/0 [5분]
004020  현대제철      36,000    0.0    +0.0%    0.0x     중간  2.38  2pt/0 [일봉]

══════════════════════════════════════════════════
🚫 대한항공(003490) 4pt 차단: chg-3.7%<기준
→ 전종목 HOLD
✅ Discord 전송 완료

[10:02] HOLD | KODEX RSI58/+1.2%⬆️ | 보유:카카오(035720) -0.3% | 최고신호 대한항공(003490) 4pt/3pt [호가4.0★ / 고점돌파★]
💰 예수금 60,361원 | KODEX200 RSI58/+1.2% 상승추세⬆️  | 매수기준 점수3pt↑
📦 보유 카카오(035720) 1주 +0.1%

코드      종목명           가격    RSI     변화율    거래량     BB   호가비  B/S
────────────────────────────────────────────────────────────────────────
[2단계 분석 대상: 035720, 247540, 017670, 003490, 086520, 010950]
011200  HMM       21,450    0.0    +0.0%    0.0x     중간  0.48  0pt/0 [일봉]
015760  한국전력      40,550    0.0    +0.0%    0.0x     중간  2.21  2pt/0 [일봉]
035720  카카오       40,950   53.5    +0.4%    0.1x     하단  1.41  4pt/0 [5분]
030200  KT        56,800    0.0    +0.0%    0.0x     중간  0.33  0pt/0 [일봉]
003490  대한항공      28,950    8.6    -3.5%    0.5x     중간  4.28  6pt/0 [5분]
004020  현대제철      36,100    0.0    +0.0%    0.0x     중간  1.94  1pt/0 [일봉]

══════════════════════════════════════════════════
🚫 대한항공(003490) 6pt 차단: chg-3.5%<기준
→ 전종목 HOLD
✅ Discord 전송 완료

[10:04] HOLD | KODEX RSI58/+1.2%⬆️ | 보유:카카오(035720) +0.1% | 최고신호 대한항공(003490) 6pt/3pt [호가4.3★ / 고점돌파★ / 볼륨스파이크★]
💰 예수금 60,361원 | KODEX200 RSI58/+0.9% 상승추세⬆️  | 매수기준 점수3pt↑
📦 보유 카카오(035720) 1주 +0.2%

코드      종목명           가격    RSI     변화율    거래량     BB   호가비  B/S
────────────────────────────────────────────────────────────────────────
[2단계 분석 대상: 035720, 086520, 247540, 017670, 403870, 034020]
011200  HMM       21,450    0.0    +0.0%    0.0x     중간  0.51  0pt/0 [일봉]
015760  한국전력      40,500    0.0    +0.0%    0.0x     중간  3.00  2pt/0 [일봉]
035720  카카오       40,950   53.5    +0.5%    0.1x     하단  1.30  4pt/0 [5분]
030200  KT        56,700    0.0    +0.0%    0.0x     중간  0.27  0pt/0 [일봉]
003490  대한항공      28,950    0.0    +0.0%    0.0x     중간  4.14  2pt/0 [일봉]
004020  현대제철      36,000    0.0    +0.0%    0.0x     중간  2.54  2pt/0 [일봉]

══════════════════════════════════════════════════
→ 전종목 HOLD
✅ Discord 전송 완료

[10:06] HOLD | KODEX RSI58/+0.9%⬆️ | 보유:카카오(035720) +0.2% | 최고신호 카카오(035720) 4pt/3pt [호가1.3 / RSI54 / MA골든 / BB반등]
💰 예수금 60,361원 | KODEX200 RSI58/+0.6% 상승추세⬆️  | 매수기준 점수3pt↑
📦 보유 카카오(035720) 1주 +0.4%

코드      종목명           가격    RSI     변화율    거래량     BB   호가비  B/S
────────────────────────────────────────────────────────────────────────
[2단계 분석 대상: 035720, 017670, 015760, 403870, 086520, 003490]
011200  HMM       21,500    0.0    +0.0%    0.0x     중간  0.35  0pt/0 [일봉]
015760  한국전력      40,650   26.5    -1.8%    0.3x     중간  5.68  2pt/0 [5분]
035720  카카오       41,000   53.5    +0.5%    0.1x     하단  1.29  3pt/0 [5분]
030200  KT        56,900    0.0    +0.0%    0.0x     중간  0.30  0pt/0 [일봉]
003490  대한항공      28,950    8.6    -3.5%    0.5x     중간  3.36  6pt/0 [5분]
004020  현대제철      36,050    0.0    +0.0%    0.0x     중간  2.08  2pt/0 [일봉]

══════════════════════════════════════════════════
🚫 대한항공(003490) 6pt 차단: chg-3.5%<기준
→ 전종목 HOLD
✅ Discord 전송 완료

[10:08] HOLD | KODEX RSI58/+0.6%⬆️ | 보유:카카오(035720) +0.4% | 최고신호 대한항공(003490) 6pt/3pt [호가3.4★ / 고점돌파★ / 볼륨스파이크★]
💰 예수금 60,361원 | KODEX200 RSI57/+0.4% 상승추세⬆️  | 매수기준 점수3pt↑
📦 보유 카카오(035720) 1주 +0.3%

코드      종목명           가격    RSI     변화율    거래량     BB   호가비  B/S
────────────────────────────────────────────────────────────────────────
[2단계 분석 대상: 035720, 017670, 066970, 247540, 003490, 086520]
011200  HMM       21,450    0.0    +0.0%    0.0x     중간  0.49  0pt/0 [일봉]
015760  한국전력      40,700    0.0    +0.0%    0.0x     중간  2.26  2pt/0 [일봉]
035720  카카오       40,950   52.4    +0.4%    0.1x     하단  1.30  4pt/0 [5분]
030200  KT        56,900    0.0    +0.0%    0.0x     중간  0.35  0pt/0 [일봉]
003490  대한항공      28,850   16.9    -4.0%    0.5x     중간  3.96  2pt/0 [5분]
004020  현대제철      36,050    0.0    +0.0%    0.0x     중간  1.61  1pt/0 [일봉]

══════════════════════════════════════════════════
→ 전종목 HOLD
✅ Discord 전송 완료

[10:10] HOLD | KODEX RSI57/+0.4%⬆️ | 보유:카카오(035720) +0.3% | 최고신호 카카오(035720) 4pt/3pt [호가1.3 / RSI52 / MA골든 / BB반등]
💰 예수금 60,361원 | KODEX200 RSI58/+0.6% 상승추세⬆️  | 매수기준 점수3pt↑
📦 보유 카카오(035720) 1주 -0.1%

코드      종목명           가격    RSI     변화율    거래량     BB   호가비  B/S
────────────────────────────────────────────────────────────────────────
[2단계 분석 대상: 035720, 017670, 015760, 086520, 003490, 247540]
011200  HMM       21,400    0.0    +0.0%    0.0x     중간  0.47  0pt/0 [일봉]
015760  한국전력      40,650   24.1    -1.8%    0.3x     중간  4.74  2pt/0 [5분]
035720  카카오       40,850   52.4    +0.2%    0.1x     하단  1.82  4pt/0 [5분]
030200  KT        56,800    0.0    +0.0%    0.0x     중간  0.38  0pt/0 [일봉]
003490  대한항공      28,850   16.9    -4.0%    0.6x     중간  3.21  2pt/0 [5분]
004020  현대제철      36,050    0.0    +0.0%    0.0x     중간  1.77  1pt/0 [일봉]

══════════════════════════════════════════════════
→ 전종목 HOLD
✅ Discord 전송 완료

[10:12] HOLD | KODEX RSI58/+0.6%⬆️ | 보유:카카오(035720) -0.1% | 최고신호 카카오(035720) 4pt/3pt [호가1.8 / RSI52 / MA골든 / BB반등]
💰 예수금 60,361원 | KODEX200 RSI58/+0.5% 상승추세⬆️  | 매수기준 점수3pt↑
📦 보유 카카오(035720) 1주 -0.1%

코드      종목명           가격    RSI     변화율    거래량     BB   호가비  B/S
────────────────────────────────────────────────────────────────────────
[2단계 분석 대상: 035720, 247540, 010950, 086520, 017670, 096770]
011200  HMM       21,350    0.0    +0.0%    0.0x     중간  0.54  0pt/0 [일봉]
015760  한국전력      40,550    0.0    +0.0%    0.0x     중간  3.94  2pt/0 [일봉]
035720  카카오       40,800   64.9    +0.0%    0.1x     하단  1.92  4pt/0 [5분]
030200  KT        56,700    0.0    +0.0%    0.0x     중간  0.31  0pt/0 [일봉]
003490  대한항공      28,850    0.0    +0.0%    0.0x     중간  3.54  2pt/0 [일봉]
004020  현대제철      35,850    0.0    +0.0%    0.0x     중간  2.15  2pt/0 [일봉]

══════════════════════════════════════════════════
→ 전종목 HOLD
✅ Discord 전송 완료

[10:14] HOLD | KODEX RSI58/+0.5%⬆️ | 보유:카카오(035720) -0.1% | 최고신호 카카오(035720) 4pt/3pt [호가1.9 / RSI65 / MA골든 / BB반등]
💰 예수금 60,361원 | KODEX200 RSI58/+1.0% 상승추세⬆️  | 매수기준 점수3pt↑
📦 보유 카카오(035720) 1주 -0.3%

코드      종목명           가격    RSI     변화율    거래량     BB   호가비  B/S
────────────────────────────────────────────────────────────────────────
[2단계 분석 대상: 035720, 247540, 010950, 086520, 329180, 017670]
011200  HMM       21,300    0.0    +0.0%    0.0x     중간  0.58  0pt/0 [일봉]
015760  한국전력      40,500    0.0    +0.0%    0.0x     중간  4.70  2pt/0 [일봉]
035720  카카오       40,700   64.9    -0.2%    0.1x     하단  2.46  4pt/0 [5분]
030200  KT        56,600    0.0    +0.0%    0.0x     중간  0.40  0pt/0 [일봉]
003490  대한항공      28,850    0.0    +0.0%    0.0x     중간  3.45  2pt/0 [일봉]
004020  현대제철      35,800    0.0    +0.0%    0.0x     중간  1.95  1pt/0 [일봉]

══════════════════════════════════════════════════
→ 전종목 HOLD
✅ Discord 전송 완료

[10:16] HOLD | KODEX RSI58/+1.0%⬆️ | 보유:카카오(035720) -0.3% | 최고신호 카카오(035720) 4pt/3pt [호가2.5★ / RSI65 / MA골든]
💰 예수금 60,362원 | KODEX200 RSI58/+1.1% 상승추세⬆️  | 매수기준 점수3pt↑
📦 보유 카카오(035720) 1주 -0.4%

코드      종목명           가격    RSI     변화율    거래량     BB   호가비  B/S
────────────────────────────────────────────────────────────────────────
[2단계 분석 대상: 035720, 247540, 096770, 017670, 015760, 329180]
011200  HMM       21,200    0.0    +0.0%    0.0x     중간  0.89  0pt/0 [일봉]
015760  한국전력      40,450   24.1    -2.3%    0.4x     중간  5.18  2pt/0 [5분]
035720  카카오       40,700   64.9    -0.1%    0.1x     하단  2.47  4pt/0 [5분]
030200  KT        56,600    0.0    +0.0%    0.0x     중간  0.44  0pt/0 [일봉]
003490  대한항공      28,850    0.0    +0.0%    0.0x     중간  3.72  2pt/0 [일봉]
004020  현대제철      35,800    0.0    +0.0%    0.0x     중간  2.94  2pt/0 [일봉]

══════════════════════════════════════════════════
→ 전종목 HOLD
✅ Discord 전송 완료

[10:18] HOLD | KODEX RSI58/+1.1%⬆️ | 보유:카카오(035720) -0.4% | 최고신호 카카오(035720) 4pt/3pt [호가2.5★ / RSI65 / MA골든]
💰 예수금 60,361원 | KODEX200 RSI58/+0.9% 상승추세⬆️  | 매수기준 점수3pt↑
📦 보유 카카오(035720) 1주 -0.3%

코드      종목명           가격    RSI     변화율    거래량     BB   호가비  B/S
────────────────────────────────────────────────────────────────────────
[2단계 분석 대상: 035720, 247540, 017670, 010950, 015760, 003490]
011200  HMM       21,350    0.0    +0.0%    0.0x     중간  0.45  0pt/0 [일봉]
015760  한국전력      40,450   23.9    -2.4%    0.4x     중간  5.03  2pt/0 [5분]
035720  카카오       40,700   63.9    -0.1%    0.1x     하단  2.43  4pt/0 [5분]
030200  KT        56,700    0.0    +0.0%    0.0x     중간  0.36  0pt/0 [일봉]
003490  대한항공      28,850   15.0    -3.8%    0.6x     중간  3.56  2pt/0 [5분]
004020  현대제철      35,800    0.0    +0.0%    0.0x     중간  2.41  2pt/0 [일봉]

══════════════════════════════════════════════════
→ 전종목 HOLD
✅ Discord 전송 완료

[10:20] HOLD | KODEX RSI58/+0.9%⬆️ | 보유:카카오(035720) -0.3% | 최고신호 카카오(035720) 4pt/3pt [호가2.4★ / RSI64 / MA골든]
💰 예수금 60,362원 | KODEX200 RSI58/+1.1% 상승추세⬆️  | 매수기준 점수3pt↑
📦 보유 카카오(035720) 1주 -0.4%

코드      종목명           가격    RSI     변화율    거래량     BB   호가비  B/S
────────────────────────────────────────────────────────────────────────
[2단계 분석 대상: 035720, 017670, 015760, 096770, 003490, 329180]
011200  HMM       21,500    0.0    +0.0%    0.0x     중간  0.23  0pt/0 [일봉]
015760  한국전력      40,450   23.9    -2.3%    0.4x     중간  5.62  2pt/0 [5분]
035720  카카오       40,700   63.9    -0.2%    0.1x     하단  2.36  4pt/0 [5분]
030200  KT        56,500    0.0    +0.0%    0.0x     중간  0.51  0pt/0 [일봉]
003490  대한항공      28,850   15.0    -4.0%    0.6x     중간  4.14  2pt/0 [5분]
004020  현대제철      35,800    0.0    +0.0%    0.0x     중간  2.22  2pt/0 [일봉]

══════════════════════════════════════════════════
→ 전종목 HOLD
✅ Discord 전송 완료

[10:22] HOLD | KODEX RSI58/+1.1%⬆️ | 보유:카카오(035720) -0.4% | 최고신호 카카오(035720) 4pt/3pt [호가2.4★ / RSI64 / MA골든]
💰 예수금 60,361원 | KODEX200 RSI58/+1.1% 상승추세⬆️  | 매수기준 점수3pt↑
📦 보유 카카오(035720) 1주 -0.3%

코드      종목명           가격    RSI     변화율    거래량     BB   호가비  B/S
────────────────────────────────────────────────────────────────────────
[2단계 분석 대상: 035720, 015760, 017670, 329180, 247540, 086520]
011200  HMM       21,600    0.0    +0.0%    0.0x     중간  0.18  0pt/0 [일봉]
015760  한국전력      40,500   25.0    -2.3%    0.4x     중간  8.00  3pt/0 [5분]
035720  카카오       40,700   66.7    -0.2%    0.1x     하단  2.31  4pt/0 [5분]
030200  KT        56,600    0.0    +0.0%    0.0x     중간  0.51  0pt/0 [일봉]
003490  대한항공      28,900    0.0    +0.0%    0.0x     중간  3.28  2pt/0 [일봉]
004020  현대제철      35,850    0.0    +0.0%    0.0x     중간  2.04  2pt/0 [일봉]

══════════════════════════════════════════════════
🚫 한국전력(015760) 3pt 차단: chg-2.3%<기준
→ 전종목 HOLD
✅ Discord 전송 완료

[10:24] HOLD | KODEX RSI58/+1.1%⬆️ | 보유:카카오(035720) -0.3% | 최고신호 카카오(035720) 4pt/3pt [호가2.3★ / 연속상승 / MA골든]
💰 예수금 60,361원 | KODEX200 RSI58/+0.9% 상승추세⬆️  | 매수기준 점수3pt↑
📦 보유 카카오(035720) 1주 -0.3%

코드      종목명           가격    RSI     변화율    거래량     BB   호가비  B/S
────────────────────────────────────────────────────────────────────────
[2단계 분석 대상: 035720, 017670, 086520, 329180, 247540, 015760]
011200  HMM       21,550    0.0    +0.0%    0.0x     중간  0.17  0pt/0 [일봉]
015760  한국전력      40,400   25.0    -2.5%    0.4x     중간  4.38  3pt/0 [5분]
035720  카카오       40,700   66.7    -0.2%    0.2x     하단  2.09  4pt/0 [5분]
030200  KT        56,500    0.0    +0.0%    0.0x     중간  0.51  0pt/0 [일봉]
003490  대한항공      28,900    0.0    +0.0%    0.0x     중간  3.21  2pt/0 [일봉]
004020  현대제철      35,800    0.0    +0.0%    0.0x     중간  1.63  1pt/0 [일봉]

══════════════════════════════════════════════════
🚫 한국전력(015760) 3pt 차단: chg-2.5%<기준
→ 전종목 HOLD
✅ Discord 전송 완료

[10:26] HOLD | KODEX RSI58/+0.9%⬆️ | 보유:카카오(035720) -0.3% | 최고신호 카카오(035720) 4pt/3pt [호가2.1★ / 연속상승 / MA골든]
💰 예수금 60,362원 | KODEX200 RSI58/+1.1% 상승추세⬆️  | 매수기준 점수3pt↑
📦 보유 카카오(035720) 1주 -0.4%

코드      종목명           가격    RSI     변화율    거래량     BB   호가비  B/S
────────────────────────────────────────────────────────────────────────
[2단계 분석 대상: 035720, 247540, 015760, 017670, 086520, 329180]
011200  HMM       21,500    0.0    +0.0%    0.0x     중간  0.28  0pt/0 [일봉]
015760  한국전력      40,400   25.0    -2.5%    0.4x     중간  7.43  3pt/0 [5분]
035720  카카오       40,650   66.7    -0.4%    0.2x     하단  2.01  4pt/0 [5분]
030200  KT        56,500    0.0    +0.0%    0.0x     중간  0.49  0pt/0 [일봉]
003490  대한항공      28,850    0.0    +0.0%    0.0x     중간  3.50  2pt/0 [일봉]
004020  현대제철      35,750    0.0    +0.0%    0.0x     중간  1.68  1pt/0 [일봉]

══════════════════════════════════════════════════
🚫 한국전력(015760) 3pt 차단: chg-2.5%<기준
→ 전종목 HOLD
✅ Discord 전송 완료

[10:28] HOLD | KODEX RSI58/+1.1%⬆️ | 보유:카카오(035720) -0.4% | 최고신호 카카오(035720) 4pt/3pt [호가2.0★ / 연속상승 / MA골든]
💰 예수금 60,362원 | KODEX200 RSI58/+1.1% 상승추세⬆️  | 매수기준 점수3pt↑
📦 보유 카카오(035720) 1주 -0.6%

코드      종목명           가격    RSI     변화율    거래량     BB   호가비  B/S
────────────────────────────────────────────────────────────────────────
[2단계 분석 대상: 035720, 017670, 247540, 329180, 086520, 003490]
011200  HMM       21,500    0.0    +0.0%    0.0x     중간  0.28  0pt/0 [일봉]
015760  한국전력      40,350    0.0    +0.0%    0.0x     중간  3.61  2pt/0 [일봉]
035720  카카오       40,600   64.7    -0.4%    0.2x     하단  1.85  3pt/0 [5분]
030200  KT        56,500    0.0    +0.0%    0.0x     중간  0.46  0pt/0 [일봉]
003490  대한항공      28,850   14.5    -3.8%    0.6x     중간  3.76  2pt/0 [5분]
004020  현대제철      35,850    0.0    +0.0%    0.0x     중간  1.82  1pt/0 [일봉]

══════════════════════════════════════════════════
→ 전종목 HOLD
✅ Discord 전송 완료

[10:30] HOLD | KODEX RSI58/+1.1%⬆️ | 보유:카카오(035720) -0.6% | 최고신호 카카오(035720) 3pt/3pt [호가1.9 / RSI65 / MA골든]
💰 예수금 60,362원 | KODEX200 RSI58/+1.3% 상승추세⬆️  | 매수기준 점수3pt↑
📦 보유 카카오(035720) 1주 -0.6%

코드      종목명           가격    RSI     변화율    거래량     BB   호가비  B/S
────────────────────────────────────────────────────────────────────────
[2단계 분석 대상: 035720, 247540, 017670, 015760, 329180, 086520]
011200  HMM       21,650    0.0    +0.0%    0.0x     중간  0.17  0pt/0 [일봉]
015760  한국전력      40,400   20.0    -2.4%    0.4x     중간  5.58  2pt/0 [5분]
035720  카카오       40,600   64.7    -0.4%    0.2x     하단  1.66  3pt/0 [5분]
030200  KT        56,600    0.0    +0.0%    0.0x     중간  0.43  0pt/0 [일봉]
003490  대한항공      28,900    0.0    +0.0%    0.0x     중간  3.48  2pt/0 [일봉]
004020  현대제철      35,900    0.0    +0.0%    0.0x     중간  1.91  1pt/0 [일봉]

══════════════════════════════════════════════════
→ 전종목 HOLD
✅ Discord 전송 완료

[10:32] HOLD | KODEX RSI58/+1.3%⬆️ | 보유:카카오(035720) -0.6% | 최고신호 카카오(035720) 3pt/3pt [호가1.7 / RSI65 / MA골든]
💰 예수금 60,362원 | KODEX200 RSI58/+1.2% 상승추세⬆️  | 매수기준 점수3pt↑
📦 보유 카카오(035720) 1주 -0.6%

코드      종목명           가격    RSI     변화율    거래량     BB   호가비  B/S
────────────────────────────────────────────────────────────────────────
[2단계 분석 대상: 035720, 247540, 086520, 017670, 000150, 015760]
011200  HMM       21,700    0.0    +0.0%    0.0x     중간  0.19  0pt/0 [일봉]
015760  한국전력      40,400    5.0    -2.4%    0.4x     중간  4.28  4pt/0 [5분]
035720  카카오       40,600   62.5    -0.4%    0.2x     하단  2.04  5pt/0 [5분]
030200  KT        56,700    0.0    +0.0%    0.0x     중간  0.30  0pt/0 [일봉]
003490  대한항공      28,950    0.0    +0.0%    0.0x     중간  3.35  2pt/0 [일봉]
004020  현대제철      35,850    0.0    +0.0%    0.0x     중간  1.57  1pt/0 [일봉]

══════════════════════════════════════════════════
🚫 한국전력(015760) 4pt 차단: chg-2.4%<기준
→ 전종목 HOLD
✅ Discord 전송 완료

[10:34] HOLD | KODEX RSI58/+1.2%⬆️ | 보유:카카오(035720) -0.6% | 최고신호 카카오(035720) 5pt/3pt [호가2.0★ / RSI62 / 볼륨급증 / MA골든]
💰 예수금 60,362원 | KODEX200 RSI58/+1.2% 상승추세⬆️  | 매수기준 점수3pt↑
📦 보유 카카오(035720) 1주 -0.4%

코드      종목명           가격    RSI     변화율    거래량     BB   호가비  B/S
────────────────────────────────────────────────────────────────────────
[2단계 분석 대상: 035720, 247540, 017670, 105560, 086520, 000150]
011200  HMM       21,650    0.0    +0.0%    0.0x     중간  0.21  0pt/0 [일봉]
015760  한국전력      40,350    0.0    +0.0%    0.0x     중간  4.44  2pt/0 [일봉]
035720  카카오       40,650   62.5    -0.4%    0.2x     하단  2.90  5pt/0 [5분]
030200  KT        56,700    0.0    +0.0%    0.0x     중간  0.41  0pt/0 [일봉]
003490  대한항공      29,000    0.0    +0.0%    0.0x     중간  2.72  2pt/0 [일봉]
004020  현대제철      35,800    0.0    +0.0%    0.0x     중간  1.70  1pt/0 [일봉]

══════════════════════════════════════════════════
→ 전종목 HOLD
✅ Discord 전송 완료

[10:36] HOLD | KODEX RSI58/+1.2%⬆️ | 보유:카카오(035720) -0.4% | 최고신호 카카오(035720) 5pt/3pt [호가2.9★ / RSI62 / 볼륨급증 / MA골든]
💰 예수금 60,362원 | KODEX200 RSI58/+1.4% 상승추세⬆️  | 매수기준 점수3pt↑
📦 보유 카카오(035720) 1주 -0.6%

코드      종목명           가격    RSI     변화율    거래량     BB   호가비  B/S
────────────────────────────────────────────────────────────────────────
[2단계 분석 대상: 035720, 247540, 017670, 086520, 015760, 000720]
011200  HMM       21,650    0.0    +0.0%    0.0x     중간  0.23  0pt/0 [일봉]
015760  한국전력      40,350    5.0    -2.5%    0.4x     중간  4.73  4pt/0 [5분]
035720  카카오       40,650   62.5    -0.2%    0.2x     하단  2.58  5pt/0 [5분]
030200  KT        56,700    0.0    +0.0%    0.0x     중간  0.31  0pt/0 [일봉]
003490  대한항공      29,000    0.0    +0.0%    0.0x     중간  2.68  2pt/0 [일봉]
004020  현대제철      35,800    0.0    +0.0%    0.0x     중간  1.72  1pt/0 [일봉]

══════════════════════════════════════════════════
🚫 한국전력(015760) 4pt 차단: chg-2.5%<기준
→ 전종목 HOLD
✅ Discord 전송 완료

[10:38] HOLD | KODEX RSI58/+1.4%⬆️ | 보유:카카오(035720) -0.6% | 최고신호 카카오(035720) 5pt/3pt [호가2.6★ / RSI62 / 볼륨급증 / MA골든]
💰 예수금 60,362원 | KODEX200 RSI58/+1.6% 상승추세⬆️  | 매수기준 점수3pt↑
📦 보유 카카오(035720) 1주 -0.6%

코드      종목명           가격    RSI     변화율    거래량     BB   호가비  B/S
────────────────────────────────────────────────────────────────────────
[2단계 분석 대상: 035720, 247540, 017670, 086520, 015760, 096770]
011200  HMM       21,700    0.0    +0.0%    0.0x     중간  0.29  0pt/0 [일봉]
015760  한국전력      40,400    4.9    -2.4%    0.4x     중간  4.95  2pt/0 [5분]
035720  카카오       40,600   64.7    -0.5%    0.2x     하단  2.63  5pt/0 [5분]
030200  KT        56,600    0.0    +0.0%    0.0x     중간  0.43  0pt/0 [일봉]
003490  대한항공      28,950    0.0    +0.0%    0.0x     중간  3.15  2pt/0 [일봉]
004020  현대제철      35,800    0.0    +0.0%    0.0x     중간  1.71  1pt/0 [일봉]

══════════════════════════════════════════════════
→ 전종목 HOLD
✅ Discord 전송 완료

[10:40] HOLD | KODEX RSI58/+1.6%⬆️ | 보유:카카오(035720) -0.6% | 최고신호 카카오(035720) 5pt/3pt [호가2.6★ / RSI65 / 연속상승 / MA골든]
💰 예수금 60,362원 | KODEX200 RSI58/+1.6% 상승추세⬆️  | 매수기준 점수3pt↑
📦 보유 카카오(035720) 1주 -0.6%

코드      종목명           가격    RSI     변화율    거래량     BB   호가비  B/S
────────────────────────────────────────────────────────────────────────
[2단계 분석 대상: 035720, 247540, 017670, 086520, 015760, 003490]
011200  HMM       21,750    0.0    +0.0%    0.0x     중간  0.28  0pt/0 [일봉]
015760  한국전력      40,350    4.9    -2.6%    0.4x     중간  4.99  2pt/0 [5분]
035720  카카오       40,600   64.7    -0.6%    0.2x     하단  2.14  5pt/0 [5분]
030200  KT        56,500    0.0    +0.0%    0.0x     중간  0.51  0pt/0 [일봉]
003490  대한항공      29,000   12.7    -3.5%    0.7x     중간  2.73  2pt/0 [5분]
004020  현대제철      35,750    0.0    +0.0%    0.0x     중간  1.66  1pt/0 [일봉]

══════════════════════════════════════════════════
→ 전종목 HOLD
✅ Discord 전송 완료

[10:42] HOLD | KODEX RSI58/+1.6%⬆️ | 보유:카카오(035720) -0.6% | 최고신호 카카오(035720) 5pt/3pt [호가2.1★ / RSI65 / 연속상승 / MA골든]
💰 예수금 60,362원 | KODEX200 RSI58/+1.5% 상승추세⬆️  | 매수기준 점수3pt↑
📦 보유 카카오(035720) 1주 -0.8%

코드      종목명           가격    RSI     변화율    거래량     BB   호가비  B/S
────────────────────────────────────────────────────────────────────────
[2단계 분석 대상: 035720, 247540, 017670, 000150, 086520, 015760]
011200  HMM       21,750    0.0    +0.0%    0.0x     중간  0.21  0pt/0 [일봉]
015760  한국전력      40,350   17.5    -2.5%    0.4x     하단  5.30  4pt/0 [5분]
035720  카카오       40,550   58.6    -0.5%    0.2x     하단  2.08  6pt/0 [5분]
030200  KT        56,500    0.0    +0.0%    0.0x     중간  0.49  0pt/0 [일봉]
003490  대한항공      29,000    0.0    +0.0%    0.0x     중간  2.85  2pt/0 [일봉]
004020  현대제철      35,750    0.0    +0.0%    0.0x     중간  1.68  1pt/0 [일봉]

══════════════════════════════════════════════════
🚫 한국전력(015760) 4pt 차단: chg-2.5%<기준
→ 전종목 HOLD
✅ Discord 전송 완료

[10:44] HOLD | KODEX RSI58/+1.5%⬆️ | 보유:카카오(035720) -0.8% | 최고신호 카카오(035720) 6pt/3pt [호가2.1★ / RSI59 / 볼륨스파이크★ / MA골든]
💰 예수금 60,362원 | KODEX200 RSI58/+1.5% 상승추세⬆️  | 매수기준 점수3pt↑
📦 보유 카카오(035720) 1주 -0.8%

코드      종목명           가격    RSI     변화율    거래량     BB   호가비  B/S
────────────────────────────────────────────────────────────────────────
[2단계 분석 대상: 035720, 247540, 086520, 017670, 015760, 000150]
011200  HMM       21,800    0.0    +0.0%    0.0x     중간  0.20  0pt/0 [일봉]
015760  한국전력      40,350   17.5    -2.7%    0.4x     하단  5.03  4pt/0 [5분]
035720  카카오       40,600   58.6    -0.5%    0.2x     하단  1.94  5pt/0 [5분]
030200  KT        56,600    0.0    +0.0%    0.0x     중간  0.41  0pt/0 [일봉]
003490  대한항공      29,050    0.0    +0.0%    0.0x     중간  1.55  1pt/0 [일봉]
004020  현대제철      35,750    0.0    +0.0%    0.0x     중간  2.09  2pt/0 [일봉]

══════════════════════════════════════════════════
🚫 한국전력(015760) 4pt 차단: chg-2.7%<기준
→ 전종목 HOLD
✅ Discord 전송 완료

[10:46] HOLD | KODEX RSI58/+1.5%⬆️ | 보유:카카오(035720) -0.8% | 최고신호 카카오(035720) 5pt/3pt [호가1.9 / RSI59 / 볼륨스파이크★ / MA골든]
💰 예수금 60,362원 | KODEX200 RSI59/+1.8% 상승추세⬆️  | 매수기준 점수3pt↑
📦 보유 카카오(035720) 1주 -0.7%

코드      종목명           가격    RSI     변화율    거래량     BB   호가비  B/S
────────────────────────────────────────────────────────────────────────
[2단계 분석 대상: 035720, 247540, 000150, 017670, 272210, 015760]
011200  HMM       21,800    0.0    +0.0%    0.0x     중간  0.21  0pt/0 [일봉]
015760  한국전력      40,350   17.5    -2.7%    0.4x     하단  4.27  4pt/0 [5분]
035720  카카오       40,550   58.6    -0.5%    0.2x     하단  1.80  5pt/0 [5분]
030200  KT        56,600    0.0    +0.0%    0.0x     중간  0.39  0pt/0 [일봉]
003490  대한항공      29,050    0.0    +0.0%    0.0x     중간  1.47  1pt/0 [일봉]
004020  현대제철      35,750    0.0    +0.0%    0.0x     중간  2.17  2pt/0 [일봉]

══════════════════════════════════════════════════
🚫 한국전력(015760) 4pt 차단: chg-2.7%<기준
→ 전종목 HOLD
✅ Discord 전송 완료

[10:48] HOLD | KODEX RSI59/+1.8%⬆️ | 보유:카카오(035720) -0.7% | 최고신호 카카오(035720) 5pt/3pt [호가1.8 / RSI59 / 볼륨스파이크★ / MA골든]
💰 예수금 60,362원 | KODEX200 RSI59/+1.7% 상승추세⬆️  | 매수기준 점수3pt↑
📦 보유 카카오(035720) 1주 -0.6%

코드      종목명           가격    RSI     변화율    거래량     BB   호가비  B/S
────────────────────────────────────────────────────────────────────────
[2단계 분석 대상: 035720, 247540, 017670, 000150, 015760, 105560]
011200  HMM       21,750    0.0    +0.0%    0.0x     중간  0.22  0pt/0 [일봉]
015760  한국전력      40,300   26.3    -2.7%    0.4x     하단  4.10  2pt/0 [5분]
035720  카카오       40,600   55.6    -0.5%    0.2x     하단  2.09  4pt/0 [5분]
030200  KT        56,700    0.0    +0.0%    0.0x     중간  0.41  0pt/0 [일봉]
003490  대한항공      29,000    0.0    +0.0%    0.0x     중간  3.04  2pt/0 [일봉]
004020  현대제철      35,750    0.0    +0.0%    0.0x     중간  2.16  2pt/0 [일봉]

══════════════════════════════════════════════════
→ 전종목 HOLD
✅ Discord 전송 완료

[10:50] HOLD | KODEX RSI59/+1.7%⬆️ | 보유:카카오(035720) -0.6% | 최고신호 카카오(035720) 4pt/3pt [호가2.1★ / RSI56 / MA골든]
💰 예수금 60,362원 | KODEX200 RSI58/+1.7% 상승추세⬆️  | 매수기준 점수3pt↑
📦 보유 카카오(035720) 1주 -0.4%

코드      종목명           가격    RSI     변화율    거래량     BB   호가비  B/S
────────────────────────────────────────────────────────────────────────
[2단계 분석 대상: 035720, 247540, 017670, 096770, 015760, 272210]
011200  HMM       21,750    0.0    +0.0%    0.0x     중간  0.22  0pt/0 [일봉]
015760  한국전력      40,300   26.3    -2.8%    0.4x     하단  4.34  2pt/0 [5분]
035720  카카오       40,650   55.6    -0.4%    0.2x     하단  1.92  3pt/0 [5분]
030200  KT        56,700    0.0    +0.0%    0.0x     중간  0.33  0pt/0 [일봉]
003490  대한항공      28,950    0.0    +0.0%    0.0x     중간  3.11  2pt/0 [일봉]
004020  현대제철      35,750    0.0    +0.0%    0.0x     중간  2.00  2pt/0 [일봉]

══════════════════════════════════════════════════
→ 전종목 HOLD
✅ Discord 전송 완료

[10:52] HOLD | KODEX RSI58/+1.7%⬆️ | 보유:카카오(035720) -0.4% | 최고신호 카카오(035720) 3pt/3pt [호가1.9 / RSI56 / MA골든]
💰 예수금 60,362원 | KODEX200 RSI58/+1.6% 상승추세⬆️  | 매수기준 점수3pt↑
📦 보유 카카오(035720) 1주 -0.6%

코드      종목명           가격    RSI     변화율    거래량     BB   호가비  B/S
────────────────────────────────────────────────────────────────────────
[2단계 분석 대상: 035720, 247540, 017670, 086520, 096770, 000150]
011200  HMM       21,700    0.0    +0.0%    0.0x     중간  0.27  0pt/0 [일봉]
015760  한국전력      40,300    0.0    +0.0%    0.0x     중간  4.27  2pt/0 [일봉]
035720  카카오       40,600   62.5    -0.4%    0.2x     하단  2.00  5pt/0 [5분]
030200  KT        56,700    0.0    +0.0%    0.0x     중간  0.35  0pt/0 [일봉]
003490  대한항공      28,950    0.0    +0.0%    0.0x     중간  3.32  2pt/0 [일봉]
004020  현대제철      35,650    0.0    +0.0%    0.0x     중간  1.79  1pt/0 [일봉]

══════════════════════════════════════════════════
→ 전종목 HOLD
✅ Discord 전송 완료

[10:54] HOLD | KODEX RSI58/+1.6%⬆️ | 보유:카카오(035720) -0.6% | 최고신호 카카오(035720) 5pt/3pt [호가2.0★ / RSI62 / 볼륨급증 / MA골든]
💰 예수금 60,362원 | KODEX200 RSI58/+1.6% 상승추세⬆️  | 매수기준 점수3pt↑
📦 보유 카카오(035720) 1주 -0.7%

코드      종목명           가격    RSI     변화율    거래량     BB   호가비  B/S
────────────────────────────────────────────────────────────────────────
[2단계 분석 대상: 035720, 247540, 096770, 015760, 272210, 000150]
011200  HMM       21,750    0.0    +0.0%    0.0x     중간  0.26  0pt/0 [일봉]
015760  한국전력      40,300   31.4    -2.8%    0.4x     하단  3.84  2pt/0 [5분]
035720  카카오       40,650   62.5    -0.4%    0.2x     하단  2.22  5pt/0 [5분]
030200  KT        56,700    0.0    +0.0%    0.0x     중간  0.36  0pt/0 [일봉]
003490  대한항공      28,950    0.0    +0.0%    0.0x     중간  3.08  2pt/0 [일봉]
004020  현대제철      35,650    0.0    +0.0%    0.0x     중간  1.72  1pt/0 [일봉]

══════════════════════════════════════════════════
→ 전종목 HOLD
✅ Discord 전송 완료

[10:56] HOLD | KODEX RSI58/+1.6%⬆️ | 보유:카카오(035720) -0.7% | 최고신호 카카오(035720) 5pt/3pt [호가2.2★ / RSI62 / 볼륨급증 / MA골든]
💰 예수금 60,362원 | KODEX200 RSI58/+1.7% 상승추세⬆️  | 매수기준 점수3pt↑
📦 보유 카카오(035720) 1주 -0.4%

코드      종목명           가격    RSI     변화율    거래량     BB   호가비  B/S
────────────────────────────────────────────────────────────────────────
[2단계 분석 대상: 035720, 247540, 096770, 017670, 015760, 000150]
011200  HMM       21,800    0.0    +0.0%    0.0x     중간  0.20  0pt/0 [일봉]
015760  한국전력      40,300   31.4    -2.5%    0.4x     하단  3.78  2pt/0 [5분]
035720  카카오       40,700   62.5    -0.2%    0.2x     하단  2.05  5pt/0 [5분]
030200  KT        56,700    0.0    +0.0%    0.0x     중간  0.33  0pt/0 [일봉]
003490  대한항공      28,950    0.0    +0.0%    0.0x     중간  3.00  2pt/0 [일봉]
004020  현대제철      35,650    0.0    +0.0%    0.0x     중간  1.98  1pt/0 [일봉]

══════════════════════════════════════════════════
→ 전종목 HOLD
✅ Discord 전송 완료

[10:58] HOLD | KODEX RSI58/+1.7%⬆️ | 보유:카카오(035720) -0.4% | 최고신호 카카오(035720) 5pt/3pt [호가2.0★ / RSI62 / 볼륨급증 / MA골든]
💰 예수금 60,361원 | KODEX200 RSI58/+1.6% 상승추세⬆️  | 매수기준 점수3pt↑
📦 보유 카카오(035720) 1주 -0.4%

코드      종목명           가격    RSI     변화율    거래량     BB   호가비  B/S
────────────────────────────────────────────────────────────────────────
[2단계 분석 대상: 035720, 247540, 015760, 000150, 096770, 272210]
011200  HMM       21,750    0.0    +0.0%    0.0x     중간  0.24  0pt/0 [일봉]
015760  한국전력      40,350   33.3    -2.5%    0.4x     하단  5.64  2pt/0 [5분]
035720  카카오       40,700   68.2    -0.1%    0.2x     하단  1.99  2pt/0 [5분]
030200  KT        56,800    0.0    +0.0%    0.0x     중간  0.33  0pt/0 [일봉]
003490  대한항공      29,100    0.0    +0.0%    0.0x     중간  1.26  0pt/0 [일봉]
004020  현대제철      35,850    0.0    +0.0%    0.0x     중간  1.67  1pt/0 [일봉]

══════════════════════════════════════════════════
→ 전종목 HOLD
✅ Discord 전송 완료

[11:00] HOLD | KODEX RSI58/+1.6%⬆️ | 보유:카카오(035720) -0.4% | 최고신호 한국전력(015760) 2pt/3pt [호가5.6★]
💰 예수금 60,361원 | KODEX200 RSI58/+1.4% 상승추세⬆️  | 매수기준 점수3pt↑
📦 보유 카카오(035720) 1주 -0.3%

코드      종목명           가격    RSI     변화율    거래량     BB   호가비  B/S
────────────────────────────────────────────────────────────────────────
[2단계 분석 대상: 035720, 247540, 015760, 272210, 000150, 096770]
011200  HMM       21,800    0.0    +0.0%    0.0x     중간  0.22  0pt/0 [일봉]
015760  한국전력      40,300   33.3    -2.8%    0.4x     하단  6.51  2pt/0 [5분]
035720  카카오       40,700   68.2    -0.2%    0.2x     하단  1.94  2pt/0 [5분]
030200  KT        56,800    0.0    +0.0%    0.0x     중간  0.36  0pt/0 [일봉]
003490  대한항공      29,200    0.0    +0.0%    0.0x     중간  0.70  0pt/0 [일봉]
004020  현대제철      35,850    0.0    +0.0%    0.0x     중간  1.34  1pt/0 [일봉]

══════════════════════════════════════════════════
→ 전종목 HOLD
✅ Discord 전송 완료

[11:02] HOLD | KODEX RSI58/+1.4%⬆️ | 보유:카카오(035720) -0.3% | 최고신호 한국전력(015760) 2pt/3pt [호가6.5★]
💰 예수금 60,361원 | KODEX200 RSI58/+1.6% 상승추세⬆️  | 매수기준 점수3pt↑
📦 보유 카카오(035720) 1주 -0.3%

코드      종목명           가격    RSI     변화율    거래량     BB   호가비  B/S
────────────────────────────────────────────────────────────────────────
[2단계 분석 대상: 035720, 247540, 015760, 000150, 272210, 096770]
011200  HMM       21,800    0.0    +0.0%    0.0x     중간  0.21  0pt/0 [일봉]
015760  한국전력      40,350   37.0    -2.7%    0.5x     하단  5.90  2pt/0 [5분]
035720  카카오       40,700   77.3    -0.2%    0.2x     하단  2.09  5pt/0 [5분]
030200  KT        56,800    0.0    +0.0%    0.0x     중간  0.37  0pt/0 [일봉]
003490  대한항공      29,250    0.0    +0.0%    0.0x     중간  0.50  0pt/0 [일봉]
004020  현대제철      35,800    0.0    +0.0%    0.0x     중간  1.40  1pt/0 [일봉]

══════════════════════════════════════════════════
→ 전종목 HOLD
✅ Discord 전송 완료

[11:04] HOLD | KODEX RSI58/+1.6%⬆️ | 보유:카카오(035720) -0.3% | 최고신호 카카오(035720) 5pt/3pt [호가2.1★ / 볼륨스파이크★ / MA골든]
💰 예수금 60,361원 | KODEX200 RSI58/+1.6% 상승추세⬆️  | 매수기준 점수3pt↑
📦 보유 카카오(035720) 1주 -0.3%

코드      종목명           가격    RSI     변화율    거래량     BB   호가비  B/S
────────────────────────────────────────────────────────────────────────
[2단계 분석 대상: 035720, 247540, 015760, 096770, 086520, 403870]
011200  HMM       21,850    0.0    +0.0%    0.0x     중간  0.20  0pt/0 [일봉]
015760  한국전력      40,350   37.0    -2.5%    0.5x     하단  6.46  2pt/0 [5분]
035720  카카오       40,700   77.3    -0.1%    0.2x     하단  1.97  4pt/0 [5분]
030200  KT        56,900    0.0    +0.0%    0.0x     중간  0.29  0pt/0 [일봉]
003490  대한항공      29,400    0.0    +0.0%    0.0x     중간  0.36  0pt/0 [일봉]
004020  현대제철      36,000    0.0    +0.0%    0.0x     중간  1.46  1pt/0 [일봉]

══════════════════════════════════════════════════
→ 전종목 HOLD
✅ Discord 전송 완료

[11:06] HOLD | KODEX RSI58/+1.6%⬆️ | 보유:카카오(035720) -0.3% | 최고신호 카카오(035720) 4pt/3pt [호가2.0 / 볼륨스파이크★ / MA골든]
💰 예수금 60,361원 | KODEX200 RSI59/+1.8% 상승추세⬆️  | 매수기준 점수3pt↑
📦 보유 카카오(035720) 1주 -0.3%

코드      종목명           가격    RSI     변화율    거래량     BB   호가비  B/S
────────────────────────────────────────────────────────────────────────
[2단계 분석 대상: 035720, 247540, 015760, 086520, 403870, 096770]
011200  HMM       21,800    0.0    +0.0%    0.0x     중간  0.23  0pt/0 [일봉]
015760  한국전력      40,500   37.0    -2.3%    0.5x     하단  7.36  2pt/0 [5분]
035720  카카오       40,700   77.3    -0.2%    0.2x     하단  1.87  4pt/0 [5분]
030200  KT        56,900    0.0    +0.0%    0.0x     중간  0.29  0pt/0 [일봉]
003490  대한항공      29,350    0.0    +0.0%    0.0x     중간  0.30  0pt/0 [일봉]
004020  현대제철      36,100    0.0    +0.0%    0.0x     중간  1.98  1pt/0 [일봉]

══════════════════════════════════════════════════
→ 전종목 HOLD
✅ Discord 전송 완료

[11:08] HOLD | KODEX RSI59/+1.8%⬆️ | 보유:카카오(035720) -0.3% | 최고신호 카카오(035720) 4pt/3pt [호가1.9 / 볼륨스파이크★ / MA골든]
💰 예수금 60,361원 | KODEX200 RSI59/+1.8% 상승추세⬆️  | 매수기준 점수3pt↑
📦 보유 카카오(035720) 1주 -0.4%

코드      종목명           가격    RSI     변화율    거래량     BB   호가비  B/S
────────────────────────────────────────────────────────────────────────
[2단계 분석 대상: 035720, 247540, 403870, 015760, 086520, 000720]
011200  HMM       21,750    0.0    +0.0%    0.0x     중간  0.25  0pt/0 [일봉]
015760  한국전력      40,350   31.0    -2.7%    0.5x     하단  7.83  2pt/0 [5분]
035720  카카오       40,650   73.7    -0.4%    0.2x     하단  1.68  2pt/0 [5분]
030200  KT        56,900    0.0    +0.0%    0.0x     중간  0.27  0pt/0 [일봉]
003490  대한항공      29,500    0.0    +0.0%    0.0x     중간  0.26  0pt/0 [일봉]
004020  현대제철      36,050    0.0    +0.0%    0.0x     중간  1.32  1pt/0 [일봉]

══════════════════════════════════════════════════
→ 전종목 HOLD
✅ Discord 전송 완료

[11:10] HOLD | KODEX RSI59/+1.8%⬆️ | 보유:카카오(035720) -0.4% | 최고신호 한국전력(015760) 2pt/3pt [호가7.8★]
💰 예수금 60,362원 | KODEX200 RSI59/+1.9% 상승추세⬆️  | 매수기준 점수3pt↑
📦 보유 카카오(035720) 1주 -0.6%

코드      종목명           가격    RSI     변화율    거래량     BB   호가비  B/S
────────────────────────────────────────────────────────────────────────
[2단계 분석 대상: 035720, 247540, 015760, 086520, 096770, 403870]
011200  HMM       21,750    0.0    +0.0%    0.0x     중간  0.23  0pt/0 [일봉]
015760  한국전력      40,400   31.0    -2.4%    0.5x     하단  7.52  2pt/0 [5분]
035720  카카오       40,650   73.7    -0.2%    0.2x     하단  1.59  2pt/0 [5분]
030200  KT        56,900    0.0    +0.0%    0.0x     중간  0.34  0pt/0 [일봉]
003490  대한항공      29,500    0.0    +0.0%    0.0x     중간  0.32  0pt/0 [일봉]
004020  현대제철      36,000    0.0    +0.0%    0.0x     중간  1.90  1pt/0 [일봉]

══════════════════════════════════════════════════
→ 전종목 HOLD
✅ Discord 전송 완료

[11:12] HOLD | KODEX RSI59/+1.9%⬆️ | 보유:카카오(035720) -0.6% | 최고신호 한국전력(015760) 2pt/3pt [호가7.5★]
💰 예수금 60,362원 | KODEX200 RSI59/+1.8% 상승추세⬆️  | 매수기준 점수3pt↑
📦 보유 카카오(035720) 1주 -0.5%

코드      종목명           가격    RSI     변화율    거래량     BB   호가비  B/S
────────────────────────────────────────────────────────────────────────
[2단계 분석 대상: 035720, 247540, 403870, 015760, 086520, 066970]
011200  HMM       21,750    0.0    +0.0%    0.0x     중간  0.19  0pt/0 [일봉]
015760  한국전력      40,300   35.1    -2.8%    0.5x     하단  7.58  2pt/0 [5분]
035720  카카오       40,650   87.5    -0.4%    0.2x     하단  1.96  3pt/0 [5분]
030200  KT        56,900    0.0    +0.0%    0.0x     중간  0.34  0pt/0 [일봉]
003490  대한항공      29,600    0.0    +0.0%    0.0x     중간  0.18  0pt/0 [일봉]
004020  현대제철      36,050    0.0    +0.0%    0.0x     중간  1.38  1pt/0 [일봉]

══════════════════════════════════════════════════
→ 전종목 HOLD
✅ Discord 전송 완료

[11:14] HOLD | KODEX RSI59/+1.8%⬆️ | 보유:카카오(035720) -0.5% | 최고신호 카카오(035720) 3pt/3pt [호가2.0 / 연속상승 / MA골든]
💰 예수금 60,362원 | KODEX200 RSI59/+1.9% 상승추세⬆️  | 매수기준 점수3pt↑
📦 보유 카카오(035720) 1주 -0.4%

코드      종목명           가격    RSI     변화율    거래량     BB   호가비  B/S
────────────────────────────────────────────────────────────────────────
[2단계 분석 대상: 035720, 247540, 403870, 015760, 086520, 066970]
011200  HMM       21,700    0.0    +0.0%    0.0x     중간  0.23  0pt/0 [일봉]
015760  한국전력      40,350   35.1    -2.5%    0.5x     하단  7.26  2pt/0 [5분]
035720  카카오       40,650   87.5    -0.4%    0.2x     하단  1.69  3pt/0 [5분]
030200  KT        56,700    0.0    +0.0%    0.0x     중간  0.34  0pt/0 [일봉]
003490  대한항공      29,600    0.0    +0.0%    0.0x     중간  0.18  0pt/0 [일봉]
004020  현대제철      36,000    0.0    +0.0%    0.0x     중간  2.21  2pt/0 [일봉]

══════════════════════════════════════════════════
→ 전종목 HOLD
✅ Discord 전송 완료

[11:16] HOLD | KODEX RSI59/+1.9%⬆️ | 보유:카카오(035720) -0.4% | 최고신호 카카오(035720) 3pt/3pt [호가1.7 / 연속상승 / MA골든]
💰 예수금 60,362원 | KODEX200 RSI59/+2.0% 상승추세⬆️  | 매수기준 점수3pt↑
📦 보유 카카오(035720) 1주 -0.6%

코드      종목명           가격    RSI     변화율    거래량     BB   호가비  B/S
────────────────────────────────────────────────────────────────────────
[2단계 분석 대상: 035720, 247540, 015760, 403870, 086520, 096770]
011200  HMM       21,750    0.0    +0.0%    0.0x     중간  0.17  0pt/0 [일봉]
015760  한국전력      40,450   35.1    -2.5%    0.5x     하단  8.60  2pt/0 [5분]
035720  카카오       40,650   87.5    -0.4%    0.2x     하단  1.64  3pt/0 [5분]
030200  KT        56,800    0.0    +0.0%    0.0x     중간  0.37  0pt/0 [일봉]
003490  대한항공      29,600    0.0    +0.0%    0.0x     중간  0.19  0pt/0 [일봉]
004020  현대제철      36,200    0.0    +0.0%    0.0x     중간  0.98  0pt/0 [일봉]

══════════════════════════════════════════════════
→ 전종목 HOLD
✅ Discord 전송 완료

[11:18] HOLD | KODEX RSI59/+2.0%⬆️ | 보유:카카오(035720) -0.6% | 최고신호 카카오(035720) 3pt/3pt [호가1.6 / 연속상승 / MA골든]
💰 예수금 60,361원 | KODEX200 RSI59/+2.0% 상승추세⬆️  | 매수기준 점수3pt↑
📦 보유 카카오(035720) 1주 -0.2%

코드      종목명           가격    RSI     변화율    거래량     BB   호가비  B/S
────────────────────────────────────────────────────────────────────────
[2단계 분석 대상: 035720, 015760, 403870, 247540, 066970, 003670]
011200  HMM       21,700    0.0    +0.0%    0.0x     중간  0.22  0pt/0 [일봉]
015760  한국전력      40,400   43.6    -2.4%    0.5x     하단  8.73  2pt/0 [5분]
035720  카카오       40,700   68.8    -0.2%    0.2x     하단  2.08  4pt/0 [5분]
030200  KT        56,700    0.0    +0.0%    0.0x     중간  0.36  0pt/0 [일봉]
003490  대한항공      29,650    0.0    +0.0%    0.0x     중간  0.21  0pt/0 [일봉]
004020  현대제철      36,150    0.0    +0.0%    0.0x     중간  1.13  0pt/0 [일봉]

══════════════════════════════════════════════════
→ 전종목 HOLD
✅ Discord 전송 완료

[11:20] HOLD | KODEX RSI59/+2.0%⬆️ | 보유:카카오(035720) -0.2% | 최고신호 카카오(035720) 4pt/3pt [호가2.1★ / 연속상승 / MA골든]
💰 예수금 60,362원 | KODEX200 RSI59/+2.1% 상승추세⬆️  | 매수기준 점수3pt↑
📦 보유 카카오(035720) 1주 -0.4%

코드      종목명           가격    RSI     변화율    거래량     BB   호가비  B/S
────────────────────────────────────────────────────────────────────────
[2단계 분석 대상: 035720, 015760, 247540, 403870, 086520, 003670]
011200  HMM       21,700    0.0    +0.0%    0.0x     중간  0.23  0pt/0 [일봉]
015760  한국전력      40,450   43.6    -2.0%    0.5x     하단  9.48  2pt/0 [5분]
035720  카카오       40,700   68.8    -0.2%    0.2x     하단  2.03  4pt/0 [5분]
030200  KT        56,700    0.0    +0.0%    0.0x     중간  0.38  0pt/0 [일봉]
003490  대한항공      29,600    0.0    +0.0%    0.0x     중간  0.23  0pt/0 [일봉]
004020  현대제철      36,200    0.0    +0.0%    0.0x     중간  1.02  0pt/0 [일봉]

══════════════════════════════════════════════════
→ 전종목 HOLD
✅ Discord 전송 완료

[11:22] HOLD | KODEX RSI59/+2.1%⬆️ | 보유:카카오(035720) -0.4% | 최고신호 카카오(035720) 4pt/3pt [호가2.0★ / 연속상승 / MA골든]
💰 예수금 60,362원 | KODEX200 RSI59/+2.3% 상승추세⬆️  | 매수기준 점수3pt↑
📦 보유 카카오(035720) 1주 -0.4%

코드      종목명           가격    RSI     변화율    거래량     BB   호가비  B/S
────────────────────────────────────────────────────────────────────────
[2단계 분석 대상: 035720, 086520, 403870, 015760, 247540, 066970]
011200  HMM       21,700    0.0    +0.0%    0.0x     중간  0.24  0pt/0 [일봉]
015760  한국전력      40,450   48.6    -2.3%    0.5x     하단  6.10  4pt/0 [5분]
035720  카카오       40,700   68.8    -0.2%    0.2x     하단  2.28  4pt/0 [5분]
030200  KT        56,700    0.0    +0.0%    0.0x     중간  0.37  0pt/0 [일봉]
003490  대한항공      29,600    0.0    +0.0%    0.0x     중간  0.20  0pt/0 [일봉]
004020  현대제철      36,150    0.0    +0.0%    0.0x     중간  0.87  0pt/0 [일봉]

══════════════════════════════════════════════════
🚫 한국전력(015760) 4pt 차단: chg-2.3%<기준
→ 전종목 HOLD
✅ Discord 전송 완료

[11:24] HOLD | KODEX RSI59/+2.3%⬆️ | 보유:카카오(035720) -0.4% | 최고신호 한국전력(015760) 4pt/3pt [호가6.1★ / RSI49 / 볼륨급증]
💰 예수금 60,362원 | KODEX200 RSI59/+2.1% 상승추세⬆️  | 매수기준 점수3pt↑
📦 보유 카카오(035720) 1주 -0.4%

코드      종목명           가격    RSI     변화율    거래량     BB   호가비  B/S
────────────────────────────────────────────────────────────────────────
[2단계 분석 대상: 035720, 015760, 403870, 086520, 066970, 003670]
011200  HMM       21,650    0.0    +0.0%    0.0x     중간  0.24  0pt/0 [일봉]
015760  한국전력      40,450   48.6    -2.3%    0.5x     하단 11.11  4pt/0 [5분]
035720  카카오       40,700   66.7    -0.2%    0.2x     하단  2.12  4pt/0 [5분]
030200  KT        56,700    0.0    +0.0%    0.0x     중간  0.34  0pt/0 [일봉]
003490  대한항공      29,550    0.0    +0.0%    0.0x     중간  0.26  0pt/0 [일봉]
004020  현대제철      36,100    0.0    +0.0%    0.0x     중간  0.97  0pt/0 [일봉]

══════════════════════════════════════════════════
🚫 한국전력(015760) 4pt 차단: chg-2.3%<기준
→ 전종목 HOLD
✅ Discord 전송 완료

[11:26] HOLD | KODEX RSI59/+2.1%⬆️ | 보유:카카오(035720) -0.4% | 최고신호 한국전력(015760) 4pt/3pt [호가11.1★ / RSI49 / 볼륨급증]
💰 예수금 60,362원 | KODEX200 RSI59/+2.1% 상승추세⬆️  | 매수기준 점수3pt↑
📦 보유 카카오(035720) 1주 -0.4%

코드      종목명           가격    RSI     변화율    거래량     BB   호가비  B/S
────────────────────────────────────────────────────────────────────────
[2단계 분석 대상: 035720, 015760, 066970, 086520, 003670, 403870]
011200  HMM       21,700    0.0    +0.0%    0.0x     중간  0.23  0pt/0 [일봉]
015760  한국전력      40,400   48.6    -2.4%    0.5x     하단 10.36  4pt/0 [5분]
035720  카카오       40,700   66.7    -0.2%    0.2x     하단  1.69  3pt/0 [5분]
030200  KT        56,700    0.0    +0.0%    0.0x     중간  0.38  0pt/0 [일봉]
003490  대한항공      29,500    0.0    +0.0%    0.0x     중간  0.46  0pt/0 [일봉]
004020  현대제철      36,050    0.0    +0.0%    0.0x     중간  1.21  0pt/0 [일봉]

══════════════════════════════════════════════════
🚫 한국전력(015760) 4pt 차단: chg-2.4%<기준
→ 전종목 HOLD
✅ Discord 전송 완료

[11:28] HOLD | KODEX RSI59/+2.1%⬆️ | 보유:카카오(035720) -0.4% | 최고신호 한국전력(015760) 4pt/3pt [호가10.4★ / RSI49 / 볼륨급증]
💰 예수금 60,362원 | KODEX200 RSI59/+2.1% 상승추세⬆️  | 매수기준 점수3pt↑
📦 보유 카카오(035720) 1주 -0.6%

코드      종목명           가격    RSI     변화율    거래량     BB   호가비  B/S
────────────────────────────────────────────────────────────────────────
[2단계 분석 대상: 035720, 015760, 000270, 086520, 003670, 004020]
011200  HMM       21,700    0.0    +0.0%    0.0x     중간  0.24  0pt/0 [일봉]
015760  한국전력      40,400   47.2    -2.5%    0.5x     하단  7.88  4pt/0 [5분]
035720  카카오       40,650   66.7    -0.4%    0.2x     하단  1.71  2pt/0 [5분]
030200  KT        56,800    0.0    +0.0%    0.0x     중간  0.38  0pt/0 [일봉]
003490  대한항공      29,500    0.0    +0.0%    0.0x     중간  0.49  0pt/0 [일봉]
004020  현대제철      36,000   36.8    -2.0%    0.3x     중간  2.46  2pt/0 [5분]

══════════════════════════════════════════════════
⏰ 점심시간 (11:30~13:30) — 신규 매수 중단
→ 전종목 HOLD
✅ Discord 전송 완료

[11:30] HOLD | KODEX RSI59/+2.1%⬆️ | 보유:카카오(035720) -0.6% | 최고신호 한국전력(015760) 4pt/3pt [호가7.9★ / RSI47 / MA골든]
💰 예수금 60,362원 | KODEX200 RSI59/+2.1% 상승추세⬆️  | 매수기준 점수3pt↑
📦 보유 카카오(035720) 1주 -0.4%

코드      종목명           가격    RSI     변화율    거래량     BB   호가비  B/S
────────────────────────────────────────────────────────────────────────
[2단계 분석 대상: 035720, 015760, 105560, 066970, 403870, 003670]
011200  HMM       21,700    0.0    +0.0%    0.0x     중간  0.24  0pt/0 [일봉]
015760  한국전력      40,400   47.2    -2.8%    0.5x     하단  8.42  4pt/0 [5분]
035720  카카오       40,650   66.7    -0.2%    0.2x     하단  2.83  3pt/0 [5분]
030200  KT        56,700    0.0    +0.0%    0.0x     중간  0.40  0pt/0 [일봉]
003490  대한항공      29,550    0.0    +0.0%    0.0x     중간  0.26  0pt/0 [일봉]
004020  현대제철      36,000    0.0    +0.0%    0.0x     중간  2.23  2pt/0 [일봉]

══════════════════════════════════════════════════
⏰ 점심시간 (11:30~13:30) — 신규 매수 중단
→ 전종목 HOLD
✅ Discord 전송 완료

[11:32] HOLD | KODEX RSI59/+2.1%⬆️ | 보유:카카오(035720) -0.4% | 최고신호 한국전력(015760) 4pt/3pt [호가8.4★ / RSI47 / MA골든]
💰 예수금 60,362원 | KODEX200 RSI59/+2.1% 상승추세⬆️  | 매수기준 점수3pt↑
📦 보유 카카오(035720) 1주 -0.4%

코드      종목명           가격    RSI     변화율    거래량     BB   호가비  B/S
────────────────────────────────────────────────────────────────────────
[2단계 분석 대상: 035720, 015760, 105560, 066970, 003670, 004020]
011200  HMM       21,700    0.0    +0.0%    0.0x     중간  0.26  0pt/0 [일봉]
015760  한국전력      40,300   43.2    -2.7%    0.5x     하단 10.41  3pt/0 [5분]
035720  카카오       40,650   60.0    -0.4%    0.2x     하단  2.74  4pt/0 [5분]
030200  KT        56,700    0.0    +0.0%    0.0x     중간  0.37  0pt/0 [일봉]
003490  대한항공      29,550    0.0    +0.0%    0.0x     중간  0.25  0pt/0 [일봉]
004020  현대제철      36,000   36.8    -1.8%    0.3x     중간  2.67  2pt/0 [5분]

══════════════════════════════════════════════════
⏰ 점심시간 (11:30~13:30) — 신규 매수 중단
→ 전종목 HOLD
✅ Discord 전송 완료

[11:34] HOLD | KODEX RSI59/+2.1%⬆️ | 보유:카카오(035720) -0.4% | 최고신호 카카오(035720) 4pt/3pt [호가2.7★ / RSI60 / MA골든]
💰 예수금 60,362원 | KODEX200 RSI59/+2.1% 상승추세⬆️  | 매수기준 점수3pt↑
📦 보유 카카오(035720) 1주 -0.4%

코드      종목명           가격    RSI     변화율    거래량     BB   호가비  B/S
────────────────────────────────────────────────────────────────────────
[2단계 분석 대상: 035720, 015760, 105560, 066970, 032830, 403870]
011200  HMM       21,700    0.0    +0.0%    0.0x     중간  0.26  0pt/0 [일봉]
015760  한국전력      40,300   43.2    -2.7%    0.5x     하단 12.49  3pt/0 [5분]
035720  카카오       40,650   60.0    -0.4%    0.2x     하단  2.60  4pt/0 [5분]
030200  KT        56,800    0.0    +0.0%    0.0x     중간  0.34  0pt/0 [일봉]
003490  대한항공      29,550    0.0    +0.0%    0.0x     중간  0.27  0pt/0 [일봉]
004020  현대제철      36,100    0.0    +0.0%    0.0x     중간  1.21  0pt/0 [일봉]

══════════════════════════════════════════════════
⏰ 점심시간 (11:30~13:30) — 신규 매수 중단
→ 전종목 HOLD
✅ Discord 전송 완료

[11:36] HOLD | KODEX RSI59/+2.1%⬆️ | 보유:카카오(035720) -0.4% | 최고신호 카카오(035720) 4pt/3pt [호가2.6★ / RSI60 / MA골든]
💰 예수금 60,362원 | KODEX200 RSI59/+2.3% 상승추세⬆️  | 매수기준 점수3pt↑
📦 보유 카카오(035720) 1주 -0.4%

코드      종목명           가격    RSI     변화율    거래량     BB   호가비  B/S
────────────────────────────────────────────────────────────────────────
[2단계 분석 대상: 035720, 015760, 032830, 105560, 086520, 066970]
011200  HMM       21,850    0.0    +0.0%    0.0x     중간  0.19  0pt/0 [일봉]
015760  한국전력      40,300   43.2    -2.7%    0.5x     하단  9.80  3pt/0 [5분]
035720  카카오       40,650   60.0    -0.4%    0.2x     하단  2.47  4pt/0 [5분]
030200  KT        56,700    0.0    +0.0%    0.0x     중간  0.36  0pt/0 [일봉]
003490  대한항공      29,600    0.0    +0.0%    0.0x     중간  0.24  0pt/0 [일봉]
004020  현대제철      36,150    0.0    +0.0%    0.0x     중간  0.59  0pt/0 [일봉]

══════════════════════════════════════════════════
⏰ 점심시간 (11:30~13:30) — 신규 매수 중단
→ 전종목 HOLD
✅ Discord 전송 완료

[11:38] HOLD | KODEX RSI59/+2.3%⬆️ | 보유:카카오(035720) -0.4% | 최고신호 카카오(035720) 4pt/3pt [호가2.5★ / RSI60 / MA골든]
💰 예수금 60,362원 | KODEX200 RSI59/+2.2% 상승추세⬆️  | 매수기준 점수3pt↑
📦 보유 카카오(035720) 1주 -0.6%

코드      종목명           가격    RSI     변화율    거래량     BB   호가비  B/S
────────────────────────────────────────────────────────────────────────
[2단계 분석 대상: 035720, 015760, 066970, 032830, 086520, 272210]
011200  HMM       21,850    0.0    +0.0%    0.0x     중간  0.18  0pt/0 [일봉]
015760  한국전력      40,200   50.0    -3.0%    0.5x     하단  9.31  4pt/0 [5분]
035720  카카오       40,650   62.5    -0.2%    0.2x     하단  2.42  5pt/0 [5분]
030200  KT        56,700    0.0    +0.0%    0.0x     중간  0.37  0pt/0 [일봉]
003490  대한항공      29,600    0.0    +0.0%    0.0x     중간  0.24  0pt/0 [일봉]
004020  현대제철      36,100    0.0    +0.0%    0.0x     중간  1.00  0pt/0 [일봉]

══════════════════════════════════════════════════
⏰ 점심시간 (11:30~13:30) — 신규 매수 중단
→ 전종목 HOLD
✅ Discord 전송 완료

[11:40] HOLD | KODEX RSI59/+2.2%⬆️ | 보유:카카오(035720) -0.6% | 최고신호 카카오(035720) 5pt/3pt [호가2.4★ / RSI62 / 연속상승 / MA골든]
💰 예수금 60,362원 | KODEX200 RSI59/+2.2% 상승추세⬆️  | 매수기준 점수3pt↑
📦 보유 카카오(035720) 1주 -0.6%

코드      종목명           가격    RSI     변화율    거래량     BB   호가비  B/S
────────────────────────────────────────────────────────────────────────
[2단계 분석 대상: 035720, 015760, 066970, 032830, 086520, 004020]
011200  HMM       21,800    0.0    +0.0%    0.0x     중간  0.21  0pt/0 [일봉]
015760  한국전력      40,200   50.0    -3.1%    0.6x     하단  6.62  4pt/0 [5분]
035720  카카오       40,650   62.5    -0.2%    0.2x     하단  2.32  5pt/0 [5분]
030200  KT        56,800    0.0    +0.0%    0.0x     중간  0.33  0pt/0 [일봉]
003490  대한항공      29,500    0.0    +0.0%    0.0x     중간  0.50  0pt/0 [일봉]
004020  현대제철      36,000   37.8    -1.9%    0.3x     중간  2.28  2pt/0 [5분]

══════════════════════════════════════════════════
⏰ 점심시간 (11:30~13:30) — 신규 매수 중단
→ 전종목 HOLD
✅ Discord 전송 완료

[11:42] HOLD | KODEX RSI59/+2.2%⬆️ | 보유:카카오(035720) -0.6% | 최고신호 카카오(035720) 5pt/3pt [호가2.3★ / RSI62 / 연속상승 / MA골든]
💰 예수금 60,362원 | KODEX200 RSI59/+2.2% 상승추세⬆️  | 매수기준 점수3pt↑
📦 보유 카카오(035720) 1주 -0.6%

코드      종목명           가격    RSI     변화율    거래량     BB   호가비  B/S
────────────────────────────────────────────────────────────────────────
[2단계 분석 대상: 035720, 015760, 066970, 086520, 004020, 000270]
011200  HMM       21,800    0.0    +0.0%    0.0x     중간  0.24  0pt/0 [일봉]
015760  한국전력      40,150   70.0    -3.0%    0.6x     하단  6.74  5pt/0 [5분]
035720  카카오       40,650   62.5    -0.4%    0.2x     하단  2.16  5pt/0 [5분]
030200  KT        56,800    0.0    +0.0%    0.0x     중간  0.34  0pt/0 [일봉]
003490  대한항공      29,550    0.0    +0.0%    0.0x     중간  0.25  0pt/0 [일봉]
004020  현대제철      36,000   41.0    -1.9%    0.3x     중간  2.14  3pt/0 [5분]

══════════════════════════════════════════════════
⏰ 점심시간 (11:30~13:30) — 신규 매수 중단
→ 전종목 HOLD
✅ Discord 전송 완료

[11:44] HOLD | KODEX RSI59/+2.2%⬆️ | 보유:카카오(035720) -0.6% | 최고신호 한국전력(015760) 5pt/3pt [호가6.7★ / 볼륨스파이크★ / MA골든]
💰 예수금 60,362원 | KODEX200 RSI59/+2.0% 상승추세⬆️  | 매수기준 점수3pt↑
📦 보유 카카오(035720) 1주 -0.4%

코드      종목명           가격    RSI     변화율    거래량     BB   호가비  B/S
────────────────────────────────────────────────────────────────────────
[2단계 분석 대상: 035720, 015760, 066970, 086520, 403870, 000270]
011200  HMM       21,800    0.0    +0.0%    0.0x     중간  0.23  0pt/0 [일봉]
015760  한국전력      40,150   70.0    -3.0%    0.6x     하단  7.10  5pt/0 [5분]
035720  카카오       40,650   62.5    -0.4%    0.2x     하단  2.18  4pt/0 [5분]
030200  KT        56,800    0.0    +0.0%    0.0x     중간  0.35  0pt/0 [일봉]
003490  대한항공      29,500    0.0    +0.0%    0.0x     중간  0.46  0pt/0 [일봉]
004020  현대제철      36,100    0.0    +0.0%    0.0x     중간  1.55  1pt/0 [일봉]

══════════════════════════════════════════════════
⏰ 점심시간 (11:30~13:30) — 신규 매수 중단
→ 전종목 HOLD
✅ Discord 전송 완료

[11:46] HOLD | KODEX RSI59/+2.0%⬆️ | 보유:카카오(035720) -0.4% | 최고신호 한국전력(015760) 5pt/3pt [호가7.1★ / 볼륨스파이크★ / MA골든]
💰 예수금 60,362원 | KODEX200 RSI59/+1.9% 상승추세⬆️  | 매수기준 점수3pt↑
📦 보유 카카오(035720) 1주 -0.6%

코드      종목명           가격    RSI     변화율    거래량     BB   호가비  B/S
────────────────────────────────────────────────────────────────────────
[2단계 분석 대상: 035720, 015760, 086520, 066970, 403870, 032830]
011200  HMM       21,850    0.0    +0.0%    0.0x     중간  0.19  0pt/0 [일봉]
015760  한국전력      40,100   70.0    -3.1%    0.6x     하단 10.43  5pt/0 [5분]
035720  카카오       40,650   62.5    -0.2%    0.2x     하단  2.18  4pt/0 [5분]
030200  KT        56,800    0.0    +0.0%    0.0x     중간  0.36  0pt/0 [일봉]
003490  대한항공      29,450    0.0    +0.0%    0.0x     중간  0.50  0pt/0 [일봉]
004020  현대제철      36,100    0.0    +0.0%    0.0x     중간  1.34  1pt/0 [일봉]

══════════════════════════════════════════════════
⏰ 점심시간 (11:30~13:30) — 신규 매수 중단
→ 전종목 HOLD
✅ Discord 전송 완료

[11:48] HOLD | KODEX RSI59/+1.9%⬆️ | 보유:카카오(035720) -0.6% | 최고신호 한국전력(015760) 5pt/3pt [호가10.4★ / 볼륨스파이크★ / MA골든]
💰 예수금 60,362원 | KODEX200 RSI59/+1.9% 상승추세⬆️  | 매수기준 점수3pt↑
📦 보유 카카오(035720) 1주 -0.6%

코드      종목명           가격    RSI     변화율    거래량     BB   호가비  B/S
────────────────────────────────────────────────────────────────────────
[2단계 분석 대상: 035720, 015760, 066970, 086520, 403870, 032830]
011200  HMM       21,900    0.0    +0.0%    0.0x     중간  0.20  0pt/0 [일봉]
015760  한국전력      40,200   75.9    -3.0%    0.6x     하단  7.80  5pt/0 [5분]
035720  카카오       40,650   60.0    -0.4%    0.2x     하단  2.10  5pt/0 [5분]
030200  KT        56,900    0.0    +0.0%    0.0x     중간  0.33  0pt/0 [일봉]
003490  대한항공      29,400    0.0    +0.0%    0.0x     중간  0.61  0pt/0 [일봉]
004020  현대제철      36,050    0.0    +0.0%    0.0x     중간  1.05  0pt/0 [일봉]

══════════════════════════════════════════════════
⏰ 점심시간 (11:30~13:30) — 신규 매수 중단
→ 전종목 HOLD
✅ Discord 전송 완료

[11:50] HOLD | KODEX RSI59/+1.9%⬆️ | 보유:카카오(035720) -0.6% | 최고신호 한국전력(015760) 5pt/3pt [호가7.8★ / 연속상승 / 볼륨급증 / MA골든]
💰 예수금 60,362원 | KODEX200 RSI59/+2.0% 상승추세⬆️  | 매수기준 점수3pt↑
📦 보유 카카오(035720) 1주 -0.6%

코드      종목명           가격    RSI     변화율    거래량     BB   호가비  B/S
────────────────────────────────────────────────────────────────────────
[2단계 분석 대상: 035720, 015760, 086520, 066970, 017670, 329180]
011200  HMM       21,850    0.0    +0.0%    0.0x     중간  0.21  0pt/0 [일봉]
015760  한국전력      40,150   75.9    -3.0%    0.6x     하단  6.91  5pt/0 [5분]
035720  카카오       40,650   60.0    -0.4%    0.2x     하단  1.97  4pt/0 [5분]
030200  KT        56,800    0.0    +0.0%    0.0x     중간  0.39  0pt/0 [일봉]
003490  대한항공      29,400    0.0    +0.0%    0.0x     중간  0.67  0pt/0 [일봉]
004020  현대제철      35,950    0.0    +0.0%    0.0x     중간  1.45  1pt/0 [일봉]

══════════════════════════════════════════════════
⏰ 점심시간 (11:30~13:30) — 신규 매수 중단
→ 전종목 HOLD
✅ Discord 전송 완료

[11:52] HOLD | KODEX RSI59/+2.0%⬆️ | 보유:카카오(035720) -0.6% | 최고신호 한국전력(015760) 5pt/3pt [호가6.9★ / 연속상승 / 볼륨급증 / MA골든]
💰 예수금 60,362원 | KODEX200 RSI59/+1.8% 상승추세⬆️  | 매수기준 점수3pt↑
📦 보유 카카오(035720) 1주 -0.6%

코드      종목명           가격    RSI     변화율    거래량     BB   호가비  B/S
────────────────────────────────────────────────────────────────────────
[2단계 분석 대상: 035720, 015760, 086520, 066970, 403870, 000270]
011200  HMM       21,850    0.0    +0.0%    0.0x     중간  0.21  0pt/0 [일봉]
015760  한국전력      40,100   63.0    -3.3%    0.6x     하단  9.42  7pt/0 [5분]
035720  카카오       40,600   52.9    -0.4%    0.2x     하단  1.92  2pt/0 [5분]
030200  KT        56,800    0.0    +0.0%    0.0x     중간  0.45  0pt/0 [일봉]
003490  대한항공      29,400    0.0    +0.0%    0.0x     중간  0.69  0pt/0 [일봉]
004020  현대제철      35,950    0.0    +0.0%    0.0x     중간  1.41  1pt/0 [일봉]

══════════════════════════════════════════════════
⏰ 점심시간 (11:30~13:30) — 신규 매수 중단
→ 전종목 HOLD
✅ Discord 전송 완료

[11:54] HOLD | KODEX RSI59/+1.8%⬆️ | 보유:카카오(035720) -0.6% | 최고신호 한국전력(015760) 7pt/3pt [호가9.4★ / RSI63 / 연속상승 / 볼륨스파이크★ / MA골든]
💰 예수금 60,362원 | KODEX200 RSI59/+1.9% 상승추세⬆️  | 매수기준 점수3pt↑
📦 보유 카카오(035720) 1주 -0.6%

코드      종목명           가격    RSI     변화율    거래량     BB   호가비  B/S
────────────────────────────────────────────────────────────────────────
[2단계 분석 대상: 035720, 015760, 086520, 403870, 329180, 017670]
011200  HMM       21,850    0.0    +0.0%    0.0x     중간  0.25  0pt/0 [일봉]
015760  한국전력      40,100   63.0    -3.3%    0.6x     하단  7.68  7pt/0 [5분]
035720  카카오       40,600   52.9    -0.5%    0.2x     하단  2.13  3pt/0 [5분]
030200  KT        56,800    0.0    +0.0%    0.0x     중간  0.41  0pt/0 [일봉]
003490  대한항공      29,400    0.0    +0.0%    0.0x     중간  0.70  0pt/0 [일봉]
004020  현대제철      35,950    0.0    +0.0%    0.0x     중간  1.40  1pt/0 [일봉]

══════════════════════════════════════════════════
⏰ 점심시간 (11:30~13:30) — 신규 매수 중단
→ 전종목 HOLD
✅ Discord 전송 완료

[11:56] HOLD | KODEX RSI59/+1.9%⬆️ | 보유:카카오(035720) -0.6% | 최고신호 한국전력(015760) 7pt/3pt [호가7.7★ / RSI63 / 연속상승 / 볼륨스파이크★ / MA골든]
💰 예수금 60,362원 | KODEX200 RSI59/+2.0% 상승추세⬆️  | 매수기준 점수3pt↑
📦 보유 카카오(035720) 1주 -0.7%

코드      종목명           가격    RSI     변화율    거래량     BB   호가비  B/S
────────────────────────────────────────────────────────────────────────
[2단계 분석 대상: 035720, 015760, 066970, 272210, 086520, 329180]
011200  HMM       21,850    0.0    +0.0%    0.0x     중간  0.24  0pt/0 [일봉]
015760  한국전력      40,100   63.0    -3.1%    0.6x     하단  8.82  7pt/0 [5분]
035720  카카오       40,600   52.9    -0.5%    0.2x     하단  2.04  3pt/0 [5분]
030200  KT        56,900    0.0    +0.0%    0.0x     중간  0.37  0pt/0 [일봉]
003490  대한항공      29,400    0.0    +0.0%    0.0x     중간  0.68  0pt/0 [일봉]
004020  현대제철      35,950    0.0    +0.0%    0.0x     중간  2.08  2pt/0 [일봉]

══════════════════════════════════════════════════
⏰ 점심시간 (11:30~13:30) — 신규 매수 중단
→ 전종목 HOLD
✅ Discord 전송 완료

[11:58] HOLD | KODEX RSI59/+2.0%⬆️ | 보유:카카오(035720) -0.7% | 최고신호 한국전력(015760) 7pt/3pt [호가8.8★ / RSI63 / 연속상승 / 볼륨스파이크★ / MA골든]
💰 예수금 60,362원 | KODEX200 RSI59/+2.0% 상승추세⬆️  | 매수기준 점수3pt↑
📦 보유 카카오(035720) 1주 -0.7%

코드      종목명           가격    RSI     변화율    거래량     BB   호가비  B/S
────────────────────────────────────────────────────────────────────────
[2단계 분석 대상: 035720, 247540, 015760, 066970, 329180, 086520]
011200  HMM       21,850    0.0    +0.0%    0.0x     중간  0.24  0pt/0 [일봉]
015760  한국전력      40,100   48.0    -3.1%    0.6x     하단  7.23  6pt/0 [5분]
035720  카카오       40,600   44.4    -0.4%    0.2x     하단  1.21  0pt/0 [5분]
030200  KT        56,900    0.0    +0.0%    0.0x     중간  0.38  0pt/0 [일봉]
003490  대한항공      29,450    0.0    +0.0%    0.0x     중간  0.58  0pt/0 [일봉]
004020  현대제철      36,000    0.0    +0.0%    0.0x     중간  1.78  1pt/0 [일봉]

══════════════════════════════════════════════════
⏰ 점심시간 (11:30~13:30) — 신규 매수 중단
→ 전종목 HOLD
✅ Discord 전송 완료

[12:00] HOLD | KODEX RSI59/+2.0%⬆️ | 보유:카카오(035720) -0.7% | 최고신호 한국전력(015760) 6pt/3pt [호가7.2★ / RSI48 / 볼륨스파이크★ / MA골든]
💰 예수금 60,362원 | KODEX200 RSI59/+1.9% 상승추세⬆️  | 매수기준 점수3pt↑
📦 보유 카카오(035720) 1주 -0.7%

코드      종목명           가격    RSI     변화율    거래량     BB   호가비  B/S
────────────────────────────────────────────────────────────────────────
[2단계 분석 대상: 035720, 015760, 066970, 086520, 017670, 329180]
011200  HMM       21,850    0.0    +0.0%    0.0x     중간  0.21  0pt/0 [일봉]
015760  한국전력      40,150   48.0    -3.0%    0.6x     하단  9.09  6pt/0 [5분]
035720  카카오       40,600   44.4    -0.5%    0.2x     하단  1.23  0pt/0 [5분]
030200  KT        56,900    0.0    +0.0%    0.0x     중간  0.37  0pt/0 [일봉]
003490  대한항공      29,450    0.0    +0.0%    0.0x     중간  0.60  0pt/0 [일봉]
004020  현대제철      36,000    0.0    +0.0%    0.0x     중간  1.65  1pt/0 [일봉]

══════════════════════════════════════════════════
⏰ 점심시간 (11:30~13:30) — 신규 매수 중단
→ 전종목 HOLD
✅ Discord 전송 완료

[12:02] HOLD | KODEX RSI59/+1.9%⬆️ | 보유:카카오(035720) -0.7% | 최고신호 한국전력(015760) 6pt/3pt [호가9.1★ / RSI48 / 볼륨스파이크★ / MA골든]
💰 예수금 60,362원 | KODEX200 RSI59/+1.9% 상승추세⬆️  | 매수기준 점수3pt↑
📦 보유 카카오(035720) 1주 -0.7%

코드      종목명           가격    RSI     변화율    거래량     BB   호가비  B/S
────────────────────────────────────────────────────────────────────────
[2단계 분석 대상: 035720, 015760, 017670, 329180, 086520, 403870]
011200  HMM       21,800    0.0    +0.0%    0.0x     중간  0.23  0pt/0 [일봉]
015760  한국전력      40,150   48.0    -3.1%    0.6x     하단  8.11  4pt/0 [5분]
035720  카카오       40,600   42.1    -0.4%    0.2x     하단  1.21  0pt/0 [5분]
030200  KT        56,900    0.0    +0.0%    0.0x     중간  0.40  0pt/0 [일봉]
003490  대한항공      29,450    0.0    +0.0%    0.0x     중간  0.54  0pt/0 [일봉]
004020  현대제철      35,950    0.0    +0.0%    0.0x     중간  1.58  1pt/0 [일봉]

══════════════════════════════════════════════════
⏰ 점심시간 (11:30~13:30) — 신규 매수 중단
→ 전종목 HOLD
✅ Discord 전송 완료

[12:04] HOLD | KODEX RSI59/+1.9%⬆️ | 보유:카카오(035720) -0.7% | 최고신호 한국전력(015760) 4pt/3pt [호가8.1★ / RSI48 / MA골든]
💰 예수금 60,362원 | KODEX200 RSI59/+1.9% 상승추세⬆️  | 매수기준 점수3pt↑
📦 보유 카카오(035720) 1주 -0.7%

코드      종목명           가격    RSI     변화율    거래량     BB   호가비  B/S
────────────────────────────────────────────────────────────────────────
[2단계 분석 대상: 035720, 015760, 017670, 403870, 086520, 272210]
011200  HMM       21,850    0.0    +0.0%    0.0x     중간  0.20  0pt/0 [일봉]
015760  한국전력      40,150   48.0    -3.0%    0.6x     하단  7.09  4pt/0 [5분]
035720  카카오       40,600   42.1    -0.5%    0.2x     하단  1.20  0pt/0 [5분]
030200  KT        57,000    0.0    +0.0%    0.0x     중간  0.32  0pt/0 [일봉]
003490  대한항공      29,450    0.0    +0.0%    0.0x     중간  0.47  0pt/0 [일봉]
004020  현대제철      35,950    0.0    +0.0%    0.0x     중간  1.61  1pt/0 [일봉]

══════════════════════════════════════════════════
⏰ 점심시간 (11:30~13:30) — 신규 매수 중단
→ 전종목 HOLD
✅ Discord 전송 완료

[12:06] HOLD | KODEX RSI59/+1.9%⬆️ | 보유:카카오(035720) -0.7% | 최고신호 한국전력(015760) 4pt/3pt [호가7.1★ / RSI48 / MA골든]
💰 예수금 60,362원 | KODEX200 RSI59/+1.9% 상승추세⬆️  | 매수기준 점수3pt↑
📦 보유 카카오(035720) 1주 -0.7%

코드      종목명           가격    RSI     변화율    거래량     BB   호가비  B/S
────────────────────────────────────────────────────────────────────────
[2단계 분석 대상: 035720, 015760, 086520, 017670, 272210, 329180]
011200  HMM       21,850    0.0    +0.0%    0.0x     중간  0.22  0pt/0 [일봉]
015760  한국전력      40,150   48.0    -3.0%    0.6x     하단 11.47  4pt/0 [5분]
035720  카카오       40,600   42.1    -0.5%    0.2x     하단  1.15  0pt/0 [5분]
030200  KT        57,000    0.0    +0.0%    0.0x     중간  0.30  0pt/0 [일봉]
003490  대한항공      29,400    0.0    +0.0%    0.0x     중간  0.67  0pt/0 [일봉]
004020  현대제철      35,950    0.0    +0.0%    0.0x     중간  1.66  1pt/0 [일봉]

══════════════════════════════════════════════════
⏰ 점심시간 (11:30~13:30) — 신규 매수 중단
→ 전종목 HOLD
✅ Discord 전송 완료

[12:08] HOLD | KODEX RSI59/+1.9%⬆️ | 보유:카카오(035720) -0.7% | 최고신호 한국전력(015760) 4pt/3pt [호가11.5★ / RSI48 / MA골든]
💰 예수금 60,362원 | KODEX200 RSI59/+2.0% 상승추세⬆️  | 매수기준 점수3pt↑
📦 보유 카카오(035720) 1주 -0.7%

코드      종목명           가격    RSI     변화율    거래량     BB   호가비  B/S
────────────────────────────────────────────────────────────────────────
[2단계 분석 대상: 035720, 015760, 017670, 403870, 272210, 086520]
011200  HMM       21,850    0.0    +0.0%    0.0x     중간  0.22  0pt/0 [일봉]
015760  한국전력      40,150   53.8    -3.1%    0.6x     하단 12.74  4pt/0 [5분]
035720  카카오       40,600   44.4    -0.5%    0.2x     하단  1.14  0pt/0 [5분]
030200  KT        57,000    0.0    +0.0%    0.0x     중간  0.30  0pt/0 [일봉]
003490  대한항공      29,450    0.0    +0.0%    0.0x     중간  0.47  0pt/0 [일봉]
004020  현대제철      36,000    0.0    +0.0%    0.0x     중간  1.70  1pt/0 [일봉]

══════════════════════════════════════════════════
⏰ 점심시간 (11:30~13:30) — 신규 매수 중단
→ 전종목 HOLD
✅ Discord 전송 완료

[12:10] HOLD | KODEX RSI59/+2.0%⬆️ | 보유:카카오(035720) -0.7% | 최고신호 한국전력(015760) 4pt/3pt [호가12.7★ / RSI54 / MA골든]
💰 예수금 60,362원 | KODEX200 RSI59/+2.0% 상승추세⬆️  | 매수기준 점수3pt↑
📦 보유 카카오(035720) 1주 -0.6%

코드      종목명           가격    RSI     변화율    거래량     BB   호가비  B/S
────────────────────────────────────────────────────────────────────────
[2단계 분석 대상: 035720, 015760, 017670, 403870, 086520, 272210]
011200  HMM       21,850    0.0    +0.0%    0.0x     중간  0.22  0pt/0 [일봉]
015760  한국전력      40,150   53.8    -3.0%    0.6x     하단  9.56  4pt/0 [5분]
035720  카카오       40,600   44.4    -0.5%    0.2x     하단  1.13  0pt/0 [5분]
030200  KT        57,000    0.0    +0.0%    0.0x     중간  0.31  0pt/0 [일봉]
003490  대한항공      29,400    0.0    +0.0%    0.0x     중간  0.52  0pt/0 [일봉]
004020  현대제철      36,000    0.0    +0.0%    0.0x     중간  1.52  1pt/0 [일봉]

══════════════════════════════════════════════════
⏰ 점심시간 (11:30~13:30) — 신규 매수 중단
→ 전종목 HOLD
✅ Discord 전송 완료

[12:12] HOLD | KODEX RSI59/+2.0%⬆️ | 보유:카카오(035720) -0.6% | 최고신호 한국전력(015760) 4pt/3pt [호가9.6★ / RSI54 / MA골든]
💰 예수금 60,362원 | KODEX200 RSI59/+1.8% 상승추세⬆️  | 매수기준 점수3pt↑
📦 보유 카카오(035720) 1주 -0.6%

코드      종목명           가격    RSI     변화율    거래량     BB   호가비  B/S
────────────────────────────────────────────────────────────────────────
[2단계 분석 대상: 035720, 017670, 015760, 403870, 086520, 272210]
011200  HMM       21,800    0.0    +0.0%    0.0x     중간  0.28  0pt/0 [일봉]
015760  한국전력      40,200   56.4    -3.0%    0.6x     하단 10.74  4pt/0 [5분]
035720  카카오       40,600   44.4    -0.4%    0.2x     하단  1.08  0pt/0 [5분]
030200  KT        56,900    0.0    +0.0%    0.0x     중간  0.42  0pt/0 [일봉]
003490  대한항공      29,350    0.0    +0.0%    0.0x     중간  0.61  0pt/0 [일봉]
004020  현대제철      35,950    0.0    +0.0%    0.0x     중간  1.54  1pt/0 [일봉]

══════════════════════════════════════════════════
⏰ 점심시간 (11:30~13:30) — 신규 매수 중단
→ 전종목 HOLD
✅ Discord 전송 완료

[12:14] HOLD | KODEX RSI59/+1.8%⬆️ | 보유:카카오(035720) -0.6% | 최고신호 한국전력(015760) 4pt/3pt [호가10.7★ / RSI56 / MA골든]
💰 예수금 60,362원 | KODEX200 RSI59/+1.8% 상승추세⬆️  | 매수기준 점수3pt↑
📦 보유 카카오(035720) 1주 -0.6%

코드      종목명           가격    RSI     변화율    거래량     BB   호가비  B/S
────────────────────────────────────────────────────────────────────────
[2단계 분석 대상: 035720, 015760, 403870, 086520, 017670, 272210]
011200  HMM       21,900    0.0    +0.0%    0.0x     중간  0.28  0pt/0 [일봉]
015760  한국전력      40,200   56.4    -2.9%    0.6x     하단  8.56  4pt/0 [5분]
035720  카카오       40,700   41.2    -0.4%    0.2x     하단  1.88  2pt/0 [5분]
030200  KT        56,900    0.0    +0.0%    0.0x     중간  0.39  0pt/0 [일봉]
003490  대한항공      29,450    0.0    +0.0%    0.0x     중간  0.50  0pt/0 [일봉]
004020  현대제철      36,050    0.0    +0.0%    0.0x     중간  1.18  0pt/0 [일봉]

══════════════════════════════════════════════════
⏰ 점심시간 (11:30~13:30) — 신규 매수 중단
→ 전종목 HOLD
✅ Discord 전송 완료

[12:16] HOLD | KODEX RSI59/+1.8%⬆️ | 보유:카카오(035720) -0.6% | 최고신호 한국전력(015760) 4pt/3pt [호가8.6★ / RSI56 / MA골든]
💰 예수금 60,362원 | KODEX200 RSI59/+1.8% 상승추세⬆️  | 매수기준 점수3pt↑
📦 보유 카카오(035720) 1주 -0.4%

코드      종목명           가격    RSI     변화율    거래량     BB   호가비  B/S
────────────────────────────────────────────────────────────────────────
[2단계 분석 대상: 035720, 403870, 015760, 086520, 017670, 032830]
011200  HMM       21,950    0.0    +0.0%    0.0x     중간  0.31  0pt/0 [일봉]
015760  한국전력      40,200   56.4    -2.9%    0.6x     하단  5.67  4pt/0 [5분]
035720  카카오       40,700   41.2    -0.2%    0.2x     하단  1.76  2pt/0 [5분]
030200  KT        57,000    0.0    +0.0%    0.0x     중간  0.31  0pt/0 [일봉]
003490  대한항공      29,450    0.0    +0.0%    0.0x     중간  0.53  0pt/0 [일봉]
004020  현대제철      36,050    0.0    +0.0%    0.0x     중간  1.20  0pt/0 [일봉]

══════════════════════════════════════════════════
⏰ 점심시간 (11:30~13:30) — 신규 매수 중단
→ 전종목 HOLD
✅ Discord 전송 완료

[12:18] HOLD | KODEX RSI59/+1.8%⬆️ | 보유:카카오(035720) -0.4% | 최고신호 한국전력(015760) 4pt/3pt [호가5.7★ / RSI56 / MA골든]
💰 예수금 60,361원 | KODEX200 RSI59/+1.9% 상승추세⬆️  | 매수기준 점수3pt↑
📦 보유 카카오(035720) 1주 -0.3%

코드      종목명           가격    RSI     변화율    거래량     BB   호가비  B/S
────────────────────────────────────────────────────────────────────────
[2단계 분석 대상: 035720, 403870, 015760, 086520, 017670, 032830]
011200  HMM       21,950    0.0    +0.0%    0.0x     중간  0.33  0pt/0 [일봉]
015760  한국전력      40,200   55.4    -2.7%    0.6x     하단  5.11  4pt/0 [5분]
035720  카카오       40,700   44.4    -0.1%    0.2x     하단  1.65  2pt/0 [5분]
030200  KT        57,000    0.0    +0.0%    0.0x     중간  0.34  0pt/0 [일봉]
003490  대한항공      29,450    0.0    +0.0%    0.0x     중간  0.54  0pt/0 [일봉]
004020  현대제철      36,100    0.0    +0.0%    0.0x     중간  0.78  0pt/0 [일봉]

══════════════════════════════════════════════════
⏰ 점심시간 (11:30~13:30) — 신규 매수 중단
→ 전종목 HOLD
✅ Discord 전송 완료

[12:20] HOLD | KODEX RSI59/+1.9%⬆️ | 보유:카카오(035720) -0.3% | 최고신호 한국전력(015760) 4pt/3pt [호가5.1★ / RSI55 / MA골든]
💰 예수금 60,362원 | KODEX200 RSI59/+2.0% 상승추세⬆️  | 매수기준 점수3pt↑
📦 보유 카카오(035720) 1주 -0.4%

코드      종목명           가격    RSI     변화율    거래량     BB   호가비  B/S
────────────────────────────────────────────────────────────────────────
[2단계 분석 대상: 035720, 403870, 015760, 017670, 086520, 032830]
011200  HMM       21,900    0.0    +0.0%    0.0x     중간  0.30  0pt/0 [일봉]
015760  한국전력      40,300   55.4    -2.8%    0.6x     하단  6.72  4pt/0 [5분]
035720  카카오       40,700   44.4    -0.2%    0.3x     하단  1.54  2pt/0 [5분]
030200  KT        57,000    0.0    +0.0%    0.0x     중간  0.36  0pt/0 [일봉]
003490  대한항공      29,500    0.0    +0.0%    0.0x     중간  0.43  0pt/0 [일봉]
004020  현대제철      36,050    0.0    +0.0%    0.0x     중간  1.18  0pt/0 [일봉]

══════════════════════════════════════════════════
⏰ 점심시간 (11:30~13:30) — 신규 매수 중단
→ 전종목 HOLD
✅ Discord 전송 완료

[12:22] HOLD | KODEX RSI59/+2.0%⬆️ | 보유:카카오(035720) -0.4% | 최고신호 한국전력(015760) 4pt/3pt [호가6.7★ / RSI55 / MA골든]
💰 예수금 60,362원 | KODEX200 RSI59/+2.2% 상승추세⬆️  | 매수기준 점수3pt↑
📦 보유 카카오(035720) 1주 -0.4%

코드      종목명           가격    RSI     변화율    거래량     BB   호가비  B/S
────────────────────────────────────────────────────────────────────────
[2단계 분석 대상: 035720, 403870, 015760, 086520, 017670, 032830]
011200  HMM       21,950    0.0    +0.0%    0.0x     중간  0.29  0pt/0 [일봉]
015760  한국전력      40,350   55.4    -2.5%    0.6x     하단  4.99  4pt/0 [5분]
035720  카카오       40,750   47.4    -0.1%    0.3x     하단  1.39  3pt/0 [5분]
030200  KT        57,000    0.0    +0.0%    0.0x     중간  0.38  0pt/0 [일봉]
003490  대한항공      29,550    0.0    +0.0%    0.0x     중간  0.23  0pt/0 [일봉]
004020  현대제철      36,050    0.0    +0.0%    0.0x     중간  1.09  0pt/0 [일봉]

══════════════════════════════════════════════════
⏰ 점심시간 (11:30~13:30) — 신규 매수 중단
→ 전종목 HOLD
✅ Discord 전송 완료

[12:24] HOLD | KODEX RSI59/+2.2%⬆️ | 보유:카카오(035720) -0.4% | 최고신호 한국전력(015760) 4pt/3pt [호가5.0★ / RSI55 / MA골든]
💰 예수금 60,361원 | KODEX200 RSI59/+2.3% 상승추세⬆️  | 매수기준 점수3pt↑
📦 보유 카카오(035720) 1주 -0.3%

코드      종목명           가격    RSI     변화율    거래량     BB   호가비  B/S
────────────────────────────────────────────────────────────────────────
[2단계 분석 대상: 035720, 015760, 017670, 403870, 032830, 086520]
011200  HMM       21,950    0.0    +0.0%    0.0x     중간  0.32  0pt/0 [일봉]
015760  한국전력      40,350   55.4    -2.5%    0.6x     하단  6.50  4pt/0 [5분]
035720  카카오       40,750   47.4    -0.1%    0.3x     하단  1.38  3pt/0 [5분]
030200  KT        57,000    0.0    +0.0%    0.0x     중간  0.40  0pt/0 [일봉]
003490  대한항공      29,450    0.0    +0.0%    0.0x     중간  0.57  0pt/0 [일봉]
004020  현대제철      36,200    0.0    +0.0%    0.0x     중간  0.84  0pt/0 [일봉]

══════════════════════════════════════════════════
⏰ 점심시간 (11:30~13:30) — 신규 매수 중단
→ 전종목 HOLD
✅ Discord 전송 완료

[12:26] HOLD | KODEX RSI59/+2.3%⬆️ | 보유:카카오(035720) -0.3% | 최고신호 한국전력(015760) 4pt/3pt [호가6.5★ / RSI55 / MA골든]
💰 예수금 60,361원 | KODEX200 RSI59/+2.4% 상승추세⬆️  | 매수기준 점수3pt↑
📦 보유 카카오(035720) 1주 -0.2%

코드      종목명           가격    RSI     변화율    거래량     BB   호가비  B/S
────────────────────────────────────────────────────────────────────────
[2단계 분석 대상: 035720, 015760, 017670, 086520, 032830, 403870]
011200  HMM       21,950    0.0    +0.0%    0.0x     중간  0.30  0pt/0 [일봉]
015760  한국전력      40,400   55.4    -2.4%    0.6x     하단  6.06  4pt/0 [5분]
035720  카카오       40,800   47.4    +0.1%    0.3x     하단  1.50  4pt/0 [5분]
030200  KT        57,100    0.0    +0.0%    0.0x     중간  0.34  0pt/0 [일봉]
003490  대한항공      29,500    0.0    +0.0%    0.0x     중간  0.45  0pt/0 [일봉]
004020  현대제철      36,150    0.0    +0.0%    0.0x     중간  1.07  0pt/0 [일봉]

══════════════════════════════════════════════════
⏰ 점심시간 (11:30~13:30) — 신규 매수 중단
→ 전종목 HOLD
✅ Discord 전송 완료

[12:28] HOLD | KODEX RSI59/+2.4%⬆️ | 보유:카카오(035720) -0.2% | 최고신호 한국전력(015760) 4pt/3pt [호가6.1★ / RSI55 / MA골든]
💰 예수금 60,361원 | KODEX200 RSI59/+2.4% 상승추세⬆️  | 매수기준 점수3pt↑
📦 보유 카카오(035720) 1주 -0.1%

코드      종목명           가격    RSI     변화율    거래량     BB   호가비  B/S
────────────────────────────────────────────────────────────────────────
[2단계 분석 대상: 035720, 015760, 000720, 017670, 403870, 086520]
011200  HMM       21,950    0.0    +0.0%    0.0x     중간  0.30  0pt/0 [일봉]
015760  한국전력      40,350   51.9    -2.5%    0.6x     하단  5.88  4pt/0 [5분]
035720  카카오       40,800   56.2    +0.1%    0.3x     하단  1.41  6pt/0 [5분]
030200  KT        56,900    0.0    +0.0%    0.0x     중간  0.48  0pt/0 [일봉]
003490  대한항공      29,450    0.0    +0.0%    0.0x     중간  0.58  0pt/0 [일봉]
004020  현대제철      36,100    0.0    +0.0%    0.0x     중간  1.01  0pt/0 [일봉]

══════════════════════════════════════════════════
⏰ 점심시간 (11:30~13:30) — 신규 매수 중단
→ 전종목 HOLD
✅ Discord 전송 완료

[12:30] HOLD | KODEX RSI59/+2.4%⬆️ | 보유:카카오(035720) -0.1% | 최고신호 카카오(035720) 6pt/3pt [호가1.4 / RSI56 / 연속상승 / 볼륨급증 / MA골든 / BB반등]
💰 예수금 60,361원 | KODEX200 RSI59/+2.5% 상승추세⬆️  | 매수기준 점수3pt↑
📦 보유 카카오(035720) 1주 -0.1%

코드      종목명           가격    RSI     변화율    거래량     BB   호가비  B/S
────────────────────────────────────────────────────────────────────────
[2단계 분석 대상: 035720, 015760, 272210, 105560, 403870, 000720]
011200  HMM       21,900    0.0    +0.0%    0.0x     중간  0.30  0pt/0 [일봉]
015760  한국전력      40,350   51.9    -2.5%    0.6x     하단  5.82  4pt/0 [5분]
035720  카카오       40,800   56.2    -0.1%    0.3x     하단  1.47  5pt/0 [5분]
030200  KT        57,000    0.0    +0.0%    0.0x     중간  0.35  0pt/0 [일봉]
003490  대한항공      29,450    0.0    +0.0%    0.0x     중간  0.55  0pt/0 [일봉]
004020  현대제철      36,050    0.0    +0.0%    0.0x     중간  1.28  0pt/0 [일봉]

══════════════════════════════════════════════════
⏰ 점심시간 (11:30~13:30) — 신규 매수 중단
→ 전종목 HOLD
✅ Discord 전송 완료

[12:32] HOLD | KODEX RSI59/+2.5%⬆️ | 보유:카카오(035720) -0.1% | 최고신호 카카오(035720) 5pt/3pt [호가1.5 / RSI56 / 연속상승 / 볼륨급증 / MA골든]
💰 예수금 60,361원 | KODEX200 RSI59/+2.5% 상승추세⬆️  | 매수기준 점수3pt↑
📦 보유 카카오(035720) 1주 -0.1%

코드      종목명           가격    RSI     변화율    거래량     BB   호가비  B/S
────────────────────────────────────────────────────────────────────────
[2단계 분석 대상: 035720, 015760, 105560, 272210, 403870, 086520]
011200  HMM       21,900    0.0    +0.0%    0.0x     중간  0.29  0pt/0 [일봉]
015760  한국전력      40,350   55.4    -2.5%    0.6x     하단  5.53  4pt/0 [5분]
035720  카카오       40,800   56.2    +0.0%    0.3x     하단  1.39  3pt/0 [5분]
030200  KT        57,000    0.0    +0.0%    0.0x     중간  0.36  0pt/0 [일봉]
003490  대한항공      29,400    0.0    +0.0%    0.0x     중간  0.70  0pt/0 [일봉]
004020  현대제철      36,050    0.0    +0.0%    0.0x     중간  1.27  0pt/0 [일봉]

══════════════════════════════════════════════════
⏰ 점심시간 (11:30~13:30) — 신규 매수 중단
→ 전종목 HOLD
✅ Discord 전송 완료

[12:34] HOLD | KODEX RSI59/+2.5%⬆️ | 보유:카카오(035720) -0.1% | 최고신호 한국전력(015760) 4pt/3pt [호가5.5★ / RSI55 / MA골든]
💰 예수금 60,361원 | KODEX200 RSI59/+2.7% 상승추세⬆️  | 매수기준 점수3pt↑
📦 보유 카카오(035720) 1주 -0.1%

코드      종목명           가격    RSI     변화율    거래량     BB   호가비  B/S
────────────────────────────────────────────────────────────────────────
[2단계 분석 대상: 035720, 015760, 105560, 086520, 272210, 403870]
011200  HMM       21,900    0.0    +0.0%    0.0x     중간  0.27  0pt/0 [일봉]
015760  한국전력      40,350   55.4    -2.5%    0.6x     하단  5.52  4pt/0 [5분]
035720  카카오       40,850   56.2    +0.2%    0.3x     중간  1.16  2pt/0 [5분]
030200  KT        57,000    0.0    +0.0%    0.0x     중간  0.38  0pt/0 [일봉]
003490  대한항공      29,450    0.0    +0.0%    0.0x     중간  0.56  0pt/0 [일봉]
004020  현대제철      36,100    0.0    +0.0%    0.0x     중간  1.01  0pt/0 [일봉]

══════════════════════════════════════════════════
⏰ 점심시간 (11:30~13:30) — 신규 매수 중단
→ 전종목 HOLD
✅ Discord 전송 완료

[12:36] HOLD | KODEX RSI59/+2.7%⬆️ | 보유:카카오(035720) -0.1% | 최고신호 한국전력(015760) 4pt/3pt [호가5.5★ / RSI55 / MA골든]
💰 예수금 60,361원 | KODEX200 RSI59/+2.7% 상승추세⬆️  | 매수기준 점수3pt↑
📦 보유 카카오(035720) 1주 +0.1%

코드      종목명           가격    RSI     변화율    거래량     BB   호가비  B/S
────────────────────────────────────────────────────────────────────────
[2단계 분석 대상: 035720, 015760, 272210, 086520, 403870, 105560]
011200  HMM       21,900    0.0    +0.0%    0.0x     중간  0.26  0pt/0 [일봉]
015760  한국전력      40,300   55.4    -2.7%    0.6x     하단  5.93  4pt/0 [5분]
035720  카카오       40,850   56.2    +0.1%    0.3x     하단  1.16  2pt/0 [5분]
030200  KT        57,100    0.0    +0.0%    0.0x     중간  0.35  0pt/0 [일봉]
003490  대한항공      29,450    0.0    +0.0%    0.0x     중간  0.55  0pt/0 [일봉]
004020  현대제철      36,150    0.0    +0.0%    0.0x     중간  1.10  0pt/0 [일봉]

══════════════════════════════════════════════════
⏰ 점심시간 (11:30~13:30) — 신규 매수 중단
→ 전종목 HOLD
✅ Discord 전송 완료

[12:38] HOLD | KODEX RSI59/+2.7%⬆️ | 보유:카카오(035720) +0.1% | 최고신호 한국전력(015760) 4pt/3pt [호가5.9★ / RSI55 / MA골든]
💰 예수금 60,361원 | KODEX200 RSI59/+2.8% 상승추세⬆️  | 매수기준 점수3pt↑
📦 보유 카카오(035720) 1주 -0.1%

코드      종목명           가격    RSI     변화율    거래량     BB   호가비  B/S
────────────────────────────────────────────────────────────────────────
[2단계 분석 대상: 035720, 015760, 272210, 403870, 086520, 105560]
011200  HMM       21,900    0.0    +0.0%    0.0x     중간  0.26  0pt/0 [일봉]
015760  한국전력      40,300   57.4    -2.7%    0.6x     하단  7.22  4pt/0 [5분]
035720  카카오       40,850   53.3    +0.1%    0.3x     중간  1.16  2pt/0 [5분]
030200  KT        57,100    0.0    +0.0%    0.0x     중간  0.35  0pt/0 [일봉]
003490  대한항공      29,500    0.0    +0.0%    0.0x     중간  0.48  0pt/0 [일봉]
004020  현대제철      36,250    0.0    +0.0%    0.0x     중간  1.03  0pt/0 [일봉]

══════════════════════════════════════════════════
⏰ 점심시간 (11:30~13:30) — 신규 매수 중단
→ 전종목 HOLD
✅ Discord 전송 완료

[12:40] HOLD | KODEX RSI59/+2.8%⬆️ | 보유:카카오(035720) -0.1% | 최고신호 한국전력(015760) 4pt/3pt [호가7.2★ / RSI57 / MA골든]
💰 예수금 60,361원 | KODEX200 RSI59/+2.8% 상승추세⬆️  | 매수기준 점수3pt↑
📦 보유 카카오(035720) 1주 -0.1%

코드      종목명           가격    RSI     변화율    거래량     BB   호가비  B/S
────────────────────────────────────────────────────────────────────────
[2단계 분석 대상: 035720, 015760, 272210, 086520, 403870, 329180]
011200  HMM       21,900    0.0    +0.0%    0.0x     중간  0.27  0pt/0 [일봉]
015760  한국전력      40,350   57.4    -2.5%    0.7x     하단  9.04  4pt/0 [5분]
035720  카카오       40,850   53.3    +0.1%    0.3x     중간  1.12  2pt/0 [5분]
030200  KT        57,100    0.0    +0.0%    0.0x     중간  0.29  0pt/0 [일봉]
003490  대한항공      29,450    0.0    +0.0%    0.0x     중간  0.56  0pt/0 [일봉]
004020  현대제철      36,250    0.0    +0.0%    0.0x     중간  0.81  0pt/0 [일봉]

══════════════════════════════════════════════════
⏰ 점심시간 (11:30~13:30) — 신규 매수 중단
→ 전종목 HOLD
✅ Discord 전송 완료

[12:42] HOLD | KODEX RSI59/+2.8%⬆️ | 보유:카카오(035720) -0.1% | 최고신호 한국전력(015760) 4pt/3pt [호가9.0★ / RSI57 / MA골든]
💰 예수금 60,361원 | KODEX200 RSI59/+2.9% 상승추세⬆️  | 매수기준 점수3pt↑
📦 보유 카카오(035720) 1주 -0.1%

코드      종목명           가격    RSI     변화율    거래량     BB   호가비  B/S
────────────────────────────────────────────────────────────────────────
[2단계 분석 대상: 035720, 015760, 272210, 403870, 086520, 247540]
011200  HMM       21,900    0.0    +0.0%    0.0x     중간  0.26  0pt/0 [일봉]
015760  한국전력      40,400   62.0    -2.5%    0.7x     하단  6.29  7pt/0 [5분]
035720  카카오       40,850   53.3    +0.1%    0.3x     중간  1.17  2pt/0 [5분]
030200  KT        57,100    0.0    +0.0%    0.0x     중간  0.32  0pt/0 [일봉]
003490  대한항공      29,400    0.0    +0.0%    0.0x     중간  0.68  0pt/0 [일봉]
004020  현대제철      36,250    0.0    +0.0%    0.0x     중간  0.95  0pt/0 [일봉]

══════════════════════════════════════════════════
⏰ 점심시간 (11:30~13:30) — 신규 매수 중단
→ 전종목 HOLD
✅ Discord 전송 완료

[12:44] HOLD | KODEX RSI59/+2.9%⬆️ | 보유:카카오(035720) -0.1% | 최고신호 한국전력(015760) 7pt/3pt [호가6.3★ / RSI62 / 연속상승 / 볼륨스파이크★ / MA골든]
💰 예수금 60,361원 | KODEX200 RSI60/+3.0% 상승추세⬆️  | 매수기준 점수3pt↑
📦 보유 카카오(035720) 1주 +0.1%

코드      종목명           가격    RSI     변화율    거래량     BB   호가비  B/S
────────────────────────────────────────────────────────────────────────
[2단계 분석 대상: 035720, 015760, 403870, 247540, 086520, 272210]
011200  HMM       21,900    0.0    +0.0%    0.0x     중간  0.24  0pt/0 [일봉]
015760  한국전력      40,350   62.0    -2.5%    0.7x     하단  6.97  7pt/0 [5분]
035720  카카오       40,900   57.1    +0.2%    0.3x     중간  1.17  3pt/0 [5분]
030200  KT        57,000    0.0    +0.0%    0.0x     중간  0.35  0pt/0 [일봉]
003490  대한항공      29,400    0.0    +0.0%    0.0x     중간  0.65  0pt/0 [일봉]
004020  현대제철      36,250    0.0    +0.0%    0.0x     중간  0.77  0pt/0 [일봉]

══════════════════════════════════════════════════
⏰ 점심시간 (11:30~13:30) — 신규 매수 중단
→ 전종목 HOLD
✅ Discord 전송 완료

[12:46] HOLD | KODEX RSI60/+3.0%⬆️ | 보유:카카오(035720) +0.1% | 최고신호 한국전력(015760) 7pt/3pt [호가7.0★ / RSI62 / 연속상승 / 볼륨스파이크★ / MA골든]
💰 예수금 60,361원 | KODEX200 RSI59/+2.8% 상승추세⬆️  | 매수기준 점수3pt↑
📦 보유 카카오(035720) 1주 +0.2%

코드      종목명           가격    RSI     변화율    거래량     BB   호가비  B/S
────────────────────────────────────────────────────────────────────────
[2단계 분석 대상: 035720, 015760, 272210, 086520, 403870, 247540]
011200  HMM       21,900    0.0    +0.0%    0.0x     중간  0.25  0pt/0 [일봉]
015760  한국전력      40,350   62.0    -2.7%    0.7x     하단  6.92  7pt/0 [5분]
035720  카카오       40,900   57.1    +0.2%    0.3x     중간  1.13  3pt/0 [5분]
030200  KT        57,100    0.0    +0.0%    0.0x     중간  0.30  0pt/0 [일봉]
003490  대한항공      29,400    0.0    +0.0%    0.0x     중간  0.68  0pt/0 [일봉]
004020  현대제철      36,200    0.0    +0.0%    0.0x     중간  1.05  0pt/0 [일봉]

══════════════════════════════════════════════════
⏰ 점심시간 (11:30~13:30) — 신규 매수 중단
→ 전종목 HOLD
✅ Discord 전송 완료

[12:48] HOLD | KODEX RSI59/+2.8%⬆️ | 보유:카카오(035720) +0.2% | 최고신호 한국전력(015760) 7pt/3pt [호가6.9★ / RSI62 / 연속상승 / 볼륨스파이크★ / MA골든]
💰 예수금 60,361원 | KODEX200 RSI59/+2.8% 상승추세⬆️  | 매수기준 점수3pt↑
📦 보유 카카오(035720) 1주 -0.1%

코드      종목명           가격    RSI     변화율    거래량     BB   호가비  B/S
────────────────────────────────────────────────────────────────────────
[2단계 분석 대상: 035720, 015760, 086520, 272210, 403870, 105560]
011200  HMM       21,900    0.0    +0.0%    0.0x     중간  0.24  0pt/0 [일봉]
015760  한국전력      40,300   62.0    -2.7%    0.7x     하단  6.58  5pt/0 [5분]
035720  카카오       40,850   53.8    +0.2%    0.3x     중간  1.20  3pt/0 [5분]
030200  KT        57,100    0.0    +0.0%    0.0x     중간  0.32  0pt/0 [일봉]
003490  대한항공      29,400    0.0    +0.0%    0.0x     중간  0.70  0pt/0 [일봉]
004020  현대제철      36,150    0.0    +0.0%    0.0x     중간  1.19  0pt/0 [일봉]

══════════════════════════════════════════════════
⏰ 점심시간 (11:30~13:30) — 신규 매수 중단
→ 전종목 HOLD
✅ Discord 전송 완료

[12:50] HOLD | KODEX RSI59/+2.8%⬆️ | 보유:카카오(035720) -0.1% | 최고신호 한국전력(015760) 5pt/3pt [호가6.6★ / RSI62 / 연속상승 / MA골든]
💰 예수금 60,361원 | KODEX200 RSI59/+2.7% 상승추세⬆️  | 매수기준 점수3pt↑
📦 보유 카카오(035720) 1주 +0.1%

코드      종목명           가격    RSI     변화율    거래량     BB   호가비  B/S
────────────────────────────────────────────────────────────────────────
[2단계 분석 대상: 035720, 015760, 086520, 247540, 403870, 272210]
011200  HMM       21,900    0.0    +0.0%    0.0x     중간  0.24  0pt/0 [일봉]
015760  한국전력      40,300   62.0    -2.7%    0.7x     하단  6.96  5pt/0 [5분]
035720  카카오       40,850   53.8    +0.1%    0.3x     중간  1.16  3pt/0 [5분]
030200  KT        57,100    0.0    +0.0%    0.0x     중간  0.33  0pt/0 [일봉]
003490  대한항공      29,400    0.0    +0.0%    0.0x     중간  0.70  0pt/0 [일봉]
004020  현대제철      36,100    0.0    +0.0%    0.0x     중간  1.86  1pt/0 [일봉]

══════════════════════════════════════════════════
⏰ 점심시간 (11:30~13:30) — 신규 매수 중단
→ 전종목 HOLD
✅ Discord 전송 완료

[12:52] HOLD | KODEX RSI59/+2.7%⬆️ | 보유:카카오(035720) +0.1% | 최고신호 한국전력(015760) 5pt/3pt [호가7.0★ / RSI62 / 연속상승 / MA골든]
💰 예수금 60,361원 | KODEX200 RSI59/+2.5% 상승추세⬆️  | 매수기준 점수3pt↑
📦 보유 카카오(035720) 1주 -0.1%

코드      종목명           가격    RSI     변화율    거래량     BB   호가비  B/S
────────────────────────────────────────────────────────────────────────
[2단계 분석 대상: 035720, 086520, 015760, 403870, 247540, 272210]
011200  HMM       21,850    0.0    +0.0%    0.0x     중간  0.24  0pt/0 [일봉]
015760  한국전력      40,300   54.8    -2.8%    0.7x     하단  6.65  4pt/0 [5분]
035720  카카오       40,800   53.8    -0.2%    0.3x     하단  1.33  3pt/0 [5분]
030200  KT        57,000    0.0    +0.0%    0.0x     중간  0.36  0pt/0 [일봉]
003490  대한항공      29,400    0.0    +0.0%    0.0x     중간  0.64  0pt/0 [일봉]
004020  현대제철      36,100    0.0    +0.0%    0.0x     중간  1.52  1pt/0 [일봉]

══════════════════════════════════════════════════
⏰ 점심시간 (11:30~13:30) — 신규 매수 중단
→ 전종목 HOLD
✅ Discord 전송 완료

[12:54] HOLD | KODEX RSI59/+2.5%⬆️ | 보유:카카오(035720) -0.1% | 최고신호 한국전력(015760) 4pt/3pt [호가6.7★ / RSI55 / MA골든]
💰 예수금 60,361원 | KODEX200 RSI59/+2.6% 상승추세⬆️  | 매수기준 점수3pt↑
📦 보유 카카오(035720) 1주 -0.2%

코드      종목명           가격    RSI     변화율    거래량     BB   호가비  B/S
────────────────────────────────────────────────────────────────────────
[2단계 분석 대상: 035720, 015760, 086520, 403870, 247540, 272210]
011200  HMM       21,900    0.0    +0.0%    0.0x     중간  0.24  0pt/0 [일봉]
015760  한국전력      40,300   54.8    -2.8%    0.7x     하단  7.09  4pt/0 [5분]
035720  카카오       40,800   53.8    +0.1%    0.3x     중간  1.15  3pt/0 [5분]
030200  KT        56,900    0.0    +0.0%    0.0x     중간  0.52  0pt/0 [일봉]
003490  대한항공      29,350    0.0    +0.0%    0.0x     중간  0.68  0pt/0 [일봉]
004020  현대제철      36,100    0.0    +0.0%    0.0x     중간  1.32  1pt/0 [일봉]

══════════════════════════════════════════════════
⏰ 점심시간 (11:30~13:30) — 신규 매수 중단
→ 전종목 HOLD
✅ Discord 전송 완료

[12:56] HOLD | KODEX RSI59/+2.6%⬆️ | 보유:카카오(035720) -0.2% | 최고신호 한국전력(015760) 4pt/3pt [호가7.1★ / RSI55 / MA골든]
💰 예수금 60,361원 | KODEX200 RSI59/+2.6% 상승추세⬆️  | 매수기준 점수3pt↑
📦 보유 카카오(035720) 1주 -0.2%

코드      종목명           가격    RSI     변화율    거래량     BB   호가비  B/S
────────────────────────────────────────────────────────────────────────
[2단계 분석 대상: 035720, 086520, 015760, 247540, 272210, 403870]
011200  HMM       21,850    0.0    +0.0%    0.0x     중간  0.25  0pt/0 [일봉]
015760  한국전력      40,300   54.8    -2.7%    0.7x     하단  7.00  4pt/0 [5분]
035720  카카오       40,800   53.8    +0.0%    0.3x     중간  1.20  3pt/0 [5분]
030200  KT        57,000    0.0    +0.0%    0.0x     중간  0.37  0pt/0 [일봉]
003490  대한항공      29,350    0.0    +0.0%    0.0x     중간  0.63  0pt/0 [일봉]
004020  현대제철      36,100    0.0    +0.0%    0.0x     중간  1.38  1pt/0 [일봉]

══════════════════════════════════════════════════
⏰ 점심시간 (11:30~13:30) — 신규 매수 중단
→ 전종목 HOLD
✅ Discord 전송 완료

[12:58] HOLD | KODEX RSI59/+2.6%⬆️ | 보유:카카오(035720) -0.2% | 최고신호 한국전력(015760) 4pt/3pt [호가7.0★ / RSI55 / MA골든]
💰 예수금 60,361원 | KODEX200 RSI59/+2.6% 상승추세⬆️  | 매수기준 점수3pt↑
📦 보유 카카오(035720) 1주 -0.2%

코드      종목명           가격    RSI     변화율    거래량     BB   호가비  B/S
────────────────────────────────────────────────────────────────────────
[2단계 분석 대상: 035720, 015760, 086520, 247540, 403870, 272210]
011200  HMM       21,850    0.0    +0.0%    0.0x     중간  0.18  0pt/0 [일봉]
015760  한국전력      40,300   50.0    -2.7%    0.7x     하단  7.97  4pt/0 [5분]
035720  카카오       40,750   46.2    +0.0%    0.3x     중간  1.23  5pt/0 [5분]
030200  KT        56,900    0.0    +0.0%    0.0x     중간  0.55  0pt/0 [일봉]
003490  대한항공      29,350    0.0    +0.0%    0.0x     중간  0.61  0pt/0 [일봉]
004020  현대제철      36,150    0.0    +0.0%    0.0x     중간  0.97  0pt/0 [일봉]

══════════════════════════════════════════════════
⏰ 점심시간 (11:30~13:30) — 신규 매수 중단
→ 전종목 HOLD
✅ Discord 전송 완료

[13:00] HOLD | KODEX RSI59/+2.6%⬆️ | 보유:카카오(035720) -0.2% | 최고신호 카카오(035720) 5pt/3pt [RSI46 / 볼륨스파이크★ / MA골든 / BB반등]
💰 예수금 60,361원 | KODEX200 RSI59/+2.6% 상승추세⬆️  | 매수기준 점수3pt↑
📦 보유 카카오(035720) 1주 -0.3%

코드      종목명           가격    RSI     변화율    거래량     BB   호가비  B/S
────────────────────────────────────────────────────────────────────────
[2단계 분석 대상: 035720, 015760, 086520, 247540, 403870, 017670]
011200  HMM       21,850    0.0    +0.0%    0.0x     중간  0.19  0pt/0 [일봉]
015760  한국전력      40,300   50.0    -2.7%    0.7x     하단  7.44  4pt/0 [5분]
035720  카카오       40,750   46.2    -0.1%    0.3x     하단  1.14  4pt/0 [5분]
030200  KT        56,900    0.0    +0.0%    0.0x     중간  0.56  0pt/0 [일봉]
003490  대한항공      29,350    0.0    +0.0%    0.0x     중간  0.64  0pt/0 [일봉]
004020  현대제철      36,100    0.0    +0.0%    0.0x     중간  1.23  0pt/0 [일봉]

══════════════════════════════════════════════════
⏰ 점심시간 (11:30~13:30) — 신규 매수 중단
→ 전종목 HOLD
✅ Discord 전송 완료

[13:02] HOLD | KODEX RSI59/+2.6%⬆️ | 보유:카카오(035720) -0.3% | 최고신호 한국전력(015760) 4pt/3pt [호가7.4★ / RSI50 / MA골든]
💰 예수금 60,362원 | KODEX200 RSI59/+2.6% 상승추세⬆️  | 매수기준 점수3pt↑
📦 보유 카카오(035720) 1주 -0.4%

코드      종목명           가격    RSI     변화율    거래량     BB   호가비  B/S
────────────────────────────────────────────────────────────────────────
[2단계 분석 대상: 035720, 015760, 403870, 086520, 247540, 096770]
011200  HMM       21,800    0.0    +0.0%    0.0x     중간  0.22  0pt/0 [일봉]
015760  한국전력      40,300   64.3    -2.7%    0.7x     하단  7.16  5pt/0 [5분]
035720  카카오       40,700   54.5    -0.2%    0.3x     하단  1.29  2pt/0 [5분]
030200  KT        56,900    0.0    +0.0%    0.0x     중간  0.50  0pt/0 [일봉]
003490  대한항공      29,400    0.0    +0.0%    0.0x     중간  0.59  0pt/0 [일봉]
004020  현대제철      36,100    0.0    +0.0%    0.0x     중간  1.35  1pt/0 [일봉]

══════════════════════════════════════════════════
⏰ 점심시간 (11:30~13:30) — 신규 매수 중단
→ 전종목 HOLD
✅ Discord 전송 완료

[13:04] HOLD | KODEX RSI59/+2.6%⬆️ | 보유:카카오(035720) -0.4% | 최고신호 한국전력(015760) 5pt/3pt [호가7.2★ / RSI64 / 볼륨급증 / MA골든]
💰 예수금 60,362원 | KODEX200 RSI59/+2.5% 상승추세⬆️  | 매수기준 점수3pt↑
📦 보유 카카오(035720) 1주 -0.4%

코드      종목명           가격    RSI     변화율    거래량     BB   호가비  B/S
────────────────────────────────────────────────────────────────────────
[2단계 분석 대상: 035720, 086520, 403870, 015760, 247540, 017670]
011200  HMM       21,800    0.0    +0.0%    0.0x     중간  0.22  0pt/0 [일봉]
015760  한국전력      40,200   64.3    -3.0%    0.7x     하단  5.40  5pt/0 [5분]
035720  카카오       40,700   54.5    -0.2%    0.3x     하단  1.17  2pt/0 [5분]
030200  KT        56,800    0.0    +0.0%    0.0x     중간  0.56  0pt/0 [일봉]
003490  대한항공      29,400    0.0    +0.0%    0.0x     중간  0.57  0pt/0 [일봉]
004020  현대제철      36,100    0.0    +0.0%    0.0x     중간  1.36  1pt/0 [일봉]

══════════════════════════════════════════════════
⏰ 점심시간 (11:30~13:30) — 신규 매수 중단
→ 전종목 HOLD
✅ Discord 전송 완료

[13:06] HOLD | KODEX RSI59/+2.5%⬆️ | 보유:카카오(035720) -0.4% | 최고신호 한국전력(015760) 5pt/3pt [호가5.4★ / RSI64 / 볼륨급증 / MA골든]
💰 예수금 60,362원 | KODEX200 RSI59/+2.5% 상승추세⬆️  | 매수기준 점수3pt↑
📦 보유 카카오(035720) 1주 -0.4%

코드      종목명           가격    RSI     변화율    거래량     BB   호가비  B/S
────────────────────────────────────────────────────────────────────────
[2단계 분석 대상: 035720, 403870, 247540, 015760, 086520, 272210]
011200  HMM       21,800    0.0    +0.0%    0.0x     중간  0.21  0pt/0 [일봉]
015760  한국전력      40,250   64.3    -2.8%    0.7x     하단  6.68  5pt/0 [5분]
035720  카카오       40,700   54.5    -0.2%    0.3x     하단  1.13  2pt/0 [5분]
030200  KT        56,900    0.0    +0.0%    0.0x     중간  0.46  0pt/0 [일봉]
003490  대한항공      29,400    0.0    +0.0%    0.0x     중간  0.59  0pt/0 [일봉]
004020  현대제철      36,100    0.0    +0.0%    0.0x     중간  1.04  0pt/0 [일봉]

══════════════════════════════════════════════════
⏰ 점심시간 (11:30~13:30) — 신규 매수 중단
→ 전종목 HOLD
✅ Discord 전송 완료

[13:08] HOLD | KODEX RSI59/+2.5%⬆️ | 보유:카카오(035720) -0.4% | 최고신호 한국전력(015760) 5pt/3pt [호가6.7★ / RSI64 / 볼륨급증 / MA골든]
💰 예수금 60,362원 | KODEX200 RSI59/+2.5% 상승추세⬆️  | 매수기준 점수3pt↑
📦 보유 카카오(035720) 1주 -0.4%

코드      종목명           가격    RSI     변화율    거래량     BB   호가비  B/S
────────────────────────────────────────────────────────────────────────
[2단계 분석 대상: 035720, 015760, 247540, 403870, 086520, 000150]
011200  HMM       21,800    0.0    +0.0%    0.0x     중간  0.20  0pt/0 [일봉]
015760  한국전력      40,300   78.6    -2.7%    0.7x     하단  9.35  4pt/0 [5분]
035720  카카오       40,700   66.7    -0.1%    0.3x     중간  1.09  1pt/0 [5분]
030200  KT        56,900    0.0    +0.0%    0.0x     중간  0.53  0pt/0 [일봉]
003490  대한항공      29,350    0.0    +0.0%    0.0x     중간  0.59  0pt/0 [일봉]
004020  현대제철      36,150    0.0    +0.0%    0.0x     중간  1.64  1pt/0 [일봉]

══════════════════════════════════════════════════
⏰ 점심시간 (11:30~13:30) — 신규 매수 중단
→ 전종목 HOLD
✅ Discord 전송 완료

[13:10] HOLD | KODEX RSI59/+2.5%⬆️ | 보유:카카오(035720) -0.4% | 최고신호 한국전력(015760) 4pt/3pt [호가9.3★ / 연속상승 / MA골든]
💰 예수금 60,361원 | KODEX200 RSI59/+2.6% 상승추세⬆️  | 매수기준 점수3pt↑
📦 보유 카카오(035720) 1주 -0.3%

코드      종목명           가격    RSI     변화율    거래량     BB   호가비  B/S
────────────────────────────────────────────────────────────────────────
[2단계 분석 대상: 035720, 015760, 403870, 138040, 086520, 017670]
011200  HMM       21,800    0.0    +0.0%    0.0x     중간  0.19  0pt/0 [일봉]
015760  한국전력      40,300   78.6    -2.8%    0.7x     하단  7.29  4pt/0 [5분]
035720  카카오       40,700   66.7    -0.2%    0.3x     하단  1.09  1pt/0 [5분]
030200  KT        56,900    0.0    +0.0%    0.0x     중간  0.53  0pt/0 [일봉]
003490  대한항공      29,300    0.0    +0.0%    0.0x     중간  0.63  0pt/0 [일봉]
004020  현대제철      36,200    0.0    +0.0%    0.0x     중간  1.11  0pt/0 [일봉]

══════════════════════════════════════════════════
⏰ 점심시간 (11:30~13:30) — 신규 매수 중단
→ 전종목 HOLD
✅ Discord 전송 완료

[13:12] HOLD | KODEX RSI59/+2.6%⬆️ | 보유:카카오(035720) -0.3% | 최고신호 한국전력(015760) 4pt/3pt [호가7.3★ / 연속상승 / MA골든]
💰 예수금 60,361원 | KODEX200 RSI59/+2.5% 상승추세⬆️  | 매수기준 점수3pt↑
📦 보유 카카오(035720) 1주 -0.3%

코드      종목명           가격    RSI     변화율    거래량     BB   호가비  B/S
────────────────────────────────────────────────────────────────────────
[2단계 분석 대상: 035720, 015760, 086520, 138040, 403870, 017670]
011200  HMM       21,750    0.0    +0.0%    0.0x     중간  0.20  0pt/0 [일봉]
015760  한국전력      40,300   70.5    -2.8%    0.7x     하단  6.74  4pt/0 [5분]
035720  카카오       40,700   88.9    -0.2%    0.3x     하단  0.96  1pt/0 [5분]
030200  KT        56,900    0.0    +0.0%    0.0x     중간  0.53  0pt/0 [일봉]
003490  대한항공      29,300    0.0    +0.0%    0.0x     중간  0.65  0pt/0 [일봉]
004020  현대제철      36,150    0.0    +0.0%    0.0x     중간  1.12  0pt/0 [일봉]

══════════════════════════════════════════════════
⏰ 점심시간 (11:30~13:30) — 신규 매수 중단
→ 전종목 HOLD
✅ Discord 전송 완료

[13:14] HOLD | KODEX RSI59/+2.5%⬆️ | 보유:카카오(035720) -0.3% | 최고신호 한국전력(015760) 4pt/3pt [호가6.7★ / 연속상승 / MA골든]
💰 예수금 60,361원 | KODEX200 RSI59/+2.6% 상승추세⬆️  | 매수기준 점수3pt↑
📦 보유 카카오(035720) 1주 -0.3%

코드      종목명           가격    RSI     변화율    거래량     BB   호가비  B/S
────────────────────────────────────────────────────────────────────────
[2단계 분석 대상: 035720, 015760, 086520, 403870, 247540, 000150]
011200  HMM       21,750    0.0    +0.0%    0.0x     중간  0.20  0pt/0 [일봉]
015760  한국전력      40,300   70.5    -2.7%    0.7x     하단  6.06  4pt/0 [5분]
035720  카카오       40,700   88.9    -0.2%    0.3x     하단  0.94  1pt/0 [5분]
030200  KT        57,000    0.0    +0.0%    0.0x     중간  0.37  0pt/0 [일봉]
003490  대한항공      29,300    0.0    +0.0%    0.0x     중간  0.63  0pt/0 [일봉]
004020  현대제철      36,150    0.0    +0.0%    0.0x     중간  1.40  1pt/0 [일봉]

══════════════════════════════════════════════════
⏰ 점심시간 (11:30~13:30) — 신규 매수 중단
→ 전종목 HOLD
✅ Discord 전송 완료

[13:16] HOLD | KODEX RSI59/+2.6%⬆️ | 보유:카카오(035720) -0.3% | 최고신호 한국전력(015760) 4pt/3pt [호가6.1★ / 연속상승 / MA골든]
💰 예수금 60,362원 | KODEX200 RSI59/+2.6% 상승추세⬆️  | 매수기준 점수3pt↑
📦 보유 카카오(035720) 1주 -0.4%

코드      종목명           가격    RSI     변화율    거래량     BB   호가비  B/S
────────────────────────────────────────────────────────────────────────
[2단계 분석 대상: 035720, 138040, 403870, 015760, 086520, 000150]
011200  HMM       21,750    0.0    +0.0%    0.0x     중간  0.20  0pt/0 [일봉]
015760  한국전력      40,300   70.5    -2.8%    0.7x     하단  6.36  4pt/0 [5분]
035720  카카오       40,650   88.9    -0.2%    0.3x     하단  0.95  1pt/0 [5분]
030200  KT        56,900    0.0    +0.0%    0.0x     중간  0.53  0pt/0 [일봉]
003490  대한항공      29,300    0.0    +0.0%    0.0x     중간  0.63  0pt/0 [일봉]
004020  현대제철      36,200    0.0    +0.0%    0.0x     중간  1.17  0pt/0 [일봉]

══════════════════════════════════════════════════
⏰ 점심시간 (11:30~13:30) — 신규 매수 중단
→ 전종목 HOLD
✅ Discord 전송 완료

[13:18] HOLD | KODEX RSI59/+2.6%⬆️ | 보유:카카오(035720) -0.4% | 최고신호 한국전력(015760) 4pt/3pt [호가6.4★ / 연속상승 / MA골든]
💰 예수금 60,362원 | KODEX200 RSI59/+2.5% 상승추세⬆️  | 매수기준 점수3pt↑
📦 보유 카카오(035720) 1주 -0.6%

코드      종목명           가격    RSI     변화율    거래량     BB   호가비  B/S
────────────────────────────────────────────────────────────────────────
[2단계 분석 대상: 035720, 247540, 086520, 403870, 015760, 017670]
011200  HMM       21,750    0.0    +0.0%    0.0x     중간  0.20  0pt/0 [일봉]
015760  한국전력      40,250   70.5    -2.9%    0.7x     하단  4.42  3pt/0 [5분]
035720  카카오       40,650   88.9    -0.2%    0.3x     하단  0.95  2pt/0 [5분]
030200  KT        56,900    0.0    +0.0%    0.0x     중간  0.51  0pt/0 [일봉]
003490  대한항공      29,350    0.0    +0.0%    0.0x     중간  0.59  0pt/0 [일봉]
004020  현대제철      36,150    0.0    +0.0%    0.0x     중간  1.22  0pt/0 [일봉]

══════════════════════════════════════════════════
⏰ 점심시간 (11:30~13:30) — 신규 매수 중단
→ 전종목 HOLD
✅ Discord 전송 완료

[13:20] HOLD | KODEX RSI59/+2.5%⬆️ | 보유:카카오(035720) -0.6% | 최고신호 한국전력(015760) 3pt/3pt [호가4.4★ / MA골든]
💰 예수금 60,362원 | KODEX200 RSI59/+2.7% 상승추세⬆️  | 매수기준 점수3pt↑
📦 보유 카카오(035720) 1주 -0.6%

코드      종목명           가격    RSI     변화율    거래량     BB   호가비  B/S
────────────────────────────────────────────────────────────────────────
[2단계 분석 대상: 035720, 247540, 086520, 015760, 403870, 017670]
011200  HMM       21,750    0.0    +0.0%    0.0x     중간  0.19  0pt/0 [일봉]
015760  한국전력      40,200   70.5    -2.9%    0.7x     하단  4.74  3pt/0 [5분]
035720  카카오       40,650   88.9    -0.3%    0.3x     하단  0.94  2pt/0 [5분]
030200  KT        57,000    0.0    +0.0%    0.0x     중간  0.40  0pt/0 [일봉]
003490  대한항공      29,350    0.0    +0.0%    0.0x     중간  0.60  0pt/0 [일봉]
004020  현대제철      36,150    0.0    +0.0%    0.0x     중간  1.20  0pt/0 [일봉]

══════════════════════════════════════════════════
⏰ 점심시간 (11:30~13:30) — 신규 매수 중단
→ 전종목 HOLD
✅ Discord 전송 완료

[13:22] HOLD | KODEX RSI59/+2.7%⬆️ | 보유:카카오(035720) -0.6% | 최고신호 한국전력(015760) 3pt/3pt [호가4.7★ / MA골든]
💰 예수금 60,362원 | KODEX200 RSI59/+2.7% 상승추세⬆️  | 매수기준 점수3pt↑
📦 보유 카카오(035720) 1주 -0.6%

코드      종목명           가격    RSI     변화율    거래량     BB   호가비  B/S
────────────────────────────────────────────────────────────────────────
[2단계 분석 대상: 035720, 247540, 086520, 015760, 403870, 000150]
011200  HMM       21,700    0.0    +0.0%    0.0x     중간  0.30  0pt/0 [일봉]
015760  한국전력      40,200   66.7    -3.0%    0.7x     하단  4.59  3pt/0 [5분]
035720  카카오       40,650   88.9    -0.4%    0.3x     하단  1.00  2pt/0 [5분]
030200  KT        57,000    0.0    +0.0%    0.0x     중간  0.33  0pt/0 [일봉]
003490  대한항공      29,300    0.0    +0.0%    0.0x     중간  0.75  0pt/0 [일봉]
004020  현대제철      36,200    0.0    +0.0%    0.0x     중간  1.17  0pt/0 [일봉]

══════════════════════════════════════════════════
⏰ 점심시간 (11:30~13:30) — 신규 매수 중단
→ 전종목 HOLD
✅ Discord 전송 완료

[13:24] HOLD | KODEX RSI59/+2.7%⬆️ | 보유:카카오(035720) -0.6% | 최고신호 한국전력(015760) 3pt/3pt [호가4.6★ / MA골든]
💰 예수금 60,362원 | KODEX200 RSI59/+2.5% 상승추세⬆️  | 매수기준 점수3pt↑
📦 보유 카카오(035720) 1주 -0.6%

코드      종목명           가격    RSI     변화율    거래량     BB   호가비  B/S
────────────────────────────────────────────────────────────────────────
[2단계 분석 대상: 035720, 247540, 086520, 403870, 017670, 015760]
011200  HMM       21,750    0.0    +0.0%    0.0x     중간  0.21  0pt/0 [일봉]
015760  한국전력      40,200   66.7    -3.0%    0.7x     하단  3.69  3pt/0 [5분]
035720  카카오       40,650   88.9    -0.4%    0.3x     하단  0.99  2pt/0 [5분]
030200  KT        57,000    0.0    +0.0%    0.0x     중간  0.36  0pt/0 [일봉]
003490  대한항공      29,250    0.0    +0.0%    0.0x     중간  0.80  0pt/0 [일봉]
004020  현대제철      36,150    0.0    +0.0%    0.0x     중간  1.20  0pt/0 [일봉]

══════════════════════════════════════════════════
⏰ 점심시간 (11:30~13:30) — 신규 매수 중단
→ 전종목 HOLD
✅ Discord 전송 완료

[13:26] HOLD | KODEX RSI59/+2.5%⬆️ | 보유:카카오(035720) -0.6% | 최고신호 한국전력(015760) 3pt/3pt [호가3.7★ / MA골든]
💰 예수금 60,362원 | KODEX200 RSI59/+2.5% 상승추세⬆️  | 매수기준 점수3pt↑
📦 보유 카카오(035720) 1주 -0.6%

코드      종목명           가격    RSI     변화율    거래량     BB   호가비  B/S
────────────────────────────────────────────────────────────────────────
[2단계 분석 대상: 035720, 247540, 086520, 403870, 015760, 017670]
011200  HMM       21,750    0.0    +0.0%    0.0x     중간  0.21  0pt/0 [일봉]
015760  한국전력      40,200   66.7    -2.9%    0.7x     하단  3.96  3pt/0 [5분]
035720  카카오       40,600   88.9    -0.4%    0.3x     하단  0.89  2pt/0 [5분]
030200  KT        57,000    0.0    +0.0%    0.0x     중간  0.35  0pt/0 [일봉]
003490  대한항공      29,250    0.0    +0.0%    0.0x     중간  0.81  0pt/0 [일봉]
004020  현대제철      36,100    0.0    +0.0%    0.0x     중간  1.51  1pt/0 [일봉]

══════════════════════════════════════════════════
⏰ 점심시간 (11:30~13:30) — 신규 매수 중단
→ 전종목 HOLD
✅ Discord 전송 완료

[13:28] HOLD | KODEX RSI59/+2.5%⬆️ | 보유:카카오(035720) -0.6% | 최고신호 한국전력(015760) 3pt/3pt [호가4.0★ / MA골든]
💰 예수금 60,362원 | KODEX200 RSI59/+2.6% 상승추세⬆️  | 매수기준 점수3pt↑
📦 보유 카카오(035720) 1주 -0.7%

코드      종목명           가격    RSI     변화율    거래량     BB   호가비  B/S
────────────────────────────────────────────────────────────────────────
[2단계 분석 대상: 035720, 247540, 086520, 138040, 015760, 017670]
011200  HMM       21,750    0.0    +0.0%    0.0x     중간  0.20  0pt/0 [일봉]
015760  한국전력      40,200   70.0    -3.0%    0.7x     하단  4.15  3pt/0 [5분]
035720  카카오       40,600   77.8    -0.5%    0.3x     하단  0.91  1pt/0 [5분]
030200  KT        57,000    0.0    +0.0%    0.0x     중간  0.37  0pt/0 [일봉]
003490  대한항공      29,250    0.0    +0.0%    0.0x     중간  0.79  0pt/0 [일봉]
004020  현대제철      36,150    0.0    +0.0%    0.0x     중간  1.24  0pt/0 [일봉]

══════════════════════════════════════════════════
→ 전종목 HOLD
✅ Discord 전송 완료

[13:30] HOLD | KODEX RSI59/+2.6%⬆️ | 보유:카카오(035720) -0.7% | 최고신호 한국전력(015760) 3pt/3pt [호가4.2★ / MA골든]
💰 예수금 60,362원 | KODEX200 RSI59/+2.6% 상승추세⬆️  | 매수기준 점수3pt↑
📦 보유 카카오(035720) 1주 -0.7%

코드      종목명           가격    RSI     변화율    거래량     BB   호가비  B/S
────────────────────────────────────────────────────────────────────────
[2단계 분석 대상: 035720, 015760, 017670, 403870, 086520, 247540]
011200  HMM       21,750    0.0    +0.0%    0.0x     중간  0.20  0pt/0 [일봉]
015760  한국전력      40,250   70.0    -2.8%    0.7x     하단  5.90  3pt/0 [5분]
035720  카카오       40,600   77.8    -0.5%    0.3x     하단  0.96  1pt/0 [5분]
030200  KT        56,900    0.0    +0.0%    0.0x     중간  0.55  0pt/0 [일봉]
003490  대한항공      29,250    0.0    +0.0%    0.0x     중간  0.72  0pt/0 [일봉]
004020  현대제철      36,100    0.0    +0.0%    0.0x     중간  1.49  1pt/0 [일봉]

══════════════════════════════════════════════════
→ 전종목 HOLD
✅ Discord 전송 완료

[13:32] HOLD | KODEX RSI59/+2.6%⬆️ | 보유:카카오(035720) -0.7% | 최고신호 한국전력(015760) 3pt/3pt [호가5.9★ / MA골든]
💰 예수금 60,362원 | KODEX200 RSI59/+2.5% 상승추세⬆️  | 매수기준 점수3pt↑
📦 보유 카카오(035720) 1주 -0.7%

코드      종목명           가격    RSI     변화율    거래량     BB   호가비  B/S
────────────────────────────────────────────────────────────────────────
[2단계 분석 대상: 035720, 015760, 403870, 017670, 086520, 000150]
011200  HMM       21,800    0.0    +0.0%    0.0x     중간  0.18  0pt/0 [일봉]
015760  한국전력      40,250   66.7    -2.9%    0.7x     하단  6.61  5pt/0 [5분]
035720  카카오       40,600   80.0    -0.4%    0.3x     하단  0.89  1pt/0 [5분]
030200  KT        56,900    0.0    +0.0%    0.0x     중간  0.49  0pt/0 [일봉]
003490  대한항공      29,200    0.0    +0.0%    0.0x     중간  1.09  0pt/0 [일봉]
004020  현대제철      36,100    0.0    +0.0%    0.0x     중간  1.28  0pt/0 [일봉]

══════════════════════════════════════════════════
🚫 한국전력(015760) 5pt 차단: chg-2.9%<기준
→ 전종목 HOLD
✅ Discord 전송 완료

[13:34] HOLD | KODEX RSI59/+2.5%⬆️ | 보유:카카오(035720) -0.7% | 최고신호 한국전력(015760) 5pt/3pt [호가6.6★ / 연속상승 / 볼륨급증 / MA골든]
💰 예수금 60,362원 | KODEX200 RSI59/+2.5% 상승추세⬆️  | 매수기준 점수3pt↑
📦 보유 카카오(035720) 1주 -0.7%

코드      종목명           가격    RSI     변화율    거래량     BB   호가비  B/S
────────────────────────────────────────────────────────────────────────
[2단계 분석 대상: 035720, 015760, 017670, 403870, 272210, 000150]
011200  HMM       21,850    0.0    +0.0%    0.0x     중간  0.16  0pt/0 [일봉]
015760  한국전력      40,200   66.7    -2.9%    0.7x     하단  6.77  5pt/0 [5분]
035720  카카오       40,600   80.0    -0.4%    0.3x     하단  0.89  1pt/0 [5분]
030200  KT        56,900    0.0    +0.0%    0.0x     중간  0.46  0pt/0 [일봉]
003490  대한항공      29,250    0.0    +0.0%    0.0x     중간  0.83  0pt/0 [일봉]
004020  현대제철      36,100    0.0    +0.0%    0.0x     중간  1.28  0pt/0 [일봉]

══════════════════════════════════════════════════
🚫 한국전력(015760) 5pt 차단: chg-2.9%<기준
→ 전종목 HOLD
✅ Discord 전송 완료

[13:36] HOLD | KODEX RSI59/+2.5%⬆️ | 보유:카카오(035720) -0.7% | 최고신호 한국전력(015760) 5pt/3pt [호가6.8★ / 연속상승 / 볼륨급증 / MA골든]
💰 예수금 60,362원 | KODEX200 RSI59/+2.5% 상승추세⬆️  | 매수기준 점수3pt↑
📦 보유 카카오(035720) 1주 -0.7%

코드      종목명           가격    RSI     변화율    거래량     BB   호가비  B/S
────────────────────────────────────────────────────────────────────────
[2단계 분석 대상: 035720, 015760, 017670, 403870, 272210, 086520]
011200  HMM       21,900    0.0    +0.0%    0.0x     중간  0.15  0pt/0 [일봉]
015760  한국전력      40,200   66.7    -2.8%    0.7x     하단  8.06  5pt/0 [5분]
035720  카카오       40,600   80.0    -0.5%    0.3x     하단  0.86  1pt/0 [5분]
030200  KT        56,900    0.0    +0.0%    0.0x     중간  0.48  0pt/0 [일봉]
003490  대한항공      29,250    0.0    +0.0%    0.0x     중간  0.75  0pt/0 [일봉]
004020  현대제철      36,100    0.0    +0.0%    0.0x     중간  1.21  0pt/0 [일봉]

══════════════════════════════════════════════════
🚫 한국전력(015760) 5pt 차단: chg-2.8%<기준
→ 전종목 HOLD
✅ Discord 전송 완료

[13:38] HOLD | KODEX RSI59/+2.5%⬆️ | 보유:카카오(035720) -0.7% | 최고신호 한국전력(015760) 5pt/3pt [호가8.1★ / 연속상승 / 볼륨급증 / MA골든]
💰 예수금 60,362원 | KODEX200 RSI59/+2.7% 상승추세⬆️  | 매수기준 점수3pt↑
📦 보유 카카오(035720) 1주 -0.8%

코드      종목명           가격    RSI     변화율    거래량     BB   호가비  B/S
────────────────────────────────────────────────────────────────────────
[2단계 분석 대상: 035720, 015760, 017670, 000150, 403870, 032830]
011200  HMM       21,900    0.0    +0.0%    0.0x     중간  0.15  0pt/0 [일봉]
015760  한국전력      40,250   63.2    -2.9%    0.7x     하단  6.98  4pt/0 [5분]
035720  카카오       40,600   72.7    -0.5%    0.3x     하단  1.15  2pt/0 [5분]
030200  KT        56,900    0.0    +0.0%    0.0x     중간  0.48  0pt/0 [일봉]
003490  대한항공      29,300    0.0    +0.0%    0.0x     중간  0.76  0pt/0 [일봉]
004020  현대제철      36,150    0.0    +0.0%    0.0x     중간  1.02  0pt/0 [일봉]

══════════════════════════════════════════════════
🚫 한국전력(015760) 4pt 차단: chg-2.9%<기준
→ 전종목 HOLD
✅ Discord 전송 완료

[13:40] HOLD | KODEX RSI59/+2.7%⬆️ | 보유:카카오(035720) -0.8% | 최고신호 한국전력(015760) 4pt/3pt [호가7.0★ / RSI63 / MA골든]
💰 예수금 60,362원 | KODEX200 RSI59/+2.6% 상승추세⬆️  | 매수기준 점수3pt↑
📦 보유 카카오(035720) 1주 -0.7%

코드      종목명           가격    RSI     변화율    거래량     BB   호가비  B/S
────────────────────────────────────────────────────────────────────────
[2단계 분석 대상: 035720, 000150, 015760, 138040, 017670, 086520]
011200  HMM       21,850    0.0    +0.0%    0.0x     중간  0.17  0pt/0 [일봉]
015760  한국전력      40,250   63.2    -2.9%    0.7x     하단  7.16  4pt/0 [5분]
035720  카카오       40,600   72.7    -0.5%    0.3x     하단  1.05  2pt/0 [5분]
030200  KT        56,800    0.0    +0.0%    0.0x     중간  0.58  0pt/0 [일봉]
003490  대한항공      29,300    0.0    +0.0%    0.0x     중간  0.81  0pt/0 [일봉]
004020  현대제철      36,250    0.0    +0.0%    0.0x     중간  0.79  0pt/0 [일봉]

══════════════════════════════════════════════════
🚫 한국전력(015760) 4pt 차단: chg-2.9%<기준
→ 전종목 HOLD
✅ Discord 전송 완료

[13:42] HOLD | KODEX RSI59/+2.6%⬆️ | 보유:카카오(035720) -0.7% | 최고신호 한국전력(015760) 4pt/3pt [호가7.2★ / RSI63 / MA골든]
💰 예수금 60,362원 | KODEX200 RSI59/+2.5% 상승추세⬆️  | 매수기준 점수3pt↑
📦 보유 카카오(035720) 1주 -0.6%

코드      종목명           가격    RSI     변화율    거래량     BB   호가비  B/S
────────────────────────────────────────────────────────────────────────
[2단계 분석 대상: 035720, 015760, 138040, 017670, 403870, 272210]
011200  HMM       21,850    0.0    +0.0%    0.0x     중간  0.17  0pt/0 [일봉]
015760  한국전력      40,250   55.6    -2.9%    0.7x     하단  7.30  4pt/0 [5분]
035720  카카오       40,600   70.0    -0.4%    0.3x     하단  1.23  1pt/0 [5분]
030200  KT        56,700    0.0    +0.0%    0.0x     중간  0.60  0pt/0 [일봉]
003490  대한항공      29,300    0.0    +0.0%    0.0x     중간  0.84  0pt/0 [일봉]
004020  현대제철      36,200    0.0    +0.0%    0.0x     중간  1.32  1pt/0 [일봉]

══════════════════════════════════════════════════
🚫 한국전력(015760) 4pt 차단: chg-2.9%<기준
→ 전종목 HOLD
✅ Discord 전송 완료

[13:44] HOLD | KODEX RSI59/+2.5%⬆️ | 보유:카카오(035720) -0.6% | 최고신호 한국전력(015760) 4pt/3pt [호가7.3★ / RSI56 / MA골든]
💰 예수금 60,362원 | KODEX200 RSI59/+2.5% 상승추세⬆️  | 매수기준 점수3pt↑
📦 보유 카카오(035720) 1주 -0.6%

코드      종목명           가격    RSI     변화율    거래량     BB   호가비  B/S
────────────────────────────────────────────────────────────────────────
[2단계 분석 대상: 035720, 017670, 015760, 138040, 272210, 329180]
011200  HMM       21,850    0.0    +0.0%    0.0x     중간  0.17  0pt/0 [일봉]
015760  한국전력      40,250   55.6    -2.8%    0.7x     하단  6.53  4pt/0 [5분]
035720  카카오       40,600   70.0    -0.4%    0.3x     하단  1.26  1pt/0 [5분]
030200  KT        56,700    0.0    +0.0%    0.0x     중간  0.57  0pt/0 [일봉]
003490  대한항공      29,300    0.0    +0.0%    0.0x     중간  0.80  0pt/0 [일봉]
004020  현대제철      36,250    0.0    +0.0%    0.0x     중간  0.73  0pt/0 [일봉]

══════════════════════════════════════════════════
🚫 한국전력(015760) 4pt 차단: chg-2.8%<기준
→ 전종목 HOLD
✅ Discord 전송 완료

[13:46] HOLD | KODEX RSI59/+2.5%⬆️ | 보유:카카오(035720) -0.6% | 최고신호 한국전력(015760) 4pt/3pt [호가6.5★ / RSI56 / MA골든]
💰 예수금 60,362원 | KODEX200 RSI59/+2.4% 상승추세⬆️  | 매수기준 점수3pt↑
📦 보유 카카오(035720) 1주 -0.6%

코드      종목명           가격    RSI     변화율    거래량     BB   호가비  B/S
────────────────────────────────────────────────────────────────────────
[2단계 분석 대상: 035720, 015760, 000150, 086520, 017670, 247540]
011200  HMM       21,900    0.0    +0.0%    0.0x     중간  0.16  0pt/0 [일봉]
015760  한국전력      40,250   55.6    -3.1%    0.7x     하단  6.80  4pt/0 [5분]
035720  카카오       40,600   70.0    -0.4%    0.3x     하단  1.23  1pt/0 [5분]
030200  KT        56,800    0.0    +0.0%    0.0x     중간  0.60  0pt/0 [일봉]
003490  대한항공      29,250    0.0    +0.0%    0.0x     중간  0.88  0pt/0 [일봉]
004020  현대제철      36,200    0.0    +0.0%    0.0x     중간  1.55  1pt/0 [일봉]

══════════════════════════════════════════════════
🚫 한국전력(015760) 4pt 차단: chg-3.1%<기준
→ 전종목 HOLD
✅ Discord 전송 완료

[13:48] HOLD | KODEX RSI59/+2.4%⬆️ | 보유:카카오(035720) -0.6% | 최고신호 한국전력(015760) 4pt/3pt [호가6.8★ / RSI56 / MA골든]
💰 예수금 60,362원 | KODEX200 RSI59/+2.3% 상승추세⬆️  | 매수기준 점수3pt↑
📦 보유 카카오(035720) 1주 -0.7%

코드      종목명           가격    RSI     변화율    거래량     BB   호가비  B/S
────────────────────────────────────────────────────────────────────────
[2단계 분석 대상: 035720, 000150, 015760, 017670, 086520, 247540]
011200  HMM       21,850    0.0    +0.0%    0.0x     중간  0.17  0pt/0 [일봉]
015760  한국전력      40,150   58.8    -3.0%    0.8x     하단  8.01  4pt/0 [5분]
035720  카카오       40,600   70.0    -0.5%    0.3x     하단  1.19  1pt/0 [5분]
030200  KT        56,600    0.0    +0.0%    0.0x     중간  0.63  0pt/0 [일봉]
003490  대한항공      29,200    0.0    +0.0%    0.0x     중간  1.33  1pt/0 [일봉]
004020  현대제철      36,100    0.0    +0.0%    0.0x     중간  1.77  1pt/0 [일봉]

══════════════════════════════════════════════════
🚫 한국전력(015760) 4pt 차단: chg-3.0%<기준
→ 전종목 HOLD
✅ Discord 전송 완료

[13:50] HOLD | KODEX RSI59/+2.3%⬆️ | 보유:카카오(035720) -0.7% | 최고신호 한국전력(015760) 4pt/3pt [호가8.0★ / RSI59 / MA골든]
💰 예수금 60,362원 | KODEX200 RSI59/+2.2% 상승추세⬆️  | 매수기준 점수3pt↑
📦 보유 카카오(035720) 1주 -0.6%

코드      종목명           가격    RSI     변화율    거래량     BB   호가비  B/S
────────────────────────────────────────────────────────────────────────
[2단계 분석 대상: 035720, 086520, 017670, 015760, 403870, 000150]
011200  HMM       21,900    0.0    +0.0%    0.0x     중간  0.16  0pt/0 [일봉]
015760  한국전력      40,150   58.8    -3.0%    0.8x     하단  6.23  4pt/0 [5분]
035720  카카오       40,650   70.0    -0.2%    0.3x     중간  1.18  1pt/0 [5분]
030200  KT        56,600    0.0    +0.0%    0.0x     중간  0.66  0pt/0 [일봉]
003490  대한항공      29,250    0.0    +0.0%    0.0x     중간  0.83  0pt/0 [일봉]
004020  현대제철      36,100    0.0    +0.0%    0.0x     중간  1.72  1pt/0 [일봉]

══════════════════════════════════════════════════
🚫 한국전력(015760) 4pt 차단: chg-3.0%<기준
→ 전종목 HOLD
✅ Discord 전송 완료

[13:52] HOLD | KODEX RSI59/+2.2%⬆️ | 보유:카카오(035720) -0.6% | 최고신호 한국전력(015760) 4pt/3pt [호가6.2★ / RSI59 / MA골든]
💰 예수금 60,362원 | KODEX200 RSI59/+2.2% 상승추세⬆️  | 매수기준 점수3pt↑
📦 보유 카카오(035720) 1주 -0.6%

코드      종목명           가격    RSI     변화율    거래량     BB   호가비  B/S
────────────────────────────────────────────────────────────────────────
[2단계 분석 대상: 035720, 000150, 017670, 015760, 403870, 086520]
011200  HMM       21,900    0.0    +0.0%    0.0x     중간  0.16  0pt/0 [일봉]
015760  한국전력      40,150   58.8    -3.0%    0.8x     하단  6.43  4pt/0 [5분]
035720  카카오       40,650   58.3    -0.2%    0.3x     중간  1.14  2pt/0 [5분]
030200  KT        56,600    0.0    +0.0%    0.0x     중간  0.69  0pt/0 [일봉]
003490  대한항공      29,250    0.0    +0.0%    0.0x     중간  0.85  0pt/0 [일봉]
004020  현대제철      36,200    0.0    +0.0%    0.0x     중간  1.38  1pt/0 [일봉]

══════════════════════════════════════════════════
🚫 한국전력(015760) 4pt 차단: chg-3.0%<기준
→ 전종목 HOLD
✅ Discord 전송 완료

[13:54] HOLD | KODEX RSI59/+2.2%⬆️ | 보유:카카오(035720) -0.6% | 최고신호 한국전력(015760) 4pt/3pt [호가6.4★ / RSI59 / MA골든]
💰 예수금 60,362원 | KODEX200 RSI59/+2.3% 상승추세⬆️  | 매수기준 점수3pt↑
📦 보유 카카오(035720) 1주 -0.6%

코드      종목명           가격    RSI     변화율    거래량     BB   호가비  B/S
────────────────────────────────────────────────────────────────────────
[2단계 분석 대상: 035720, 000150, 017670, 015760, 086520, 403870]
011200  HMM       22,000    0.0    +0.0%    0.0x     중간  0.25  0pt/0 [일봉]
015760  한국전력      40,150   58.8    -3.1%    0.8x     하단  6.60  4pt/0 [5분]
035720  카카오       40,650   58.3    -0.4%    0.3x     중간  1.14  2pt/0 [5분]
030200  KT        56,700    0.0    +0.0%    0.0x     중간  0.68  0pt/0 [일봉]
003490  대한항공      29,200    0.0    +0.0%    0.0x     중간  1.26  0pt/0 [일봉]
004020  현대제철      36,200    0.0    +0.0%    0.0x     중간  1.22  0pt/0 [일봉]

══════════════════════════════════════════════════
🚫 한국전력(015760) 4pt 차단: chg-3.1%<기준
→ 전종목 HOLD
✅ Discord 전송 완료

[13:56] HOLD | KODEX RSI59/+2.3%⬆️ | 보유:카카오(035720) -0.6% | 최고신호 한국전력(015760) 4pt/3pt [호가6.6★ / RSI59 / MA골든]
💰 예수금 60,362원 | KODEX200 RSI59/+2.3% 상승추세⬆️  | 매수기준 점수3pt↑
📦 보유 카카오(035720) 1주 -0.4%

코드      종목명           가격    RSI     변화율    거래량     BB   호가비  B/S
────────────────────────────────────────────────────────────────────────
[2단계 분석 대상: 035720, 000150, 015760, 017670, 086520, 329180]
011200  HMM       22,050    0.0    +0.0%    0.0x     중간  0.35  0pt/0 [일봉]
015760  한국전력      40,150   58.8    -3.1%    0.8x     하단  7.63  4pt/0 [5분]
035720  카카오       40,650   58.3    -0.4%    0.3x     중간  1.08  2pt/0 [5분]
030200  KT        56,700    0.0    +0.0%    0.0x     중간  0.67  0pt/0 [일봉]
003490  대한항공      29,200    0.0    +0.0%    0.0x     중간  1.23  0pt/0 [일봉]
004020  현대제철      36,150    0.0    +0.0%    0.0x     중간  1.29  0pt/0 [일봉]

══════════════════════════════════════════════════
🚫 한국전력(015760) 4pt 차단: chg-3.1%<기준
→ 전종목 HOLD
✅ Discord 전송 완료

[13:58] HOLD | KODEX RSI59/+2.3%⬆️ | 보유:카카오(035720) -0.4% | 최고신호 한국전력(015760) 4pt/3pt [호가7.6★ / RSI59 / MA골든]
💰 예수금 60,362원 | KODEX200 RSI59/+2.4% 상승추세⬆️  | 매수기준 점수3pt↑
📦 보유 카카오(035720) 1주 -0.4%

코드      종목명           가격    RSI     변화율    거래량     BB   호가비  B/S
────────────────────────────────────────────────────────────────────────
[2단계 분석 대상: 035720, 000150, 017670, 015760, 403870, 086520]
011200  HMM       22,000    0.0    +0.0%    0.0x     중간  0.44  0pt/0 [일봉]
015760  한국전력      40,150   50.0    -3.1%    0.8x     하단  6.31  4pt/0 [5분]
035720  카카오       40,650   61.5    -0.4%    0.3x     중간  1.01  2pt/0 [5분]
030200  KT        56,600    0.0    +0.0%    0.0x     중간  0.70  0pt/0 [일봉]
003490  대한항공      29,200    0.0    +0.0%    0.0x     중간  1.25  0pt/0 [일봉]
004020  현대제철      35,900    0.0    +0.0%    0.0x     중간  1.96  1pt/0 [일봉]

══════════════════════════════════════════════════
🚫 한국전력(015760) 4pt 차단: chg-3.1%<기준
→ 전종목 HOLD
✅ Discord 전송 완료

[14:00] HOLD | KODEX RSI59/+2.4%⬆️ | 보유:카카오(035720) -0.4% | 최고신호 한국전력(015760) 4pt/3pt [호가6.3★ / RSI50 / MA골든]
💰 예수금 60,362원 | KODEX200 RSI59/+2.5% 상승추세⬆️  | 매수기준 점수3pt↑
📦 보유 카카오(035720) 1주 -0.6%

코드      종목명           가격    RSI     변화율    거래량     BB   호가비  B/S
────────────────────────────────────────────────────────────────────────
[2단계 분석 대상: 035720, 000150, 000720, 015760, 017670, 086520]
011200  HMM       22,000    0.0    +0.0%    0.0x     중간  0.46  0pt/0 [일봉]
015760  한국전력      40,100   50.0    -3.3%    0.8x     하단  6.61  4pt/0 [5분]
035720  카카오       40,650   61.5    -0.4%    0.3x     중간  0.95  2pt/0 [5분]
030200  KT        56,900    0.0    +0.0%    0.0x     중간  0.52  0pt/0 [일봉]
003490  대한항공      29,200    0.0    +0.0%    0.0x     중간  1.25  0pt/0 [일봉]
004020  현대제철      35,850    0.0    +0.0%    0.0x     중간  2.14  2pt/0 [일봉]

══════════════════════════════════════════════════
🚫 한국전력(015760) 4pt 차단: chg-3.3%<기준
→ 전종목 HOLD
✅ Discord 전송 완료

[14:02] HOLD | KODEX RSI59/+2.5%⬆️ | 보유:카카오(035720) -0.6% | 최고신호 한국전력(015760) 4pt/3pt [호가6.6★ / RSI50 / MA골든]
💰 예수금 60,362원 | KODEX200 RSI59/+2.5% 상승추세⬆️  | 매수기준 점수3pt↑
📦 보유 카카오(035720) 1주 -0.6%

코드      종목명           가격    RSI     변화율    거래량     BB   호가비  B/S
────────────────────────────────────────────────────────────────────────
[2단계 분석 대상: 035720, 017670, 000150, 000720, 086520, 015760]
011200  HMM       22,000    0.0    +0.0%    0.0x     중간  0.44  0pt/0 [일봉]
015760  한국전력      40,050   55.0    -3.5%    0.8x     하단  5.45  4pt/0 [5분]
035720  카카오       40,650   61.5    -0.4%    0.3x     중간  0.90  2pt/0 [5분]
030200  KT        57,000    0.0    +0.0%    0.0x     중간  0.38  0pt/0 [일봉]
003490  대한항공      29,200    0.0    +0.0%    0.0x     중간  1.27  0pt/0 [일봉]
004020  현대제철      35,800    0.0    +0.0%    0.0x     중간  2.14  2pt/0 [일봉]

══════════════════════════════════════════════════
🚫 한국전력(015760) 4pt 차단: chg-3.5%<기준
→ 전종목 HOLD
✅ Discord 전송 완료

[14:04] HOLD | KODEX RSI59/+2.5%⬆️ | 보유:카카오(035720) -0.6% | 최고신호 한국전력(015760) 4pt/3pt [호가5.5★ / RSI55 / MA골든]
💰 예수금 60,362원 | KODEX200 RSI59/+2.6% 상승추세⬆️  | 매수기준 점수3pt↑
📦 보유 카카오(035720) 1주 -0.6%

코드      종목명           가격    RSI     변화율    거래량     BB   호가비  B/S
────────────────────────────────────────────────────────────────────────
[2단계 분석 대상: 035720, 017670, 000150, 086520, 000720, 247540]
011200  HMM       22,050    0.0    +0.0%    0.0x     중간  0.35  0pt/0 [일봉]
015760  한국전력      39,900    0.0    +0.0%    0.0x     중간  3.04  2pt/0 [일봉]
035720  카카오       40,650   61.5    -0.4%    0.3x     중간  0.91  2pt/0 [5분]
030200  KT        57,100    0.0    +0.0%    0.0x     중간  0.42  0pt/0 [일봉]
003490  대한항공      29,200    0.0    +0.0%    0.0x     중간  1.19  0pt/0 [일봉]
004020  현대제철      35,900    0.0    +0.0%    0.0x     중간  2.33  2pt/0 [일봉]

══════════════════════════════════════════════════
→ 전종목 HOLD
✅ Discord 전송 완료

[14:06] HOLD | KODEX RSI59/+2.6%⬆️ | 보유:카카오(035720) -0.6% | 최고신호 한국전력(015760) 2pt/3pt [호가3.0★]
💰 예수금 60,362원 | KODEX200 RSI59/+2.5% 상승추세⬆️  | 매수기준 점수3pt↑
📦 보유 카카오(035720) 1주 -0.6%

코드      종목명           가격    RSI     변화율    거래량     BB   호가비  B/S
────────────────────────────────────────────────────────────────────────
[2단계 분석 대상: 035720, 017670, 000150, 086520, 000720, 329180]
011200  HMM       21,950    0.0    +0.0%    0.0x     중간  0.38  0pt/0 [일봉]
015760  한국전력      39,950    0.0    +0.0%    0.0x     중간  3.52  2pt/0 [일봉]
035720  카카오       40,650   61.5    -0.4%    0.3x     중간  0.83  2pt/0 [5분]
030200  KT        57,100    0.0    +0.0%    0.0x     중간  0.33  0pt/0 [일봉]
003490  대한항공      29,200    0.0    +0.0%    0.0x     중간  1.16  0pt/0 [일봉]
004020  현대제철      35,800    0.0    +0.0%    0.0x     중간  2.82  2pt/0 [일봉]

══════════════════════════════════════════════════
→ 전종목 HOLD
✅ Discord 전송 완료

[14:08] HOLD | KODEX RSI59/+2.5%⬆️ | 보유:카카오(035720) -0.6% | 최고신호 한국전력(015760) 2pt/3pt [호가3.5★]
💰 예수금 60,362원 | KODEX200 RSI59/+2.4% 상승추세⬆️  | 매수기준 점수3pt↑
📦 보유 카카오(035720) 1주 -0.4%

코드      종목명           가격    RSI     변화율    거래량     BB   호가비  B/S
────────────────────────────────────────────────────────────────────────
[2단계 분석 대상: 035720, 000150, 017670, 086520, 000720, 403870]
011200  HMM       21,950    0.0    +0.0%    0.0x     중간  0.36  0pt/0 [일봉]
015760  한국전력      39,900    0.0    +0.0%    0.0x     중간  2.91  2pt/0 [일봉]
035720  카카오       40,650   69.2    -0.2%    0.3x     중간  0.80  1pt/0 [5분]
030200  KT        57,100    0.0    +0.0%    0.0x     중간  0.34  0pt/0 [일봉]
003490  대한항공      29,200    0.0    +0.0%    0.0x     중간  1.12  0pt/0 [일봉]
004020  현대제철      36,000    0.0    +0.0%    0.0x     중간  2.22  2pt/0 [일봉]

══════════════════════════════════════════════════
→ 전종목 HOLD
✅ Discord 전송 완료

[14:10] HOLD | KODEX RSI59/+2.4%⬆️ | 보유:카카오(035720) -0.4% | 최고신호 한국전력(015760) 2pt/3pt [호가2.9★]
💰 예수금 60,362원 | KODEX200 RSI59/+2.5% 상승추세⬆️  | 매수기준 점수3pt↑
📦 보유 카카오(035720) 1주 -0.4%

코드      종목명           가격    RSI     변화율    거래량     BB   호가비  B/S
────────────────────────────────────────────────────────────────────────
[2단계 분석 대상: 035720, 000150, 017670, 086520, 000720, 247540]
011200  HMM       21,950    0.0    +0.0%    0.0x     중간  0.37  0pt/0 [일봉]
015760  한국전력      39,900    0.0    +0.0%    0.0x     중간  2.69  2pt/0 [일봉]
035720  카카오       40,650   69.2    -0.4%    0.3x     중간  0.76  1pt/0 [5분]
030200  KT        57,100    0.0    +0.0%    0.0x     중간  0.41  0pt/0 [일봉]
003490  대한항공      29,250    0.0    +0.0%    0.0x     중간  0.80  0pt/0 [일봉]
004020  현대제철      35,950    0.0    +0.0%    0.0x     중간  2.05  2pt/0 [일봉]

══════════════════════════════════════════════════
→ 전종목 HOLD
✅ Discord 전송 완료

[14:12] HOLD | KODEX RSI59/+2.5%⬆️ | 보유:카카오(035720) -0.4% | 최고신호 한국전력(015760) 2pt/3pt [호가2.7★]
💰 예수금 60,362원 | KODEX200 RSI59/+2.6% 상승추세⬆️  | 매수기준 점수3pt↑
📦 보유 카카오(035720) 1주 -0.4%

코드      종목명           가격    RSI     변화율    거래량     BB   호가비  B/S
────────────────────────────────────────────────────────────────────────
[2단계 분석 대상: 035720, 017670, 000150, 086520, 247540, 403870]
011200  HMM       21,950    0.0    +0.0%    0.0x     중간  0.38  0pt/0 [일봉]
015760  한국전력      39,900    0.0    +0.0%    0.0x     중간  2.51  2pt/0 [일봉]
035720  카카오       40,650   73.3    -0.4%    0.3x     중간  0.73  1pt/0 [5분]
030200  KT        57,100    0.0    +0.0%    0.0x     중간  0.31  0pt/0 [일봉]
003490  대한항공      29,250    0.0    +0.0%    0.0x     중간  0.83  0pt/0 [일봉]
004020  현대제철      36,000    0.0    +0.0%    0.0x     중간  1.99  1pt/0 [일봉]

══════════════════════════════════════════════════
→ 전종목 HOLD
✅ Discord 전송 완료

[14:14] HOLD | KODEX RSI59/+2.6%⬆️ | 보유:카카오(035720) -0.4% | 최고신호 한국전력(015760) 2pt/3pt [호가2.5★]
💰 예수금 60,362원 | KODEX200 RSI59/+2.5% 상승추세⬆️  | 매수기준 점수3pt↑
📦 보유 카카오(035720) 1주 -0.6%

코드      종목명           가격    RSI     변화율    거래량     BB   호가비  B/S
────────────────────────────────────────────────────────────────────────
[2단계 분석 대상: 035720, 017670, 247540, 000150, 086520, 403870]
011200  HMM       21,950    0.0    +0.0%    0.0x     중간  0.38  0pt/0 [일봉]
015760  한국전력      39,950    0.0    +0.0%    0.0x     중간  2.99  2pt/0 [일봉]
035720  카카오       40,650   73.3    -0.4%    0.4x     중간  0.67  1pt/0 [5분]
030200  KT        57,000    0.0    +0.0%    0.0x     중간  0.41  0pt/0 [일봉]
003490  대한항공      29,250    0.0    +0.0%    0.0x     중간  1.12  0pt/0 [일봉]
004020  현대제철      36,050    0.0    +0.0%    0.0x     중간  1.61  1pt/0 [일봉]

══════════════════════════════════════════════════
→ 전종목 HOLD
✅ Discord 전송 완료

[14:16] HOLD | KODEX RSI59/+2.5%⬆️ | 보유:카카오(035720) -0.6% | 최고신호 한국전력(015760) 2pt/3pt [호가3.0★]
💰 예수금 60,362원 | KODEX200 RSI59/+2.6% 상승추세⬆️  | 매수기준 점수3pt↑
📦 보유 카카오(035720) 1주 -0.6%

코드      종목명           가격    RSI     변화율    거래량     BB   호가비  B/S
────────────────────────────────────────────────────────────────────────
[2단계 분석 대상: 035720, 017670, 086520, 247540, 403870, 015760]
011200  HMM       21,950    0.0    +0.0%    0.0x     중간  0.35  0pt/0 [일봉]
015760  한국전력      40,000   44.4    -3.4%    0.9x     하단  4.70  3pt/0 [5분]
035720  카카오       40,600   73.3    -0.5%    0.4x     중간  0.75  1pt/0 [5분]
030200  KT        57,100    0.0    +0.0%    0.0x     중간  0.35  0pt/0 [일봉]
003490  대한항공      29,200    0.0    +0.0%    0.0x     중간  1.28  0pt/0 [일봉]
004020  현대제철      36,000    0.0    +0.0%    0.0x     중간  1.91  1pt/0 [일봉]

══════════════════════════════════════════════════
→ 전종목 HOLD
✅ Discord 전송 완료

[14:18] HOLD | KODEX RSI59/+2.6%⬆️ | 보유:카카오(035720) -0.6% | 최고신호 한국전력(015760) 3pt/3pt [호가4.7★ / 볼륨급증]
💰 예수금 60,362원 | KODEX200 RSI59/+2.6% 상승추세⬆️  | 매수기준 점수3pt↑
📦 보유 카카오(035720) 1주 -0.6%

코드      종목명           가격    RSI     변화율    거래량     BB   호가비  B/S
────────────────────────────────────────────────────────────────────────
[2단계 분석 대상: 035720, 017670, 247540, 086520, 015760, 000150]
011200  HMM       21,950    0.0    +0.0%    0.0x     중간  0.35  0pt/0 [일봉]
015760  한국전력      40,000   31.2    -3.5%    0.9x     하단  6.88  2pt/0 [5분]
035720  카카오       40,600   73.3    -0.4%    0.4x     중간  1.03  1pt/0 [5분]
030200  KT        57,100    0.0    +0.0%    0.0x     중간  0.40  0pt/0 [일봉]
003490  대한항공      29,200    0.0    +0.0%    0.0x     중간  1.28  0pt/0 [일봉]
004020  현대제철      36,000    0.0    +0.0%    0.0x     중간  2.16  2pt/0 [일봉]

══════════════════════════════════════════════════
→ 전종목 HOLD
✅ Discord 전송 완료

[14:20] HOLD | KODEX RSI59/+2.6%⬆️ | 보유:카카오(035720) -0.6% | 최고신호 한국전력(015760) 2pt/3pt [호가6.9★]
💰 예수금 60,362원 | KODEX200 RSI59/+2.5% 상승추세⬆️  | 매수기준 점수3pt↑
📦 보유 카카오(035720) 1주 -0.7%

코드      종목명           가격    RSI     변화율    거래량     BB   호가비  B/S
────────────────────────────────────────────────────────────────────────
[2단계 분석 대상: 035720, 017670, 086520, 247540, 000150, 015760]
011200  HMM       21,950    0.0    +0.0%    0.0x     중간  0.35  0pt/0 [일봉]
015760  한국전력      40,000   31.2    -3.5%    0.9x     하단  4.82  2pt/0 [5분]
035720  카카오       40,600   73.3    -0.5%    0.4x     중간  0.97  1pt/0 [5분]
030200  KT        57,100    0.0    +0.0%    0.0x     중간  0.40  0pt/0 [일봉]
003490  대한항공      29,200    0.0    +0.0%    0.0x     중간  1.39  1pt/0 [일봉]
004020  현대제철      35,950    0.0    +0.0%    0.0x     중간  1.99  1pt/0 [일봉]

══════════════════════════════════════════════════
→ 전종목 HOLD
✅ Discord 전송 완료

[14:22] HOLD | KODEX RSI59/+2.5%⬆️ | 보유:카카오(035720) -0.7% | 최고신호 한국전력(015760) 2pt/3pt [호가4.8★]
💰 예수금 60,362원 | KODEX200 RSI59/+2.5% 상승추세⬆️  | 매수기준 점수3pt↑
📦 보유 카카오(035720) 1주 -0.7%

코드      종목명           가격    RSI     변화율    거래량     BB   호가비  B/S
────────────────────────────────────────────────────────────────────────
[2단계 분석 대상: 035720, 247540, 017670, 086520, 000150, 015760]
011200  HMM       22,000    0.0    +0.0%    0.0x     중간  0.32  0pt/0 [일봉]
015760  한국전력      40,150   40.0    -3.0%    0.9x     하단  4.68  2pt/0 [5분]
035720  카카오       40,600   69.2    -0.5%    0.4x     중간  0.95  1pt/0 [5분]
030200  KT        57,100    0.0    +0.0%    0.0x     중간  0.42  0pt/0 [일봉]
003490  대한항공      29,200    0.0    +0.0%    0.0x     중간  1.41  1pt/0 [일봉]
004020  현대제철      35,950    0.0    +0.0%    0.0x     중간  1.99  1pt/0 [일봉]

══════════════════════════════════════════════════
→ 전종목 HOLD
✅ Discord 전송 완료

[14:24] HOLD | KODEX RSI59/+2.5%⬆️ | 보유:카카오(035720) -0.7% | 최고신호 한국전력(015760) 2pt/3pt [호가4.7★]
💰 예수금 60,362원 | KODEX200 RSI59/+2.5% 상승추세⬆️  | 매수기준 점수3pt↑
📦 보유 카카오(035720) 1주 -0.6%

코드      종목명           가격    RSI     변화율    거래량     BB   호가비  B/S
────────────────────────────────────────────────────────────────────────
[2단계 분석 대상: 035720, 247540, 017670, 403870, 086520, 000150]
011200  HMM       22,000    0.0    +0.0%    0.0x     중간  0.32  0pt/0 [일봉]
015760  한국전력      40,100    0.0    +0.0%    0.0x     중간  3.94  2pt/0 [일봉]
035720  카카오       40,600   69.2    -0.4%    0.4x     중간  1.01  1pt/0 [5분]
030200  KT        57,100    0.0    +0.0%    0.0x     중간  0.42  0pt/0 [일봉]
003490  대한항공      29,200    0.0    +0.0%    0.0x     중간  1.37  1pt/0 [일봉]
004020  현대제철      35,900    0.0    +0.0%    0.0x     중간  2.17  2pt/0 [일봉]

══════════════════════════════════════════════════
→ 전종목 HOLD
✅ Discord 전송 완료

[14:26] HOLD | KODEX RSI59/+2.5%⬆️ | 보유:카카오(035720) -0.6% | 최고신호 한국전력(015760) 2pt/3pt [호가3.9★]
💰 예수금 60,362원 | KODEX200 RSI59/+2.4% 상승추세⬆️  | 매수기준 점수3pt↑
📦 보유 카카오(035720) 1주 -0.6%

코드      종목명           가격    RSI     변화율    거래량     BB   호가비  B/S
────────────────────────────────────────────────────────────────────────
[2단계 분석 대상: 035720, 247540, 017670, 403870, 086520, 000150]
011200  HMM       22,000    0.0    +0.0%    0.0x     중간  0.33  0pt/0 [일봉]
015760  한국전력      40,100    0.0    +0.0%    0.0x     중간  3.45  2pt/0 [일봉]
035720  카카오       40,650   69.2    -0.5%    0.4x     중간  0.96  1pt/0 [5분]
030200  KT        57,200    0.0    +0.0%    0.0x     중간  0.43  0pt/0 [일봉]
003490  대한항공      29,200    0.0    +0.0%    0.0x     중간  1.41  1pt/0 [일봉]
004020  현대제철      35,900    0.0    +0.0%    0.0x     중간  2.19  2pt/0 [일봉]

══════════════════════════════════════════════════
→ 전종목 HOLD
✅ Discord 전송 완료

[14:28] HOLD | KODEX RSI59/+2.4%⬆️ | 보유:카카오(035720) -0.6% | 최고신호 한국전력(015760) 2pt/3pt [호가3.5★]
💰 예수금 60,362원 | KODEX200 RSI59/+2.4% 상승추세⬆️  | 매수기준 점수3pt↑
📦 보유 카카오(035720) 1주 -0.6%

코드      종목명           가격    RSI     변화율    거래량     BB   호가비  B/S
────────────────────────────────────────────────────────────────────────
[2단계 분석 대상: 035720, 086520, 017670, 000150, 403870, 247540]
011200  HMM       21,950    0.0    +0.0%    0.0x     중간  0.30  0pt/0 [일봉]
015760  한국전력      40,050    0.0    +0.0%    0.0x     중간  4.35  2pt/0 [일봉]
035720  카카오       40,650   60.0    -0.4%    0.4x     중간  0.97  2pt/0 [5분]
030200  KT        57,100    0.0    +0.0%    0.0x     중간  0.44  0pt/0 [일봉]
003490  대한항공      29,250    0.0    +0.0%    0.0x     중간  1.36  1pt/0 [일봉]
004020  현대제철      35,900    0.0    +0.0%    0.0x     중간  2.07  2pt/0 [일봉]

══════════════════════════════════════════════════
⏰ 매수 세션 종료 (14:30↑) — 신규 매수 중단
→ 전종목 HOLD
✅ Discord 전송 완료

[14:30] HOLD | KODEX RSI59/+2.4%⬆️ | 보유:카카오(035720) -0.6% | 최고신호 한국전력(015760) 2pt/3pt [호가4.3★]
💰 예수금 60,362원 | KODEX200 RSI59/+2.4% 상승추세⬆️  | 매수기준 점수3pt↑
📦 보유 카카오(035720) 1주 -0.6%

코드      종목명           가격    RSI     변화율    거래량     BB   호가비  B/S
────────────────────────────────────────────────────────────────────────
[2단계 분석 대상: 035720, 403870, 017670, 247540, 086520, 000150]
011200  HMM       21,950    0.0    +0.0%    0.0x     중간  0.30  0pt/0 [일봉]
015760  한국전력      40,050    0.0    +0.0%    0.0x     중간  4.96  2pt/0 [일봉]
035720  카카오       40,650   60.0    -0.4%    0.4x     중간  0.95  2pt/0 [5분]
030200  KT        57,100    0.0    +0.0%    0.0x     중간  0.28  0pt/0 [일봉]
003490  대한항공      29,250    0.0    +0.0%    0.0x     중간  1.31  1pt/0 [일봉]
004020  현대제철      35,850    0.0    +0.0%    0.0x     중간  2.03  2pt/0 [일봉]

══════════════════════════════════════════════════
⏰ 매수 세션 종료 (14:30↑) — 신규 매수 중단
→ 전종목 HOLD
✅ Discord 전송 완료

[14:32] HOLD | KODEX RSI59/+2.4%⬆️ | 보유:카카오(035720) -0.6% | 최고신호 한국전력(015760) 2pt/3pt [호가5.0★]
💰 예수금 60,362원 | KODEX200 RSI59/+2.1% 상승추세⬆️  | 매수기준 점수3pt↑
📦 보유 카카오(035720) 1주 -0.6%

코드      종목명           가격    RSI     변화율    거래량     BB   호가비  B/S
────────────────────────────────────────────────────────────────────────
[2단계 분석 대상: 035720, 000150, 403870, 086520, 017670, 015760]
011200  HMM       21,900    0.0    +0.0%    0.0x     중간  0.29  0pt/0 [일봉]
015760  한국전력      40,000   30.8    -3.5%    0.9x     하단  6.20  2pt/0 [5분]
035720  카카오       40,600   57.1    -0.5%    0.4x     중간  1.14  4pt/0 [5분]
030200  KT        57,000    0.0    +0.0%    0.0x     중간  0.50  0pt/0 [일봉]
003490  대한항공      29,250    0.0    +0.0%    0.0x     중간  1.31  1pt/0 [일봉]
004020  현대제철      35,850    0.0    +0.0%    0.0x     중간  2.09  2pt/0 [일봉]

══════════════════════════════════════════════════
⏰ 매수 세션 종료 (14:30↑) — 신규 매수 중단
→ 전종목 HOLD
✅ Discord 전송 완료

[14:34] HOLD | KODEX RSI59/+2.1%⬆️ | 보유:카카오(035720) -0.6% | 최고신호 카카오(035720) 4pt/3pt [RSI57 / 볼륨스파이크★ / MA골든]
💰 예수금 60,362원 | KODEX200 RSI59/+2.0% 상승추세⬆️  | 매수기준 점수3pt↑
📦 보유 카카오(035720) 1주 -0.7%

코드      종목명           가격    RSI     변화율    거래량     BB   호가비  B/S
────────────────────────────────────────────────────────────────────────
[2단계 분석 대상: 035720, 017670, 086520, 015760, 000880, 403870]
011200  HMM       21,900    0.0    +0.0%    0.0x     중간  0.36  0pt/0 [일봉]
015760  한국전력      39,950   30.8    -3.6%    0.9x     하단  5.37  2pt/0 [5분]
035720  카카오       40,600   57.1    -0.5%    0.4x     중간  1.08  4pt/0 [5분]
030200  KT        57,100    0.0    +0.0%    0.0x     중간  0.30  0pt/0 [일봉]
003490  대한항공      29,200    0.0    +0.0%    0.0x     중간  1.70  1pt/0 [일봉]
004020  현대제철      35,800    0.0    +0.0%    0.0x     중간  1.84  1pt/0 [일봉]

══════════════════════════════════════════════════
⏰ 매수 세션 종료 (14:30↑) — 신규 매수 중단
→ 전종목 HOLD
✅ Discord 전송 완료

[14:36] HOLD | KODEX RSI59/+2.0%⬆️ | 보유:카카오(035720) -0.7% | 최고신호 카카오(035720) 4pt/3pt [RSI57 / 볼륨스파이크★ / MA골든]
💰 예수금 60,362원 | KODEX200 RSI59/+2.1% 상승추세⬆️  | 매수기준 점수3pt↑
📦 보유 카카오(035720) 1주 -0.6%

코드      종목명           가격    RSI     변화율    거래량     BB   호가비  B/S
────────────────────────────────────────────────────────────────────────
[2단계 분석 대상: 035720, 066970, 017670, 086520, 015760, 000150]
011200  HMM       21,900    0.0    +0.0%    0.0x     중간  0.34  0pt/0 [일봉]
015760  한국전력      39,900   30.8    -3.7%    0.9x     하단  7.28  2pt/0 [5분]
035720  카카오       40,600   57.1    -0.5%    0.4x     중간  1.05  4pt/0 [5분]
030200  KT        57,100    0.0    +0.0%    0.0x     중간  0.28  0pt/0 [일봉]
003490  대한항공      29,200    0.0    +0.0%    0.0x     중간  1.69  1pt/0 [일봉]
004020  현대제철      35,750    0.0    +0.0%    0.0x     중간  1.98  1pt/0 [일봉]

══════════════════════════════════════════════════
⏰ 매수 세션 종료 (14:30↑) — 신규 매수 중단
→ 전종목 HOLD
✅ Discord 전송 완료

[14:38] HOLD | KODEX RSI59/+2.1%⬆️ | 보유:카카오(035720) -0.6% | 최고신호 카카오(035720) 4pt/3pt [RSI57 / 볼륨스파이크★ / MA골든]
💰 예수금 60,362원 | KODEX200 RSI59/+2.0% 상승추세⬆️  | 매수기준 점수3pt↑
📦 보유 카카오(035720) 1주 -0.7%

코드      종목명           가격    RSI     변화율    거래량     BB   호가비  B/S
────────────────────────────────────────────────────────────────────────
[2단계 분석 대상: 035720, 017670, 015760, 000150, 403870, 066970]
011200  HMM       21,900    0.0    +0.0%    0.0x     중간  0.33  0pt/0 [일봉]
015760  한국전력      39,900   23.1    -3.7%    0.9x     하단  7.11  2pt/0 [5분]
035720  카카오       40,600   61.5    -0.5%    0.4x     중간  1.07  2pt/0 [5분]
030200  KT        57,200    0.0    +0.0%    0.0x     중간  0.29  0pt/0 [일봉]
003490  대한항공      29,200    0.0    +0.0%    0.0x     중간  1.65  1pt/0 [일봉]
004020  현대제철      35,750    0.0    +0.0%    0.0x     중간  1.80  1pt/0 [일봉]

══════════════════════════════════════════════════
⏰ 매수 세션 종료 (14:30↑) — 신규 매수 중단
→ 전종목 HOLD
✅ Discord 전송 완료

[14:40] HOLD | KODEX RSI59/+2.0%⬆️ | 보유:카카오(035720) -0.7% | 최고신호 한국전력(015760) 2pt/3pt [호가7.1★]
💰 예수금 60,362원 | KODEX200 RSI59/+2.1% 상승추세⬆️  | 매수기준 점수3pt↑
📦 보유 카카오(035720) 1주 -0.7%

코드      종목명           가격    RSI     변화율    거래량     BB   호가비  B/S
────────────────────────────────────────────────────────────────────────
[2단계 분석 대상: 035720, 017670, 403870, 086520, 015760, 000150]
011200  HMM       21,900    0.0    +0.0%    0.0x     중간  0.32  0pt/0 [일봉]
015760  한국전력      39,900   23.1    -3.7%    0.9x     하단  5.44  2pt/0 [5분]
035720  카카오       40,600   61.5    -0.4%    0.4x     중간  1.01  2pt/0 [5분]
030200  KT        56,900    0.0    +0.0%    0.0x     중간  0.77  0pt/0 [일봉]
003490  대한항공      29,200    0.0    +0.0%    0.0x     중간  1.66  1pt/0 [일봉]
004020  현대제철      35,750    0.0    +0.0%    0.0x     중간  1.72  1pt/0 [일봉]

══════════════════════════════════════════════════
⏰ 매수 세션 종료 (14:30↑) — 신규 매수 중단
→ 전종목 HOLD
✅ Discord 전송 완료

[14:42] HOLD | KODEX RSI59/+2.1%⬆️ | 보유:카카오(035720) -0.7% | 최고신호 한국전력(015760) 2pt/3pt [호가5.4★]
💰 예수금 60,362원 | KODEX200 RSI59/+2.0% 상승추세⬆️  | 매수기준 점수3pt↑
📦 보유 카카오(035720) 1주 -0.6%

코드      종목명           가격    RSI     변화율    거래량     BB   호가비  B/S
────────────────────────────────────────────────────────────────────────
[2단계 분석 대상: 035720, 017670, 403870, 000150, 000880, 066970]
011200  HMM       21,900    0.0    +0.0%    0.0x     중간  0.31  0pt/0 [일봉]
015760  한국전력      39,900    0.0    +0.0%    0.0x     중간  5.17  2pt/0 [일봉]
035720  카카오       40,600   58.3    -0.4%    0.4x     중간  0.98  2pt/0 [5분]
030200  KT        57,100    0.0    +0.0%    0.0x     중간  0.22  0pt/0 [일봉]
003490  대한항공      29,200    0.0    +0.0%    0.0x     중간  1.62  1pt/0 [일봉]
004020  현대제철      35,750    0.0    +0.0%    0.0x     중간  1.47  1pt/0 [일봉]

══════════════════════════════════════════════════
⏰ 매수 세션 종료 (14:30↑) — 신규 매수 중단
→ 전종목 HOLD
✅ Discord 전송 완료

[14:44] HOLD | KODEX RSI59/+2.0%⬆️ | 보유:카카오(035720) -0.6% | 최고신호 한국전력(015760) 2pt/3pt [호가5.2★]
💰 예수금 60,362원 | KODEX200 RSI59/+2.1% 상승추세⬆️  | 매수기준 점수3pt↑
📦 보유 카카오(035720) 1주 -0.7%

코드      종목명           가격    RSI     변화율    거래량     BB   호가비  B/S
────────────────────────────────────────────────────────────────────────
[2단계 분석 대상: 035720, 015760, 017670, 403870, 000720, 086520]
011200  HMM       21,900    0.0    +0.0%    0.0x     중간  0.29  0pt/0 [일봉]
015760  한국전력      39,900   33.3    -3.7%    0.9x     하단  8.53  2pt/0 [5분]
035720  카카오       40,600   58.3    -0.6%    0.4x     하단  0.98  2pt/0 [5분]
030200  KT        57,100    0.0    +0.0%    0.0x     중간  0.26  0pt/0 [일봉]
003490  대한항공      29,200    0.0    +0.0%    0.0x     중간  1.63  1pt/0 [일봉]
004020  현대제철      35,750    0.0    +0.0%    0.0x     중간  1.56  1pt/0 [일봉]

══════════════════════════════════════════════════
⏰ 매수 세션 종료 (14:30↑) — 신규 매수 중단
→ 전종목 HOLD
✅ Discord 전송 완료

[14:46] HOLD | KODEX RSI59/+2.1%⬆️ | 보유:카카오(035720) -0.7% | 최고신호 한국전력(015760) 2pt/3pt [호가8.5★]
💰 예수금 60,362원 | KODEX200 RSI59/+2.0% 상승추세⬆️  | 매수기준 점수3pt↑
📦 보유 카카오(035720) 1주 -0.7%

코드      종목명           가격    RSI     변화율    거래량     BB   호가비  B/S
────────────────────────────────────────────────────────────────────────
[2단계 분석 대상: 035720, 000720, 403870, 017670, 015760, 086520]
011200  HMM       21,850    0.0    +0.0%    0.0x     중간  0.29  0pt/0 [일봉]
015760  한국전력      39,900   33.3    -3.7%    0.9x     하단  6.43  2pt/0 [5분]
035720  카카오       40,550   58.3    -0.5%    0.4x     중간  1.08  2pt/0 [5분]
030200  KT        57,000    0.0    +0.0%    0.0x     중간  0.46  0pt/0 [일봉]
003490  대한항공      29,250    0.0    +0.0%    0.0x     중간  1.37  1pt/0 [일봉]
004020  현대제철      35,750    0.0    +0.0%    0.0x     중간  2.06  2pt/0 [일봉]

══════════════════════════════════════════════════
⏰ 매수 세션 종료 (14:30↑) — 신규 매수 중단
→ 전종목 HOLD
✅ Discord 전송 완료

[14:48] HOLD | KODEX RSI59/+2.0%⬆️ | 보유:카카오(035720) -0.7% | 최고신호 한국전력(015760) 2pt/3pt [호가6.4★]
💰 예수금 60,362원 | KODEX200 RSI59/+1.9% 상승추세⬆️  | 매수기준 점수3pt↑
📦 보유 카카오(035720) 1주 -0.8%

코드      종목명           가격    RSI     변화율    거래량     BB   호가비  B/S
────────────────────────────────────────────────────────────────────────
[2단계 분석 대상: 035720, 017670, 000150, 403870, 000720, 015760]
011200  HMM       21,850    0.0    +0.0%    0.0x     중간  0.30  0pt/0 [일봉]
015760  한국전력      39,900   33.3    -3.9%    1.0x     하단  6.45  2pt/0 [5분]
035720  카카오       40,550   58.3    -0.6%    0.4x     중간  1.09  2pt/0 [5분]
030200  KT        57,000    0.0    +0.0%    0.0x     중간  0.44  0pt/0 [일봉]
003490  대한항공      29,200    0.0    +0.0%    0.0x     중간  1.80  1pt/0 [일봉]
004020  현대제철      35,750    0.0    +0.0%    0.0x     중간  1.99  1pt/0 [일봉]

══════════════════════════════════════════════════
⏰ 매수 세션 종료 (14:30↑) — 신규 매수 중단
→ 전종목 HOLD
✅ Discord 전송 완료

[14:50] HOLD | KODEX RSI59/+1.9%⬆️ | 보유:카카오(035720) -0.8% | 최고신호 한국전력(015760) 2pt/3pt [호가6.5★]
💰 예수금 60,362원 | KODEX200 RSI59/+2.0% 상승추세⬆️  | 매수기준 점수3pt↑
📦 보유 카카오(035720) 1주 -0.7%

코드      종목명           가격    RSI     변화율    거래량     BB   호가비  B/S
────────────────────────────────────────────────────────────────────────
[2단계 분석 대상: 035720, 247540, 000880, 017670, 000720, 015760]
011200  HMM       21,850    0.0    +0.0%    0.0x     중간  0.33  0pt/0 [일봉]
015760  한국전력      39,900   33.3    -3.6%    1.0x     하단  4.74  2pt/0 [5분]
035720  카카오       40,600   58.3    -0.5%    0.4x     중간  0.99  2pt/0 [5분]
030200  KT        57,000    0.0    +0.0%    0.0x     중간  0.42  0pt/0 [일봉]
003490  대한항공      29,200    0.0    +0.0%    0.0x     중간  1.82  1pt/0 [일봉]
004020  현대제철      35,700    0.0    +0.0%    0.0x     중간  1.97  1pt/0 [일봉]

══════════════════════════════════════════════════
⏰ 매수 세션 종료 (14:30↑) — 신규 매수 중단
→ 전종목 HOLD
✅ Discord 전송 완료

[14:52] HOLD | KODEX RSI59/+2.0%⬆️ | 보유:카카오(035720) -0.7% | 최고신호 한국전력(015760) 2pt/3pt [호가4.7★]
💰 예수금 60,362원 | KODEX200 RSI59/+2.0% 상승추세⬆️  | 매수기준 점수3pt↑
📦 보유 카카오(035720) 1주 -0.8%

코드      종목명           가격    RSI     변화율    거래량     BB   호가비  B/S
────────────────────────────────────────────────────────────────────────
[2단계 분석 대상: 035720, 017670, 000150, 000720, 066970, 000880]
011200  HMM       21,900    0.0    +0.0%    0.0x     중간  0.33  0pt/0 [일봉]
015760  한국전력      39,900    0.0    +0.0%    0.0x     중간  4.65  2pt/0 [일봉]
035720  카카오       40,550   53.8    -0.6%    0.4x     하단  0.99  2pt/0 [5분]
030200  KT        57,000    0.0    +0.0%    0.0x     중간  0.25  0pt/0 [일봉]
003490  대한항공      29,200    0.0    +0.0%    0.0x     중간  1.77  1pt/0 [일봉]
004020  현대제철      35,700    0.0    +0.0%    0.0x     중간  1.83  1pt/0 [일봉]

══════════════════════════════════════════════════
⏰ 매수 세션 종료 (14:30↑) — 신규 매수 중단
→ 전종목 HOLD
✅ Discord 전송 완료

[14:54] HOLD | KODEX RSI59/+2.0%⬆️ | 보유:카카오(035720) -0.8% | 최고신호 한국전력(015760) 2pt/3pt [호가4.7★]
💰 예수금 60,362원 | KODEX200 RSI59/+1.9% 상승추세⬆️  | 매수기준 점수3pt↑
📦 보유 카카오(035720) 1주 -0.8%

코드      종목명           가격    RSI     변화율    거래량     BB   호가비  B/S
────────────────────────────────────────────────────────────────────────
[2단계 분석 대상: 035720, 000880, 000720, 017670, 247540, 000150]
011200  HMM       21,950    0.0    +0.0%    0.0x     중간  0.31  0pt/0 [일봉]
015760  한국전력      39,900    0.0    +0.0%    0.0x     중간  5.06  2pt/0 [일봉]
035720  카카오       40,600   53.8    -0.4%    0.4x     중간  0.85  2pt/0 [5분]
030200  KT        57,200    0.0    +0.0%    0.0x     중간  0.20  0pt/0 [일봉]
003490  대한항공      29,250    0.0    +0.0%    0.0x     중간  1.40  1pt/0 [일봉]
004020  현대제철      35,700    0.0    +0.0%    0.0x     중간  1.95  1pt/0 [일봉]

══════════════════════════════════════════════════
⏰ 매수 세션 종료 (14:30↑) — 신규 매수 중단
→ 전종목 HOLD
✅ Discord 전송 완료

[14:56] HOLD | KODEX RSI59/+1.9%⬆️ | 보유:카카오(035720) -0.8% | 최고신호 한국전력(015760) 2pt/3pt [호가5.1★]
💰 예수금 60,362원 | KODEX200 RSI59/+1.8% 상승추세⬆️  | 매수기준 점수3pt↑
📦 보유 카카오(035720) 1주 -0.7%

코드      종목명           가격    RSI     변화율    거래량     BB   호가비  B/S
────────────────────────────────────────────────────────────────────────
[2단계 분석 대상: 035720, 000880, 017670, 000150, 086520, 015760]
011200  HMM       22,000    0.0    +0.0%    0.0x     중간  0.23  0pt/0 [일봉]
015760  한국전력      39,850   36.4    -3.9%    1.0x     하단  5.71  3pt/0 [5분]
035720  카카오       40,600   53.8    -0.6%    0.4x     하단  0.85  2pt/0 [5분]
030200  KT        56,900    0.0    +0.0%    0.0x     중간  0.49  0pt/0 [일봉]
003490  대한항공      29,250    0.0    +0.0%    0.0x     중간  1.67  1pt/0 [일봉]
004020  현대제철      35,750    0.0    +0.0%    0.0x     중간  1.89  1pt/0 [일봉]

══════════════════════════════════════════════════
⏰ 매수 세션 종료 (14:30↑) — 신규 매수 중단
→ 전종목 HOLD
✅ Discord 전송 완료

[14:58] HOLD | KODEX RSI59/+1.8%⬆️ | 보유:카카오(035720) -0.7% | 최고신호 한국전력(015760) 3pt/3pt [호가5.7★ / MA골든]
💰 예수금 60,362원 | KODEX200 RSI59/+1.9% 상승추세⬆️  | 매수기준 점수3pt↑
📦 보유 카카오(035720) 1주 -0.7%

코드      종목명           가격    RSI     변화율    거래량     BB   호가비  B/S
────────────────────────────────────────────────────────────────────────
[2단계 분석 대상: 035720, 017670, 015760, 000150, 000880, 247540]
011200  HMM       22,000    0.0    +0.0%    0.0x     중간  0.25  0pt/0 [일봉]
015760  한국전력      39,850   57.1    -3.7%    1.0x     하단  5.76  4pt/0 [5분]
035720  카카오       40,600   50.0    -0.4%    0.4x     중간  0.81  2pt/0 [5분]
030200  KT        57,200    0.0    +0.0%    0.0x     중간  0.21  0pt/0 [일봉]
003490  대한항공      29,200    0.0    +0.0%    0.0x     중간  1.88  1pt/0 [일봉]
004020  현대제철      35,800    0.0    +0.0%    0.0x     중간  1.93  1pt/0 [일봉]

══════════════════════════════════════════════════
⏰ 매수 세션 종료 (14:30↑) — 신규 매수 중단
→ 전종목 HOLD
✅ Discord 전송 완료

[15:00] HOLD | KODEX RSI59/+1.9%⬆️ | 보유:카카오(035720) -0.7% | 최고신호 한국전력(015760) 4pt/3pt [호가5.8★ / RSI57 / MA골든]
💰 예수금 60,362원 | KODEX200 RSI59/+1.9% 상승추세⬆️  | 매수기준 점수3pt↑
📦 보유 카카오(035720) 1주 -0.7%

코드      종목명           가격    RSI     변화율    거래량     BB   호가비  B/S
────────────────────────────────────────────────────────────────────────
[2단계 분석 대상: 035720, 403870, 017670, 000880, 015760, 000150]
011200  HMM       22,000    0.0    +0.0%    0.0x     중간  0.28  0pt/0 [일봉]
015760  한국전력      39,950   57.1    -3.5%    1.0x     하단  4.22  5pt/0 [5분]
035720  카카오       40,600   50.0    -0.5%    0.4x     중간  0.81  2pt/0 [5분]
030200  KT        57,300    0.0    +0.0%    0.0x     중간  0.26  0pt/0 [일봉]
003490  대한항공      29,250    0.0    +0.0%    0.0x     중간  1.35  1pt/0 [일봉]
004020  현대제철      35,800    0.0    +0.0%    0.0x     중간  1.89  1pt/0 [일봉]

══════════════════════════════════════════════════
⏰ 매수 세션 종료 (14:30↑) — 신규 매수 중단
→ 전종목 HOLD
✅ Discord 전송 완료

[15:02] HOLD | KODEX RSI59/+1.9%⬆️ | 보유:카카오(035720) -0.7% | 최고신호 한국전력(015760) 5pt/3pt [거래량1.0x / 호가4.2★ / RSI57 / MA골든]
💰 예수금 60,362원 | KODEX200 RSI59/+2.1% 상승추세⬆️  | 매수기준 점수3pt↑
📦 보유 카카오(035720) 1주 -0.7%

코드      종목명           가격    RSI     변화율    거래량     BB   호가비  B/S
────────────────────────────────────────────────────────────────────────
[2단계 분석 대상: 035720, 017670, 403870, 000880, 015760, 329180]
011200  HMM       22,000    0.0    +0.0%    0.0x     중간  0.30  0pt/0 [일봉]
015760  한국전력      39,950   57.1    -3.4%    1.0x     하단  3.79  5pt/0 [5분]
035720  카카오       40,550   60.0    -0.6%    0.4x     하단  0.82  3pt/0 [5분]
030200  KT        57,300    0.0    +0.0%    0.0x     중간  0.24  0pt/0 [일봉]
003490  대한항공      29,250    0.0    +0.0%    0.0x     중간  1.50  1pt/0 [일봉]
004020  현대제철      35,800    0.0    +0.0%    0.0x     중간  2.16  2pt/0 [일봉]

══════════════════════════════════════════════════
⏰ 매수 세션 종료 (14:30↑) — 신규 매수 중단
→ 전종목 HOLD
✅ Discord 전송 완료

[15:04] HOLD | KODEX RSI59/+2.1%⬆️ | 보유:카카오(035720) -0.7% | 최고신호 한국전력(015760) 5pt/3pt [거래량1.0x / 호가3.8★ / RSI57 / MA골든]
💰 예수금 60,362원 | KODEX200 RSI59/+2.3% 상승추세⬆️  | 매수기준 점수3pt↑
📦 보유 카카오(035720) 1주 -0.7%

코드      종목명           가격    RSI     변화율    거래량     BB   호가비  B/S
────────────────────────────────────────────────────────────────────────
[2단계 분석 대상: 035720, 017670, 247540, 015760, 000150, 066970]
011200  HMM       22,000    0.0    +0.0%    0.0x     중간  0.26  0pt/0 [일봉]
015760  한국전력      40,000   57.1    -3.4%    1.0x     하단  4.10  5pt/0 [5분]
035720  카카오       40,600   60.0    -0.5%    0.4x     중간  0.90  3pt/0 [5분]
030200  KT        57,400    0.0    +0.0%    0.0x     중간  0.17  0pt/0 [일봉]
003490  대한항공      29,300    0.0    +0.0%    0.0x     중간  1.20  0pt/0 [일봉]
004020  현대제철      35,800    0.0    +0.0%    0.0x     중간  2.11  2pt/0 [일봉]

══════════════════════════════════════════════════
⏰ 매수 세션 종료 (14:30↑) — 신규 매수 중단
→ 전종목 HOLD
✅ Discord 전송 완료

[15:06] HOLD | KODEX RSI59/+2.3%⬆️ | 보유:카카오(035720) -0.7% | 최고신호 한국전력(015760) 5pt/3pt [거래량1.0x / 호가4.1★ / RSI57 / MA골든]
💰 예수금 60,362원 | KODEX200 RSI59/+2.4% 상승추세⬆️  | 매수기준 점수3pt↑
📦 보유 카카오(035720) 1주 -0.4%

코드      종목명           가격    RSI     변화율    거래량     BB   호가비  B/S
────────────────────────────────────────────────────────────────────────
[2단계 분석 대상: 035720, 017670, 329180, 015760, 066970, 000880]
011200  HMM       22,000    0.0    +0.0%    0.0x     중간  0.26  0pt/0 [일봉]
015760  한국전력      40,000   57.1    -3.4%    1.0x     하단  3.66  5pt/0 [5분]
035720  카카오       40,650   60.0    -0.2%    0.4x     중간  0.85  3pt/0 [5분]
030200  KT        57,400    0.0    +0.0%    0.0x     중간  0.17  0pt/0 [일봉]
003490  대한항공      29,300    0.0    +0.0%    0.0x     중간  1.40  1pt/0 [일봉]
004020  현대제철      35,800    0.0    +0.0%    0.0x     중간  2.34  2pt/0 [일봉]

══════════════════════════════════════════════════
⏰ 매수 세션 종료 (14:30↑) — 신규 매수 중단
→ 전종목 HOLD
✅ Discord 전송 완료

[15:08] HOLD | KODEX RSI59/+2.4%⬆️ | 보유:카카오(035720) -0.4% | 최고신호 한국전력(015760) 5pt/3pt [거래량1.0x / 호가3.7★ / RSI57 / MA골든]
💰 예수금 60,362원 | KODEX200 RSI59/+2.3% 상승추세⬆️  | 매수기준 점수3pt↑
📦 보유 카카오(035720) 1주 -0.6%

코드      종목명           가격    RSI     변화율    거래량     BB   호가비  B/S
────────────────────────────────────────────────────────────────────────
[2단계 분석 대상: 035720, 000880, 017670, 000150, 015760, 329180]
011200  HMM       22,050    0.0    +0.0%    0.0x     중간  0.19  0pt/0 [일봉]
015760  한국전력      40,000   77.8    -3.5%    1.0x     하단  4.06  4pt/0 [5분]
035720  카카오       40,650   63.6    -0.4%    0.5x     중간  0.87  2pt/0 [5분]
030200  KT        57,500    0.0    +0.0%    0.0x     중간  0.16  0pt/0 [일봉]
003490  대한항공      29,300    0.0    +0.0%    0.0x     중간  1.44  1pt/0 [일봉]
004020  현대제철      35,850    0.0    +0.0%    0.0x     중간  2.45  2pt/0 [일봉]

══════════════════════════════════════════════════
🕐 15:10 이후 — 장 마감 청산 모드
⏰ 매수 세션 종료 (14:30↑) — 신규 매수 중단
→ 전종목 HOLD
✅ Discord 전송 완료

[15:10] HOLD | KODEX RSI59/+2.3%⬆️ | 보유:카카오(035720) -0.6% | 최고신호 한국전력(015760) 4pt/3pt [거래량1.0x / 호가4.1★ / MA골든]
💰 예수금 60,362원 | KODEX200 RSI59/+2.5% 상승추세⬆️  | 매수기준 점수3pt↑
📦 보유 카카오(035720) 1주 -0.4%

코드      종목명           가격    RSI     변화율    거래량     BB   호가비  B/S
────────────────────────────────────────────────────────────────────────
[2단계 분석 대상: 035720, 000880, 017670, 015760, 329180, 403870]
011200  HMM       22,100    0.0    +0.0%    0.0x     중간  0.26  0pt/0 [일봉]
015760  한국전력      40,000   77.8    -3.4%    1.0x     하단  3.87  4pt/0 [5분]
035720  카카오       40,650   63.6    -0.4%    0.5x     중간  0.88  2pt/0 [5분]
030200  KT        57,400    0.0    +0.0%    0.0x     중간  0.13  0pt/0 [일봉]
003490  대한항공      29,300    0.0    +0.0%    0.0x     중간  1.35  1pt/0 [일봉]
004020  현대제철      35,850    0.0    +0.0%    0.0x     중간  2.55  2pt/0 [일봉]

══════════════════════════════════════════════════
🕐 15:10 이후 — 장 마감 청산 모드
⏰ 매수 세션 종료 (14:30↑) — 신규 매수 중단
→ 전종목 HOLD
✅ Discord 전송 완료

[15:12] HOLD | KODEX RSI59/+2.5%⬆️ | 보유:카카오(035720) -0.4% | 최고신호 한국전력(015760) 4pt/3pt [거래량1.0x / 호가3.9★ / MA골든]
💰 예수금 60,362원 | KODEX200 RSI59/+2.4% 상승추세⬆️  | 매수기준 점수3pt↑
📦 보유 카카오(035720) 1주 -0.4%

코드      종목명           가격    RSI     변화율    거래량     BB   호가비  B/S
────────────────────────────────────────────────────────────────────────
[2단계 분석 대상: 035720, 017670, 247540, 000880, 403870, 015760]
011200  HMM       22,150    0.0    +0.0%    0.0x     중간  0.27  0pt/0 [일봉]
015760  한국전력      40,000   75.0    -3.4%    1.0x     하단  3.28  4pt/0 [5분]
035720  카카오       40,600   60.0    -0.4%    0.5x     중간  1.09  2pt/0 [5분]
030200  KT        57,400    0.0    +0.0%    0.0x     중간  0.20  0pt/0 [일봉]
003490  대한항공      29,250    0.0    +0.0%    0.0x     중간  1.85  1pt/0 [일봉]
004020  현대제철      35,900    0.0    +0.0%    0.0x     중간  2.33  2pt/0 [일봉]

══════════════════════════════════════════════════
🕐 15:10 이후 — 장 마감 청산 모드
⏰ 매수 세션 종료 (14:30↑) — 신규 매수 중단
→ 전종목 HOLD
✅ Discord 전송 완료

[15:14] HOLD | KODEX RSI59/+2.4%⬆️ | 보유:카카오(035720) -0.4% | 최고신호 한국전력(015760) 4pt/3pt [거래량1.0x / 호가3.3★ / MA골든]
💰 예수금 60,362원 | KODEX200 RSI59/+2.4% 상승추세⬆️  | 매수기준 점수3pt↑
📦 보유 카카오(035720) 1주 -0.6%

코드      종목명           가격    RSI     변화율    거래량     BB   호가비  B/S
────────────────────────────────────────────────────────────────────────
[2단계 분석 대상: 035720, 017670, 403870, 000880, 015760, 000150]
011200  HMM       22,150    0.0    +0.0%    0.0x     중간  0.26  0pt/0 [일봉]
015760  한국전력      39,950   75.0    -3.6%    1.0x     하단  3.29  4pt/0 [5분]
035720  카카오       40,600   60.0    -0.5%    0.5x     중간  1.22  2pt/0 [5분]
030200  KT        57,500    0.0    +0.0%    0.0x     중간  0.18  0pt/0 [일봉]
003490  대한항공      29,250    0.0    +0.0%    0.0x     중간  1.85  1pt/0 [일봉]
004020  현대제철      35,800    0.0    +0.0%    0.0x     중간  2.62  2pt/0 [일봉]

══════════════════════════════════════════════════
🕐 15:10 이후 — 장 마감 청산 모드
⏰ 매수 세션 종료 (14:30↑) — 신규 매수 중단
→ 전종목 HOLD
✅ Discord 전송 완료

[15:16] HOLD | KODEX RSI59/+2.4%⬆️ | 보유:카카오(035720) -0.6% | 최고신호 한국전력(015760) 4pt/3pt [거래량1.0x / 호가3.3★ / MA골든]
💰 예수금 60,362원 | KODEX200 RSI59/+2.4% 상승추세⬆️  | 매수기준 점수3pt↑
📦 보유 카카오(035720) 1주 -0.6%

코드      종목명           가격    RSI     변화율    거래량     BB   호가비  B/S
────────────────────────────────────────────────────────────────────────
[2단계 분석 대상: 035720, 017670, 247540, 015760, 403870, 004020]
011200  HMM       22,150    0.0    +0.0%    0.0x     중간  0.24  0pt/0 [일봉]
015760  한국전력      39,900   75.0    -3.7%    1.0x     하단  4.05  4pt/0 [5분]
035720  카카오       40,550   60.0    -0.6%    0.5x     하단  1.36  3pt/0 [5분]
030200  KT        57,400    0.0    +0.0%    0.0x     중간  0.20  0pt/0 [일봉]
003490  대한항공      29,250    0.0    +0.0%    0.0x     중간  1.88  1pt/0 [일봉]
004020  현대제철      35,750   55.6    -2.6%    0.6x     하단  3.62  4pt/0 [5분]

══════════════════════════════════════════════════
🕐 15:10 이후 — 장 마감 청산 모드
⏰ 매수 세션 종료 (14:30↑) — 신규 매수 중단
→ 전종목 HOLD
✅ Discord 전송 완료

[15:18] HOLD | KODEX RSI59/+2.4%⬆️ | 보유:카카오(035720) -0.6% | 최고신호 한국전력(015760) 4pt/3pt [거래량1.0x / 호가4.0★ / MA골든]
💰 예수금 60,362원 | KODEX200 RSI59/+2.4% 상승추세⬆️  | 매수기준 점수3pt↑
📦 보유 카카오(035720) 1주 -0.7%

코드      종목명           가격    RSI     변화율    거래량     BB   호가비  B/S
────────────────────────────────────────────────────────────────────────
[2단계 분석 대상: 035720, 000880, 032830, 247540, 055550, 066970]
011200  HMM       22,200    0.0    +0.0%    0.0x     중간  0.31  0pt/0 [일봉]
015760  한국전력      40,100    0.0    +0.0%    0.0x     중간  0.11  0pt/0 [일봉]
035720  카카오       40,550   60.0    -0.5%    0.5x     중간  2.78  4pt/0 [5분]
030200  KT        57,100    0.0    +0.0%    0.0x     중간  4.02  2pt/0 [일봉]
003490  대한항공      29,300    0.0    +0.0%    0.0x     중간  0.47  0pt/0 [일봉]
004020  현대제철      36,150    0.0    +0.0%    0.0x     중간  2.44  2pt/0 [일봉]

══════════════════════════════════════════════════
🕐 15:10 이후 — 장 마감 청산 모드
⏰ 매수 세션 종료 (14:30↑) — 신규 매수 중단
→ 전종목 HOLD
✅ Discord 전송 완료

[15:20] HOLD | KODEX RSI59/+2.4%⬆️ | 보유:카카오(035720) -0.7% | 최고신호 카카오(035720) 4pt/3pt [호가2.8★ / RSI60 / 연속상승]
💰 예수금 60,362원 | KODEX200 RSI59/+2.4% 상승추세⬆️  | 매수기준 점수3pt↑
📦 보유 카카오(035720) 1주 -0.7%

코드      종목명           가격    RSI     변화율    거래량     BB   호가비  B/S
────────────────────────────────────────────────────────────────────────
[2단계 분석 대상: 035720, 032830, 066970, 000880, 015760, 105560]
011200  HMM       22,200    0.0    +0.0%    0.0x     중간  0.67  0pt/0 [일봉]
015760  한국전력      39,850   75.0    -3.6%    1.0x     하단  9.74  4pt/0 [5분]
035720  카카오       40,550   60.0    -0.5%    0.5x     중간  4.78  4pt/0 [5분]
030200  KT        57,100    0.0    +0.0%    0.0x     중간  4.56  2pt/0 [일봉]
003490  대한항공      29,350    0.0    +0.0%    0.0x     중간  0.25  0pt/0 [일봉]
004020  현대제철      36,600    0.0    +0.0%    0.0x     중간  0.22  0pt/0 [일봉]

══════════════════════════════════════════════════
🕐 15:10 이후 — 장 마감 청산 모드
⏰ 매수 세션 종료 (14:30↑) — 신규 매수 중단
→ 전종목 HOLD
✅ Discord 전송 완료

[15:22] HOLD | KODEX RSI59/+2.4%⬆️ | 보유:카카오(035720) -0.7% | 최고신호 한국전력(015760) 4pt/3pt [거래량1.0x / 호가9.7★ / MA골든]
💰 예수금 60,362원 | KODEX200 RSI59/+2.4% 상승추세⬆️  | 매수기준 점수3pt↑
📦 보유 카카오(035720) 1주 -0.7%

코드      종목명           가격    RSI     변화율    거래량     BB   호가비  B/S
────────────────────────────────────────────────────────────────────────
[2단계 분석 대상: 035720, 247540, 000880, 055550, 015760, 272210]
011200  HMM       22,200    0.0    +0.0%    0.0x     중간  0.17  0pt/0 [일봉]
015760  한국전력      39,850   75.0    -3.6%    1.0x     하단 10.66  4pt/0 [5분]
035720  카카오       40,500   60.0    -0.5%    0.5x     중간  7.06  4pt/0 [5분]
030200  KT        55,500    0.0    +0.0%    0.0x     중간  0.25  0pt/0 [일봉]
003490  대한항공      29,350    0.0    +0.0%    0.0x     중간  0.27  0pt/0 [일봉]
004020  현대제철      36,200    0.0    +0.0%    0.0x     중간  0.53  0pt/0 [일봉]

══════════════════════════════════════════════════
🕐 15:10 이후 — 장 마감 청산 모드
⏰ 매수 세션 종료 (14:30↑) — 신규 매수 중단
→ 전종목 HOLD
✅ Discord 전송 완료

[15:24] HOLD | KODEX RSI59/+2.4%⬆️ | 보유:카카오(035720) -0.7% | 최고신호 한국전력(015760) 4pt/3pt [거래량1.0x / 호가10.7★ / MA골든]
💰 예수금 60,362원 | KODEX200 RSI59/+2.4% 상승추세⬆️  | 매수기준 점수3pt↑
📦 보유 카카오(035720) 1주 -0.7%

코드      종목명           가격    RSI     변화율    거래량     BB   호가비  B/S
────────────────────────────────────────────────────────────────────────
[2단계 분석 대상: 035720, 105560, 247540, 032830, 138040, 015760]
011200  HMM       22,200    0.0    +0.0%    0.0x     중간  0.16  0pt/0 [일봉]
015760  한국전력      39,900   75.0    -3.6%    1.0x     하단  6.73  4pt/0 [5분]
035720  카카오       40,450   60.0    -0.5%    0.5x     중간 13.84  4pt/0 [5분]
030200  KT        56,600    0.0    +0.0%    0.0x     중간  0.19  0pt/0 [일봉]
003490  대한항공      29,300    0.0    +0.0%    0.0x     중간  0.25  0pt/0 [일봉]
004020  현대제철      36,250    0.0    +0.0%    0.0x     중간  2.18  2pt/0 [일봉]

══════════════════════════════════════════════════
🕐 15:10 이후 — 장 마감 청산 모드
⏰ 매수 세션 종료 (14:30↑) — 신규 매수 중단
→ 전종목 HOLD
✅ Discord 전송 완료

[15:26] HOLD | KODEX RSI59/+2.4%⬆️ | 보유:카카오(035720) -0.7% | 최고신호 한국전력(015760) 4pt/3pt [거래량1.0x / 호가6.7★ / MA골든]
💰 예수금 60,362원 | KODEX200 RSI59/+2.4% 상승추세⬆️  | 매수기준 점수3pt↑
📦 보유 카카오(035720) 1주 -0.7%

코드      종목명           가격    RSI     변화율    거래량     BB   호가비  B/S
────────────────────────────────────────────────────────────────────────
[2단계 분석 대상: 035720, 032830, 138040, 015760, 055550, 010950]
011200  HMM       22,200    0.0    +0.0%    0.0x     중간  0.29  0pt/0 [일봉]
015760  한국전력      39,850   75.0    -3.6%    1.0x     하단  6.22  4pt/0 [5분]
035720  카카오       40,500   60.0    -0.5%    0.5x     중간  6.95  4pt/0 [5분]
030200  KT        56,600    0.0    +0.0%    0.0x     중간  0.22  0pt/0 [일봉]
003490  대한항공      29,300    0.0    +0.0%    0.0x     중간  0.33  0pt/0 [일봉]
004020  현대제철      36,050    0.0    +0.0%    0.0x     중간  0.05  0pt/0 [일봉]

══════════════════════════════════════════════════
🕐 15:10 이후 — 장 마감 청산 모드
⏰ 매수 세션 종료 (14:30↑) — 신규 매수 중단
→ 전종목 HOLD
✅ Discord 전송 완료

[15:28] HOLD | KODEX RSI59/+2.4%⬆️ | 보유:카카오(035720) -0.7% | 최고신호 한국전력(015760) 4pt/3pt [거래량1.0x / 호가6.2★ / MA골든]
💰 예수금 60,362원 | KODEX200 RSI59/+2.4% 상승추세⬆️  | 매수기준 점수3pt↑
📦 보유 카카오(035720) 1주 -0.7%

코드      종목명           가격    RSI     변화율    거래량     BB   호가비  B/S
────────────────────────────────────────────────────────────────────────
[2단계 분석 대상: 035720, 247540, 015760, 000880, 403870, 066970]
011200  HMM       22,150    0.0    +0.0%    0.0x     중간  0.27  0pt/0 [일봉]
015760  한국전력      39,850   66.7    -3.9%    1.1x     하단  7.79  4pt/0 [5분]
035720  카카오       40,500   50.0    -0.7%    0.5x     하단  1.60  4pt/0 [5분]
030200  KT        56,600    0.0    +0.0%    0.0x     중간  0.91  0pt/0 [일봉]
003490  대한항공      29,300    0.0    +0.0%    0.0x     중간  0.67  0pt/0 [일봉]
004020  현대제철      35,850    0.0    +0.0%    0.0x     중간  0.87  0pt/0 [일봉]

══════════════════════════════════════════════════
🕐 15:10 이후 — 장 마감 청산 모드
⏰ 매수 세션 종료 (14:30↑) — 신규 매수 중단
→ 전종목 HOLD
✅ Discord 전송 완료

[15:30] HOLD | KODEX RSI59/+2.4%⬆️ | 보유:카카오(035720) -0.7% | 최고신호 한국전력(015760) 4pt/3pt [거래량1.1x / 호가7.8★ / MA골든]
