💰 예수금 4,155원 | KODEX200 RSI92/+0.0% 과열⚠️ | 매수기준 3개↑
📦 보유 GS(078930) 1주 +0.0%
📦 보유 원익피앤이(217820) 6주 -1.5%

코드      종목명           가격    RSI     변화율    거래량     BB   호가비  B/S
────────────────────────────────────────────────────────────────────────
[2단계 분석 대상: 078930, 217820, 000660, 001510, 138040, 207940, 006400]
⛔ 아우토크립트(137040) 호가 없음 (거래정지 의심)
078930  GS        77,000   60.6    +0.0%    0.0x     중간  0.02  1/0
217820  원익피앤이      4,100   70.0    +0.0%    0.0x     중간  0.45  1/0
⛔ 금양(001570) 호가 없음 (거래정지 의심)

══════════════════════════════════════════════════
→ 전종목 HOLD
✅ Discord 전송 완료

[08:50] HOLD | KODEX RSI92/+0.0%⚠️ | 보유:GS(078930) +0.0% 원익피앤(217820) -1.5% | 💸예수금부족 | 최고신호 GS(078930) 1/3개 [MA골]
💰 예수금 4,155원 | KODEX200 RSI92/+1.7% 과열⚠️ | 매수기준 3개↑
📦 보유 GS(078930) 1주 +0.0%
📦 보유 원익피앤이(217820) 6주 -1.5%

코드      종목명           가격    RSI     변화율    거래량     BB   호가비  B/S
────────────────────────────────────────────────────────────────────────
[2단계 분석 대상: 078930, 217820, 000660, 005930, 012450, 001510, 056080]
⛔ 아우토크립트(137040) 호가 없음 (거래정지 의심)
078930  GS        77,000   61.4    +0.5%    0.0x     중간  0.15  1/0
217820  원익피앤이      4,115   71.2    +2.0%    0.0x     중간  0.59  1/0
⛔ 금양(001570) 호가 없음 (거래정지 의심)

══════════════════════════════════════════════════
→ 전종목 HOLD
✅ Discord 전송 완료

[09:00] HOLD | KODEX RSI92/+1.7%⚠️ | 보유:GS(078930) +0.0% 원익피앤(217820) -1.5% | 💸예수금부족 | 최고신호 GS(078930) 1/3개 [MA골]
💰 예수금 4,156원 | KODEX200 RSI92/+2.0% 과열⚠️ | 매수기준 3개↑
📦 보유 GS(078930) 1주 -0.5%
📦 보유 원익피앤이(217820) 6주 -1.3%

코드      종목명           가격    RSI     변화율    거래량     BB   호가비  B/S
────────────────────────────────────────────────────────────────────────
[2단계 분석 대상: 078930, 217820, 005930, 003670, 138040, 012450, 403870]
⛔ 아우토크립트(137040) 호가 없음 (거래정지 의심)
078930  GS        77,000   60.6    +0.0%    0.0x     중간  0.62  1/0
217820  원익피앤이      3,965   67.7    -1.6%    0.0x     중간  0.44  2/0
⛔ 금양(001570) 호가 없음 (거래정지 의심)

══════════════════════════════════════════════════
→ 전종목 HOLD
✅ Discord 전송 완료

[09:02] HOLD | KODEX RSI92/+2.0%⚠️ | 보유:GS(078930) -0.5% 원익피앤(217820) -1.3% | 💸예수금부족 | 최고신호 원익피앤이(217820) 2/3개 [하락-1.6% / MA골]
💰 예수금 4,156원 | KODEX200 RSI92/+2.0% 과열⚠️ | 매수기준 3개↑
📦 보유 GS(078930) 1주 +0.4%
📦 보유 원익피앤이(217820) 6주 -3.0% ⚠️주의

코드      종목명           가격    RSI     변화율    거래량     BB   호가비  B/S
────────────────────────────────────────────────────────────────────────
[2단계 분석 대상: 078930, 217820, 000660, 079550, 005930, 403870, 259960]
⛔ 아우토크립트(137040) 호가 없음 (거래정지 의심)
078930  GS        77,100   60.8    +0.1%    0.1x     중간  0.45  1/0
217820  원익피앤이      3,975   67.5    -1.7%    0.1x     중간  0.67  2/0
⛔ 금양(001570) 호가 없음 (거래정지 의심)

══════════════════════════════════════════════════
→ 전종목 HOLD
✅ Discord 전송 완료

[09:04] HOLD | KODEX RSI92/+2.0%⚠️ | 보유:GS(078930) +0.4% 원익피앤(217820) -3.0% | 💸예수금부족 | 최고신호 원익피앤이(217820) 2/3개 [하락-1.7% / MA골]
💰 예수금 4,156원 | KODEX200 RSI92/+1.0% 과열⚠️ | 매수기준 3개↑
📦 보유 GS(078930) 1주 +0.3%
📦 보유 원익피앤이(217820) 6주 -3.6% ⚠️주의

코드      종목명           가격    RSI     변화율    거래량     BB   호가비  B/S
────────────────────────────────────────────────────────────────────────
[2단계 분석 대상: 078930, 217820, 084850, 012450, 061250, 079550, 066970]
⛔ 아우토크립트(137040) 호가 없음 (거래정지 의심)
078930  GS        77,600   61.9    +0.9%    0.1x     중간  0.28  1/0
217820  원익피앤이      3,950   66.5    -2.5%    0.1x     중간  1.77  3/0
⛔ 금양(001570) 호가 없음 (거래정지 의심)

══════════════════════════════════════════════════
→ 전종목 HOLD
✅ Discord 전송 완료

[09:06] HOLD | KODEX RSI92/+1.0%⚠️ | 보유:GS(078930) +0.3% 원익피앤(217820) -3.6% | 💸예수금부족 | 최고신호 원익피앤이(217820) 3/3개 [하락-2.5% / MA골 / 호가1.8]
💰 예수금 4,156원 | KODEX200 RSI92/+0.9% 과열⚠️ | 매수기준 3개↑
📦 보유 GS(078930) 1주 +0.4%
📦 보유 원익피앤이(217820) 6주 -3.6% ⚠️주의

코드      종목명           가격    RSI     변화율    거래량     BB   호가비  B/S
────────────────────────────────────────────────────────────────────────
[2단계 분석 대상: 078930, 217820, 000660, 084850, 061250, 207940, 001510]
⛔ 아우토크립트(137040) 호가 없음 (거래정지 의심)
078930  GS        77,300   61.0    +0.3%    0.1x     중간  0.53  1/0
217820  원익피앤이      3,935   66.7    -2.4%    0.1x     중간  1.81  3/0
⛔ 금양(001570) 호가 없음 (거래정지 의심)

══════════════════════════════════════════════════
→ 전종목 HOLD
✅ Discord 전송 완료

[09:08] HOLD | KODEX RSI92/+0.9%⚠️ | 보유:GS(078930) +0.4% 원익피앤(217820) -3.6% | 💸예수금부족 | 최고신호 원익피앤이(217820) 3/3개 [하락-2.4% / MA골 / 호가1.8]
💰 예수금 4,156원 | KODEX200 RSI92/+0.6% 과열⚠️ | 매수기준 3개↑
📦 보유 GS(078930) 1주 +0.9%
📦 보유 원익피앤이(217820) 6주 -4.5% 🔴스탑로스임박

코드      종목명           가격    RSI     변화율    거래량     BB   호가비  B/S
────────────────────────────────────────────────────────────────────────
[2단계 분석 대상: 078930, 217820, 084850, 079550, 138040, 006400, 207940]
⛔ 아우토크립트(137040) 호가 없음 (거래정지 의심)
078930  GS        77,600   61.7    +0.8%    0.1x     중간  1.36  2/0
217820  원익피앤이      3,915   65.7    -3.1%    0.1x     중간  1.70  3/0
⛔ 금양(001570) 호가 없음 (거래정지 의심)

══════════════════════════════════════════════════
→ 전종목 HOLD
✅ Discord 전송 완료

[09:10] HOLD | KODEX RSI92/+0.6%⚠️ | 보유:GS(078930) +0.9% 원익피앤(217820) -4.5% | 💸예수금부족 | 최고신호 원익피앤이(217820) 3/3개 [하락-3.1% / MA골 / 호가1.7]
💰 예수금 4,156원 | KODEX200 RSI92/+1.1% 과열⚠️ | 매수기준 3개↑
📦 보유 GS(078930) 1주 +0.7%
📦 보유 원익피앤이(217820) 6주 -4.2% 🔴스탑로스임박

코드      종목명           가격    RSI     변화율    거래량     BB   호가비  B/S
────────────────────────────────────────────────────────────────────────
[2단계 분석 대상: 078930, 217820, 138040, 084850, 079550, 055550, 001510]
⛔ 아우토크립트(137040) 호가 없음 (거래정지 의심)
078930  GS        77,400   61.2    +0.4%    0.1x     중간  0.71  1/0
217820  원익피앤이      3,915   66.2    -2.7%    0.1x     중간  1.23  3/0
⛔ 금양(001570) 호가 없음 (거래정지 의심)

══════════════════════════════════════════════════
→ 전종목 HOLD
✅ Discord 전송 완료

[09:12] HOLD | KODEX RSI92/+1.1%⚠️ | 보유:GS(078930) +0.7% 원익피앤(217820) -4.2% | 💸예수금부족 | 최고신호 원익피앤이(217820) 3/3개 [하락-2.7% / MA골 / 호가1.2]
💰 예수금 4,156원 | KODEX200 RSI92/+0.9% 과열⚠️ | 매수기준 3개↑
📦 보유 GS(078930) 1주 -0.1%
📦 보유 원익피앤이(217820) 6주 -4.0% ⚠️주의

코드      종목명           가격    RSI     변화율    거래량     BB   호가비  B/S
────────────────────────────────────────────────────────────────────────
[2단계 분석 대상: 078930, 217820, 079550, 138040, 035720, 403870, 042700]
⛔ 아우토크립트(137040) 호가 없음 (거래정지 의심)
078930  GS        76,900   60.1    -0.3%    0.1x     중간  0.20  1/0
217820  원익피앤이      3,920   66.3    -2.6%    0.2x     중간  1.28  3/0
⛔ 금양(001570) 호가 없음 (거래정지 의심)

══════════════════════════════════════════════════
→ 전종목 HOLD
✅ Discord 전송 완료

[09:15] HOLD | KODEX RSI92/+0.9%⚠️ | 보유:GS(078930) -0.1% 원익피앤(217820) -4.0% | 💸예수금부족 | 최고신호 원익피앤이(217820) 3/3개 [하락-2.6% / MA골 / 호가1.3]
💰 예수금 4,157원 | KODEX200 RSI92/+0.9% 과열⚠️ | 매수기준 3개↑
📦 보유 GS(078930) 1주 +0.3%
📦 보유 원익피앤이(217820) 6주 -4.2% 🔴스탑로스임박

코드      종목명           가격    RSI     변화율    거래량     BB   호가비  B/S
────────────────────────────────────────────────────────────────────────
[2단계 분석 대상: 078930, 217820, 138040, 079550, 035720, 403870, 000660]
⛔ 아우토크립트(137040) 호가 없음 (거래정지 의심)
078930  GS        77,000   60.6    +0.0%    0.1x     중간  0.70  1/0
217820  원익피앤이      3,930   66.7    -2.4%    0.2x     중간  2.17  3/0
⛔ 금양(001570) 호가 없음 (거래정지 의심)

══════════════════════════════════════════════════
→ 전종목 HOLD
✅ Discord 전송 완료

[09:16] HOLD | KODEX RSI92/+0.9%⚠️ | 보유:GS(078930) +0.3% 원익피앤(217820) -4.2% | 💸예수금부족 | 최고신호 원익피앤이(217820) 3/3개 [하락-2.4% / MA골 / 호가2.2]
💰 예수금 4,156원 | KODEX200 RSI92/+0.6% 과열⚠️ | 매수기준 3개↑
📦 보유 GS(078930) 1주 -0.2%
📦 보유 원익피앤이(217820) 6주 -3.5% ⚠️주의

코드      종목명           가격    RSI     변화율    거래량     BB   호가비  B/S
────────────────────────────────────────────────────────────────────────
[2단계 분석 대상: 078930, 217820, 207940, 079550, 138040, 001510, 055550]
⛔ 아우토크립트(137040) 호가 없음 (거래정지 의심)
078930  GS        76,600   59.8    -0.4%    0.1x     중간  0.43  1/0
217820  원익피앤이      3,965   67.3    -1.9%    0.2x     중간  2.16  3/0
⛔ 금양(001570) 호가 없음 (거래정지 의심)

══════════════════════════════════════════════════
→ 전종목 HOLD
✅ Discord 전송 완료

[09:18] HOLD | KODEX RSI92/+0.6%⚠️ | 보유:GS(078930) -0.2% 원익피앤(217820) -3.5% | 💸예수금부족 | 최고신호 원익피앤이(217820) 3/3개 [하락-1.9% / MA골 / 호가2.2]
💰 예수금 4,156원 | KODEX200 RSI92/+0.3% 과열⚠️ | 매수기준 3개↑
📦 보유 GS(078930) 1주 +0.0%
📦 보유 원익피앤이(217820) 6주 -3.6% ⚠️주의

코드      종목명           가격    RSI     변화율    거래량     BB   호가비  B/S
────────────────────────────────────────────────────────────────────────
[2단계 분석 대상: 078930, 217820, 207940, 035720, 079550, 006400, 001510]
⛔ 아우토크립트(137040) 호가 없음 (거래정지 의심)
078930  GS        77,100   60.8    +0.1%    0.2x     중간  0.64  1/0
217820  원익피앤이      3,940   67.0    -2.1%    0.2x     중간  2.84  3/0
⛔ 금양(001570) 호가 없음 (거래정지 의심)

══════════════════════════════════════════════════
→ 전종목 HOLD
✅ Discord 전송 완료

[09:20] HOLD | KODEX RSI92/+0.3%⚠️ | 보유:GS(078930) +0.0% 원익피앤(217820) -3.6% | 💸예수금부족 | 최고신호 원익피앤이(217820) 3/3개 [하락-2.1% / MA골 / 호가2.8]
💰 예수금 4,156원 | KODEX200 RSI92/+0.2% 과열⚠️ | 매수기준 3개↑
📦 보유 GS(078930) 1주 +0.2%
📦 보유 원익피앤이(217820) 6주 -3.5% ⚠️주의

코드      종목명           가격    RSI     변화율    거래량     BB   호가비  B/S
────────────────────────────────────────────────────────────────────────
[2단계 분석 대상: 078930, 217820, 058470, 079550, 066970, 001510, 003670]
⛔ 아우토크립트(137040) 호가 없음 (거래정지 의심)
078930  GS        77,100   61.0    +0.3%    0.2x     중간  0.82  1/0
217820  원익피앤이      3,950   66.3    -2.6%    0.2x     중간  2.34  3/0
⛔ 금양(001570) 호가 없음 (거래정지 의심)

══════════════════════════════════════════════════
→ 전종목 HOLD
✅ Discord 전송 완료

[09:22] HOLD | KODEX RSI92/+0.2%⚠️ | 보유:GS(078930) +0.2% 원익피앤(217820) -3.5% | 💸예수금부족 | 최고신호 원익피앤이(217820) 3/3개 [하락-2.6% / MA골 / 호가2.3]
💰 예수금 4,156원 | KODEX200 RSI92/+0.0% 과열⚠️ | 매수기준 3개↑
📦 보유 GS(078930) 1주 +0.3%
📦 보유 원익피앤이(217820) 6주 -3.8% ⚠️주의

코드      종목명           가격    RSI     변화율    거래량     BB   호가비  B/S
────────────────────────────────────────────────────────────────────────
[2단계 분석 대상: 078930, 217820, 207940, 066970, 138040, 079550, 084850]
⛔ 아우토크립트(137040) 호가 없음 (거래정지 의심)
078930  GS        76,600   59.3    -0.7%    0.2x     중간  0.87  1/0
217820  원익피앤이      3,925   66.3    -2.6%    0.2x     중간  0.96  2/0
⛔ 금양(001570) 호가 없음 (거래정지 의심)

══════════════════════════════════════════════════
→ 전종목 HOLD
✅ Discord 전송 완료

[09:24] HOLD | KODEX RSI92/+0.0%⚠️ | 보유:GS(078930) +0.3% 원익피앤(217820) -3.8% | 💸예수금부족 | 최고신호 원익피앤이(217820) 2/3개 [하락-2.6% / MA골]
💰 예수금 4,158원 | KODEX200 RSI89/-0.7% 과열⚠️ | 매수기준 3개↑
📦 보유 GS(078930) 1주 -0.6%
📦 보유 원익피앤이(217820) 6주 -4.3% 🔴스탑로스임박

코드      종목명           가격    RSI     변화율    거래량     BB   호가비  B/S
────────────────────────────────────────────────────────────────────────
[2단계 분석 대상: 078930, 217820, 084850, 207940, 066970, 138040, 001510]
⛔ 아우토크립트(137040) 호가 없음 (거래정지 의심)
078930  GS        76,600   59.5    -0.5%    0.2x     중간  0.78  1/0
217820  원익피앤이      3,925   66.0    -2.9%    0.2x     중간  1.12  2/0
⛔ 금양(001570) 호가 없음 (거래정지 의심)

══════════════════════════════════════════════════
→ 전종목 HOLD
✅ Discord 전송 완료

[09:26] HOLD | KODEX RSI89/-0.7%⚠️ | 보유:GS(078930) -0.6% 원익피앤(217820) -4.3% | 💸예수금부족 | 최고신호 원익피앤이(217820) 2/3개 [하락-2.9% / MA골]
💰 예수금 4,158원 | KODEX200 RSI88/-0.9% 과열⚠️ | 매수기준 3개↑
📦 보유 GS(078930) 1주 -0.3%
📦 보유 원익피앤이(217820) 6주 -4.2% 🔴스탑로스임박

코드      종목명           가격    RSI     변화율    거래량     BB   호가비  B/S
────────────────────────────────────────────────────────────────────────
[2단계 분석 대상: 078930, 217820, 066970, 084850, 079550, 138040, 207940]
⛔ 아우토크립트(137040) 호가 없음 (거래정지 의심)
078930  GS        76,800   60.1    -0.3%    0.2x     중간  1.01  1/0
217820  원익피앤이      3,905   65.5    -3.2%    0.2x     중간  0.41  2/0
⛔ 금양(001570) 호가 없음 (거래정지 의심)

══════════════════════════════════════════════════
→ 전종목 HOLD
✅ Discord 전송 완료

[09:28] HOLD | KODEX RSI88/-0.9%⚠️ | 보유:GS(078930) -0.3% 원익피앤(217820) -4.2% | 💸예수금부족 | 최고신호 원익피앤이(217820) 2/3개 [하락-3.2% / MA골]
💰 예수금 4,158원 | KODEX200 RSI88/-0.8% 과열⚠️ | 매수기준 3개↑
📦 보유 GS(078930) 1주 -0.3%
📦 보유 원익피앤이(217820) 6주 -4.7% 🔴스탑로스임박

코드      종목명           가격    RSI     변화율    거래량     BB   호가비  B/S
────────────────────────────────────────────────────────────────────────
[2단계 분석 대상: 078930, 217820, 079550, 084850, 066970, 207940, 138040]
⛔ 아우토크립트(137040) 호가 없음 (거래정지 의심)
078930  GS        76,500   59.3    -0.7%    0.2x     중간  0.68  1/0
217820  원익피앤이      3,890   65.7    -3.1%    0.3x     중간  0.74  2/0
⛔ 금양(001570) 호가 없음 (거래정지 의심)

══════════════════════════════════════════════════
→ 전종목 HOLD
✅ Discord 전송 완료

[09:30] HOLD | KODEX RSI88/-0.8%⚠️ | 보유:GS(078930) -0.3% 원익피앤(217820) -4.7% | 💸예수금부족 | 최고신호 원익피앤이(217820) 2/3개 [하락-3.1% / MA골]
💰 예수금 4,158원 | KODEX200 RSI88/-0.9% 과열⚠️ | 매수기준 3개↑
📦 보유 GS(078930) 1주 -0.5%
📦 보유 원익피앤이(217820) 6주 -4.8% 🔴스탑로스임박

코드      종목명           가격    RSI     변화율    거래량     BB   호가비  B/S
────────────────────────────────────────────────────────────────────────
[2단계 분석 대상: 078930, 217820, 079550, 084850, 207940, 066970, 138040]
⛔ 아우토크립트(137040) 호가 없음 (거래정지 의심)
078930  GS        77,000   60.8    +0.1%    0.2x     중간  0.88  1/0
217820  원익피앤이      3,900   65.7    -3.1%    0.3x     중간  1.65  3/0
⛔ 금양(001570) 호가 없음 (거래정지 의심)

══════════════════════════════════════════════════
→ 전종목 HOLD
✅ Discord 전송 완료

[09:32] HOLD | KODEX RSI88/-0.9%⚠️ | 보유:GS(078930) -0.5% 원익피앤(217820) -4.8% | 💸예수금부족 | 최고신호 원익피앤이(217820) 3/3개 [하락-3.1% / MA골 / 호가1.6]
💰 예수금 4,157원 | KODEX200 RSI91/-0.0% 과열⚠️ | 매수기준 3개↑
📦 보유 GS(078930) 1주 +0.0%
📦 보유 원익피앤이(217820) 6주 -4.2% 🔴스탑로스임박

코드      종목명           가격    RSI     변화율    거래량     BB   호가비  B/S
────────────────────────────────────────────────────────────────────────
[2단계 분석 대상: 078930, 217820, 084850, 207940, 056080, 138040, 066970]
⛔ 아우토크립트(137040) 호가 없음 (거래정지 의심)
078930  GS        76,600   59.8    -0.4%    0.2x     중간  0.86  1/0
217820  원익피앤이      3,910   65.8    -3.0%    0.3x     중간  1.52  3/0
⛔ 금양(001570) 호가 없음 (거래정지 의심)

══════════════════════════════════════════════════
→ 전종목 HOLD
✅ Discord 전송 완료

[09:34] HOLD | KODEX RSI91/-0.0%⚠️ | 보유:GS(078930) +0.0% 원익피앤(217820) -4.2% | 💸예수금부족 | 최고신호 원익피앤이(217820) 3/3개 [하락-3.0% / MA골 / 호가1.5]
💰 예수금 4,157원 | KODEX200 RSI92/+0.3% 과열⚠️ | 매수기준 3개↑
📦 보유 GS(078930) 1주 -0.2%
📦 보유 원익피앤이(217820) 6주 -4.3% 🔴스탑로스임박

코드      종목명           가격    RSI     변화율    거래량     BB   호가비  B/S
────────────────────────────────────────────────────────────────────────
[2단계 분석 대상: 078930, 217820, 084850, 207940, 138040, 056080, 012450]
⛔ 아우토크립트(137040) 호가 없음 (거래정지 의심)
078930  GS        76,700   60.4    -0.1%    0.3x     중간  0.63  1/0
217820  원익피앤이      3,925   66.5    -2.5%    0.3x     중간  1.98  3/0
⛔ 금양(001570) 호가 없음 (거래정지 의심)

══════════════════════════════════════════════════
→ 전종목 HOLD
✅ Discord 전송 완료

[09:36] HOLD | KODEX RSI92/+0.3%⚠️ | 보유:GS(078930) -0.2% 원익피앤(217820) -4.3% | 💸예수금부족 | 최고신호 원익피앤이(217820) 3/3개 [하락-2.5% / MA골 / 호가2.0]
💰 예수금 4,156원 | KODEX200 RSI92/+0.0% 과열⚠️ | 매수기준 3개↑
📦 보유 GS(078930) 1주 +0.0%
📦 보유 원익피앤이(217820) 6주 -4.1% 🔴스탑로스임박

코드      종목명           가격    RSI     변화율    거래량     BB   호가비  B/S
────────────────────────────────────────────────────────────────────────
[2단계 분석 대상: 078930, 217820, 084850, 207940, 012450, 056080, 066970]
⛔ 아우토크립트(137040) 호가 없음 (거래정지 의심)
078930  GS        76,900   60.6    +0.0%    0.3x     중간  0.50  1/0
217820  원익피앤이      3,920   66.3    -2.6%    0.3x     중간  1.47  3/0
⛔ 금양(001570) 호가 없음 (거래정지 의심)

══════════════════════════════════════════════════
→ 전종목 HOLD
✅ Discord 전송 완료

[09:38] HOLD | KODEX RSI92/+0.0%⚠️ | 보유:GS(078930) +0.0% 원익피앤(217820) -4.1% | 💸예수금부족 | 최고신호 원익피앤이(217820) 3/3개 [하락-2.6% / MA골 / 호가1.5]
💰 예수금 4,156원 | KODEX200 RSI92/+0.1% 과열⚠️ | 매수기준 3개↑
📦 보유 GS(078930) 1주 +0.3%
📦 보유 원익피앤이(217820) 6주 -4.1% 🔴스탑로스임박

코드      종목명           가격    RSI     변화율    거래량     BB   호가비  B/S
────────────────────────────────────────────────────────────────────────
[2단계 분석 대상: 078930, 217820, 084850, 207940, 012450, 138040, 035720]
⛔ 아우토크립트(137040) 호가 없음 (거래정지 의심)
078930  GS        77,000   60.6    +0.0%    0.3x     중간  0.63  1/0
217820  원익피앤이      3,905   65.8    -3.0%    0.3x     중간  2.58  3/0
⛔ 금양(001570) 호가 없음 (거래정지 의심)

══════════════════════════════════════════════════
→ 전종목 HOLD
✅ Discord 전송 완료

[09:40] HOLD | KODEX RSI92/+0.1%⚠️ | 보유:GS(078930) +0.3% 원익피앤(217820) -4.1% | 💸예수금부족 | 최고신호 원익피앤이(217820) 3/3개 [하락-3.0% / MA골 / 호가2.6]
💰 예수금 4,157원 | KODEX200 RSI91/-0.2% 과열⚠️ | 매수기준 3개↑
📦 보유 GS(078930) 1주 -0.1%
📦 보유 원익피앤이(217820) 6주 -4.3% 🔴스탑로스임박

코드      종목명           가격    RSI     변화율    거래량     BB   호가비  B/S
────────────────────────────────────────────────────────────────────────
[2단계 분석 대상: 078930, 217820, 207940, 084850, 003670, 138040, 012450]
⛔ 아우토크립트(137040) 호가 없음 (거래정지 의심)
078930  GS        77,000   60.6    +0.0%    0.3x     중간  0.55  1/0
217820  원익피앤이      3,915   66.2    -2.7%    0.3x     중간  2.24  3/0
⛔ 금양(001570) 호가 없음 (거래정지 의심)

══════════════════════════════════════════════════
→ 전종목 HOLD
✅ Discord 전송 완료

[09:42] HOLD | KODEX RSI91/-0.2%⚠️ | 보유:GS(078930) -0.1% 원익피앤(217820) -4.3% | 💸예수금부족 | 최고신호 원익피앤이(217820) 3/3개 [하락-2.7% / MA골 / 호가2.2]
💰 예수금 4,157원 | KODEX200 RSI91/-0.2% 과열⚠️ | 매수기준 3개↑
📦 보유 GS(078930) 1주 +0.2%
📦 보유 원익피앤이(217820) 6주 -4.2% 🔴스탑로스임박

코드      종목명           가격    RSI     변화율    거래량     BB   호가비  B/S
────────────────────────────────────────────────────────────────────────
[2단계 분석 대상: 078930, 217820, 084850, 207940, 012450, 003670, 138040]
⛔ 아우토크립트(137040) 호가 없음 (거래정지 의심)
078930  GS        77,200   61.0    +0.3%    0.3x     중간  0.49  1/0
217820  원익피앤이      3,915   66.2    -2.7%    0.3x     중간  3.75  3/0
⛔ 금양(001570) 호가 없음 (거래정지 의심)

══════════════════════════════════════════════════
→ 전종목 HOLD
✅ Discord 전송 완료

[09:44] HOLD | KODEX RSI91/-0.2%⚠️ | 보유:GS(078930) +0.2% 원익피앤(217820) -4.2% | 💸예수금부족 | 최고신호 원익피앤이(217820) 3/3개 [하락-2.7% / MA골 / 호가3.8]
💰 예수금 4,157원 | KODEX200 RSI92/+0.1% 과열⚠️ | 매수기준 3개↑
📦 보유 GS(078930) 1주 +0.3%
📦 보유 원익피앤이(217820) 6주 -4.6% 🔴스탑로스임박

코드      종목명           가격    RSI     변화율    거래량     BB   호가비  B/S
────────────────────────────────────────────────────────────────────────
[2단계 분석 대상: 078930, 217820, 084850, 138040, 012450, 207940, 003670]
⛔ 아우토크립트(137040) 호가 없음 (거래정지 의심)
078930  GS        77,200   61.0    +0.3%    0.3x     중간  0.94  1/0
217820  원익피앤이      3,920   66.3    -2.6%    0.3x     중간  3.24  3/0
⛔ 금양(001570) 호가 없음 (거래정지 의심)

══════════════════════════════════════════════════
→ 전종목 HOLD
✅ Discord 전송 완료

[09:46] HOLD | KODEX RSI92/+0.1%⚠️ | 보유:GS(078930) +0.3% 원익피앤(217820) -4.6% | 💸예수금부족 | 최고신호 원익피앤이(217820) 3/3개 [하락-2.6% / MA골 / 호가3.2]
💰 예수금 4,157원 | KODEX200 RSI92/+0.2% 과열⚠️ | 매수기준 3개↑
📦 보유 GS(078930) 1주 +0.4%
📦 보유 원익피앤이(217820) 6주 -4.5% 🔴스탑로스임박

코드      종목명           가격    RSI     변화율    거래량     BB   호가비  B/S
────────────────────────────────────────────────────────────────────────
[2단계 분석 대상: 078930, 217820, 084850, 138040, 012450, 003670, 207940]
⛔ 아우토크립트(137040) 호가 없음 (거래정지 의심)
078930  GS        77,400   61.4    +0.5%    0.3x     중간  1.40  2/0
217820  원익피앤이      3,915   66.0    -2.9%    0.3x     중간  2.98  3/0
⛔ 금양(001570) 호가 없음 (거래정지 의심)

══════════════════════════════════════════════════
→ 전종목 HOLD
✅ Discord 전송 완료

[09:48] HOLD | KODEX RSI92/+0.2%⚠️ | 보유:GS(078930) +0.4% 원익피앤(217820) -4.5% | 💸예수금부족 | 최고신호 원익피앤이(217820) 3/3개 [하락-2.9% / MA골 / 호가3.0]
💰 예수금 4,156원 | KODEX200 RSI92/+0.4% 과열⚠️ | 매수기준 3개↑
📦 보유 GS(078930) 1주 +0.7%
📦 보유 원익피앤이(217820) 6주 -4.3% 🔴스탑로스임박

코드      종목명           가격    RSI     변화율    거래량     BB   호가비  B/S
────────────────────────────────────────────────────────────────────────
[2단계 분석 대상: 078930, 217820, 084850, 207940, 138040, 035720, 012450]
⛔ 아우토크립트(137040) 호가 없음 (거래정지 의심)
078930  GS        77,300   61.2    +0.4%    0.3x     중간  1.13  1/0
217820  원익피앤이      3,925   66.5    -2.5%    0.3x     중간  2.08  3/0
⛔ 금양(001570) 호가 없음 (거래정지 의심)

══════════════════════════════════════════════════
→ 전종목 HOLD
✅ Discord 전송 완료

[09:50] HOLD | KODEX RSI92/+0.4%⚠️ | 보유:GS(078930) +0.7% 원익피앤(217820) -4.3% | 💸예수금부족 | 최고신호 원익피앤이(217820) 3/3개 [하락-2.5% / MA골 / 호가2.1]
💰 예수금 4,157원 | KODEX200 RSI92/+0.3% 과열⚠️ | 매수기준 3개↑
📦 보유 GS(078930) 1주 +0.6%
📦 보유 원익피앤이(217820) 6주 -4.3% 🔴스탑로스임박

코드      종목명           가격    RSI     변화율    거래량     BB   호가비  B/S
────────────────────────────────────────────────────────────────────────
[2단계 분석 대상: 078930, 217820, 084850, 207940, 012450, 035720, 003670]
⛔ 아우토크립트(137040) 호가 없음 (거래정지 의심)
078930  GS        77,300   61.2    +0.4%    0.3x     중간  1.27  2/0
217820  원익피앤이      3,935   66.7    -2.4%    0.4x     중간  2.39  3/0
⛔ 금양(001570) 호가 없음 (거래정지 의심)

══════════════════════════════════════════════════
→ 전종목 HOLD
✅ Discord 전송 완료

[09:52] HOLD | KODEX RSI92/+0.3%⚠️ | 보유:GS(078930) +0.6% 원익피앤(217820) -4.3% | 💸예수금부족 | 최고신호 원익피앤이(217820) 3/3개 [하락-2.4% / MA골 / 호가2.4]
💰 예수금 4,155원 | KODEX200 RSI92/+0.0% 과열⚠️ | 매수기준 3개↑
📦 보유 GS(078930) 1주 +0.7%
📦 보유 원익피앤이(217820) 6주 -3.9% ⚠️주의

코드      종목명           가격    RSI     변화율    거래량     BB   호가비  B/S
────────────────────────────────────────────────────────────────────────
[2단계 분석 대상: 078930, 217820, 084850, 207940, 003670, 012450, 138040]
⛔ 아우토크립트(137040) 호가 없음 (거래정지 의심)
078930  GS        77,400   61.7    +0.8%    0.3x     중간  1.12  1/0
217820  원익피앤이      3,930   66.5    -2.5%    0.4x     중간  1.96  3/0
⛔ 금양(001570) 호가 없음 (거래정지 의심)

══════════════════════════════════════════════════
→ 전종목 HOLD
✅ Discord 전송 완료

[09:54] HOLD | KODEX RSI92/+0.0%⚠️ | 보유:GS(078930) +0.7% 원익피앤(217820) -3.9% | 💸예수금부족 | 최고신호 원익피앤이(217820) 3/3개 [하락-2.5% / MA골 / 호가2.0]
💰 예수금 4,155원 | KODEX200 RSI90/-0.3% 과열⚠️ | 매수기준 3개↑
📦 보유 GS(078930) 1주 +0.9%
📦 보유 원익피앤이(217820) 6주 -3.9% ⚠️주의

코드      종목명           가격    RSI     변화율    거래량     BB   호가비  B/S
────────────────────────────────────────────────────────────────────────
[2단계 분석 대상: 078930, 217820, 084850, 003670, 207940, 058470, 012450]
⛔ 아우토크립트(137040) 호가 없음 (거래정지 의심)
078930  GS        77,500   61.5    +0.7%    0.3x     중간  0.99  1/0
217820  원익피앤이      3,930   66.5    -2.5%    0.4x     중간  2.01  3/0
⛔ 금양(001570) 호가 없음 (거래정지 의심)

══════════════════════════════════════════════════
→ 전종목 HOLD
✅ Discord 전송 완료

[09:56] HOLD | KODEX RSI90/-0.3%⚠️ | 보유:GS(078930) +0.9% 원익피앤(217820) -3.9% | 💸예수금부족 | 최고신호 원익피앤이(217820) 3/3개 [하락-2.5% / MA골 / 호가2.0]
💰 예수금 4,155원 | KODEX200 RSI90/-0.4% 과열⚠️ | 매수기준 3개↑
📦 보유 GS(078930) 1주 +0.9%
📦 보유 원익피앤이(217820) 6주 -4.0% ⚠️주의

코드      종목명           가격    RSI     변화율    거래량     BB   호가비  B/S
────────────────────────────────────────────────────────────────────────
[2단계 분석 대상: 078930, 217820, 084850, 003670, 012450, 207940, 058470]
⛔ 아우토크립트(137040) 호가 없음 (거래정지 의심)
078930  GS        77,600   61.5    +0.7%    0.3x     중간  0.78  1/0
217820  원익피앤이      3,930   66.5    -2.5%    0.4x     중간  2.01  3/0
⛔ 금양(001570) 호가 없음 (거래정지 의심)

══════════════════════════════════════════════════
→ 전종목 HOLD
✅ Discord 전송 완료

[09:59] HOLD | KODEX RSI90/-0.4%⚠️ | 보유:GS(078930) +0.9% 원익피앤(217820) -4.0% | 💸예수금부족 | 최고신호 원익피앤이(217820) 3/3개 [하락-2.5% / MA골 / 호가2.0]
💰 예수금 4,155원 | KODEX200 RSI89/-0.7% 과열⚠️ | 매수기준 3개↑
📦 보유 GS(078930) 1주 +0.8%
📦 보유 원익피앤이(217820) 6주 -3.9% ⚠️주의

코드      종목명           가격    RSI     변화율    거래량     BB   호가비  B/S
────────────────────────────────────────────────────────────────────────
[2단계 분석 대상: 078930, 217820, 084850, 058470, 012450, 003670, 207940]
⛔ 아우토크립트(137040) 호가 없음 (거래정지 의심)
078930  GS        77,900   62.6    +1.4%    0.3x     중간  2.75  2/0
217820  원익피앤이      3,930   66.7    -2.4%    0.4x     중간  1.12  2/0
⛔ 금양(001570) 호가 없음 (거래정지 의심)

══════════════════════════════════════════════════
→ 전종목 HOLD
✅ Discord 전송 완료

[10:00] HOLD | KODEX RSI89/-0.7%⚠️ | 보유:GS(078930) +0.8% 원익피앤(217820) -3.9% | 💸예수금부족 | 최고신호 GS(078930) 2/3개 [MA골 / 호가2.8]
💰 예수금 4,155원 | KODEX200 RSI88/-0.9% 과열⚠️ | 매수기준 3개↑
📦 보유 GS(078930) 1주 +0.9%
📦 보유 원익피앤이(217820) 6주 -4.1% 🔴스탑로스임박

코드      종목명           가격    RSI     변화율    거래량     BB   호가비  B/S
────────────────────────────────────────────────────────────────────────
[2단계 분석 대상: 078930, 217820, 084850, 012450, 066970, 003670, 001510]
⛔ 아우토크립트(137040) 호가 없음 (거래정지 의심)
078930  GS        77,300   61.5    +0.7%    0.3x     중간  0.44  1/0
217820  원익피앤이      3,905   65.7    -3.1%    0.4x     중간  3.14  3/0
⛔ 금양(001570) 호가 없음 (거래정지 의심)

══════════════════════════════════════════════════
→ 전종목 HOLD
✅ Discord 전송 완료

[10:02] HOLD | KODEX RSI88/-0.9%⚠️ | 보유:GS(078930) +0.9% 원익피앤(217820) -4.1% | 💸예수금부족 | 최고신호 원익피앤이(217820) 3/3개 [하락-3.1% / MA골 / 호가3.1]
💰 예수금 4,157원 | KODEX200 RSI87/-1.0% 과열⚠️ | 매수기준 3개↑
📦 보유 GS(078930) 1주 +0.4%
📦 보유 원익피앤이(217820) 6주 -4.7% 🔴스탑로스임박

코드      종목명           가격    RSI     변화율    거래량     BB   호가비  B/S
────────────────────────────────────────────────────────────────────────
[2단계 분석 대상: 078930, 217820, 012450, 084850, 001510, 066970, 000660]
⛔ 아우토크립트(137040) 호가 없음 (거래정지 의심)
078930  GS        77,400   61.2    +0.4%    0.4x     중간  1.01  1/0
217820  원익피앤이      3,890   65.0    -3.6%    0.4x     중간  2.70  3/0
⛔ 금양(001570) 호가 없음 (거래정지 의심)

══════════════════════════════════════════════════
→ 전종목 HOLD
✅ Discord 전송 완료

[10:04] HOLD | KODEX RSI87/-1.0%⚠️ | 보유:GS(078930) +0.4% 원익피앤(217820) -4.7% | 💸예수금부족 | 최고신호 원익피앤이(217820) 3/3개 [하락-3.6% / MA골 / 호가2.7]
💰 예수금 4,157원 | KODEX200 RSI89/-0.8% 과열⚠️ | 매수기준 3개↑
📦 보유 GS(078930) 1주 +0.6%
📦 보유 원익피앤이(217820) 6주 -4.7% 🔴스탑로스임박

코드      종목명           가격    RSI     변화율    거래량     BB   호가비  B/S
────────────────────────────────────────────────────────────────────────
[2단계 분석 대상: 078930, 217820, 001510, 012450, 084850, 006400, 207940]
⛔ 아우토크립트(137040) 호가 없음 (거래정지 의심)
078930  GS        77,200   61.2    +0.4%    0.4x     중간  0.51  1/0
217820  원익피앤이      3,900   65.7    -3.1%    0.4x     중간  3.51  3/0
⛔ 금양(001570) 호가 없음 (거래정지 의심)

══════════════════════════════════════════════════
→ 전종목 HOLD
✅ Discord 전송 완료

[10:06] HOLD | KODEX RSI89/-0.8%⚠️ | 보유:GS(078930) +0.6% 원익피앤(217820) -4.7% | 💸예수금부족 | 최고신호 원익피앤이(217820) 3/3개 [하락-3.1% / MA골 / 호가3.5]
💰 예수금 4,157원 | KODEX200 RSI88/-0.8% 과열⚠️ | 매수기준 3개↑
📦 보유 GS(078930) 1주 +0.3%
📦 보유 원익피앤이(217820) 6주 -4.6% 🔴스탑로스임박

코드      종목명           가격    RSI     변화율    거래량     BB   호가비  B/S
────────────────────────────────────────────────────────────────────────
[2단계 분석 대상: 078930, 217820, 084850, 001510, 207940, 006400, 000660]
⛔ 아우토크립트(137040) 호가 없음 (거래정지 의심)
078930  GS        77,200   61.0    +0.3%    0.4x     중간  0.52  1/0
217820  원익피앤이      3,900   65.4    -3.4%    0.4x     중간  2.61  3/0
⛔ 금양(001570) 호가 없음 (거래정지 의심)

══════════════════════════════════════════════════
→ 전종목 HOLD
✅ Discord 전송 완료

[10:08] HOLD | KODEX RSI88/-0.8%⚠️ | 보유:GS(078930) +0.3% 원익피앤(217820) -4.6% | 💸예수금부족 | 최고신호 원익피앤이(217820) 3/3개 [하락-3.4% / MA골 / 호가2.6]
💰 예수금 4,157원 | KODEX200 RSI87/-1.1% 과열⚠️ | 매수기준 3개↑
📦 보유 GS(078930) 1주 +0.3%
📦 보유 원익피앤이(217820) 6주 -4.7% 🔴스탑로스임박

코드      종목명           가격    RSI     변화율    거래량     BB   호가비  B/S
────────────────────────────────────────────────────────────────────────
[2단계 분석 대상: 078930, 217820, 000660, 084850, 001510, 403870, 207940]
⛔ 아우토크립트(137040) 호가 없음 (거래정지 의심)
078930  GS        77,100   61.0    +0.3%    0.4x     중간  0.67  1/0
217820  원익피앤이      3,895   65.5    -3.2%    0.4x     중간  3.07  3/0
⛔ 금양(001570) 호가 없음 (거래정지 의심)

══════════════════════════════════════════════════
→ 전종목 HOLD
✅ Discord 전송 완료

[10:10] HOLD | KODEX RSI87/-1.1%⚠️ | 보유:GS(078930) +0.3% 원익피앤(217820) -4.7% | 💸예수금부족 | 최고신호 원익피앤이(217820) 3/3개 [하락-3.2% / MA골 / 호가3.1]
💰 예수금 4,157원 | KODEX200 RSI87/-1.1% 과열⚠️ | 매수기준 3개↑
📦 보유 GS(078930) 1주 +0.3%
📦 보유 원익피앤이(217820) 6주 -4.7% 🔴스탑로스임박

코드      종목명           가격    RSI     변화율    거래량     BB   호가비  B/S
────────────────────────────────────────────────────────────────────────
[2단계 분석 대상: 078930, 217820, 084850, 000660, 058470, 207940, 001510]
⛔ 아우토크립트(137040) 호가 없음 (거래정지 의심)
078930  GS        77,100   61.0    +0.3%    0.4x     중간  0.59  1/0
217820  원익피앤이      3,895   65.4    -3.4%    0.4x     중간  2.16  3/0
⛔ 금양(001570) 호가 없음 (거래정지 의심)

══════════════════════════════════════════════════
→ 전종목 HOLD
✅ Discord 전송 완료

[10:12] HOLD | KODEX RSI87/-1.1%⚠️ | 보유:GS(078930) +0.3% 원익피앤(217820) -4.7% | 💸예수금부족 | 최고신호 원익피앤이(217820) 3/3개 [하락-3.4% / MA골 / 호가2.2]
💰 예수금 4,157원 | KODEX200 RSI89/-0.6% 과열⚠️ | 매수기준 3개↑
📦 보유 GS(078930) 1주 +0.2%
📦 보유 원익피앤이(217820) 6주 -4.6% 🔴스탑로스임박

코드      종목명           가격    RSI     변화율    거래량     BB   호가비  B/S
────────────────────────────────────────────────────────────────────────
[2단계 분석 대상: 078930, 217820, 012450, 084850, 207940, 001510, 035720]
⛔ 아우토크립트(137040) 호가 없음 (거래정지 의심)
078930  GS        77,100   61.0    +0.3%    0.4x     중간  0.66  1/0
217820  원익피앤이      3,895   65.5    -3.2%    0.4x     중간  2.10  3/0
⛔ 금양(001570) 호가 없음 (거래정지 의심)

══════════════════════════════════════════════════
→ 전종목 HOLD
✅ Discord 전송 완료

[10:14] HOLD | KODEX RSI89/-0.6%⚠️ | 보유:GS(078930) +0.2% 원익피앤(217820) -4.6% | 💸예수금부족 | 최고신호 원익피앤이(217820) 3/3개 [하락-3.2% / MA골 / 호가2.1]
💰 예수금 4,157원 | KODEX200 RSI89/-0.8% 과열⚠️ | 매수기준 3개↑
📦 보유 GS(078930) 1주 +0.4%
📦 보유 원익피앤이(217820) 6주 -4.6% 🔴스탑로스임박

코드      종목명           가격    RSI     변화율    거래량     BB   호가비  B/S
────────────────────────────────────────────────────────────────────────
[2단계 분석 대상: 078930, 217820, 084850, 012450, 001510, 058470, 000660]
⛔ 아우토크립트(137040) 호가 없음 (거래정지 의심)
078930  GS        77,400   61.5    +0.7%    0.4x     중간  1.04  1/0
217820  원익피앤이      3,895   65.4    -3.4%    0.4x     중간  1.98  3/0
⛔ 금양(001570) 호가 없음 (거래정지 의심)

══════════════════════════════════════════════════
→ 전종목 HOLD
✅ Discord 전송 완료

[10:16] HOLD | KODEX RSI89/-0.8%⚠️ | 보유:GS(078930) +0.4% 원익피앤(217820) -4.6% | 💸예수금부족 | 최고신호 원익피앤이(217820) 3/3개 [하락-3.4% / MA골 / 호가2.0]
💰 예수금 4,156원 | KODEX200 RSI88/-0.8% 과열⚠️ | 매수기준 3개↑
📦 보유 GS(078930) 1주 +0.7%
📦 보유 원익피앤이(217820) 6주 -5.0% 🔴스탑로스임박

코드      종목명           가격    RSI     변화율    거래량     BB   호가비  B/S
────────────────────────────────────────────────────────────────────────
[2단계 분석 대상: 078930, 217820, 012450, 084850, 058470, 000660, 001510]
⛔ 아우토크립트(137040) 호가 없음 (거래정지 의심)
078930  GS        77,400   61.4    +0.5%    0.4x     중간  1.20  2/0
217820  원익피앤이      3,890   65.2    -3.5%    0.4x     중간  2.64  3/0
⛔ 금양(001570) 호가 없음 (거래정지 의심)

══════════════════════════════════════════════════
→ 전종목 HOLD
✅ Discord 전송 완료

[10:18] HOLD | KODEX RSI88/-0.8%⚠️ | 보유:GS(078930) +0.7% 원익피앤(217820) -5.0% | 💸예수금부족 | 최고신호 원익피앤이(217820) 3/3개 [하락-3.5% / MA골 / 호가2.6]
💰 예수금 4,156원 | KODEX200 RSI89/-0.6% 과열⚠️ | 매수기준 3개↑
📦 보유 GS(078930) 1주 +0.9%
📦 보유 원익피앤이(217820) 6주 -5.1% 🔴스탑로스임박

코드      종목명           가격    RSI     변화율    거래량     BB   호가비  B/S
────────────────────────────────────────────────────────────────────────
[2단계 분석 대상: 078930, 217820, 012450, 084850, 001510, 058470, 035720]
⛔ 아우토크립트(137040) 호가 없음 (거래정지 의심)
078930  GS        77,700   62.4    +1.3%    0.4x     중간  1.99  2/0
217820  원익피앤이      3,900   65.7    -3.1%    0.4x     중간  3.01  3/0
⛔ 금양(001570) 호가 없음 (거래정지 의심)

══════════════════════════════════════════════════
→ 전종목 HOLD
✅ Discord 전송 완료

[10:20] HOLD | KODEX RSI89/-0.6%⚠️ | 보유:GS(078930) +0.9% 원익피앤(217820) -5.1% | 💸예수금부족 | 최고신호 원익피앤이(217820) 3/3개 [하락-3.1% / MA골 / 호가3.0]
💰 예수금 4,156원 | KODEX200 RSI88/-0.8% 과열⚠️ | 매수기준 3개↑
📦 보유 GS(078930) 1주 +1.2%
📦 보유 원익피앤이(217820) 6주 -4.5% 🔴스탑로스임박

코드      종목명           가격    RSI     변화율    거래량     BB   호가비  B/S
────────────────────────────────────────────────────────────────────────
[2단계 분석 대상: 078930, 217820, 084850, 000660, 001510, 058470, 035720]
⛔ 아우토크립트(137040) 호가 없음 (거래정지 의심)
078930  GS        77,900   62.2    +1.2%    0.4x     중간  3.92  2/0
217820  원익피앤이      3,910   66.0    -2.9%    0.5x     중간  1.03  2/0
⛔ 금양(001570) 호가 없음 (거래정지 의심)

══════════════════════════════════════════════════
→ 전종목 HOLD
✅ Discord 전송 완료

[10:22] HOLD | KODEX RSI88/-0.8%⚠️ | 보유:GS(078930) +1.2% 원익피앤(217820) -4.5% | 💸예수금부족 | 최고신호 GS(078930) 2/3개 [MA골 / 호가3.9]
💰 예수금 4,156원 | KODEX200 RSI88/-0.9% 과열⚠️ | 매수기준 3개↑
📦 보유 GS(078930) 1주 +1.3%
📦 보유 원익피앤이(217820) 6주 -4.3% 🔴스탑로스임박

코드      종목명           가격    RSI     변화율    거래량     BB   호가비  B/S
────────────────────────────────────────────────────────────────────────
[2단계 분석 대상: 078930, 217820, 084850, 001510, 058470, 035720, 000660]
⛔ 아우토크립트(137040) 호가 없음 (거래정지 의심)
078930  GS        78,000   62.6    +1.4%    0.4x     중간  4.93  2/0
217820  원익피앤이      3,915   65.8    -3.0%    0.5x     중간  0.92  2/0
⛔ 금양(001570) 호가 없음 (거래정지 의심)

══════════════════════════════════════════════════
→ 전종목 HOLD
✅ Discord 전송 완료

[10:24] HOLD | KODEX RSI88/-0.9%⚠️ | 보유:GS(078930) +1.3% 원익피앤(217820) -4.3% | 💸예수금부족 | 최고신호 GS(078930) 2/3개 [MA골 / 호가4.9]
💰 예수금 4,156원 | KODEX200 RSI88/-1.0% 과열⚠️ | 매수기준 3개↑
📦 보유 GS(078930) 1주 +1.3%
📦 보유 원익피앤이(217820) 6주 -4.5% 🔴스탑로스임박

코드      종목명           가격    RSI     변화율    거래량     BB   호가비  B/S
────────────────────────────────────────────────────────────────────────
[2단계 분석 대상: 078930, 217820, 084850, 001510, 058470, 035720, 012450]
⛔ 아우토크립트(137040) 호가 없음 (거래정지 의심)
078930  GS        78,100   62.7    +1.6%    0.4x     중간  3.44  2/0
217820  원익피앤이      3,910   66.0    -2.9%    0.5x     중간  2.52  3/0
⛔ 금양(001570) 호가 없음 (거래정지 의심)

══════════════════════════════════════════════════
→ 전종목 HOLD
✅ Discord 전송 완료

[10:26] HOLD | KODEX RSI88/-1.0%⚠️ | 보유:GS(078930) +1.3% 원익피앤(217820) -4.5% | 💸예수금부족 | 최고신호 원익피앤이(217820) 3/3개 [하락-2.9% / MA골 / 호가2.5]
💰 예수금 4,154원 | KODEX200 RSI88/-0.8% 과열⚠️ | 매수기준 3개↑
📦 보유 GS(078930) 1주 +1.5%
📦 보유 원익피앤이(217820) 6주 -4.3% 🔴스탑로스임박

코드      종목명           가격    RSI     변화율    거래량     BB   호가비  B/S
────────────────────────────────────────────────────────────────────────
[2단계 분석 대상: 078930, 217820, 084850, 001510, 035720, 000270, 015760]
⛔ 아우토크립트(137040) 호가 없음 (거래정지 의심)
078930  GS        78,000   62.4    +1.3%    0.4x     중간  3.96  2/0
217820  원익피앤이      3,910   66.2    -2.7%    0.5x     중간  2.06  3/0
⛔ 금양(001570) 호가 없음 (거래정지 의심)

══════════════════════════════════════════════════
→ 전종목 HOLD
✅ Discord 전송 완료

[10:28] HOLD | KODEX RSI88/-0.8%⚠️ | 보유:GS(078930) +1.5% 원익피앤(217820) -4.3% | 💸예수금부족 | 최고신호 원익피앤이(217820) 3/3개 [하락-2.7% / MA골 / 호가2.1]
💰 예수금 4,155원 | KODEX200 RSI89/-0.5% 과열⚠️ | 매수기준 3개↑
📦 보유 GS(078930) 1주 +1.3%
📦 보유 원익피앤이(217820) 6주 -4.1% 🔴스탑로스임박

코드      종목명           가격    RSI     변화율    거래량     BB   호가비  B/S
────────────────────────────────────────────────────────────────────────
[2단계 분석 대상: 078930, 217820, 001510, 084850, 000660, 015760, 012450]
⛔ 아우토크립트(137040) 호가 없음 (거래정지 의심)
078930  GS        77,900   62.4    +1.3%    0.4x     중간  3.65  2/0
217820  원익피앤이      3,920   66.3    -2.6%    0.5x     중간  0.91  2/0
⛔ 금양(001570) 호가 없음 (거래정지 의심)

══════════════════════════════════════════════════
→ 전종목 HOLD
✅ Discord 전송 완료

[10:30] HOLD | KODEX RSI89/-0.5%⚠️ | 보유:GS(078930) +1.3% 원익피앤(217820) -4.1% | 💸예수금부족 | 최고신호 GS(078930) 2/3개 [MA골 / 호가3.6]
💰 예수금 4,155원 | KODEX200 RSI88/-0.8% 과열⚠️ | 매수기준 3개↑
📦 보유 GS(078930) 1주 +1.3%
📦 보유 원익피앤이(217820) 6주 -4.1% 🔴스탑로스임박

코드      종목명           가격    RSI     변화율    거래량     BB   호가비  B/S
────────────────────────────────────────────────────────────────────────
[2단계 분석 대상: 078930, 217820, 001510, 084850, 000660, 000270, 035720]
⛔ 아우토크립트(137040) 호가 없음 (거래정지 의심)
078930  GS        77,800   62.2    +1.2%    0.4x     중간  2.40  2/0
217820  원익피앤이      3,920   66.2    -2.7%    0.5x     중간  1.24  3/0
⛔ 금양(001570) 호가 없음 (거래정지 의심)

══════════════════════════════════════════════════
→ 전종목 HOLD
✅ Discord 전송 완료

[10:32] HOLD | KODEX RSI88/-0.8%⚠️ | 보유:GS(078930) +1.3% 원익피앤(217820) -4.1% | 💸예수금부족 | 최고신호 원익피앤이(217820) 3/3개 [하락-2.7% / MA골 / 호가1.2]
💰 예수금 4,156원 | KODEX200 RSI87/-1.2% 과열⚠️ | 매수기준 3개↑
📦 보유 GS(078930) 1주 +1.1%
📦 보유 원익피앤이(217820) 6주 -4.3% 🔴스탑로스임박

코드      종목명           가격    RSI     변화율    거래량     BB   호가비  B/S
────────────────────────────────────────────────────────────────────────
[2단계 분석 대상: 078930, 217820, 084850, 001510, 035720, 000270, 000660]
⛔ 아우토크립트(137040) 호가 없음 (거래정지 의심)
078930  GS        77,600   61.9    +0.9%    0.4x     중간  0.57  1/0
217820  원익피앤이      3,915   66.2    -2.7%    0.5x     중간  1.30  3/0
⛔ 금양(001570) 호가 없음 (거래정지 의심)

══════════════════════════════════════════════════
→ 전종목 HOLD
✅ Discord 전송 완료

[10:34] HOLD | KODEX RSI87/-1.2%⚠️ | 보유:GS(078930) +1.1% 원익피앤(217820) -4.3% | 💸예수금부족 | 최고신호 원익피앤이(217820) 3/3개 [하락-2.7% / MA골 / 호가1.3]
💰 예수금 4,156원 | KODEX200 RSI87/-1.1% 과열⚠️ | 매수기준 3개↑
📦 보유 GS(078930) 1주 +0.9%
📦 보유 원익피앤이(217820) 6주 -4.3% 🔴스탑로스임박

코드      종목명           가격    RSI     변화율    거래량     BB   호가비  B/S
────────────────────────────────────────────────────────────────────────
[2단계 분석 대상: 078930, 217820, 001510, 035720, 000660, 005930, 000270]
⛔ 아우토크립트(137040) 호가 없음 (거래정지 의심)
078930  GS        77,600   61.7    +0.8%    0.4x     중간  0.79  1/0
217820  원익피앤이      3,905   65.8    -3.0%    0.5x     중간  2.75  3/0
⛔ 금양(001570) 호가 없음 (거래정지 의심)

══════════════════════════════════════════════════
→ 전종목 HOLD
✅ Discord 전송 완료

[10:36] HOLD | KODEX RSI87/-1.1%⚠️ | 보유:GS(078930) +0.9% 원익피앤(217820) -4.3% | 💸예수금부족 | 최고신호 원익피앤이(217820) 3/3개 [하락-3.0% / MA골 / 호가2.8]
💰 예수금 4,156원 | KODEX200 RSI88/-0.8% 과열⚠️ | 매수기준 3개↑
📦 보유 GS(078930) 1주 +0.8%
📦 보유 원익피앤이(217820) 6주 -4.5% 🔴스탑로스임박

코드      종목명           가격    RSI     변화율    거래량     BB   호가비  B/S
────────────────────────────────────────────────────────────────────────
[2단계 분석 대상: 078930, 217820, 012450, 001510, 084850, 035720, 000660]
⛔ 아우토크립트(137040) 호가 없음 (거래정지 의심)
078930  GS        77,900   62.2    +1.2%    0.5x     중간  1.24  2/0
217820  원익피앤이      3,920   66.2    -2.7%    0.5x     중간  1.31  3/0
⛔ 금양(001570) 호가 없음 (거래정지 의심)

══════════════════════════════════════════════════
→ 전종목 HOLD
✅ Discord 전송 완료

[10:38] HOLD | KODEX RSI88/-0.8%⚠️ | 보유:GS(078930) +0.8% 원익피앤(217820) -4.5% | 💸예수금부족 | 최고신호 원익피앤이(217820) 3/3개 [하락-2.7% / MA골 / 호가1.3]
💰 예수금 4,155원 | KODEX200 RSI90/-0.3% 과열⚠️ | 매수기준 3개↑
📦 보유 GS(078930) 1주 +0.9%
📦 보유 원익피앤이(217820) 6주 -4.1% 🔴스탑로스임박

코드      종목명           가격    RSI     변화율    거래량     BB   호가비  B/S
────────────────────────────────────────────────────────────────────────
[2단계 분석 대상: 078930, 217820, 001510, 084850, 015760, 035720, 056080]
⛔ 아우토크립트(137040) 호가 없음 (거래정지 의심)
078930  GS        77,700   61.9    +0.9%    0.5x     중간  0.73  1/0
217820  원익피앤이      3,925   66.5    -2.5%    0.5x     중간  1.17  2/0
⛔ 금양(001570) 호가 없음 (거래정지 의심)

══════════════════════════════════════════════════
→ 전종목 HOLD
✅ Discord 전송 완료

[10:40] HOLD | KODEX RSI90/-0.3%⚠️ | 보유:GS(078930) +0.9% 원익피앤(217820) -4.1% | 💸예수금부족 | 최고신호 원익피앤이(217820) 2/3개 [하락-2.5% / MA골]
💰 예수금 4,155원 | KODEX200 RSI91/-0.1% 과열⚠️ | 매수기준 3개↑
📦 보유 GS(078930) 1주 +0.9%
📦 보유 원익피앤이(217820) 6주 -4.1% 🔴스탑로스임박

코드      종목명           가격    RSI     변화율    거래량     BB   호가비  B/S
────────────────────────────────────────────────────────────────────────
[2단계 분석 대상: 078930, 217820, 084850, 012450, 001510, 056080, 015760]
⛔ 아우토크립트(137040) 호가 없음 (거래정지 의심)
078930  GS        77,700   62.0    +1.0%    0.5x     중간  0.86  1/0
217820  원익피앤이      3,930   66.7    -2.4%    0.5x     중간  1.51  3/0
⛔ 금양(001570) 호가 없음 (거래정지 의심)

══════════════════════════════════════════════════
→ 전종목 HOLD
✅ Discord 전송 완료

[10:42] HOLD | KODEX RSI91/-0.1%⚠️ | 보유:GS(078930) +0.9% 원익피앤(217820) -4.1% | 💸예수금부족 | 최고신호 원익피앤이(217820) 3/3개 [하락-2.4% / MA골 / 호가1.5]
💰 예수금 4,155원 | KODEX200 RSI92/+0.0% 과열⚠️ | 매수기준 3개↑
📦 보유 GS(078930) 1주 +0.8%
📦 보유 원익피앤이(217820) 6주 -4.1% 🔴스탑로스임박

코드      종목명           가격    RSI     변화율    거래량     BB   호가비  B/S
────────────────────────────────────────────────────────────────────────
[2단계 분석 대상: 078930, 217820, 012450, 015760, 035720, 084850, 056080]
⛔ 아우토크립트(137040) 호가 없음 (거래정지 의심)
078930  GS        77,500   61.5    +0.7%    0.5x     중간  0.86  1/0
217820  원익피앤이      3,945   67.2    -2.0%    0.5x     중간  1.21  3/0
⛔ 금양(001570) 호가 없음 (거래정지 의심)

══════════════════════════════════════════════════
→ 전종목 HOLD
✅ Discord 전송 완료

[10:44] HOLD | KODEX RSI92/+0.0%⚠️ | 보유:GS(078930) +0.8% 원익피앤(217820) -4.1% | 💸예수금부족 | 최고신호 원익피앤이(217820) 3/3개 [하락-2.0% / MA골 / 호가1.2]
💰 예수금 4,155원 | KODEX200 RSI92/+0.2% 과열⚠️ | 매수기준 3개↑
📦 보유 GS(078930) 1주 +0.8%
📦 보유 원익피앤이(217820) 6주 -3.6% ⚠️주의

코드      종목명           가격    RSI     변화율    거래량     BB   호가비  B/S
────────────────────────────────────────────────────────────────────────
[2단계 분석 대상: 078930, 217820, 012450, 084850, 015760, 035720, 051910]
⛔ 아우토크립트(137040) 호가 없음 (거래정지 의심)
078930  GS        77,700   61.9    +0.9%    0.5x     중간  1.01  1/0
217820  원익피앤이      3,940   67.0    -2.1%    0.5x     중간  1.36  3/0
⛔ 금양(001570) 호가 없음 (거래정지 의심)

══════════════════════════════════════════════════
→ 전종목 HOLD
✅ Discord 전송 완료

[10:46] HOLD | KODEX RSI92/+0.2%⚠️ | 보유:GS(078930) +0.8% 원익피앤(217820) -3.6% | 💸예수금부족 | 최고신호 원익피앤이(217820) 3/3개 [하락-2.1% / MA골 / 호가1.4]
💰 예수금 4,155원 | KODEX200 RSI92/+0.3% 과열⚠️ | 매수기준 3개↑
📦 보유 GS(078930) 1주 +0.9%
📦 보유 원익피앤이(217820) 6주 -4.1% 🔴스탑로스임박

코드      종목명           가격    RSI     변화율    거래량     BB   호가비  B/S
────────────────────────────────────────────────────────────────────────
[2단계 분석 대상: 078930, 217820, 012450, 035720, 015760, 259960, 001510]
⛔ 아우토크립트(137040) 호가 없음 (거래정지 의심)
078930  GS        77,700   61.9    +0.9%    0.5x     중간  0.93  1/0
217820  원익피앤이      3,930   66.2    -2.7%    0.5x     중간  1.68  3/0
⛔ 금양(001570) 호가 없음 (거래정지 의심)

══════════════════════════════════════════════════
→ 전종목 HOLD
✅ Discord 전송 완료

[10:48] HOLD | KODEX RSI92/+0.3%⚠️ | 보유:GS(078930) +0.9% 원익피앤(217820) -4.1% | 💸예수금부족 | 최고신호 원익피앤이(217820) 3/3개 [하락-2.7% / MA골 / 호가1.7]
💰 예수금 4,155원 | KODEX200 RSI92/+0.3% 과열⚠️ | 매수기준 3개↑
📦 보유 GS(078930) 1주 +0.8%
📦 보유 원익피앤이(217820) 6주 -3.9% ⚠️주의

코드      종목명           가격    RSI     변화율    거래량     BB   호가비  B/S
────────────────────────────────────────────────────────────────────────
[2단계 분석 대상: 078930, 217820, 035720, 015760, 006400, 001510, 259960]
⛔ 아우토크립트(137040) 호가 없음 (거래정지 의심)
078930  GS        77,600   61.7    +0.8%    0.5x     중간  0.76  1/0
217820  원익피앤이      3,935   66.7    -2.4%    0.5x     중간  1.85  3/0
⛔ 금양(001570) 호가 없음 (거래정지 의심)

══════════════════════════════════════════════════
→ 전종목 HOLD
✅ Discord 전송 완료

[10:50] HOLD | KODEX RSI92/+0.3%⚠️ | 보유:GS(078930) +0.8% 원익피앤(217820) -3.9% | 💸예수금부족 | 최고신호 원익피앤이(217820) 3/3개 [하락-2.4% / MA골 / 호가1.9]
💰 예수금 4,155원 | KODEX200 RSI92/+0.4% 과열⚠️ | 매수기준 3개↑
📦 보유 GS(078930) 1주 +0.8%
📦 보유 원익피앤이(217820) 6주 -3.9% ⚠️주의

코드      종목명           가격    RSI     변화율    거래량     BB   호가비  B/S
────────────────────────────────────────────────────────────────────────
[2단계 분석 대상: 078930, 217820, 012450, 035720, 259960, 015760, 001510]
⛔ 아우토크립트(137040) 호가 없음 (거래정지 의심)
078930  GS        77,600   61.7    +0.8%    0.5x     중간  0.76  1/0
217820  원익피앤이      3,935   66.7    -2.4%    0.5x     중간  1.83  3/0
⛔ 금양(001570) 호가 없음 (거래정지 의심)

══════════════════════════════════════════════════
→ 전종목 HOLD
✅ Discord 전송 완료

[10:52] HOLD | KODEX RSI92/+0.4%⚠️ | 보유:GS(078930) +0.8% 원익피앤(217820) -3.9% | 💸예수금부족 | 최고신호 원익피앤이(217820) 3/3개 [하락-2.4% / MA골 / 호가1.8]
💰 예수금 4,155원 | KODEX200 RSI92/+0.2% 과열⚠️ | 매수기준 3개↑
📦 보유 GS(078930) 1주 +0.8%
📦 보유 원익피앤이(217820) 6주 -3.8% ⚠️주의

코드      종목명           가격    RSI     변화율    거래량     BB   호가비  B/S
────────────────────────────────────────────────────────────────────────
[2단계 분석 대상: 078930, 217820, 012450, 035720, 015760, 001510, 006400]
⛔ 아우토크립트(137040) 호가 없음 (거래정지 의심)
078930  GS        77,400   61.4    +0.5%    0.5x     중간  0.62  1/0
217820  원익피앤이      3,940   66.8    -2.2%    0.5x     중간  1.42  3/0
⛔ 금양(001570) 호가 없음 (거래정지 의심)

══════════════════════════════════════════════════
→ 전종목 HOLD
✅ Discord 전송 완료

[10:54] HOLD | KODEX RSI92/+0.2%⚠️ | 보유:GS(078930) +0.8% 원익피앤(217820) -3.8% | 💸예수금부족 | 최고신호 원익피앤이(217820) 3/3개 [하락-2.2% / MA골 / 호가1.4]
💰 예수금 4,156원 | KODEX200 RSI92/+0.4% 과열⚠️ | 매수기준 3개↑
📦 보유 GS(078930) 1주 +0.6%
📦 보유 원익피앤이(217820) 6주 -3.8% ⚠️주의

코드      종목명           가격    RSI     변화율    거래량     BB   호가비  B/S
────────────────────────────────────────────────────────────────────────
[2단계 분석 대상: 078930, 217820, 015760, 035720, 012450, 056080, 006400]
⛔ 아우토크립트(137040) 호가 없음 (거래정지 의심)
078930  GS        77,400   61.4    +0.5%    0.5x     중간  0.71  1/0
217820  원익피앤이      3,935   66.8    -2.2%    0.5x     중간  1.39  3/0
⛔ 금양(001570) 호가 없음 (거래정지 의심)

══════════════════════════════════════════════════
→ 전종목 HOLD
✅ Discord 전송 완료

[10:56] HOLD | KODEX RSI92/+0.4%⚠️ | 보유:GS(078930) +0.6% 원익피앤(217820) -3.8% | 💸예수금부족 | 최고신호 원익피앤이(217820) 3/3개 [하락-2.2% / MA골 / 호가1.4]
💰 예수금 4,155원 | KODEX200 RSI92/+0.5% 과열⚠️ | 매수기준 3개↑
📦 보유 GS(078930) 1주 +0.7%
📦 보유 원익피앤이(217820) 6주 -3.8% ⚠️주의

코드      종목명           가격    RSI     변화율    거래량     BB   호가비  B/S
────────────────────────────────────────────────────────────────────────
[2단계 분석 대상: 078930, 217820, 259960, 012450, 015760, 035720, 056080]
⛔ 아우토크립트(137040) 호가 없음 (거래정지 의심)
078930  GS        77,500   61.7    +0.8%    0.5x     중간  1.14  1/0
217820  원익피앤이      3,935   66.7    -2.4%    0.5x     중간  1.63  3/0
⛔ 금양(001570) 호가 없음 (거래정지 의심)

══════════════════════════════════════════════════
→ 전종목 HOLD
✅ Discord 전송 완료

[10:58] HOLD | KODEX RSI92/+0.5%⚠️ | 보유:GS(078930) +0.7% 원익피앤(217820) -3.8% | 💸예수금부족 | 최고신호 원익피앤이(217820) 3/3개 [하락-2.4% / MA골 / 호가1.6]
💰 예수금 4,156원 | KODEX200 RSI92/+0.5% 과열⚠️ | 매수기준 3개↑
📦 보유 GS(078930) 1주 +0.6%
📦 보유 원익피앤이(217820) 6주 -3.8% ⚠️주의

코드      종목명           가격    RSI     변화율    거래량     BB   호가비  B/S
────────────────────────────────────────────────────────────────────────
[2단계 분석 대상: 078930, 217820, 012450, 084850, 035720, 015760, 259960]
⛔ 아우토크립트(137040) 호가 없음 (거래정지 의심)
078930  GS        77,400   61.5    +0.7%    0.5x     중간  1.09  1/0
217820  원익피앤이      3,940   66.8    -2.2%    0.5x     중간  1.55  3/0
⛔ 금양(001570) 호가 없음 (거래정지 의심)

══════════════════════════════════════════════════
→ 전종목 HOLD
✅ Discord 전송 완료

[11:00] HOLD | KODEX RSI92/+0.5%⚠️ | 보유:GS(078930) +0.6% 원익피앤(217820) -3.8% | 💸예수금부족 | 최고신호 원익피앤이(217820) 3/3개 [하락-2.2% / MA골 / 호가1.6]
💰 예수금 4,155원 | KODEX200 RSI92/+0.7% 과열⚠️ | 매수기준 3개↑
📦 보유 GS(078930) 1주 +0.7%
📦 보유 원익피앤이(217820) 6주 -3.5% ⚠️주의

코드      종목명           가격    RSI     변화율    거래량     BB   호가비  B/S
────────────────────────────────────────────────────────────────────────
[2단계 분석 대상: 078930, 217820, 012450, 084850, 035720, 259960, 015760]
⛔ 아우토크립트(137040) 호가 없음 (거래정지 의심)
078930  GS        77,400   61.4    +0.5%    0.5x     중간  0.99  1/0
217820  원익피앤이      3,950   66.8    -2.2%    0.5x     중간  1.54  3/0
⛔ 금양(001570) 호가 없음 (거래정지 의심)

══════════════════════════════════════════════════
→ 전종목 HOLD
✅ Discord 전송 완료

[11:02] HOLD | KODEX RSI92/+0.7%⚠️ | 보유:GS(078930) +0.7% 원익피앤(217820) -3.5% | 💸예수금부족 | 최고신호 원익피앤이(217820) 3/3개 [하락-2.2% / MA골 / 호가1.5]
💰 예수금 4,156원 | KODEX200 RSI92/+0.8% 과열⚠️ | 매수기준 3개↑
📦 보유 GS(078930) 1주 +0.6%
📦 보유 원익피앤이(217820) 6주 -3.8% ⚠️주의

코드      종목명           가격    RSI     변화율    거래량     BB   호가비  B/S
────────────────────────────────────────────────────────────────────────
[2단계 분석 대상: 078930, 217820, 084850, 012450, 035720, 015760, 006400]
⛔ 아우토크립트(137040) 호가 없음 (거래정지 의심)
078930  GS        77,300   61.4    +0.5%    0.5x     중간  0.85  1/0
217820  원익피앤이      3,950   66.8    -2.2%    0.5x     중간  1.60  3/0
⛔ 금양(001570) 호가 없음 (거래정지 의심)

══════════════════════════════════════════════════
→ 전종목 HOLD
✅ Discord 전송 완료

[11:04] HOLD | KODEX RSI92/+0.8%⚠️ | 보유:GS(078930) +0.6% 원익피앤(217820) -3.8% | 💸예수금부족 | 최고신호 원익피앤이(217820) 3/3개 [하락-2.2% / MA골 / 호가1.6]
💰 예수금 4,156원 | KODEX200 RSI92/+0.7% 과열⚠️ | 매수기준 3개↑
📦 보유 GS(078930) 1주 +0.6%
📦 보유 원익피앤이(217820) 6주 -3.4% ⚠️주의

코드      종목명           가격    RSI     변화율    거래량     BB   호가비  B/S
────────────────────────────────────────────────────────────────────────
[2단계 분석 대상: 078930, 217820, 012450, 084850, 035720, 015760, 207940]
⛔ 아우토크립트(137040) 호가 없음 (거래정지 의심)
078930  GS        77,300   61.2    +0.4%    0.5x     중간  1.14  1/0
217820  원익피앤이      3,950   67.3    -1.9%    0.5x     중간  1.60  3/0
⛔ 금양(001570) 호가 없음 (거래정지 의심)

══════════════════════════════════════════════════
→ 전종목 HOLD
✅ Discord 전송 완료

[11:06] HOLD | KODEX RSI92/+0.7%⚠️ | 보유:GS(078930) +0.6% 원익피앤(217820) -3.4% | 💸예수금부족 | 최고신호 원익피앤이(217820) 3/3개 [하락-1.9% / MA골 / 호가1.6]
💰 예수금 4,156원 | KODEX200 RSI92/+0.8% 과열⚠️ | 매수기준 3개↑
📦 보유 GS(078930) 1주 +0.6%
📦 보유 원익피앤이(217820) 6주 -3.8% ⚠️주의

코드      종목명           가격    RSI     변화율    거래량     BB   호가비  B/S
────────────────────────────────────────────────────────────────────────
[2단계 분석 대상: 078930, 217820, 084850, 012450, 035720, 015760, 259960]
⛔ 아우토크립트(137040) 호가 없음 (거래정지 의심)
078930  GS        77,400   61.5    +0.7%    0.5x     중간  1.09  1/0
217820  원익피앤이      3,950   66.7    -2.4%    0.5x     중간  1.74  3/0
⛔ 금양(001570) 호가 없음 (거래정지 의심)

══════════════════════════════════════════════════
→ 전종목 HOLD
✅ Discord 전송 완료

[11:08] HOLD | KODEX RSI92/+0.8%⚠️ | 보유:GS(078930) +0.6% 원익피앤(217820) -3.8% | 💸예수금부족 | 최고신호 원익피앤이(217820) 3/3개 [하락-2.4% / MA골 / 호가1.7]
💰 예수금 4,156원 | KODEX200 RSI92/+0.8% 과열⚠️ | 매수기준 3개↑
📦 보유 GS(078930) 1주 +0.6%
📦 보유 원익피앤이(217820) 6주 -3.9% ⚠️주의

코드      종목명           가격    RSI     변화율    거래량     BB   호가비  B/S
────────────────────────────────────────────────────────────────────────
[2단계 분석 대상: 078930, 217820, 012450, 084850, 035720, 015760, 006400]
⛔ 아우토크립트(137040) 호가 없음 (거래정지 의심)
078930  GS        77,500   61.5    +0.7%    0.5x     중간  2.62  2/0
217820  원익피앤이      3,940   67.0    -2.1%    0.5x     중간  1.97  3/0
⛔ 금양(001570) 호가 없음 (거래정지 의심)

══════════════════════════════════════════════════
→ 전종목 HOLD
✅ Discord 전송 완료

[11:10] HOLD | KODEX RSI92/+0.8%⚠️ | 보유:GS(078930) +0.6% 원익피앤(217820) -3.9% | 💸예수금부족 | 최고신호 원익피앤이(217820) 3/3개 [하락-2.1% / MA골 / 호가2.0]
💰 예수금 4,155원 | KODEX200 RSI92/+0.7% 과열⚠️ | 매수기준 3개↑
📦 보유 GS(078930) 1주 +1.3%
📦 보유 원익피앤이(217820) 6주 -3.0% ⚠️주의

코드      종목명           가격    RSI     변화율    거래량     BB   호가비  B/S
────────────────────────────────────────────────────────────────────────
[2단계 분석 대상: 078930, 217820, 012450, 084850, 035720, 015760, 056080]
⛔ 아우토크립트(137040) 호가 없음 (거래정지 의심)
078930  GS        78,100   63.0    +1.8%    0.5x     중간  1.89  2/0
217820  원익피앤이      3,960   67.7    -1.6%    0.5x     중간  1.93  3/0
⛔ 금양(001570) 호가 없음 (거래정지 의심)

══════════════════════════════════════════════════
→ 전종목 HOLD
✅ Discord 전송 완료

[11:12] HOLD | KODEX RSI92/+0.7%⚠️ | 보유:GS(078930) +1.3% 원익피앤(217820) -3.0% | 💸예수금부족 | 최고신호 원익피앤이(217820) 3/3개 [하락-1.6% / MA골 / 호가1.9]
💰 예수금 4,153원 | KODEX200 RSI92/+0.7% 과열⚠️ | 매수기준 3개↑
📦 보유 GS(078930) 1주 +1.9%
📦 보유 원익피앤이(217820) 6주 -3.3% ⚠️주의

코드      종목명           가격    RSI     변화율    거래량     BB   호가비  B/S
────────────────────────────────────────────────────────────────────────
[2단계 분석 대상: 078930, 217820, 012450, 084850, 035720, 056080, 015760]
⛔ 아우토크립트(137040) 호가 없음 (거래정지 의심)
078930  GS        78,500   63.2    +1.9%    0.5x     중간  1.71  2/0
217820  원익피앤이      3,950   66.8    -2.2%    0.5x     중간  1.15  2/0
⛔ 금양(001570) 호가 없음 (거래정지 의심)

══════════════════════════════════════════════════
→ 전종목 HOLD
✅ Discord 전송 완료

[11:14] HOLD | KODEX RSI92/+0.7%⚠️ | 보유:GS(078930) +1.9% 원익피앤(217820) -3.3% | 💸예수금부족 | 최고신호 GS(078930) 2/3개 [MA골 / 호가1.7]
💰 예수금 4,153원 | KODEX200 RSI92/+0.6% 과열⚠️ | 매수기준 3개↑
📦 보유 GS(078930) 1주 +2.0%
📦 보유 원익피앤이(217820) 6주 -3.9% ⚠️주의

코드      종목명           가격    RSI     변화율    거래량     BB   호가비  B/S
────────────────────────────────────────────────────────────────────────
[2단계 분석 대상: 078930, 217820, 012450, 084850, 035720, 015760, 056080]
⛔ 아우토크립트(137040) 호가 없음 (거래정지 의심)
078930  GS        78,400   63.2    +1.9%    0.5x     중간  1.04  1/0
217820  원익피앤이      3,950   66.7    -2.4%    0.5x     중간  1.32  3/0
⛔ 금양(001570) 호가 없음 (거래정지 의심)

══════════════════════════════════════════════════
→ 전종목 HOLD
✅ Discord 전송 완료

[11:16] HOLD | KODEX RSI92/+0.6%⚠️ | 보유:GS(078930) +2.0% 원익피앤(217820) -3.9% | 💸예수금부족 | 최고신호 원익피앤이(217820) 3/3개 [하락-2.4% / MA골 / 호가1.3]
💰 예수금 4,153원 | KODEX200 RSI92/+0.8% 과열⚠️ | 매수기준 3개↑
📦 보유 GS(078930) 1주 +2.0%
📦 보유 원익피앤이(217820) 6주 -3.9% ⚠️주의

코드      종목명           가격    RSI     변화율    거래량     BB   호가비  B/S
────────────────────────────────────────────────────────────────────────
[2단계 분석 대상: 078930, 217820, 084850, 012450, 035720, 056080, 015760]
⛔ 아우토크립트(137040) 호가 없음 (거래정지 의심)
078930  GS        78,500   63.2    +1.9%    0.5x     중간  1.22  2/0
217820  원익피앤이      3,950   66.8    -2.2%    0.5x     중간  1.36  3/0
⛔ 금양(001570) 호가 없음 (거래정지 의심)

══════════════════════════════════════════════════
→ 전종목 HOLD
✅ Discord 전송 완료

[11:18] HOLD | KODEX RSI92/+0.8%⚠️ | 보유:GS(078930) +2.0% 원익피앤(217820) -3.9% | 💸예수금부족 | 최고신호 원익피앤이(217820) 3/3개 [하락-2.2% / MA골 / 호가1.4]
💰 예수금 4,153원 | KODEX200 RSI92/+0.8% 과열⚠️ | 매수기준 3개↑
📦 보유 GS(078930) 1주 +2.0%
📦 보유 원익피앤이(217820) 6주 -3.8% ⚠️주의

코드      종목명           가격    RSI     변화율    거래량     BB   호가비  B/S
────────────────────────────────────────────────────────────────────────
[2단계 분석 대상: 078930, 217820, 084850, 035720, 012450, 015760, 056080]
⛔ 아우토크립트(137040) 호가 없음 (거래정지 의심)
078930  GS        78,500   63.2    +1.9%    0.5x     중간  1.20  2/0
217820  원익피앤이      3,935   66.8    -2.2%    0.5x     중간  1.40  3/0
⛔ 금양(001570) 호가 없음 (거래정지 의심)

══════════════════════════════════════════════════
→ 전종목 HOLD
✅ Discord 전송 완료

[11:20] HOLD | KODEX RSI92/+0.8%⚠️ | 보유:GS(078930) +2.0% 원익피앤(217820) -3.8% | 💸예수금부족 | 최고신호 원익피앤이(217820) 3/3개 [하락-2.2% / MA골 / 호가1.4]
💰 예수금 4,153원 | KODEX200 RSI92/+0.6% 과열⚠️ | 매수기준 3개↑
📦 보유 GS(078930) 1주 +1.9%
📦 보유 원익피앤이(217820) 6주 -3.8% ⚠️주의

코드      종목명           가격    RSI     변화율    거래량     BB   호가비  B/S
────────────────────────────────────────────────────────────────────────
[2단계 분석 대상: 078930, 217820, 084850, 035720, 012450, 000270, 015760]
⛔ 아우토크립트(137040) 호가 없음 (거래정지 의심)
078930  GS        78,600   63.4    +2.1%    0.5x     중간  1.19  1/0
217820  원익피앤이      3,935   66.8    -2.2%    0.5x     중간  1.41  3/0
⛔ 금양(001570) 호가 없음 (거래정지 의심)

══════════════════════════════════════════════════
→ 전종목 HOLD
✅ Discord 전송 완료

[11:22] HOLD | KODEX RSI92/+0.6%⚠️ | 보유:GS(078930) +1.9% 원익피앤(217820) -3.8% | 💸예수금부족 | 최고신호 원익피앤이(217820) 3/3개 [하락-2.2% / MA골 / 호가1.4]
💰 예수금 4,153원 | KODEX200 RSI92/+0.4% 과열⚠️ | 매수기준 3개↑
📦 보유 GS(078930) 1주 +2.1%
📦 보유 원익피앤이(217820) 6주 -3.9% ⚠️주의

코드      종목명           가격    RSI     변화율    거래량     BB   호가비  B/S
────────────────────────────────────────────────────────────────────────
[2단계 분석 대상: 078930, 217820, 084850, 012450, 000270, 035720, 001510]
⛔ 아우토크립트(137040) 호가 없음 (거래정지 의심)
078930  GS        78,600   63.4    +2.1%    0.5x     중간  0.98  1/0
217820  원익피앤이      3,930   66.5    -2.5%    0.5x     중간  1.36  3/0
⛔ 금양(001570) 호가 없음 (거래정지 의심)

══════════════════════════════════════════════════
→ 전종목 HOLD
✅ Discord 전송 완료

[11:24] HOLD | KODEX RSI92/+0.4%⚠️ | 보유:GS(078930) +2.1% 원익피앤(217820) -3.9% | 💸예수금부족 | 최고신호 원익피앤이(217820) 3/3개 [하락-2.5% / MA골 / 호가1.4]
💰 예수금 4,153원 | KODEX200 RSI92/+0.6% 과열⚠️ | 매수기준 3개↑
📦 보유 GS(078930) 1주 +2.1%
📦 보유 원익피앤이(217820) 6주 -3.8% ⚠️주의

코드      종목명           가격    RSI     변화율    거래량     BB   호가비  B/S
────────────────────────────────────────────────────────────────────────
[2단계 분석 대상: 078930, 217820, 084850, 012450, 000270, 035720, 001510]
⛔ 아우토크립트(137040) 호가 없음 (거래정지 의심)
078930  GS        78,600   63.4    +2.1%    0.5x     중간  1.24  2/0
217820  원익피앤이      3,940   67.0    -2.1%    0.5x     중간  1.19  2/0
⛔ 금양(001570) 호가 없음 (거래정지 의심)

══════════════════════════════════════════════════
→ 전종목 HOLD
✅ Discord 전송 완료

[11:26] HOLD | KODEX RSI92/+0.6%⚠️ | 보유:GS(078930) +2.1% 원익피앤(217820) -3.8% | 💸예수금부족 | 최고신호 GS(078930) 2/3개 [MA골 / 호가1.2]
💰 예수금 4,153원 | KODEX200 RSI92/+0.7% 과열⚠️ | 매수기준 3개↑
📦 보유 GS(078930) 1주 +2.1%
📦 보유 원익피앤이(217820) 6주 -3.9% ⚠️주의

코드      종목명           가격    RSI     변화율    거래량     BB   호가비  B/S
────────────────────────────────────────────────────────────────────────
[2단계 분석 대상: 078930, 217820, 084850, 012450, 000270, 001510, 035720]
⛔ 아우토크립트(137040) 호가 없음 (거래정지 의심)
078930  GS        78,400   63.4    +2.1%    0.6x     중간  0.97  1/0
217820  원익피앤이      3,935   66.7    -2.4%    0.5x     중간  1.26  3/0
⛔ 금양(001570) 호가 없음 (거래정지 의심)

══════════════════════════════════════════════════
→ 전종목 HOLD
✅ Discord 전송 완료

[11:28] HOLD | KODEX RSI92/+0.7%⚠️ | 보유:GS(078930) +2.1% 원익피앤(217820) -3.9% | 💸예수금부족 | 최고신호 원익피앤이(217820) 3/3개 [하락-2.4% / MA골 / 호가1.3]
💰 예수금 4,153원 | KODEX200 RSI92/+0.8% 과열⚠️ | 매수기준 3개↑
📦 보유 GS(078930) 1주 +2.1%
📦 보유 원익피앤이(217820) 6주 -3.9% ⚠️주의

코드      종목명           가격    RSI     변화율    거래량     BB   호가비  B/S
────────────────────────────────────────────────────────────────────────
[2단계 분석 대상: 078930, 217820, 084850, 012450, 035720, 000270, 015760]
⛔ 아우토크립트(137040) 호가 없음 (거래정지 의심)
078930  GS        78,400   63.4    +2.1%    0.6x     중간  0.84  1/0
217820  원익피앤이      3,935   66.7    -2.4%    0.5x     중간  1.29  3/0
⛔ 금양(001570) 호가 없음 (거래정지 의심)

══════════════════════════════════════════════════
→ 전종목 HOLD
✅ Discord 전송 완료

[11:30] HOLD | KODEX RSI92/+0.8%⚠️ | 보유:GS(078930) +2.1% 원익피앤(217820) -3.9% | 💸예수금부족 | 최고신호 원익피앤이(217820) 3/3개 [하락-2.4% / MA골 / 호가1.3]
💰 예수금 4,153원 | KODEX200 RSI92/+0.6% 과열⚠️ | 매수기준 3개↑
📦 보유 GS(078930) 1주 +2.1%
📦 보유 원익피앤이(217820) 6주 -3.9% ⚠️주의

코드      종목명           가격    RSI     변화율    거래량     BB   호가비  B/S
────────────────────────────────────────────────────────────────────────
[2단계 분석 대상: 078930, 217820, 084850, 012450, 000270, 035720, 015760]
⛔ 아우토크립트(137040) 호가 없음 (거래정지 의심)
078930  GS        78,600   63.4    +2.1%    0.6x     중간  1.04  1/0
217820  원익피앤이      3,935   66.7    -2.4%    0.5x     중간  1.41  3/0
⛔ 금양(001570) 호가 없음 (거래정지 의심)

══════════════════════════════════════════════════
→ 전종목 HOLD
✅ Discord 전송 완료

[11:32] HOLD | KODEX RSI92/+0.6%⚠️ | 보유:GS(078930) +2.1% 원익피앤(217820) -3.9% | 💸예수금부족 | 최고신호 원익피앤이(217820) 3/3개 [하락-2.4% / MA골 / 호가1.4]
💰 예수금 4,153원 | KODEX200 RSI92/+0.7% 과열⚠️ | 매수기준 3개↑
📦 보유 GS(078930) 1주 +2.2%
📦 보유 원익피앤이(217820) 6주 -3.9% ⚠️주의

코드      종목명           가격    RSI     변화율    거래량     BB   호가비  B/S
────────────────────────────────────────────────────────────────────────
[2단계 분석 대상: 078930, 217820, 084850, 012450, 035720, 000270, 015760]
⛔ 아우토크립트(137040) 호가 없음 (거래정지 의심)
078930  GS        78,700   63.5    +2.2%    0.6x     중간  1.00  1/0
217820  원익피앤이      3,925   66.5    -2.5%    0.5x     중간  1.36  3/0
⛔ 금양(001570) 호가 없음 (거래정지 의심)

══════════════════════════════════════════════════
→ 전종목 HOLD
✅ Discord 전송 완료

[11:34] HOLD | KODEX RSI92/+0.7%⚠️ | 보유:GS(078930) +2.2% 원익피앤(217820) -3.9% | 💸예수금부족 | 최고신호 원익피앤이(217820) 3/3개 [하락-2.5% / MA골 / 호가1.4]
💰 예수금 4,153원 | KODEX200 RSI92/+0.7% 과열⚠️ | 매수기준 3개↑
📦 보유 GS(078930) 1주 +2.1%
📦 보유 원익피앤이(217820) 6주 -4.1% 🔴스탑로스임박

코드      종목명           가격    RSI     변화율    거래량     BB   호가비  B/S
────────────────────────────────────────────────────────────────────────
[2단계 분석 대상: 078930, 217820, 084850, 012450, 035720, 015760, 058470]
⛔ 아우토크립트(137040) 호가 없음 (거래정지 의심)
078930  GS        78,700   63.4    +2.1%    0.6x     중간  0.76  1/0
217820  원익피앤이      3,925   66.3    -2.6%    0.5x     중간  1.40  3/0
⛔ 금양(001570) 호가 없음 (거래정지 의심)

══════════════════════════════════════════════════
→ 전종목 HOLD
✅ Discord 전송 완료

[11:36] HOLD | KODEX RSI92/+0.7%⚠️ | 보유:GS(078930) +2.1% 원익피앤(217820) -4.1% | 💸예수금부족 | 최고신호 원익피앤이(217820) 3/3개 [하락-2.6% / MA골 / 호가1.4]
💰 예수금 4,153원 | KODEX200 RSI92/+0.6% 과열⚠️ | 매수기준 3개↑
📦 보유 GS(078930) 1주 +2.1%
📦 보유 원익피앤이(217820) 6주 -4.1% 🔴스탑로스임박

코드      종목명           가격    RSI     변화율    거래량     BB   호가비  B/S
────────────────────────────────────────────────────────────────────────
[2단계 분석 대상: 078930, 217820, 084850, 012450, 035720, 015760, 000270]
⛔ 아우토크립트(137040) 호가 없음 (거래정지 의심)
078930  GS        78,600   63.4    +2.1%    0.6x     중간  0.78  1/0
217820  원익피앤이      3,920   66.2    -2.7%    0.5x     중간  3.09  3/0
⛔ 금양(001570) 호가 없음 (거래정지 의심)

══════════════════════════════════════════════════
→ 전종목 HOLD
✅ Discord 전송 완료

[11:38] HOLD | KODEX RSI92/+0.6%⚠️ | 보유:GS(078930) +2.1% 원익피앤(217820) -4.1% | 💸예수금부족 | 최고신호 원익피앤이(217820) 3/3개 [하락-2.7% / MA골 / 호가3.1]
💰 예수금 4,154원 | KODEX200 RSI92/+0.5% 과열⚠️ | 매수기준 3개↑
📦 보유 GS(078930) 1주 +2.1%
📦 보유 원익피앤이(217820) 6주 -4.2% 🔴스탑로스임박

코드      종목명           가격    RSI     변화율    거래량     BB   호가비  B/S
────────────────────────────────────────────────────────────────────────
[2단계 분석 대상: 078930, 217820, 084850, 012450, 079550, 035720, 000270]
⛔ 아우토크립트(137040) 호가 없음 (거래정지 의심)
078930  GS        78,500   63.2    +1.9%    0.6x     중간  0.82  1/0
217820  원익피앤이      3,920   66.3    -2.6%    0.5x     중간  1.56  3/0
⛔ 금양(001570) 호가 없음 (거래정지 의심)

══════════════════════════════════════════════════
→ 전종목 HOLD
✅ Discord 전송 완료

[11:40] HOLD | KODEX RSI92/+0.5%⚠️ | 보유:GS(078930) +2.1% 원익피앤(217820) -4.2% | 💸예수금부족 | 최고신호 원익피앤이(217820) 3/3개 [하락-2.6% / MA골 / 호가1.6]
💰 예수금 4,154원 | KODEX200 RSI92/+0.4% 과열⚠️ | 매수기준 3개↑
📦 보유 GS(078930) 1주 +1.7%
📦 보유 원익피앤이(217820) 6주 -4.2% 🔴스탑로스임박

코드      종목명           가격    RSI     변화율    거래량     BB   호가비  B/S
────────────────────────────────────────────────────────────────────────
[2단계 분석 대상: 078930, 217820, 084850, 079550, 012450, 207940, 000270]
⛔ 아우토크립트(137040) 호가 없음 (거래정지 의심)
078930  GS        78,300   62.9    +1.7%    0.6x     중간  0.65  1/0
217820  원익피앤이      3,920   66.2    -2.7%    0.5x     중간  1.55  3/0
⛔ 금양(001570) 호가 없음 (거래정지 의심)

══════════════════════════════════════════════════
→ 전종목 HOLD
✅ Discord 전송 완료

[11:42] HOLD | KODEX RSI92/+0.4%⚠️ | 보유:GS(078930) +1.7% 원익피앤(217820) -4.2% | 💸예수금부족 | 최고신호 원익피앤이(217820) 3/3개 [하락-2.7% / MA골 / 호가1.6]
💰 예수금 4,153원 | KODEX200 RSI92/+0.2% 과열⚠️ | 매수기준 3개↑
📦 보유 GS(078930) 1주 +1.7%
📦 보유 원익피앤이(217820) 6주 -4.1% 🔴스탑로스임박

코드      종목명           가격    RSI     변화율    거래량     BB   호가비  B/S
────────────────────────────────────────────────────────────────────────
[2단계 분석 대상: 078930, 217820, 084850, 079550, 105560, 034020, 012450]
⛔ 아우토크립트(137040) 호가 없음 (거래정지 의심)
078930  GS        78,200   62.9    +1.7%    0.6x     중간  0.66  1/0
217820  원익피앤이      3,925   66.5    -2.5%    0.5x     중간  1.41  3/0
⛔ 금양(001570) 호가 없음 (거래정지 의심)

══════════════════════════════════════════════════
→ 전종목 HOLD
✅ Discord 전송 완료

[11:44] HOLD | KODEX RSI92/+0.2%⚠️ | 보유:GS(078930) +1.7% 원익피앤(217820) -4.1% | 💸예수금부족 | 최고신호 원익피앤이(217820) 3/3개 [하락-2.5% / MA골 / 호가1.4]
💰 예수금 4,153원 | KODEX200 RSI92/+0.1% 과열⚠️ | 매수기준 3개↑
📦 보유 GS(078930) 1주 +1.6%
📦 보유 원익피앤이(217820) 6주 -4.0% ⚠️주의

코드      종목명           가격    RSI     변화율    거래량     BB   호가비  B/S
────────────────────────────────────────────────────────────────────────
[2단계 분석 대상: 078930, 217820, 084850, 012450, 001510, 034020, 006400]
⛔ 아우토크립트(137040) 호가 없음 (거래정지 의심)
078930  GS        78,000   62.4    +1.3%    0.6x     중간  0.71  1/0
217820  원익피앤이      3,925   66.3    -2.6%    0.5x     중간  1.42  3/0
⛔ 금양(001570) 호가 없음 (거래정지 의심)

══════════════════════════════════════════════════
→ 전종목 HOLD
✅ Discord 전송 완료

[11:46] HOLD | KODEX RSI92/+0.1%⚠️ | 보유:GS(078930) +1.6% 원익피앤(217820) -4.0% | 💸예수금부족 | 최고신호 원익피앤이(217820) 3/3개 [하락-2.6% / MA골 / 호가1.4]
💰 예수금 4,156원 | KODEX200 RSI91/-0.0% 과열⚠️ | 매수기준 3개↑
📦 보유 GS(078930) 1주 +1.2%
📦 보유 원익피앤이(217820) 6주 -4.3% 🔴스탑로스임박

코드      종목명           가격    RSI     변화율    거래량     BB   호가비  B/S
────────────────────────────────────────────────────────────────────────
[2단계 분석 대상: 078930, 217820, 084850, 035720, 207940, 001510, 042700]
⛔ 아우토크립트(137040) 호가 없음 (거래정지 의심)
078930  GS        78,000   62.2    +1.2%    0.6x     중간  0.52  1/0
217820  원익피앤이      3,915   65.7    -3.1%    0.6x     중간  3.08  3/0
⛔ 금양(001570) 호가 없음 (거래정지 의심)

══════════════════════════════════════════════════
→ 전종목 HOLD
✅ Discord 전송 완료

[11:48] HOLD | KODEX RSI91/-0.0%⚠️ | 보유:GS(078930) +1.2% 원익피앤(217820) -4.3% | 💸예수금부족 | 최고신호 원익피앤이(217820) 3/3개 [하락-3.1% / MA골 / 호가3.1]
💰 예수금 4,156원 | KODEX200 RSI92/+0.1% 과열⚠️ | 매수기준 3개↑
📦 보유 GS(078930) 1주 +1.3%
📦 보유 원익피앤이(217820) 6주 -4.6% 🔴스탑로스임박

코드      종목명           가격    RSI     변화율    거래량     BB   호가비  B/S
────────────────────────────────────────────────────────────────────────
[2단계 분석 대상: 078930, 217820, 084850, 035720, 207940, 079550, 034020]
⛔ 아우토크립트(137040) 호가 없음 (거래정지 의심)
078930  GS        78,000   62.4    +1.3%    0.6x     중간  0.69  1/0
217820  원익피앤이      3,905   65.7    -3.1%    0.6x     중간  2.34  3/0
⛔ 금양(001570) 호가 없음 (거래정지 의심)

══════════════════════════════════════════════════
→ 전종목 HOLD
✅ Discord 전송 완료

[11:50] HOLD | KODEX RSI92/+0.1%⚠️ | 보유:GS(078930) +1.3% 원익피앤(217820) -4.6% | 💸예수금부족 | 최고신호 원익피앤이(217820) 3/3개 [하락-3.1% / MA골 / 호가2.3]
💰 예수금 4,156원 | KODEX200 RSI91/-0.1% 과열⚠️ | 매수기준 3개↑
📦 보유 GS(078930) 1주 +1.2%
📦 보유 원익피앤이(217820) 6주 -4.7% 🔴스탑로스임박

코드      종목명           가격    RSI     변화율    거래량     BB   호가비  B/S
────────────────────────────────────────────────────────────────────────
[2단계 분석 대상: 078930, 217820, 084850, 035720, 207940, 006400, 001510]
⛔ 아우토크립트(137040) 호가 없음 (거래정지 의심)
078930  GS        77,900   62.2    +1.2%    0.6x     중간  1.08  1/0
217820  원익피앤이      3,895   65.4    -3.4%    0.6x     중간  6.09  3/0
⛔ 금양(001570) 호가 없음 (거래정지 의심)

══════════════════════════════════════════════════
→ 전종목 HOLD
✅ Discord 전송 완료

[11:52] HOLD | KODEX RSI91/-0.1%⚠️ | 보유:GS(078930) +1.2% 원익피앤(217820) -4.7% | 💸예수금부족 | 최고신호 원익피앤이(217820) 3/3개 [하락-3.4% / MA골 / 호가6.1]
💰 예수금 4,156원 | KODEX200 RSI91/-0.0% 과열⚠️ | 매수기준 3개↑
📦 보유 GS(078930) 1주 +1.2%
📦 보유 원익피앤이(217820) 6주 -4.8% 🔴스탑로스임박

코드      종목명           가격    RSI     변화율    거래량     BB   호가비  B/S
────────────────────────────────────────────────────────────────────────
[2단계 분석 대상: 078930, 217820, 084850, 035720, 015760, 207940, 138040]
⛔ 아우토크립트(137040) 호가 없음 (거래정지 의심)
078930  GS        77,900   62.4    +1.3%    0.6x     중간  0.75  1/0
217820  원익피앤이      3,905   65.7    -3.1%    0.6x     중간  2.68  3/0
⛔ 금양(001570) 호가 없음 (거래정지 의심)

══════════════════════════════════════════════════
→ 전종목 HOLD
✅ Discord 전송 완료

[11:54] HOLD | KODEX RSI91/-0.0%⚠️ | 보유:GS(078930) +1.2% 원익피앤(217820) -4.8% | 💸예수금부족 | 최고신호 원익피앤이(217820) 3/3개 [하락-3.1% / MA골 / 호가2.7]
💰 예수금 4,156원 | KODEX200 RSI92/+0.1% 과열⚠️ | 매수기준 3개↑
📦 보유 GS(078930) 1주 +1.2%
📦 보유 원익피앤이(217820) 6주 -4.5% 🔴스탑로스임박

코드      종목명           가격    RSI     변화율    거래량     BB   호가비  B/S
────────────────────────────────────────────────────────────────────────
[2단계 분석 대상: 078930, 217820, 084850, 035720, 207940, 015760, 001510]
⛔ 아우토크립트(137040) 호가 없음 (거래정지 의심)
078930  GS        78,000   62.4    +1.3%    0.6x     중간  0.68  1/0
217820  원익피앤이      3,915   66.2    -2.7%    0.6x     중간  2.39  3/0
⛔ 금양(001570) 호가 없음 (거래정지 의심)

══════════════════════════════════════════════════
→ 전종목 HOLD
✅ Discord 전송 완료

[11:56] HOLD | KODEX RSI92/+0.1%⚠️ | 보유:GS(078930) +1.2% 원익피앤(217820) -4.5% | 💸예수금부족 | 최고신호 원익피앤이(217820) 3/3개 [하락-2.7% / MA골 / 호가2.4]
💰 예수금 4,156원 | KODEX200 RSI92/+0.3% 과열⚠️ | 매수기준 3개↑
📦 보유 GS(078930) 1주 +1.3%
📦 보유 원익피앤이(217820) 6주 -4.2% 🔴스탑로스임박

코드      종목명           가격    RSI     변화율    거래량     BB   호가비  B/S
────────────────────────────────────────────────────────────────────────
[2단계 분석 대상: 078930, 217820, 084850, 035720, 207940, 015760, 001510]
⛔ 아우토크립트(137040) 호가 없음 (거래정지 의심)
078930  GS        78,000   62.4    +1.3%    0.6x     중간  0.76  1/0
217820  원익피앤이      3,905   65.8    -3.0%    0.6x     중간  1.96  3/0
⛔ 금양(001570) 호가 없음 (거래정지 의심)

══════════════════════════════════════════════════
→ 전종목 HOLD
✅ Discord 전송 완료

[11:58] HOLD | KODEX RSI92/+0.3%⚠️ | 보유:GS(078930) +1.3% 원익피앤(217820) -4.2% | 💸예수금부족 | 최고신호 원익피앤이(217820) 3/3개 [하락-3.0% / MA골 / 호가2.0]
💰 예수금 4,156원 | KODEX200 RSI92/+0.3% 과열⚠️ | 매수기준 3개↑
📦 보유 GS(078930) 1주 +1.3%
📦 보유 원익피앤이(217820) 6주 -4.6% 🔴스탑로스임박

코드      종목명           가격    RSI     변화율    거래량     BB   호가비  B/S
────────────────────────────────────────────────────────────────────────
[2단계 분석 대상: 078930, 217820, 084850, 012450, 035720, 207940, 015760]
⛔ 아우토크립트(137040) 호가 없음 (거래정지 의심)
078930  GS        77,900   62.4    +1.3%    0.6x     중간  1.05  1/0
217820  원익피앤이      3,905   65.7    -3.1%    0.6x     중간  2.23  3/0
⛔ 금양(001570) 호가 없음 (거래정지 의심)

══════════════════════════════════════════════════
→ 전종목 HOLD
✅ Discord 전송 완료

[12:00] HOLD | KODEX RSI92/+0.3%⚠️ | 보유:GS(078930) +1.3% 원익피앤(217820) -4.6% | 💸예수금부족 | 최고신호 원익피앤이(217820) 3/3개 [하락-3.1% / MA골 / 호가2.2]
💰 예수금 4,154원 | KODEX200 RSI92/+0.1% 과열⚠️ | 매수기준 3개↑
📦 보유 GS(078930) 1주 +1.5%
📦 보유 원익피앤이(217820) 6주 -4.6% 🔴스탑로스임박

코드      종목명           가격    RSI     변화율    거래량     BB   호가비  B/S
────────────────────────────────────────────────────────────────────────
[2단계 분석 대상: 078930, 217820, 084850, 012450, 035720, 015760, 000270]
⛔ 아우토크립트(137040) 호가 없음 (거래정지 의심)
078930  GS        78,000   62.4    +1.3%    0.6x     중간  0.59  1/0
217820  원익피앤이      3,900   65.7    -3.1%    0.6x     중간  3.31  3/0
⛔ 금양(001570) 호가 없음 (거래정지 의심)

══════════════════════════════════════════════════
→ 전종목 HOLD
✅ Discord 전송 완료

[12:02] HOLD | KODEX RSI92/+0.1%⚠️ | 보유:GS(078930) +1.5% 원익피앤(217820) -4.6% | 💸예수금부족 | 최고신호 원익피앤이(217820) 3/3개 [하락-3.1% / MA골 / 호가3.3]
💰 예수금 4,156원 | KODEX200 RSI91/-0.0% 과열⚠️ | 매수기준 3개↑
📦 보유 GS(078930) 1주 +1.3%
📦 보유 원익피앤이(217820) 6주 -4.6% 🔴스탑로스임박

코드      종목명           가격    RSI     변화율    거래량     BB   호가비  B/S
────────────────────────────────────────────────────────────────────────
[2단계 분석 대상: 078930, 217820, 084850, 012450, 035720, 001510, 042700]
⛔ 아우토크립트(137040) 호가 없음 (거래정지 의심)
078930  GS        77,900   62.0    +1.0%    0.6x     중간  0.76  1/0
217820  원익피앤이      3,900   65.5    -3.2%    0.6x     중간  3.29  3/0
⛔ 금양(001570) 호가 없음 (거래정지 의심)

══════════════════════════════════════════════════
→ 전종목 HOLD
✅ Discord 전송 완료

[12:04] HOLD | KODEX RSI91/-0.0%⚠️ | 보유:GS(078930) +1.3% 원익피앤(217820) -4.6% | 💸예수금부족 | 최고신호 원익피앤이(217820) 3/3개 [하락-3.2% / MA골 / 호가3.3]
💰 예수금 4,154원 | KODEX200 RSI91/-0.0% 과열⚠️ | 매수기준 3개↑
📦 보유 GS(078930) 1주 +1.6%
📦 보유 원익피앤이(217820) 6주 -4.7% 🔴스탑로스임박

코드      종목명           가격    RSI     변화율    거래량     BB   호가비  B/S
────────────────────────────────────────────────────────────────────────
[2단계 분석 대상: 078930, 217820, 084850, 012450, 015760, 035720, 079550]
⛔ 아우토크립트(137040) 호가 없음 (거래정지 의심)
078930  GS        78,100   62.6    +1.4%    0.6x     중간  0.65  1/0
217820  원익피앤이      3,900   65.5    -3.2%    0.6x     중간  3.30  3/0
⛔ 금양(001570) 호가 없음 (거래정지 의심)

══════════════════════════════════════════════════
→ 전종목 HOLD
✅ Discord 전송 완료

[12:06] HOLD | KODEX RSI91/-0.0%⚠️ | 보유:GS(078930) +1.6% 원익피앤(217820) -4.7% | 💸예수금부족 | 최고신호 원익피앤이(217820) 3/3개 [하락-3.2% / MA골 / 호가3.3]
💰 예수금 4,154원 | KODEX200 RSI91/-0.1% 과열⚠️ | 매수기준 3개↑
📦 보유 GS(078930) 1주 +1.6%
📦 보유 원익피앤이(217820) 6주 -4.7% 🔴스탑로스임박

코드      종목명           가격    RSI     변화율    거래량     BB   호가비  B/S
────────────────────────────────────────────────────────────────────────
[2단계 분석 대상: 078930, 217820, 012450, 084850, 015760, 035720, 001510]
⛔ 아우토크립트(137040) 호가 없음 (거래정지 의심)
078930  GS        78,400   63.0    +1.8%    0.6x     중간  0.96  1/0
217820  원익피앤이      3,895   65.4    -3.4%    0.6x     중간  2.58  3/0
⛔ 금양(001570) 호가 없음 (거래정지 의심)

══════════════════════════════════════════════════
→ 전종목 HOLD
✅ Discord 전송 완료

[12:08] HOLD | KODEX RSI91/-0.1%⚠️ | 보유:GS(078930) +1.6% 원익피앤(217820) -4.7% | 💸예수금부족 | 최고신호 원익피앤이(217820) 3/3개 [하락-3.4% / MA골 / 호가2.6]
💰 예수금 4,154원 | KODEX200 RSI91/-0.2% 과열⚠️ | 매수기준 3개↑
📦 보유 GS(078930) 1주 +1.6%
📦 보유 원익피앤이(217820) 6주 -4.7% 🔴스탑로스임박

코드      종목명           가격    RSI     변화율    거래량     BB   호가비  B/S
────────────────────────────────────────────────────────────────────────
[2단계 분석 대상: 078930, 217820, 084850, 035720, 001510, 079550, 000270]
⛔ 아우토크립트(137040) 호가 없음 (거래정지 의심)
078930  GS        78,600   63.5    +2.2%    0.6x     중간  1.96  2/0
217820  원익피앤이      3,895   65.4    -3.4%    0.6x     중간  2.50  3/0
⛔ 금양(001570) 호가 없음 (거래정지 의심)

══════════════════════════════════════════════════
→ 전종목 HOLD
✅ Discord 전송 완료

[12:10] HOLD | KODEX RSI91/-0.2%⚠️ | 보유:GS(078930) +1.6% 원익피앤(217820) -4.7% | 💸예수금부족 | 최고신호 원익피앤이(217820) 3/3개 [하락-3.4% / MA골 / 호가2.5]
💰 예수금 4,153원 | KODEX200 RSI91/-0.2% 과열⚠️ | 매수기준 3개↑
📦 보유 GS(078930) 1주 +2.4%
📦 보유 원익피앤이(217820) 6주 -4.7% 🔴스탑로스임박

코드      종목명           가격    RSI     변화율    거래량     BB   호가비  B/S
────────────────────────────────────────────────────────────────────────
[2단계 분석 대상: 078930, 217820, 084850, 035720, 001510, 012450, 000270]
⛔ 아우토크립트(137040) 호가 없음 (거래정지 의심)
078930  GS        78,600   63.2    +1.9%    0.6x     중간  1.01  1/0
217820  원익피앤이      3,895   65.4    -3.4%    0.6x     중간  1.96  3/0
⛔ 금양(001570) 호가 없음 (거래정지 의심)

══════════════════════════════════════════════════
→ 전종목 HOLD
✅ Discord 전송 완료

[12:12] HOLD | KODEX RSI91/-0.2%⚠️ | 보유:GS(078930) +2.4% 원익피앤(217820) -4.7% | 💸예수금부족 | 최고신호 원익피앤이(217820) 3/3개 [하락-3.4% / MA골 / 호가2.0]
💰 예수금 4,154원 | KODEX200 RSI90/-0.3% 과열⚠️ | 매수기준 3개↑
📦 보유 GS(078930) 1주 +2.0%
📦 보유 원익피앤이(217820) 6주 -4.8% 🔴스탑로스임박

코드      종목명           가격    RSI     변화율    거래량     BB   호가비  B/S
────────────────────────────────────────────────────────────────────────
[2단계 분석 대상: 078930, 217820, 084850, 001510, 012450, 000270, 035720]
⛔ 아우토크립트(137040) 호가 없음 (거래정지 의심)
078930  GS        78,500   63.4    +2.1%    0.6x     중간  0.66  1/0
217820  원익피앤이      3,885   65.0    -3.6%    0.6x     중간  1.44  3/0
⛔ 금양(001570) 호가 없음 (거래정지 의심)

══════════════════════════════════════════════════
→ 전종목 HOLD
✅ Discord 전송 완료

[12:14] HOLD | KODEX RSI90/-0.3%⚠️ | 보유:GS(078930) +2.0% 원익피앤(217820) -4.8% | 💸예수금부족 | 최고신호 원익피앤이(217820) 3/3개 [하락-3.6% / MA골 / 호가1.4]
💰 예수금 4,154원 | KODEX200 RSI91/-0.0% 과열⚠️ | 매수기준 3개↑
📦 보유 GS(078930) 1주 +2.0%
📦 보유 원익피앤이(217820) 6주 -5.0% 🔴스탑로스임박

코드      종목명           가격    RSI     변화율    거래량     BB   호가비  B/S
────────────────────────────────────────────────────────────────────────
[2단계 분석 대상: 078930, 217820, 084850, 015760, 012450, 001510, 035720]
⛔ 아우토크립트(137040) 호가 없음 (거래정지 의심)
078930  GS        78,500   63.4    +2.1%    0.6x     중간  0.65  1/0
217820  원익피앤이      3,890   65.4    -3.4%    0.6x     중간  2.51  3/0
⛔ 금양(001570) 호가 없음 (거래정지 의심)

══════════════════════════════════════════════════
→ 전종목 HOLD
✅ Discord 전송 완료

[12:16] HOLD | KODEX RSI91/-0.0%⚠️ | 보유:GS(078930) +2.0% 원익피앤(217820) -5.0% | 💸예수금부족 | 최고신호 원익피앤이(217820) 3/3개 [하락-3.4% / MA골 / 호가2.5]
💰 예수금 4,154원 | KODEX200 RSI91/-0.1% 과열⚠️ | 매수기준 3개↑
📦 보유 GS(078930) 1주 +2.0%
📦 보유 원익피앤이(217820) 6주 -5.1% 🔴스탑로스임박

코드      종목명           가격    RSI     변화율    거래량     BB   호가비  B/S
────────────────────────────────────────────────────────────────────────
[2단계 분석 대상: 078930, 217820, 084850, 012450, 001510, 015760, 000270]
⛔ 아우토크립트(137040) 호가 없음 (거래정지 의심)
078930  GS        78,500   63.5    +2.2%    0.6x     중간  0.80  1/0
217820  원익피앤이      3,890   65.4    -3.4%    0.6x     중간  2.51  3/0
⛔ 금양(001570) 호가 없음 (거래정지 의심)

══════════════════════════════════════════════════
→ 전종목 HOLD
✅ Discord 전송 완료

[12:18] HOLD | KODEX RSI91/-0.1%⚠️ | 보유:GS(078930) +2.0% 원익피앤(217820) -5.1% | 💸예수금부족 | 최고신호 원익피앤이(217820) 3/3개 [하락-3.4% / MA골 / 호가2.5]
💰 예수금 4,154원 | KODEX200 RSI92/+0.1% 과열⚠️ | 매수기준 3개↑
📦 보유 GS(078930) 1주 +1.9%
📦 보유 원익피앤이(217820) 6주 -4.8% 🔴스탑로스임박

코드      종목명           가격    RSI     변화율    거래량     BB   호가비  B/S
────────────────────────────────────────────────────────────────────────
[2단계 분석 대상: 078930, 217820, 084850, 001510, 012450, 015760, 035720]
⛔ 아우토크립트(137040) 호가 없음 (거래정지 의심)
078930  GS        78,600   63.4    +2.1%    0.6x     중간  0.86  1/0
217820  원익피앤이      3,895   65.4    -3.4%    0.6x     중간  2.14  3/0
⛔ 금양(001570) 호가 없음 (거래정지 의심)

══════════════════════════════════════════════════
→ 전종목 HOLD
✅ Discord 전송 완료

[12:20] HOLD | KODEX RSI92/+0.1%⚠️ | 보유:GS(078930) +1.9% 원익피앤(217820) -4.8% | 💸예수금부족 | 최고신호 원익피앤이(217820) 3/3개 [하락-3.4% / MA골 / 호가2.1]
💰 예수금 4,154원 | KODEX200 RSI92/+0.0% 과열⚠️ | 매수기준 3개↑
📦 보유 GS(078930) 1주 +2.1%
📦 보유 원익피앤이(217820) 6주 -4.8% 🔴스탑로스임박

코드      종목명           가격    RSI     변화율    거래량     BB   호가비  B/S
────────────────────────────────────────────────────────────────────────
[2단계 분석 대상: 078930, 217820, 084850, 012450, 001510, 015760, 000270]
⛔ 아우토크립트(137040) 호가 없음 (거래정지 의심)
078930  GS        78,700   63.7    +2.3%    0.7x     중간  0.98  1/0
217820  원익피앤이      3,895   65.5    -3.2%    0.6x     중간  2.70  3/0
⛔ 금양(001570) 호가 없음 (거래정지 의심)

══════════════════════════════════════════════════
→ 전종목 HOLD
✅ Discord 전송 완료

[12:22] HOLD | KODEX RSI92/+0.0%⚠️ | 보유:GS(078930) +2.1% 원익피앤(217820) -4.8% | 💸예수금부족 | 최고신호 원익피앤이(217820) 3/3개 [하락-3.2% / MA골 / 호가2.7]
💰 예수금 4,154원 | KODEX200 RSI92/+0.1% 과열⚠️ | 매수기준 3개↑
📦 보유 GS(078930) 1주 +2.2%
📦 보유 원익피앤이(217820) 6주 -4.8% 🔴스탑로스임박

코드      종목명           가격    RSI     변화율    거래량     BB   호가비  B/S
────────────────────────────────────────────────────────────────────────
[2단계 분석 대상: 078930, 217820, 084850, 012450, 001510, 015760, 000270]
⛔ 아우토크립트(137040) 호가 없음 (거래정지 의심)
078930  GS        78,700   63.5    +2.2%    0.7x     중간  1.01  1/0
217820  원익피앤이      3,895   65.5    -3.2%    0.6x     중간  2.75  3/0
⛔ 금양(001570) 호가 없음 (거래정지 의심)

══════════════════════════════════════════════════
→ 전종목 HOLD
✅ Discord 전송 완료

[12:24] HOLD | KODEX RSI92/+0.1%⚠️ | 보유:GS(078930) +2.2% 원익피앤(217820) -4.8% | 💸예수금부족 | 최고신호 원익피앤이(217820) 3/3개 [하락-3.2% / MA골 / 호가2.8]
💰 예수금 4,154원 | KODEX200 RSI92/+0.2% 과열⚠️ | 매수기준 3개↑
📦 보유 GS(078930) 1주 +2.2%
📦 보유 원익피앤이(217820) 6주 -4.8% 🔴스탑로스임박

코드      종목명           가격    RSI     변화율    거래량     BB   호가비  B/S
────────────────────────────────────────────────────────────────────────
[2단계 분석 대상: 078930, 217820, 084850, 000270, 001510, 012450, 015760]
⛔ 아우토크립트(137040) 호가 없음 (거래정지 의심)
078930  GS        78,600   63.5    +2.2%    0.7x     중간  0.92  1/0
217820  원익피앤이      3,895   65.4    -3.4%    0.6x     중간  1.90  3/0
⛔ 금양(001570) 호가 없음 (거래정지 의심)

══════════════════════════════════════════════════
→ 전종목 HOLD
✅ Discord 전송 완료

[12:26] HOLD | KODEX RSI92/+0.2%⚠️ | 보유:GS(078930) +2.2% 원익피앤(217820) -4.8% | 💸예수금부족 | 최고신호 원익피앤이(217820) 3/3개 [하락-3.4% / MA골 / 호가1.9]
💰 예수금 4,154원 | KODEX200 RSI92/+0.4% 과열⚠️ | 매수기준 3개↑
📦 보유 GS(078930) 1주 +2.1%
📦 보유 원익피앤이(217820) 6주 -4.7% 🔴스탑로스임박

코드      종목명           가격    RSI     변화율    거래량     BB   호가비  B/S
────────────────────────────────────────────────────────────────────────
[2단계 분석 대상: 078930, 217820, 084850, 207940, 012450, 058470, 015760]
⛔ 아우토크립트(137040) 호가 없음 (거래정지 의심)
078930  GS        78,500   63.2    +1.9%    0.7x     중간  0.87  1/0
217820  원익피앤이      3,900   65.7    -3.1%    0.6x     중간  1.87  3/0
⛔ 금양(001570) 호가 없음 (거래정지 의심)

══════════════════════════════════════════════════
→ 전종목 HOLD
✅ Discord 전송 완료

[12:28] HOLD | KODEX RSI92/+0.4%⚠️ | 보유:GS(078930) +2.1% 원익피앤(217820) -4.7% | 💸예수금부족 | 최고신호 원익피앤이(217820) 3/3개 [하락-3.1% / MA골 / 호가1.9]
💰 예수금 4,154원 | KODEX200 RSI92/+0.4% 과열⚠️ | 매수기준 3개↑
📦 보유 GS(078930) 1주 +1.9%
📦 보유 원익피앤이(217820) 6주 -4.6% 🔴스탑로스임박

코드      종목명           가격    RSI     변화율    거래량     BB   호가비  B/S
────────────────────────────────────────────────────────────────────────
[2단계 분석 대상: 078930, 217820, 084850, 207940, 012450, 015760, 259960]
⛔ 아우토크립트(137040) 호가 없음 (거래정지 의심)
078930  GS        78,500   63.4    +2.1%    0.7x     중간  0.83  1/0
217820  원익피앤이      3,915   65.7    -3.1%    0.6x     중간  2.09  3/0
⛔ 금양(001570) 호가 없음 (거래정지 의심)

══════════════════════════════════════════════════
→ 전종목 HOLD
✅ Discord 전송 완료

[12:30] HOLD | KODEX RSI92/+0.4%⚠️ | 보유:GS(078930) +1.9% 원익피앤(217820) -4.6% | 💸예수금부족 | 최고신호 원익피앤이(217820) 3/3개 [하락-3.1% / MA골 / 호가2.1]
💰 예수금 4,154원 | KODEX200 RSI92/+0.6% 과열⚠️ | 매수기준 3개↑
📦 보유 GS(078930) 1주 +2.1%
📦 보유 원익피앤이(217820) 6주 -4.6% 🔴스탑로스임박

코드      종목명           가격    RSI     변화율    거래량     BB   호가비  B/S
────────────────────────────────────────────────────────────────────────
[2단계 분석 대상: 078930, 217820, 084850, 207940, 012450, 058470, 015760]
⛔ 아우토크립트(137040) 호가 없음 (거래정지 의심)
078930  GS        78,500   63.4    +2.1%    0.7x     중간  0.83  1/0
217820  원익피앤이      3,910   65.7    -3.1%    0.6x     중간  2.19  3/0
⛔ 금양(001570) 호가 없음 (거래정지 의심)

══════════════════════════════════════════════════
→ 전종목 HOLD
✅ Discord 전송 완료

[12:32] HOLD | KODEX RSI92/+0.6%⚠️ | 보유:GS(078930) +2.1% 원익피앤(217820) -4.6% | 💸예수금부족 | 최고신호 원익피앤이(217820) 3/3개 [하락-3.1% / MA골 / 호가2.2]
💰 예수금 4,154원 | KODEX200 RSI92/+0.7% 과열⚠️ | 매수기준 3개↑
📦 보유 GS(078930) 1주 +2.2%
📦 보유 원익피앤이(217820) 6주 -4.3% 🔴스탑로스임박

코드      종목명           가격    RSI     변화율    거래량     BB   호가비  B/S
────────────────────────────────────────────────────────────────────────
[2단계 분석 대상: 078930, 217820, 084850, 207940, 012450, 058470, 015760]
⛔ 아우토크립트(137040) 호가 없음 (거래정지 의심)
078930  GS        78,500   63.5    +2.2%    0.7x     중간  0.95  1/0
217820  원익피앤이      3,915   66.0    -2.9%    0.6x     중간  2.03  3/0
⛔ 금양(001570) 호가 없음 (거래정지 의심)

══════════════════════════════════════════════════
→ 전종목 HOLD
✅ Discord 전송 완료

[12:34] HOLD | KODEX RSI92/+0.7%⚠️ | 보유:GS(078930) +2.2% 원익피앤(217820) -4.3% | 💸예수금부족 | 최고신호 원익피앤이(217820) 3/3개 [하락-2.9% / MA골 / 호가2.0]
💰 예수금 4,153원 | KODEX200 RSI92/+0.8% 과열⚠️ | 매수기준 3개↑
📦 보유 GS(078930) 1주 +2.1%
📦 보유 원익피앤이(217820) 6주 -4.1% 🔴스탑로스임박

코드      종목명           가격    RSI     변화율    거래량     BB   호가비  B/S
────────────────────────────────────────────────────────────────────────
[2단계 분석 대상: 078930, 217820, 084850, 012450, 207940, 015760, 056080]
⛔ 아우토크립트(137040) 호가 없음 (거래정지 의심)
078930  GS        78,500   63.2    +1.9%    0.7x     중간  0.87  1/0
217820  원익피앤이      3,920   66.3    -2.6%    0.6x     중간  2.27  3/0
⛔ 금양(001570) 호가 없음 (거래정지 의심)

══════════════════════════════════════════════════
→ 전종목 HOLD
✅ Discord 전송 완료

[12:36] HOLD | KODEX RSI92/+0.8%⚠️ | 보유:GS(078930) +2.1% 원익피앤(217820) -4.1% | 💸예수금부족 | 최고신호 원익피앤이(217820) 3/3개 [하락-2.6% / MA골 / 호가2.3]
💰 예수금 4,154원 | KODEX200 RSI92/+0.7% 과열⚠️ | 매수기준 3개↑
📦 보유 GS(078930) 1주 +2.1%
📦 보유 원익피앤이(217820) 6주 -4.5% 🔴스탑로스임박

코드      종목명           가격    RSI     변화율    거래량     BB   호가비  B/S
────────────────────────────────────────────────────────────────────────
[2단계 분석 대상: 078930, 217820, 084850, 012450, 207940, 015760, 058470]
⛔ 아우토크립트(137040) 호가 없음 (거래정지 의심)
078930  GS        78,500   63.2    +1.9%    0.7x     중간  0.71  1/0
217820  원익피앤이      3,925   66.5    -2.5%    0.6x     중간  2.08  3/0
⛔ 금양(001570) 호가 없음 (거래정지 의심)

══════════════════════════════════════════════════
→ 전종목 HOLD
✅ Discord 전송 완료

[12:38] HOLD | KODEX RSI92/+0.7%⚠️ | 보유:GS(078930) +2.1% 원익피앤(217820) -4.5% | 💸예수금부족 | 최고신호 원익피앤이(217820) 3/3개 [하락-2.5% / MA골 / 호가2.1]
💰 예수금 4,154원 | KODEX200 RSI92/+0.7% 과열⚠️ | 매수기준 3개↑
📦 보유 GS(078930) 1주 +2.0%
📦 보유 원익피앤이(217820) 6주 -4.3% 🔴스탑로스임박

코드      종목명           가격    RSI     변화율    거래량     BB   호가비  B/S
────────────────────────────────────────────────────────────────────────
[2단계 분석 대상: 078930, 217820, 084850, 207940, 015760, 012450, 056080]
⛔ 아우토크립트(137040) 호가 없음 (거래정지 의심)
078930  GS        78,500   63.4    +2.1%    0.7x     중간  0.79  1/0
217820  원익피앤이      3,920   66.0    -2.9%    0.6x     중간  2.18  3/0
⛔ 금양(001570) 호가 없음 (거래정지 의심)

══════════════════════════════════════════════════
→ 전종목 HOLD
✅ Discord 전송 완료

[12:40] HOLD | KODEX RSI92/+0.7%⚠️ | 보유:GS(078930) +2.0% 원익피앤(217820) -4.3% | 💸예수금부족 | 최고신호 원익피앤이(217820) 3/3개 [하락-2.9% / MA골 / 호가2.2]
💰 예수금 4,154원 | KODEX200 RSI92/+0.7% 과열⚠️ | 매수기준 3개↑
📦 보유 GS(078930) 1주 +2.2%
📦 보유 원익피앤이(217820) 6주 -4.3% 🔴스탑로스임박

코드      종목명           가격    RSI     변화율    거래량     BB   호가비  B/S
────────────────────────────────────────────────────────────────────────
[2단계 분석 대상: 078930, 217820, 084850, 015760, 207940, 056080, 058470]
⛔ 아우토크립트(137040) 호가 없음 (거래정지 의심)
078930  GS        78,600   63.5    +2.2%    0.7x     중간  1.01  1/0
217820  원익피앤이      3,920   66.0    -2.9%    0.6x     중간  2.25  3/0
⛔ 금양(001570) 호가 없음 (거래정지 의심)

══════════════════════════════════════════════════
→ 전종목 HOLD
✅ Discord 전송 완료

[12:42] HOLD | KODEX RSI92/+0.7%⚠️ | 보유:GS(078930) +2.2% 원익피앤(217820) -4.3% | 💸예수금부족 | 최고신호 원익피앤이(217820) 3/3개 [하락-2.9% / MA골 / 호가2.2]
💰 예수금 4,153원 | KODEX200 RSI92/+0.6% 과열⚠️ | 매수기준 3개↑
📦 보유 GS(078930) 1주 +2.4%
📦 보유 원익피앤이(217820) 6주 -4.3% 🔴스탑로스임박

코드      종목명           가격    RSI     변화율    거래량     BB   호가비  B/S
────────────────────────────────────────────────────────────────────────
[2단계 분석 대상: 078930, 217820, 084850, 207940, 015760, 056080, 058470]
⛔ 아우토크립트(137040) 호가 없음 (거래정지 의심)
078930  GS        78,600   63.4    +2.1%    0.7x     중간  0.84  1/0
217820  원익피앤이      3,930   66.5    -2.5%    0.6x     중간  2.24  3/0
⛔ 금양(001570) 호가 없음 (거래정지 의심)

══════════════════════════════════════════════════
→ 전종목 HOLD
✅ Discord 전송 완료

[12:44] HOLD | KODEX RSI92/+0.6%⚠️ | 보유:GS(078930) +2.4% 원익피앤(217820) -4.3% | 💸예수금부족 | 최고신호 원익피앤이(217820) 3/3개 [하락-2.5% / MA골 / 호가2.2]
💰 예수금 4,153원 | KODEX200 RSI92/+0.5% 과열⚠️ | 매수기준 3개↑
📦 보유 GS(078930) 1주 +2.1%
📦 보유 원익피앤이(217820) 6주 -4.0% ⚠️주의

코드      종목명           가격    RSI     변화율    거래량     BB   호가비  B/S
────────────────────────────────────────────────────────────────────────
[2단계 분석 대상: 078930, 217820, 084850, 015760, 056080, 079550, 207940]
⛔ 아우토크립트(137040) 호가 없음 (거래정지 의심)
078930  GS        78,600   63.4    +2.1%    0.7x     중간  0.80  1/0
217820  원익피앤이      3,930   66.5    -2.5%    0.6x     중간  2.41  3/0
⛔ 금양(001570) 호가 없음 (거래정지 의심)

══════════════════════════════════════════════════
→ 전종목 HOLD
✅ Discord 전송 완료

[12:46] HOLD | KODEX RSI92/+0.5%⚠️ | 보유:GS(078930) +2.1% 원익피앤(217820) -4.0% | 💸예수금부족 | 최고신호 원익피앤이(217820) 3/3개 [하락-2.5% / MA골 / 호가2.4]
💰 예수금 4,154원 | KODEX200 RSI92/+0.6% 과열⚠️ | 매수기준 3개↑
📦 보유 GS(078930) 1주 +2.0%
📦 보유 원익피앤이(217820) 6주 -4.3% 🔴스탑로스임박

코드      종목명           가격    RSI     변화율    거래량     BB   호가비  B/S
────────────────────────────────────────────────────────────────────────
[2단계 분석 대상: 078930, 217820, 084850, 015760, 079550, 056080, 058470]
⛔ 아우토크립트(137040) 호가 없음 (거래정지 의심)
078930  GS        78,600   63.5    +2.2%    0.7x     중간  0.70  1/0
217820  원익피앤이      3,930   66.0    -2.9%    0.6x     중간  1.96  3/0
⛔ 금양(001570) 호가 없음 (거래정지 의심)

══════════════════════════════════════════════════
→ 전종목 HOLD
✅ Discord 전송 완료

[12:48] HOLD | KODEX RSI92/+0.6%⚠️ | 보유:GS(078930) +2.0% 원익피앤(217820) -4.3% | 💸예수금부족 | 최고신호 원익피앤이(217820) 3/3개 [하락-2.9% / MA골 / 호가2.0]
💰 예수금 4,154원 | KODEX200 RSI92/+0.6% 과열⚠️ | 매수기준 3개↑
📦 보유 GS(078930) 1주 +2.0%
📦 보유 원익피앤이(217820) 6주 -4.5% 🔴스탑로스임박

코드      종목명           가격    RSI     변화율    거래량     BB   호가비  B/S
────────────────────────────────────────────────────────────────────────
[2단계 분석 대상: 078930, 217820, 084850, 015760, 207940, 056080, 079550]
⛔ 아우토크립트(137040) 호가 없음 (거래정지 의심)
078930  GS        78,500   63.4    +2.1%    0.7x     중간  0.72  1/0
217820  원익피앤이      3,925   66.5    -2.5%    0.6x     중간  1.96  3/0
⛔ 금양(001570) 호가 없음 (거래정지 의심)

══════════════════════════════════════════════════
→ 전종목 HOLD
✅ Discord 전송 완료

[12:50] HOLD | KODEX RSI92/+0.6%⚠️ | 보유:GS(078930) +2.0% 원익피앤(217820) -4.5% | 💸예수금부족 | 최고신호 원익피앤이(217820) 3/3개 [하락-2.5% / MA골 / 호가2.0]
💰 예수금 4,153원 | KODEX200 RSI92/+0.6% 과열⚠️ | 매수기준 3개↑
📦 보유 GS(078930) 1주 +2.0%
📦 보유 원익피앤이(217820) 6주 -4.0% ⚠️주의

코드      종목명           가격    RSI     변화율    거래량     BB   호가비  B/S
────────────────────────────────────────────────────────────────────────
[2단계 분석 대상: 078930, 217820, 084850, 015760, 207940, 058470, 079550]
⛔ 아우토크립트(137040) 호가 없음 (거래정지 의심)
078930  GS        78,500   63.2    +1.9%    0.7x     중간  0.72  1/0
217820  원익피앤이      3,925   66.5    -2.5%    0.6x     중간  1.96  3/0
⛔ 금양(001570) 호가 없음 (거래정지 의심)

══════════════════════════════════════════════════
→ 전종목 HOLD
✅ Discord 전송 완료

[12:52] HOLD | KODEX RSI92/+0.6%⚠️ | 보유:GS(078930) +2.0% 원익피앤(217820) -4.0% | 💸예수금부족 | 최고신호 원익피앤이(217820) 3/3개 [하락-2.5% / MA골 / 호가2.0]
💰 예수금 4,153원 | KODEX200 RSI92/+0.7% 과열⚠️ | 매수기준 3개↑
📦 보유 GS(078930) 1주 +2.1%
📦 보유 원익피앤이(217820) 6주 -4.0% ⚠️주의

코드      종목명           가격    RSI     변화율    거래량     BB   호가비  B/S
────────────────────────────────────────────────────────────────────────
[2단계 분석 대상: 078930, 217820, 084850, 015760, 207940, 079550, 001510]
⛔ 아우토크립트(137040) 호가 없음 (거래정지 의심)
078930  GS        78,400   63.2    +1.9%    0.7x     중간  0.77  1/0
217820  원익피앤이      3,925   66.0    -2.9%    0.7x     중간  2.13  3/0
⛔ 금양(001570) 호가 없음 (거래정지 의심)

══════════════════════════════════════════════════
→ 전종목 HOLD
✅ Discord 전송 완료

[12:54] HOLD | KODEX RSI92/+0.7%⚠️ | 보유:GS(078930) +2.1% 원익피앤(217820) -4.0% | 💸예수금부족 | 최고신호 원익피앤이(217820) 3/3개 [하락-2.9% / MA골 / 호가2.1]
💰 예수금 4,153원 | KODEX200 RSI92/+0.6% 과열⚠️ | 매수기준 3개↑
📦 보유 GS(078930) 1주 +2.0%
📦 보유 원익피앤이(217820) 6주 -4.0% ⚠️주의

코드      종목명           가격    RSI     변화율    거래량     BB   호가비  B/S
────────────────────────────────────────────────────────────────────────
[2단계 분석 대상: 078930, 217820, 084850, 079550, 015760, 207940, 001510]
⛔ 아우토크립트(137040) 호가 없음 (거래정지 의심)
078930  GS        78,500   63.2    +1.9%    0.7x     중간  0.76  1/0
217820  원익피앤이      3,925   66.3    -2.6%    0.7x     중간  1.51  3/0
⛔ 금양(001570) 호가 없음 (거래정지 의심)

══════════════════════════════════════════════════
→ 전종목 HOLD
✅ Discord 전송 완료

[12:56] HOLD | KODEX RSI92/+0.6%⚠️ | 보유:GS(078930) +2.0% 원익피앤(217820) -4.0% | 💸예수금부족 | 최고신호 원익피앤이(217820) 3/3개 [하락-2.6% / MA골 / 호가1.5]
💰 예수금 4,153원 | KODEX200 RSI92/+0.6% 과열⚠️ | 매수기준 3개↑
📦 보유 GS(078930) 1주 +2.0%
📦 보유 원익피앤이(217820) 6주 -4.1% 🔴스탑로스임박

코드      종목명           가격    RSI     변화율    거래량     BB   호가비  B/S
────────────────────────────────────────────────────────────────────────
[2단계 분석 대상: 078930, 217820, 084850, 079550, 207940, 001510, 015760]
⛔ 아우토크립트(137040) 호가 없음 (거래정지 의심)
078930  GS        78,400   63.0    +1.8%    0.7x     중간  0.71  1/0
217820  원익피앤이      3,925   66.3    -2.6%    0.7x     중간  1.51  3/0
⛔ 금양(001570) 호가 없음 (거래정지 의심)

══════════════════════════════════════════════════
→ 전종목 HOLD
✅ Discord 전송 완료

[12:58] HOLD | KODEX RSI92/+0.6%⚠️ | 보유:GS(078930) +2.0% 원익피앤(217820) -4.1% | 💸예수금부족 | 최고신호 원익피앤이(217820) 3/3개 [하락-2.6% / MA골 / 호가1.5]
💰 예수금 4,153원 | KODEX200 RSI92/+0.4% 과열⚠️ | 매수기준 3개↑
📦 보유 GS(078930) 1주 +1.9%
📦 보유 원익피앤이(217820) 6주 -4.1% 🔴스탑로스임박

코드      종목명           가격    RSI     변화율    거래량     BB   호가비  B/S
────────────────────────────────────────────────────────────────────────
[2단계 분석 대상: 078930, 217820, 084850, 207940, 079550, 001510, 015760]
⛔ 아우토크립트(137040) 호가 없음 (거래정지 의심)
078930  GS        78,400   63.2    +1.9%    0.7x     중간  0.63  1/0
217820  원익피앤이      3,925   66.3    -2.6%    0.7x     중간  1.55  3/0
⛔ 금양(001570) 호가 없음 (거래정지 의심)

══════════════════════════════════════════════════
→ 전종목 HOLD
✅ Discord 전송 완료

[13:00] HOLD | KODEX RSI92/+0.4%⚠️ | 보유:GS(078930) +1.9% 원익피앤(217820) -4.1% | 💸예수금부족 | 최고신호 원익피앤이(217820) 3/3개 [하락-2.6% / MA골 / 호가1.6]
💰 예수금 4,153원 | KODEX200 RSI92/+0.6% 과열⚠️ | 매수기준 3개↑
📦 보유 GS(078930) 1주 +2.0%
📦 보유 원익피앤이(217820) 6주 -4.1% 🔴스탑로스임박

코드      종목명           가격    RSI     변화율    거래량     BB   호가비  B/S
────────────────────────────────────────────────────────────────────────
[2단계 분석 대상: 078930, 217820, 084850, 207940, 079550, 001510, 015760]
⛔ 아우토크립트(137040) 호가 없음 (거래정지 의심)
078930  GS        78,300   63.0    +1.8%    0.7x     중간  0.61  1/0
217820  원익피앤이      3,920   66.3    -2.6%    0.7x     중간  2.49  3/0
⛔ 금양(001570) 호가 없음 (거래정지 의심)

══════════════════════════════════════════════════
→ 전종목 HOLD
✅ Discord 전송 완료

[13:02] HOLD | KODEX RSI92/+0.6%⚠️ | 보유:GS(078930) +2.0% 원익피앤(217820) -4.1% | 💸예수금부족 | 최고신호 원익피앤이(217820) 3/3개 [하락-2.6% / MA골 / 호가2.5]
💰 예수금 4,154원 | KODEX200 RSI92/+0.3% 과열⚠️ | 매수기준 3개↑
📦 보유 GS(078930) 1주 +1.9%
📦 보유 원익피앤이(217820) 6주 -4.3% 🔴스탑로스임박

코드      종목명           가격    RSI     변화율    거래량     BB   호가비  B/S
────────────────────────────────────────────────────────────────────────
[2단계 분석 대상: 078930, 217820, 084850, 207940, 001510, 079550, 015760]
⛔ 아우토크립트(137040) 호가 없음 (거래정지 의심)
078930  GS        78,300   63.0    +1.8%    0.7x     중간  0.61  1/0
217820  원익피앤이      3,910   66.0    -2.9%    0.7x     중간  2.37  3/0
⛔ 금양(001570) 호가 없음 (거래정지 의심)

══════════════════════════════════════════════════
→ 전종목 HOLD
✅ Discord 전송 완료

[13:04] HOLD | KODEX RSI92/+0.3%⚠️ | 보유:GS(078930) +1.9% 원익피앤(217820) -4.3% | 💸예수금부족 | 최고신호 원익피앤이(217820) 3/3개 [하락-2.9% / MA골 / 호가2.4]
💰 예수금 4,154원 | KODEX200 RSI92/+0.5% 과열⚠️ | 매수기준 3개↑
📦 보유 GS(078930) 1주 +1.9%
📦 보유 원익피앤이(217820) 6주 -4.3% 🔴스탑로스임박

코드      종목명           가격    RSI     변화율    거래량     BB   호가비  B/S
────────────────────────────────────────────────────────────────────────
[2단계 분석 대상: 078930, 217820, 084850, 207940, 012450, 001510, 015760]
⛔ 아우토크립트(137040) 호가 없음 (거래정지 의심)
078930  GS        78,400   62.9    +1.7%    0.7x     중간  0.63  1/0
217820  원익피앤이      3,920   65.8    -3.0%    0.7x     중간  2.26  3/0
⛔ 금양(001570) 호가 없음 (거래정지 의심)

══════════════════════════════════════════════════
→ 전종목 HOLD
✅ Discord 전송 완료

[13:06] HOLD | KODEX RSI92/+0.5%⚠️ | 보유:GS(078930) +1.9% 원익피앤(217820) -4.3% | 💸예수금부족 | 최고신호 원익피앤이(217820) 3/3개 [하락-3.0% / MA골 / 호가2.3]
💰 예수금 4,153원 | KODEX200 RSI92/+0.3% 과열⚠️ | 매수기준 3개↑
📦 보유 GS(078930) 1주 +1.9%
📦 보유 원익피앤이(217820) 6주 -4.1% 🔴스탑로스임박

코드      종목명           가격    RSI     변화율    거래량     BB   호가비  B/S
────────────────────────────────────────────────────────────────────────
[2단계 분석 대상: 078930, 217820, 084850, 207940, 001510, 079550, 012450]
⛔ 아우토크립트(137040) 호가 없음 (거래정지 의심)
078930  GS        78,400   63.0    +1.8%    0.7x     중간  0.74  1/0
217820  원익피앤이      3,910   66.0    -2.9%    0.7x     중간  2.38  3/0
⛔ 금양(001570) 호가 없음 (거래정지 의심)

══════════════════════════════════════════════════
→ 전종목 HOLD
✅ Discord 전송 완료

[13:08] HOLD | KODEX RSI92/+0.3%⚠️ | 보유:GS(078930) +1.9% 원익피앤(217820) -4.1% | 💸예수금부족 | 최고신호 원익피앤이(217820) 3/3개 [하락-2.9% / MA골 / 호가2.4]
💰 예수금 4,154원 | KODEX200 RSI92/+0.4% 과열⚠️ | 매수기준 3개↑
📦 보유 GS(078930) 1주 +1.9%
📦 보유 원익피앤이(217820) 6주 -4.3% 🔴스탑로스임박

코드      종목명           가격    RSI     변화율    거래량     BB   호가비  B/S
────────────────────────────────────────────────────────────────────────
[2단계 분석 대상: 078930, 217820, 084850, 207940, 001510, 079550, 015760]
⛔ 아우토크립트(137040) 호가 없음 (거래정지 의심)
078930  GS        78,400   63.0    +1.8%    0.7x     중간  0.71  1/0
217820  원익피앤이      3,910   65.7    -3.1%    0.7x     중간  2.52  3/0
⛔ 금양(001570) 호가 없음 (거래정지 의심)

══════════════════════════════════════════════════
→ 전종목 HOLD
✅ Discord 전송 완료

[13:10] HOLD | KODEX RSI92/+0.4%⚠️ | 보유:GS(078930) +1.9% 원익피앤(217820) -4.3% | 💸예수금부족 | 최고신호 원익피앤이(217820) 3/3개 [하락-3.1% / MA골 / 호가2.5]
💰 예수금 4,154원 | KODEX200 RSI92/+0.2% 과열⚠️ | 매수기준 3개↑
📦 보유 GS(078930) 1주 +1.9%
📦 보유 원익피앤이(217820) 6주 -4.6% 🔴스탑로스임박

코드      종목명           가격    RSI     변화율    거래량     BB   호가비  B/S
────────────────────────────────────────────────────────────────────────
[2단계 분석 대상: 078930, 217820, 084850, 207940, 001510, 058470, 079550]
⛔ 아우토크립트(137040) 호가 없음 (거래정지 의심)
078930  GS        78,400   63.1    +1.9%    0.7x     중간  0.71  1/0
217820  원익피앤이      3,905   65.7    -3.1%    0.7x     중간  4.13  3/0
⛔ 금양(001570) 호가 없음 (거래정지 의심)

══════════════════════════════════════════════════
→ 전종목 HOLD
✅ Discord 전송 완료

[13:12] HOLD | KODEX RSI92/+0.2%⚠️ | 보유:GS(078930) +1.9% 원익피앤(217820) -4.6% | 💸예수금부족 | 최고신호 원익피앤이(217820) 3/3개 [하락-3.1% / MA골 / 호가4.1]
💰 예수금 4,154원 | KODEX200 RSI92/+0.4% 과열⚠️ | 매수기준 3개↑
📦 보유 GS(078930) 1주 +1.9%
📦 보유 원익피앤이(217820) 6주 -4.5% 🔴스탑로스임박

코드      종목명           가격    RSI     변화율    거래량     BB   호가비  B/S
────────────────────────────────────────────────────────────────────────
[2단계 분석 대상: 078930, 217820, 084850, 015760, 079550, 207940, 001510]
⛔ 아우토크립트(137040) 호가 없음 (거래정지 의심)
078930  GS        78,400   63.0    +1.8%    0.7x     중간  0.77  1/0
217820  원익피앤이      3,910   65.8    -3.0%    0.7x     중간  2.16  3/0
⛔ 금양(001570) 호가 없음 (거래정지 의심)

══════════════════════════════════════════════════
→ 전종목 HOLD
✅ Discord 전송 완료

[13:14] HOLD | KODEX RSI92/+0.4%⚠️ | 보유:GS(078930) +1.9% 원익피앤(217820) -4.5% | 💸예수금부족 | 최고신호 원익피앤이(217820) 3/3개 [하락-3.0% / MA골 / 호가2.2]
💰 예수금 4,154원 | KODEX200 RSI92/+0.2% 과열⚠️ | 매수기준 3개↑
📦 보유 GS(078930) 1주 +2.0%
📦 보유 원익피앤이(217820) 6주 -4.5% 🔴스탑로스임박

코드      종목명           가격    RSI     변화율    거래량     BB   호가비  B/S
────────────────────────────────────────────────────────────────────────
[2단계 분석 대상: 078930, 217820, 084850, 015760, 001510, 058470, 207940]
⛔ 아우토크립트(137040) 호가 없음 (거래정지 의심)
078930  GS        78,500   63.0    +1.8%    0.7x     중간  0.75  1/0
217820  원익피앤이      3,910   65.8    -3.0%    0.7x     중간  2.12  3/0
⛔ 금양(001570) 호가 없음 (거래정지 의심)

══════════════════════════════════════════════════
→ 전종목 HOLD
✅ Discord 전송 완료

[13:16] HOLD | KODEX RSI92/+0.2%⚠️ | 보유:GS(078930) +2.0% 원익피앤(217820) -4.5% | 💸예수금부족 | 최고신호 원익피앤이(217820) 3/3개 [하락-3.0% / MA골 / 호가2.1]
💰 예수금 4,154원 | KODEX200 RSI92/+0.3% 과열⚠️ | 매수기준 3개↑
📦 보유 GS(078930) 1주 +2.0%
📦 보유 원익피앤이(217820) 6주 -4.5% 🔴스탑로스임박

코드      종목명           가격    RSI     변화율    거래량     BB   호가비  B/S
────────────────────────────────────────────────────────────────────────
[2단계 분석 대상: 078930, 217820, 084850, 207940, 015760, 058470, 001510]
⛔ 아우토크립트(137040) 호가 없음 (거래정지 의심)
078930  GS        78,400   63.0    +1.8%    0.7x     중간  0.79  1/0
217820  원익피앤이      3,910   65.7    -3.1%    0.7x     중간  2.42  3/0
⛔ 금양(001570) 호가 없음 (거래정지 의심)

══════════════════════════════════════════════════
→ 전종목 HOLD
✅ Discord 전송 완료

[13:18] HOLD | KODEX RSI92/+0.3%⚠️ | 보유:GS(078930) +2.0% 원익피앤(217820) -4.5% | 💸예수금부족 | 최고신호 원익피앤이(217820) 3/3개 [하락-3.1% / MA골 / 호가2.4]
💰 예수금 4,154원 | KODEX200 RSI92/+0.3% 과열⚠️ | 매수기준 3개↑
📦 보유 GS(078930) 1주 +1.9%
📦 보유 원익피앤이(217820) 6주 -4.6% 🔴스탑로스임박

코드      종목명           가격    RSI     변화율    거래량     BB   호가비  B/S
────────────────────────────────────────────────────────────────────────
[2단계 분석 대상: 078930, 217820, 084850, 207940, 035720, 001510, 015760]
⛔ 아우토크립트(137040) 호가 없음 (거래정지 의심)
078930  GS        78,500   63.2    +1.9%    0.7x     중간  0.73  1/0
217820  원익피앤이      3,910   65.7    -3.1%    0.7x     중간  2.09  3/0
⛔ 금양(001570) 호가 없음 (거래정지 의심)

══════════════════════════════════════════════════
→ 전종목 HOLD
✅ Discord 전송 완료

[13:20] HOLD | KODEX RSI92/+0.3%⚠️ | 보유:GS(078930) +1.9% 원익피앤(217820) -4.6% | 💸예수금부족 | 최고신호 원익피앤이(217820) 3/3개 [하락-3.1% / MA골 / 호가2.1]
💰 예수금 4,154원 | KODEX200 RSI92/+0.5% 과열⚠️ | 매수기준 3개↑
📦 보유 GS(078930) 1주 +2.0%
📦 보유 원익피앤이(217820) 6주 -4.6% 🔴스탑로스임박

코드      종목명           가격    RSI     변화율    거래량     BB   호가비  B/S
────────────────────────────────────────────────────────────────────────
[2단계 분석 대상: 078930, 217820, 084850, 207940, 035720, 015760, 001510]
⛔ 아우토크립트(137040) 호가 없음 (거래정지 의심)
078930  GS        78,400   63.2    +1.9%    0.7x     중간  0.81  1/0
217820  원익피앤이      3,910   65.7    -3.1%    0.7x     중간  1.96  3/0
⛔ 금양(001570) 호가 없음 (거래정지 의심)

══════════════════════════════════════════════════
→ 전종목 HOLD
✅ Discord 전송 완료

[13:22] HOLD | KODEX RSI92/+0.5%⚠️ | 보유:GS(078930) +2.0% 원익피앤(217820) -4.6% | 💸예수금부족 | 최고신호 원익피앤이(217820) 3/3개 [하락-3.1% / MA골 / 호가2.0]
💰 예수금 4,154원 | KODEX200 RSI92/+0.5% 과열⚠️ | 매수기준 3개↑
📦 보유 GS(078930) 1주 +1.9%
📦 보유 원익피앤이(217820) 6주 -4.5% 🔴스탑로스임박

코드      종목명           가격    RSI     변화율    거래량     BB   호가비  B/S
────────────────────────────────────────────────────────────────────────
[2단계 분석 대상: 078930, 217820, 084850, 207940, 035720, 001510, 015760]
⛔ 아우토크립트(137040) 호가 없음 (거래정지 의심)
078930  GS        78,400   63.0    +1.8%    0.7x     중간  0.43  1/0
217820  원익피앤이      3,905   65.7    -3.1%    0.7x     중간  4.48  3/0
⛔ 금양(001570) 호가 없음 (거래정지 의심)

══════════════════════════════════════════════════
→ 전종목 HOLD
✅ Discord 전송 완료

[13:24] HOLD | KODEX RSI92/+0.5%⚠️ | 보유:GS(078930) +1.9% 원익피앤(217820) -4.5% | 💸예수금부족 | 최고신호 원익피앤이(217820) 3/3개 [하락-3.1% / MA골 / 호가4.5]
💰 예수금 4,154원 | KODEX200 RSI92/+0.6% 과열⚠️ | 매수기준 3개↑
📦 보유 GS(078930) 1주 +2.0%
📦 보유 원익피앤이(217820) 6주 -4.5% 🔴스탑로스임박

코드      종목명           가격    RSI     변화율    거래량     BB   호가비  B/S
────────────────────────────────────────────────────────────────────────
[2단계 분석 대상: 078930, 217820, 084850, 207940, 012450, 015760, 035720]
⛔ 아우토크립트(137040) 호가 없음 (거래정지 의심)
078930  GS        78,400   63.0    +1.8%    0.7x     중간  0.52  1/0
217820  원익피앤이      3,905   65.8    -3.0%    0.7x     중간  4.66  3/0
⛔ 금양(001570) 호가 없음 (거래정지 의심)

══════════════════════════════════════════════════
→ 전종목 HOLD
✅ Discord 전송 완료

[13:26] HOLD | KODEX RSI92/+0.6%⚠️ | 보유:GS(078930) +2.0% 원익피앤(217820) -4.5% | 💸예수금부족 | 최고신호 원익피앤이(217820) 3/3개 [하락-3.0% / MA골 / 호가4.7]
💰 예수금 4,154원 | KODEX200 RSI92/+0.6% 과열⚠️ | 매수기준 3개↑
📦 보유 GS(078930) 1주 +1.9%
📦 보유 원익피앤이(217820) 6주 -4.6% 🔴스탑로스임박

코드      종목명           가격    RSI     변화율    거래량     BB   호가비  B/S
────────────────────────────────────────────────────────────────────────
[2단계 분석 대상: 078930, 217820, 084850, 207940, 012450, 079550, 015760]
⛔ 아우토크립트(137040) 호가 없음 (거래정지 의심)
078930  GS        78,400   63.0    +1.8%    0.7x     중간  0.46  1/0
217820  원익피앤이      3,905   65.8    -3.0%    0.7x     중간  4.61  3/0
⛔ 금양(001570) 호가 없음 (거래정지 의심)

══════════════════════════════════════════════════
→ 전종목 HOLD
✅ Discord 전송 완료

[13:28] HOLD | KODEX RSI92/+0.6%⚠️ | 보유:GS(078930) +1.9% 원익피앤(217820) -4.6% | 💸예수금부족 | 최고신호 원익피앤이(217820) 3/3개 [하락-3.0% / MA골 / 호가4.6]
💰 예수금 4,154원 | KODEX200 RSI92/+0.6% 과열⚠️ | 매수기준 3개↑
📦 보유 GS(078930) 1주 +1.9%
📦 보유 원익피앤이(217820) 6주 -4.3% 🔴스탑로스임박

코드      종목명           가격    RSI     변화율    거래량     BB   호가비  B/S
────────────────────────────────────────────────────────────────────────
[2단계 분석 대상: 078930, 217820, 079550, 084850, 207940, 035720, 015760]
⛔ 아우토크립트(137040) 호가 없음 (거래정지 의심)
078930  GS        78,500   63.2    +1.9%    0.7x     중간  0.52  1/0
217820  원익피앤이      3,915   66.0    -2.9%    0.7x     중간  3.01  3/0
⛔ 금양(001570) 호가 없음 (거래정지 의심)

══════════════════════════════════════════════════
→ 전종목 HOLD
✅ Discord 전송 완료

[13:30] HOLD | KODEX RSI92/+0.6%⚠️ | 보유:GS(078930) +1.9% 원익피앤(217820) -4.3% | 💸예수금부족 | 최고신호 원익피앤이(217820) 3/3개 [하락-2.9% / MA골 / 호가3.0]
💰 예수금 4,154원 | KODEX200 RSI92/+0.7% 과열⚠️ | 매수기준 3개↑
📦 보유 GS(078930) 1주 +2.0%
📦 보유 원익피앤이(217820) 6주 -4.3% 🔴스탑로스임박

코드      종목명           가격    RSI     변화율    거래량     BB   호가비  B/S
────────────────────────────────────────────────────────────────────────
[2단계 분석 대상: 078930, 217820, 079550, 084850, 207940, 012450, 001510]
⛔ 아우토크립트(137040) 호가 없음 (거래정지 의심)
078930  GS        78,500   63.2    +1.9%    0.7x     중간  0.62  1/0
217820  원익피앤이      3,915   66.2    -2.7%    0.7x     중간  2.90  3/0
⛔ 금양(001570) 호가 없음 (거래정지 의심)

══════════════════════════════════════════════════
→ 전종목 HOLD
✅ Discord 전송 완료

[13:32] HOLD | KODEX RSI92/+0.7%⚠️ | 보유:GS(078930) +2.0% 원익피앤(217820) -4.3% | 💸예수금부족 | 최고신호 원익피앤이(217820) 3/3개 [하락-2.7% / MA골 / 호가2.9]
💰 예수금 4,154원 | KODEX200 RSI92/+0.5% 과열⚠️ | 매수기준 3개↑
📦 보유 GS(078930) 1주 +1.9%
📦 보유 원익피앤이(217820) 6주 -4.3% 🔴스탑로스임박

코드      종목명           가격    RSI     변화율    거래량     BB   호가비  B/S
────────────────────────────────────────────────────────────────────────
[2단계 분석 대상: 078930, 217820, 084850, 207940, 035720, 015760, 012450]
⛔ 아우토크립트(137040) 호가 없음 (거래정지 의심)
078930  GS        78,300   62.9    +1.7%    0.8x     중간  0.53  1/0
217820  원익피앤이      3,915   66.0    -2.9%    0.7x     중간  3.75  3/0
⛔ 금양(001570) 호가 없음 (거래정지 의심)

══════════════════════════════════════════════════
→ 전종목 HOLD
✅ Discord 전송 완료

[13:34] HOLD | KODEX RSI92/+0.5%⚠️ | 보유:GS(078930) +1.9% 원익피앤(217820) -4.3% | 💸예수금부족 | 최고신호 원익피앤이(217820) 3/3개 [하락-2.9% / MA골 / 호가3.8]
💰 예수금 4,154원 | KODEX200 RSI92/+0.3% 과열⚠️ | 매수기준 3개↑
📦 보유 GS(078930) 1주 +1.9%
📦 보유 원익피앤이(217820) 6주 -4.3% 🔴스탑로스임박

코드      종목명           가격    RSI     변화율    거래량     BB   호가비  B/S
────────────────────────────────────────────────────────────────────────
[2단계 분석 대상: 078930, 217820, 084850, 207940, 035720, 012450, 001510]
⛔ 아우토크립트(137040) 호가 없음 (거래정지 의심)
078930  GS        78,400   63.0    +1.8%    0.8x     중간  0.48  1/0
217820  원익피앤이      3,920   66.2    -2.7%    0.7x     중간  2.90  3/0
⛔ 금양(001570) 호가 없음 (거래정지 의심)

══════════════════════════════════════════════════
→ 전종목 HOLD
✅ Discord 전송 완료

[13:36] HOLD | KODEX RSI92/+0.3%⚠️ | 보유:GS(078930) +1.9% 원익피앤(217820) -4.3% | 💸예수금부족 | 최고신호 원익피앤이(217820) 3/3개 [하락-2.7% / MA골 / 호가2.9]
💰 예수금 4,154원 | KODEX200 RSI92/+0.3% 과열⚠️ | 매수기준 3개↑
📦 보유 GS(078930) 1주 +1.9%
📦 보유 원익피앤이(217820) 6주 -4.2% 🔴스탑로스임박

코드      종목명           가격    RSI     변화율    거래량     BB   호가비  B/S
────────────────────────────────────────────────────────────────────────
[2단계 분석 대상: 078930, 217820, 084850, 207940, 012450, 035720, 015760]
⛔ 아우토크립트(137040) 호가 없음 (거래정지 의심)
078930  GS        78,300   62.9    +1.7%    0.8x     중간  0.53  1/0
217820  원익피앤이      3,920   66.2    -2.7%    0.7x     중간  3.03  3/0
⛔ 금양(001570) 호가 없음 (거래정지 의심)

══════════════════════════════════════════════════
→ 전종목 HOLD
✅ Discord 전송 완료

[13:38] HOLD | KODEX RSI92/+0.3%⚠️ | 보유:GS(078930) +1.9% 원익피앤(217820) -4.2% | 💸예수금부족 | 최고신호 원익피앤이(217820) 3/3개 [하락-2.7% / MA골 / 호가3.0]
💰 예수금 4,153원 | KODEX200 RSI92/+0.4% 과열⚠️ | 매수기준 3개↑
📦 보유 GS(078930) 1주 +1.7%
📦 보유 원익피앤이(217820) 6주 -4.1% 🔴스탑로스임박

코드      종목명           가격    RSI     변화율    거래량     BB   호가비  B/S
────────────────────────────────────────────────────────────────────────
[2단계 분석 대상: 078930, 217820, 084850, 207940, 012450, 035720, 001510]
⛔ 아우토크립트(137040) 호가 없음 (거래정지 의심)
078930  GS        78,400   63.0    +1.8%    0.8x     중간  0.49  1/0
217820  원익피앤이      3,920   66.3    -2.6%    0.7x     중간  2.98  3/0
⛔ 금양(001570) 호가 없음 (거래정지 의심)

══════════════════════════════════════════════════
→ 전종목 HOLD
✅ Discord 전송 완료

[13:40] HOLD | KODEX RSI92/+0.4%⚠️ | 보유:GS(078930) +1.7% 원익피앤(217820) -4.1% | 💸예수금부족 | 최고신호 원익피앤이(217820) 3/3개 [하락-2.6% / MA골 / 호가3.0]
💰 예수금 4,153원 | KODEX200 RSI92/+0.5% 과열⚠️ | 매수기준 3개↑
📦 보유 GS(078930) 1주 +1.9%
📦 보유 원익피앤이(217820) 6주 -4.1% 🔴스탑로스임박

코드      종목명           가격    RSI     변화율    거래량     BB   호가비  B/S
────────────────────────────────────────────────────────────────────────
[2단계 분석 대상: 078930, 217820, 084850, 207940, 035720, 012450, 015760]
⛔ 아우토크립트(137040) 호가 없음 (거래정지 의심)
078930  GS        78,300   62.9    +1.7%    0.8x     중간  0.47  1/0
217820  원익피앤이      3,925   66.3    -2.6%    0.7x     중간  2.37  3/0
⛔ 금양(001570) 호가 없음 (거래정지 의심)

══════════════════════════════════════════════════
→ 전종목 HOLD
✅ Discord 전송 완료

[13:42] HOLD | KODEX RSI92/+0.5%⚠️ | 보유:GS(078930) +1.9% 원익피앤(217820) -4.1% | 💸예수금부족 | 최고신호 원익피앤이(217820) 3/3개 [하락-2.6% / MA골 / 호가2.4]
💰 예수금 4,153원 | KODEX200 RSI92/+0.6% 과열⚠️ | 매수기준 3개↑
📦 보유 GS(078930) 1주 +1.9%
📦 보유 원익피앤이(217820) 6주 -4.1% 🔴스탑로스임박

코드      종목명           가격    RSI     변화율    거래량     BB   호가비  B/S
────────────────────────────────────────────────────────────────────────
[2단계 분석 대상: 078930, 217820, 084850, 035720, 207940, 001510, 012450]
⛔ 아우토크립트(137040) 호가 없음 (거래정지 의심)
078930  GS        78,300   62.7    +1.6%    0.8x     중간  0.54  1/0
217820  원익피앤이      3,925   66.5    -2.5%    0.7x     중간  3.17  3/0
⛔ 금양(001570) 호가 없음 (거래정지 의심)

══════════════════════════════════════════════════
→ 전종목 HOLD
✅ Discord 전송 완료

[13:44] HOLD | KODEX RSI92/+0.6%⚠️ | 보유:GS(078930) +1.9% 원익피앤(217820) -4.1% | 💸예수금부족 | 최고신호 원익피앤이(217820) 3/3개 [하락-2.5% / MA골 / 호가3.2]
💰 예수금 4,153원 | KODEX200 RSI92/+0.6% 과열⚠️ | 매수기준 3개↑
📦 보유 GS(078930) 1주 +1.6%
📦 보유 원익피앤이(217820) 6주 -4.1% 🔴스탑로스임박

코드      종목명           가격    RSI     변화율    거래량     BB   호가비  B/S
────────────────────────────────────────────────────────────────────────
[2단계 분석 대상: 078930, 217820, 084850, 079550, 035720, 207940, 015760]
⛔ 아우토크립트(137040) 호가 없음 (거래정지 의심)
078930  GS        78,200   62.9    +1.7%    0.8x     중간  0.66  1/0
217820  원익피앤이      3,920   66.2    -2.7%    0.7x     중간  3.04  3/0
⛔ 금양(001570) 호가 없음 (거래정지 의심)

══════════════════════════════════════════════════
→ 전종목 HOLD
✅ Discord 전송 완료

[13:46] HOLD | KODEX RSI92/+0.6%⚠️ | 보유:GS(078930) +1.6% 원익피앤(217820) -4.1% | 💸예수금부족 | 최고신호 원익피앤이(217820) 3/3개 [하락-2.7% / MA골 / 호가3.0]
💰 예수금 4,153원 | KODEX200 RSI92/+0.7% 과열⚠️ | 매수기준 3개↑
📦 보유 GS(078930) 1주 +1.7%
📦 보유 원익피앤이(217820) 6주 -4.0% ⚠️주의

코드      종목명           가격    RSI     변화율    거래량     BB   호가비  B/S
────────────────────────────────────────────────────────────────────────
[2단계 분석 대상: 078930, 217820, 084850, 035720, 207940, 001510, 012450]
⛔ 아우토크립트(137040) 호가 없음 (거래정지 의심)
078930  GS        78,300   63.0    +1.8%    0.8x     중간  0.49  1/0
217820  원익피앤이      3,930   66.5    -2.5%    0.7x     중간  3.80  3/0
⛔ 금양(001570) 호가 없음 (거래정지 의심)

══════════════════════════════════════════════════
→ 전종목 HOLD
✅ Discord 전송 완료

[13:48] HOLD | KODEX RSI92/+0.7%⚠️ | 보유:GS(078930) +1.7% 원익피앤(217820) -4.0% | 💸예수금부족 | 최고신호 원익피앤이(217820) 3/3개 [하락-2.5% / MA골 / 호가3.8]
💰 예수금 4,153원 | KODEX200 RSI92/+0.6% 과열⚠️ | 매수기준 3개↑
📦 보유 GS(078930) 1주 +1.5%
📦 보유 원익피앤이(217820) 6주 -3.9% ⚠️주의

코드      종목명           가격    RSI     변화율    거래량     BB   호가비  B/S
────────────────────────────────────────────────────────────────────────
[2단계 분석 대상: 078930, 217820, 084850, 012450, 035720, 001510, 207940]
⛔ 아우토크립트(137040) 호가 없음 (거래정지 의심)
078930  GS        78,200   62.9    +1.7%    0.8x     중간  0.63  1/0
217820  원익피앤이      3,930   66.5    -2.5%    0.7x     중간  4.36  3/0
⛔ 금양(001570) 호가 없음 (거래정지 의심)

══════════════════════════════════════════════════
→ 전종목 HOLD
✅ Discord 전송 완료

[13:50] HOLD | KODEX RSI92/+0.6%⚠️ | 보유:GS(078930) +1.5% 원익피앤(217820) -3.9% | 💸예수금부족 | 최고신호 원익피앤이(217820) 3/3개 [하락-2.5% / MA골 / 호가4.4]
💰 예수금 4,153원 | KODEX200 RSI92/+0.6% 과열⚠️ | 매수기준 3개↑
📦 보유 GS(078930) 1주 +1.5%
📦 보유 원익피앤이(217820) 6주 -4.0% ⚠️주의

코드      종목명           가격    RSI     변화율    거래량     BB   호가비  B/S
────────────────────────────────────────────────────────────────────────
[2단계 분석 대상: 078930, 217820, 084850, 035720, 012450, 207940, 001510]
⛔ 아우토크립트(137040) 호가 없음 (거래정지 의심)
078930  GS        78,100   62.6    +1.4%    0.8x     중간  0.48  1/0
217820  원익피앤이      3,925   66.2    -2.7%    0.7x     중간  4.78  3/0
⛔ 금양(001570) 호가 없음 (거래정지 의심)

══════════════════════════════════════════════════
→ 전종목 HOLD
✅ Discord 전송 완료

[13:52] HOLD | KODEX RSI92/+0.6%⚠️ | 보유:GS(078930) +1.5% 원익피앤(217820) -4.0% | 💸예수금부족 | 최고신호 원익피앤이(217820) 3/3개 [하락-2.7% / MA골 / 호가4.8]
💰 예수금 4,154원 | KODEX200 RSI92/+0.5% 과열⚠️ | 매수기준 3개↑
📦 보유 GS(078930) 1주 +1.5%
📦 보유 원익피앤이(217820) 6주 -4.3% 🔴스탑로스임박

코드      종목명           가격    RSI     변화율    거래량     BB   호가비  B/S
────────────────────────────────────────────────────────────────────────
[2단계 분석 대상: 078930, 217820, 084850, 207940, 001510, 035720, 015760]
⛔ 아우토크립트(137040) 호가 없음 (거래정지 의심)
078930  GS        78,100   62.6    +1.4%    0.8x     중간  0.38  1/0
217820  원익피앤이      3,910   66.0    -2.9%    0.7x     중간  4.87  3/0
⛔ 금양(001570) 호가 없음 (거래정지 의심)

══════════════════════════════════════════════════
→ 전종목 HOLD
✅ Discord 전송 완료

[13:54] HOLD | KODEX RSI92/+0.5%⚠️ | 보유:GS(078930) +1.5% 원익피앤(217820) -4.3% | 💸예수금부족 | 최고신호 원익피앤이(217820) 3/3개 [하락-2.9% / MA골 / 호가4.9]
💰 예수금 4,154원 | KODEX200 RSI92/+0.6% 과열⚠️ | 매수기준 3개↑
📦 보유 GS(078930) 1주 +1.5%
📦 보유 원익피앤이(217820) 6주 -4.3% 🔴스탑로스임박

코드      종목명           가격    RSI     변화율    거래량     BB   호가비  B/S
────────────────────────────────────────────────────────────────────────
[2단계 분석 대상: 078930, 217820, 084850, 035720, 001510, 207940, 015760]
⛔ 아우토크립트(137040) 호가 없음 (거래정지 의심)
078930  GS        78,000   62.2    +1.2%    0.8x     중간  0.65  1/0
217820  원익피앤이      3,920   66.0    -2.9%    0.7x     중간  3.17  3/0
⛔ 금양(001570) 호가 없음 (거래정지 의심)

══════════════════════════════════════════════════
→ 전종목 HOLD
✅ Discord 전송 완료

[13:56] HOLD | KODEX RSI92/+0.6%⚠️ | 보유:GS(078930) +1.5% 원익피앤(217820) -4.3% | 💸예수금부족 | 최고신호 원익피앤이(217820) 3/3개 [하락-2.9% / MA골 / 호가3.2]
💰 예수금 4,154원 | KODEX200 RSI92/+0.6% 과열⚠️ | 매수기준 3개↑
📦 보유 GS(078930) 1주 +1.5%
📦 보유 원익피앤이(217820) 6주 -4.3% 🔴스탑로스임박

코드      종목명           가격    RSI     변화율    거래량     BB   호가비  B/S
────────────────────────────────────────────────────────────────────────
[2단계 분석 대상: 078930, 217820, 084850, 035720, 001510, 207940, 015760]
⛔ 아우토크립트(137040) 호가 없음 (거래정지 의심)
078930  GS        78,100   62.6    +1.4%    0.8x     중간  0.59  1/0
217820  원익피앤이      3,910   66.0    -2.9%    0.7x     중간  2.44  3/0
⛔ 금양(001570) 호가 없음 (거래정지 의심)

══════════════════════════════════════════════════
→ 전종목 HOLD
✅ Discord 전송 완료

[13:58] HOLD | KODEX RSI92/+0.6%⚠️ | 보유:GS(078930) +1.5% 원익피앤(217820) -4.3% | 💸예수금부족 | 최고신호 원익피앤이(217820) 3/3개 [하락-2.9% / MA골 / 호가2.4]
💰 예수금 4,154원 | KODEX200 RSI92/+0.6% 과열⚠️ | 매수기준 3개↑
📦 보유 GS(078930) 1주 +1.6%
📦 보유 원익피앤이(217820) 6주 -4.5% 🔴스탑로스임박

코드      종목명           가격    RSI     변화율    거래량     BB   호가비  B/S
────────────────────────────────────────────────────────────────────────
[2단계 분석 대상: 078930, 217820, 084850, 035720, 207940, 001510, 015760]
⛔ 아우토크립트(137040) 호가 없음 (거래정지 의심)
078930  GS        78,100   62.4    +1.3%    0.8x     중간  0.63  1/0
217820  원익피앤이      3,905   65.8    -3.0%    0.7x     중간  2.23  3/0
⛔ 금양(001570) 호가 없음 (거래정지 의심)

══════════════════════════════════════════════════
→ 전종목 HOLD
✅ Discord 전송 완료

[14:00] HOLD | KODEX RSI92/+0.6%⚠️ | 보유:GS(078930) +1.6% 원익피앤(217820) -4.5% | 💸예수금부족 | 최고신호 원익피앤이(217820) 3/3개 [하락-3.0% / MA골 / 호가2.2]
💰 예수금 4,154원 | KODEX200 RSI92/+0.8% 과열⚠️ | 매수기준 3개↑
📦 보유 GS(078930) 1주 +1.5%
📦 보유 원익피앤이(217820) 6주 -4.6% 🔴스탑로스임박

코드      종목명           가격    RSI     변화율    거래량     BB   호가비  B/S
────────────────────────────────────────────────────────────────────────
[2단계 분석 대상: 078930, 217820, 084850, 035720, 001510, 015760, 207940]
⛔ 아우토크립트(137040) 호가 없음 (거래정지 의심)
078930  GS        78,100   62.6    +1.4%    0.8x     중간  0.43  1/0
217820  원익피앤이      3,905   65.7    -3.1%    0.7x     중간  3.16  3/0
⛔ 금양(001570) 호가 없음 (거래정지 의심)

══════════════════════════════════════════════════
→ 전종목 HOLD
✅ Discord 전송 완료

[14:02] HOLD | KODEX RSI92/+0.8%⚠️ | 보유:GS(078930) +1.5% 원익피앤(217820) -4.6% | 💸예수금부족 | 최고신호 원익피앤이(217820) 3/3개 [하락-3.1% / MA골 / 호가3.2]
💰 예수금 4,154원 | KODEX200 RSI92/+1.1% 과열⚠️ | 매수기준 3개↑
📦 보유 GS(078930) 1주 +1.5%
📦 보유 원익피앤이(217820) 6주 -4.5% 🔴스탑로스임박

코드      종목명           가격    RSI     변화율    거래량     BB   호가비  B/S
────────────────────────────────────────────────────────────────────────
[2단계 분석 대상: 078930, 217820, 084850, 001510, 012450, 015760, 035720]
⛔ 아우토크립트(137040) 호가 없음 (거래정지 의심)
078930  GS        78,100   62.6    +1.4%    0.8x     중간  0.42  1/0
217820  원익피앤이      3,905   66.0    -2.9%    0.7x     중간  3.00  3/0
⛔ 금양(001570) 호가 없음 (거래정지 의심)

══════════════════════════════════════════════════
→ 전종목 HOLD
✅ Discord 전송 완료

[14:04] HOLD | KODEX RSI92/+1.1%⚠️ | 보유:GS(078930) +1.5% 원익피앤(217820) -4.5% | 💸예수금부족 | 최고신호 원익피앤이(217820) 3/3개 [하락-2.9% / MA골 / 호가3.0]
💰 예수금 4,156원 | KODEX200 RSI92/+0.9% 과열⚠️ | 매수기준 3개↑
📦 보유 GS(078930) 1주 +1.3%
📦 보유 원익피앤이(217820) 6주 -4.2% 🔴스탑로스임박

코드      종목명           가격    RSI     변화율    거래량     BB   호가비  B/S
────────────────────────────────────────────────────────────────────────
[2단계 분석 대상: 078930, 217820, 084850, 079550, 138040, 015760, 012450]
⛔ 아우토크립트(137040) 호가 없음 (거래정지 의심)
078930  GS        78,000   62.4    +1.3%    0.8x     중간  0.70  1/0
217820  원익피앤이      3,915   66.2    -2.7%    0.7x     중간  3.40  3/0
⛔ 금양(001570) 호가 없음 (거래정지 의심)

══════════════════════════════════════════════════
→ 전종목 HOLD
✅ Discord 전송 완료

[14:06] HOLD | KODEX RSI92/+0.9%⚠️ | 보유:GS(078930) +1.3% 원익피앤(217820) -4.2% | 💸예수금부족 | 최고신호 원익피앤이(217820) 3/3개 [하락-2.7% / MA골 / 호가3.4]
💰 예수금 4,156원 | KODEX200 RSI92/+1.0% 과열⚠️ | 매수기준 3개↑
📦 보유 GS(078930) 1주 +1.2%
📦 보유 원익피앤이(217820) 6주 -4.6% 🔴스탑로스임박

코드      종목명           가격    RSI     변화율    거래량     BB   호가비  B/S
────────────────────────────────────────────────────────────────────────
[2단계 분석 대상: 078930, 217820, 084850, 012450, 015760, 001510, 207940]
⛔ 아우토크립트(137040) 호가 없음 (거래정지 의심)
078930  GS        77,900   62.4    +1.3%    0.8x     중간  0.86  1/0
217820  원익피앤이      3,915   66.2    -2.7%    0.7x     중간  3.34  3/0
⛔ 금양(001570) 호가 없음 (거래정지 의심)

══════════════════════════════════════════════════
→ 전종목 HOLD
✅ Discord 전송 완료

[14:08] HOLD | KODEX RSI92/+1.0%⚠️ | 보유:GS(078930) +1.2% 원익피앤(217820) -4.6% | 💸예수금부족 | 최고신호 원익피앤이(217820) 3/3개 [하락-2.7% / MA골 / 호가3.3]
💰 예수금 4,156원 | KODEX200 RSI92/+1.1% 과열⚠️ | 매수기준 3개↑
📦 보유 GS(078930) 1주 +1.2%
📦 보유 원익피앤이(217820) 6주 -4.2% 🔴스탑로스임박

코드      종목명           가격    RSI     변화율    거래량     BB   호가비  B/S
────────────────────────────────────────────────────────────────────────
[2단계 분석 대상: 078930, 217820, 079550, 084850, 001510, 012450, 015760]
⛔ 아우토크립트(137040) 호가 없음 (거래정지 의심)
078930  GS        77,800   62.0    +1.0%    0.8x     중간  0.85  1/0
217820  원익피앤이      3,910   66.2    -2.7%    0.7x     중간  3.38  3/0
⛔ 금양(001570) 호가 없음 (거래정지 의심)

══════════════════════════════════════════════════
→ 전종목 HOLD
✅ Discord 전송 완료

[14:10] HOLD | KODEX RSI92/+1.1%⚠️ | 보유:GS(078930) +1.2% 원익피앤(217820) -4.2% | 💸예수금부족 | 최고신호 원익피앤이(217820) 3/3개 [하락-2.7% / MA골 / 호가3.4]
💰 예수금 4,156원 | KODEX200 RSI92/+1.2% 과열⚠️ | 매수기준 3개↑
📦 보유 GS(078930) 1주 +1.2%
📦 보유 원익피앤이(217820) 6주 -4.2% 🔴스탑로스임박

코드      종목명           가격    RSI     변화율    거래량     BB   호가비  B/S
────────────────────────────────────────────────────────────────────────
[2단계 분석 대상: 078930, 217820, 084850, 138040, 001510, 015760, 012450]
⛔ 아우토크립트(137040) 호가 없음 (거래정지 의심)
078930  GS        77,800   62.2    +1.2%    0.8x     중간  0.97  1/0
217820  원익피앤이      3,915   66.2    -2.7%    0.7x     중간  3.75  3/0
⛔ 금양(001570) 호가 없음 (거래정지 의심)

══════════════════════════════════════════════════
→ 전종목 HOLD
✅ Discord 전송 완료

[14:12] HOLD | KODEX RSI92/+1.2%⚠️ | 보유:GS(078930) +1.2% 원익피앤(217820) -4.2% | 💸예수금부족 | 최고신호 원익피앤이(217820) 3/3개 [하락-2.7% / MA골 / 호가3.8]
💰 예수금 4,156원 | KODEX200 RSI92/+1.4% 과열⚠️ | 매수기준 3개↑
📦 보유 GS(078930) 1주 +1.1%
📦 보유 원익피앤이(217820) 6주 -4.2% 🔴스탑로스임박

코드      종목명           가격    RSI     변화율    거래량     BB   호가비  B/S
────────────────────────────────────────────────────────────────────────
[2단계 분석 대상: 078930, 217820, 084850, 207940, 138040, 001510, 015760]
⛔ 아우토크립트(137040) 호가 없음 (거래정지 의심)
078930  GS        77,800   62.2    +1.2%    0.8x     중간  1.02  1/0
217820  원익피앤이      3,920   66.2    -2.7%    0.7x     중간  3.72  3/0
⛔ 금양(001570) 호가 없음 (거래정지 의심)

══════════════════════════════════════════════════
→ 전종목 HOLD
✅ Discord 전송 완료

[14:14] HOLD | KODEX RSI92/+1.4%⚠️ | 보유:GS(078930) +1.1% 원익피앤(217820) -4.2% | 💸예수금부족 | 최고신호 원익피앤이(217820) 3/3개 [하락-2.7% / MA골 / 호가3.7]
💰 예수금 4,156원 | KODEX200 RSI92/+1.6% 과열⚠️ | 매수기준 3개↑
📦 보유 GS(078930) 1주 +1.2%
📦 보유 원익피앤이(217820) 6주 -4.2% 🔴스탑로스임박

코드      종목명           가격    RSI     변화율    거래량     BB   호가비  B/S
────────────────────────────────────────────────────────────────────────
[2단계 분석 대상: 078930, 217820, 084850, 207940, 138040, 001510, 015760]
⛔ 아우토크립트(137040) 호가 없음 (거래정지 의심)
078930  GS        77,700   61.9    +0.9%    0.8x     중간  1.42  2/0
217820  원익피앤이      3,920   66.2    -2.7%    0.7x     중간  3.68  3/0
⛔ 금양(001570) 호가 없음 (거래정지 의심)

══════════════════════════════════════════════════
→ 전종목 HOLD
✅ Discord 전송 완료

[14:16] HOLD | KODEX RSI92/+1.6%⚠️ | 보유:GS(078930) +1.2% 원익피앤(217820) -4.2% | 💸예수금부족 | 최고신호 원익피앤이(217820) 3/3개 [하락-2.7% / MA골 / 호가3.7]
💰 예수금 4,156원 | KODEX200 RSI92/+1.6% 과열⚠️ | 매수기준 3개↑
📦 보유 GS(078930) 1주 +0.8%
📦 보유 원익피앤이(217820) 6주 -4.2% 🔴스탑로스임박

코드      종목명           가격    RSI     변화율    거래량     BB   호가비  B/S
────────────────────────────────────────────────────────────────────────
[2단계 분석 대상: 078930, 217820, 084850, 138040, 207940, 012330, 079550]
⛔ 아우토크립트(137040) 호가 없음 (거래정지 의심)
078930  GS        77,600   61.7    +0.8%    0.8x     중간  1.85  2/0
217820  원익피앤이      3,910   65.8    -3.0%    0.8x     중간  3.72  3/0
⛔ 금양(001570) 호가 없음 (거래정지 의심)

══════════════════════════════════════════════════
→ 전종목 HOLD
✅ Discord 전송 완료

[14:18] HOLD | KODEX RSI92/+1.6%⚠️ | 보유:GS(078930) +0.8% 원익피앤(217820) -4.2% | 💸예수금부족 | 최고신호 원익피앤이(217820) 3/3개 [하락-3.0% / MA골 / 호가3.7]
💰 예수금 4,156원 | KODEX200 RSI92/+1.5% 과열⚠️ | 매수기준 3개↑
📦 보유 GS(078930) 1주 +0.7%
📦 보유 원익피앤이(217820) 6주 -4.5% 🔴스탑로스임박

코드      종목명           가격    RSI     변화율    거래량     BB   호가비  B/S
────────────────────────────────────────────────────────────────────────
[2단계 분석 대상: 078930, 217820, 084850, 079550, 012330, 207940, 058470]
⛔ 아우토크립트(137040) 호가 없음 (거래정지 의심)
078930  GS        77,900   62.6    +1.4%    0.8x     중간  1.70  2/0
217820  원익피앤이      3,910   65.8    -3.0%    0.8x     중간  2.68  3/0
⛔ 금양(001570) 호가 없음 (거래정지 의심)

══════════════════════════════════════════════════
→ 전종목 HOLD
✅ Discord 전송 완료

[14:20] HOLD | KODEX RSI92/+1.5%⚠️ | 보유:GS(078930) +0.7% 원익피앤(217820) -4.5% | 💸예수금부족 | 최고신호 원익피앤이(217820) 3/3개 [하락-3.0% / MA골 / 호가2.7]
💰 예수금 4,154원 | KODEX200 RSI92/+1.4% 과열⚠️ | 매수기준 3개↑
📦 보유 GS(078930) 1주 +1.5%
📦 보유 원익피앤이(217820) 6주 -4.5% 🔴스탑로스임박

코드      종목명           가격    RSI     변화율    거래량     BB   호가비  B/S
────────────────────────────────────────────────────────────────────────
[2단계 분석 대상: 078930, 217820, 084850, 012330, 001510, 207940, 015760]
⛔ 아우토크립트(137040) 호가 없음 (거래정지 의심)
078930  GS        78,100   62.6    +1.4%    0.8x     중간  0.72  1/0
217820  원익피앤이      3,905   65.7    -3.1%    0.8x     중간  2.48  3/0
⛔ 금양(001570) 호가 없음 (거래정지 의심)

══════════════════════════════════════════════════
→ 전종목 HOLD
✅ Discord 전송 완료

[14:22] HOLD | KODEX RSI92/+1.4%⚠️ | 보유:GS(078930) +1.5% 원익피앤(217820) -4.5% | 💸예수금부족 | 최고신호 원익피앤이(217820) 3/3개 [하락-3.1% / MA골 / 호가2.5]
💰 예수금 4,154원 | KODEX200 RSI92/+1.5% 과열⚠️ | 매수기준 3개↑
📦 보유 GS(078930) 1주 +1.5%
📦 보유 원익피앤이(217820) 6주 -4.7% 🔴스탑로스임박

코드      종목명           가격    RSI     변화율    거래량     BB   호가비  B/S
────────────────────────────────────────────────────────────────────────
[2단계 분석 대상: 078930, 217820, 084850, 015760, 079550, 012330, 058470]
⛔ 아우토크립트(137040) 호가 없음 (거래정지 의심)
078930  GS        78,400   63.2    +1.9%    0.8x     중간  0.48  1/0
217820  원익피앤이      3,905   65.8    -3.0%    0.8x     중간  4.63  3/0
⛔ 금양(001570) 호가 없음 (거래정지 의심)

══════════════════════════════════════════════════
→ 전종목 HOLD
✅ Discord 전송 완료

[14:24] HOLD | KODEX RSI92/+1.5%⚠️ | 보유:GS(078930) +1.5% 원익피앤(217820) -4.7% | 💸예수금부족 | 최고신호 원익피앤이(217820) 3/3개 [하락-3.0% / MA골 / 호가4.6]
💰 예수금 4,154원 | KODEX200 RSI92/+1.6% 과열⚠️ | 매수기준 3개↑
📦 보유 GS(078930) 1주 +1.6%
📦 보유 원익피앤이(217820) 6주 -4.5% 🔴스탑로스임박

코드      종목명           가격    RSI     변화율    거래량     BB   호가비  B/S
────────────────────────────────────────────────────────────────────────
[2단계 분석 대상: 078930, 217820, 079550, 084850, 012330, 058470, 001510]
⛔ 아우토크립트(137040) 호가 없음 (거래정지 의심)
078930  GS        78,000   62.4    +1.3%    0.8x     중간  0.59  1/0
217820  원익피앤이      3,910   65.8    -3.0%    0.8x     중간  4.43  3/0
⛔ 금양(001570) 호가 없음 (거래정지 의심)

══════════════════════════════════════════════════
→ 전종목 HOLD
✅ Discord 전송 완료

[14:26] HOLD | KODEX RSI92/+1.6%⚠️ | 보유:GS(078930) +1.6% 원익피앤(217820) -4.5% | 💸예수금부족 | 최고신호 원익피앤이(217820) 3/3개 [하락-3.0% / MA골 / 호가4.4]
💰 예수금 4,154원 | KODEX200 RSI92/+1.6% 과열⚠️ | 매수기준 3개↑
📦 보유 GS(078930) 1주 +1.6%
📦 보유 원익피앤이(217820) 6주 -4.5% 🔴스탑로스임박

코드      종목명           가격    RSI     변화율    거래량     BB   호가비  B/S
────────────────────────────────────────────────────────────────────────
[2단계 분석 대상: 078930, 217820, 084850, 079550, 012330, 058470, 001510]
⛔ 아우토크립트(137040) 호가 없음 (거래정지 의심)
078930  GS        78,200   62.7    +1.6%    0.8x     중간  0.32  1/0
217820  원익피앤이      3,910   65.7    -3.1%    0.8x     중간  4.91  3/0
⛔ 금양(001570) 호가 없음 (거래정지 의심)

══════════════════════════════════════════════════
→ 전종목 HOLD
✅ Discord 전송 완료

[14:28] HOLD | KODEX RSI92/+1.6%⚠️ | 보유:GS(078930) +1.6% 원익피앤(217820) -4.5% | 💸예수금부족 | 최고신호 원익피앤이(217820) 3/3개 [하락-3.1% / MA골 / 호가4.9]
💰 예수금 4,153원 | KODEX200 RSI92/+1.7% 과열⚠️ | 매수기준 3개↑
📦 보유 GS(078930) 1주 +1.6%
📦 보유 원익피앤이(217820) 6주 -4.1% 🔴스탑로스임박

코드      종목명           가격    RSI     변화율    거래량     BB   호가비  B/S
────────────────────────────────────────────────────────────────────────
[2단계 분석 대상: 078930, 217820, 079550, 012330, 084850, 058470, 001510]
⛔ 아우토크립트(137040) 호가 없음 (거래정지 의심)
078930  GS        78,200   62.9    +1.7%    0.8x     중간  0.34  1/0
217820  원익피앤이      3,920   66.3    -2.6%    0.8x     중간  3.70  3/0
⛔ 금양(001570) 호가 없음 (거래정지 의심)

══════════════════════════════════════════════════
→ 전종목 HOLD
✅ Discord 전송 완료

[14:30] HOLD | KODEX RSI92/+1.7%⚠️ | 보유:GS(078930) +1.6% 원익피앤(217820) -4.1% | 💸예수금부족 | 최고신호 원익피앤이(217820) 3/3개 [하락-2.6% / MA골 / 호가3.7]
💰 예수금 4,153원 | KODEX200 RSI92/+2.0% 과열⚠️ | 매수기준 3개↑
📦 보유 GS(078930) 1주 +1.7%
📦 보유 원익피앤이(217820) 6주 -4.1% 🔴스탑로스임박

코드      종목명           가격    RSI     변화율    거래량     BB   호가비  B/S
────────────────────────────────────────────────────────────────────────
[2단계 분석 대상: 078930, 217820, 138040, 012330, 084850, 058470, 001510]
⛔ 아우토크립트(137040) 호가 없음 (거래정지 의심)
078930  GS        77,900   62.2    +1.2%    0.8x     중간  0.47  1/0
217820  원익피앤이      3,925   66.3    -2.6%    0.8x     중간  3.27  3/0
⛔ 금양(001570) 호가 없음 (거래정지 의심)

══════════════════════════════════════════════════
→ 전종목 HOLD
✅ Discord 전송 완료

[14:32] HOLD | KODEX RSI92/+2.0%⚠️ | 보유:GS(078930) +1.7% 원익피앤(217820) -4.1% | 💸예수금부족 | 최고신호 원익피앤이(217820) 3/3개 [하락-2.6% / MA골 / 호가3.3]
💰 예수금 4,155원 | KODEX200 RSI92/+2.0% 과열⚠️ | 매수기준 3개↑
📦 보유 GS(078930) 1주 +1.3%
📦 보유 원익피앤이(217820) 6주 -4.0% ⚠️주의

코드      종목명           가격    RSI     변화율    거래량     BB   호가비  B/S
────────────────────────────────────────────────────────────────────────
[2단계 분석 대상: 078930, 217820, 084850, 058470, 012330, 138040, 001510]
⛔ 아우토크립트(137040) 호가 없음 (거래정지 의심)
078930  GS        78,100   62.6    +1.4%    0.8x     중간  0.46  1/0
217820  원익피앤이      3,925   66.3    -2.6%    0.8x     중간  3.76  3/0
⛔ 금양(001570) 호가 없음 (거래정지 의심)

══════════════════════════════════════════════════
→ 전종목 HOLD
✅ Discord 전송 완료

[14:34] HOLD | KODEX RSI92/+2.0%⚠️ | 보유:GS(078930) +1.3% 원익피앤(217820) -4.0% | 💸예수금부족 | 최고신호 원익피앤이(217820) 3/3개 [하락-2.6% / MA골 / 호가3.8]
💰 예수금 4,153원 | KODEX200 RSI92/+2.1% 과열⚠️ | 매수기준 3개↑
📦 보유 GS(078930) 1주 +1.6%
📦 보유 원익피앤이(217820) 6주 -4.1% 🔴스탑로스임박

코드      종목명           가격    RSI     변화율    거래량     BB   호가비  B/S
────────────────────────────────────────────────────────────────────────
[2단계 분석 대상: 078930, 217820, 084850, 012330, 138040, 058470, 015760]
⛔ 아우토크립트(137040) 호가 없음 (거래정지 의심)
078930  GS        78,000   62.4    +1.3%    0.8x     중간  0.52  1/0
217820  원익피앤이      3,920   66.2    -2.7%    0.8x     중간  3.59  3/0
⛔ 금양(001570) 호가 없음 (거래정지 의심)

══════════════════════════════════════════════════
→ 전종목 HOLD
✅ Discord 전송 완료

[14:36] HOLD | KODEX RSI92/+2.1%⚠️ | 보유:GS(078930) +1.6% 원익피앤(217820) -4.1% | 💸예수금부족 | 최고신호 원익피앤이(217820) 3/3개 [하락-2.7% / MA골 / 호가3.6]
💰 예수금 4,155원 | KODEX200 RSI92/+1.9% 과열⚠️ | 매수기준 3개↑
📦 보유 GS(078930) 1주 +1.3%
📦 보유 원익피앤이(217820) 6주 -4.1% 🔴스탑로스임박

코드      종목명           가격    RSI     변화율    거래량     BB   호가비  B/S
────────────────────────────────────────────────────────────────────────
[2단계 분석 대상: 078930, 217820, 012330, 035720, 084850, 058470, 015760]
⛔ 아우토크립트(137040) 호가 없음 (거래정지 의심)
078930  GS        78,100   62.6    +1.4%    0.8x     중간  0.41  1/0
217820  원익피앤이      3,920   66.3    -2.6%    0.8x     중간  3.63  3/0
⛔ 금양(001570) 호가 없음 (거래정지 의심)

══════════════════════════════════════════════════
→ 전종목 HOLD
✅ Discord 전송 완료

[14:38] HOLD | KODEX RSI92/+1.9%⚠️ | 보유:GS(078930) +1.3% 원익피앤(217820) -4.1% | 💸예수금부족 | 최고신호 원익피앤이(217820) 3/3개 [하락-2.6% / MA골 / 호가3.6]
💰 예수금 4,155원 | KODEX200 RSI92/+2.0% 과열⚠️ | 매수기준 3개↑
📦 보유 GS(078930) 1주 +1.1%
📦 보유 원익피앤이(217820) 6주 -4.1% 🔴스탑로스임박

코드      종목명           가격    RSI     변화율    거래량     BB   호가비  B/S
────────────────────────────────────────────────────────────────────────
[2단계 분석 대상: 078930, 217820, 084850, 035720, 015760, 058470, 138040]
⛔ 아우토크립트(137040) 호가 없음 (거래정지 의심)
078930  GS        77,800   62.0    +1.0%    0.8x     중간  0.35  1/0
217820  원익피앤이      3,920   66.3    -2.6%    0.8x     중간  3.67  3/0
⛔ 금양(001570) 호가 없음 (거래정지 의심)

══════════════════════════════════════════════════
→ 전종목 HOLD
✅ Discord 전송 완료

[14:40] HOLD | KODEX RSI92/+2.0%⚠️ | 보유:GS(078930) +1.1% 원익피앤(217820) -4.1% | 💸예수금부족 | 최고신호 원익피앤이(217820) 3/3개 [하락-2.6% / MA골 / 호가3.7]
💰 예수금 4,155원 | KODEX200 RSI92/+2.2% 과열⚠️ | 매수기준 3개↑
📦 보유 GS(078930) 1주 +1.2%
📦 보유 원익피앤이(217820) 6주 -4.1% 🔴스탑로스임박

코드      종목명           가격    RSI     변화율    거래량     BB   호가비  B/S
────────────────────────────────────────────────────────────────────────
[2단계 분석 대상: 078930, 217820, 015760, 084850, 138040, 035720, 012450]
⛔ 아우토크립트(137040) 호가 없음 (거래정지 의심)
078930  GS        77,800   62.0    +1.0%    0.9x     중간  0.41  1/0
217820  원익피앤이      3,915   66.0    -2.9%    0.8x     중간  3.43  3/0
⛔ 금양(001570) 호가 없음 (거래정지 의심)

══════════════════════════════════════════════════
→ 전종목 HOLD
✅ Discord 전송 완료

[14:42] HOLD | KODEX RSI92/+2.2%⚠️ | 보유:GS(078930) +1.2% 원익피앤(217820) -4.1% | 💸예수금부족 | 최고신호 원익피앤이(217820) 3/3개 [하락-2.9% / MA골 / 호가3.4]
💰 예수금 4,156원 | KODEX200 RSI92/+2.3% 과열⚠️ | 매수기준 3개↑
📦 보유 GS(078930) 1주 +1.2%
📦 보유 원익피앤이(217820) 6주 -4.3% 🔴스탑로스임박

코드      종목명           가격    RSI     변화율    거래량     BB   호가비  B/S
────────────────────────────────────────────────────────────────────────
[2단계 분석 대상: 078930, 217820, 015760, 084850, 001510, 138040, 079550]
⛔ 아우토크립트(137040) 호가 없음 (거래정지 의심)
078930  GS        78,000   62.2    +1.2%    0.9x     중간  0.31  1/0
217820  원익피앤이      3,915   66.2    -2.7%    0.8x     중간  4.14  3/0
⛔ 금양(001570) 호가 없음 (거래정지 의심)

══════════════════════════════════════════════════
→ 전종목 HOLD
✅ Discord 전송 완료

[14:44] HOLD | KODEX RSI92/+2.3%⚠️ | 보유:GS(078930) +1.2% 원익피앤(217820) -4.3% | 💸예수금부족 | 최고신호 원익피앤이(217820) 3/3개 [하락-2.7% / MA골 / 호가4.1]
💰 예수금 4,154원 | KODEX200 RSI92/+2.3% 과열⚠️ | 매수기준 3개↑
📦 보유 GS(078930) 1주 +1.9%
📦 보유 원익피앤이(217820) 6주 -4.3% 🔴스탑로스임박

코드      종목명           가격    RSI     변화율    거래량     BB   호가비  B/S
────────────────────────────────────────────────────────────────────────
[2단계 분석 대상: 078930, 217820, 084850, 035720, 015760, 001510, 138040]
⛔ 아우토크립트(137040) 호가 없음 (거래정지 의심)
078930  GS        78,100   62.7    +1.6%    0.9x     중간  1.27  2/0
217820  원익피앤이      3,915   66.0    -2.9%    0.8x     중간  2.69  3/0
⛔ 금양(001570) 호가 없음 (거래정지 의심)

══════════════════════════════════════════════════
→ 전종목 HOLD
✅ Discord 전송 완료

[14:46] HOLD | KODEX RSI92/+2.3%⚠️ | 보유:GS(078930) +1.9% 원익피앤(217820) -4.3% | 💸예수금부족 | 최고신호 원익피앤이(217820) 3/3개 [하락-2.9% / MA골 / 호가2.7]
💰 예수금 4,154원 | KODEX200 RSI92/+2.4% 과열⚠️ | 매수기준 3개↑
📦 보유 GS(078930) 1주 +1.5%
📦 보유 원익피앤이(217820) 6주 -4.5% 🔴스탑로스임박

코드      종목명           가격    RSI     변화율    거래량     BB   호가비  B/S
────────────────────────────────────────────────────────────────────────
[2단계 분석 대상: 078930, 217820, 138040, 084850, 015760, 259960, 079550]
⛔ 아우토크립트(137040) 호가 없음 (거래정지 의심)
078930  GS        78,200   62.7    +1.6%    0.9x     중간  1.23  2/0
217820  원익피앤이      3,910   66.0    -2.9%    0.8x     중간  2.59  3/0
⛔ 금양(001570) 호가 없음 (거래정지 의심)

══════════════════════════════════════════════════
→ 전종목 HOLD
✅ Discord 전송 완료

[14:48] HOLD | KODEX RSI92/+2.4%⚠️ | 보유:GS(078930) +1.5% 원익피앤(217820) -4.5% | 💸예수금부족 | 최고신호 원익피앤이(217820) 3/3개 [하락-2.9% / MA골 / 호가2.6]
💰 예수금 4,154원 | KODEX200 RSI92/+2.4% 과열⚠️ | 매수기준 3개↑
📦 보유 GS(078930) 1주 +1.6%
📦 보유 원익피앤이(217820) 6주 -4.6% 🔴스탑로스임박

코드      종목명           가격    RSI     변화율    거래량     BB   호가비  B/S
────────────────────────────────────────────────────────────────────────
[2단계 분석 대상: 078930, 217820, 207940, 084850, 138040, 015760, 259960]
⛔ 아우토크립트(137040) 호가 없음 (거래정지 의심)
078930  GS        78,200   62.7    +1.6%    0.9x     중간  1.07  1/0
217820  원익피앤이      3,890   65.4    -3.4%    0.8x     중간  1.61  3/0
⛔ 금양(001570) 호가 없음 (거래정지 의심)

══════════════════════════════════════════════════
→ 전종목 HOLD
✅ Discord 전송 완료

[14:50] HOLD | KODEX RSI92/+2.4%⚠️ | 보유:GS(078930) +1.6% 원익피앤(217820) -4.6% | 💸예수금부족 | 최고신호 원익피앤이(217820) 3/3개 [하락-3.4% / MA골 / 호가1.6]
💰 예수금 4,154원 | KODEX200 RSI92/+2.3% 과열⚠️ | 매수기준 3개↑
📦 보유 GS(078930) 1주 +1.6%
📦 보유 원익피앤이(217820) 6주 -4.8% 🔴스탑로스임박

코드      종목명           가격    RSI     변화율    거래량     BB   호가비  B/S
────────────────────────────────────────────────────────────────────────
[2단계 분석 대상: 078930, 217820, 207940, 084850, 138040, 015760, 058470]
⛔ 아우토크립트(137040) 호가 없음 (거래정지 의심)
078930  GS        78,200   62.9    +1.7%    0.9x     중간  1.11  1/0
217820  원익피앤이      3,890   65.4    -3.4%    0.8x     중간  2.22  3/0
⛔ 금양(001570) 호가 없음 (거래정지 의심)

══════════════════════════════════════════════════
→ 전종목 HOLD
✅ Discord 전송 완료

[14:52] HOLD | KODEX RSI92/+2.3%⚠️ | 보유:GS(078930) +1.6% 원익피앤(217820) -4.8% | 💸예수금부족 | 최고신호 원익피앤이(217820) 3/3개 [하락-3.4% / MA골 / 호가2.2]
💰 예수금 4,154원 | KODEX200 RSI92/+2.3% 과열⚠️ | 매수기준 3개↑
📦 보유 GS(078930) 1주 +1.6%
📦 보유 원익피앤이(217820) 6주 -4.8% 🔴스탑로스임박

코드      종목명           가격    RSI     변화율    거래량     BB   호가비  B/S
────────────────────────────────────────────────────────────────────────
[2단계 분석 대상: 078930, 217820, 207940, 084850, 138040, 015760, 001510]
⛔ 아우토크립트(137040) 호가 없음 (거래정지 의심)
078930  GS        78,200   62.7    +1.6%    0.9x     중간  0.45  1/0
217820  원익피앤이      3,890   65.2    -3.5%    0.8x     중간  2.12  3/0
⛔ 금양(001570) 호가 없음 (거래정지 의심)

══════════════════════════════════════════════════
→ 전종목 HOLD
✅ Discord 전송 완료

[14:54] HOLD | KODEX RSI92/+2.3%⚠️ | 보유:GS(078930) +1.6% 원익피앤(217820) -4.8% | 💸예수금부족 | 최고신호 원익피앤이(217820) 3/3개 [하락-3.5% / MA골 / 호가2.1]
💰 예수금 4,154원 | KODEX200 RSI92/+2.2% 과열⚠️ | 매수기준 3개↑
📦 보유 GS(078930) 1주 +1.6%
📦 보유 원익피앤이(217820) 6주 -5.0% 🔴스탑로스임박

코드      종목명           가격    RSI     변화율    거래량     BB   호가비  B/S
────────────────────────────────────────────────────────────────────────
[2단계 분석 대상: 078930, 217820, 207940, 084850, 138040, 015760, 001510]
⛔ 아우토크립트(137040) 호가 없음 (거래정지 의심)
078930  GS        78,300   63.0    +1.8%    0.9x     중간  0.39  1/0
217820  원익피앤이      3,890   65.2    -3.5%    0.8x     중간  1.96  3/0
⛔ 금양(001570) 호가 없음 (거래정지 의심)

══════════════════════════════════════════════════
→ 전종목 HOLD
✅ Discord 전송 완료

[14:56] HOLD | KODEX RSI92/+2.2%⚠️ | 보유:GS(078930) +1.6% 원익피앤(217820) -5.0% | 💸예수금부족 | 최고신호 원익피앤이(217820) 3/3개 [하락-3.5% / MA골 / 호가2.0]
💰 예수금 4,154원 | KODEX200 RSI92/+2.1% 과열⚠️ | 매수기준 3개↑
📦 보유 GS(078930) 1주 +1.6%
📦 보유 원익피앤이(217820) 6주 -5.1% 🔴스탑로스임박

코드      종목명           가격    RSI     변화율    거래량     BB   호가비  B/S
────────────────────────────────────────────────────────────────────────
[2단계 분석 대상: 078930, 217820, 084850, 207940, 015760, 138040, 001510]
⛔ 아우토크립트(137040) 호가 없음 (거래정지 의심)
078930  GS        78,200   62.7    +1.6%    0.9x     중간  0.43  1/0
217820  원익피앤이      3,885   65.3    -3.4%    0.8x     중간  2.27  3/0
⛔ 금양(001570) 호가 없음 (거래정지 의심)

══════════════════════════════════════════════════
→ 전종목 HOLD
✅ Discord 전송 완료

[14:58] HOLD | KODEX RSI92/+2.1%⚠️ | 보유:GS(078930) +1.6% 원익피앤(217820) -5.1% | 💸예수금부족 | 최고신호 원익피앤이(217820) 3/3개 [하락-3.4% / MA골 / 호가2.3]
💰 예수금 4,154원 | KODEX200 RSI92/+2.1% 과열⚠️ | 매수기준 3개↑
📦 보유 GS(078930) 1주 +1.7%
📦 보유 원익피앤이(217820) 6주 -5.0% 🔴스탑로스임박

코드      종목명           가격    RSI     변화율    거래량     BB   호가비  B/S
────────────────────────────────────────────────────────────────────────
[2단계 분석 대상: 078930, 217820, 012450, 084850, 138040, 001510, 015760]
⛔ 아우토크립트(137040) 호가 없음 (거래정지 의심)
078930  GS        78,300   62.9    +1.7%    0.9x     중간  0.39  1/0
217820  원익피앤이      3,890   65.2    -3.5%    0.8x     중간  2.24  3/0
⛔ 금양(001570) 호가 없음 (거래정지 의심)

══════════════════════════════════════════════════
→ 전종목 HOLD
✅ Discord 전송 완료

[15:00] HOLD | KODEX RSI92/+2.1%⚠️ | 보유:GS(078930) +1.7% 원익피앤(217820) -5.0% | 💸예수금부족 | 최고신호 원익피앤이(217820) 3/3개 [하락-3.5% / MA골 / 호가2.2]
💰 예수금 4,154원 | KODEX200 RSI92/+2.2% 과열⚠️ | 매수기준 3개↑
📦 보유 GS(078930) 1주 +1.7%
📦 보유 원익피앤이(217820) 6주 -4.8% 🔴스탑로스임박

코드      종목명           가격    RSI     변화율    거래량     BB   호가비  B/S
────────────────────────────────────────────────────────────────────────
[2단계 분석 대상: 078930, 217820, 138040, 084850, 012450, 015760, 001510]
⛔ 아우토크립트(137040) 호가 없음 (거래정지 의심)
078930  GS        78,300   63.0    +1.8%    0.9x     중간  0.45  1/0
217820  원익피앤이      3,890   65.2    -3.5%    0.8x     중간  2.67  3/0
⛔ 금양(001570) 호가 없음 (거래정지 의심)

══════════════════════════════════════════════════
→ 전종목 HOLD
✅ Discord 전송 완료

[15:02] HOLD | KODEX RSI92/+2.2%⚠️ | 보유:GS(078930) +1.7% 원익피앤(217820) -4.8% | 💸예수금부족 | 최고신호 원익피앤이(217820) 3/3개 [하락-3.5% / MA골 / 호가2.7]
💰 예수금 4,154원 | KODEX200 RSI92/+2.0% 과열⚠️ | 매수기준 3개↑
📦 보유 GS(078930) 1주 +2.0%
📦 보유 원익피앤이(217820) 6주 -4.8% 🔴스탑로스임박

코드      종목명           가격    RSI     변화율    거래량     BB   호가비  B/S
────────────────────────────────────────────────────────────────────────
[2단계 분석 대상: 078930, 217820, 138040, 084850, 012450, 015760, 079550]
⛔ 아우토크립트(137040) 호가 없음 (거래정지 의심)
078930  GS        78,400   63.0    +1.8%    0.9x     중간  0.54  1/0
217820  원익피앤이      3,890   65.2    -3.5%    0.8x     중간  2.19  3/0
⛔ 금양(001570) 호가 없음 (거래정지 의심)

══════════════════════════════════════════════════
→ 전종목 HOLD
✅ Discord 전송 완료

[15:04] HOLD | KODEX RSI92/+2.0%⚠️ | 보유:GS(078930) +2.0% 원익피앤(217820) -4.8% | 💸예수금부족 | 최고신호 원익피앤이(217820) 3/3개 [하락-3.5% / MA골 / 호가2.2]
💰 예수금 4,154원 | KODEX200 RSI92/+2.0% 과열⚠️ | 매수기준 3개↑
📦 보유 GS(078930) 1주 +1.7%
📦 보유 원익피앤이(217820) 6주 -4.8% 🔴스탑로스임박

코드      종목명           가격    RSI     변화율    거래량     BB   호가비  B/S
────────────────────────────────────────────────────────────────────────
[2단계 분석 대상: 078930, 217820, 138040, 035720, 015760, 079550, 001510]
⛔ 아우토크립트(137040) 호가 없음 (거래정지 의심)
078930  GS        78,300   62.9    +1.7%    0.9x     중간  0.47  1/0
217820  원익피앤이      3,890   65.2    -3.5%    0.8x     중간  2.23  3/0
⛔ 금양(001570) 호가 없음 (거래정지 의심)

══════════════════════════════════════════════════
→ 전종목 HOLD
✅ Discord 전송 완료

[15:06] HOLD | KODEX RSI92/+2.0%⚠️ | 보유:GS(078930) +1.7% 원익피앤(217820) -4.8% | 💸예수금부족 | 최고신호 원익피앤이(217820) 3/3개 [하락-3.5% / MA골 / 호가2.2]
💰 예수금 4,154원 | KODEX200 RSI92/+1.8% 과열⚠️ | 매수기준 3개↑
📦 보유 GS(078930) 1주 +1.9%
📦 보유 원익피앤이(217820) 6주 -5.0% 🔴스탑로스임박

코드      종목명           가격    RSI     변화율    거래량     BB   호가비  B/S
────────────────────────────────────────────────────────────────────────
[2단계 분석 대상: 078930, 217820, 015760, 138040, 012330, 001510, 035720]
⛔ 아우토크립트(137040) 호가 없음 (거래정지 의심)
078930  GS        78,500   63.2    +1.9%    0.9x     중간  0.60  1/0
217820  원익피앤이      3,890   65.4    -3.4%    0.8x     중간  2.45  3/0
⛔ 금양(001570) 호가 없음 (거래정지 의심)

══════════════════════════════════════════════════
→ 전종목 HOLD
✅ Discord 전송 완료

[15:08] HOLD | KODEX RSI92/+1.8%⚠️ | 보유:GS(078930) +1.9% 원익피앤(217820) -5.0% | 💸예수금부족 | 최고신호 원익피앤이(217820) 3/3개 [하락-3.4% / MA골 / 호가2.5]
💰 예수금 4,154원 | KODEX200 RSI92/+1.7% 과열⚠️ | 매수기준 3개↑
📦 보유 GS(078930) 1주 +1.9%
📦 보유 원익피앤이(217820) 6주 -5.1% 🔴스탑로스임박

코드      종목명           가격    RSI     변화율    거래량     BB   호가비  B/S
────────────────────────────────────────────────────────────────────────
[2단계 분석 대상: 078930, 217820, 079550, 015760, 138040, 001510, 012330]
⛔ 아우토크립트(137040) 호가 없음 (거래정지 의심)
078930  GS        78,500   63.0    +1.8%    0.9x     중간  0.35  1/0
217820  원익피앤이      3,885   65.0    -3.6%    0.8x     중간  3.07  3/0
⛔ 금양(001570) 호가 없음 (거래정지 의심)

══════════════════════════════════════════════════
→ 전종목 HOLD
✅ Discord 전송 완료

[15:10] HOLD | KODEX RSI92/+1.7%⚠️ | 보유:GS(078930) +1.9% 원익피앤(217820) -5.1% | 💸예수금부족 | 최고신호 원익피앤이(217820) 3/3개 [하락-3.6% / MA골 / 호가3.1]
💰 예수금 4,154원 | KODEX200 RSI92/+1.8% 과열⚠️ | 매수기준 3개↑
📦 보유 GS(078930) 1주 +2.0%
📦 보유 원익피앤이(217820) 6주 -5.0% 🔴스탑로스임박

코드      종목명           가격    RSI     변화율    거래량     BB   호가비  B/S
────────────────────────────────────────────────────────────────────────
[2단계 분석 대상: 078930, 217820, 138040, 015760, 012330, 001510, 084850]
⛔ 아우토크립트(137040) 호가 없음 (거래정지 의심)
078930  GS        78,500   63.4    +2.1%    0.9x     중간  0.40  1/0
217820  원익피앤이      3,890   65.2    -3.5%    0.8x     중간  4.88  3/0
⛔ 금양(001570) 호가 없음 (거래정지 의심)

══════════════════════════════════════════════════
→ 전종목 HOLD
✅ Discord 전송 완료

[15:12] HOLD | KODEX RSI92/+1.8%⚠️ | 보유:GS(078930) +2.0% 원익피앤(217820) -5.0% | 💸예수금부족 | 최고신호 원익피앤이(217820) 3/3개 [하락-3.5% / MA골 / 호가4.9]
💰 예수금 4,154원 | KODEX200 RSI92/+1.9% 과열⚠️ | 매수기준 3개↑
📦 보유 GS(078930) 1주 +1.9%
📦 보유 원익피앤이(217820) 6주 -5.0% 🔴스탑로스임박

코드      종목명           가격    RSI     변화율    거래량     BB   호가비  B/S
────────────────────────────────────────────────────────────────────────
[2단계 분석 대상: 078930, 217820, 079550, 138040, 015760, 001510, 035720]
⛔ 아우토크립트(137040) 호가 없음 (거래정지 의심)
078930  GS        78,400   63.0    +1.8%    0.9x     중간  0.30  1/0
217820  원익피앤이      3,885   65.2    -3.5%    0.8x     중간  1.53  3/0
⛔ 금양(001570) 호가 없음 (거래정지 의심)

══════════════════════════════════════════════════
→ 전종목 HOLD
✅ Discord 전송 완료

[15:14] HOLD | KODEX RSI92/+1.9%⚠️ | 보유:GS(078930) +1.9% 원익피앤(217820) -5.0% | 💸예수금부족 | 최고신호 원익피앤이(217820) 3/3개 [하락-3.5% / MA골 / 호가1.5]
💰 예수금 4,154원 | KODEX200 RSI92/+1.8% 과열⚠️ | 매수기준 3개↑
📦 보유 GS(078930) 1주 +1.7%
📦 보유 원익피앤이(217820) 6주 -5.0% 🔴스탑로스임박

코드      종목명           가격    RSI     변화율    거래량     BB   호가비  B/S
────────────────────────────────────────────────────────────────────────
[2단계 분석 대상: 078930, 217820, 015760, 012330, 138040, 001510, 035720]
⛔ 아우토크립트(137040) 호가 없음 (거래정지 의심)
078930  GS        78,300   62.9    +1.7%    0.9x     중간  0.26  1/0
217820  원익피앤이      3,885   65.2    -3.5%    0.8x     중간  3.00  3/0
⛔ 금양(001570) 호가 없음 (거래정지 의심)

══════════════════════════════════════════════════
→ 전종목 HOLD
✅ Discord 전송 완료

[15:16] HOLD | KODEX RSI92/+1.8%⚠️ | 보유:GS(078930) +1.7% 원익피앤(217820) -5.0% | 💸예수금부족 | 최고신호 원익피앤이(217820) 3/3개 [하락-3.5% / MA골 / 호가3.0]
💰 예수금 4,154원 | KODEX200 RSI92/+1.9% 과열⚠️ | 매수기준 3개↑
📦 보유 GS(078930) 1주 +1.7%
📦 보유 원익피앤이(217820) 6주 -5.1% 🔴스탑로스임박

코드      종목명           가격    RSI     변화율    거래량     BB   호가비  B/S
────────────────────────────────────────────────────────────────────────
[2단계 분석 대상: 078930, 217820, 012330, 015760, 035720, 001510, 056080]
⛔ 아우토크립트(137040) 호가 없음 (거래정지 의심)
078930  GS        78,300   63.0    +1.8%    0.9x     중간  0.38  1/0
217820  원익피앤이      3,885   65.2    -3.5%    0.9x     중간  2.16  3/0
⛔ 금양(001570) 호가 없음 (거래정지 의심)

══════════════════════════════════════════════════
→ 전종목 HOLD
✅ Discord 전송 완료

[15:18] HOLD | KODEX RSI92/+1.9%⚠️ | 보유:GS(078930) +1.7% 원익피앤(217820) -5.1% | 💸예수금부족 | 최고신호 원익피앤이(217820) 3/3개 [하락-3.5% / MA골 / 호가2.2]
💰 예수금 4,154원 | KODEX200 RSI92/+2.0% 과열⚠️ | 매수기준 3개↑
📦 보유 GS(078930) 1주 +1.9%
📦 보유 원익피앤이(217820) 6주 -5.1% 🔴스탑로스임박

코드      종목명           가격    RSI     변화율    거래량     BB   호가비  B/S
────────────────────────────────────────────────────────────────────────
[2단계 분석 대상: 078930, 217820, 035720, 015760, 035420, 012330, 001510]
⛔ 아우토크립트(137040) 호가 없음 (거래정지 의심)
078930  GS        80,000   63.0    +1.8%    0.9x     중간  5.84  2/0
217820  원익피앤이      3,885   65.0    -3.6%    0.9x     중간  3.81  3/0
⛔ 금양(001570) 호가 없음 (거래정지 의심)

══════════════════════════════════════════════════
→ 전종목 HOLD
✅ Discord 전송 완료

[15:20] HOLD | KODEX RSI92/+2.0%⚠️ | 보유:GS(078930) +1.9% 원익피앤(217820) -5.1% | 💸예수금부족 | 최고신호 원익피앤이(217820) 3/3개 [하락-3.6% / MA골 / 호가3.8]
💰 예수금 4,154원 | KODEX200 RSI92/+2.0% 과열⚠️ | 매수기준 3개↑
📦 보유 GS(078930) 1주 +1.9%
📦 보유 원익피앤이(217820) 6주 -5.1% 🔴스탑로스임박

코드      종목명           가격    RSI     변화율    거래량     BB   호가비  B/S
────────────────────────────────────────────────────────────────────────
[2단계 분석 대상: 078930, 217820, 035720, 000270, 001510, 035420, 012330]
⛔ 아우토크립트(137040) 호가 없음 (거래정지 의심)
078930  GS        80,700   63.0    +1.8%    0.9x     중간 84.26  2/0
217820  원익피앤이      3,880   65.0    -3.6%    0.9x     중간  4.45  3/0
⛔ 금양(001570) 호가 없음 (거래정지 의심)

══════════════════════════════════════════════════
→ 전종목 HOLD
✅ Discord 전송 완료

[15:22] HOLD | KODEX RSI92/+2.0%⚠️ | 보유:GS(078930) +1.9% 원익피앤(217820) -5.1% | 💸예수금부족 | 최고신호 원익피앤이(217820) 3/3개 [하락-3.6% / MA골 / 호가4.5]
💰 예수금 4,154원 | KODEX200 RSI92/+2.0% 과열⚠️ | 매수기준 3개↑
📦 보유 GS(078930) 1주 +1.9%
📦 보유 원익피앤이(217820) 6주 -5.1% 🔴스탑로스임박

코드      종목명           가격    RSI     변화율    거래량     BB   호가비  B/S
────────────────────────────────────────────────────────────────────────
[2단계 분석 대상: 078930, 217820, 000270, 006400, 207940, 035420, 035720]
⛔ 아우토크립트(137040) 호가 없음 (거래정지 의심)
078930  GS        80,000   63.0    +1.8%    0.9x     중간  9.54  2/0
217820  원익피앤이      3,880   65.0    -3.6%    0.9x     중간  4.19  3/0
⛔ 금양(001570) 호가 없음 (거래정지 의심)

══════════════════════════════════════════════════
→ 전종목 HOLD
✅ Discord 전송 완료

[15:24] HOLD | KODEX RSI92/+2.0%⚠️ | 보유:GS(078930) +1.9% 원익피앤(217820) -5.1% | 💸예수금부족 | 최고신호 원익피앤이(217820) 3/3개 [하락-3.6% / MA골 / 호가4.2]
💰 예수금 4,154원 | KODEX200 RSI92/+2.0% 과열⚠️ | 매수기준 3개↑
📦 보유 GS(078930) 1주 +1.9%
📦 보유 원익피앤이(217820) 6주 -5.1% 🔴스탑로스임박

코드      종목명           가격    RSI     변화율    거래량     BB   호가비  B/S
────────────────────────────────────────────────────────────────────────
[2단계 분석 대상: 078930, 217820, 012330, 035720, 034020, 000270, 035420]
⛔ 아우토크립트(137040) 호가 없음 (거래정지 의심)
078930  GS        78,700   63.0    +1.8%    0.9x     중간  0.80  1/0
217820  원익피앤이      3,880   65.0    -3.6%    0.9x     중간  3.57  3/0
⛔ 금양(001570) 호가 없음 (거래정지 의심)

══════════════════════════════════════════════════
→ 전종목 HOLD
✅ Discord 전송 완료

[15:26] HOLD | KODEX RSI92/+2.0%⚠️ | 보유:GS(078930) +1.9% 원익피앤(217820) -5.1% | 💸예수금부족 | 최고신호 원익피앤이(217820) 3/3개 [하락-3.6% / MA골 / 호가3.6]
💰 예수금 4,154원 | KODEX200 RSI92/+2.0% 과열⚠️ | 매수기준 3개↑
📦 보유 GS(078930) 1주 +1.9%
📦 보유 원익피앤이(217820) 6주 -5.1% 🔴스탑로스임박

코드      종목명           가격    RSI     변화율    거래량     BB   호가비  B/S
────────────────────────────────────────────────────────────────────────
[2단계 분석 대상: 078930, 217820, 105560, 207940, 005930, 035420, 012330]
⛔ 아우토크립트(137040) 호가 없음 (거래정지 의심)
078930  GS        78,700   63.0    +1.8%    0.9x     중간  1.76  2/0
217820  원익피앤이      3,880   65.0    -3.6%    0.9x     중간  6.41  3/0
⛔ 금양(001570) 호가 없음 (거래정지 의심)

══════════════════════════════════════════════════
→ 전종목 HOLD
✅ Discord 전송 완료

[15:28] HOLD | KODEX RSI92/+2.0%⚠️ | 보유:GS(078930) +1.9% 원익피앤(217820) -5.1% | 💸예수금부족 | 최고신호 원익피앤이(217820) 3/3개 [하락-3.6% / MA골 / 호가6.4]
💰 예수금 4,154원 | KODEX200 RSI92/+2.0% 과열⚠️ | 매수기준 3개↑
📦 보유 GS(078930) 1주 +1.9%
📦 보유 원익피앤이(217820) 6주 -5.1% 🔴스탑로스임박

코드      종목명           가격    RSI     변화율    거래량     BB   호가비  B/S
────────────────────────────────────────────────────────────────────────
[2단계 분석 대상: 078930, 217820, 056080, 207940, 012330, 001510, 015760]
⛔ 아우토크립트(137040) 호가 없음 (거래정지 의심)
078930  GS        78,600   63.5    +2.2%    1.0x     중간  0.59  1/0
217820  원익피앤이      3,885   65.0    -3.6%    0.9x     중간  2.56  3/0
⛔ 금양(001570) 호가 없음 (거래정지 의심)

══════════════════════════════════════════════════
→ 전종목 HOLD
✅ Discord 전송 완료

[15:30] HOLD | KODEX RSI92/+2.0%⚠️ | 보유:GS(078930) +1.9% 원익피앤(217820) -5.1% | 💸예수금부족 | 최고신호 원익피앤이(217820) 3/3개 [하락-3.6% / MA골 / 호가2.6]
