💰 예수금 96,430원 | KODEX200 RSI58/+0.0% 하락추세⬇️  | 매수기준 점수3pt↑

코드      종목명           가격    RSI     변화율    거래량     BB   호가비  B/S
────────────────────────────────────────────────────────────────────────
[2단계 분석 대상: 096770, 138040, 000270, 034020, 000720]
403870  HPSP      53,000    0.0    +0.0%    0.0x     중간  0.03  0pt/0 [일봉]
272210  한화시스템     73,200    0.0    +0.0%    0.0x     중간  0.00  0pt/0 [일봉]
011200  HMM       18,240    0.0    +0.0%    0.0x     중간  0.17  0pt/0 [일봉]
015760  한국전력      35,900    0.0    +0.0%    0.0x     중간  0.06  0pt/0 [일봉]
034020  두산에너빌     86,600   52.1    +0.0%    0.0x     하단 20.21  3pt/0 [5분]
035720  카카오       37,550    0.0    +0.0%    0.0x     중간  1.14  0pt/0 [일봉]
030200  KT        55,400    0.0    +0.0%    0.0x     중간  2.40  2pt/0 [일봉]
003490  대한항공      25,050    0.0    +0.0%    0.0x     중간  0.62  0pt/0 [일봉]
004020  현대제철      31,800    0.0    +0.0%    0.0x     중간  0.21  0pt/0 [일봉]
078930  GS        72,700    0.0    +0.0%    0.0x     중간  0.06  0pt/0 [일봉]

══════════════════════════════════════════════════
⏰ 장 미개장 (9:00 전) — 신규 매수 중단
→ 전종목 HOLD
✅ Discord 전송 완료

[08:50] HOLD | KODEX RSI58/+0.0%⬇️ | 보유:없음 | 최고신호 두산에너빌(034020) 3pt/3pt [호가20.2★ / RSI52]
💰 예수금 96,430원 | KODEX200 RSI58/+0.0% 하락추세⬇️  | 매수기준 점수3pt↑

코드      종목명           가격    RSI     변화율    거래량     BB   호가비  B/S
────────────────────────────────────────────────────────────────────────
[2단계 분석 대상: 055550, 066970, 086520, 272210, 005930]
403870  HPSP      52,000    0.0    +0.0%    0.0x     중간  0.94  0pt/0 [일봉]
055550  신한지주      96,300   60.0    -2.0%    0.0x     하단 276.33  3pt/0 [5분]
272210  한화시스템     89,500   73.9    -3.2%    0.0x     중간  4.11  2pt/0 [5분]
011200  HMM       18,200    0.0    +0.0%    0.0x     중간  0.59  0pt/0 [일봉]
015760  한국전력      35,700    0.0    +0.0%    0.0x     중간  1.99  1pt/0 [일봉]
034020  두산에너빌     88,600    0.0    +0.0%    0.0x     중간  3.45  2pt/0 [일봉]
035720  카카오       37,400    0.0    +0.0%    0.0x     중간  2.47  2pt/0 [일봉]
030200  KT        54,600    0.0    +0.0%    0.0x     중간  1.06  0pt/0 [일봉]
003490  대한항공      24,600    0.0    +0.0%    0.0x     중간  2.04  2pt/0 [일봉]
004020  현대제철      32,450    0.0    +0.0%    0.0x     중간  1.73  1pt/0 [일봉]
078930  GS        72,500    0.0    +0.0%    0.0x     중간  0.61  0pt/0 [일봉]

══════════════════════════════════════════════════
⏰ 시초가 혼조 (9:30 전) — 신규 매수 중단
→ 전종목 HOLD
✅ Discord 전송 완료

[09:00] HOLD | KODEX RSI58/+0.0%⬇️ | 보유:없음 | 최고신호 신한지주(055550) 3pt/3pt [호가276.3★ / RSI60]
💰 예수금 96,430원 | KODEX200 RSI54/-4.0% 하락추세⬇️ 과열⚠️ | 매수기준 점수3pt↑

코드      종목명           가격    RSI     변화율    거래량     BB   호가비  B/S
────────────────────────────────────────────────────────────────────────
[2단계 분석 대상: 096770, 272210, 017670, 034020, 247540]
403870  HPSP      52,400    0.0    +0.0%    0.0x     중간  0.76  3pt/0 [일봉]
272210  한화시스템     88,000   73.9    -3.9%    0.1x     중간 13.37  2pt/0 [5분]
011200  HMM       18,360    0.0    +0.0%    0.0x     중간  0.95  3pt/0 [일봉]
015760  한국전력      35,550    0.0    +0.0%    0.0x     중간  3.95  5pt/0 [일봉]
034020  두산에너빌     86,900   58.0    -5.2%    0.0x     하단  9.48  3pt/0 [5분]
035720  카카오       36,950    0.0    +0.0%    0.0x     중간  2.98  5pt/0 [일봉]
030200  KT        55,000    0.0    +0.0%    0.0x     중간  1.08  3pt/0 [일봉]
003490  대한항공      24,550    0.0    +0.0%    0.0x     중간  3.69  5pt/0 [일봉]
004020  현대제철      31,900    0.0    +0.0%    0.0x     중간  1.10  3pt/0 [일봉]
078930  GS        71,500    0.0    +0.0%    0.0x     중간  0.66  3pt/0 [일봉]

══════════════════════════════════════════════════
⏰ 시초가 혼조 (9:30 전) — 신규 매수 중단
→ 전종목 HOLD
✅ Discord 전송 완료

[09:02] HOLD | KODEX RSI54/-4.0%⬇️⚠️ | 보유:없음 | 최고신호 한국전력(015760) 5pt/3pt [강세+4.0%★★ / 호가4.0★]
💰 예수금 96,430원 | KODEX200 RSI53/-4.5% 하락추세⬇️ 과열⚠️ | 매수기준 점수3pt↑

코드      종목명           가격    RSI     변화율    거래량     BB   호가비  B/S
────────────────────────────────────────────────────────────────────────
[2단계 분석 대상: 096770, 017670, 000720, 066970, 064350]
403870  HPSP      51,600    0.0    +0.0%    0.0x     중간  2.54  5pt/0 [일봉]
272210  한화시스템     85,500    0.0    +0.0%    0.0x     중간  1.21  3pt/0 [일봉]
011200  HMM       18,330    0.0    +0.0%    0.0x     중간  0.61  3pt/0 [일봉]
015760  한국전력      35,500    0.0    +0.0%    0.0x     중간  4.89  5pt/0 [일봉]
034020  두산에너빌     85,700    0.0    +0.0%    0.0x     중간  7.21  5pt/0 [일봉]
035720  카카오       36,850    0.0    +0.0%    0.0x     중간  6.36  5pt/0 [일봉]
030200  KT        54,900    0.0    +0.0%    0.0x     중간  1.55  4pt/0 [일봉]
003490  대한항공      24,450    0.0    +0.0%    0.0x     중간  5.12  5pt/0 [일봉]
004020  현대제철      31,750    0.0    +0.0%    0.0x     중간  3.90  5pt/0 [일봉]
078930  GS        71,100    0.0    +0.0%    0.0x     중간  2.33  5pt/0 [일봉]

══════════════════════════════════════════════════
⏰ 시초가 혼조 (9:30 전) — 신규 매수 중단
→ 전종목 HOLD
✅ Discord 전송 완료

[09:04] HOLD | KODEX RSI53/-4.5%⬇️⚠️ | 보유:없음 | 최고신호 HPSP(403870) 5pt/3pt [강세+4.5%★★ / 호가2.5★]
💰 예수금 96,430원 | KODEX200 RSI53/-4.5% 하락추세⬇️ 과열⚠️ | 매수기준 점수3pt↑

코드      종목명           가격    RSI     변화율    거래량     BB   호가비  B/S
────────────────────────────────────────────────────────────────────────
[2단계 분석 대상: 096770, 034020, 272210, 055550, 015760]
403870  HPSP      51,000    0.0    +0.0%    0.0x     중간  6.62  5pt/0 [일봉]
055550  신한지주      95,000   56.8    -3.5%    0.0x     하단  7.58  5pt/0 [5분]
272210  한화시스템     85,100   65.2    -7.4%    0.1x     하단  8.27  2pt/0 [5분]
011200  HMM       18,160    0.0    +0.0%    0.0x     중간  0.73  3pt/0 [일봉]
015760  한국전력      35,400   37.0    -2.8%    0.0x     하단  7.28  5pt/0 [5분]
034020  두산에너빌     85,600   53.0    -5.8%    0.1x     하단 12.45  3pt/0 [5분]
035720  카카오       36,750    0.0    +0.0%    0.0x     중간  3.37  5pt/0 [일봉]
030200  KT        54,400    0.0    +0.0%    0.0x     중간  1.62  4pt/0 [일봉]
003490  대한항공      24,350    0.0    +0.0%    0.0x     중간  6.51  5pt/0 [일봉]
004020  현대제철      31,650    0.0    +0.0%    0.0x     중간  4.27  5pt/0 [일봉]
078930  GS        70,200    0.0    +0.0%    0.0x     중간  0.53  3pt/0 [일봉]

══════════════════════════════════════════════════
⏰ 시초가 혼조 (9:30 전) — 신규 매수 중단
→ 전종목 HOLD
✅ Discord 전송 완료

[09:06] HOLD | KODEX RSI53/-4.5%⬇️⚠️ | 보유:없음 | 최고신호 HPSP(403870) 5pt/3pt [강세+4.5%★★ / 호가6.6★]
💰 예수금 96,430원 | KODEX200 RSI53/-4.4% 하락추세⬇️ 과열⚠️ | 매수기준 점수3pt↑

코드      종목명           가격    RSI     변화율    거래량     BB   호가비  B/S
────────────────────────────────────────────────────────────────────────
[2단계 분석 대상: 034020, 272210, 000150, 105560, 096770]
403870  HPSP      51,200    0.0    +0.0%    0.0x     중간  3.52  5pt/0 [일봉]
055550  신한지주      94,800    0.0    +0.0%    0.0x     중간  8.19  5pt/0 [일봉]
272210  한화시스템     84,900   65.2    -7.5%    0.1x     하단 12.01  2pt/0 [5분]
011200  HMM       18,150    0.0    +0.0%    0.0x     중간  6.63  5pt/0 [일봉]
015760  한국전력      35,350    0.0    +0.0%    0.0x     중간  4.75  5pt/0 [일봉]
034020  두산에너빌     85,800   53.0    -5.7%    0.1x     하단 13.06  3pt/0 [5분]
035720  카카오       36,700    0.0    +0.0%    0.0x     중간  2.95  5pt/0 [일봉]
030200  KT        54,300    0.0    +0.0%    0.0x     중간  1.84  4pt/0 [일봉]
003490  대한항공      24,350    0.0    +0.0%    0.0x     중간  6.31  5pt/0 [일봉]
004020  현대제철      31,750    0.0    +0.0%    0.0x     중간  6.55  5pt/0 [일봉]
078930  GS        70,400    0.0    +0.0%    0.0x     중간  1.85  4pt/0 [일봉]

══════════════════════════════════════════════════
⏰ 시초가 혼조 (9:30 전) — 신규 매수 중단
→ 전종목 HOLD
✅ Discord 전송 완료

[09:08] HOLD | KODEX RSI53/-4.4%⬇️⚠️ | 보유:없음 | 최고신호 HPSP(403870) 5pt/3pt [강세+4.4%★★ / 호가3.5★]
💰 예수금 96,430원 | KODEX200 RSI53/-4.6% 하락추세⬇️ 과열⚠️ | 매수기준 점수3pt↑

코드      종목명           가격    RSI     변화율    거래량     BB   호가비  B/S
────────────────────────────────────────────────────────────────────────
[2단계 분석 대상: 042660, 055550, 329180, 000150, 064350]
403870  HPSP      50,600    0.0    +0.0%    0.0x     중간  2.47  5pt/0 [일봉]
055550  신한지주      95,100   51.2    -3.3%    0.1x     하단 13.95  5pt/0 [5분]
272210  한화시스템     84,500    0.0    +0.0%    0.0x     중간  2.73  5pt/0 [일봉]
011200  HMM       18,150    0.0    +0.0%    0.0x     중간  5.06  5pt/0 [일봉]
015760  한국전력      35,250    0.0    +0.0%    0.0x     중간  4.90  5pt/0 [일봉]
034020  두산에너빌     85,500    0.0    +0.0%    0.0x     중간  8.94  5pt/0 [일봉]
035720  카카오       36,550    0.0    +0.0%    0.0x     중간  2.24  5pt/0 [일봉]
030200  KT        54,300    0.0    +0.0%    0.0x     중간  1.40  4pt/0 [일봉]
003490  대한항공      24,250    0.0    +0.0%    0.0x     중간  3.71  5pt/0 [일봉]
004020  현대제철      31,700    0.0    +0.0%    0.0x     중간  7.37  5pt/0 [일봉]
078930  GS        70,400    0.0    +0.0%    0.0x     중간  1.53  4pt/0 [일봉]

══════════════════════════════════════════════════
⏰ 시초가 혼조 (9:30 전) — 신규 매수 중단
→ 전종목 HOLD
✅ Discord 전송 완료

[09:10] HOLD | KODEX RSI53/-4.6%⬇️⚠️ | 보유:없음 | 최고신호 HPSP(403870) 5pt/3pt [강세+4.6%★★ / 호가2.5★]
💰 예수금 96,430원 | KODEX200 RSI53/-4.4% 하락추세⬇️ 과열⚠️ | 매수기준 점수3pt↑

코드      종목명           가격    RSI     변화율    거래량     BB   호가비  B/S
────────────────────────────────────────────────────────────────────────
[2단계 분석 대상: 034020, 055550, 105560, 000150, 017670]
403870  HPSP      51,000    0.0    +0.0%    0.0x     중간  1.89  4pt/0 [일봉]
055550  신한지주      95,000   51.2    -3.3%    0.1x     하단 11.23  5pt/0 [5분]
272210  한화시스템     83,200    0.0    +0.0%    0.0x     중간  4.18  5pt/0 [일봉]
011200  HMM       18,070    0.0    +0.0%    0.0x     중간  5.98  5pt/0 [일봉]
015760  한국전력      35,250    0.0    +0.0%    0.0x     중간  4.21  5pt/0 [일봉]
034020  두산에너빌     85,500   55.0    -5.9%    0.1x     하단 13.46  3pt/0 [5분]
035720  카카오       36,550    0.0    +0.0%    0.0x     중간  3.25  5pt/0 [일봉]
030200  KT        54,100    0.0    +0.0%    0.0x     중간  2.60  5pt/0 [일봉]
003490  대한항공      24,200    0.0    +0.0%    0.0x     중간  4.21  5pt/0 [일봉]
004020  현대제철      31,700    0.0    +0.0%    0.0x     중간  6.38  5pt/0 [일봉]
078930  GS        70,300    0.0    +0.0%    0.0x     중간  1.13  3pt/0 [일봉]

══════════════════════════════════════════════════
⏰ 시초가 혼조 (9:30 전) — 신규 매수 중단
→ 전종목 HOLD
✅ Discord 전송 완료

[09:12] HOLD | KODEX RSI53/-4.4%⬇️⚠️ | 보유:없음 | 최고신호 신한지주(055550) 5pt/3pt [강세+1.2%★ / 호가11.2★ / RSI51]
💰 예수금 96,430원 | KODEX200 RSI54/-4.0% 하락추세⬇️ 과열⚠️ | 매수기준 점수3pt↑

코드      종목명           가격    RSI     변화율    거래량     BB   호가비  B/S
────────────────────────────────────────────────────────────────────────
[2단계 분석 대상: 034020, 105560, 017670, 329180, 000270]
403870  HPSP      51,200    0.0    +0.0%    0.0x     중간  2.03  5pt/0 [일봉]
055550  신한지주      95,100    0.0    +0.0%    0.0x     중간  3.13  5pt/0 [일봉]
272210  한화시스템     82,700    0.0    +0.0%    0.0x     중간  3.80  5pt/0 [일봉]
011200  HMM       18,120    0.0    +0.0%    0.0x     중간  2.85  5pt/0 [일봉]
015760  한국전력      35,250    0.0    +0.0%    0.0x     중간  4.79  5pt/0 [일봉]
034020  두산에너빌     85,600   66.7    -5.9%    0.1x     하단 16.02  2pt/0 [5분]
035720  카카오       36,650    0.0    +0.0%    0.0x     중간  4.39  5pt/0 [일봉]
030200  KT        53,900    0.0    +0.0%    0.0x     중간  5.88  5pt/0 [일봉]
003490  대한항공      24,250    0.0    +0.0%    0.0x     중간  4.49  5pt/0 [일봉]
004020  현대제철      31,700    0.0    +0.0%    0.0x     중간  6.97  5pt/0 [일봉]
078930  GS        70,400    0.0    +0.0%    0.0x     중간  2.36  5pt/0 [일봉]

══════════════════════════════════════════════════
⏰ 시초가 혼조 (9:30 전) — 신규 매수 중단
→ 전종목 HOLD
✅ Discord 전송 완료

[09:14] HOLD | KODEX RSI54/-4.0%⬇️⚠️ | 보유:없음 | 최고신호 HPSP(403870) 5pt/3pt [강세+4.0%★★ / 호가2.0★]
💰 예수금 96,430원 | KODEX200 RSI54/-3.4% 하락추세⬇️ 과열⚠️ | 매수기준 점수3pt↑

코드      종목명           가격    RSI     변화율    거래량     BB   호가비  B/S
────────────────────────────────────────────────────────────────────────
[2단계 분석 대상: 034020, 329180, 138040, 017670, 000270]
403870  HPSP      51,700    0.0    +0.0%    0.0x     중간  0.72  3pt/0 [일봉]
055550  신한지주      96,000    0.0    +0.0%    0.0x     중간  3.70  5pt/0 [일봉]
272210  한화시스템     83,800    0.0    +0.0%    0.0x     중간  3.16  5pt/0 [일봉]
011200  HMM       18,230    0.0    +0.0%    0.0x     중간  1.27  3pt/0 [일봉]
015760  한국전력      35,150    0.0    +0.0%    0.0x     중간  4.59  5pt/0 [일봉]
034020  두산에너빌     86,000   66.7    -5.5%    0.1x     하단 14.61  2pt/0 [5분]
035720  카카오       37,000    0.0    +0.0%    0.0x     중간  3.89  5pt/0 [일봉]
030200  KT        54,500    0.0    +0.0%    0.0x     중간  1.77  4pt/0 [일봉]
003490  대한항공      24,350    0.0    +0.0%    0.0x     중간  6.09  5pt/0 [일봉]
004020  현대제철      31,800    0.0    +0.0%    0.0x     중간  4.22  5pt/0 [일봉]
078930  GS        70,700    0.0    +0.0%    0.0x     중간  4.48  5pt/0 [일봉]

══════════════════════════════════════════════════
⏰ 시초가 혼조 (9:30 전) — 신규 매수 중단
→ 전종목 HOLD
✅ Discord 전송 완료

[09:16] HOLD | KODEX RSI54/-3.4%⬇️⚠️ | 보유:없음 | 최고신호 신한지주(055550) 5pt/3pt [강세+3.4%★★ / 호가3.7★]
💰 예수금 96,430원 | KODEX200 RSI55/-2.6% 하락추세⬇️ 과열⚠️ | 매수기준 점수3pt↑

코드      종목명           가격    RSI     변화율    거래량     BB   호가비  B/S
────────────────────────────────────────────────────────────────────────
[2단계 분석 대상: 000150, 096770, 035720, 064350, 015760]
403870  HPSP      52,200    0.0    +0.0%    0.0x     중간  0.33  3pt/0 [일봉]
055550  신한지주      95,900    0.0    +0.0%    0.0x     중간  0.74  3pt/0 [일봉]
272210  한화시스템     84,100    0.0    +0.0%    0.0x     중간  5.01  5pt/0 [일봉]
011200  HMM       18,210    0.0    +0.0%    0.0x     중간  0.68  3pt/0 [일봉]
015760  한국전력      35,200   43.2    -3.4%    0.1x     하단  6.57  2pt/0 [5분]
034020  두산에너빌     86,300    0.0    +0.0%    0.0x     중간  5.86  5pt/0 [일봉]
035720  카카오       37,000   62.5    -3.0%    0.1x     하단  7.95  3pt/0 [5분]
030200  KT        54,400    0.0    +0.0%    0.0x     중간  2.08  5pt/0 [일봉]
003490  대한항공      24,350    0.0    +0.0%    0.0x     중간  5.69  5pt/0 [일봉]
004020  현대제철      31,850    0.0    +0.0%    0.0x     중간  3.46  5pt/0 [일봉]
078930  GS        71,300    0.0    +0.0%    0.0x     중간  5.22  5pt/0 [일봉]

══════════════════════════════════════════════════
⏰ 시초가 혼조 (9:30 전) — 신규 매수 중단
→ 전종목 HOLD
✅ Discord 전송 완료

[09:18] HOLD | KODEX RSI55/-2.6%⬇️⚠️ | 보유:없음 | 최고신호 한화시스템(272210) 5pt/3pt [강세+2.6%★★ / 호가5.0★]
💰 예수금 96,430원 | KODEX200 RSI55/-2.4% 하락추세⬇️ 과열⚠️ | 매수기준 점수3pt↑

코드      종목명           가격    RSI     변화율    거래량     BB   호가비  B/S
────────────────────────────────────────────────────────────────────────
[2단계 분석 대상: 105560, 015760, 034020, 035720, 004020]
403870  HPSP      51,900    0.0    +0.0%    0.0x     중간  1.15  3pt/0 [일봉]
055550  신한지주      95,900    0.0    +0.0%    0.0x     중간  1.14  3pt/0 [일봉]
272210  한화시스템     84,000    0.0    +0.0%    0.0x     중간  3.55  5pt/0 [일봉]
011200  HMM       18,150    0.0    +0.0%    0.0x     중간  2.06  5pt/0 [일봉]
015760  한국전력      35,250   32.6    -3.2%    0.1x     하단  5.91  2pt/0 [5분]
034020  두산에너빌     86,200   51.9    -5.7%    0.1x     하단  5.88  3pt/0 [5분]
035720  카카오       37,050   47.8    -3.0%    0.1x     하단  4.62  3pt/0 [5분]
030200  KT        54,400    0.0    +0.0%    0.0x     중간  1.76  4pt/0 [일봉]
003490  대한항공      24,400    0.0    +0.0%    0.0x     중간  3.90  5pt/0 [일봉]
004020  현대제철      31,900   61.5    -4.5%    0.1x     하단  4.61  3pt/0 [5분]
078930  GS        71,100    0.0    +0.0%    0.0x     중간  2.16  5pt/0 [일봉]

══════════════════════════════════════════════════
⏰ 시초가 혼조 (9:30 전) — 신규 매수 중단
→ 전종목 HOLD
✅ Discord 전송 완료

[09:20] HOLD | KODEX RSI55/-2.4%⬇️⚠️ | 보유:없음 | 최고신호 한화시스템(272210) 5pt/3pt [강세+2.4%★★ / 호가3.5★]
💰 예수금 96,430원 | KODEX200 RSI55/-2.6% 하락추세⬇️ 과열⚠️ | 매수기준 점수3pt↑

코드      종목명           가격    RSI     변화율    거래량     BB   호가비  B/S
────────────────────────────────────────────────────────────────────────
[2단계 분석 대상: 034020, 017670, 096770, 272210, 015760]
403870  HPSP      51,800    0.0    +0.0%    0.0x     중간  3.65  5pt/0 [일봉]
055550  신한지주      95,800    0.0    +0.0%    0.0x     중간  0.68  3pt/0 [일봉]
272210  한화시스템     83,600   75.0    -8.7%    0.2x     하단  5.13  2pt/0 [5분]
011200  HMM       18,110    0.0    +0.0%    0.0x     중간  1.52  4pt/0 [일봉]
015760  한국전력      35,200   32.6    -3.3%    0.1x     하단  4.90  2pt/0 [5분]
034020  두산에너빌     85,800   51.9    -5.8%    0.1x     하단 11.13  3pt/0 [5분]
035720  카카오       37,100    0.0    +0.0%    0.0x     중간  3.01  5pt/0 [일봉]
030200  KT        54,500    0.0    +0.0%    0.0x     중간  1.90  4pt/0 [일봉]
003490  대한항공      24,400    0.0    +0.0%    0.0x     중간  2.95  5pt/0 [일봉]
004020  현대제철      31,800    0.0    +0.0%    0.0x     중간  4.12  5pt/0 [일봉]
078930  GS        71,100    0.0    +0.0%    0.0x     중간  2.60  5pt/0 [일봉]

══════════════════════════════════════════════════
⏰ 시초가 혼조 (9:30 전) — 신규 매수 중단
→ 전종목 HOLD
✅ Discord 전송 완료

[09:22] HOLD | KODEX RSI55/-2.6%⬇️⚠️ | 보유:없음 | 최고신호 HPSP(403870) 5pt/3pt [강세+2.6%★★ / 호가3.6★]
💰 예수금 96,430원 | KODEX200 RSI55/-2.3% 하락추세⬇️ 과열⚠️ | 매수기준 점수3pt↑

코드      종목명           가격    RSI     변화율    거래량     BB   호가비  B/S
────────────────────────────────────────────────────────────────────────
[2단계 분석 대상: 096770, 105560, 004020, 272210, 015760]
403870  HPSP      51,500    0.0    +0.0%    0.0x     중간  3.85  5pt/0 [일봉]
055550  신한지주      95,800    0.0    +0.0%    0.0x     중간  1.03  3pt/0 [일봉]
272210  한화시스템     83,700   82.1    -8.5%    0.2x     하단  5.46  3pt/0 [5분]
011200  HMM       18,100    0.0    +0.0%    0.0x     중간  4.37  5pt/0 [일봉]
015760  한국전력      35,300   46.3    -3.0%    0.1x     하단  5.02  4pt/0 [5분]
034020  두산에너빌     86,300    0.0    +0.0%    0.0x     중간  4.19  5pt/0 [일봉]
035720  카카오       37,150    0.0    +0.0%    0.0x     중간  2.06  5pt/0 [일봉]
030200  KT        54,500    0.0    +0.0%    0.0x     중간  1.60  4pt/0 [일봉]
003490  대한항공      24,400    0.0    +0.0%    0.0x     중간  4.20  5pt/0 [일봉]
004020  현대제철      31,850   61.5    -4.1%    0.1x     하단  6.34  3pt/0 [5분]
078930  GS        71,300    0.0    +0.0%    0.0x     중간  1.32  4pt/0 [일봉]

══════════════════════════════════════════════════
⏰ 시초가 혼조 (9:30 전) — 신규 매수 중단
→ 전종목 HOLD
✅ Discord 전송 완료

[09:24] HOLD | KODEX RSI55/-2.3%⬇️⚠️ | 보유:없음 | 최고신호 HPSP(403870) 5pt/3pt [강세+2.3%★★ / 호가3.9★]
💰 예수금 96,430원 | KODEX200 RSI55/-2.9% 하락추세⬇️ 과열⚠️ | 매수기준 점수3pt↑

코드      종목명           가격    RSI     변화율    거래량     BB   호가비  B/S
────────────────────────────────────────────────────────────────────────
[2단계 분석 대상: 034020, 105560, 272210, 015760, 329180]
403870  HPSP      51,200    0.0    +0.0%    0.0x     중간  5.10  5pt/0 [일봉]
055550  신한지주      95,700    0.0    +0.0%    0.0x     중간  1.33  4pt/0 [일봉]
272210  한화시스템     83,000   82.1    -9.5%    0.2x     하단  8.34  3pt/0 [5분]
011200  HMM       18,020    0.0    +0.0%    0.0x     중간  3.89  5pt/0 [일봉]
015760  한국전력      35,200   46.3    -3.3%    0.1x     하단  8.19  4pt/0 [5분]
034020  두산에너빌     85,700   60.0    -6.0%    0.1x     하단 10.60  4pt/0 [5분]
035720  카카오       37,050    0.0    +0.0%    0.0x     중간  3.37  5pt/0 [일봉]
030200  KT        54,200    0.0    +0.0%    0.0x     중간  1.45  4pt/0 [일봉]
003490  대한항공      24,350    0.0    +0.0%    0.0x     중간  4.75  5pt/0 [일봉]
004020  현대제철      31,850    0.0    +0.0%    0.0x     중간  5.18  5pt/0 [일봉]
078930  GS        70,900    0.0    +0.0%    0.0x     중간  2.40  5pt/0 [일봉]

══════════════════════════════════════════════════
⏰ 시초가 혼조 (9:30 전) — 신규 매수 중단
→ 전종목 HOLD
✅ Discord 전송 완료

[09:26] HOLD | KODEX RSI55/-2.9%⬇️⚠️ | 보유:없음 | 최고신호 HPSP(403870) 5pt/3pt [강세+2.9%★★ / 호가5.1★]
💰 예수금 96,430원 | KODEX200 RSI55/-2.4% 하락추세⬇️ 과열⚠️ | 매수기준 점수3pt↑

코드      종목명           가격    RSI     변화율    거래량     BB   호가비  B/S
────────────────────────────────────────────────────────────────────────
[2단계 분석 대상: 034020, 011200, 105560, 329180, 272210]
403870  HPSP      51,600    0.0    +0.0%    0.0x     중간  2.66  5pt/0 [일봉]
055550  신한지주      95,500    0.0    +0.0%    0.0x     중간  2.71  5pt/0 [일봉]
272210  한화시스템     83,300   82.1    -8.9%    0.3x     하단  7.40  3pt/0 [5분]
011200  HMM       18,060   59.0    -1.7%    0.1x     하단 15.30  5pt/0 [5분]
015760  한국전력      35,200    0.0    +0.0%    0.0x     중간  6.22  5pt/0 [일봉]
034020  두산에너빌     85,800   60.0    -5.7%    0.1x     하단 22.09  4pt/0 [5분]
035720  카카오       37,050    0.0    +0.0%    0.0x     중간  2.25  5pt/0 [일봉]
030200  KT        54,500    0.0    +0.0%    0.0x     중간  1.71  4pt/0 [일봉]
003490  대한항공      24,350    0.0    +0.0%    0.0x     중간  5.53  5pt/0 [일봉]
004020  현대제철      32,000    0.0    +0.0%    0.0x     중간  4.51  5pt/0 [일봉]
078930  GS        70,900    0.0    +0.0%    0.0x     중간  1.57  4pt/0 [일봉]

══════════════════════════════════════════════════
⏰ 시초가 혼조 (9:30 전) — 신규 매수 중단
→ 전종목 HOLD
✅ Discord 전송 완료

[09:28] HOLD | KODEX RSI55/-2.4%⬇️⚠️ | 보유:없음 | 최고신호 HPSP(403870) 5pt/3pt [강세+2.4%★★ / 호가2.7★]
💰 예수금 96,430원 | KODEX200 RSI55/-2.5% 하락추세⬇️ 과열⚠️ | 매수기준 점수3pt↑

코드      종목명           가격    RSI     변화율    거래량     BB   호가비  B/S
────────────────────────────────────────────────────────────────────────
[2단계 분석 대상: 105560, 011200, 272210, 034020, 000880]
403870  HPSP      51,300    0.0    +0.0%    0.0x     중간  3.13  5pt/0 [일봉]
055550  신한지주      95,800    0.0    +0.0%    0.0x     중간  0.91  3pt/0 [일봉]
272210  한화시스템     83,900   80.0    -8.5%    0.3x     하단 11.51  3pt/0 [5분]
011200  HMM       18,110   70.5    -1.4%    0.1x     하단 12.55  5pt/0 [5분]
015760  한국전력      35,150    0.0    +0.0%    0.0x     중간  5.48  5pt/0 [일봉]
034020  두산에너빌     86,100   58.3    -5.7%    0.1x     하단  7.99  4pt/0 [5분]
035720  카카오       37,200    0.0    +0.0%    0.0x     중간  3.21  5pt/0 [일봉]
030200  KT        54,400    0.0    +0.0%    0.0x     중간  1.68  4pt/0 [일봉]
003490  대한항공      24,350    0.0    +0.0%    0.0x     중간  5.41  5pt/0 [일봉]
004020  현대제철      31,950    0.0    +0.0%    0.0x     중간  5.25  5pt/0 [일봉]
078930  GS        71,000    0.0    +0.0%    0.0x     중간  1.79  4pt/0 [일봉]

══════════════════════════════════════════════════
📉 KODEX200 -2.5% 급락 — 신규 매수 중단
→ 전종목 HOLD
✅ Discord 전송 완료

[09:30] HOLD | KODEX RSI55/-2.5%⬇️⚠️ | 보유:없음 | 최고신호 HPSP(403870) 5pt/3pt [강세+2.5%★★ / 호가3.1★]
💰 예수금 96,430원 | KODEX200 RSI55/-2.5% 하락추세⬇️ 과열⚠️ | 매수기준 점수3pt↑

코드      종목명           가격    RSI     변화율    거래량     BB   호가비  B/S
────────────────────────────────────────────────────────────────────────
[2단계 분석 대상: 034020, 011200, 105560, 247540, 000270]
403870  HPSP      52,000    0.0    +0.0%    0.0x     중간  1.64  4pt/0 [일봉]
055550  신한지주      95,800    0.0    +0.0%    0.0x     중간  0.94  3pt/0 [일봉]
272210  한화시스템     84,000    0.0    +0.0%    0.0x     중간  4.50  5pt/0 [일봉]
011200  HMM       18,100   70.5    -1.4%    0.1x     하단 13.90  5pt/0 [5분]
015760  한국전력      35,150    0.0    +0.0%    0.0x     중간  4.97  5pt/0 [일봉]
034020  두산에너빌     86,000   58.3    -5.7%    0.2x     하단 16.34  4pt/0 [5분]
035720  카카오       37,250    0.0    +0.0%    0.0x     중간  2.31  5pt/0 [일봉]
030200  KT        54,400    0.0    +0.0%    0.0x     중간  1.58  4pt/0 [일봉]
003490  대한항공      24,400    0.0    +0.0%    0.0x     중간  4.60  5pt/0 [일봉]
004020  현대제철      32,000    0.0    +0.0%    0.0x     중간  4.22  5pt/0 [일봉]
078930  GS        71,100    0.0    +0.0%    0.0x     중간  1.79  4pt/0 [일봉]

══════════════════════════════════════════════════
📉 KODEX200 -2.5% 급락 — 신규 매수 중단
→ 전종목 HOLD
✅ Discord 전송 완료

[09:32] HOLD | KODEX RSI55/-2.5%⬇️⚠️ | 보유:없음 | 최고신호 한화시스템(272210) 5pt/3pt [강세+2.5%★★ / 호가4.5★]
💰 예수금 96,430원 | KODEX200 RSI55/-2.5% 하락추세⬇️ 과열⚠️ | 매수기준 점수3pt↑

코드      종목명           가격    RSI     변화율    거래량     BB   호가비  B/S
────────────────────────────────────────────────────────────────────────
[2단계 분석 대상: 000720, 034020, 011200, 000270, 272210]
403870  HPSP      52,200    0.0    +0.0%    0.0x     중간  0.71  3pt/0 [일봉]
055550  신한지주      95,700    0.0    +0.0%    0.0x     중간  0.68  3pt/0 [일봉]
272210  한화시스템     83,200   26.8    -9.3%    0.3x     하단  8.77  2pt/0 [5분]
011200  HMM       18,090   76.8    -1.5%    0.1x     하단 12.22  4pt/0 [5분]
015760  한국전력      35,100    0.0    +0.0%    0.0x     중간  5.99  5pt/0 [일봉]
034020  두산에너빌     85,800   67.7    -5.9%    0.2x     하단 17.12  2pt/0 [5분]
035720  카카오       37,350    0.0    +0.0%    0.0x     중간  2.79  5pt/0 [일봉]
030200  KT        54,300    0.0    +0.0%    0.0x     중간  2.10  5pt/0 [일봉]
003490  대한항공      24,250    0.0    +0.0%    0.0x     중간  5.34  5pt/0 [일봉]
004020  현대제철      31,900    0.0    +0.0%    0.0x     중간  5.51  5pt/0 [일봉]
078930  GS        70,900    0.0    +0.0%    0.0x     중간  2.13  5pt/0 [일봉]

══════════════════════════════════════════════════
📉 KODEX200 -2.5% 급락 — 신규 매수 중단
→ 전종목 HOLD
✅ Discord 전송 완료

[09:34] HOLD | KODEX RSI55/-2.5%⬇️⚠️ | 보유:없음 | 최고신호 한국전력(015760) 5pt/3pt [강세+2.5%★★ / 호가6.0★]
💰 예수금 96,430원 | KODEX200 RSI54/-3.2% 하락추세⬇️ 과열⚠️ | 매수기준 점수3pt↑

코드      종목명           가격    RSI     변화율    거래량     BB   호가비  B/S
────────────────────────────────────────────────────────────────────────
[2단계 분석 대상: 272210, 011200, 034020, 000270, 105560]
403870  HPSP      51,600    0.0    +0.0%    0.0x     중간  2.37  5pt/0 [일봉]
055550  신한지주      95,600    0.0    +0.0%    0.0x     중간  1.00  3pt/0 [일봉]
272210  한화시스템     83,000   26.8    -9.9%    0.3x     하단 14.44  2pt/0 [5분]
011200  HMM       18,100   76.8    -1.5%    0.1x     하단 13.57  5pt/0 [5분]
015760  한국전력      35,100    0.0    +0.0%    0.0x     중간  6.42  5pt/0 [일봉]
034020  두산에너빌     85,800   67.7    -5.9%    0.2x     하단 11.81  2pt/0 [5분]
035720  카카오       37,200    0.0    +0.0%    0.0x     중간  3.57  5pt/0 [일봉]
030200  KT        54,300    0.0    +0.0%    0.0x     중간  1.79  4pt/0 [일봉]
003490  대한항공      24,300    0.0    +0.0%    0.0x     중간  5.21  5pt/0 [일봉]
004020  현대제철      31,850    0.0    +0.0%    0.0x     중간  4.59  5pt/0 [일봉]
078930  GS        71,000    0.0    +0.0%    0.0x     중간  2.05  5pt/0 [일봉]

══════════════════════════════════════════════════
📉 KODEX200 -3.2% 급락 — 신규 매수 중단
→ 전종목 HOLD
✅ Discord 전송 완료

[09:36] HOLD | KODEX RSI54/-3.2%⬇️⚠️ | 보유:없음 | 최고신호 HPSP(403870) 5pt/3pt [강세+3.2%★★ / 호가2.4★]
💰 예수금 96,430원 | KODEX200 RSI54/-3.3% 하락추세⬇️ 과열⚠️ | 매수기준 점수3pt↑

코드      종목명           가격    RSI     변화율    거래량     BB   호가비  B/S
────────────────────────────────────────────────────────────────────────
[2단계 분석 대상: 105560, 034020, 329180, 096770, 000270]
403870  HPSP      51,600    0.0    +0.0%    0.0x     중간  1.63  4pt/0 [일봉]
055550  신한지주      95,100    0.0    +0.0%    0.0x     중간  2.43  5pt/0 [일봉]
272210  한화시스템     82,400    0.0    +0.0%    0.0x     중간  4.42  5pt/0 [일봉]
011200  HMM       18,040    0.0    +0.0%    0.0x     중간  3.71  5pt/0 [일봉]
015760  한국전력      35,100    0.0    +0.0%    0.0x     중간  4.74  5pt/0 [일봉]
034020  두산에너빌     85,800   67.7    -5.8%    0.2x     하단 10.41  2pt/0 [5분]
035720  카카오       37,150    0.0    +0.0%    0.0x     중간  3.61  5pt/0 [일봉]
030200  KT        54,000    0.0    +0.0%    0.0x     중간  1.01  3pt/0 [일봉]
003490  대한항공      24,200    0.0    +0.0%    0.0x     중간  3.59  5pt/0 [일봉]
004020  현대제철      31,750    0.0    +0.0%    0.0x     중간  3.17  5pt/0 [일봉]
078930  GS        70,800    0.0    +0.0%    0.0x     중간  1.48  4pt/0 [일봉]

══════════════════════════════════════════════════
📉 KODEX200 -3.3% 급락 — 신규 매수 중단
→ 전종목 HOLD
✅ Discord 전송 완료

[09:38] HOLD | KODEX RSI54/-3.3%⬇️⚠️ | 보유:없음 | 최고신호 신한지주(055550) 5pt/3pt [강세+3.3%★★ / 호가2.4★]
💰 예수금 96,430원 | KODEX200 RSI54/-3.9% 하락추세⬇️ 과열⚠️ | 매수기준 점수3pt↑

코드      종목명           가격    RSI     변화율    거래량     BB   호가비  B/S
────────────────────────────────────────────────────────────────────────
[2단계 분석 대상: 105560, 000720, 034020, 011200, 329180]
403870  HPSP      51,000    0.0    +0.0%    0.0x     중간  6.40  5pt/0 [일봉]
055550  신한지주      95,100    0.0    +0.0%    0.0x     중간  2.72  5pt/0 [일봉]
272210  한화시스템     82,300    0.0    +0.0%    0.0x     중간  2.26  5pt/0 [일봉]
011200  HMM       18,060   75.5    -1.5%    0.1x     하단 11.81  5pt/0 [5분]
015760  한국전력      35,050    0.0    +0.0%    0.0x     중간  5.61  5pt/0 [일봉]
034020  두산에너빌     85,500   70.6    -6.2%    0.2x     하단 12.84  2pt/0 [5분]
035720  카카오       37,100    0.0    +0.0%    0.0x     중간  3.39  5pt/0 [일봉]
030200  KT        54,100    0.0    +0.0%    0.0x     중간  1.19  3pt/0 [일봉]
003490  대한항공      24,150    0.0    +0.0%    0.0x     중간  4.54  5pt/0 [일봉]
004020  현대제철      31,650    0.0    +0.0%    0.0x     중간  3.49  5pt/0 [일봉]
078930  GS        70,600    0.0    +0.0%    0.0x     중간  3.42  5pt/0 [일봉]

══════════════════════════════════════════════════
📉 KODEX200 -3.9% 급락 — 신규 매수 중단
→ 전종목 HOLD
✅ Discord 전송 완료

[09:40] HOLD | KODEX RSI54/-3.9%⬇️⚠️ | 보유:없음 | 최고신호 HPSP(403870) 5pt/3pt [강세+3.9%★★ / 호가6.4★]
💰 예수금 96,430원 | KODEX200 RSI54/-3.2% 하락추세⬇️ 과열⚠️ | 매수기준 점수3pt↑

코드      종목명           가격    RSI     변화율    거래량     BB   호가비  B/S
────────────────────────────────────────────────────────────────────────
[2단계 분석 대상: 272210, 034020, 015760, 105560, 096770]
403870  HPSP      51,400    0.0    +0.0%    0.0x     중간  1.33  4pt/0 [일봉]
055550  신한지주      95,200    0.0    +0.0%    0.0x     중간  2.63  5pt/0 [일봉]
272210  한화시스템     82,800   30.7    -9.9%    0.3x     하단 10.07  2pt/0 [5분]
011200  HMM       18,200    0.0    +0.0%    0.0x     중간  3.57  5pt/0 [일봉]
015760  한국전력      35,100   30.0    -3.6%    0.2x     하단  6.52  2pt/0 [5분]
034020  두산에너빌     85,900   70.6    -5.7%    0.2x     하단  9.08  2pt/0 [5분]
035720  카카오       37,250    0.0    +0.0%    0.0x     중간  2.75  5pt/0 [일봉]
030200  KT        54,100    0.0    +0.0%    0.0x     중간  1.36  4pt/0 [일봉]
003490  대한항공      24,250    0.0    +0.0%    0.0x     중간  5.89  5pt/0 [일봉]
004020  현대제철      31,650    0.0    +0.0%    0.0x     중간  3.17  5pt/0 [일봉]
078930  GS        70,700    0.0    +0.0%    0.0x     중간  1.95  4pt/0 [일봉]

══════════════════════════════════════════════════
📉 KODEX200 -3.2% 급락 — 신규 매수 중단
→ 전종목 HOLD
✅ Discord 전송 완료

[09:42] HOLD | KODEX RSI54/-3.2%⬇️⚠️ | 보유:없음 | 최고신호 신한지주(055550) 5pt/3pt [강세+3.2%★★ / 호가2.6★]
💰 예수금 96,430원 | KODEX200 RSI54/-3.2% 하락추세⬇️ 과열⚠️ | 매수기준 점수3pt↑

코드      종목명           가격    RSI     변화율    거래량     BB   호가비  B/S
────────────────────────────────────────────────────────────────────────
[2단계 분석 대상: 000720, 105560, 272210, 011200, 034020]
403870  HPSP      51,600    0.0    +0.0%    0.0x     중간  1.23  3pt/0 [일봉]
055550  신한지주      95,000    0.0    +0.0%    0.0x     중간  2.29  5pt/0 [일봉]
272210  한화시스템     82,600   27.7   -10.3%    0.3x     하단  7.81  3pt/0 [5분]
011200  HMM       18,190   77.8    -1.4%    0.1x     하단  6.58  5pt/0 [5분]
015760  한국전력      35,100    0.0    +0.0%    0.0x     중간  6.14  5pt/0 [일봉]
034020  두산에너빌     85,800   77.4    -5.9%    0.2x     하단  6.30  2pt/0 [5분]
035720  카카오       37,250    0.0    +0.0%    0.0x     중간  2.63  5pt/0 [일봉]
030200  KT        54,000    0.0    +0.0%    0.0x     중간  1.42  4pt/0 [일봉]
003490  대한항공      24,200    0.0    +0.0%    0.0x     중간  5.39  5pt/0 [일봉]
004020  현대제철      31,650    0.0    +0.0%    0.0x     중간  3.36  5pt/0 [일봉]
078930  GS        70,400    0.0    +0.0%    0.0x     중간  5.04  5pt/0 [일봉]

══════════════════════════════════════════════════
📉 KODEX200 -3.2% 급락 — 신규 매수 중단
→ 전종목 HOLD
✅ Discord 전송 완료

[09:44] HOLD | KODEX RSI54/-3.2%⬇️⚠️ | 보유:없음 | 최고신호 신한지주(055550) 5pt/3pt [강세+3.2%★★ / 호가2.3★]
💰 예수금 96,430원 | KODEX200 RSI54/-3.4% 하락추세⬇️ 과열⚠️ | 매수기준 점수3pt↑

코드      종목명           가격    RSI     변화율    거래량     BB   호가비  B/S
────────────────────────────────────────────────────────────────────────
[2단계 분석 대상: 034020, 000720, 105560, 017670, 003490]
403870  HPSP      51,700    0.0    +0.0%    0.0x     중간  1.86  4pt/0 [일봉]
055550  신한지주      94,700    0.0    +0.0%    0.0x     중간  1.93  4pt/0 [일봉]
272210  한화시스템     82,300    0.0    +0.0%    0.0x     중간  3.47  5pt/0 [일봉]
011200  HMM       18,140    0.0    +0.0%    0.0x     중간  2.23  5pt/0 [일봉]
015760  한국전력      35,100    0.0    +0.0%    0.0x     중간  3.73  5pt/0 [일봉]
034020  두산에너빌     85,900   77.4    -5.7%    0.2x     하단  7.10  2pt/0 [5분]
035720  카카오       37,200    0.0    +0.0%    0.0x     중간  2.85  5pt/0 [일봉]
030200  KT        53,800    0.0    +0.0%    0.0x     중간  1.10  3pt/0 [일봉]
003490  대한항공      24,200   18.8    -4.7%    0.2x     하단  6.35  2pt/0 [5분]
004020  현대제철      31,700    0.0    +0.0%    0.0x     중간  3.48  5pt/0 [일봉]
078930  GS        70,400    0.0    +0.0%    0.0x     중간  4.21  5pt/0 [일봉]

══════════════════════════════════════════════════
📉 KODEX200 -3.4% 급락 — 신규 매수 중단
→ 전종목 HOLD
✅ Discord 전송 완료

[09:46] HOLD | KODEX RSI54/-3.4%⬇️⚠️ | 보유:없음 | 최고신호 한화시스템(272210) 5pt/3pt [강세+3.4%★★ / 호가3.5★]
💰 예수금 96,430원 | KODEX200 RSI54/-3.4% 하락추세⬇️ 과열⚠️ | 매수기준 점수3pt↑

코드      종목명           가격    RSI     변화율    거래량     BB   호가비  B/S
────────────────────────────────────────────────────────────────────────
[2단계 분석 대상: 000880, 000720, 034020, 096770, 000270]
403870  HPSP      51,200    0.0    +0.0%    0.0x     중간  3.27  5pt/0 [일봉]
055550  신한지주      94,800    0.0    +0.0%    0.0x     중간  0.89  3pt/0 [일봉]
272210  한화시스템     82,100    0.0    +0.0%    0.0x     중간  2.88  5pt/0 [일봉]
011200  HMM       18,150    0.0    +0.0%    0.0x     중간  2.36  5pt/0 [일봉]
015760  한국전력      35,050    0.0    +0.0%    0.0x     중간  3.84  5pt/0 [일봉]
034020  두산에너빌     85,800   77.4    -5.7%    0.2x     하단  8.37  2pt/0 [5분]
035720  카카오       37,100    0.0    +0.0%    0.0x     중간  3.29  5pt/0 [일봉]
030200  KT        53,800    0.0    +0.0%    0.0x     중간  1.29  3pt/0 [일봉]
003490  대한항공      24,150    0.0    +0.0%    0.0x     중간  4.96  5pt/0 [일봉]
004020  현대제철      31,650    0.0    +0.0%    0.0x     중간  3.64  5pt/0 [일봉]
078930  GS        70,200    0.0    +0.0%    0.0x     중간  2.86  5pt/0 [일봉]

══════════════════════════════════════════════════
📉 KODEX200 -3.4% 급락 — 신규 매수 중단
→ 전종목 HOLD
✅ Discord 전송 완료

[09:48] HOLD | KODEX RSI54/-3.4%⬇️⚠️ | 보유:없음 | 최고신호 HPSP(403870) 5pt/3pt [강세+3.4%★★ / 호가3.3★]
💰 예수금 96,430원 | KODEX200 RSI55/-2.9% 하락추세⬇️ 과열⚠️ | 매수기준 점수3pt↑

코드      종목명           가격    RSI     변화율    거래량     BB   호가비  B/S
────────────────────────────────────────────────────────────────────────
[2단계 분석 대상: 000720, 000880, 003490, 042660, 015760]
403870  HPSP      51,700    0.0    +0.0%    0.0x     중간  1.09  3pt/0 [일봉]
055550  신한지주      95,400    0.0    +0.0%    0.0x     중간  0.63  3pt/0 [일봉]
272210  한화시스템     82,400    0.0    +0.0%    0.0x     중간  1.37  4pt/0 [일봉]
011200  HMM       18,220    0.0    +0.0%    0.0x     중간  3.93  5pt/0 [일봉]
015760  한국전력      35,200   42.3    -3.4%    0.2x     하단  4.59  2pt/0 [5분]
034020  두산에너빌     86,200    0.0    +0.0%    0.0x     중간  3.55  5pt/0 [일봉]
035720  카카오       37,300    0.0    +0.0%    0.0x     중간  2.36  5pt/0 [일봉]
030200  KT        53,800    0.0    +0.0%    0.0x     중간  1.18  3pt/0 [일봉]
003490  대한항공      24,200   21.2    -4.9%    0.2x     하단  8.34  2pt/0 [5분]
004020  현대제철      31,750    0.0    +0.0%    0.0x     중간  2.67  5pt/0 [일봉]
078930  GS        70,400    0.0    +0.0%    0.0x     중간  1.62  4pt/0 [일봉]

══════════════════════════════════════════════════
📉 KODEX200 -2.9% 급락 — 신규 매수 중단
→ 전종목 HOLD
✅ Discord 전송 완료

[09:50] HOLD | KODEX RSI55/-2.9%⬇️⚠️ | 보유:없음 | 최고신호 HMM(011200) 5pt/3pt [강세+2.9%★★ / 호가3.9★]
💰 예수금 96,430원 | KODEX200 RSI55/-2.7% 하락추세⬇️ 과열⚠️ | 매수기준 점수3pt↑

코드      종목명           가격    RSI     변화율    거래량     BB   호가비  B/S
────────────────────────────────────────────────────────────────────────
[2단계 분석 대상: 000720, 000880, 003490, 042660, 011200]
403870  HPSP      51,700    0.0    +0.0%    0.0x     중간  1.43  4pt/0 [일봉]
055550  신한지주      95,400    0.0    +0.0%    0.0x     중간  0.75  3pt/0 [일봉]
272210  한화시스템     82,400    0.0    +0.0%    0.0x     중간  1.83  4pt/0 [일봉]
011200  HMM       18,210   82.0    -0.8%    0.2x     하단  4.99  6pt/0 [5분]
015760  한국전력      35,100    0.0    +0.0%    0.0x     중간  3.81  5pt/0 [일봉]
034020  두산에너빌     86,100    0.0    +0.0%    0.0x     중간  3.76  5pt/0 [일봉]
035720  카카오       37,450    0.0    +0.0%    0.0x     중간  2.28  5pt/0 [일봉]
030200  KT        53,800    0.0    +0.0%    0.0x     중간  1.49  4pt/0 [일봉]
003490  대한항공      24,250   21.2    -4.7%    0.2x     하단  7.01  2pt/0 [5분]
004020  현대제철      31,800    0.0    +0.0%    0.0x     중간  2.95  5pt/0 [일봉]
078930  GS        70,800    0.0    +0.0%    0.0x     중간  1.57  4pt/0 [일봉]

══════════════════════════════════════════════════
📉 KODEX200 -2.7% 급락 — 신규 매수 중단
→ 전종목 HOLD
✅ Discord 전송 완료

[09:52] HOLD | KODEX RSI55/-2.7%⬇️⚠️ | 보유:없음 | 최고신호 HMM(011200) 6pt/3pt [강세+1.9%★★ / 호가5.0★ / 연속상승]
💰 예수금 96,430원 | KODEX200 RSI56/-1.9% 하락추세⬇️  | 매수기준 점수3pt↑

코드      종목명           가격    RSI     변화율    거래량     BB   호가비  B/S
────────────────────────────────────────────────────────────────────────
[2단계 분석 대상: 000150, 000720, 000880, 003490, 015760]
403870  HPSP      51,700    0.0    +0.0%    0.0x     중간  1.78  4pt/0 [일봉]
055550  신한지주      95,400    0.0    +0.0%    0.0x     중간  0.74  3pt/0 [일봉]
272210  한화시스템     82,600    0.0    +0.0%    0.0x     중간  2.20  5pt/0 [일봉]
011200  HMM       18,210    0.0    +0.0%    0.0x     중간  3.60  5pt/0 [일봉]
015760  한국전력      35,100   42.3    -3.6%    0.2x     하단  4.97  2pt/0 [5분]
034020  두산에너빌     86,200    0.0    +0.0%    0.0x     중간  4.05  5pt/0 [일봉]
035720  카카오       37,400    0.0    +0.0%    0.0x     중간  4.14  5pt/0 [일봉]
030200  KT        53,800    0.0    +0.0%    0.0x     중간  1.68  4pt/0 [일봉]
003490  대한항공      24,250   21.2    -4.7%    0.2x     하단  7.93  2pt/0 [5분]
004020  현대제철      32,000    0.0    +0.0%    0.0x     중간  2.92  5pt/0 [일봉]
078930  GS        71,000    0.0    +0.0%    0.0x     중간  1.76  4pt/0 [일봉]

══════════════════════════════════════════════════
🟢 BUY HPSP(403870) 4pt [강세+1.9%★★/호가1.8] 목표+2% 신뢰도0.74 ratio0.24
💰 예수금: 96,430원
📊 HPSP(403870) 매도1호가: 51,700원 | 매수1호가: 51,600원
📌 BUY 리스크(1주) vs 신호(1주) → 1주 | 51,600원 = 51,600원
✅ 접수 | 매수 주문 접수: HPSP 1주 (주문번호: 0233041)
🟢 BUY 한화시스템(272210) 5pt [강세+1.9%★★/호가2.2★] 목표+2% 신뢰도0.78 ratio0.25
💰 예수금: 44,727원
📊 한화시스템(272210) 매도1호가: 82,900원 | 매수1호가: 82,800원
⚠️ BUY 한화시스템(272210) 재시도 1/3: ❌ 1주 가격(82,800원) > 예수금(44,727원) → 주문 취소
💰 예수금: 44,728원
📊 한화시스템(272210) 매도1호가: 82,900원 | 매수1호가: 82,800원
⚠️ BUY 한화시스템(272210) 재시도 2/3: ❌ 1주 가격(82,800원) > 예수금(44,728원) → 주문 취소
💰 예수금: 44,727원
📊 한화시스템(272210) 매도1호가: 82,800원 | 매수1호가: 82,700원
⚠️ BUY 한화시스템(272210) 재시도 3/3: ❌ 1주 가격(82,700원) > 예수금(44,727원) → 주문 취소
🚨 [09:55:18] 에러 — BUY 한화시스템(272210) 주문 실패
❌ 1주 가격(82,700원) > 예수금(44,727원) → 주문 취소
✅ Discord 전송 완료
🟢 BUY HMM(011200) 5pt [강세+1.9%★★/호가3.6★] 목표+2% 신뢰도0.78 ratio0.25
💰 예수금: 44,727원
📊 HMM(011200) 매도1호가: 18,210원 | 매수1호가: 18,200원
📌 BUY 리스크(1주) vs 신호(1주) → 1주 | 18,200원 = 18,200원
✅ 접수 | 매수 주문 접수: HMM 1주 (주문번호: 0233493)
🟢 BUY 두산에너빌(034020) 5pt [강세+1.9%★★/호가4.0★] 목표+2% 신뢰도0.78 ratio0.25
💰 예수금: 44,727원
📊 두산에너빌(034020) 매도1호가: 86,200원 | 매수1호가: 86,100원
⚠️ BUY 두산에너빌(034020) 재시도 1/3: ❌ 1주 가격(86,100원) > 예수금(44,727원) → 주문 취소
💰 예수금: 44,727원
📊 두산에너빌(034020) 매도1호가: 86,200원 | 매수1호가: 86,100원
⚠️ BUY 두산에너빌(034020) 재시도 2/3: ❌ 1주 가격(86,100원) > 예수금(44,727원) → 주문 취소
💰 예수금: 26,491원
📊 두산에너빌(034020) 매도1호가: 86,200원 | 매수1호가: 86,100원
⚠️ BUY 두산에너빌(034020) 재시도 3/3: ❌ 1주 가격(86,100원) > 예수금(26,491원) → 주문 취소
🚨 [09:55:30] 에러 — BUY 두산에너빌(034020) 주문 실패
❌ 1주 가격(86,100원) > 예수금(26,491원) → 주문 취소
✅ Discord 전송 완료
🟢 BUY 카카오(035720) 5pt [강세+1.9%★★/호가4.1★] 목표+2% 신뢰도0.78 ratio0.25
💰 예수금: 26,491원
📊 카카오(035720) 매도1호가: 37,500원 | 매수1호가: 37,450원
⚠️ BUY 카카오(035720) 재시도 1/3: ❌ 1주 가격(37,450원) > 예수금(26,491원) → 주문 취소
💰 예수금: 26,491원
📊 카카오(035720) 매도1호가: 37,500원 | 매수1호가: 37,450원
⚠️ BUY 카카오(035720) 재시도 2/3: ❌ 1주 가격(37,450원) > 예수금(26,491원) → 주문 취소
💰 예수금: 26,491원
📊 카카오(035720) 매도1호가: 37,450원 | 매수1호가: 37,400원
⚠️ BUY 카카오(035720) 재시도 3/3: ❌ 1주 가격(37,400원) > 예수금(26,491원) → 주문 취소
🚨 [09:55:41] 에러 — BUY 카카오(035720) 주문 실패
❌ 1주 가격(37,400원) > 예수금(26,491원) → 주문 취소
✅ Discord 전송 완료
🟢 BUY KT(030200) 4pt [강세+1.9%★★/호가1.7] 목표+2% 신뢰도0.74 ratio0.24
💰 예수금: 26,491원
📊 KT(030200) 매도1호가: 53,800원 | 매수1호가: 53,700원
⚠️ BUY KT(030200) 재시도 1/3: ❌ 1주 가격(53,700원) > 예수금(26,491원) → 주문 취소
💰 예수금: 26,491원
📊 KT(030200) 매도1호가: 53,800원 | 매수1호가: 53,700원
⚠️ BUY KT(030200) 재시도 2/3: ❌ 1주 가격(53,700원) > 예수금(26,491원) → 주문 취소
💰 예수금: 26,491원
📊 KT(030200) 매도1호가: 53,800원 | 매수1호가: 53,700원
⚠️ BUY KT(030200) 재시도 3/3: ❌ 1주 가격(53,700원) > 예수금(26,491원) → 주문 취소
🚨 [09:55:51] 에러 — BUY KT(030200) 주문 실패
❌ 1주 가격(53,700원) > 예수금(26,491원) → 주문 취소
✅ Discord 전송 완료
🟢 BUY 현대제철(004020) 5pt [강세+1.9%★★/호가2.9★] 목표+2% 신뢰도0.78 ratio0.25
💰 예수금: 26,491원
📊 현대제철(004020) 매도1호가: 32,000원 | 매수1호가: 31,950원
⚠️ BUY 현대제철(004020) 재시도 1/3: ❌ 1주 가격(31,950원) > 예수금(26,491원) → 주문 취소
💰 예수금: 26,491원
📊 현대제철(004020) 매도1호가: 32,000원 | 매수1호가: 31,950원
⚠️ BUY 현대제철(004020) 재시도 2/3: ❌ 1주 가격(31,950원) > 예수금(26,491원) → 주문 취소
💰 예수금: 26,491원
📊 현대제철(004020) 매도1호가: 32,000원 | 매수1호가: 31,950원
⚠️ BUY 현대제철(004020) 재시도 3/3: ❌ 1주 가격(31,950원) > 예수금(26,491원) → 주문 취소
🚨 [09:56:01] 에러 — BUY 현대제철(004020) 주문 실패
❌ 1주 가격(31,950원) > 예수금(26,491원) → 주문 취소
✅ Discord 전송 완료
🟢 BUY GS(078930) 4pt [강세+1.9%★★/호가1.8] 목표+2% 신뢰도0.74 ratio0.24
⏭️ 이전 스캔 실행 중 — 이번 실행 건너뜀
💰 예수금: 26,491원
📊 GS(078930) 매도1호가: 70,900원 | 매수1호가: 70,800원
⚠️ BUY GS(078930) 재시도 1/3: ❌ 1주 가격(70,800원) > 예수금(26,491원) → 주문 취소
💰 예수금: 26,491원
📊 GS(078930) 매도1호가: 70,900원 | 매수1호가: 70,800원
⚠️ BUY GS(078930) 재시도 2/3: ❌ 1주 가격(70,800원) > 예수금(26,491원) → 주문 취소
💰 예수금: 26,491원
📊 GS(078930) 매도1호가: 70,900원 | 매수1호가: 70,800원
⚠️ BUY GS(078930) 재시도 3/3: ❌ 1주 가격(70,800원) > 예수금(26,491원) → 주문 취소
🚨 [09:56:11] 에러 — BUY GS(078930) 주문 실패
❌ 1주 가격(70,800원) > 예수금(26,491원) → 주문 취소
✅ Discord 전송 완료
✅ Discord 전송 완료

[09:54] 🟢BUY | KODEX RSI56/-1.9%⬇️ | 예수금 96,430원

🟢 HPSP(403870)  4pt 목표+2%  RSI0 +0.0% 0.0x  [강세+1.9%★★·호가1.8]
🟢 HMM(011200)  5pt 목표+2%  RSI0 +0.0% 0.0x  [강세+1.9%★★·호가3.6★]

🔶 한화시스템  5pt/3pt  RSI0 +0.0%  [강세+1.9%★★·호가2.2★]
🔶 두산에너빌  5pt/3pt  RSI0 +0.0%  [강세+1.9%★★·호가4.0★]
🔶 카카오  5pt/3pt  RSI0 +0.0%  [강세+1.9%★★·호가4.1★]
🔶 현대제철  5pt/3pt  RSI0 +0.0%  [강세+1.9%★★·호가2.9★]
🔶 KT  4pt/3pt  RSI0 +0.0%  [강세+1.9%★★·호가1.7]
🔶 GS  4pt/3pt  RSI0 +0.0%  [강세+1.9%★★·호가1.8]
💰 예수금 26,490원 | KODEX200 RSI56/-1.5% 하락추세⬇️  | 매수기준 점수3pt↑
📦 보유 HMM(011200) 1주 +0.1%
📦 보유 HPSP(403870) 1주 +0.6%

코드      종목명           가격    RSI     변화율    거래량     BB   호가비  B/S
────────────────────────────────────────────────────────────────────────
[2단계 분석 대상: 011200, 403870, 042660, 000720, 003490, 000270, 096770]
403870  HPSP      52,200   51.4    -1.9%    0.3x     하단  0.76  2pt/1 [5분]
011200  HMM       18,240   82.0    -0.8%    0.2x     하단  2.01  4pt/0 [5분]
003490  대한항공      24,300   21.2    -4.5%    0.2x     하단  7.27  2pt/0 [5분]

══════════════════════════════════════════════════
→ 전종목 HOLD
✅ Discord 전송 완료

[09:58] HOLD | KODEX RSI56/-1.5%⬇️ | 보유:HMM(011200) +0.1% HPSP(403870) +0.6% | 💸예수금부족 | 최고신호 HMM(011200) 4pt/3pt [강세+0.7%★ / 호가2.0★]
💰 예수금 26,489원 | KODEX200 RSI56/-1.4% 하락추세⬇️  | 매수기준 점수3pt↑
📦 보유 HMM(011200) 1주 +0.2%
📦 보유 HPSP(403870) 1주 +1.7%

코드      종목명           가격    RSI     변화율    거래량     BB   호가비  B/S
────────────────────────────────────────────────────────────────────────
[2단계 분석 대상: 011200, 403870, 042660, 000880, 003490, 096770, 004020]
403870  HPSP      52,600   37.6    -0.6%    0.3x     하단  0.82  2pt/2 [5분]
011200  HMM       18,270   83.6    -0.7%    0.2x     하단  2.88  4pt/0 [5분]
003490  대한항공      24,350   30.6    -4.5%    0.2x     하단  5.33  2pt/0 [5분]

══════════════════════════════════════════════════
🟡 SELL(수익실현💰) HPSP(403870) +1.7% [수익+1.7%(목표2%), MA데드] 신뢰도0.7
💰 예수금: 26,489원
📊 HPSP(403870) 매도1호가: 52,700원 | 매수1호가: 52,500원
📌 SELL 지정가: 52,500원 × 1주
✅ 접수 | 매도 주문 접수: HPSP 1주 (주문번호: 0245924)
✅ Discord 전송 완료

[10:00] 🟡SELL | KODEX RSI56/-1.4%⬇️ | 예수금 26,489원

🟡 HPSP(403870)  💰수익+1.7%  RSI38 BB하단  [수익+1.7%(목표2%)·MA데드]
📦 HMM +0.2% | HPSP +1.7%

🔶 HMM  4pt/3pt  RSI84 -0.7%  [강세+0.7%★·호가2.9★]
🔶 대한항공  2pt/3pt  RSI31 -4.5%  [호가5.3★]
💰 예수금 78,989원 | KODEX200 RSI56/-1.4% 하락추세⬇️  | 매수기준 점수3pt↑
📦 보유 HMM(011200) 1주 +0.1%

코드      종목명           가격    RSI     변화율    거래량     BB   호가비  B/S
────────────────────────────────────────────────────────────────────────
[2단계 분석 대상: 011200, 003670, 042660, 004020, 003490, 096770]
403870  HPSP      53,200    0.0    +0.0%    0.0x     중간  0.84  2pt/0 [일봉]
011200  HMM       18,230   83.6    -0.9%    0.2x     하단  0.91  2pt/0 [5분]
015760  한국전력      35,250    0.0    +0.0%    0.0x     중간  3.60  4pt/0 [일봉]
035720  카카오       37,250    0.0    +0.0%    0.0x     중간  4.13  4pt/0 [일봉]
030200  KT        53,800    0.0    +0.0%    0.0x     중간  2.73  4pt/0 [일봉]
003490  대한항공      24,300   30.6    -4.7%    0.2x     하단  6.20  2pt/0 [5분]
004020  현대제철      31,750   50.0    -4.5%    0.2x     하단  6.32  4pt/0 [5분]
078930  GS        71,000    0.0    +0.0%    0.0x     중간  1.12  2pt/0 [일봉]

══════════════════════════════════════════════════
🟢 BUY 한국전력(015760) 4pt [강세+1.4%★/호가3.6★] 목표+2% 신뢰도0.74 ratio0.24
💰 예수금: 78,989원
📊 한국전력(015760) 매도1호가: 35,250원 | 매수1호가: 35,200원
📌 BUY 리스크(1주) vs 신호(1주) → 1주 | 35,200원 = 35,200원
✅ 접수 | 매수 주문 접수: 한국전력 1주 (주문번호: 0249547)
🟢 BUY 카카오(035720) 4pt [강세+1.4%★/호가4.1★] 목표+2% 신뢰도0.74 ratio0.24
💰 예수금: 78,989원
📊 카카오(035720) 매도1호가: 37,350원 | 매수1호가: 37,250원
📌 BUY 리스크(1주) vs 신호(1주) → 1주 | 37,250원 = 37,250원
✅ 접수 | 매수 주문 접수: 카카오 1주 (주문번호: 0249593)
🟢 BUY KT(030200) 4pt [강세+1.4%★/호가2.7★] 목표+2% 신뢰도0.74 ratio0.24
💰 예수금: 78,989원
📊 KT(030200) 매도1호가: 53,800원 | 매수1호가: 53,700원
📌 BUY 리스크(1주) vs 신호(1주) → 1주 | 53,700원 = 53,700원
⚠️  거절 | 주문 실패: API 오류: [2000](855056:매수증거금이 부족합니다. 0주 매수가능)
⚠️ BUY KT(030200) 거절: 💰 예수금: 78,989원
📊 KT(030200) 매도1호가: 53,800원 | 매수1호가: 53,700원
📌 BUY 리스크(1주) vs 신호(1주) → 1주 | 53,700원 = 53,700원
⚠️  거절 | 주문 실패: API 오류: [2000](855056:매수증거금이 부족합니다. 0주 매수가능)
✅ Discord 전송 완료

[10:02] 🟢BUY | KODEX RSI56/-1.4%⬇️ | 예수금 78,989원

🟢 한국전력(015760)  4pt 목표+2%  RSI0 +0.0% 0.0x  [강세+1.4%★·호가3.6★]
🟢 카카오(035720)  4pt 목표+2%  RSI0 +0.0% 0.0x  [강세+1.4%★·호가4.1★]
📦 HMM +0.1%

🔶 KT  4pt/3pt  RSI0 +0.0%  [강세+1.4%★·호가2.7★]
🔶 현대제철  4pt/3pt  RSI50 -4.5%  [호가6.3★·RSI50·연속상승]
🔶 HPSP  2pt/3pt  RSI0 +0.0%  [강세+1.4%★]
🔶 HMM  2pt/3pt  RSI84 -0.9%  [강세+0.5%★]
🔶 대한항공  2pt/3pt  RSI31 -4.7%  [호가6.2★]
🔶 GS  2pt/3pt  RSI0 +0.0%  [강세+1.4%★]
💰 예수금 43,720원 | KODEX200 RSI57/-0.9% 하락추세⬇️  | 매수기준 점수3pt↑
📦 보유 HMM(011200) 1주 -0.1%
📦 보유 한국전력(015760) 1주 -0.1%

코드      종목명           가격    RSI     변화율    거래량     BB   호가비  B/S
────────────────────────────────────────────────────────────────────────
[2단계 분석 대상: 011200, 015760, 105560, 042660, 003670, 003490, 096770]
011200  HMM       18,250   86.3    -0.7%    0.2x     하단  1.41  1pt/0 [5분]
015760  한국전력      35,250   54.5    -3.2%    0.2x     하단  3.78  3pt/0 [5분]
035720  카카오       37,450    0.0    +0.0%    0.0x     중간  2.77  4pt/0 [일봉]
003490  대한항공      24,300   32.4    -4.5%    0.2x     하단  7.00  2pt/0 [5분]
004020  현대제철      31,800    0.0    +0.0%    0.0x     중간  4.41  4pt/0 [일봉]

══════════════════════════════════════════════════
🟢 BUY 카카오(035720) 4pt [강세+0.9%★/호가2.8★] 목표+2% 신뢰도0.74 ratio0.24
💰 예수금: 43,720원
📊 카카오(035720) 매도1호가: 37,450원 | 매수1호가: 37,400원
📌 BUY 리스크(1주) vs 신호(1주) → 1주 | 37,400원 = 37,400원
⚠️  거절 | 주문 실패: API 오류: [2000](855056:매수증거금이 부족합니다. 0주 매수가능)
⚠️ BUY 카카오(035720) 거절: 💰 예수금: 43,720원
📊 카카오(035720) 매도1호가: 37,450원 | 매수1호가: 37,400원
📌 BUY 리스크(1주) vs 신호(1주) → 1주 | 37,400원 = 37,400원
⚠️  거절 | 주문 실패: API 오류: [2000](855056:매수증거금이 부족합니다. 0주 매수가능)
🟢 BUY 현대제철(004020) 4pt [강세+0.9%★/호가4.4★] 목표+2% 신뢰도0.74 ratio0.24
💰 예수금: 43,720원
📊 현대제철(004020) 매도1호가: 31,700원 | 매수1호가: 31,650원
📌 BUY 리스크(1주) vs 신호(1주) → 1주 | 31,650원 = 31,650원
⚠️  거절 | 주문 실패: API 오류: [2000](855056:매수증거금이 부족합니다. 0주 매수가능)
⚠️ BUY 현대제철(004020) 거절: 💰 예수금: 43,720원
📊 현대제철(004020) 매도1호가: 31,700원 | 매수1호가: 31,650원
📌 BUY 리스크(1주) vs 신호(1주) → 1주 | 31,650원 = 31,650원
⚠️  거절 | 주문 실패: API 오류: [2000](855056:매수증거금이 부족합니다. 0주 매수가능)
→ 전종목 HOLD
✅ Discord 전송 완료

[10:04] HOLD | KODEX RSI57/-0.9%⬇️ | 보유:HMM(011200) -0.1% 한국전력(015760) -0.1% | 💸예수금부족 | 최고신호 카카오(035720) 4pt/3pt [강세+0.9%★ / 호가2.8★]
💰 예수금 43,719원 | KODEX200 RSI57/-0.4% 하락추세⬇️  | 매수기준 점수3pt↑
📦 보유 HMM(011200) 1주 +0.1%
📦 보유 한국전력(015760) 1주 +0.2%

코드      종목명           가격    RSI     변화율    거래량     BB   호가비  B/S
────────────────────────────────────────────────────────────────────────
[2단계 분석 대상: 011200, 015760, 042660, 096770, 000880, 003490, 086790]
011200  HMM       18,240   86.3    -0.8%    0.2x     하단  3.09  2pt/0 [5분]
015760  한국전력      35,450   54.5    -2.8%    0.2x     하단  4.43  3pt/0 [5분]
035720  카카오       37,500    0.0    +0.0%    0.0x     중간  2.29  4pt/0 [일봉]
003490  대한항공      24,350   32.4    -4.3%    0.2x     하단  5.15  2pt/0 [5분]
004020  현대제철      31,800    0.0    +0.0%    0.0x     중간  4.63  4pt/0 [일봉]

══════════════════════════════════════════════════
🟢 BUY 카카오(035720) 4pt [강세+0.4%★/호가2.3★] 목표+2% 신뢰도0.74 ratio0.24
💰 예수금: 43,719원
📊 카카오(035720) 매도1호가: 37,400원 | 매수1호가: 37,350원
📌 BUY 리스크(1주) vs 신호(1주) → 1주 | 37,350원 = 37,350원
⚠️  거절 | 주문 실패: API 오류: [2000](855056:매수증거금이 부족합니다. 0주 매수가능)
⚠️ BUY 카카오(035720) 거절: 💰 예수금: 43,719원
📊 카카오(035720) 매도1호가: 37,400원 | 매수1호가: 37,350원
📌 BUY 리스크(1주) vs 신호(1주) → 1주 | 37,350원 = 37,350원
⚠️  거절 | 주문 실패: API 오류: [2000](855056:매수증거금이 부족합니다. 0주 매수가능)
🟢 BUY 현대제철(004020) 4pt [강세+0.4%★/호가4.6★] 목표+2% 신뢰도0.74 ratio0.24
💰 예수금: 43,720원
📊 현대제철(004020) 매도1호가: 31,800원 | 매수1호가: 31,750원
📌 BUY 리스크(1주) vs 신호(1주) → 1주 | 31,750원 = 31,750원
⚠️  거절 | 주문 실패: API 오류: [2000](855056:매수증거금이 부족합니다. 0주 매수가능)
⚠️ BUY 현대제철(004020) 거절: 💰 예수금: 43,720원
📊 현대제철(004020) 매도1호가: 31,800원 | 매수1호가: 31,750원
📌 BUY 리스크(1주) vs 신호(1주) → 1주 | 31,750원 = 31,750원
⚠️  거절 | 주문 실패: API 오류: [2000](855056:매수증거금이 부족합니다. 0주 매수가능)
→ 전종목 HOLD
✅ Discord 전송 완료

[10:06] HOLD | KODEX RSI57/-0.4%⬇️ | 보유:HMM(011200) +0.1% 한국전력(015760) +0.2% | 💸예수금부족 | 최고신호 카카오(035720) 4pt/3pt [강세+0.4%★ / 호가2.3★]
💰 예수금 43,719원 | KODEX200 RSI57/-0.8% 하락추세⬇️  | 매수기준 점수3pt↑
📦 보유 HMM(011200) 1주 +0.1%
📦 보유 한국전력(015760) 1주 +0.4%

코드      종목명           가격    RSI     변화율    거래량     BB   호가비  B/S
────────────────────────────────────────────────────────────────────────
[2단계 분석 대상: 011200, 015760, 042660, 000880, 096770, 000270, 004020]
011200  HMM       18,330   86.3    -0.4%    0.2x     하단  0.28  2pt/0 [5분]
015760  한국전력      35,450   54.5    -2.6%    0.2x     하단  3.79  3pt/0 [5분]
035720  카카오       37,550    0.0    +0.0%    0.0x     중간  1.06  2pt/0 [일봉]
003490  대한항공      24,450    0.0    +0.0%    0.0x     중간  3.92  4pt/0 [일봉]
004020  현대제철      31,800   52.6    -4.2%    0.2x     하단  5.84  3pt/0 [5분]

══════════════════════════════════════════════════
🟢 BUY 대한항공(003490) 4pt [강세+0.8%★/호가3.9★] 목표+2% 신뢰도0.74 ratio0.24
💰 예수금: 43,719원
📊 대한항공(003490) 매도1호가: 24,450원 | 매수1호가: 24,400원
📌 BUY 리스크(1주) vs 신호(1주) → 1주 | 24,400원 = 24,400원
⚠️  거절 | 주문 실패: API 오류: [2000](855056:매수증거금이 부족합니다. 0주 매수가능)
⚠️ BUY 대한항공(003490) 거절: 💰 예수금: 43,719원
📊 대한항공(003490) 매도1호가: 24,450원 | 매수1호가: 24,400원
📌 BUY 리스크(1주) vs 신호(1주) → 1주 | 24,400원 = 24,400원
⚠️  거절 | 주문 실패: API 오류: [2000](855056:매수증거금이 부족합니다. 0주 매수가능)
→ 전종목 HOLD
✅ Discord 전송 완료

[10:08] HOLD | KODEX RSI57/-0.8%⬇️ | 보유:HMM(011200) +0.1% 한국전력(015760) +0.4% | 💸예수금부족 | 최고신호 대한항공(003490) 4pt/3pt [강세+0.8%★ / 호가3.9★]
💰 예수금 43,719원 | KODEX200 RSI58/-0.0% 하락추세⬇️  | 매수기준 점수3pt↑
📦 보유 HMM(011200) 1주 +0.3%
📦 보유 한국전력(015760) 1주 +0.8%

코드      종목명           가격    RSI     변화율    거래량     BB   호가비  B/S
────────────────────────────────────────────────────────────────────────
[2단계 분석 대상: 011200, 015760, 000880, 004020, 066970, 096770, 064350]
011200  HMM       18,300   85.9    -0.5%    0.2x     하단  0.28  0pt/0 [5분]
015760  한국전력      35,550   52.3    -2.5%    0.2x     하단  2.24  3pt/0 [5분]
035720  카카오       37,650    0.0    +0.0%    0.0x     중간  0.59  0pt/0 [일봉]
003490  대한항공      24,550    0.0    +0.0%    0.0x     중간  2.00  2pt/0 [일봉]
004020  현대제철      31,950   50.0    -4.1%    0.2x     하단  5.10  3pt/0 [5분]

══════════════════════════════════════════════════
→ 전종목 HOLD
✅ Discord 전송 완료

[10:10] HOLD | KODEX RSI58/-0.0%⬇️ | 보유:HMM(011200) +0.3% 한국전력(015760) +0.8% | 💸예수금부족 | 최고신호 한국전력(015760) 3pt/3pt [호가2.2★ / RSI52]
💰 예수금 43,719원 | KODEX200 RSI58/+0.4% 하락추세⬇️  | 매수기준 점수3pt↑
📦 보유 HMM(011200) 1주 +0.3%
📦 보유 한국전력(015760) 1주 +0.9%

코드      종목명           가격    RSI     변화율    거래량     BB   호가비  B/S
────────────────────────────────────────────────────────────────────────
[2단계 분석 대상: 011200, 015760, 066970, 032830, 004020, 000880, 096770]
011200  HMM       18,280   85.9    -0.5%    0.2x     하단  1.24  0pt/0 [5분]
015760  한국전력      35,700   52.3    -1.9%    0.2x     중간  1.54  2pt/0 [5분]
035720  카카오       37,600    0.0    +0.0%    0.0x     중간  0.95  0pt/0 [일봉]
003490  대한항공      24,550    0.0    +0.0%    0.0x     중간  2.25  2pt/0 [일봉]
004020  현대제철      31,900   50.0    -4.1%    0.2x     하단  5.99  3pt/0 [5분]

══════════════════════════════════════════════════
→ 전종목 HOLD
✅ Discord 전송 완료

[10:12] HOLD | KODEX RSI58/+0.4%⬇️ | 보유:HMM(011200) +0.3% 한국전력(015760) +0.9% | 💸예수금부족 | 최고신호 현대제철(004020) 3pt/3pt [호가6.0★ / RSI50]
💰 예수금 43,719원 | KODEX200 RSI58/+0.7% 하락추세⬇️  | 매수기준 점수3pt↑
📦 보유 HMM(011200) 1주 +0.5%
📦 보유 한국전력(015760) 1주 +0.7%

코드      종목명           가격    RSI     변화율    거래량     BB   호가비  B/S
────────────────────────────────────────────────────────────────────────
[2단계 분석 대상: 011200, 015760, 096770, 032830, 004020, 003490, 000720]
011200  HMM       18,310   88.3    -0.4%    0.2x     하단  0.52  0pt/0 [5분]
015760  한국전력      35,550   61.5    -2.4%    0.2x     하단  1.97  2pt/0 [5분]
035720  카카오       37,550    0.0    +0.0%    0.0x     중간  1.25  0pt/0 [일봉]
003490  대한항공      24,500   38.5    -3.7%    0.3x     하단  4.38  2pt/0 [5분]
004020  현대제철      31,900   58.3    -4.2%    0.2x     하단  5.29  3pt/0 [5분]

══════════════════════════════════════════════════
→ 전종목 HOLD
✅ Discord 전송 완료

[10:14] HOLD | KODEX RSI58/+0.7%⬇️ | 보유:HMM(011200) +0.5% 한국전력(015760) +0.7% | 💸예수금부족 | 최고신호 현대제철(004020) 3pt/3pt [호가5.3★ / RSI58]
💰 예수금 43,719원 | KODEX200 RSI58/+0.4% 하락추세⬇️  | 매수기준 점수3pt↑
📦 보유 HMM(011200) 1주 +0.8%
📦 보유 한국전력(015760) 1주 +1.1%

코드      종목명           가격    RSI     변화율    거래량     BB   호가비  B/S
────────────────────────────────────────────────────────────────────────
[2단계 분석 대상: 011200, 015760, 032830, 096770, 004020, 003490, 000270]
011200  HMM       18,420   88.3    +0.0%    0.2x     중간  0.26  0pt/1 [5분]
015760  한국전력      35,700   61.5    -2.1%    0.2x     하단  1.14  1pt/0 [5분]
035720  카카오       37,550    0.0    +0.0%    0.0x     중간  1.30  1pt/0 [일봉]
003490  대한항공      24,550   38.5    -3.7%    0.3x     하단  4.03  2pt/0 [5분]
004020  현대제철      31,850   58.3    -4.4%    0.2x     하단  4.06  3pt/0 [5분]

══════════════════════════════════════════════════
→ 전종목 HOLD
✅ Discord 전송 완료

[10:16] HOLD | KODEX RSI58/+0.4%⬇️ | 보유:HMM(011200) +0.8% 한국전력(015760) +1.1% | 💸예수금부족 | 최고신호 현대제철(004020) 3pt/3pt [호가4.1★ / RSI58]
💰 예수금 43,719원 | KODEX200 RSI58/+0.2% 하락추세⬇️  | 매수기준 점수3pt↑
📦 보유 HMM(011200) 1주 +1.1%
📦 보유 한국전력(015760) 1주 +1.1%

코드      종목명           가격    RSI     변화율    거래량     BB   호가비  B/S
────────────────────────────────────────────────────────────────────────
[2단계 분석 대상: 011200, 015760, 032830, 004020, 096770, 000880, 035720]
011200  HMM       18,440   88.3    +0.3%    0.2x     중간  0.47  0pt/1 [5분]
015760  한국전력      35,650   61.5    -2.3%    0.2x     하단  0.88  1pt/0 [5분]
035720  카카오       37,450   89.2    -1.8%    0.1x     하단  3.50  2pt/0 [5분]
003490  대한항공      24,550    0.0    +0.0%    0.0x     중간  2.47  2pt/0 [일봉]
004020  현대제철      31,650   58.3    -4.8%    0.2x     하단  7.10  3pt/0 [5분]

══════════════════════════════════════════════════
→ 전종목 HOLD
✅ Discord 전송 완료

[10:18] HOLD | KODEX RSI58/+0.2%⬇️ | 보유:HMM(011200) +1.1% 한국전력(015760) +1.1% | 💸예수금부족 | 최고신호 현대제철(004020) 3pt/3pt [호가7.1★ / RSI58]
💰 예수금 43,719원 | KODEX200 RSI58/-0.1% 하락추세⬇️  | 매수기준 점수3pt↑
📦 보유 HMM(011200) 1주 +1.1%
📦 보유 한국전력(015760) 1주 +0.8%

코드      종목명           가격    RSI     변화율    거래량     BB   호가비  B/S
────────────────────────────────────────────────────────────────────────
[2단계 분석 대상: 011200, 015760, 247540, 000880, 004020, 000270, 035720]
011200  HMM       18,420   91.9    +0.2%    0.2x     중간  0.49  0pt/1 [5분]
015760  한국전력      35,600   60.5    -2.3%    0.2x     하단  1.70  2pt/0 [5분]
035720  카카오       37,500   86.8    -1.8%    0.2x     하단  3.65  2pt/0 [5분]
003490  대한항공      24,550    0.0    +0.0%    0.0x     중간  2.87  2pt/0 [일봉]
004020  현대제철      31,550   58.3    -5.3%    0.2x     하단  5.15  3pt/0 [5분]

══════════════════════════════════════════════════
→ 전종목 HOLD
✅ Discord 전송 완료

[10:20] HOLD | KODEX RSI58/-0.1%⬇️ | 보유:HMM(011200) +1.1% 한국전력(015760) +0.8% | 💸예수금부족 | 최고신호 현대제철(004020) 3pt/3pt [호가5.2★ / RSI58]
💰 예수금 43,719원 | KODEX200 RSI57/-0.7% 하락추세⬇️  | 매수기준 점수3pt↑
📦 보유 HMM(011200) 1주 +1.0%
📦 보유 한국전력(015760) 1주 +0.7%

코드      종목명           가격    RSI     변화율    거래량     BB   호가비  B/S
────────────────────────────────────────────────────────────────────────
[2단계 분석 대상: 011200, 015760, 096770, 000720, 017670, 000270, 035720]
011200  HMM       18,400   91.9    +0.2%    0.2x     중간  0.51  2pt/1 [5분]
015760  한국전력      35,500   60.5    -2.5%    0.2x     하단  3.38  3pt/0 [5분]
035720  카카오       37,400   86.8    -2.1%    0.2x     하단  4.79  2pt/0 [5분]
003490  대한항공      24,550    0.0    +0.0%    0.0x     중간  2.97  4pt/0 [일봉]
004020  현대제철      31,550    0.0    +0.0%    0.0x     중간  4.27  4pt/0 [일봉]

══════════════════════════════════════════════════
🟢 BUY 대한항공(003490) 4pt [강세+0.7%★/호가3.0★] 목표+2% 신뢰도0.74 ratio0.24
💰 예수금: 43,719원
📊 대한항공(003490) 매도1호가: 24,550원 | 매수1호가: 24,500원
📌 BUY 리스크(1주) vs 신호(1주) → 1주 | 24,500원 = 24,500원
⚠️  거절 | 주문 실패: API 오류: [2000](855056:매수증거금이 부족합니다. 0주 매수가능)
⚠️ BUY 대한항공(003490) 거절: 💰 예수금: 43,719원
📊 대한항공(003490) 매도1호가: 24,550원 | 매수1호가: 24,500원
📌 BUY 리스크(1주) vs 신호(1주) → 1주 | 24,500원 = 24,500원
⚠️  거절 | 주문 실패: API 오류: [2000](855056:매수증거금이 부족합니다. 0주 매수가능)
🟢 BUY 현대제철(004020) 4pt [강세+0.7%★/호가4.3★] 목표+2% 신뢰도0.74 ratio0.24
💰 예수금: 43,719원
📊 현대제철(004020) 매도1호가: 31,600원 | 매수1호가: 31,550원
📌 BUY 리스크(1주) vs 신호(1주) → 1주 | 31,550원 = 31,550원
⚠️  거절 | 주문 실패: API 오류: [2000](855056:매수증거금이 부족합니다. 0주 매수가능)
⚠️ BUY 현대제철(004020) 거절: 💰 예수금: 43,719원
📊 현대제철(004020) 매도1호가: 31,600원 | 매수1호가: 31,550원
📌 BUY 리스크(1주) vs 신호(1주) → 1주 | 31,550원 = 31,550원
⚠️  거절 | 주문 실패: API 오류: [2000](855056:매수증거금이 부족합니다. 0주 매수가능)
→ 전종목 HOLD
✅ Discord 전송 완료

[10:22] HOLD | KODEX RSI57/-0.7%⬇️ | 보유:HMM(011200) +1.0% 한국전력(015760) +0.7% | 💸예수금부족 | 최고신호 대한항공(003490) 4pt/3pt [강세+0.7%★ / 호가3.0★]
💰 예수금 43,719원 | KODEX200 RSI57/-0.7% 하락추세⬇️  | 매수기준 점수3pt↑
📦 보유 HMM(011200) 1주 +0.8%
📦 보유 한국전력(015760) 1주 +0.8%

코드      종목명           가격    RSI     변화율    거래량     BB   호가비  B/S
────────────────────────────────────────────────────────────────────────
[2단계 분석 대상: 011200, 015760, 096770, 000720, 017670, 000270, 000880]
011200  HMM       18,380   88.9    -0.1%    0.2x     중간  0.45  2pt/1 [5분]
015760  한국전력      35,550   62.2    -2.5%    0.2x     하단  1.94  2pt/0 [5분]
035720  카카오       37,450    0.0    +0.0%    0.0x     중간  3.68  4pt/0 [일봉]
003490  대한항공      24,550    0.0    +0.0%    0.0x     중간  2.25  4pt/0 [일봉]
004020  현대제철      31,650    0.0    +0.0%    0.0x     중간  4.43  4pt/0 [일봉]

══════════════════════════════════════════════════
🟢 BUY 카카오(035720) 4pt [강세+0.7%★/호가3.7★] 목표+2% 신뢰도0.74 ratio0.24
💰 예수금: 43,719원
📊 카카오(035720) 매도1호가: 37,450원 | 매수1호가: 37,400원
📌 BUY 리스크(1주) vs 신호(1주) → 1주 | 37,400원 = 37,400원
⚠️  거절 | 주문 실패: API 오류: [2000](855056:매수증거금이 부족합니다. 0주 매수가능)
⚠️ BUY 카카오(035720) 거절: 💰 예수금: 43,719원
📊 카카오(035720) 매도1호가: 37,450원 | 매수1호가: 37,400원
📌 BUY 리스크(1주) vs 신호(1주) → 1주 | 37,400원 = 37,400원
⚠️  거절 | 주문 실패: API 오류: [2000](855056:매수증거금이 부족합니다. 0주 매수가능)
🟢 BUY 대한항공(003490) 4pt [강세+0.7%★/호가2.2★] 목표+2% 신뢰도0.74 ratio0.24
💰 예수금: 43,719원
📊 대한항공(003490) 매도1호가: 24,550원 | 매수1호가: 24,500원
📌 BUY 리스크(1주) vs 신호(1주) → 1주 | 24,500원 = 24,500원
⚠️  거절 | 주문 실패: API 오류: [2000](855056:매수증거금이 부족합니다. 0주 매수가능)
⚠️ BUY 대한항공(003490) 거절: 💰 예수금: 43,719원
📊 대한항공(003490) 매도1호가: 24,550원 | 매수1호가: 24,500원
📌 BUY 리스크(1주) vs 신호(1주) → 1주 | 24,500원 = 24,500원
⚠️  거절 | 주문 실패: API 오류: [2000](855056:매수증거금이 부족합니다. 0주 매수가능)
🟢 BUY 현대제철(004020) 4pt [강세+0.7%★/호가4.4★] 목표+2% 신뢰도0.74 ratio0.24
💰 예수금: 43,719원
📊 현대제철(004020) 매도1호가: 31,650원 | 매수1호가: 31,600원
📌 BUY 리스크(1주) vs 신호(1주) → 1주 | 31,600원 = 31,600원
⚠️  거절 | 주문 실패: API 오류: [2000](855056:매수증거금이 부족합니다. 0주 매수가능)
⚠️ BUY 현대제철(004020) 거절: 💰 예수금: 43,719원
📊 현대제철(004020) 매도1호가: 31,650원 | 매수1호가: 31,600원
📌 BUY 리스크(1주) vs 신호(1주) → 1주 | 31,600원 = 31,600원
⚠️  거절 | 주문 실패: API 오류: [2000](855056:매수증거금이 부족합니다. 0주 매수가능)
→ 전종목 HOLD
✅ Discord 전송 완료

[10:24] HOLD | KODEX RSI57/-0.7%⬇️ | 보유:HMM(011200) +0.8% 한국전력(015760) +0.8% | 💸예수금부족 | 최고신호 카카오(035720) 4pt/3pt [강세+0.7%★ / 호가3.7★]
💰 예수금 43,719원 | KODEX200 RSI57/-0.5% 하락추세⬇️  | 매수기준 점수3pt↑
📦 보유 HMM(011200) 1주 +0.7%
📦 보유 한국전력(015760) 1주 +0.8%

코드      종목명           가격    RSI     변화율    거래량     BB   호가비  B/S
────────────────────────────────────────────────────────────────────────
[2단계 분석 대상: 011200, 015760, 096770, 000720, 000270, 066970, 017670]
011200  HMM       18,390   88.9    +0.0%    0.2x     중간  0.26  2pt/1 [5분]
015760  한국전력      35,550   62.2    -2.5%    0.2x     하단  1.69  2pt/0 [5분]
035720  카카오       37,400    0.0    +0.0%    0.0x     중간  3.03  4pt/0 [일봉]
003490  대한항공      24,600    0.0    +0.0%    0.0x     중간  1.81  3pt/0 [일봉]
004020  현대제철      31,650    0.0    +0.0%    0.0x     중간  3.75  4pt/0 [일봉]

══════════════════════════════════════════════════
🟢 BUY 카카오(035720) 4pt [강세+0.5%★/호가3.0★] 목표+2% 신뢰도0.74 ratio0.24
💰 예수금: 43,719원
📊 카카오(035720) 매도1호가: 37,400원 | 매수1호가: 37,350원
📌 BUY 리스크(1주) vs 신호(1주) → 1주 | 37,350원 = 37,350원
⚠️  거절 | 주문 실패: API 오류: [2000](855056:매수증거금이 부족합니다. 0주 매수가능)
⚠️ BUY 카카오(035720) 거절: 💰 예수금: 43,719원
📊 카카오(035720) 매도1호가: 37,400원 | 매수1호가: 37,350원
📌 BUY 리스크(1주) vs 신호(1주) → 1주 | 37,350원 = 37,350원
⚠️  거절 | 주문 실패: API 오류: [2000](855056:매수증거금이 부족합니다. 0주 매수가능)
🟢 BUY 대한항공(003490) 3pt [강세+0.5%★/호가1.8] 목표+2% 신뢰도0.70 ratio0.20
💰 예수금: 43,719원
📊 대한항공(003490) 매도1호가: 24,600원 | 매수1호가: 24,550원
📌 BUY 리스크(1주) vs 신호(1주) → 1주 | 24,550원 = 24,550원
⚠️  거절 | 주문 실패: API 오류: [2000](855056:매수증거금이 부족합니다. 0주 매수가능)
⚠️ BUY 대한항공(003490) 거절: 💰 예수금: 43,719원
📊 대한항공(003490) 매도1호가: 24,600원 | 매수1호가: 24,550원
📌 BUY 리스크(1주) vs 신호(1주) → 1주 | 24,550원 = 24,550원
⚠️  거절 | 주문 실패: API 오류: [2000](855056:매수증거금이 부족합니다. 0주 매수가능)
🟢 BUY 현대제철(004020) 4pt [강세+0.5%★/호가3.8★] 목표+2% 신뢰도0.74 ratio0.24
💰 예수금: 43,719원
📊 현대제철(004020) 매도1호가: 31,600원 | 매수1호가: 31,550원
📌 BUY 리스크(1주) vs 신호(1주) → 1주 | 31,550원 = 31,550원
⚠️  거절 | 주문 실패: API 오류: [2000](855056:매수증거금이 부족합니다. 0주 매수가능)
⚠️ BUY 현대제철(004020) 거절: 💰 예수금: 43,719원
📊 현대제철(004020) 매도1호가: 31,600원 | 매수1호가: 31,550원
📌 BUY 리스크(1주) vs 신호(1주) → 1주 | 31,550원 = 31,550원
⚠️  거절 | 주문 실패: API 오류: [2000](855056:매수증거금이 부족합니다. 0주 매수가능)
→ 전종목 HOLD
✅ Discord 전송 완료

[10:26] HOLD | KODEX RSI57/-0.5%⬇️ | 보유:HMM(011200) +0.7% 한국전력(015760) +0.8% | 💸예수금부족 | 최고신호 카카오(035720) 4pt/3pt [강세+0.5%★ / 호가3.0★]
💰 예수금 43,719원 | KODEX200 RSI58/+0.0% 하락추세⬇️  | 매수기준 점수3pt↑
📦 보유 HMM(011200) 1주 +0.8%
📦 보유 한국전력(015760) 1주 +0.7%

코드      종목명           가격    RSI     변화율    거래량     BB   호가비  B/S
────────────────────────────────────────────────────────────────────────
[2단계 분석 대상: 011200, 015760, 017670, 096770, 000270, 000880, 035720]
011200  HMM       18,440   88.9    +0.3%    0.2x     중간  0.27  0pt/1 [5분]
015760  한국전력      35,550   62.2    -2.8%    0.3x     하단  1.58  2pt/0 [5분]
035720  카카오       37,450   86.8    -1.8%    0.2x     하단  4.03  2pt/0 [5분]
003490  대한항공      24,650    0.0    +0.0%    0.0x     중간  1.69  1pt/0 [일봉]
004020  현대제철      31,600    0.0    +0.0%    0.0x     중간  2.99  2pt/0 [일봉]

══════════════════════════════════════════════════
→ 전종목 HOLD
✅ Discord 전송 완료

[10:28] HOLD | KODEX RSI58/+0.0%⬇️ | 보유:HMM(011200) +0.8% 한국전력(015760) +0.7% | 💸예수금부족 | 최고신호 한국전력(015760) 2pt/3pt [호가1.6 / RSI62]
💰 예수금 43,719원 | KODEX200 RSI58/+0.1% 하락추세⬇️  | 매수기준 점수3pt↑
📦 보유 HMM(011200) 1주 +1.0%
📦 보유 한국전력(015760) 1주 +0.4%

코드      종목명           가격    RSI     변화율    거래량     BB   호가비  B/S
────────────────────────────────────────────────────────────────────────
[2단계 분석 대상: 011200, 015760, 004020, 096770, 000270, 035720, 000720]
011200  HMM       18,410   85.3    +0.2%    0.2x     중간  0.41  0pt/1 [5분]
015760  한국전력      35,450   60.5    -2.8%    0.3x     하단  4.25  3pt/0 [5분]
035720  카카오       37,500   86.8    -2.0%    0.2x     하단  4.53  2pt/0 [5분]
003490  대한항공      24,650    0.0    +0.0%    0.0x     중간  1.59  1pt/0 [일봉]
004020  현대제철      31,600   54.5    -5.0%    0.3x     하단  8.62  3pt/0 [5분]

══════════════════════════════════════════════════
→ 전종목 HOLD
✅ Discord 전송 완료

[10:30] HOLD | KODEX RSI58/+0.1%⬇️ | 보유:HMM(011200) +1.0% 한국전력(015760) +0.4% | 💸예수금부족 | 최고신호 한국전력(015760) 3pt/3pt [호가4.2★ / RSI60]
💰 예수금 43,720원 | KODEX200 RSI57/-0.6% 하락추세⬇️  | 매수기준 점수3pt↑
📦 보유 HMM(011200) 1주 +0.8%
📦 보유 한국전력(015760) 1주 +0.1%

코드      종목명           가격    RSI     변화율    거래량     BB   호가비  B/S
────────────────────────────────────────────────────────────────────────
[2단계 분석 대상: 011200, 015760, 017670, 272210, 004020, 042660, 096770]
011200  HMM       18,430   85.3    +0.3%    0.2x     중간  0.42  2pt/1 [5분]
015760  한국전력      35,400   60.5    -2.8%    0.3x     하단  7.48  3pt/0 [5분]
035720  카카오       37,450    0.0    +0.0%    0.0x     중간  4.31  4pt/0 [일봉]
003490  대한항공      24,550    0.0    +0.0%    0.0x     중간  2.45  4pt/0 [일봉]
004020  현대제철      31,600   54.5    -5.3%    0.3x     하단  9.43  3pt/0 [5분]

══════════════════════════════════════════════════
🟢 BUY 카카오(035720) 4pt [강세+0.6%★/호가4.3★] 목표+2% 신뢰도0.74 ratio0.24
💰 예수금: 43,719원
📊 카카오(035720) 매도1호가: 37,450원 | 매수1호가: 37,400원
📌 BUY 리스크(1주) vs 신호(1주) → 1주 | 37,400원 = 37,400원
⚠️  거절 | 주문 실패: API 오류: [2000](855056:매수증거금이 부족합니다. 0주 매수가능)
⚠️ BUY 카카오(035720) 거절: 💰 예수금: 43,719원
📊 카카오(035720) 매도1호가: 37,450원 | 매수1호가: 37,400원
📌 BUY 리스크(1주) vs 신호(1주) → 1주 | 37,400원 = 37,400원
⚠️  거절 | 주문 실패: API 오류: [2000](855056:매수증거금이 부족합니다. 0주 매수가능)
🟢 BUY 대한항공(003490) 4pt [강세+0.6%★/호가2.5★] 목표+2% 신뢰도0.74 ratio0.24
💰 예수금: 43,719원
📊 대한항공(003490) 매도1호가: 24,550원 | 매수1호가: 24,500원
📌 BUY 리스크(1주) vs 신호(1주) → 1주 | 24,500원 = 24,500원
⚠️  거절 | 주문 실패: API 오류: [2000](855056:매수증거금이 부족합니다. 0주 매수가능)
⚠️ BUY 대한항공(003490) 거절: 💰 예수금: 43,719원
📊 대한항공(003490) 매도1호가: 24,550원 | 매수1호가: 24,500원
📌 BUY 리스크(1주) vs 신호(1주) → 1주 | 24,500원 = 24,500원
⚠️  거절 | 주문 실패: API 오류: [2000](855056:매수증거금이 부족합니다. 0주 매수가능)
→ 전종목 HOLD
✅ Discord 전송 완료

[10:32] HOLD | KODEX RSI57/-0.6%⬇️ | 보유:HMM(011200) +0.8% 한국전력(015760) +0.1% | 💸예수금부족 | 최고신호 카카오(035720) 4pt/3pt [강세+0.6%★ / 호가4.3★]
💰 예수금 43,719원 | KODEX200 RSI57/-0.8% 하락추세⬇️  | 매수기준 점수3pt↑
📦 보유 HMM(011200) 1주 +1.1%
📦 보유 한국전력(015760) 1주 +0.4%

코드      종목명           가격    RSI     변화율    거래량     BB   호가비  B/S
────────────────────────────────────────────────────────────────────────
[2단계 분석 대상: 011200, 015760, 017670, 064350, 004020, 096770, 000880]
011200  HMM       18,430   84.2    +0.2%    0.2x     중간  0.47  3pt/1 [5분]
015760  한국전력      35,400   46.2    -2.9%    0.3x     하단  9.06  3pt/0 [5분]
035720  카카오       37,400    0.0    +0.0%    0.0x     중간  6.38  4pt/0 [일봉]
003490  대한항공      24,550    0.0    +0.0%    0.0x     중간  2.55  4pt/0 [일봉]
004020  현대제철      31,550   50.0    -5.3%    0.3x     하단  9.60  3pt/0 [5분]

══════════════════════════════════════════════════
🟢 BUY 카카오(035720) 4pt [강세+0.8%★/호가6.4★] 목표+2% 신뢰도0.74 ratio0.24
💰 예수금: 43,719원
📊 카카오(035720) 매도1호가: 37,400원 | 매수1호가: 37,350원
📌 BUY 리스크(1주) vs 신호(1주) → 1주 | 37,350원 = 37,350원
⚠️  거절 | 주문 실패: API 오류: [2000](855056:매수증거금이 부족합니다. 0주 매수가능)
⚠️ BUY 카카오(035720) 거절: 💰 예수금: 43,719원
📊 카카오(035720) 매도1호가: 37,400원 | 매수1호가: 37,350원
📌 BUY 리스크(1주) vs 신호(1주) → 1주 | 37,350원 = 37,350원
⚠️  거절 | 주문 실패: API 오류: [2000](855056:매수증거금이 부족합니다. 0주 매수가능)
🟢 BUY 대한항공(003490) 4pt [강세+0.8%★/호가2.5★] 목표+2% 신뢰도0.74 ratio0.24
💰 예수금: 43,719원
📊 대한항공(003490) 매도1호가: 24,550원 | 매수1호가: 24,500원
📌 BUY 리스크(1주) vs 신호(1주) → 1주 | 24,500원 = 24,500원
⚠️  거절 | 주문 실패: API 오류: [2000](855056:매수증거금이 부족합니다. 0주 매수가능)
⚠️ BUY 대한항공(003490) 거절: 💰 예수금: 43,719원
📊 대한항공(003490) 매도1호가: 24,550원 | 매수1호가: 24,500원
📌 BUY 리스크(1주) vs 신호(1주) → 1주 | 24,500원 = 24,500원
⚠️  거절 | 주문 실패: API 오류: [2000](855056:매수증거금이 부족합니다. 0주 매수가능)
→ 전종목 HOLD
✅ Discord 전송 완료

[10:34] HOLD | KODEX RSI57/-0.8%⬇️ | 보유:HMM(011200) +1.1% 한국전력(015760) +0.4% | 💸예수금부족 | 최고신호 카카오(035720) 4pt/3pt [강세+0.8%★ / 호가6.4★]
💰 예수금 43,719원 | KODEX200 RSI57/-0.5% 하락추세⬇️  | 매수기준 점수3pt↑
📦 보유 HMM(011200) 1주 +0.9%
📦 보유 한국전력(015760) 1주 +0.2%

코드      종목명           가격    RSI     변화율    거래량     BB   호가비  B/S
────────────────────────────────────────────────────────────────────────
[2단계 분석 대상: 011200, 015760, 096770, 004020, 017670, 042660, 035720]
011200  HMM       18,390   84.2    +0.0%    0.3x     중간  0.20  3pt/1 [5분]
015760  한국전력      35,400   46.2    -2.8%    0.3x     하단  9.89  3pt/0 [5분]
035720  카카오       37,400   80.0    -2.1%    0.2x     하단  6.64  2pt/0 [5분]
003490  대한항공      24,550    0.0    +0.0%    0.0x     중간  2.47  4pt/0 [일봉]
004020  현대제철      31,500   50.0    -5.6%    0.3x     하단 13.26  3pt/0 [5분]

══════════════════════════════════════════════════
🟢 BUY 대한항공(003490) 4pt [강세+0.5%★/호가2.5★] 목표+2% 신뢰도0.74 ratio0.24
💰 예수금: 43,720원
📊 대한항공(003490) 매도1호가: 24,500원 | 매수1호가: 24,450원
📌 BUY 리스크(1주) vs 신호(1주) → 1주 | 24,450원 = 24,450원
⚠️  거절 | 주문 실패: API 오류: [2000](855056:매수증거금이 부족합니다. 0주 매수가능)
⚠️ BUY 대한항공(003490) 거절: 💰 예수금: 43,720원
📊 대한항공(003490) 매도1호가: 24,500원 | 매수1호가: 24,450원
📌 BUY 리스크(1주) vs 신호(1주) → 1주 | 24,450원 = 24,450원
⚠️  거절 | 주문 실패: API 오류: [2000](855056:매수증거금이 부족합니다. 0주 매수가능)
→ 전종목 HOLD
✅ Discord 전송 완료

[10:36] HOLD | KODEX RSI57/-0.5%⬇️ | 보유:HMM(011200) +0.9% 한국전력(015760) +0.2% | 💸예수금부족 | 최고신호 대한항공(003490) 4pt/3pt [강세+0.5%★ / 호가2.5★]
💰 예수금 43,720원 | KODEX200 RSI57/-0.8% 하락추세⬇️  | 매수기준 점수3pt↑
📦 보유 HMM(011200) 1주 +0.7%
📦 보유 한국전력(015760) 1주 +0.0%

코드      종목명           가격    RSI     변화율    거래량     BB   호가비  B/S
────────────────────────────────────────────────────────────────────────
[2단계 분석 대상: 011200, 015760, 096770, 017670, 064350, 042660, 004020]
011200  HMM       18,380   84.2    +0.0%    0.3x     중간  0.76  3pt/1 [5분]
015760  한국전력      35,300   46.2    -3.0%    0.3x     하단 12.38  3pt/0 [5분]
035720  카카오       37,400    0.0    +0.0%    0.0x     중간  5.51  4pt/0 [일봉]
003490  대한항공      24,500    0.0    +0.0%    0.0x     중간  3.51  4pt/0 [일봉]
004020  현대제철      31,400   50.0    -5.6%    0.3x     하단 10.08  3pt/0 [5분]

══════════════════════════════════════════════════
🟢 BUY 카카오(035720) 4pt [강세+0.8%★/호가5.5★] 목표+2% 신뢰도0.74 ratio0.24
💰 예수금: 43,720원
📊 카카오(035720) 매도1호가: 37,450원 | 매수1호가: 37,400원
📌 BUY 리스크(1주) vs 신호(1주) → 1주 | 37,400원 = 37,400원
⚠️  거절 | 주문 실패: API 오류: [2000](855056:매수증거금이 부족합니다. 0주 매수가능)
⚠️ BUY 카카오(035720) 거절: 💰 예수금: 43,720원
📊 카카오(035720) 매도1호가: 37,450원 | 매수1호가: 37,400원
📌 BUY 리스크(1주) vs 신호(1주) → 1주 | 37,400원 = 37,400원
⚠️  거절 | 주문 실패: API 오류: [2000](855056:매수증거금이 부족합니다. 0주 매수가능)
🟢 BUY 대한항공(003490) 4pt [강세+0.8%★/호가3.5★] 목표+2% 신뢰도0.74 ratio0.24
💰 예수금: 43,720원
📊 대한항공(003490) 매도1호가: 24,550원 | 매수1호가: 24,500원
📌 BUY 리스크(1주) vs 신호(1주) → 1주 | 24,500원 = 24,500원
⚠️  거절 | 주문 실패: API 오류: [2000](855056:매수증거금이 부족합니다. 0주 매수가능)
⚠️ BUY 대한항공(003490) 거절: 💰 예수금: 43,720원
📊 대한항공(003490) 매도1호가: 24,550원 | 매수1호가: 24,500원
📌 BUY 리스크(1주) vs 신호(1주) → 1주 | 24,500원 = 24,500원
⚠️  거절 | 주문 실패: API 오류: [2000](855056:매수증거금이 부족합니다. 0주 매수가능)
→ 전종목 HOLD
✅ Discord 전송 완료

[10:38] HOLD | KODEX RSI57/-0.8%⬇️ | 보유:HMM(011200) +0.7% 한국전력(015760) +0.0% | 💸예수금부족 | 최고신호 카카오(035720) 4pt/3pt [강세+0.8%★ / 호가5.5★]
💰 예수금 43,720원 | KODEX200 RSI58/-0.1% 하락추세⬇️  | 매수기준 점수3pt↑
📦 보유 HMM(011200) 1주 +0.7%
📦 보유 한국전력(015760) 1주 +0.1%

코드      종목명           가격    RSI     변화율    거래량     BB   호가비  B/S
────────────────────────────────────────────────────────────────────────
[2단계 분석 대상: 011200, 015760, 096770, 017670, 064350, 004020, 000720]
011200  HMM       18,380   83.6    -0.1%    0.3x     중간  0.72  1pt/1 [5분]
015760  한국전력      35,350   46.2    -3.0%    0.3x     하단 11.57  3pt/0 [5분]
035720  카카오       37,450    0.0    +0.0%    0.0x     중간  4.78  2pt/0 [일봉]
003490  대한항공      24,550    0.0    +0.0%    0.0x     중간  2.75  2pt/0 [일봉]
004020  현대제철      31,450   51.4    -5.4%    0.3x     하단  7.92  3pt/0 [5분]

══════════════════════════════════════════════════
→ 전종목 HOLD
✅ Discord 전송 완료

[10:40] HOLD | KODEX RSI58/-0.1%⬇️ | 보유:HMM(011200) +0.7% 한국전력(015760) +0.1% | 💸예수금부족 | 최고신호 한국전력(015760) 3pt/3pt [호가11.6★ / RSI46]
💰 예수금 43,720원 | KODEX200 RSI58/+0.2% 하락추세⬇️  | 매수기준 점수3pt↑
📦 보유 HMM(011200) 1주 +0.7%
📦 보유 한국전력(015760) 1주 +0.1%

코드      종목명           가격    RSI     변화율    거래량     BB   호가비  B/S
────────────────────────────────────────────────────────────────────────
[2단계 분석 대상: 011200, 015760, 096770, 017670, 064350, 004020, 105560]
011200  HMM       18,370   83.6    -0.1%    0.3x     중간  0.94  1pt/1 [5분]
015760  한국전력      35,350   46.2    -2.9%    0.3x     하단 14.06  3pt/0 [5분]
035720  카카오       37,500    0.0    +0.0%    0.0x     중간  5.34  2pt/0 [일봉]
003490  대한항공      24,600    0.0    +0.0%    0.0x     중간  2.26  2pt/0 [일봉]
004020  현대제철      31,500   51.4    -5.3%    0.3x     하단  7.47  3pt/0 [5분]

══════════════════════════════════════════════════
→ 전종목 HOLD
✅ Discord 전송 완료

[10:42] HOLD | KODEX RSI58/+0.2%⬇️ | 보유:HMM(011200) +0.7% 한국전력(015760) +0.1% | 💸예수금부족 | 최고신호 한국전력(015760) 3pt/3pt [호가14.1★ / RSI46]
💰 예수금 43,720원 | KODEX200 RSI58/-0.0% 하락추세⬇️  | 매수기준 점수3pt↑
📦 보유 HMM(011200) 1주 +0.7%
📦 보유 한국전력(015760) 1주 +0.1%

코드      종목명           가격    RSI     변화율    거래량     BB   호가비  B/S
────────────────────────────────────────────────────────────────────────
[2단계 분석 대상: 011200, 015760, 096770, 105560, 004020, 042660, 035720]
011200  HMM       18,330   78.3    -0.3%    0.3x     하단  0.64  1pt/1 [5분]
015760  한국전력      35,250   45.0    -3.2%    0.3x     하단  9.10  3pt/0 [5분]
035720  카카오       37,400   65.9    -2.1%    0.2x     하단  6.15  2pt/0 [5분]
003490  대한항공      24,600    0.0    +0.0%    0.0x     중간  2.74  2pt/0 [일봉]
004020  현대제철      31,400   74.5    -5.7%    0.3x     하단  8.77  2pt/0 [5분]

══════════════════════════════════════════════════
→ 전종목 HOLD
✅ Discord 전송 완료

[10:44] HOLD | KODEX RSI58/-0.0%⬇️ | 보유:HMM(011200) +0.7% 한국전력(015760) +0.1% | 💸예수금부족 | 최고신호 한국전력(015760) 3pt/3pt [호가9.1★ / RSI45]
💰 예수금 43,720원 | KODEX200 RSI57/-0.2% 하락추세⬇️  | 매수기준 점수3pt↑
📦 보유 HMM(011200) 1주 +0.5%
📦 보유 한국전력(015760) 1주 -0.2%

코드      종목명           가격    RSI     변화율    거래량     BB   호가비  B/S
────────────────────────────────────────────────────────────────────────
[2단계 분석 대상: 011200, 015760, 096770, 004020, 105560, 042660, 000720]
011200  HMM       18,310   78.3    -0.4%    0.3x     하단  0.95  1pt/0 [5분]
015760  한국전력      35,250   45.0    -3.3%    0.3x     하단  6.39  3pt/0 [5분]
035720  카카오       37,400    0.0    +0.0%    0.0x     중간  2.75  2pt/0 [일봉]
003490  대한항공      24,550    0.0    +0.0%    0.0x     중간  3.01  2pt/0 [일봉]
004020  현대제철      31,300   74.5    -6.0%    0.3x     하단 11.81  2pt/0 [5분]

══════════════════════════════════════════════════
→ 전종목 HOLD
✅ Discord 전송 완료

[10:46] HOLD | KODEX RSI57/-0.2%⬇️ | 보유:HMM(011200) +0.5% 한국전력(015760) -0.2% | 💸예수금부족 | 최고신호 한국전력(015760) 3pt/3pt [호가6.4★ / RSI45]
💰 예수금 43,720원 | KODEX200 RSI58/+0.0% 하락추세⬇️  | 매수기준 점수3pt↑
📦 보유 HMM(011200) 1주 +0.5%
📦 보유 한국전력(015760) 1주 -0.2%

코드      종목명           가격    RSI     변화율    거래량     BB   호가비  B/S
────────────────────────────────────────────────────────────────────────
[2단계 분석 대상: 011200, 015760, 105560, 042660, 000880, 004020, 000720]
011200  HMM       18,330   78.3    -0.4%    0.3x     하단  1.14  1pt/0 [5분]
015760  한국전력      35,250   45.0    -3.3%    0.3x     하단 10.49  3pt/0 [5분]
035720  카카오       37,450    0.0    +0.0%    0.0x     중간  5.49  2pt/0 [일봉]
003490  대한항공      24,650    0.0    +0.0%    0.0x     중간  1.91  1pt/0 [일봉]
004020  현대제철      31,350   74.5    -5.7%    0.3x     하단  9.89  2pt/0 [5분]

══════════════════════════════════════════════════
→ 전종목 HOLD
✅ Discord 전송 완료

[10:48] HOLD | KODEX RSI58/+0.0%⬇️ | 보유:HMM(011200) +0.5% 한국전력(015760) -0.2% | 💸예수금부족 | 최고신호 한국전력(015760) 3pt/3pt [호가10.5★ / RSI45]
💰 예수금 43,720원 | KODEX200 RSI58/-0.0% 하락추세⬇️  | 매수기준 점수3pt↑
📦 보유 HMM(011200) 1주 +0.2%
📦 보유 한국전력(015760) 1주 -0.2%

코드      종목명           가격    RSI     변화율    거래량     BB   호가비  B/S
────────────────────────────────────────────────────────────────────────
[2단계 분석 대상: 011200, 015760, 105560, 096770, 042660, 000880, 004020]
011200  HMM       18,310   71.4    -0.3%    0.3x     하단  0.94  1pt/0 [5분]
015760  한국전력      35,250   42.9    -3.3%    0.3x     하단  7.80  2pt/0 [5분]
035720  카카오       37,350    0.0    +0.0%    0.0x     중간  3.18  2pt/0 [일봉]
003490  대한항공      24,600    0.0    +0.0%    0.0x     중간  2.70  2pt/0 [일봉]
004020  현대제철      31,400   65.3    -5.7%    0.3x     하단  7.98  2pt/0 [5분]

══════════════════════════════════════════════════
→ 전종목 HOLD
✅ Discord 전송 완료

[10:50] HOLD | KODEX RSI58/-0.0%⬇️ | 보유:HMM(011200) +0.2% 한국전력(015760) -0.2% | 💸예수금부족 | 최고신호 한국전력(015760) 2pt/3pt [호가7.8★]
💰 예수금 43,720원 | KODEX200 RSI57/-0.3% 하락추세⬇️  | 매수기준 점수3pt↑
📦 보유 HMM(011200) 1주 +0.6%
📦 보유 한국전력(015760) 1주 -0.2%

코드      종목명           가격    RSI     변화율    거래량     BB   호가비  B/S
────────────────────────────────────────────────────────────────────────
[2단계 분석 대상: 011200, 015760, 042660, 096770, 004020, 000270, 105560]
011200  HMM       18,330   71.4    -0.3%    0.3x     하단  0.84  1pt/1 [5분]
015760  한국전력      35,250   42.9    -3.2%    0.3x     하단  7.72  2pt/0 [5분]
035720  카카오       37,450    0.0    +0.0%    0.0x     중간  2.70  4pt/0 [일봉]
003490  대한항공      24,600    0.0    +0.0%    0.0x     중간  2.67  4pt/0 [일봉]
004020  현대제철      31,400   65.3    -5.7%    0.3x     하단  7.05  2pt/0 [5분]

══════════════════════════════════════════════════
🟢 BUY 카카오(035720) 4pt [강세+0.3%★/호가2.7★] 목표+2% 신뢰도0.74 ratio0.24
💰 예수금: 43,720원
📊 카카오(035720) 매도1호가: 37,400원 | 매수1호가: 37,350원
📌 BUY 리스크(1주) vs 신호(1주) → 1주 | 37,350원 = 37,350원
⚠️  거절 | 주문 실패: API 오류: [2000](855056:매수증거금이 부족합니다. 0주 매수가능)
⚠️ BUY 카카오(035720) 거절: 💰 예수금: 43,720원
📊 카카오(035720) 매도1호가: 37,400원 | 매수1호가: 37,350원
📌 BUY 리스크(1주) vs 신호(1주) → 1주 | 37,350원 = 37,350원
⚠️  거절 | 주문 실패: API 오류: [2000](855056:매수증거금이 부족합니다. 0주 매수가능)
🟢 BUY 대한항공(003490) 4pt [강세+0.3%★/호가2.7★] 목표+2% 신뢰도0.74 ratio0.24
💰 예수금: 43,720원
📊 대한항공(003490) 매도1호가: 24,600원 | 매수1호가: 24,550원
📌 BUY 리스크(1주) vs 신호(1주) → 1주 | 24,550원 = 24,550원
⚠️  거절 | 주문 실패: API 오류: [2000](855056:매수증거금이 부족합니다. 0주 매수가능)
⚠️ BUY 대한항공(003490) 거절: 💰 예수금: 43,720원
📊 대한항공(003490) 매도1호가: 24,600원 | 매수1호가: 24,550원
📌 BUY 리스크(1주) vs 신호(1주) → 1주 | 24,550원 = 24,550원
⚠️  거절 | 주문 실패: API 오류: [2000](855056:매수증거금이 부족합니다. 0주 매수가능)
→ 전종목 HOLD
✅ Discord 전송 완료

[10:52] HOLD | KODEX RSI57/-0.3%⬇️ | 보유:HMM(011200) +0.6% 한국전력(015760) -0.2% | 💸예수금부족 | 최고신호 카카오(035720) 4pt/3pt [강세+0.3%★ / 호가2.7★]
💰 예수금 43,720원 | KODEX200 RSI57/-0.6% 하락추세⬇️  | 매수기준 점수3pt↑
📦 보유 HMM(011200) 1주 +0.6%
📦 보유 한국전력(015760) 1주 +0.1%

코드      종목명           가격    RSI     변화율    거래량     BB   호가비  B/S
────────────────────────────────────────────────────────────────────────
[2단계 분석 대상: 011200, 015760, 096770, 066970, 105560, 042660, 000270]
011200  HMM       18,340   72.9    -0.4%    0.3x     하단  0.62  1pt/1 [5분]
015760  한국전력      35,350   52.5    -3.0%    0.3x     하단  7.56  4pt/0 [5분]
035720  카카오       37,400    0.0    +0.0%    0.0x     중간  3.06  4pt/0 [일봉]
003490  대한항공      24,650    0.0    +0.0%    0.0x     중간  2.92  4pt/0 [일봉]
004020  현대제철      31,500    0.0    +0.0%    0.0x     중간  5.96  4pt/0 [일봉]

══════════════════════════════════════════════════
🟢 BUY 카카오(035720) 4pt [강세+0.6%★/호가3.1★] 목표+2% 신뢰도0.74 ratio0.24
💰 예수금: 43,719원
📊 카카오(035720) 매도1호가: 37,350원 | 매수1호가: 37,300원
📌 BUY 리스크(1주) vs 신호(1주) → 1주 | 37,300원 = 37,300원
⚠️  거절 | 주문 실패: API 오류: [2000](855056:매수증거금이 부족합니다. 0주 매수가능)
⚠️ BUY 카카오(035720) 거절: 💰 예수금: 43,719원
📊 카카오(035720) 매도1호가: 37,350원 | 매수1호가: 37,300원
📌 BUY 리스크(1주) vs 신호(1주) → 1주 | 37,300원 = 37,300원
⚠️  거절 | 주문 실패: API 오류: [2000](855056:매수증거금이 부족합니다. 0주 매수가능)
🟢 BUY 대한항공(003490) 4pt [강세+0.6%★/호가2.9★] 목표+2% 신뢰도0.74 ratio0.24
💰 예수금: 43,719원
📊 대한항공(003490) 매도1호가: 24,650원 | 매수1호가: 24,600원
📌 BUY 리스크(1주) vs 신호(1주) → 1주 | 24,600원 = 24,600원
⚠️  거절 | 주문 실패: API 오류: [2000](855056:매수증거금이 부족합니다. 0주 매수가능)
⚠️ BUY 대한항공(003490) 거절: 💰 예수금: 43,719원
📊 대한항공(003490) 매도1호가: 24,650원 | 매수1호가: 24,600원
📌 BUY 리스크(1주) vs 신호(1주) → 1주 | 24,600원 = 24,600원
⚠️  거절 | 주문 실패: API 오류: [2000](855056:매수증거금이 부족합니다. 0주 매수가능)
🟢 BUY 현대제철(004020) 4pt [강세+0.6%★/호가6.0★] 목표+2% 신뢰도0.74 ratio0.24
💰 예수금: 43,720원
📊 현대제철(004020) 매도1호가: 31,400원 | 매수1호가: 31,350원
📌 BUY 리스크(1주) vs 신호(1주) → 1주 | 31,350원 = 31,350원
⚠️  거절 | 주문 실패: API 오류: [2000](855056:매수증거금이 부족합니다. 0주 매수가능)
⚠️ BUY 현대제철(004020) 거절: 💰 예수금: 43,720원
📊 현대제철(004020) 매도1호가: 31,400원 | 매수1호가: 31,350원
📌 BUY 리스크(1주) vs 신호(1주) → 1주 | 31,350원 = 31,350원
⚠️  거절 | 주문 실패: API 오류: [2000](855056:매수증거금이 부족합니다. 0주 매수가능)
→ 전종목 HOLD
✅ Discord 전송 완료

[10:54] HOLD | KODEX RSI57/-0.6%⬇️ | 보유:HMM(011200) +0.6% 한국전력(015760) +0.1% | 💸예수금부족 | 최고신호 한국전력(015760) 4pt/3pt [호가7.6★ / RSI52 / 연속상승]
💰 예수금 43,719원 | KODEX200 RSI57/-0.9% 하락추세⬇️  | 매수기준 점수3pt↑
📦 보유 HMM(011200) 1주 +0.5%
📦 보유 한국전력(015760) 1주 +0.2%

코드      종목명           가격    RSI     변화율    거래량     BB   호가비  B/S
────────────────────────────────────────────────────────────────────────
[2단계 분석 대상: 011200, 015760, 096770, 000720, 066970, 329180, 105560]
011200  HMM       18,330   72.9    -0.4%    0.3x     하단  0.81  3pt/1 [5분]
015760  한국전력      35,250   52.5    -3.3%    0.3x     하단  8.09  4pt/0 [5분]
035720  카카오       37,300    0.0    +0.0%    0.0x     중간  3.23  4pt/0 [일봉]
003490  대한항공      24,650    0.0    +0.0%    0.0x     중간  1.97  3pt/0 [일봉]
004020  현대제철      31,400    0.0    +0.0%    0.0x     중간  6.81  4pt/0 [일봉]

══════════════════════════════════════════════════
🟢 BUY 카카오(035720) 4pt [강세+0.9%★/호가3.2★] 목표+2% 신뢰도0.74 ratio0.24
💰 예수금: 6,397원
📊 카카오(035720) 매도1호가: 37,300원 | 매수1호가: 37,250원
⚠️ BUY 카카오(035720) 재시도 1/3: ❌ 1주 가격(37,250원) > 예수금(6,397원) → 주문 취소
💰 예수금: 6,397원
📊 카카오(035720) 매도1호가: 37,350원 | 매수1호가: 37,300원
⚠️ BUY 카카오(035720) 재시도 2/3: ❌ 1주 가격(37,300원) > 예수금(6,397원) → 주문 취소
💰 예수금: 6,396원
📊 카카오(035720) 매도1호가: 37,350원 | 매수1호가: 37,300원
⚠️ BUY 카카오(035720) 재시도 3/3: ❌ 1주 가격(37,300원) > 예수금(6,396원) → 주문 취소
🚨 [10:57:23] 에러 — BUY 카카오(035720) 주문 실패
❌ 1주 가격(37,300원) > 예수금(6,396원) → 주문 취소
✅ Discord 전송 완료
🟢 BUY 현대제철(004020) 4pt [강세+0.9%★/호가6.8★] 목표+2% 신뢰도0.74 ratio0.24
💰 예수금: 6,396원
📊 현대제철(004020) 매도1호가: 31,400원 | 매수1호가: 31,350원
⚠️ BUY 현대제철(004020) 재시도 1/3: ❌ 1주 가격(31,350원) > 예수금(6,396원) → 주문 취소
💰 예수금: 6,397원
📊 현대제철(004020) 매도1호가: 31,350원 | 매수1호가: 31,300원
⚠️ BUY 현대제철(004020) 재시도 2/3: ❌ 1주 가격(31,300원) > 예수금(6,397원) → 주문 취소
💰 예수금: 6,397원
📊 현대제철(004020) 매도1호가: 31,350원 | 매수1호가: 31,300원
⚠️ BUY 현대제철(004020) 재시도 3/3: ❌ 1주 가격(31,300원) > 예수금(6,397원) → 주문 취소
🚨 [10:57:33] 에러 — BUY 현대제철(004020) 주문 실패
❌ 1주 가격(31,300원) > 예수금(6,397원) → 주문 취소
✅ Discord 전송 완료
→ 전종목 HOLD
✅ Discord 전송 완료

[10:56] HOLD | KODEX RSI57/-0.9%⬇️ | 보유:HMM(011200) +0.5% 한국전력(015760) +0.2% | 💸예수금부족 | 최고신호 한국전력(015760) 4pt/3pt [호가8.1★ / RSI52 / 연속상승]
💰 예수금 6,396원 | KODEX200 RSI57/-0.8% 하락추세⬇️  | 매수기준 점수3pt↑
📦 보유 HMM(011200) 1주 +0.6%
📦 보유 한국전력(015760) 1주 +0.1%
📦 보유 카카오(035720) 1주 +0.1%

코드      종목명           가격    RSI     변화율    거래량     BB   호가비  B/S
────────────────────────────────────────────────────────────────────────
[2단계 분석 대상: 011200, 015760, 035720, 096770, 042660, 066970, 000270, 004020]
011200  HMM       18,330   72.9    -0.3%    0.3x     하단  1.17  3pt/1 [5분]
015760  한국전력      35,300   52.5    -3.2%    0.3x     하단  9.40  4pt/0 [5분]
035720  카카오       37,350   60.4    -2.2%    0.2x     하단  4.09  3pt/0 [5분]

══════════════════════════════════════════════════
→ 전종목 HOLD
✅ Discord 전송 완료

[10:58] HOLD | KODEX RSI57/-0.8%⬇️ | 보유:HMM(011200) +0.6% 한국전력(015760) +0.1% 카카오(035720) +0.1% | 💸예수금부족 | 최고신호 한국전력(015760) 4pt/3pt [호가9.4★ / RSI52 / 연속상승]
💰 예수금 6,397원 | KODEX200 RSI57/-1.0% 하락추세⬇️  | 매수기준 점수3pt↑
📦 보유 HMM(011200) 1주 +0.6%
📦 보유 한국전력(015760) 1주 +0.1%
📦 보유 카카오(035720) 1주 -0.1%

코드      종목명           가격    RSI     변화율    거래량     BB   호가비  B/S
────────────────────────────────────────────────────────────────────────
[2단계 분석 대상: 011200, 015760, 035720, 042660, 105560, 096770, 004020, 017670]
011200  HMM       18,350   70.9    +0.1%    0.3x     하단  0.78  3pt/1 [5분]
015760  한국전력      35,300   40.3    -2.9%    0.3x     하단 10.65  2pt/0 [5분]
035720  카카오       37,400   58.7    -2.1%    0.2x     하단  4.35  3pt/0 [5분]

══════════════════════════════════════════════════
→ 전종목 HOLD
✅ Discord 전송 완료

[11:00] HOLD | KODEX RSI57/-1.0%⬇️ | 보유:HMM(011200) +0.6% 한국전력(015760) +0.1% 카카오(035720) -0.1% | 💸예수금부족 | 최고신호 HMM(011200) 3pt/3pt [강세+1.0%★ / 연속상승]
💰 예수금 6,395원 | KODEX200 RSI57/-0.7% 하락추세⬇️  | 매수기준 점수3pt↑
📦 보유 HMM(011200) 1주 +0.8%
📦 보유 한국전력(015760) 1주 +0.2%
📦 보유 카카오(035720) 1주 +0.4%

코드      종목명           가격    RSI     변화율    거래량     BB   호가비  B/S
────────────────────────────────────────────────────────────────────────
[2단계 분석 대상: 011200, 015760, 035720, 004020, 000720, 096770, 105560, 066970]
011200  HMM       18,400   70.9    +0.1%    0.3x     하단  0.39  3pt/1 [5분]
015760  한국전력      35,400   40.3    -2.9%    0.3x     하단  7.80  2pt/0 [5분]
035720  카카오       37,500   58.7    -1.8%    0.2x     하단  3.94  3pt/0 [5분]

══════════════════════════════════════════════════
→ 전종목 HOLD
✅ Discord 전송 완료

[11:02] HOLD | KODEX RSI57/-0.7%⬇️ | 보유:HMM(011200) +0.8% 한국전력(015760) +0.2% 카카오(035720) +0.4% | 💸예수금부족 | 최고신호 HMM(011200) 3pt/3pt [강세+0.7%★ / 연속상승]
💰 예수금 6,395원 | KODEX200 RSI57/-1.1% 하락추세⬇️  | 매수기준 점수3pt↑
📦 보유 HMM(011200) 1주 +0.8%
📦 보유 한국전력(015760) 1주 +0.2%
📦 보유 카카오(035720) 1주 +0.2%

코드      종목명           가격    RSI     변화율    거래량     BB   호가비  B/S
────────────────────────────────────────────────────────────────────────
[2단계 분석 대상: 011200, 015760, 035720, 096770, 042660, 066970, 403870, 004020]
011200  HMM       18,390   64.4    +0.1%    0.3x     하단  0.32  4pt/0 [5분]
015760  한국전력      35,400   32.5    -2.9%    0.3x     하단  4.58  2pt/0 [5분]
035720  카카오       37,500   50.0    -1.7%    0.2x     하단  5.19  4pt/0 [5분]

══════════════════════════════════════════════════
→ 전종목 HOLD
✅ Discord 전송 완료

[11:04] HOLD | KODEX RSI57/-1.1%⬇️ | 보유:HMM(011200) +0.8% 한국전력(015760) +0.2% 카카오(035720) +0.2% | 💸예수금부족 | 최고신호 HMM(011200) 4pt/3pt [강세+1.1%★ / RSI64 / 연속상승]
💰 예수금 6,395원 | KODEX200 RSI57/-0.9% 하락추세⬇️  | 매수기준 점수3pt↑
📦 보유 HMM(011200) 1주 +0.7%
📦 보유 한국전력(015760) 1주 +0.2%
📦 보유 카카오(035720) 1주 +0.6%

코드      종목명           가격    RSI     변화율    거래량     BB   호가비  B/S
────────────────────────────────────────────────────────────────────────
[2단계 분석 대상: 011200, 015760, 035720, 105560, 000720, 004020, 096770, 000270]
011200  HMM       18,380   64.4    -0.1%    0.3x     하단  0.28  4pt/0 [5분]
015760  한국전력      35,400   32.5    -2.9%    0.3x     하단  4.61  2pt/0 [5분]
035720  카카오       37,650   50.0    -1.3%    0.2x     하단  1.74  3pt/1 [5분]

══════════════════════════════════════════════════
→ 전종목 HOLD
✅ Discord 전송 완료

[11:06] HOLD | KODEX RSI57/-0.9%⬇️ | 보유:HMM(011200) +0.7% 한국전력(015760) +0.2% 카카오(035720) +0.6% | 💸예수금부족 | 최고신호 HMM(011200) 4pt/3pt [강세+0.9%★ / RSI64 / 연속상승]
💰 예수금 6,395원 | KODEX200 RSI57/-0.9% 하락추세⬇️  | 매수기준 점수3pt↑
📦 보유 HMM(011200) 1주 +0.8%
📦 보유 한국전력(015760) 1주 +0.2%
📦 보유 카카오(035720) 1주 +0.9%

코드      종목명           가격    RSI     변화율    거래량     BB   호가비  B/S
────────────────────────────────────────────────────────────────────────
[2단계 분석 대상: 011200, 015760, 035720, 105560, 000720, 096770, 004020, 066970]
011200  HMM       18,380   64.4    -0.1%    0.3x     하단  0.34  4pt/0 [5분]
015760  한국전력      35,400   32.5    -2.9%    0.3x     하단  4.60  2pt/0 [5분]
035720  카카오       37,650   50.0    -1.6%    0.2x     하단  0.76  2pt/1 [5분]

══════════════════════════════════════════════════
→ 전종목 HOLD
✅ Discord 전송 완료

[11:08] HOLD | KODEX RSI57/-0.9%⬇️ | 보유:HMM(011200) +0.8% 한국전력(015760) +0.2% 카카오(035720) +0.9% | 💸예수금부족 | 최고신호 HMM(011200) 4pt/3pt [강세+0.9%★ / RSI64 / 연속상승]
💰 예수금 6,395원 | KODEX200 RSI56/-1.1% 하락추세⬇️  | 매수기준 점수3pt↑
📦 보유 HMM(011200) 1주 +0.8%
📦 보유 한국전력(015760) 1주 +0.5%
📦 보유 카카오(035720) 1주 +0.7%

코드      종목명           가격    RSI     변화율    거래량     BB   호가비  B/S
────────────────────────────────────────────────────────────────────────
[2단계 분석 대상: 011200, 015760, 035720, 105560, 096770, 000720, 004020, 017670]
011200  HMM       18,400   58.5    +0.2%    0.3x     하단  0.33  4pt/0 [5분]
015760  한국전력      35,500   41.9    -2.5%    0.3x     하단  3.78  2pt/1 [5분]
035720  카카오       37,600   41.3    -1.4%    0.2x     하단  0.80  0pt/1 [5분]

══════════════════════════════════════════════════
→ 전종목 HOLD
✅ Discord 전송 완료

[11:10] HOLD | KODEX RSI56/-1.1%⬇️ | 보유:HMM(011200) +0.8% 한국전력(015760) +0.5% 카카오(035720) +0.7% | 💸예수금부족 | 최고신호 HMM(011200) 4pt/3pt [강세+1.3%★ / RSI58 / 연속상승]
💰 예수금 6,395원 | KODEX200 RSI56/-1.4% 하락추세⬇️  | 매수기준 점수3pt↑
📦 보유 HMM(011200) 1주 +1.2%
📦 보유 한국전력(015760) 1주 +0.7%
📦 보유 카카오(035720) 1주 +0.9%

코드      종목명           가격    RSI     변화율    거래량     BB   호가비  B/S
────────────────────────────────────────────────────────────────────────
[2단계 분석 대상: 011200, 015760, 035720, 105560, 004020, 000270, 017670, 403870]
011200  HMM       18,470   58.5    +0.1%    0.3x     하단  0.22  4pt/0 [5분]
015760  한국전력      35,500   41.9    -2.6%    0.3x     하단  3.14  2pt/1 [5분]
035720  카카오       37,650   41.3    -1.4%    0.2x     하단  0.88  0pt/1 [5분]

══════════════════════════════════════════════════
→ 전종목 HOLD
✅ Discord 전송 완료

[11:12] HOLD | KODEX RSI56/-1.4%⬇️ | 보유:HMM(011200) +1.2% 한국전력(015760) +0.7% 카카오(035720) +0.9% | 💸예수금부족 | 최고신호 HMM(011200) 4pt/3pt [강세+1.4%★ / RSI58 / 연속상승]
💰 예수금 6,395원 | KODEX200 RSI56/-1.8% 하락추세⬇️  | 매수기준 점수3pt↑
📦 보유 HMM(011200) 1주 +0.9%
📦 보유 한국전력(015760) 1주 +0.5%
📦 보유 카카오(035720) 1주 +0.7%

코드      종목명           가격    RSI     변화율    거래량     BB   호가비  B/S
────────────────────────────────────────────────────────────────────────
[2단계 분석 대상: 011200, 015760, 035720, 105560, 017670, 000270, 004020, 403870]
011200  HMM       18,410   56.0    +0.1%    0.3x     하단  0.27  5pt/1 [5분]
015760  한국전력      35,500   32.4    -2.6%    0.3x     하단  3.24  2pt/1 [5분]
035720  카카오       37,550   46.0    -1.7%    0.2x     하단  0.81  1pt/1 [5분]

══════════════════════════════════════════════════
→ 전종목 HOLD
✅ Discord 전송 완료

[11:14] HOLD | KODEX RSI56/-1.8%⬇️ | 보유:HMM(011200) +0.9% 한국전력(015760) +0.5% 카카오(035720) +0.7% | 💸예수금부족 | 최고신호 HMM(011200) 5pt/3pt [강세+1.9%★★ / RSI56 / 연속상승]
💰 예수금 6,395원 | KODEX200 RSI56/-1.9% 하락추세⬇️  | 매수기준 점수3pt↑
📦 보유 HMM(011200) 1주 +0.8%
📦 보유 한국전력(015760) 1주 +0.5%
📦 보유 카카오(035720) 1주 +0.6%

코드      종목명           가격    RSI     변화율    거래량     BB   호가비  B/S
────────────────────────────────────────────────────────────────────────
[2단계 분석 대상: 011200, 015760, 035720, 017670, 105560, 096770, 066970, 034020]
011200  HMM       18,400   56.0    +0.1%    0.3x     하단  0.26  5pt/1 [5분]
015760  한국전력      35,450   32.4    -2.8%    0.3x     하단  3.22  2pt/1 [5분]
035720  카카오       37,500   46.0    -1.7%    0.2x     하단  2.51  3pt/1 [5분]

══════════════════════════════════════════════════
→ 전종목 HOLD
✅ Discord 전송 완료

[11:16] HOLD | KODEX RSI56/-1.9%⬇️ | 보유:HMM(011200) +0.8% 한국전력(015760) +0.5% 카카오(035720) +0.6% | 💸예수금부족 | 최고신호 HMM(011200) 5pt/3pt [강세+1.9%★★ / RSI56 / 연속상승]
💰 예수금 6,395원 | KODEX200 RSI56/-1.9% 하락추세⬇️  | 매수기준 점수3pt↑
📦 보유 HMM(011200) 1주 +0.8%
📦 보유 한국전력(015760) 1주 +0.5%
📦 보유 카카오(035720) 1주 +0.3%

코드      종목명           가격    RSI     변화율    거래량     BB   호가비  B/S
────────────────────────────────────────────────────────────────────────
[2단계 분석 대상: 011200, 015760, 035720, 017670, 105560, 066970, 004020, 096770]
011200  HMM       18,380   56.0    +0.1%    0.3x     하단  0.30  5pt/1 [5분]
015760  한국전력      35,500   32.4    -2.6%    0.3x     하단  3.11  2pt/1 [5분]
035720  카카오       37,550   46.0    -1.7%    0.2x     하단  1.19  1pt/1 [5분]

══════════════════════════════════════════════════
→ 전종목 HOLD
✅ Discord 전송 완료

[11:18] HOLD | KODEX RSI56/-1.9%⬇️ | 보유:HMM(011200) +0.8% 한국전력(015760) +0.5% 카카오(035720) +0.3% | 💸예수금부족 | 최고신호 HMM(011200) 5pt/3pt [강세+2.0%★★ / RSI56 / 연속상승]
💰 예수금 6,395원 | KODEX200 RSI55/-2.2% 하락추세⬇️ 과열⚠️ | 매수기준 점수3pt↑
📦 보유 HMM(011200) 1주 +0.7%
📦 보유 한국전력(015760) 1주 +0.4%
📦 보유 카카오(035720) 1주 +0.3%

코드      종목명           가격    RSI     변화율    거래량     BB   호가비  B/S
────────────────────────────────────────────────────────────────────────
[2단계 분석 대상: 011200, 015760, 035720, 017670, 066970, 105560, 096770, 403870]
011200  HMM       18,380   50.0    -0.1%    0.3x     하단  0.33  4pt/1 [5분]
015760  한국전력      35,450   31.6    -2.6%    0.3x     하단  3.20  2pt/1 [5분]
035720  카카오       37,500   42.6    -2.0%    0.2x     하단  3.75  2pt/1 [5분]

══════════════════════════════════════════════════
📉 KODEX200 -2.2% 급락 — 신규 매수 중단
→ 전종목 HOLD
✅ Discord 전송 완료

[11:20] HOLD | KODEX RSI55/-2.2%⬇️⚠️ | 보유:HMM(011200) +0.7% 한국전력(015760) +0.4% 카카오(035720) +0.3% | 💸예수금부족 | 최고신호 HMM(011200) 4pt/3pt [강세+2.1%★★ / RSI50]
💰 예수금 6,395원 | KODEX200 RSI55/-2.2% 하락추세⬇️ 과열⚠️ | 매수기준 점수3pt↑
📦 보유 HMM(011200) 1주 +0.7%
📦 보유 한국전력(015760) 1주 +0.4%
📦 보유 카카오(035720) 1주 +0.1%

코드      종목명           가격    RSI     변화율    거래량     BB   호가비  B/S
────────────────────────────────────────────────────────────────────────
[2단계 분석 대상: 011200, 015760, 035720, 000270, 017670, 066970, 105560, 096770]
011200  HMM       18,340   50.0    -0.2%    0.3x     하단  1.27  4pt/1 [5분]
015760  한국전력      35,450   31.6    -2.8%    0.3x     하단  3.05  2pt/1 [5분]
035720  카카오       37,400   42.6    -2.2%    0.2x     하단  6.42  2pt/0 [5분]

══════════════════════════════════════════════════
📉 KODEX200 -2.2% 급락 — 신규 매수 중단
→ 전종목 HOLD
✅ Discord 전송 완료

[11:22] HOLD | KODEX RSI55/-2.2%⬇️⚠️ | 보유:HMM(011200) +0.7% 한국전력(015760) +0.4% 카카오(035720) +0.1% | 💸예수금부족 | 최고신호 HMM(011200) 4pt/3pt [강세+2.0%★★ / RSI50]
💰 예수금 6,396원 | KODEX200 RSI55/-2.9% 하락추세⬇️ 과열⚠️ | 매수기준 점수3pt↑
📦 보유 HMM(011200) 1주 +0.6%
📦 보유 한국전력(015760) 1주 +0.4%
📦 보유 카카오(035720) 1주 -0.1%

코드      종목명           가격    RSI     변화율    거래량     BB   호가비  B/S
────────────────────────────────────────────────────────────────────────
[2단계 분석 대상: 011200, 015760, 035720, 017670, 105560, 096770, 066970, 000270]
011200  HMM       18,340   40.0    -0.3%    0.3x     하단  1.28  3pt/1 [5분]
015760  한국전력      35,350   33.3    -2.9%    0.3x     하단  5.02  2pt/1 [5분]
035720  카카오       37,400   40.4    -2.1%    0.2x     하단  5.91  4pt/0 [5분]

══════════════════════════════════════════════════
📉 KODEX200 -2.9% 급락 — 신규 매수 중단
→ 전종목 HOLD
✅ Discord 전송 완료

[11:24] HOLD | KODEX RSI55/-2.9%⬇️⚠️ | 보유:HMM(011200) +0.6% 한국전력(015760) +0.4% 카카오(035720) -0.1% | 💸예수금부족 | 최고신호 카카오(035720) 4pt/3pt [강세+0.8%★ / 호가5.9★]
💰 예수금 6,396원 | KODEX200 RSI55/-2.6% 하락추세⬇️ 과열⚠️ | 매수기준 점수3pt↑
📦 보유 HMM(011200) 1주 +0.6%
📦 보유 한국전력(015760) 1주 +0.1%
📦 보유 카카오(035720) 1주 +0.1%

코드      종목명           가격    RSI     변화율    거래량     BB   호가비  B/S
────────────────────────────────────────────────────────────────────────
[2단계 분석 대상: 011200, 015760, 035720, 000270, 105560, 096770, 066970, 403870]
011200  HMM       18,340   40.0    -0.3%    0.3x     하단  1.40  4pt/1 [5분]
015760  한국전력      35,350   33.3    -2.9%    0.3x     하단  4.57  2pt/0 [5분]
035720  카카오       37,350   40.4    -2.1%    0.2x     하단  6.33  4pt/0 [5분]

══════════════════════════════════════════════════
📉 KODEX200 -2.6% 급락 — 신규 매수 중단
→ 전종목 HOLD
✅ Discord 전송 완료

[11:26] HOLD | KODEX RSI55/-2.6%⬇️⚠️ | 보유:HMM(011200) +0.6% 한국전력(015760) +0.1% 카카오(035720) +0.1% | 💸예수금부족 | 최고신호 HMM(011200) 4pt/3pt [강세+2.3%★★ / 호가1.4]
💰 예수금 6,396원 | KODEX200 RSI55/-2.4% 하락추세⬇️ 과열⚠️ | 매수기준 점수3pt↑
📦 보유 HMM(011200) 1주 +0.3%
📦 보유 한국전력(015760) 1주 +0.2%
📦 보유 카카오(035720) 1주 -0.1%

코드      종목명           가격    RSI     변화율    거래량     BB   호가비  B/S
────────────────────────────────────────────────────────────────────────
[2단계 분석 대상: 011200, 015760, 035720, 000270, 105560, 066970, 096770, 003490]
011200  HMM       18,300   40.0    -0.4%    0.3x     하단  7.84  5pt/1 [5분]
015760  한국전력      35,400   33.3    -2.8%    0.3x     하단  3.37  2pt/0 [5분]
035720  카카오       37,350   40.4    -2.2%    0.2x     하단  6.14  2pt/0 [5분]

══════════════════════════════════════════════════
📉 KODEX200 -2.4% 급락 — 신규 매수 중단
→ 전종목 HOLD
✅ Discord 전송 완료

[11:28] HOLD | KODEX RSI55/-2.4%⬇️⚠️ | 보유:HMM(011200) +0.3% 한국전력(015760) +0.2% 카카오(035720) -0.1% | 💸예수금부족 | 최고신호 HMM(011200) 5pt/3pt [강세+2.0%★★ / 호가7.8★]
💰 예수금 6,396원 | KODEX200 RSI55/-2.3% 하락추세⬇️ 과열⚠️ | 매수기준 점수3pt↑
📦 보유 HMM(011200) 1주 +0.3%
📦 보유 한국전력(015760) 1주 +0.2%
📦 보유 카카오(035720) 1주 -0.1%

코드      종목명           가격    RSI     변화율    거래량     BB   호가비  B/S
────────────────────────────────────────────────────────────────────────
[2단계 분석 대상: 011200, 015760, 035720, 066970, 096770, 105560, 017670, 403870]
011200  HMM       18,330   41.9    -0.4%    0.3x     하단  1.47  4pt/0 [5분]
015760  한국전력      35,400   31.7    -2.9%    0.3x     하단  3.36  2pt/0 [5분]
035720  카카오       37,400   42.0    -2.1%    0.2x     하단  7.11  2pt/0 [5분]

══════════════════════════════════════════════════
⏰ 점심시간 (11:30~13:30) — 신규 매수 중단
→ 전종목 HOLD
✅ Discord 전송 완료

[11:30] HOLD | KODEX RSI55/-2.3%⬇️⚠️ | 보유:HMM(011200) +0.3% 한국전력(015760) +0.2% 카카오(035720) -0.1% | 💸예수금부족 | 최고신호 HMM(011200) 4pt/3pt [강세+1.9%★★ / 호가1.5]
💰 예수금 6,395원 | KODEX200 RSI55/-2.3% 하락추세⬇️ 과열⚠️ | 매수기준 점수3pt↑
📦 보유 HMM(011200) 1주 +0.3%
📦 보유 한국전력(015760) 1주 +0.2%
📦 보유 카카오(035720) 1주 +0.1%

코드      종목명           가격    RSI     변화율    거래량     BB   호가비  B/S
────────────────────────────────────────────────────────────────────────
[2단계 분석 대상: 011200, 015760, 035720, 096770, 017670, 329180, 105560, 004020]
011200  HMM       18,320   41.9    -0.4%    0.3x     하단  2.07  5pt/0 [5분]
015760  한국전력      35,400   31.7    -2.9%    0.3x     하단  3.16  2pt/0 [5분]
035720  카카오       37,400   42.0    -2.0%    0.2x     하단  6.14  4pt/0 [5분]

══════════════════════════════════════════════════
⏰ 점심시간 (11:30~13:30) — 신규 매수 중단
→ 전종목 HOLD
✅ Discord 전송 완료

[11:32] HOLD | KODEX RSI55/-2.3%⬇️⚠️ | 보유:HMM(011200) +0.3% 한국전력(015760) +0.2% 카카오(035720) +0.1% | 💸예수금부족 | 최고신호 HMM(011200) 5pt/3pt [강세+1.9%★★ / 호가2.1★]
💰 예수금 6,395원 | KODEX200 RSI55/-2.4% 하락추세⬇️ 과열⚠️ | 매수기준 점수3pt↑
📦 보유 HMM(011200) 1주 +0.5%
📦 보유 한국전력(015760) 1주 +0.4%
📦 보유 카카오(035720) 1주 +0.3%

코드      종목명           가격    RSI     변화율    거래량     BB   호가비  B/S
────────────────────────────────────────────────────────────────────────
[2단계 분석 대상: 011200, 015760, 035720, 096770, 403870, 017670, 105560, 004020]
011200  HMM       18,320   48.9    -0.3%    0.3x     하단  1.41  5pt/0 [5분]
015760  한국전력      35,400   34.9    -2.8%    0.3x     하단  3.29  2pt/1 [5분]
035720  카카오       37,400   42.0    -2.0%    0.2x     하단  6.70  4pt/1 [5분]

══════════════════════════════════════════════════
⏰ 점심시간 (11:30~13:30) — 신규 매수 중단
→ 전종목 HOLD
✅ Discord 전송 완료

[11:34] HOLD | KODEX RSI55/-2.4%⬇️⚠️ | 보유:HMM(011200) +0.5% 한국전력(015760) +0.4% 카카오(035720) +0.3% | 💸예수금부족 | 최고신호 HMM(011200) 5pt/3pt [강세+2.0%★★ / 호가1.4 / RSI49]
💰 예수금 6,395원 | KODEX200 RSI55/-2.2% 하락추세⬇️ 과열⚠️ | 매수기준 점수3pt↑
📦 보유 HMM(011200) 1주 +0.4%
📦 보유 한국전력(015760) 1주 +0.4%
📦 보유 카카오(035720) 1주 +0.1%

코드      종목명           가격    RSI     변화율    거래량     BB   호가비  B/S
────────────────────────────────────────────────────────────────────────
[2단계 분석 대상: 011200, 015760, 035720, 003670, 096770, 403870, 105560, 247540]
011200  HMM       18,310   48.9    -0.4%    0.3x     하단  1.93  5pt/0 [5분]
015760  한국전력      35,400   34.9    -2.8%    0.3x     하단  3.38  2pt/1 [5분]
035720  카카오       37,400   42.0    -2.1%    0.2x     하단  8.72  2pt/0 [5분]

══════════════════════════════════════════════════
⏰ 점심시간 (11:30~13:30) — 신규 매수 중단
→ 전종목 HOLD
✅ Discord 전송 완료

[11:36] HOLD | KODEX RSI55/-2.2%⬇️⚠️ | 보유:HMM(011200) +0.4% 한국전력(015760) +0.4% 카카오(035720) +0.1% | 💸예수금부족 | 최고신호 HMM(011200) 5pt/3pt [강세+1.8%★★ / 호가1.9 / RSI49]
💰 예수금 6,395원 | KODEX200 RSI55/-2.3% 하락추세⬇️ 과열⚠️ | 매수기준 점수3pt↑
📦 보유 HMM(011200) 1주 +0.4%
📦 보유 한국전력(015760) 1주 +0.4%
📦 보유 카카오(035720) 1주 +0.1%

코드      종목명           가격    RSI     변화율    거래량     BB   호가비  B/S
────────────────────────────────────────────────────────────────────────
[2단계 분석 대상: 011200, 015760, 035720, 247540, 096770, 403870, 105560, 086520]
011200  HMM       18,300   48.9    -0.3%    0.3x     하단  7.58  6pt/0 [5분]
015760  한국전력      35,400   34.9    -2.8%    0.3x     하단  3.22  2pt/1 [5분]
035720  카카오       37,350   42.0    -2.2%    0.2x     하단  6.74  2pt/0 [5분]

══════════════════════════════════════════════════
⏰ 점심시간 (11:30~13:30) — 신규 매수 중단
→ 전종목 HOLD
✅ Discord 전송 완료

[11:38] HOLD | KODEX RSI55/-2.3%⬇️⚠️ | 보유:HMM(011200) +0.4% 한국전력(015760) +0.4% 카카오(035720) +0.1% | 💸예수금부족 | 최고신호 HMM(011200) 6pt/3pt [강세+2.0%★★ / 호가7.6★ / RSI49]
💰 예수금 6,395원 | KODEX200 RSI56/-1.9% 하락추세⬇️  | 매수기준 점수3pt↑
📦 보유 HMM(011200) 1주 +0.3%
📦 보유 한국전력(015760) 1주 +0.4%
📦 보유 카카오(035720) 1주 +0.1%

코드      종목명           가격    RSI     변화율    거래량     BB   호가비  B/S
────────────────────────────────────────────────────────────────────────
[2단계 분석 대상: 011200, 015760, 035720, 000880, 247540, 096770, 403870, 000720]
011200  HMM       18,320   53.7    -0.4%    0.3x     하단  1.96  4pt/0 [5분]
015760  한국전력      35,450   40.0    -2.8%    0.3x     하단  2.79  2pt/1 [5분]
035720  카카오       37,350   47.7    -2.1%    0.2x     하단  6.97  3pt/0 [5분]

══════════════════════════════════════════════════
⏰ 점심시간 (11:30~13:30) — 신규 매수 중단
→ 전종목 HOLD
✅ Discord 전송 완료

[11:40] HOLD | KODEX RSI56/-1.9%⬇️ | 보유:HMM(011200) +0.3% 한국전력(015760) +0.4% 카카오(035720) +0.1% | 💸예수금부족 | 최고신호 HMM(011200) 4pt/3pt [강세+1.5%★ / 호가2.0 / RSI54]
💰 예수금 6,395원 | KODEX200 RSI56/-1.8% 하락추세⬇️  | 매수기준 점수3pt↑
📦 보유 HMM(011200) 1주 +0.5%
📦 보유 한국전력(015760) 1주 +0.5%
📦 보유 카카오(035720) 1주 +0.1%

코드      종목명           가격    RSI     변화율    거래량     BB   호가비  B/S
────────────────────────────────────────────────────────────────────────
[2단계 분석 대상: 011200, 015760, 035720, 000880, 247540, 003490, 403870, 003670]
011200  HMM       18,320   53.7    -0.3%    0.3x     하단  1.49  4pt/0 [5분]
015760  한국전력      35,450   40.0    -2.6%    0.3x     하단  2.65  2pt/1 [5분]
035720  카카오       37,400   47.7    -2.1%    0.2x     하단  5.91  3pt/0 [5분]

══════════════════════════════════════════════════
⏰ 점심시간 (11:30~13:30) — 신규 매수 중단
→ 전종목 HOLD
✅ Discord 전송 완료

[11:42] HOLD | KODEX RSI56/-1.8%⬇️ | 보유:HMM(011200) +0.5% 한국전력(015760) +0.5% 카카오(035720) +0.1% | 💸예수금부족 | 최고신호 HMM(011200) 4pt/3pt [강세+1.4%★ / 호가1.5 / RSI54]
💰 예수금 6,395원 | KODEX200 RSI56/-2.0% 하락추세⬇️  | 매수기준 점수3pt↑
📦 보유 HMM(011200) 1주 +0.5%
📦 보유 한국전력(015760) 1주 +0.5%
📦 보유 카카오(035720) 1주 +0.1%

코드      종목명           가격    RSI     변화율    거래량     BB   호가비  B/S
────────────────────────────────────────────────────────────────────────
[2단계 분석 대상: 011200, 015760, 035720, 000880, 105560, 003670, 247540, 096770]
011200  HMM       18,280   59.5    -0.6%    0.3x     하단  5.90  5pt/0 [5분]
015760  한국전력      35,350   51.4    -2.9%    0.3x     하단  3.90  3pt/1 [5분]
035720  카카오       37,300   60.0    -2.2%    0.2x     하단  6.57  3pt/0 [5분]

══════════════════════════════════════════════════
⏰ 점심시간 (11:30~13:30) — 신규 매수 중단
→ 전종목 HOLD
✅ Discord 전송 완료

[11:44] HOLD | KODEX RSI56/-2.0%⬇️ | 보유:HMM(011200) +0.5% 한국전력(015760) +0.5% 카카오(035720) +0.1% | 💸예수금부족 | 최고신호 HMM(011200) 5pt/3pt [강세+1.4%★ / 호가5.9★ / RSI60]
💰 예수금 6,396원 | KODEX200 RSI56/-1.9% 하락추세⬇️  | 매수기준 점수3pt↑
📦 보유 HMM(011200) 1주 +0.5%
📦 보유 한국전력(015760) 1주 +0.4%
📦 보유 카카오(035720) 1주 -0.1%

코드      종목명           가격    RSI     변화율    거래량     BB   호가비  B/S
────────────────────────────────────────────────────────────────────────
[2단계 분석 대상: 011200, 015760, 035720, 000880, 247540, 403870, 003670, 086520]
011200  HMM       18,310   59.5    -0.4%    0.3x     하단  1.12  4pt/0 [5분]
015760  한국전력      35,450   51.4    -2.6%    0.3x     하단  3.16  3pt/1 [5분]
035720  카카오       37,300   60.0    -2.2%    0.2x     하단  7.31  3pt/0 [5분]

══════════════════════════════════════════════════
⏰ 점심시간 (11:30~13:30) — 신규 매수 중단
→ 전종목 HOLD
✅ Discord 전송 완료

[11:46] HOLD | KODEX RSI56/-1.9%⬇️ | 보유:HMM(011200) +0.5% 한국전력(015760) +0.4% 카카오(035720) -0.1% | 💸예수금부족 | 최고신호 HMM(011200) 4pt/3pt [강세+1.6%★★ / RSI60]
💰 예수금 6,396원 | KODEX200 RSI56/-1.9% 하락추세⬇️  | 매수기준 점수3pt↑
📦 보유 HMM(011200) 1주 +0.3%
📦 보유 한국전력(015760) 1주 +0.4%
📦 보유 카카오(035720) 1주 -0.2%

코드      종목명           가격    RSI     변화율    거래량     BB   호가비  B/S
────────────────────────────────────────────────────────────────────────
[2단계 분석 대상: 011200, 015760, 035720, 003670, 000880, 403870, 247540, 000720]
011200  HMM       18,300   59.5    -0.4%    0.3x     하단  7.28  5pt/0 [5분]
015760  한국전력      35,450   51.4    -2.8%    0.3x     하단  3.00  3pt/1 [5분]
035720  카카오       37,250   60.0    -2.4%    0.2x     하단  8.06  3pt/0 [5분]

══════════════════════════════════════════════════
⏰ 점심시간 (11:30~13:30) — 신규 매수 중단
→ 전종목 HOLD
✅ Discord 전송 완료

[11:48] HOLD | KODEX RSI56/-1.9%⬇️ | 보유:HMM(011200) +0.3% 한국전력(015760) +0.4% 카카오(035720) -0.2% | 💸예수금부족 | 최고신호 HMM(011200) 5pt/3pt [강세+1.4%★ / 호가7.3★ / RSI60]
💰 예수금 6,396원 | KODEX200 RSI56/-1.8% 하락추세⬇️  | 매수기준 점수3pt↑
📦 보유 HMM(011200) 1주 +0.4%
📦 보유 한국전력(015760) 1주 +0.4%
📦 보유 카카오(035720) 1주 -0.3%

코드      종목명           가격    RSI     변화율    거래량     BB   호가비  B/S
────────────────────────────────────────────────────────────────────────
[2단계 분석 대상: 011200, 015760, 035720, 247540, 000880, 000720, 403870, 096770]
011200  HMM       18,310   55.9    -0.3%    0.3x     하단  2.96  5pt/0 [5분]
015760  한국전력      35,450   48.7    -2.6%    0.3x     하단  2.76  3pt/0 [5분]
035720  카카오       37,300   59.1    -2.4%    0.2x     하단  8.43  3pt/0 [5분]

══════════════════════════════════════════════════
⏰ 점심시간 (11:30~13:30) — 신규 매수 중단
→ 전종목 HOLD
✅ Discord 전송 완료

[11:50] HOLD | KODEX RSI56/-1.8%⬇️ | 보유:HMM(011200) +0.4% 한국전력(015760) +0.4% 카카오(035720) -0.3% | 💸예수금부족 | 최고신호 HMM(011200) 5pt/3pt [강세+1.5%★ / 호가3.0★ / RSI56]
💰 예수금 6,396원 | KODEX200 RSI56/-1.9% 하락추세⬇️  | 매수기준 점수3pt↑
📦 보유 HMM(011200) 1주 +0.3%
📦 보유 한국전력(015760) 1주 +0.5%
📦 보유 카카오(035720) 1주 -0.1%

코드      종목명           가격    RSI     변화율    거래량     BB   호가비  B/S
────────────────────────────────────────────────────────────────────────
[2단계 분석 대상: 011200, 015760, 035720, 247540, 000880, 403870, 096770, 138040]
011200  HMM       18,300   55.9    -0.4%    0.3x     하단  3.22  6pt/0 [5분]
015760  한국전력      35,450   48.7    -2.8%    0.3x     하단  2.65  3pt/0 [5분]
035720  카카오       37,300   59.1    -2.2%    0.2x     하단  8.08  3pt/0 [5분]

══════════════════════════════════════════════════
⏰ 점심시간 (11:30~13:30) — 신규 매수 중단
→ 전종목 HOLD
✅ Discord 전송 완료

[11:52] HOLD | KODEX RSI56/-1.9%⬇️ | 보유:HMM(011200) +0.3% 한국전력(015760) +0.5% 카카오(035720) -0.1% | 💸예수금부족 | 최고신호 HMM(011200) 6pt/3pt [강세+1.5%★★ / 호가3.2★ / RSI56]
💰 예수금 6,396원 | KODEX200 RSI56/-1.9% 하락추세⬇️  | 매수기준 점수3pt↑
📦 보유 HMM(011200) 1주 +0.5%
📦 보유 한국전력(015760) 1주 +0.4%
📦 보유 카카오(035720) 1주 -0.1%

코드      종목명           가격    RSI     변화율    거래량     BB   호가비  B/S
────────────────────────────────────────────────────────────────────────
[2단계 분석 대상: 011200, 015760, 035720, 000880, 247540, 000720, 403870, 004020]
011200  HMM       18,330   60.0    -0.3%    0.3x     하단  0.97  4pt/0 [5분]
015760  한국전력      35,400   53.8    -2.8%    0.3x     하단  2.19  3pt/0 [5분]
035720  카카오       37,300   62.5    -2.4%    0.2x     하단  7.40  3pt/0 [5분]

══════════════════════════════════════════════════
⏰ 점심시간 (11:30~13:30) — 신규 매수 중단
→ 전종목 HOLD
✅ Discord 전송 완료

[11:54] HOLD | KODEX RSI56/-1.9%⬇️ | 보유:HMM(011200) +0.5% 한국전력(015760) +0.4% 카카오(035720) -0.1% | 💸예수금부족 | 최고신호 HMM(011200) 4pt/3pt [강세+1.6%★★ / RSI60]
💰 예수금 6,396원 | KODEX200 RSI56/-1.7% 하락추세⬇️  | 매수기준 점수3pt↑
📦 보유 HMM(011200) 1주 +0.7%
📦 보유 한국전력(015760) 1주 +0.4%
📦 보유 카카오(035720) 1주 -0.1%

코드      종목명           가격    RSI     변화율    거래량     BB   호가비  B/S
────────────────────────────────────────────────────────────────────────
[2단계 분석 대상: 011200, 015760, 035720, 000880, 403870, 247540, 004020, 030200]
011200  HMM       18,360   60.0    -0.1%    0.3x     하단  1.25  4pt/0 [5분]
015760  한국전력      35,450   53.8    -2.5%    0.3x     하단  1.87  2pt/0 [5분]
035720  카카오       37,400   62.5    -2.1%    0.2x     하단  5.96  3pt/0 [5분]

══════════════════════════════════════════════════
⏰ 점심시간 (11:30~13:30) — 신규 매수 중단
→ 전종목 HOLD
✅ Discord 전송 완료

[11:56] HOLD | KODEX RSI56/-1.7%⬇️ | 보유:HMM(011200) +0.7% 한국전력(015760) +0.4% 카카오(035720) -0.1% | 💸예수금부족 | 최고신호 HMM(011200) 4pt/3pt [강세+1.6%★★ / RSI60]
💰 예수금 6,395원 | KODEX200 RSI56/-1.4% 하락추세⬇️  | 매수기준 점수3pt↑
📦 보유 HMM(011200) 1주 +0.5%
📦 보유 한국전력(015760) 1주 +0.8%
📦 보유 카카오(035720) 1주 +0.1%

코드      종목명           가격    RSI     변화율    거래량     BB   호가비  B/S
────────────────────────────────────────────────────────────────────────
[2단계 분석 대상: 011200, 015760, 035720, 000880, 403870, 096770, 017670, 030200]
011200  HMM       18,340   60.0    -0.2%    0.3x     하단  1.06  3pt/0 [5분]
015760  한국전력      35,550   53.8    -2.4%    0.3x     하단  1.06  1pt/0 [5분]
035720  카카오       37,400   62.5    -2.0%    0.2x     하단  5.86  3pt/0 [5분]

══════════════════════════════════════════════════
⏰ 점심시간 (11:30~13:30) — 신규 매수 중단
→ 전종목 HOLD
✅ Discord 전송 완료

[11:58] HOLD | KODEX RSI56/-1.4%⬇️ | 보유:HMM(011200) +0.5% 한국전력(015760) +0.8% 카카오(035720) +0.1% | 💸예수금부족 | 최고신호 HMM(011200) 3pt/3pt [강세+1.2%★ / RSI60]
💰 예수금 6,395원 | KODEX200 RSI56/-1.5% 하락추세⬇️  | 매수기준 점수3pt↑
📦 보유 HMM(011200) 1주 +0.6%
📦 보유 한국전력(015760) 1주 +0.7%
📦 보유 카카오(035720) 1주 +0.1%

코드      종목명           가격    RSI     변화율    거래량     BB   호가비  B/S
────────────────────────────────────────────────────────────────────────
[2단계 분석 대상: 011200, 015760, 035720, 000880, 403870, 030200, 086790, 247540]
011200  HMM       18,370   68.6    -0.1%    0.3x     하단  0.40  3pt/0 [5분]
015760  한국전력      35,550   58.3    -2.4%    0.3x     하단  1.06  1pt/0 [5분]
035720  카카오       37,400   65.2    -2.1%    0.2x     하단  6.38  3pt/0 [5분]

══════════════════════════════════════════════════
⏰ 점심시간 (11:30~13:30) — 신규 매수 중단
→ 전종목 HOLD
✅ Discord 전송 완료

[12:00] HOLD | KODEX RSI56/-1.5%⬇️ | 보유:HMM(011200) +0.6% 한국전력(015760) +0.7% 카카오(035720) +0.1% | 💸예수금부족 | 최고신호 HMM(011200) 3pt/3pt [강세+1.4%★ / 연속상승]
💰 예수금 6,396원 | KODEX200 RSI56/-1.6% 하락추세⬇️  | 매수기준 점수3pt↑
📦 보유 HMM(011200) 1주 +0.7%
📦 보유 한국전력(015760) 1주 +0.7%
📦 보유 카카오(035720) 1주 -0.1%

코드      종목명           가격    RSI     변화율    거래량     BB   호가비  B/S
────────────────────────────────────────────────────────────────────────
[2단계 분석 대상: 011200, 015760, 035720, 000880, 403870, 247540, 004020, 017670]
011200  HMM       18,360   68.6    -0.1%    0.3x     하단  0.41  3pt/0 [5분]
015760  한국전력      35,550   58.3    -2.5%    0.4x     하단  1.05  1pt/0 [5분]
035720  카카오       37,350   65.2    -2.2%    0.2x     하단  6.73  3pt/0 [5분]

══════════════════════════════════════════════════
⏰ 점심시간 (11:30~13:30) — 신규 매수 중단
→ 전종목 HOLD
✅ Discord 전송 완료

[12:02] HOLD | KODEX RSI56/-1.6%⬇️ | 보유:HMM(011200) +0.7% 한국전력(015760) +0.7% 카카오(035720) -0.1% | 💸예수금부족 | 최고신호 HMM(011200) 3pt/3pt [강세+1.5%★ / 연속상승]
💰 예수금 6,395원 | KODEX200 RSI56/-1.4% 하락추세⬇️  | 매수기준 점수3pt↑
📦 보유 HMM(011200) 1주 +0.6%
📦 보유 한국전력(015760) 1주 +0.8%
📦 보유 카카오(035720) 1주 +0.1%

코드      종목명           가격    RSI     변화율    거래량     BB   호가비  B/S
────────────────────────────────────────────────────────────────────────
[2단계 분석 대상: 011200, 015760, 035720, 000880, 247540, 017670, 403870, 004020]
011200  HMM       18,370   68.6    -0.1%    0.3x     하단  0.41  3pt/0 [5분]
015760  한국전력      35,550   58.3    -2.3%    0.4x     하단  1.40  2pt/0 [5분]
035720  카카오       37,350   60.9    -2.1%    0.2x     하단  6.88  3pt/0 [5분]

══════════════════════════════════════════════════
⏰ 점심시간 (11:30~13:30) — 신규 매수 중단
→ 전종목 HOLD
✅ Discord 전송 완료

[12:04] HOLD | KODEX RSI56/-1.4%⬇️ | 보유:HMM(011200) +0.6% 한국전력(015760) +0.8% 카카오(035720) +0.1% | 💸예수금부족 | 최고신호 HMM(011200) 3pt/3pt [강세+1.4%★ / 연속상승]
💰 예수금 6,395원 | KODEX200 RSI56/-1.4% 하락추세⬇️  | 매수기준 점수3pt↑
📦 보유 HMM(011200) 1주 +0.7%
📦 보유 한국전력(015760) 1주 +0.9%
📦 보유 카카오(035720) 1주 +0.1%

코드      종목명           가격    RSI     변화율    거래량     BB   호가비  B/S
────────────────────────────────────────────────────────────────────────
[2단계 분석 대상: 011200, 015760, 035720, 000880, 086790, 247540, 030200, 000720]
011200  HMM       18,370   63.3    +0.1%    0.3x     하단  0.42  4pt/0 [5분]
015760  한국전력      35,650   55.9    -2.1%    0.4x     하단  1.46  2pt/0 [5분]
035720  카카오       37,400   60.9    -2.1%    0.2x     하단  7.09  3pt/0 [5분]

══════════════════════════════════════════════════
⏰ 점심시간 (11:30~13:30) — 신규 매수 중단
→ 전종목 HOLD
✅ Discord 전송 완료

[12:06] HOLD | KODEX RSI56/-1.4%⬇️ | 보유:HMM(011200) +0.7% 한국전력(015760) +0.9% 카카오(035720) +0.1% | 💸예수금부족 | 최고신호 HMM(011200) 4pt/3pt [강세+1.6%★★ / RSI63]
💰 예수금 6,395원 | KODEX200 RSI56/-1.6% 하락추세⬇️  | 매수기준 점수3pt↑
📦 보유 HMM(011200) 1주 +1.1%
📦 보유 한국전력(015760) 1주 +1.1%
📦 보유 카카오(035720) 1주 +0.2%

코드      종목명           가격    RSI     변화율    거래량     BB   호가비  B/S
────────────────────────────────────────────────────────────────────────
[2단계 분석 대상: 011200, 015760, 035720, 000880, 247540, 086790, 017670, 030200]
011200  HMM       18,410   63.3    +0.2%    0.3x     하단  0.27  4pt/0 [5분]
015760  한국전력      35,650   55.9    -2.1%    0.4x     하단  1.30  2pt/0 [5분]
035720  카카오       37,400   60.9    -2.0%    0.2x     하단  7.15  3pt/0 [5분]

══════════════════════════════════════════════════
⏰ 점심시간 (11:30~13:30) — 신규 매수 중단
→ 전종목 HOLD
✅ Discord 전송 완료

[12:08] HOLD | KODEX RSI56/-1.6%⬇️ | 보유:HMM(011200) +1.1% 한국전력(015760) +1.1% 카카오(035720) +0.2% | 💸예수금부족 | 최고신호 HMM(011200) 4pt/3pt [강세+1.8%★★ / RSI63]
💰 예수금 6,395원 | KODEX200 RSI56/-1.7% 하락추세⬇️  | 매수기준 점수3pt↑
📦 보유 HMM(011200) 1주 +1.0%
📦 보유 한국전력(015760) 1주 +0.9%
📦 보유 카카오(035720) 1주 +0.1%

코드      종목명           가격    RSI     변화율    거래량     BB   호가비  B/S
────────────────────────────────────────────────────────────────────────
[2단계 분석 대상: 011200, 015760, 035720, 247540, 000880, 064350, 086790, 403870]
011200  HMM       18,390   53.6    -0.0%    0.3x     하단  0.22  4pt/0 [5분]
015760  한국전력      35,600   58.8    -2.2%    0.4x     하단  2.06  3pt/0 [5분]
035720  카카오       37,400   59.1    -2.0%    0.2x     하단  7.45  3pt/0 [5분]

══════════════════════════════════════════════════
⏰ 점심시간 (11:30~13:30) — 신규 매수 중단
→ 전종목 HOLD
✅ Discord 전송 완료

[12:10] HOLD | KODEX RSI56/-1.7%⬇️ | 보유:HMM(011200) +1.0% 한국전력(015760) +0.9% 카카오(035720) +0.1% | 💸예수금부족 | 최고신호 HMM(011200) 4pt/3pt [강세+1.6%★★ / RSI54]
💰 예수금 6,396원 | KODEX200 RSI56/-2.0% 하락추세⬇️ 과열⚠️ | 매수기준 점수3pt↑
📦 보유 HMM(011200) 1주 +0.7%
📦 보유 한국전력(015760) 1주 +0.7%
📦 보유 카카오(035720) 1주 -0.1%

코드      종목명           가격    RSI     변화율    거래량     BB   호가비  B/S
────────────────────────────────────────────────────────────────────────
[2단계 분석 대상: 011200, 015760, 035720, 017670, 247540, 000720, 086520, 004020]
011200  HMM       18,370   53.6    -0.1%    0.3x     하단  0.26  4pt/0 [5분]
015760  한국전력      35,500   58.8    -2.5%    0.4x     하단  3.10  3pt/0 [5분]
035720  카카오       37,300   59.1    -2.2%    0.2x     하단  8.93  3pt/0 [5분]

══════════════════════════════════════════════════
⏰ 점심시간 (11:30~13:30) — 신규 매수 중단
→ 전종목 HOLD
✅ Discord 전송 완료

[12:12] HOLD | KODEX RSI56/-2.0%⬇️⚠️ | 보유:HMM(011200) +0.7% 한국전력(015760) +0.7% 카카오(035720) -0.1% | 💸예수금부족 | 최고신호 HMM(011200) 4pt/3pt [강세+1.9%★★ / RSI54]
💰 예수금 6,396원 | KODEX200 RSI56/-2.1% 하락추세⬇️ 과열⚠️ | 매수기준 점수3pt↑
📦 보유 HMM(011200) 1주 +0.7%
📦 보유 한국전력(015760) 1주 +0.5%
📦 보유 카카오(035720) 1주 -0.1%

코드      종목명           가격    RSI     변화율    거래량     BB   호가비  B/S
────────────────────────────────────────────────────────────────────────
[2단계 분석 대상: 011200, 015760, 035720, 247540, 003670, 000720, 017670, 000880]
011200  HMM       18,380   62.5    -0.1%    0.3x     하단  0.29  4pt/0 [5분]
015760  한국전력      35,500   74.1    -2.6%    0.4x     하단  3.15  3pt/1 [5분]
035720  카카오       37,350   72.2    -2.1%    0.2x     하단  7.66  2pt/0 [5분]

══════════════════════════════════════════════════
⏰ 점심시간 (11:30~13:30) — 신규 매수 중단
→ 전종목 HOLD
✅ Discord 전송 완료

[12:14] HOLD | KODEX RSI56/-2.1%⬇️⚠️ | 보유:HMM(011200) +0.7% 한국전력(015760) +0.5% 카카오(035720) -0.1% | 💸예수금부족 | 최고신호 HMM(011200) 4pt/3pt [강세+2.0%★★ / RSI62]
💰 예수금 6,395원 | KODEX200 RSI56/-1.8% 하락추세⬇️  | 매수기준 점수3pt↑
📦 보유 HMM(011200) 1주 +0.9%
📦 보유 한국전력(015760) 1주 +0.7%
📦 보유 카카오(035720) 1주 +0.3%

코드      종목명           가격    RSI     변화율    거래량     BB   호가비  B/S
────────────────────────────────────────────────────────────────────────
[2단계 분석 대상: 011200, 015760, 035720, 247540, 000720, 086520, 000880, 003670]
011200  HMM       18,420   62.5    +0.2%    0.3x     하단  0.13  4pt/0 [5분]
015760  한국전력      35,550   74.1    -2.3%    0.4x     하단  1.91  2pt/1 [5분]
035720  카카오       37,450   72.2    -1.8%    0.2x     하단  5.67  2pt/0 [5분]

══════════════════════════════════════════════════
⏰ 점심시간 (11:30~13:30) — 신규 매수 중단
→ 전종목 HOLD
✅ Discord 전송 완료

[12:16] HOLD | KODEX RSI56/-1.8%⬇️ | 보유:HMM(011200) +0.9% 한국전력(015760) +0.7% 카카오(035720) +0.3% | 💸예수금부족 | 최고신호 HMM(011200) 4pt/3pt [강세+2.0%★★ / RSI62]
💰 예수금 6,395원 | KODEX200 RSI56/-1.9% 하락추세⬇️  | 매수기준 점수3pt↑
📦 보유 HMM(011200) 1주 +0.9%
📦 보유 한국전력(015760) 1주 +0.8%
📦 보유 카카오(035720) 1주 +0.6%

코드      종목명           가격    RSI     변화율    거래량     BB   호가비  B/S
────────────────────────────────────────────────────────────────────────
[2단계 분석 대상: 011200, 015760, 035720, 247540, 000880, 003670, 000720, 086520]
011200  HMM       18,410   62.5    +0.1%    0.3x     하단  0.26  4pt/0 [5분]
015760  한국전력      35,600   74.1    -2.2%    0.4x     하단  1.51  2pt/1 [5분]
035720  카카오       37,550   72.2    -1.6%    0.2x     하단  1.04  2pt/1 [5분]

══════════════════════════════════════════════════
⏰ 점심시간 (11:30~13:30) — 신규 매수 중단
→ 전종목 HOLD
✅ Discord 전송 완료

[12:18] HOLD | KODEX RSI56/-1.9%⬇️ | 보유:HMM(011200) +0.9% 한국전력(015760) +0.8% 카카오(035720) +0.6% | 💸예수금부족 | 최고신호 HMM(011200) 4pt/3pt [강세+2.0%★★ / RSI62]
💰 예수금 6,395원 | KODEX200 RSI56/-1.8% 하락추세⬇️  | 매수기준 점수3pt↑
📦 보유 HMM(011200) 1주 +1.1%
📦 보유 한국전력(015760) 1주 +1.1%
📦 보유 카카오(035720) 1주 +0.6%

코드      종목명           가격    RSI     변화율    거래량     BB   호가비  B/S
────────────────────────────────────────────────────────────────────────
[2단계 분석 대상: 011200, 015760, 035720, 003670, 000880, 247540, 017670, 066970]
011200  HMM       18,440   66.7    +0.3%    0.3x     하단  0.18  3pt/0 [5분]
015760  한국전력      35,600   68.2    -2.2%    0.4x     하단  1.38  1pt/0 [5분]
035720  카카오       37,650   72.2    -1.4%    0.2x     하단  0.82  2pt/1 [5분]

══════════════════════════════════════════════════
⏰ 점심시간 (11:30~13:30) — 신규 매수 중단
→ 전종목 HOLD
✅ Discord 전송 완료

[12:20] HOLD | KODEX RSI56/-1.8%⬇️ | 보유:HMM(011200) +1.1% 한국전력(015760) +1.1% 카카오(035720) +0.6% | 💸예수금부족 | 최고신호 HMM(011200) 3pt/3pt [강세+2.1%★★]
💰 예수금 6,395원 | KODEX200 RSI56/-1.7% 하락추세⬇️  | 매수기준 점수3pt↑
📦 보유 HMM(011200) 1주 +1.1%
📦 보유 한국전력(015760) 1주 +1.1%
📦 보유 카카오(035720) 1주 +0.6%

코드      종목명           가격    RSI     변화율    거래량     BB   호가비  B/S
────────────────────────────────────────────────────────────────────────
[2단계 분석 대상: 011200, 015760, 035720, 247540, 000880, 086520, 004020, 066970]
011200  HMM       18,440   66.7    +0.3%    0.3x     하단  0.21  3pt/0 [5분]
015760  한국전력      35,650   68.2    -2.1%    0.4x     하단  1.06  0pt/0 [5분]
035720  카카오       37,600   72.2    -1.4%    0.2x     하단  0.82  0pt/1 [5분]

══════════════════════════════════════════════════
⏰ 점심시간 (11:30~13:30) — 신규 매수 중단
→ 전종목 HOLD
✅ Discord 전송 완료

[12:22] HOLD | KODEX RSI56/-1.7%⬇️ | 보유:HMM(011200) +1.1% 한국전력(015760) +1.1% 카카오(035720) +0.6% | 💸예수금부족 | 최고신호 HMM(011200) 3pt/3pt [강세+2.0%★★]
💰 예수금 6,395원 | KODEX200 RSI56/-1.7% 하락추세⬇️  | 매수기준 점수3pt↑
📦 보유 HMM(011200) 1주 +1.1%
📦 보유 한국전력(015760) 1주 +1.1%
📦 보유 카카오(035720) 1주 +0.7%

코드      종목명           가격    RSI     변화율    거래량     BB   호가비  B/S
────────────────────────────────────────────────────────────────────────
[2단계 분석 대상: 011200, 015760, 035720, 247540, 000880, 086520, 003670, 004020]
011200  HMM       18,450   57.1    +0.3%    0.3x     중간  0.29  4pt/0 [5분]
015760  한국전력      35,700   65.0    -2.1%    0.4x     하단  0.89  1pt/0 [5분]
035720  카카오       37,650   66.7    -1.4%    0.2x     하단  0.87  0pt/0 [5분]

══════════════════════════════════════════════════
⏰ 점심시간 (11:30~13:30) — 신규 매수 중단
→ 전종목 HOLD
✅ Discord 전송 완료

[12:24] HOLD | KODEX RSI56/-1.7%⬇️ | 보유:HMM(011200) +1.1% 한국전력(015760) +1.1% 카카오(035720) +0.7% | 💸예수금부족 | 최고신호 HMM(011200) 4pt/3pt [강세+2.0%★★ / RSI57]
💰 예수금 6,395원 | KODEX200 RSI56/-1.5% 하락추세⬇️  | 매수기준 점수3pt↑
📦 보유 HMM(011200) 1주 +1.2%
📦 보유 한국전력(015760) 1주 +1.1%
📦 보유 카카오(035720) 1주 +0.7%

코드      종목명           가격    RSI     변화율    거래량     BB   호가비  B/S
────────────────────────────────────────────────────────────────────────
[2단계 분석 대상: 011200, 015760, 035720, 000880, 003670, 017670, 086520, 247540]
011200  HMM       18,460   57.1    +0.4%    0.3x     중간  0.30  4pt/0 [5분]
015760  한국전력      35,700   65.0    -2.1%    0.4x     하단  0.66  1pt/0 [5분]
035720  카카오       37,650   66.7    -1.4%    0.2x     하단  0.73  0pt/0 [5분]

══════════════════════════════════════════════════
⏰ 점심시간 (11:30~13:30) — 신규 매수 중단
→ 전종목 HOLD
✅ Discord 전송 완료

[12:26] HOLD | KODEX RSI56/-1.5%⬇️ | 보유:HMM(011200) +1.2% 한국전력(015760) +1.1% 카카오(035720) +0.7% | 💸예수금부족 | 최고신호 HMM(011200) 4pt/3pt [강세+1.9%★★ / RSI57]
💰 예수금 6,395원 | KODEX200 RSI56/-1.6% 하락추세⬇️  | 매수기준 점수3pt↑
📦 보유 HMM(011200) 1주 +1.2%
📦 보유 한국전력(015760) 1주 +0.9%
📦 보유 카카오(035720) 1주 +0.9%

코드      종목명           가격    RSI     변화율    거래량     BB   호가비  B/S
────────────────────────────────────────────────────────────────────────
[2단계 분석 대상: 011200, 015760, 035720, 247540, 003670, 000880, 017670, 066970]
011200  HMM       18,500   57.1    +0.7%    0.4x     중간  0.65  4pt/0 [5분]
015760  한국전력      35,650   65.0    -2.2%    0.4x     하단  0.81  1pt/0 [5분]
035720  카카오       37,650   66.7    -1.4%    0.2x     하단  0.65  0pt/0 [5분]

══════════════════════════════════════════════════
⏰ 점심시간 (11:30~13:30) — 신규 매수 중단
→ 전종목 HOLD
✅ Discord 전송 완료

[12:28] HOLD | KODEX RSI56/-1.6%⬇️ | 보유:HMM(011200) +1.2% 한국전력(015760) +0.9% 카카오(035720) +0.9% | 💸예수금부족 | 최고신호 HMM(011200) 4pt/3pt [강세+2.3%★★ / RSI57]
💰 예수금 6,395원 | KODEX200 RSI56/-1.5% 하락추세⬇️  | 매수기준 점수3pt↑
📦 보유 HMM(011200) 1주 +1.6%
📦 보유 한국전력(015760) 1주 +1.1%
📦 보유 카카오(035720) 1주 +0.7%

코드      종목명           가격    RSI     변화율    거래량     BB   호가비  B/S
────────────────────────────────────────────────────────────────────────
[2단계 분석 대상: 011200, 015760, 035720, 004020, 000880, 017670, 247540, 005930]
011200  HMM       18,520   66.7    +0.7%    0.4x     중간  0.13  3pt/0 [5분]
015760  한국전력      35,700   73.0    -2.1%    0.4x     하단  0.64  0pt/1 [5분]
035720  카카오       37,650   78.6    -1.4%    0.2x     하단  0.79  0pt/1 [5분]

══════════════════════════════════════════════════
⏰ 점심시간 (11:30~13:30) — 신규 매수 중단
→ 전종목 HOLD
✅ Discord 전송 완료

[12:30] HOLD | KODEX RSI56/-1.5%⬇️ | 보유:HMM(011200) +1.6% 한국전력(015760) +1.1% 카카오(035720) +0.7% | 💸예수금부족 | 최고신호 HMM(011200) 3pt/3pt [강세+2.2%★★]
💰 예수금 6,395원 | KODEX200 RSI56/-1.2% 하락추세⬇️  | 매수기준 점수3pt↑
📦 보유 HMM(011200) 1주 +1.6%
📦 보유 한국전력(015760) 1주 +1.1%
📦 보유 카카오(035720) 1주 +0.9%

코드      종목명           가격    RSI     변화율    거래량     BB   호가비  B/S
────────────────────────────────────────────────────────────────────────
[2단계 분석 대상: 011200, 015760, 035720, 000880, 004020, 247540, 086520, 003670]
011200  HMM       18,520   66.7    +0.8%    0.4x     중간  0.39  3pt/0 [5분]
015760  한국전력      35,700   73.0    -1.8%    0.4x     하단  0.67  0pt/1 [5분]
035720  카카오       37,750   78.6    -1.1%    0.3x     하단  0.58  0pt/1 [5분]

══════════════════════════════════════════════════
⏰ 점심시간 (11:30~13:30) — 신규 매수 중단
→ 전종목 HOLD
✅ Discord 전송 완료

[12:32] HOLD | KODEX RSI56/-1.2%⬇️ | 보유:HMM(011200) +1.6% 한국전력(015760) +1.1% 카카오(035720) +0.9% | 💸예수금부족 | 최고신호 HMM(011200) 3pt/3pt [강세+2.0%★★]
💰 예수금 6,395원 | KODEX200 RSI57/-0.9% 하락추세⬇️  | 매수기준 점수3pt↑
📦 보유 HMM(011200) 1주 +1.6%
📦 보유 한국전력(015760) 1주 +1.4%
📦 보유 카카오(035720) 1주 +1.0%

코드      종목명           가격    RSI     변화율    거래량     BB   호가비  B/S
────────────────────────────────────────────────────────────────────────
[2단계 분석 대상: 011200, 015760, 035720, 004020, 000880, 247540, 017670, 086520]
011200  HMM       18,540   70.6    +0.9%    0.4x     중간  0.50  3pt/1 [5분]
015760  한국전력      35,800   63.9    -1.7%    0.4x     하단  0.52  1pt/0 [5분]
035720  카카오       37,750   75.0    -1.2%    0.3x     하단  0.42  0pt/1 [5분]

══════════════════════════════════════════════════
⏰ 점심시간 (11:30~13:30) — 신규 매수 중단
→ 전종목 HOLD
✅ Discord 전송 완료

[12:34] HOLD | KODEX RSI57/-0.9%⬇️ | 보유:HMM(011200) +1.6% 한국전력(015760) +1.4% 카카오(035720) +1.0% | 💸예수금부족 | 최고신호 HMM(011200) 3pt/3pt [강세+1.8%★★]
💰 예수금 6,395원 | KODEX200 RSI57/-0.8% 하락추세⬇️  | 매수기준 점수3pt↑
📦 보유 HMM(011200) 1주 +1.6%
📦 보유 한국전력(015760) 1주 +1.4%
📦 보유 카카오(035720) 1주 +1.1%

코드      종목명           가격    RSI     변화율    거래량     BB   호가비  B/S
────────────────────────────────────────────────────────────────────────
[2단계 분석 대상: 011200, 015760, 035720, 247540, 004020, 000880, 000150, 017670]
011200  HMM       18,540   70.6    +0.8%    0.4x     중간  0.40  3pt/1 [5분]
015760  한국전력      35,800   63.9    -1.8%    0.4x     하단  0.51  1pt/0 [5분]
035720  카카오       37,800   75.0    -1.2%    0.3x     하단  0.46  0pt/1 [5분]

══════════════════════════════════════════════════
⏰ 점심시간 (11:30~13:30) — 신규 매수 중단
→ 전종목 HOLD
✅ Discord 전송 완료

[12:36] HOLD | KODEX RSI57/-0.8%⬇️ | 보유:HMM(011200) +1.6% 한국전력(015760) +1.4% 카카오(035720) +1.1% | 💸예수금부족 | 최고신호 HMM(011200) 3pt/3pt [강세+1.6%★★]
💰 예수금 6,395원 | KODEX200 RSI57/-1.0% 하락추세⬇️  | 매수기준 점수3pt↑
📦 보유 HMM(011200) 1주 +1.7%
📦 보유 한국전력(015760) 1주 +1.5%
📦 보유 카카오(035720) 1주 +1.1%

코드      종목명           가격    RSI     변화율    거래량     BB   호가비  B/S
────────────────────────────────────────────────────────────────────────
[2단계 분석 대상: 011200, 015760, 035720, 004020, 247540, 000880, 000270, 003490]
011200  HMM       18,540   70.6    +0.8%    0.4x     중간  0.24  3pt/1 [5분]
015760  한국전력      35,800   63.9    -1.6%    0.4x     하단  0.54  1pt/1 [5분]
035720  카카오       37,800   75.0    -1.1%    0.3x     하단  0.50  0pt/1 [5분]

══════════════════════════════════════════════════
🟡 SELL(수익실현💰) 한국전력(015760) +1.5% [수익+1.5%(목표2%)] 신뢰도0.7
💰 예수금: 6,395원
📊 한국전력(015760) 매도1호가: 35,800원 | 매수1호가: 35,750원
📌 SELL 지정가: 35,750원 × 1주
✅ 접수 | 매도 주문 접수: 한국전력 1주 (주문번호: 0431572)
⏰ 점심시간 (11:30~13:30) — 신규 매수 중단
✅ Discord 전송 완료

[12:38] 🟡SELL | KODEX RSI57/-1.0%⬇️ | 예수금 6,395원

🟡 한국전력(015760)  💰수익+1.5%  RSI64 BB하단  [수익+1.5%(목표2%)]
📦 HMM +1.7% | 한국전력 +1.5% | 카카오 +1.1%

🔶 HMM  3pt/3pt  RSI71 +0.8%  [강세+1.8%★★]
💰 예수금 42,145원 | KODEX200 RSI57/-0.7% 하락추세⬇️  | 매수기준 점수3pt↑
📦 보유 HMM(011200) 1주 +1.8%
📦 보유 카카오(035720) 1주 +1.3%

코드      종목명           가격    RSI     변화율    거래량     BB   호가비  B/S
────────────────────────────────────────────────────────────────────────
[2단계 분석 대상: 011200, 035720, 078930, 000880, 000270, 003490, 247540]
011200  HMM       18,560   60.0    +0.9%    0.4x     중간  0.25  4pt/0 [5분]
015760  한국전력      35,800    0.0    +0.0%    0.0x     중간  0.71  2pt/0 [일봉]
035720  카카오       37,900   64.3    -0.7%    0.3x     하단  0.40  1pt/0 [5분]
003490  대한항공      24,750   56.2    -2.4%    0.4x     하단  1.49  2pt/0 [5분]
004020  현대제철      31,750    0.0    +0.0%    0.0x     중간  1.25  2pt/0 [일봉]

══════════════════════════════════════════════════
⏰ 점심시간 (11:30~13:30) — 신규 매수 중단
→ 전종목 HOLD
✅ Discord 전송 완료

[12:40] HOLD | KODEX RSI57/-0.7%⬇️ | 보유:HMM(011200) +1.8% 카카오(035720) +1.3% | 💸예수금부족 | 최고신호 HMM(011200) 4pt/3pt [강세+1.6%★★ / RSI60]
💰 예수금 42,145원 | KODEX200 RSI57/-0.7% 하락추세⬇️  | 매수기준 점수3pt↑
📦 보유 HMM(011200) 1주 +1.8%
📦 보유 카카오(035720) 1주 +1.6%

코드      종목명           가격    RSI     변화율    거래량     BB   호가비  B/S
────────────────────────────────────────────────────────────────────────
[2단계 분석 대상: 011200, 035720, 004020, 000880, 078930, 247540, 000270]
011200  HMM       18,560   60.0    +0.9%    0.4x     중간  0.34  4pt/0 [5분]
015760  한국전력      35,800    0.0    +0.0%    0.0x     중간  0.82  2pt/0 [일봉]
035720  카카오       37,950   64.3    -0.7%    0.3x     하단  0.54  1pt/1 [5분]
003490  대한항공      24,850    0.0    +0.0%    0.0x     중간  1.11  2pt/0 [일봉]
004020  현대제철      31,750   72.7    -4.7%    0.5x     하단  3.83  3pt/0 [5분]

══════════════════════════════════════════════════
🟡 SELL(수익실현💰) 카카오(035720) +1.6% [수익+1.6%(목표2%)] 신뢰도0.7
💰 예수금: 42,145원
📊 카카오(035720) 매도1호가: 37,950원 | 매수1호가: 37,900원
📌 SELL 지정가: 37,900원 × 1주
✅ 접수 | 매도 주문 접수: 카카오 1주 (주문번호: 0434967)
⏰ 점심시간 (11:30~13:30) — 신규 매수 중단
✅ Discord 전송 완료

[12:42] 🟡SELL | KODEX RSI57/-0.7%⬇️ | 예수금 42,145원

🟡 카카오(035720)  💰수익+1.6%  RSI64 BB하단  [수익+1.6%(목표2%)]
📦 HMM +1.8% | 카카오 +1.6%

🔶 HMM  4pt/3pt  RSI60 +0.9%  [강세+1.7%★★·RSI60]
🔶 현대제철  3pt/3pt  RSI73 -4.7%  [호가3.8★·연속상승]
🔶 한국전력  2pt/3pt  RSI0 +0.0%  [강세+0.7%★]
🔶 대한항공  2pt/3pt  RSI0 +0.0%  [강세+0.7%★]
💰 예수금 80,045원 | KODEX200 RSI57/-0.8% 하락추세⬇️  | 매수기준 점수3pt↑
📦 보유 HMM(011200) 1주 +1.9%

코드      종목명           가격    RSI     변화율    거래량     BB   호가비  B/S
────────────────────────────────────────────────────────────────────────
[2단계 분석 대상: 011200, 000880, 004020, 078930, 000270, 247540]
403870  HPSP      53,400    0.0    +0.0%    0.0x     중간  0.33  2pt/0 [일봉]
011200  HMM       18,600   52.9    +1.2%    0.4x     상단  0.14  4pt/1 [5분]
015760  한국전력      35,850    0.0    +0.0%    0.0x     중간  0.77  2pt/0 [일봉]
035720  카카오       37,950    0.0    +0.0%    0.0x     중간  0.58  2pt/0 [일봉]
030200  KT        55,400    0.0    +0.0%    0.0x     중간  0.85  2pt/0 [일봉]
003490  대한항공      24,850    0.0    +0.0%    0.0x     중간  1.37  3pt/0 [일봉]
004020  현대제철      31,800   58.8    -4.7%    0.5x     하단  6.33  3pt/0 [5분]
078930  GS        72,600   75.0    +0.0%    0.4x     중간  2.10  4pt/0 [5분]

══════════════════════════════════════════════════
⏰ 점심시간 (11:30~13:30) — 신규 매수 중단
→ 전종목 HOLD
✅ Discord 전송 완료

[12:44] HOLD | KODEX RSI57/-0.8%⬇️ | 보유:HMM(011200) +1.9% | 최고신호 HMM(011200) 4pt/3pt [강세+1.9%★★ / RSI53]
💰 예수금 80,045원 | KODEX200 RSI57/-0.7% 하락추세⬇️  | 매수기준 점수3pt↑
📦 보유 HMM(011200) 1주 +2.0%

코드      종목명           가격    RSI     변화율    거래량     BB   호가비  B/S
────────────────────────────────────────────────────────────────────────
[2단계 분석 대상: 011200, 000880, 004020, 078930, 066970, 247540]
403870  HPSP      53,600    0.0    +0.0%    0.0x     중간  0.27  2pt/0 [일봉]
011200  HMM       18,610   52.9    +1.2%    0.4x     상단  0.10  4pt/2 [5분]
015760  한국전력      35,800    0.0    +0.0%    0.0x     중간  0.69  2pt/0 [일봉]
035720  카카오       37,950    0.0    +0.0%    0.0x     중간  0.48  2pt/0 [일봉]
030200  KT        55,400    0.0    +0.0%    0.0x     중간  0.75  2pt/0 [일봉]
003490  대한항공      24,850    0.0    +0.0%    0.0x     중간  1.26  2pt/0 [일봉]
004020  현대제철      31,700   58.8    -4.8%    0.5x     하단  5.85  3pt/0 [5분]
078930  GS        72,600   75.0    -0.1%    0.4x     중간  2.08  4pt/0 [5분]

══════════════════════════════════════════════════
🟡 SELL(수익실현💰) HMM(011200) +2.0% [수익+2.0%(목표2%), BB상단] 신뢰도0.7
💰 예수금: 80,045원
📊 HMM(011200) 매도1호가: 18,600원 | 매수1호가: 18,590원
📌 SELL 지정가: 18,590원 × 1주
✅ 접수 | 매도 주문 접수: HMM 1주 (주문번호: 0438216)
⏰ 점심시간 (11:30~13:30) — 신규 매수 중단
✅ Discord 전송 완료

[12:46] 🟡SELL | KODEX RSI57/-0.7%⬇️ | 예수금 80,045원

🟡 HMM(011200)  💰수익+2.0%  RSI53 BB상단  [수익+2.0%(목표2%)·BB상단]
📦 HMM +2.0%

🔶 GS  4pt/3pt  RSI75 -0.1%  [강세+0.5%★·호가2.1★]
🔶 현대제철  3pt/3pt  RSI59 -4.8%  [호가5.8★·RSI59]
🔶 HPSP  2pt/3pt  RSI0 +0.0%  [강세+0.7%★]
🔶 한국전력  2pt/3pt  RSI0 +0.0%  [강세+0.7%★]
🔶 카카오  2pt/3pt  RSI0 +0.0%  [강세+0.7%★]
🔶 KT  2pt/3pt  RSI0 +0.0%  [강세+0.7%★]
💰 예수금 98,635원 | KODEX200 RSI57/-0.5% 하락추세⬇️  | 매수기준 점수3pt↑

코드      종목명           가격    RSI     변화율    거래량     BB   호가비  B/S
────────────────────────────────────────────────────────────────────────
[2단계 분석 대상: 004020, 000880, 078930, 247540, 066970]
403870  HPSP      54,000    0.0    +0.0%    0.0x     중간  0.33  2pt/0 [일봉]
055550  신한지주      98,300    0.0    +0.0%    0.0x     중간  0.58  2pt/0 [일봉]
272210  한화시스템     86,500    0.0    +0.0%    0.0x     중간  0.62  2pt/0 [일봉]
011200  HMM       18,630    0.0    +0.0%    0.0x     중간  0.07  2pt/0 [일봉]
015760  한국전력      35,850    0.0    +0.0%    0.0x     중간  0.68  2pt/0 [일봉]
034020  두산에너빌     87,800    0.0    +0.0%    0.0x     중간  0.89  2pt/0 [일봉]
035720  카카오       37,950    0.0    +0.0%    0.0x     중간  0.48  2pt/0 [일봉]
030200  KT        55,400    0.0    +0.0%    0.0x     중간  0.79  2pt/0 [일봉]
003490  대한항공      24,850    0.0    +0.0%    0.0x     중간  1.22  2pt/0 [일봉]
004020  현대제철      31,750   58.8    -4.8%    0.6x     하단  5.43  3pt/0 [5분]
078930  GS        72,700   75.0    +0.0%    0.4x     중간  2.66  4pt/0 [5분]

══════════════════════════════════════════════════
⏰ 점심시간 (11:30~13:30) — 신규 매수 중단
→ 전종목 HOLD
✅ Discord 전송 완료

[12:48] HOLD | KODEX RSI57/-0.5%⬇️ | 보유:없음 | 최고신호 GS(078930) 4pt/3pt [강세+0.5%★ / 호가2.7★]
💰 예수금 98,635원 | KODEX200 RSI57/-0.6% 하락추세⬇️  | 매수기준 점수3pt↑

코드      종목명           가격    RSI     변화율    거래량     BB   호가비  B/S
────────────────────────────────────────────────────────────────────────
[2단계 분석 대상: 004020, 000880, 247540, 078930, 066970]
403870  HPSP      54,300    0.0    +0.0%    0.0x     중간  0.42  2pt/0 [일봉]
055550  신한지주      97,900    0.0    +0.0%    0.0x     중간  0.72  2pt/0 [일봉]
272210  한화시스템     86,600    0.0    +0.0%    0.0x     중간  0.85  2pt/0 [일봉]
011200  HMM       18,610    0.0    +0.0%    0.0x     중간  0.09  2pt/0 [일봉]
015760  한국전력      35,800    0.0    +0.0%    0.0x     중간  0.88  2pt/0 [일봉]
034020  두산에너빌     87,800    0.0    +0.0%    0.0x     중간  0.91  2pt/0 [일봉]
035720  카카오       37,950    0.0    +0.0%    0.0x     중간  0.52  2pt/0 [일봉]
030200  KT        55,400    0.0    +0.0%    0.0x     중간  0.72  2pt/0 [일봉]
003490  대한항공      24,850    0.0    +0.0%    0.0x     중간  1.25  2pt/0 [일봉]
004020  현대제철      31,700   58.8    -4.8%    0.6x     하단  5.83  3pt/0 [5분]
078930  GS        72,700   71.4    +0.3%    0.4x     중간  3.26  4pt/0 [5분]

══════════════════════════════════════════════════
⏰ 점심시간 (11:30~13:30) — 신규 매수 중단
→ 전종목 HOLD
✅ Discord 전송 완료

[12:50] HOLD | KODEX RSI57/-0.6%⬇️ | 보유:없음 | 최고신호 GS(078930) 4pt/3pt [강세+0.9%★ / 호가3.3★]
💰 예수금 98,635원 | KODEX200 RSI57/-0.4% 하락추세⬇️  | 매수기준 점수3pt↑

코드      종목명           가격    RSI     변화율    거래량     BB   호가비  B/S
────────────────────────────────────────────────────────────────────────
[2단계 분석 대상: 004020, 078930, 000880, 272210, 247540]
403870  HPSP      54,100    0.0    +0.0%    0.0x     중간  0.30  2pt/0 [일봉]
055550  신한지주      97,900    0.0    +0.0%    0.0x     중간  0.72  2pt/0 [일봉]
272210  한화시스템     86,800   37.1    -5.2%    0.8x     하단  2.00  2pt/0 [5분]
011200  HMM       18,650    0.0    +0.0%    0.0x     중간  0.14  2pt/0 [일봉]
015760  한국전력      35,800    0.0    +0.0%    0.0x     중간  0.78  2pt/0 [일봉]
034020  두산에너빌     87,900    0.0    +0.0%    0.0x     중간  0.95  2pt/0 [일봉]
035720  카카오       38,000    0.0    +0.0%    0.0x     중간  0.62  2pt/0 [일봉]
030200  KT        55,400    0.0    +0.0%    0.0x     중간  0.76  2pt/0 [일봉]
003490  대한항공      24,800    0.0    +0.0%    0.0x     중간  1.39  3pt/0 [일봉]
004020  현대제철      31,600   58.8    -5.0%    0.6x     하단  9.34  3pt/0 [5분]
078930  GS        72,700   71.4    +0.0%    0.4x     중간  4.17  4pt/0 [5분]

══════════════════════════════════════════════════
⏰ 점심시간 (11:30~13:30) — 신규 매수 중단
→ 전종목 HOLD
✅ Discord 전송 완료

[12:52] HOLD | KODEX RSI57/-0.4%⬇️ | 보유:없음 | 최고신호 GS(078930) 4pt/3pt [강세+0.4%★ / 호가4.2★]
💰 예수금 98,635원 | KODEX200 RSI57/-0.4% 하락추세⬇️  | 매수기준 점수3pt↑

코드      종목명           가격    RSI     변화율    거래량     BB   호가비  B/S
────────────────────────────────────────────────────────────────────────
[2단계 분석 대상: 004020, 078930, 247540, 272210, 000880]
403870  HPSP      53,800    0.0    +0.0%    0.0x     중간  0.29  2pt/0 [일봉]
055550  신한지주      97,900    0.0    +0.0%    0.0x     중간  0.80  2pt/0 [일봉]
272210  한화시스템     86,900   34.3    -5.2%    0.8x     하단  1.71  1pt/0 [5분]
011200  HMM       18,650    0.0    +0.0%    0.0x     중간  0.26  2pt/0 [일봉]
015760  한국전력      35,800    0.0    +0.0%    0.0x     중간  0.83  2pt/0 [일봉]
034020  두산에너빌     88,100    0.0    +0.0%    0.0x     중간  0.79  2pt/0 [일봉]
035720  카카오       38,200    0.0    +0.0%    0.0x     중간  0.62  2pt/0 [일봉]
030200  KT        55,400    0.0    +0.0%    0.0x     중간  0.75  2pt/0 [일봉]
003490  대한항공      24,850    0.0    +0.0%    0.0x     중간  1.33  3pt/0 [일봉]
004020  현대제철      31,750   66.7    -4.8%    0.6x     하단 11.90  2pt/0 [5분]
078930  GS        72,700   62.5    +0.0%    0.4x     중간  4.13  5pt/0 [5분]

══════════════════════════════════════════════════
⏰ 점심시간 (11:30~13:30) — 신규 매수 중단
→ 전종목 HOLD
✅ Discord 전송 완료

[12:54] HOLD | KODEX RSI57/-0.4%⬇️ | 보유:없음 | 최고신호 GS(078930) 5pt/3pt [강세+0.4%★ / 호가4.1★ / RSI62]
💰 예수금 98,635원 | KODEX200 RSI57/-0.3% 하락추세⬇️  | 매수기준 점수3pt↑

코드      종목명           가격    RSI     변화율    거래량     BB   호가비  B/S
────────────────────────────────────────────────────────────────────────
[2단계 분석 대상: 004020, 000880, 078930, 272210, 000270]
403870  HPSP      54,300    0.0    +0.0%    0.0x     중간  0.21  0pt/0 [일봉]
055550  신한지주      97,700    0.0    +0.0%    0.0x     중간  0.54  0pt/0 [일봉]
272210  한화시스템     86,800   34.3    -5.3%    0.8x     하단  1.98  1pt/0 [5분]
011200  HMM       18,650    0.0    +0.0%    0.0x     중간  0.08  0pt/0 [일봉]
015760  한국전력      35,800    0.0    +0.0%    0.0x     중간  0.85  0pt/0 [일봉]
034020  두산에너빌     87,900    0.0    +0.0%    0.0x     중간  0.83  0pt/0 [일봉]
035720  카카오       38,200    0.0    +0.0%    0.0x     중간  0.47  0pt/0 [일봉]
030200  KT        55,400    0.0    +0.0%    0.0x     중간  0.78  0pt/0 [일봉]
003490  대한항공      24,800    0.0    +0.0%    0.0x     중간  1.48  1pt/0 [일봉]
004020  현대제철      31,750   66.7    -4.7%    0.6x     하단 11.10  2pt/0 [5분]
078930  GS        72,700   62.5    +0.0%    0.4x     중간  4.24  3pt/0 [5분]

══════════════════════════════════════════════════
⏰ 점심시간 (11:30~13:30) — 신규 매수 중단
→ 전종목 HOLD
✅ Discord 전송 완료

[12:56] HOLD | KODEX RSI57/-0.3%⬇️ | 보유:없음 | 최고신호 GS(078930) 3pt/3pt [호가4.2★ / RSI62]
💰 예수금 98,635원 | KODEX200 RSI58/-0.1% 하락추세⬇️  | 매수기준 점수3pt↑

코드      종목명           가격    RSI     변화율    거래량     BB   호가비  B/S
────────────────────────────────────────────────────────────────────────
[2단계 분석 대상: 004020, 078930, 000150, 247540, 000880]
403870  HPSP      54,200    0.0    +0.0%    0.0x     중간  0.32  0pt/0 [일봉]
055550  신한지주      97,500    0.0    +0.0%    0.0x     중간  0.52  0pt/0 [일봉]
272210  한화시스템     86,800    0.0    +0.0%    0.0x     중간  1.98  1pt/0 [일봉]
011200  HMM       18,620    0.0    +0.0%    0.0x     중간  0.10  0pt/0 [일봉]
015760  한국전력      35,800    0.0    +0.0%    0.0x     중간  0.87  0pt/0 [일봉]
034020  두산에너빌     88,000    0.0    +0.0%    0.0x     중간  0.87  0pt/0 [일봉]
035720  카카오       38,150    0.0    +0.0%    0.0x     중간  0.52  0pt/0 [일봉]
030200  KT        55,400    0.0    +0.0%    0.0x     중간  0.80  0pt/0 [일봉]
003490  대한항공      24,800    0.0    +0.0%    0.0x     중간  1.45  1pt/0 [일봉]
004020  현대제철      31,700   66.7    -4.8%    0.6x     하단 12.57  2pt/0 [5분]
078930  GS        72,700   62.5    +0.0%    0.4x     중간  3.88  3pt/0 [5분]

══════════════════════════════════════════════════
⏰ 점심시간 (11:30~13:30) — 신규 매수 중단
→ 전종목 HOLD
✅ Discord 전송 완료

[12:58] HOLD | KODEX RSI58/-0.1%⬇️ | 보유:없음 | 최고신호 GS(078930) 3pt/3pt [호가3.9★ / RSI62]
💰 예수금 98,635원 | KODEX200 RSI58/-0.0% 하락추세⬇️  | 매수기준 점수3pt↑

코드      종목명           가격    RSI     변화율    거래량     BB   호가비  B/S
────────────────────────────────────────────────────────────────────────
[2단계 분석 대상: 004020, 078930, 000150, 000880, 247540]
403870  HPSP      54,200    0.0    +0.0%    0.0x     중간  0.32  0pt/0 [일봉]
055550  신한지주      97,500    0.0    +0.0%    0.0x     중간  0.64  0pt/0 [일봉]
272210  한화시스템     86,500    0.0    +0.0%    0.0x     중간  2.34  2pt/0 [일봉]
011200  HMM       18,610    0.0    +0.0%    0.0x     중간  0.23  0pt/0 [일봉]
015760  한국전력      35,800    0.0    +0.0%    0.0x     중간  0.87  0pt/0 [일봉]
034020  두산에너빌     88,000    0.0    +0.0%    0.0x     중간  1.10  0pt/0 [일봉]
035720  카카오       38,050    0.0    +0.0%    0.0x     중간  0.75  0pt/0 [일봉]
030200  KT        55,300    0.0    +0.0%    0.0x     중간  0.75  0pt/0 [일봉]
003490  대한항공      24,850    0.0    +0.0%    0.0x     중간  1.64  1pt/0 [일봉]
004020  현대제철      31,700   68.4    -4.8%    0.6x     하단 12.14  2pt/0 [5분]
078930  GS        72,600   64.0    +0.0%    0.4x     중간  3.58  3pt/0 [5분]

══════════════════════════════════════════════════
⏰ 점심시간 (11:30~13:30) — 신규 매수 중단
→ 전종목 HOLD
✅ Discord 전송 완료

[13:00] HOLD | KODEX RSI58/-0.0%⬇️ | 보유:없음 | 최고신호 GS(078930) 3pt/3pt [호가3.6★ / RSI64]
💰 예수금 98,635원 | KODEX200 RSI58/+0.1% 하락추세⬇️  | 매수기준 점수3pt↑

코드      종목명           가격    RSI     변화율    거래량     BB   호가비  B/S
────────────────────────────────────────────────────────────────────────
[2단계 분석 대상: 004020, 247540, 000150, 078930, 272210]
403870  HPSP      54,700    0.0    +0.0%    0.0x     중간  0.22  0pt/0 [일봉]
055550  신한지주      97,100    0.0    +0.0%    0.0x     중간  0.78  0pt/0 [일봉]
272210  한화시스템     86,500   43.6    -5.7%    0.8x     하단  2.85  2pt/0 [5분]
011200  HMM       18,590    0.0    +0.0%    0.0x     중간  0.18  0pt/0 [일봉]
015760  한국전력      35,800    0.0    +0.0%    0.0x     중간  0.84  0pt/0 [일봉]
034020  두산에너빌     87,900    0.0    +0.0%    0.0x     중간  1.16  0pt/0 [일봉]
035720  카카오       38,150    0.0    +0.0%    0.0x     중간  0.53  0pt/0 [일봉]
030200  KT        55,200    0.0    +0.0%    0.0x     중간  0.66  0pt/0 [일봉]
003490  대한항공      24,850    0.0    +0.0%    0.0x     중간  1.65  1pt/0 [일봉]
004020  현대제철      31,700   68.4    -4.7%    0.6x     하단 14.65  2pt/0 [5분]
078930  GS        72,700   64.0    +0.0%    0.4x     중간  3.27  3pt/0 [5분]

══════════════════════════════════════════════════
⏰ 점심시간 (11:30~13:30) — 신규 매수 중단
→ 전종목 HOLD
✅ Discord 전송 완료

[13:02] HOLD | KODEX RSI58/+0.1%⬇️ | 보유:없음 | 최고신호 GS(078930) 3pt/3pt [호가3.3★ / RSI64]
💰 예수금 98,635원 | KODEX200 RSI57/-0.4% 하락추세⬇️  | 매수기준 점수3pt↑

코드      종목명           가격    RSI     변화율    거래량     BB   호가비  B/S
────────────────────────────────────────────────────────────────────────
[2단계 분석 대상: 004020, 272210, 000150, 247540, 078930]
403870  HPSP      54,000    0.0    +0.0%    0.0x     중간  0.50  2pt/0 [일봉]
055550  신한지주      96,900    0.0    +0.0%    0.0x     중간  1.06  2pt/0 [일봉]
272210  한화시스템     86,700   42.1    -5.5%    0.8x     하단  2.53  2pt/0 [5분]
011200  HMM       18,580    0.0    +0.0%    0.0x     중간  0.61  2pt/0 [일봉]
015760  한국전력      35,700    0.0    +0.0%    0.0x     중간  0.84  2pt/0 [일봉]
034020  두산에너빌     87,800    0.0    +0.0%    0.0x     중간  1.19  2pt/0 [일봉]
035720  카카오       38,050    0.0    +0.0%    0.0x     중간  0.66  2pt/0 [일봉]
030200  KT        55,100    0.0    +0.0%    0.0x     중간  0.85  2pt/0 [일봉]
003490  대한항공      24,850    0.0    +0.0%    0.0x     중간  1.60  3pt/0 [일봉]
004020  현대제철      31,650   66.7    -4.8%    0.6x     하단  8.51  2pt/0 [5분]
078930  GS        72,600   77.8    -0.1%    0.4x     중간  1.99  1pt/0 [5분]

══════════════════════════════════════════════════
⏰ 점심시간 (11:30~13:30) — 신규 매수 중단
→ 전종목 HOLD
✅ Discord 전송 완료

[13:04] HOLD | KODEX RSI57/-0.4%⬇️ | 보유:없음 | 최고신호 대한항공(003490) 3pt/3pt [강세+0.4%★ / 호가1.6]
💰 예수금 98,635원 | KODEX200 RSI57/-0.3% 하락추세⬇️  | 매수기준 점수3pt↑

코드      종목명           가격    RSI     변화율    거래량     BB   호가비  B/S
────────────────────────────────────────────────────────────────────────
[2단계 분석 대상: 004020, 247540, 272210, 078930, 000880]
403870  HPSP      54,300    0.0    +0.0%    0.0x     중간  0.26  2pt/0 [일봉]
055550  신한지주      97,200    0.0    +0.0%    0.0x     중간  0.88  2pt/0 [일봉]
272210  한화시스템     86,800   42.1    -5.5%    0.8x     하단  2.34  2pt/0 [5분]
011200  HMM       18,620    0.0    +0.0%    0.0x     중간  0.40  2pt/0 [일봉]
015760  한국전력      35,700    0.0    +0.0%    0.0x     중간  0.73  2pt/0 [일봉]
034020  두산에너빌     88,000    0.0    +0.0%    0.0x     중간  1.36  3pt/0 [일봉]
035720  카카오       38,100    0.0    +0.0%    0.0x     중간  0.70  2pt/0 [일봉]
030200  KT        55,200    0.0    +0.0%    0.0x     중간  0.73  2pt/0 [일봉]
003490  대한항공      24,850    0.0    +0.0%    0.0x     중간  1.74  3pt/0 [일봉]
004020  현대제철      31,750   66.7    -4.5%    0.6x     하단  8.63  2pt/0 [5분]
078930  GS        72,800   77.8    +0.1%    0.4x     중간  1.91  3pt/0 [5분]

══════════════════════════════════════════════════
⏰ 점심시간 (11:30~13:30) — 신규 매수 중단
→ 전종목 HOLD
✅ Discord 전송 완료

[13:06] HOLD | KODEX RSI57/-0.3%⬇️ | 보유:없음 | 최고신호 두산에너빌(034020) 3pt/3pt [강세+0.3%★ / 호가1.4]
💰 예수금 98,635원 | KODEX200 RSI58/-0.1% 하락추세⬇️  | 매수기준 점수3pt↑

코드      종목명           가격    RSI     변화율    거래량     BB   호가비  B/S
────────────────────────────────────────────────────────────────────────
[2단계 분석 대상: 004020, 086790, 272210, 000270, 078930]
403870  HPSP      54,300    0.0    +0.0%    0.0x     중간  0.32  0pt/0 [일봉]
055550  신한지주      96,900    0.0    +0.0%    0.0x     중간  0.74  0pt/0 [일봉]
272210  한화시스템     86,800   42.1    -5.0%    0.8x     하단  2.72  2pt/0 [5분]
011200  HMM       18,590    0.0    +0.0%    0.0x     중간  0.50  0pt/0 [일봉]
015760  한국전력      35,800    0.0    +0.0%    0.0x     중간  0.88  0pt/0 [일봉]
034020  두산에너빌     88,000    0.0    +0.0%    0.0x     중간  1.12  0pt/0 [일봉]
035720  카카오       38,050    0.0    +0.0%    0.0x     중간  0.89  0pt/0 [일봉]
030200  KT        55,100    0.0    +0.0%    0.0x     중간  0.92  0pt/0 [일봉]
003490  대한항공      24,850    0.0    +0.0%    0.0x     중간  1.77  1pt/0 [일봉]
004020  현대제철      31,800   66.7    -4.5%    0.6x     하단  7.58  2pt/0 [5분]
078930  GS        72,700   77.8    +0.0%    0.4x     중간  1.94  1pt/0 [5분]

══════════════════════════════════════════════════
⏰ 점심시간 (11:30~13:30) — 신규 매수 중단
→ 전종목 HOLD
✅ Discord 전송 완료

[13:08] HOLD | KODEX RSI58/-0.1%⬇️ | 보유:없음 | 최고신호 한화시스템(272210) 2pt/3pt [호가2.7★]
💰 예수금 98,635원 | KODEX200 RSI57/-0.5% 하락추세⬇️  | 매수기준 점수3pt↑

코드      종목명           가격    RSI     변화율    거래량     BB   호가비  B/S
────────────────────────────────────────────────────────────────────────
[2단계 분석 대상: 004020, 086790, 247540, 042660, 005930]
403870  HPSP      54,200    0.0    +0.0%    0.0x     중간  0.31  2pt/0 [일봉]
055550  신한지주      96,800    0.0    +0.0%    0.0x     중간  0.88  2pt/0 [일봉]
272210  한화시스템     87,000    0.0    +0.0%    0.0x     중간  1.11  2pt/0 [일봉]
011200  HMM       18,570    0.0    +0.0%    0.0x     중간  0.66  2pt/0 [일봉]
015760  한국전력      35,750    0.0    +0.0%    0.0x     중간  0.79  2pt/0 [일봉]
034020  두산에너빌     87,900    0.0    +0.0%    0.0x     중간  1.02  2pt/0 [일봉]
035720  카카오       38,050    0.0    +0.0%    0.0x     중간  0.94  2pt/0 [일봉]
030200  KT        55,100    0.0    +0.0%    0.0x     중간  0.92  2pt/0 [일봉]
003490  대한항공      24,850    0.0    +0.0%    0.0x     중간  1.88  3pt/0 [일봉]
004020  현대제철      31,750   70.6    -4.7%    0.6x     하단  7.22  2pt/0 [5분]
078930  GS        72,600    0.0    +0.0%    0.0x     중간  1.29  2pt/0 [일봉]

══════════════════════════════════════════════════
⏰ 점심시간 (11:30~13:30) — 신규 매수 중단
→ 전종목 HOLD
✅ Discord 전송 완료

[13:10] HOLD | KODEX RSI57/-0.5%⬇️ | 보유:없음 | 최고신호 대한항공(003490) 3pt/3pt [강세+0.5%★ / 호가1.9]
💰 예수금 98,635원 | KODEX200 RSI57/-0.4% 하락추세⬇️  | 매수기준 점수3pt↑

코드      종목명           가격    RSI     변화율    거래량     BB   호가비  B/S
────────────────────────────────────────────────────────────────────────
[2단계 분석 대상: 004020, 086790, 042660, 247540, 000270]
403870  HPSP      54,200    0.0    +0.0%    0.0x     중간  0.31  2pt/0 [일봉]
055550  신한지주      96,700    0.0    +0.0%    0.0x     중간  0.81  2pt/0 [일봉]
272210  한화시스템     86,900    0.0    +0.0%    0.0x     중간  0.97  2pt/0 [일봉]
011200  HMM       18,580    0.0    +0.0%    0.0x     중간  0.34  2pt/0 [일봉]
015760  한국전력      35,800    0.0    +0.0%    0.0x     중간  0.62  2pt/0 [일봉]
034020  두산에너빌     87,900    0.0    +0.0%    0.0x     중간  1.03  2pt/0 [일봉]
035720  카카오       38,050    0.0    +0.0%    0.0x     중간  0.93  2pt/0 [일봉]
030200  KT        55,100    0.0    +0.0%    0.0x     중간  0.95  2pt/0 [일봉]
003490  대한항공      24,850    0.0    +0.0%    0.0x     중간  1.76  3pt/0 [일봉]
004020  현대제철      31,750   70.6    -4.7%    0.6x     하단  8.04  2pt/0 [5분]
078930  GS        72,600    0.0    +0.0%    0.0x     중간  1.24  2pt/0 [일봉]

══════════════════════════════════════════════════
⏰ 점심시간 (11:30~13:30) — 신규 매수 중단
→ 전종목 HOLD
✅ Discord 전송 완료

[13:12] HOLD | KODEX RSI57/-0.4%⬇️ | 보유:없음 | 최고신호 대한항공(003490) 3pt/3pt [강세+0.4%★ / 호가1.8]
💰 예수금 98,635원 | KODEX200 RSI57/-0.5% 하락추세⬇️  | 매수기준 점수3pt↑

코드      종목명           가격    RSI     변화율    거래량     BB   호가비  B/S
────────────────────────────────────────────────────────────────────────
[2단계 분석 대상: 004020, 247540, 042660, 005930, 000270]
403870  HPSP      54,100    0.0    +0.0%    0.0x     중간  0.36  2pt/0 [일봉]
055550  신한지주      96,700    0.0    +0.0%    0.0x     중간  0.52  2pt/0 [일봉]
272210  한화시스템     86,900    0.0    +0.0%    0.0x     중간  1.14  2pt/0 [일봉]
011200  HMM       18,610    0.0    +0.0%    0.0x     중간  0.30  2pt/0 [일봉]
015760  한국전력      35,750    0.0    +0.0%    0.0x     중간  0.56  2pt/0 [일봉]
034020  두산에너빌     87,800    0.0    +0.0%    0.0x     중간  1.39  3pt/0 [일봉]
035720  카카오       38,000    0.0    +0.0%    0.0x     중간  1.65  3pt/0 [일봉]
030200  KT        55,200    0.0    +0.0%    0.0x     중간  0.80  2pt/0 [일봉]
003490  대한항공      24,850    0.0    +0.0%    0.0x     중간  1.66  3pt/0 [일봉]
004020  현대제철      31,800   73.0    -4.4%    0.6x     하단  9.64  2pt/0 [5분]
078930  GS        72,600    0.0    +0.0%    0.0x     중간  1.21  2pt/0 [일봉]

══════════════════════════════════════════════════
⏰ 점심시간 (11:30~13:30) — 신규 매수 중단
→ 전종목 HOLD
✅ Discord 전송 완료

[13:14] HOLD | KODEX RSI57/-0.5%⬇️ | 보유:없음 | 최고신호 두산에너빌(034020) 3pt/3pt [강세+0.5%★ / 호가1.4]
💰 예수금 98,635원 | KODEX200 RSI57/-0.5% 하락추세⬇️  | 매수기준 점수3pt↑

코드      종목명           가격    RSI     변화율    거래량     BB   호가비  B/S
────────────────────────────────────────────────────────────────────────
[2단계 분석 대상: 004020, 078930, 005930, 000270, 000880]
403870  HPSP      54,400    0.0    +0.0%    0.0x     중간  0.36  2pt/0 [일봉]
055550  신한지주      96,700    0.0    +0.0%    0.0x     중간  0.61  2pt/0 [일봉]
272210  한화시스템     87,000    0.0    +0.0%    0.0x     중간  1.14  2pt/0 [일봉]
011200  HMM       18,610    0.0    +0.0%    0.0x     중간  0.91  2pt/0 [일봉]
015760  한국전력      35,750    0.0    +0.0%    0.0x     중간  0.58  2pt/0 [일봉]
034020  두산에너빌     88,000    0.0    +0.0%    0.0x     중간  1.44  3pt/0 [일봉]
035720  카카오       38,050    0.0    +0.0%    0.0x     중간  0.83  2pt/0 [일봉]
030200  KT        55,200    0.0    +0.0%    0.0x     중간  0.86  2pt/0 [일봉]
003490  대한항공      24,800    0.0    +0.0%    0.0x     중간  1.53  3pt/0 [일봉]
004020  현대제철      31,750   73.0    -4.4%    0.6x     하단  8.53  2pt/0 [5분]
078930  GS        72,900   70.4    +0.3%    0.4x     중간  3.73  4pt/0 [5분]

══════════════════════════════════════════════════
⏰ 점심시간 (11:30~13:30) — 신규 매수 중단
→ 전종목 HOLD
✅ Discord 전송 완료

[13:16] HOLD | KODEX RSI57/-0.5%⬇️ | 보유:없음 | 최고신호 GS(078930) 4pt/3pt [강세+0.8%★ / 호가3.7★]
💰 예수금 98,635원 | KODEX200 RSI57/-0.8% 하락추세⬇️  | 매수기준 점수3pt↑

코드      종목명           가격    RSI     변화율    거래량     BB   호가비  B/S
────────────────────────────────────────────────────────────────────────
[2단계 분석 대상: 004020, 247540, 078930, 005930, 000270]
403870  HPSP      54,100    0.0    +0.0%    0.0x     중간  0.39  2pt/0 [일봉]
055550  신한지주      96,500    0.0    +0.0%    0.0x     중간  0.49  2pt/0 [일봉]
272210  한화시스템     86,800    0.0    +0.0%    0.0x     중간  2.17  4pt/0 [일봉]
011200  HMM       18,600    0.0    +0.0%    0.0x     중간  0.94  2pt/0 [일봉]
015760  한국전력      35,750    0.0    +0.0%    0.0x     중간  0.56  2pt/0 [일봉]
034020  두산에너빌     87,800    0.0    +0.0%    0.0x     중간  1.92  3pt/0 [일봉]
035720  카카오       38,000    0.0    +0.0%    0.0x     중간  1.78  3pt/0 [일봉]
030200  KT        55,200    0.0    +0.0%    0.0x     중간  0.87  2pt/0 [일봉]
003490  대한항공      24,800    0.0    +0.0%    0.0x     중간  1.52  3pt/0 [일봉]
004020  현대제철      31,800   73.0    -4.5%    0.6x     하단  8.89  2pt/0 [5분]
078930  GS        72,700   70.4    +0.3%    0.4x     중간  2.82  4pt/0 [5분]

══════════════════════════════════════════════════
⏰ 점심시간 (11:30~13:30) — 신규 매수 중단
→ 전종목 HOLD
✅ Discord 전송 완료

[13:18] HOLD | KODEX RSI57/-0.8%⬇️ | 보유:없음 | 최고신호 한화시스템(272210) 4pt/3pt [강세+0.8%★ / 호가2.2★]
💰 예수금 98,635원 | KODEX200 RSI57/-0.5% 하락추세⬇️  | 매수기준 점수3pt↑

코드      종목명           가격    RSI     변화율    거래량     BB   호가비  B/S
────────────────────────────────────────────────────────────────────────
[2단계 분석 대상: 004020, 078930, 272210, 005930, 055550]
403870  HPSP      53,900    0.0    +0.0%    0.0x     중간  0.49  2pt/0 [일봉]
055550  신한지주      96,800   59.1    -1.4%    0.5x     하단  1.94  3pt/0 [5분]
272210  한화시스템     86,900   46.3    -5.0%    0.8x     하단  2.17  3pt/0 [5분]
011200  HMM       18,640    0.0    +0.0%    0.0x     중간  0.12  2pt/0 [일봉]
015760  한국전력      35,750    0.0    +0.0%    0.0x     중간  0.62  2pt/0 [일봉]
034020  두산에너빌     87,800    0.0    +0.0%    0.0x     중간  1.78  3pt/0 [일봉]
035720  카카오       38,000    0.0    +0.0%    0.0x     중간  1.85  3pt/0 [일봉]
030200  KT        55,200    0.0    +0.0%    0.0x     중간  0.89  2pt/0 [일봉]
003490  대한항공      24,800    0.0    +0.0%    0.0x     중간  1.53  3pt/0 [일봉]
004020  현대제철      31,900   73.7    -4.2%    0.6x     하단  7.45  2pt/0 [5분]
078930  GS        72,900   76.7    +0.6%    0.4x     중간  3.82  4pt/0 [5분]

══════════════════════════════════════════════════
⏰ 점심시간 (11:30~13:30) — 신규 매수 중단
→ 전종목 HOLD
✅ Discord 전송 완료

[13:20] HOLD | KODEX RSI57/-0.5%⬇️ | 보유:없음 | 최고신호 GS(078930) 4pt/3pt [강세+1.1%★ / 호가3.8★]
💰 예수금 98,635원 | KODEX200 RSI57/-0.2% 하락추세⬇️  | 매수기준 점수3pt↑

코드      종목명           가격    RSI     변화율    거래량     BB   호가비  B/S
────────────────────────────────────────────────────────────────────────
[2단계 분석 대상: 004020, 003490, 000880, 017670, 086790]
403870  HPSP      54,400    0.0    +0.0%    0.0x     중간  0.26  0pt/0 [일봉]
055550  신한지주      96,700    0.0    +0.0%    0.0x     중간  0.85  0pt/0 [일봉]
272210  한화시스템     86,900    0.0    +0.0%    0.0x     중간  1.44  1pt/0 [일봉]
011200  HMM       18,620    0.0    +0.0%    0.0x     중간  0.63  0pt/0 [일봉]
015760  한국전력      35,900    0.0    +0.0%    0.0x     중간  0.54  0pt/0 [일봉]
034020  두산에너빌     88,100    0.0    +0.0%    0.0x     중간  0.84  0pt/0 [일봉]
035720  카카오       38,100    0.0    +0.0%    0.0x     중간  0.69  0pt/0 [일봉]
030200  KT        55,200    0.0    +0.0%    0.0x     중간  0.87  0pt/0 [일봉]
003490  대한항공      24,800   58.3    -2.8%    0.5x     하단  1.78  2pt/0 [5분]
004020  현대제철      31,900   73.7    -4.2%    0.6x     하단  6.02  2pt/0 [5분]
078930  GS        73,100    0.0    +0.0%    0.0x     중간  0.99  0pt/0 [일봉]

══════════════════════════════════════════════════
⏰ 점심시간 (11:30~13:30) — 신규 매수 중단
→ 전종목 HOLD
✅ Discord 전송 완료

[13:22] HOLD | KODEX RSI57/-0.2%⬇️ | 보유:없음 | 최고신호 대한항공(003490) 2pt/3pt [호가1.8 / RSI58]
💰 예수금 98,635원 | KODEX200 RSI57/-0.3% 하락추세⬇️  | 매수기준 점수3pt↑

코드      종목명           가격    RSI     변화율    거래량     BB   호가비  B/S
────────────────────────────────────────────────────────────────────────
[2단계 분석 대상: 004020, 247540, 086790, 272210, 003490]
403870  HPSP      54,200    0.0    +0.0%    0.0x     중간  0.29  2pt/0 [일봉]
055550  신한지주      96,700    0.0    +0.0%    0.0x     중간  1.42  3pt/0 [일봉]
272210  한화시스템     86,600   46.3    -5.5%    0.8x     하단  1.86  2pt/0 [5분]
011200  HMM       18,640    0.0    +0.0%    0.0x     중간  0.49  2pt/0 [일봉]
015760  한국전력      35,850    0.0    +0.0%    0.0x     중간  0.53  2pt/0 [일봉]
034020  두산에너빌     87,900    0.0    +0.0%    0.0x     중간  1.19  2pt/0 [일봉]
035720  카카오       38,100    0.0    +0.0%    0.0x     중간  0.75  2pt/0 [일봉]
030200  KT        55,100    0.0    +0.0%    0.0x     중간  0.91  2pt/0 [일봉]
003490  대한항공      24,800   72.7    -2.5%    0.5x     하단  1.78  1pt/0 [5분]
004020  현대제철      31,900   73.7    -4.4%    0.6x     하단 10.40  3pt/0 [5분]
078930  GS        73,100    0.0    +0.0%    0.0x     중간  0.79  2pt/0 [일봉]

══════════════════════════════════════════════════
⏰ 점심시간 (11:30~13:30) — 신규 매수 중단
→ 전종목 HOLD
✅ Discord 전송 완료

[13:24] HOLD | KODEX RSI57/-0.3%⬇️ | 보유:없음 | 최고신호 신한지주(055550) 3pt/3pt [강세+0.3%★ / 호가1.4]
💰 예수금 98,635원 | KODEX200 RSI57/-0.3% 하락추세⬇️  | 매수기준 점수3pt↑

코드      종목명           가격    RSI     변화율    거래량     BB   호가비  B/S
────────────────────────────────────────────────────────────────────────
[2단계 분석 대상: 004020, 000880, 017670, 003490, 086790]
403870  HPSP      54,300    0.0    +0.0%    0.0x     중간  0.28  2pt/0 [일봉]
055550  신한지주      96,800    0.0    +0.0%    0.0x     중간  1.56  3pt/0 [일봉]
272210  한화시스템     86,800    0.0    +0.0%    0.0x     중간  1.19  2pt/0 [일봉]
011200  HMM       18,640    0.0    +0.0%    0.0x     중간  0.44  2pt/0 [일봉]
015760  한국전력      35,850    0.0    +0.0%    0.0x     중간  0.55  2pt/0 [일봉]
034020  두산에너빌     88,000    0.0    +0.0%    0.0x     중간  1.34  3pt/0 [일봉]
035720  카카오       38,200    0.0    +0.0%    0.0x     중간  0.62  2pt/0 [일봉]
030200  KT        55,100    0.0    +0.0%    0.0x     중간  0.90  2pt/0 [일봉]
003490  대한항공      24,800   72.7    -2.8%    0.5x     하단  1.77  1pt/0 [5분]
004020  현대제철      31,950   73.7    -3.9%    0.6x     하단  2.81  3pt/0 [5분]
078930  GS        73,100    0.0    +0.0%    0.0x     중간  1.23  2pt/0 [일봉]

══════════════════════════════════════════════════
⏰ 점심시간 (11:30~13:30) — 신규 매수 중단
→ 전종목 HOLD
✅ Discord 전송 완료

[13:26] HOLD | KODEX RSI57/-0.3%⬇️ | 보유:없음 | 최고신호 신한지주(055550) 3pt/3pt [강세+0.3%★ / 호가1.6]
💰 예수금 98,635원 | KODEX200 RSI57/-0.4% 하락추세⬇️  | 매수기준 점수3pt↑

코드      종목명           가격    RSI     변화율    거래량     BB   호가비  B/S
────────────────────────────────────────────────────────────────────────
[2단계 분석 대상: 004020, 017670, 003490, 247540, 005930]
403870  HPSP      54,300    0.0    +0.0%    0.0x     중간  0.27  2pt/0 [일봉]
055550  신한지주      96,600    0.0    +0.0%    0.0x     중간  0.78  2pt/0 [일봉]
272210  한화시스템     86,900    0.0    +0.0%    0.0x     중간  0.96  2pt/0 [일봉]
011200  HMM       18,630    0.0    +0.0%    0.0x     중간  0.44  2pt/0 [일봉]
015760  한국전력      35,850    0.0    +0.0%    0.0x     중간  0.53  2pt/0 [일봉]
034020  두산에너빌     88,100    0.0    +0.0%    0.0x     중간  1.05  2pt/0 [일봉]
035720  카카오       38,200    0.0    +0.0%    0.0x     중간  0.69  2pt/0 [일봉]
030200  KT        54,900    0.0    +0.0%    0.0x     중간  1.11  2pt/0 [일봉]
003490  대한항공      24,800   72.7    -2.8%    0.5x     하단  1.81  1pt/0 [5분]
004020  현대제철      32,000   73.7    -3.9%    0.6x     하단  2.64  3pt/0 [5분]
078930  GS        73,300    0.0    +0.0%    0.0x     중간  0.85  2pt/0 [일봉]

══════════════════════════════════════════════════
⏰ 점심시간 (11:30~13:30) — 신규 매수 중단
→ 전종목 HOLD
✅ Discord 전송 완료

[13:28] HOLD | KODEX RSI57/-0.4%⬇️ | 보유:없음 | 최고신호 현대제철(004020) 3pt/3pt [호가2.6★ / 연속상승]
💰 예수금 98,635원 | KODEX200 RSI57/-0.3% 하락추세⬇️  | 매수기준 점수3pt↑

코드      종목명           가격    RSI     변화율    거래량     BB   호가비  B/S
────────────────────────────────────────────────────────────────────────
[2단계 분석 대상: 247540, 005930, 086790, 003670, 017670]
403870  HPSP      54,700    0.0    +0.0%    0.0x     중간  0.26  0pt/0 [일봉]
055550  신한지주      96,600    0.0    +0.0%    0.0x     중간  1.03  0pt/0 [일봉]
272210  한화시스템     86,900    0.0    +0.0%    0.0x     중간  0.94  0pt/0 [일봉]
011200  HMM       18,620    0.0    +0.0%    0.0x     중간  0.47  0pt/0 [일봉]
015760  한국전력      35,850    0.0    +0.0%    0.0x     중간  0.50  0pt/0 [일봉]
034020  두산에너빌     88,100    0.0    +0.0%    0.0x     중간  1.01  0pt/0 [일봉]
035720  카카오       38,250    0.0    +0.0%    0.0x     중간  0.71  0pt/0 [일봉]
030200  KT        54,900    0.0    +0.0%    0.0x     중간  1.15  0pt/0 [일봉]
003490  대한항공      24,850    0.0    +0.0%    0.0x     중간  1.59  1pt/0 [일봉]
004020  현대제철      32,050    0.0    +0.0%    0.0x     중간  1.32  1pt/0 [일봉]
078930  GS        73,300    0.0    +0.0%    0.0x     중간  0.89  0pt/0 [일봉]

══════════════════════════════════════════════════
→ 전종목 HOLD
✅ Discord 전송 완료

[13:30] HOLD | KODEX RSI57/-0.3%⬇️ | 보유:없음 | 최고신호 대한항공(003490) 1pt/3pt [호가1.6]
💰 예수금 98,635원 | KODEX200 RSI58/-0.1% 하락추세⬇️  | 매수기준 점수3pt↑

코드      종목명           가격    RSI     변화율    거래량     BB   호가비  B/S
────────────────────────────────────────────────────────────────────────
[2단계 분석 대상: 004020, 066970, 003490, 042660, 247540]
403870  HPSP      54,900    0.0    +0.0%    0.0x     중간  0.29  0pt/0 [일봉]
055550  신한지주      96,500    0.0    +0.0%    0.0x     중간  0.64  0pt/0 [일봉]
272210  한화시스템     86,900    0.0    +0.0%    0.0x     중간  0.98  0pt/0 [일봉]
011200  HMM       18,640    0.0    +0.0%    0.0x     중간  0.14  0pt/0 [일봉]
015760  한국전력      35,850    0.0    +0.0%    0.0x     중간  0.52  0pt/0 [일봉]
034020  두산에너빌     88,200    0.0    +0.0%    0.0x     중간  1.25  0pt/0 [일봉]
035720  카카오       38,250    0.0    +0.0%    0.0x     중간  0.73  0pt/0 [일봉]
030200  KT        54,900    0.0    +0.0%    0.0x     중간  1.36  1pt/0 [일봉]
003490  대한항공      24,850   75.0    -2.5%    0.5x     하단  1.63  1pt/0 [5분]
004020  현대제철      32,000   70.6    -3.9%    0.6x     하단  4.17  2pt/0 [5분]
078930  GS        73,500    0.0    +0.0%    0.0x     중간  0.91  0pt/0 [일봉]

══════════════════════════════════════════════════
→ 전종목 HOLD
✅ Discord 전송 완료

[13:32] HOLD | KODEX RSI58/-0.1%⬇️ | 보유:없음 | 최고신호 현대제철(004020) 2pt/3pt [호가4.2★]
💰 예수금 98,635원 | KODEX200 RSI57/-0.2% 하락추세⬇️  | 매수기준 점수3pt↑

코드      종목명           가격    RSI     변화율    거래량     BB   호가비  B/S
────────────────────────────────────────────────────────────────────────
[2단계 분석 대상: 000880, 000720, 066970, 003670, 003490]
403870  HPSP      54,900    0.0    +0.0%    0.0x     중간  0.39  0pt/0 [일봉]
055550  신한지주      96,300    0.0    +0.0%    0.0x     중간  0.87  0pt/0 [일봉]
272210  한화시스템     87,000    0.0    +0.0%    0.0x     중간  1.36  1pt/0 [일봉]
011200  HMM       18,610    0.0    +0.0%    0.0x     중간  0.67  0pt/0 [일봉]
015760  한국전력      35,850    0.0    +0.0%    0.0x     중간  0.43  0pt/0 [일봉]
034020  두산에너빌     88,200    0.0    +0.0%    0.0x     중간  1.09  0pt/0 [일봉]
035720  카카오       38,250    0.0    +0.0%    0.0x     중간  0.76  0pt/0 [일봉]
030200  KT        54,900    0.0    +0.0%    0.0x     중간  1.31  1pt/0 [일봉]
003490  대한항공      24,800   75.0    -2.5%    0.5x     하단  1.76  1pt/0 [5분]
004020  현대제철      32,050    0.0    +0.0%    0.0x     중간  0.99  0pt/0 [일봉]
078930  GS        73,300    0.0    +0.0%    0.0x     중간  0.78  0pt/0 [일봉]

══════════════════════════════════════════════════
→ 전종목 HOLD
✅ Discord 전송 완료

[13:34] HOLD | KODEX RSI57/-0.2%⬇️ | 보유:없음 | 최고신호 한화시스템(272210) 1pt/3pt [호가1.4]
💰 예수금 98,635원 | KODEX200 RSI57/-0.3% 하락추세⬇️  | 매수기준 점수3pt↑

코드      종목명           가격    RSI     변화율    거래량     BB   호가비  B/S
────────────────────────────────────────────────────────────────────────
[2단계 분석 대상: 000880, 003670, 066970, 247540, 042660]
403870  HPSP      54,700    0.0    +0.0%    0.0x     중간  0.44  2pt/0 [일봉]
055550  신한지주      96,400    0.0    +0.0%    0.0x     중간  1.02  2pt/0 [일봉]
272210  한화시스템     87,200    0.0    +0.0%    0.0x     중간  0.62  2pt/0 [일봉]
011200  HMM       18,620    0.0    +0.0%    0.0x     중간  0.47  2pt/0 [일봉]
015760  한국전력      35,850    0.0    +0.0%    0.0x     중간  0.48  2pt/0 [일봉]
034020  두산에너빌     88,200    0.0    +0.0%    0.0x     중간  0.99  2pt/0 [일봉]
035720  카카오       38,250    0.0    +0.0%    0.0x     중간  0.72  2pt/0 [일봉]
030200  KT        54,900    0.0    +0.0%    0.0x     중간  1.38  3pt/0 [일봉]
003490  대한항공      24,800    0.0    +0.0%    0.0x     중간  1.71  3pt/0 [일봉]
004020  현대제철      32,100    0.0    +0.0%    0.0x     중간  0.72  2pt/0 [일봉]
078930  GS        73,300    0.0    +0.0%    0.0x     중간  0.87  2pt/0 [일봉]

══════════════════════════════════════════════════
→ 전종목 HOLD
✅ Discord 전송 완료

[13:36] HOLD | KODEX RSI57/-0.3%⬇️ | 보유:없음 | 최고신호 KT(030200) 3pt/3pt [강세+0.3%★ / 호가1.4]
💰 예수금 98,635원 | KODEX200 RSI58/-0.1% 하락추세⬇️  | 매수기준 점수3pt↑

코드      종목명           가격    RSI     변화율    거래량     BB   호가비  B/S
────────────────────────────────────────────────────────────────────────
[2단계 분석 대상: 000880, 003670, 042660, 066970, 000720]
403870  HPSP      54,600    0.0    +0.0%    0.0x     중간  0.48  0pt/0 [일봉]
055550  신한지주      96,300    0.0    +0.0%    0.0x     중간  1.41  1pt/0 [일봉]
272210  한화시스템     87,200    0.0    +0.0%    0.0x     중간  0.82  0pt/0 [일봉]
011200  HMM       18,630    0.0    +0.0%    0.0x     중간  0.49  0pt/0 [일봉]
015760  한국전력      35,900    0.0    +0.0%    0.0x     중간  0.52  0pt/0 [일봉]
034020  두산에너빌     88,300    0.0    +0.0%    0.0x     중간  1.27  0pt/0 [일봉]
035720  카카오       38,350    0.0    +0.0%    0.0x     중간  0.91  0pt/0 [일봉]
030200  KT        54,900    0.0    +0.0%    0.0x     중간  1.54  1pt/0 [일봉]
003490  대한항공      24,800    0.0    +0.0%    0.0x     중간  1.75  1pt/0 [일봉]
004020  현대제철      32,100    0.0    +0.0%    0.0x     중간  0.69  0pt/0 [일봉]
078930  GS        73,300    0.0    +0.0%    0.0x     중간  0.79  0pt/0 [일봉]

══════════════════════════════════════════════════
→ 전종목 HOLD
✅ Discord 전송 완료

[13:38] HOLD | KODEX RSI58/-0.1%⬇️ | 보유:없음 | 최고신호 신한지주(055550) 1pt/3pt [호가1.4]
💰 예수금 98,635원 | KODEX200 RSI58/-0.1% 하락추세⬇️  | 매수기준 점수3pt↑

코드      종목명           가격    RSI     변화율    거래량     BB   호가비  B/S
────────────────────────────────────────────────────────────────────────
[2단계 분석 대상: 000880, 003670, 003490, 000720, 005930]
403870  HPSP      54,700    0.0    +0.0%    0.0x     중간  0.54  0pt/0 [일봉]
055550  신한지주      96,400    0.0    +0.0%    0.0x     중간  1.00  0pt/0 [일봉]
272210  한화시스템     87,400    0.0    +0.0%    0.0x     중간  0.70  0pt/0 [일봉]
011200  HMM       18,660    0.0    +0.0%    0.0x     중간  0.13  0pt/0 [일봉]
015760  한국전력      35,950    0.0    +0.0%    0.0x     중간  0.41  0pt/0 [일봉]
034020  두산에너빌     88,400    0.0    +0.0%    0.0x     중간  1.13  0pt/0 [일봉]
035720  카카오       38,350    0.0    +0.0%    0.0x     중간  0.81  0pt/0 [일봉]
030200  KT        55,100    0.0    +0.0%    0.0x     중간  0.74  0pt/0 [일봉]
003490  대한항공      24,800   81.8    -2.8%    0.5x     하단  1.82  1pt/0 [5분]
004020  현대제철      32,100    0.0    +0.0%    0.0x     중간  1.01  0pt/0 [일봉]
078930  GS        73,200    0.0    +0.0%    0.0x     중간  0.97  0pt/0 [일봉]

══════════════════════════════════════════════════
→ 전종목 HOLD
✅ Discord 전송 완료

[13:40] HOLD | KODEX RSI58/-0.1%⬇️ | 보유:없음 | 최고신호 대한항공(003490) 1pt/3pt [호가1.8]
💰 예수금 98,635원 | KODEX200 RSI58/-0.0% 하락추세⬇️  | 매수기준 점수3pt↑

코드      종목명           가격    RSI     변화율    거래량     BB   호가비  B/S
────────────────────────────────────────────────────────────────────────
[2단계 분석 대상: 000880, 000720, 003490, 003670, 042660]
403870  HPSP      54,700    0.0    +0.0%    0.0x     중간  0.46  0pt/0 [일봉]
055550  신한지주      96,000    0.0    +0.0%    0.0x     중간  0.88  0pt/0 [일봉]
272210  한화시스템     87,200    0.0    +0.0%    0.0x     중간  0.54  0pt/0 [일봉]
011200  HMM       18,640    0.0    +0.0%    0.0x     중간  0.58  0pt/0 [일봉]
015760  한국전력      35,950    0.0    +0.0%    0.0x     중간  0.41  0pt/0 [일봉]
034020  두산에너빌     88,400    0.0    +0.0%    0.0x     중간  1.00  0pt/0 [일봉]
035720  카카오       38,350    0.0    +0.0%    0.0x     중간  0.79  0pt/0 [일봉]
030200  KT        54,900    0.0    +0.0%    0.0x     중간  1.50  1pt/0 [일봉]
003490  대한항공      24,800   81.8    -2.8%    0.5x     하단  1.78  1pt/0 [5분]
004020  현대제철      32,150    0.0    +0.0%    0.0x     중간  0.76  0pt/0 [일봉]
078930  GS        73,300    0.0    +0.0%    0.0x     중간  1.20  0pt/0 [일봉]

══════════════════════════════════════════════════
→ 전종목 HOLD
✅ Discord 전송 완료

[13:42] HOLD | KODEX RSI58/-0.0%⬇️ | 보유:없음 | 최고신호 KT(030200) 1pt/3pt [호가1.5]
💰 예수금 98,635원 | KODEX200 RSI58/+0.4% 하락추세⬇️  | 매수기준 점수3pt↑

코드      종목명           가격    RSI     변화율    거래량     BB   호가비  B/S
────────────────────────────────────────────────────────────────────────
[2단계 분석 대상: 000880, 003490, 066970, 000720, 105560]
403870  HPSP      54,700    0.0    +0.0%    0.0x     중간  0.36  0pt/0 [일봉]
055550  신한지주      95,800    0.0    +0.0%    0.0x     중간  0.84  0pt/0 [일봉]
272210  한화시스템     87,500    0.0    +0.0%    0.0x     중간  0.53  0pt/0 [일봉]
011200  HMM       18,640    0.0    +0.0%    0.0x     중간  0.48  0pt/0 [일봉]
015760  한국전력      36,050    0.0    +0.0%    0.0x     중간  0.43  0pt/0 [일봉]
034020  두산에너빌     88,500    0.0    +0.0%    0.0x     중간  1.21  0pt/0 [일봉]
035720  카카오       38,350    0.0    +0.0%    0.0x     중간  0.94  0pt/0 [일봉]
030200  KT        54,900    0.0    +0.0%    0.0x     중간  1.40  1pt/0 [일봉]
003490  대한항공      24,800   75.0    -2.8%    0.5x     하단  2.25  2pt/0 [5분]
004020  현대제철      32,200    0.0    +0.0%    0.0x     중간  0.73  0pt/0 [일봉]
078930  GS        73,400    0.0    +0.0%    0.0x     중간  1.36  1pt/0 [일봉]

══════════════════════════════════════════════════
→ 전종목 HOLD
✅ Discord 전송 완료

[13:44] HOLD | KODEX RSI58/+0.4%⬇️ | 보유:없음 | 최고신호 대한항공(003490) 2pt/3pt [호가2.2★]
💰 예수금 98,635원 | KODEX200 RSI58/+0.5% 하락추세⬇️  | 매수기준 점수3pt↑

코드      종목명           가격    RSI     변화율    거래량     BB   호가비  B/S
────────────────────────────────────────────────────────────────────────
[2단계 분석 대상: 000880, 030200, 066970, 003490, 105560]
403870  HPSP      54,800    0.0    +0.0%    0.0x     중간  0.37  0pt/0 [일봉]
055550  신한지주      96,100    0.0    +0.0%    0.0x     중간  0.99  0pt/0 [일봉]
272210  한화시스템     87,600    0.0    +0.0%    0.0x     중간  0.57  0pt/0 [일봉]
011200  HMM       18,650    0.0    +0.0%    0.0x     중간  0.08  0pt/0 [일봉]
015760  한국전력      36,050    0.0    +0.0%    0.0x     중간  0.43  0pt/0 [일봉]
034020  두산에너빌     88,700    0.0    +0.0%    0.0x     중간  1.11  0pt/0 [일봉]
035720  카카오       38,450    0.0    +0.0%    0.0x     중간  0.74  0pt/0 [일봉]
030200  KT        54,900   63.6    -1.7%    0.4x     중간  1.77  2pt/0 [5분]
003490  대한항공      24,900   75.0    -2.4%    0.5x     하단  1.72  1pt/0 [5분]
004020  현대제철      32,200    0.0    +0.0%    0.0x     중간  0.88  0pt/0 [일봉]
078930  GS        73,500    0.0    +0.0%    0.0x     중간  1.23  0pt/0 [일봉]

══════════════════════════════════════════════════
→ 전종목 HOLD
✅ Discord 전송 완료

[13:46] HOLD | KODEX RSI58/+0.5%⬇️ | 보유:없음 | 최고신호 KT(030200) 2pt/3pt [호가1.8 / RSI64]
💰 예수금 98,635원 | KODEX200 RSI58/+0.7% 하락추세⬇️  | 매수기준 점수3pt↑

코드      종목명           가격    RSI     변화율    거래량     BB   호가비  B/S
────────────────────────────────────────────────────────────────────────
[2단계 분석 대상: 055550, 066970, 086790, 000880, 003490]
403870  HPSP      54,700    0.0    +0.0%    0.0x     중간  0.47  0pt/0 [일봉]
055550  신한지주      96,200   72.7    -2.0%    0.6x     중간  3.65  2pt/0 [5분]
272210  한화시스템     87,600    0.0    +0.0%    0.0x     중간  0.57  0pt/0 [일봉]
011200  HMM       18,670    0.0    +0.0%    0.0x     중간  0.10  0pt/0 [일봉]
015760  한국전력      36,050    0.0    +0.0%    0.0x     중간  0.38  0pt/0 [일봉]
034020  두산에너빌     88,700    0.0    +0.0%    0.0x     중간  1.13  0pt/0 [일봉]
035720  카카오       38,400    0.0    +0.0%    0.0x     중간  0.82  0pt/0 [일봉]
030200  KT        55,000    0.0    +0.0%    0.0x     중간  1.45  1pt/0 [일봉]
003490  대한항공      24,900   75.0    -2.4%    0.5x     하단  1.62  1pt/0 [5분]
004020  현대제철      32,250    0.0    +0.0%    0.0x     중간  0.81  0pt/0 [일봉]
078930  GS        73,300    0.0    +0.0%    0.0x     중간  0.83  0pt/0 [일봉]

══════════════════════════════════════════════════
→ 전종목 HOLD
✅ Discord 전송 완료

[13:48] HOLD | KODEX RSI58/+0.7%⬇️ | 보유:없음 | 최고신호 신한지주(055550) 2pt/3pt [호가3.6★]
💰 예수금 98,635원 | KODEX200 RSI58/+0.3% 하락추세⬇️  | 매수기준 점수3pt↑

코드      종목명           가격    RSI     변화율    거래량     BB   호가비  B/S
────────────────────────────────────────────────────────────────────────
[2단계 분석 대상: 105560, 000880, 086790, 066970, 003490]
403870  HPSP      54,900    0.0    +0.0%    0.0x     중간  0.37  0pt/0 [일봉]
055550  신한지주      96,100    0.0    +0.0%    0.0x     중간  1.20  0pt/0 [일봉]
272210  한화시스템     87,400    0.0    +0.0%    0.0x     중간  0.77  0pt/0 [일봉]
011200  HMM       18,640    0.0    +0.0%    0.0x     중간  0.69  0pt/0 [일봉]
015760  한국전력      36,000    0.0    +0.0%    0.0x     중간  0.45  0pt/0 [일봉]
034020  두산에너빌     88,600    0.0    +0.0%    0.0x     중간  1.14  0pt/0 [일봉]
035720  카카오       38,350    0.0    +0.0%    0.0x     중간  0.76  0pt/0 [일봉]
030200  KT        54,900    0.0    +0.0%    0.0x     중간  1.68  1pt/0 [일봉]
003490  대한항공      24,850   69.2    -2.5%    0.5x     하단  1.90  1pt/0 [5분]
004020  현대제철      32,150    0.0    +0.0%    0.0x     중간  1.12  0pt/0 [일봉]
078930  GS        73,200    0.0    +0.0%    0.0x     중간  0.77  0pt/0 [일봉]

══════════════════════════════════════════════════
→ 전종목 HOLD
✅ Discord 전송 완료

[13:50] HOLD | KODEX RSI58/+0.3%⬇️ | 보유:없음 | 최고신호 KT(030200) 1pt/3pt [호가1.7]
💰 예수금 98,635원 | KODEX200 RSI58/-0.0% 하락추세⬇️  | 매수기준 점수3pt↑

코드      종목명           가격    RSI     변화율    거래량     BB   호가비  B/S
────────────────────────────────────────────────────────────────────────
[2단계 분석 대상: 066970, 105560, 000270, 000880, 003490]
403870  HPSP      55,100    0.0    +0.0%    0.0x     중간  0.39  0pt/0 [일봉]
055550  신한지주      96,200    0.0    +0.0%    0.0x     중간  1.20  0pt/0 [일봉]
272210  한화시스템     87,300    0.0    +0.0%    0.0x     중간  0.83  0pt/0 [일봉]
011200  HMM       18,640    0.0    +0.0%    0.0x     중간  0.12  0pt/0 [일봉]
015760  한국전력      36,000    0.0    +0.0%    0.0x     중간  0.40  0pt/0 [일봉]
034020  두산에너빌     88,600    0.0    +0.0%    0.0x     중간  0.92  0pt/0 [일봉]
035720  카카오       38,350    0.0    +0.0%    0.0x     중간  0.75  0pt/0 [일봉]
030200  KT        55,000    0.0    +0.0%    0.0x     중간  1.37  1pt/0 [일봉]
003490  대한항공      24,850   69.2    -2.5%    0.5x     하단  1.92  1pt/0 [5분]
004020  현대제철      32,100    0.0    +0.0%    0.0x     중간  1.00  0pt/0 [일봉]
078930  GS        73,300    0.0    +0.0%    0.0x     중간  0.57  0pt/0 [일봉]

══════════════════════════════════════════════════
→ 전종목 HOLD
✅ Discord 전송 완료

[13:52] HOLD | KODEX RSI58/-0.0%⬇️ | 보유:없음 | 최고신호 KT(030200) 1pt/3pt [호가1.4]
💰 예수금 98,635원 | KODEX200 RSI58/+0.1% 하락추세⬇️  | 매수기준 점수3pt↑

코드      종목명           가격    RSI     변화율    거래량     BB   호가비  B/S
────────────────────────────────────────────────────────────────────────
[2단계 분석 대상: 066970, 003490, 017670, 105560, 000270]
403870  HPSP      55,300    0.0    +0.0%    0.0x     중간  0.34  0pt/0 [일봉]
055550  신한지주      96,200    0.0    +0.0%    0.0x     중간  0.73  0pt/0 [일봉]
272210  한화시스템     87,200    0.0    +0.0%    0.0x     중간  0.82  0pt/0 [일봉]
011200  HMM       18,640    0.0    +0.0%    0.0x     중간  0.12  0pt/0 [일봉]
015760  한국전력      36,000    0.0    +0.0%    0.0x     중간  0.40  0pt/0 [일봉]
034020  두산에너빌     88,500    0.0    +0.0%    0.0x     중간  1.32  1pt/0 [일봉]
035720  카카오       38,300    0.0    +0.0%    0.0x     중간  0.88  0pt/0 [일봉]
030200  KT        55,000    0.0    +0.0%    0.0x     중간  1.36  1pt/0 [일봉]
003490  대한항공      24,850   77.8    -2.4%    0.5x     중간  1.88  1pt/0 [5분]
004020  현대제철      32,150    0.0    +0.0%    0.0x     중간  0.77  0pt/0 [일봉]
078930  GS        73,300    0.0    +0.0%    0.0x     중간  0.65  0pt/0 [일봉]

══════════════════════════════════════════════════
→ 전종목 HOLD
✅ Discord 전송 완료

[13:54] HOLD | KODEX RSI58/+0.1%⬇️ | 보유:없음 | 최고신호 두산에너빌(034020) 1pt/3pt [호가1.3]
💰 예수금 98,635원 | KODEX200 RSI58/+0.1% 하락추세⬇️  | 매수기준 점수3pt↑

코드      종목명           가격    RSI     변화율    거래량     BB   호가비  B/S
────────────────────────────────────────────────────────────────────────
[2단계 분석 대상: 000880, 000270, 105560, 000150, 003490]
403870  HPSP      55,800    0.0    +0.0%    0.0x     중간  0.33  0pt/0 [일봉]
055550  신한지주      96,100    0.0    +0.0%    0.0x     중간  1.36  1pt/0 [일봉]
272210  한화시스템     87,300    0.0    +0.0%    0.0x     중간  0.50  0pt/0 [일봉]
011200  HMM       18,650    0.0    +0.0%    0.0x     중간  0.17  0pt/0 [일봉]
015760  한국전력      36,050    0.0    +0.0%    0.0x     중간  0.29  0pt/0 [일봉]
034020  두산에너빌     88,700    0.0    +0.0%    0.0x     중간  1.03  0pt/0 [일봉]
035720  카카오       38,350    0.0    +0.0%    0.0x     중간  0.87  0pt/0 [일봉]
030200  KT        54,900    0.0    +0.0%    0.0x     중간  1.44  1pt/0 [일봉]
003490  대한항공      24,850   77.8    -2.4%    0.5x     중간  1.93  1pt/0 [5분]
004020  현대제철      32,200    0.0    +0.0%    0.0x     중간  0.54  0pt/0 [일봉]
078930  GS        73,300    0.0    +0.0%    0.0x     중간  0.59  0pt/0 [일봉]

══════════════════════════════════════════════════
→ 전종목 HOLD
✅ Discord 전송 완료

[13:56] HOLD | KODEX RSI58/+0.1%⬇️ | 보유:없음 | 최고신호 신한지주(055550) 1pt/3pt [호가1.4]
💰 예수금 98,635원 | KODEX200 RSI58/+0.1% 하락추세⬇️  | 매수기준 점수3pt↑

코드      종목명           가격    RSI     변화율    거래량     BB   호가비  B/S
────────────────────────────────────────────────────────────────────────
[2단계 분석 대상: 000270, 042660, 003490, 017670, 005930]
403870  HPSP      55,900    0.0    +0.0%    0.0x     중간  0.44  0pt/0 [일봉]
055550  신한지주      96,200    0.0    +0.0%    0.0x     중간  1.31  1pt/0 [일봉]
272210  한화시스템     87,800    0.0    +0.0%    0.0x     중간  0.55  0pt/0 [일봉]
011200  HMM       18,680    0.0    +0.0%    0.0x     중간  0.21  0pt/0 [일봉]
015760  한국전력      36,150    0.0    +0.0%    0.0x     중간  0.75  0pt/0 [일봉]
034020  두산에너빌     88,800    0.0    +0.0%    0.0x     중간  1.08  0pt/0 [일봉]
035720  카카오       38,550    0.0    +0.0%    0.0x     중간  0.63  0pt/0 [일봉]
030200  KT        54,900    0.0    +0.0%    0.0x     중간  1.23  0pt/0 [일봉]
003490  대한항공      24,900   77.8    -2.4%    0.5x     중간  1.74  1pt/0 [5분]
004020  현대제철      32,200    0.0    +0.0%    0.0x     중간  0.59  0pt/0 [일봉]
078930  GS        73,400    0.0    +0.0%    0.0x     중간  0.56  0pt/0 [일봉]

══════════════════════════════════════════════════
→ 전종목 HOLD
✅ Discord 전송 완료

[13:58] HOLD | KODEX RSI58/+0.1%⬇️ | 보유:없음 | 최고신호 신한지주(055550) 1pt/3pt [호가1.3]
💰 예수금 98,635원 | KODEX200 RSI58/+0.3% 하락추세⬇️  | 매수기준 점수3pt↑

코드      종목명           가격    RSI     변화율    거래량     BB   호가비  B/S
────────────────────────────────────────────────────────────────────────
[2단계 분석 대상: 000720, 042660, 000270, 000150, 000880]
403870  HPSP      55,000    0.0    +0.0%    0.0x     중간  1.47  1pt/0 [일봉]
055550  신한지주      96,200    0.0    +0.0%    0.0x     중간  0.79  0pt/0 [일봉]
272210  한화시스템     87,700    0.0    +0.0%    0.0x     중간  0.87  0pt/0 [일봉]
011200  HMM       18,650    0.0    +0.0%    0.0x     중간  0.20  0pt/0 [일봉]
015760  한국전력      36,150    0.0    +0.0%    0.0x     중간  0.76  0pt/0 [일봉]
034020  두산에너빌     88,600    0.0    +0.0%    0.0x     중간  1.19  0pt/0 [일봉]
035720  카카오       38,600    0.0    +0.0%    0.0x     중간  0.63  0pt/0 [일봉]
030200  KT        55,100    0.0    +0.0%    0.0x     중간  0.66  0pt/0 [일봉]
003490  대한항공      24,900    0.0    +0.0%    0.0x     중간  1.73  1pt/0 [일봉]
004020  현대제철      32,150    0.0    +0.0%    0.0x     중간  0.68  0pt/0 [일봉]
078930  GS        73,200    0.0    +0.0%    0.0x     중간  0.67  0pt/0 [일봉]

══════════════════════════════════════════════════
→ 전종목 HOLD
✅ Discord 전송 완료

[14:00] HOLD | KODEX RSI58/+0.3%⬇️ | 보유:없음 | 최고신호 HPSP(403870) 1pt/3pt [호가1.5]
💰 예수금 98,635원 | KODEX200 RSI58/-0.0% 하락추세⬇️  | 매수기준 점수3pt↑

코드      종목명           가격    RSI     변화율    거래량     BB   호가비  B/S
────────────────────────────────────────────────────────────────────────
[2단계 분석 대상: 000720, 000150, 042660, 403870, 000270]
403870  HPSP      54,000   82.6    +1.9%    1.3x     중간  3.65  6pt/0 [5분]
055550  신한지주      96,000    0.0    +0.0%    0.0x     중간  1.05  0pt/0 [일봉]
272210  한화시스템     87,700    0.0    +0.0%    0.0x     중간  0.99  0pt/0 [일봉]
011200  HMM       18,620    0.0    +0.0%    0.0x     중간  0.69  0pt/0 [일봉]
015760  한국전력      36,050    0.0    +0.0%    0.0x     중간  0.36  0pt/0 [일봉]
034020  두산에너빌     88,400    0.0    +0.0%    0.0x     중간  1.75  1pt/0 [일봉]
035720  카카오       38,600    0.0    +0.0%    0.0x     중간  0.64  0pt/0 [일봉]
030200  KT        55,300    0.0    +0.0%    0.0x     중간  0.52  0pt/0 [일봉]
003490  대한항공      24,900    0.0    +0.0%    0.0x     중간  2.08  2pt/0 [일봉]
004020  현대제철      32,100    0.0    +0.0%    0.0x     중간  1.13  0pt/0 [일봉]
078930  GS        73,100    0.0    +0.0%    0.0x     중간  0.72  0pt/0 [일봉]

══════════════════════════════════════════════════
→ 전종목 HOLD
✅ Discord 전송 완료

[14:02] HOLD | KODEX RSI58/-0.0%⬇️ | 보유:없음 | 최고신호 HPSP(403870) 6pt/3pt [강세+1.9%★★ / 거래량1.3x / 호가3.6★]
💰 예수금 98,635원 | KODEX200 RSI58/-0.1% 하락추세⬇️  | 매수기준 점수3pt↑

코드      종목명           가격    RSI     변화율    거래량     BB   호가비  B/S
────────────────────────────────────────────────────────────────────────
[2단계 분석 대상: 000150, 000270, 042660, 403870, 003490]
403870  HPSP      54,900   83.3    +3.4%    1.3x     상단  2.49  6pt/0 [5분]
055550  신한지주      96,000    0.0    +0.0%    0.0x     중간  1.15  0pt/0 [일봉]
272210  한화시스템     88,000    0.0    +0.0%    0.0x     중간  0.72  0pt/0 [일봉]
011200  HMM       18,620    0.0    +0.0%    0.0x     중간  0.88  0pt/0 [일봉]
015760  한국전력      36,100    0.0    +0.0%    0.0x     중간  0.34  0pt/0 [일봉]
034020  두산에너빌     88,800    0.0    +0.0%    0.0x     중간  1.23  0pt/0 [일봉]
035720  카카오       38,700    0.0    +0.0%    0.0x     중간  0.90  0pt/0 [일봉]
030200  KT        55,400    0.0    +0.0%    0.0x     중간  0.44  0pt/0 [일봉]
003490  대한항공      24,900   73.7    -2.4%    0.5x     중간  2.38  3pt/0 [5분]
004020  현대제철      32,050    0.0    +0.0%    0.0x     중간  1.94  1pt/0 [일봉]
078930  GS        73,200    0.0    +0.0%    0.0x     중간  0.70  0pt/0 [일봉]

══════════════════════════════════════════════════
→ 전종목 HOLD
✅ Discord 전송 완료

[14:04] HOLD | KODEX RSI58/-0.1%⬇️ | 보유:없음 | 최고신호 HPSP(403870) 6pt/3pt [강세+3.5%★★ / 거래량1.3x / 호가2.5★]
💰 예수금 98,635원 | KODEX200 RSI57/-0.3% 하락추세⬇️  | 매수기준 점수3pt↑

코드      종목명           가격    RSI     변화율    거래량     BB   호가비  B/S
────────────────────────────────────────────────────────────────────────
[2단계 분석 대상: 004020, 000150, 042660, 000270, 003490]
403870  HPSP      55,200    0.0    +0.0%    0.0x     중간  0.26  0pt/0 [일봉]
055550  신한지주      95,900    0.0    +0.0%    0.0x     중간  1.70  1pt/0 [일봉]
272210  한화시스템     88,100    0.0    +0.0%    0.0x     중간  0.43  0pt/0 [일봉]
011200  HMM       18,650    0.0    +0.0%    0.0x     중간  0.70  0pt/0 [일봉]
015760  한국전력      36,100    0.0    +0.0%    0.0x     중간  0.34  0pt/0 [일봉]
034020  두산에너빌     88,700    0.0    +0.0%    0.0x     중간  1.48  1pt/0 [일봉]
035720  카카오       38,800    0.0    +0.0%    0.0x     중간  1.14  0pt/0 [일봉]
030200  KT        55,500    0.0    +0.0%    0.0x     중간  0.95  0pt/0 [일봉]
003490  대한항공      24,900   73.7    -2.2%    0.5x     중간  2.34  3pt/0 [5분]
004020  현대제철      31,850   75.0    -4.2%    0.7x     하단 16.35  3pt/0 [5분]
078930  GS        73,100    0.0    +0.0%    0.0x     중간  0.65  0pt/0 [일봉]

══════════════════════════════════════════════════
→ 전종목 HOLD
✅ Discord 전송 완료

[14:06] HOLD | KODEX RSI57/-0.3%⬇️ | 보유:없음 | 최고신호 대한항공(003490) 3pt/3pt [호가2.3★ / 연속상승]
💰 예수금 98,635원 | KODEX200 RSI57/-0.4% 하락추세⬇️  | 매수기준 점수3pt↑

코드      종목명           가격    RSI     변화율    거래량     BB   호가비  B/S
────────────────────────────────────────────────────────────────────────
[2단계 분석 대상: 000270, 004020, 042660, 000150, 003490]
403870  HPSP      55,200    0.0    +0.0%    0.0x     중간  0.27  2pt/0 [일봉]
055550  신한지주      95,900    0.0    +0.0%    0.0x     중간  1.49  3pt/0 [일봉]
272210  한화시스템     88,200    0.0    +0.0%    0.0x     중간  0.44  2pt/0 [일봉]
011200  HMM       18,640    0.0    +0.0%    0.0x     중간  0.80  2pt/0 [일봉]
015760  한국전력      36,100    0.0    +0.0%    0.0x     중간  0.32  2pt/0 [일봉]
034020  두산에너빌     88,600    0.0    +0.0%    0.0x     중간  1.49  3pt/0 [일봉]
035720  카카오       39,100    0.0    +0.0%    0.0x     중간  1.09  2pt/0 [일봉]
030200  KT        55,600    0.0    +0.0%    0.0x     중간  0.54  2pt/0 [일봉]
003490  대한항공      24,900   73.7    -2.4%    0.5x     중간  2.37  3pt/0 [5분]
004020  현대제철      32,000   75.0    -3.8%    0.7x     하단  3.21  3pt/0 [5분]
078930  GS        72,900    0.0    +0.0%    0.0x     중간  0.73  2pt/0 [일봉]

══════════════════════════════════════════════════
→ 전종목 HOLD
✅ Discord 전송 완료

[14:08] HOLD | KODEX RSI57/-0.4%⬇️ | 보유:없음 | 최고신호 신한지주(055550) 3pt/3pt [강세+0.4%★ / 호가1.5]
💰 예수금 98,635원 | KODEX200 RSI58/-0.1% 하락추세⬇️  | 매수기준 점수3pt↑

코드      종목명           가격    RSI     변화율    거래량     BB   호가비  B/S
────────────────────────────────────────────────────────────────────────
[2단계 분석 대상: 004020, 042660, 017670, 055550, 086790]
403870  HPSP      55,000    0.0    +0.0%    0.0x     중간  0.57  0pt/0 [일봉]
055550  신한지주      95,900   76.1    -2.3%    0.6x     중간  2.38  2pt/0 [5분]
272210  한화시스템     88,300    0.0    +0.0%    0.0x     중간  0.43  0pt/0 [일봉]
011200  HMM       18,630    0.0    +0.0%    0.0x     중간  0.80  0pt/0 [일봉]
015760  한국전력      36,100    0.0    +0.0%    0.0x     중간  0.49  0pt/0 [일봉]
034020  두산에너빌     88,700    0.0    +0.0%    0.0x     중간  1.32  1pt/0 [일봉]
035720  카카오       39,150    0.0    +0.0%    0.0x     중간  1.60  1pt/0 [일봉]
030200  KT        55,600    0.0    +0.0%    0.0x     중간  0.43  0pt/0 [일봉]
003490  대한항공      24,900    0.0    +0.0%    0.0x     중간  2.37  2pt/0 [일봉]
004020  현대제철      32,000   71.9    -3.9%    0.7x     하단  4.91  2pt/0 [5분]
078930  GS        73,000    0.0    +0.0%    0.0x     중간  0.70  0pt/0 [일봉]

══════════════════════════════════════════════════
→ 전종목 HOLD
✅ Discord 전송 완료

[14:10] HOLD | KODEX RSI58/-0.1%⬇️ | 보유:없음 | 최고신호 신한지주(055550) 2pt/3pt [호가2.4★]
💰 예수금 98,635원 | KODEX200 RSI57/-0.3% 하락추세⬇️  | 매수기준 점수3pt↑

코드      종목명           가격    RSI     변화율    거래량     BB   호가비  B/S
────────────────────────────────────────────────────────────────────────
[2단계 분석 대상: 000720, 004020, 000270, 042660, 017670]
403870  HPSP      55,300    0.0    +0.0%    0.0x     중간  0.23  2pt/0 [일봉]
055550  신한지주      95,800    0.0    +0.0%    0.0x     중간  1.20  2pt/0 [일봉]
272210  한화시스템     88,100    0.0    +0.0%    0.0x     중간  0.61  2pt/0 [일봉]
011200  HMM       18,630    0.0    +0.0%    0.0x     중간  0.97  2pt/0 [일봉]
015760  한국전력      36,100    0.0    +0.0%    0.0x     중간  0.41  2pt/0 [일봉]
034020  두산에너빌     88,600    0.0    +0.0%    0.0x     중간  1.47  3pt/0 [일봉]
035720  카카오       39,150    0.0    +0.0%    0.0x     중간  1.01  2pt/0 [일봉]
030200  KT        55,500    0.0    +0.0%    0.0x     중간  0.46  2pt/0 [일봉]
003490  대한항공      24,850    0.0    +0.0%    0.0x     중간  2.48  4pt/0 [일봉]
004020  현대제철      31,950   71.9    -3.9%    0.7x     하단  6.50  2pt/0 [5분]
078930  GS        72,900    0.0    +0.0%    0.0x     중간  0.68  2pt/0 [일봉]

══════════════════════════════════════════════════
🟢 BUY 대한항공(003490) 4pt [강세+0.3%★/호가2.5★] 목표+2% 신뢰도0.74 ratio0.24
💰 예수금: 98,635원
📊 대한항공(003490) 매도1호가: 24,850원 | 매수1호가: 24,800원
📌 BUY 리스크(1주) vs 신호(1주) → 1주 | 24,800원 = 24,800원
✅ 접수 | 매수 주문 접수: 대한항공 1주 (주문번호: 0528713)
✅ Discord 전송 완료

[14:12] 🟢BUY | KODEX RSI57/-0.3%⬇️ | 예수금 98,635원

🟢 대한항공(003490)  4pt 목표+2%  RSI0 +0.0% 0.0x  [강세+0.3%★·호가2.5★]

🔶 두산에너빌  3pt/3pt  RSI0 +0.0%  [강세+0.3%★·호가1.5]
🔶 HPSP  2pt/3pt  RSI0 +0.0%  [강세+0.3%★]
🔶 신한지주  2pt/3pt  RSI0 +0.0%  [강세+0.3%★]
🔶 한화시스템  2pt/3pt  RSI0 +0.0%  [강세+0.3%★]
🔶 HMM  2pt/3pt  RSI0 +0.0%  [강세+0.3%★]
🔶 한국전력  2pt/3pt  RSI0 +0.0%  [강세+0.3%★]
💰 예수금 98,635원 | KODEX200 RSI57/-0.2% 하락추세⬇️  | 매수기준 점수3pt↑

코드      종목명           가격    RSI     변화율    거래량     BB   호가비  B/S
────────────────────────────────────────────────────────────────────────
[2단계 분석 대상: 004020, 000150, 000270, 042660, 066970]
403870  HPSP      56,000    0.0    +0.0%    0.0x     중간  0.32  0pt/0 [일봉]
055550  신한지주      96,000    0.0    +0.0%    0.0x     중간  1.53  1pt/0 [일봉]
272210  한화시스템     88,100    0.0    +0.0%    0.0x     중간  0.64  0pt/0 [일봉]
011200  HMM       18,620    0.0    +0.0%    0.0x     중간  1.04  0pt/0 [일봉]
015760  한국전력      36,100    0.0    +0.0%    0.0x     중간  0.46  0pt/0 [일봉]
034020  두산에너빌     88,700    0.0    +0.0%    0.0x     중간  1.59  1pt/0 [일봉]
035720  카카오       39,150    0.0    +0.0%    0.0x     중간  0.94  0pt/0 [일봉]
030200  KT        55,600    0.0    +0.0%    0.0x     중간  0.46  0pt/0 [일봉]
003490  대한항공      24,850    0.0    +0.0%    0.0x     중간  2.56  2pt/0 [일봉]
004020  현대제철      32,000   73.5    -4.1%    0.7x     하단  5.16  2pt/0 [5분]
078930  GS        73,000    0.0    +0.0%    0.0x     중간  0.77  0pt/0 [일봉]

══════════════════════════════════════════════════
→ 전종목 HOLD
✅ Discord 전송 완료

[14:14] HOLD | KODEX RSI57/-0.2%⬇️ | 보유:없음 | 최고신호 대한항공(003490) 2pt/3pt [호가2.6★]
💰 예수금 73,786원 | KODEX200 RSI57/-0.2% 하락추세⬇️  | 매수기준 점수3pt↑
📦 보유 대한항공(003490) 1주 -0.4%

코드      종목명           가격    RSI     변화율    거래량     BB   호가비  B/S
────────────────────────────────────────────────────────────────────────
[2단계 분석 대상: 003490, 004020, 000150, 000270, 042660, 003670]
403870  HPSP      56,100    0.0    +0.0%    0.0x     중간  0.32  0pt/0 [일봉]
011200  HMM       18,610    0.0    +0.0%    0.0x     중간  0.94  0pt/0 [일봉]
015760  한국전력      36,100    0.0    +0.0%    0.0x     중간  0.35  0pt/0 [일봉]
035720  카카오       39,100    0.0    +0.0%    0.0x     중간  0.64  0pt/0 [일봉]
030200  KT        55,600    0.0    +0.0%    0.0x     중간  0.34  0pt/0 [일봉]
003490  대한항공      24,800   76.2    -2.5%    0.5x     중간  2.67  2pt/0 [5분]
004020  현대제철      31,900   73.5    -3.9%    0.8x     하단  8.87  2pt/0 [5분]
078930  GS        73,200    0.0    +0.0%    0.0x     중간  0.72  0pt/0 [일봉]

══════════════════════════════════════════════════
⏰ 오후 재개 — 보유 종목 있음 → 신규 매수 중단
→ 전종목 HOLD
✅ Discord 전송 완료

[14:16] HOLD | KODEX RSI57/-0.2%⬇️ | 보유:대한항공(003490) -0.4% | 최고신호 대한항공(003490) 2pt/3pt [호가2.7★]
💰 예수금 73,786원 | KODEX200 RSI57/-0.2% 하락추세⬇️  | 매수기준 점수3pt↑
📦 보유 대한항공(003490) 1주 -0.2%

코드      종목명           가격    RSI     변화율    거래량     BB   호가비  B/S
────────────────────────────────────────────────────────────────────────
[2단계 분석 대상: 003490, 000720, 000150, 086520, 011200, 000270]
403870  HPSP      56,100    0.0    +0.0%    0.0x     중간  0.28  0pt/0 [일봉]
011200  HMM       18,600   78.6    +1.1%    0.5x     중간  3.62  4pt/0 [5분]
015760  한국전력      36,050    0.0    +0.0%    0.0x     중간  0.42  0pt/0 [일봉]
035720  카카오       39,100    0.0    +0.0%    0.0x     중간  0.79  0pt/0 [일봉]
030200  KT        55,500    0.0    +0.0%    0.0x     중간  0.34  0pt/0 [일봉]
003490  대한항공      24,750   76.2    -2.8%    0.5x     하단  3.16  2pt/0 [5분]
004020  현대제철      31,850    0.0    +0.0%    0.0x     중간  3.18  2pt/0 [일봉]
078930  GS        73,200    0.0    +0.0%    0.0x     중간  0.69  0pt/0 [일봉]

══════════════════════════════════════════════════
⏰ 오후 재개 — 보유 종목 있음 → 신규 매수 중단
→ 전종목 HOLD
✅ Discord 전송 완료

[14:18] HOLD | KODEX RSI57/-0.2%⬇️ | 보유:대한항공(003490) -0.2% | 최고신호 HMM(011200) 4pt/3pt [강세+1.4%★ / 호가3.6★]
💰 예수금 73,786원 | KODEX200 RSI57/-0.5% 하락추세⬇️  | 매수기준 점수3pt↑
📦 보유 대한항공(003490) 1주 -0.6%

코드      종목명           가격    RSI     변화율    거래량     BB   호가비  B/S
────────────────────────────────────────────────────────────────────────
[2단계 분석 대상: 003490, 000720, 086520, 000150, 000270, 004020]
403870  HPSP      55,800    0.0    +0.0%    0.0x     중간  0.45  2pt/0 [일봉]
011200  HMM       18,600    0.0    +0.0%    0.0x     중간  3.08  4pt/0 [일봉]
015760  한국전력      36,050    0.0    +0.0%    0.0x     중간  0.40  2pt/0 [일봉]
035720  카카오       39,000    0.0    +0.0%    0.0x     중간  0.62  2pt/0 [일봉]
030200  KT        55,600    0.0    +0.0%    0.0x     중간  0.35  2pt/0 [일봉]
003490  대한항공      24,750   69.6    -3.0%    0.5x     하단  3.36  2pt/0 [5분]
004020  현대제철      31,850   73.5    -4.4%    0.8x     하단  3.38  3pt/0 [5분]
078930  GS        73,000    0.0    +0.0%    0.0x     중간  0.84  2pt/0 [일봉]

══════════════════════════════════════════════════
⏰ 오후 재개 — 보유 종목 있음 → 신규 매수 중단
→ 전종목 HOLD
✅ Discord 전송 완료

[14:20] HOLD | KODEX RSI57/-0.5%⬇️ | 보유:대한항공(003490) -0.6% | 최고신호 HMM(011200) 4pt/3pt [강세+0.5%★ / 호가3.1★]
💰 예수금 73,786원 | KODEX200 RSI57/-0.2% 하락추세⬇️  | 매수기준 점수3pt↑
📦 보유 대한항공(003490) 1주 +0.0%

코드      종목명           가격    RSI     변화율    거래량     BB   호가비  B/S
────────────────────────────────────────────────────────────────────────
[2단계 분석 대상: 003490, 000720, 004020, 086520, 000150, 105560]
403870  HPSP      56,200    0.0    +0.0%    0.0x     중간  0.26  0pt/0 [일봉]
011200  HMM       18,610    0.0    +0.0%    0.0x     중간  2.55  2pt/0 [일봉]
015760  한국전력      36,050    0.0    +0.0%    0.0x     중간  0.43  0pt/0 [일봉]
035720  카카오       39,000    0.0    +0.0%    0.0x     중간  0.47  0pt/0 [일봉]
030200  KT        55,600    0.0    +0.0%    0.0x     중간  0.39  0pt/0 [일봉]
003490  대한항공      24,800   69.6    -2.5%    0.6x     중간  2.93  2pt/0 [5분]
004020  현대제철      31,850   73.5    -4.4%    0.8x     하단  9.79  3pt/0 [5분]
078930  GS        73,000    0.0    +0.0%    0.0x     중간  1.23  0pt/0 [일봉]

══════════════════════════════════════════════════
⏰ 오후 재개 — 보유 종목 있음 → 신규 매수 중단
→ 전종목 HOLD
✅ Discord 전송 완료

[14:22] HOLD | KODEX RSI57/-0.2%⬇️ | 보유:대한항공(003490) +0.0% | 최고신호 현대제철(004020) 3pt/3pt [호가9.8★ / 연속상승]
💰 예수금 73,786원 | KODEX200 RSI57/-0.3% 하락추세⬇️  | 매수기준 점수3pt↑
📦 보유 대한항공(003490) 1주 -0.4%

코드      종목명           가격    RSI     변화율    거래량     BB   호가비  B/S
────────────────────────────────────────────────────────────────────────
[2단계 분석 대상: 003490, 000720, 004020, 000150, 105560, 064350]
403870  HPSP      55,900    0.0    +0.0%    0.0x     중간  0.54  0pt/0 [일봉]
011200  HMM       18,660    0.0    +0.0%    0.0x     중간  1.04  0pt/0 [일봉]
015760  한국전력      36,100    0.0    +0.0%    0.0x     중간  0.41  0pt/0 [일봉]
035720  카카오       39,050    0.0    +0.0%    0.0x     중간  0.59  0pt/0 [일봉]
030200  KT        55,600    0.0    +0.0%    0.0x     중간  0.53  0pt/0 [일봉]
003490  대한항공      24,800   63.6    -2.5%    0.6x     중간  2.91  3pt/0 [5분]
004020  현대제철      31,800   64.4    -4.4%    0.8x     하단  9.75  3pt/0 [5분]
078930  GS        72,900    0.0    +0.0%    0.0x     중간  1.39  1pt/0 [일봉]

══════════════════════════════════════════════════
⏰ 오후 재개 — 보유 종목 있음 → 신규 매수 중단
→ 전종목 HOLD
✅ Discord 전송 완료

[14:24] HOLD | KODEX RSI57/-0.3%⬇️ | 보유:대한항공(003490) -0.4% | 최고신호 대한항공(003490) 3pt/3pt [호가2.9★ / RSI64]
💰 예수금 73,786원 | KODEX200 RSI57/-0.5% 하락추세⬇️  | 매수기준 점수3pt↑
📦 보유 대한항공(003490) 1주 -0.6%

코드      종목명           가격    RSI     변화율    거래량     BB   호가비  B/S
────────────────────────────────────────────────────────────────────────
[2단계 분석 대상: 003490, 000720, 004020, 086520, 000150, 055550]
403870  HPSP      55,600    0.0    +0.0%    0.0x     중간  0.79  2pt/0 [일봉]
011200  HMM       18,650    0.0    +0.0%    0.0x     중간  1.76  3pt/0 [일봉]
015760  한국전력      36,000    0.0    +0.0%    0.0x     중간  0.57  2pt/0 [일봉]
035720  카카오       38,950    0.0    +0.0%    0.0x     중간  0.68  2pt/0 [일봉]
030200  KT        55,700    0.0    +0.0%    0.0x     중간  0.36  2pt/0 [일봉]
003490  대한항공      24,750   63.6    -3.0%    0.6x     하단  3.25  3pt/0 [5분]
004020  현대제철      31,800   64.4    -4.4%    0.8x     하단  8.57  3pt/0 [5분]
078930  GS        72,700    0.0    +0.0%    0.0x     중간  1.07  2pt/0 [일봉]

══════════════════════════════════════════════════
⏰ 오후 재개 — 보유 종목 있음 → 신규 매수 중단
→ 전종목 HOLD
✅ Discord 전송 완료

[14:26] HOLD | KODEX RSI57/-0.5%⬇️ | 보유:대한항공(003490) -0.6% | 최고신호 HMM(011200) 3pt/3pt [강세+0.5%★ / 호가1.8]
💰 예수금 73,786원 | KODEX200 RSI57/-0.8% 하락추세⬇️  | 매수기준 점수3pt↑
📦 보유 대한항공(003490) 1주 -0.6%

코드      종목명           가격    RSI     변화율    거래량     BB   호가비  B/S
────────────────────────────────────────────────────────────────────────
[2단계 분석 대상: 003490, 000720, 004020, 086520, 066970, 138040]
403870  HPSP      55,800    0.0    +0.0%    0.0x     중간  0.60  2pt/0 [일봉]
011200  HMM       18,570    0.0    +0.0%    0.0x     중간  1.41  3pt/0 [일봉]
015760  한국전력      35,950    0.0    +0.0%    0.0x     중간  0.56  2pt/0 [일봉]
035720  카카오       38,850    0.0    +0.0%    0.0x     중간  0.67  2pt/0 [일봉]
030200  KT        55,400    0.0    +0.0%    0.0x     중간  0.48  2pt/0 [일봉]
003490  대한항공      24,700   63.6    -3.0%    0.6x     하단  3.91  3pt/0 [5분]
004020  현대제철      31,750   64.4    -5.1%    0.8x     하단  7.09  3pt/0 [5분]
078930  GS        72,500    0.0    +0.0%    0.0x     중간  2.53  4pt/0 [일봉]

══════════════════════════════════════════════════
⏰ 오후 재개 — 보유 종목 있음 → 신규 매수 중단
→ 전종목 HOLD
✅ Discord 전송 완료

[14:28] HOLD | KODEX RSI57/-0.8%⬇️ | 보유:대한항공(003490) -0.6% | 최고신호 GS(078930) 4pt/3pt [강세+0.8%★ / 호가2.5★]
💰 예수금 73,786원 | KODEX200 RSI57/-0.7% 하락추세⬇️  | 매수기준 점수3pt↑
📦 보유 대한항공(003490) 1주 -0.6%

코드      종목명           가격    RSI     변화율    거래량     BB   호가비  B/S
────────────────────────────────────────────────────────────────────────
[2단계 분석 대상: 003490, 000720, 004020, 086520, 000270, 066970]
403870  HPSP      55,300    0.0    +0.0%    0.0x     중간  0.97  2pt/0 [일봉]
011200  HMM       18,570    0.0    +0.0%    0.0x     중간  1.49  3pt/0 [일봉]
015760  한국전력      35,900    0.0    +0.0%    0.0x     중간  0.70  2pt/0 [일봉]
035720  카카오       38,750    0.0    +0.0%    0.0x     중간  0.66  2pt/0 [일봉]
030200  KT        55,200    0.0    +0.0%    0.0x     중간  0.55  2pt/0 [일봉]
003490  대한항공      24,700   65.2    -3.1%    0.6x     하단  3.36  3pt/0 [5분]
004020  현대제철      31,600   65.8    -4.8%    0.8x     하단  7.75  2pt/0 [5분]
078930  GS        72,300    0.0    +0.0%    0.0x     중간  1.32  3pt/0 [일봉]

══════════════════════════════════════════════════
⏰ 매수 세션 종료 (14:30↑) — 신규 매수 중단
→ 전종목 HOLD
✅ Discord 전송 완료

[14:30] HOLD | KODEX RSI57/-0.7%⬇️ | 보유:대한항공(003490) -0.6% | 최고신호 HMM(011200) 3pt/3pt [강세+0.7%★ / 호가1.5]
💰 예수금 73,786원 | KODEX200 RSI57/-0.9% 하락추세⬇️  | 매수기준 점수3pt↑
📦 보유 대한항공(003490) 1주 -0.6%

코드      종목명           가격    RSI     변화율    거래량     BB   호가비  B/S
────────────────────────────────────────────────────────────────────────
[2단계 분석 대상: 003490, 000720, 000270, 004020, 086520, 105560]
403870  HPSP      55,100    0.0    +0.0%    0.0x     중간  1.50  3pt/0 [일봉]
011200  HMM       18,560    0.0    +0.0%    0.0x     중간  1.77  3pt/0 [일봉]
015760  한국전력      35,850    0.0    +0.0%    0.0x     중간  0.77  2pt/0 [일봉]
035720  카카오       38,750    0.0    +0.0%    0.0x     중간  0.58  2pt/0 [일봉]
030200  KT        55,300    0.0    +0.0%    0.0x     중간  0.42  2pt/0 [일봉]
003490  대한항공      24,700   65.2    -3.0%    0.6x     하단  3.64  3pt/0 [5분]
004020  현대제철      31,600   65.8    -5.0%    0.8x     하단  5.77  2pt/0 [5분]
078930  GS        72,400    0.0    +0.0%    0.0x     중간  2.25  4pt/0 [일봉]

══════════════════════════════════════════════════
⏰ 매수 세션 종료 (14:30↑) — 신규 매수 중단
→ 전종목 HOLD
✅ Discord 전송 완료

[14:32] HOLD | KODEX RSI57/-0.9%⬇️ | 보유:대한항공(003490) -0.6% | 최고신호 GS(078930) 4pt/3pt [강세+0.9%★ / 호가2.2★]
💰 예수금 73,786원 | KODEX200 RSI57/-0.5% 하락추세⬇️  | 매수기준 점수3pt↑
📦 보유 대한항공(003490) 1주 -0.4%

코드      종목명           가격    RSI     변화율    거래량     BB   호가비  B/S
────────────────────────────────────────────────────────────────────────
[2단계 분석 대상: 003490, 000720, 004020, 000270, 066970, 000880]
403870  HPSP      54,900    0.0    +0.0%    0.0x     중간  2.26  4pt/0 [일봉]
011200  HMM       18,610    0.0    +0.0%    0.0x     중간  1.39  3pt/0 [일봉]
015760  한국전력      35,950    0.0    +0.0%    0.0x     중간  0.52  2pt/0 [일봉]
035720  카카오       38,800    0.0    +0.0%    0.0x     중간  0.61  2pt/0 [일봉]
030200  KT        55,500    0.0    +0.0%    0.0x     중간  0.30  2pt/0 [일봉]
003490  대한항공      24,800   65.2    -2.5%    0.6x     중간  2.56  3pt/0 [5분]
004020  현대제철      31,700   64.1    -4.8%    0.8x     하단  7.11  3pt/0 [5분]
078930  GS        72,600    0.0    +0.0%    0.0x     중간  0.99  2pt/0 [일봉]

══════════════════════════════════════════════════
⏰ 매수 세션 종료 (14:30↑) — 신규 매수 중단
→ 전종목 HOLD
✅ Discord 전송 완료

[14:34] HOLD | KODEX RSI57/-0.5%⬇️ | 보유:대한항공(003490) -0.4% | 최고신호 HPSP(403870) 4pt/3pt [강세+0.5%★ / 호가2.3★]
💰 예수금 73,786원 | KODEX200 RSI57/-0.3% 하락추세⬇️  | 매수기준 점수3pt↑
📦 보유 대한항공(003490) 1주 -0.2%

코드      종목명           가격    RSI     변화율    거래량     BB   호가비  B/S
────────────────────────────────────────────────────────────────────────
[2단계 분석 대상: 003490, 000720, 000270, 000880, 005930, 055550]
403870  HPSP      55,100    0.0    +0.0%    0.0x     중간  1.14  0pt/0 [일봉]
011200  HMM       18,620    0.0    +0.0%    0.0x     중간  1.20  0pt/0 [일봉]
015760  한국전력      35,950    0.0    +0.0%    0.0x     중간  0.56  0pt/0 [일봉]
035720  카카오       38,900    0.0    +0.0%    0.0x     중간  0.38  0pt/0 [일봉]
030200  KT        55,600    0.0    +0.0%    0.0x     중간  0.34  0pt/0 [일봉]
003490  대한항공      24,850   65.2    -2.5%    0.6x     중간  2.41  3pt/0 [5분]
004020  현대제철      31,900    0.0    +0.0%    0.0x     중간  1.33  1pt/0 [일봉]
078930  GS        72,700    0.0    +0.0%    0.0x     중간  1.33  1pt/0 [일봉]

══════════════════════════════════════════════════
⏰ 매수 세션 종료 (14:30↑) — 신규 매수 중단
→ 전종목 HOLD
✅ Discord 전송 완료

[14:36] HOLD | KODEX RSI57/-0.3%⬇️ | 보유:대한항공(003490) -0.2% | 최고신호 대한항공(003490) 3pt/3pt [호가2.4★ / 연속상승]
💰 예수금 73,786원 | KODEX200 RSI57/-0.1% 하락추세⬇️  | 매수기준 점수3pt↑
📦 보유 대한항공(003490) 1주 -0.2%

코드      종목명           가격    RSI     변화율    거래량     BB   호가비  B/S
────────────────────────────────────────────────────────────────────────
[2단계 분석 대상: 003490, 000720, 086790, 000270, 004020, 005930]
403870  HPSP      55,100    0.0    +0.0%    0.0x     중간  1.40  1pt/0 [일봉]
011200  HMM       18,620    0.0    +0.0%    0.0x     중간  1.25  0pt/0 [일봉]
015760  한국전력      36,050    0.0    +0.0%    0.0x     중간  0.24  0pt/0 [일봉]
035720  카카오       38,850    0.0    +0.0%    0.0x     중간  0.45  0pt/0 [일봉]
030200  KT        55,700    0.0    +0.0%    0.0x     중간  0.31  0pt/0 [일봉]
003490  대한항공      24,850   65.2    -2.4%    0.6x     중간  2.59  3pt/0 [5분]
004020  현대제철      31,900   64.1    -4.1%    0.8x     하단  1.70  2pt/0 [5분]
078930  GS        72,700    0.0    +0.0%    0.0x     중간  0.78  0pt/0 [일봉]

══════════════════════════════════════════════════
⏰ 매수 세션 종료 (14:30↑) — 신규 매수 중단
→ 전종목 HOLD
✅ Discord 전송 완료

[14:38] HOLD | KODEX RSI57/-0.1%⬇️ | 보유:대한항공(003490) -0.2% | 최고신호 대한항공(003490) 3pt/3pt [호가2.6★ / 연속상승]
💰 예수금 73,786원 | KODEX200 RSI57/-0.2% 하락추세⬇️  | 매수기준 점수3pt↑
📦 보유 대한항공(003490) 1주 -0.2%

코드      종목명           가격    RSI     변화율    거래량     BB   호가비  B/S
────────────────────────────────────────────────────────────────────────
[2단계 분석 대상: 003490, 000720, 000270, 138040, 004020, 000880]
403870  HPSP      55,200    0.0    +0.0%    0.0x     중간  1.13  0pt/0 [일봉]
011200  HMM       18,640    0.0    +0.0%    0.0x     중간  2.13  2pt/0 [일봉]
015760  한국전력      36,000    0.0    +0.0%    0.0x     중간  0.43  0pt/0 [일봉]
035720  카카오       38,750    0.0    +0.0%    0.0x     중간  0.56  0pt/0 [일봉]
030200  KT        55,800    0.0    +0.0%    0.0x     중간  0.33  0pt/0 [일봉]
003490  대한항공      24,850   60.9    -2.4%    0.6x     중간  2.69  3pt/0 [5분]
004020  현대제철      31,900   61.0    -4.1%    0.9x     하단  2.39  4pt/0 [5분]
078930  GS        72,700    0.0    +0.0%    0.0x     중간  0.80  0pt/0 [일봉]

══════════════════════════════════════════════════
⏰ 매수 세션 종료 (14:30↑) — 신규 매수 중단
→ 전종목 HOLD
✅ Discord 전송 완료

[14:40] HOLD | KODEX RSI57/-0.2%⬇️ | 보유:대한항공(003490) -0.2% | 최고신호 현대제철(004020) 4pt/3pt [호가2.4★ / RSI61 / 연속상승]
💰 예수금 73,786원 | KODEX200 RSI58/+0.0% 하락추세⬇️  | 매수기준 점수3pt↑
📦 보유 대한항공(003490) 1주 +0.0%

코드      종목명           가격    RSI     변화율    거래량     BB   호가비  B/S
────────────────────────────────────────────────────────────────────────
[2단계 분석 대상: 003490, 000720, 004020, 000270, 086790, 000880]
403870  HPSP      55,400    0.0    +0.0%    0.0x     중간  0.45  0pt/0 [일봉]
011200  HMM       18,680    0.0    +0.0%    0.0x     중간  0.63  0pt/0 [일봉]
015760  한국전력      36,000    0.0    +0.0%    0.0x     중간  0.44  0pt/0 [일봉]
035720  카카오       38,850    0.0    +0.0%    0.0x     중간  0.53  0pt/0 [일봉]
030200  KT        55,800    0.0    +0.0%    0.0x     중간  0.33  0pt/0 [일봉]
003490  대한항공      24,850   60.9    -2.5%    0.6x     중간  2.54  3pt/0 [5분]
004020  현대제철      31,900   61.0    -4.1%    0.9x     하단  7.36  4pt/0 [5분]
078930  GS        72,700    0.0    +0.0%    0.0x     중간  0.79  0pt/0 [일봉]

══════════════════════════════════════════════════
⏰ 매수 세션 종료 (14:30↑) — 신규 매수 중단
→ 전종목 HOLD
✅ Discord 전송 완료

[14:42] HOLD | KODEX RSI58/+0.0%⬇️ | 보유:대한항공(003490) +0.0% | 최고신호 현대제철(004020) 4pt/3pt [호가7.4★ / RSI61 / 연속상승]
💰 예수금 73,786원 | KODEX200 RSI58/+0.1% 하락추세⬇️  | 매수기준 점수3pt↑
📦 보유 대한항공(003490) 1주 +0.0%

코드      종목명           가격    RSI     변화율    거래량     BB   호가비  B/S
────────────────────────────────────────────────────────────────────────
[2단계 분석 대상: 003490, 000720, 004020, 000880, 086790, 247540]
403870  HPSP      55,600    0.0    +0.0%    0.0x     중간  0.36  0pt/0 [일봉]
011200  HMM       18,660    0.0    +0.0%    0.0x     중간  0.60  0pt/0 [일봉]
015760  한국전력      36,000    0.0    +0.0%    0.0x     중간  0.41  0pt/0 [일봉]
035720  카카오       38,900    0.0    +0.0%    0.0x     중간  0.59  0pt/0 [일봉]
030200  KT        55,800    0.0    +0.0%    0.0x     중간  0.41  0pt/0 [일봉]
003490  대한항공      24,800   57.1    -2.5%    0.6x     중간  3.14  3pt/0 [5분]
004020  현대제철      31,950   55.6    -3.9%    0.9x     하단  7.58  3pt/0 [5분]
078930  GS        72,700    0.0    +0.0%    0.0x     중간  0.79  0pt/0 [일봉]

══════════════════════════════════════════════════
⏰ 매수 세션 종료 (14:30↑) — 신규 매수 중단
→ 전종목 HOLD
✅ Discord 전송 완료

[14:44] HOLD | KODEX RSI58/+0.1%⬇️ | 보유:대한항공(003490) +0.0% | 최고신호 대한항공(003490) 3pt/3pt [호가3.1★ / RSI57]
💰 예수금 73,786원 | KODEX200 RSI58/+0.1% 하락추세⬇️  | 매수기준 점수3pt↑
📦 보유 대한항공(003490) 1주 +0.0%

코드      종목명           가격    RSI     변화율    거래량     BB   호가비  B/S
────────────────────────────────────────────────────────────────────────
[2단계 분석 대상: 003490, 000720, 004020, 000880, 086790, 247540]
403870  HPSP      55,500    0.0    +0.0%    0.0x     중간  0.35  0pt/0 [일봉]
011200  HMM       18,660    0.0    +0.0%    0.0x     중간  0.71  0pt/0 [일봉]
015760  한국전력      36,000    0.0    +0.0%    0.0x     중간  0.40  0pt/0 [일봉]
035720  카카오       38,900    0.0    +0.0%    0.0x     중간  0.72  0pt/0 [일봉]
030200  KT        55,900    0.0    +0.0%    0.0x     중간  0.44  0pt/0 [일봉]
003490  대한항공      24,850   57.1    -2.5%    0.6x     중간  2.76  3pt/0 [5분]
004020  현대제철      31,950   55.6    -4.1%    1.0x     하단  8.47  3pt/0 [5분]
078930  GS        72,600    0.0    +0.0%    0.0x     중간  0.47  0pt/0 [일봉]

══════════════════════════════════════════════════
⏰ 매수 세션 종료 (14:30↑) — 신규 매수 중단
→ 전종목 HOLD
✅ Discord 전송 완료

[14:46] HOLD | KODEX RSI58/+0.1%⬇️ | 보유:대한항공(003490) +0.0% | 최고신호 대한항공(003490) 3pt/3pt [호가2.8★ / RSI57]
💰 예수금 73,786원 | KODEX200 RSI58/-0.1% 하락추세⬇️  | 매수기준 점수3pt↑
📦 보유 대한항공(003490) 1주 +0.0%

코드      종목명           가격    RSI     변화율    거래량     BB   호가비  B/S
────────────────────────────────────────────────────────────────────────
[2단계 분석 대상: 003490, 000720, 004020, 086790, 247540, 005930]
403870  HPSP      55,600    0.0    +0.0%    0.0x     중간  0.23  0pt/0 [일봉]
011200  HMM       18,690    0.0    +0.0%    0.0x     중간  0.69  0pt/0 [일봉]
015760  한국전력      36,000    0.0    +0.0%    0.0x     중간  0.43  0pt/0 [일봉]
035720  카카오       38,900    0.0    +0.0%    0.0x     중간  0.80  0pt/0 [일봉]
030200  KT        55,900    0.0    +0.0%    0.0x     중간  0.30  0pt/0 [일봉]
003490  대한항공      24,850   57.1    -2.4%    0.6x     중간  2.81  3pt/0 [5분]
004020  현대제철      32,000   55.6    -4.1%    1.0x     하단  8.90  3pt/0 [5분]
078930  GS        72,600    0.0    +0.0%    0.0x     중간  0.29  0pt/0 [일봉]

══════════════════════════════════════════════════
⏰ 매수 세션 종료 (14:30↑) — 신규 매수 중단
→ 전종목 HOLD
✅ Discord 전송 완료

[14:48] HOLD | KODEX RSI58/-0.1%⬇️ | 보유:대한항공(003490) +0.0% | 최고신호 대한항공(003490) 3pt/3pt [호가2.8★ / RSI57]
💰 예수금 73,786원 | KODEX200 RSI58/+0.0% 하락추세⬇️  | 매수기준 점수3pt↑
📦 보유 대한항공(003490) 1주 +0.0%

코드      종목명           가격    RSI     변화율    거래량     BB   호가비  B/S
────────────────────────────────────────────────────────────────────────
[2단계 분석 대상: 003490, 000720, 004020, 000880, 086790, 005930]
403870  HPSP      55,100    0.0    +0.0%    0.0x     중간  0.59  0pt/0 [일봉]
011200  HMM       18,690    0.0    +0.0%    0.0x     중간  1.08  0pt/0 [일봉]
015760  한국전력      36,000    0.0    +0.0%    0.0x     중간  0.40  0pt/0 [일봉]
035720  카카오       38,850    0.0    +0.0%    0.0x     중간  0.38  0pt/0 [일봉]
030200  KT        56,000    0.0    +0.0%    0.0x     중간  0.26  0pt/0 [일봉]
003490  대한항공      24,850   63.6    -2.5%    0.6x     중간  2.74  3pt/0 [5분]
004020  현대제철      31,950   60.0    -3.9%    1.0x     하단  9.05  3pt/0 [5분]
078930  GS        72,800    0.0    +0.0%    0.0x     중간  0.75  0pt/0 [일봉]

══════════════════════════════════════════════════
⏰ 매수 세션 종료 (14:30↑) — 신규 매수 중단
→ 전종목 HOLD
✅ Discord 전송 완료

[14:50] HOLD | KODEX RSI58/+0.0%⬇️ | 보유:대한항공(003490) +0.0% | 최고신호 대한항공(003490) 3pt/3pt [호가2.7★ / RSI64]
💰 예수금 73,786원 | KODEX200 RSI58/-0.0% 하락추세⬇️  | 매수기준 점수3pt↑
📦 보유 대한항공(003490) 1주 -0.2%

코드      종목명           가격    RSI     변화율    거래량     BB   호가비  B/S
────────────────────────────────────────────────────────────────────────
[2단계 분석 대상: 003490, 000720, 004020, 247540, 055550, 005930]
403870  HPSP      55,400    0.0    +0.0%    0.0x     중간  0.31  0pt/0 [일봉]
011200  HMM       18,680    0.0    +0.0%    0.0x     중간  1.02  0pt/0 [일봉]
015760  한국전력      36,000    0.0    +0.0%    0.0x     중간  0.42  0pt/0 [일봉]
035720  카카오       38,950    0.0    +0.0%    0.0x     중간  0.43  0pt/0 [일봉]
030200  KT        55,900    0.0    +0.0%    0.0x     중간  0.25  0pt/0 [일봉]
003490  대한항공      24,800   63.6    -2.5%    0.6x     중간  2.85  3pt/0 [5분]
004020  현대제철      31,900   60.0    -4.2%    1.0x     하단  9.36  3pt/0 [5분]
078930  GS        72,600    0.0    +0.0%    0.0x     중간  0.51  0pt/0 [일봉]

══════════════════════════════════════════════════
⏰ 매수 세션 종료 (14:30↑) — 신규 매수 중단
→ 전종목 HOLD
✅ Discord 전송 완료

[14:52] HOLD | KODEX RSI58/-0.0%⬇️ | 보유:대한항공(003490) -0.2% | 최고신호 대한항공(003490) 3pt/3pt [호가2.9★ / RSI64]
💰 예수금 73,786원 | KODEX200 RSI57/-0.3% 하락추세⬇️  | 매수기준 점수3pt↑
📦 보유 대한항공(003490) 1주 -0.2%

코드      종목명           가격    RSI     변화율    거래량     BB   호가비  B/S
────────────────────────────────────────────────────────────────────────
[2단계 분석 대상: 003490, 000720, 004020, 247540, 055550, 034020]
403870  HPSP      55,200    0.0    +0.0%    0.0x     중간  0.62  0pt/0 [일봉]
011200  HMM       18,660    0.0    +0.0%    0.0x     중간  0.71  0pt/0 [일봉]
015760  한국전력      36,000    0.0    +0.0%    0.0x     중간  0.39  0pt/0 [일봉]
035720  카카오       39,000    0.0    +0.0%    0.0x     중간  0.49  0pt/0 [일봉]
030200  KT        56,200    0.0    +0.0%    0.0x     중간  0.17  0pt/0 [일봉]
003490  대한항공      24,800   66.7    -2.4%    0.6x     중간  3.05  2pt/0 [5분]
004020  현대제철      31,900   64.1    -4.2%    1.0x     하단  8.16  3pt/0 [5분]
078930  GS        72,700    0.0    +0.0%    0.0x     중간  0.32  0pt/0 [일봉]

══════════════════════════════════════════════════
⏰ 매수 세션 종료 (14:30↑) — 신규 매수 중단
→ 전종목 HOLD
✅ Discord 전송 완료

[14:54] HOLD | KODEX RSI57/-0.3%⬇️ | 보유:대한항공(003490) -0.2% | 최고신호 현대제철(004020) 3pt/3pt [호가8.2★ / RSI64]
💰 예수금 73,786원 | KODEX200 RSI57/-0.4% 하락추세⬇️  | 매수기준 점수3pt↑
📦 보유 대한항공(003490) 1주 -0.3%

코드      종목명           가격    RSI     변화율    거래량     BB   호가비  B/S
────────────────────────────────────────────────────────────────────────
[2단계 분석 대상: 003490, 000720, 004020, 247540, 086790, 000270]
403870  HPSP      55,300    0.0    +0.0%    0.0x     중간  0.49  2pt/0 [일봉]
011200  HMM       18,660    0.0    +0.0%    0.0x     중간  0.63  2pt/0 [일봉]
015760  한국전력      35,950    0.0    +0.0%    0.0x     중간  0.43  2pt/0 [일봉]
035720  카카오       39,000    0.0    +0.0%    0.0x     중간  0.40  2pt/0 [일봉]
030200  KT        56,100    0.0    +0.0%    0.0x     중간  0.23  2pt/0 [일봉]
003490  대한항공      24,800   66.7    -2.5%    0.6x     중간  3.27  2pt/0 [5분]
004020  현대제철      31,900   64.1    -4.2%    1.0x     하단  6.78  3pt/0 [5분]
078930  GS        72,500    0.0    +0.0%    0.0x     중간  0.45  2pt/0 [일봉]

══════════════════════════════════════════════════
⏰ 매수 세션 종료 (14:30↑) — 신규 매수 중단
→ 전종목 HOLD
✅ Discord 전송 완료

[14:56] HOLD | KODEX RSI57/-0.4%⬇️ | 보유:대한항공(003490) -0.3% | 최고신호 현대제철(004020) 3pt/3pt [호가6.8★ / RSI64]
💰 예수금 73,786원 | KODEX200 RSI57/-0.2% 하락추세⬇️  | 매수기준 점수3pt↑
📦 보유 대한항공(003490) 1주 -0.4%

코드      종목명           가격    RSI     변화율    거래량     BB   호가비  B/S
────────────────────────────────────────────────────────────────────────
[2단계 분석 대상: 003490, 000720, 004020, 055550, 086790, 247540]
403870  HPSP      55,500    0.0    +0.0%    0.0x     중간  0.32  0pt/0 [일봉]
011200  HMM       18,640    0.0    +0.0%    0.0x     중간  0.84  0pt/0 [일봉]
015760  한국전력      36,000    0.0    +0.0%    0.0x     중간  0.43  0pt/0 [일봉]
035720  카카오       39,000    0.0    +0.0%    0.0x     중간  0.47  0pt/0 [일봉]
030200  KT        56,100    0.0    +0.0%    0.0x     중간  0.27  0pt/0 [일봉]
003490  대한항공      24,800   66.7    -2.8%    0.6x     하단  3.26  2pt/0 [5분]
004020  현대제철      31,850   64.1    -4.2%    1.0x     하단  8.39  3pt/0 [5분]
078930  GS        72,500    0.0    +0.0%    0.0x     중간  0.45  0pt/0 [일봉]

══════════════════════════════════════════════════
⏰ 매수 세션 종료 (14:30↑) — 신규 매수 중단
→ 전종목 HOLD
✅ Discord 전송 완료

[14:58] HOLD | KODEX RSI57/-0.2%⬇️ | 보유:대한항공(003490) -0.4% | 최고신호 현대제철(004020) 3pt/3pt [호가8.4★ / RSI64]
💰 예수금 73,786원 | KODEX200 RSI57/-0.3% 하락추세⬇️  | 매수기준 점수3pt↑
📦 보유 대한항공(003490) 1주 -0.2%

코드      종목명           가격    RSI     변화율    거래량     BB   호가비  B/S
────────────────────────────────────────────────────────────────────────
[2단계 분석 대상: 003490, 000720, 004020, 247540, 086520, 055550]
403870  HPSP      55,500    0.0    +0.0%    0.0x     중간  0.36  0pt/0 [일봉]
011200  HMM       18,650    0.0    +0.0%    0.0x     중간  0.73  0pt/0 [일봉]
015760  한국전력      36,000    0.0    +0.0%    0.0x     중간  0.42  0pt/0 [일봉]
035720  카카오       39,000    0.0    +0.0%    0.0x     중간  0.48  0pt/0 [일봉]
030200  KT        56,000    0.0    +0.0%    0.0x     중간  0.33  0pt/0 [일봉]
003490  대한항공      24,800   56.0    -2.5%    0.6x     중간  3.24  3pt/0 [5분]
004020  현대제철      31,900   55.6    -4.1%    1.0x     하단  6.89  4pt/0 [5분]
078930  GS        72,600    0.0    +0.0%    0.0x     중간  0.30  0pt/0 [일봉]

══════════════════════════════════════════════════
⏰ 매수 세션 종료 (14:30↑) — 신규 매수 중단
→ 전종목 HOLD
✅ Discord 전송 완료

[15:00] HOLD | KODEX RSI57/-0.3%⬇️ | 보유:대한항공(003490) -0.2% | 최고신호 현대제철(004020) 4pt/3pt [호가6.9★ / RSI56 / 연속상승]
💰 예수금 73,786원 | KODEX200 RSI57/-0.6% 하락추세⬇️  | 매수기준 점수3pt↑
📦 보유 대한항공(003490) 1주 -0.4%

코드      종목명           가격    RSI     변화율    거래량     BB   호가비  B/S
────────────────────────────────────────────────────────────────────────
[2단계 분석 대상: 003490, 000720, 004020, 247540, 005930, 064350]
403870  HPSP      55,800    0.0    +0.0%    0.0x     중간  0.33  2pt/0 [일봉]
011200  HMM       18,660    0.0    +0.0%    0.0x     중간  0.65  2pt/0 [일봉]
015760  한국전력      36,000    0.0    +0.0%    0.0x     중간  0.40  2pt/0 [일봉]
035720  카카오       39,000    0.0    +0.0%    0.0x     중간  0.51  2pt/0 [일봉]
030200  KT        56,100    0.0    +0.0%    0.0x     중간  0.26  2pt/0 [일봉]
003490  대한항공      24,800   56.0    -2.8%    0.6x     하단  3.39  3pt/0 [5분]
004020  현대제철      31,900   55.6    -4.2%    1.0x     하단  6.66  4pt/0 [5분]
078930  GS        72,500    0.0    +0.0%    0.0x     중간  0.44  2pt/0 [일봉]

══════════════════════════════════════════════════
⏰ 매수 세션 종료 (14:30↑) — 신규 매수 중단
→ 전종목 HOLD
✅ Discord 전송 완료

[15:02] HOLD | KODEX RSI57/-0.6%⬇️ | 보유:대한항공(003490) -0.4% | 최고신호 현대제철(004020) 4pt/3pt [호가6.7★ / RSI56 / 연속상승]
💰 예수금 73,786원 | KODEX200 RSI57/-0.7% 하락추세⬇️  | 매수기준 점수3pt↑
📦 보유 대한항공(003490) 1주 -0.4%

코드      종목명           가격    RSI     변화율    거래량     BB   호가비  B/S
────────────────────────────────────────────────────────────────────────
[2단계 분석 대상: 003490, 004020, 000720, 086520, 005930, 096770]
403870  HPSP      56,100    0.0    +0.0%    0.0x     중간  0.18  2pt/0 [일봉]
011200  HMM       18,680    0.0    +0.0%    0.0x     중간  0.77  2pt/0 [일봉]
015760  한국전력      35,950    0.0    +0.0%    0.0x     중간  0.43  2pt/0 [일봉]
035720  카카오       39,000    0.0    +0.0%    0.0x     중간  0.57  2pt/0 [일봉]
030200  KT        56,200    0.0    +0.0%    0.0x     중간  0.22  2pt/0 [일봉]
003490  대한항공      24,800   50.0    -2.5%    0.6x     하단  3.63  3pt/0 [5분]
004020  현대제철      31,850   53.5    -4.2%    1.0x     하단  7.19  4pt/0 [5분]
078930  GS        72,400    0.0    +0.0%    0.0x     중간  0.48  2pt/0 [일봉]

══════════════════════════════════════════════════
⏰ 매수 세션 종료 (14:30↑) — 신규 매수 중단
→ 전종목 HOLD
✅ Discord 전송 완료

[15:04] HOLD | KODEX RSI57/-0.7%⬇️ | 보유:대한항공(003490) -0.4% | 최고신호 현대제철(004020) 4pt/3pt [호가7.2★ / RSI54 / 연속상승]
💰 예수금 73,786원 | KODEX200 RSI57/-0.6% 하락추세⬇️  | 매수기준 점수3pt↑
📦 보유 대한항공(003490) 1주 -0.2%

코드      종목명           가격    RSI     변화율    거래량     BB   호가비  B/S
────────────────────────────────────────────────────────────────────────
[2단계 분석 대상: 003490, 004020, 000720, 005930, 247540, 096770]
403870  HPSP      56,000    0.0    +0.0%    0.0x     중간  0.33  2pt/0 [일봉]
011200  HMM       18,700    0.0    +0.0%    0.0x     중간  1.23  2pt/0 [일봉]
015760  한국전력      35,950    0.0    +0.0%    0.0x     중간  0.43  2pt/0 [일봉]
035720  카카오       38,950    0.0    +0.0%    0.0x     중간  0.56  2pt/0 [일봉]
030200  KT        56,200    0.0    +0.0%    0.0x     중간  0.24  2pt/0 [일봉]
003490  대한항공      24,800   50.0    -2.6%    0.6x     하단  3.48  3pt/0 [5분]
004020  현대제철      31,800   53.5    -4.4%    1.0x     하단 16.69  4pt/0 [5분]
078930  GS        72,100    0.0    +0.0%    0.0x     중간  0.40  2pt/0 [일봉]

══════════════════════════════════════════════════
⏰ 매수 세션 종료 (14:30↑) — 신규 매수 중단
→ 전종목 HOLD
✅ Discord 전송 완료

[15:06] HOLD | KODEX RSI57/-0.6%⬇️ | 보유:대한항공(003490) -0.2% | 최고신호 현대제철(004020) 4pt/3pt [호가16.7★ / RSI54 / 연속상승]
💰 예수금 73,786원 | KODEX200 RSI57/-0.8% 하락추세⬇️  | 매수기준 점수3pt↑
📦 보유 대한항공(003490) 1주 -0.4%

코드      종목명           가격    RSI     변화율    거래량     BB   호가비  B/S
────────────────────────────────────────────────────────────────────────
[2단계 분석 대상: 003490, 000720, 004020, 005930, 096770, 247540]
403870  HPSP      55,800    0.0    +0.0%    0.0x     중간  0.36  2pt/0 [일봉]
011200  HMM       18,690    0.0    +0.0%    0.0x     중간  0.89  2pt/0 [일봉]
015760  한국전력      35,950    0.0    +0.0%    0.0x     중간  0.39  2pt/0 [일봉]
035720  카카오       38,950    0.0    +0.0%    0.0x     중간  0.53  2pt/0 [일봉]
030200  KT        56,300    0.0    +0.0%    0.0x     중간  0.12  2pt/0 [일봉]
003490  대한항공      24,800   50.0    -2.6%    0.6x     하단  3.64  3pt/0 [5분]
004020  현대제철      31,800   53.5    -4.5%    1.0x     하단 14.11  4pt/0 [5분]
078930  GS        72,000    0.0    +0.0%    0.0x     중간  0.91  2pt/0 [일봉]

══════════════════════════════════════════════════
⏰ 매수 세션 종료 (14:30↑) — 신규 매수 중단
→ 전종목 HOLD
✅ Discord 전송 완료

[15:08] HOLD | KODEX RSI57/-0.8%⬇️ | 보유:대한항공(003490) -0.4% | 최고신호 현대제철(004020) 4pt/3pt [호가14.1★ / RSI54 / 연속상승]
💰 예수금 73,786원 | KODEX200 RSI57/-0.7% 하락추세⬇️  | 매수기준 점수3pt↑
📦 보유 대한항공(003490) 1주 +0.0%

코드      종목명           가격    RSI     변화율    거래량     BB   호가비  B/S
────────────────────────────────────────────────────────────────────────
[2단계 분석 대상: 003490, 004020, 055550, 005930, 247540, 086790]
403870  HPSP      56,300    0.0    +0.0%    0.0x     중간  0.15  2pt/0 [일봉]
011200  HMM       18,690    0.0    +0.0%    0.0x     중간  0.40  2pt/0 [일봉]
015760  한국전력      35,950    0.0    +0.0%    0.0x     중간  0.37  2pt/0 [일봉]
035720  카카오       38,950    0.0    +0.0%    0.0x     중간  0.53  2pt/0 [일봉]
030200  KT        56,300    0.0    +0.0%    0.0x     중간  0.23  2pt/0 [일봉]
003490  대한항공      24,850   52.4    -2.5%    0.6x     하단  3.57  4pt/0 [5분]
004020  현대제철      31,800   51.2    -4.5%    1.0x     하단  5.72  3pt/0 [5분]
078930  GS        71,800    0.0    +0.0%    0.0x     중간  0.63  2pt/0 [일봉]

══════════════════════════════════════════════════
🕐 15:10 이후 — 장 마감 청산 모드
⏰ 매수 세션 종료 (14:30↑) — 신규 매수 중단
→ 전종목 HOLD
✅ Discord 전송 완료

[15:10] HOLD | KODEX RSI57/-0.7%⬇️ | 보유:대한항공(003490) +0.0% | 최고신호 대한항공(003490) 4pt/3pt [호가3.6★ / RSI52 / 연속상승]
💰 예수금 73,786원 | KODEX200 RSI57/-0.4% 하락추세⬇️  | 매수기준 점수3pt↑
📦 보유 대한항공(003490) 1주 +0.2%

코드      종목명           가격    RSI     변화율    거래량     BB   호가비  B/S
────────────────────────────────────────────────────────────────────────
[2단계 분석 대상: 003490, 004020, 055550, 064350, 005930, 247540]
403870  HPSP      56,300    0.0    +0.0%    0.0x     중간  0.20  2pt/0 [일봉]
011200  HMM       18,710    0.0    +0.0%    0.0x     중간  0.28  2pt/0 [일봉]
015760  한국전력      35,900    0.0    +0.0%    0.0x     중간  0.32  2pt/0 [일봉]
035720  카카오       39,000    0.0    +0.0%    0.0x     중간  0.47  2pt/0 [일봉]
030200  KT        56,600    0.0    +0.0%    0.0x     중간  0.15  2pt/0 [일봉]
003490  대한항공      24,900   52.4    -2.4%    0.6x     중간  3.38  4pt/0 [5분]
004020  현대제철      31,900   51.2    -4.2%    1.0x     하단 14.49  4pt/0 [5분]
078930  GS        71,700    0.0    +0.0%    0.0x     중간  0.87  2pt/0 [일봉]

══════════════════════════════════════════════════
🕐 15:10 이후 — 장 마감 청산 모드
⏰ 매수 세션 종료 (14:30↑) — 신규 매수 중단
→ 전종목 HOLD
✅ Discord 전송 완료

[15:12] HOLD | KODEX RSI57/-0.4%⬇️ | 보유:대한항공(003490) +0.2% | 최고신호 대한항공(003490) 4pt/3pt [호가3.4★ / RSI52 / 연속상승]
💰 예수금 73,786원 | KODEX200 RSI57/-0.3% 하락추세⬇️  | 매수기준 점수3pt↑
📦 보유 대한항공(003490) 1주 -0.2%

코드      종목명           가격    RSI     변화율    거래량     BB   호가비  B/S
────────────────────────────────────────────────────────────────────────
[2단계 분석 대상: 003490, 004020, 064350, 032830, 138040, 055550]
403870  HPSP      56,300    0.0    +0.0%    0.0x     중간  0.13  0pt/0 [일봉]
011200  HMM       18,750    0.0    +0.0%    0.0x     중간  0.47  0pt/0 [일봉]
015760  한국전력      35,900    0.0    +0.0%    0.0x     중간  0.25  0pt/0 [일봉]
035720  카카오       39,050    0.0    +0.0%    0.0x     중간  0.42  0pt/0 [일봉]
030200  KT        56,900    0.0    +0.0%    0.0x     중간  0.13  0pt/0 [일봉]
003490  대한항공      24,900   54.5    -2.4%    0.6x     중간  3.68  4pt/0 [5분]
004020  현대제철      31,900   47.5    -4.1%    1.0x     하단  9.77  4pt/0 [5분]
078930  GS        71,800    0.0    +0.0%    0.0x     중간  0.91  0pt/0 [일봉]

══════════════════════════════════════════════════
🕐 15:10 이후 — 장 마감 청산 모드
⏰ 매수 세션 종료 (14:30↑) — 신규 매수 중단
→ 전종목 HOLD
✅ Discord 전송 완료

[15:14] HOLD | KODEX RSI57/-0.3%⬇️ | 보유:대한항공(003490) -0.2% | 최고신호 대한항공(003490) 4pt/3pt [호가3.7★ / RSI54 / 연속상승]
💰 예수금 73,786원 | KODEX200 RSI57/-0.2% 하락추세⬇️  | 매수기준 점수3pt↑
📦 보유 대한항공(003490) 1주 +0.0%

코드      종목명           가격    RSI     변화율    거래량     BB   호가비  B/S
────────────────────────────────────────────────────────────────────────
[2단계 분석 대상: 003490, 004020, 055550, 005930, 096770, 034020]
403870  HPSP      56,200    0.0    +0.0%    0.0x     중간  0.15  0pt/0 [일봉]
011200  HMM       18,770    0.0    +0.0%    0.0x     중간  0.13  0pt/0 [일봉]
015760  한국전력      35,900    0.0    +0.0%    0.0x     중간  0.30  0pt/0 [일봉]
035720  카카오       39,350    0.0    +0.0%    0.0x     중간  0.64  0pt/0 [일봉]
030200  KT        56,800    0.0    +0.0%    0.0x     중간  0.17  0pt/0 [일봉]
003490  대한항공      24,900   54.5    -2.2%    0.6x     중간  4.04  4pt/0 [5분]
004020  현대제철      31,950   47.5    -3.9%    1.0x     하단  7.94  4pt/0 [5분]
078930  GS        71,900    0.0    +0.0%    0.0x     중간  0.83  0pt/0 [일봉]

══════════════════════════════════════════════════
🕐 15:10 이후 — 장 마감 청산 모드
⏰ 매수 세션 종료 (14:30↑) — 신규 매수 중단
→ 전종목 HOLD
✅ Discord 전송 완료

[15:16] HOLD | KODEX RSI57/-0.2%⬇️ | 보유:대한항공(003490) +0.0% | 최고신호 대한항공(003490) 4pt/3pt [호가4.0★ / RSI54 / 연속상승]
💰 예수금 73,786원 | KODEX200 RSI58/-0.1% 하락추세⬇️  | 매수기준 점수3pt↑
📦 보유 대한항공(003490) 1주 +0.2%

코드      종목명           가격    RSI     변화율    거래량     BB   호가비  B/S
────────────────────────────────────────────────────────────────────────
[2단계 분석 대상: 003490, 138040, 004020, 055550, 086790, 005930]
403870  HPSP      56,400    0.0    +0.0%    0.0x     중간  0.18  0pt/0 [일봉]
011200  HMM       18,740    0.0    +0.0%    0.0x     중간  0.43  0pt/0 [일봉]
015760  한국전력      36,050    0.0    +0.0%    0.0x     중간  0.27  0pt/0 [일봉]
035720  카카오       39,600    0.0    +0.0%    0.0x     중간  0.16  0pt/0 [일봉]
030200  KT        56,700    0.0    +0.0%    0.0x     중간  0.15  0pt/0 [일봉]
003490  대한항공      24,900   54.5    -2.2%    0.6x     중간  4.23  4pt/0 [5분]
004020  현대제철      32,100   47.5    -3.5%    1.0x     중간  4.56  4pt/0 [5분]
078930  GS        72,000    0.0    +0.0%    0.0x     중간  1.20  0pt/0 [일봉]

══════════════════════════════════════════════════
🕐 15:10 이후 — 장 마감 청산 모드
⏰ 매수 세션 종료 (14:30↑) — 신규 매수 중단
→ 전종목 HOLD
✅ Discord 전송 완료

[15:18] HOLD | KODEX RSI58/-0.1%⬇️ | 보유:대한항공(003490) +0.2% | 최고신호 대한항공(003490) 4pt/3pt [호가4.2★ / RSI54 / 연속상승]
💰 예수금 73,786원 | KODEX200 RSI57/-0.2% 하락추세⬇️  | 매수기준 점수3pt↑
📦 보유 대한항공(003490) 1주 +0.0%

코드      종목명           가격    RSI     변화율    거래량     BB   호가비  B/S
────────────────────────────────────────────────────────────────────────
[2단계 분석 대상: 003490, 078930, 247540, 000150, 086520, 032830]
403870  HPSP      55,700    0.0    +0.0%    0.0x     중간  0.00  0pt/0 [일봉]
011200  HMM       18,950    0.0    +0.0%    0.0x     중간  1.73  1pt/0 [일봉]
015760  한국전력      36,050    0.0    +0.0%    0.0x     중간  0.05  0pt/0 [일봉]
035720  카카오       39,700    0.0    +0.0%    0.0x     중간  0.34  0pt/0 [일봉]
030200  KT        68,000    0.0    +0.0%    0.0x     중간 18.30  2pt/0 [일봉]
003490  대한항공      24,400   54.5    -2.4%    0.6x     중간  0.45  2pt/0 [5분]
004020  현대제철      32,100    0.0    +0.0%    0.0x     중간  0.85  0pt/0 [일봉]
⛔ GS(078930) 호가 없음 (거래정지 의심)
⛔ 두산(000150) 호가 없음 (거래정지 의심)

══════════════════════════════════════════════════
🕐 15:10 이후 — 장 마감 청산 모드
⏰ 매수 세션 종료 (14:30↑) — 신규 매수 중단
→ 전종목 HOLD
✅ Discord 전송 완료

[15:20] HOLD | KODEX RSI57/-0.2%⬇️ | 보유:대한항공(003490) +0.0% | 최고신호 KT(030200) 2pt/3pt [호가18.3★]
💰 예수금 73,786원 | KODEX200 RSI57/-0.2% 하락추세⬇️  | 매수기준 점수3pt↑
📦 보유 대한항공(003490) 1주 +0.0%

코드      종목명           가격    RSI     변화율    거래량     BB   호가비  B/S
────────────────────────────────────────────────────────────────────────
[2단계 분석 대상: 003490, 030200, 064350, 247540, 086790, 017670]
403870  HPSP      50,300    0.0    +0.0%    0.0x     중간  0.71  0pt/0 [일봉]
011200  HMM       18,950    0.0    +0.0%    0.0x     중간 11.64  2pt/0 [일봉]
015760  한국전력      35,700    0.0    +0.0%    0.0x     중간  0.03  0pt/0 [일봉]
035720  카카오       39,000    0.0    +0.0%    0.0x     중간  0.02  0pt/0 [일봉]
⛔ KT(030200) 호가 없음 (거래정지 의심)
003490  대한항공      24,150   54.5    -2.4%    0.6x     중간  0.63  2pt/0 [5분]
004020  현대제철      31,800    0.0    +0.0%    0.0x     중간  1.13  0pt/0 [일봉]
078930  GS        71,700    0.0    +0.0%    0.0x     중간  0.15  0pt/0 [일봉]

══════════════════════════════════════════════════
🕐 15:10 이후 — 장 마감 청산 모드
⏰ 매수 세션 종료 (14:30↑) — 신규 매수 중단
→ 전종목 HOLD
✅ Discord 전송 완료

[15:22] HOLD | KODEX RSI57/-0.2%⬇️ | 보유:대한항공(003490) +0.0% | 최고신호 HMM(011200) 2pt/3pt [호가11.6★]
💰 예수금 73,786원 | KODEX200 RSI57/-0.2% 하락추세⬇️  | 매수기준 점수3pt↑
📦 보유 대한항공(003490) 1주 +0.0%

코드      종목명           가격    RSI     변화율    거래량     BB   호가비  B/S
────────────────────────────────────────────────────────────────────────
[2단계 분석 대상: 003490, 000270, 017670, 105560, 086520, 272210]
403870  HPSP      50,100    0.0    +0.0%    0.0x     중간 25.18  2pt/0 [일봉]
011200  HMM       18,950    0.0    +0.0%    0.0x     중간 42.63  2pt/0 [일봉]
015760  한국전력      35,600    0.0    +0.0%    0.0x     중간  0.33  0pt/0 [일봉]
035720  카카오       39,750    0.0    +0.0%    0.0x     중간  7.07  2pt/0 [일봉]
030200  KT        70,000    0.0    +0.0%    0.0x     중간  3.80  2pt/0 [일봉]
003490  대한항공      24,650   54.5    -2.4%    0.6x     중간  0.32  2pt/0 [5분]
004020  현대제철      32,450    0.0    +0.0%    0.0x     중간  0.31  0pt/0 [일봉]
078930  GS        65,200    0.0    +0.0%    0.0x     중간  0.01  0pt/0 [일봉]

══════════════════════════════════════════════════
🕐 15:10 이후 — 장 마감 청산 모드
⏰ 매수 세션 종료 (14:30↑) — 신규 매수 중단
→ 전종목 HOLD
✅ Discord 전송 완료

[15:24] HOLD | KODEX RSI57/-0.2%⬇️ | 보유:대한항공(003490) +0.0% | 최고신호 HPSP(403870) 2pt/3pt [호가25.2★]
💰 예수금 73,786원 | KODEX200 RSI57/-0.2% 하락추세⬇️  | 매수기준 점수3pt↑
📦 보유 대한항공(003490) 1주 +0.0%

코드      종목명           가격    RSI     변화율    거래량     BB   호가비  B/S
────────────────────────────────────────────────────────────────────────
[2단계 분석 대상: 003490, 064350, 086520, 066970, 011200, 272210]
403870  HPSP      52,300    0.0    +0.0%    0.0x     중간  2.17  2pt/0 [일봉]
011200  HMM       18,950   44.4    +2.1%    0.6x     상단 43.56  6pt/0 [5분]
015760  한국전력      35,700    0.0    +0.0%    0.0x     중간  0.18  0pt/0 [일봉]
035720  카카오       39,750    0.0    +0.0%    0.0x     중간  1.63  1pt/0 [일봉]
030200  KT        63,300    0.0    +0.0%    0.0x     중간 26.35  2pt/0 [일봉]
003490  대한항공      24,650   54.5    -2.4%    0.6x     중간  0.33  2pt/0 [5분]
004020  현대제철      32,250    0.0    +0.0%    0.0x     중간  0.41  0pt/0 [일봉]
078930  GS        68,800    0.0    +0.0%    0.0x     중간  0.10  0pt/0 [일봉]

══════════════════════════════════════════════════
🕐 15:10 이후 — 장 마감 청산 모드
⏰ 매수 세션 종료 (14:30↑) — 신규 매수 중단
→ 전종목 HOLD
✅ Discord 전송 완료

[15:26] HOLD | KODEX RSI57/-0.2%⬇️ | 보유:대한항공(003490) +0.0% | 최고신호 HMM(011200) 6pt/3pt [강세+2.2%★★ / 호가43.6★ / 연속상승]
💰 예수금 73,786원 | KODEX200 RSI57/-0.2% 하락추세⬇️  | 매수기준 점수3pt↑
📦 보유 대한항공(003490) 1주 +0.0%

코드      종목명           가격    RSI     변화율    거래량     BB   호가비  B/S
────────────────────────────────────────────────────────────────────────
[2단계 분석 대상: 003490, 064350, 247540, 086520, 066970, 011200]
403870  HPSP      52,900    0.0    +0.0%    0.0x     중간  0.09  0pt/0 [일봉]
011200  HMM       18,950   44.4    +2.1%    0.6x     상단 46.47  6pt/0 [5분]
015760  한국전력      35,750    0.0    +0.0%    0.0x     중간  3.88  2pt/0 [일봉]
035720  카카오       39,500    0.0    +0.0%    0.0x     중간  0.05  0pt/0 [일봉]
030200  KT        63,100    0.0    +0.0%    0.0x     중간  1.75  1pt/0 [일봉]
003490  대한항공      24,650   54.5    -2.4%    0.6x     중간  0.51  2pt/0 [5분]
004020  현대제철      32,450    0.0    +0.0%    0.0x     중간  1.03  0pt/0 [일봉]
078930  GS        70,200    0.0    +0.0%    0.0x     중간  0.84  0pt/0 [일봉]

══════════════════════════════════════════════════
🕐 15:10 이후 — 장 마감 청산 모드
⏰ 매수 세션 종료 (14:30↑) — 신규 매수 중단
→ 전종목 HOLD
✅ Discord 전송 완료

[15:28] HOLD | KODEX RSI57/-0.2%⬇️ | 보유:대한항공(003490) +0.0% | 최고신호 HMM(011200) 6pt/3pt [강세+2.2%★★ / 호가46.5★ / 연속상승]
💰 예수금 73,786원 | KODEX200 RSI57/-0.2% 하락추세⬇️  | 매수기준 점수3pt↑
📦 보유 대한항공(003490) 1주 +0.0%

코드      종목명           가격    RSI     변화율    거래량     BB   호가비  B/S
────────────────────────────────────────────────────────────────────────
[2단계 분석 대상: 003490, 000880, 064350, 086520, 042660, 247540]
403870  HPSP      55,300    0.0    +0.0%    0.0x     중간  0.05  0pt/0 [일봉]
011200  HMM       18,850    0.0    +0.0%    0.0x     중간  0.12  0pt/0 [일봉]
015760  한국전력      35,950    0.0    +0.0%    0.0x     중간  2.59  2pt/0 [일봉]
035720  카카오       39,350    0.0    +0.0%    0.0x     중간  0.72  0pt/0 [일봉]
030200  KT        60,700    0.0    +0.0%    0.0x     중간  2.26  2pt/0 [일봉]
003490  대한항공      24,850   50.0    -2.5%    1.0x     중간 10.95  3pt/0 [5분]
004020  현대제철      32,200    0.0    +0.0%    0.0x     중간  0.60  0pt/0 [일봉]
078930  GS        71,700    0.0    +0.0%    0.0x     중간  2.01  2pt/0 [일봉]

══════════════════════════════════════════════════
🕐 15:10 이후 — 장 마감 청산 모드
⏰ 매수 세션 종료 (14:30↑) — 신규 매수 중단
→ 전종목 HOLD
✅ Discord 전송 완료

[15:30] HOLD | KODEX RSI57/-0.2%⬇️ | 보유:대한항공(003490) +0.0% | 최고신호 대한항공(003490) 3pt/3pt [호가10.9★ / RSI50]
