💰 예수금 97,571원 | KODEX200 RSI65/+0.0% 상승추세⬆️  | 매수기준 점수3pt↑

코드      종목명           가격    RSI     변화율    거래량     BB   호가비  B/S
────────────────────────────────────────────────────────────────────────
[2단계 분석 대상: 034020, 035720, 015760, 003490, 247540]
403870  HPSP      47,500    0.0    +0.0%    0.0x     중간  0.04  0pt/0 [일봉]
272210  한화시스템     90,300    0.0    +0.0%    0.0x     중간  1.27  0pt/0 [일봉]
011200  HMM       19,480    0.0    +0.0%    0.0x     중간 14.21  2pt/0 [일봉]
015760  한국전력      37,500   23.8    +0.0%    0.0x     상단 68.00  2pt/0 [5분]
035720  카카오       40,700   35.1    +0.0%    0.0x     하단 74.98  2pt/0 [5분]
030200  KT        54,300    0.0    +0.0%    0.0x     중간  0.45  0pt/0 [일봉]
003490  대한항공      24,050   47.1    +0.0%    0.0x     하단 63.13  3pt/0 [5분]
004020  현대제철      38,100    0.0    +0.0%    0.0x     중간  0.99  0pt/0 [일봉]
078930  GS        75,800    0.0    +0.0%    0.0x     중간  0.03  0pt/0 [일봉]

══════════════════════════════════════════════════
⏰ 장 미개장 (9:00 전) — 신규 매수 중단
→ 전종목 HOLD
✅ Discord 전송 완료

[08:50] HOLD | KODEX RSI65/+0.0%⬆️ | 보유:없음 | 최고신호 대한항공(003490) 3pt/3pt [호가63.1★ / RSI47]
💰 예수금 0원 | KODEX200 RSI58/-3.9% 상승추세⬆️ 과열⚠️ | 매수기준 점수3pt↑

코드      종목명           가격    RSI     변화율    거래량     BB   호가비  B/S
────────────────────────────────────────────────────────────────────────
[2단계 분석 대상: 000880, 035720, 032830, 011200, 003490]

══════════════════════════════════════════════════
⏰ 시초가 혼조 (9:30 전) — 신규 매수 중단
→ 전종목 HOLD
✅ Discord 전송 완료

[09:00] HOLD | KODEX RSI58/-3.9%⬆️⚠️ | 보유:없음 | 💸예수금부족
💰 예수금 97,571원 | KODEX200 RSI58/-4.4% 상승추세⬆️ 과열⚠️ | 매수기준 점수3pt↑

코드      종목명           가격    RSI     변화율    거래량     BB   호가비  B/S
────────────────────────────────────────────────────────────────────────
[2단계 분석 대상: 003490, 034020, 005930, 096770, 000880]
403870  HPSP      48,550    0.0    +0.0%    0.0x     중간  0.36  3pt/0 [일봉]
272210  한화시스템     94,900    0.0    +0.0%    0.0x     중간  2.39  5pt/0 [일봉]
011200  HMM       19,600    0.0    +0.0%    0.0x     중간  2.47  5pt/0 [일봉]
015760  한국전력      38,950    0.0    +0.0%    0.0x     중간  0.14  3pt/0 [일봉]
034020  두산에너빌     97,500   47.4    -1.5%    0.0x     하단  5.68  6pt/0 [5분]
035720  카카오       40,750    0.0    +0.0%    0.0x     중간  3.77  5pt/0 [일봉]
030200  KT        54,700    0.0    +0.0%    0.0x     중간  1.38  4pt/0 [일봉]
003490  대한항공      25,050   47.1    +0.0%    0.0x     하단  5.90  6pt/0 [5분]
004020  현대제철      36,900    0.0    +0.0%    0.0x     중간  2.00  5pt/0 [일봉]
078930  GS        73,900    0.0    +0.0%    0.0x     중간  1.01  3pt/0 [일봉]

══════════════════════════════════════════════════
⏰ 시초가 혼조 (9:30 전) — 신규 매수 중단
→ 전종목 HOLD
✅ Discord 전송 완료

[09:02] HOLD | KODEX RSI58/-4.4%⬆️⚠️ | 보유:없음 | 최고신호 두산에너빌(034020) 6pt/3pt [강세+2.9%★★ / 호가5.7★ / RSI47]
💰 예수금 97,571원 | KODEX200 RSI58/-4.4% 상승추세⬆️ 과열⚠️ | 매수기준 점수3pt↑

코드      종목명           가격    RSI     변화율    거래량     BB   호가비  B/S
────────────────────────────────────────────────────────────────────────
[2단계 분석 대상: 247540, 035720, 066970, 105560, 078930]
403870  HPSP      49,500    0.0    +0.0%    0.0x     중간  0.98  3pt/0 [일봉]
272210  한화시스템     95,100    0.0    +0.0%    0.0x     중간  2.17  5pt/0 [일봉]
011200  HMM       19,570    0.0    +0.0%    0.0x     중간  2.16  5pt/0 [일봉]
015760  한국전력      38,950    0.0    +0.0%    0.0x     중간  0.42  3pt/0 [일봉]
035720  카카오       41,100   37.5    -2.4%    0.0x     하단  7.12  5pt/0 [5분]
030200  KT        54,700    0.0    +0.0%    0.0x     중간  0.83  3pt/0 [일봉]
003490  대한항공      25,250    0.0    +0.0%    0.0x     중간  1.40  4pt/0 [일봉]
004020  현대제철      36,650    0.0    +0.0%    0.0x     중간  2.77  5pt/0 [일봉]
078930  GS        73,700   52.9    -3.7%    0.0x     상단  5.07  5pt/0 [5분]

══════════════════════════════════════════════════
⏰ 시초가 혼조 (9:30 전) — 신규 매수 중단
→ 전종목 HOLD
✅ Discord 전송 완료

[09:04] HOLD | KODEX RSI58/-4.4%⬆️⚠️ | 보유:없음 | 최고신호 한화시스템(272210) 5pt/3pt [강세+4.4%★★ / 호가2.2★]
💰 예수금 97,571원 | KODEX200 RSI57/-4.8% 상승추세⬆️ 과열⚠️ | 매수기준 점수3pt↑

코드      종목명           가격    RSI     변화율    거래량     BB   호가비  B/S
────────────────────────────────────────────────────────────────────────
[2단계 분석 대상: 035720, 011200, 272210, 086520, 000880]
403870  HPSP      49,850    0.0    +0.0%    0.0x     중간  0.21  3pt/0 [일봉]
272210  한화시스템     94,600   75.0    -1.2%    0.0x     하단  7.05  5pt/0 [5분]
011200  HMM       19,550   16.7    -0.3%    0.0x     중간  9.06  5pt/0 [5분]
015760  한국전력      38,950    0.0    +0.0%    0.0x     중간  0.61  3pt/0 [일봉]
034020  두산에너빌     96,700    0.0    +0.0%    0.0x     중간  2.56  5pt/0 [일봉]
035720  카카오       40,850   37.5    -2.6%    0.0x     하단 13.37  5pt/0 [5분]
030200  KT        54,600    0.0    +0.0%    0.0x     중간  0.58  3pt/0 [일봉]
003490  대한항공      25,250    0.0    +0.0%    0.0x     중간  1.46  4pt/0 [일봉]
004020  현대제철      36,600    0.0    +0.0%    0.0x     중간  4.10  5pt/0 [일봉]
078930  GS        73,100    0.0    +0.0%    0.0x     중간  1.56  4pt/0 [일봉]

══════════════════════════════════════════════════
⏰ 시초가 혼조 (9:30 전) — 신규 매수 중단
→ 전종목 HOLD
✅ Discord 전송 완료

[09:06] HOLD | KODEX RSI57/-4.8%⬆️⚠️ | 보유:없음 | 최고신호 한화시스템(272210) 5pt/3pt [강세+3.5%★★ / 호가7.0★]
💰 예수금 97,571원 | KODEX200 RSI56/-5.2% 상승추세⬆️ 과열⚠️ | 매수기준 점수3pt↑

코드      종목명           가격    RSI     변화율    거래량     BB   호가비  B/S
────────────────────────────────────────────────────────────────────────
[2단계 분석 대상: 004020, 096770, 035720, 003670, 078930]
403870  HPSP      50,200    0.0    +0.0%    0.0x     중간  0.08  3pt/0 [일봉]
272210  한화시스템     94,700    0.0    +0.0%    0.0x     중간  3.50  5pt/0 [일봉]
011200  HMM       19,540    0.0    +0.0%    0.0x     중간  0.79  3pt/0 [일봉]
015760  한국전력      39,150    0.0    +0.0%    0.0x     중간  0.14  3pt/0 [일봉]
034020  두산에너빌     96,400    0.0    +0.0%    0.0x     중간  3.41  5pt/0 [일봉]
035720  카카오       41,000   37.5    -2.0%    0.1x     하단 16.53  5pt/0 [5분]
030200  KT        54,900    0.0    +0.0%    0.0x     중간  0.52  3pt/0 [일봉]
003490  대한항공      25,200    0.0    +0.0%    0.0x     중간  1.10  3pt/0 [일봉]
004020  현대제철      36,650   55.0    -3.8%    0.0x     하단 40.70  5pt/0 [5분]
078930  GS        73,500   52.9    -4.1%    0.0x     상단  4.57  5pt/0 [5분]

══════════════════════════════════════════════════
⏰ 시초가 혼조 (9:30 전) — 신규 매수 중단
→ 전종목 HOLD
✅ Discord 전송 완료

[09:08] HOLD | KODEX RSI56/-5.2%⬆️⚠️ | 보유:없음 | 최고신호 한화시스템(272210) 5pt/3pt [강세+5.2%★★ / 호가3.5★]
💰 예수금 97,571원 | KODEX200 RSI57/-4.9% 상승추세⬆️ 과열⚠️ | 매수기준 점수3pt↑

코드      종목명           가격    RSI     변화율    거래량     BB   호가비  B/S
────────────────────────────────────────────────────────────────────────
[2단계 분석 대상: 086520, 078930, 003670, 034020, 066970]
403870  HPSP      49,700    0.0    +0.0%    0.0x     중간  0.32  3pt/0 [일봉]
272210  한화시스템     96,400    0.0    +0.0%    0.0x     중간  0.37  3pt/0 [일봉]
011200  HMM       19,530    0.0    +0.0%    0.0x     중간  2.07  5pt/0 [일봉]
015760  한국전력      39,500    0.0    +0.0%    0.0x     중간  0.07  3pt/0 [일봉]
034020  두산에너빌     96,300   58.8    -3.1%    0.1x     하단  4.51  6pt/0 [5분]
035720  카카오       41,100    0.0    +0.0%    0.0x     중간  3.22  5pt/0 [일봉]
030200  KT        54,900    0.0    +0.0%    0.0x     중간  0.53  3pt/0 [일봉]
003490  대한항공      25,300    0.0    +0.0%    0.0x     중간  2.99  5pt/0 [일봉]
004020  현대제철      37,000    0.0    +0.0%    0.0x     중간  3.19  5pt/0 [일봉]
078930  GS        73,500   55.6    -3.7%    0.0x     상단  9.35  5pt/0 [5분]

══════════════════════════════════════════════════
⏰ 시초가 혼조 (9:30 전) — 신규 매수 중단
→ 전종목 HOLD
✅ Discord 전송 완료

[09:10] HOLD | KODEX RSI57/-4.9%⬆️⚠️ | 보유:없음 | 최고신호 두산에너빌(034020) 6pt/3pt [강세+1.7%★★ / 호가4.5★ / RSI59]
💰 예수금 97,571원 | KODEX200 RSI56/-5.2% 상승추세⬆️ 과열⚠️ | 매수기준 점수3pt↑

코드      종목명           가격    RSI     변화율    거래량     BB   호가비  B/S
────────────────────────────────────────────────────────────────────────
[2단계 분석 대상: 003670, 086520, 035720, 000720, 078930]
403870  HPSP      49,250    0.0    +0.0%    0.0x     중간  1.99  4pt/0 [일봉]
272210  한화시스템     95,500    0.0    +0.0%    0.0x     중간  0.16  3pt/0 [일봉]
011200  HMM       19,550    0.0    +0.0%    0.0x     중간  2.97  5pt/0 [일봉]
015760  한국전력      39,600    0.0    +0.0%    0.0x     중간  0.11  3pt/0 [일봉]
034020  두산에너빌     95,700    0.0    +0.0%    0.0x     중간  2.00  5pt/0 [일봉]
035720  카카오       41,000   40.0    -2.4%    0.1x     하단  7.27  5pt/0 [5분]
030200  KT        54,800    0.0    +0.0%    0.0x     중간  0.49  3pt/0 [일봉]
003490  대한항공      25,400    0.0    +0.0%    0.0x     중간  1.41  4pt/0 [일봉]
004020  현대제철      36,950    0.0    +0.0%    0.0x     중간  3.20  5pt/0 [일봉]
078930  GS        73,500   55.6    -3.7%    0.0x     상단  3.76  5pt/0 [5분]

══════════════════════════════════════════════════
⏰ 시초가 혼조 (9:30 전) — 신규 매수 중단
→ 전종목 HOLD
✅ Discord 전송 완료

[09:12] HOLD | KODEX RSI56/-5.2%⬆️⚠️ | 보유:없음 | 최고신호 HMM(011200) 5pt/3pt [강세+5.2%★★ / 호가3.0★]
💰 예수금 97,571원 | KODEX200 RSI56/-5.5% 상승추세⬆️ 과열⚠️ | 매수기준 점수3pt↑

코드      종목명           가격    RSI     변화율    거래량     BB   호가비  B/S
────────────────────────────────────────────────────────────────────────
[2단계 분석 대상: 035720, 086520, 000720, 017670, 011200]
403870  HPSP      49,150    0.0    +0.0%    0.0x     중간  0.67  3pt/0 [일봉]
272210  한화시스템     94,400    0.0    +0.0%    0.0x     중간  3.94  5pt/0 [일봉]
011200  HMM       19,550   28.0    -0.3%    0.1x     중간  4.78  5pt/0 [5분]
015760  한국전력      39,300    0.0    +0.0%    0.0x     중간  0.18  3pt/0 [일봉]
034020  두산에너빌     95,300    0.0    +0.0%    0.0x     중간  2.26  5pt/0 [일봉]
035720  카카오       40,850   40.0    -2.9%    0.1x     하단  9.74  5pt/0 [5분]
030200  KT        54,600    0.0    +0.0%    0.0x     중간  0.49  3pt/0 [일봉]
003490  대한항공      25,300    0.0    +0.0%    0.0x     중간  2.04  5pt/0 [일봉]
004020  현대제철      36,550    0.0    +0.0%    0.0x     중간  2.69  5pt/0 [일봉]
078930  GS        73,100    0.0    +0.0%    0.0x     중간  1.32  4pt/0 [일봉]

══════════════════════════════════════════════════
⏰ 시초가 혼조 (9:30 전) — 신규 매수 중단
→ 전종목 HOLD
✅ Discord 전송 완료

[09:14] HOLD | KODEX RSI56/-5.5%⬆️⚠️ | 보유:없음 | 최고신호 한화시스템(272210) 5pt/3pt [강세+5.5%★★ / 호가3.9★]
💰 예수금 97,571원 | KODEX200 RSI56/-5.2% 상승추세⬆️ 과열⚠️ | 매수기준 점수3pt↑

코드      종목명           가격    RSI     변화율    거래량     BB   호가비  B/S
────────────────────────────────────────────────────────────────────────
[2단계 분석 대상: 096770, 035720, 000720, 086520, 272210]
403870  HPSP      49,950    0.0    +0.0%    0.0x     중간  0.08  3pt/0 [일봉]
272210  한화시스템     94,200   73.7    -2.3%    0.1x     하단  5.54  5pt/0 [5분]
011200  HMM       19,520    0.0    +0.0%    0.0x     중간  1.41  4pt/0 [일봉]
015760  한국전력      38,700    0.0    +0.0%    0.0x     중간  1.04  3pt/0 [일봉]
034020  두산에너빌     95,200    0.0    +0.0%    0.0x     중간  1.87  4pt/0 [일봉]
035720  카카오       40,750   48.0    -3.1%    0.1x     하단  8.29  6pt/0 [5분]
030200  KT        54,500    0.0    +0.0%    0.0x     중간  0.72  3pt/0 [일봉]
003490  대한항공      25,250    0.0    +0.0%    0.0x     중간  1.90  4pt/0 [일봉]
004020  현대제철      36,450    0.0    +0.0%    0.0x     중간  3.39  5pt/0 [일봉]
078930  GS        74,000    0.0    +0.0%    0.0x     중간  2.32  5pt/0 [일봉]

══════════════════════════════════════════════════
⏰ 시초가 혼조 (9:30 전) — 신규 매수 중단
→ 전종목 HOLD
✅ Discord 전송 완료

[09:16] HOLD | KODEX RSI56/-5.2%⬆️⚠️ | 보유:없음 | 최고신호 카카오(035720) 6pt/3pt [강세+2.1%★★ / 호가8.3★ / RSI48]
💰 예수금 97,571원 | KODEX200 RSI55/-5.9% 상승추세⬆️ 과열⚠️ | 매수기준 점수3pt↑

코드      종목명           가격    RSI     변화율    거래량     BB   호가비  B/S
────────────────────────────────────────────────────────────────────────
[2단계 분석 대상: 272210, 000720, 035720, 096770, 015760]
403870  HPSP      50,200    0.0    +0.0%    0.0x     중간  0.18  3pt/0 [일봉]
272210  한화시스템     94,100   73.7    -2.0%    0.1x     하단 13.20  5pt/0 [5분]
011200  HMM       19,540    0.0    +0.0%    0.0x     중간  0.92  3pt/0 [일봉]
015760  한국전력      38,500   50.0    -0.9%    0.2x     중간  7.92  6pt/0 [5분]
034020  두산에너빌     94,500    0.0    +0.0%    0.0x     중간  1.29  3pt/0 [일봉]
035720  카카오       40,600   48.0    -3.3%    0.1x     하단 10.68  6pt/0 [5분]
030200  KT        54,400    0.0    +0.0%    0.0x     중간  0.75  3pt/0 [일봉]
003490  대한항공      25,200    0.0    +0.0%    0.0x     중간  2.23  5pt/0 [일봉]
004020  현대제철      36,400    0.0    +0.0%    0.0x     중간  4.12  5pt/0 [일봉]
078930  GS        74,000    0.0    +0.0%    0.0x     중간  1.97  4pt/0 [일봉]

══════════════════════════════════════════════════
⏰ 시초가 혼조 (9:30 전) — 신규 매수 중단
→ 전종목 HOLD
✅ Discord 전송 완료

[09:18] HOLD | KODEX RSI55/-5.9%⬆️⚠️ | 보유:없음 | 최고신호 한국전력(015760) 6pt/3pt [강세+5.0%★★ / 호가7.9★ / RSI50]
💰 예수금 97,571원 | KODEX200 RSI55/-5.9% 상승추세⬆️ 과열⚠️ | 매수기준 점수3pt↑

코드      종목명           가격    RSI     변화율    거래량     BB   호가비  B/S
────────────────────────────────────────────────────────────────────────
[2단계 분석 대상: 272210, 000720, 015760, 035720, 096770]
403870  HPSP      49,300    0.0    +0.0%    0.0x     중간  0.61  3pt/0 [일봉]
272210  한화시스템     94,100   83.3    -2.2%    0.1x     하단 14.81  5pt/0 [5분]
011200  HMM       19,550    0.0    +0.0%    0.0x     중간  1.26  3pt/0 [일봉]
015760  한국전력      38,450   53.3    -0.7%    0.3x     중간  7.75  6pt/0 [5분]
034020  두산에너빌     94,400    0.0    +0.0%    0.0x     중간  2.41  5pt/0 [일봉]
035720  카카오       40,600   52.2    -3.4%    0.1x     하단  7.75  6pt/0 [5분]
030200  KT        54,300    0.0    +0.0%    0.0x     중간  0.89  3pt/0 [일봉]
003490  대한항공      25,250    0.0    +0.0%    0.0x     중간  2.20  5pt/0 [일봉]
004020  현대제철      36,350    0.0    +0.0%    0.0x     중간  5.34  5pt/0 [일봉]
078930  GS        74,000    0.0    +0.0%    0.0x     중간  2.30  5pt/0 [일봉]

══════════════════════════════════════════════════
⏰ 시초가 혼조 (9:30 전) — 신규 매수 중단
→ 전종목 HOLD
✅ Discord 전송 완료

[09:20] HOLD | KODEX RSI55/-5.9%⬆️⚠️ | 보유:없음 | 최고신호 한국전력(015760) 6pt/3pt [강세+5.3%★★ / 호가7.8★ / RSI53]
💰 예수금 97,571원 | KODEX200 RSI55/-6.5% 상승추세⬆️ 과열⚠️ | 매수기준 점수3pt↑

코드      종목명           가격    RSI     변화율    거래량     BB   호가비  B/S
────────────────────────────────────────────────────────────────────────
[2단계 분석 대상: 000720, 035720, 015760, 004020, 005930]
403870  HPSP      49,050    0.0    +0.0%    0.0x     중간  1.47  4pt/0 [일봉]
272210  한화시스템     93,400    0.0    +0.0%    0.0x     중간  2.39  5pt/0 [일봉]
011200  HMM       19,560    0.0    +0.0%    0.0x     중간  2.04  5pt/0 [일봉]
015760  한국전력      38,400   53.3    -0.8%    0.3x     중간  7.78  6pt/0 [5분]
034020  두산에너빌     93,800    0.0    +0.0%    0.0x     중간  0.61  3pt/0 [일봉]
035720  카카오       40,300   52.2    -4.0%    0.1x     하단  9.86  6pt/0 [5분]
030200  KT        54,300    0.0    +0.0%    0.0x     중간  1.14  3pt/0 [일봉]
003490  대한항공      25,200    0.0    +0.0%    0.0x     중간  2.87  5pt/0 [일봉]
004020  현대제철      36,150   68.4    -5.0%    0.1x     하단  5.59  4pt/0 [5분]
078930  GS        73,700    0.0    +0.0%    0.0x     중간  3.28  5pt/0 [일봉]

══════════════════════════════════════════════════
⏰ 시초가 혼조 (9:30 전) — 신규 매수 중단
→ 전종목 HOLD
✅ Discord 전송 완료

[09:22] HOLD | KODEX RSI55/-6.5%⬆️⚠️ | 보유:없음 | 최고신호 한국전력(015760) 6pt/3pt [강세+5.7%★★ / 호가7.8★ / RSI53]
💰 예수금 97,571원 | KODEX200 RSI55/-6.2% 상승추세⬆️ 과열⚠️ | 매수기준 점수3pt↑

코드      종목명           가격    RSI     변화율    거래량     BB   호가비  B/S
────────────────────────────────────────────────────────────────────────
[2단계 분석 대상: 035720, 000150, 015760, 004020, 000880]
403870  HPSP      49,650    0.0    +0.0%    0.0x     중간  0.10  3pt/0 [일봉]
272210  한화시스템     93,300    0.0    +0.0%    0.0x     중간  2.46  5pt/0 [일봉]
011200  HMM       19,510    0.0    +0.0%    0.0x     중간  2.97  5pt/0 [일봉]
015760  한국전력      38,400   58.8    -0.8%    0.3x     중간  7.37  6pt/0 [5분]
034020  두산에너빌     93,800    0.0    +0.0%    0.0x     중간  2.69  5pt/0 [일봉]
035720  카카오       40,400   52.2    -3.9%    0.1x     하단 21.61  6pt/0 [5분]
030200  KT        54,200    0.0    +0.0%    0.0x     중간  1.45  4pt/0 [일봉]
003490  대한항공      25,100    0.0    +0.0%    0.0x     중간  3.48  5pt/0 [일봉]
004020  현대제철      36,200   61.1    -5.3%    0.1x     하단  5.82  5pt/0 [5분]
078930  GS        73,900    0.0    +0.0%    0.0x     중간  2.15  5pt/0 [일봉]

══════════════════════════════════════════════════
⏰ 시초가 혼조 (9:30 전) — 신규 매수 중단
→ 전종목 HOLD
✅ Discord 전송 완료

[09:24] HOLD | KODEX RSI55/-6.2%⬆️⚠️ | 보유:없음 | 최고신호 한국전력(015760) 6pt/3pt [강세+5.4%★★ / 호가7.4★ / RSI59]
💰 예수금 97,571원 | KODEX200 RSI54/-6.9% 상승추세⬆️ 과열⚠️ | 매수기준 점수3pt↑

코드      종목명           가격    RSI     변화율    거래량     BB   호가비  B/S
────────────────────────────────────────────────────────────────────────
[2단계 분석 대상: 000720, 035720, 015760, 011200, 066970]
403870  HPSP      49,100    0.0    +0.0%    0.0x     중간  1.51  4pt/0 [일봉]
272210  한화시스템     93,000    0.0    +0.0%    0.0x     중간  1.72  4pt/0 [일봉]
011200  HMM       19,470   27.3    -0.9%    0.1x     중간  5.98  5pt/0 [5분]
015760  한국전력      38,400   58.8    -0.8%    0.3x     중간  8.63  6pt/0 [5분]
034020  두산에너빌     93,600    0.0    +0.0%    0.0x     중간  1.91  4pt/0 [일봉]
035720  카카오       40,300   42.9    -4.0%    0.1x     하단 15.54  5pt/0 [5분]
030200  KT        54,100    0.0    +0.0%    0.0x     중간  0.87  3pt/0 [일봉]
003490  대한항공      25,000    0.0    +0.0%    0.0x     중간  4.40  5pt/0 [일봉]
004020  현대제철      35,950    0.0    +0.0%    0.0x     중간  3.75  5pt/0 [일봉]
078930  GS        73,500    0.0    +0.0%    0.0x     중간  3.32  5pt/0 [일봉]

══════════════════════════════════════════════════
⏰ 시초가 혼조 (9:30 전) — 신규 매수 중단
→ 전종목 HOLD
✅ Discord 전송 완료

[09:26] HOLD | KODEX RSI54/-6.9%⬆️⚠️ | 보유:없음 | 최고신호 한국전력(015760) 6pt/3pt [강세+6.1%★★ / 호가8.6★ / RSI59]
💰 예수금 97,571원 | KODEX200 RSI55/-6.3% 상승추세⬆️ 과열⚠️ | 매수기준 점수3pt↑

코드      종목명           가격    RSI     변화율    거래량     BB   호가비  B/S
────────────────────────────────────────────────────────────────────────
[2단계 분석 대상: 000720, 035720, 015760, 004020, 086520]
403870  HPSP      50,000    0.0    +0.0%    0.0x     중간  0.07  3pt/0 [일봉]
272210  한화시스템     93,300    0.0    +0.0%    0.0x     중간  0.73  3pt/0 [일봉]
011200  HMM       19,450    0.0    +0.0%    0.0x     중간  3.32  5pt/0 [일봉]
015760  한국전력      38,600   58.8    -0.3%    0.3x     중간  7.10  6pt/0 [5분]
034020  두산에너빌     94,100    0.0    +0.0%    0.0x     중간  2.31  5pt/0 [일봉]
035720  카카오       40,300   42.9    -4.0%    0.1x     하단 13.05  5pt/0 [5분]
030200  KT        54,100    0.0    +0.0%    0.0x     중간  0.58  3pt/0 [일봉]
003490  대한항공      25,000    0.0    +0.0%    0.0x     중간  4.08  5pt/0 [일봉]
004020  현대제철      36,050   61.1    -5.4%    0.1x     하단  6.05  5pt/0 [5분]
078930  GS        73,200    0.0    +0.0%    0.0x     중간  3.19  5pt/0 [일봉]

══════════════════════════════════════════════════
⏰ 시초가 혼조 (9:30 전) — 신규 매수 중단
→ 전종목 HOLD
✅ Discord 전송 완료

[09:28] HOLD | KODEX RSI55/-6.3%⬆️⚠️ | 보유:없음 | 최고신호 한국전력(015760) 6pt/3pt [강세+6.0%★★ / 호가7.1★ / RSI59]
💰 예수금 97,571원 | KODEX200 RSI55/-6.1% 상승추세⬆️ 과열⚠️ | 매수기준 점수3pt↑

코드      종목명           가격    RSI     변화율    거래량     BB   호가비  B/S
────────────────────────────────────────────────────────────────────────
[2단계 분석 대상: 000720, 035720, 015760, 000880, 004020]
403870  HPSP      49,550    0.0    +0.0%    0.0x     중간  0.25  3pt/0 [일봉]
272210  한화시스템     93,300    0.0    +0.0%    0.0x     중간  1.54  4pt/0 [일봉]
011200  HMM       19,430    0.0    +0.0%    0.0x     중간  1.63  4pt/0 [일봉]
015760  한국전력      38,600   62.5    -0.3%    0.3x     중간  6.06  6pt/0 [5분]
034020  두산에너빌     94,200    0.0    +0.0%    0.0x     중간  2.09  5pt/0 [일봉]
035720  카카오       40,200   50.0    -4.3%    0.1x     하단 11.55  6pt/0 [5분]
030200  KT        53,800    0.0    +0.0%    0.0x     중간  0.70  3pt/0 [일봉]
003490  대한항공      24,950    0.0    +0.0%    0.0x     중간  4.18  5pt/0 [일봉]
004020  현대제철      36,100   61.1    -5.1%    0.1x     하단  5.45  5pt/0 [5분]
078930  GS        72,900    0.0    +0.0%    0.0x     중간  1.15  3pt/0 [일봉]

══════════════════════════════════════════════════
📉 KODEX200 -6.1% 급락 — 신규 매수 중단
→ 전종목 HOLD
✅ Discord 전송 완료

[09:30] HOLD | KODEX RSI55/-6.1%⬆️⚠️ | 보유:없음 | 최고신호 한국전력(015760) 6pt/3pt [강세+5.9%★★ / 호가6.1★ / RSI62]
💰 예수금 97,571원 | KODEX200 RSI56/-5.7% 상승추세⬆️ 과열⚠️ | 매수기준 점수3pt↑

코드      종목명           가격    RSI     변화율    거래량     BB   호가비  B/S
────────────────────────────────────────────────────────────────────────
[2단계 분석 대상: 000720, 035720, 000880, 015760, 004020]
403870  HPSP      48,950    0.0    +0.0%    0.0x     중간  4.42  5pt/0 [일봉]
272210  한화시스템     93,700    0.0    +0.0%    0.0x     중간  1.75  4pt/0 [일봉]
011200  HMM       19,430    0.0    +0.0%    0.0x     중간  1.76  4pt/0 [일봉]
015760  한국전력      38,600   62.5    -0.4%    0.3x     중간  5.68  6pt/0 [5분]
034020  두산에너빌     94,200    0.0    +0.0%    0.0x     중간  2.63  5pt/0 [일봉]
035720  카카오       40,200   50.0    -4.4%    0.1x     하단 12.29  5pt/0 [5분]
030200  KT        53,900    0.0    +0.0%    0.0x     중간  0.78  3pt/0 [일봉]
003490  대한항공      24,950    0.0    +0.0%    0.0x     중간  4.40  5pt/0 [일봉]
004020  현대제철      36,050   61.1    -5.1%    0.1x     하단  5.21  5pt/0 [5분]
078930  GS        72,900    0.0    +0.0%    0.0x     중간  1.35  4pt/0 [일봉]

══════════════════════════════════════════════════
📉 KODEX200 -5.7% 급락 — 신규 매수 중단
→ 전종목 HOLD
✅ Discord 전송 완료

[09:32] HOLD | KODEX RSI56/-5.7%⬆️⚠️ | 보유:없음 | 최고신호 한국전력(015760) 6pt/3pt [강세+5.3%★★ / 호가5.7★ / RSI62]
💰 예수금 97,571원 | KODEX200 RSI56/-5.5% 상승추세⬆️ 과열⚠️ | 매수기준 점수3pt↑

코드      종목명           가격    RSI     변화율    거래량     BB   호가비  B/S
────────────────────────────────────────────────────────────────────────
[2단계 분석 대상: 035720, 000720, 000880, 004020, 015760]
403870  HPSP      49,100    0.0    +0.0%    0.0x     중간  1.80  4pt/0 [일봉]
272210  한화시스템     93,500    0.0    +0.0%    0.0x     중간  2.04  5pt/0 [일봉]
011200  HMM       19,420    0.0    +0.0%    0.0x     중간  4.14  5pt/0 [일봉]
015760  한국전력      38,550   27.0    -0.5%    0.3x     중간  4.81  5pt/0 [5분]
034020  두산에너빌     94,500    0.0    +0.0%    0.0x     중간  3.79  5pt/0 [일봉]
035720  카카오       40,150   81.2    -4.4%    0.1x     하단 14.23  4pt/0 [5분]
030200  KT        53,900    0.0    +0.0%    0.0x     중간  1.08  3pt/0 [일봉]
003490  대한항공      24,950    0.0    +0.0%    0.0x     중간  4.76  5pt/0 [일봉]
004020  현대제철      36,150   76.5    -5.0%    0.1x     하단  6.11  4pt/0 [5분]
078930  GS        72,900    0.0    +0.0%    0.0x     중간  1.32  4pt/0 [일봉]

══════════════════════════════════════════════════
📉 KODEX200 -5.5% 급락 — 신규 매수 중단
→ 전종목 HOLD
✅ Discord 전송 완료

[09:34] HOLD | KODEX RSI56/-5.5%⬆️⚠️ | 보유:없음 | 최고신호 한화시스템(272210) 5pt/3pt [강세+5.5%★★ / 호가2.0★]
💰 예수금 97,571원 | KODEX200 RSI56/-5.7% 상승추세⬆️ 과열⚠️ | 매수기준 점수3pt↑

코드      종목명           가격    RSI     변화율    거래량     BB   호가비  B/S
────────────────────────────────────────────────────────────────────────
[2단계 분석 대상: 035720, 000720, 003490, 015760, 078930]
403870  HPSP      49,350    0.0    +0.0%    0.0x     중간  0.78  3pt/0 [일봉]
272210  한화시스템     93,600    0.0    +0.0%    0.0x     중간  3.01  5pt/0 [일봉]
011200  HMM       19,450    0.0    +0.0%    0.0x     중간  2.20  5pt/0 [일봉]
015760  한국전력      38,450   27.0    -0.8%    0.3x     중간  6.54  5pt/0 [5분]
034020  두산에너빌     94,300    0.0    +0.0%    0.0x     중간  3.16  5pt/0 [일봉]
035720  카카오       40,150   81.2    -4.5%    0.1x     하단 17.43  4pt/0 [5분]
030200  KT        53,900    0.0    +0.0%    0.0x     중간  1.20  3pt/0 [일봉]
003490  대한항공      24,900   50.0    -0.6%    0.2x     중간  6.81  6pt/0 [5분]
004020  현대제철      36,150    0.0    +0.0%    0.0x     중간  5.22  5pt/0 [일봉]
078930  GS        72,700   39.5    -4.7%    0.1x     중간  5.44  4pt/0 [5분]

══════════════════════════════════════════════════
📉 KODEX200 -5.7% 급락 — 신규 매수 중단
→ 전종목 HOLD
✅ Discord 전송 완료

[09:36] HOLD | KODEX RSI56/-5.7%⬆️⚠️ | 보유:없음 | 최고신호 대한항공(003490) 6pt/3pt [강세+5.1%★★ / 호가6.8★ / RSI50]
💰 예수금 97,571원 | KODEX200 RSI55/-6.1% 상승추세⬆️ 과열⚠️ | 매수기준 점수3pt↑

코드      종목명           가격    RSI     변화율    거래량     BB   호가비  B/S
────────────────────────────────────────────────────────────────────────
[2단계 분석 대상: 000720, 086520, 042660, 015760, 066970]
403870  HPSP      49,250    0.0    +0.0%    0.0x     중간  2.82  5pt/0 [일봉]
272210  한화시스템     93,100    0.0    +0.0%    0.0x     중간  2.21  5pt/0 [일봉]
011200  HMM       19,430    0.0    +0.0%    0.0x     중간  4.56  5pt/0 [일봉]
015760  한국전력      38,400   27.0    -0.8%    0.3x     중간  7.65  5pt/0 [5분]
034020  두산에너빌     94,000    0.0    +0.0%    0.0x     중간  6.08  5pt/0 [일봉]
035720  카카오       40,000    0.0    +0.0%    0.0x     중간  6.57  5pt/0 [일봉]
030200  KT        53,800    0.0    +0.0%    0.0x     중간  1.13  3pt/0 [일봉]
003490  대한항공      24,900    0.0    +0.0%    0.0x     중간  6.55  5pt/0 [일봉]
004020  현대제철      36,000    0.0    +0.0%    0.0x     중간  3.87  5pt/0 [일봉]
078930  GS        72,600    0.0    +0.0%    0.0x     중간  1.68  4pt/0 [일봉]

══════════════════════════════════════════════════
📉 KODEX200 -6.1% 급락 — 신규 매수 중단
→ 전종목 HOLD
✅ Discord 전송 완료

[09:38] HOLD | KODEX RSI55/-6.1%⬆️⚠️ | 보유:없음 | 최고신호 HPSP(403870) 5pt/3pt [강세+6.1%★★ / 호가2.8★]
💰 예수금 97,571원 | KODEX200 RSI56/-5.8% 상승추세⬆️ 과열⚠️ | 매수기준 점수3pt↑

코드      종목명           가격    RSI     변화율    거래량     BB   호가비  B/S
────────────────────────────────────────────────────────────────────────
[2단계 분석 대상: 086520, 272210, 035720, 000720, 000880]
403870  HPSP      49,500    0.0    +0.0%    0.0x     중간  0.20  3pt/0 [일봉]
272210  한화시스템     93,700   77.4    -2.6%    0.1x     하단  7.78  6pt/0 [5분]
011200  HMM       19,430    0.0    +0.0%    0.0x     중간  4.84  5pt/0 [일봉]
015760  한국전력      38,600    0.0    +0.0%    0.0x     중간  4.64  5pt/0 [일봉]
034020  두산에너빌     94,100    0.0    +0.0%    0.0x     중간  3.49  5pt/0 [일봉]
035720  카카오       40,050   88.0    -4.6%    0.2x     하단  7.59  5pt/0 [5분]
030200  KT        53,800    0.0    +0.0%    0.0x     중간  0.96  3pt/0 [일봉]
003490  대한항공      24,850    0.0    +0.0%    0.0x     중간  3.62  5pt/0 [일봉]
004020  현대제철      36,050    0.0    +0.0%    0.0x     중간  4.56  5pt/0 [일봉]
078930  GS        72,600    0.0    +0.0%    0.0x     중간  5.18  5pt/0 [일봉]

══════════════════════════════════════════════════
📉 KODEX200 -5.8% 급락 — 신규 매수 중단
→ 전종목 HOLD
✅ Discord 전송 완료

[09:40] HOLD | KODEX RSI56/-5.8%⬆️⚠️ | 보유:없음 | 최고신호 한화시스템(272210) 6pt/3pt [강세+3.2%★★ / 호가7.8★ / 연속상승]
💰 예수금 97,571원 | KODEX200 RSI56/-5.7% 상승추세⬆️ 과열⚠️ | 매수기준 점수3pt↑

코드      종목명           가격    RSI     변화율    거래량     BB   호가비  B/S
────────────────────────────────────────────────────────────────────────
[2단계 분석 대상: 086520, 035720, 000720, 015760, 066970]
403870  HPSP      49,300    0.0    +0.0%    0.0x     중간  1.31  4pt/0 [일봉]
272210  한화시스템     93,300    0.0    +0.0%    0.0x     중간  8.76  5pt/0 [일봉]
011200  HMM       19,440    0.0    +0.0%    0.0x     중간  6.46  5pt/0 [일봉]
015760  한국전력      38,450   42.2    -0.5%    0.3x     중간  9.02  5pt/0 [5분]
034020  두산에너빌     93,900    0.0    +0.0%    0.0x     중간  7.50  5pt/0 [일봉]
035720  카카오       40,200   88.0    -4.2%    0.2x     하단 11.73  6pt/0 [5분]
030200  KT        53,800    0.0    +0.0%    0.0x     중간  1.03  3pt/0 [일봉]
003490  대한항공      24,850    0.0    +0.0%    0.0x     중간  5.12  5pt/0 [일봉]
004020  현대제철      36,050    0.0    +0.0%    0.0x     중간  5.58  5pt/0 [일봉]
078930  GS        73,000    0.0    +0.0%    0.0x     중간  5.32  5pt/0 [일봉]

══════════════════════════════════════════════════
📉 KODEX200 -5.7% 급락 — 신규 매수 중단
→ 전종목 HOLD
✅ Discord 전송 완료

[09:42] HOLD | KODEX RSI56/-5.7%⬆️⚠️ | 보유:없음 | 최고신호 카카오(035720) 6pt/3pt [강세+1.5%★★ / 호가11.7★ / 연속상승]
💰 예수금 97,571원 | KODEX200 RSI56/-5.7% 상승추세⬆️ 과열⚠️ | 매수기준 점수3pt↑

코드      종목명           가격    RSI     변화율    거래량     BB   호가비  B/S
────────────────────────────────────────────────────────────────────────
[2단계 분석 대상: 035720, 000720, 004020, 015760, 272210]
403870  HPSP      49,450    0.0    +0.0%    0.0x     중간  0.85  3pt/0 [일봉]
272210  한화시스템     93,400   83.3    -2.9%    0.2x     하단  7.95  5pt/0 [5분]
011200  HMM       19,430    0.0    +0.0%    0.0x     중간  4.86  5pt/0 [일봉]
015760  한국전력      38,400   48.0    -0.8%    0.3x     중간  9.09  6pt/0 [5분]
034020  두산에너빌     93,800    0.0    +0.0%    0.0x     중간  7.24  5pt/0 [일봉]
035720  카카오       40,250   88.0    -4.3%    0.2x     하단 12.16  5pt/0 [5분]
030200  KT        53,700    0.0    +0.0%    0.0x     중간  0.90  3pt/0 [일봉]
003490  대한항공      24,850    0.0    +0.0%    0.0x     중간  3.78  5pt/0 [일봉]
004020  현대제철      36,000   91.3    -5.5%    0.1x     하단  9.89  2pt/0 [5분]
078930  GS        73,100    0.0    +0.0%    0.0x     중간  7.02  5pt/0 [일봉]

══════════════════════════════════════════════════
📉 KODEX200 -5.7% 급락 — 신규 매수 중단
→ 전종목 HOLD
✅ Discord 전송 완료

[09:44] HOLD | KODEX RSI56/-5.7%⬆️⚠️ | 보유:없음 | 최고신호 한국전력(015760) 6pt/3pt [강세+4.9%★★ / 호가9.1★ / RSI48]
💰 예수금 97,571원 | KODEX200 RSI55/-6.2% 상승추세⬆️ 과열⚠️ | 매수기준 점수3pt↑

코드      종목명           가격    RSI     변화율    거래량     BB   호가비  B/S
────────────────────────────────────────────────────────────────────────
[2단계 분석 대상: 066970, 042660, 086520, 034020, 035720]
403870  HPSP      48,950    0.0    +0.0%    0.0x     중간  8.75  5pt/0 [일봉]
272210  한화시스템     93,000    0.0    +0.0%    0.0x     중간  4.48  5pt/0 [일봉]
011200  HMM       19,400    0.0    +0.0%    0.0x     중간  3.19  5pt/0 [일봉]
015760  한국전력      38,350    0.0    +0.0%    0.0x     중간  7.79  5pt/0 [일봉]
034020  두산에너빌     93,600   84.6    -5.7%    0.3x     하단  9.66  4pt/0 [5분]
035720  카카오       40,150   89.7    -4.4%    0.2x     하단  9.02  5pt/0 [5분]
030200  KT        53,600    0.0    +0.0%    0.0x     중간  1.06  3pt/0 [일봉]
003490  대한항공      24,800    0.0    +0.0%    0.0x     중간  4.35  5pt/0 [일봉]
004020  현대제철      36,000    0.0    +0.0%    0.0x     중간  7.92  5pt/0 [일봉]
078930  GS        73,000    0.0    +0.0%    0.0x     중간  1.55  4pt/0 [일봉]

══════════════════════════════════════════════════
📉 KODEX200 -6.2% 급락 — 신규 매수 중단
→ 전종목 HOLD
✅ Discord 전송 완료

[09:46] HOLD | KODEX RSI55/-6.2%⬆️⚠️ | 보유:없음 | 최고신호 HPSP(403870) 5pt/3pt [강세+6.2%★★ / 호가8.8★]
💰 예수금 97,571원 | KODEX200 RSI55/-6.1% 상승추세⬆️ 과열⚠️ | 매수기준 점수3pt↑

코드      종목명           가격    RSI     변화율    거래량     BB   호가비  B/S
────────────────────────────────────────────────────────────────────────
[2단계 분석 대상: 066970, 086520, 034020, 035720, 015760]
403870  HPSP      49,100    0.0    +0.0%    0.0x     중간  2.48  5pt/0 [일봉]
272210  한화시스템     92,900    0.0    +0.0%    0.0x     중간  3.20  5pt/0 [일봉]
011200  HMM       19,370    0.0    +0.0%    0.0x     중간  2.76  5pt/0 [일봉]
015760  한국전력      38,350   48.0    -0.8%    0.3x     중간  8.00  6pt/0 [5분]
034020  두산에너빌     93,500   84.6    -5.8%    0.3x     하단  9.75  4pt/0 [5분]
035720  카카오       40,200   89.7    -4.4%    0.2x     하단  8.42  5pt/0 [5분]
030200  KT        53,600    0.0    +0.0%    0.0x     중간  1.20  3pt/0 [일봉]
003490  대한항공      24,800    0.0    +0.0%    0.0x     중간  4.75  5pt/0 [일봉]
004020  현대제철      36,000    0.0    +0.0%    0.0x     중간  7.00  5pt/0 [일봉]
078930  GS        72,900    0.0    +0.0%    0.0x     중간  1.39  4pt/0 [일봉]

══════════════════════════════════════════════════
📉 KODEX200 -6.1% 급락 — 신규 매수 중단
→ 전종목 HOLD
✅ Discord 전송 완료

[09:48] HOLD | KODEX RSI55/-6.1%⬆️⚠️ | 보유:없음 | 최고신호 한국전력(015760) 6pt/3pt [강세+5.3%★★ / 호가8.0★ / RSI48]
💰 예수금 97,571원 | KODEX200 RSI54/-6.5% 상승추세⬆️ 과열⚠️ | 매수기준 점수3pt↑

코드      종목명           가격    RSI     변화율    거래량     BB   호가비  B/S
────────────────────────────────────────────────────────────────────────
[2단계 분석 대상: 015760, 035720, 042660, 000270, 034020]
403870  HPSP      48,800    0.0    +0.0%    0.0x     중간  1.82  4pt/0 [일봉]
272210  한화시스템     92,500    0.0    +0.0%    0.0x     중간  2.38  5pt/0 [일봉]
011200  HMM       19,370    0.0    +0.0%    0.0x     중간  4.81  5pt/0 [일봉]
015760  한국전력      38,400   43.8    -0.9%    0.3x     중간  9.67  5pt/0 [5분]
034020  두산에너빌     93,300   71.4    -6.2%    0.3x     하단  7.04  4pt/0 [5분]
035720  카카오       40,050   83.3    -4.8%    0.2x     하단  8.10  5pt/0 [5분]
030200  KT        53,600    0.0    +0.0%    0.0x     중간  1.12  3pt/0 [일봉]
003490  대한항공      24,800    0.0    +0.0%    0.0x     중간  4.18  5pt/0 [일봉]
004020  현대제철      35,900    0.0    +0.0%    0.0x     중간  5.09  5pt/0 [일봉]
078930  GS        72,700    0.0    +0.0%    0.0x     중간  6.43  5pt/0 [일봉]

══════════════════════════════════════════════════
📉 KODEX200 -6.5% 급락 — 신규 매수 중단
→ 전종목 HOLD
✅ Discord 전송 완료

[09:50] HOLD | KODEX RSI54/-6.5%⬆️⚠️ | 보유:없음 | 최고신호 한화시스템(272210) 5pt/3pt [강세+6.5%★★ / 호가2.4★]
💰 예수금 97,571원 | KODEX200 RSI54/-6.8% 상승추세⬆️ 과열⚠️ | 매수기준 점수3pt↑

코드      종목명           가격    RSI     변화율    거래량     BB   호가비  B/S
────────────────────────────────────────────────────────────────────────
[2단계 분석 대상: 015760, 000270, 035720, 005930, 086790]
403870  HPSP      48,550    0.0    +0.0%    0.0x     중간  2.20  5pt/0 [일봉]
272210  한화시스템     92,000    0.0    +0.0%    0.0x     중간  1.46  4pt/0 [일봉]
011200  HMM       19,360    0.0    +0.0%    0.0x     중간  2.42  5pt/0 [일봉]
015760  한국전력      38,400   43.8    -0.8%    0.3x     중간  9.26  5pt/0 [5분]
034020  두산에너빌     92,800    0.0    +0.0%    0.0x     중간  1.85  4pt/0 [일봉]
035720  카카오       40,050   83.3    -4.6%    0.2x     하단  6.53  5pt/0 [5분]
030200  KT        53,600    0.0    +0.0%    0.0x     중간  0.93  3pt/0 [일봉]
003490  대한항공      24,750    0.0    +0.0%    0.0x     중간  4.97  5pt/0 [일봉]
004020  현대제철      35,650    0.0    +0.0%    0.0x     중간  5.54  5pt/0 [일봉]
078930  GS        72,800    0.0    +0.0%    0.0x     중간  2.89  5pt/0 [일봉]

══════════════════════════════════════════════════
📉 KODEX200 -6.8% 급락 — 신규 매수 중단
→ 전종목 HOLD
✅ Discord 전송 완료

[09:52] HOLD | KODEX RSI54/-6.8%⬆️⚠️ | 보유:없음 | 최고신호 HPSP(403870) 5pt/3pt [강세+6.8%★★ / 호가2.2★]
💰 예수금 97,571원 | KODEX200 RSI54/-6.7% 상승추세⬆️ 과열⚠️ | 매수기준 점수3pt↑

코드      종목명           가격    RSI     변화율    거래량     BB   호가비  B/S
────────────────────────────────────────────────────────────────────────
[2단계 분석 대상: 015760, 078930, 011200, 035720, 000150]
403870  HPSP      48,800    0.0    +0.0%    0.0x     중간  0.74  3pt/0 [일봉]
272210  한화시스템     92,100    0.0    +0.0%    0.0x     중간  1.82  4pt/0 [일봉]
011200  HMM       19,310   48.8    -1.7%    0.2x     하단  7.62  6pt/0 [5분]
015760  한국전력      38,400   43.8    -0.9%    0.4x     중간  9.42  5pt/0 [5분]
034020  두산에너빌     93,000    0.0    +0.0%    0.0x     중간  3.97  5pt/0 [일봉]
035720  카카오       40,050   90.9    -4.8%    0.2x     하단  7.34  5pt/0 [5분]
030200  KT        53,500    0.0    +0.0%    0.0x     중간  1.92  4pt/0 [일봉]
003490  대한항공      24,700    0.0    +0.0%    0.0x     중간  5.58  5pt/0 [일봉]
004020  현대제철      35,650    0.0    +0.0%    0.0x     중간  1.94  4pt/0 [일봉]
078930  GS        72,600   20.7    -4.8%    0.1x     중간  7.69  5pt/0 [5분]

══════════════════════════════════════════════════
📉 KODEX200 -6.7% 급락 — 신규 매수 중단
→ 전종목 HOLD
✅ Discord 전송 완료

[09:54] HOLD | KODEX RSI54/-6.7%⬆️⚠️ | 보유:없음 | 최고신호 HMM(011200) 6pt/3pt [강세+5.0%★★ / 호가7.6★ / RSI49]
💰 예수금 97,571원 | KODEX200 RSI54/-6.9% 상승추세⬆️ 과열⚠️ | 매수기준 점수3pt↑

코드      종목명           가격    RSI     변화율    거래량     BB   호가비  B/S
────────────────────────────────────────────────────────────────────────
[2단계 분석 대상: 000150, 011200, 015760, 003490, 000270]
403870  HPSP      49,000    0.0    +0.0%    0.0x     중간  0.69  3pt/0 [일봉]
272210  한화시스템     92,000    0.0    +0.0%    0.0x     중간  2.12  5pt/0 [일봉]
011200  HMM       19,300   48.8    -1.7%    0.2x     하단  6.40  6pt/0 [5분]
015760  한국전력      38,300   54.5    -1.0%    0.4x     중간  6.28  6pt/0 [5분]
034020  두산에너빌     92,700    0.0    +0.0%    0.0x     중간  3.43  5pt/0 [일봉]
035720  카카오       39,950    0.0    +0.0%    0.0x     중간  5.59  5pt/0 [일봉]
030200  KT        53,400    0.0    +0.0%    0.0x     중간  1.89  4pt/0 [일봉]
003490  대한항공      24,700   83.3    -1.4%    0.2x     중간  6.07  6pt/0 [5분]
004020  현대제철      35,600    0.0    +0.0%    0.0x     중간  3.75  5pt/0 [일봉]
078930  GS        72,700    0.0    +0.0%    0.0x     중간  3.70  5pt/0 [일봉]

══════════════════════════════════════════════════
📉 KODEX200 -6.9% 급락 — 신규 매수 중단
→ 전종목 HOLD
✅ Discord 전송 완료

[09:56] HOLD | KODEX RSI54/-6.9%⬆️⚠️ | 보유:없음 | 최고신호 HMM(011200) 6pt/3pt [강세+5.2%★★ / 호가6.4★ / RSI49]
💰 예수금 97,571원 | KODEX200 RSI54/-7.0% 상승추세⬆️ 과열⚠️ | 매수기준 점수3pt↑

코드      종목명           가격    RSI     변화율    거래량     BB   호가비  B/S
────────────────────────────────────────────────────────────────────────
[2단계 분석 대상: 015760, 000880, 078930, 000720, 035720]
403870  HPSP      49,550    0.0    +0.0%    0.0x     중간  0.05  3pt/0 [일봉]
272210  한화시스템     92,100    0.0    +0.0%    0.0x     중간  2.07  5pt/0 [일봉]
011200  HMM       19,320    0.0    +0.0%    0.0x     중간  2.08  5pt/0 [일봉]
015760  한국전력      38,300   54.5    -1.3%    0.4x     중간  9.80  6pt/0 [5분]
034020  두산에너빌     92,900    0.0    +0.0%    0.0x     중간  4.39  5pt/0 [일봉]
035720  카카오       39,900   90.9    -5.0%    0.2x     하단  6.67  5pt/0 [5분]
030200  KT        53,500    0.0    +0.0%    0.0x     중간  2.15  5pt/0 [일봉]
003490  대한항공      24,650    0.0    +0.0%    0.0x     중간  4.82  5pt/0 [일봉]
004020  현대제철      35,600    0.0    +0.0%    0.0x     중간  5.59  5pt/0 [일봉]
078930  GS        72,800   15.7    -4.7%    0.1x     중간  7.32  5pt/0 [5분]

══════════════════════════════════════════════════
📉 KODEX200 -7.0% 급락 — 신규 매수 중단
→ 전종목 HOLD
✅ Discord 전송 완료

[09:58] HOLD | KODEX RSI54/-7.0%⬆️⚠️ | 보유:없음 | 최고신호 한국전력(015760) 6pt/3pt [강세+5.7%★★ / 호가9.8★ / RSI54]
💰 예수금 97,571원 | KODEX200 RSI54/-6.8% 상승추세⬆️ 과열⚠️ | 매수기준 점수3pt↑

코드      종목명           가격    RSI     변화율    거래량     BB   호가비  B/S
────────────────────────────────────────────────────────────────────────
[2단계 분석 대상: 000880, 096770, 015760, 066970, 035720]
403870  HPSP      49,550    0.0    +0.0%    0.0x     중간  0.18  3pt/0 [일봉]
272210  한화시스템     92,300    0.0    +0.0%    0.0x     중간  1.25  3pt/0 [일봉]
011200  HMM       19,300    0.0    +0.0%    0.0x     중간  4.78  5pt/0 [일봉]
015760  한국전력      38,300   54.5    -1.3%    0.4x     중간  8.93  6pt/0 [5분]
034020  두산에너빌     93,300    0.0    +0.0%    0.0x     중간  4.25  5pt/0 [일봉]
035720  카카오       39,950   78.1    -4.9%    0.2x     하단  7.66  5pt/0 [5분]
030200  KT        53,500    0.0    +0.0%    0.0x     중간  2.16  5pt/0 [일봉]
003490  대한항공      24,700    0.0    +0.0%    0.0x     중간  5.21  5pt/0 [일봉]
004020  현대제철      35,600    0.0    +0.0%    0.0x     중간  1.22  3pt/0 [일봉]
078930  GS        72,500    0.0    +0.0%    0.0x     중간  1.17  3pt/0 [일봉]

══════════════════════════════════════════════════
📉 KODEX200 -6.8% 급락 — 신규 매수 중단
→ 전종목 HOLD
✅ Discord 전송 완료

[10:00] HOLD | KODEX RSI54/-6.8%⬆️⚠️ | 보유:없음 | 최고신호 한국전력(015760) 6pt/3pt [강세+5.5%★★ / 호가8.9★ / RSI54]
💰 예수금 97,571원 | KODEX200 RSI54/-7.2% 상승추세⬆️ 과열⚠️ | 매수기준 점수3pt↑

코드      종목명           가격    RSI     변화율    거래량     BB   호가비  B/S
────────────────────────────────────────────────────────────────────────
[2단계 분석 대상: 066970, 096770, 015760, 000270, 000720]
403870  HPSP      49,450    0.0    +0.0%    0.0x     중간  0.42  3pt/0 [일봉]
272210  한화시스템     92,100    0.0    +0.0%    0.0x     중간  0.98  3pt/0 [일봉]
011200  HMM       19,310    0.0    +0.0%    0.0x     중간  2.53  5pt/0 [일봉]
015760  한국전력      38,150   54.5    -1.4%    0.4x     중간 10.37  6pt/0 [5분]
034020  두산에너빌     93,100    0.0    +0.0%    0.0x     중간  4.94  5pt/0 [일봉]
035720  카카오       39,950    0.0    +0.0%    0.0x     중간  7.08  5pt/0 [일봉]
030200  KT        53,400    0.0    +0.0%    0.0x     중간  1.94  4pt/0 [일봉]
003490  대한항공      24,650    0.0    +0.0%    0.0x     중간  2.83  5pt/0 [일봉]
004020  현대제철      35,400    0.0    +0.0%    0.0x     중간  7.37  5pt/0 [일봉]
078930  GS        72,400    0.0    +0.0%    0.0x     중간  3.62  5pt/0 [일봉]

══════════════════════════════════════════════════
📉 KODEX200 -7.2% 급락 — 신규 매수 중단
→ 전종목 HOLD
✅ Discord 전송 완료

[10:02] HOLD | KODEX RSI54/-7.2%⬆️⚠️ | 보유:없음 | 최고신호 한국전력(015760) 6pt/3pt [강세+5.8%★★ / 호가10.4★ / RSI54]
💰 예수금 97,571원 | KODEX200 RSI54/-7.2% 상승추세⬆️ 과열⚠️ | 매수기준 점수3pt↑

코드      종목명           가격    RSI     변화율    거래량     BB   호가비  B/S
────────────────────────────────────────────────────────────────────────
[2단계 분석 대상: 066970, 004020, 096770, 011200, 000270]
403870  HPSP      49,200    0.0    +0.0%    0.0x     중간  0.84  3pt/0 [일봉]
272210  한화시스템     92,000    0.0    +0.0%    0.0x     중간  1.31  4pt/0 [일봉]
011200  HMM       19,280   46.5    -1.6%    0.2x     하단 10.74  6pt/0 [5분]
015760  한국전력      38,150    0.0    +0.0%    0.0x     중간  7.84  5pt/0 [일봉]
034020  두산에너빌     93,000    0.0    +0.0%    0.0x     중간  6.72  5pt/0 [일봉]
035720  카카오       39,900    0.0    +0.0%    0.0x     중간  4.50  5pt/0 [일봉]
030200  KT        53,300    0.0    +0.0%    0.0x     중간  2.07  5pt/0 [일봉]
003490  대한항공      24,700    0.0    +0.0%    0.0x     중간  2.56  5pt/0 [일봉]
004020  현대제철      35,400   52.8    -7.0%    0.2x     하단 15.37  3pt/0 [5분]
078930  GS        72,400    0.0    +0.0%    0.0x     중간  3.97  5pt/0 [일봉]

══════════════════════════════════════════════════
📉 KODEX200 -7.2% 급락 — 신규 매수 중단
→ 전종목 HOLD
✅ Discord 전송 완료

[10:04] HOLD | KODEX RSI54/-7.2%⬆️⚠️ | 보유:없음 | 최고신호 HMM(011200) 6pt/3pt [강세+5.5%★★ / 호가10.7★ / RSI46]
💰 예수금 97,571원 | KODEX200 RSI54/-7.0% 상승추세⬆️ 과열⚠️ | 매수기준 점수3pt↑

코드      종목명           가격    RSI     변화율    거래량     BB   호가비  B/S
────────────────────────────────────────────────────────────────────────
[2단계 분석 대상: 096770, 015760, 000270, 086520, 035720]
403870  HPSP      49,350    0.0    +0.0%    0.0x     중간  0.47  3pt/0 [일봉]
272210  한화시스템     92,100    0.0    +0.0%    0.0x     중간  1.20  3pt/0 [일봉]
011200  HMM       19,310    0.0    +0.0%    0.0x     중간  4.25  5pt/0 [일봉]
015760  한국전력      38,150   51.7    -1.6%    0.4x     중간  8.13  6pt/0 [5분]
034020  두산에너빌     93,200    0.0    +0.0%    0.0x     중간  4.33  5pt/0 [일봉]
035720  카카오       39,950   67.6    -5.0%    0.2x     하단  6.89  6pt/0 [5분]
030200  KT        53,400    0.0    +0.0%    0.0x     중간  2.57  5pt/0 [일봉]
003490  대한항공      24,650    0.0    +0.0%    0.0x     중간  2.61  5pt/0 [일봉]
004020  현대제철      35,550    0.0    +0.0%    0.0x     중간  2.13  5pt/0 [일봉]
078930  GS        72,600    0.0    +0.0%    0.0x     중간  4.07  5pt/0 [일봉]

══════════════════════════════════════════════════
📉 KODEX200 -7.0% 급락 — 신규 매수 중단
→ 전종목 HOLD
✅ Discord 전송 완료

[10:06] HOLD | KODEX RSI54/-7.0%⬆️⚠️ | 보유:없음 | 최고신호 한국전력(015760) 6pt/3pt [강세+5.5%★★ / 호가8.1★ / RSI52]
💰 예수금 97,571원 | KODEX200 RSI54/-6.8% 상승추세⬆️ 과열⚠️ | 매수기준 점수3pt↑

코드      종목명           가격    RSI     변화율    거래량     BB   호가비  B/S
────────────────────────────────────────────────────────────────────────
[2단계 분석 대상: 096770, 004020, 011200, 086520, 066970]
403870  HPSP      49,300    0.0    +0.0%    0.0x     중간  0.78  3pt/0 [일봉]
272210  한화시스템     91,900    0.0    +0.0%    0.0x     중간  1.64  4pt/0 [일봉]
011200  HMM       19,290   46.5    -1.7%    0.3x     하단 10.81  6pt/0 [5분]
015760  한국전력      38,100    0.0    +0.0%    0.0x     중간  6.49  5pt/0 [일봉]
034020  두산에너빌     93,100    0.0    +0.0%    0.0x     중간  5.21  5pt/0 [일봉]
035720  카카오       39,950    0.0    +0.0%    0.0x     중간  6.84  5pt/0 [일봉]
030200  KT        53,400    0.0    +0.0%    0.0x     중간  2.02  5pt/0 [일봉]
003490  대한항공      24,700    0.0    +0.0%    0.0x     중간  2.58  5pt/0 [일봉]
004020  현대제철      35,500   52.8    -7.0%    0.2x     하단 15.54  3pt/0 [5분]
078930  GS        72,400    0.0    +0.0%    0.0x     중간  3.25  5pt/0 [일봉]

══════════════════════════════════════════════════
📉 KODEX200 -6.8% 급락 — 신규 매수 중단
→ 전종목 HOLD
✅ Discord 전송 완료

[10:08] HOLD | KODEX RSI54/-6.8%⬆️⚠️ | 보유:없음 | 최고신호 HMM(011200) 6pt/3pt [강세+5.2%★★ / 호가10.8★ / RSI46]
💰 예수금 97,571원 | KODEX200 RSI54/-7.1% 상승추세⬆️ 과열⚠️ | 매수기준 점수3pt↑

코드      종목명           가격    RSI     변화율    거래량     BB   호가비  B/S
────────────────────────────────────────────────────────────────────────
[2단계 분석 대상: 004020, 096770, 000150, 034020, 000880]
403870  HPSP      49,500    0.0    +0.0%    0.0x     중간  0.62  3pt/0 [일봉]
272210  한화시스템     91,800    0.0    +0.0%    0.0x     중간  1.47  4pt/0 [일봉]
011200  HMM       19,300    0.0    +0.0%    0.0x     중간  5.92  5pt/0 [일봉]
015760  한국전력      37,950    0.0    +0.0%    0.0x     중간  2.58  5pt/0 [일봉]
034020  두산에너빌     93,000   81.2    -6.3%    0.4x     하단  8.83  4pt/0 [5분]
035720  카카오       39,950    0.0    +0.0%    0.0x     중간  6.55  5pt/0 [일봉]
030200  KT        53,400    0.0    +0.0%    0.0x     중간  1.65  4pt/0 [일봉]
003490  대한항공      24,650    0.0    +0.0%    0.0x     중간  2.49  5pt/0 [일봉]
004020  현대제철      35,400   45.2    -7.0%    0.2x     하단 19.66  3pt/0 [5분]
078930  GS        72,000    0.0    +0.0%    0.0x     중간  3.83  5pt/0 [일봉]

══════════════════════════════════════════════════
📉 KODEX200 -7.1% 급락 — 신규 매수 중단
→ 전종목 HOLD
✅ Discord 전송 완료

[10:10] HOLD | KODEX RSI54/-7.1%⬆️⚠️ | 보유:없음 | 최고신호 HMM(011200) 5pt/3pt [강세+7.1%★★ / 호가5.9★]
💰 예수금 97,571원 | KODEX200 RSI54/-7.1% 상승추세⬆️ 과열⚠️ | 매수기준 점수3pt↑

코드      종목명           가격    RSI     변화율    거래량     BB   호가비  B/S
────────────────────────────────────────────────────────────────────────
[2단계 분석 대상: 004020, 247540, 011200, 086520, 000880]
403870  HPSP      49,300    0.0    +0.0%    0.0x     중간  2.20  5pt/0 [일봉]
272210  한화시스템     91,800    0.0    +0.0%    0.0x     중간  1.22  3pt/0 [일봉]
011200  HMM       19,290   46.8    -1.8%    0.3x     하단  8.32  6pt/0 [5분]
015760  한국전력      37,950    0.0    +0.0%    0.0x     중간  3.60  5pt/0 [일봉]
034020  두산에너빌     93,100    0.0    +0.0%    0.0x     중간  5.23  5pt/0 [일봉]
035720  카카오       39,950    0.0    +0.0%    0.0x     중간  7.26  5pt/0 [일봉]
030200  KT        53,400    0.0    +0.0%    0.0x     중간  1.85  4pt/0 [일봉]
003490  대한항공      24,650    0.0    +0.0%    0.0x     중간  2.80  5pt/0 [일봉]
004020  현대제철      35,450   45.2    -7.0%    0.2x     하단 23.00  3pt/0 [5분]
078930  GS        72,300    0.0    +0.0%    0.0x     중간  1.89  4pt/0 [일봉]

══════════════════════════════════════════════════
📉 KODEX200 -7.1% 급락 — 신규 매수 중단
→ 전종목 HOLD
✅ Discord 전송 완료

[10:12] HOLD | KODEX RSI54/-7.1%⬆️⚠️ | 보유:없음 | 최고신호 HMM(011200) 6pt/3pt [강세+5.3%★★ / 호가8.3★ / RSI47]
💰 예수금 97,571원 | KODEX200 RSI54/-7.2% 상승추세⬆️ 과열⚠️ | 매수기준 점수3pt↑

코드      종목명           가격    RSI     변화율    거래량     BB   호가비  B/S
────────────────────────────────────────────────────────────────────────
[2단계 분석 대상: 004020, 011200, 000270, 000880, 086520]
403870  HPSP      49,350    0.0    +0.0%    0.0x     중간  1.66  4pt/0 [일봉]
272210  한화시스템     91,700    0.0    +0.0%    0.0x     중간  1.27  3pt/0 [일봉]
011200  HMM       19,280   45.2    -1.8%    0.3x     하단 10.86  6pt/0 [5분]
015760  한국전력      37,950    0.0    +0.0%    0.0x     중간  3.43  5pt/0 [일봉]
034020  두산에너빌     93,000    0.0    +0.0%    0.0x     중간  6.20  5pt/0 [일봉]
035720  카카오       39,950    0.0    +0.0%    0.0x     중간  6.66  5pt/0 [일봉]
030200  KT        53,400    0.0    +0.0%    0.0x     중간  1.66  4pt/0 [일봉]
003490  대한항공      24,600    0.0    +0.0%    0.0x     중간  2.94  5pt/0 [일봉]
004020  현대제철      35,350   45.2    -7.1%    0.2x     하단 25.13  3pt/0 [5분]
078930  GS        72,200    0.0    +0.0%    0.0x     중간  2.44  5pt/0 [일봉]

══════════════════════════════════════════════════
📉 KODEX200 -7.2% 급락 — 신규 매수 중단
→ 전종목 HOLD
✅ Discord 전송 완료

[10:14] HOLD | KODEX RSI54/-7.2%⬆️⚠️ | 보유:없음 | 최고신호 HMM(011200) 6pt/3pt [강세+5.4%★★ / 호가10.9★ / RSI45]
💰 예수금 97,571원 | KODEX200 RSI54/-7.2% 상승추세⬆️ 과열⚠️ | 매수기준 점수3pt↑

코드      종목명           가격    RSI     변화율    거래량     BB   호가비  B/S
────────────────────────────────────────────────────────────────────────
[2단계 분석 대상: 004020, 011200, 000270, 066970, 096770]
403870  HPSP      49,350    0.0    +0.0%    0.0x     중간  1.30  4pt/0 [일봉]
272210  한화시스템     91,600    0.0    +0.0%    0.0x     중간  0.87  3pt/0 [일봉]
011200  HMM       19,260   45.2    -1.8%    0.3x     하단 14.42  6pt/0 [5분]
015760  한국전력      37,950    0.0    +0.0%    0.0x     중간  3.50  5pt/0 [일봉]
034020  두산에너빌     92,800    0.0    +0.0%    0.0x     중간  5.49  5pt/0 [일봉]
035720  카카오       39,950    0.0    +0.0%    0.0x     중간  5.60  5pt/0 [일봉]
030200  KT        53,400    0.0    +0.0%    0.0x     중간  1.41  4pt/0 [일봉]
003490  대한항공      24,600    0.0    +0.0%    0.0x     중간  2.99  5pt/0 [일봉]
004020  현대제철      35,400   48.9    -7.1%    0.2x     하단 17.10  3pt/0 [5분]
078930  GS        72,300    0.0    +0.0%    0.0x     중간  3.08  5pt/0 [일봉]

══════════════════════════════════════════════════
📉 KODEX200 -7.2% 급락 — 신규 매수 중단
→ 전종목 HOLD
✅ Discord 전송 완료

[10:16] HOLD | KODEX RSI54/-7.2%⬆️⚠️ | 보유:없음 | 최고신호 HMM(011200) 6pt/3pt [강세+5.3%★★ / 호가14.4★ / RSI45]
💰 예수금 732,730원 | KODEX200 RSI53/-7.3% 상승추세⬆️ 과열⚠️ | 매수기준 점수3pt↑
📦 보유 조비(001550) 21주 -55.2% 🔴스탑로스임박
📦 보유 금호건설(002990) 43주 -68.3% 🔴스탑로스임박
📦 보유 선광(003100) 9주 -83.8% 🔴스탑로스임박
📦 보유 (폐)IHQ(003560) 30주 +0.0%
📦 보유 삼천리(004690) 3주 -65.7% 🔴스탑로스임박
📦 보유 한국전자홀딩스(006200) 36주 -71.3% 🔴스탑로스임박
📦 보유 우성(006980) 14주 -46.4% 🔴스탑로스임박
📦 보유 대양금속(009190) 83주 -54.1% 🔴스탑로스임박
📦 보유 삼호개발(010960) 99주 -40.4% 🔴스탑로스임박
📦 보유 경동제약(011040) 265주 -9.7% 🔴스탑로스임박
📦 보유 에넥스(011090) 101주 -89.4% 🔴스탑로스임박
📦 보유 영화금속(012280) 250주 -58.0% 🔴스탑로스임박
📦 보유 동원시스템즈(014820) 4주 -66.8% 🔴스탑로스임박
📦 보유 대현(016090) 360주 -20.6% 🔴스탑로스임박
📦 보유 대성홀딩스(016710) 11주 -92.2% 🔴스탑로스임박
📦 보유 서울가스(017390) 4주 -83.2% 🔴스탑로스임박
📦 보유 대림제지(017650) 23주 -19.4% 🔴스탑로스임박
📦 보유 서연탑메탈(019770) 40주 -45.7% 🔴스탑로스임박
📦 보유 삼보판지(023600) 31주 -44.9% 🔴스탑로스임박
📦 보유 팜스토리(027710) 513주 -72.2% 🔴스탑로스임박
📦 보유 마니커(027740) 112주 -77.2% 🔴스탑로스임박
📦 보유 HLB(028300) 98주 -26.6% 🔴스탑로스임박
📦 보유 위지트(036090) 61주 -64.1% 🔴스탑로스임박
📦 보유 파세코(037070) 67주 -59.3% 🔴스탑로스임박
📦 보유 엘컴텍(037950) 1180주 -46.4% 🔴스탑로스임박
📦 보유 아이에이(038880) 23주 -92.7% 🔴스탑로스임박
📦 보유 대동스틸(048470) 71주 -60.5% 🔴스탑로스임박
📦 보유 인선이엔티(060150) 44주 -69.5% 🔴스탑로스임박
📦 보유 뉴보텍(060260) 491주 -66.8% 🔴스탑로스임박
📦 보유 KH바텍(060720) 25주 -55.6% 🔴스탑로스임박
⏭️ 이전 스캔 실행 중 — 이번 실행 건너뜀

코드      종목명           가격    RSI     변화율    거래량     BB   호가비  B/S
────────────────────────────────────────────────────────────────────────
[2단계 분석 대상: 001550, 002990, 003100, 003560, 004690, 006200, 006980, 009190, 010960, 011040, 011090, 012280, 014820, 016090, 016710, 017390, 017650, 019770, 023600, 027710, 027740, 028300, 036090, 037070, 037950, 038880, 048470, 060150, 060260, 060720, 004020, 000150, 011200, 096770, 035720]
005930  삼성전자     326,000    0.0    +0.0%    0.0x     중간  3.81  5pt/0 [일봉]
403870  HPSP      49,250    0.0    +0.0%    0.0x     중간  1.46  4pt/0 [일봉]
086520  에코프로     120,000    0.0    +0.0%    0.0x     중간  6.10  5pt/0 [일봉]
247540  에코프로비엠   182,700    0.0    +0.0%    0.0x     중간  1.05  3pt/0 [일봉]
003670  포스코퓨처엠   203,500    0.0    +0.0%    0.0x     중간  6.58  5pt/0 [일봉]
066970  엘앤에프     136,600    0.0    +0.0%    0.0x     중간  2.71  5pt/0 [일봉]
000270  기아       155,200    0.0    +0.0%    0.0x     중간  4.33  5pt/0 [일봉]
105560  KB금융     168,900    0.0    +0.0%    0.0x     중간  1.01  3pt/0 [일봉]
055550  신한지주     105,400    0.0    +0.0%    0.0x     중간  0.68  3pt/0 [일봉]
086790  하나금융     121,500    0.0    +0.0%    0.0x     중간  0.86  3pt/0 [일봉]
138040  메리츠금융    106,700    0.0    +0.0%    0.0x     중간  1.16  3pt/0 [일봉]
064350  현대로템     187,000    0.0    +0.0%    0.0x     중간  1.83  4pt/0 [일봉]
042660  한화오션     109,600    0.0    +0.0%    0.0x     중간  6.53  5pt/0 [일봉]
272210  한화시스템     91,400    0.0    +0.0%    0.0x     중간  1.29  3pt/0 [일봉]
329180  HD현대중공업  652,000    0.0    +0.0%    0.0x     중간  1.21  3pt/0 [일봉]
011200  HMM       19,250   47.7    -2.0%    0.3x     하단 10.93  6pt/0 [5분]
015760  한국전력      37,850    0.0    +0.0%    0.0x     중간  2.62  5pt/0 [일봉]
034020  두산에너빌     92,800    0.0    +0.0%    0.0x     중간  4.89  5pt/0 [일봉]
010950  에쓰오일     111,500    0.0    +0.0%    0.0x     중간  1.27  3pt/0 [일봉]
096770  SK이노베이션  112,600   52.7    -3.6%    0.3x     하단  6.95  7pt/0 [5분]
035720  카카오       39,850   69.0    -5.0%    0.3x     하단  6.93  5pt/0 [5분]
017670  SK텔레콤    107,200    0.0    +0.0%    0.0x     중간  3.18  5pt/0 [일봉]
030200  KT        53,400    0.0    +0.0%    0.0x     중간  1.32  4pt/0 [일봉]
000720  현대건설     127,400    0.0    +0.0%    0.0x     중간  1.57  4pt/0 [일봉]
003490  대한항공      24,650    0.0    +0.0%    0.0x     중간  2.68  5pt/0 [일봉]
004020  현대제철      35,250   44.4    -7.0%    0.2x     하단 14.27  4pt/0 [5분]
032830  삼성생명     399,500    0.0    +0.0%    0.0x     중간  2.25  5pt/0 [일봉]
078930  GS        72,300    0.0    +0.0%    0.0x     중간  2.50  5pt/0 [일봉]
000880  한화       117,700    0.0    +0.0%    0.0x     중간  4.73  5pt/0 [일봉]

══════════════════════════════════════════════════
📉 KODEX200 -7.3% 급락 — 신규 매수 중단
→ 전종목 HOLD
✅ Discord 전송 완료

[10:18] HOLD | KODEX RSI53/-7.3%⬆️⚠️ | 보유:조비(001550) -55.2% 금호건설(002990) -68.3% 선광(003100) -83.8% (폐)I(003560) +0.0% 삼천리(004690) -65.7% 한국전자(006200) -71.3% 우성(006980) -46.4% 대양금속(009190) -54.1% 삼호개발(010960) -40.4% 경동제약(011040) -9.7% 에넥스(011090) -89.4% 영화금속(012280) -58.0% 동원시스(014820) -66.8% 대현(016090) -20.6% 대성홀딩(016710) -92.2% 서울가스(017390) -83.2% 대림제지(017650) -19.4% 서연탑메(019770) -45.7% 삼보판지(023600) -44.9% 팜스토리(027710) -72.2% 마니커(027740) -77.2% HLB(028300) -26.6% 위지트(036090) -64.1% 파세코(037070) -59.3% 엘컴텍(037950) -46.4% 아이에이(038880) -92.7% 대동스틸(048470) -60.5% 인선이엔(060150) -69.5% 뉴보텍(060260) -66.8% KH바텍(060720) -55.6% | 최고신호 SK이노베이션(096770) 7pt/3pt [강세+3.7%★★ / 호가7.0★ / RSI53 / 연속상승]
💰 예수금 97,571원 | KODEX200 RSI54/-7.0% 상승추세⬆️ 과열⚠️ | 매수기준 점수3pt↑

코드      종목명           가격    RSI     변화율    거래량     BB   호가비  B/S
────────────────────────────────────────────────────────────────────────
[2단계 분석 대상: 004020, 034020, 096770, 011200, 015760]
403870  HPSP      49,800    0.0    +0.0%    0.0x     중간  0.19  3pt/0 [일봉]
272210  한화시스템     91,400    0.0    +0.0%    0.0x     중간  2.18  5pt/0 [일봉]
011200  HMM       19,240   47.7    -2.0%    0.3x     하단  8.39  6pt/0 [5분]
015760  한국전력      37,900   47.5    -2.1%    0.5x     중간  7.38  7pt/0 [5분]
034020  두산에너빌     92,800   71.8    -6.5%    0.4x     하단 12.27  4pt/0 [5분]
035720  카카오       39,900    0.0    +0.0%    0.0x     중간  6.46  5pt/0 [일봉]
030200  KT        53,300    0.0    +0.0%    0.0x     중간  1.05  3pt/0 [일봉]
003490  대한항공      24,600    0.0    +0.0%    0.0x     중간  2.93  5pt/0 [일봉]
004020  현대제철      35,300   44.4    -7.4%    0.2x     하단 32.81  2pt/0 [5분]
078930  GS        72,100    0.0    +0.0%    0.0x     중간  2.31  5pt/0 [일봉]

══════════════════════════════════════════════════
📉 KODEX200 -7.0% 급락 — 신규 매수 중단
→ 전종목 HOLD
✅ Discord 전송 완료

[10:22] HOLD | KODEX RSI54/-7.0%⬆️⚠️ | 보유:없음 | 최고신호 한국전력(015760) 7pt/3pt [강세+5.0%★★ / 호가7.4★ / RSI48 / 연속상승]
💰 예수금 97,571원 | KODEX200 RSI54/-7.1% 상승추세⬆️ 과열⚠️ | 매수기준 점수3pt↑

코드      종목명           가격    RSI     변화율    거래량     BB   호가비  B/S
────────────────────────────────────────────────────────────────────────
[2단계 분석 대상: 004020, 034020, 011200, 066970, 078930]
403870  HPSP      49,550    0.0    +0.0%    0.0x     중간  2.44  5pt/0 [일봉]
272210  한화시스템     91,300    0.0    +0.0%    0.0x     중간  1.55  4pt/0 [일봉]
011200  HMM       19,220   46.3    -1.9%    0.3x     하단  8.05  6pt/0 [5분]
015760  한국전력      37,950    0.0    +0.0%    0.0x     중간  5.04  5pt/0 [일봉]
034020  두산에너빌     93,000   63.6    -6.3%    0.4x     하단  9.18  5pt/0 [5분]
035720  카카오       39,850    0.0    +0.0%    0.0x     중간  5.05  5pt/0 [일봉]
030200  KT        53,200    0.0    +0.0%    0.0x     중간  1.12  3pt/0 [일봉]
003490  대한항공      24,600    0.0    +0.0%    0.0x     중간  2.87  5pt/0 [일봉]
004020  현대제철      35,250   44.4    -7.4%    0.2x     하단 18.20  2pt/0 [5분]
078930  GS        71,900   31.7    -5.9%    0.2x     하단  6.65  4pt/0 [5분]

══════════════════════════════════════════════════
📉 KODEX200 -7.1% 급락 — 신규 매수 중단
→ 전종목 HOLD
✅ Discord 전송 완료

[10:24] HOLD | KODEX RSI54/-7.1%⬆️⚠️ | 보유:없음 | 최고신호 HMM(011200) 6pt/3pt [강세+5.2%★★ / 호가8.1★ / RSI46]
💰 예수금 97,571원 | KODEX200 RSI54/-7.1% 상승추세⬆️ 과열⚠️ | 매수기준 점수3pt↑

코드      종목명           가격    RSI     변화율    거래량     BB   호가비  B/S
────────────────────────────────────────────────────────────────────────
[2단계 분석 대상: 004020, 011200, 034020, 086520, 078930]
403870  HPSP      49,650    0.0    +0.0%    0.0x     중간  0.68  3pt/0 [일봉]
272210  한화시스템     91,100    0.0    +0.0%    0.0x     중간  1.13  3pt/0 [일봉]
011200  HMM       19,230   46.3    -2.0%    0.3x     하단 17.46  6pt/0 [5분]
015760  한국전력      37,950    0.0    +0.0%    0.0x     중간  4.43  5pt/0 [일봉]
034020  두산에너빌     92,900   63.6    -6.5%    0.4x     하단 10.22  5pt/0 [5분]
035720  카카오       39,850    0.0    +0.0%    0.0x     중간  4.62  5pt/0 [일봉]
030200  KT        53,200    0.0    +0.0%    0.0x     중간  1.07  3pt/0 [일봉]
003490  대한항공      24,600    0.0    +0.0%    0.0x     중간  2.89  5pt/0 [일봉]
004020  현대제철      35,250   40.8    -7.5%    0.2x     하단 23.45  2pt/0 [5분]
078930  GS        71,800   31.7    -6.0%    0.2x     하단  7.15  4pt/0 [5분]

══════════════════════════════════════════════════
📉 KODEX200 -7.1% 급락 — 신규 매수 중단
→ 전종목 HOLD
✅ Discord 전송 완료

[10:26] HOLD | KODEX RSI54/-7.1%⬆️⚠️ | 보유:없음 | 최고신호 HMM(011200) 6pt/3pt [강세+5.1%★★ / 호가17.5★ / RSI46]
💰 예수금 97,571원 | KODEX200 RSI54/-6.7% 상승추세⬆️ 과열⚠️ | 매수기준 점수3pt↑

코드      종목명           가격    RSI     변화율    거래량     BB   호가비  B/S
────────────────────────────────────────────────────────────────────────
[2단계 분석 대상: 011200, 004020, 078930, 035720, 042660]
403870  HPSP      50,100    0.0    +0.0%    0.0x     중간  0.06  3pt/0 [일봉]
272210  한화시스템     91,300    0.0    +0.0%    0.0x     중간  1.61  4pt/0 [일봉]
011200  HMM       19,230   46.3    -2.0%    0.3x     하단 24.31  6pt/0 [5분]
015760  한국전력      37,950    0.0    +0.0%    0.0x     중간  4.66  5pt/0 [일봉]
034020  두산에너빌     93,300    0.0    +0.0%    0.0x     중간  4.91  5pt/0 [일봉]
035720  카카오       39,900   67.4    -5.0%    0.3x     하단  6.38  5pt/0 [5분]
030200  KT        53,200    0.0    +0.0%    0.0x     중간  1.06  3pt/0 [일봉]
003490  대한항공      24,600    0.0    +0.0%    0.0x     중간  2.44  5pt/0 [일봉]
004020  현대제철      35,400   40.8    -7.0%    0.2x     하단 21.67  2pt/0 [5분]
078930  GS        71,900   31.7    -5.9%    0.2x     하단 10.75  4pt/0 [5분]

══════════════════════════════════════════════════
📉 KODEX200 -6.7% 급락 — 신규 매수 중단
→ 전종목 HOLD
✅ Discord 전송 완료

[10:28] HOLD | KODEX RSI54/-6.7%⬆️⚠️ | 보유:없음 | 최고신호 HMM(011200) 6pt/3pt [강세+4.8%★★ / 호가24.3★ / RSI46]
💰 예수금 97,571원 | KODEX200 RSI55/-6.5% 상승추세⬆️ 과열⚠️ | 매수기준 점수3pt↑

코드      종목명           가격    RSI     변화율    거래량     BB   호가비  B/S
────────────────────────────────────────────────────────────────────────
[2단계 분석 대상: 078930, 004020, 035720, 011200, 015760]
403870  HPSP      50,500    0.0    +0.0%    0.0x     중간  0.11  3pt/0 [일봉]
272210  한화시스템     91,200    0.0    +0.0%    0.0x     중간  2.10  5pt/0 [일봉]
011200  HMM       19,300   47.1    -1.5%    0.3x     하단  6.26  6pt/0 [5분]
015760  한국전력      38,000   50.0    -1.6%    0.5x     중간  5.43  6pt/0 [5분]
034020  두산에너빌     93,700    0.0    +0.0%    0.0x     중간  2.07  5pt/0 [일봉]
035720  카카오       40,000   67.4    -5.0%    0.3x     하단  8.33  4pt/0 [5분]
030200  KT        53,200    0.0    +0.0%    0.0x     중간  1.25  3pt/0 [일봉]
003490  대한항공      24,650    0.0    +0.0%    0.0x     중간  2.34  5pt/0 [일봉]
004020  현대제철      35,550   43.1    -6.6%    0.2x     하단  8.83  2pt/0 [5분]
078930  GS        72,100   34.5    -5.8%    0.2x     하단  9.72  4pt/0 [5분]

══════════════════════════════════════════════════
📉 KODEX200 -6.5% 급락 — 신규 매수 중단
→ 전종목 HOLD
✅ Discord 전송 완료

[10:30] HOLD | KODEX RSI55/-6.5%⬆️⚠️ | 보유:없음 | 최고신호 HMM(011200) 6pt/3pt [강세+4.9%★★ / 호가6.3★ / RSI47]
💰 예수금 97,571원 | KODEX200 RSI55/-5.9% 상승추세⬆️ 과열⚠️ | 매수기준 점수3pt↑

코드      종목명           가격    RSI     변화율    거래량     BB   호가비  B/S
────────────────────────────────────────────────────────────────────────
[2단계 분석 대상: 004020, 035720, 066970, 078930, 032830]
403870  HPSP      50,900    0.0    +0.0%    0.0x     중간  0.17  3pt/0 [일봉]
272210  한화시스템     91,800    0.0    +0.0%    0.0x     중간  1.29  3pt/0 [일봉]
011200  HMM       19,360    0.0    +0.0%    0.0x     중간  0.21  3pt/0 [일봉]
015760  한국전력      38,200    0.0    +0.0%    0.0x     중간  1.59  4pt/0 [일봉]
034020  두산에너빌     94,200    0.0    +0.0%    0.0x     중간  0.92  3pt/0 [일봉]
035720  카카오       40,050   67.4    -4.6%    0.3x     하단  8.55  4pt/0 [5분]
030200  KT        53,300    0.0    +0.0%    0.0x     중간  1.51  4pt/0 [일봉]
003490  대한항공      24,700    0.0    +0.0%    0.0x     중간  2.39  5pt/0 [일봉]
004020  현대제철      35,500   43.1    -6.7%    0.2x     하단 15.81  2pt/0 [5분]
078930  GS        72,300   34.5    -5.4%    0.2x     중간  4.86  4pt/0 [5분]

══════════════════════════════════════════════════
📉 KODEX200 -5.9% 급락 — 신규 매수 중단
→ 전종목 HOLD
✅ Discord 전송 완료

[10:32] HOLD | KODEX RSI55/-5.9%⬆️⚠️ | 보유:없음 | 최고신호 대한항공(003490) 5pt/3pt [강세+5.9%★★ / 호가2.4★]
💰 예수금 97,571원 | KODEX200 RSI56/-5.7% 상승추세⬆️ 과열⚠️ | 매수기준 점수3pt↑

코드      종목명           가격    RSI     변화율    거래량     BB   호가비  B/S
────────────────────────────────────────────────────────────────────────
[2단계 분석 대상: 035720, 066970, 078930, 000270, 004020]
403870  HPSP      50,800    0.0    +0.0%    0.0x     중간  0.27  3pt/0 [일봉]
272210  한화시스템     92,000    0.0    +0.0%    0.0x     중간  1.21  3pt/0 [일봉]
011200  HMM       19,390    0.0    +0.0%    0.0x     중간  0.56  3pt/0 [일봉]
015760  한국전력      38,200    0.0    +0.0%    0.0x     중간  1.39  4pt/0 [일봉]
034020  두산에너빌     94,200    0.0    +0.0%    0.0x     중간  0.76  3pt/0 [일봉]
035720  카카오       40,100   69.0    -4.5%    0.3x     하단  6.28  4pt/0 [5분]
030200  KT        53,300    0.0    +0.0%    0.0x     중간  1.62  4pt/0 [일봉]
003490  대한항공      24,700    0.0    +0.0%    0.0x     중간  2.07  5pt/0 [일봉]
004020  현대제철      35,600   44.0    -6.7%    0.2x     하단  4.38  2pt/0 [5분]
078930  GS        72,300   30.6    -5.4%    0.2x     하단  5.28  4pt/0 [5분]

══════════════════════════════════════════════════
📉 KODEX200 -5.7% 급락 — 신규 매수 중단
→ 전종목 HOLD
✅ Discord 전송 완료

[10:34] HOLD | KODEX RSI56/-5.7%⬆️⚠️ | 보유:없음 | 최고신호 대한항공(003490) 5pt/3pt [강세+5.7%★★ / 호가2.1★]
💰 예수금 97,571원 | KODEX200 RSI56/-5.5% 상승추세⬆️ 과열⚠️ | 매수기준 점수3pt↑

코드      종목명           가격    RSI     변화율    거래량     BB   호가비  B/S
────────────────────────────────────────────────────────────────────────
[2단계 분석 대상: 035720, 078930, 066970, 004020, 010950]
403870  HPSP      50,900    0.0    +0.0%    0.0x     중간  0.22  3pt/0 [일봉]
272210  한화시스템     92,000    0.0    +0.0%    0.0x     중간  1.36  4pt/0 [일봉]
011200  HMM       19,440    0.0    +0.0%    0.0x     중간  0.32  3pt/0 [일봉]
015760  한국전력      38,200    0.0    +0.0%    0.0x     중간  1.43  4pt/0 [일봉]
034020  두산에너빌     94,300    0.0    +0.0%    0.0x     중간  0.69  3pt/0 [일봉]
035720  카카오       40,100   69.0    -4.6%    0.3x     하단  8.89  4pt/0 [5분]
030200  KT        53,300    0.0    +0.0%    0.0x     중간  1.57  4pt/0 [일봉]
003490  대한항공      24,700    0.0    +0.0%    0.0x     중간  2.42  5pt/0 [일봉]
004020  현대제철      35,600   44.0    -6.6%    0.2x     하단  5.28  2pt/0 [5분]
078930  GS        72,100   30.6    -5.6%    0.2x     하단  6.14  2pt/0 [5분]

══════════════════════════════════════════════════
📉 KODEX200 -5.5% 급락 — 신규 매수 중단
→ 전종목 HOLD
✅ Discord 전송 완료

[10:36] HOLD | KODEX RSI56/-5.5%⬆️⚠️ | 보유:없음 | 최고신호 대한항공(003490) 5pt/3pt [강세+5.5%★★ / 호가2.4★]
💰 예수금 97,571원 | KODEX200 RSI56/-5.2% 상승추세⬆️ 과열⚠️ | 매수기준 점수3pt↑

코드      종목명           가격    RSI     변화율    거래량     BB   호가비  B/S
────────────────────────────────────────────────────────────────────────
[2단계 분석 대상: 035720, 078930, 105560, 000880, 004020]
403870  HPSP      50,600    0.0    +0.0%    0.0x     중간  0.34  3pt/0 [일봉]
272210  한화시스템     92,000    0.0    +0.0%    0.0x     중간  1.28  3pt/0 [일봉]
011200  HMM       19,410    0.0    +0.0%    0.0x     중간  0.33  3pt/0 [일봉]
015760  한국전력      38,150    0.0    +0.0%    0.0x     중간  1.22  3pt/0 [일봉]
034020  두산에너빌     94,300    0.0    +0.0%    0.0x     중간  1.38  4pt/0 [일봉]
035720  카카오       40,100   69.0    -4.6%    0.3x     하단 10.41  4pt/0 [5분]
030200  KT        53,300    0.0    +0.0%    0.0x     중간  1.77  4pt/0 [일봉]
003490  대한항공      24,750    0.0    +0.0%    0.0x     중간  2.42  5pt/0 [일봉]
004020  현대제철      35,550   44.0    -6.6%    0.2x     하단  5.53  2pt/0 [5분]
078930  GS        72,200   30.6    -5.4%    0.2x     하단  8.88  2pt/0 [5분]

══════════════════════════════════════════════════
📉 KODEX200 -5.2% 급락 — 신규 매수 중단
→ 전종목 HOLD
✅ Discord 전송 완료

[10:38] HOLD | KODEX RSI56/-5.2%⬆️⚠️ | 보유:없음 | 최고신호 대한항공(003490) 5pt/3pt [강세+5.2%★★ / 호가2.4★]
💰 예수금 97,571원 | KODEX200 RSI56/-5.3% 상승추세⬆️ 과열⚠️ | 매수기준 점수3pt↑

코드      종목명           가격    RSI     변화율    거래량     BB   호가비  B/S
────────────────────────────────────────────────────────────────────────
[2단계 분석 대상: 035720, 000880, 078930, 066970, 096770]
403870  HPSP      50,900    0.0    +0.0%    0.0x     중간  0.37  3pt/0 [일봉]
272210  한화시스템     92,500    0.0    +0.0%    0.0x     중간  0.58  3pt/0 [일봉]
011200  HMM       19,430    0.0    +0.0%    0.0x     중간  0.27  3pt/0 [일봉]
015760  한국전력      38,050    0.0    +0.0%    0.0x     중간  2.56  5pt/0 [일봉]
034020  두산에너빌     94,300    0.0    +0.0%    0.0x     중간  1.26  3pt/0 [일봉]
035720  카카오       40,050   65.9    -4.5%    0.3x     하단 10.02  5pt/0 [5분]
030200  KT        53,300    0.0    +0.0%    0.0x     중간  1.91  4pt/0 [일봉]
003490  대한항공      24,750    0.0    +0.0%    0.0x     중간  2.32  5pt/0 [일봉]
004020  현대제철      35,650    0.0    +0.0%    0.0x     중간  1.77  4pt/0 [일봉]
078930  GS        72,200   30.8    -5.5%    0.2x     하단  7.76  2pt/0 [5분]

══════════════════════════════════════════════════
📉 KODEX200 -5.3% 급락 — 신규 매수 중단
→ 전종목 HOLD
✅ Discord 전송 완료

[10:40] HOLD | KODEX RSI56/-5.3%⬆️⚠️ | 보유:없음 | 최고신호 한국전력(015760) 5pt/3pt [강세+5.3%★★ / 호가2.6★]
💰 예수금 97,571원 | KODEX200 RSI57/-4.8% 상승추세⬆️ 과열⚠️ | 매수기준 점수3pt↑

코드      종목명           가격    RSI     변화율    거래량     BB   호가비  B/S
────────────────────────────────────────────────────────────────────────
[2단계 분석 대상: 078930, 035720, 000880, 096770, 066970]
403870  HPSP      50,000    0.0    +0.0%    0.0x     중간  1.18  3pt/0 [일봉]
272210  한화시스템     92,500    0.0    +0.0%    0.0x     중간  0.56  3pt/0 [일봉]
011200  HMM       19,440    0.0    +0.0%    0.0x     중간  0.53  3pt/0 [일봉]
015760  한국전력      38,050    0.0    +0.0%    0.0x     중간  2.97  5pt/0 [일봉]
034020  두산에너빌     94,700    0.0    +0.0%    0.0x     중간  1.85  4pt/0 [일봉]
035720  카카오       40,100   65.9    -4.6%    0.3x     하단  9.19  3pt/0 [5분]
030200  KT        53,300    0.0    +0.0%    0.0x     중간  2.06  5pt/0 [일봉]
003490  대한항공      24,750    0.0    +0.0%    0.0x     중간  2.59  5pt/0 [일봉]
004020  현대제철      35,700    0.0    +0.0%    0.0x     중간  2.10  5pt/0 [일봉]
078930  GS        72,300   30.8    -5.2%    0.2x     하단 14.33  2pt/0 [5분]

══════════════════════════════════════════════════
📉 KODEX200 -4.8% 급락 — 신규 매수 중단
→ 전종목 HOLD
✅ Discord 전송 완료

[10:42] HOLD | KODEX RSI57/-4.8%⬆️⚠️ | 보유:없음 | 최고신호 한국전력(015760) 5pt/3pt [강세+4.8%★★ / 호가3.0★]
💰 예수금 97,571원 | KODEX200 RSI57/-4.7% 상승추세⬆️ 과열⚠️ | 매수기준 점수3pt↑

코드      종목명           가격    RSI     변화율    거래량     BB   호가비  B/S
────────────────────────────────────────────────────────────────────────
[2단계 분석 대상: 078930, 035720, 096770, 247540, 066970]
403870  HPSP      50,700    0.0    +0.0%    0.0x     중간  0.32  3pt/0 [일봉]
272210  한화시스템     92,800    0.0    +0.0%    0.0x     중간  0.51  3pt/0 [일봉]
011200  HMM       19,470    0.0    +0.0%    0.0x     중간  0.56  3pt/0 [일봉]
015760  한국전력      38,050    0.0    +0.0%    0.0x     중간  3.16  5pt/0 [일봉]
034020  두산에너빌     94,900    0.0    +0.0%    0.0x     중간  2.20  5pt/0 [일봉]
035720  카카오       40,150   59.5    -4.4%    0.3x     하단  8.67  6pt/0 [5분]
030200  KT        53,300    0.0    +0.0%    0.0x     중간  2.11  5pt/0 [일봉]
003490  대한항공      24,850    0.0    +0.0%    0.0x     중간  1.97  4pt/0 [일봉]
004020  현대제철      35,700    0.0    +0.0%    0.0x     중간  2.18  5pt/0 [일봉]
078930  GS        72,200   30.8    -5.4%    0.2x     하단 12.80  2pt/0 [5분]

══════════════════════════════════════════════════
📉 KODEX200 -4.7% 급락 — 신규 매수 중단
→ 전종목 HOLD
✅ Discord 전송 완료

[10:44] HOLD | KODEX RSI57/-4.7%⬆️⚠️ | 보유:없음 | 최고신호 카카오(035720) 6pt/3pt [강세+0.3%★ / 호가8.7★ / RSI60 / 연속상승]
💰 예수금 97,571원 | KODEX200 RSI57/-4.6% 상승추세⬆️ 과열⚠️ | 매수기준 점수3pt↑

코드      종목명           가격    RSI     변화율    거래량     BB   호가비  B/S
────────────────────────────────────────────────────────────────────────
[2단계 분석 대상: 078930, 035720, 066970, 003670, 042660]
403870  HPSP      50,800    0.0    +0.0%    0.0x     중간  0.28  3pt/0 [일봉]
272210  한화시스템     92,900    0.0    +0.0%    0.0x     중간  0.40  3pt/0 [일봉]
011200  HMM       19,500    0.0    +0.0%    0.0x     중간  2.13  5pt/0 [일봉]
015760  한국전력      38,100    0.0    +0.0%    0.0x     중간  1.57  4pt/0 [일봉]
034020  두산에너빌     95,000    0.0    +0.0%    0.0x     중간  2.98  5pt/0 [일봉]
035720  카카오       40,200   59.5    -4.3%    0.3x     하단 10.62  6pt/0 [5분]
030200  KT        53,500    0.0    +0.0%    0.0x     중간  2.12  5pt/0 [일봉]
003490  대한항공      25,000    0.0    +0.0%    0.0x     중간  1.60  4pt/0 [일봉]
004020  현대제철      35,800    0.0    +0.0%    0.0x     중간  1.59  4pt/0 [일봉]
078930  GS        72,400   30.4    -5.2%    0.2x     하단 13.70  2pt/0 [5분]

══════════════════════════════════════════════════
📉 KODEX200 -4.6% 급락 — 신규 매수 중단
→ 전종목 HOLD
✅ Discord 전송 완료

[10:46] HOLD | KODEX RSI57/-4.6%⬆️⚠️ | 보유:없음 | 최고신호 카카오(035720) 6pt/3pt [강세+0.3%★ / 호가10.6★ / RSI60 / 연속상승]
💰 예수금 97,571원 | KODEX200 RSI57/-4.8% 상승추세⬆️ 과열⚠️ | 매수기준 점수3pt↑

코드      종목명           가격    RSI     변화율    거래량     BB   호가비  B/S
────────────────────────────────────────────────────────────────────────
[2단계 분석 대상: 078930, 086520, 035720, 003670, 247540]
403870  HPSP      50,800    0.0    +0.0%    0.0x     중간  0.34  3pt/0 [일봉]
272210  한화시스템     93,200    0.0    +0.0%    0.0x     중간  0.41  3pt/0 [일봉]
011200  HMM       19,540    0.0    +0.0%    0.0x     중간  0.17  3pt/0 [일봉]
015760  한국전력      38,100    0.0    +0.0%    0.0x     중간  1.64  4pt/0 [일봉]
034020  두산에너빌     94,900    0.0    +0.0%    0.0x     중간  2.73  5pt/0 [일봉]
035720  카카오       40,350   59.5    -4.0%    0.3x     하단  5.77  6pt/0 [5분]
030200  KT        53,500    0.0    +0.0%    0.0x     중간  2.01  5pt/0 [일봉]
003490  대한항공      24,950    0.0    +0.0%    0.0x     중간  1.53  4pt/0 [일봉]
004020  현대제철      35,850    0.0    +0.0%    0.0x     중간  1.58  4pt/0 [일봉]
078930  GS        72,400   30.4    -5.1%    0.2x     하단 12.92  2pt/0 [5분]

══════════════════════════════════════════════════
📉 KODEX200 -4.8% 급락 — 신규 매수 중단
→ 전종목 HOLD
✅ Discord 전송 완료

[10:48] HOLD | KODEX RSI57/-4.8%⬆️⚠️ | 보유:없음 | 최고신호 카카오(035720) 6pt/3pt [강세+0.8%★ / 호가5.8★ / RSI60 / 연속상승]
💰 예수금 97,571원 | KODEX200 RSI56/-5.3% 상승추세⬆️ 과열⚠️ | 매수기준 점수3pt↑

코드      종목명           가격    RSI     변화율    거래량     BB   호가비  B/S
────────────────────────────────────────────────────────────────────────
[2단계 분석 대상: 035720, 086520, 078930, 042660, 066970]
403870  HPSP      50,500    0.0    +0.0%    0.0x     중간  0.49  3pt/0 [일봉]
272210  한화시스템     93,000    0.0    +0.0%    0.0x     중간  0.62  3pt/0 [일봉]
011200  HMM       19,530    0.0    +0.0%    0.0x     중간  0.14  3pt/0 [일봉]
015760  한국전력      38,150    0.0    +0.0%    0.0x     중간  1.42  4pt/0 [일봉]
034020  두산에너빌     94,700    0.0    +0.0%    0.0x     중간  2.51  5pt/0 [일봉]
035720  카카오       40,250   54.1    -4.4%    0.3x     하단  8.66  5pt/0 [5분]
030200  KT        53,600    0.0    +0.0%    0.0x     중간  2.08  5pt/0 [일봉]
003490  대한항공      24,900    0.0    +0.0%    0.0x     중간  1.75  4pt/0 [일봉]
004020  현대제철      35,800    0.0    +0.0%    0.0x     중간  1.86  4pt/0 [일봉]
078930  GS        72,400   38.1    -5.1%    0.2x     하단  6.46  2pt/0 [5분]

══════════════════════════════════════════════════
📉 KODEX200 -5.3% 급락 — 신규 매수 중단
→ 전종목 HOLD
✅ Discord 전송 완료

[10:50] HOLD | KODEX RSI56/-5.3%⬆️⚠️ | 보유:없음 | 최고신호 두산에너빌(034020) 5pt/3pt [강세+5.3%★★ / 호가2.5★]
💰 예수금 97,571원 | KODEX200 RSI56/-5.2% 상승추세⬆️ 과열⚠️ | 매수기준 점수3pt↑

코드      종목명           가격    RSI     변화율    거래량     BB   호가비  B/S
────────────────────────────────────────────────────────────────────────
[2단계 분석 대상: 035720, 042660, 017670, 086520, 066970]
403870  HPSP      50,500    0.0    +0.0%    0.0x     중간  0.42  3pt/0 [일봉]
272210  한화시스템     93,100    0.0    +0.0%    0.0x     중간  0.54  3pt/0 [일봉]
011200  HMM       19,510    0.0    +0.0%    0.0x     중간  0.18  3pt/0 [일봉]
015760  한국전력      38,200    0.0    +0.0%    0.0x     중간  1.64  4pt/0 [일봉]
034020  두산에너빌     95,200    0.0    +0.0%    0.0x     중간  1.32  4pt/0 [일봉]
035720  카카오       40,200   54.1    -4.4%    0.3x     하단  8.28  5pt/0 [5분]
030200  KT        53,600    0.0    +0.0%    0.0x     중간  2.05  5pt/0 [일봉]
003490  대한항공      24,950    0.0    +0.0%    0.0x     중간  1.44  4pt/0 [일봉]
004020  현대제철      35,850    0.0    +0.0%    0.0x     중간  1.48  4pt/0 [일봉]
078930  GS        72,700    0.0    +0.0%    0.0x     중간  2.68  5pt/0 [일봉]

══════════════════════════════════════════════════
📉 KODEX200 -5.2% 급락 — 신규 매수 중단
→ 전종목 HOLD
✅ Discord 전송 완료

[10:52] HOLD | KODEX RSI56/-5.2%⬆️⚠️ | 보유:없음 | 최고신호 카카오(035720) 5pt/3pt [강세+0.8%★ / 호가8.3★ / RSI54]
💰 예수금 97,571원 | KODEX200 RSI57/-4.6% 상승추세⬆️ 과열⚠️ | 매수기준 점수3pt↑

코드      종목명           가격    RSI     변화율    거래량     BB   호가비  B/S
────────────────────────────────────────────────────────────────────────
[2단계 분석 대상: 032830, 035720, 017670, 086520, 003670]
403870  HPSP      51,000    0.0    +0.0%    0.0x     중간  0.18  3pt/0 [일봉]
272210  한화시스템     93,100    0.0    +0.0%    0.0x     중간  0.68  3pt/0 [일봉]
011200  HMM       19,520    0.0    +0.0%    0.0x     중간  0.23  3pt/0 [일봉]
015760  한국전력      38,300    0.0    +0.0%    0.0x     중간  1.42  4pt/0 [일봉]
034020  두산에너빌     95,800    0.0    +0.0%    0.0x     중간  1.10  3pt/0 [일봉]
035720  카카오       40,300   41.7    -4.2%    0.3x     하단  5.81  4pt/0 [5분]
030200  KT        53,600    0.0    +0.0%    0.0x     중간  1.84  4pt/0 [일봉]
003490  대한항공      25,000    0.0    +0.0%    0.0x     중간  1.81  4pt/0 [일봉]
004020  현대제철      35,900    0.0    +0.0%    0.0x     중간  1.47  4pt/0 [일봉]
078930  GS        72,700    0.0    +0.0%    0.0x     중간  2.15  5pt/0 [일봉]

══════════════════════════════════════════════════
📉 KODEX200 -4.6% 급락 — 신규 매수 중단
→ 전종목 HOLD
✅ Discord 전송 완료

[10:54] HOLD | KODEX RSI57/-4.6%⬆️⚠️ | 보유:없음 | 최고신호 GS(078930) 5pt/3pt [강세+4.6%★★ / 호가2.1★]
💰 예수금 97,571원 | KODEX200 RSI58/-4.3% 상승추세⬆️ 과열⚠️ | 매수기준 점수3pt↑

코드      종목명           가격    RSI     변화율    거래량     BB   호가비  B/S
────────────────────────────────────────────────────────────────────────
[2단계 분석 대상: 032830, 035720, 017670, 064350, 003490]
403870  HPSP      51,300    0.0    +0.0%    0.0x     중간  0.15  3pt/0 [일봉]
272210  한화시스템     93,400    0.0    +0.0%    0.0x     중간  0.44  3pt/0 [일봉]
011200  HMM       19,550    0.0    +0.0%    0.0x     중간  0.44  3pt/0 [일봉]
015760  한국전력      38,300    0.0    +0.0%    0.0x     중간  1.42  4pt/0 [일봉]
034020  두산에너빌     96,000    0.0    +0.0%    0.0x     중간  1.04  3pt/0 [일봉]
035720  카카오       40,400   41.7    -3.8%    0.3x     하단  3.03  4pt/0 [5분]
030200  KT        53,600    0.0    +0.0%    0.0x     중간  1.78  4pt/0 [일봉]
003490  대한항공      25,000   36.8    -0.2%    0.4x     중간  1.95  4pt/0 [5분]
004020  현대제철      36,100    0.0    +0.0%    0.0x     중간  0.98  3pt/0 [일봉]
078930  GS        73,300    0.0    +0.0%    0.0x     중간  0.70  3pt/0 [일봉]

══════════════════════════════════════════════════
📉 KODEX200 -4.3% 급락 — 신규 매수 중단
→ 전종목 HOLD
✅ Discord 전송 완료

[10:56] HOLD | KODEX RSI58/-4.3%⬆️⚠️ | 보유:없음 | 최고신호 한국전력(015760) 4pt/3pt [강세+4.3%★★ / 호가1.4]
💰 예수금 97,571원 | KODEX200 RSI58/-4.3% 상승추세⬆️ 과열⚠️ | 매수기준 점수3pt↑

코드      종목명           가격    RSI     변화율    거래량     BB   호가비  B/S
────────────────────────────────────────────────────────────────────────
[2단계 분석 대상: 035720, 032830, 017670, 105560, 034020]
403870  HPSP      51,700    0.0    +0.0%    0.0x     중간  0.22  3pt/0 [일봉]
272210  한화시스템     93,700    0.0    +0.0%    0.0x     중간  0.30  3pt/0 [일봉]
011200  HMM       19,580    0.0    +0.0%    0.0x     중간  0.44  3pt/0 [일봉]
015760  한국전력      38,400    0.0    +0.0%    0.0x     중간  0.80  3pt/0 [일봉]
034020  두산에너빌     96,300   38.3    -2.9%    0.5x     하단  2.13  4pt/0 [5분]
035720  카카오       40,400   41.7    -3.8%    0.3x     하단  3.31  4pt/0 [5분]
030200  KT        53,700    0.0    +0.0%    0.0x     중간  1.99  4pt/0 [일봉]
003490  대한항공      25,050    0.0    +0.0%    0.0x     중간  1.05  3pt/0 [일봉]
004020  현대제철      36,200    0.0    +0.0%    0.0x     중간  0.64  3pt/0 [일봉]
078930  GS        73,000    0.0    +0.0%    0.0x     중간  1.10  3pt/0 [일봉]

══════════════════════════════════════════════════
📉 KODEX200 -4.3% 급락 — 신규 매수 중단
→ 전종목 HOLD
✅ Discord 전송 완료

[10:58] HOLD | KODEX RSI58/-4.3%⬆️⚠️ | 보유:없음 | 최고신호 두산에너빌(034020) 4pt/3pt [강세+1.4%★ / 호가2.1★]
💰 예수금 97,571원 | KODEX200 RSI58/-4.3% 상승추세⬆️ 과열⚠️ | 매수기준 점수3pt↑

코드      종목명           가격    RSI     변화율    거래량     BB   호가비  B/S
────────────────────────────────────────────────────────────────────────
[2단계 분석 대상: 035720, 066970, 017670, 086520, 003490]
403870  HPSP      51,400    0.0    +0.0%    0.0x     중간  0.34  3pt/0 [일봉]
272210  한화시스템     93,700    0.0    +0.0%    0.0x     중간  0.64  3pt/0 [일봉]
011200  HMM       19,590    0.0    +0.0%    0.0x     중간  1.35  4pt/0 [일봉]
015760  한국전력      38,400    0.0    +0.0%    0.0x     중간  0.69  3pt/0 [일봉]
034020  두산에너빌     96,200    0.0    +0.0%    0.0x     중간  1.56  4pt/0 [일봉]
035720  카카오       40,300   45.7    -4.2%    0.3x     하단  7.77  3pt/0 [5분]
030200  KT        53,700    0.0    +0.0%    0.0x     중간  1.88  4pt/0 [일봉]
003490  대한항공      25,000   45.0    -0.2%    0.4x     중간  2.07  6pt/0 [5분]
004020  현대제철      36,100    0.0    +0.0%    0.0x     중간  0.92  3pt/0 [일봉]
078930  GS        73,000    0.0    +0.0%    0.0x     중간  1.31  4pt/0 [일봉]

══════════════════════════════════════════════════
📉 KODEX200 -4.3% 급락 — 신규 매수 중단
→ 전종목 HOLD
✅ Discord 전송 완료

[11:00] HOLD | KODEX RSI58/-4.3%⬆️⚠️ | 보유:없음 | 최고신호 대한항공(003490) 6pt/3pt [강세+4.1%★★ / 호가2.1★ / RSI45]
💰 예수금 97,571원 | KODEX200 RSI58/-4.4% 상승추세⬆️ 과열⚠️ | 매수기준 점수3pt↑

코드      종목명           가격    RSI     변화율    거래량     BB   호가비  B/S
────────────────────────────────────────────────────────────────────────
[2단계 분석 대상: 035720, 000880, 086520, 017670, 003670]
403870  HPSP      51,300    0.0    +0.0%    0.0x     중간  0.40  3pt/0 [일봉]
272210  한화시스템     93,600    0.0    +0.0%    0.0x     중간  0.92  3pt/0 [일봉]
011200  HMM       19,560    0.0    +0.0%    0.0x     중간  0.99  3pt/0 [일봉]
015760  한국전력      38,200    0.0    +0.0%    0.0x     중간  1.38  4pt/0 [일봉]
034020  두산에너빌     95,900    0.0    +0.0%    0.0x     중간  0.99  3pt/0 [일봉]
035720  카카오       40,250   45.7    -4.2%    0.3x     하단  7.35  3pt/0 [5분]
030200  KT        53,700    0.0    +0.0%    0.0x     중간  2.00  5pt/0 [일봉]
003490  대한항공      24,950    0.0    +0.0%    0.0x     중간  2.53  5pt/0 [일봉]
004020  현대제철      36,100    0.0    +0.0%    0.0x     중간  1.49  4pt/0 [일봉]
078930  GS        73,000    0.0    +0.0%    0.0x     중간  1.15  3pt/0 [일봉]

══════════════════════════════════════════════════
📉 KODEX200 -4.4% 급락 — 신규 매수 중단
→ 전종목 HOLD
✅ Discord 전송 완료

[11:02] HOLD | KODEX RSI58/-4.4%⬆️⚠️ | 보유:없음 | 최고신호 KT(030200) 5pt/3pt [강세+4.4%★★ / 호가2.0★]
💰 예수금 97,571원 | KODEX200 RSI58/-4.0% 상승추세⬆️ 과열⚠️ | 매수기준 점수3pt↑

코드      종목명           가격    RSI     변화율    거래량     BB   호가비  B/S
────────────────────────────────────────────────────────────────────────
[2단계 분석 대상: 035720, 086520, 247540, 017670, 030200]
403870  HPSP      51,800    0.0    +0.0%    0.0x     중간  0.34  3pt/0 [일봉]
272210  한화시스템     93,600    0.0    +0.0%    0.0x     중간  0.55  3pt/0 [일봉]
011200  HMM       19,540    0.0    +0.0%    0.0x     중간  0.88  3pt/0 [일봉]
015760  한국전력      38,250    0.0    +0.0%    0.0x     중간  1.26  3pt/0 [일봉]
034020  두산에너빌     96,200    0.0    +0.0%    0.0x     중간  0.81  3pt/0 [일봉]
035720  카카오       40,250   32.4    -4.3%    0.3x     하단  6.56  2pt/0 [5분]
030200  KT        53,800   44.4    -1.5%    0.3x     중간  2.65  5pt/0 [5분]
003490  대한항공      25,000    0.0    +0.0%    0.0x     중간  2.34  5pt/0 [일봉]
004020  현대제철      36,050    0.0    +0.0%    0.0x     중간  0.98  3pt/0 [일봉]
078930  GS        73,000    0.0    +0.0%    0.0x     중간  1.31  4pt/0 [일봉]

══════════════════════════════════════════════════
📉 KODEX200 -4.0% 급락 — 신규 매수 중단
→ 전종목 HOLD
✅ Discord 전송 완료

[11:04] HOLD | KODEX RSI58/-4.0%⬆️⚠️ | 보유:없음 | 최고신호 KT(030200) 5pt/3pt [강세+2.5%★★ / 호가2.6★]
💰 예수금 97,571원 | KODEX200 RSI58/-4.0% 상승추세⬆️ 과열⚠️ | 매수기준 점수3pt↑

코드      종목명           가격    RSI     변화율    거래량     BB   호가비  B/S
────────────────────────────────────────────────────────────────────────
[2단계 분석 대상: 035720, 000880, 078930, 086520, 000720]
403870  HPSP      52,100    0.0    +0.0%    0.0x     중간  0.23  3pt/0 [일봉]
272210  한화시스템     93,300    0.0    +0.0%    0.0x     중간  0.85  3pt/0 [일봉]
011200  HMM       19,520    0.0    +0.0%    0.0x     중간  1.13  3pt/0 [일봉]
015760  한국전력      38,250    0.0    +0.0%    0.0x     중간  1.41  4pt/0 [일봉]
034020  두산에너빌     96,000    0.0    +0.0%    0.0x     중간  0.90  3pt/0 [일봉]
035720  카카오       40,250   32.4    -4.3%    0.3x     하단  6.54  2pt/0 [5분]
030200  KT        53,800    0.0    +0.0%    0.0x     중간  2.09  5pt/0 [일봉]
003490  대한항공      24,950    0.0    +0.0%    0.0x     중간  2.88  5pt/0 [일봉]
004020  현대제철      36,050    0.0    +0.0%    0.0x     중간  1.15  3pt/0 [일봉]
078930  GS        72,900   56.6    -4.6%    0.2x     하단  4.38  3pt/0 [5분]

══════════════════════════════════════════════════
📉 KODEX200 -4.0% 급락 — 신규 매수 중단
→ 전종목 HOLD
✅ Discord 전송 완료

[11:06] HOLD | KODEX RSI58/-4.0%⬆️⚠️ | 보유:없음 | 최고신호 KT(030200) 5pt/3pt [강세+4.0%★★ / 호가2.1★]
💰 예수금 97,571원 | KODEX200 RSI58/-3.9% 상승추세⬆️ 과열⚠️ | 매수기준 점수3pt↑

코드      종목명           가격    RSI     변화율    거래량     BB   호가비  B/S
────────────────────────────────────────────────────────────────────────
[2단계 분석 대상: 035720, 086520, 247540, 017670, 000720]
403870  HPSP      52,900    0.0    +0.0%    0.0x     중간  0.38  3pt/0 [일봉]
272210  한화시스템     93,500    0.0    +0.0%    0.0x     중간  0.57  3pt/0 [일봉]
011200  HMM       19,520    0.0    +0.0%    0.0x     중간  0.62  3pt/0 [일봉]
015760  한국전력      38,200    0.0    +0.0%    0.0x     중간  1.33  4pt/0 [일봉]
034020  두산에너빌     96,100    0.0    +0.0%    0.0x     중간  0.96  3pt/0 [일봉]
035720  카카오       40,250   32.4    -4.4%    0.3x     하단  7.81  2pt/0 [5분]
030200  KT        53,800    0.0    +0.0%    0.0x     중간  1.95  4pt/0 [일봉]
003490  대한항공      25,000    0.0    +0.0%    0.0x     중간  2.48  5pt/0 [일봉]
004020  현대제철      36,100    0.0    +0.0%    0.0x     중간  0.81  3pt/0 [일봉]
078930  GS        72,900    0.0    +0.0%    0.0x     중간  1.21  3pt/0 [일봉]

══════════════════════════════════════════════════
📉 KODEX200 -3.9% 급락 — 신규 매수 중단
→ 전종목 HOLD
✅ Discord 전송 완료

[11:08] HOLD | KODEX RSI58/-3.9%⬆️⚠️ | 보유:없음 | 최고신호 대한항공(003490) 5pt/3pt [강세+3.9%★★ / 호가2.5★]
💰 예수금 97,571원 | KODEX200 RSI58/-3.9% 상승추세⬆️ 과열⚠️ | 매수기준 점수3pt↑

코드      종목명           가격    RSI     변화율    거래량     BB   호가비  B/S
────────────────────────────────────────────────────────────────────────
[2단계 분석 대상: 035720, 000880, 017670, 086520, 247540]
403870  HPSP      52,800    0.0    +0.0%    0.0x     중간  0.57  3pt/0 [일봉]
272210  한화시스템     93,300    0.0    +0.0%    0.0x     중간  0.54  3pt/0 [일봉]
011200  HMM       19,520    0.0    +0.0%    0.0x     중간  0.62  3pt/0 [일봉]
015760  한국전력      38,150    0.0    +0.0%    0.0x     중간  1.75  4pt/0 [일봉]
034020  두산에너빌     96,000    0.0    +0.0%    0.0x     중간  1.45  4pt/0 [일봉]
035720  카카오       40,300   34.4    -4.2%    0.3x     하단  6.94  2pt/0 [5분]
030200  KT        53,800    0.0    +0.0%    0.0x     중간  1.87  4pt/0 [일봉]
003490  대한항공      24,950    0.0    +0.0%    0.0x     중간  2.95  5pt/0 [일봉]
004020  현대제철      36,150    0.0    +0.0%    0.0x     중간  1.12  3pt/0 [일봉]
078930  GS        73,200    0.0    +0.0%    0.0x     중간  0.86  3pt/0 [일봉]

══════════════════════════════════════════════════
📉 KODEX200 -3.9% 급락 — 신규 매수 중단
→ 전종목 HOLD
✅ Discord 전송 완료

[11:10] HOLD | KODEX RSI58/-3.9%⬆️⚠️ | 보유:없음 | 최고신호 대한항공(003490) 5pt/3pt [강세+3.9%★★ / 호가3.0★]
💰 예수금 97,571원 | KODEX200 RSI59/-3.7% 상승추세⬆️ 과열⚠️ | 매수기준 점수3pt↑

코드      종목명           가격    RSI     변화율    거래량     BB   호가비  B/S
────────────────────────────────────────────────────────────────────────
[2단계 분석 대상: 000880, 035720, 247540, 017670, 086520]
403870  HPSP      52,800    0.0    +0.0%    0.0x     중간  0.92  3pt/0 [일봉]
272210  한화시스템     93,500    0.0    +0.0%    0.0x     중간  0.65  3pt/0 [일봉]
011200  HMM       19,510    0.0    +0.0%    0.0x     중간  1.31  4pt/0 [일봉]
015760  한국전력      38,200    0.0    +0.0%    0.0x     중간  1.93  4pt/0 [일봉]
034020  두산에너빌     96,400    0.0    +0.0%    0.0x     중간  1.12  3pt/0 [일봉]
035720  카카오       40,250   34.4    -4.3%    0.3x     하단  7.92  2pt/0 [5분]
030200  KT        53,800    0.0    +0.0%    0.0x     중간  1.87  4pt/0 [일봉]
003490  대한항공      24,950    0.0    +0.0%    0.0x     중간  3.05  5pt/0 [일봉]
004020  현대제철      36,150    0.0    +0.0%    0.0x     중간  0.81  3pt/0 [일봉]
078930  GS        72,900    0.0    +0.0%    0.0x     중간  0.88  3pt/0 [일봉]

══════════════════════════════════════════════════
📉 KODEX200 -3.7% 급락 — 신규 매수 중단
→ 전종목 HOLD
✅ Discord 전송 완료

[11:12] HOLD | KODEX RSI59/-3.7%⬆️⚠️ | 보유:없음 | 최고신호 대한항공(003490) 5pt/3pt [강세+3.7%★★ / 호가3.0★]
💰 예수금 97,571원 | KODEX200 RSI59/-3.8% 상승추세⬆️ 과열⚠️ | 매수기준 점수3pt↑

코드      종목명           가격    RSI     변화율    거래량     BB   호가비  B/S
────────────────────────────────────────────────────────────────────────
[2단계 분석 대상: 000880, 035720, 066970, 086520, 003490]
403870  HPSP      53,200    0.0    +0.0%    0.0x     중간  0.12  3pt/0 [일봉]
272210  한화시스템     93,900    0.0    +0.0%    0.0x     중간  0.37  3pt/0 [일봉]
011200  HMM       19,520    0.0    +0.0%    0.0x     중간  1.39  4pt/0 [일봉]
015760  한국전력      38,250    0.0    +0.0%    0.0x     중간  1.80  4pt/0 [일봉]
034020  두산에너빌     96,200    0.0    +0.0%    0.0x     중간  1.25  3pt/0 [일봉]
035720  카카오       40,250   46.7    -4.4%    0.3x     하단  7.14  3pt/0 [5분]
030200  KT        53,800    0.0    +0.0%    0.0x     중간  1.60  4pt/0 [일봉]
003490  대한항공      24,950   44.0    -0.6%    0.4x     중간  3.07  5pt/0 [5분]
004020  현대제철      36,100    0.0    +0.0%    0.0x     중간  0.79  3pt/0 [일봉]
078930  GS        73,000    0.0    +0.0%    0.0x     중간  0.83  3pt/0 [일봉]

══════════════════════════════════════════════════
📉 KODEX200 -3.8% 급락 — 신규 매수 중단
→ 전종목 HOLD
✅ Discord 전송 완료

[11:14] HOLD | KODEX RSI59/-3.8%⬆️⚠️ | 보유:없음 | 최고신호 대한항공(003490) 5pt/3pt [강세+3.2%★★ / 호가3.1★]
💰 예수금 97,571원 | KODEX200 RSI59/-3.7% 상승추세⬆️ 과열⚠️ | 매수기준 점수3pt↑

코드      종목명           가격    RSI     변화율    거래량     BB   호가비  B/S
────────────────────────────────────────────────────────────────────────
[2단계 분석 대상: 000880, 035720, 066970, 247540, 086520]
403870  HPSP      53,200    0.0    +0.0%    0.0x     중간  0.32  3pt/0 [일봉]
272210  한화시스템     93,600    0.0    +0.0%    0.0x     중간  0.88  3pt/0 [일봉]
011200  HMM       19,500    0.0    +0.0%    0.0x     중간  0.69  3pt/0 [일봉]
015760  한국전력      38,200    0.0    +0.0%    0.0x     중간  1.42  4pt/0 [일봉]
034020  두산에너빌     96,100    0.0    +0.0%    0.0x     중간  1.06  3pt/0 [일봉]
035720  카카오       40,200   46.7    -4.4%    0.3x     하단  8.60  3pt/0 [5분]
030200  KT        53,800    0.0    +0.0%    0.0x     중간  1.63  4pt/0 [일봉]
003490  대한항공      25,000    0.0    +0.0%    0.0x     중간  2.41  5pt/0 [일봉]
004020  현대제철      36,100    0.0    +0.0%    0.0x     중간  0.99  3pt/0 [일봉]
078930  GS        73,000    0.0    +0.0%    0.0x     중간  1.15  3pt/0 [일봉]

══════════════════════════════════════════════════
📉 KODEX200 -3.7% 급락 — 신규 매수 중단
→ 전종목 HOLD
✅ Discord 전송 완료

[11:16] HOLD | KODEX RSI59/-3.7%⬆️⚠️ | 보유:없음 | 최고신호 대한항공(003490) 5pt/3pt [강세+3.7%★★ / 호가2.4★]
💰 예수금 97,571원 | KODEX200 RSI58/-3.9% 상승추세⬆️ 과열⚠️ | 매수기준 점수3pt↑

코드      종목명           가격    RSI     변화율    거래량     BB   호가비  B/S
────────────────────────────────────────────────────────────────────────
[2단계 분석 대상: 035720, 000880, 247540, 086520, 010950]
403870  HPSP      53,600    0.0    +0.0%    0.0x     중간  0.31  3pt/0 [일봉]
272210  한화시스템     94,000    0.0    +0.0%    0.0x     중간  0.44  3pt/0 [일봉]
011200  HMM       19,510    0.0    +0.0%    0.0x     중간  0.93  3pt/0 [일봉]
015760  한국전력      38,150    0.0    +0.0%    0.0x     중간  1.59  4pt/0 [일봉]
034020  두산에너빌     96,100    0.0    +0.0%    0.0x     중간  1.06  3pt/0 [일봉]
035720  카카오       40,200   46.7    -4.4%    0.3x     하단  7.42  3pt/0 [5분]
030200  KT        53,800    0.0    +0.0%    0.0x     중간  1.66  4pt/0 [일봉]
003490  대한항공      24,950    0.0    +0.0%    0.0x     중간  2.47  5pt/0 [일봉]
004020  현대제철      36,150    0.0    +0.0%    0.0x     중간  0.82  3pt/0 [일봉]
078930  GS        73,000    0.0    +0.0%    0.0x     중간  1.43  4pt/0 [일봉]

══════════════════════════════════════════════════
📉 KODEX200 -3.9% 급락 — 신규 매수 중단
→ 전종목 HOLD
✅ Discord 전송 완료

[11:18] HOLD | KODEX RSI58/-3.9%⬆️⚠️ | 보유:없음 | 최고신호 대한항공(003490) 5pt/3pt [강세+3.9%★★ / 호가2.5★]
💰 예수금 0원 | KODEX200 RSI58/-4.1% 상승추세⬆️ 과열⚠️ | 매수기준 점수3pt↑

코드      종목명           가격    RSI     변화율    거래량     BB   호가비  B/S
────────────────────────────────────────────────────────────────────────
[2단계 분석 대상: 035720, 000880, 086520, 247540, 003490]

══════════════════════════════════════════════════
📉 KODEX200 -4.1% 급락 — 신규 매수 중단
→ 전종목 HOLD
✅ Discord 전송 완료

[11:20] HOLD | KODEX RSI58/-4.1%⬆️⚠️ | 보유:없음 | 💸예수금부족
💰 예수금 97,571원 | KODEX200 RSI59/-3.6% 상승추세⬆️ 과열⚠️ | 매수기준 점수3pt↑

코드      종목명           가격    RSI     변화율    거래량     BB   호가비  B/S
────────────────────────────────────────────────────────────────────────
[2단계 분석 대상: 247540, 000880, 035720, 086520, 000150]
403870  HPSP      53,600    0.0    +0.0%    0.0x     중간  0.76  3pt/0 [일봉]
272210  한화시스템     94,100    0.0    +0.0%    0.0x     중간  0.52  3pt/0 [일봉]
011200  HMM       19,530    0.0    +0.0%    0.0x     중간  1.78  4pt/0 [일봉]
015760  한국전력      38,150    0.0    +0.0%    0.0x     중간  1.86  4pt/0 [일봉]
034020  두산에너빌     96,100    0.0    +0.0%    0.0x     중간  1.04  3pt/0 [일봉]
035720  카카오       40,300   40.7    -4.2%    0.3x     하단  8.31  2pt/0 [5분]
030200  KT        53,800    0.0    +0.0%    0.0x     중간  1.74  4pt/0 [일봉]
003490  대한항공      25,050    0.0    +0.0%    0.0x     중간  1.66  4pt/0 [일봉]
004020  현대제철      36,150    0.0    +0.0%    0.0x     중간  0.83  3pt/0 [일봉]
078930  GS        73,100    0.0    +0.0%    0.0x     중간  1.78  4pt/0 [일봉]

══════════════════════════════════════════════════
📉 KODEX200 -3.6% 급락 — 신규 매수 중단
→ 전종목 HOLD
✅ Discord 전송 완료

[11:22] HOLD | KODEX RSI59/-3.6%⬆️⚠️ | 보유:없음 | 최고신호 HMM(011200) 4pt/3pt [강세+3.6%★★ / 호가1.8]
💰 예수금 97,571원 | KODEX200 RSI59/-3.4% 상승추세⬆️ 과열⚠️ | 매수기준 점수3pt↑

코드      종목명           가격    RSI     변화율    거래량     BB   호가비  B/S
────────────────────────────────────────────────────────────────────────
[2단계 분석 대상: 035720, 000880, 247540, 000150, 003490]
403870  HPSP      53,100    0.0    +0.0%    0.0x     중간  1.04  3pt/0 [일봉]
272210  한화시스템     94,000    0.0    +0.0%    0.0x     중간  0.38  3pt/0 [일봉]
011200  HMM       19,540    0.0    +0.0%    0.0x     중간  2.19  5pt/0 [일봉]
015760  한국전력      38,150    0.0    +0.0%    0.0x     중간  1.84  4pt/0 [일봉]
034020  두산에너빌     96,100    0.0    +0.0%    0.0x     중간  1.01  3pt/0 [일봉]
035720  카카오       40,300   40.7    -4.2%    0.3x     하단  8.47  2pt/0 [5분]
030200  KT        53,800    0.0    +0.0%    0.0x     중간  1.57  4pt/0 [일봉]
003490  대한항공      25,000   45.5    -0.4%    0.4x     중간  3.20  6pt/0 [5분]
004020  현대제철      36,100    0.0    +0.0%    0.0x     중간  1.09  3pt/0 [일봉]
078930  GS        73,100    0.0    +0.0%    0.0x     중간  1.76  4pt/0 [일봉]

══════════════════════════════════════════════════
📉 KODEX200 -3.4% 급락 — 신규 매수 중단
→ 전종목 HOLD
✅ Discord 전송 완료

[11:24] HOLD | KODEX RSI59/-3.4%⬆️⚠️ | 보유:없음 | 최고신호 대한항공(003490) 6pt/3pt [강세+3.0%★★ / 호가3.2★ / RSI46]
💰 예수금 97,571원 | KODEX200 RSI59/-3.3% 상승추세⬆️ 과열⚠️ | 매수기준 점수3pt↑

코드      종목명           가격    RSI     변화율    거래량     BB   호가비  B/S
────────────────────────────────────────────────────────────────────────
[2단계 분석 대상: 035720, 000880, 247540, 003490, 000720]
403870  HPSP      53,300    0.0    +0.0%    0.0x     중간  0.56  3pt/0 [일봉]
272210  한화시스템     93,800    0.0    +0.0%    0.0x     중간  0.43  3pt/0 [일봉]
011200  HMM       19,520    0.0    +0.0%    0.0x     중간  2.54  5pt/0 [일봉]
015760  한국전력      38,150    0.0    +0.0%    0.0x     중간  1.79  4pt/0 [일봉]
034020  두산에너빌     96,300    0.0    +0.0%    0.0x     중간  0.93  3pt/0 [일봉]
035720  카카오       40,300   42.3    -4.0%    0.3x     하단  8.87  2pt/0 [5분]
030200  KT        53,800    0.0    +0.0%    0.0x     중간  1.62  4pt/0 [일봉]
003490  대한항공      25,000   45.5    -0.2%    0.4x     중간  3.35  6pt/0 [5분]
004020  현대제철      36,100    0.0    +0.0%    0.0x     중간  0.95  3pt/0 [일봉]
078930  GS        73,000    0.0    +0.0%    0.0x     중간  0.95  3pt/0 [일봉]

══════════════════════════════════════════════════
📉 KODEX200 -3.3% 급락 — 신규 매수 중단
→ 전종목 HOLD
✅ Discord 전송 완료

[11:26] HOLD | KODEX RSI59/-3.3%⬆️⚠️ | 보유:없음 | 최고신호 대한항공(003490) 6pt/3pt [강세+3.1%★★ / 호가3.4★ / RSI46]
💰 예수금 97,571원 | KODEX200 RSI60/-3.1% 상승추세⬆️ 과열⚠️ | 매수기준 점수3pt↑

코드      종목명           가격    RSI     변화율    거래량     BB   호가비  B/S
────────────────────────────────────────────────────────────────────────
[2단계 분석 대상: 035720, 247540, 003490, 066970, 096770]
403870  HPSP      53,800    0.0    +0.0%    0.0x     중간  0.37  3pt/0 [일봉]
272210  한화시스템     93,700    0.0    +0.0%    0.0x     중간  0.57  3pt/0 [일봉]
011200  HMM       19,520    0.0    +0.0%    0.0x     중간  2.86  5pt/0 [일봉]
015760  한국전력      38,100    0.0    +0.0%    0.0x     중간  1.82  4pt/0 [일봉]
034020  두산에너빌     96,300    0.0    +0.0%    0.0x     중간  0.94  3pt/0 [일봉]
035720  카카오       40,250   42.3    -4.3%    0.3x     하단  9.51  2pt/0 [5분]
030200  KT        53,800    0.0    +0.0%    0.0x     중간  2.19  5pt/0 [일봉]
003490  대한항공      25,000   45.5    -0.2%    0.4x     중간  3.32  6pt/0 [5분]
004020  현대제철      36,050    0.0    +0.0%    0.0x     중간  1.10  3pt/0 [일봉]
078930  GS        73,000    0.0    +0.0%    0.0x     중간  0.78  3pt/0 [일봉]

══════════════════════════════════════════════════
📉 KODEX200 -3.1% 급락 — 신규 매수 중단
→ 전종목 HOLD
✅ Discord 전송 완료

[11:28] HOLD | KODEX RSI60/-3.1%⬆️⚠️ | 보유:없음 | 최고신호 대한항공(003490) 6pt/3pt [강세+2.9%★★ / 호가3.3★ / RSI46]
💰 예수금 97,571원 | KODEX200 RSI60/-3.0% 상승추세⬆️ 과열⚠️ | 매수기준 점수3pt↑

코드      종목명           가격    RSI     변화율    거래량     BB   호가비  B/S
────────────────────────────────────────────────────────────────────────
[2단계 분석 대상: 035720, 247540, 086520, 003490, 096770]
403870  HPSP      54,000    0.0    +0.0%    0.0x     중간  0.33  3pt/0 [일봉]
272210  한화시스템     93,900    0.0    +0.0%    0.0x     중간  0.51  3pt/0 [일봉]
011200  HMM       19,540    0.0    +0.0%    0.0x     중간  2.17  5pt/0 [일봉]
015760  한국전력      38,150    0.0    +0.0%    0.0x     중간  1.95  4pt/0 [일봉]
034020  두산에너빌     96,300    0.0    +0.0%    0.0x     중간  0.94  3pt/0 [일봉]
035720  카카오       40,250   40.0    -4.3%    0.3x     하단  8.61  2pt/0 [5분]
030200  KT        53,800    0.0    +0.0%    0.0x     중간  2.26  5pt/0 [일봉]
003490  대한항공      25,000   42.9    -0.2%    0.4x     중간  3.34  5pt/0 [5분]
004020  현대제철      36,000    0.0    +0.0%    0.0x     중간  1.61  4pt/0 [일봉]
078930  GS        73,000    0.0    +0.0%    0.0x     중간  1.13  3pt/0 [일봉]

══════════════════════════════════════════════════
⏰ 점심시간 (11:30~13:30) — 신규 매수 중단
→ 전종목 HOLD
✅ Discord 전송 완료

[11:30] HOLD | KODEX RSI60/-3.0%⬆️⚠️ | 보유:없음 | 최고신호 HMM(011200) 5pt/3pt [강세+3.0%★★ / 호가2.2★]
💰 예수금 97,571원 | KODEX200 RSI60/-3.1% 상승추세⬆️ 과열⚠️ | 매수기준 점수3pt↑

코드      종목명           가격    RSI     변화율    거래량     BB   호가비  B/S
────────────────────────────────────────────────────────────────────────
[2단계 분석 대상: 035720, 000720, 247540, 003490, 010950]
403870  HPSP      54,000    0.0    +0.0%    0.0x     중간  0.19  3pt/0 [일봉]
272210  한화시스템     94,300    0.0    +0.0%    0.0x     중간  0.31  3pt/0 [일봉]
011200  HMM       19,560    0.0    +0.0%    0.0x     중간  0.91  3pt/0 [일봉]
015760  한국전력      38,200    0.0    +0.0%    0.0x     중간  1.95  4pt/0 [일봉]
034020  두산에너빌     96,700    0.0    +0.0%    0.0x     중간  0.68  3pt/0 [일봉]
035720  카카오       40,350   40.0    -4.2%    0.3x     하단  6.83  2pt/0 [5분]
030200  KT        53,800    0.0    +0.0%    0.0x     중간  2.32  5pt/0 [일봉]
003490  대한항공      25,000   42.9    -0.4%    0.4x     중간  3.66  5pt/0 [5분]
004020  현대제철      36,000    0.0    +0.0%    0.0x     중간  2.02  5pt/0 [일봉]
078930  GS        73,100    0.0    +0.0%    0.0x     중간  0.78  3pt/0 [일봉]

══════════════════════════════════════════════════
⏰ 점심시간 (11:30~13:30) — 신규 매수 중단
→ 전종목 HOLD
✅ Discord 전송 완료

[11:32] HOLD | KODEX RSI60/-3.1%⬆️⚠️ | 보유:없음 | 최고신호 KT(030200) 5pt/3pt [강세+3.1%★★ / 호가2.3★]
💰 예수금 97,571원 | KODEX200 RSI59/-3.5% 상승추세⬆️ 과열⚠️ | 매수기준 점수3pt↑

코드      종목명           가격    RSI     변화율    거래량     BB   호가비  B/S
────────────────────────────────────────────────────────────────────────
[2단계 분석 대상: 035720, 247540, 000720, 003490, 086520]
403870  HPSP      53,700    0.0    +0.0%    0.0x     중간  0.57  3pt/0 [일봉]
272210  한화시스템     94,100    0.0    +0.0%    0.0x     중간  0.39  3pt/0 [일봉]
011200  HMM       19,600    0.0    +0.0%    0.0x     중간  0.98  3pt/0 [일봉]
015760  한국전력      38,200    0.0    +0.0%    0.0x     중간  1.75  4pt/0 [일봉]
034020  두산에너빌     96,600    0.0    +0.0%    0.0x     중간  0.90  3pt/0 [일봉]
035720  카카오       40,300   46.2    -4.2%    0.3x     하단  9.87  3pt/0 [5분]
030200  KT        53,800    0.0    +0.0%    0.0x     중간  2.31  5pt/0 [일봉]
003490  대한항공      25,000   50.0    -0.2%    0.4x     중간  3.81  6pt/0 [5분]
004020  현대제철      36,000    0.0    +0.0%    0.0x     중간  1.58  4pt/0 [일봉]
078930  GS        73,300    0.0    +0.0%    0.0x     중간  0.55  3pt/0 [일봉]

══════════════════════════════════════════════════
⏰ 점심시간 (11:30~13:30) — 신규 매수 중단
→ 전종목 HOLD
✅ Discord 전송 완료

[11:34] HOLD | KODEX RSI59/-3.5%⬆️⚠️ | 보유:없음 | 최고신호 대한항공(003490) 6pt/3pt [강세+3.2%★★ / 호가3.8★ / RSI50]
💰 예수금 97,571원 | KODEX200 RSI60/-3.0% 상승추세⬆️ 과열⚠️ | 매수기준 점수3pt↑

코드      종목명           가격    RSI     변화율    거래량     BB   호가비  B/S
────────────────────────────────────────────────────────────────────────
[2단계 분석 대상: 035720, 003490, 000880, 086520, 030200]
403870  HPSP      53,300    0.0    +0.0%    0.0x     중간  1.00  3pt/0 [일봉]
272210  한화시스템     94,100    0.0    +0.0%    0.0x     중간  0.34  3pt/0 [일봉]
011200  HMM       19,620    0.0    +0.0%    0.0x     중간  0.63  3pt/0 [일봉]
015760  한국전력      38,250    0.0    +0.0%    0.0x     중간  1.81  4pt/0 [일봉]
034020  두산에너빌     96,600    0.0    +0.0%    0.0x     중간  0.90  3pt/0 [일봉]
035720  카카오       40,300   46.2    -4.2%    0.3x     하단  8.36  3pt/0 [5분]
030200  KT        53,800   33.3    -1.5%    0.3x     중간  2.34  5pt/0 [5분]
003490  대한항공      25,000   50.0    -0.2%    0.4x     중간  4.04  6pt/0 [5분]
004020  현대제철      36,050    0.0    +0.0%    0.0x     중간  1.06  3pt/0 [일봉]
078930  GS        73,300    0.0    +0.0%    0.0x     중간  0.65  3pt/0 [일봉]

══════════════════════════════════════════════════
⏰ 점심시간 (11:30~13:30) — 신규 매수 중단
→ 전종목 HOLD
✅ Discord 전송 완료

[11:36] HOLD | KODEX RSI60/-3.0%⬆️⚠️ | 보유:없음 | 최고신호 대한항공(003490) 6pt/3pt [강세+2.8%★★ / 호가4.0★ / RSI50]
💰 예수금 97,571원 | KODEX200 RSI59/-3.3% 상승추세⬆️ 과열⚠️ | 매수기준 점수3pt↑

코드      종목명           가격    RSI     변화율    거래량     BB   호가비  B/S
────────────────────────────────────────────────────────────────────────
[2단계 분석 대상: 247540, 035720, 003490, 000880, 086520]
403870  HPSP      53,200    0.0    +0.0%    0.0x     중간  0.94  3pt/0 [일봉]
272210  한화시스템     94,200    0.0    +0.0%    0.0x     중간  0.30  3pt/0 [일봉]
011200  HMM       19,620    0.0    +0.0%    0.0x     중간  0.46  3pt/0 [일봉]
015760  한국전력      38,250    0.0    +0.0%    0.0x     중간  1.70  4pt/0 [일봉]
034020  두산에너빌     96,800    0.0    +0.0%    0.0x     중간  0.95  3pt/0 [일봉]
035720  카카오       40,300   46.2    -4.2%    0.3x     하단  6.70  3pt/0 [5분]
030200  KT        53,800    0.0    +0.0%    0.0x     중간  2.42  5pt/0 [일봉]
003490  대한항공      25,050   50.0    -0.4%    0.4x     중간  3.36  6pt/0 [5분]
004020  현대제철      36,000    0.0    +0.0%    0.0x     중간  1.98  4pt/0 [일봉]
078930  GS        73,300    0.0    +0.0%    0.0x     중간  0.74  3pt/0 [일봉]

══════════════════════════════════════════════════
⏰ 점심시간 (11:30~13:30) — 신규 매수 중단
→ 전종목 HOLD
✅ Discord 전송 완료

[11:38] HOLD | KODEX RSI59/-3.3%⬆️⚠️ | 보유:없음 | 최고신호 대한항공(003490) 6pt/3pt [강세+2.9%★★ / 호가3.4★ / RSI50]
💰 예수금 97,571원 | KODEX200 RSI59/-3.5% 상승추세⬆️ 과열⚠️ | 매수기준 점수3pt↑

코드      종목명           가격    RSI     변화율    거래량     BB   호가비  B/S
────────────────────────────────────────────────────────────────────────
[2단계 분석 대상: 247540, 035720, 003490, 086520, 000880]
403870  HPSP      53,500    0.0    +0.0%    0.0x     중간  0.80  3pt/0 [일봉]
272210  한화시스템     94,100    0.0    +0.0%    0.0x     중간  0.35  3pt/0 [일봉]
011200  HMM       19,570    0.0    +0.0%    0.0x     중간  1.04  3pt/0 [일봉]
015760  한국전력      38,150    0.0    +0.0%    0.0x     중간  1.64  4pt/0 [일봉]
034020  두산에너빌     96,300    0.0    +0.0%    0.0x     중간  2.16  5pt/0 [일봉]
035720  카카오       40,200   48.1    -4.4%    0.3x     하단  7.28  3pt/0 [5분]
030200  KT        53,800    0.0    +0.0%    0.0x     중간  2.29  5pt/0 [일봉]
003490  대한항공      25,000   50.0    -0.2%    0.4x     중간  3.94  6pt/0 [5분]
004020  현대제철      35,950    0.0    +0.0%    0.0x     중간  2.61  5pt/0 [일봉]
078930  GS        73,300    0.0    +0.0%    0.0x     중간  0.48  3pt/0 [일봉]

══════════════════════════════════════════════════
⏰ 점심시간 (11:30~13:30) — 신규 매수 중단
→ 전종목 HOLD
✅ Discord 전송 완료

[11:40] HOLD | KODEX RSI59/-3.5%⬆️⚠️ | 보유:없음 | 최고신호 대한항공(003490) 6pt/3pt [강세+3.3%★★ / 호가3.9★ / RSI50]
💰 예수금 97,571원 | KODEX200 RSI59/-3.6% 상승추세⬆️ 과열⚠️ | 매수기준 점수3pt↑

코드      종목명           가격    RSI     변화율    거래량     BB   호가비  B/S
────────────────────────────────────────────────────────────────────────
[2단계 분석 대상: 247540, 035720, 003490, 086520, 066970]
403870  HPSP      53,600    0.0    +0.0%    0.0x     중간  0.49  3pt/0 [일봉]
272210  한화시스템     94,100    0.0    +0.0%    0.0x     중간  0.36  3pt/0 [일봉]
011200  HMM       19,560    0.0    +0.0%    0.0x     중간  1.17  3pt/0 [일봉]
015760  한국전력      38,150    0.0    +0.0%    0.0x     중간  1.91  4pt/0 [일봉]
034020  두산에너빌     96,300    0.0    +0.0%    0.0x     중간  2.50  5pt/0 [일봉]
035720  카카오       40,250   48.1    -4.4%    0.3x     하단  6.39  3pt/0 [5분]
030200  KT        53,800    0.0    +0.0%    0.0x     중간  2.18  5pt/0 [일봉]
003490  대한항공      24,950   50.0    -0.4%    0.4x     중간  5.89  6pt/0 [5분]
004020  현대제철      35,950    0.0    +0.0%    0.0x     중간  2.22  5pt/0 [일봉]
078930  GS        73,300    0.0    +0.0%    0.0x     중간  0.53  3pt/0 [일봉]

══════════════════════════════════════════════════
⏰ 점심시간 (11:30~13:30) — 신규 매수 중단
→ 전종목 HOLD
✅ Discord 전송 완료

[11:42] HOLD | KODEX RSI59/-3.6%⬆️⚠️ | 보유:없음 | 최고신호 대한항공(003490) 6pt/3pt [강세+3.2%★★ / 호가5.9★ / RSI50]
💰 예수금 97,571원 | KODEX200 RSI59/-3.8% 상승추세⬆️ 과열⚠️ | 매수기준 점수3pt↑

코드      종목명           가격    RSI     변화율    거래량     BB   호가비  B/S
────────────────────────────────────────────────────────────────────────
[2단계 분석 대상: 247540, 035720, 066970, 003490, 086520]
403870  HPSP      53,700    0.0    +0.0%    0.0x     중간  0.27  3pt/0 [일봉]
272210  한화시스템     94,000    0.0    +0.0%    0.0x     중간  1.05  3pt/0 [일봉]
011200  HMM       19,550    0.0    +0.0%    0.0x     중간  0.65  3pt/0 [일봉]
015760  한국전력      38,150    0.0    +0.0%    0.0x     중간  1.80  4pt/0 [일봉]
034020  두산에너빌     96,200    0.0    +0.0%    0.0x     중간  2.11  5pt/0 [일봉]
035720  카카오       40,200   50.0    -4.4%    0.3x     하단  6.53  3pt/0 [5분]
030200  KT        53,800    0.0    +0.0%    0.0x     중간  2.23  5pt/0 [일봉]
003490  대한항공      24,950   45.0    -0.6%    0.4x     중간  4.15  6pt/0 [5분]
004020  현대제철      35,950    0.0    +0.0%    0.0x     중간  2.92  5pt/0 [일봉]
078930  GS        73,300    0.0    +0.0%    0.0x     중간  0.64  3pt/0 [일봉]

══════════════════════════════════════════════════
⏰ 점심시간 (11:30~13:30) — 신규 매수 중단
→ 전종목 HOLD
✅ Discord 전송 완료

[11:44] HOLD | KODEX RSI59/-3.8%⬆️⚠️ | 보유:없음 | 최고신호 대한항공(003490) 6pt/3pt [강세+3.2%★★ / 호가4.2★ / RSI45]
💰 예수금 97,571원 | KODEX200 RSI58/-3.9% 상승추세⬆️ 과열⚠️ | 매수기준 점수3pt↑

코드      종목명           가격    RSI     변화율    거래량     BB   호가비  B/S
────────────────────────────────────────────────────────────────────────
[2단계 분석 대상: 247540, 035720, 066970, 003490, 000880]
403870  HPSP      54,000    0.0    +0.0%    0.0x     중간  0.22  3pt/0 [일봉]
272210  한화시스템     94,200    0.0    +0.0%    0.0x     중간  0.77  3pt/0 [일봉]
011200  HMM       19,560    0.0    +0.0%    0.0x     중간  0.81  3pt/0 [일봉]
015760  한국전력      38,150    0.0    +0.0%    0.0x     중간  1.78  4pt/0 [일봉]
034020  두산에너빌     96,600    0.0    +0.0%    0.0x     중간  1.01  3pt/0 [일봉]
035720  카카오       40,250   50.0    -4.2%    0.4x     하단  6.39  3pt/0 [5분]
030200  KT        53,800    0.0    +0.0%    0.0x     중간  2.31  5pt/0 [일봉]
003490  대한항공      24,950   45.0    -0.4%    0.4x     중간  3.28  6pt/0 [5분]
004020  현대제철      36,100    0.0    +0.0%    0.0x     중간  1.26  3pt/0 [일봉]
078930  GS        73,400    0.0    +0.0%    0.0x     중간  0.47  3pt/0 [일봉]

══════════════════════════════════════════════════
⏰ 점심시간 (11:30~13:30) — 신규 매수 중단
→ 전종목 HOLD
✅ Discord 전송 완료

[11:46] HOLD | KODEX RSI58/-3.9%⬆️⚠️ | 보유:없음 | 최고신호 대한항공(003490) 6pt/3pt [강세+3.5%★★ / 호가3.3★ / RSI45]
💰 예수금 97,571원 | KODEX200 RSI59/-3.7% 상승추세⬆️ 과열⚠️ | 매수기준 점수3pt↑

코드      종목명           가격    RSI     변화율    거래량     BB   호가비  B/S
────────────────────────────────────────────────────────────────────────
[2단계 분석 대상: 247540, 035720, 000880, 003490, 086520]
403870  HPSP      54,200    0.0    +0.0%    0.0x     중간  0.15  3pt/0 [일봉]
272210  한화시스템     94,000    0.0    +0.0%    0.0x     중간  0.90  3pt/0 [일봉]
011200  HMM       19,550    0.0    +0.0%    0.0x     중간  0.82  3pt/0 [일봉]
015760  한국전력      38,250    0.0    +0.0%    0.0x     중간  1.90  4pt/0 [일봉]
034020  두산에너빌     96,500    0.0    +0.0%    0.0x     중간  1.42  4pt/0 [일봉]
035720  카카오       40,250   50.0    -4.2%    0.4x     하단  5.93  3pt/0 [5분]
030200  KT        53,800    0.0    +0.0%    0.0x     중간  2.33  5pt/0 [일봉]
003490  대한항공      24,950   45.0    -0.6%    0.4x     중간  4.34  6pt/0 [5분]
004020  현대제철      36,100    0.0    +0.0%    0.0x     중간  1.08  3pt/0 [일봉]
078930  GS        73,500    0.0    +0.0%    0.0x     중간  0.46  3pt/0 [일봉]

══════════════════════════════════════════════════
⏰ 점심시간 (11:30~13:30) — 신규 매수 중단
→ 전종목 HOLD
✅ Discord 전송 완료

[11:48] HOLD | KODEX RSI59/-3.7%⬆️⚠️ | 보유:없음 | 최고신호 대한항공(003490) 6pt/3pt [강세+3.1%★★ / 호가4.3★ / RSI45]
💰 예수금 97,571원 | KODEX200 RSI58/-4.0% 상승추세⬆️ 과열⚠️ | 매수기준 점수3pt↑

코드      종목명           가격    RSI     변화율    거래량     BB   호가비  B/S
────────────────────────────────────────────────────────────────────────
[2단계 분석 대상: 035720, 000880, 086520, 000720, 003490]
403870  HPSP      54,500    0.0    +0.0%    0.0x     중간  0.20  3pt/0 [일봉]
272210  한화시스템     93,800    0.0    +0.0%    0.0x     중간  1.00  3pt/0 [일봉]
011200  HMM       19,550    0.0    +0.0%    0.0x     중간  0.87  3pt/0 [일봉]
015760  한국전력      38,150    0.0    +0.0%    0.0x     중간  2.01  5pt/0 [일봉]
034020  두산에너빌     96,400    0.0    +0.0%    0.0x     중간  1.90  4pt/0 [일봉]
035720  카카오       40,200   53.8    -4.4%    0.4x     하단  7.07  3pt/0 [5분]
030200  KT        53,800    0.0    +0.0%    0.0x     중간  2.53  5pt/0 [일봉]
003490  대한항공      24,950   55.0    -0.8%    0.4x     하단  4.37  6pt/0 [5분]
004020  현대제철      36,050    0.0    +0.0%    0.0x     중간  1.37  4pt/0 [일봉]
078930  GS        73,500    0.0    +0.0%    0.0x     중간  0.66  3pt/0 [일봉]

══════════════════════════════════════════════════
⏰ 점심시간 (11:30~13:30) — 신규 매수 중단
→ 전종목 HOLD
✅ Discord 전송 완료

[11:50] HOLD | KODEX RSI58/-4.0%⬆️⚠️ | 보유:없음 | 최고신호 대한항공(003490) 6pt/3pt [강세+3.2%★★ / 호가4.4★ / RSI55]
💰 예수금 97,571원 | KODEX200 RSI58/-3.9% 상승추세⬆️ 과열⚠️ | 매수기준 점수3pt↑

코드      종목명           가격    RSI     변화율    거래량     BB   호가비  B/S
────────────────────────────────────────────────────────────────────────
[2단계 분석 대상: 247540, 035720, 086520, 003490, 000720]
403870  HPSP      54,400    0.0    +0.0%    0.0x     중간  0.27  3pt/0 [일봉]
272210  한화시스템     94,100    0.0    +0.0%    0.0x     중간  0.55  3pt/0 [일봉]
011200  HMM       19,550    0.0    +0.0%    0.0x     중간  0.52  3pt/0 [일봉]
015760  한국전력      38,100    0.0    +0.0%    0.0x     중간  2.29  5pt/0 [일봉]
034020  두산에너빌     96,400    0.0    +0.0%    0.0x     중간  1.90  4pt/0 [일봉]
035720  카카오       40,200   53.8    -4.2%    0.4x     하단  5.65  3pt/0 [5분]
030200  KT        53,800    0.0    +0.0%    0.0x     중간  2.58  5pt/0 [일봉]
003490  대한항공      24,950   55.0    -0.2%    0.4x     중간  4.58  6pt/0 [5분]
004020  현대제철      36,100    0.0    +0.0%    0.0x     중간  0.88  3pt/0 [일봉]
078930  GS        73,500    0.0    +0.0%    0.0x     중간  0.32  3pt/0 [일봉]

══════════════════════════════════════════════════
⏰ 점심시간 (11:30~13:30) — 신규 매수 중단
→ 전종목 HOLD
✅ Discord 전송 완료

[11:52] HOLD | KODEX RSI58/-3.9%⬆️⚠️ | 보유:없음 | 최고신호 대한항공(003490) 6pt/3pt [강세+3.6%★★ / 호가4.6★ / RSI55]
💰 예수금 97,571원 | KODEX200 RSI58/-3.9% 상승추세⬆️ 과열⚠️ | 매수기준 점수3pt↑

코드      종목명           가격    RSI     변화율    거래량     BB   호가비  B/S
────────────────────────────────────────────────────────────────────────
[2단계 분석 대상: 247540, 035720, 000720, 003490, 086520]
403870  HPSP      54,100    0.0    +0.0%    0.0x     중간  0.27  3pt/0 [일봉]
272210  한화시스템     94,300    0.0    +0.0%    0.0x     중간  0.57  3pt/0 [일봉]
011200  HMM       19,560    0.0    +0.0%    0.0x     중간  0.38  3pt/0 [일봉]
015760  한국전력      38,150    0.0    +0.0%    0.0x     중간  2.05  5pt/0 [일봉]
034020  두산에너빌     96,400    0.0    +0.0%    0.0x     중간  1.88  4pt/0 [일봉]
035720  카카오       40,200   53.8    -4.4%    0.4x     하단  6.51  3pt/0 [5분]
030200  KT        53,800    0.0    +0.0%    0.0x     중간  2.77  5pt/0 [일봉]
003490  대한항공      24,950   50.0    -0.6%    0.4x     중간  4.56  6pt/0 [5분]
004020  현대제철      36,100    0.0    +0.0%    0.0x     중간  1.06  3pt/0 [일봉]
078930  GS        73,400    0.0    +0.0%    0.0x     중간  0.35  3pt/0 [일봉]

══════════════════════════════════════════════════
⏰ 점심시간 (11:30~13:30) — 신규 매수 중단
→ 전종목 HOLD
✅ Discord 전송 완료

[11:54] HOLD | KODEX RSI58/-3.9%⬆️⚠️ | 보유:없음 | 최고신호 대한항공(003490) 6pt/3pt [강세+3.3%★★ / 호가4.6★ / RSI50]
💰 예수금 97,571원 | KODEX200 RSI58/-4.3% 상승추세⬆️ 과열⚠️ | 매수기준 점수3pt↑

코드      종목명           가격    RSI     변화율    거래량     BB   호가비  B/S
────────────────────────────────────────────────────────────────────────
[2단계 분석 대상: 066970, 247540, 035720, 000720, 086520]
403870  HPSP      53,900    0.0    +0.0%    0.0x     중간  1.06  3pt/0 [일봉]
272210  한화시스템     94,400    0.0    +0.0%    0.0x     중간  0.63  3pt/0 [일봉]
011200  HMM       19,550    0.0    +0.0%    0.0x     중간  0.41  3pt/0 [일봉]
015760  한국전력      38,100    0.0    +0.0%    0.0x     중간  2.23  5pt/0 [일봉]
034020  두산에너빌     96,200    0.0    +0.0%    0.0x     중간  2.25  5pt/0 [일봉]
035720  카카오       40,150   56.0    -4.5%    0.4x     하단  7.85  3pt/0 [5분]
030200  KT        53,800    0.0    +0.0%    0.0x     중간  2.77  5pt/0 [일봉]
003490  대한항공      24,950    0.0    +0.0%    0.0x     중간  4.06  5pt/0 [일봉]
004020  현대제철      35,950    0.0    +0.0%    0.0x     중간  2.55  5pt/0 [일봉]
078930  GS        73,300    0.0    +0.0%    0.0x     중간  0.41  3pt/0 [일봉]

══════════════════════════════════════════════════
⏰ 점심시간 (11:30~13:30) — 신규 매수 중단
→ 전종목 HOLD
✅ Discord 전송 완료

[11:56] HOLD | KODEX RSI58/-4.3%⬆️⚠️ | 보유:없음 | 최고신호 한국전력(015760) 5pt/3pt [강세+4.3%★★ / 호가2.2★]
💰 예수금 97,571원 | KODEX200 RSI58/-4.2% 상승추세⬆️ 과열⚠️ | 매수기준 점수3pt↑

코드      종목명           가격    RSI     변화율    거래량     BB   호가비  B/S
────────────────────────────────────────────────────────────────────────
[2단계 분석 대상: 066970, 035720, 086520, 003490, 247540]
403870  HPSP      53,700    0.0    +0.0%    0.0x     중간  1.41  4pt/0 [일봉]
272210  한화시스템     94,300    0.0    +0.0%    0.0x     중간  0.71  3pt/0 [일봉]
011200  HMM       19,550    0.0    +0.0%    0.0x     중간  0.26  3pt/0 [일봉]
015760  한국전력      38,100    0.0    +0.0%    0.0x     중간  2.18  5pt/0 [일봉]
034020  두산에너빌     96,200    0.0    +0.0%    0.0x     중간  2.16  5pt/0 [일봉]
035720  카카오       40,150   56.0    -4.5%    0.4x     하단  7.36  3pt/0 [5분]
030200  KT        53,800    0.0    +0.0%    0.0x     중간  2.71  5pt/0 [일봉]
003490  대한항공      24,900   50.0    -0.8%    0.4x     하단  5.47  6pt/0 [5분]
004020  현대제철      36,000    0.0    +0.0%    0.0x     중간  2.12  5pt/0 [일봉]
078930  GS        73,500    0.0    +0.0%    0.0x     중간  0.36  3pt/0 [일봉]

══════════════════════════════════════════════════
⏰ 점심시간 (11:30~13:30) — 신규 매수 중단
→ 전종목 HOLD
✅ Discord 전송 완료

[11:58] HOLD | KODEX RSI58/-4.2%⬆️⚠️ | 보유:없음 | 최고신호 대한항공(003490) 6pt/3pt [강세+3.4%★★ / 호가5.5★ / RSI50]
💰 예수금 97,571원 | KODEX200 RSI58/-4.3% 상승추세⬆️ 과열⚠️ | 매수기준 점수3pt↑

코드      종목명           가격    RSI     변화율    거래량     BB   호가비  B/S
────────────────────────────────────────────────────────────────────────
[2단계 분석 대상: 086520, 035720, 247540, 066970, 000720]
403870  HPSP      53,500    0.0    +0.0%    0.0x     중간  2.57  5pt/0 [일봉]
272210  한화시스템     94,400    0.0    +0.0%    0.0x     중간  0.51  3pt/0 [일봉]
011200  HMM       19,550    0.0    +0.0%    0.0x     중간  0.29  3pt/0 [일봉]
015760  한국전력      38,100    0.0    +0.0%    0.0x     중간  2.15  5pt/0 [일봉]
034020  두산에너빌     96,300    0.0    +0.0%    0.0x     중간  1.82  4pt/0 [일봉]
035720  카카오       40,100   40.0    -4.6%    0.4x     하단  7.41  2pt/0 [5분]
030200  KT        53,800    0.0    +0.0%    0.0x     중간  3.50  5pt/0 [일봉]
003490  대한항공      24,900    0.0    +0.0%    0.0x     중간  5.48  5pt/0 [일봉]
004020  현대제철      35,950    0.0    +0.0%    0.0x     중간  2.71  5pt/0 [일봉]
078930  GS        73,400    0.0    +0.0%    0.0x     중간  0.32  3pt/0 [일봉]

══════════════════════════════════════════════════
⏰ 점심시간 (11:30~13:30) — 신규 매수 중단
→ 전종목 HOLD
✅ Discord 전송 완료

[12:00] HOLD | KODEX RSI58/-4.3%⬆️⚠️ | 보유:없음 | 최고신호 HPSP(403870) 5pt/3pt [강세+4.3%★★ / 호가2.6★]
💰 예수금 97,571원 | KODEX200 RSI58/-4.3% 상승추세⬆️ 과열⚠️ | 매수기준 점수3pt↑

코드      종목명           가격    RSI     변화율    거래량     BB   호가비  B/S
────────────────────────────────────────────────────────────────────────
[2단계 분석 대상: 086520, 035720, 247540, 000720, 003490]
403870  HPSP      53,400    0.0    +0.0%    0.0x     중간  2.82  5pt/0 [일봉]
272210  한화시스템     94,300    0.0    +0.0%    0.0x     중간  0.55  3pt/0 [일봉]
011200  HMM       19,540    0.0    +0.0%    0.0x     중간  0.48  3pt/0 [일봉]
015760  한국전력      38,100    0.0    +0.0%    0.0x     중간  2.10  5pt/0 [일봉]
034020  두산에너빌     96,200    0.0    +0.0%    0.0x     중간  1.77  4pt/0 [일봉]
035720  카카오       40,150   40.0    -4.5%    0.4x     하단  7.73  2pt/0 [5분]
030200  KT        53,800    0.0    +0.0%    0.0x     중간  3.22  5pt/0 [일봉]
003490  대한항공      24,900   50.0    -0.6%    0.4x     중간  5.37  6pt/0 [5분]
004020  현대제철      35,950    0.0    +0.0%    0.0x     중간  2.35  5pt/0 [일봉]
078930  GS        73,400    0.0    +0.0%    0.0x     중간  0.32  3pt/0 [일봉]

══════════════════════════════════════════════════
⏰ 점심시간 (11:30~13:30) — 신규 매수 중단
→ 전종목 HOLD
✅ Discord 전송 완료

[12:02] HOLD | KODEX RSI58/-4.3%⬆️⚠️ | 보유:없음 | 최고신호 대한항공(003490) 6pt/3pt [강세+3.7%★★ / 호가5.4★ / RSI50]
💰 예수금 97,571원 | KODEX200 RSI58/-4.0% 상승추세⬆️ 과열⚠️ | 매수기준 점수3pt↑

코드      종목명           가격    RSI     변화율    거래량     BB   호가비  B/S
────────────────────────────────────────────────────────────────────────
[2단계 분석 대상: 086520, 247540, 035720, 066970, 000720]
403870  HPSP      53,800    0.0    +0.0%    0.0x     중간  0.54  3pt/0 [일봉]
272210  한화시스템     94,500    0.0    +0.0%    0.0x     중간  0.49  3pt/0 [일봉]
011200  HMM       19,540    0.0    +0.0%    0.0x     중간  0.50  3pt/0 [일봉]
015760  한국전력      38,100    0.0    +0.0%    0.0x     중간  2.36  5pt/0 [일봉]
034020  두산에너빌     96,500    0.0    +0.0%    0.0x     중간  1.25  3pt/0 [일봉]
035720  카카오       40,200   41.7    -4.4%    0.4x     하단  7.64  2pt/0 [5분]
030200  KT        53,800    0.0    +0.0%    0.0x     중간  3.48  5pt/0 [일봉]
003490  대한항공      24,950    0.0    +0.0%    0.0x     중간  4.24  5pt/0 [일봉]
004020  현대제철      36,000    0.0    +0.0%    0.0x     중간  1.99  4pt/0 [일봉]
078930  GS        73,600    0.0    +0.0%    0.0x     중간  0.23  3pt/0 [일봉]

══════════════════════════════════════════════════
⏰ 점심시간 (11:30~13:30) — 신규 매수 중단
→ 전종목 HOLD
✅ Discord 전송 완료

[12:04] HOLD | KODEX RSI58/-4.0%⬆️⚠️ | 보유:없음 | 최고신호 한국전력(015760) 5pt/3pt [강세+4.0%★★ / 호가2.4★]
💰 예수금 97,571원 | KODEX200 RSI58/-4.2% 상승추세⬆️ 과열⚠️ | 매수기준 점수3pt↑

코드      종목명           가격    RSI     변화율    거래량     BB   호가비  B/S
────────────────────────────────────────────────────────────────────────
[2단계 분석 대상: 247540, 035720, 086520, 003490, 000720]
403870  HPSP      54,000    0.0    +0.0%    0.0x     중간  0.29  3pt/0 [일봉]
272210  한화시스템     94,300    0.0    +0.0%    0.0x     중간  0.62  3pt/0 [일봉]
011200  HMM       19,540    0.0    +0.0%    0.0x     중간  0.34  3pt/0 [일봉]
015760  한국전력      38,100    0.0    +0.0%    0.0x     중간  2.17  5pt/0 [일봉]
034020  두산에너빌     96,400    0.0    +0.0%    0.0x     중간  1.76  4pt/0 [일봉]
035720  카카오       40,150   41.7    -4.5%    0.4x     하단  9.18  2pt/0 [5분]
030200  KT        53,800    0.0    +0.0%    0.0x     중간  3.13  5pt/0 [일봉]
003490  대한항공      24,950   52.4    -0.6%    0.4x     중간  5.39  6pt/0 [5분]
004020  현대제철      35,950    0.0    +0.0%    0.0x     중간  2.09  5pt/0 [일봉]
078930  GS        73,400    0.0    +0.0%    0.0x     중간  0.33  3pt/0 [일봉]

══════════════════════════════════════════════════
⏰ 점심시간 (11:30~13:30) — 신규 매수 중단
→ 전종목 HOLD
✅ Discord 전송 완료

[12:06] HOLD | KODEX RSI58/-4.2%⬆️⚠️ | 보유:없음 | 최고신호 대한항공(003490) 6pt/3pt [강세+3.6%★★ / 호가5.4★ / RSI52]
💰 예수금 97,571원 | KODEX200 RSI58/-4.3% 상승추세⬆️ 과열⚠️ | 매수기준 점수3pt↑

코드      종목명           가격    RSI     변화율    거래량     BB   호가비  B/S
────────────────────────────────────────────────────────────────────────
[2단계 분석 대상: 086520, 035720, 003490, 015760, 247540]
403870  HPSP      53,900    0.0    +0.0%    0.0x     중간  0.41  3pt/0 [일봉]
272210  한화시스템     94,200    0.0    +0.0%    0.0x     중간  0.75  3pt/0 [일봉]
011200  HMM       19,520    0.0    +0.0%    0.0x     중간  0.49  3pt/0 [일봉]
015760  한국전력      38,000   40.9    -1.8%    0.6x     하단  5.03  5pt/0 [5분]
034020  두산에너빌     96,200    0.0    +0.0%    0.0x     중간  2.05  5pt/0 [일봉]
035720  카카오       40,150   41.7    -4.5%    0.4x     하단  9.91  2pt/0 [5분]
030200  KT        53,800    0.0    +0.0%    0.0x     중간  3.06  5pt/0 [일봉]
003490  대한항공      24,950   52.4    -0.6%    0.4x     중간  5.47  6pt/0 [5분]
004020  현대제철      35,900    0.0    +0.0%    0.0x     중간  2.40  5pt/0 [일봉]
078930  GS        73,400    0.0    +0.0%    0.0x     중간  0.26  3pt/0 [일봉]

══════════════════════════════════════════════════
⏰ 점심시간 (11:30~13:30) — 신규 매수 중단
→ 전종목 HOLD
✅ Discord 전송 완료

[12:08] HOLD | KODEX RSI58/-4.3%⬆️⚠️ | 보유:없음 | 최고신호 대한항공(003490) 6pt/3pt [강세+3.7%★★ / 호가5.5★ / RSI52]
💰 예수금 97,571원 | KODEX200 RSI58/-4.2% 상승추세⬆️ 과열⚠️ | 매수기준 점수3pt↑

코드      종목명           가격    RSI     변화율    거래량     BB   호가비  B/S
────────────────────────────────────────────────────────────────────────
[2단계 분석 대상: 035720, 086520, 247540, 000720, 042660]
403870  HPSP      53,800    0.0    +0.0%    0.0x     중간  0.53  3pt/0 [일봉]
272210  한화시스템     94,300    0.0    +0.0%    0.0x     중간  0.55  3pt/0 [일봉]
011200  HMM       19,530    0.0    +0.0%    0.0x     중간  0.61  3pt/0 [일봉]
015760  한국전력      38,150    0.0    +0.0%    0.0x     중간  2.01  5pt/0 [일봉]
034020  두산에너빌     96,400    0.0    +0.0%    0.0x     중간  1.60  4pt/0 [일봉]
035720  카카오       40,200   41.7    -4.4%    0.4x     하단  9.32  2pt/0 [5분]
030200  KT        53,800    0.0    +0.0%    0.0x     중간  3.52  5pt/0 [일봉]
003490  대한항공      25,000    0.0    +0.0%    0.0x     중간  4.24  5pt/0 [일봉]
004020  현대제철      35,950    0.0    +0.0%    0.0x     중간  1.88  4pt/0 [일봉]
078930  GS        73,700    0.0    +0.0%    0.0x     중간  0.21  3pt/0 [일봉]

══════════════════════════════════════════════════
⏰ 점심시간 (11:30~13:30) — 신규 매수 중단
→ 전종목 HOLD
✅ Discord 전송 완료

[12:10] HOLD | KODEX RSI58/-4.2%⬆️⚠️ | 보유:없음 | 최고신호 한국전력(015760) 5pt/3pt [강세+4.2%★★ / 호가2.0★]
💰 예수금 97,571원 | KODEX200 RSI58/-4.1% 상승추세⬆️ 과열⚠️ | 매수기준 점수3pt↑

코드      종목명           가격    RSI     변화율    거래량     BB   호가비  B/S
────────────────────────────────────────────────────────────────────────
[2단계 분석 대상: 035720, 000880, 003490, 000720, 247540]
403870  HPSP      54,000    0.0    +0.0%    0.0x     중간  0.31  3pt/0 [일봉]
272210  한화시스템     94,600    0.0    +0.0%    0.0x     중간  0.34  3pt/0 [일봉]
011200  HMM       19,530    0.0    +0.0%    0.0x     중간  0.62  3pt/0 [일봉]
015760  한국전력      38,200    0.0    +0.0%    0.0x     중간  1.70  4pt/0 [일봉]
034020  두산에너빌     96,600    0.0    +0.0%    0.0x     중간  1.05  3pt/0 [일봉]
035720  카카오       40,250   41.7    -4.3%    0.4x     하단  8.83  2pt/0 [5분]
030200  KT        53,900    0.0    +0.0%    0.0x     중간  2.80  5pt/0 [일봉]
003490  대한항공      25,000   47.4    -0.4%    0.5x     중간  4.34  6pt/0 [5분]
004020  현대제철      35,950    0.0    +0.0%    0.0x     중간  2.37  5pt/0 [일봉]
078930  GS        73,600    0.0    +0.0%    0.0x     중간  0.19  3pt/0 [일봉]

══════════════════════════════════════════════════
⏰ 점심시간 (11:30~13:30) — 신규 매수 중단
→ 전종목 HOLD
✅ Discord 전송 완료

[12:12] HOLD | KODEX RSI58/-4.1%⬆️⚠️ | 보유:없음 | 최고신호 대한항공(003490) 6pt/3pt [강세+3.7%★★ / 호가4.3★ / RSI47]
💰 예수금 97,571원 | KODEX200 RSI58/-4.2% 상승추세⬆️ 과열⚠️ | 매수기준 점수3pt↑

코드      종목명           가격    RSI     변화율    거래량     BB   호가비  B/S
────────────────────────────────────────────────────────────────────────
[2단계 분석 대상: 035720, 247540, 086520, 003490, 000720]
403870  HPSP      53,500    0.0    +0.0%    0.0x     중간  1.44  4pt/0 [일봉]
272210  한화시스템     94,700    0.0    +0.0%    0.0x     중간  0.29  3pt/0 [일봉]
011200  HMM       19,540    0.0    +0.0%    0.0x     중간  0.49  3pt/0 [일봉]
015760  한국전력      38,150    0.0    +0.0%    0.0x     중간  1.80  4pt/0 [일봉]
034020  두산에너빌     96,300    0.0    +0.0%    0.0x     중간  1.69  4pt/0 [일봉]
035720  카카오       40,200   41.7    -4.4%    0.4x     하단  9.13  2pt/0 [5분]
030200  KT        53,900    0.0    +0.0%    0.0x     중간  2.51  5pt/0 [일봉]
003490  대한항공      25,000   56.2    -0.4%    0.5x     중간  4.30  7pt/0 [5분]
004020  현대제철      35,900    0.0    +0.0%    0.0x     중간  3.87  5pt/0 [일봉]
078930  GS        73,500    0.0    +0.0%    0.0x     중간  0.32  3pt/0 [일봉]

══════════════════════════════════════════════════
⏰ 점심시간 (11:30~13:30) — 신규 매수 중단
→ 전종목 HOLD
✅ Discord 전송 완료

[12:14] HOLD | KODEX RSI58/-4.2%⬆️⚠️ | 보유:없음 | 최고신호 대한항공(003490) 7pt/3pt [강세+3.8%★★ / 호가4.3★ / RSI56 / 연속상승]
💰 예수금 97,571원 | KODEX200 RSI58/-4.2% 상승추세⬆️ 과열⚠️ | 매수기준 점수3pt↑

코드      종목명           가격    RSI     변화율    거래량     BB   호가비  B/S
────────────────────────────────────────────────────────────────────────
[2단계 분석 대상: 247540, 035720, 000880, 003490, 042660]
403870  HPSP      53,400    0.0    +0.0%    0.0x     중간  1.43  4pt/0 [일봉]
272210  한화시스템     95,000    0.0    +0.0%    0.0x     중간  0.36  3pt/0 [일봉]
011200  HMM       19,550    0.0    +0.0%    0.0x     중간  0.40  3pt/0 [일봉]
015760  한국전력      38,150    0.0    +0.0%    0.0x     중간  1.82  4pt/0 [일봉]
034020  두산에너빌     96,400    0.0    +0.0%    0.0x     중간  1.95  4pt/0 [일봉]
035720  카카오       40,250   47.6    -4.3%    0.4x     하단  8.93  3pt/0 [5분]
030200  KT        53,900    0.0    +0.0%    0.0x     중간  2.64  5pt/0 [일봉]
003490  대한항공      25,000   56.2    -0.2%    0.5x     중간  5.03  7pt/0 [5분]
004020  현대제철      36,100    0.0    +0.0%    0.0x     중간  2.51  5pt/0 [일봉]
078930  GS        73,800    0.0    +0.0%    0.0x     중간  0.43  3pt/0 [일봉]

══════════════════════════════════════════════════
⏰ 점심시간 (11:30~13:30) — 신규 매수 중단
→ 전종목 HOLD
✅ Discord 전송 완료

[12:16] HOLD | KODEX RSI58/-4.2%⬆️⚠️ | 보유:없음 | 최고신호 대한항공(003490) 7pt/3pt [강세+4.0%★★ / 호가5.0★ / RSI56 / 연속상승]
💰 예수금 97,571원 | KODEX200 RSI58/-4.1% 상승추세⬆️ 과열⚠️ | 매수기준 점수3pt↑

코드      종목명           가격    RSI     변화율    거래량     BB   호가비  B/S
────────────────────────────────────────────────────────────────────────
[2단계 분석 대상: 035720, 247540, 003490, 042660, 004020]
403870  HPSP      53,400    0.0    +0.0%    0.0x     중간  1.44  4pt/0 [일봉]
272210  한화시스템     94,700    0.0    +0.0%    0.0x     중간  0.69  3pt/0 [일봉]
011200  HMM       19,570    0.0    +0.0%    0.0x     중간  0.26  3pt/0 [일봉]
015760  한국전력      38,150    0.0    +0.0%    0.0x     중간  1.71  4pt/0 [일봉]
034020  두산에너빌     96,200    0.0    +0.0%    0.0x     중간  1.69  4pt/0 [일봉]
035720  카카오       40,200   47.6    -4.4%    0.4x     하단  8.27  3pt/0 [5분]
030200  KT        53,900    0.0    +0.0%    0.0x     중간  2.43  5pt/0 [일봉]
003490  대한항공      25,000   56.2    -0.4%    0.5x     중간  4.14  7pt/0 [5분]
004020  현대제철      35,950   40.9    -5.5%    0.3x     하단  3.64  2pt/0 [5분]
078930  GS        73,800    0.0    +0.0%    0.0x     중간  0.50  3pt/0 [일봉]

══════════════════════════════════════════════════
⏰ 점심시간 (11:30~13:30) — 신규 매수 중단
→ 전종목 HOLD
✅ Discord 전송 완료

[12:18] HOLD | KODEX RSI58/-4.1%⬆️⚠️ | 보유:없음 | 최고신호 대한항공(003490) 7pt/3pt [강세+3.7%★★ / 호가4.1★ / RSI56 / 연속상승]
💰 예수금 97,571원 | KODEX200 RSI58/-4.4% 상승추세⬆️ 과열⚠️ | 매수기준 점수3pt↑

코드      종목명           가격    RSI     변화율    거래량     BB   호가비  B/S
────────────────────────────────────────────────────────────────────────
[2단계 분석 대상: 247540, 035720, 003490, 005930, 004020]
403870  HPSP      53,400    0.0    +0.0%    0.0x     중간  1.28  3pt/0 [일봉]
272210  한화시스템     94,900    0.0    +0.0%    0.0x     중간  0.36  3pt/0 [일봉]
011200  HMM       19,550    0.0    +0.0%    0.0x     중간  0.43  3pt/0 [일봉]
015760  한국전력      38,150    0.0    +0.0%    0.0x     중간  1.69  4pt/0 [일봉]
034020  두산에너빌     96,200    0.0    +0.0%    0.0x     중간  1.90  4pt/0 [일봉]
035720  카카오       40,150   45.5    -4.5%    0.4x     하단  8.60  4pt/0 [5분]
030200  KT        53,800    0.0    +0.0%    0.0x     중간  2.54  5pt/0 [일봉]
003490  대한항공      25,000   50.0    -0.2%    0.5x     중간  4.23  6pt/0 [5분]
004020  현대제철      35,900   37.5    -5.7%    0.3x     하단  3.80  3pt/0 [5분]
078930  GS        73,700    0.0    +0.0%    0.0x     중간  0.39  3pt/0 [일봉]

══════════════════════════════════════════════════
⏰ 점심시간 (11:30~13:30) — 신규 매수 중단
→ 전종목 HOLD
✅ Discord 전송 완료

[12:20] HOLD | KODEX RSI58/-4.4%⬆️⚠️ | 보유:없음 | 최고신호 대한항공(003490) 6pt/3pt [강세+4.2%★★ / 호가4.2★ / RSI50]
💰 예수금 97,571원 | KODEX200 RSI58/-4.4% 상승추세⬆️ 과열⚠️ | 매수기준 점수3pt↑

코드      종목명           가격    RSI     변화율    거래량     BB   호가비  B/S
────────────────────────────────────────────────────────────────────────
[2단계 분석 대상: 035720, 247540, 086520, 004020, 003670]
403870  HPSP      53,300    0.0    +0.0%    0.0x     중간  1.48  4pt/0 [일봉]
272210  한화시스템     94,700    0.0    +0.0%    0.0x     중간  0.28  3pt/0 [일봉]
011200  HMM       19,550    0.0    +0.0%    0.0x     중간  0.62  3pt/0 [일봉]
015760  한국전력      38,150    0.0    +0.0%    0.0x     중간  1.72  4pt/0 [일봉]
034020  두산에너빌     96,200    0.0    +0.0%    0.0x     중간  1.83  4pt/0 [일봉]
035720  카카오       40,150   45.5    -4.5%    0.4x     하단  8.97  4pt/0 [5분]
030200  KT        53,800    0.0    +0.0%    0.0x     중간  2.62  5pt/0 [일봉]
003490  대한항공      25,000    0.0    +0.0%    0.0x     중간  2.60  5pt/0 [일봉]
004020  현대제철      35,900   37.5    -5.8%    0.3x     하단  3.59  3pt/0 [5분]
078930  GS        73,600    0.0    +0.0%    0.0x     중간  0.32  3pt/0 [일봉]

══════════════════════════════════════════════════
⏰ 점심시간 (11:30~13:30) — 신규 매수 중단
→ 전종목 HOLD
✅ Discord 전송 완료

[12:22] HOLD | KODEX RSI58/-4.4%⬆️⚠️ | 보유:없음 | 최고신호 KT(030200) 5pt/3pt [강세+4.4%★★ / 호가2.6★]
💰 예수금 97,571원 | KODEX200 RSI58/-4.3% 상승추세⬆️ 과열⚠️ | 매수기준 점수3pt↑

코드      종목명           가격    RSI     변화율    거래량     BB   호가비  B/S
────────────────────────────────────────────────────────────────────────
[2단계 분석 대상: 035720, 086520, 247540, 000880, 004020]
403870  HPSP      53,200    0.0    +0.0%    0.0x     중간  1.25  3pt/0 [일봉]
272210  한화시스템     94,800    0.0    +0.0%    0.0x     중간  0.33  3pt/0 [일봉]
011200  HMM       19,560    0.0    +0.0%    0.0x     중간  0.52  3pt/0 [일봉]
015760  한국전력      38,150    0.0    +0.0%    0.0x     중간  1.78  4pt/0 [일봉]
034020  두산에너빌     96,200    0.0    +0.0%    0.0x     중간  1.81  4pt/0 [일봉]
035720  카카오       40,150   45.5    -4.4%    0.4x     하단  8.76  4pt/0 [5분]
030200  KT        53,800    0.0    +0.0%    0.0x     중간  2.79  5pt/0 [일봉]
003490  대한항공      25,050    0.0    +0.0%    0.0x     중간  1.38  4pt/0 [일봉]
004020  현대제철      35,950   37.5    -5.5%    0.3x     하단  3.44  2pt/0 [5분]
078930  GS        73,600    0.0    +0.0%    0.0x     중간  0.39  3pt/0 [일봉]

══════════════════════════════════════════════════
⏰ 점심시간 (11:30~13:30) — 신규 매수 중단
→ 전종목 HOLD
✅ Discord 전송 완료

[12:24] HOLD | KODEX RSI58/-4.3%⬆️⚠️ | 보유:없음 | 최고신호 KT(030200) 5pt/3pt [강세+4.3%★★ / 호가2.8★]
💰 예수금 97,571원 | KODEX200 RSI58/-4.1% 상승추세⬆️ 과열⚠️ | 매수기준 점수3pt↑

코드      종목명           가격    RSI     변화율    거래량     BB   호가비  B/S
────────────────────────────────────────────────────────────────────────
[2단계 분석 대상: 035720, 247540, 030200, 003670, 086520]
403870  HPSP      53,500    0.0    +0.0%    0.0x     중간  0.68  3pt/0 [일봉]
272210  한화시스템     94,800    0.0    +0.0%    0.0x     중간  0.37  3pt/0 [일봉]
011200  HMM       19,580    0.0    +0.0%    0.0x     중간  0.53  3pt/0 [일봉]
015760  한국전력      38,250    0.0    +0.0%    0.0x     중간  1.98  4pt/0 [일봉]
034020  두산에너빌     96,200    0.0    +0.0%    0.0x     중간  1.74  4pt/0 [일봉]
035720  카카오       40,200   40.0    -4.4%    0.4x     하단  9.05  2pt/0 [5분]
030200  KT        53,800   43.8    -1.5%    0.3x     하단  3.23  6pt/0 [5분]
003490  대한항공      25,050    0.0    +0.0%    0.0x     중간  1.72  4pt/0 [일봉]
004020  현대제철      36,050    0.0    +0.0%    0.0x     중간  1.21  3pt/0 [일봉]
078930  GS        73,900    0.0    +0.0%    0.0x     중간  0.22  3pt/0 [일봉]

══════════════════════════════════════════════════
⏰ 점심시간 (11:30~13:30) — 신규 매수 중단
→ 전종목 HOLD
✅ Discord 전송 완료

[12:26] HOLD | KODEX RSI58/-4.1%⬆️⚠️ | 보유:없음 | 최고신호 KT(030200) 6pt/3pt [강세+2.6%★★ / 호가3.2★ / 연속상승]
💰 예수금 97,571원 | KODEX200 RSI58/-4.3% 상승추세⬆️ 과열⚠️ | 매수기준 점수3pt↑

코드      종목명           가격    RSI     변화율    거래량     BB   호가비  B/S
────────────────────────────────────────────────────────────────────────
[2단계 분석 대상: 035720, 247540, 086520, 004020, 000150]
403870  HPSP      53,400    0.0    +0.0%    0.0x     중간  0.91  3pt/0 [일봉]
272210  한화시스템     94,700    0.0    +0.0%    0.0x     중간  0.32  3pt/0 [일봉]
011200  HMM       19,570    0.0    +0.0%    0.0x     중간  0.57  3pt/0 [일봉]
015760  한국전력      38,200    0.0    +0.0%    0.0x     중간  2.03  5pt/0 [일봉]
034020  두산에너빌     96,100    0.0    +0.0%    0.0x     중간  1.40  4pt/0 [일봉]
035720  카카오       40,200   40.0    -4.4%    0.4x     하단  8.80  2pt/0 [5분]
030200  KT        53,800    0.0    +0.0%    0.0x     중간  2.90  5pt/0 [일봉]
003490  대한항공      25,050    0.0    +0.0%    0.0x     중간  1.84  4pt/0 [일봉]
004020  현대제철      35,950   37.5    -5.5%    0.3x     하단  3.96  2pt/0 [5분]
078930  GS        73,800    0.0    +0.0%    0.0x     중간  0.40  3pt/0 [일봉]

══════════════════════════════════════════════════
⏰ 점심시간 (11:30~13:30) — 신규 매수 중단
→ 전종목 HOLD
✅ Discord 전송 완료

[12:28] HOLD | KODEX RSI58/-4.3%⬆️⚠️ | 보유:없음 | 최고신호 한국전력(015760) 5pt/3pt [강세+4.3%★★ / 호가2.0★]
💰 예수금 97,571원 | KODEX200 RSI57/-4.5% 상승추세⬆️ 과열⚠️ | 매수기준 점수3pt↑

코드      종목명           가격    RSI     변화율    거래량     BB   호가비  B/S
────────────────────────────────────────────────────────────────────────
[2단계 분석 대상: 247540, 035720, 086520, 004020, 042660]
403870  HPSP      53,400    0.0    +0.0%    0.0x     중간  0.87  3pt/0 [일봉]
272210  한화시스템     94,500    0.0    +0.0%    0.0x     중간  0.62  3pt/0 [일봉]
011200  HMM       19,570    0.0    +0.0%    0.0x     중간  0.53  3pt/0 [일봉]
015760  한국전력      38,200    0.0    +0.0%    0.0x     중간  2.15  5pt/0 [일봉]
034020  두산에너빌     95,900    0.0    +0.0%    0.0x     중간  1.98  4pt/0 [일봉]
035720  카카오       40,200   33.3    -4.4%    0.4x     하단  8.89  2pt/0 [5분]
030200  KT        53,800    0.0    +0.0%    0.0x     중간  2.96  5pt/0 [일봉]
003490  대한항공      25,050    0.0    +0.0%    0.0x     중간  1.66  4pt/0 [일봉]
004020  현대제철      35,950   31.8    -5.5%    0.3x     하단  4.15  2pt/0 [5분]
078930  GS        73,600    0.0    +0.0%    0.0x     중간  0.32  3pt/0 [일봉]

══════════════════════════════════════════════════
⏰ 점심시간 (11:30~13:30) — 신규 매수 중단
→ 전종목 HOLD
✅ Discord 전송 완료

[12:30] HOLD | KODEX RSI57/-4.5%⬆️⚠️ | 보유:없음 | 최고신호 한국전력(015760) 5pt/3pt [강세+4.5%★★ / 호가2.1★]
💰 예수금 97,571원 | KODEX200 RSI58/-4.2% 상승추세⬆️ 과열⚠️ | 매수기준 점수3pt↑

코드      종목명           가격    RSI     변화율    거래량     BB   호가비  B/S
────────────────────────────────────────────────────────────────────────
[2단계 분석 대상: 035720, 247540, 086520, 004020, 030200]
403870  HPSP      53,200    0.0    +0.0%    0.0x     중간  0.82  3pt/0 [일봉]
272210  한화시스템     94,500    0.0    +0.0%    0.0x     중간  0.85  3pt/0 [일봉]
011200  HMM       19,560    0.0    +0.0%    0.0x     중간  0.51  3pt/0 [일봉]
015760  한국전력      38,200    0.0    +0.0%    0.0x     중간  2.16  5pt/0 [일봉]
034020  두산에너빌     96,000    0.0    +0.0%    0.0x     중간  1.81  4pt/0 [일봉]
035720  카카오       40,200   33.3    -4.4%    0.4x     하단  8.46  2pt/0 [5분]
030200  KT        53,800   40.0    -1.3%    0.3x     하단  3.51  5pt/0 [5분]
003490  대한항공      25,050    0.0    +0.0%    0.0x     중간  1.72  4pt/0 [일봉]
004020  현대제철      35,950   31.8    -5.7%    0.3x     하단  4.19  2pt/0 [5분]
078930  GS        73,600    0.0    +0.0%    0.0x     중간  0.30  3pt/0 [일봉]

══════════════════════════════════════════════════
⏰ 점심시간 (11:30~13:30) — 신규 매수 중단
→ 전종목 HOLD
✅ Discord 전송 완료

[12:32] HOLD | KODEX RSI58/-4.2%⬆️⚠️ | 보유:없음 | 최고신호 한국전력(015760) 5pt/3pt [강세+4.2%★★ / 호가2.2★]
💰 예수금 97,571원 | KODEX200 RSI58/-4.4% 상승추세⬆️ 과열⚠️ | 매수기준 점수3pt↑

코드      종목명           가격    RSI     변화율    거래량     BB   호가비  B/S
────────────────────────────────────────────────────────────────────────
[2단계 분석 대상: 247540, 086520, 035720, 004020, 003670]
403870  HPSP      53,500    0.0    +0.0%    0.0x     중간  0.52  3pt/0 [일봉]
272210  한화시스템     94,500    0.0    +0.0%    0.0x     중간  0.63  3pt/0 [일봉]
011200  HMM       19,550    0.0    +0.0%    0.0x     중간  0.61  3pt/0 [일봉]
015760  한국전력      38,150    0.0    +0.0%    0.0x     중간  1.99  4pt/0 [일봉]
034020  두산에너빌     96,000    0.0    +0.0%    0.0x     중간  1.83  4pt/0 [일봉]
035720  카카오       40,250   30.4    -4.3%    0.4x     하단  8.10  3pt/0 [5분]
030200  KT        53,900    0.0    +0.0%    0.0x     중간  3.31  5pt/0 [일봉]
003490  대한항공      25,050    0.0    +0.0%    0.0x     중간  1.70  4pt/0 [일봉]
004020  현대제철      35,950   31.8    -5.7%    0.3x     하단  4.17  2pt/0 [5분]
078930  GS        73,700    0.0    +0.0%    0.0x     중간  0.33  3pt/0 [일봉]

══════════════════════════════════════════════════
⏰ 점심시간 (11:30~13:30) — 신규 매수 중단
→ 전종목 HOLD
✅ Discord 전송 완료

[12:34] HOLD | KODEX RSI58/-4.4%⬆️⚠️ | 보유:없음 | 최고신호 KT(030200) 5pt/3pt [강세+4.4%★★ / 호가3.3★]
💰 예수금 97,571원 | KODEX200 RSI57/-4.5% 상승추세⬆️ 과열⚠️ | 매수기준 점수3pt↑

코드      종목명           가격    RSI     변화율    거래량     BB   호가비  B/S
────────────────────────────────────────────────────────────────────────
[2단계 분석 대상: 086520, 247540, 035720, 004020, 000720]
403870  HPSP      53,400    0.0    +0.0%    0.0x     중간  0.57  3pt/0 [일봉]
272210  한화시스템     94,300    0.0    +0.0%    0.0x     중간  0.64  3pt/0 [일봉]
011200  HMM       19,540    0.0    +0.0%    0.0x     중간  0.73  3pt/0 [일봉]
015760  한국전력      38,100    0.0    +0.0%    0.0x     중간  2.27  5pt/0 [일봉]
034020  두산에너빌     96,000    0.0    +0.0%    0.0x     중간  1.77  4pt/0 [일봉]
035720  카카오       40,200   30.4    -4.4%    0.4x     하단  7.76  3pt/0 [5분]
030200  KT        53,900    0.0    +0.0%    0.0x     중간  3.05  5pt/0 [일봉]
003490  대한항공      25,000    0.0    +0.0%    0.0x     중간  2.84  5pt/0 [일봉]
004020  현대제철      35,900   31.8    -5.8%    0.3x     하단  5.58  2pt/0 [5분]
078930  GS        73,600    0.0    +0.0%    0.0x     중간  0.35  3pt/0 [일봉]

══════════════════════════════════════════════════
⏰ 점심시간 (11:30~13:30) — 신규 매수 중단
→ 전종목 HOLD
✅ Discord 전송 완료

[12:36] HOLD | KODEX RSI57/-4.5%⬆️⚠️ | 보유:없음 | 최고신호 한국전력(015760) 5pt/3pt [강세+4.5%★★ / 호가2.3★]
💰 예수금 97,571원 | KODEX200 RSI57/-4.7% 상승추세⬆️ 과열⚠️ | 매수기준 점수3pt↑

코드      종목명           가격    RSI     변화율    거래량     BB   호가비  B/S
────────────────────────────────────────────────────────────────────────
[2단계 분석 대상: 086520, 247540, 035720, 004020, 003670]
403870  HPSP      53,400    0.0    +0.0%    0.0x     중간  0.57  3pt/0 [일봉]
272210  한화시스템     94,100    0.0    +0.0%    0.0x     중간  0.98  3pt/0 [일봉]
011200  HMM       19,540    0.0    +0.0%    0.0x     중간  0.73  3pt/0 [일봉]
015760  한국전력      38,100    0.0    +0.0%    0.0x     중간  2.14  5pt/0 [일봉]
034020  두산에너빌     95,900    0.0    +0.0%    0.0x     중간  2.33  5pt/0 [일봉]
035720  카카오       40,200   30.4    -4.3%    0.4x     하단  9.97  5pt/0 [5분]
030200  KT        53,900    0.0    +0.0%    0.0x     중간  3.55  5pt/0 [일봉]
003490  대한항공      25,000    0.0    +0.0%    0.0x     중간  2.90  5pt/0 [일봉]
004020  현대제철      35,850   31.8    -5.9%    0.3x     하단  4.71  2pt/0 [5분]
078930  GS        73,600    0.0    +0.0%    0.0x     중간  0.41  3pt/0 [일봉]

══════════════════════════════════════════════════
⏰ 점심시간 (11:30~13:30) — 신규 매수 중단
→ 전종목 HOLD
✅ Discord 전송 완료

[12:38] HOLD | KODEX RSI57/-4.7%⬆️⚠️ | 보유:없음 | 최고신호 한국전력(015760) 5pt/3pt [강세+4.7%★★ / 호가2.1★]
💰 예수금 97,571원 | KODEX200 RSI57/-4.6% 상승추세⬆️ 과열⚠️ | 매수기준 점수3pt↑

코드      종목명           가격    RSI     변화율    거래량     BB   호가비  B/S
────────────────────────────────────────────────────────────────────────
[2단계 분석 대상: 086520, 247540, 035720, 004020, 042660]
403870  HPSP      53,400    0.0    +0.0%    0.0x     중간  0.52  3pt/0 [일봉]
272210  한화시스템     94,200    0.0    +0.0%    0.0x     중간  0.93  3pt/0 [일봉]
011200  HMM       19,540    0.0    +0.0%    0.0x     중간  0.67  3pt/0 [일봉]
015760  한국전력      38,100    0.0    +0.0%    0.0x     중간  2.20  5pt/0 [일봉]
034020  두산에너빌     96,000    0.0    +0.0%    0.0x     중간  1.74  4pt/0 [일봉]
035720  카카오       40,200   30.4    -4.4%    0.4x     하단  8.93  3pt/0 [5분]
030200  KT        53,900    0.0    +0.0%    0.0x     중간  3.33  5pt/0 [일봉]
003490  대한항공      25,000    0.0    +0.0%    0.0x     중간  3.01  5pt/0 [일봉]
004020  현대제철      35,850   42.1    -5.9%    0.3x     하단  7.05  2pt/0 [5분]
078930  GS        73,600    0.0    +0.0%    0.0x     중간  0.34  3pt/0 [일봉]

══════════════════════════════════════════════════
⏰ 점심시간 (11:30~13:30) — 신규 매수 중단
→ 전종목 HOLD
✅ Discord 전송 완료

[12:40] HOLD | KODEX RSI57/-4.6%⬆️⚠️ | 보유:없음 | 최고신호 한국전력(015760) 5pt/3pt [강세+4.6%★★ / 호가2.2★]
💰 예수금 97,571원 | KODEX200 RSI57/-4.7% 상승추세⬆️ 과열⚠️ | 매수기준 점수3pt↑

코드      종목명           가격    RSI     변화율    거래량     BB   호가비  B/S
────────────────────────────────────────────────────────────────────────
[2단계 분석 대상: 247540, 086520, 035720, 004020, 042660]
403870  HPSP      53,600    0.0    +0.0%    0.0x     중간  0.35  3pt/0 [일봉]
272210  한화시스템     94,300    0.0    +0.0%    0.0x     중간  0.61  3pt/0 [일봉]
011200  HMM       19,530    0.0    +0.0%    0.0x     중간  0.66  3pt/0 [일봉]
015760  한국전력      38,100    0.0    +0.0%    0.0x     중간  2.17  5pt/0 [일봉]
034020  두산에너빌     95,900    0.0    +0.0%    0.0x     중간  2.16  5pt/0 [일봉]
035720  카카오       40,200   30.4    -4.4%    0.4x     하단  8.41  3pt/0 [5분]
030200  KT        53,900    0.0    +0.0%    0.0x     중간  4.22  5pt/0 [일봉]
003490  대한항공      25,000    0.0    +0.0%    0.0x     중간  2.90  5pt/0 [일봉]
004020  현대제철      35,900   42.1    -5.7%    0.3x     하단  6.43  2pt/0 [5분]
078930  GS        73,600    0.0    +0.0%    0.0x     중간  0.44  3pt/0 [일봉]

══════════════════════════════════════════════════
⏰ 점심시간 (11:30~13:30) — 신규 매수 중단
→ 전종목 HOLD
✅ Discord 전송 완료

[12:42] HOLD | KODEX RSI57/-4.7%⬆️⚠️ | 보유:없음 | 최고신호 한국전력(015760) 5pt/3pt [강세+4.7%★★ / 호가2.2★]
💰 예수금 97,571원 | KODEX200 RSI57/-4.8% 상승추세⬆️ 과열⚠️ | 매수기준 점수3pt↑

코드      종목명           가격    RSI     변화율    거래량     BB   호가비  B/S
────────────────────────────────────────────────────────────────────────
[2단계 분석 대상: 086520, 247540, 035720, 004020, 042660]
403870  HPSP      53,500    0.0    +0.0%    0.0x     중간  0.72  3pt/0 [일봉]
272210  한화시스템     94,300    0.0    +0.0%    0.0x     중간  0.59  3pt/0 [일봉]
011200  HMM       19,520    0.0    +0.0%    0.0x     중간  1.05  3pt/0 [일봉]
015760  한국전력      38,100    0.0    +0.0%    0.0x     중간  2.12  5pt/0 [일봉]
034020  두산에너빌     95,900    0.0    +0.0%    0.0x     중간  2.02  5pt/0 [일봉]
035720  카카오       40,150   23.8    -4.4%    0.4x     하단  8.83  5pt/0 [5분]
030200  KT        53,900    0.0    +0.0%    0.0x     중간  4.50  5pt/0 [일봉]
003490  대한항공      25,000    0.0    +0.0%    0.0x     중간  2.97  5pt/0 [일봉]
004020  현대제철      35,900   54.2    -5.7%    0.3x     하단  7.32  4pt/0 [5분]
078930  GS        73,600    0.0    +0.0%    0.0x     중간  0.41  3pt/0 [일봉]

══════════════════════════════════════════════════
⏰ 점심시간 (11:30~13:30) — 신규 매수 중단
→ 전종목 HOLD
✅ Discord 전송 완료

[12:44] HOLD | KODEX RSI57/-4.8%⬆️⚠️ | 보유:없음 | 최고신호 한국전력(015760) 5pt/3pt [강세+4.8%★★ / 호가2.1★]
💰 예수금 97,571원 | KODEX200 RSI57/-4.7% 상승추세⬆️ 과열⚠️ | 매수기준 점수3pt↑

코드      종목명           가격    RSI     변화율    거래량     BB   호가비  B/S
────────────────────────────────────────────────────────────────────────
[2단계 분석 대상: 086520, 247540, 035720, 004020, 017670]
403870  HPSP      53,100    0.0    +0.0%    0.0x     중간  0.94  3pt/0 [일봉]
272210  한화시스템     94,400    0.0    +0.0%    0.0x     중간  0.36  3pt/0 [일봉]
011200  HMM       19,530    0.0    +0.0%    0.0x     중간  0.48  3pt/0 [일봉]
015760  한국전력      38,100    0.0    +0.0%    0.0x     중간  2.18  5pt/0 [일봉]
034020  두산에너빌     95,800    0.0    +0.0%    0.0x     중간  2.10  5pt/0 [일봉]
035720  카카오       40,200   23.8    -4.5%    0.4x     하단  8.18  3pt/0 [5분]
030200  KT        53,900    0.0    +0.0%    0.0x     중간  4.77  5pt/0 [일봉]
003490  대한항공      25,000    0.0    +0.0%    0.0x     중간  3.09  5pt/0 [일봉]
004020  현대제철      35,850   54.2    -5.9%    0.3x     하단  5.90  4pt/0 [5분]
078930  GS        73,500    0.0    +0.0%    0.0x     중간  0.38  3pt/0 [일봉]

══════════════════════════════════════════════════
⏰ 점심시간 (11:30~13:30) — 신규 매수 중단
→ 전종목 HOLD
✅ Discord 전송 완료

[12:46] HOLD | KODEX RSI57/-4.7%⬆️⚠️ | 보유:없음 | 최고신호 한국전력(015760) 5pt/3pt [강세+4.7%★★ / 호가2.2★]
💰 예수금 97,571원 | KODEX200 RSI57/-5.0% 상승추세⬆️ 과열⚠️ | 매수기준 점수3pt↑

코드      종목명           가격    RSI     변화율    거래량     BB   호가비  B/S
────────────────────────────────────────────────────────────────────────
[2단계 분석 대상: 035720, 042660, 004020, 086520, 247540]
403870  HPSP      52,700    0.0    +0.0%    0.0x     중간  2.17  5pt/0 [일봉]
272210  한화시스템     94,400    0.0    +0.0%    0.0x     중간  0.49  3pt/0 [일봉]
011200  HMM       19,520    0.0    +0.0%    0.0x     중간  0.55  3pt/0 [일봉]
015760  한국전력      38,100    0.0    +0.0%    0.0x     중간  2.19  5pt/0 [일봉]
034020  두산에너빌     95,700    0.0    +0.0%    0.0x     중간  2.53  5pt/0 [일봉]
035720  카카오       40,150   23.8    -4.5%    0.4x     하단  8.11  5pt/0 [5분]
030200  KT        53,900    0.0    +0.0%    0.0x     중간  3.82  5pt/0 [일봉]
003490  대한항공      25,000    0.0    +0.0%    0.0x     중간  2.78  5pt/0 [일봉]
004020  현대제철      35,850   54.2    -5.9%    0.3x     하단  5.50  4pt/0 [5분]
078930  GS        73,400    0.0    +0.0%    0.0x     중간  0.32  3pt/0 [일봉]

══════════════════════════════════════════════════
⏰ 점심시간 (11:30~13:30) — 신규 매수 중단
→ 전종목 HOLD
✅ Discord 전송 완료

[12:48] HOLD | KODEX RSI57/-5.0%⬆️⚠️ | 보유:없음 | 최고신호 HPSP(403870) 5pt/3pt [강세+5.0%★★ / 호가2.2★]
💰 예수금 97,571원 | KODEX200 RSI56/-5.2% 상승추세⬆️ 과열⚠️ | 매수기준 점수3pt↑

코드      종목명           가격    RSI     변화율    거래량     BB   호가비  B/S
────────────────────────────────────────────────────────────────────────
[2단계 분석 대상: 035720, 096770, 004020, 042660, 003670]
403870  HPSP      52,500    0.0    +0.0%    0.0x     중간  1.77  4pt/0 [일봉]
272210  한화시스템     94,200    0.0    +0.0%    0.0x     중간  0.65  3pt/0 [일봉]
011200  HMM       19,500    0.0    +0.0%    0.0x     중간  0.47  3pt/0 [일봉]
015760  한국전력      38,100    0.0    +0.0%    0.0x     중간  2.14  5pt/0 [일봉]
034020  두산에너빌     95,600    0.0    +0.0%    0.0x     중간  2.56  5pt/0 [일봉]
035720  카카오       40,100   18.2    -4.6%    0.4x     하단  6.30  4pt/0 [5분]
030200  KT        53,900    0.0    +0.0%    0.0x     중간  4.05  5pt/0 [일봉]
003490  대한항공      24,950    0.0    +0.0%    0.0x     중간  3.08  5pt/0 [일봉]
004020  현대제철      35,800   46.2    -6.0%    0.3x     하단  5.19  3pt/0 [5분]
078930  GS        73,300    0.0    +0.0%    0.0x     중간  0.42  3pt/0 [일봉]

══════════════════════════════════════════════════
⏰ 점심시간 (11:30~13:30) — 신규 매수 중단
→ 전종목 HOLD
✅ Discord 전송 완료

[12:50] HOLD | KODEX RSI56/-5.2%⬆️⚠️ | 보유:없음 | 최고신호 한국전력(015760) 5pt/3pt [강세+5.2%★★ / 호가2.1★]
💰 예수금 97,571원 | KODEX200 RSI56/-5.2% 상승추세⬆️ 과열⚠️ | 매수기준 점수3pt↑

코드      종목명           가격    RSI     변화율    거래량     BB   호가비  B/S
────────────────────────────────────────────────────────────────────────
[2단계 분석 대상: 003670, 096770, 035720, 000720, 017670]
403870  HPSP      52,500    0.0    +0.0%    0.0x     중간  2.31  5pt/0 [일봉]
272210  한화시스템     94,100    0.0    +0.0%    0.0x     중간  0.89  3pt/0 [일봉]
011200  HMM       19,490    0.0    +0.0%    0.0x     중간  1.47  4pt/0 [일봉]
015760  한국전력      38,100    0.0    +0.0%    0.0x     중간  2.01  5pt/0 [일봉]
034020  두산에너빌     95,400    0.0    +0.0%    0.0x     중간  3.19  5pt/0 [일봉]
035720  카카오       40,100   18.2    -4.5%    0.4x     하단  6.03  4pt/0 [5분]
030200  KT        53,900    0.0    +0.0%    0.0x     중간  3.19  5pt/0 [일봉]
003490  대한항공      24,950    0.0    +0.0%    0.0x     중간  2.49  5pt/0 [일봉]
004020  현대제철      35,750    0.0    +0.0%    0.0x     중간  3.89  5pt/0 [일봉]
078930  GS        73,400    0.0    +0.0%    0.0x     중간  0.48  3pt/0 [일봉]

══════════════════════════════════════════════════
⏰ 점심시간 (11:30~13:30) — 신규 매수 중단
→ 전종목 HOLD
✅ Discord 전송 완료

[12:52] HOLD | KODEX RSI56/-5.2%⬆️⚠️ | 보유:없음 | 최고신호 HPSP(403870) 5pt/3pt [강세+5.2%★★ / 호가2.3★]
💰 예수금 97,571원 | KODEX200 RSI56/-5.5% 상승추세⬆️ 과열⚠️ | 매수기준 점수3pt↑

코드      종목명           가격    RSI     변화율    거래량     BB   호가비  B/S
────────────────────────────────────────────────────────────────────────
[2단계 분석 대상: 003670, 035720, 096770, 042660, 004020]
403870  HPSP      52,200    0.0    +0.0%    0.0x     중간  1.91  4pt/0 [일봉]
272210  한화시스템     94,100    0.0    +0.0%    0.0x     중간  0.73  3pt/0 [일봉]
011200  HMM       19,490    0.0    +0.0%    0.0x     중간  1.40  4pt/0 [일봉]
015760  한국전력      38,100    0.0    +0.0%    0.0x     중간  1.95  4pt/0 [일봉]
034020  두산에너빌     95,200    0.0    +0.0%    0.0x     중간  1.82  4pt/0 [일봉]
035720  카카오       40,050   13.6    -4.8%    0.4x     하단  6.05  4pt/0 [5분]
030200  KT        53,900    0.0    +0.0%    0.0x     중간  3.05  5pt/0 [일봉]
003490  대한항공      24,900    0.0    +0.0%    0.0x     중간  2.69  5pt/0 [일봉]
004020  현대제철      35,700   30.8    -6.3%    0.3x     하단  4.57  2pt/0 [5분]
078930  GS        73,300    0.0    +0.0%    0.0x     중간  0.41  3pt/0 [일봉]

══════════════════════════════════════════════════
⏰ 점심시간 (11:30~13:30) — 신규 매수 중단
→ 전종목 HOLD
✅ Discord 전송 완료

[12:54] HOLD | KODEX RSI56/-5.5%⬆️⚠️ | 보유:없음 | 최고신호 KT(030200) 5pt/3pt [강세+5.5%★★ / 호가3.0★]
💰 예수금 97,571원 | KODEX200 RSI56/-5.4% 상승추세⬆️ 과열⚠️ | 매수기준 점수3pt↑

코드      종목명           가격    RSI     변화율    거래량     BB   호가비  B/S
────────────────────────────────────────────────────────────────────────
[2단계 분석 대상: 004020, 003670, 096770, 035720, 042660]
403870  HPSP      52,300    0.0    +0.0%    0.0x     중간  1.31  4pt/0 [일봉]
272210  한화시스템     94,200    0.0    +0.0%    0.0x     중간  0.81  3pt/0 [일봉]
011200  HMM       19,480    0.0    +0.0%    0.0x     중간  0.96  3pt/0 [일봉]
015760  한국전력      38,050    0.0    +0.0%    0.0x     중간  3.31  5pt/0 [일봉]
034020  두산에너빌     95,500    0.0    +0.0%    0.0x     중간  1.84  4pt/0 [일봉]
035720  카카오       40,050   13.6    -4.7%    0.4x     하단  6.41  4pt/0 [5분]
030200  KT        53,900    0.0    +0.0%    0.0x     중간  3.12  5pt/0 [일봉]
003490  대한항공      24,900    0.0    +0.0%    0.0x     중간  2.75  5pt/0 [일봉]
004020  현대제철      35,650   30.8    -6.4%    0.3x     하단  8.31  2pt/0 [5분]
078930  GS        73,100    0.0    +0.0%    0.0x     중간  0.48  3pt/0 [일봉]

══════════════════════════════════════════════════
⏰ 점심시간 (11:30~13:30) — 신규 매수 중단
→ 전종목 HOLD
✅ Discord 전송 완료

[12:56] HOLD | KODEX RSI56/-5.4%⬆️⚠️ | 보유:없음 | 최고신호 한국전력(015760) 5pt/3pt [강세+5.4%★★ / 호가3.3★]
💰 예수금 97,571원 | KODEX200 RSI56/-5.4% 상승추세⬆️ 과열⚠️ | 매수기준 점수3pt↑

코드      종목명           가격    RSI     변화율    거래량     BB   호가비  B/S
────────────────────────────────────────────────────────────────────────
[2단계 분석 대상: 042660, 004020, 003670, 035720, 000150]
403870  HPSP      52,200    0.0    +0.0%    0.0x     중간  1.05  3pt/0 [일봉]
272210  한화시스템     94,600    0.0    +0.0%    0.0x     중간  0.45  3pt/0 [일봉]
011200  HMM       19,470    0.0    +0.0%    0.0x     중간  2.70  5pt/0 [일봉]
015760  한국전력      38,050    0.0    +0.0%    0.0x     중간  3.27  5pt/0 [일봉]
034020  두산에너빌     95,500    0.0    +0.0%    0.0x     중간  1.73  4pt/0 [일봉]
035720  카카오       40,000   13.6    -4.9%    0.4x     하단  6.01  4pt/0 [5분]
030200  KT        53,900    0.0    +0.0%    0.0x     중간  2.92  5pt/0 [일봉]
003490  대한항공      24,900    0.0    +0.0%    0.0x     중간  2.59  5pt/0 [일봉]
004020  현대제철      35,650   30.8    -6.4%    0.3x     하단  7.95  2pt/0 [5분]
078930  GS        73,100    0.0    +0.0%    0.0x     중간  0.64  3pt/0 [일봉]

══════════════════════════════════════════════════
⏰ 점심시간 (11:30~13:30) — 신규 매수 중단
→ 전종목 HOLD
✅ Discord 전송 완료

[12:58] HOLD | KODEX RSI56/-5.4%⬆️⚠️ | 보유:없음 | 최고신호 HMM(011200) 5pt/3pt [강세+5.4%★★ / 호가2.7★]
💰 예수금 97,571원 | KODEX200 RSI56/-5.1% 상승추세⬆️ 과열⚠️ | 매수기준 점수3pt↑

코드      종목명           가격    RSI     변화율    거래량     BB   호가비  B/S
────────────────────────────────────────────────────────────────────────
[2단계 분석 대상: 247540, 042660, 004020, 000150, 010950]
403870  HPSP      52,500    0.0    +0.0%    0.0x     중간  0.99  3pt/0 [일봉]
272210  한화시스템     94,700    0.0    +0.0%    0.0x     중간  0.32  3pt/0 [일봉]
011200  HMM       19,470    0.0    +0.0%    0.0x     중간  1.05  3pt/0 [일봉]
015760  한국전력      38,050    0.0    +0.0%    0.0x     중간  3.20  5pt/0 [일봉]
034020  두산에너빌     95,500    0.0    +0.0%    0.0x     중간  1.72  4pt/0 [일봉]
035720  카카오       39,950    0.0    +0.0%    0.0x     중간  3.74  5pt/0 [일봉]
030200  KT        53,900    0.0    +0.0%    0.0x     중간  2.95  5pt/0 [일봉]
003490  대한항공      24,900    0.0    +0.0%    0.0x     중간  2.65  5pt/0 [일봉]
004020  현대제철      35,700   32.0    -6.3%    0.3x     하단  6.18  2pt/0 [5분]
078930  GS        73,200    0.0    +0.0%    0.0x     중간  0.37  3pt/0 [일봉]

══════════════════════════════════════════════════
⏰ 점심시간 (11:30~13:30) — 신규 매수 중단
→ 전종목 HOLD
✅ Discord 전송 완료

[13:00] HOLD | KODEX RSI56/-5.1%⬆️⚠️ | 보유:없음 | 최고신호 한국전력(015760) 5pt/3pt [강세+5.1%★★ / 호가3.2★]
💰 예수금 97,571원 | KODEX200 RSI56/-5.1% 상승추세⬆️ 과열⚠️ | 매수기준 점수3pt↑

코드      종목명           가격    RSI     변화율    거래량     BB   호가비  B/S
────────────────────────────────────────────────────────────────────────
[2단계 분석 대상: 003670, 004020, 042660, 247540, 010950]
403870  HPSP      52,500    0.0    +0.0%    0.0x     중간  1.00  3pt/0 [일봉]
272210  한화시스템     94,800    0.0    +0.0%    0.0x     중간  0.22  3pt/0 [일봉]
011200  HMM       19,470    0.0    +0.0%    0.0x     중간  1.49  4pt/0 [일봉]
015760  한국전력      38,050    0.0    +0.0%    0.0x     중간  3.10  5pt/0 [일봉]
034020  두산에너빌     95,300    0.0    +0.0%    0.0x     중간  1.52  4pt/0 [일봉]
035720  카카오       39,950    0.0    +0.0%    0.0x     중간  4.27  5pt/0 [일봉]
030200  KT        53,900    0.0    +0.0%    0.0x     중간  2.32  5pt/0 [일봉]
003490  대한항공      24,850    0.0    +0.0%    0.0x     중간  2.88  5pt/0 [일봉]
004020  현대제철      35,700   32.0    -6.3%    0.3x     하단  6.65  2pt/0 [5분]
078930  GS        73,400    0.0    +0.0%    0.0x     중간  0.32  3pt/0 [일봉]

══════════════════════════════════════════════════
⏰ 점심시간 (11:30~13:30) — 신규 매수 중단
→ 전종목 HOLD
✅ Discord 전송 완료

[13:02] HOLD | KODEX RSI56/-5.1%⬆️⚠️ | 보유:없음 | 최고신호 한국전력(015760) 5pt/3pt [강세+5.1%★★ / 호가3.1★]
💰 예수금 97,571원 | KODEX200 RSI56/-5.3% 상승추세⬆️ 과열⚠️ | 매수기준 점수3pt↑

코드      종목명           가격    RSI     변화율    거래량     BB   호가비  B/S
────────────────────────────────────────────────────────────────────────
[2단계 분석 대상: 004020, 003670, 042660, 247540, 086520]
403870  HPSP      52,400    0.0    +0.0%    0.0x     중간  1.26  3pt/0 [일봉]
272210  한화시스템     94,800    0.0    +0.0%    0.0x     중간  0.25  3pt/0 [일봉]
011200  HMM       19,480    0.0    +0.0%    0.0x     중간  1.05  3pt/0 [일봉]
015760  한국전력      38,050    0.0    +0.0%    0.0x     중간  3.31  5pt/0 [일봉]
034020  두산에너빌     95,400    0.0    +0.0%    0.0x     중간  1.65  4pt/0 [일봉]
035720  카카오       39,950    0.0    +0.0%    0.0x     중간  4.43  5pt/0 [일봉]
030200  KT        53,900    0.0    +0.0%    0.0x     중간  2.14  5pt/0 [일봉]
003490  대한항공      24,850    0.0    +0.0%    0.0x     중간  2.70  5pt/0 [일봉]
004020  현대제철      35,700   33.3    -6.2%    0.3x     하단  6.32  2pt/0 [5분]
078930  GS        73,300    0.0    +0.0%    0.0x     중간  0.38  3pt/0 [일봉]

══════════════════════════════════════════════════
⏰ 점심시간 (11:30~13:30) — 신규 매수 중단
→ 전종목 HOLD
✅ Discord 전송 완료

[13:04] HOLD | KODEX RSI56/-5.3%⬆️⚠️ | 보유:없음 | 최고신호 한국전력(015760) 5pt/3pt [강세+5.3%★★ / 호가3.3★]
💰 예수금 97,571원 | KODEX200 RSI56/-5.1% 상승추세⬆️ 과열⚠️ | 매수기준 점수3pt↑

코드      종목명           가격    RSI     변화율    거래량     BB   호가비  B/S
────────────────────────────────────────────────────────────────────────
[2단계 분석 대상: 096770, 035720, 247540, 010950, 004020]
403870  HPSP      52,500    0.0    +0.0%    0.0x     중간  1.00  3pt/0 [일봉]
272210  한화시스템     95,000    0.0    +0.0%    0.0x     중간  0.41  3pt/0 [일봉]
011200  HMM       19,500    0.0    +0.0%    0.0x     중간  1.13  3pt/0 [일봉]
015760  한국전력      38,050    0.0    +0.0%    0.0x     중간  3.94  5pt/0 [일봉]
034020  두산에너빌     95,400    0.0    +0.0%    0.0x     중간  1.70  4pt/0 [일봉]
035720  카카오       40,000   19.2    -4.9%    0.4x     하단  8.24  2pt/0 [5분]
030200  KT        53,900    0.0    +0.0%    0.0x     중간  2.57  5pt/0 [일봉]
003490  대한항공      24,900    0.0    +0.0%    0.0x     중간  2.52  5pt/0 [일봉]
004020  현대제철      35,800   33.3    -6.0%    0.3x     하단  5.04  2pt/0 [5분]
078930  GS        73,400    0.0    +0.0%    0.0x     중간  0.30  3pt/0 [일봉]

══════════════════════════════════════════════════
⏰ 점심시간 (11:30~13:30) — 신규 매수 중단
→ 전종목 HOLD
✅ Discord 전송 완료

[13:06] HOLD | KODEX RSI56/-5.1%⬆️⚠️ | 보유:없음 | 최고신호 한국전력(015760) 5pt/3pt [강세+5.1%★★ / 호가3.9★]
💰 예수금 97,571원 | KODEX200 RSI56/-5.2% 상승추세⬆️ 과열⚠️ | 매수기준 점수3pt↑

코드      종목명           가격    RSI     변화율    거래량     BB   호가비  B/S
────────────────────────────────────────────────────────────────────────
[2단계 분석 대상: 035720, 010950, 096770, 003670, 247540]
403870  HPSP      52,200    0.0    +0.0%    0.0x     중간  1.67  4pt/0 [일봉]
272210  한화시스템     95,000    0.0    +0.0%    0.0x     중간  0.89  3pt/0 [일봉]
011200  HMM       19,500    0.0    +0.0%    0.0x     중간  1.05  3pt/0 [일봉]
015760  한국전력      38,050    0.0    +0.0%    0.0x     중간  3.81  5pt/0 [일봉]
034020  두산에너빌     95,300    0.0    +0.0%    0.0x     중간  1.83  4pt/0 [일봉]
035720  카카오       40,000   19.2    -4.9%    0.4x     하단  7.08  4pt/0 [5분]
030200  KT        53,900    0.0    +0.0%    0.0x     중간  2.52  5pt/0 [일봉]
003490  대한항공      24,850    0.0    +0.0%    0.0x     중간  2.57  5pt/0 [일봉]
004020  현대제철      35,800    0.0    +0.0%    0.0x     중간  4.50  5pt/0 [일봉]
078930  GS        73,200    0.0    +0.0%    0.0x     중간  0.30  3pt/0 [일봉]

══════════════════════════════════════════════════
⏰ 점심시간 (11:30~13:30) — 신규 매수 중단
→ 전종목 HOLD
✅ Discord 전송 완료

[13:08] HOLD | KODEX RSI56/-5.2%⬆️⚠️ | 보유:없음 | 최고신호 한국전력(015760) 5pt/3pt [강세+5.2%★★ / 호가3.8★]
💰 예수금 97,571원 | KODEX200 RSI56/-5.2% 상승추세⬆️ 과열⚠️ | 매수기준 점수3pt↑

코드      종목명           가격    RSI     변화율    거래량     BB   호가비  B/S
────────────────────────────────────────────────────────────────────────
[2단계 분석 대상: 035720, 096770, 003670, 004020, 010950]
403870  HPSP      52,100    0.0    +0.0%    0.0x     중간  1.38  4pt/0 [일봉]
⛔ 에코프로비엠(247540) 호가 없음 (거래정지 의심)
⛔ 엘앤에프(066970) 호가 없음 (거래정지 의심)
⛔ KB금융(105560) 호가 없음 (거래정지 의심)
⛔ 하나금융(086790) 호가 없음 (거래정지 의심)
272210  한화시스템     95,100    0.0    +0.0%    0.0x     중간  0.43  3pt/0 [일봉]
⛔ HMM(011200) 호가 없음 (거래정지 의심)
015760  한국전력      38,100    0.0    +0.0%    0.0x     중간  2.18  5pt/0 [일봉]
034020  두산에너빌     95,400    0.0    +0.0%    0.0x     중간  1.77  4pt/0 [일봉]
035720  카카오       40,000   29.2    -4.9%    0.4x     하단  7.93  4pt/0 [5분]
030200  KT        53,900    0.0    +0.0%    0.0x     중간  2.57  5pt/0 [일봉]
003490  대한항공      24,850    0.0    +0.0%    0.0x     중간  2.57  5pt/0 [일봉]
004020  현대제철      35,800   36.4    -6.0%    0.3x     하단  4.82  2pt/0 [5분]
078930  GS        73,400    0.0    +0.0%    0.0x     중간  0.32  3pt/0 [일봉]

══════════════════════════════════════════════════
⏰ 점심시간 (11:30~13:30) — 신규 매수 중단
→ 전종목 HOLD
✅ Discord 전송 완료

[13:10] HOLD | KODEX RSI56/-5.2%⬆️⚠️ | 보유:없음 | 최고신호 한국전력(015760) 5pt/3pt [강세+5.2%★★ / 호가2.2★]
💰 예수금 97,571원 | KODEX200 RSI56/-5.3% 상승추세⬆️ 과열⚠️ | 매수기준 점수3pt↑

코드      종목명           가격    RSI     변화율    거래량     BB   호가비  B/S
────────────────────────────────────────────────────────────────────────
[2단계 분석 대상: 096770, 035720, 010950, 003670, 004020]
403870  HPSP      52,200    0.0    +0.0%    0.0x     중간  1.18  3pt/0 [일봉]
272210  한화시스템     94,800    0.0    +0.0%    0.0x     중간  0.43  3pt/0 [일봉]
011200  HMM       19,480    0.0    +0.0%    0.0x     중간  3.86  5pt/0 [일봉]
015760  한국전력      38,100    0.0    +0.0%    0.0x     중간  2.24  5pt/0 [일봉]
034020  두산에너빌     95,300    0.0    +0.0%    0.0x     중간  1.72  4pt/0 [일봉]
035720  카카오       40,050   29.2    -4.8%    0.4x     하단  5.72  4pt/0 [5분]
030200  KT        53,900    0.0    +0.0%    0.0x     중간  2.63  5pt/0 [일봉]
003490  대한항공      24,850    0.0    +0.0%    0.0x     중간  2.69  5pt/0 [일봉]
004020  현대제철      35,750   36.4    -6.0%    0.3x     하단  4.92  2pt/0 [5분]
078930  GS        73,300    0.0    +0.0%    0.0x     중간  0.29  3pt/0 [일봉]

══════════════════════════════════════════════════
⏰ 점심시간 (11:30~13:30) — 신규 매수 중단
→ 전종목 HOLD
✅ Discord 전송 완료

[13:12] HOLD | KODEX RSI56/-5.3%⬆️⚠️ | 보유:없음 | 최고신호 HMM(011200) 5pt/3pt [강세+5.3%★★ / 호가3.9★]
💰 예수금 97,571원 | KODEX200 RSI56/-5.7% 상승추세⬆️ 과열⚠️ | 매수기준 점수3pt↑

코드      종목명           가격    RSI     변화율    거래량     BB   호가비  B/S
────────────────────────────────────────────────────────────────────────
[2단계 분석 대상: 096770, 035720, 000150, 003670, 004020]
403870  HPSP      51,900    0.0    +0.0%    0.0x     중간  2.16  5pt/0 [일봉]
272210  한화시스템     94,400    0.0    +0.0%    0.0x     중간  0.99  3pt/0 [일봉]
011200  HMM       19,490    0.0    +0.0%    0.0x     중간  1.63  4pt/0 [일봉]
015760  한국전력      38,100    0.0    +0.0%    0.0x     중간  2.29  5pt/0 [일봉]
034020  두산에너빌     95,300    0.0    +0.0%    0.0x     중간  1.64  4pt/0 [일봉]
035720  카카오       40,000   46.2    -4.9%    0.4x     하단  9.24  5pt/0 [5분]
030200  KT        53,900    0.0    +0.0%    0.0x     중간  2.57  5pt/0 [일봉]
003490  대한항공      24,850    0.0    +0.0%    0.0x     중간  2.85  5pt/0 [일봉]
004020  현대제철      35,750   53.6    -6.0%    0.3x     하단  5.20  3pt/0 [5분]
078930  GS        73,500    0.0    +0.0%    0.0x     중간  0.31  3pt/0 [일봉]

══════════════════════════════════════════════════
⏰ 점심시간 (11:30~13:30) — 신규 매수 중단
→ 전종목 HOLD
✅ Discord 전송 완료

[13:14] HOLD | KODEX RSI56/-5.7%⬆️⚠️ | 보유:없음 | 최고신호 HPSP(403870) 5pt/3pt [강세+5.7%★★ / 호가2.2★]
💰 예수금 97,571원 | KODEX200 RSI56/-5.6% 상승추세⬆️ 과열⚠️ | 매수기준 점수3pt↑

코드      종목명           가격    RSI     변화율    거래량     BB   호가비  B/S
────────────────────────────────────────────────────────────────────────
[2단계 분석 대상: 035720, 000150, 004020, 003670, 096770]
403870  HPSP      52,000    0.0    +0.0%    0.0x     중간  1.81  4pt/0 [일봉]
272210  한화시스템     94,400    0.0    +0.0%    0.0x     중간  1.16  3pt/0 [일봉]
011200  HMM       19,480    0.0    +0.0%    0.0x     중간  2.97  5pt/0 [일봉]
015760  한국전력      38,100    0.0    +0.0%    0.0x     중간  2.32  5pt/0 [일봉]
034020  두산에너빌     95,300    0.0    +0.0%    0.0x     중간  1.72  4pt/0 [일봉]
035720  카카오       40,000   46.2    -4.9%    0.4x     하단  9.03  5pt/0 [5분]
030200  KT        53,900    0.0    +0.0%    0.0x     중간  2.55  5pt/0 [일봉]
003490  대한항공      24,850    0.0    +0.0%    0.0x     중간  3.06  5pt/0 [일봉]
004020  현대제철      35,750   53.6    -6.2%    0.3x     하단  5.87  3pt/0 [5분]
078930  GS        73,200    0.0    +0.0%    0.0x     중간  0.32  3pt/0 [일봉]

══════════════════════════════════════════════════
⏰ 점심시간 (11:30~13:30) — 신규 매수 중단
→ 전종목 HOLD
✅ Discord 전송 완료

[13:16] HOLD | KODEX RSI56/-5.6%⬆️⚠️ | 보유:없음 | 최고신호 HMM(011200) 5pt/3pt [강세+5.6%★★ / 호가3.0★]
💰 예수금 97,571원 | KODEX200 RSI56/-5.5% 상승추세⬆️ 과열⚠️ | 매수기준 점수3pt↑

코드      종목명           가격    RSI     변화율    거래량     BB   호가비  B/S
────────────────────────────────────────────────────────────────────────
[2단계 분석 대상: 096770, 035720, 003670, 017670, 004020]
403870  HPSP      52,300    0.0    +0.0%    0.0x     중간  0.88  3pt/0 [일봉]
272210  한화시스템     94,500    0.0    +0.0%    0.0x     중간  0.75  3pt/0 [일봉]
011200  HMM       19,480    0.0    +0.0%    0.0x     중간  3.28  5pt/0 [일봉]
015760  한국전력      38,100    0.0    +0.0%    0.0x     중간  2.61  5pt/0 [일봉]
034020  두산에너빌     95,200    0.0    +0.0%    0.0x     중간  2.55  5pt/0 [일봉]
035720  카카오       40,050   46.2    -4.9%    0.5x     하단  6.20  5pt/0 [5분]
030200  KT        53,900    0.0    +0.0%    0.0x     중간  2.64  5pt/0 [일봉]
003490  대한항공      24,900    0.0    +0.0%    0.0x     중간  2.82  5pt/0 [일봉]
004020  현대제철      35,750   53.6    -6.0%    0.3x     하단  4.97  3pt/0 [5분]
078930  GS        73,300    0.0    +0.0%    0.0x     중간  0.33  3pt/0 [일봉]

══════════════════════════════════════════════════
⏰ 점심시간 (11:30~13:30) — 신규 매수 중단
→ 전종목 HOLD
✅ Discord 전송 완료

[13:18] HOLD | KODEX RSI56/-5.5%⬆️⚠️ | 보유:없음 | 최고신호 HMM(011200) 5pt/3pt [강세+5.5%★★ / 호가3.3★]
💰 예수금 97,571원 | KODEX200 RSI56/-5.6% 상승추세⬆️ 과열⚠️ | 매수기준 점수3pt↑

코드      종목명           가격    RSI     변화율    거래량     BB   호가비  B/S
────────────────────────────────────────────────────────────────────────
[2단계 분석 대상: 035720, 096770, 000150, 017670, 003670]
403870  HPSP      52,100    0.0    +0.0%    0.0x     중간  0.91  3pt/0 [일봉]
272210  한화시스템     94,600    0.0    +0.0%    0.0x     중간  0.70  3pt/0 [일봉]
011200  HMM       19,490    0.0    +0.0%    0.0x     중간  1.61  4pt/0 [일봉]
015760  한국전력      38,150    0.0    +0.0%    0.0x     중간  2.46  5pt/0 [일봉]
034020  두산에너빌     95,300    0.0    +0.0%    0.0x     중간  2.81  5pt/0 [일봉]
035720  카카오       40,000   46.2    -4.8%    0.5x     하단  9.26  5pt/0 [5분]
030200  KT        53,900    0.0    +0.0%    0.0x     중간  2.70  5pt/0 [일봉]
003490  대한항공      24,900    0.0    +0.0%    0.0x     중간  2.68  5pt/0 [일봉]
004020  현대제철      35,700    0.0    +0.0%    0.0x     중간  5.21  5pt/0 [일봉]
078930  GS        73,400    0.0    +0.0%    0.0x     중간  0.32  3pt/0 [일봉]

══════════════════════════════════════════════════
⏰ 점심시간 (11:30~13:30) — 신규 매수 중단
→ 전종목 HOLD
✅ Discord 전송 완료

[13:20] HOLD | KODEX RSI56/-5.6%⬆️⚠️ | 보유:없음 | 최고신호 한국전력(015760) 5pt/3pt [강세+5.6%★★ / 호가2.5★]
💰 예수금 97,571원 | KODEX200 RSI56/-5.5% 상승추세⬆️ 과열⚠️ | 매수기준 점수3pt↑

코드      종목명           가격    RSI     변화율    거래량     BB   호가비  B/S
────────────────────────────────────────────────────────────────────────
[2단계 분석 대상: 035720, 017670, 004020, 003670, 086520]
403870  HPSP      52,000    0.0    +0.0%    0.0x     중간  2.10  5pt/0 [일봉]
272210  한화시스템     94,100    0.0    +0.0%    0.0x     중간  1.98  4pt/0 [일봉]
011200  HMM       19,500    0.0    +0.0%    0.0x     중간  1.61  4pt/0 [일봉]
015760  한국전력      38,150    0.0    +0.0%    0.0x     중간  2.42  5pt/0 [일봉]
034020  두산에너빌     95,400    0.0    +0.0%    0.0x     중간  2.57  5pt/0 [일봉]
035720  카카오       40,000   46.2    -4.9%    0.5x     하단  9.11  5pt/0 [5분]
030200  KT        53,900    0.0    +0.0%    0.0x     중간  2.81  5pt/0 [일봉]
003490  대한항공      24,900    0.0    +0.0%    0.0x     중간  2.49  5pt/0 [일봉]
004020  현대제철      35,700   53.6    -6.2%    0.3x     하단  5.62  3pt/0 [5분]
078930  GS        73,500    0.0    +0.0%    0.0x     중간  0.36  3pt/0 [일봉]

══════════════════════════════════════════════════
⏰ 점심시간 (11:30~13:30) — 신규 매수 중단
→ 전종목 HOLD
✅ Discord 전송 완료

[13:22] HOLD | KODEX RSI56/-5.5%⬆️⚠️ | 보유:없음 | 최고신호 HPSP(403870) 5pt/3pt [강세+5.5%★★ / 호가2.1★]
💰 예수금 97,571원 | KODEX200 RSI56/-5.5% 상승추세⬆️ 과열⚠️ | 매수기준 점수3pt↑

코드      종목명           가격    RSI     변화율    거래량     BB   호가비  B/S
────────────────────────────────────────────────────────────────────────
[2단계 분석 대상: 035720, 017670, 096770, 004020, 086520]
403870  HPSP      51,900    0.0    +0.0%    0.0x     중간  1.97  4pt/0 [일봉]
272210  한화시스템     94,200    0.0    +0.0%    0.0x     중간  1.96  4pt/0 [일봉]
011200  HMM       19,500    0.0    +0.0%    0.0x     중간  1.47  4pt/0 [일봉]
015760  한국전력      38,150    0.0    +0.0%    0.0x     중간  2.43  5pt/0 [일봉]
034020  두산에너빌     95,400    0.0    +0.0%    0.0x     중간  2.64  5pt/0 [일봉]
035720  카카오       40,000   48.0    -4.9%    0.5x     하단  9.28  5pt/0 [5분]
030200  KT        53,900    0.0    +0.0%    0.0x     중간  2.82  5pt/0 [일봉]
003490  대한항공      24,900    0.0    +0.0%    0.0x     중간  2.40  5pt/0 [일봉]
004020  현대제철      35,750   53.6    -6.0%    0.3x     하단  4.65  3pt/0 [5분]
078930  GS        73,300    0.0    +0.0%    0.0x     중간  0.38  3pt/0 [일봉]

══════════════════════════════════════════════════
⏰ 점심시간 (11:30~13:30) — 신규 매수 중단
→ 전종목 HOLD
✅ Discord 전송 완료

[13:24] HOLD | KODEX RSI56/-5.5%⬆️⚠️ | 보유:없음 | 최고신호 한국전력(015760) 5pt/3pt [강세+5.5%★★ / 호가2.4★]
💰 예수금 97,571원 | KODEX200 RSI56/-5.3% 상승추세⬆️ 과열⚠️ | 매수기준 점수3pt↑

코드      종목명           가격    RSI     변화율    거래량     BB   호가비  B/S
────────────────────────────────────────────────────────────────────────
[2단계 분석 대상: 035720, 004020, 000880, 017670, 086520]
403870  HPSP      52,200    0.0    +0.0%    0.0x     중간  0.89  3pt/0 [일봉]
272210  한화시스템     94,200    0.0    +0.0%    0.0x     중간  2.02  5pt/0 [일봉]
011200  HMM       19,510    0.0    +0.0%    0.0x     중간  0.62  3pt/0 [일봉]
015760  한국전력      38,150    0.0    +0.0%    0.0x     중간  2.33  5pt/0 [일봉]
034020  두산에너빌     95,300    0.0    +0.0%    0.0x     중간  3.47  5pt/0 [일봉]
035720  카카오       40,000   48.0    -4.9%    0.5x     하단  9.33  5pt/0 [5분]
030200  KT        53,900    0.0    +0.0%    0.0x     중간  2.94  5pt/0 [일봉]
003490  대한항공      24,850    0.0    +0.0%    0.0x     중간  2.46  5pt/0 [일봉]
004020  현대제철      35,750   53.6    -6.2%    0.3x     하단  4.90  3pt/0 [5분]
078930  GS        73,400    0.0    +0.0%    0.0x     중간  0.31  3pt/0 [일봉]

══════════════════════════════════════════════════
⏰ 점심시간 (11:30~13:30) — 신규 매수 중단
→ 전종목 HOLD
✅ Discord 전송 완료

[13:26] HOLD | KODEX RSI56/-5.3%⬆️⚠️ | 보유:없음 | 최고신호 한화시스템(272210) 5pt/3pt [강세+5.3%★★ / 호가2.0★]
💰 예수금 97,571원 | KODEX200 RSI55/-5.8% 상승추세⬆️ 과열⚠️ | 매수기준 점수3pt↑

코드      종목명           가격    RSI     변화율    거래량     BB   호가비  B/S
────────────────────────────────────────────────────────────────────────
[2단계 분석 대상: 035720, 017670, 000880, 004020, 003670]
403870  HPSP      52,000    0.0    +0.0%    0.0x     중간  2.52  5pt/0 [일봉]
272210  한화시스템     94,000    0.0    +0.0%    0.0x     중간  3.77  5pt/0 [일봉]
011200  HMM       19,490    0.0    +0.0%    0.0x     중간  1.25  3pt/0 [일봉]
015760  한국전력      38,050    0.0    +0.0%    0.0x     중간  3.40  5pt/0 [일봉]
034020  두산에너빌     95,200    0.0    +0.0%    0.0x     중간  3.17  5pt/0 [일봉]
035720  카카오       40,000   48.0    -4.9%    0.5x     하단  7.09  5pt/0 [5분]
030200  KT        53,900    0.0    +0.0%    0.0x     중간  2.86  5pt/0 [일봉]
003490  대한항공      24,850    0.0    +0.0%    0.0x     중간  2.49  5pt/0 [일봉]
004020  현대제철      35,700   53.6    -6.2%    0.3x     하단  5.91  3pt/0 [5분]
078930  GS        73,000    0.0    +0.0%    0.0x     중간  4.26  5pt/0 [일봉]

══════════════════════════════════════════════════
⏰ 점심시간 (11:30~13:30) — 신규 매수 중단
→ 전종목 HOLD
✅ Discord 전송 완료

[13:28] HOLD | KODEX RSI55/-5.8%⬆️⚠️ | 보유:없음 | 최고신호 HPSP(403870) 5pt/3pt [강세+5.8%★★ / 호가2.5★]
💰 예수금 97,571원 | KODEX200 RSI55/-5.9% 상승추세⬆️ 과열⚠️ | 매수기준 점수3pt↑

코드      종목명           가격    RSI     변화율    거래량     BB   호가비  B/S
────────────────────────────────────────────────────────────────────────
[2단계 분석 대상: 000720, 004020, 003490, 035720, 000880]
403870  HPSP      51,800    0.0    +0.0%    0.0x     중간  2.94  5pt/0 [일봉]
272210  한화시스템     93,800    0.0    +0.0%    0.0x     중간  3.17  5pt/0 [일봉]
011200  HMM       19,480    0.0    +0.0%    0.0x     중간  2.65  5pt/0 [일봉]
015760  한국전력      38,000    0.0    +0.0%    0.0x     중간  7.14  5pt/0 [일봉]
034020  두산에너빌     95,100    0.0    +0.0%    0.0x     중간  4.71  5pt/0 [일봉]
035720  카카오       39,900   50.0    -5.0%    0.5x     하단  7.39  5pt/0 [5분]
030200  KT        53,900    0.0    +0.0%    0.0x     중간  2.20  5pt/0 [일봉]
003490  대한항공      24,800   40.0    -1.2%    0.5x     하단  7.42  5pt/0 [5분]
004020  현대제철      35,650   53.6    -6.4%    0.3x     하단  8.22  3pt/0 [5분]
078930  GS        73,200    0.0    +0.0%    0.0x     중간  0.57  3pt/0 [일봉]

══════════════════════════════════════════════════
📉 KODEX200 -5.9% 급락 — 신규 매수 중단
→ 전종목 HOLD
✅ Discord 전송 완료

[13:30] HOLD | KODEX RSI55/-5.9%⬆️⚠️ | 보유:없음 | 최고신호 HPSP(403870) 5pt/3pt [강세+5.9%★★ / 호가2.9★]
💰 예수금 97,571원 | KODEX200 RSI55/-6.1% 상승추세⬆️ 과열⚠️ | 매수기준 점수3pt↑

코드      종목명           가격    RSI     변화율    거래량     BB   호가비  B/S
────────────────────────────────────────────────────────────────────────
[2단계 분석 대상: 000720, 086520, 004020, 000880, 003490]
403870  HPSP      51,700    0.0    +0.0%    0.0x     중간  2.31  5pt/0 [일봉]
272210  한화시스템     93,700    0.0    +0.0%    0.0x     중간  3.05  5pt/0 [일봉]
011200  HMM       19,480    0.0    +0.0%    0.0x     중간  2.58  5pt/0 [일봉]
015760  한국전력      38,000    0.0    +0.0%    0.0x     중간  6.60  5pt/0 [일봉]
034020  두산에너빌     95,100    0.0    +0.0%    0.0x     중간  3.11  5pt/0 [일봉]
035720  카카오       39,850    0.0    +0.0%    0.0x     중간  6.20  5pt/0 [일봉]
030200  KT        53,900    0.0    +0.0%    0.0x     중간  2.44  5pt/0 [일봉]
003490  대한항공      24,800   40.0    -1.2%    0.5x     하단  7.04  5pt/0 [5분]
004020  현대제철      35,650   53.6    -6.3%    0.3x     하단  8.14  3pt/0 [5분]
078930  GS        73,100    0.0    +0.0%    0.0x     중간  0.37  3pt/0 [일봉]

══════════════════════════════════════════════════
📉 KODEX200 -6.1% 급락 — 신규 매수 중단
→ 전종목 HOLD
✅ Discord 전송 완료

[13:32] HOLD | KODEX RSI55/-6.1%⬆️⚠️ | 보유:없음 | 최고신호 HPSP(403870) 5pt/3pt [강세+6.1%★★ / 호가2.3★]
💰 예수금 97,571원 | KODEX200 RSI55/-6.2% 상승추세⬆️ 과열⚠️ | 매수기준 점수3pt↑

코드      종목명           가격    RSI     변화율    거래량     BB   호가비  B/S
────────────────────────────────────────────────────────────────────────
[2단계 분석 대상: 086520, 000720, 034020, 004020, 003670]
403870  HPSP      51,500    0.0    +0.0%    0.0x     중간  2.53  5pt/0 [일봉]
272210  한화시스템     93,600    0.0    +0.0%    0.0x     중간  3.62  5pt/0 [일봉]
011200  HMM       19,470    0.0    +0.0%    0.0x     중간  2.23  5pt/0 [일봉]
015760  한국전력      37,950    0.0    +0.0%    0.0x     중간  4.37  5pt/0 [일봉]
034020  두산에너빌     94,800   50.0    -4.4%    0.7x     하단  7.97  6pt/0 [5분]
035720  카카오       39,850    0.0    +0.0%    0.0x     중간  5.73  5pt/0 [일봉]
030200  KT        53,800    0.0    +0.0%    0.0x     중간  2.04  5pt/0 [일봉]
003490  대한항공      24,750    0.0    +0.0%    0.0x     중간  4.31  5pt/0 [일봉]
004020  현대제철      35,700   57.4    -6.3%    0.3x     하단  7.17  3pt/0 [5분]
078930  GS        73,100    0.0    +0.0%    0.0x     중간  0.40  3pt/0 [일봉]

══════════════════════════════════════════════════
📉 KODEX200 -6.2% 급락 — 신규 매수 중단
→ 전종목 HOLD
✅ Discord 전송 완료

[13:34] HOLD | KODEX RSI55/-6.2%⬆️⚠️ | 보유:없음 | 최고신호 두산에너빌(034020) 6pt/3pt [강세+1.7%★★ / 호가8.0★ / RSI50]
💰 예수금 97,571원 | KODEX200 RSI56/-5.8% 상승추세⬆️ 과열⚠️ | 매수기준 점수3pt↑

코드      종목명           가격    RSI     변화율    거래량     BB   호가비  B/S
────────────────────────────────────────────────────────────────────────
[2단계 분석 대상: 096770, 004020, 003490, 003670, 035720]
403870  HPSP      51,900    0.0    +0.0%    0.0x     중간  1.62  4pt/0 [일봉]
272210  한화시스템     93,800    0.0    +0.0%    0.0x     중간  3.13  5pt/0 [일봉]
011200  HMM       19,440    0.0    +0.0%    0.0x     중간  1.99  4pt/0 [일봉]
015760  한국전력      37,950    0.0    +0.0%    0.0x     중간  4.17  5pt/0 [일봉]
034020  두산에너빌     95,100    0.0    +0.0%    0.0x     중간  3.54  5pt/0 [일봉]
035720  카카오       39,850   53.8    -5.1%    0.5x     하단  5.53  5pt/0 [5분]
030200  KT        53,800    0.0    +0.0%    0.0x     중간  2.54  5pt/0 [일봉]
003490  대한항공      24,850   50.0    -1.2%    0.5x     하단  7.41  6pt/0 [5분]
004020  현대제철      35,650   57.4    -6.3%    0.3x     하단  7.71  3pt/0 [5분]
078930  GS        73,100    0.0    +0.0%    0.0x     중간  0.44  3pt/0 [일봉]

══════════════════════════════════════════════════
📉 KODEX200 -5.8% 급락 — 신규 매수 중단
→ 전종목 HOLD
✅ Discord 전송 완료

[13:36] HOLD | KODEX RSI56/-5.8%⬆️⚠️ | 보유:없음 | 최고신호 대한항공(003490) 6pt/3pt [강세+4.6%★★ / 호가7.4★ / RSI50]
💰 예수금 97,571원 | KODEX200 RSI56/-5.6% 상승추세⬆️ 과열⚠️ | 매수기준 점수3pt↑

코드      종목명           가격    RSI     변화율    거래량     BB   호가비  B/S
────────────────────────────────────────────────────────────────────────
[2단계 분석 대상: 000880, 003490, 034020, 004020, 105560]
403870  HPSP      51,700    0.0    +0.0%    0.0x     중간  1.72  4pt/0 [일봉]
272210  한화시스템     93,700    0.0    +0.0%    0.0x     중간  3.34  5pt/0 [일봉]
011200  HMM       19,420    0.0    +0.0%    0.0x     중간  2.56  5pt/0 [일봉]
015760  한국전력      37,950    0.0    +0.0%    0.0x     중간  4.12  5pt/0 [일봉]
034020  두산에너빌     94,900   50.0    -4.3%    0.7x     하단  7.65  5pt/0 [5분]
035720  카카오       39,850    0.0    +0.0%    0.0x     중간  5.67  5pt/0 [일봉]
030200  KT        53,800    0.0    +0.0%    0.0x     중간  2.10  5pt/0 [일봉]
003490  대한항공      24,800   50.0    -1.2%    0.5x     하단  7.70  6pt/0 [5분]
004020  현대제철      35,650   57.4    -6.4%    0.3x     하단  7.35  3pt/0 [5분]
078930  GS        73,000    0.0    +0.0%    0.0x     중간  1.19  3pt/0 [일봉]

══════════════════════════════════════════════════
📉 KODEX200 -5.6% 급락 — 신규 매수 중단
→ 전종목 HOLD
✅ Discord 전송 완료

[13:38] HOLD | KODEX RSI56/-5.6%⬆️⚠️ | 보유:없음 | 최고신호 대한항공(003490) 6pt/3pt [강세+4.4%★★ / 호가7.7★ / RSI50]
💰 예수금 97,571원 | KODEX200 RSI56/-5.3% 상승추세⬆️ 과열⚠️ | 매수기준 점수3pt↑

코드      종목명           가격    RSI     변화율    거래량     BB   호가비  B/S
────────────────────────────────────────────────────────────────────────
[2단계 분석 대상: 003490, 032830, 010950, 035720, 247540]
403870  HPSP      52,000    0.0    +0.0%    0.0x     중간  1.63  4pt/0 [일봉]
272210  한화시스템     94,100    0.0    +0.0%    0.0x     중간  2.66  5pt/0 [일봉]
011200  HMM       19,440    0.0    +0.0%    0.0x     중간  2.24  5pt/0 [일봉]
015760  한국전력      38,100    0.0    +0.0%    0.0x     중간  2.31  5pt/0 [일봉]
034020  두산에너빌     95,600    0.0    +0.0%    0.0x     중간  0.82  3pt/0 [일봉]
035720  카카오       40,000   58.3    -4.8%    0.5x     하단  6.25  5pt/0 [5분]
030200  KT        53,800    0.0    +0.0%    0.0x     중간  2.09  5pt/0 [일봉]
003490  대한항공      24,850   50.0    -1.0%    0.5x     하단  6.95  6pt/0 [5분]
004020  현대제철      35,900    0.0    +0.0%    0.0x     중간  3.18  5pt/0 [일봉]
078930  GS        73,200    0.0    +0.0%    0.0x     중간  0.38  3pt/0 [일봉]

══════════════════════════════════════════════════
📉 KODEX200 -5.3% 급락 — 신규 매수 중단
→ 전종목 HOLD
✅ Discord 전송 완료

[13:40] HOLD | KODEX RSI56/-5.3%⬆️⚠️ | 보유:없음 | 최고신호 대한항공(003490) 6pt/3pt [강세+4.3%★★ / 호가7.0★ / RSI50]
💰 예수금 97,571원 | KODEX200 RSI56/-5.2% 상승추세⬆️ 과열⚠️ | 매수기준 점수3pt↑

코드      종목명           가격    RSI     변화율    거래량     BB   호가비  B/S
────────────────────────────────────────────────────────────────────────
[2단계 분석 대상: 003490, 010950, 035720, 000720, 004020]
403870  HPSP      51,900    0.0    +0.0%    0.0x     중간  1.98  4pt/0 [일봉]
272210  한화시스템     94,200    0.0    +0.0%    0.0x     중간  2.07  5pt/0 [일봉]
011200  HMM       19,440    0.0    +0.0%    0.0x     중간  2.80  5pt/0 [일봉]
015760  한국전력      38,050    0.0    +0.0%    0.0x     중간  3.23  5pt/0 [일봉]
034020  두산에너빌     95,300    0.0    +0.0%    0.0x     중간  1.68  4pt/0 [일봉]
035720  카카오       39,950   58.3    -5.0%    0.5x     하단  5.93  3pt/0 [5분]
030200  KT        53,800    0.0    +0.0%    0.0x     중간  1.95  4pt/0 [일봉]
003490  대한항공      24,850   50.0    -0.8%    0.5x     하단  6.23  6pt/0 [5분]
004020  현대제철      35,850   56.5    -5.9%    0.4x     하단  4.22  3pt/0 [5분]
078930  GS        73,300    0.0    +0.0%    0.0x     중간  0.44  3pt/0 [일봉]

══════════════════════════════════════════════════
📉 KODEX200 -5.2% 급락 — 신규 매수 중단
→ 전종목 HOLD
✅ Discord 전송 완료

[13:42] HOLD | KODEX RSI56/-5.2%⬆️⚠️ | 보유:없음 | 최고신호 대한항공(003490) 6pt/3pt [강세+4.5%★★ / 호가6.2★ / RSI50]
💰 예수금 97,571원 | KODEX200 RSI56/-5.7% 상승추세⬆️ 과열⚠️ | 매수기준 점수3pt↑

코드      종목명           가격    RSI     변화율    거래량     BB   호가비  B/S
────────────────────────────────────────────────────────────────────────
[2단계 분석 대상: 000270, 010950, 035720, 000720, 003490]
403870  HPSP      51,600    0.0    +0.0%    0.0x     중간  2.50  5pt/0 [일봉]
272210  한화시스템     93,700    0.0    +0.0%    0.0x     중간  3.87  5pt/0 [일봉]
011200  HMM       19,440    0.0    +0.0%    0.0x     중간  2.44  5pt/0 [일봉]
015760  한국전력      38,000    0.0    +0.0%    0.0x     중간  4.40  5pt/0 [일봉]
034020  두산에너빌     95,100    0.0    +0.0%    0.0x     중간  5.28  5pt/0 [일봉]
035720  카카오       39,900   63.6    -5.1%    0.5x     하단  7.40  5pt/0 [5분]
030200  KT        53,800    0.0    +0.0%    0.0x     중간  1.80  4pt/0 [일봉]
003490  대한항공      24,850   50.0    -0.8%    0.5x     하단  6.25  6pt/0 [5분]
004020  현대제철      35,750    0.0    +0.0%    0.0x     중간  5.76  5pt/0 [일봉]
078930  GS        73,100    0.0    +0.0%    0.0x     중간  0.37  3pt/0 [일봉]

══════════════════════════════════════════════════
📉 KODEX200 -5.7% 급락 — 신규 매수 중단
→ 전종목 HOLD
✅ Discord 전송 완료

[13:44] HOLD | KODEX RSI56/-5.7%⬆️⚠️ | 보유:없음 | 최고신호 대한항공(003490) 6pt/3pt [강세+4.9%★★ / 호가6.2★ / RSI50]
💰 예수금 97,571원 | KODEX200 RSI56/-5.7% 상승추세⬆️ 과열⚠️ | 매수기준 점수3pt↑

코드      종목명           가격    RSI     변화율    거래량     BB   호가비  B/S
────────────────────────────────────────────────────────────────────────
[2단계 분석 대상: 000270, 010950, 035720, 000720, 066970]
403870  HPSP      51,700    0.0    +0.0%    0.0x     중간  2.42  5pt/0 [일봉]
272210  한화시스템     93,800    0.0    +0.0%    0.0x     중간  3.46  5pt/0 [일봉]
011200  HMM       19,440    0.0    +0.0%    0.0x     중간  2.93  5pt/0 [일봉]
015760  한국전력      38,000    0.0    +0.0%    0.0x     중간  4.57  5pt/0 [일봉]
034020  두산에너빌     95,100    0.0    +0.0%    0.0x     중간  3.68  5pt/0 [일봉]
035720  카카오       39,900   63.6    -5.0%    0.5x     하단  7.05  5pt/0 [5분]
030200  KT        53,800    0.0    +0.0%    0.0x     중간  1.80  4pt/0 [일봉]
003490  대한항공      24,850    0.0    +0.0%    0.0x     중간  5.09  5pt/0 [일봉]
004020  현대제철      35,750    0.0    +0.0%    0.0x     중간  4.68  5pt/0 [일봉]
078930  GS        73,200    0.0    +0.0%    0.0x     중간  0.38  3pt/0 [일봉]

══════════════════════════════════════════════════
📉 KODEX200 -5.7% 급락 — 신규 매수 중단
→ 전종목 HOLD
✅ Discord 전송 완료

[13:46] HOLD | KODEX RSI56/-5.7%⬆️⚠️ | 보유:없음 | 최고신호 HPSP(403870) 5pt/3pt [강세+5.7%★★ / 호가2.4★]
💰 예수금 97,571원 | KODEX200 RSI56/-5.3% 상승추세⬆️ 과열⚠️ | 매수기준 점수3pt↑

코드      종목명           가격    RSI     변화율    거래량     BB   호가비  B/S
────────────────────────────────────────────────────────────────────────
[2단계 분석 대상: 000270, 247540, 064350, 003490, 004020]
403870  HPSP      51,800    0.0    +0.0%    0.0x     중간  2.32  5pt/0 [일봉]
272210  한화시스템     93,800    0.0    +0.0%    0.0x     중간  3.36  5pt/0 [일봉]
011200  HMM       19,440    0.0    +0.0%    0.0x     중간  3.41  5pt/0 [일봉]
015760  한국전력      38,050    0.0    +0.0%    0.0x     중간  3.59  5pt/0 [일봉]
034020  두산에너빌     95,100    0.0    +0.0%    0.0x     중간  2.54  5pt/0 [일봉]
035720  카카오       39,950    0.0    +0.0%    0.0x     중간  4.59  5pt/0 [일봉]
030200  KT        53,800    0.0    +0.0%    0.0x     중간  1.69  4pt/0 [일봉]
003490  대한항공      24,900   50.0    -0.8%    0.5x     하단  4.95  6pt/0 [5분]
004020  현대제철      35,800   60.3    -6.0%    0.4x     하단  4.87  4pt/0 [5분]
078930  GS        73,200    0.0    +0.0%    0.0x     중간  0.47  3pt/0 [일봉]

══════════════════════════════════════════════════
📉 KODEX200 -5.3% 급락 — 신규 매수 중단
→ 전종목 HOLD
✅ Discord 전송 완료

[13:48] HOLD | KODEX RSI56/-5.3%⬆️⚠️ | 보유:없음 | 최고신호 대한항공(003490) 6pt/3pt [강세+4.5%★★ / 호가5.0★ / RSI50]
💰 예수금 97,571원 | KODEX200 RSI56/-5.3% 상승추세⬆️ 과열⚠️ | 매수기준 점수3pt↑

코드      종목명           가격    RSI     변화율    거래량     BB   호가비  B/S
────────────────────────────────────────────────────────────────────────
[2단계 분석 대상: 000270, 010950, 035720, 003490, 004020]
403870  HPSP      51,300    0.0    +0.0%    0.0x     중간  3.84  5pt/0 [일봉]
272210  한화시스템     93,800    0.0    +0.0%    0.0x     중간  2.62  5pt/0 [일봉]
011200  HMM       19,460    0.0    +0.0%    0.0x     중간  3.12  5pt/0 [일봉]
015760  한국전력      38,050    0.0    +0.0%    0.0x     중간  3.58  5pt/0 [일봉]
034020  두산에너빌     95,400    0.0    +0.0%    0.0x     중간  1.81  4pt/0 [일봉]
035720  카카오       40,000   56.5    -4.8%    0.5x     하단  5.62  5pt/0 [5분]
030200  KT        53,800    0.0    +0.0%    0.0x     중간  1.83  4pt/0 [일봉]
003490  대한항공      24,900   45.5    -0.8%    0.5x     하단  5.02  6pt/0 [5분]
004020  현대제철      35,800   56.9    -6.0%    0.4x     하단  4.28  3pt/0 [5분]
078930  GS        73,400    0.0    +0.0%    0.0x     중간  0.42  3pt/0 [일봉]

══════════════════════════════════════════════════
📉 KODEX200 -5.3% 급락 — 신규 매수 중단
→ 전종목 HOLD
✅ Discord 전송 완료

[13:50] HOLD | KODEX RSI56/-5.3%⬆️⚠️ | 보유:없음 | 최고신호 대한항공(003490) 6pt/3pt [강세+4.5%★★ / 호가5.0★ / RSI46]
💰 예수금 97,571원 | KODEX200 RSI56/-5.3% 상승추세⬆️ 과열⚠️ | 매수기준 점수3pt↑

코드      종목명           가격    RSI     변화율    거래량     BB   호가비  B/S
────────────────────────────────────────────────────────────────────────
[2단계 분석 대상: 000270, 010950, 003490, 004020, 035720]
403870  HPSP      51,100    0.0    +0.0%    0.0x     중간  2.23  5pt/0 [일봉]
272210  한화시스템     93,900    0.0    +0.0%    0.0x     중간  3.07  5pt/0 [일봉]
011200  HMM       19,460    0.0    +0.0%    0.0x     중간  2.60  5pt/0 [일봉]
015760  한국전력      38,050    0.0    +0.0%    0.0x     중간  3.34  5pt/0 [일봉]
034020  두산에너빌     95,400    0.0    +0.0%    0.0x     중간  1.61  4pt/0 [일봉]
035720  카카오       40,100   56.5    -4.5%    0.5x     하단  3.60  5pt/0 [5분]
030200  KT        53,800    0.0    +0.0%    0.0x     중간  1.83  4pt/0 [일봉]
003490  대한항공      24,900   45.5    -0.8%    0.5x     하단  5.21  6pt/0 [5분]
004020  현대제철      35,850   56.9    -5.9%    0.4x     하단  4.63  3pt/0 [5분]
078930  GS        73,400    0.0    +0.0%    0.0x     중간  0.41  3pt/0 [일봉]

══════════════════════════════════════════════════
📉 KODEX200 -5.3% 급락 — 신규 매수 중단
→ 전종목 HOLD
✅ Discord 전송 완료

[13:52] HOLD | KODEX RSI56/-5.3%⬆️⚠️ | 보유:없음 | 최고신호 대한항공(003490) 6pt/3pt [강세+4.5%★★ / 호가5.2★ / RSI46]
💰 예수금 97,571원 | KODEX200 RSI56/-5.2% 상승추세⬆️ 과열⚠️ | 매수기준 점수3pt↑

코드      종목명           가격    RSI     변화율    거래량     BB   호가비  B/S
────────────────────────────────────────────────────────────────────────
[2단계 분석 대상: 003490, 010950, 032830, 004020, 015760]
403870  HPSP      51,100    0.0    +0.0%    0.0x     중간  2.39  5pt/0 [일봉]
272210  한화시스템     93,700    0.0    +0.0%    0.0x     중간  1.87  4pt/0 [일봉]
011200  HMM       19,480    0.0    +0.0%    0.0x     중간  3.29  5pt/0 [일봉]
015760  한국전력      38,050   51.9    -1.8%    0.7x     하단  3.43  6pt/0 [5분]
034020  두산에너빌     95,500    0.0    +0.0%    0.0x     중간  1.58  4pt/0 [일봉]
035720  카카오       40,150    0.0    +0.0%    0.0x     중간  3.13  5pt/0 [일봉]
030200  KT        53,800    0.0    +0.0%    0.0x     중간  1.86  4pt/0 [일봉]
003490  대한항공      24,900   45.5    -0.6%    0.5x     하단  6.19  6pt/0 [5분]
004020  현대제철      35,950   47.9    -5.7%    0.4x     하단  3.93  3pt/0 [5분]
078930  GS        73,300    0.0    +0.0%    0.0x     중간  0.37  3pt/0 [일봉]

══════════════════════════════════════════════════
📉 KODEX200 -5.2% 급락 — 신규 매수 중단
→ 전종목 HOLD
✅ Discord 전송 완료

[13:54] HOLD | KODEX RSI56/-5.2%⬆️⚠️ | 보유:없음 | 최고신호 한국전력(015760) 6pt/3pt [강세+3.4%★★ / 호가3.4★ / RSI52]
💰 예수금 97,571원 | KODEX200 RSI57/-5.1% 상승추세⬆️ 과열⚠️ | 매수기준 점수3pt↑

코드      종목명           가격    RSI     변화율    거래량     BB   호가비  B/S
────────────────────────────────────────────────────────────────────────
[2단계 분석 대상: 010950, 004020, 003490, 032830, 086520]
403870  HPSP      51,200    0.0    +0.0%    0.0x     중간  1.47  4pt/0 [일봉]
272210  한화시스템     93,700    0.0    +0.0%    0.0x     중간  1.72  4pt/0 [일봉]
011200  HMM       19,480    0.0    +0.0%    0.0x     중간  3.18  5pt/0 [일봉]
015760  한국전력      38,100    0.0    +0.0%    0.0x     중간  2.40  5pt/0 [일봉]
034020  두산에너빌     95,500    0.0    +0.0%    0.0x     중간  1.59  4pt/0 [일봉]
035720  카카오       40,150    0.0    +0.0%    0.0x     중간  3.17  5pt/0 [일봉]
030200  KT        53,800    0.0    +0.0%    0.0x     중간  1.85  4pt/0 [일봉]
003490  대한항공      24,950   45.5    -0.4%    0.5x     하단  4.69  6pt/0 [5분]
004020  현대제철      35,950   47.9    -5.5%    0.4x     하단  4.70  3pt/0 [5분]
078930  GS        73,400    0.0    +0.0%    0.0x     중간  0.45  3pt/0 [일봉]

══════════════════════════════════════════════════
📉 KODEX200 -5.1% 급락 — 신규 매수 중단
→ 전종목 HOLD
✅ Discord 전송 완료

[13:56] HOLD | KODEX RSI57/-5.1%⬆️⚠️ | 보유:없음 | 최고신호 대한항공(003490) 6pt/3pt [강세+4.7%★★ / 호가4.7★ / RSI46]
💰 예수금 97,571원 | KODEX200 RSI57/-4.9% 상승추세⬆️ 과열⚠️ | 매수기준 점수3pt↑

코드      종목명           가격    RSI     변화율    거래량     BB   호가비  B/S
────────────────────────────────────────────────────────────────────────
[2단계 분석 대상: 003490, 004020, 010950, 086520, 011200]
403870  HPSP      51,100    0.0    +0.0%    0.0x     중간  2.40  5pt/0 [일봉]
272210  한화시스템     93,900    0.0    +0.0%    0.0x     중간  1.68  4pt/0 [일봉]
011200  HMM       19,480   31.1    -0.8%    0.6x     하단  2.98  5pt/0 [5분]
015760  한국전력      38,100    0.0    +0.0%    0.0x     중간  2.55  5pt/0 [일봉]
034020  두산에너빌     95,600    0.0    +0.0%    0.0x     중간  1.97  4pt/0 [일봉]
035720  카카오       40,300    0.0    +0.0%    0.0x     중간  2.46  5pt/0 [일봉]
030200  KT        53,800    0.0    +0.0%    0.0x     중간  1.78  4pt/0 [일봉]
003490  대한항공      24,950   45.5    -0.6%    0.5x     하단  4.75  6pt/0 [5분]
004020  현대제철      36,000   47.9    -5.5%    0.4x     하단  4.09  3pt/0 [5분]
078930  GS        73,500    0.0    +0.0%    0.0x     중간  0.50  3pt/0 [일봉]

══════════════════════════════════════════════════
📉 KODEX200 -4.9% 급락 — 신규 매수 중단
→ 전종목 HOLD
✅ Discord 전송 완료

[13:58] HOLD | KODEX RSI57/-4.9%⬆️⚠️ | 보유:없음 | 최고신호 대한항공(003490) 6pt/3pt [강세+4.3%★★ / 호가4.8★ / RSI46]
💰 예수금 97,571원 | KODEX200 RSI57/-5.0% 상승추세⬆️ 과열⚠️ | 매수기준 점수3pt↑

코드      종목명           가격    RSI     변화율    거래량     BB   호가비  B/S
────────────────────────────────────────────────────────────────────────
[2단계 분석 대상: 003490, 004020, 086520, 003670, 032830]
403870  HPSP      51,200    0.0    +0.0%    0.0x     중간  1.74  4pt/0 [일봉]
272210  한화시스템     94,000    0.0    +0.0%    0.0x     중간  1.17  3pt/0 [일봉]
011200  HMM       19,490    0.0    +0.0%    0.0x     중간  1.42  4pt/0 [일봉]
015760  한국전력      38,100    0.0    +0.0%    0.0x     중간  2.61  5pt/0 [일봉]
034020  두산에너빌     95,400    0.0    +0.0%    0.0x     중간  2.31  5pt/0 [일봉]
035720  카카오       40,350    0.0    +0.0%    0.0x     중간  2.30  5pt/0 [일봉]
030200  KT        53,800    0.0    +0.0%    0.0x     중간  1.84  4pt/0 [일봉]
003490  대한항공      24,950   45.5    -0.4%    0.5x     하단  4.96  6pt/0 [5분]
004020  현대제철      35,950   56.8    -5.5%    0.4x     하단  4.73  3pt/0 [5분]
078930  GS        73,400    0.0    +0.0%    0.0x     중간  0.29  3pt/0 [일봉]

══════════════════════════════════════════════════
📉 KODEX200 -5.0% 급락 — 신규 매수 중단
→ 전종목 HOLD
✅ Discord 전송 완료

[14:00] HOLD | KODEX RSI57/-5.0%⬆️⚠️ | 보유:없음 | 최고신호 대한항공(003490) 6pt/3pt [강세+4.6%★★ / 호가5.0★ / RSI46]
💰 예수금 97,571원 | KODEX200 RSI57/-4.9% 상승추세⬆️ 과열⚠️ | 매수기준 점수3pt↑

코드      종목명           가격    RSI     변화율    거래량     BB   호가비  B/S
────────────────────────────────────────────────────────────────────────
[2단계 분석 대상: 004020, 003490, 010950, 015760, 086520]
403870  HPSP      51,200    0.0    +0.0%    0.0x     중간  1.25  3pt/0 [일봉]
272210  한화시스템     93,900    0.0    +0.0%    0.0x     중간  1.84  4pt/0 [일봉]
011200  HMM       19,480    0.0    +0.0%    0.0x     중간  1.94  4pt/0 [일봉]
015760  한국전력      38,050   57.1    -1.8%    0.7x     하단  5.03  6pt/0 [5분]
034020  두산에너빌     95,300    0.0    +0.0%    0.0x     중간  2.25  5pt/0 [일봉]
035720  카카오       40,300    0.0    +0.0%    0.0x     중간  2.87  5pt/0 [일봉]
030200  KT        53,800    0.0    +0.0%    0.0x     중간  1.84  4pt/0 [일봉]
003490  대한항공      24,900   45.5    -0.8%    0.6x     하단  5.32  6pt/0 [5분]
004020  현대제철      35,900   56.8    -5.8%    0.4x     하단  6.19  3pt/0 [5분]
078930  GS        73,400    0.0    +0.0%    0.0x     중간  0.33  3pt/0 [일봉]

══════════════════════════════════════════════════
📉 KODEX200 -4.9% 급락 — 신규 매수 중단
→ 전종목 HOLD
✅ Discord 전송 완료

[14:02] HOLD | KODEX RSI57/-4.9%⬆️⚠️ | 보유:없음 | 최고신호 한국전력(015760) 6pt/3pt [강세+3.1%★★ / 호가5.0★ / RSI57]
💰 예수금 97,571원 | KODEX200 RSI57/-4.8% 상승추세⬆️ 과열⚠️ | 매수기준 점수3pt↑

코드      종목명           가격    RSI     변화율    거래량     BB   호가비  B/S
────────────────────────────────────────────────────────────────────────
[2단계 분석 대상: 004020, 015760, 105560, 086520, 000880]
403870  HPSP      51,000    0.0    +0.0%    0.0x     중간  2.24  5pt/0 [일봉]
272210  한화시스템     93,800    0.0    +0.0%    0.0x     중간  1.67  4pt/0 [일봉]
011200  HMM       19,480    0.0    +0.0%    0.0x     중간  2.24  5pt/0 [일봉]
015760  한국전력      38,050   64.0    -1.9%    0.7x     하단  4.32  6pt/0 [5분]
034020  두산에너빌     95,100    0.0    +0.0%    0.0x     중간  2.55  5pt/0 [일봉]
035720  카카오       40,350    0.0    +0.0%    0.0x     중간  1.52  4pt/0 [일봉]
030200  KT        53,800    0.0    +0.0%    0.0x     중간  1.91  4pt/0 [일봉]
003490  대한항공      24,950    0.0    +0.0%    0.0x     중간  0.71  3pt/0 [일봉]
004020  현대제철      35,850   69.4    -5.9%    0.4x     하단  5.47  2pt/0 [5분]
078930  GS        73,400    0.0    +0.0%    0.0x     중간  0.44  3pt/0 [일봉]

══════════════════════════════════════════════════
📉 KODEX200 -4.8% 급락 — 신규 매수 중단
→ 전종목 HOLD
✅ Discord 전송 완료

[14:04] HOLD | KODEX RSI57/-4.8%⬆️⚠️ | 보유:없음 | 최고신호 한국전력(015760) 6pt/3pt [강세+2.8%★★ / 호가4.3★ / RSI64]
💰 예수금 97,571원 | KODEX200 RSI57/-4.9% 상승추세⬆️ 과열⚠️ | 매수기준 점수3pt↑

코드      종목명           가격    RSI     변화율    거래량     BB   호가비  B/S
────────────────────────────────────────────────────────────────────────
[2단계 분석 대상: 015760, 004020, 032830, 086520, 003490]
403870  HPSP      50,900    0.0    +0.0%    0.0x     중간  1.91  4pt/0 [일봉]
272210  한화시스템     93,800    0.0    +0.0%    0.0x     중간  1.65  4pt/0 [일봉]
011200  HMM       19,490    0.0    +0.0%    0.0x     중간  1.46  4pt/0 [일봉]
015760  한국전력      38,000   64.0    -1.8%    0.7x     하단  6.97  6pt/0 [5분]
034020  두산에너빌     95,200    0.0    +0.0%    0.0x     중간  2.55  5pt/0 [일봉]
035720  카카오       40,400    0.0    +0.0%    0.0x     중간  1.76  4pt/0 [일봉]
030200  KT        53,800    0.0    +0.0%    0.0x     중간  2.15  5pt/0 [일봉]
003490  대한항공      24,950   45.5    -0.6%    0.6x     하단  3.13  6pt/0 [5분]
004020  현대제철      35,850   69.4    -5.9%    0.4x     하단  5.03  2pt/0 [5분]
078930  GS        73,500    0.0    +0.0%    0.0x     중간  0.44  3pt/0 [일봉]

══════════════════════════════════════════════════
📉 KODEX200 -4.9% 급락 — 신규 매수 중단
→ 전종목 HOLD
✅ Discord 전송 완료

[14:06] HOLD | KODEX RSI57/-4.9%⬆️⚠️ | 보유:없음 | 최고신호 한국전력(015760) 6pt/3pt [강세+3.1%★★ / 호가7.0★ / RSI64]
💰 예수금 97,571원 | KODEX200 RSI57/-5.0% 상승추세⬆️ 과열⚠️ | 매수기준 점수3pt↑

코드      종목명           가격    RSI     변화율    거래량     BB   호가비  B/S
────────────────────────────────────────────────────────────────────────
[2단계 분석 대상: 015760, 004020, 032830, 086520, 003490]
403870  HPSP      50,900    0.0    +0.0%    0.0x     중간  1.83  4pt/0 [일봉]
272210  한화시스템     93,800    0.0    +0.0%    0.0x     중간  1.46  4pt/0 [일봉]
011200  HMM       19,480    0.0    +0.0%    0.0x     중간  2.48  5pt/0 [일봉]
015760  한국전력      38,050   64.0    -1.8%    0.7x     하단  5.23  6pt/0 [5분]
034020  두산에너빌     95,200    0.0    +0.0%    0.0x     중간  2.70  5pt/0 [일봉]
035720  카카오       40,400    0.0    +0.0%    0.0x     중간  1.33  4pt/0 [일봉]
030200  KT        53,800    0.0    +0.0%    0.0x     중간  2.21  5pt/0 [일봉]
003490  대한항공      24,950   45.5    -0.6%    0.6x     하단  3.10  6pt/0 [5분]
004020  현대제철      35,850   69.4    -5.8%    0.4x     하단  4.76  2pt/0 [5분]
078930  GS        73,400    0.0    +0.0%    0.0x     중간  0.38  3pt/0 [일봉]

══════════════════════════════════════════════════
📉 KODEX200 -5.0% 급락 — 신규 매수 중단
→ 전종목 HOLD
✅ Discord 전송 완료

[14:08] HOLD | KODEX RSI57/-5.0%⬆️⚠️ | 보유:없음 | 최고신호 한국전력(015760) 6pt/3pt [강세+3.2%★★ / 호가5.2★ / RSI64]
💰 예수금 97,571원 | KODEX200 RSI57/-5.1% 상승추세⬆️ 과열⚠️ | 매수기준 점수3pt↑

코드      종목명           가격    RSI     변화율    거래량     BB   호가비  B/S
────────────────────────────────────────────────────────────────────────
[2단계 분석 대상: 004020, 329180, 086520, 003490, 032830]
403870  HPSP      50,800    0.0    +0.0%    0.0x     중간  1.91  4pt/0 [일봉]
272210  한화시스템     93,800    0.0    +0.0%    0.0x     중간  1.87  4pt/0 [일봉]
011200  HMM       19,470    0.0    +0.0%    0.0x     중간  2.48  5pt/0 [일봉]
015760  한국전력      38,100    0.0    +0.0%    0.0x     중간  2.60  5pt/0 [일봉]
034020  두산에너빌     95,200    0.0    +0.0%    0.0x     중간  2.74  5pt/0 [일봉]
035720  카카오       40,400    0.0    +0.0%    0.0x     중간  1.32  4pt/0 [일봉]
030200  KT        53,800    0.0    +0.0%    0.0x     중간  2.19  5pt/0 [일봉]
003490  대한항공      24,950   45.5    -0.6%    0.6x     하단  3.16  6pt/0 [5분]
004020  현대제철      35,850   69.4    -5.9%    0.4x     하단  5.86  2pt/0 [5분]
078930  GS        73,300    0.0    +0.0%    0.0x     중간  0.37  3pt/0 [일봉]

══════════════════════════════════════════════════
📉 KODEX200 -5.1% 급락 — 신규 매수 중단
→ 전종목 HOLD
✅ Discord 전송 완료

[14:10] HOLD | KODEX RSI57/-5.1%⬆️⚠️ | 보유:없음 | 최고신호 대한항공(003490) 6pt/3pt [강세+4.5%★★ / 호가3.2★ / RSI46]
💰 예수금 97,571원 | KODEX200 RSI57/-5.0% 상승추세⬆️ 과열⚠️ | 매수기준 점수3pt↑

코드      종목명           가격    RSI     변화율    거래량     BB   호가비  B/S
────────────────────────────────────────────────────────────────────────
[2단계 분석 대상: 032830, 004020, 000270, 010950, 086520]
403870  HPSP      51,000    0.0    +0.0%    0.0x     중간  2.01  5pt/0 [일봉]
272210  한화시스템     93,800    0.0    +0.0%    0.0x     중간  1.63  4pt/0 [일봉]
011200  HMM       19,500    0.0    +0.0%    0.0x     중간  1.12  3pt/0 [일봉]
015760  한국전력      38,100    0.0    +0.0%    0.0x     중간  2.62  5pt/0 [일봉]
034020  두산에너빌     95,100    0.0    +0.0%    0.0x     중간  2.20  5pt/0 [일봉]
035720  카카오       40,300    0.0    +0.0%    0.0x     중간  3.05  5pt/0 [일봉]
030200  KT        53,800    0.0    +0.0%    0.0x     중간  1.84  4pt/0 [일봉]
003490  대한항공      24,950    0.0    +0.0%    0.0x     중간  3.04  5pt/0 [일봉]
004020  현대제철      35,850   69.4    -5.9%    0.4x     하단  5.19  2pt/0 [5분]
078930  GS        73,300    0.0    +0.0%    0.0x     중간  0.40  3pt/0 [일봉]

══════════════════════════════════════════════════
📉 KODEX200 -5.0% 급락 — 신규 매수 중단
→ 전종목 HOLD
✅ Discord 전송 완료

[14:12] HOLD | KODEX RSI57/-5.0%⬆️⚠️ | 보유:없음 | 최고신호 HPSP(403870) 5pt/3pt [강세+5.0%★★ / 호가2.0★]
💰 예수금 97,571원 | KODEX200 RSI57/-5.1% 상승추세⬆️ 과열⚠️ | 매수기준 점수3pt↑

코드      종목명           가격    RSI     변화율    거래량     BB   호가비  B/S
────────────────────────────────────────────────────────────────────────
[2단계 분석 대상: 000270, 004020, 032830, 086520, 015760]
403870  HPSP      50,900    0.0    +0.0%    0.0x     중간  2.37  5pt/0 [일봉]
272210  한화시스템     93,800    0.0    +0.0%    0.0x     중간  1.53  4pt/0 [일봉]
011200  HMM       19,500    0.0    +0.0%    0.0x     중간  1.10  3pt/0 [일봉]
015760  한국전력      38,050   69.4    -1.7%    0.7x     하단  3.87  5pt/0 [5분]
034020  두산에너빌     95,200    0.0    +0.0%    0.0x     중간  2.16  5pt/0 [일봉]
035720  카카오       40,350    0.0    +0.0%    0.0x     중간  3.87  5pt/0 [일봉]
030200  KT        53,800    0.0    +0.0%    0.0x     중간  1.76  4pt/0 [일봉]
003490  대한항공      24,950    0.0    +0.0%    0.0x     중간  3.15  5pt/0 [일봉]
004020  현대제철      35,950   69.4    -5.7%    0.4x     하단  4.62  2pt/0 [5분]
078930  GS        73,700    0.0    +0.0%    0.0x     중간  0.37  3pt/0 [일봉]

══════════════════════════════════════════════════
📉 KODEX200 -5.1% 급락 — 신규 매수 중단
→ 전종목 HOLD
✅ Discord 전송 완료

[14:14] HOLD | KODEX RSI57/-5.1%⬆️⚠️ | 보유:없음 | 최고신호 HPSP(403870) 5pt/3pt [강세+5.1%★★ / 호가2.4★]
💰 예수금 97,571원 | KODEX200 RSI56/-5.2% 상승추세⬆️ 과열⚠️ | 매수기준 점수3pt↑

코드      종목명           가격    RSI     변화율    거래량     BB   호가비  B/S
────────────────────────────────────────────────────────────────────────
[2단계 분석 대상: 035720, 000270, 004020, 086520, 017670]
403870  HPSP      50,900    0.0    +0.0%    0.0x     중간  2.49  5pt/0 [일봉]
272210  한화시스템     94,000    0.0    +0.0%    0.0x     중간  1.09  3pt/0 [일봉]
011200  HMM       19,510    0.0    +0.0%    0.0x     중간  0.55  3pt/0 [일봉]
015760  한국전력      38,050    0.0    +0.0%    0.0x     중간  3.72  5pt/0 [일봉]
034020  두산에너빌     95,300    0.0    +0.0%    0.0x     중간  2.00  5pt/0 [일봉]
035720  카카오       40,200   75.0    -4.3%    0.5x     하단  4.79  5pt/0 [5분]
030200  KT        53,800    0.0    +0.0%    0.0x     중간  1.77  4pt/0 [일봉]
003490  대한항공      24,950    0.0    +0.0%    0.0x     중간  3.20  5pt/0 [일봉]
004020  현대제철      35,950   69.4    -5.7%    0.4x     하단  4.66  2pt/0 [5분]
078930  GS        73,500    0.0    +0.0%    0.0x     중간  0.35  3pt/0 [일봉]

══════════════════════════════════════════════════
📉 KODEX200 -5.2% 급락 — 신규 매수 중단
→ 전종목 HOLD
✅ Discord 전송 완료

[14:16] HOLD | KODEX RSI56/-5.2%⬆️⚠️ | 보유:없음 | 최고신호 HPSP(403870) 5pt/3pt [강세+5.2%★★ / 호가2.5★]
💰 예수금 97,571원 | KODEX200 RSI57/-5.1% 상승추세⬆️ 과열⚠️ | 매수기준 점수3pt↑

코드      종목명           가격    RSI     변화율    거래량     BB   호가비  B/S
────────────────────────────────────────────────────────────────────────
[2단계 분석 대상: 032830, 086520, 004020, 015760, 017670]
403870  HPSP      51,000    0.0    +0.0%    0.0x     중간  2.54  5pt/0 [일봉]
272210  한화시스템     94,000    0.0    +0.0%    0.0x     중간  0.98  3pt/0 [일봉]
011200  HMM       19,500    0.0    +0.0%    0.0x     중간  1.01  3pt/0 [일봉]
015760  한국전력      38,050   69.4    -1.8%    0.7x     하단  3.75  5pt/0 [5분]
034020  두산에너빌     95,400    0.0    +0.0%    0.0x     중간  2.23  5pt/0 [일봉]
035720  카카오       40,300    0.0    +0.0%    0.0x     중간  2.07  5pt/0 [일봉]
030200  KT        53,800    0.0    +0.0%    0.0x     중간  1.88  4pt/0 [일봉]
003490  대한항공      25,050    0.0    +0.0%    0.0x     중간  2.12  5pt/0 [일봉]
004020  현대제철      36,000   69.4    -5.5%    0.4x     하단  3.97  2pt/0 [5분]
078930  GS        73,500    0.0    +0.0%    0.0x     중간  0.35  3pt/0 [일봉]

══════════════════════════════════════════════════
📉 KODEX200 -5.1% 급락 — 신규 매수 중단
→ 전종목 HOLD
✅ Discord 전송 완료

[14:18] HOLD | KODEX RSI57/-5.1%⬆️⚠️ | 보유:없음 | 최고신호 HPSP(403870) 5pt/3pt [강세+5.1%★★ / 호가2.5★]
💰 예수금 97,571원 | KODEX200 RSI57/-4.8% 상승추세⬆️ 과열⚠️ | 매수기준 점수3pt↑

코드      종목명           가격    RSI     변화율    거래량     BB   호가비  B/S
────────────────────────────────────────────────────────────────────────
[2단계 분석 대상: 032830, 015760, 010950, 003670, 403870]
403870  HPSP      51,000   52.0    +7.6%    2.8x     상단  2.29  8pt/0 [5분]
272210  한화시스템     94,200    0.0    +0.0%    0.0x     중간  0.71  3pt/0 [일봉]
011200  HMM       19,490    0.0    +0.0%    0.0x     중간  1.14  3pt/0 [일봉]
015760  한국전력      38,100   70.8    -1.6%    0.8x     하단  2.72  6pt/0 [5분]
034020  두산에너빌     95,500    0.0    +0.0%    0.0x     중간  2.16  5pt/0 [일봉]
035720  카카오       40,350    0.0    +0.0%    0.0x     중간  1.64  4pt/0 [일봉]
030200  KT        53,800    0.0    +0.0%    0.0x     중간  1.99  4pt/0 [일봉]
003490  대한항공      25,050    0.0    +0.0%    0.0x     중간  2.09  5pt/0 [일봉]
004020  현대제철      36,050    0.0    +0.0%    0.0x     중간  1.61  4pt/0 [일봉]
078930  GS        73,700    0.0    +0.0%    0.0x     중간  0.30  3pt/0 [일봉]

══════════════════════════════════════════════════
📉 KODEX200 -4.8% 급락 — 신규 매수 중단
→ 전종목 HOLD
✅ Discord 전송 완료

[14:20] HOLD | KODEX RSI57/-4.8%⬆️⚠️ | 보유:없음 | 최고신호 HPSP(403870) 8pt/3pt [강세+12.4%★★ / 거래량2.8x★ / 호가2.3★ / RSI52]
💰 예수금 97,571원 | KODEX200 RSI57/-4.6% 상승추세⬆️ 과열⚠️ | 매수기준 점수3pt↑

코드      종목명           가격    RSI     변화율    거래량     BB   호가비  B/S
────────────────────────────────────────────────────────────────────────
[2단계 분석 대상: 032830, 010950, 003490, 015760, 035720]
403870  HPSP      51,200    0.0    +0.0%    0.0x     중간  1.75  4pt/0 [일봉]
272210  한화시스템     94,100    0.0    +0.0%    0.0x     중간  0.76  3pt/0 [일봉]
011200  HMM       19,520    0.0    +0.0%    0.0x     중간  0.32  3pt/0 [일봉]
015760  한국전력      38,150   70.8    -1.4%    0.8x     하단  2.36  6pt/0 [5분]
034020  두산에너빌     95,700    0.0    +0.0%    0.0x     중간  0.89  3pt/0 [일봉]
035720  카카오       40,400   65.0    -4.0%    0.5x     하단  2.19  6pt/0 [5분]
030200  KT        53,800    0.0    +0.0%    0.0x     중간  2.06  5pt/0 [일봉]
003490  대한항공      25,050   60.0    +0.0%    0.6x     하단  2.78  7pt/0 [5분]
004020  현대제철      36,050    0.0    +0.0%    0.0x     중간  1.77  4pt/0 [일봉]
078930  GS        73,800    0.0    +0.0%    0.0x     중간  0.29  3pt/0 [일봉]

══════════════════════════════════════════════════
📉 KODEX200 -4.6% 급락 — 신규 매수 중단
→ 전종목 HOLD
✅ Discord 전송 완료

[14:22] HOLD | KODEX RSI57/-4.6%⬆️⚠️ | 보유:없음 | 최고신호 대한항공(003490) 7pt/3pt [강세+4.6%★★ / 호가2.8★ / RSI60 / 연속상승]
💰 예수금 97,571원 | KODEX200 RSI57/-4.7% 상승추세⬆️ 과열⚠️ | 매수기준 점수3pt↑

코드      종목명           가격    RSI     변화율    거래량     BB   호가비  B/S
────────────────────────────────────────────────────────────────────────
[2단계 분석 대상: 010950, 032830, 000150, 035720, 015760]
403870  HPSP      51,300    0.0    +0.0%    0.0x     중간  1.74  4pt/0 [일봉]
272210  한화시스템     94,100    0.0    +0.0%    0.0x     중간  0.89  3pt/0 [일봉]
011200  HMM       19,540    0.0    +0.0%    0.0x     중간  0.50  3pt/0 [일봉]
015760  한국전력      38,150   63.6    -1.5%    0.8x     하단  2.36  7pt/0 [5분]
034020  두산에너빌     95,700    0.0    +0.0%    0.0x     중간  1.05  3pt/0 [일봉]
035720  카카오       40,350   47.1    -4.0%    0.5x     하단  2.48  5pt/0 [5분]
030200  KT        53,800    0.0    +0.0%    0.0x     중간  2.14  5pt/0 [일봉]
003490  대한항공      25,050    0.0    +0.0%    0.0x     중간  2.36  5pt/0 [일봉]
004020  현대제철      36,100    0.0    +0.0%    0.0x     중간  1.13  3pt/0 [일봉]
078930  GS        73,800    0.0    +0.0%    0.0x     중간  0.40  3pt/0 [일봉]

══════════════════════════════════════════════════
📉 KODEX200 -4.7% 급락 — 신규 매수 중단
→ 전종목 HOLD
✅ Discord 전송 완료

[14:24] HOLD | KODEX RSI57/-4.7%⬆️⚠️ | 보유:없음 | 최고신호 한국전력(015760) 7pt/3pt [강세+3.2%★★ / 호가2.4★ / RSI64 / 연속상승]
💰 예수금 97,571원 | KODEX200 RSI57/-4.7% 상승추세⬆️ 과열⚠️ | 매수기준 점수3pt↑

코드      종목명           가격    RSI     변화율    거래량     BB   호가비  B/S
────────────────────────────────────────────────────────────────────────
[2단계 분석 대상: 010950, 000150, 003490, 247540, 035720]
403870  HPSP      51,300    0.0    +0.0%    0.0x     중간  1.61  4pt/0 [일봉]
272210  한화시스템     94,100    0.0    +0.0%    0.0x     중간  0.86  3pt/0 [일봉]
011200  HMM       19,550    0.0    +0.0%    0.0x     중간  0.53  3pt/0 [일봉]
015760  한국전력      38,150    0.0    +0.0%    0.0x     중간  2.35  5pt/0 [일봉]
034020  두산에너빌     95,700    0.0    +0.0%    0.0x     중간  1.23  3pt/0 [일봉]
035720  카카오       40,350   47.1    -4.0%    0.6x     하단  2.44  5pt/0 [5분]
030200  KT        53,800    0.0    +0.0%    0.0x     중간  2.24  5pt/0 [일봉]
003490  대한항공      25,050   50.0    -0.2%    0.6x     하단  2.64  6pt/0 [5분]
004020  현대제철      36,100    0.0    +0.0%    0.0x     중간  1.02  3pt/0 [일봉]
078930  GS        73,900    0.0    +0.0%    0.0x     중간  0.26  3pt/0 [일봉]

══════════════════════════════════════════════════
📉 KODEX200 -4.7% 급락 — 신규 매수 중단
→ 전종목 HOLD
✅ Discord 전송 완료

[14:26] HOLD | KODEX RSI57/-4.7%⬆️⚠️ | 보유:없음 | 최고신호 대한항공(003490) 6pt/3pt [강세+4.5%★★ / 호가2.6★ / RSI50]
💰 예수금 97,571원 | KODEX200 RSI57/-5.0% 상승추세⬆️ 과열⚠️ | 매수기준 점수3pt↑

코드      종목명           가격    RSI     변화율    거래량     BB   호가비  B/S
────────────────────────────────────────────────────────────────────────
[2단계 분석 대상: 086520, 010950, 247540, 035720, 003490]
403870  HPSP      51,200    0.0    +0.0%    0.0x     중간  1.63  4pt/0 [일봉]
272210  한화시스템     93,900    0.0    +0.0%    0.0x     중간  1.74  4pt/0 [일봉]
011200  HMM       19,550    0.0    +0.0%    0.0x     중간  0.60  3pt/0 [일봉]
015760  한국전력      38,150    0.0    +0.0%    0.0x     중간  2.22  5pt/0 [일봉]
034020  두산에너빌     95,500    0.0    +0.0%    0.0x     중간  1.74  4pt/0 [일봉]
035720  카카오       40,350   47.1    -4.0%    0.6x     하단  2.72  5pt/0 [5분]
030200  KT        53,800    0.0    +0.0%    0.0x     중간  2.15  5pt/0 [일봉]
003490  대한항공      25,050   50.0    -0.1%    0.6x     하단  2.45  6pt/0 [5분]
004020  현대제철      36,100    0.0    +0.0%    0.0x     중간  1.20  3pt/0 [일봉]
078930  GS        74,000    0.0    +0.0%    0.0x     중간  0.32  3pt/0 [일봉]

══════════════════════════════════════════════════
📉 KODEX200 -5.0% 급락 — 신규 매수 중단
→ 전종목 HOLD
✅ Discord 전송 완료

[14:28] HOLD | KODEX RSI57/-5.0%⬆️⚠️ | 보유:없음 | 최고신호 대한항공(003490) 6pt/3pt [강세+4.9%★★ / 호가2.5★ / RSI50]
💰 예수금 97,571원 | KODEX200 RSI57/-5.0% 상승추세⬆️ 과열⚠️ | 매수기준 점수3pt↑

코드      종목명           가격    RSI     변화율    거래량     BB   호가비  B/S
────────────────────────────────────────────────────────────────────────
[2단계 분석 대상: 086520, 247540, 035720, 272210, 010950]
403870  HPSP      51,300    0.0    +0.0%    0.0x     중간  1.74  4pt/0 [일봉]
272210  한화시스템     93,800   50.0    -2.4%    0.5x     하단  2.85  6pt/0 [5분]
011200  HMM       19,540    0.0    +0.0%    0.0x     중간  0.59  3pt/0 [일봉]
015760  한국전력      38,150    0.0    +0.0%    0.0x     중간  2.17  5pt/0 [일봉]
034020  두산에너빌     95,500    0.0    +0.0%    0.0x     중간  1.87  4pt/0 [일봉]
035720  카카오       40,350   50.0    -3.9%    0.6x     하단  2.95  5pt/0 [5분]
030200  KT        53,800    0.0    +0.0%    0.0x     중간  2.31  5pt/0 [일봉]
003490  대한항공      25,050    0.0    +0.0%    0.0x     중간  1.90  4pt/0 [일봉]
004020  현대제철      36,150    0.0    +0.0%    0.0x     중간  0.86  3pt/0 [일봉]
078930  GS        73,800    0.0    +0.0%    0.0x     중간  0.20  3pt/0 [일봉]

══════════════════════════════════════════════════
⏰ 매수 세션 종료 (14:30↑) — 신규 매수 중단
→ 전종목 HOLD
✅ Discord 전송 완료

[14:30] HOLD | KODEX RSI57/-5.0%⬆️⚠️ | 보유:없음 | 최고신호 한화시스템(272210) 6pt/3pt [강세+2.6%★★ / 호가2.9★ / RSI50]
💰 예수금 97,571원 | KODEX200 RSI57/-4.7% 상승추세⬆️ 과열⚠️ | 매수기준 점수3pt↑

코드      종목명           가격    RSI     변화율    거래량     BB   호가비  B/S
────────────────────────────────────────────────────────────────────────
[2단계 분석 대상: 086520, 272210, 030200, 247540, 015760]
403870  HPSP      51,500    0.0    +0.0%    0.0x     중간  1.32  4pt/0 [일봉]
272210  한화시스템     93,800   50.0    -2.4%    0.5x     하단  2.48  6pt/0 [5분]
011200  HMM       19,560    0.0    +0.0%    0.0x     중간  0.31  3pt/0 [일봉]
015760  한국전력      38,200   61.9    -1.4%    0.8x     하단  2.32  6pt/0 [5분]
034020  두산에너빌     95,600    0.0    +0.0%    0.0x     중간  1.26  3pt/0 [일봉]
035720  카카오       40,400    0.0    +0.0%    0.0x     중간  1.66  4pt/0 [일봉]
030200  KT        53,800   42.1    -1.3%    0.4x     하단  2.42  5pt/0 [5분]
003490  대한항공      25,050    0.0    +0.0%    0.0x     중간  1.73  4pt/0 [일봉]
004020  현대제철      36,200    0.0    +0.0%    0.0x     중간  0.76  3pt/0 [일봉]
078930  GS        74,200    0.0    +0.0%    0.0x     중간  0.93  3pt/0 [일봉]

══════════════════════════════════════════════════
⏰ 매수 세션 종료 (14:30↑) — 신규 매수 중단
→ 전종목 HOLD
✅ Discord 전송 완료

[14:32] HOLD | KODEX RSI57/-4.7%⬆️⚠️ | 보유:없음 | 최고신호 한화시스템(272210) 6pt/3pt [강세+2.3%★★ / 호가2.5★ / RSI50]
💰 예수금 97,571원 | KODEX200 RSI57/-4.6% 상승추세⬆️ 과열⚠️ | 매수기준 점수3pt↑

코드      종목명           가격    RSI     변화율    거래량     BB   호가비  B/S
────────────────────────────────────────────────────────────────────────
[2단계 분석 대상: 086520, 030200, 272210, 015760, 003490]
403870  HPSP      51,300    0.0    +0.0%    0.0x     중간  1.60  4pt/0 [일봉]
272210  한화시스템     94,000   66.7    -2.3%    0.5x     하단  2.88  5pt/0 [5분]
011200  HMM       19,540    0.0    +0.0%    0.0x     중간  0.40  3pt/0 [일봉]
015760  한국전력      38,200   65.2    -1.3%    0.8x     하단  2.27  5pt/0 [5분]
034020  두산에너빌     95,600    0.0    +0.0%    0.0x     중간  1.24  3pt/0 [일봉]
035720  카카오       40,500    0.0    +0.0%    0.0x     중간  1.15  3pt/0 [일봉]
030200  KT        53,800   42.1    -1.5%    0.4x     하단  3.63  5pt/0 [5분]
003490  대한항공      25,050   37.5    -0.2%    0.6x     하단  1.72  4pt/0 [5분]
004020  현대제철      36,250    0.0    +0.0%    0.0x     중간  0.66  3pt/0 [일봉]
078930  GS        74,300    0.0    +0.0%    0.0x     중간  1.02  3pt/0 [일봉]

══════════════════════════════════════════════════
⏰ 매수 세션 종료 (14:30↑) — 신규 매수 중단
→ 전종목 HOLD
✅ Discord 전송 완료

[14:34] HOLD | KODEX RSI57/-4.6%⬆️⚠️ | 보유:없음 | 최고신호 한화시스템(272210) 5pt/3pt [강세+2.3%★★ / 호가2.9★]
💰 예수금 97,571원 | KODEX200 RSI57/-4.5% 상승추세⬆️ 과열⚠️ | 매수기준 점수3pt↑

코드      종목명           가격    RSI     변화율    거래량     BB   호가비  B/S
────────────────────────────────────────────────────────────────────────
[2단계 분석 대상: 086520, 030200, 403870, 272210, 015760]
403870  HPSP      50,900   62.5    +7.2%    2.9x     상단  3.08  8pt/0 [5분]
272210  한화시스템     93,800   66.7    -2.3%    0.5x     하단  2.70  5pt/0 [5분]
011200  HMM       19,500    0.0    +0.0%    0.0x     중간  1.12  3pt/0 [일봉]
015760  한국전력      38,200   65.2    -1.4%    0.8x     하단  2.35  5pt/0 [5분]
034020  두산에너빌     95,600    0.0    +0.0%    0.0x     중간  1.39  4pt/0 [일봉]
035720  카카오       40,550    0.0    +0.0%    0.0x     중간  0.64  3pt/0 [일봉]
030200  KT        53,800   47.6    -1.5%    0.4x     하단  3.39  6pt/0 [5분]
003490  대한항공      25,050    0.0    +0.0%    0.0x     중간  1.73  4pt/0 [일봉]
004020  현대제철      36,300    0.0    +0.0%    0.0x     중간  0.74  3pt/0 [일봉]
078930  GS        74,400    0.0    +0.0%    0.0x     중간  0.82  3pt/0 [일봉]

══════════════════════════════════════════════════
⏰ 매수 세션 종료 (14:30↑) — 신규 매수 중단
→ 전종목 HOLD
✅ Discord 전송 완료

[14:36] HOLD | KODEX RSI57/-4.5%⬆️⚠️ | 보유:없음 | 최고신호 HPSP(403870) 8pt/3pt [강세+11.7%★★ / 거래량2.9x★ / 호가3.1★ / RSI62]
💰 예수금 97,571원 | KODEX200 RSI58/-4.4% 상승추세⬆️ 과열⚠️ | 매수기준 점수3pt↑

코드      종목명           가격    RSI     변화율    거래량     BB   호가비  B/S
────────────────────────────────────────────────────────────────────────
[2단계 분석 대상: 272210, 086520, 030200, 403870, 015760]
403870  HPSP      51,000   62.5    +7.2%    2.9x     상단  2.62  8pt/0 [5분]
272210  한화시스템     93,900   66.7    -2.4%    0.5x     하단  3.72  5pt/0 [5분]
011200  HMM       19,520    0.0    +0.0%    0.0x     중간  0.50  3pt/0 [일봉]
015760  한국전력      38,300   65.2    -1.0%    0.8x     하단  2.48  5pt/0 [5분]
034020  두산에너빌     95,700    0.0    +0.0%    0.0x     중간  1.27  3pt/0 [일봉]
035720  카카오       40,500    0.0    +0.0%    0.0x     중간  1.07  3pt/0 [일봉]
030200  KT        53,800   47.6    -1.5%    0.4x     하단  2.87  6pt/0 [5분]
003490  대한항공      25,100    0.0    +0.0%    0.0x     중간  2.44  5pt/0 [일봉]
004020  현대제철      36,150    0.0    +0.0%    0.0x     중간  1.05  3pt/0 [일봉]
078930  GS        74,300    0.0    +0.0%    0.0x     중간  0.50  3pt/0 [일봉]

══════════════════════════════════════════════════
⏰ 매수 세션 종료 (14:30↑) — 신규 매수 중단
→ 전종목 HOLD
✅ Discord 전송 완료

[14:38] HOLD | KODEX RSI58/-4.4%⬆️⚠️ | 보유:없음 | 최고신호 HPSP(403870) 8pt/3pt [강세+11.6%★★ / 거래량2.9x★ / 호가2.6★ / RSI62]
💰 예수금 97,571원 | KODEX200 RSI57/-4.5% 상승추세⬆️ 과열⚠️ | 매수기준 점수3pt↑

코드      종목명           가격    RSI     변화율    거래량     BB   호가비  B/S
────────────────────────────────────────────────────────────────────────
[2단계 분석 대상: 272210, 086520, 030200, 003490, 403870]
403870  HPSP      51,000   66.7    +7.6%    2.9x     상단  2.44  7pt/0 [5분]
272210  한화시스템     93,900   79.2    -2.3%    0.5x     하단  4.07  5pt/0 [5분]
011200  HMM       19,530    0.0    +0.0%    0.0x     중간  0.41  3pt/0 [일봉]
015760  한국전력      38,300    0.0    +0.0%    0.0x     중간  2.14  5pt/0 [일봉]
034020  두산에너빌     95,600    0.0    +0.0%    0.0x     중간  1.40  4pt/0 [일봉]
035720  카카오       40,500    0.0    +0.0%    0.0x     중간  0.87  3pt/0 [일봉]
030200  KT        53,800   51.3    -1.3%    0.4x     하단  2.94  6pt/0 [5분]
003490  대한항공      25,100   62.5    +0.1%    0.6x     하단  2.60  6pt/0 [5분]
004020  현대제철      36,200    0.0    +0.0%    0.0x     중간  0.92  3pt/0 [일봉]
078930  GS        74,200    0.0    +0.0%    0.0x     중간  0.52  3pt/0 [일봉]

══════════════════════════════════════════════════
⏰ 매수 세션 종료 (14:30↑) — 신규 매수 중단
→ 전종목 HOLD
✅ Discord 전송 완료

[14:40] HOLD | KODEX RSI57/-4.5%⬆️⚠️ | 보유:없음 | 최고신호 HPSP(403870) 7pt/3pt [강세+12.1%★★ / 거래량2.9x★ / 호가2.4★]
💰 예수금 97,571원 | KODEX200 RSI57/-4.5% 상승추세⬆️ 과열⚠️ | 매수기준 점수3pt↑

코드      종목명           가격    RSI     변화율    거래량     BB   호가비  B/S
────────────────────────────────────────────────────────────────────────
[2단계 분석 대상: 086520, 030200, 247540, 032830, 403870]
403870  HPSP      51,000   66.7    +7.2%    2.9x     상단  2.52  7pt/0 [5분]
272210  한화시스템     93,900    0.0    +0.0%    0.0x     중간  2.30  5pt/0 [일봉]
011200  HMM       19,530    0.0    +0.0%    0.0x     중간  0.38  3pt/0 [일봉]
015760  한국전력      38,300    0.0    +0.0%    0.0x     중간  1.96  4pt/0 [일봉]
034020  두산에너빌     95,500    0.0    +0.0%    0.0x     중간  2.06  5pt/0 [일봉]
035720  카카오       40,550    0.0    +0.0%    0.0x     중간  0.61  3pt/0 [일봉]
030200  KT        53,800   51.3    -1.3%    0.5x     하단  3.58  6pt/0 [5분]
003490  대한항공      25,100    0.0    +0.0%    0.0x     중간  2.49  5pt/0 [일봉]
004020  현대제철      36,200    0.0    +0.0%    0.0x     중간  0.93  3pt/0 [일봉]
078930  GS        74,300    0.0    +0.0%    0.0x     중간  0.69  3pt/0 [일봉]

══════════════════════════════════════════════════
⏰ 매수 세션 종료 (14:30↑) — 신규 매수 중단
→ 전종목 HOLD
✅ Discord 전송 완료

[14:42] HOLD | KODEX RSI57/-4.5%⬆️⚠️ | 보유:없음 | 최고신호 HPSP(403870) 7pt/3pt [강세+11.7%★★ / 거래량2.9x★ / 호가2.5★]
💰 예수금 97,571원 | KODEX200 RSI57/-4.7% 상승추세⬆️ 과열⚠️ | 매수기준 점수3pt↑

코드      종목명           가격    RSI     변화율    거래량     BB   호가비  B/S
────────────────────────────────────────────────────────────────────────
[2단계 분석 대상: 086520, 003490, 030200, 272210, 247540]
403870  HPSP      50,900    0.0    +0.0%    0.0x     중간  2.62  5pt/0 [일봉]
272210  한화시스템     93,900   80.8    -2.4%    0.5x     하단  3.07  5pt/0 [5분]
011200  HMM       19,510    0.0    +0.0%    0.0x     중간  0.89  3pt/0 [일봉]
015760  한국전력      38,300    0.0    +0.0%    0.0x     중간  1.97  4pt/0 [일봉]
034020  두산에너빌     95,400    0.0    +0.0%    0.0x     중간  1.86  4pt/0 [일봉]
035720  카카오       40,450    0.0    +0.0%    0.0x     중간  1.47  4pt/0 [일봉]
030200  KT        53,900   60.9    -1.3%    0.5x     하단  3.95  6pt/0 [5분]
003490  대한항공      25,000   50.0    -0.4%    0.6x     하단  4.58  6pt/0 [5분]
004020  현대제철      36,200    0.0    +0.0%    0.0x     중간  0.86  3pt/0 [일봉]
078930  GS        74,200    0.0    +0.0%    0.0x     중간  0.71  3pt/0 [일봉]

══════════════════════════════════════════════════
⏰ 매수 세션 종료 (14:30↑) — 신규 매수 중단
→ 전종목 HOLD
✅ Discord 전송 완료

[14:44] HOLD | KODEX RSI57/-4.7%⬆️⚠️ | 보유:없음 | 최고신호 KT(030200) 6pt/3pt [강세+3.4%★★ / 호가4.0★ / RSI61]
💰 예수금 97,571원 | KODEX200 RSI56/-5.1% 상승추세⬆️ 과열⚠️ | 매수기준 점수3pt↑

코드      종목명           가격    RSI     변화율    거래량     BB   호가비  B/S
────────────────────────────────────────────────────────────────────────
[2단계 분석 대상: 086520, 035720, 003490, 247540, 272210]
403870  HPSP      50,900    0.0    +0.0%    0.0x     중간  2.50  5pt/0 [일봉]
272210  한화시스템     93,800   80.8    -2.6%    0.5x     하단  3.35  5pt/0 [5분]
011200  HMM       19,490    0.0    +0.0%    0.0x     중간  1.01  3pt/0 [일봉]
015760  한국전력      38,150    0.0    +0.0%    0.0x     중간  2.07  5pt/0 [일봉]
034020  두산에너빌     95,200    0.0    +0.0%    0.0x     중간  1.95  4pt/0 [일봉]
035720  카카오       40,300   40.0    -4.2%    0.6x     하단  6.36  4pt/0 [5분]
030200  KT        53,800    0.0    +0.0%    0.0x     중간  2.66  5pt/0 [일봉]
003490  대한항공      24,950   50.0    -0.4%    0.6x     하단  4.81  6pt/0 [5분]
004020  현대제철      36,050    0.0    +0.0%    0.0x     중간  1.54  4pt/0 [일봉]
078930  GS        74,100    0.0    +0.0%    0.0x     중간  0.64  3pt/0 [일봉]

══════════════════════════════════════════════════
⏰ 매수 세션 종료 (14:30↑) — 신규 매수 중단
→ 전종목 HOLD
✅ Discord 전송 완료

[14:46] HOLD | KODEX RSI56/-5.1%⬆️⚠️ | 보유:없음 | 최고신호 대한항공(003490) 6pt/3pt [강세+4.7%★★ / 호가4.8★ / RSI50]
💰 예수금 97,571원 | KODEX200 RSI56/-5.2% 상승추세⬆️ 과열⚠️ | 매수기준 점수3pt↑

코드      종목명           가격    RSI     변화율    거래량     BB   호가비  B/S
────────────────────────────────────────────────────────────────────────
[2단계 분석 대상: 086520, 035720, 247540, 003490, 003670]
403870  HPSP      50,700    0.0    +0.0%    0.0x     중간  2.33  5pt/0 [일봉]
272210  한화시스템     93,700    0.0    +0.0%    0.0x     중간  3.39  5pt/0 [일봉]
011200  HMM       19,470    0.0    +0.0%    0.0x     중간  2.44  5pt/0 [일봉]
015760  한국전력      38,100    0.0    +0.0%    0.0x     중간  2.42  5pt/0 [일봉]
034020  두산에너빌     95,100    0.0    +0.0%    0.0x     중간  1.65  4pt/0 [일봉]
035720  카카오       40,300   40.0    -4.2%    0.6x     하단  6.88  4pt/0 [5분]
030200  KT        53,600    0.0    +0.0%    0.0x     중간  2.74  5pt/0 [일봉]
003490  대한항공      24,950   50.0    -0.6%    0.6x     하단  3.88  6pt/0 [5분]
004020  현대제철      36,000    0.0    +0.0%    0.0x     중간  3.16  5pt/0 [일봉]
078930  GS        73,800    0.0    +0.0%    0.0x     중간  0.47  3pt/0 [일봉]

══════════════════════════════════════════════════
⏰ 매수 세션 종료 (14:30↑) — 신규 매수 중단
→ 전종목 HOLD
✅ Discord 전송 완료

[14:48] HOLD | KODEX RSI56/-5.2%⬆️⚠️ | 보유:없음 | 최고신호 대한항공(003490) 6pt/3pt [강세+4.6%★★ / 호가3.9★ / RSI50]
💰 예수금 97,571원 | KODEX200 RSI56/-5.3% 상승추세⬆️ 과열⚠️ | 매수기준 점수3pt↑

코드      종목명           가격    RSI     변화율    거래량     BB   호가비  B/S
────────────────────────────────────────────────────────────────────────
[2단계 분석 대상: 086520, 015760, 011200, 003670, 066970]
403870  HPSP      50,700    0.0    +0.0%    0.0x     중간  1.71  4pt/0 [일봉]
272210  한화시스템     93,400    0.0    +0.0%    0.0x     중간  3.03  5pt/0 [일봉]
011200  HMM       19,450   44.8    -0.9%    0.7x     하단  6.50  6pt/0 [5분]
015760  한국전력      38,000   63.2    -1.9%    0.8x     하단  6.85  6pt/0 [5분]
034020  두산에너빌     94,900    0.0    +0.0%    0.0x     중간  2.62  5pt/0 [일봉]
035720  카카오       40,200    0.0    +0.0%    0.0x     중간  4.96  5pt/0 [일봉]
030200  KT        53,600    0.0    +0.0%    0.0x     중간  3.04  5pt/0 [일봉]
003490  대한항공      24,900    0.0    +0.0%    0.0x     중간  3.81  5pt/0 [일봉]
004020  현대제철      35,850    0.0    +0.0%    0.0x     중간  3.79  5pt/0 [일봉]
078930  GS        73,800    0.0    +0.0%    0.0x     중간  0.53  3pt/0 [일봉]

══════════════════════════════════════════════════
⏰ 매수 세션 종료 (14:30↑) — 신규 매수 중단
→ 전종목 HOLD
✅ Discord 전송 완료

[14:50] HOLD | KODEX RSI56/-5.3%⬆️⚠️ | 보유:없음 | 최고신호 HMM(011200) 6pt/3pt [강세+4.5%★★ / 호가6.5★ / 연속상승]
💰 예수금 97,571원 | KODEX200 RSI56/-5.5% 상승추세⬆️ 과열⚠️ | 매수기준 점수3pt↑

코드      종목명           가격    RSI     변화율    거래량     BB   호가비  B/S
────────────────────────────────────────────────────────────────────────
[2단계 분석 대상: 086520, 004020, 035720, 096770, 003490]
403870  HPSP      50,800    0.0    +0.0%    0.0x     중간  2.03  5pt/0 [일봉]
272210  한화시스템     93,400    0.0    +0.0%    0.0x     중간  2.17  5pt/0 [일봉]
011200  HMM       19,450    0.0    +0.0%    0.0x     중간  2.97  5pt/0 [일봉]
015760  한국전력      38,000    0.0    +0.0%    0.0x     중간  4.73  5pt/0 [일봉]
034020  두산에너빌     94,900    0.0    +0.0%    0.0x     중간  2.96  5pt/0 [일봉]
035720  카카오       40,150   40.0    -4.5%    0.6x     하단  7.26  4pt/0 [5분]
030200  KT        53,500    0.0    +0.0%    0.0x     중간  2.62  5pt/0 [일봉]
003490  대한항공      24,900   50.0    -0.6%    0.6x     하단  4.94  6pt/0 [5분]
004020  현대제철      35,800   43.8    -6.2%    0.4x     하단 10.01  2pt/0 [5분]
078930  GS        73,900    0.0    +0.0%    0.0x     중간  0.81  3pt/0 [일봉]

══════════════════════════════════════════════════
⏰ 매수 세션 종료 (14:30↑) — 신규 매수 중단
→ 전종목 HOLD
✅ Discord 전송 완료

[14:52] HOLD | KODEX RSI56/-5.5%⬆️⚠️ | 보유:없음 | 최고신호 대한항공(003490) 6pt/3pt [강세+4.9%★★ / 호가4.9★ / RSI50]
💰 예수금 97,571원 | KODEX200 RSI56/-5.5% 상승추세⬆️ 과열⚠️ | 매수기준 점수3pt↑

코드      종목명           가격    RSI     변화율    거래량     BB   호가비  B/S
────────────────────────────────────────────────────────────────────────
[2단계 분석 대상: 086520, 096770, 004020, 035720, 003670]
403870  HPSP      50,700    0.0    +0.0%    0.0x     중간  2.12  5pt/0 [일봉]
272210  한화시스템     93,400    0.0    +0.0%    0.0x     중간  2.79  5pt/0 [일봉]
011200  HMM       19,450    0.0    +0.0%    0.0x     중간  2.86  5pt/0 [일봉]
015760  한국전력      38,000    0.0    +0.0%    0.0x     중간  4.60  5pt/0 [일봉]
034020  두산에너빌     94,800    0.0    +0.0%    0.0x     중간  3.29  5pt/0 [일봉]
035720  카카오       40,150   47.1    -4.5%    0.6x     하단  7.15  5pt/0 [5분]
030200  KT        53,500    0.0    +0.0%    0.0x     중간  2.60  5pt/0 [일봉]
003490  대한항공      24,900    0.0    +0.0%    0.0x     중간  3.93  5pt/0 [일봉]
004020  현대제철      35,800   55.0    -5.9%    0.4x     하단  9.18  3pt/0 [5분]
078930  GS        73,900    0.0    +0.0%    0.0x     중간  0.97  3pt/0 [일봉]

══════════════════════════════════════════════════
⏰ 매수 세션 종료 (14:30↑) — 신규 매수 중단
→ 전종목 HOLD
✅ Discord 전송 완료

[14:54] HOLD | KODEX RSI56/-5.5%⬆️⚠️ | 보유:없음 | 최고신호 HPSP(403870) 5pt/3pt [강세+5.5%★★ / 호가2.1★]
💰 예수금 97,571원 | KODEX200 RSI56/-5.4% 상승추세⬆️ 과열⚠️ | 매수기준 점수3pt↑

코드      종목명           가격    RSI     변화율    거래량     BB   호가비  B/S
────────────────────────────────────────────────────────────────────────
[2단계 분석 대상: 086520, 004020, 035720, 096770, 011200]
403870  HPSP      50,700    0.0    +0.0%    0.0x     중간  1.36  4pt/0 [일봉]
272210  한화시스템     93,400    0.0    +0.0%    0.0x     중간  2.19  5pt/0 [일봉]
011200  HMM       19,440   50.5    -0.9%    0.7x     하단  4.70  6pt/0 [5분]
015760  한국전력      38,000    0.0    +0.0%    0.0x     중간  4.42  5pt/0 [일봉]
034020  두산에너빌     94,800    0.0    +0.0%    0.0x     중간  2.90  5pt/0 [일봉]
035720  카카오       40,200   47.1    -4.4%    0.6x     하단  5.09  5pt/0 [5분]
030200  KT        53,600    0.0    +0.0%    0.0x     중간  2.66  5pt/0 [일봉]
003490  대한항공      24,900    0.0    +0.0%    0.0x     중간  3.86  5pt/0 [일봉]
004020  현대제철      35,850   55.0    -5.9%    0.4x     하단  6.35  3pt/0 [5분]
078930  GS        74,000    0.0    +0.0%    0.0x     중간  0.77  3pt/0 [일봉]

══════════════════════════════════════════════════
⏰ 매수 세션 종료 (14:30↑) — 신규 매수 중단
→ 전종목 HOLD
✅ Discord 전송 완료

[14:56] HOLD | KODEX RSI56/-5.4%⬆️⚠️ | 보유:없음 | 최고신호 HMM(011200) 6pt/3pt [강세+4.5%★★ / 호가4.7★ / RSI50]
💰 예수금 97,571원 | KODEX200 RSI56/-5.6% 상승추세⬆️ 과열⚠️ | 매수기준 점수3pt↑

코드      종목명           가격    RSI     변화율    거래량     BB   호가비  B/S
────────────────────────────────────────────────────────────────────────
[2단계 분석 대상: 086520, 096770, 035720, 003670, 247540]
403870  HPSP      50,500    0.0    +0.0%    0.0x     중간  1.70  4pt/0 [일봉]
272210  한화시스템     93,300    0.0    +0.0%    0.0x     중간  2.52  5pt/0 [일봉]
011200  HMM       19,440    0.0    +0.0%    0.0x     중간  3.31  5pt/0 [일봉]
015760  한국전력      38,000    0.0    +0.0%    0.0x     중간  4.47  5pt/0 [일봉]
034020  두산에너빌     94,800    0.0    +0.0%    0.0x     중간  2.53  5pt/0 [일봉]
035720  카카오       40,150   47.1    -4.5%    0.6x     하단  7.29  5pt/0 [5분]
030200  KT        53,600    0.0    +0.0%    0.0x     중간  2.59  5pt/0 [일봉]
003490  대한항공      24,850    0.0    +0.0%    0.0x     중간  5.34  5pt/0 [일봉]
004020  현대제철      35,800    0.0    +0.0%    0.0x     중간  4.96  5pt/0 [일봉]
078930  GS        74,100    0.0    +0.0%    0.0x     중간  0.80  3pt/0 [일봉]

══════════════════════════════════════════════════
⏰ 매수 세션 종료 (14:30↑) — 신규 매수 중단
→ 전종목 HOLD
✅ Discord 전송 완료

[14:58] HOLD | KODEX RSI56/-5.6%⬆️⚠️ | 보유:없음 | 최고신호 한화시스템(272210) 5pt/3pt [강세+5.6%★★ / 호가2.5★]
💰 예수금 97,571원 | KODEX200 RSI56/-5.6% 상승추세⬆️ 과열⚠️ | 매수기준 점수3pt↑

코드      종목명           가격    RSI     변화율    거래량     BB   호가비  B/S
────────────────────────────────────────────────────────────────────────
[2단계 분석 대상: 086520, 096770, 015760, 035720, 003670]
403870  HPSP      50,500    0.0    +0.0%    0.0x     중간  1.78  4pt/0 [일봉]
272210  한화시스템     93,400    0.0    +0.0%    0.0x     중간  4.12  5pt/0 [일봉]
011200  HMM       19,440    0.0    +0.0%    0.0x     중간  3.87  5pt/0 [일봉]
015760  한국전력      37,950   61.9    -1.9%    0.8x     하단  7.84  7pt/0 [5분]
034020  두산에너빌     95,000    0.0    +0.0%    0.0x     중간  2.76  5pt/0 [일봉]
035720  카카오       40,150   40.0    -4.5%    0.6x     하단  7.39  4pt/0 [5분]
030200  KT        53,600    0.0    +0.0%    0.0x     중간  2.62  5pt/0 [일봉]
003490  대한항공      24,900    0.0    +0.0%    0.0x     중간  5.12  5pt/0 [일봉]
004020  현대제철      35,850    0.0    +0.0%    0.0x     중간  4.72  5pt/0 [일봉]
078930  GS        74,000    0.0    +0.0%    0.0x     중간  0.67  3pt/0 [일봉]

══════════════════════════════════════════════════
⏰ 매수 세션 종료 (14:30↑) — 신규 매수 중단
→ 전종목 HOLD
✅ Discord 전송 완료

[15:00] HOLD | KODEX RSI56/-5.6%⬆️⚠️ | 보유:없음 | 최고신호 한국전력(015760) 7pt/3pt [강세+3.6%★★ / 호가7.8★ / RSI62 / 연속상승]
💰 예수금 97,571원 | KODEX200 RSI56/-5.2% 상승추세⬆️ 과열⚠️ | 매수기준 점수3pt↑

코드      종목명           가격    RSI     변화율    거래량     BB   호가비  B/S
────────────────────────────────────────────────────────────────────────
[2단계 분석 대상: 086520, 247540, 096770, 015760, 003490]
403870  HPSP      50,500    0.0    +0.0%    0.0x     중간  1.95  4pt/0 [일봉]
272210  한화시스템     93,400    0.0    +0.0%    0.0x     중간  3.26  5pt/0 [일봉]
011200  HMM       19,440    0.0    +0.0%    0.0x     중간  3.48  5pt/0 [일봉]
015760  한국전력      38,000   61.9    -1.9%    0.8x     하단  6.40  7pt/0 [5분]
034020  두산에너빌     95,000    0.0    +0.0%    0.0x     중간  2.32  5pt/0 [일봉]
035720  카카오       40,200    0.0    +0.0%    0.0x     중간  5.22  5pt/0 [일봉]
030200  KT        53,600    0.0    +0.0%    0.0x     중간  2.93  5pt/0 [일봉]
003490  대한항공      24,850   50.0    -1.0%    0.6x     하단  5.99  6pt/0 [5분]
004020  현대제철      35,900    0.0    +0.0%    0.0x     중간  5.33  5pt/0 [일봉]
078930  GS        74,200    0.0    +0.0%    0.0x     중간  0.73  3pt/0 [일봉]

══════════════════════════════════════════════════
⏰ 매수 세션 종료 (14:30↑) — 신규 매수 중단
→ 전종목 HOLD
✅ Discord 전송 완료

[15:02] HOLD | KODEX RSI56/-5.2%⬆️⚠️ | 보유:없음 | 최고신호 한국전력(015760) 7pt/3pt [강세+3.3%★★ / 호가6.4★ / RSI62 / 연속상승]
💰 예수금 97,571원 | KODEX200 RSI56/-5.3% 상승추세⬆️ 과열⚠️ | 매수기준 점수3pt↑

코드      종목명           가격    RSI     변화율    거래량     BB   호가비  B/S
────────────────────────────────────────────────────────────────────────
[2단계 분석 대상: 096770, 086520, 247540, 035720, 003670]
403870  HPSP      50,500    0.0    +0.0%    0.0x     중간  1.82  4pt/0 [일봉]
272210  한화시스템     93,400    0.0    +0.0%    0.0x     중간  4.47  5pt/0 [일봉]
011200  HMM       19,440    0.0    +0.0%    0.0x     중간  3.53  5pt/0 [일봉]
015760  한국전력      38,000    0.0    +0.0%    0.0x     중간  5.71  5pt/0 [일봉]
034020  두산에너빌     95,000    0.0    +0.0%    0.0x     중간  2.24  5pt/0 [일봉]
035720  카카오       40,150   33.3    -4.4%    0.6x     하단  7.99  4pt/0 [5분]
030200  KT        53,600    0.0    +0.0%    0.0x     중간  2.48  5pt/0 [일봉]
003490  대한항공      24,850    0.0    +0.0%    0.0x     중간  4.90  5pt/0 [일봉]
004020  현대제철      35,900    0.0    +0.0%    0.0x     중간  5.45  5pt/0 [일봉]
078930  GS        74,100    0.0    +0.0%    0.0x     중간  0.49  3pt/0 [일봉]

══════════════════════════════════════════════════
⏰ 매수 세션 종료 (14:30↑) — 신규 매수 중단
→ 전종목 HOLD
✅ Discord 전송 완료

[15:04] HOLD | KODEX RSI56/-5.3%⬆️⚠️ | 보유:없음 | 최고신호 한화시스템(272210) 5pt/3pt [강세+5.3%★★ / 호가4.5★]
💰 예수금 97,571원 | KODEX200 RSI57/-5.1% 상승추세⬆️ 과열⚠️ | 매수기준 점수3pt↑

코드      종목명           가격    RSI     변화율    거래량     BB   호가비  B/S
────────────────────────────────────────────────────────────────────────
[2단계 분석 대상: 247540, 035720, 086520, 015760, 003670]
403870  HPSP      50,300    0.0    +0.0%    0.0x     중간  1.84  4pt/0 [일봉]
272210  한화시스템     93,400    0.0    +0.0%    0.0x     중간  2.42  5pt/0 [일봉]
011200  HMM       19,440    0.0    +0.0%    0.0x     중간  3.01  5pt/0 [일봉]
015760  한국전력      38,000   57.9    -1.7%    0.8x     하단  5.69  6pt/0 [5분]
034020  두산에너빌     95,300    0.0    +0.0%    0.0x     중간  2.43  5pt/0 [일봉]
035720  카카오       40,150   33.3    -4.4%    0.6x     하단  8.19  4pt/0 [5분]
030200  KT        53,800    0.0    +0.0%    0.0x     중간  2.61  5pt/0 [일봉]
003490  대한항공      24,900    0.0    +0.0%    0.0x     중간  4.15  5pt/0 [일봉]
004020  현대제철      35,950    0.0    +0.0%    0.0x     중간  4.52  5pt/0 [일봉]
078930  GS        74,100    0.0    +0.0%    0.0x     중간  0.82  3pt/0 [일봉]

══════════════════════════════════════════════════
⏰ 매수 세션 종료 (14:30↑) — 신규 매수 중단
→ 전종목 HOLD
✅ Discord 전송 완료

[15:06] HOLD | KODEX RSI57/-5.1%⬆️⚠️ | 보유:없음 | 최고신호 한국전력(015760) 6pt/3pt [강세+3.4%★★ / 호가5.7★ / RSI58]
💰 예수금 97,571원 | KODEX200 RSI56/-5.1% 상승추세⬆️ 과열⚠️ | 매수기준 점수3pt↑

코드      종목명           가격    RSI     변화율    거래량     BB   호가비  B/S
────────────────────────────────────────────────────────────────────────
[2단계 분석 대상: 086520, 003670, 247540, 011200, 096770]
403870  HPSP      50,300    0.0    +0.0%    0.0x     중간  2.13  5pt/0 [일봉]
272210  한화시스템     93,500    0.0    +0.0%    0.0x     중간  2.27  5pt/0 [일봉]
011200  HMM       19,440   49.1    -0.9%    0.7x     하단  5.41  6pt/0 [5분]
015760  한국전력      38,050    0.0    +0.0%    0.0x     중간  4.64  5pt/0 [일봉]
034020  두산에너빌     95,100    0.0    +0.0%    0.0x     중간  2.23  5pt/0 [일봉]
035720  카카오       40,200    0.0    +0.0%    0.0x     중간  4.15  5pt/0 [일봉]
030200  KT        53,800    0.0    +0.0%    0.0x     중간  2.01  5pt/0 [일봉]
003490  대한항공      24,900    0.0    +0.0%    0.0x     중간  4.59  5pt/0 [일봉]
004020  현대제철      35,900    0.0    +0.0%    0.0x     중간  5.15  5pt/0 [일봉]
078930  GS        74,100    0.0    +0.0%    0.0x     중간  0.77  3pt/0 [일봉]

══════════════════════════════════════════════════
⏰ 매수 세션 종료 (14:30↑) — 신규 매수 중단
→ 전종목 HOLD
✅ Discord 전송 완료

[15:08] HOLD | KODEX RSI56/-5.1%⬆️⚠️ | 보유:없음 | 최고신호 HMM(011200) 6pt/3pt [강세+4.2%★★ / 호가5.4★ / RSI49]
💰 예수금 97,571원 | KODEX200 RSI56/-5.2% 상승추세⬆️ 과열⚠️ | 매수기준 점수3pt↑

코드      종목명           가격    RSI     변화율    거래량     BB   호가비  B/S
────────────────────────────────────────────────────────────────────────
[2단계 분석 대상: 086520, 247540, 096770, 003670, 004020]
403870  HPSP      50,300    0.0    +0.0%    0.0x     중간  1.56  4pt/0 [일봉]
272210  한화시스템     93,500    0.0    +0.0%    0.0x     중간  2.07  5pt/0 [일봉]
011200  HMM       19,450    0.0    +0.0%    0.0x     중간  4.76  5pt/0 [일봉]
015760  한국전력      38,050    0.0    +0.0%    0.0x     중간  4.83  5pt/0 [일봉]
034020  두산에너빌     95,000    0.0    +0.0%    0.0x     중간  1.81  4pt/0 [일봉]
035720  카카오       40,200    0.0    +0.0%    0.0x     중간  4.16  5pt/0 [일봉]
030200  KT        53,800    0.0    +0.0%    0.0x     중간  2.44  5pt/0 [일봉]
003490  대한항공      24,900    0.0    +0.0%    0.0x     중간  4.48  5pt/0 [일봉]
004020  현대제철      35,900   38.5    -5.8%    0.5x     하단  5.26  2pt/0 [5분]
078930  GS        74,100    0.0    +0.0%    0.0x     중간  0.66  3pt/0 [일봉]

══════════════════════════════════════════════════
🕐 15:10 이후 — 장 마감 청산 모드
⏰ 매수 세션 종료 (14:30↑) — 신규 매수 중단
→ 전종목 HOLD
✅ Discord 전송 완료

[15:10] HOLD | KODEX RSI56/-5.2%⬆️⚠️ | 보유:없음 | 최고신호 한화시스템(272210) 5pt/3pt [강세+5.2%★★ / 호가2.1★]
💰 예수금 97,571원 | KODEX200 RSI56/-5.4% 상승추세⬆️ 과열⚠️ | 매수기준 점수3pt↑

코드      종목명           가격    RSI     변화율    거래량     BB   호가비  B/S
────────────────────────────────────────────────────────────────────────
[2단계 분석 대상: 004020, 096770, 086520, 035720, 015760]
403870  HPSP      50,100    0.0    +0.0%    0.0x     중간  0.94  3pt/0 [일봉]
272210  한화시스템     93,300    0.0    +0.0%    0.0x     중간  4.02  5pt/0 [일봉]
011200  HMM       19,440    0.0    +0.0%    0.0x     중간  3.53  5pt/0 [일봉]
015760  한국전력      38,050   47.4    -1.9%    0.8x     하단  4.60  6pt/0 [5분]
034020  두산에너빌     94,900    0.0    +0.0%    0.0x     중간  1.87  4pt/0 [일봉]
035720  카카오       40,150   36.8    -4.5%    0.6x     하단  5.00  4pt/0 [5분]
030200  KT        53,800    0.0    +0.0%    0.0x     중간  2.16  5pt/0 [일봉]
003490  대한항공      24,900    0.0    +0.0%    0.0x     중간  4.44  5pt/0 [일봉]
004020  현대제철      35,800   38.5    -6.0%    0.5x     하단 11.32  2pt/0 [5분]
078930  GS        74,000    0.0    +0.0%    0.0x     중간  0.70  3pt/0 [일봉]

══════════════════════════════════════════════════
🕐 15:10 이후 — 장 마감 청산 모드
⏰ 매수 세션 종료 (14:30↑) — 신규 매수 중단
→ 전종목 HOLD
✅ Discord 전송 완료

[15:12] HOLD | KODEX RSI56/-5.4%⬆️⚠️ | 보유:없음 | 최고신호 한국전력(015760) 6pt/3pt [강세+3.5%★★ / 호가4.6★ / RSI47]
💰 예수금 97,571원 | KODEX200 RSI56/-5.8% 상승추세⬆️ 과열⚠️ | 매수기준 점수3pt↑

코드      종목명           가격    RSI     변화율    거래량     BB   호가비  B/S
────────────────────────────────────────────────────────────────────────
[2단계 분석 대상: 096770, 004020, 247540, 035720, 003670]
403870  HPSP      50,100    0.0    +0.0%    0.0x     중간  1.05  3pt/0 [일봉]
272210  한화시스템     93,300    0.0    +0.0%    0.0x     중간  4.16  5pt/0 [일봉]
011200  HMM       19,440    0.0    +0.0%    0.0x     중간  3.42  5pt/0 [일봉]
015760  한국전력      38,000    0.0    +0.0%    0.0x     중간  5.51  5pt/0 [일봉]
034020  두산에너빌     94,800    0.0    +0.0%    0.0x     중간  2.24  5pt/0 [일봉]
035720  카카오       40,100   40.0    -4.6%    0.6x     하단  7.73  4pt/0 [5분]
030200  KT        53,800    0.0    +0.0%    0.0x     중간  2.11  5pt/0 [일봉]
003490  대한항공      24,850    0.0    +0.0%    0.0x     중간  6.44  5pt/0 [일봉]
004020  현대제철      35,750   46.7    -6.2%    0.5x     하단 10.03  3pt/0 [5분]
078930  GS        74,100    0.0    +0.0%    0.0x     중간  0.72  3pt/0 [일봉]

══════════════════════════════════════════════════
🕐 15:10 이후 — 장 마감 청산 모드
⏰ 매수 세션 종료 (14:30↑) — 신규 매수 중단
→ 전종목 HOLD
✅ Discord 전송 완료

[15:14] HOLD | KODEX RSI56/-5.8%⬆️⚠️ | 보유:없음 | 최고신호 한화시스템(272210) 5pt/3pt [강세+5.8%★★ / 호가4.2★]
💰 예수금 97,571원 | KODEX200 RSI55/-5.8% 상승추세⬆️ 과열⚠️ | 매수기준 점수3pt↑

코드      종목명           가격    RSI     변화율    거래량     BB   호가비  B/S
────────────────────────────────────────────────────────────────────────
[2단계 분석 대상: 096770, 004020, 015760, 035720, 247540]
403870  HPSP      50,100    0.0    +0.0%    0.0x     중간  0.74  3pt/0 [일봉]
272210  한화시스템     94,000    0.0    +0.0%    0.0x     중간  6.70  5pt/0 [일봉]
011200  HMM       19,420    0.0    +0.0%    0.0x     중간  1.71  4pt/0 [일봉]
015760  한국전력      37,950   47.4    -1.9%    0.8x     하단  8.99  6pt/0 [5분]
034020  두산에너빌     95,000    0.0    +0.0%    0.0x     중간  4.78  5pt/0 [일봉]
035720  카카오       40,050   40.0    -4.8%    0.6x     하단  8.68  4pt/0 [5분]
030200  KT        53,800    0.0    +0.0%    0.0x     중간  2.21  5pt/0 [일봉]
003490  대한항공      24,900    0.0    +0.0%    0.0x     중간  5.92  5pt/0 [일봉]
004020  현대제철      35,700   46.7    -6.3%    0.5x     하단 10.39  3pt/0 [5분]
078930  GS        74,100    0.0    +0.0%    0.0x     중간  0.77  3pt/0 [일봉]

══════════════════════════════════════════════════
🕐 15:10 이후 — 장 마감 청산 모드
⏰ 매수 세션 종료 (14:30↑) — 신규 매수 중단
→ 전종목 HOLD
✅ Discord 전송 완료

[15:16] HOLD | KODEX RSI55/-5.8%⬆️⚠️ | 보유:없음 | 최고신호 한국전력(015760) 6pt/3pt [강세+3.9%★★ / 호가9.0★ / RSI47]
💰 예수금 97,571원 | KODEX200 RSI55/-5.8% 상승추세⬆️ 과열⚠️ | 매수기준 점수3pt↑

코드      종목명           가격    RSI     변화율    거래량     BB   호가비  B/S
────────────────────────────────────────────────────────────────────────
[2단계 분석 대상: 004020, 096770, 247540, 035720, 003490]
403870  HPSP      50,100    0.0    +0.0%    0.0x     중간  0.93  3pt/0 [일봉]
272210  한화시스템     94,900    0.0    +0.0%    0.0x     중간  1.27  3pt/0 [일봉]
011200  HMM       19,420    0.0    +0.0%    0.0x     중간  2.00  5pt/0 [일봉]
015760  한국전력      38,050    0.0    +0.0%    0.0x     중간  4.44  5pt/0 [일봉]
034020  두산에너빌     95,500    0.0    +0.0%    0.0x     중간  3.11  5pt/0 [일봉]
035720  카카오       40,050   40.0    -4.8%    0.6x     하단  9.53  4pt/0 [5분]
030200  KT        53,800    0.0    +0.0%    0.0x     중간  2.22  5pt/0 [일봉]
003490  대한항공      24,900   42.9    -0.8%    0.6x     하단  6.45  5pt/0 [5분]
004020  현대제철      35,750   46.7    -6.0%    0.5x     하단 14.89  3pt/0 [5분]
078930  GS        74,200    0.0    +0.0%    0.0x     중간  1.11  3pt/0 [일봉]

══════════════════════════════════════════════════
🕐 15:10 이후 — 장 마감 청산 모드
⏰ 매수 세션 종료 (14:30↑) — 신규 매수 중단
→ 전종목 HOLD
✅ Discord 전송 완료

[15:18] HOLD | KODEX RSI55/-5.8%⬆️⚠️ | 보유:없음 | 최고신호 HMM(011200) 5pt/3pt [강세+5.8%★★ / 호가2.0★]
💰 예수금 97,571원 | KODEX200 RSI56/-5.8% 상승추세⬆️ 과열⚠️ | 매수기준 점수3pt↑

코드      종목명           가격    RSI     변화율    거래량     BB   호가비  B/S
────────────────────────────────────────────────────────────────────────
[2단계 분석 대상: 403870, 035720, 096770, 005930, 272210]
403870  HPSP      50,000   48.1    +5.9%    3.0x     상단 33.32  9pt/0 [5분]
272210  한화시스템     94,200   58.6    -1.6%    0.6x     하단  8.03  6pt/0 [5분]
011200  HMM       19,420    0.0    +0.0%    0.0x     중간  0.63  3pt/0 [일봉]
015760  한국전력      38,200    0.0    +0.0%    0.0x     중간  0.23  3pt/0 [일봉]
034020  두산에너빌     95,800    0.0    +0.0%    0.0x     중간  0.20  3pt/0 [일봉]
035720  카카오       40,050   40.0    -4.5%    0.6x     하단 23.05  4pt/0 [5분]
030200  KT        53,200    0.0    +0.0%    0.0x     중간  2.73  5pt/0 [일봉]
003490  대한항공      24,900    0.0    +0.0%    0.0x     중간  7.16  5pt/0 [일봉]
004020  현대제철      36,350    0.0    +0.0%    0.0x     중간  1.27  3pt/0 [일봉]
078930  GS        73,700    0.0    +0.0%    0.0x     중간  0.57  3pt/0 [일봉]

══════════════════════════════════════════════════
🕐 15:10 이후 — 장 마감 청산 모드
⏰ 매수 세션 종료 (14:30↑) — 신규 매수 중단
→ 전종목 HOLD
✅ Discord 전송 완료

[15:20] HOLD | KODEX RSI56/-5.8%⬆️⚠️ | 보유:없음 | 최고신호 HPSP(403870) 9pt/3pt [강세+11.6%★★ / 거래량3.0x★★ / 호가33.3★ / RSI48]
💰 예수금 97,571원 | KODEX200 RSI56/-5.8% 상승추세⬆️ 과열⚠️ | 매수기준 점수3pt↑

코드      종목명           가격    RSI     변화율    거래량     BB   호가비  B/S
────────────────────────────────────────────────────────────────────────
[2단계 분석 대상: 030200, 010950, 096770, 078930, 011200]
403870  HPSP      50,900    0.0    +0.0%    0.0x     중간  0.21  3pt/0 [일봉]
272210  한화시스템     94,200    0.0    +0.0%    0.0x     중간  0.04  3pt/0 [일봉]
011200  HMM       19,610   50.0    -1.1%    0.7x     하단  8.84  6pt/0 [5분]
015760  한국전력      38,450    0.0    +0.0%    0.0x     중간  0.02  3pt/0 [일봉]
034020  두산에너빌     96,400    0.0    +0.0%    0.0x     중간  0.07  3pt/0 [일봉]
035720  카카오       40,450    0.0    +0.0%    0.0x     중간  0.55  3pt/0 [일봉]
030200  KT        53,500   47.6    -1.5%    0.5x     하단 19.44  6pt/0 [5분]
003490  대한항공      24,900    0.0    +0.0%    0.0x     중간  3.43  5pt/0 [일봉]
004020  현대제철      35,950    0.0    +0.0%    0.0x     중간  1.57  4pt/0 [일봉]
078930  GS        76,300   44.4    -2.5%    0.5x     하단 10.18  5pt/0 [5분]

══════════════════════════════════════════════════
🕐 15:10 이후 — 장 마감 청산 모드
⏰ 매수 세션 종료 (14:30↑) — 신규 매수 중단
→ 전종목 HOLD
✅ Discord 전송 완료

[15:22] HOLD | KODEX RSI56/-5.8%⬆️⚠️ | 보유:없음 | 최고신호 HMM(011200) 6pt/3pt [강세+4.7%★★ / 호가8.8★ / RSI50]
💰 예수금 97,571원 | KODEX200 RSI56/-5.8% 상승추세⬆️ 과열⚠️ | 매수기준 점수3pt↑

코드      종목명           가격    RSI     변화율    거래량     BB   호가비  B/S
────────────────────────────────────────────────────────────────────────
[2단계 분석 대상: 096770, 032830, 042660, 017670, 030200]
403870  HPSP      50,900    0.0    +0.0%    0.0x     중간  0.21  3pt/0 [일봉]
272210  한화시스템     94,200    0.0    +0.0%    0.0x     중간  0.24  3pt/0 [일봉]
011200  HMM       19,610    0.0    +0.0%    0.0x     중간  6.29  5pt/0 [일봉]
015760  한국전력      38,250    0.0    +0.0%    0.0x     중간  0.65  3pt/0 [일봉]
034020  두산에너빌     96,300    0.0    +0.0%    0.0x     중간  0.05  3pt/0 [일봉]
035720  카카오       40,400    0.0    +0.0%    0.0x     중간  0.27  3pt/0 [일봉]
030200  KT        53,500   47.6    -1.5%    0.5x     하단 16.94  6pt/0 [5분]
003490  대한항공      24,850    0.0    +0.0%    0.0x     중간  3.64  5pt/0 [일봉]
004020  현대제철      35,850    0.0    +0.0%    0.0x     중간  7.09  5pt/0 [일봉]
078930  GS        75,400    0.0    +0.0%    0.0x     중간  2.17  5pt/0 [일봉]

══════════════════════════════════════════════════
🕐 15:10 이후 — 장 마감 청산 모드
⏰ 매수 세션 종료 (14:30↑) — 신규 매수 중단
→ 전종목 HOLD
✅ Discord 전송 완료

[15:24] HOLD | KODEX RSI56/-5.8%⬆️⚠️ | 보유:없음 | 최고신호 KT(030200) 6pt/3pt [강세+4.3%★★ / 호가16.9★ / RSI48]
💰 예수금 97,571원 | KODEX200 RSI56/-5.8% 상승추세⬆️ 과열⚠️ | 매수기준 점수3pt↑

코드      종목명           가격    RSI     변화율    거래량     BB   호가비  B/S
────────────────────────────────────────────────────────────────────────
[2단계 분석 대상: 017670, 000150, 096770, 032830, 035720]
403870  HPSP      50,900    0.0    +0.0%    0.0x     중간  3.57  5pt/0 [일봉]
272210  한화시스템     94,200    0.0    +0.0%    0.0x     중간  0.15  3pt/0 [일봉]
011200  HMM       19,610    0.0    +0.0%    0.0x     중간  1.50  4pt/0 [일봉]
015760  한국전력      38,250    0.0    +0.0%    0.0x     중간  0.81  3pt/0 [일봉]
034020  두산에너빌     95,600    0.0    +0.0%    0.0x     중간  0.16  3pt/0 [일봉]
035720  카카오       40,150   40.0    -4.5%    0.6x     하단  9.83  4pt/0 [5분]
030200  KT        53,500    0.0    +0.0%    0.0x     중간  4.01  5pt/0 [일봉]
003490  대한항공      24,850    0.0    +0.0%    0.0x     중간  2.60  5pt/0 [일봉]
004020  현대제철      35,850    0.0    +0.0%    0.0x     중간  1.31  4pt/0 [일봉]
078930  GS        73,700    0.0    +0.0%    0.0x     중간  0.26  3pt/0 [일봉]

══════════════════════════════════════════════════
🕐 15:10 이후 — 장 마감 청산 모드
⏰ 매수 세션 종료 (14:30↑) — 신규 매수 중단
→ 전종목 HOLD
✅ Discord 전송 완료

[15:26] HOLD | KODEX RSI56/-5.8%⬆️⚠️ | 보유:없음 | 최고신호 HPSP(403870) 5pt/3pt [강세+5.8%★★ / 호가3.6★]
💰 예수금 97,571원 | KODEX200 RSI56/-5.8% 상승추세⬆️ 과열⚠️ | 매수기준 점수3pt↑

코드      종목명           가격    RSI     변화율    거래량     BB   호가비  B/S
────────────────────────────────────────────────────────────────────────
[2단계 분석 대상: 247540, 000270, 066970, 000150, 329180]
403870  HPSP      51,300    0.0    +0.0%    0.0x     중간  0.16  3pt/0 [일봉]
272210  한화시스템     94,500    0.0    +0.0%    0.0x     중간  0.45  3pt/0 [일봉]
011200  HMM       19,600    0.0    +0.0%    0.0x     중간  0.00  3pt/0 [일봉]
015760  한국전력      38,450    0.0    +0.0%    0.0x     중간  0.00  3pt/0 [일봉]
034020  두산에너빌     96,400    0.0    +0.0%    0.0x     중간  0.12  3pt/0 [일봉]
035720  카카오       40,200    0.0    +0.0%    0.0x     중간  1.63  4pt/0 [일봉]
030200  KT        53,600    0.0    +0.0%    0.0x     중간  1.97  4pt/0 [일봉]
003490  대한항공      24,900    0.0    +0.0%    0.0x     중간  2.54  5pt/0 [일봉]
004020  현대제철      36,000    0.0    +0.0%    0.0x     중간 10.53  5pt/0 [일봉]
078930  GS        74,400    0.0    +0.0%    0.0x     중간  1.04  3pt/0 [일봉]

══════════════════════════════════════════════════
🕐 15:10 이후 — 장 마감 청산 모드
⏰ 매수 세션 종료 (14:30↑) — 신규 매수 중단
→ 전종목 HOLD
✅ Discord 전송 완료

[15:28] HOLD | KODEX RSI56/-5.8%⬆️⚠️ | 보유:없음 | 최고신호 대한항공(003490) 5pt/3pt [강세+5.8%★★ / 호가2.5★]
💰 예수금 97,571원 | KODEX200 RSI56/-5.8% 상승추세⬆️ 과열⚠️ | 매수기준 점수3pt↑

코드      종목명           가격    RSI     변화율    거래량     BB   호가비  B/S
────────────────────────────────────────────────────────────────────────
[2단계 분석 대상: 003490, 030200, 005930, 035720, 004020]
403870  HPSP      50,300    0.0    +0.0%    0.0x     중간  0.62  3pt/0 [일봉]
272210  한화시스템     94,600    0.0    +0.0%    0.0x     중간  0.66  3pt/0 [일봉]
011200  HMM       19,450    0.0    +0.0%    0.0x     중간  0.92  3pt/0 [일봉]
015760  한국전력      38,100    0.0    +0.0%    0.0x     중간  0.98  3pt/0 [일봉]
034020  두산에너빌     95,700    0.0    +0.0%    0.0x     중간  0.45  3pt/0 [일봉]
035720  카카오       40,250   50.0    -4.2%    0.6x     하단  2.74  6pt/0 [5분]
030200  KT        54,000   50.0    -0.9%    0.5x     하단  3.48  6pt/0 [5분]
003490  대한항공      24,900   50.0    -0.6%    0.6x     하단  5.76  6pt/0 [5분]
004020  현대제철      35,900   55.6    -5.7%    0.5x     하단  2.69  3pt/0 [5분]
078930  GS        74,200    0.0    +0.0%    0.0x     중간  0.37  3pt/0 [일봉]

══════════════════════════════════════════════════
🕐 15:10 이후 — 장 마감 청산 모드
⏰ 매수 세션 종료 (14:30↑) — 신규 매수 중단
→ 전종목 HOLD
✅ Discord 전송 완료

[15:30] HOLD | KODEX RSI56/-5.8%⬆️⚠️ | 보유:없음 | 최고신호 카카오(035720) 6pt/3pt [강세+1.6%★★ / 호가2.7★ / RSI50]
