💰 예수금 95,923원 | KODEX200 RSI65/+0.0% 상승추세⬆️  | 매수기준 점수4pt↑

코드      종목명           가격    RSI     변화율    거래량     BB   호가비  B/S
────────────────────────────────────────────────────────────────────────
[2단계 분석 대상: 035720, 403870, 000880, 011200, 078930]
403870  HPSP      47,200   30.4    +0.0%    0.0x     하단 21.00  1pt/0 [5분]
055550  신한지주      93,000    0.0    +0.0%    0.0x     중간  3.58  0pt/0 [일봉]
011200  HMM       19,530   17.1    +0.0%    0.0x     중간 17.35  0pt/0 [5분]
015760  한국전력      39,100    0.0    +0.0%    0.0x     중간  0.12  0pt/0 [일봉]
035720  카카오       42,150   13.0    +0.0%    0.0x     상단 49.35  0pt/0 [5분]
030200  KT        53,900    0.0    +0.0%    0.0x     중간  3.21  0pt/0 [일봉]
003490  대한항공      26,500    0.0    +0.0%    0.0x     중간  0.38  0pt/0 [일봉]
004020  현대제철      40,150    0.0    +0.0%    0.0x     중간  0.51  0pt/0 [일봉]
078930  GS        73,400    6.7    +0.0%    0.0x     중간 16.20  0pt/0 [5분]

══════════════════════════════════════════════════
⏰ 장 미개장 (9:00 전) — 신규 매수 중단
→ 전종목 HOLD
✅ Discord 전송 완료

[08:50] HOLD | KODEX RSI65/+0.0%⬆️ | 보유:없음 | 최고신호 HPSP(403870) 1pt/4pt [연속상승]
💰 예수금 95,923원 | KODEX200 RSI65/+0.0% 상승추세⬆️  | 매수기준 점수4pt↑

코드      종목명           가격    RSI     변화율    거래량     BB   호가비  B/S
────────────────────────────────────────────────────────────────────────
[2단계 분석 대상: 105560, 005930, 272210, 035720, 003490]
403870  HPSP      47,700    0.0    +0.0%    0.0x     중간  4.21  0pt/0 [일봉]
055550  신한지주      93,300    0.0    +0.0%    0.0x     중간  0.80  0pt/0 [일봉]
011200  HMM       19,660    0.0    +0.0%    0.0x     중간  1.53  0pt/0 [일봉]
015760  한국전력      38,500    0.0    +0.0%    0.0x     중간  1.11  0pt/0 [일봉]
035720  카카오       42,800   12.0    +1.4%    0.1x     상단  6.46  2pt/0 [5분]
030200  KT        53,700    0.0    +0.0%    0.0x     중간  0.88  0pt/0 [일봉]
003490  대한항공      26,100   25.0    -3.7%    0.1x     하단  4.71  0pt/0 [5분]
004020  현대제철      38,750    0.0    +0.0%    0.0x     중간  0.19  0pt/0 [일봉]
078930  GS        72,300    0.0    +0.0%    0.0x     중간  0.36  0pt/0 [일봉]

══════════════════════════════════════════════════
⏰ 시초가 혼조 제외 (9:30 전) — 신규 매수 중단
→ 전종목 HOLD
✅ Discord 전송 완료

[09:00] HOLD | KODEX RSI65/+0.0%⬆️ | 보유:없음 | 최고신호 카카오(035720) 2pt/4pt [상대강도+1.4%★]
💰 예수금 95,923원 | KODEX200 RSI66/+0.8% 상승추세⬆️  | 매수기준 점수4pt↑

코드      종목명           가격    RSI     변화율    거래량     BB   호가비  B/S
────────────────────────────────────────────────────────────────────────
[2단계 분석 대상: 003490, 000880, 247540, 035720, 403870]
403870  HPSP      47,200   29.1    -4.2%    0.1x     하단  2.87  0pt/0 [5분]
055550  신한지주      93,900    0.0    +0.0%    0.0x     중간  0.98  0pt/0 [일봉]
011200  HMM       19,640    0.0    +0.0%    0.0x     중간  0.40  0pt/0 [일봉]
015760  한국전력      38,700    0.0    +0.0%    0.0x     중간  1.42  0pt/0 [일봉]
035720  카카오       42,100   12.0    +0.1%    0.1x     상단  4.27  0pt/0 [5분]
030200  KT        54,000    0.0    +0.0%    0.0x     중간  1.75  0pt/0 [일봉]
003490  대한항공      25,750   25.0    -4.1%    0.1x     하단  9.05  0pt/0 [5분]
004020  현대제철      38,850    0.0    +0.0%    0.0x     중간  2.25  0pt/0 [일봉]
078930  GS        72,100    0.0    +0.0%    0.0x     중간  0.78  0pt/0 [일봉]

══════════════════════════════════════════════════
⏰ 시초가 혼조 제외 (9:30 전) — 신규 매수 중단
→ 전종목 HOLD
✅ Discord 전송 완료

[09:02] HOLD | KODEX RSI66/+0.8%⬆️ | 보유:없음 | 최고신호 HPSP(403870) 0pt/4pt
💰 예수금 95,923원 | KODEX200 RSI66/+1.2% 상승추세⬆️  | 매수기준 점수4pt↑

코드      종목명           가격    RSI     변화율    거래량     BB   호가비  B/S
────────────────────────────────────────────────────────────────────────
[2단계 분석 대상: 000880, 003490, 086520, 000150, 042660]
403870  HPSP      47,000    0.0    +0.0%    0.0x     중간  2.85  0pt/0 [일봉]
055550  신한지주      93,800    0.0    +0.0%    0.0x     중간  0.66  0pt/0 [일봉]
011200  HMM       19,640    0.0    +0.0%    0.0x     중간  0.96  0pt/0 [일봉]
015760  한국전력      38,700    0.0    +0.0%    0.0x     중간  1.12  0pt/0 [일봉]
035720  카카오       41,700    0.0    +0.0%    0.0x     중간  5.61  0pt/0 [일봉]
030200  KT        54,100    0.0    +0.0%    0.0x     중간  1.26  0pt/0 [일봉]
003490  대한항공      25,800   23.5    -3.9%    0.1x     하단  9.15  0pt/0 [5분]
004020  현대제철      39,200    0.0    +0.0%    0.0x     중간  0.07  0pt/0 [일봉]
078930  GS        71,600    0.0    +0.0%    0.0x     중간  1.62  0pt/0 [일봉]

══════════════════════════════════════════════════
⏰ 시초가 혼조 제외 (9:30 전) — 신규 매수 중단
→ 전종목 HOLD
✅ Discord 전송 완료

[09:04] HOLD | KODEX RSI66/+1.2%⬆️ | 보유:없음 | 최고신호 HPSP(403870) 0pt/4pt
💰 예수금 95,923원 | KODEX200 RSI67/+1.8% 상승추세⬆️  | 매수기준 점수4pt↑

코드      종목명           가격    RSI     변화율    거래량     BB   호가비  B/S
────────────────────────────────────────────────────────────────────────
[2단계 분석 대상: 003490, 329180, 000150, 042660, 000270]
403870  HPSP      46,700    0.0    +0.0%    0.0x     중간  0.91  0pt/0 [일봉]
055550  신한지주      93,100    0.0    +0.0%    0.0x     중간  0.91  0pt/0 [일봉]
011200  HMM       19,570    0.0    +0.0%    0.0x     중간  1.03  0pt/0 [일봉]
015760  한국전력      38,600    0.0    +0.0%    0.0x     중간  1.21  0pt/0 [일봉]
035720  카카오       41,600    0.0    +0.0%    0.0x     중간  3.76  0pt/0 [일봉]
030200  KT        54,100    0.0    +0.0%    0.0x     중간  1.12  0pt/0 [일봉]
003490  대한항공      25,750   23.5    -4.1%    0.1x     하단  9.22  0pt/0 [5분]
004020  현대제철      38,500    0.0    +0.0%    0.0x     중간  0.59  0pt/0 [일봉]
078930  GS        71,300    0.0    +0.0%    0.0x     중간  3.68  0pt/0 [일봉]

══════════════════════════════════════════════════
⏰ 시초가 혼조 제외 (9:30 전) — 신규 매수 중단
→ 전종목 HOLD
✅ Discord 전송 완료

[09:06] HOLD | KODEX RSI67/+1.8%⬆️ | 보유:없음 | 최고신호 HPSP(403870) 0pt/4pt
💰 예수금 95,923원 | KODEX200 RSI67/+1.7% 상승추세⬆️  | 매수기준 점수4pt↑

코드      종목명           가격    RSI     변화율    거래량     BB   호가비  B/S
────────────────────────────────────────────────────────────────────────
[2단계 분석 대상: 066970, 003490, 329180, 003670, 086790]
403870  HPSP      46,950    0.0    +0.0%    0.0x     중간  1.51  0pt/0 [일봉]
055550  신한지주      92,900    0.0    +0.0%    0.0x     중간  0.95  0pt/0 [일봉]
011200  HMM       19,540    0.0    +0.0%    0.0x     중간  1.76  0pt/0 [일봉]
015760  한국전력      38,750    0.0    +0.0%    0.0x     중간  1.37  0pt/0 [일봉]
035720  카카오       41,650    0.0    +0.0%    0.0x     중간  2.53  0pt/0 [일봉]
030200  KT        54,100    0.0    +0.0%    0.0x     중간  1.06  0pt/0 [일봉]
003490  대한항공      25,850   23.5    -3.5%    0.1x     하단  6.20  0pt/0 [5분]
004020  현대제철      39,050    0.0    +0.0%    0.0x     중간  0.36  0pt/0 [일봉]
078930  GS        71,400    0.0    +0.0%    0.0x     중간  0.70  0pt/0 [일봉]

══════════════════════════════════════════════════
⏰ 시초가 혼조 제외 (9:30 전) — 신규 매수 중단
→ 전종목 HOLD
✅ Discord 전송 완료

[09:08] HOLD | KODEX RSI67/+1.7%⬆️ | 보유:없음 | 최고신호 HPSP(403870) 0pt/4pt
💰 예수금 95,923원 | KODEX200 RSI66/+1.5% 상승추세⬆️  | 매수기준 점수4pt↑

코드      종목명           가격    RSI     변화율    거래량     BB   호가비  B/S
────────────────────────────────────────────────────────────────────────
[2단계 분석 대상: 003670, 003490, 086520, 086790, 096770]
403870  HPSP      47,050    0.0    +0.0%    0.0x     중간  1.74  0pt/0 [일봉]
055550  신한지주      93,200    0.0    +0.0%    0.0x     중간  0.93  0pt/0 [일봉]
011200  HMM       19,670    0.0    +0.0%    0.0x     중간  3.44  0pt/0 [일봉]
015760  한국전력      38,650    0.0    +0.0%    0.0x     중간  1.50  0pt/0 [일봉]
035720  카카오       41,700    0.0    +0.0%    0.0x     중간  2.17  0pt/0 [일봉]
030200  KT        54,000    0.0    +0.0%    0.0x     중간  0.98  0pt/0 [일봉]
003490  대한항공      25,850   13.3    -3.6%    0.1x     하단  6.60  0pt/0 [5분]
004020  현대제철      39,000    0.0    +0.0%    0.0x     중간  0.57  0pt/0 [일봉]
078930  GS        71,600    0.0    +0.0%    0.0x     중간  1.13  0pt/0 [일봉]

══════════════════════════════════════════════════
⏰ 시초가 혼조 제외 (9:30 전) — 신규 매수 중단
→ 전종목 HOLD
✅ Discord 전송 완료

[09:10] HOLD | KODEX RSI66/+1.5%⬆️ | 보유:없음 | 최고신호 HPSP(403870) 0pt/4pt
💰 예수금 95,923원 | KODEX200 RSI67/+1.7% 상승추세⬆️  | 매수기준 점수4pt↑

코드      종목명           가격    RSI     변화율    거래량     BB   호가비  B/S
────────────────────────────────────────────────────────────────────────
[2단계 분석 대상: 403870, 066970, 003670, 086790, 247540]
403870  HPSP      46,400   26.0    -5.1%    0.2x     하단 17.25  0pt/0 [5분]
055550  신한지주      93,100    0.0    +0.0%    0.0x     중간  1.44  0pt/0 [일봉]
011200  HMM       19,690    0.0    +0.0%    0.0x     중간  0.57  0pt/0 [일봉]
015760  한국전력      38,600    0.0    +0.0%    0.0x     중간  1.40  0pt/0 [일봉]
035720  카카오       42,100    0.0    +0.0%    0.0x     중간  1.61  0pt/0 [일봉]
030200  KT        53,600    0.0    +0.0%    0.0x     중간  0.79  0pt/0 [일봉]
003490  대한항공      25,950    0.0    +0.0%    0.0x     중간  3.98  0pt/0 [일봉]
004020  현대제철      38,750    0.0    +0.0%    0.0x     중간  0.81  0pt/0 [일봉]
078930  GS        70,900    0.0    +0.0%    0.0x     중간  1.64  0pt/0 [일봉]

══════════════════════════════════════════════════
⏰ 시초가 혼조 제외 (9:30 전) — 신규 매수 중단
→ 전종목 HOLD
✅ Discord 전송 완료

[09:12] HOLD | KODEX RSI67/+1.7%⬆️ | 보유:없음 | 최고신호 HPSP(403870) 0pt/4pt
💰 예수금 95,923원 | KODEX200 RSI66/+1.6% 상승추세⬆️  | 매수기준 점수4pt↑

코드      종목명           가격    RSI     변화율    거래량     BB   호가비  B/S
────────────────────────────────────────────────────────────────────────
[2단계 분석 대상: 003670, 272210, 086520, 003490, 403870]
403870  HPSP      46,150   21.3    -5.1%    0.2x     하단  4.40  0pt/0 [5분]
055550  신한지주      92,800    0.0    +0.0%    0.0x     중간  1.36  0pt/0 [일봉]
011200  HMM       19,810    0.0    +0.0%    0.0x     중간  0.10  0pt/0 [일봉]
015760  한국전력      38,500    0.0    +0.0%    0.0x     중간  1.61  0pt/0 [일봉]
035720  카카오       42,350    0.0    +0.0%    0.0x     중간  1.62  0pt/0 [일봉]
030200  KT        53,400    0.0    +0.0%    0.0x     중간  1.00  0pt/0 [일봉]
003490  대한항공      26,000   13.3    -3.2%    0.2x     하단  4.70  0pt/0 [5분]
004020  현대제철      38,900    0.0    +0.0%    0.0x     중간  1.88  0pt/0 [일봉]
078930  GS        70,900    0.0    +0.0%    0.0x     중간  2.29  0pt/0 [일봉]

══════════════════════════════════════════════════
⏰ 시초가 혼조 제외 (9:30 전) — 신규 매수 중단
→ 전종목 HOLD
✅ Discord 전송 완료

[09:14] HOLD | KODEX RSI66/+1.6%⬆️ | 보유:없음 | 최고신호 HPSP(403870) 0pt/4pt
💰 예수금 95,923원 | KODEX200 RSI66/+1.6% 상승추세⬆️  | 매수기준 점수4pt↑

코드      종목명           가격    RSI     변화율    거래량     BB   호가비  B/S
────────────────────────────────────────────────────────────────────────
[2단계 분석 대상: 403870, 003670, 035720, 066970, 086520]
403870  HPSP      46,450   21.3    -4.1%    0.2x     하단 10.68  0pt/0 [5분]
055550  신한지주      93,600    0.0    +0.0%    0.0x     중간  1.28  0pt/0 [일봉]
011200  HMM       19,790    0.0    +0.0%    0.0x     중간  0.19  0pt/0 [일봉]
015760  한국전력      38,400    0.0    +0.0%    0.0x     중간  2.27  0pt/0 [일봉]
035720  카카오       41,650   13.3    -0.5%    0.3x     상단  8.62  0pt/0 [5분]
030200  KT        53,300    0.0    +0.0%    0.0x     중간  2.10  0pt/0 [일봉]
003490  대한항공      26,100    0.0    +0.0%    0.0x     중간  3.44  0pt/0 [일봉]
004020  현대제철      39,100    0.0    +0.0%    0.0x     중간  1.28  0pt/0 [일봉]
078930  GS        71,900    0.0    +0.0%    0.0x     중간  1.61  0pt/0 [일봉]

══════════════════════════════════════════════════
⏰ 시초가 혼조 제외 (9:30 전) — 신규 매수 중단
→ 전종목 HOLD
✅ Discord 전송 완료

[09:16] HOLD | KODEX RSI66/+1.6%⬆️ | 보유:없음 | 최고신호 HPSP(403870) 0pt/4pt
💰 예수금 95,923원 | KODEX200 RSI66/+1.5% 상승추세⬆️  | 매수기준 점수4pt↑

코드      종목명           가격    RSI     변화율    거래량     BB   호가비  B/S
────────────────────────────────────────────────────────────────────────
[2단계 분석 대상: 035720, 066970, 003670, 247540, 017670]
403870  HPSP      47,150    0.0    +0.0%    0.0x     중간  0.71  0pt/0 [일봉]
055550  신한지주      94,200    0.0    +0.0%    0.0x     중간  0.40  0pt/0 [일봉]
011200  HMM       19,820    0.0    +0.0%    0.0x     중간  0.16  0pt/0 [일봉]
015760  한국전력      38,400    0.0    +0.0%    0.0x     중간  1.98  0pt/0 [일봉]
035720  카카오       41,850   13.3    -0.2%    0.3x     상단  4.54  0pt/0 [5분]
030200  KT        53,400    0.0    +0.0%    0.0x     중간  1.69  0pt/0 [일봉]
003490  대한항공      26,150    0.0    +0.0%    0.0x     중간  1.79  0pt/0 [일봉]
004020  현대제철      39,250    0.0    +0.0%    0.0x     중간  0.91  0pt/0 [일봉]
078930  GS        72,300    0.0    +0.0%    0.0x     중간  1.74  0pt/0 [일봉]

══════════════════════════════════════════════════
⏰ 시초가 혼조 제외 (9:30 전) — 신규 매수 중단
→ 전종목 HOLD
✅ Discord 전송 완료

[09:18] HOLD | KODEX RSI66/+1.5%⬆️ | 보유:없음 | 최고신호 HPSP(403870) 0pt/4pt
💰 예수금 95,923원 | KODEX200 RSI66/+1.3% 상승추세⬆️  | 매수기준 점수4pt↑

코드      종목명           가격    RSI     변화율    거래량     BB   호가비  B/S
────────────────────────────────────────────────────────────────────────
[2단계 분석 대상: 000880, 017670, 035720, 015760, 032830]
403870  HPSP      48,100    0.0    +0.0%    0.0x     중간  0.78  0pt/0 [일봉]
055550  신한지주      95,000    0.0    +0.0%    0.0x     중간  0.65  0pt/0 [일봉]
011200  HMM       19,880    0.0    +0.0%    0.0x     중간  0.25  0pt/0 [일봉]
015760  한국전력      38,600   26.9    -0.6%    0.1x     중간  1.58  0pt/0 [5분]
035720  카카오       42,000   15.4    +0.2%    0.3x     상단  2.22  0pt/0 [5분]
030200  KT        53,400    0.0    +0.0%    0.0x     중간  1.43  0pt/0 [일봉]
003490  대한항공      26,150    0.0    +0.0%    0.0x     중간  1.34  0pt/0 [일봉]
004020  현대제철      39,400    0.0    +0.0%    0.0x     중간  0.57  0pt/0 [일봉]
078930  GS        72,600    0.0    +0.0%    0.0x     중간  0.90  0pt/0 [일봉]

══════════════════════════════════════════════════
⏰ 시초가 혼조 제외 (9:30 전) — 신규 매수 중단
→ 전종목 HOLD
✅ Discord 전송 완료

[09:20] HOLD | KODEX RSI66/+1.3%⬆️ | 보유:없음 | 최고신호 HPSP(403870) 0pt/4pt
💰 예수금 95,923원 | KODEX200 RSI67/+1.8% 상승추세⬆️  | 매수기준 점수4pt↑

코드      종목명           가격    RSI     변화율    거래량     BB   호가비  B/S
────────────────────────────────────────────────────────────────────────
[2단계 분석 대상: 017670, 000880, 032830, 403870, 003490]
403870  HPSP      48,300   21.7    -1.1%    0.3x     하단  1.74  0pt/0 [5분]
055550  신한지주      95,200    0.0    +0.0%    0.0x     중간  0.21  0pt/0 [일봉]
011200  HMM       19,910    0.0    +0.0%    0.0x     중간  0.06  0pt/0 [일봉]
015760  한국전력      38,800    0.0    +0.0%    0.0x     중간  1.38  0pt/0 [일봉]
035720  카카오       42,150    0.0    +0.0%    0.0x     중간  1.14  0pt/0 [일봉]
030200  KT        53,500    0.0    +0.0%    0.0x     중간  1.43  0pt/0 [일봉]
003490  대한항공      26,150   12.5    -2.4%    0.2x     하단  1.61  0pt/0 [5분]
004020  현대제철      39,400    0.0    +0.0%    0.0x     중간  0.83  0pt/0 [일봉]
078930  GS        73,300    0.0    +0.0%    0.0x     중간  1.61  0pt/0 [일봉]

══════════════════════════════════════════════════
⏰ 시초가 혼조 제외 (9:30 전) — 신규 매수 중단
→ 전종목 HOLD
✅ Discord 전송 완료

[09:22] HOLD | KODEX RSI67/+1.8%⬆️ | 보유:없음 | 최고신호 HPSP(403870) 0pt/4pt
💰 예수금 95,923원 | KODEX200 RSI67/+1.9% 상승추세⬆️  | 매수기준 점수4pt↑

코드      종목명           가격    RSI     변화율    거래량     BB   호가비  B/S
────────────────────────────────────────────────────────────────────────
[2단계 분석 대상: 066970, 032830, 003490, 017670, 035720]
403870  HPSP      48,000    0.0    +0.0%    0.0x     중간  1.18  0pt/0 [일봉]
011200  HMM       19,870    0.0    +0.0%    0.0x     중간  0.27  0pt/0 [일봉]
015760  한국전력      38,850    0.0    +0.0%    0.0x     중간  0.79  0pt/0 [일봉]
035720  카카오       42,300   20.0    +0.7%    0.3x     중간  1.43  0pt/0 [5분]
030200  KT        53,700    0.0    +0.0%    0.0x     중간  0.94  0pt/0 [일봉]
003490  대한항공      26,150   21.4    -2.6%    0.2x     하단  1.62  0pt/0 [5분]
004020  현대제철      39,600    0.0    +0.0%    0.0x     중간  0.49  0pt/0 [일봉]
078930  GS        73,800    0.0    +0.0%    0.0x     중간  0.64  0pt/0 [일봉]

══════════════════════════════════════════════════
⏰ 시초가 혼조 제외 (9:30 전) — 신규 매수 중단
→ 전종목 HOLD
✅ Discord 전송 완료

[09:24] HOLD | KODEX RSI67/+1.9%⬆️ | 보유:없음 | 최고신호 HPSP(403870) 0pt/4pt
💰 예수금 95,923원 | KODEX200 RSI66/+1.6% 상승추세⬆️  | 매수기준 점수4pt↑

코드      종목명           가격    RSI     변화율    거래량     BB   호가비  B/S
────────────────────────────────────────────────────────────────────────
[2단계 분석 대상: 003490, 032830, 086520, 066970, 329180]
403870  HPSP      48,150    0.0    +0.0%    0.0x     중간  1.07  0pt/0 [일봉]
011200  HMM       19,900    0.0    +0.0%    0.0x     중간  0.18  0pt/0 [일봉]
015760  한국전력      38,850    0.0    +0.0%    0.0x     중간  0.79  0pt/0 [일봉]
035720  카카오       42,350    0.0    +0.0%    0.0x     중간  1.11  0pt/0 [일봉]
030200  KT        53,900    0.0    +0.0%    0.0x     중간  0.88  0pt/0 [일봉]
003490  대한항공      26,100   21.4    -2.6%    0.2x     하단  3.67  0pt/0 [5분]
004020  현대제철      39,600    0.0    +0.0%    0.0x     중간  0.31  0pt/0 [일봉]
078930  GS        73,800    0.0    +0.0%    0.0x     중간  0.42  0pt/0 [일봉]

══════════════════════════════════════════════════
⏰ 시초가 혼조 제외 (9:30 전) — 신규 매수 중단
→ 전종목 HOLD
✅ Discord 전송 완료

[09:26] HOLD | KODEX RSI66/+1.6%⬆️ | 보유:없음 | 최고신호 HPSP(403870) 0pt/4pt
💰 예수금 95,923원 | KODEX200 RSI67/+1.8% 상승추세⬆️  | 매수기준 점수4pt↑

코드      종목명           가격    RSI     변화율    거래량     BB   호가비  B/S
────────────────────────────────────────────────────────────────────────
[2단계 분석 대상: 000720, 032830, 003490, 066970, 000270]
403870  HPSP      48,600    0.0    +0.0%    0.0x     중간  1.52  0pt/0 [일봉]
055550  신한지주      95,400    0.0    +0.0%    0.0x     중간  0.24  0pt/0 [일봉]
011200  HMM       19,890    0.0    +0.0%    0.0x     중간  0.19  0pt/0 [일봉]
015760  한국전력      38,800    0.0    +0.0%    0.0x     중간  1.19  0pt/0 [일봉]
035720  카카오       42,450    0.0    +0.0%    0.0x     중간  1.27  0pt/0 [일봉]
030200  KT        53,900    0.0    +0.0%    0.0x     중간  1.02  0pt/0 [일봉]
003490  대한항공      26,100   21.4    -2.6%    0.2x     하단  2.46  0pt/0 [5분]
004020  현대제철      39,450    0.0    +0.0%    0.0x     중간  0.35  0pt/0 [일봉]
078930  GS        73,500    0.0    +0.0%    0.0x     중간  0.78  0pt/0 [일봉]

══════════════════════════════════════════════════
⏰ 시초가 혼조 제외 (9:30 전) — 신규 매수 중단
→ 전종목 HOLD
✅ Discord 전송 완료

[09:28] HOLD | KODEX RSI67/+1.8%⬆️ | 보유:없음 | 최고신호 HPSP(403870) 0pt/4pt
💰 예수금 95,923원 | KODEX200 RSI67/+2.0% 상승추세⬆️  | 매수기준 점수4pt↑

코드      종목명           가격    RSI     변화율    거래량     BB   호가비  B/S
────────────────────────────────────────────────────────────────────────
[2단계 분석 대상: 329180, 403870, 000270, 015760, 066970]
403870  HPSP      48,250   24.4    -0.6%    0.3x     하단  3.48  0pt/0 [5분]
055550  신한지주      95,200    0.0    +0.0%    0.0x     중간  0.33  0pt/0 [일봉]
011200  HMM       19,900    0.0    +0.0%    0.0x     중간  0.22  0pt/0 [일봉]
015760  한국전력      38,750   23.8    -0.4%    0.2x     중간  1.35  0pt/0 [5분]
035720  카카오       42,650    0.0    +0.0%    0.0x     중간  0.82  0pt/0 [일봉]
030200  KT        53,900    0.0    +0.0%    0.0x     중간  0.80  0pt/0 [일봉]
003490  대한항공      26,050    0.0    +0.0%    0.0x     중간  1.13  0pt/0 [일봉]
004020  현대제철      39,850    0.0    +0.0%    0.0x     중간  0.71  0pt/0 [일봉]
078930  GS        73,800    0.0    +0.0%    0.0x     중간  0.61  0pt/0 [일봉]

══════════════════════════════════════════════════
→ 전종목 HOLD
✅ Discord 전송 완료

[09:30] HOLD | KODEX RSI67/+2.0%⬆️ | 보유:없음 | 최고신호 HPSP(403870) 0pt/4pt
💰 예수금 95,923원 | KODEX200 RSI67/+2.3% 상승추세⬆️  | 매수기준 점수4pt↑

코드      종목명           가격    RSI     변화율    거래량     BB   호가비  B/S
────────────────────────────────────────────────────────────────────────
[2단계 분석 대상: 000270, 032830, 403870, 066970, 003490]
403870  HPSP      48,100   24.4    -1.6%    0.3x     하단  2.95  0pt/0 [5분]
055550  신한지주      95,000    0.0    +0.0%    0.0x     중간  0.31  0pt/0 [일봉]
011200  HMM       19,900    0.0    +0.0%    0.0x     중간  0.15  0pt/0 [일봉]
015760  한국전력      38,800    0.0    +0.0%    0.0x     중간  1.04  0pt/0 [일봉]
035720  카카오       42,400    0.0    +0.0%    0.0x     중간  2.16  0pt/0 [일봉]
030200  KT        53,800    0.0    +0.0%    0.0x     중간  1.10  0pt/0 [일봉]
003490  대한항공      26,100   15.4    -2.6%    0.2x     하단  2.51  0pt/0 [5분]
004020  현대제철      39,750    0.0    +0.0%    0.0x     중간  0.64  0pt/0 [일봉]
078930  GS        73,700    0.0    +0.0%    0.0x     중간  1.34  0pt/0 [일봉]

══════════════════════════════════════════════════
→ 전종목 HOLD
✅ Discord 전송 완료

[09:32] HOLD | KODEX RSI67/+2.3%⬆️ | 보유:없음 | 최고신호 HPSP(403870) 0pt/4pt
💰 예수금 95,923원 | KODEX200 RSI67/+2.2% 상승추세⬆️  | 매수기준 점수4pt↑

코드      종목명           가격    RSI     변화율    거래량     BB   호가비  B/S
────────────────────────────────────────────────────────────────────────
[2단계 분석 대상: 066970, 000270, 003490, 010950, 000150]
403870  HPSP      47,900    0.0    +0.0%    0.0x     중간  1.74  0pt/0 [일봉]
055550  신한지주      94,800    0.0    +0.0%    0.0x     중간  0.64  0pt/0 [일봉]
011200  HMM       19,840    0.0    +0.0%    0.0x     중간  0.26  0pt/0 [일봉]
015760  한국전력      38,600    0.0    +0.0%    0.0x     중간  1.17  0pt/0 [일봉]
035720  카카오       42,800    0.0    +0.0%    0.0x     중간  0.62  0pt/0 [일봉]
030200  KT        53,800    0.0    +0.0%    0.0x     중간  1.01  0pt/0 [일봉]
003490  대한항공      26,050   15.4    -2.8%    0.2x     하단  2.49  0pt/0 [5분]
004020  현대제철      40,000    0.0    +0.0%    0.0x     중간  1.83  0pt/0 [일봉]
078930  GS        73,700    0.0    +0.0%    0.0x     중간  1.24  0pt/0 [일봉]

══════════════════════════════════════════════════
→ 전종목 HOLD
✅ Discord 전송 완료

[09:34] HOLD | KODEX RSI67/+2.2%⬆️ | 보유:없음 | 최고신호 HPSP(403870) 0pt/4pt
💰 예수금 95,923원 | KODEX200 RSI67/+2.2% 상승추세⬆️  | 매수기준 점수4pt↑

코드      종목명           가격    RSI     변화율    거래량     BB   호가비  B/S
────────────────────────────────────────────────────────────────────────
[2단계 분석 대상: 403870, 003490, 086520, 000720, 032830]
403870  HPSP      47,700   64.8    -1.9%    0.3x     하단  3.76  1pt/0 [5분]
055550  신한지주      94,500    0.0    +0.0%    0.0x     중간  0.75  0pt/0 [일봉]
011200  HMM       19,850    0.0    +0.0%    0.0x     중간  0.27  0pt/0 [일봉]
015760  한국전력      38,600    0.0    +0.0%    0.0x     중간  1.44  0pt/0 [일봉]
035720  카카오       42,900    0.0    +0.0%    0.0x     중간  0.57  0pt/0 [일봉]
030200  KT        53,800    0.0    +0.0%    0.0x     중간  1.16  0pt/0 [일봉]
003490  대한항공      26,000   10.8    -3.2%    0.2x     하단  2.77  0pt/0 [5분]
004020  현대제철      39,850    0.0    +0.0%    0.0x     중간  1.65  0pt/0 [일봉]
078930  GS        73,500    0.0    +0.0%    0.0x     중간  0.92  0pt/0 [일봉]

══════════════════════════════════════════════════
→ 전종목 HOLD
✅ Discord 전송 완료

[09:36] HOLD | KODEX RSI67/+2.2%⬆️ | 보유:없음 | 최고신호 HPSP(403870) 1pt/4pt [RSI65]
💰 예수금 95,923원 | KODEX200 RSI67/+2.7% 상승추세⬆️  | 매수기준 점수4pt↑

코드      종목명           가격    RSI     변화율    거래량     BB   호가비  B/S
────────────────────────────────────────────────────────────────────────
[2단계 분석 대상: 066970, 086790, 003490, 403870, 003670]
403870  HPSP      47,450   64.8    -2.3%    0.4x     하단  3.20  1pt/0 [5분]
055550  신한지주      94,600    0.0    +0.0%    0.0x     중간  0.95  0pt/0 [일봉]
011200  HMM       19,860    0.0    +0.0%    0.0x     중간  0.22  0pt/0 [일봉]
015760  한국전력      38,600    0.0    +0.0%    0.0x     중간  1.44  0pt/0 [일봉]
035720  카카오       42,750    0.0    +0.0%    0.0x     중간  1.06  0pt/0 [일봉]
030200  KT        53,800    0.0    +0.0%    0.0x     중간  1.16  0pt/0 [일봉]
003490  대한항공      25,950   10.8    -3.4%    0.2x     하단  3.54  0pt/0 [5분]
004020  현대제철      39,800    0.0    +0.0%    0.0x     중간  2.09  0pt/0 [일봉]
078930  GS        73,500    0.0    +0.0%    0.0x     중간  0.76  0pt/0 [일봉]

══════════════════════════════════════════════════
→ 전종목 HOLD
✅ Discord 전송 완료

[09:38] HOLD | KODEX RSI67/+2.7%⬆️ | 보유:없음 | 최고신호 HPSP(403870) 1pt/4pt [RSI65]
💰 예수금 95,923원 | KODEX200 RSI68/+2.8% 상승추세⬆️  | 매수기준 점수4pt↑

코드      종목명           가격    RSI     변화율    거래량     BB   호가비  B/S
────────────────────────────────────────────────────────────────────────
[2단계 분석 대상: 066970, 000150, 086520, 003490, 403870]
403870  HPSP      47,350   53.3    -2.8%    0.4x     하단  2.45  1pt/0 [5분]
055550  신한지주      95,000    0.0    +0.0%    0.0x     중간  0.54  0pt/0 [일봉]
011200  HMM       19,960    0.0    +0.0%    0.0x     중간  0.09  0pt/0 [일봉]
015760  한국전력      38,600    0.0    +0.0%    0.0x     중간  1.36  0pt/0 [일봉]
035720  카카오       42,850    0.0    +0.0%    0.0x     중간  0.69  0pt/0 [일봉]
030200  KT        53,800    0.0    +0.0%    0.0x     중간  1.01  0pt/0 [일봉]
003490  대한항공      26,000   23.8    -3.2%    0.2x     하단  3.14  0pt/0 [5분]
004020  현대제철      39,750    0.0    +0.0%    0.0x     중간  2.44  0pt/0 [일봉]
078930  GS        73,500    0.0    +0.0%    0.0x     중간  0.90  0pt/0 [일봉]

══════════════════════════════════════════════════
→ 전종목 HOLD
✅ Discord 전송 완료

[09:40] HOLD | KODEX RSI68/+2.8%⬆️ | 보유:없음 | 최고신호 HPSP(403870) 1pt/4pt [RSI53]
💰 예수금 95,923원 | KODEX200 RSI68/+2.9% 상승추세⬆️  | 매수기준 점수4pt↑

코드      종목명           가격    RSI     변화율    거래량     BB   호가비  B/S
────────────────────────────────────────────────────────────────────────
[2단계 분석 대상: 086790, 329180, 086520, 403870, 003490]
403870  HPSP      47,350   53.3    -2.6%    0.4x     하단  4.09  1pt/0 [5분]
055550  신한지주      94,900    0.0    +0.0%    0.0x     중간  0.82  0pt/0 [일봉]
011200  HMM       19,920    0.0    +0.0%    0.0x     중간  0.14  0pt/0 [일봉]
015760  한국전력      38,700    0.0    +0.0%    0.0x     중간  1.47  0pt/0 [일봉]
035720  카카오       43,100    0.0    +0.0%    0.0x     중간  0.53  0pt/0 [일봉]
030200  KT        53,700    0.0    +0.0%    0.0x     중간  0.89  0pt/0 [일봉]
003490  대한항공      26,000   23.8    -3.4%    0.2x     하단  3.13  0pt/0 [5분]
004020  현대제철      39,750    0.0    +0.0%    0.0x     중간  2.15  0pt/0 [일봉]
078930  GS        73,500    0.0    +0.0%    0.0x     중간  0.97  0pt/0 [일봉]

══════════════════════════════════════════════════
→ 전종목 HOLD
✅ Discord 전송 완료

[09:42] HOLD | KODEX RSI68/+2.9%⬆️ | 보유:없음 | 최고신호 HPSP(403870) 1pt/4pt [RSI53]
💰 예수금 95,923원 | KODEX200 RSI68/+3.0% 상승추세⬆️  | 매수기준 점수4pt↑

코드      종목명           가격    RSI     변화율    거래량     BB   호가비  B/S
────────────────────────────────────────────────────────────────────────
[2단계 분석 대상: 403870, 086520, 086790, 003490, 096770]
403870  HPSP      47,500   62.5    -2.5%    0.4x     하단  5.46  1pt/0 [5분]
055550  신한지주      94,600    0.0    +0.0%    0.0x     중간  1.06  0pt/0 [일봉]
011200  HMM       19,880    0.0    +0.0%    0.0x     중간  0.64  0pt/0 [일봉]
015760  한국전력      38,600    0.0    +0.0%    0.0x     중간  1.72  0pt/0 [일봉]
035720  카카오       43,050    0.0    +0.0%    0.0x     중간  0.47  0pt/0 [일봉]
030200  KT        53,900    0.0    +0.0%    0.0x     중간  0.66  0pt/0 [일봉]
003490  대한항공      25,900   34.8    -3.4%    0.3x     하단  3.11  0pt/0 [5분]
004020  현대제철      39,700    0.0    +0.0%    0.0x     중간  1.83  0pt/0 [일봉]
078930  GS        73,600    0.0    +0.0%    0.0x     중간  0.74  0pt/0 [일봉]

══════════════════════════════════════════════════
→ 전종목 HOLD
✅ Discord 전송 완료

[09:44] HOLD | KODEX RSI68/+3.0%⬆️ | 보유:없음 | 최고신호 HPSP(403870) 1pt/4pt [RSI62]
💰 예수금 95,923원 | KODEX200 RSI68/+2.9% 상승추세⬆️  | 매수기준 점수4pt↑

코드      종목명           가격    RSI     변화율    거래량     BB   호가비  B/S
────────────────────────────────────────────────────────────────────────
[2단계 분석 대상: 000270, 086520, 003490, 403870, 066970]
403870  HPSP      47,550   62.5    -2.6%    0.4x     하단  3.04  1pt/0 [5분]
055550  신한지주      94,700    0.0    +0.0%    0.0x     중간  0.63  0pt/0 [일봉]
011200  HMM       19,900    0.0    +0.0%    0.0x     중간  0.55  0pt/0 [일봉]
015760  한국전력      38,600    0.0    +0.0%    0.0x     중간  1.61  0pt/0 [일봉]
035720  카카오       42,850    0.0    +0.0%    0.0x     중간  0.86  0pt/0 [일봉]
030200  KT        53,900    0.0    +0.0%    0.0x     중간  0.72  0pt/0 [일봉]
003490  대한항공      25,900   34.8    -3.4%    0.3x     하단  3.35  0pt/0 [5분]
004020  현대제철      39,700    0.0    +0.0%    0.0x     중간  1.85  0pt/0 [일봉]
078930  GS        73,400    0.0    +0.0%    0.0x     중간  0.63  0pt/0 [일봉]

══════════════════════════════════════════════════
→ 전종목 HOLD
✅ Discord 전송 완료

[09:46] HOLD | KODEX RSI68/+2.9%⬆️ | 보유:없음 | 최고신호 HPSP(403870) 1pt/4pt [RSI62]
💰 예수금 95,923원 | KODEX200 RSI68/+2.9% 상승추세⬆️  | 매수기준 점수4pt↑

코드      종목명           가격    RSI     변화율    거래량     BB   호가비  B/S
────────────────────────────────────────────────────────────────────────
[2단계 분석 대상: 000270, 000720, 032830, 403870, 003490]
403870  HPSP      47,400   62.5    -2.7%    0.4x     하단  3.60  1pt/0 [5분]
055550  신한지주      94,400    0.0    +0.0%    0.0x     중간  1.03  0pt/0 [일봉]
011200  HMM       19,850    0.0    +0.0%    0.0x     중간  0.53  0pt/0 [일봉]
015760  한국전력      38,500    0.0    +0.0%    0.0x     중간  2.14  0pt/0 [일봉]
035720  카카오       42,850    0.0    +0.0%    0.0x     중간  0.76  0pt/0 [일봉]
030200  KT        53,900    0.0    +0.0%    0.0x     중간  0.72  0pt/0 [일봉]
003490  대한항공      25,900   34.8    -3.4%    0.3x     하단  3.34  0pt/0 [5분]
004020  현대제철      39,650    0.0    +0.0%    0.0x     중간  1.93  0pt/0 [일봉]
078930  GS        73,200    0.0    +0.0%    0.0x     중간  0.47  0pt/0 [일봉]

══════════════════════════════════════════════════
→ 전종목 HOLD
✅ Discord 전송 완료

[09:48] HOLD | KODEX RSI68/+2.9%⬆️ | 보유:없음 | 최고신호 HPSP(403870) 1pt/4pt [RSI62]
💰 예수금 95,923원 | KODEX200 RSI68/+2.7% 상승추세⬆️  | 매수기준 점수4pt↑

코드      종목명           가격    RSI     변화율    거래량     BB   호가비  B/S
────────────────────────────────────────────────────────────────────────
[2단계 분석 대상: 032830, 003490, 000270, 000720, 403870]
403870  HPSP      47,400   65.9    -2.9%    0.4x     하단  3.28  0pt/0 [5분]
055550  신한지주      94,700    0.0    +0.0%    0.0x     중간  0.86  0pt/0 [일봉]
011200  HMM       19,860    0.0    +0.0%    0.0x     중간  0.45  0pt/0 [일봉]
015760  한국전력      38,500    0.0    +0.0%    0.0x     중간  2.15  0pt/0 [일봉]
035720  카카오       42,700    0.0    +0.0%    0.0x     중간  0.88  0pt/0 [일봉]
030200  KT        53,900    0.0    +0.0%    0.0x     중간  0.82  0pt/0 [일봉]
003490  대한항공      25,850   44.0    -3.5%    0.3x     하단  3.68  0pt/0 [5분]
004020  현대제철      39,700    0.0    +0.0%    0.0x     중간  1.35  0pt/0 [일봉]
078930  GS        73,500    0.0    +0.0%    0.0x     중간  0.85  0pt/0 [일봉]

══════════════════════════════════════════════════
→ 전종목 HOLD
✅ Discord 전송 완료

[09:50] HOLD | KODEX RSI68/+2.7%⬆️ | 보유:없음 | 최고신호 HPSP(403870) 0pt/4pt
💰 예수금 95,923원 | KODEX200 RSI67/+2.6% 상승추세⬆️  | 매수기준 점수4pt↑

코드      종목명           가격    RSI     변화율    거래량     BB   호가비  B/S
────────────────────────────────────────────────────────────────────────
[2단계 분석 대상: 000150, 403870, 000270, 003490, 096770]
403870  HPSP      47,400   65.9    -2.6%    0.4x     하단  4.09  0pt/0 [5분]
055550  신한지주      94,900    0.0    +0.0%    0.0x     중간  0.42  0pt/0 [일봉]
011200  HMM       19,860    0.0    +0.0%    0.0x     중간  0.53  0pt/0 [일봉]
015760  한국전력      38,450    0.0    +0.0%    0.0x     중간  2.15  0pt/0 [일봉]
035720  카카오       42,500    0.0    +0.0%    0.0x     중간  1.63  0pt/0 [일봉]
030200  KT        53,900    0.0    +0.0%    0.0x     중간  0.88  0pt/0 [일봉]
003490  대한항공      25,850   44.0    -3.5%    0.3x     하단  3.75  0pt/0 [5분]
004020  현대제철      39,650    0.0    +0.0%    0.0x     중간  1.21  0pt/0 [일봉]
078930  GS        73,400    0.0    +0.0%    0.0x     중간  0.64  0pt/0 [일봉]

══════════════════════════════════════════════════
→ 전종목 HOLD
✅ Discord 전송 완료

[09:52] HOLD | KODEX RSI67/+2.6%⬆️ | 보유:없음 | 최고신호 HPSP(403870) 0pt/4pt
💰 예수금 95,923원 | KODEX200 RSI67/+2.4% 상승추세⬆️  | 매수기준 점수4pt↑

코드      종목명           가격    RSI     변화율    거래량     BB   호가비  B/S
────────────────────────────────────────────────────────────────────────
[2단계 분석 대상: 000720, 403870, 086520, 003490, 247540]
403870  HPSP      47,300   65.6    -2.8%    0.4x     하단  6.80  0pt/0 [5분]
055550  신한지주      94,900    0.0    +0.0%    0.0x     중간  0.26  0pt/0 [일봉]
011200  HMM       19,810    0.0    +0.0%    0.0x     중간  0.59  0pt/0 [일봉]
015760  한국전력      38,400    0.0    +0.0%    0.0x     중간  2.34  0pt/0 [일봉]
035720  카카오       42,700    0.0    +0.0%    0.0x     중간  0.67  0pt/0 [일봉]
030200  KT        53,900    0.0    +0.0%    0.0x     중간  0.77  0pt/0 [일봉]
003490  대한항공      25,900   45.8    -3.4%    0.3x     하단  3.61  1pt/0 [5분]
004020  현대제철      39,500    0.0    +0.0%    0.0x     중간  1.29  0pt/0 [일봉]
078930  GS        73,300    0.0    +0.0%    0.0x     중간  0.50  0pt/0 [일봉]

══════════════════════════════════════════════════
→ 전종목 HOLD
✅ Discord 전송 완료

[09:54] HOLD | KODEX RSI67/+2.4%⬆️ | 보유:없음 | 최고신호 대한항공(003490) 1pt/4pt [RSI46]
💰 예수금 95,923원 | KODEX200 RSI68/+2.8% 상승추세⬆️  | 매수기준 점수4pt↑

코드      종목명           가격    RSI     변화율    거래량     BB   호가비  B/S
────────────────────────────────────────────────────────────────────────
[2단계 분석 대상: 003670, 003490, 034020, 032830, 000720]
403870  HPSP      47,550    0.0    +0.0%    0.0x     중간  1.85  0pt/0 [일봉]
055550  신한지주      95,000    0.0    +0.0%    0.0x     중간  0.27  0pt/0 [일봉]
011200  HMM       19,840    0.0    +0.0%    0.0x     중간  0.49  0pt/0 [일봉]
015760  한국전력      38,550    0.0    +0.0%    0.0x     중간  2.20  0pt/0 [일봉]
035720  카카오       42,600    0.0    +0.0%    0.0x     중간  1.05  0pt/0 [일봉]
030200  KT        53,900    0.0    +0.0%    0.0x     중간  0.83  0pt/0 [일봉]
003490  대한항공      25,850   45.8    -3.6%    0.3x     하단  3.01  1pt/0 [5분]
004020  현대제철      39,550    0.0    +0.0%    0.0x     중간  0.64  0pt/0 [일봉]
078930  GS        73,500    0.0    +0.0%    0.0x     중간  0.61  0pt/0 [일봉]

══════════════════════════════════════════════════
→ 전종목 HOLD
✅ Discord 전송 완료

[09:56] HOLD | KODEX RSI68/+2.8%⬆️ | 보유:없음 | 최고신호 대한항공(003490) 1pt/4pt [RSI46]
💰 예수금 95,923원 | KODEX200 RSI67/+2.7% 상승추세⬆️  | 매수기준 점수4pt↑

코드      종목명           가격    RSI     변화율    거래량     BB   호가비  B/S
────────────────────────────────────────────────────────────────────────
[2단계 분석 대상: 003490, 000720, 032830, 015760, 096770]
403870  HPSP      47,600    0.0    +0.0%    0.0x     중간  1.31  0pt/0 [일봉]
055550  신한지주      95,000    0.0    +0.0%    0.0x     중간  0.22  0pt/0 [일봉]
011200  HMM       19,840    0.0    +0.0%    0.0x     중간  0.53  0pt/0 [일봉]
015760  한국전력      38,550   64.0    -0.9%    0.2x     중간  2.41  1pt/0 [5분]
035720  카카오       42,750    0.0    +0.0%    0.0x     중간  0.68  0pt/0 [일봉]
030200  KT        53,900    0.0    +0.0%    0.0x     중간  0.85  0pt/0 [일봉]
003490  대한항공      25,850   45.8    -3.5%    0.3x     하단  3.39  1pt/0 [5분]
004020  현대제철      39,650    0.0    +0.0%    0.0x     중간  0.41  0pt/0 [일봉]
078930  GS        73,500    0.0    +0.0%    0.0x     중간  0.43  0pt/0 [일봉]

══════════════════════════════════════════════════
→ 전종목 HOLD
✅ Discord 전송 완료

[09:58] HOLD | KODEX RSI67/+2.7%⬆️ | 보유:없음 | 최고신호 한국전력(015760) 1pt/4pt [RSI64]
💰 예수금 95,923원 | KODEX200 RSI68/+2.9% 상승추세⬆️  | 매수기준 점수4pt↑

코드      종목명           가격    RSI     변화율    거래량     BB   호가비  B/S
────────────────────────────────────────────────────────────────────────
[2단계 분석 대상: 403870, 000150, 096770, 000720, 003490]
403870  HPSP      47,400   64.8    -2.8%    0.4x     하단  4.39  1pt/0 [5분]
055550  신한지주      95,200    0.0    +0.0%    0.0x     중간  0.26  0pt/0 [일봉]
011200  HMM       19,830    0.0    +0.0%    0.0x     중간  0.36  0pt/0 [일봉]
015760  한국전력      38,550    0.0    +0.0%    0.0x     중간  2.17  0pt/0 [일봉]
035720  카카오       42,650    0.0    +0.0%    0.0x     중간  1.22  0pt/0 [일봉]
030200  KT        53,900    0.0    +0.0%    0.0x     중간  0.91  0pt/0 [일봉]
003490  대한항공      25,850   52.2    -3.7%    0.3x     하단  2.32  1pt/0 [5분]
004020  현대제철      39,600    0.0    +0.0%    0.0x     중간  0.53  0pt/0 [일봉]
078930  GS        73,300    0.0    +0.0%    0.0x     중간  0.23  0pt/0 [일봉]

══════════════════════════════════════════════════
→ 전종목 HOLD
✅ Discord 전송 완료

[10:00] HOLD | KODEX RSI68/+2.9%⬆️ | 보유:없음 | 최고신호 HPSP(403870) 1pt/4pt [RSI65]
💰 예수금 95,923원 | KODEX200 RSI68/+3.0% 상승추세⬆️  | 매수기준 점수4pt↑

코드      종목명           가격    RSI     변화율    거래량     BB   호가비  B/S
────────────────────────────────────────────────────────────────────────
[2단계 분석 대상: 403870, 086520, 003490, 015760, 096770]
403870  HPSP      47,250   64.8    -3.1%    0.4x     하단  7.42  1pt/0 [5분]
055550  신한지주      95,100    0.0    +0.0%    0.0x     중간  0.28  0pt/0 [일봉]
011200  HMM       19,820    0.0    +0.0%    0.0x     중간  0.58  0pt/0 [일봉]
015760  한국전력      38,500   72.4    -1.0%    0.2x     중간  3.60  0pt/0 [5분]
035720  카카오       42,650    0.0    +0.0%    0.0x     중간  0.95  0pt/0 [일봉]
030200  KT        54,000    0.0    +0.0%    0.0x     중간  0.84  0pt/0 [일봉]
003490  대한항공      25,850   52.2    -3.5%    0.3x     하단  3.63  1pt/0 [5분]
004020  현대제철      39,550    0.0    +0.0%    0.0x     중간  0.67  0pt/0 [일봉]
078930  GS        73,300    0.0    +0.0%    0.0x     중간  0.33  0pt/0 [일봉]

══════════════════════════════════════════════════
→ 전종목 HOLD
✅ Discord 전송 완료

[10:02] HOLD | KODEX RSI68/+3.0%⬆️ | 보유:없음 | 최고신호 HPSP(403870) 1pt/4pt [RSI65]
💰 예수금 95,923원 | KODEX200 RSI68/+3.3% 상승추세⬆️  | 매수기준 점수4pt↑

코드      종목명           가격    RSI     변화율    거래량     BB   호가비  B/S
────────────────────────────────────────────────────────────────────────
[2단계 분석 대상: 086520, 403870, 003490, 066970, 000720]
403870  HPSP      47,150   71.1    -3.3%    0.4x     하단  5.17  0pt/0 [5분]
055550  신한지주      95,100    0.0    +0.0%    0.0x     중간  0.32  0pt/0 [일봉]
011200  HMM       19,840    0.0    +0.0%    0.0x     중간  0.45  0pt/0 [일봉]
015760  한국전력      38,550    0.0    +0.0%    0.0x     중간  2.04  0pt/0 [일봉]
035720  카카오       42,500    0.0    +0.0%    0.0x     중간  1.87  0pt/0 [일봉]
030200  KT        54,000    0.0    +0.0%    0.0x     중간  0.87  0pt/0 [일봉]
003490  대한항공      25,900   57.7    -3.4%    0.3x     하단  4.56  1pt/0 [5분]
004020  현대제철      39,600    0.0    +0.0%    0.0x     중간  0.49  0pt/0 [일봉]
078930  GS        73,400    0.0    +0.0%    0.0x     중간  0.40  0pt/0 [일봉]

══════════════════════════════════════════════════
→ 전종목 HOLD
✅ Discord 전송 완료

[10:04] HOLD | KODEX RSI68/+3.3%⬆️ | 보유:없음 | 최고신호 대한항공(003490) 1pt/4pt [RSI58]
💰 예수금 95,923원 | KODEX200 RSI68/+3.3% 상승추세⬆️  | 매수기준 점수4pt↑

코드      종목명           가격    RSI     변화율    거래량     BB   호가비  B/S
────────────────────────────────────────────────────────────────────────
[2단계 분석 대상: 086520, 000720, 003490, 066970, 096770]
403870  HPSP      47,050    0.0    +0.0%    0.0x     중간  1.97  0pt/0 [일봉]
055550  신한지주      95,000    0.0    +0.0%    0.0x     중간  0.34  0pt/0 [일봉]
011200  HMM       19,870    0.0    +0.0%    0.0x     중간  0.32  0pt/0 [일봉]
015760  한국전력      38,600    0.0    +0.0%    0.0x     중간  2.07  0pt/0 [일봉]
035720  카카오       42,450    0.0    +0.0%    0.0x     중간  1.91  0pt/0 [일봉]
030200  KT        54,000    0.0    +0.0%    0.0x     중간  0.94  0pt/0 [일봉]
003490  대한항공      25,900   57.7    -3.5%    0.3x     하단  4.21  1pt/0 [5분]
004020  현대제철      39,600    0.0    +0.0%    0.0x     중간  0.44  0pt/0 [일봉]
078930  GS        73,600    0.0    +0.0%    0.0x     중간  0.45  0pt/0 [일봉]

══════════════════════════════════════════════════
→ 전종목 HOLD
✅ Discord 전송 완료

[10:06] HOLD | KODEX RSI68/+3.3%⬆️ | 보유:없음 | 최고신호 대한항공(003490) 1pt/4pt [RSI58]
💰 예수금 95,923원 | KODEX200 RSI68/+3.5% 상승추세⬆️  | 매수기준 점수4pt↑

코드      종목명           가격    RSI     변화율    거래량     BB   호가비  B/S
────────────────────────────────────────────────────────────────────────
[2단계 분석 대상: 000720, 086520, 003490, 003670, 066970]
403870  HPSP      46,900    0.0    +0.0%    0.0x     중간  1.96  0pt/0 [일봉]
055550  신한지주      94,900    0.0    +0.0%    0.0x     중간  0.46  0pt/0 [일봉]
011200  HMM       19,860    0.0    +0.0%    0.0x     중간  0.45  0pt/0 [일봉]
015760  한국전력      38,600    0.0    +0.0%    0.0x     중간  1.98  0pt/0 [일봉]
035720  카카오       42,350    0.0    +0.0%    0.0x     중간  1.86  0pt/0 [일봉]
030200  KT        54,000    0.0    +0.0%    0.0x     중간  0.88  0pt/0 [일봉]
003490  대한항공      25,850   57.7    -3.7%    0.3x     하단  4.39  1pt/0 [5분]
004020  현대제철      39,650    0.0    +0.0%    0.0x     중간  0.56  0pt/0 [일봉]
078930  GS        73,300    0.0    +0.0%    0.0x     중간  0.22  0pt/0 [일봉]

══════════════════════════════════════════════════
→ 전종목 HOLD
✅ Discord 전송 완료

[10:08] HOLD | KODEX RSI68/+3.5%⬆️ | 보유:없음 | 최고신호 대한항공(003490) 1pt/4pt [RSI58]
💰 예수금 95,923원 | KODEX200 RSI68/+3.3% 상승추세⬆️  | 매수기준 점수4pt↑

코드      종목명           가격    RSI     변화율    거래량     BB   호가비  B/S
────────────────────────────────────────────────────────────────────────
[2단계 분석 대상: 000720, 066970, 086520, 003670, 003490]
403870  HPSP      46,750    0.0    +0.0%    0.0x     중간  2.52  0pt/0 [일봉]
055550  신한지주      94,700    0.0    +0.0%    0.0x     중간  0.47  0pt/0 [일봉]
011200  HMM       19,860    0.0    +0.0%    0.0x     중간  0.54  0pt/0 [일봉]
015760  한국전력      38,550    0.0    +0.0%    0.0x     중간  1.80  0pt/0 [일봉]
035720  카카오       42,450    0.0    +0.0%    0.0x     중간  1.49  0pt/0 [일봉]
030200  KT        53,900    0.0    +0.0%    0.0x     중간  0.71  0pt/0 [일봉]
003490  대한항공      25,850   61.5    -3.5%    0.3x     하단  4.14  1pt/0 [5분]
004020  현대제철      39,500    0.0    +0.0%    0.0x     중간  0.89  0pt/0 [일봉]
078930  GS        73,200    0.0    +0.0%    0.0x     중간  0.25  0pt/0 [일봉]

══════════════════════════════════════════════════
→ 전종목 HOLD
✅ Discord 전송 완료

[10:10] HOLD | KODEX RSI68/+3.3%⬆️ | 보유:없음 | 최고신호 대한항공(003490) 1pt/4pt [RSI62]
💰 예수금 95,923원 | KODEX200 RSI68/+3.4% 상승추세⬆️  | 매수기준 점수4pt↑

코드      종목명           가격    RSI     변화율    거래량     BB   호가비  B/S
────────────────────────────────────────────────────────────────────────
[2단계 분석 대상: 066970, 000720, 096770, 003670, 003490]
403870  HPSP      46,750    0.0    +0.0%    0.0x     중간  2.49  0pt/0 [일봉]
055550  신한지주      94,600    0.0    +0.0%    0.0x     중간  0.46  0pt/0 [일봉]
011200  HMM       19,880    0.0    +0.0%    0.0x     중간  0.44  0pt/0 [일봉]
015760  한국전력      38,500    0.0    +0.0%    0.0x     중간  2.68  0pt/0 [일봉]
035720  카카오       42,400    0.0    +0.0%    0.0x     중간  2.26  0pt/0 [일봉]
030200  KT        53,600    0.0    +0.0%    0.0x     중간  0.83  0pt/0 [일봉]
003490  대한항공      25,850   61.5    -3.6%    0.3x     하단  4.14  1pt/0 [5분]
004020  현대제철      39,400    0.0    +0.0%    0.0x     중간  1.42  0pt/0 [일봉]
078930  GS        73,100    0.0    +0.0%    0.0x     중간  0.24  0pt/0 [일봉]

══════════════════════════════════════════════════
→ 전종목 HOLD
✅ Discord 전송 완료

[10:12] HOLD | KODEX RSI68/+3.4%⬆️ | 보유:없음 | 최고신호 대한항공(003490) 1pt/4pt [RSI62]
💰 예수금 95,923원 | KODEX200 RSI68/+3.3% 상승추세⬆️  | 매수기준 점수4pt↑

코드      종목명           가격    RSI     변화율    거래량     BB   호가비  B/S
────────────────────────────────────────────────────────────────────────
[2단계 분석 대상: 066970, 086520, 000720, 003670, 003490]
403870  HPSP      46,550    0.0    +0.0%    0.0x     중간  3.10  0pt/0 [일봉]
055550  신한지주      94,500    0.0    +0.0%    0.0x     중간  0.42  0pt/0 [일봉]
011200  HMM       19,870    0.0    +0.0%    0.0x     중간  0.47  0pt/0 [일봉]
015760  한국전력      38,450    0.0    +0.0%    0.0x     중간  2.91  0pt/0 [일봉]
035720  카카오       42,200    0.0    +0.0%    0.0x     중간  2.52  0pt/0 [일봉]
030200  KT        53,600    0.0    +0.0%    0.0x     중간  0.91  0pt/0 [일봉]
003490  대한항공      25,850   66.7    -3.7%    0.3x     하단  4.22  0pt/0 [5분]
004020  현대제철      39,350    0.0    +0.0%    0.0x     중간  1.57  0pt/0 [일봉]
078930  GS        73,200    0.0    +0.0%    0.0x     중간  0.31  0pt/0 [일봉]

══════════════════════════════════════════════════
→ 전종목 HOLD
✅ Discord 전송 완료

[10:14] HOLD | KODEX RSI68/+3.3%⬆️ | 보유:없음 | 최고신호 HPSP(403870) 0pt/4pt
💰 예수금 95,923원 | KODEX200 RSI68/+3.5% 상승추세⬆️  | 매수기준 점수4pt↑

코드      종목명           가격    RSI     변화율    거래량     BB   호가비  B/S
────────────────────────────────────────────────────────────────────────
[2단계 분석 대상: 066970, 086520, 010950, 003670, 403870]
403870  HPSP      46,700   69.7    -4.0%    0.5x     하단  4.09  0pt/0 [5분]
055550  신한지주      94,500    0.0    +0.0%    0.0x     중간  0.53  0pt/0 [일봉]
011200  HMM       19,870    0.0    +0.0%    0.0x     중간  0.47  0pt/0 [일봉]
015760  한국전력      38,550    0.0    +0.0%    0.0x     중간  2.43  0pt/0 [일봉]
035720  카카오       42,350    0.0    +0.0%    0.0x     중간  2.29  0pt/0 [일봉]
030200  KT        53,600    0.0    +0.0%    0.0x     중간  1.02  0pt/0 [일봉]
003490  대한항공      25,800    0.0    +0.0%    0.0x     중간  3.89  0pt/0 [일봉]
004020  현대제철      39,400    0.0    +0.0%    0.0x     중간  1.12  0pt/0 [일봉]
078930  GS        73,300    0.0    +0.0%    0.0x     중간  0.24  0pt/0 [일봉]

══════════════════════════════════════════════════
→ 전종목 HOLD
✅ Discord 전송 완료

[10:16] HOLD | KODEX RSI68/+3.5%⬆️ | 보유:없음 | 최고신호 HPSP(403870) 0pt/4pt
💰 예수금 95,923원 | KODEX200 RSI68/+3.6% 상승추세⬆️  | 매수기준 점수4pt↑

코드      종목명           가격    RSI     변화율    거래량     BB   호가비  B/S
────────────────────────────────────────────────────────────────────────
[2단계 분석 대상: 066970, 010950, 003490, 003670, 247540]
403870  HPSP      46,800    0.0    +0.0%    0.0x     중간  2.63  0pt/0 [일봉]
055550  신한지주      94,500    0.0    +0.0%    0.0x     중간  0.57  0pt/0 [일봉]
011200  HMM       19,890    0.0    +0.0%    0.0x     중간  0.39  0pt/0 [일봉]
015760  한국전력      38,450    0.0    +0.0%    0.0x     중간  2.89  0pt/0 [일봉]
035720  카카오       42,350    0.0    +0.0%    0.0x     중간  2.24  0pt/0 [일봉]
030200  KT        54,000    0.0    +0.0%    0.0x     중간  0.69  0pt/0 [일봉]
003490  대한항공      25,800   66.7    -3.7%    0.3x     하단  5.14  0pt/0 [5분]
004020  현대제철      39,400    0.0    +0.0%    0.0x     중간  1.12  0pt/0 [일봉]
078930  GS        73,200    0.0    +0.0%    0.0x     중간  0.32  0pt/0 [일봉]

══════════════════════════════════════════════════
→ 전종목 HOLD
✅ Discord 전송 완료

[10:18] HOLD | KODEX RSI68/+3.6%⬆️ | 보유:없음 | 최고신호 HPSP(403870) 0pt/4pt
💰 예수금 95,923원 | KODEX200 RSI68/+3.6% 상승추세⬆️  | 매수기준 점수4pt↑

코드      종목명           가격    RSI     변화율    거래량     BB   호가비  B/S
────────────────────────────────────────────────────────────────────────
[2단계 분석 대상: 000720, 066970, 010950, 403870, 003490]
403870  HPSP      46,650   73.3    -4.2%    0.5x     하단  4.24  0pt/0 [5분]
055550  신한지주      94,600    0.0    +0.0%    0.0x     중간  0.57  0pt/0 [일봉]
011200  HMM       19,890    0.0    +0.0%    0.0x     중간  0.42  0pt/0 [일봉]
015760  한국전력      38,450    0.0    +0.0%    0.0x     중간  2.30  0pt/0 [일봉]
035720  카카오       42,500    0.0    +0.0%    0.0x     중간  1.92  0pt/0 [일봉]
030200  KT        53,800    0.0    +0.0%    0.0x     중간  0.80  0pt/0 [일봉]
003490  대한항공      25,800   66.7    -3.9%    0.3x     하단  4.10  0pt/0 [5분]
004020  현대제철      39,400    0.0    +0.0%    0.0x     중간  0.84  0pt/0 [일봉]
078930  GS        73,200    0.0    +0.0%    0.0x     중간  0.28  0pt/0 [일봉]

══════════════════════════════════════════════════
→ 전종목 HOLD
✅ Discord 전송 완료

[10:20] HOLD | KODEX RSI68/+3.6%⬆️ | 보유:없음 | 최고신호 HPSP(403870) 0pt/4pt
💰 예수금 95,923원 | KODEX200 RSI68/+3.8% 상승추세⬆️  | 매수기준 점수4pt↑

코드      종목명           가격    RSI     변화율    거래량     BB   호가비  B/S
────────────────────────────────────────────────────────────────────────
[2단계 분석 대상: 000720, 066970, 403870, 010950, 003490]
403870  HPSP      46,550   73.3    -4.1%    0.5x     하단 10.21  0pt/0 [5분]
055550  신한지주      94,200    0.0    +0.0%    0.0x     중간  1.05  0pt/0 [일봉]
011200  HMM       19,880    0.0    +0.0%    0.0x     중간  0.54  0pt/0 [일봉]
015760  한국전력      38,450    0.0    +0.0%    0.0x     중간  2.27  0pt/0 [일봉]
035720  카카오       42,450    0.0    +0.0%    0.0x     중간  1.50  0pt/0 [일봉]
030200  KT        53,700    0.0    +0.0%    0.0x     중간  1.04  0pt/0 [일봉]
003490  대한항공      25,800   66.7    -3.9%    0.3x     하단  4.71  0pt/0 [5분]
004020  현대제철      39,350    0.0    +0.0%    0.0x     중간  0.98  0pt/0 [일봉]
078930  GS        73,100    0.0    +0.0%    0.0x     중간  0.18  0pt/0 [일봉]

══════════════════════════════════════════════════
→ 전종목 HOLD
✅ Discord 전송 완료

[10:22] HOLD | KODEX RSI68/+3.8%⬆️ | 보유:없음 | 최고신호 HPSP(403870) 0pt/4pt
💰 예수금 95,923원 | KODEX200 RSI68/+3.7% 상승추세⬆️  | 매수기준 점수4pt↑

코드      종목명           가격    RSI     변화율    거래량     BB   호가비  B/S
────────────────────────────────────────────────────────────────────────
[2단계 분석 대상: 086520, 000720, 003490, 403870, 010950]
403870  HPSP      46,750   72.5    -3.7%    0.5x     하단  3.25  0pt/0 [5분]
055550  신한지주      94,400    0.0    +0.0%    0.0x     중간  0.75  0pt/0 [일봉]
011200  HMM       19,880    0.0    +0.0%    0.0x     중간  0.53  0pt/0 [일봉]
015760  한국전력      38,700    0.0    +0.0%    0.0x     중간  1.86  0pt/0 [일봉]
035720  카카오       42,450    0.0    +0.0%    0.0x     중간  1.45  0pt/0 [일봉]
030200  KT        53,800    0.0    +0.0%    0.0x     중간  1.03  0pt/0 [일봉]
003490  대한항공      25,850   69.6    -3.7%    0.3x     하단  4.03  0pt/0 [5분]
004020  현대제철      39,500    0.0    +0.0%    0.0x     중간  0.87  0pt/0 [일봉]
078930  GS        73,400    0.0    +0.0%    0.0x     중간  0.58  0pt/0 [일봉]

══════════════════════════════════════════════════
→ 전종목 HOLD
✅ Discord 전송 완료

[10:24] HOLD | KODEX RSI68/+3.7%⬆️ | 보유:없음 | 최고신호 HPSP(403870) 0pt/4pt
💰 예수금 95,923원 | KODEX200 RSI68/+3.8% 상승추세⬆️  | 매수기준 점수3pt↑

코드      종목명           가격    RSI     변화율    거래량     BB   호가비  B/S
────────────────────────────────────────────────────────────────────────
[2단계 분석 대상: 000720, 403870, 086520, 003490, 010950]
403870  HPSP      46,900   72.5    -3.8%    0.5x     하단  6.70  0pt/0 [5분]
055550  신한지주      94,300    0.0    +0.0%    0.0x     중간  0.96  0pt/0 [일봉]
011200  HMM       19,880    0.0    +0.0%    0.0x     중간  0.40  0pt/0 [일봉]
015760  한국전력      38,600    0.0    +0.0%    0.0x     중간  1.98  0pt/0 [일봉]
035720  카카오       42,650    0.0    +0.0%    0.0x     중간  0.67  0pt/0 [일봉]
030200  KT        53,700    0.0    +0.0%    0.0x     중간  1.20  0pt/0 [일봉]
003490  대한항공      25,850   69.6    -3.5%    0.3x     하단  3.99  0pt/0 [5분]
004020  현대제철      39,450    0.0    +0.0%    0.0x     중간  0.83  0pt/0 [일봉]
078930  GS        73,500    0.0    +0.0%    0.0x     중간  0.61  0pt/0 [일봉]

══════════════════════════════════════════════════
→ 전종목 HOLD
✅ Discord 전송 완료

[10:26] HOLD | KODEX RSI68/+3.8%⬆️ | 보유:없음 | 최고신호 HPSP(403870) 0pt/3pt
💰 예수금 95,923원 | KODEX200 RSI68/+3.8% 상승추세⬆️  | 매수기준 점수3pt↑

코드      종목명           가격    RSI     변화율    거래량     BB   호가비  B/S
────────────────────────────────────────────────────────────────────────
[2단계 분석 대상: 000720, 003490, 086520, 010950, 096770]
403870  HPSP      46,950    0.0    +0.0%    0.0x     중간  2.11  0pt/0 [일봉]
055550  신한지주      94,300    0.0    +0.0%    0.0x     중간  1.02  0pt/0 [일봉]
011200  HMM       19,870    0.0    +0.0%    0.0x     중간  0.42  0pt/0 [일봉]
015760  한국전력      38,600    0.0    +0.0%    0.0x     중간  2.04  0pt/0 [일봉]
035720  카카오       42,600    0.0    +0.0%    0.0x     중간  0.81  0pt/0 [일봉]
030200  KT        53,700    0.0    +0.0%    0.0x     중간  1.22  0pt/0 [일봉]
003490  대한항공      25,850   69.6    -3.7%    0.4x     하단  4.07  0pt/0 [5분]
004020  현대제철      39,400    0.0    +0.0%    0.0x     중간  1.38  0pt/0 [일봉]
078930  GS        73,500    0.0    +0.0%    0.0x     중간  0.49  0pt/0 [일봉]

══════════════════════════════════════════════════
→ 전종목 HOLD
✅ Discord 전송 완료

[10:28] HOLD | KODEX RSI68/+3.8%⬆️ | 보유:없음 | 최고신호 HPSP(403870) 0pt/3pt
💰 예수금 95,923원 | KODEX200 RSI68/+3.8% 상승추세⬆️  | 매수기준 점수3pt↑

코드      종목명           가격    RSI     변화율    거래량     BB   호가비  B/S
────────────────────────────────────────────────────────────────────────
[2단계 분석 대상: 000720, 086520, 010950, 003490, 403870]
403870  HPSP      46,750   76.3    -4.1%    0.5x     하단  3.63  0pt/0 [5분]
055550  신한지주      94,100    0.0    +0.0%    0.0x     중간  0.58  0pt/0 [일봉]
011200  HMM       19,880    0.0    +0.0%    0.0x     중간  0.42  0pt/0 [일봉]
015760  한국전력      38,550    0.0    +0.0%    0.0x     중간  1.78  0pt/0 [일봉]
035720  카카오       42,600    0.0    +0.0%    0.0x     중간  0.70  0pt/0 [일봉]
030200  KT        53,600    0.0    +0.0%    0.0x     중간  0.98  0pt/0 [일봉]
003490  대한항공      25,800   71.1    -3.9%    0.4x     하단  4.48  0pt/0 [5분]
004020  현대제철      39,350    0.0    +0.0%    0.0x     중간  1.38  0pt/0 [일봉]
078930  GS        73,400    0.0    +0.0%    0.0x     중간  0.34  0pt/0 [일봉]

══════════════════════════════════════════════════
→ 전종목 HOLD
✅ Discord 전송 완료

[10:30] HOLD | KODEX RSI68/+3.8%⬆️ | 보유:없음 | 최고신호 HPSP(403870) 0pt/3pt
💰 예수금 95,923원 | KODEX200 RSI69/+4.0% 상승추세⬆️  | 매수기준 점수3pt↑

코드      종목명           가격    RSI     변화율    거래량     BB   호가비  B/S
────────────────────────────────────────────────────────────────────────
[2단계 분석 대상: 000720, 086520, 010950, 096770, 003490]
403870  HPSP      46,850    0.0    +0.0%    0.0x     중간  2.40  0pt/0 [일봉]
055550  신한지주      94,100    0.0    +0.0%    0.0x     중간  0.97  0pt/0 [일봉]
011200  HMM       19,870    0.0    +0.0%    0.0x     중간  0.43  0pt/0 [일봉]
015760  한국전력      38,450    0.0    +0.0%    0.0x     중간  2.69  0pt/0 [일봉]
035720  카카오       42,600    0.0    +0.0%    0.0x     중간  0.71  0pt/0 [일봉]
030200  KT        53,500    0.0    +0.0%    0.0x     중간  1.12  0pt/0 [일봉]
003490  대한항공      25,850   71.1    -3.5%    0.4x     하단  4.30  0pt/0 [5분]
004020  현대제철      39,300    0.0    +0.0%    0.0x     중간  1.31  0pt/0 [일봉]
078930  GS        73,300    0.0    +0.0%    0.0x     중간  0.32  0pt/0 [일봉]

══════════════════════════════════════════════════
→ 전종목 HOLD
✅ Discord 전송 완료

[10:32] HOLD | KODEX RSI69/+4.0%⬆️ | 보유:없음 | 최고신호 HPSP(403870) 0pt/3pt
💰 예수금 95,923원 | KODEX200 RSI69/+4.2% 상승추세⬆️  | 매수기준 점수3pt↑

코드      종목명           가격    RSI     변화율    거래량     BB   호가비  B/S
────────────────────────────────────────────────────────────────────────
[2단계 분석 대상: 066970, 000720, 086520, 010950, 003490]
403870  HPSP      46,800    0.0    +0.0%    0.0x     중간  2.50  0pt/0 [일봉]
055550  신한지주      94,000    0.0    +0.0%    0.0x     중간  1.13  0pt/0 [일봉]
011200  HMM       19,870    0.0    +0.0%    0.0x     중간  0.51  0pt/0 [일봉]
015760  한국전력      38,450    0.0    +0.0%    0.0x     중간  2.95  0pt/0 [일봉]
035720  카카오       42,500    0.0    +0.0%    0.0x     중간  1.74  0pt/0 [일봉]
030200  KT        53,500    0.0    +0.0%    0.0x     중간  0.92  0pt/0 [일봉]
003490  대한항공      25,850   70.5    -3.5%    0.4x     하단  4.47  0pt/0 [5분]
004020  현대제철      39,250    0.0    +0.0%    0.0x     중간  0.92  0pt/0 [일봉]
078930  GS        73,200    0.0    +0.0%    0.0x     중간  0.33  0pt/0 [일봉]

══════════════════════════════════════════════════
→ 전종목 HOLD
✅ Discord 전송 완료

[10:34] HOLD | KODEX RSI69/+4.2%⬆️ | 보유:없음 | 최고신호 HPSP(403870) 0pt/3pt
💰 예수금 95,923원 | KODEX200 RSI69/+4.3% 상승추세⬆️  | 매수기준 점수3pt↑

코드      종목명           가격    RSI     변화율    거래량     BB   호가비  B/S
────────────────────────────────────────────────────────────────────────
[2단계 분석 대상: 066970, 086520, 010950, 003490, 403870]
403870  HPSP      46,650   76.3    -4.1%    0.5x     하단  3.87  0pt/0 [5분]
055550  신한지주      94,200    0.0    +0.0%    0.0x     중간  0.82  0pt/0 [일봉]
011200  HMM       19,860    0.0    +0.0%    0.0x     중간  0.36  0pt/0 [일봉]
015760  한국전력      38,500    0.0    +0.0%    0.0x     중간  3.85  0pt/0 [일봉]
035720  카카오       42,450    0.0    +0.0%    0.0x     중간  1.77  0pt/0 [일봉]
030200  KT        53,500    0.0    +0.0%    0.0x     중간  1.05  0pt/0 [일봉]
003490  대한항공      25,900   70.5    -3.5%    0.4x     하단  4.48  0pt/0 [5분]
004020  현대제철      39,300    0.0    +0.0%    0.0x     중간  1.09  0pt/0 [일봉]
078930  GS        73,400    0.0    +0.0%    0.0x     중간  0.36  0pt/0 [일봉]

══════════════════════════════════════════════════
→ 전종목 HOLD
✅ Discord 전송 완료

[10:36] HOLD | KODEX RSI69/+4.3%⬆️ | 보유:없음 | 최고신호 HPSP(403870) 0pt/3pt
💰 예수금 95,923원 | KODEX200 RSI69/+4.2% 상승추세⬆️  | 매수기준 점수3pt↑

코드      종목명           가격    RSI     변화율    거래량     BB   호가비  B/S
────────────────────────────────────────────────────────────────────────
[2단계 분석 대상: 066970, 086520, 010950, 003490, 403870]
403870  HPSP      46,700   76.3    -4.1%    0.5x     하단  3.92  0pt/0 [5분]
055550  신한지주      94,500    0.0    +0.0%    0.0x     중간  0.37  0pt/0 [일봉]
011200  HMM       19,930    0.0    +0.0%    0.0x     중간  0.09  0pt/0 [일봉]
015760  한국전력      38,550    0.0    +0.0%    0.0x     중간  2.33  0pt/0 [일봉]
035720  카카오       42,600    0.0    +0.0%    0.0x     중간  0.71  0pt/0 [일봉]
030200  KT        53,700    0.0    +0.0%    0.0x     중간  1.00  0pt/0 [일봉]
003490  대한항공      25,850   70.5    -3.4%    0.4x     하단  4.75  0pt/0 [5분]
004020  현대제철      39,450    0.0    +0.0%    0.0x     중간  1.53  0pt/0 [일봉]
078930  GS        73,700    0.0    +0.0%    0.0x     중간  0.72  0pt/0 [일봉]

══════════════════════════════════════════════════
→ 전종목 HOLD
✅ Discord 전송 완료

[10:38] HOLD | KODEX RSI69/+4.2%⬆️ | 보유:없음 | 최고신호 HPSP(403870) 0pt/3pt
💰 예수금 95,923원 | KODEX200 RSI69/+4.4% 상승추세⬆️  | 매수기준 점수3pt↑

코드      종목명           가격    RSI     변화율    거래량     BB   호가비  B/S
────────────────────────────────────────────────────────────────────────
[2단계 분석 대상: 066970, 086520, 010950, 003490, 000720]
403870  HPSP      46,700    0.0    +0.0%    0.0x     중간  3.23  0pt/0 [일봉]
055550  신한지주      94,400    0.0    +0.0%    0.0x     중간  0.70  0pt/0 [일봉]
011200  HMM       19,910    0.0    +0.0%    0.0x     중간  0.14  0pt/0 [일봉]
015760  한국전력      38,550    0.0    +0.0%    0.0x     중간  2.36  0pt/0 [일봉]
035720  카카오       42,600    0.0    +0.0%    0.0x     중간  0.61  0pt/0 [일봉]
030200  KT        53,600    0.0    +0.0%    0.0x     중간  1.01  0pt/0 [일봉]
003490  대한항공      25,850   67.4    -3.5%    0.4x     하단  5.04  0pt/0 [5분]
004020  현대제철      39,350    0.0    +0.0%    0.0x     중간  1.59  0pt/0 [일봉]
078930  GS        73,600    0.0    +0.0%    0.0x     중간  0.49  0pt/0 [일봉]

══════════════════════════════════════════════════
→ 전종목 HOLD
✅ Discord 전송 완료

[10:40] HOLD | KODEX RSI69/+4.4%⬆️ | 보유:없음 | 최고신호 HPSP(403870) 0pt/3pt
💰 예수금 95,923원 | KODEX200 RSI69/+4.4% 상승추세⬆️  | 매수기준 점수3pt↑

코드      종목명           가격    RSI     변화율    거래량     BB   호가비  B/S
────────────────────────────────────────────────────────────────────────
[2단계 분석 대상: 066970, 086520, 010950, 000720, 003490]
403870  HPSP      46,650    0.0    +0.0%    0.0x     중간  3.82  0pt/0 [일봉]
055550  신한지주      94,400    0.0    +0.0%    0.0x     중간  0.65  0pt/0 [일봉]
011200  HMM       19,900    0.0    +0.0%    0.0x     중간  0.23  0pt/0 [일봉]
015760  한국전력      38,550    0.0    +0.0%    0.0x     중간  2.33  0pt/0 [일봉]
035720  카카오       42,600    0.0    +0.0%    0.0x     중간  0.87  0pt/0 [일봉]
030200  KT        53,500    0.0    +0.0%    0.0x     중간  1.67  0pt/0 [일봉]
003490  대한항공      25,900   67.4    -3.5%    0.4x     하단  4.81  0pt/0 [5분]
004020  현대제철      39,400    0.0    +0.0%    0.0x     중간  1.47  0pt/0 [일봉]
078930  GS        73,700    0.0    +0.0%    0.0x     중간  0.54  0pt/0 [일봉]

══════════════════════════════════════════════════
→ 전종목 HOLD
✅ Discord 전송 완료

[10:42] HOLD | KODEX RSI69/+4.4%⬆️ | 보유:없음 | 최고신호 HPSP(403870) 0pt/3pt
💰 예수금 95,923원 | KODEX200 RSI69/+4.5% 상승추세⬆️  | 매수기준 점수3pt↑

코드      종목명           가격    RSI     변화율    거래량     BB   호가비  B/S
────────────────────────────────────────────────────────────────────────
[2단계 분석 대상: 066970, 086520, 003490, 000720, 010950]
403870  HPSP      46,650    0.0    +0.0%    0.0x     중간  2.97  0pt/0 [일봉]
055550  신한지주      94,600    0.0    +0.0%    0.0x     중간  0.45  0pt/0 [일봉]
011200  HMM       19,910    0.0    +0.0%    0.0x     중간  0.16  0pt/0 [일봉]
015760  한국전력      38,550    0.0    +0.0%    0.0x     중간  2.16  0pt/0 [일봉]
035720  카카오       42,600    0.0    +0.0%    0.0x     중간  0.90  0pt/0 [일봉]
030200  KT        53,500    0.0    +0.0%    0.0x     중간  1.64  0pt/0 [일봉]
003490  대한항공      25,900   86.1    -3.4%    0.4x     하단  4.78  1pt/0 [5분]
004020  현대제철      39,400    0.0    +0.0%    0.0x     중간  1.89  0pt/0 [일봉]
078930  GS        73,700    0.0    +0.0%    0.0x     중간  0.56  0pt/0 [일봉]

══════════════════════════════════════════════════
→ 전종목 HOLD
✅ Discord 전송 완료

[10:44] HOLD | KODEX RSI69/+4.5%⬆️ | 보유:없음 | 최고신호 대한항공(003490) 1pt/3pt [연속상승]
💰 예수금 95,923원 | KODEX200 RSI69/+4.5% 상승추세⬆️  | 매수기준 점수3pt↑

코드      종목명           가격    RSI     변화율    거래량     BB   호가비  B/S
────────────────────────────────────────────────────────────────────────
[2단계 분석 대상: 403870, 066970, 086520, 010950, 003490]
403870  HPSP      46,400   56.9    -4.6%    0.6x     하단 21.88  1pt/0 [5분]
055550  신한지주      94,600    0.0    +0.0%    0.0x     중간  0.38  0pt/0 [일봉]
011200  HMM       19,900    0.0    +0.0%    0.0x     중간  0.29  0pt/0 [일봉]
015760  한국전력      38,550    0.0    +0.0%    0.0x     중간  2.45  0pt/0 [일봉]
035720  카카오       42,650    0.0    +0.0%    0.0x     중간  0.74  0pt/0 [일봉]
030200  KT        53,600    0.0    +0.0%    0.0x     중간  1.17  0pt/0 [일봉]
003490  대한항공      25,900   86.1    -3.4%    0.4x     하단  4.62  1pt/0 [5분]
004020  현대제철      39,350    0.0    +0.0%    0.0x     중간  1.50  0pt/0 [일봉]
078930  GS        73,700    0.0    +0.0%    0.0x     중간  0.54  0pt/0 [일봉]

══════════════════════════════════════════════════
→ 전종목 HOLD
✅ Discord 전송 완료

[10:46] HOLD | KODEX RSI69/+4.5%⬆️ | 보유:없음 | 최고신호 HPSP(403870) 1pt/3pt [RSI57]
💰 예수금 95,923원 | KODEX200 RSI69/+4.6% 상승추세⬆️  | 매수기준 점수3pt↑

코드      종목명           가격    RSI     변화율    거래량     BB   호가비  B/S
────────────────────────────────────────────────────────────────────────
[2단계 분석 대상: 403870, 066970, 003490, 000720, 086520]
403870  HPSP      46,400   56.9    -4.7%    0.6x     하단 21.03  1pt/0 [5분]
055550  신한지주      94,600    0.0    +0.0%    0.0x     중간  0.32  0pt/0 [일봉]
011200  HMM       19,920    0.0    +0.0%    0.0x     중간  0.12  0pt/0 [일봉]
015760  한국전력      38,650    0.0    +0.0%    0.0x     중간  2.38  0pt/0 [일봉]
035720  카카오       42,650    0.0    +0.0%    0.0x     중간  0.73  0pt/0 [일봉]
030200  KT        53,500    0.0    +0.0%    0.0x     중간  1.77  0pt/0 [일봉]
003490  대한항공      25,900   86.1    -3.4%    0.4x     하단  5.31  1pt/0 [5분]
004020  현대제철      39,350    0.0    +0.0%    0.0x     중간  2.18  0pt/0 [일봉]
078930  GS        73,800    0.0    +0.0%    0.0x     중간  0.35  0pt/0 [일봉]

══════════════════════════════════════════════════
→ 전종목 HOLD
✅ Discord 전송 완료

[10:48] HOLD | KODEX RSI69/+4.6%⬆️ | 보유:없음 | 최고신호 HPSP(403870) 1pt/3pt [RSI57]
💰 예수금 95,923원 | KODEX200 RSI69/+4.8% 상승추세⬆️  | 매수기준 점수3pt↑

코드      종목명           가격    RSI     변화율    거래량     BB   호가비  B/S
────────────────────────────────────────────────────────────────────────
[2단계 분석 대상: 403870, 010950, 066970, 003490, 000720]
403870  HPSP      46,350   61.2    -5.0%    0.6x     하단 18.17  2pt/0 [5분]
055550  신한지주      94,600    0.0    +0.0%    0.0x     중간  0.21  0pt/0 [일봉]
011200  HMM       19,940    0.0    +0.0%    0.0x     중간  0.11  0pt/0 [일봉]
015760  한국전력      38,650    0.0    +0.0%    0.0x     중간  2.00  0pt/0 [일봉]
035720  카카오       42,500    0.0    +0.0%    0.0x     중간  1.90  0pt/0 [일봉]
030200  KT        53,500    0.0    +0.0%    0.0x     중간  1.44  0pt/0 [일봉]
003490  대한항공      25,900   85.3    -3.4%    0.4x     하단  5.06  1pt/0 [5분]
004020  현대제철      39,450    0.0    +0.0%    0.0x     중간  1.84  0pt/0 [일봉]
078930  GS        73,800    0.0    +0.0%    0.0x     중간  0.34  0pt/0 [일봉]

══════════════════════════════════════════════════
→ 전종목 HOLD
✅ Discord 전송 완료

[10:50] HOLD | KODEX RSI69/+4.8%⬆️ | 보유:없음 | 최고신호 HPSP(403870) 2pt/3pt [RSI61 / 연속상승]
💰 예수금 95,923원 | KODEX200 RSI69/+4.8% 상승추세⬆️  | 매수기준 점수3pt↑

코드      종목명           가격    RSI     변화율    거래량     BB   호가비  B/S
────────────────────────────────────────────────────────────────────────
[2단계 분석 대상: 403870, 066970, 000720, 010950, 003490]
403870  HPSP      46,250   61.2    -4.8%    0.6x     하단 14.51  2pt/0 [5분]
055550  신한지주      94,800    0.0    +0.0%    0.0x     중간  0.29  0pt/0 [일봉]
011200  HMM       19,940    0.0    +0.0%    0.0x     중간  0.11  0pt/0 [일봉]
015760  한국전력      38,650    0.0    +0.0%    0.0x     중간  2.03  0pt/0 [일봉]
035720  카카오       42,500    0.0    +0.0%    0.0x     중간  1.94  0pt/0 [일봉]
030200  KT        53,500    0.0    +0.0%    0.0x     중간  1.63  0pt/0 [일봉]
003490  대한항공      25,950   85.3    -3.2%    0.4x     하단  3.87  1pt/0 [5분]
004020  현대제철      39,450    0.0    +0.0%    0.0x     중간  1.73  0pt/0 [일봉]
078930  GS        73,800    0.0    +0.0%    0.0x     중간  0.34  0pt/0 [일봉]

══════════════════════════════════════════════════
→ 전종목 HOLD
✅ Discord 전송 완료

[10:52] HOLD | KODEX RSI69/+4.8%⬆️ | 보유:없음 | 최고신호 HPSP(403870) 2pt/3pt [RSI61 / 연속상승]
💰 예수금 95,923원 | KODEX200 RSI69/+4.9% 상승추세⬆️  | 매수기준 점수3pt↑

코드      종목명           가격    RSI     변화율    거래량     BB   호가비  B/S
────────────────────────────────────────────────────────────────────────
[2단계 분석 대상: 066970, 403870, 010950, 003490, 086520]
403870  HPSP      46,300   49.1    -4.9%    0.6x     하단 16.57  2pt/0 [5분]
055550  신한지주      94,500    0.0    +0.0%    0.0x     중간  0.29  0pt/0 [일봉]
011200  HMM       19,950    0.0    +0.0%    0.0x     중간  0.12  0pt/0 [일봉]
015760  한국전력      38,600    0.0    +0.0%    0.0x     중간  2.19  0pt/0 [일봉]
035720  카카오       42,500    0.0    +0.0%    0.0x     중간  1.80  0pt/0 [일봉]
030200  KT        53,500    0.0    +0.0%    0.0x     중간  1.68  0pt/0 [일봉]
003490  대한항공      25,950   82.1    -3.4%    0.4x     하단  4.72  0pt/0 [5분]
004020  현대제철      39,450    0.0    +0.0%    0.0x     중간  2.14  0pt/0 [일봉]
078930  GS        73,500    0.0    +0.0%    0.0x     중간  0.38  0pt/0 [일봉]

══════════════════════════════════════════════════
→ 전종목 HOLD
✅ Discord 전송 완료

[10:54] HOLD | KODEX RSI69/+4.9%⬆️ | 보유:없음 | 최고신호 HPSP(403870) 2pt/3pt [RSI49 / 연속상승]
💰 예수금 95,923원 | KODEX200 RSI69/+5.0% 상승추세⬆️  | 매수기준 점수3pt↑

코드      종목명           가격    RSI     변화율    거래량     BB   호가비  B/S
────────────────────────────────────────────────────────────────────────
[2단계 분석 대상: 066970, 403870, 010950, 086520, 003490]
403870  HPSP      46,350   49.1    -4.8%    0.6x     하단 16.12  2pt/0 [5분]
055550  신한지주      94,700    0.0    +0.0%    0.0x     중간  0.30  0pt/0 [일봉]
011200  HMM       19,960    0.0    +0.0%    0.0x     중간  0.08  0pt/0 [일봉]
015760  한국전력      38,600    0.0    +0.0%    0.0x     중간  2.24  0pt/0 [일봉]
035720  카카오       42,500    0.0    +0.0%    0.0x     중간  1.49  0pt/0 [일봉]
030200  KT        53,500    0.0    +0.0%    0.0x     중간  1.28  0pt/0 [일봉]
003490  대한항공      25,950   82.1    -3.4%    0.4x     하단  3.34  0pt/0 [5분]
004020  현대제철      39,400    0.0    +0.0%    0.0x     중간  1.97  0pt/0 [일봉]
078930  GS        73,500    0.0    +0.0%    0.0x     중간  0.45  0pt/0 [일봉]

══════════════════════════════════════════════════
→ 전종목 HOLD
✅ Discord 전송 완료

[10:56] HOLD | KODEX RSI69/+5.0%⬆️ | 보유:없음 | 최고신호 HPSP(403870) 2pt/3pt [RSI49 / 연속상승]
💰 예수금 95,923원 | KODEX200 RSI70/+5.1% 상승추세⬆️  | 매수기준 점수3pt↑

코드      종목명           가격    RSI     변화율    거래량     BB   호가비  B/S
────────────────────────────────────────────────────────────────────────
[2단계 분석 대상: 403870, 086520, 010950, 003490, 003670]
403870  HPSP      46,300   49.1    -4.9%    0.6x     하단 16.29  2pt/0 [5분]
055550  신한지주      95,000    0.0    +0.0%    0.0x     중간  0.19  0pt/0 [일봉]
011200  HMM       19,960    0.0    +0.0%    0.0x     중간  0.12  0pt/0 [일봉]
015760  한국전력      38,700    0.0    +0.0%    0.0x     중간  2.39  0pt/0 [일봉]
035720  카카오       42,600    0.0    +0.0%    0.0x     중간  0.69  0pt/0 [일봉]
030200  KT        53,700    0.0    +0.0%    0.0x     중간  1.09  0pt/0 [일봉]
003490  대한항공      25,950   82.1    -3.4%    0.4x     하단  3.30  0pt/0 [5분]
004020  현대제철      39,400    0.0    +0.0%    0.0x     중간  1.60  0pt/0 [일봉]
078930  GS        73,500    0.0    +0.0%    0.0x     중간  0.34  0pt/0 [일봉]

══════════════════════════════════════════════════
→ 전종목 HOLD
✅ Discord 전송 완료

[10:58] HOLD | KODEX RSI70/+5.1%⬆️ | 보유:없음 | 최고신호 HPSP(403870) 2pt/3pt [RSI49 / 연속상승]
💰 예수금 95,923원 | KODEX200 RSI70/+5.1% 상승추세⬆️  | 매수기준 점수3pt↑

코드      종목명           가격    RSI     변화율    거래량     BB   호가비  B/S
────────────────────────────────────────────────────────────────────────
[2단계 분석 대상: 403870, 329180, 003490, 010950, 066970]
403870  HPSP      46,200   49.1    -5.1%    0.6x     하단 14.58  1pt/0 [5분]
055550  신한지주      94,800    0.0    +0.0%    0.0x     중간  0.29  0pt/0 [일봉]
011200  HMM       20,050    0.0    +0.0%    0.0x     중간  0.12  0pt/0 [일봉]
015760  한국전력      38,700    0.0    +0.0%    0.0x     중간  2.28  0pt/0 [일봉]
035720  카카오       42,500    0.0    +0.0%    0.0x     중간  1.73  0pt/0 [일봉]
030200  KT        53,600    0.0    +0.0%    0.0x     중간  1.17  0pt/0 [일봉]
003490  대한항공      25,950   70.8    -3.2%    0.4x     하단  4.61  0pt/0 [5분]
004020  현대제철      39,350    0.0    +0.0%    0.0x     중간  1.74  0pt/0 [일봉]
078930  GS        73,600    0.0    +0.0%    0.0x     중간  0.38  0pt/0 [일봉]

══════════════════════════════════════════════════
→ 전종목 HOLD
✅ Discord 전송 완료

[11:00] HOLD | KODEX RSI70/+5.1%⬆️ | 보유:없음 | 최고신호 HPSP(403870) 1pt/3pt [RSI49]
💰 예수금 95,923원 | KODEX200 RSI70/+5.2% 상승추세⬆️  | 매수기준 점수3pt↑

코드      종목명           가격    RSI     변화율    거래량     BB   호가비  B/S
────────────────────────────────────────────────────────────────────────
[2단계 분석 대상: 403870, 000720, 003490, 066970, 010950]
403870  HPSP      46,300   49.1    -4.8%    0.6x     하단 21.06  1pt/0 [5분]
055550  신한지주      94,800    0.0    +0.0%    0.0x     중간  0.37  0pt/0 [일봉]
011200  HMM       20,050    0.0    +0.0%    0.0x     중간  0.14  0pt/0 [일봉]
015760  한국전력      38,700    0.0    +0.0%    0.0x     중간  2.22  0pt/0 [일봉]
035720  카카오       42,600    0.0    +0.0%    0.0x     중간  0.57  0pt/0 [일봉]
030200  KT        53,700    0.0    +0.0%    0.0x     중간  1.08  0pt/0 [일봉]
003490  대한항공      25,950   70.8    -3.2%    0.4x     하단  4.67  0pt/0 [5분]
004020  현대제철      39,350    0.0    +0.0%    0.0x     중간  0.93  0pt/0 [일봉]
078930  GS        73,600    0.0    +0.0%    0.0x     중간  0.39  0pt/0 [일봉]

══════════════════════════════════════════════════
→ 전종목 HOLD
✅ Discord 전송 완료

[11:02] HOLD | KODEX RSI70/+5.2%⬆️ | 보유:없음 | 최고신호 HPSP(403870) 1pt/3pt [RSI49]
💰 예수금 95,923원 | KODEX200 RSI70/+5.3% 상승추세⬆️  | 매수기준 점수3pt↑

코드      종목명           가격    RSI     변화율    거래량     BB   호가비  B/S
────────────────────────────────────────────────────────────────────────
[2단계 분석 대상: 000720, 403870, 066970, 003490, 010950]
403870  HPSP      46,200   50.0    -5.2%    0.6x     하단 15.51  1pt/0 [5분]
055550  신한지주      95,000    0.0    +0.0%    0.0x     중간  0.36  0pt/0 [일봉]
011200  HMM       20,050    0.0    +0.0%    0.0x     중간  0.12  0pt/0 [일봉]
015760  한국전력      38,650    0.0    +0.0%    0.0x     중간  2.38  0pt/0 [일봉]
035720  카카오       42,650    0.0    +0.0%    0.0x     중간  0.55  0pt/0 [일봉]
030200  KT        53,800    0.0    +0.0%    0.0x     중간  0.90  0pt/0 [일봉]
003490  대한항공      25,950   70.8    -3.2%    0.4x     하단  4.54  1pt/0 [5분]
004020  현대제철      39,350    0.0    +0.0%    0.0x     중간  1.83  0pt/0 [일봉]
078930  GS        73,500    0.0    +0.0%    0.0x     중간  0.39  0pt/0 [일봉]

══════════════════════════════════════════════════
→ 전종목 HOLD
✅ Discord 전송 완료

[11:04] HOLD | KODEX RSI70/+5.3%⬆️ | 보유:없음 | 최고신호 HPSP(403870) 1pt/3pt [RSI50]
💰 예수금 95,923원 | KODEX200 RSI69/+4.9% 상승추세⬆️  | 매수기준 점수3pt↑

코드      종목명           가격    RSI     변화율    거래량     BB   호가비  B/S
────────────────────────────────────────────────────────────────────────
[2단계 분석 대상: 403870, 000720, 066970, 003490, 010950]
403870  HPSP      46,200   50.0    -5.1%    0.6x     하단 11.17  1pt/0 [5분]
055550  신한지주      95,000    0.0    +0.0%    0.0x     중간  0.38  0pt/0 [일봉]
011200  HMM       20,050    0.0    +0.0%    0.0x     중간  0.15  0pt/0 [일봉]
015760  한국전력      38,650    0.0    +0.0%    0.0x     중간  2.38  0pt/0 [일봉]
035720  카카오       42,550    0.0    +0.0%    0.0x     중간  0.83  0pt/0 [일봉]
030200  KT        53,800    0.0    +0.0%    0.0x     중간  0.89  0pt/0 [일봉]
003490  대한항공      25,950   70.8    -3.2%    0.4x     하단  4.63  1pt/0 [5분]
004020  현대제철      39,350    0.0    +0.0%    0.0x     중간  1.38  0pt/0 [일봉]
078930  GS        73,500    0.0    +0.0%    0.0x     중간  0.41  0pt/0 [일봉]

══════════════════════════════════════════════════
→ 전종목 HOLD
✅ Discord 전송 완료

[11:06] HOLD | KODEX RSI69/+4.9%⬆️ | 보유:없음 | 최고신호 HPSP(403870) 1pt/3pt [RSI50]
💰 예수금 95,923원 | KODEX200 RSI70/+5.1% 상승추세⬆️  | 매수기준 점수3pt↑

코드      종목명           가격    RSI     변화율    거래량     BB   호가비  B/S
────────────────────────────────────────────────────────────────────────
[2단계 분석 대상: 403870, 066970, 000720, 003490, 003670]
403870  HPSP      46,300   50.0    -5.1%    0.6x     하단 17.00  1pt/0 [5분]
055550  신한지주      95,100    0.0    +0.0%    0.0x     중간  0.23  0pt/0 [일봉]
011200  HMM       20,150    0.0    +0.0%    0.0x     중간  0.23  0pt/0 [일봉]
015760  한국전력      38,750    0.0    +0.0%    0.0x     중간  2.26  0pt/0 [일봉]
035720  카카오       42,600    0.0    +0.0%    0.0x     중간  0.62  0pt/0 [일봉]
030200  KT        53,800    0.0    +0.0%    0.0x     중간  0.82  0pt/0 [일봉]
003490  대한항공      26,000   70.8    -3.0%    0.4x     하단  5.33  1pt/0 [5분]
004020  현대제철      39,450    0.0    +0.0%    0.0x     중간  1.67  0pt/0 [일봉]
078930  GS        73,500    0.0    +0.0%    0.0x     중간  0.52  0pt/0 [일봉]

══════════════════════════════════════════════════
→ 전종목 HOLD
✅ Discord 전송 완료

[11:08] HOLD | KODEX RSI70/+5.1%⬆️ | 보유:없음 | 최고신호 HPSP(403870) 1pt/3pt [RSI50]
💰 예수금 95,923원 | KODEX200 RSI70/+5.2% 상승추세⬆️  | 매수기준 점수3pt↑

코드      종목명           가격    RSI     변화율    거래량     BB   호가비  B/S
────────────────────────────────────────────────────────────────────────
[2단계 분석 대상: 403870, 066970, 000720, 086520, 329180]
403870  HPSP      46,250   56.2    -4.9%    0.6x     하단 15.23  1pt/0 [5분]
055550  신한지주      94,800    0.0    +0.0%    0.0x     중간  0.26  0pt/0 [일봉]
011200  HMM       20,150    0.0    +0.0%    0.0x     중간  0.24  0pt/0 [일봉]
015760  한국전력      38,750    0.0    +0.0%    0.0x     중간  2.08  0pt/0 [일봉]
035720  카카오       42,550    0.0    +0.0%    0.0x     중간  0.69  0pt/0 [일봉]
030200  KT        53,800    0.0    +0.0%    0.0x     중간  0.86  0pt/0 [일봉]
003490  대한항공      26,000    0.0    +0.0%    0.0x     중간  3.01  0pt/0 [일봉]
004020  현대제철      39,350    0.0    +0.0%    0.0x     중간  1.82  0pt/0 [일봉]
078930  GS        73,400    0.0    +0.0%    0.0x     중간  0.33  0pt/0 [일봉]

══════════════════════════════════════════════════
→ 전종목 HOLD
✅ Discord 전송 완료

[11:10] HOLD | KODEX RSI70/+5.2%⬆️ | 보유:없음 | 최고신호 HPSP(403870) 1pt/3pt [RSI56]
💰 예수금 95,923원 | KODEX200 RSI70/+5.2% 상승추세⬆️  | 매수기준 점수3pt↑

코드      종목명           가격    RSI     변화율    거래량     BB   호가비  B/S
────────────────────────────────────────────────────────────────────────
[2단계 분석 대상: 403870, 000720, 066970, 086520, 329180]
403870  HPSP      46,200   56.2    -5.0%    0.6x     하단 13.44  1pt/0 [5분]
055550  신한지주      94,700    0.0    +0.0%    0.0x     중간  0.49  0pt/0 [일봉]
011200  HMM       20,100    0.0    +0.0%    0.0x     중간  0.26  0pt/0 [일봉]
015760  한국전력      38,750    0.0    +0.0%    0.0x     중간  1.93  0pt/0 [일봉]
035720  카카오       42,500    0.0    +0.0%    0.0x     중간  1.33  0pt/0 [일봉]
030200  KT        53,900    0.0    +0.0%    0.0x     중간  0.70  0pt/0 [일봉]
003490  대한항공      26,000    0.0    +0.0%    0.0x     중간  3.66  0pt/0 [일봉]
004020  현대제철      39,300    0.0    +0.0%    0.0x     중간  2.11  0pt/0 [일봉]
078930  GS        73,400    0.0    +0.0%    0.0x     중간  0.30  0pt/0 [일봉]

══════════════════════════════════════════════════
→ 전종목 HOLD
✅ Discord 전송 완료

[11:12] HOLD | KODEX RSI70/+5.2%⬆️ | 보유:없음 | 최고신호 HPSP(403870) 1pt/3pt [RSI56]
💰 예수금 95,923원 | KODEX200 RSI70/+5.3% 상승추세⬆️  | 매수기준 점수3pt↑

코드      종목명           가격    RSI     변화율    거래량     BB   호가비  B/S
────────────────────────────────────────────────────────────────────────
[2단계 분석 대상: 000720, 403870, 066970, 086520, 003490]
403870  HPSP      46,200   52.9    -5.1%    0.6x     하단 11.40  1pt/0 [5분]
055550  신한지주      94,700    0.0    +0.0%    0.0x     중간  0.55  0pt/0 [일봉]
011200  HMM       20,100    0.0    +0.0%    0.0x     중간  0.19  0pt/0 [일봉]
015760  한국전력      38,750    0.0    +0.0%    0.0x     중간  1.96  0pt/0 [일봉]
035720  카카오       42,500    0.0    +0.0%    0.0x     중간  1.26  0pt/0 [일봉]
030200  KT        53,900    0.0    +0.0%    0.0x     중간  0.83  0pt/0 [일봉]
003490  대한항공      26,000   43.8    -3.2%    0.4x     하단  3.79  0pt/0 [5분]
004020  현대제철      39,350    0.0    +0.0%    0.0x     중간  1.81  0pt/0 [일봉]
078930  GS        73,300    0.0    +0.0%    0.0x     중간  0.19  0pt/0 [일봉]

══════════════════════════════════════════════════
→ 전종목 HOLD
✅ Discord 전송 완료

[11:14] HOLD | KODEX RSI70/+5.3%⬆️ | 보유:없음 | 최고신호 HPSP(403870) 1pt/3pt [RSI53]
💰 예수금 95,923원 | KODEX200 RSI70/+5.3% 상승추세⬆️  | 매수기준 점수3pt↑

코드      종목명           가격    RSI     변화율    거래량     BB   호가비  B/S
────────────────────────────────────────────────────────────────────────
[2단계 분석 대상: 000720, 403870, 066970, 086520, 032830]
403870  HPSP      46,200   52.9    -5.1%    0.6x     하단 12.98  1pt/0 [5분]
055550  신한지주      94,700    0.0    +0.0%    0.0x     중간  0.49  0pt/0 [일봉]
011200  HMM       20,100    0.0    +0.0%    0.0x     중간  0.18  0pt/0 [일봉]
015760  한국전력      38,750    0.0    +0.0%    0.0x     중간  1.93  0pt/0 [일봉]
035720  카카오       42,500    0.0    +0.0%    0.0x     중간  1.32  0pt/0 [일봉]
030200  KT        53,800    0.0    +0.0%    0.0x     중간  0.97  0pt/0 [일봉]
003490  대한항공      26,100    0.0    +0.0%    0.0x     중간  3.16  0pt/0 [일봉]
004020  현대제철      39,350    0.0    +0.0%    0.0x     중간  1.49  0pt/0 [일봉]
078930  GS        73,300    0.0    +0.0%    0.0x     중간  0.26  0pt/0 [일봉]

══════════════════════════════════════════════════
→ 전종목 HOLD
✅ Discord 전송 완료

[11:16] HOLD | KODEX RSI70/+5.3%⬆️ | 보유:없음 | 최고신호 HPSP(403870) 1pt/3pt [RSI53]
💰 예수금 95,923원 | KODEX200 RSI70/+5.2% 상승추세⬆️  | 매수기준 점수3pt↑

코드      종목명           가격    RSI     변화율    거래량     BB   호가비  B/S
────────────────────────────────────────────────────────────────────────
[2단계 분석 대상: 403870, 066970, 000720, 086520, 032830]
403870  HPSP      46,250   52.9    -4.7%    0.6x     하단 14.65  1pt/0 [5분]
055550  신한지주      94,800    0.0    +0.0%    0.0x     중간  0.36  0pt/0 [일봉]
011200  HMM       20,100    0.0    +0.0%    0.0x     중간  0.17  0pt/0 [일봉]
015760  한국전력      38,750    0.0    +0.0%    0.0x     중간  1.89  0pt/0 [일봉]
035720  카카오       42,500    0.0    +0.0%    0.0x     중간  0.94  0pt/0 [일봉]
030200  KT        53,800    0.0    +0.0%    0.0x     중간  0.96  0pt/0 [일봉]
003490  대한항공      26,050    0.0    +0.0%    0.0x     중간  2.81  0pt/0 [일봉]
004020  현대제철      39,300    0.0    +0.0%    0.0x     중간  2.03  0pt/0 [일봉]
078930  GS        73,300    0.0    +0.0%    0.0x     중간  0.34  0pt/0 [일봉]

══════════════════════════════════════════════════
→ 전종목 HOLD
✅ Discord 전송 완료

[11:18] HOLD | KODEX RSI70/+5.2%⬆️ | 보유:없음 | 최고신호 HPSP(403870) 1pt/3pt [RSI53]
💰 예수금 95,923원 | KODEX200 RSI70/+5.2% 상승추세⬆️  | 매수기준 점수3pt↑

코드      종목명           가격    RSI     변화율    거래량     BB   호가비  B/S
────────────────────────────────────────────────────────────────────────
[2단계 분석 대상: 403870, 066970, 000720, 086520, 247540]
403870  HPSP      46,400   59.6    -4.6%    0.7x     하단 16.86  2pt/0 [5분]
055550  신한지주      95,000    0.0    +0.0%    0.0x     중간  0.42  0pt/0 [일봉]
011200  HMM       20,100    0.0    +0.0%    0.0x     중간  0.18  0pt/0 [일봉]
015760  한국전력      38,750    0.0    +0.0%    0.0x     중간  1.86  0pt/0 [일봉]
035720  카카오       42,550    0.0    +0.0%    0.0x     중간  0.98  0pt/0 [일봉]
030200  KT        53,700    0.0    +0.0%    0.0x     중간  1.01  0pt/0 [일봉]
003490  대한항공      26,050    0.0    +0.0%    0.0x     중간  2.68  0pt/0 [일봉]
004020  현대제철      39,400    0.0    +0.0%    0.0x     중간  1.73  0pt/0 [일봉]
078930  GS        73,400    0.0    +0.0%    0.0x     중간  0.51  0pt/0 [일봉]

══════════════════════════════════════════════════
→ 전종목 HOLD
✅ Discord 전송 완료

[11:20] HOLD | KODEX RSI70/+5.2%⬆️ | 보유:없음 | 최고신호 HPSP(403870) 2pt/3pt [RSI60 / 연속상승]
💰 예수금 95,923원 | KODEX200 RSI70/+5.1% 상승추세⬆️  | 매수기준 점수3pt↑

코드      종목명           가격    RSI     변화율    거래량     BB   호가비  B/S
────────────────────────────────────────────────────────────────────────
[2단계 분석 대상: 403870, 086520, 032830, 000720, 003490]
403870  HPSP      46,500   59.6    -4.3%    0.7x     하단 20.86  2pt/0 [5분]
055550  신한지주      95,000    0.0    +0.0%    0.0x     중간  0.49  0pt/0 [일봉]
011200  HMM       20,100    0.0    +0.0%    0.0x     중간  0.20  0pt/0 [일봉]
015760  한국전력      39,000    0.0    +0.0%    0.0x     중간  1.52  0pt/0 [일봉]
035720  카카오       42,750    0.0    +0.0%    0.0x     중간  0.73  0pt/0 [일봉]
030200  KT        53,900    0.0    +0.0%    0.0x     중간  0.90  0pt/0 [일봉]
003490  대한항공      26,050   31.2    -2.8%    0.4x     하단  2.70  0pt/0 [5분]
004020  현대제철      39,600    0.0    +0.0%    0.0x     중간  0.76  0pt/0 [일봉]
078930  GS        73,600    0.0    +0.0%    0.0x     중간  0.54  0pt/0 [일봉]

══════════════════════════════════════════════════
→ 전종목 HOLD
✅ Discord 전송 완료

[11:22] HOLD | KODEX RSI70/+5.1%⬆️ | 보유:없음 | 최고신호 HPSP(403870) 2pt/3pt [RSI60 / 연속상승]
💰 예수금 95,923원 | KODEX200 RSI70/+5.2% 상승추세⬆️  | 매수기준 점수3pt↑

코드      종목명           가격    RSI     변화율    거래량     BB   호가비  B/S
────────────────────────────────────────────────────────────────────────
[2단계 분석 대상: 403870, 086520, 066970, 000720, 247540]
403870  HPSP      46,400   63.2    -4.5%    0.7x     하단 15.10  1pt/0 [5분]
055550  신한지주      95,000    0.0    +0.0%    0.0x     중간  0.34  0pt/0 [일봉]
011200  HMM       20,100    0.0    +0.0%    0.0x     중간  0.23  0pt/0 [일봉]
015760  한국전력      39,000    0.0    +0.0%    0.0x     중간  1.37  0pt/0 [일봉]
035720  카카오       42,650    0.0    +0.0%    0.0x     중간  1.09  0pt/0 [일봉]
030200  KT        53,900    0.0    +0.0%    0.0x     중간  0.84  0pt/0 [일봉]
003490  대한항공      26,100    0.0    +0.0%    0.0x     중간  2.37  0pt/0 [일봉]
004020  현대제철      39,500    0.0    +0.0%    0.0x     중간  1.66  0pt/0 [일봉]
078930  GS        73,600    0.0    +0.0%    0.0x     중간  0.57  0pt/0 [일봉]

══════════════════════════════════════════════════
→ 전종목 HOLD
✅ Discord 전송 완료

[11:24] HOLD | KODEX RSI70/+5.2%⬆️ | 보유:없음 | 최고신호 HPSP(403870) 1pt/3pt [RSI63]
💰 예수금 95,923원 | KODEX200 RSI70/+5.2% 상승추세⬆️  | 매수기준 점수3pt↑

코드      종목명           가격    RSI     변화율    거래량     BB   호가비  B/S
────────────────────────────────────────────────────────────────────────
[2단계 분석 대상: 086520, 403870, 000720, 015760, 003490]
403870  HPSP      46,400   63.2    -4.6%    0.7x     하단 14.75  1pt/0 [5분]
055550  신한지주      95,000    0.0    +0.0%    0.0x     중간  0.34  0pt/0 [일봉]
011200  HMM       20,100    0.0    +0.0%    0.0x     중간  0.24  0pt/0 [일봉]
015760  한국전력      38,950   21.4    +0.1%    0.4x     중간  2.93  0pt/0 [5분]
035720  카카오       42,650    0.0    +0.0%    0.0x     중간  1.13  0pt/0 [일봉]
030200  KT        53,900    0.0    +0.0%    0.0x     중간  0.83  0pt/0 [일봉]
003490  대한항공      26,100   38.9    -2.7%    0.4x     하단  2.52  0pt/0 [5분]
004020  현대제철      39,550    0.0    +0.0%    0.0x     중간  0.79  0pt/0 [일봉]
078930  GS        73,600    0.0    +0.0%    0.0x     중간  0.60  0pt/0 [일봉]

══════════════════════════════════════════════════
→ 전종목 HOLD
✅ Discord 전송 완료

[11:26] HOLD | KODEX RSI70/+5.2%⬆️ | 보유:없음 | 최고신호 HPSP(403870) 1pt/3pt [RSI63]
💰 예수금 95,923원 | KODEX200 RSI70/+5.2% 상승추세⬆️  | 매수기준 점수3pt↑

코드      종목명           가격    RSI     변화율    거래량     BB   호가비  B/S
────────────────────────────────────────────────────────────────────────
[2단계 분석 대상: 086520, 403870, 000720, 015760, 066970]
403870  HPSP      46,400   63.2    -4.7%    0.7x     하단 16.33  1pt/0 [5분]
055550  신한지주      94,900    0.0    +0.0%    0.0x     중간  0.24  0pt/0 [일봉]
011200  HMM       20,100    0.0    +0.0%    0.0x     중간  0.23  0pt/0 [일봉]
015760  한국전력      38,950   21.4    +0.0%    0.4x     중간  3.44  0pt/0 [5분]
035720  카카오       42,650    0.0    +0.0%    0.0x     중간  0.95  0pt/0 [일봉]
030200  KT        53,900    0.0    +0.0%    0.0x     중간  0.76  0pt/0 [일봉]
003490  대한항공      26,100    0.0    +0.0%    0.0x     중간  1.39  0pt/0 [일봉]
004020  현대제철      39,500    0.0    +0.0%    0.0x     중간  1.68  0pt/0 [일봉]
078930  GS        73,500    0.0    +0.0%    0.0x     중간  0.57  0pt/0 [일봉]

══════════════════════════════════════════════════
→ 전종목 HOLD
✅ Discord 전송 완료

[11:28] HOLD | KODEX RSI70/+5.2%⬆️ | 보유:없음 | 최고신호 HPSP(403870) 1pt/3pt [RSI63]
💰 예수금 95,923원 | KODEX200 RSI70/+5.4% 상승추세⬆️  | 매수기준 점수3pt↑

코드      종목명           가격    RSI     변화율    거래량     BB   호가비  B/S
────────────────────────────────────────────────────────────────────────
[2단계 분석 대상: 086520, 403870, 066970, 000720, 015760]
403870  HPSP      46,400   51.1    -4.9%    0.7x     하단 13.91  1pt/0 [5분]
055550  신한지주      94,800    0.0    +0.0%    0.0x     중간  0.35  0pt/0 [일봉]
011200  HMM       20,100    0.0    +0.0%    0.0x     중간  0.26  0pt/0 [일봉]
015760  한국전력      38,950   22.5    +0.0%    0.4x     중간  3.58  0pt/0 [5분]
035720  카카오       42,700    0.0    +0.0%    0.0x     중간  0.80  0pt/0 [일봉]
030200  KT        53,600    0.0    +0.0%    0.0x     중간  1.00  0pt/0 [일봉]
003490  대한항공      26,050    0.0    +0.0%    0.0x     중간  2.61  0pt/0 [일봉]
004020  현대제철      39,400    0.0    +0.0%    0.0x     중간  2.97  0pt/0 [일봉]
078930  GS        73,400    0.0    +0.0%    0.0x     중간  0.35  0pt/0 [일봉]

══════════════════════════════════════════════════
→ 전종목 HOLD
✅ Discord 전송 완료

[11:30] HOLD | KODEX RSI70/+5.4%⬆️ | 보유:없음 | 최고신호 HPSP(403870) 1pt/3pt [RSI51]
💰 예수금 95,923원 | KODEX200 RSI70/+5.2% 상승추세⬆️  | 매수기준 점수3pt↑

코드      종목명           가격    RSI     변화율    거래량     BB   호가비  B/S
────────────────────────────────────────────────────────────────────────
[2단계 분석 대상: 086520, 403870, 000720, 066970, 004020]
403870  HPSP      46,300   51.1    -4.5%    0.7x     하단 11.83  1pt/0 [5분]
055550  신한지주      94,600    0.0    +0.0%    0.0x     중간  0.32  0pt/0 [일봉]
011200  HMM       20,050    0.0    +0.0%    0.0x     중간  0.13  0pt/0 [일봉]
015760  한국전력      38,900    0.0    +0.0%    0.0x     중간  3.57  0pt/0 [일봉]
035720  카카오       42,700    0.0    +0.0%    0.0x     중간  0.91  0pt/0 [일봉]
030200  KT        53,600    0.0    +0.0%    0.0x     중간  0.95  0pt/0 [일봉]
003490  대한항공      26,000    0.0    +0.0%    0.0x     중간  3.25  0pt/0 [일봉]
004020  현대제철      39,400   45.8    -2.0%    0.3x     중간  4.35  1pt/0 [5분]
078930  GS        72,900    0.0    +0.0%    0.0x     중간  0.26  0pt/0 [일봉]

══════════════════════════════════════════════════
→ 전종목 HOLD
✅ Discord 전송 완료

[11:32] HOLD | KODEX RSI70/+5.2%⬆️ | 보유:없음 | 최고신호 HPSP(403870) 1pt/3pt [RSI51]
💰 예수금 95,923원 | KODEX200 RSI70/+5.2% 상승추세⬆️  | 매수기준 점수3pt↑

코드      종목명           가격    RSI     변화율    거래량     BB   호가비  B/S
────────────────────────────────────────────────────────────────────────
[2단계 분석 대상: 086520, 403870, 000720, 272210, 066970]
403870  HPSP      46,450   51.1    -4.6%    0.7x     하단 18.38  1pt/0 [5분]
055550  신한지주      94,800    0.0    +0.0%    0.0x     중간  0.21  0pt/0 [일봉]
011200  HMM       20,050    0.0    +0.0%    0.0x     중간  0.14  0pt/0 [일봉]
015760  한국전력      38,900    0.0    +0.0%    0.0x     중간  1.32  0pt/0 [일봉]
035720  카카오       42,700    0.0    +0.0%    0.0x     중간  0.95  0pt/0 [일봉]
030200  KT        53,600    0.0    +0.0%    0.0x     중간  0.96  0pt/0 [일봉]
003490  대한항공      26,000    0.0    +0.0%    0.0x     중간  3.22  0pt/0 [일봉]
004020  현대제철      39,400    0.0    +0.0%    0.0x     중간  4.00  0pt/0 [일봉]
078930  GS        73,100    0.0    +0.0%    0.0x     중간  0.46  0pt/0 [일봉]

══════════════════════════════════════════════════
→ 전종목 HOLD
✅ Discord 전송 완료

[11:34] HOLD | KODEX RSI70/+5.2%⬆️ | 보유:없음 | 최고신호 HPSP(403870) 1pt/3pt [RSI51]
💰 예수금 95,923원 | KODEX200 RSI70/+5.4% 상승추세⬆️  | 매수기준 점수3pt↑

코드      종목명           가격    RSI     변화율    거래량     BB   호가비  B/S
────────────────────────────────────────────────────────────────────────
[2단계 분석 대상: 086520, 403870, 066970, 000720, 003490]
403870  HPSP      46,500   59.3    -4.5%    0.7x     하단 13.79  1pt/0 [5분]
055550  신한지주      95,000    0.0    +0.0%    0.0x     중간  0.25  0pt/0 [일봉]
011200  HMM       20,100    0.0    +0.0%    0.0x     중간  0.23  0pt/0 [일봉]
015760  한국전력      38,950    0.0    +0.0%    0.0x     중간  1.60  0pt/0 [일봉]
035720  카카오       42,800    0.0    +0.0%    0.0x     중간  0.86  0pt/0 [일봉]
030200  KT        53,700    0.0    +0.0%    0.0x     중간  0.85  0pt/0 [일봉]
003490  대한항공      26,050   40.9    -2.9%    0.5x     하단  2.61  0pt/0 [5분]
004020  현대제철      39,550    0.0    +0.0%    0.0x     중간  0.86  0pt/0 [일봉]
078930  GS        73,400    0.0    +0.0%    0.0x     중간  0.45  0pt/0 [일봉]

══════════════════════════════════════════════════
→ 전종목 HOLD
✅ Discord 전송 완료

[11:36] HOLD | KODEX RSI70/+5.4%⬆️ | 보유:없음 | 최고신호 HPSP(403870) 1pt/3pt [RSI59]
💰 예수금 95,923원 | KODEX200 RSI70/+5.5% 상승추세⬆️  | 매수기준 점수3pt↑

코드      종목명           가격    RSI     변화율    거래량     BB   호가비  B/S
────────────────────────────────────────────────────────────────────────
[2단계 분석 대상: 086520, 403870, 000720, 247540, 004020]
403870  HPSP      46,400   59.3    -4.7%    0.7x     하단 11.60  1pt/0 [5분]
055550  신한지주      95,000    0.0    +0.0%    0.0x     중간  0.22  0pt/0 [일봉]
011200  HMM       20,100    0.0    +0.0%    0.0x     중간  0.21  0pt/0 [일봉]
015760  한국전력      39,000    0.0    +0.0%    0.0x     중간  1.43  0pt/0 [일봉]
035720  카카오       42,800    0.0    +0.0%    0.0x     중간  0.91  0pt/0 [일봉]
030200  KT        53,700    0.0    +0.0%    0.0x     중간  0.89  0pt/0 [일봉]
003490  대한항공      26,050    0.0    +0.0%    0.0x     중간  2.61  0pt/0 [일봉]
004020  현대제철      39,450   51.1    -1.9%    0.3x     상단  2.92  2pt/0 [5분]
078930  GS        73,400    0.0    +0.0%    0.0x     중간  0.40  0pt/0 [일봉]

══════════════════════════════════════════════════
→ 전종목 HOLD
✅ Discord 전송 완료

[11:38] HOLD | KODEX RSI70/+5.5%⬆️ | 보유:없음 | 최고신호 현대제철(004020) 2pt/3pt [RSI51 / 연속상승]
💰 예수금 95,923원 | KODEX200 RSI70/+5.4% 상승추세⬆️  | 매수기준 점수3pt↑

코드      종목명           가격    RSI     변화율    거래량     BB   호가비  B/S
────────────────────────────────────────────────────────────────────────
[2단계 분석 대상: 086520, 403870, 000720, 004020, 247540]
403870  HPSP      46,400   62.7    -4.7%    0.7x     하단 13.56  1pt/0 [5분]
055550  신한지주      95,100    0.0    +0.0%    0.0x     중간  0.22  0pt/0 [일봉]
011200  HMM       20,050    0.0    +0.0%    0.0x     중간  0.17  0pt/0 [일봉]
015760  한국전력      39,000    0.0    +0.0%    0.0x     중간  1.18  0pt/0 [일봉]
035720  카카오       42,900    0.0    +0.0%    0.0x     중간  0.69  0pt/0 [일봉]
030200  KT        53,700    0.0    +0.0%    0.0x     중간  0.87  0pt/0 [일봉]
003490  대한항공      26,050    0.0    +0.0%    0.0x     중간  2.55  0pt/0 [일봉]
004020  현대제철      39,400   45.0    -2.0%    0.3x     중간  3.90  1pt/0 [5분]
078930  GS        73,500    0.0    +0.0%    0.0x     중간  0.45  0pt/0 [일봉]

══════════════════════════════════════════════════
→ 전종목 HOLD
✅ Discord 전송 완료

[11:40] HOLD | KODEX RSI70/+5.4%⬆️ | 보유:없음 | 최고신호 HPSP(403870) 1pt/3pt [RSI63]
💰 예수금 95,923원 | KODEX200 RSI70/+5.3% 상승추세⬆️  | 매수기준 점수3pt↑

코드      종목명           가격    RSI     변화율    거래량     BB   호가비  B/S
────────────────────────────────────────────────────────────────────────
[2단계 분석 대상: 403870, 086520, 000720, 004020, 066970]
403870  HPSP      46,500   62.7    -4.3%    0.7x     하단 20.63  1pt/0 [5분]
055550  신한지주      95,000    0.0    +0.0%    0.0x     중간  0.20  0pt/0 [일봉]
011200  HMM       20,050    0.0    +0.0%    0.0x     중간  0.17  0pt/0 [일봉]
015760  한국전력      38,950    0.0    +0.0%    0.0x     중간  1.46  0pt/0 [일봉]
035720  카카오       42,950    0.0    +0.0%    0.0x     중간  0.46  0pt/0 [일봉]
030200  KT        53,800    0.0    +0.0%    0.0x     중간  0.76  0pt/0 [일봉]
003490  대한항공      26,050    0.0    +0.0%    0.0x     중간  2.63  0pt/0 [일봉]
004020  현대제철      39,350   45.0    -2.0%    0.3x     중간  3.93  1pt/0 [5분]
078930  GS        73,400    0.0    +0.0%    0.0x     중간  0.44  0pt/0 [일봉]

══════════════════════════════════════════════════
→ 전종목 HOLD
✅ Discord 전송 완료

[11:42] HOLD | KODEX RSI70/+5.3%⬆️ | 보유:없음 | 최고신호 HPSP(403870) 1pt/3pt [RSI63]
💰 예수금 95,923원 | KODEX200 RSI70/+5.2% 상승추세⬆️  | 매수기준 점수3pt↑

코드      종목명           가격    RSI     변화율    거래량     BB   호가비  B/S
────────────────────────────────────────────────────────────────────────
[2단계 분석 대상: 086520, 000720, 403870, 010950, 247540]
403870  HPSP      46,600   64.2    -4.3%    0.7x     하단  3.89  1pt/0 [5분]
055550  신한지주      95,000    0.0    +0.0%    0.0x     중간  0.26  0pt/0 [일봉]
011200  HMM       20,050    0.0    +0.0%    0.0x     중간  0.16  0pt/0 [일봉]
015760  한국전력      38,900    0.0    +0.0%    0.0x     중간  1.45  0pt/0 [일봉]
035720  카카오       42,950    0.0    +0.0%    0.0x     중간  0.49  0pt/0 [일봉]
030200  KT        53,800    0.0    +0.0%    0.0x     중간  0.77  0pt/0 [일봉]
003490  대한항공      26,050    0.0    +0.0%    0.0x     중간  2.48  0pt/0 [일봉]
004020  현대제철      39,400    0.0    +0.0%    0.0x     중간  2.77  0pt/0 [일봉]
078930  GS        73,500    0.0    +0.0%    0.0x     중간  0.42  0pt/0 [일봉]

══════════════════════════════════════════════════
→ 전종목 HOLD
✅ Discord 전송 완료

[11:44] HOLD | KODEX RSI70/+5.2%⬆️ | 보유:없음 | 최고신호 HPSP(403870) 1pt/3pt [RSI64]
💰 예수금 95,923원 | KODEX200 RSI70/+5.1% 상승추세⬆️  | 매수기준 점수3pt↑

코드      종목명           가격    RSI     변화율    거래량     BB   호가비  B/S
────────────────────────────────────────────────────────────────────────
[2단계 분석 대상: 086520, 000720, 403870, 247540, 010950]
403870  HPSP      46,600   64.2    -4.4%    0.7x     하단  3.61  1pt/0 [5분]
055550  신한지주      95,000    0.0    +0.0%    0.0x     중간  0.36  0pt/0 [일봉]
011200  HMM       20,050    0.0    +0.0%    0.0x     중간  0.15  0pt/0 [일봉]
015760  한국전력      38,950    0.0    +0.0%    0.0x     중간  1.73  0pt/0 [일봉]
035720  카카오       43,100    0.0    +0.0%    0.0x     중간  0.44  0pt/0 [일봉]
030200  KT        53,900    0.0    +0.0%    0.0x     중간  0.64  0pt/0 [일봉]
003490  대한항공      26,050    0.0    +0.0%    0.0x     중간  2.53  0pt/0 [일봉]
004020  현대제철      39,400    0.0    +0.0%    0.0x     중간  2.82  0pt/0 [일봉]
078930  GS        73,500    0.0    +0.0%    0.0x     중간  0.43  0pt/0 [일봉]

══════════════════════════════════════════════════
→ 전종목 HOLD
✅ Discord 전송 완료

[11:46] HOLD | KODEX RSI70/+5.1%⬆️ | 보유:없음 | 최고신호 HPSP(403870) 1pt/3pt [RSI64]
💰 예수금 95,923원 | KODEX200 RSI69/+5.0% 상승추세⬆️  | 매수기준 점수3pt↑

코드      종목명           가격    RSI     변화율    거래량     BB   호가비  B/S
────────────────────────────────────────────────────────────────────────
[2단계 분석 대상: 086520, 403870, 000720, 247540, 017670]
403870  HPSP      46,550   64.2    -4.3%    0.7x     하단  5.70  1pt/0 [5분]
055550  신한지주      95,200    0.0    +0.0%    0.0x     중간  0.34  0pt/0 [일봉]
011200  HMM       20,050    0.0    +0.0%    0.0x     중간  0.15  0pt/0 [일봉]
015760  한국전력      38,950    0.0    +0.0%    0.0x     중간  1.41  0pt/0 [일봉]
035720  카카오       42,900    0.0    +0.0%    0.0x     중간  1.03  0pt/0 [일봉]
030200  KT        53,800    0.0    +0.0%    0.0x     중간  0.72  0pt/0 [일봉]
003490  대한항공      26,050    0.0    +0.0%    0.0x     중간  2.54  0pt/0 [일봉]
004020  현대제철      39,400    0.0    +0.0%    0.0x     중간  2.76  0pt/0 [일봉]
078930  GS        73,500    0.0    +0.0%    0.0x     중간  0.39  0pt/0 [일봉]

══════════════════════════════════════════════════
→ 전종목 HOLD
✅ Discord 전송 완료

[11:48] HOLD | KODEX RSI69/+5.0%⬆️ | 보유:없음 | 최고신호 HPSP(403870) 1pt/3pt [RSI64]
💰 예수금 95,923원 | KODEX200 RSI69/+5.0% 상승추세⬆️  | 매수기준 점수3pt↑

코드      종목명           가격    RSI     변화율    거래량     BB   호가비  B/S
────────────────────────────────────────────────────────────────────────
[2단계 분석 대상: 086520, 000720, 403870, 004020, 247540]
403870  HPSP      46,600   75.6    -4.3%    0.7x     하단  3.39  0pt/0 [5분]
055550  신한지주      95,100    0.0    +0.0%    0.0x     중간  0.21  0pt/0 [일봉]
011200  HMM       20,050    0.0    +0.0%    0.0x     중간  0.14  0pt/0 [일봉]
015760  한국전력      38,950    0.0    +0.0%    0.0x     중간  1.40  0pt/0 [일봉]
035720  카카오       42,900    0.0    +0.0%    0.0x     중간  1.23  0pt/0 [일봉]
030200  KT        53,900    0.0    +0.0%    0.0x     중간  0.69  0pt/0 [일봉]
003490  대한항공      26,050    0.0    +0.0%    0.0x     중간  2.73  0pt/0 [일봉]
004020  현대제철      39,400   45.5    -2.0%    0.3x     중간  3.10  1pt/0 [5분]
078930  GS        73,700    0.0    +0.0%    0.0x     중간  0.44  0pt/0 [일봉]

══════════════════════════════════════════════════
→ 전종목 HOLD
✅ Discord 전송 완료

[11:50] HOLD | KODEX RSI69/+5.0%⬆️ | 보유:없음 | 최고신호 현대제철(004020) 1pt/3pt [RSI46]
💰 예수금 95,923원 | KODEX200 RSI69/+4.9% 상승추세⬆️  | 매수기준 점수3pt↑

코드      종목명           가격    RSI     변화율    거래량     BB   호가비  B/S
────────────────────────────────────────────────────────────────────────
[2단계 분석 대상: 086520, 000720, 004020, 247540, 003670]
403870  HPSP      46,700    0.0    +0.0%    0.0x     중간  2.01  0pt/0 [일봉]
055550  신한지주      95,100    0.0    +0.0%    0.0x     중간  0.29  0pt/0 [일봉]
011200  HMM       20,050    0.0    +0.0%    0.0x     중간  0.13  0pt/0 [일봉]
015760  한국전력      38,950    0.0    +0.0%    0.0x     중간  1.46  0pt/0 [일봉]
035720  카카오       43,100    0.0    +0.0%    0.0x     중간  0.58  0pt/0 [일봉]
030200  KT        53,900    0.0    +0.0%    0.0x     중간  0.70  0pt/0 [일봉]
003490  대한항공      26,100    0.0    +0.0%    0.0x     중간  2.36  0pt/0 [일봉]
004020  현대제철      39,350   45.5    -2.2%    0.3x     중간  2.75  1pt/0 [5분]
078930  GS        73,700    0.0    +0.0%    0.0x     중간  0.47  0pt/0 [일봉]

══════════════════════════════════════════════════
→ 전종목 HOLD
✅ Discord 전송 완료

[11:52] HOLD | KODEX RSI69/+4.9%⬆️ | 보유:없음 | 최고신호 현대제철(004020) 1pt/3pt [RSI46]
💰 예수금 95,923원 | KODEX200 RSI69/+4.9% 상승추세⬆️  | 매수기준 점수3pt↑

코드      종목명           가격    RSI     변화율    거래량     BB   호가비  B/S
────────────────────────────────────────────────────────────────────────
[2단계 분석 대상: 086520, 403870, 000720, 004020, 003490]
403870  HPSP      46,600   69.6    -4.3%    0.7x     하단  4.72  0pt/0 [5분]
055550  신한지주      95,100    0.0    +0.0%    0.0x     중간  0.36  0pt/0 [일봉]
011200  HMM       20,050    0.0    +0.0%    0.0x     중간  0.14  0pt/0 [일봉]
015760  한국전력      39,000    0.0    +0.0%    0.0x     중간  1.61  0pt/0 [일봉]
035720  카카오       43,150    0.0    +0.0%    0.0x     중간  0.27  0pt/0 [일봉]
030200  KT        53,800    0.0    +0.0%    0.0x     중간  0.77  0pt/0 [일봉]
003490  대한항공      26,100   50.0    -2.8%    0.5x     하단  2.92  1pt/0 [5분]
004020  현대제철      39,350   50.0    -2.0%    0.4x     중간  2.97  1pt/0 [5분]
078930  GS        73,700    0.0    +0.0%    0.0x     중간  0.36  0pt/0 [일봉]

══════════════════════════════════════════════════
→ 전종목 HOLD
✅ Discord 전송 완료

[11:54] HOLD | KODEX RSI69/+4.9%⬆️ | 보유:없음 | 최고신호 대한항공(003490) 1pt/3pt [RSI50]
💰 예수금 95,923원 | KODEX200 RSI69/+5.0% 상승추세⬆️  | 매수기준 점수3pt↑

코드      종목명           가격    RSI     변화율    거래량     BB   호가비  B/S
────────────────────────────────────────────────────────────────────────
[2단계 분석 대상: 086520, 004020, 403870, 000720, 003490]
403870  HPSP      46,600   69.6    -4.3%    0.7x     하단  3.70  0pt/0 [5분]
055550  신한지주      94,800    0.0    +0.0%    0.0x     중간  0.30  0pt/0 [일봉]
011200  HMM       20,050    0.0    +0.0%    0.0x     중간  0.14  0pt/0 [일봉]
015760  한국전력      39,000    0.0    +0.0%    0.0x     중간  1.49  0pt/0 [일봉]
035720  카카오       43,050    0.0    +0.0%    0.0x     중간  0.43  0pt/0 [일봉]
030200  KT        53,800    0.0    +0.0%    0.0x     중간  0.81  0pt/0 [일봉]
003490  대한항공      26,050   50.0    -2.8%    0.5x     하단  3.45  1pt/0 [5분]
004020  현대제철      39,250   50.0    -2.2%    0.4x     중간  5.55  1pt/0 [5분]
078930  GS        73,500    0.0    +0.0%    0.0x     중간  0.56  0pt/0 [일봉]

══════════════════════════════════════════════════
→ 전종목 HOLD
✅ Discord 전송 완료

[11:56] HOLD | KODEX RSI69/+5.0%⬆️ | 보유:없음 | 최고신호 대한항공(003490) 1pt/3pt [RSI50]
💰 예수금 95,923원 | KODEX200 RSI70/+5.2% 상승추세⬆️  | 매수기준 점수3pt↑

코드      종목명           가격    RSI     변화율    거래량     BB   호가비  B/S
────────────────────────────────────────────────────────────────────────
[2단계 분석 대상: 086520, 403870, 004020, 000720, 010950]
403870  HPSP      46,550   69.6    -4.5%    0.7x     하단  7.07  0pt/0 [5분]
055550  신한지주      94,800    0.0    +0.0%    0.0x     중간  0.31  0pt/0 [일봉]
011200  HMM       19,970    0.0    +0.0%    0.0x     중간  0.09  0pt/0 [일봉]
015760  한국전력      38,950    0.0    +0.0%    0.0x     중간  1.31  0pt/0 [일봉]
035720  카카오       43,000    0.0    +0.0%    0.0x     중간  0.80  0pt/0 [일봉]
030200  KT        53,800    0.0    +0.0%    0.0x     중간  0.84  0pt/0 [일봉]
003490  대한항공      26,050    0.0    +0.0%    0.0x     중간  3.34  0pt/0 [일봉]
004020  현대제철      39,250   50.0    -2.2%    0.4x     중간  6.02  1pt/0 [5분]
078930  GS        73,200    0.0    +0.0%    0.0x     중간  0.42  0pt/0 [일봉]

══════════════════════════════════════════════════
→ 전종목 HOLD
✅ Discord 전송 완료

[11:58] HOLD | KODEX RSI70/+5.2%⬆️ | 보유:없음 | 최고신호 현대제철(004020) 1pt/3pt [RSI50]
💰 예수금 95,923원 | KODEX200 RSI70/+5.3% 상승추세⬆️  | 매수기준 점수3pt↑

코드      종목명           가격    RSI     변화율    거래량     BB   호가비  B/S
────────────────────────────────────────────────────────────────────────
[2단계 분석 대상: 403870, 086520, 004020, 000720, 247540]
403870  HPSP      46,500   71.1    -4.5%    0.7x     하단  9.18  0pt/0 [5분]
055550  신한지주      95,000    0.0    +0.0%    0.0x     중간  0.22  0pt/0 [일봉]
011200  HMM       19,970    0.0    +0.0%    0.0x     중간  0.10  0pt/0 [일봉]
015760  한국전력      38,900    0.0    +0.0%    0.0x     중간  1.41  0pt/0 [일봉]
035720  카카오       43,000    0.0    +0.0%    0.0x     중간  0.80  0pt/0 [일봉]
030200  KT        53,900    0.0    +0.0%    0.0x     중간  0.72  0pt/0 [일봉]
003490  대한항공      26,050    0.0    +0.0%    0.0x     중간  3.28  0pt/0 [일봉]
004020  현대제철      39,250   43.6    -2.2%    0.4x     중간  5.56  0pt/0 [5분]
078930  GS        73,200    0.0    +0.0%    0.0x     중간  0.48  0pt/0 [일봉]

══════════════════════════════════════════════════
→ 전종목 HOLD
✅ Discord 전송 완료

[12:00] HOLD | KODEX RSI70/+5.3%⬆️ | 보유:없음 | 최고신호 HPSP(403870) 0pt/3pt
💰 예수금 95,923원 | KODEX200 RSI70/+5.2% 상승추세⬆️  | 매수기준 점수3pt↑

코드      종목명           가격    RSI     변화율    거래량     BB   호가비  B/S
────────────────────────────────────────────────────────────────────────
[2단계 분석 대상: 403870, 086520, 000720, 003490, 004020]
403870  HPSP      46,500   71.1    -4.4%    0.7x     하단  9.48  0pt/0 [5분]
055550  신한지주      95,000    0.0    +0.0%    0.0x     중간  0.23  0pt/0 [일봉]
011200  HMM       19,980    0.0    +0.0%    0.0x     중간  0.08  0pt/0 [일봉]
015760  한국전력      38,900    0.0    +0.0%    0.0x     중간  1.60  0pt/0 [일봉]
035720  카카오       42,950    0.0    +0.0%    0.0x     중간  0.87  0pt/0 [일봉]
030200  KT        53,900    0.0    +0.0%    0.0x     중간  0.80  0pt/0 [일봉]
003490  대한항공      26,050   33.3    -3.0%    0.5x     하단  3.44  0pt/0 [5분]
004020  현대제철      39,400   43.6    -2.0%    0.4x     중간  3.03  0pt/0 [5분]
078930  GS        73,300    0.0    +0.0%    0.0x     중간  0.46  0pt/0 [일봉]

══════════════════════════════════════════════════
→ 전종목 HOLD
✅ Discord 전송 완료

[12:02] HOLD | KODEX RSI70/+5.2%⬆️ | 보유:없음 | 최고신호 HPSP(403870) 0pt/3pt
💰 예수금 95,923원 | KODEX200 RSI70/+5.4% 상승추세⬆️  | 매수기준 점수3pt↑

코드      종목명           가격    RSI     변화율    거래량     BB   호가비  B/S
────────────────────────────────────────────────────────────────────────
[2단계 분석 대상: 086520, 403870, 066970, 004020, 000720]
403870  HPSP      46,550   62.7    -4.4%    0.7x     하단  8.46  2pt/0 [5분]
055550  신한지주      95,000    0.0    +0.0%    0.0x     중간  0.26  0pt/0 [일봉]
011200  HMM       19,970    0.0    +0.0%    0.0x     중간  0.08  0pt/0 [일봉]
015760  한국전력      38,950    0.0    +0.0%    0.0x     중간  1.77  0pt/0 [일봉]
035720  카카오       43,000    0.0    +0.0%    0.0x     중간  0.81  0pt/0 [일봉]
030200  KT        53,900    0.0    +0.0%    0.0x     중간  0.82  0pt/0 [일봉]
003490  대한항공      26,050    0.0    +0.0%    0.0x     중간  3.42  0pt/0 [일봉]
004020  현대제철      39,300   41.5    -2.1%    0.4x     중간  3.62  1pt/0 [5분]
078930  GS        73,200    0.0    +0.0%    0.0x     중간  0.40  0pt/0 [일봉]

══════════════════════════════════════════════════
→ 전종목 HOLD
✅ Discord 전송 완료

[12:04] HOLD | KODEX RSI70/+5.4%⬆️ | 보유:없음 | 최고신호 HPSP(403870) 2pt/3pt [RSI63 / 연속상승]
💰 예수금 95,923원 | KODEX200 RSI70/+5.5% 상승추세⬆️  | 매수기준 점수3pt↑

코드      종목명           가격    RSI     변화율    거래량     BB   호가비  B/S
────────────────────────────────────────────────────────────────────────
[2단계 분석 대상: 086520, 403870, 066970, 000720, 247540]
403870  HPSP      46,550   62.7    -4.5%    0.7x     하단 11.66  2pt/0 [5분]
055550  신한지주      94,900    0.0    +0.0%    0.0x     중간  0.28  0pt/0 [일봉]
011200  HMM       19,950    0.0    +0.0%    0.0x     중간  0.10  0pt/0 [일봉]
015760  한국전력      38,950    0.0    +0.0%    0.0x     중간  1.66  0pt/0 [일봉]
035720  카카오       42,950    0.0    +0.0%    0.0x     중간  0.93  0pt/0 [일봉]
030200  KT        53,900    0.0    +0.0%    0.0x     중간  0.84  0pt/0 [일봉]
003490  대한항공      26,050    0.0    +0.0%    0.0x     중간  3.42  0pt/0 [일봉]
004020  현대제철      39,300    0.0    +0.0%    0.0x     중간  3.44  0pt/0 [일봉]
078930  GS        73,200    0.0    +0.0%    0.0x     중간  0.45  0pt/0 [일봉]

══════════════════════════════════════════════════
→ 전종목 HOLD
✅ Discord 전송 완료

[12:06] HOLD | KODEX RSI70/+5.5%⬆️ | 보유:없음 | 최고신호 HPSP(403870) 2pt/3pt [RSI63 / 연속상승]
💰 예수금 95,923원 | KODEX200 RSI70/+5.4% 상승추세⬆️  | 매수기준 점수3pt↑

코드      종목명           가격    RSI     변화율    거래량     BB   호가비  B/S
────────────────────────────────────────────────────────────────────────
[2단계 분석 대상: 403870, 086520, 066970, 000720, 003670]
403870  HPSP      46,550   62.7    -4.4%    0.7x     하단 15.45  2pt/0 [5분]
055550  신한지주      94,900    0.0    +0.0%    0.0x     중간  0.29  0pt/0 [일봉]
011200  HMM       19,930    0.0    +0.0%    0.0x     중간  0.20  0pt/0 [일봉]
015760  한국전력      38,950    0.0    +0.0%    0.0x     중간  1.62  0pt/0 [일봉]
035720  카카오       43,000    0.0    +0.0%    0.0x     중간  0.77  0pt/0 [일봉]
030200  KT        54,100    0.0    +0.0%    0.0x     중간  0.92  0pt/0 [일봉]
003490  대한항공      26,050    0.0    +0.0%    0.0x     중간  3.34  0pt/0 [일봉]
004020  현대제철      39,400    0.0    +0.0%    0.0x     중간  3.10  0pt/0 [일봉]
078930  GS        73,200    0.0    +0.0%    0.0x     중간  0.37  0pt/0 [일봉]

══════════════════════════════════════════════════
→ 전종목 HOLD
✅ Discord 전송 완료

[12:08] HOLD | KODEX RSI70/+5.4%⬆️ | 보유:없음 | 최고신호 HPSP(403870) 2pt/3pt [RSI63 / 연속상승]
💰 예수금 95,923원 | KODEX200 RSI70/+5.4% 상승추세⬆️  | 매수기준 점수3pt↑

코드      종목명           가격    RSI     변화율    거래량     BB   호가비  B/S
────────────────────────────────────────────────────────────────────────
[2단계 분석 대상: 403870, 086520, 003670, 000720, 247540]
403870  HPSP      46,500   62.7    -4.5%    0.7x     하단 16.67  1pt/0 [5분]
055550  신한지주      94,900    0.0    +0.0%    0.0x     중간  0.27  0pt/0 [일봉]
011200  HMM       19,960    0.0    +0.0%    0.0x     중간  0.10  0pt/0 [일봉]
015760  한국전력      39,000    0.0    +0.0%    0.0x     중간  1.15  0pt/0 [일봉]
035720  카카오       43,100    0.0    +0.0%    0.0x     중간  0.55  0pt/0 [일봉]
030200  KT        54,100    0.0    +0.0%    0.0x     중간  0.88  0pt/0 [일봉]
003490  대한항공      26,050    0.0    +0.0%    0.0x     중간  3.31  0pt/0 [일봉]
004020  현대제철      39,400    0.0    +0.0%    0.0x     중간  3.24  0pt/0 [일봉]
078930  GS        73,000    0.0    +0.0%    0.0x     중간  0.38  0pt/0 [일봉]

══════════════════════════════════════════════════
→ 전종목 HOLD
✅ Discord 전송 완료

[12:10] HOLD | KODEX RSI70/+5.4%⬆️ | 보유:없음 | 최고신호 HPSP(403870) 1pt/3pt [RSI63]
💰 예수금 95,923원 | KODEX200 RSI70/+5.5% 상승추세⬆️  | 매수기준 점수3pt↑

코드      종목명           가격    RSI     변화율    거래량     BB   호가비  B/S
────────────────────────────────────────────────────────────────────────
[2단계 분석 대상: 086520, 000720, 403870, 003670, 017670]
403870  HPSP      46,600   62.7    -4.2%    0.7x     하단  6.00  1pt/0 [5분]
055550  신한지주      94,800    0.0    +0.0%    0.0x     중간  0.17  0pt/0 [일봉]
011200  HMM       19,970    0.0    +0.0%    0.0x     중간  0.09  0pt/0 [일봉]
015760  한국전력      38,950    0.0    +0.0%    0.0x     중간  1.56  0pt/0 [일봉]
035720  카카오       43,000    0.0    +0.0%    0.0x     중간  0.82  0pt/0 [일봉]
030200  KT        54,200    0.0    +0.0%    0.0x     중간  0.86  0pt/0 [일봉]
003490  대한항공      26,050    0.0    +0.0%    0.0x     중간  3.42  0pt/0 [일봉]
004020  현대제철      40,000    0.0    +0.0%    0.0x     중간  0.47  0pt/0 [일봉]
078930  GS        73,100    0.0    +0.0%    0.0x     중간  0.46  0pt/0 [일봉]

══════════════════════════════════════════════════
→ 전종목 HOLD
✅ Discord 전송 완료

[12:12] HOLD | KODEX RSI70/+5.5%⬆️ | 보유:없음 | 최고신호 HPSP(403870) 1pt/3pt [RSI63]
💰 예수금 95,923원 | KODEX200 RSI70/+5.5% 상승추세⬆️  | 매수기준 점수3pt↑

코드      종목명           가격    RSI     변화율    거래량     BB   호가비  B/S
────────────────────────────────────────────────────────────────────────
[2단계 분석 대상: 086520, 403870, 000720, 003490, 003670]
403870  HPSP      46,600   56.9    -4.3%    0.7x     하단  5.75  1pt/0 [5분]
055550  신한지주      94,800    0.0    +0.0%    0.0x     중간  0.19  0pt/0 [일봉]
011200  HMM       19,930    0.0    +0.0%    0.0x     중간  0.26  0pt/0 [일봉]
015760  한국전력      38,950    0.0    +0.0%    0.0x     중간  1.39  0pt/0 [일봉]
035720  카카오       43,000    0.0    +0.0%    0.0x     중간  0.73  0pt/0 [일봉]
030200  KT        54,100    0.0    +0.0%    0.0x     중간  0.86  0pt/0 [일봉]
003490  대한항공      26,000   28.6    -3.0%    0.5x     하단  4.33  0pt/0 [5분]
004020  현대제철      39,950    0.0    +0.0%    0.0x     중간  0.49  0pt/0 [일봉]
078930  GS        72,800    0.0    +0.0%    0.0x     중간  0.94  0pt/0 [일봉]

══════════════════════════════════════════════════
→ 전종목 HOLD
✅ Discord 전송 완료

[12:14] HOLD | KODEX RSI70/+5.5%⬆️ | 보유:없음 | 최고신호 HPSP(403870) 1pt/3pt [RSI57]
💰 예수금 95,923원 | KODEX200 RSI70/+5.4% 상승추세⬆️  | 매수기준 점수3pt↑

코드      종목명           가격    RSI     변화율    거래량     BB   호가비  B/S
────────────────────────────────────────────────────────────────────────
[2단계 분석 대상: 403870, 086520, 000720, 003490, 247540]
403870  HPSP      46,550   56.9    -4.3%    0.7x     하단 11.63  1pt/0 [5분]
055550  신한지주      94,800    0.0    +0.0%    0.0x     중간  0.18  0pt/0 [일봉]
011200  HMM       19,920    0.0    +0.0%    0.0x     중간  0.80  0pt/0 [일봉]
015760  한국전력      38,900    0.0    +0.0%    0.0x     중간  1.63  0pt/0 [일봉]
035720  카카오       43,100    0.0    +0.0%    0.0x     중간  0.46  0pt/0 [일봉]
030200  KT        54,100    0.0    +0.0%    0.0x     중간  0.85  0pt/0 [일봉]
003490  대한항공      26,000   28.6    -3.2%    0.5x     하단  4.42  0pt/0 [5분]
004020  현대제철      39,900    0.0    +0.0%    0.0x     중간  0.46  0pt/0 [일봉]
078930  GS        72,900    0.0    +0.0%    0.0x     중간  0.95  0pt/0 [일봉]

══════════════════════════════════════════════════
→ 전종목 HOLD
✅ Discord 전송 완료

[12:16] HOLD | KODEX RSI70/+5.4%⬆️ | 보유:없음 | 최고신호 HPSP(403870) 1pt/3pt [RSI57]
💰 예수금 95,923원 | KODEX200 RSI70/+5.4% 상승추세⬆️  | 매수기준 점수3pt↑

코드      종목명           가격    RSI     변화율    거래량     BB   호가비  B/S
────────────────────────────────────────────────────────────────────────
[2단계 분석 대상: 403870, 000720, 086520, 003490, 042660]
403870  HPSP      46,550   56.9    -4.4%    0.7x     하단  8.98  1pt/0 [5분]
055550  신한지주      94,700    0.0    +0.0%    0.0x     중간  0.21  0pt/0 [일봉]
011200  HMM       19,920    0.0    +0.0%    0.0x     중간  0.78  0pt/0 [일봉]
015760  한국전력      38,900    0.0    +0.0%    0.0x     중간  1.59  0pt/0 [일봉]
035720  카카오       43,200    0.0    +0.0%    0.0x     중간  0.38  0pt/0 [일봉]
030200  KT        54,000    0.0    +0.0%    0.0x     중간  0.98  0pt/0 [일봉]
003490  대한항공      26,000   28.6    -3.0%    0.5x     하단  4.42  0pt/0 [5분]
004020  현대제철      39,900    0.0    +0.0%    0.0x     중간  0.59  0pt/0 [일봉]
078930  GS        73,000    0.0    +0.0%    0.0x     중간  1.17  0pt/0 [일봉]

══════════════════════════════════════════════════
→ 전종목 HOLD
✅ Discord 전송 완료

[12:18] HOLD | KODEX RSI70/+5.4%⬆️ | 보유:없음 | 최고신호 HPSP(403870) 1pt/3pt [RSI57]
💰 예수금 95,923원 | KODEX200 RSI70/+5.4% 상승추세⬆️  | 매수기준 점수3pt↑

코드      종목명           가격    RSI     변화율    거래량     BB   호가비  B/S
────────────────────────────────────────────────────────────────────────
[2단계 분석 대상: 403870, 086520, 000720, 042660, 003670]
403870  HPSP      46,550   50.0    -4.3%    0.7x     하단  9.08  1pt/0 [5분]
055550  신한지주      94,900    0.0    +0.0%    0.0x     중간  0.27  0pt/0 [일봉]
011200  HMM       19,890    0.0    +0.0%    0.0x     중간  1.36  0pt/0 [일봉]
015760  한국전력      38,900    0.0    +0.0%    0.0x     중간  1.67  0pt/0 [일봉]
035720  카카오       43,250    0.0    +0.0%    0.0x     중간  0.41  0pt/0 [일봉]
030200  KT        54,000    0.0    +0.0%    0.0x     중간  0.85  0pt/0 [일봉]
003490  대한항공      26,050    0.0    +0.0%    0.0x     중간  3.65  0pt/0 [일봉]
004020  현대제철      40,000    0.0    +0.0%    0.0x     중간  0.37  0pt/0 [일봉]
078930  GS        73,100    0.0    +0.0%    0.0x     중간  0.65  0pt/0 [일봉]

══════════════════════════════════════════════════
→ 전종목 HOLD
✅ Discord 전송 완료

[12:20] HOLD | KODEX RSI70/+5.4%⬆️ | 보유:없음 | 최고신호 HPSP(403870) 1pt/3pt [RSI50]
💰 예수금 95,923원 | KODEX200 RSI70/+5.3% 상승추세⬆️  | 매수기준 점수3pt↑

코드      종목명           가격    RSI     변화율    거래량     BB   호가비  B/S
────────────────────────────────────────────────────────────────────────
[2단계 분석 대상: 403870, 000720, 066970, 086520, 247540]
403870  HPSP      46,550   50.0    -4.4%    0.7x     하단  8.41  1pt/0 [5분]
055550  신한지주      94,900    0.0    +0.0%    0.0x     중간  0.29  0pt/0 [일봉]
011200  HMM       19,880    0.0    +0.0%    0.0x     중간  1.95  0pt/0 [일봉]
015760  한국전력      38,900    0.0    +0.0%    0.0x     중간  1.68  0pt/0 [일봉]
035720  카카오       43,200    0.0    +0.0%    0.0x     중간  0.48  0pt/0 [일봉]
030200  KT        54,000    0.0    +0.0%    0.0x     중간  0.93  0pt/0 [일봉]
003490  대한항공      26,050    0.0    +0.0%    0.0x     중간  3.63  0pt/0 [일봉]
004020  현대제철      39,950    0.0    +0.0%    0.0x     중간  0.50  0pt/0 [일봉]
078930  GS        73,100    0.0    +0.0%    0.0x     중간  0.66  0pt/0 [일봉]

══════════════════════════════════════════════════
→ 전종목 HOLD
✅ Discord 전송 완료

[12:22] HOLD | KODEX RSI70/+5.3%⬆️ | 보유:없음 | 최고신호 HPSP(403870) 1pt/3pt [RSI50]
💰 예수금 95,923원 | KODEX200 RSI70/+5.3% 상승추세⬆️  | 매수기준 점수3pt↑

코드      종목명           가격    RSI     변화율    거래량     BB   호가비  B/S
────────────────────────────────────────────────────────────────────────
[2단계 분석 대상: 403870, 000720, 066970, 086520, 042660]
403870  HPSP      46,550   50.0    -4.4%    0.7x     하단  7.29  1pt/0 [5분]
055550  신한지주      94,800    0.0    +0.0%    0.0x     중간  0.22  0pt/0 [일봉]
011200  HMM       19,880    0.0    +0.0%    0.0x     중간  1.58  0pt/0 [일봉]
015760  한국전력      38,900    0.0    +0.0%    0.0x     중간  1.58  0pt/0 [일봉]
035720  카카오       43,150    0.0    +0.0%    0.0x     중간  0.52  0pt/0 [일봉]
030200  KT        54,100    0.0    +0.0%    0.0x     중간  0.68  0pt/0 [일봉]
003490  대한항공      26,050    0.0    +0.0%    0.0x     중간  3.45  0pt/0 [일봉]
004020  현대제철      39,950    0.0    +0.0%    0.0x     중간  0.52  0pt/0 [일봉]
078930  GS        73,100    0.0    +0.0%    0.0x     중간  0.51  0pt/0 [일봉]

══════════════════════════════════════════════════
→ 전종목 HOLD
✅ Discord 전송 완료

[12:24] HOLD | KODEX RSI70/+5.3%⬆️ | 보유:없음 | 최고신호 HPSP(403870) 1pt/3pt [RSI50]
💰 예수금 95,923원 | KODEX200 RSI70/+5.3% 상승추세⬆️  | 매수기준 점수3pt↑

코드      종목명           가격    RSI     변화율    거래량     BB   호가비  B/S
────────────────────────────────────────────────────────────────────────
[2단계 분석 대상: 403870, 000720, 086520, 003490, 003670]
403870  HPSP      46,500   54.4    -4.4%    0.7x     하단 10.95  2pt/0 [5분]
055550  신한지주      94,800    0.0    +0.0%    0.0x     중간  0.23  0pt/0 [일봉]
011200  HMM       19,880    0.0    +0.0%    0.0x     중간  1.49  0pt/0 [일봉]
015760  한국전력      38,900    0.0    +0.0%    0.0x     중간  1.54  0pt/0 [일봉]
035720  카카오       43,100    0.0    +0.0%    0.0x     중간  0.55  0pt/0 [일봉]
030200  KT        54,100    0.0    +0.0%    0.0x     중간  0.79  0pt/0 [일봉]
003490  대한항공      26,050   28.6    -3.0%    0.5x     하단  3.50  0pt/0 [5분]
004020  현대제철      39,900    0.0    +0.0%    0.0x     중간  0.81  0pt/0 [일봉]
078930  GS        73,200    0.0    +0.0%    0.0x     중간  0.50  0pt/0 [일봉]

══════════════════════════════════════════════════
→ 전종목 HOLD
✅ Discord 전송 완료

[12:26] HOLD | KODEX RSI70/+5.3%⬆️ | 보유:없음 | 최고신호 HPSP(403870) 2pt/3pt [RSI54 / 연속상승]
💰 예수금 95,923원 | KODEX200 RSI70/+5.4% 상승추세⬆️  | 매수기준 점수3pt↑

코드      종목명           가격    RSI     변화율    거래량     BB   호가비  B/S
────────────────────────────────────────────────────────────────────────
[2단계 분석 대상: 403870, 000720, 066970, 086520, 003490]
403870  HPSP      46,550   54.4    -4.4%    0.7x     하단  7.18  2pt/0 [5분]
055550  신한지주      94,800    0.0    +0.0%    0.0x     중간  0.27  0pt/0 [일봉]
011200  HMM       19,880    0.0    +0.0%    0.0x     중간  1.59  0pt/0 [일봉]
015760  한국전력      38,900    0.0    +0.0%    0.0x     중간  1.53  0pt/0 [일봉]
035720  카카오       43,050    0.0    +0.0%    0.0x     중간  0.63  0pt/0 [일봉]
030200  KT        54,100    0.0    +0.0%    0.0x     중간  0.75  0pt/0 [일봉]
003490  대한항공      26,000   28.6    -3.2%    0.5x     하단  4.34  0pt/0 [5분]
004020  현대제철      40,000    0.0    +0.0%    0.0x     중간  0.44  0pt/0 [일봉]
078930  GS        73,300    0.0    +0.0%    0.0x     중간  0.43  0pt/0 [일봉]

══════════════════════════════════════════════════
→ 전종목 HOLD
✅ Discord 전송 완료

[12:28] HOLD | KODEX RSI70/+5.4%⬆️ | 보유:없음 | 최고신호 HPSP(403870) 2pt/3pt [RSI54 / 연속상승]
💰 예수금 95,923원 | KODEX200 RSI70/+5.4% 상승추세⬆️  | 매수기준 점수3pt↑

코드      종목명           가격    RSI     변화율    거래량     BB   호가비  B/S
────────────────────────────────────────────────────────────────────────
[2단계 분석 대상: 403870, 066970, 086520, 000720, 003490]
403870  HPSP      46,550   46.6    -4.4%    0.7x     하단  6.76  1pt/0 [5분]
055550  신한지주      94,800    0.0    +0.0%    0.0x     중간  0.26  0pt/0 [일봉]
011200  HMM       19,890    0.0    +0.0%    0.0x     중간  1.76  0pt/0 [일봉]
015760  한국전력      38,850    0.0    +0.0%    0.0x     중간  1.82  0pt/0 [일봉]
035720  카카오       43,050    0.0    +0.0%    0.0x     중간  0.60  0pt/0 [일봉]
030200  KT        54,100    0.0    +0.0%    0.0x     중간  0.76  0pt/0 [일봉]
003490  대한항공      26,000   42.9    -3.2%    0.5x     하단  4.31  0pt/0 [5분]
004020  현대제철      39,950    0.0    +0.0%    0.0x     중간  0.41  0pt/0 [일봉]
078930  GS        73,200    0.0    +0.0%    0.0x     중간  0.47  0pt/0 [일봉]

══════════════════════════════════════════════════
→ 전종목 HOLD
✅ Discord 전송 완료

[12:30] HOLD | KODEX RSI70/+5.4%⬆️ | 보유:없음 | 최고신호 HPSP(403870) 1pt/3pt [RSI47]
💰 예수금 95,923원 | KODEX200 RSI70/+5.5% 상승추세⬆️  | 매수기준 점수3pt↑

코드      종목명           가격    RSI     변화율    거래량     BB   호가비  B/S
────────────────────────────────────────────────────────────────────────
[2단계 분석 대상: 066970, 403870, 000720, 086520, 003490]
403870  HPSP      46,550   46.6    -4.5%    0.7x     하단  6.50  1pt/0 [5분]
055550  신한지주      94,600    0.0    +0.0%    0.0x     중간  0.24  0pt/0 [일봉]
011200  HMM       19,890    0.0    +0.0%    0.0x     중간  1.83  0pt/0 [일봉]
015760  한국전력      38,850    0.0    +0.0%    0.0x     중간  1.52  0pt/0 [일봉]
035720  카카오       43,000    0.0    +0.0%    0.0x     중간  1.10  0pt/0 [일봉]
030200  KT        54,000    0.0    +0.0%    0.0x     중간  0.97  0pt/0 [일봉]
003490  대한항공      26,000   42.9    -3.2%    0.5x     하단  4.23  0pt/0 [5분]
004020  현대제철      40,000    0.0    +0.0%    0.0x     중간  0.37  0pt/0 [일봉]
078930  GS        73,200    0.0    +0.0%    0.0x     중간  0.50  0pt/0 [일봉]

══════════════════════════════════════════════════
→ 전종목 HOLD
✅ Discord 전송 완료

[12:32] HOLD | KODEX RSI70/+5.5%⬆️ | 보유:없음 | 최고신호 HPSP(403870) 1pt/3pt [RSI47]
💰 예수금 95,923원 | KODEX200 RSI70/+5.5% 상승추세⬆️  | 매수기준 점수3pt↑

코드      종목명           가격    RSI     변화율    거래량     BB   호가비  B/S
────────────────────────────────────────────────────────────────────────
[2단계 분석 대상: 403870, 000720, 247540, 329180, 003490]
403870  HPSP      46,450   46.6    -4.5%    0.8x     하단  9.03  1pt/0 [5분]
055550  신한지주      94,600    0.0    +0.0%    0.0x     중간  0.30  0pt/0 [일봉]
011200  HMM       19,900    0.0    +0.0%    0.0x     중간  1.73  0pt/0 [일봉]
015760  한국전력      38,850    0.0    +0.0%    0.0x     중간  1.52  0pt/0 [일봉]
035720  카카오       43,000    0.0    +0.0%    0.0x     중간  0.98  0pt/0 [일봉]
030200  KT        54,000    0.0    +0.0%    0.0x     중간  0.94  0pt/0 [일봉]
003490  대한항공      26,050   33.3    -3.0%    0.5x     하단  3.37  0pt/0 [5분]
004020  현대제철      40,100    0.0    +0.0%    0.0x     중간  0.28  0pt/0 [일봉]
078930  GS        73,200    0.0    +0.0%    0.0x     중간  0.46  0pt/0 [일봉]

══════════════════════════════════════════════════
→ 전종목 HOLD
✅ Discord 전송 완료

[12:34] HOLD | KODEX RSI70/+5.5%⬆️ | 보유:없음 | 최고신호 HPSP(403870) 1pt/3pt [RSI47]
💰 예수금 95,923원 | KODEX200 RSI70/+5.4% 상승추세⬆️  | 매수기준 점수3pt↑

코드      종목명           가격    RSI     변화율    거래량     BB   호가비  B/S
────────────────────────────────────────────────────────────────────────
[2단계 분석 대상: 403870, 003490, 000720, 066970, 086520]
403870  HPSP      46,450   34.5    -4.5%    0.8x     하단  9.04  0pt/0 [5분]
055550  신한지주      94,600    0.0    +0.0%    0.0x     중간  0.30  0pt/0 [일봉]
011200  HMM       19,890    0.0    +0.0%    0.0x     중간  1.78  0pt/0 [일봉]
015760  한국전력      38,850    0.0    +0.0%    0.0x     중간  1.46  0pt/0 [일봉]
035720  카카오       43,050    0.0    +0.0%    0.0x     중간  0.56  0pt/0 [일봉]
030200  KT        54,000    0.0    +0.0%    0.0x     중간  0.98  0pt/0 [일봉]
003490  대한항공      26,000   33.3    -3.0%    0.5x     하단  4.37  0pt/0 [5분]
004020  현대제철      40,100    0.0    +0.0%    0.0x     중간  0.30  0pt/0 [일봉]
078930  GS        73,400    0.0    +0.0%    0.0x     중간  0.55  0pt/0 [일봉]

══════════════════════════════════════════════════
→ 전종목 HOLD
✅ Discord 전송 완료

[12:36] HOLD | KODEX RSI70/+5.4%⬆️ | 보유:없음 | 최고신호 HPSP(403870) 0pt/3pt
💰 예수금 95,923원 | KODEX200 RSI70/+5.3% 상승추세⬆️  | 매수기준 점수3pt↑

코드      종목명           가격    RSI     변화율    거래량     BB   호가비  B/S
────────────────────────────────────────────────────────────────────────
[2단계 분석 대상: 403870, 066970, 000880, 000720, 086520]
403870  HPSP      46,400   34.5    -4.6%    0.8x     하단 10.24  0pt/0 [5분]
055550  신한지주      94,700    0.0    +0.0%    0.0x     중간  0.22  0pt/0 [일봉]
011200  HMM       19,850    0.0    +0.0%    0.0x     중간  2.25  0pt/0 [일봉]
015760  한국전력      38,800    0.0    +0.0%    0.0x     중간  1.96  0pt/0 [일봉]
035720  카카오       43,050    0.0    +0.0%    0.0x     중간  0.68  0pt/0 [일봉]
030200  KT        53,900    0.0    +0.0%    0.0x     중간  0.99  0pt/0 [일봉]
003490  대한항공      26,000    0.0    +0.0%    0.0x     중간  4.34  0pt/0 [일봉]
004020  현대제철      40,100    0.0    +0.0%    0.0x     중간  0.39  0pt/0 [일봉]
078930  GS        73,300    0.0    +0.0%    0.0x     중간  0.49  0pt/0 [일봉]

══════════════════════════════════════════════════
→ 전종목 HOLD
✅ Discord 전송 완료

[12:38] HOLD | KODEX RSI70/+5.3%⬆️ | 보유:없음 | 최고신호 HPSP(403870) 0pt/3pt
💰 예수금 95,923원 | KODEX200 RSI70/+5.2% 상승추세⬆️  | 매수기준 점수3pt↑

코드      종목명           가격    RSI     변화율    거래량     BB   호가비  B/S
────────────────────────────────────────────────────────────────────────
[2단계 분석 대상: 403870, 086520, 066970, 003490, 000720]
403870  HPSP      46,400   42.4    -4.6%    0.8x     하단 10.79  0pt/0 [5분]
055550  신한지주      94,600    0.0    +0.0%    0.0x     중간  0.25  0pt/0 [일봉]
011200  HMM       19,840    0.0    +0.0%    0.0x     중간  2.79  0pt/0 [일봉]
015760  한국전력      38,800    0.0    +0.0%    0.0x     중간  2.03  0pt/0 [일봉]
035720  카카오       43,000    0.0    +0.0%    0.0x     중간  1.07  0pt/0 [일봉]
030200  KT        53,800    0.0    +0.0%    0.0x     중간  1.07  0pt/0 [일봉]
003490  대한항공      26,000   50.0    -3.2%    0.5x     하단  4.23  1pt/0 [5분]
004020  현대제철      40,050    0.0    +0.0%    0.0x     중간  0.49  0pt/0 [일봉]
078930  GS        73,100    0.0    +0.0%    0.0x     중간  0.43  0pt/0 [일봉]

══════════════════════════════════════════════════
→ 전종목 HOLD
✅ Discord 전송 완료

[12:40] HOLD | KODEX RSI70/+5.2%⬆️ | 보유:없음 | 최고신호 대한항공(003490) 1pt/3pt [RSI50]
💰 예수금 95,923원 | KODEX200 RSI70/+5.2% 상승추세⬆️  | 매수기준 점수3pt↑

코드      종목명           가격    RSI     변화율    거래량     BB   호가비  B/S
────────────────────────────────────────────────────────────────────────
[2단계 분석 대상: 403870, 066970, 003490, 000720, 086520]
403870  HPSP      46,450   42.4    -4.7%    0.8x     하단 10.28  0pt/0 [5분]
055550  신한지주      94,600    0.0    +0.0%    0.0x     중간  0.22  0pt/0 [일봉]
011200  HMM       19,840    0.0    +0.0%    0.0x     중간  2.81  0pt/0 [일봉]
015760  한국전력      38,750    0.0    +0.0%    0.0x     중간  2.47  0pt/0 [일봉]
035720  카카오       42,850    0.0    +0.0%    0.0x     중간  1.40  0pt/0 [일봉]
030200  KT        53,800    0.0    +0.0%    0.0x     중간  1.03  0pt/0 [일봉]
003490  대한항공      25,950   50.0    -3.2%    0.5x     하단  4.51  1pt/0 [5분]
004020  현대제철      40,050    0.0    +0.0%    0.0x     중간  0.42  0pt/0 [일봉]
078930  GS        73,200    0.0    +0.0%    0.0x     중간  0.56  0pt/0 [일봉]

══════════════════════════════════════════════════
→ 전종목 HOLD
✅ Discord 전송 완료

[12:42] HOLD | KODEX RSI70/+5.2%⬆️ | 보유:없음 | 최고신호 대한항공(003490) 1pt/3pt [RSI50]
💰 예수금 95,923원 | KODEX200 RSI70/+5.1% 상승추세⬆️  | 매수기준 점수3pt↑

코드      종목명           가격    RSI     변화율    거래량     BB   호가비  B/S
────────────────────────────────────────────────────────────────────────
[2단계 분석 대상: 403870, 000720, 086520, 066970, 247540]
403870  HPSP      46,450   33.3    -4.6%    0.8x     하단  8.96  0pt/0 [5분]
055550  신한지주      94,800    0.0    +0.0%    0.0x     중간  0.14  0pt/0 [일봉]
011200  HMM       19,850    0.0    +0.0%    0.0x     중간  2.72  0pt/0 [일봉]
015760  한국전력      38,750    0.0    +0.0%    0.0x     중간  2.30  0pt/0 [일봉]
035720  카카오       42,800    0.0    +0.0%    0.0x     중간  1.75  0pt/0 [일봉]
030200  KT        53,800    0.0    +0.0%    0.0x     중간  1.10  0pt/0 [일봉]
003490  대한항공      25,950    0.0    +0.0%    0.0x     중간  3.36  0pt/0 [일봉]
004020  현대제철      40,050    0.0    +0.0%    0.0x     중간  0.41  0pt/0 [일봉]
078930  GS        73,100    0.0    +0.0%    0.0x     중간  0.58  0pt/0 [일봉]

══════════════════════════════════════════════════
→ 전종목 HOLD
✅ Discord 전송 완료

[12:44] HOLD | KODEX RSI70/+5.1%⬆️ | 보유:없음 | 최고신호 HPSP(403870) 0pt/3pt
💰 예수금 95,923원 | KODEX200 RSI69/+4.9% 상승추세⬆️  | 매수기준 점수3pt↑

코드      종목명           가격    RSI     변화율    거래량     BB   호가비  B/S
────────────────────────────────────────────────────────────────────────
[2단계 분석 대상: 000720, 403870, 066970, 086520, 247540]
403870  HPSP      46,450   33.3    -4.5%    0.8x     하단 10.04  0pt/0 [5분]
055550  신한지주      94,900    0.0    +0.0%    0.0x     중간  0.15  0pt/0 [일봉]
011200  HMM       19,840    0.0    +0.0%    0.0x     중간  2.65  0pt/0 [일봉]
015760  한국전력      38,700    0.0    +0.0%    0.0x     중간  2.43  0pt/0 [일봉]
035720  카카오       42,800    0.0    +0.0%    0.0x     중간  1.87  0pt/0 [일봉]
030200  KT        53,700    0.0    +0.0%    0.0x     중간  1.07  0pt/0 [일봉]
003490  대한항공      25,950    0.0    +0.0%    0.0x     중간  3.17  0pt/0 [일봉]
004020  현대제철      39,950    0.0    +0.0%    0.0x     중간  0.48  0pt/0 [일봉]
078930  GS        73,100    0.0    +0.0%    0.0x     중간  0.64  0pt/0 [일봉]

══════════════════════════════════════════════════
→ 전종목 HOLD
✅ Discord 전송 완료

[12:46] HOLD | KODEX RSI69/+4.9%⬆️ | 보유:없음 | 최고신호 HPSP(403870) 0pt/3pt
💰 예수금 95,923원 | KODEX200 RSI70/+5.1% 상승추세⬆️  | 매수기준 점수3pt↑

코드      종목명           가격    RSI     변화율    거래량     BB   호가비  B/S
────────────────────────────────────────────────────────────────────────
[2단계 분석 대상: 403870, 000720, 000880, 066970, 086520]
403870  HPSP      46,500   33.3    -4.4%    0.8x     하단 13.14  0pt/0 [5분]
055550  신한지주      94,800    0.0    +0.0%    0.0x     중간  0.12  0pt/0 [일봉]
011200  HMM       19,840    0.0    +0.0%    0.0x     중간  2.65  0pt/0 [일봉]
015760  한국전력      38,700    0.0    +0.0%    0.0x     중간  2.31  0pt/0 [일봉]
035720  카카오       42,800    0.0    +0.0%    0.0x     중간  1.83  0pt/0 [일봉]
030200  KT        53,700    0.0    +0.0%    0.0x     중간  1.15  0pt/0 [일봉]
003490  대한항공      25,950    0.0    +0.0%    0.0x     중간  3.14  0pt/0 [일봉]
004020  현대제철      39,900    0.0    +0.0%    0.0x     중간  0.72  0pt/0 [일봉]
078930  GS        73,100    0.0    +0.0%    0.0x     중간  0.61  0pt/0 [일봉]

══════════════════════════════════════════════════
→ 전종목 HOLD
✅ Discord 전송 완료

[12:48] HOLD | KODEX RSI70/+5.1%⬆️ | 보유:없음 | 최고신호 HPSP(403870) 0pt/3pt
💰 예수금 95,923원 | KODEX200 RSI70/+5.2% 상승추세⬆️  | 매수기준 점수3pt↑

코드      종목명           가격    RSI     변화율    거래량     BB   호가비  B/S
────────────────────────────────────────────────────────────────────────
[2단계 분석 대상: 403870, 000720, 000880, 086520, 066970]
403870  HPSP      46,500   32.7    -4.4%    0.8x     하단 12.30  0pt/0 [5분]
055550  신한지주      94,700    0.0    +0.0%    0.0x     중간  0.09  0pt/0 [일봉]
011200  HMM       19,830    0.0    +0.0%    0.0x     중간  2.51  0pt/0 [일봉]
015760  한국전력      38,700    0.0    +0.0%    0.0x     중간  2.32  0pt/0 [일봉]
035720  카카오       43,150    0.0    +0.0%    0.0x     중간  0.26  0pt/0 [일봉]
030200  KT        53,900    0.0    +0.0%    0.0x     중간  1.00  0pt/0 [일봉]
003490  대한항공      25,950    0.0    +0.0%    0.0x     중간  3.12  0pt/0 [일봉]
004020  현대제철      39,850    0.0    +0.0%    0.0x     중간  0.84  0pt/0 [일봉]
078930  GS        73,300    0.0    +0.0%    0.0x     중간  0.46  0pt/0 [일봉]

══════════════════════════════════════════════════
→ 전종목 HOLD
✅ Discord 전송 완료

[12:50] HOLD | KODEX RSI70/+5.2%⬆️ | 보유:없음 | 최고신호 HPSP(403870) 0pt/3pt
💰 예수금 95,923원 | KODEX200 RSI70/+5.1% 상승추세⬆️  | 매수기준 점수3pt↑

코드      종목명           가격    RSI     변화율    거래량     BB   호가비  B/S
────────────────────────────────────────────────────────────────────────
[2단계 분석 대상: 403870, 000720, 066970, 000880, 247540]
403870  HPSP      46,550   32.7    -4.5%    0.8x     하단  7.96  0pt/0 [5분]
055550  신한지주      94,900    0.0    +0.0%    0.0x     중간  0.16  0pt/0 [일봉]
011200  HMM       19,820    0.0    +0.0%    0.0x     중간  2.40  0pt/0 [일봉]
015760  한국전력      38,700    0.0    +0.0%    0.0x     중간  2.55  0pt/0 [일봉]
035720  카카오       43,300    0.0    +0.0%    0.0x     중간  0.25  0pt/0 [일봉]
030200  KT        53,900    0.0    +0.0%    0.0x     중간  0.89  0pt/0 [일봉]
003490  대한항공      25,950    0.0    +0.0%    0.0x     중간  3.03  0pt/0 [일봉]
004020  현대제철      39,750    0.0    +0.0%    0.0x     중간  1.22  0pt/0 [일봉]
078930  GS        73,300    0.0    +0.0%    0.0x     중간  0.51  0pt/0 [일봉]

══════════════════════════════════════════════════
→ 전종목 HOLD
✅ Discord 전송 완료

[12:52] HOLD | KODEX RSI70/+5.1%⬆️ | 보유:없음 | 최고신호 HPSP(403870) 0pt/3pt
💰 예수금 95,923원 | KODEX200 RSI69/+4.9% 상승추세⬆️  | 매수기준 점수3pt↑

코드      종목명           가격    RSI     변화율    거래량     BB   호가비  B/S
────────────────────────────────────────────────────────────────────────
[2단계 분석 대상: 403870, 000720, 066970, 000880, 000150]
403870  HPSP      46,500   26.0    -4.5%    0.8x     하단 12.46  0pt/0 [5분]
055550  신한지주      94,900    0.0    +0.0%    0.0x     중간  0.14  0pt/0 [일봉]
011200  HMM       19,820    0.0    +0.0%    0.0x     중간  2.32  0pt/0 [일봉]
015760  한국전력      38,750    0.0    +0.0%    0.0x     중간  2.52  0pt/0 [일봉]
035720  카카오       43,200    0.0    +0.0%    0.0x     중간  0.39  0pt/0 [일봉]
030200  KT        53,900    0.0    +0.0%    0.0x     중간  0.97  0pt/0 [일봉]
003490  대한항공      25,950    0.0    +0.0%    0.0x     중간  3.26  0pt/0 [일봉]
004020  현대제철      39,800    0.0    +0.0%    0.0x     중간  0.54  0pt/0 [일봉]
078930  GS        73,300    0.0    +0.0%    0.0x     중간  0.44  0pt/0 [일봉]

══════════════════════════════════════════════════
→ 전종목 HOLD
✅ Discord 전송 완료

[12:54] HOLD | KODEX RSI69/+4.9%⬆️ | 보유:없음 | 최고신호 HPSP(403870) 0pt/3pt
💰 예수금 95,923원 | KODEX200 RSI69/+4.8% 상승추세⬆️  | 매수기준 점수3pt↑

코드      종목명           가격    RSI     변화율    거래량     BB   호가비  B/S
────────────────────────────────────────────────────────────────────────
[2단계 분석 대상: 403870, 066970, 000720, 000880, 096770]
403870  HPSP      46,450   26.0    -4.4%    0.8x     하단 10.23  0pt/0 [5분]
055550  신한지주      95,100    0.0    +0.0%    0.0x     중간  0.18  0pt/0 [일봉]
011200  HMM       19,820    0.0    +0.0%    0.0x     중간  2.36  0pt/0 [일봉]
015760  한국전력      38,700    0.0    +0.0%    0.0x     중간  3.12  0pt/0 [일봉]
035720  카카오       43,300    0.0    +0.0%    0.0x     중간  0.22  0pt/0 [일봉]
030200  KT        53,800    0.0    +0.0%    0.0x     중간  1.08  0pt/0 [일봉]
003490  대한항공      25,950    0.0    +0.0%    0.0x     중간  3.35  0pt/0 [일봉]
004020  현대제철      39,750    0.0    +0.0%    0.0x     중간  0.95  0pt/0 [일봉]
078930  GS        73,200    0.0    +0.0%    0.0x     중간  0.53  0pt/0 [일봉]

══════════════════════════════════════════════════
→ 전종목 HOLD
✅ Discord 전송 완료

[12:56] HOLD | KODEX RSI69/+4.8%⬆️ | 보유:없음 | 최고신호 HPSP(403870) 0pt/3pt
💰 예수금 95,923원 | KODEX200 RSI69/+4.7% 상승추세⬆️  | 매수기준 점수3pt↑

코드      종목명           가격    RSI     변화율    거래량     BB   호가비  B/S
────────────────────────────────────────────────────────────────────────
[2단계 분석 대상: 403870, 000720, 066970, 086520, 000880]
403870  HPSP      46,450   26.0    -4.5%    0.8x     하단 10.28  0pt/0 [5분]
055550  신한지주      95,300    0.0    +0.0%    0.0x     중간  0.24  0pt/0 [일봉]
011200  HMM       19,810    0.0    +0.0%    0.0x     중간  2.10  0pt/0 [일봉]
015760  한국전력      38,700    0.0    +0.0%    0.0x     중간  2.80  0pt/0 [일봉]
035720  카카오       43,450    0.0    +0.0%    0.0x     중간  0.20  0pt/0 [일봉]
030200  KT        53,800    0.0    +0.0%    0.0x     중간  1.21  0pt/0 [일봉]
003490  대한항공      25,950    0.0    +0.0%    0.0x     중간  3.37  0pt/0 [일봉]
004020  현대제철      39,750    0.0    +0.0%    0.0x     중간  0.79  0pt/0 [일봉]
078930  GS        73,200    0.0    +0.0%    0.0x     중간  0.62  0pt/0 [일봉]

══════════════════════════════════════════════════
→ 전종목 HOLD
✅ Discord 전송 완료

[12:58] HOLD | KODEX RSI69/+4.7%⬆️ | 보유:없음 | 최고신호 HPSP(403870) 0pt/3pt
💰 예수금 95,923원 | KODEX200 RSI69/+4.9% 상승추세⬆️  | 매수기준 점수3pt↑

코드      종목명           가격    RSI     변화율    거래량     BB   호가비  B/S
────────────────────────────────────────────────────────────────────────
[2단계 분석 대상: 000720, 403870, 066970, 086520, 003670]
403870  HPSP      46,450   27.5    -4.6%    0.8x     하단 10.65  0pt/0 [5분]
055550  신한지주      95,200    0.0    +0.0%    0.0x     중간  0.19  0pt/0 [일봉]
011200  HMM       19,800    0.0    +0.0%    0.0x     중간  2.92  0pt/0 [일봉]
015760  한국전력      38,700    0.0    +0.0%    0.0x     중간  2.78  0pt/0 [일봉]
035720  카카오       43,550    0.0    +0.0%    0.0x     중간  0.24  0pt/0 [일봉]
030200  KT        53,900    0.0    +0.0%    0.0x     중간  1.02  0pt/0 [일봉]
003490  대한항공      25,950    0.0    +0.0%    0.0x     중간  3.30  0pt/0 [일봉]
004020  현대제철      39,700    0.0    +0.0%    0.0x     중간  1.22  0pt/0 [일봉]
078930  GS        73,100    0.0    +0.0%    0.0x     중간  0.50  0pt/0 [일봉]

══════════════════════════════════════════════════
→ 전종목 HOLD
✅ Discord 전송 완료

[13:00] HOLD | KODEX RSI69/+4.9%⬆️ | 보유:없음 | 최고신호 HPSP(403870) 0pt/3pt
💰 예수금 95,923원 | KODEX200 RSI70/+5.1% 상승추세⬆️  | 매수기준 점수3pt↑

코드      종목명           가격    RSI     변화율    거래량     BB   호가비  B/S
────────────────────────────────────────────────────────────────────────
[2단계 분석 대상: 000720, 403870, 066970, 086520, 003670]
403870  HPSP      46,400   27.5    -4.6%    0.8x     하단  9.49  0pt/0 [5분]
055550  신한지주      95,100    0.0    +0.0%    0.0x     중간  0.20  0pt/0 [일봉]
011200  HMM       19,810    0.0    +0.0%    0.0x     중간  2.00  0pt/0 [일봉]
015760  한국전력      38,750    0.0    +0.0%    0.0x     중간  2.49  0pt/0 [일봉]
035720  카카오       44,300    0.0    +0.0%    0.0x     중간  1.30  0pt/0 [일봉]
030200  KT        53,900    0.0    +0.0%    0.0x     중간  1.01  0pt/0 [일봉]
003490  대한항공      25,950    0.0    +0.0%    0.0x     중간  3.30  0pt/0 [일봉]
004020  현대제철      39,800    0.0    +0.0%    0.0x     중간  0.87  0pt/0 [일봉]
078930  GS        73,100    0.0    +0.0%    0.0x     중간  0.57  0pt/0 [일봉]

══════════════════════════════════════════════════
→ 전종목 HOLD
✅ Discord 전송 완료

[13:02] HOLD | KODEX RSI70/+5.1%⬆️ | 보유:없음 | 최고신호 HPSP(403870) 0pt/3pt
💰 예수금 95,923원 | KODEX200 RSI70/+5.1% 상승추세⬆️  | 매수기준 점수3pt↑

코드      종목명           가격    RSI     변화율    거래량     BB   호가비  B/S
────────────────────────────────────────────────────────────────────────
[2단계 분석 대상: 403870, 000720, 086520, 066970, 003670]
403870  HPSP      46,350   28.6    -4.8%    0.8x     하단 10.88  0pt/0 [5분]
055550  신한지주      95,200    0.0    +0.0%    0.0x     중간  0.18  0pt/0 [일봉]
011200  HMM       19,810    0.0    +0.0%    0.0x     중간  2.36  0pt/0 [일봉]
015760  한국전력      38,750    0.0    +0.0%    0.0x     중간  2.47  0pt/0 [일봉]
035720  카카오       44,050    0.0    +0.0%    0.0x     중간  0.56  0pt/0 [일봉]
030200  KT        53,900    0.0    +0.0%    0.0x     중간  1.00  0pt/0 [일봉]
003490  대한항공      25,950    0.0    +0.0%    0.0x     중간  3.23  0pt/0 [일봉]
004020  현대제철      39,650    0.0    +0.0%    0.0x     중간  1.58  0pt/0 [일봉]
078930  GS        73,100    0.0    +0.0%    0.0x     중간  0.59  0pt/0 [일봉]

══════════════════════════════════════════════════
→ 전종목 HOLD
✅ Discord 전송 완료

[13:04] HOLD | KODEX RSI70/+5.1%⬆️ | 보유:없음 | 최고신호 HPSP(403870) 0pt/3pt
💰 예수금 95,923원 | KODEX200 RSI70/+5.1% 상승추세⬆️  | 매수기준 점수3pt↑

코드      종목명           가격    RSI     변화율    거래량     BB   호가비  B/S
────────────────────────────────────────────────────────────────────────
[2단계 분석 대상: 403870, 000880, 000720, 066970, 086520]
403870  HPSP      46,350   28.6    -4.8%    0.8x     하단 10.94  0pt/0 [5분]
055550  신한지주      95,200    0.0    +0.0%    0.0x     중간  0.21  0pt/0 [일봉]
011200  HMM       19,810    0.0    +0.0%    0.0x     중간  1.67  0pt/0 [일봉]
015760  한국전력      38,750    0.0    +0.0%    0.0x     중간  2.37  0pt/0 [일봉]
035720  카카오       44,000    0.0    +0.0%    0.0x     중간  1.03  0pt/0 [일봉]
030200  KT        53,900    0.0    +0.0%    0.0x     중간  1.63  0pt/0 [일봉]
003490  대한항공      25,950    0.0    +0.0%    0.0x     중간  3.14  0pt/0 [일봉]
004020  현대제철      39,650    0.0    +0.0%    0.0x     중간  2.05  0pt/0 [일봉]
078930  GS        73,100    0.0    +0.0%    0.0x     중간  0.64  0pt/0 [일봉]

══════════════════════════════════════════════════
→ 전종목 HOLD
✅ Discord 전송 완료

[13:06] HOLD | KODEX RSI70/+5.1%⬆️ | 보유:없음 | 최고신호 HPSP(403870) 0pt/3pt
💰 예수금 95,923원 | KODEX200 RSI70/+5.2% 상승추세⬆️  | 매수기준 점수3pt↑

코드      종목명           가격    RSI     변화율    거래량     BB   호가비  B/S
────────────────────────────────────────────────────────────────────────
[2단계 분석 대상: 403870, 000720, 000880, 066970, 086520]
403870  HPSP      46,250   28.6    -5.0%    0.8x     하단  9.38  0pt/0 [5분]
055550  신한지주      95,100    0.0    +0.0%    0.0x     중간  0.22  0pt/0 [일봉]
011200  HMM       19,800    0.0    +0.0%    0.0x     중간  2.28  0pt/0 [일봉]
015760  한국전력      38,750    0.0    +0.0%    0.0x     중간  2.18  0pt/0 [일봉]
035720  카카오       44,100    0.0    +0.0%    0.0x     중간  0.62  0pt/0 [일봉]
030200  KT        53,900    0.0    +0.0%    0.0x     중간  1.00  0pt/0 [일봉]
003490  대한항공      25,950    0.0    +0.0%    0.0x     중간  3.12  0pt/0 [일봉]
004020  현대제철      39,650    0.0    +0.0%    0.0x     중간  1.89  0pt/0 [일봉]
078930  GS        73,100    0.0    +0.0%    0.0x     중간  0.62  0pt/0 [일봉]

══════════════════════════════════════════════════
→ 전종목 HOLD
✅ Discord 전송 완료

[13:08] HOLD | KODEX RSI70/+5.2%⬆️ | 보유:없음 | 최고신호 HPSP(403870) 0pt/3pt
💰 예수금 95,923원 | KODEX200 RSI70/+5.2% 상승추세⬆️  | 매수기준 점수3pt↑

코드      종목명           가격    RSI     변화율    거래량     BB   호가비  B/S
────────────────────────────────────────────────────────────────────────
[2단계 분석 대상: 403870, 000720, 066970, 086520, 003670]
403870  HPSP      46,200   29.2    -5.0%    0.8x     하단 13.37  0pt/0 [5분]
055550  신한지주      95,200    0.0    +0.0%    0.0x     중간  0.31  0pt/0 [일봉]
011200  HMM       19,820    0.0    +0.0%    0.0x     중간  1.76  0pt/0 [일봉]
015760  한국전력      38,750    0.0    +0.0%    0.0x     중간  2.04  0pt/0 [일봉]
035720  카카오       44,000    0.0    +0.0%    0.0x     중간  0.97  0pt/0 [일봉]
030200  KT        53,900    0.0    +0.0%    0.0x     중간  1.07  0pt/0 [일봉]
003490  대한항공      25,950    0.0    +0.0%    0.0x     중간  3.17  0pt/0 [일봉]
004020  현대제철      39,600    0.0    +0.0%    0.0x     중간  2.65  0pt/0 [일봉]
078930  GS        72,900    0.0    +0.0%    0.0x     중간  0.77  0pt/0 [일봉]

══════════════════════════════════════════════════
→ 전종목 HOLD
✅ Discord 전송 완료

[13:10] HOLD | KODEX RSI70/+5.2%⬆️ | 보유:없음 | 최고신호 HPSP(403870) 0pt/3pt
💰 예수금 95,923원 | KODEX200 RSI70/+5.2% 상승추세⬆️  | 매수기준 점수3pt↑

코드      종목명           가격    RSI     변화율    거래량     BB   호가비  B/S
────────────────────────────────────────────────────────────────────────
[2단계 분석 대상: 403870, 000720, 086520, 003670, 066970]
403870  HPSP      46,200   29.2    -5.0%    0.8x     하단 12.11  0pt/0 [5분]
055550  신한지주      95,100    0.0    +0.0%    0.0x     중간  0.22  0pt/0 [일봉]
011200  HMM       19,800    0.0    +0.0%    0.0x     중간  2.88  0pt/0 [일봉]
015760  한국전력      38,750    0.0    +0.0%    0.0x     중간  2.10  0pt/0 [일봉]
035720  카카오       44,350    0.0    +0.0%    0.0x     중간  0.25  0pt/0 [일봉]
030200  KT        53,900    0.0    +0.0%    0.0x     중간  1.01  0pt/0 [일봉]
003490  대한항공      25,950    0.0    +0.0%    0.0x     중간  3.22  0pt/0 [일봉]
004020  현대제철      39,800    0.0    +0.0%    0.0x     중간  1.49  0pt/0 [일봉]
078930  GS        72,700    0.0    +0.0%    0.0x     중간  0.53  0pt/0 [일봉]

══════════════════════════════════════════════════
→ 전종목 HOLD
✅ Discord 전송 완료

[13:12] HOLD | KODEX RSI70/+5.2%⬆️ | 보유:없음 | 최고신호 HPSP(403870) 0pt/3pt
💰 예수금 95,923원 | KODEX200 RSI70/+5.2% 상승추세⬆️  | 매수기준 점수3pt↑

코드      종목명           가격    RSI     변화율    거래량     BB   호가비  B/S
────────────────────────────────────────────────────────────────────────
[2단계 분석 대상: 000720, 403870, 003670, 272210, 096770]
403870  HPSP      46,200   41.3    -4.9%    0.8x     하단  8.11  0pt/0 [5분]
055550  신한지주      94,900    0.0    +0.0%    0.0x     중간  0.34  0pt/0 [일봉]
011200  HMM       19,830    0.0    +0.0%    0.0x     중간  1.93  0pt/0 [일봉]
015760  한국전력      38,800    0.0    +0.0%    0.0x     중간  2.39  0pt/0 [일봉]
035720  카카오       43,950    0.0    +0.0%    0.0x     중간  1.66  0pt/0 [일봉]
030200  KT        53,900    0.0    +0.0%    0.0x     중간  0.98  0pt/0 [일봉]
003490  대한항공      25,950    0.0    +0.0%    0.0x     중간  3.16  0pt/0 [일봉]
004020  현대제철      39,600    0.0    +0.0%    0.0x     중간  2.87  0pt/0 [일봉]
078930  GS        72,500    0.0    +0.0%    0.0x     중간  0.27  0pt/0 [일봉]

══════════════════════════════════════════════════
→ 전종목 HOLD
✅ Discord 전송 완료

[13:14] HOLD | KODEX RSI70/+5.2%⬆️ | 보유:없음 | 최고신호 HPSP(403870) 0pt/3pt
💰 예수금 95,923원 | KODEX200 RSI70/+5.3% 상승추세⬆️  | 매수기준 점수3pt↑

코드      종목명           가격    RSI     변화율    거래량     BB   호가비  B/S
────────────────────────────────────────────────────────────────────────
[2단계 분석 대상: 403870, 000720, 329180, 003670, 035720]
403870  HPSP      46,250   41.3    -5.0%    0.8x     하단  8.61  0pt/0 [5분]
055550  신한지주      95,000    0.0    +0.0%    0.0x     중간  0.37  0pt/0 [일봉]
011200  HMM       19,830    0.0    +0.0%    0.0x     중간  1.88  0pt/0 [일봉]
015760  한국전력      38,800    0.0    +0.0%    0.0x     중간  2.44  0pt/0 [일봉]
035720  카카오       43,550   54.5    +3.8%    1.4x     상단  5.79  3pt/0 [5분]
030200  KT        53,800    0.0    +0.0%    0.0x     중간  1.07  0pt/0 [일봉]
003490  대한항공      25,950    0.0    +0.0%    0.0x     중간  1.85  0pt/0 [일봉]
004020  현대제철      39,550    0.0    +0.0%    0.0x     중간  3.17  0pt/0 [일봉]
078930  GS        72,500    0.0    +0.0%    0.0x     중간  0.19  0pt/0 [일봉]

══════════════════════════════════════════════════
→ 전종목 HOLD
✅ Discord 전송 완료

[13:16] HOLD | KODEX RSI70/+5.3%⬆️ | 보유:없음 | 최고신호 카카오(035720) 3pt/3pt [상승+3.8% / 거래량1.4x / RSI54]
💰 예수금 95,923원 | KODEX200 RSI70/+5.3% 상승추세⬆️  | 매수기준 점수3pt↑

코드      종목명           가격    RSI     변화율    거래량     BB   호가비  B/S
────────────────────────────────────────────────────────────────────────
[2단계 분석 대상: 403870, 096770, 329180, 003670, 086520]
403870  HPSP      46,300   41.3    -4.9%    0.8x     하단  9.00  0pt/0 [5분]
055550  신한지주      94,900    0.0    +0.0%    0.0x     중간  0.36  0pt/0 [일봉]
011200  HMM       19,800    0.0    +0.0%    0.0x     중간  3.97  0pt/0 [일봉]
015760  한국전력      38,750    0.0    +0.0%    0.0x     중간  2.55  0pt/0 [일봉]
035720  카카오       43,500    0.0    +0.0%    0.0x     중간  3.76  0pt/0 [일봉]
030200  KT        53,800    0.0    +0.0%    0.0x     중간  1.10  0pt/0 [일봉]
003490  대한항공      25,900    0.0    +0.0%    0.0x     중간  1.93  0pt/0 [일봉]
004020  현대제철      39,550    0.0    +0.0%    0.0x     중간  3.56  0pt/0 [일봉]
078930  GS        72,500    0.0    +0.0%    0.0x     중간  0.27  0pt/0 [일봉]

══════════════════════════════════════════════════
→ 전종목 HOLD
✅ Discord 전송 완료

[13:18] HOLD | KODEX RSI70/+5.3%⬆️ | 보유:없음 | 최고신호 HPSP(403870) 0pt/3pt
💰 예수금 95,923원 | KODEX200 RSI70/+5.3% 상승추세⬆️  | 매수기준 점수3pt↑

코드      종목명           가격    RSI     변화율    거래량     BB   호가비  B/S
────────────────────────────────────────────────────────────────────────
[2단계 분석 대상: 403870, 329180, 096770, 003670, 086520]
403870  HPSP      46,300   32.6    -4.8%    0.8x     하단  8.82  0pt/0 [5분]
055550  신한지주      94,800    0.0    +0.0%    0.0x     중간  0.31  0pt/0 [일봉]
011200  HMM       19,800    0.0    +0.0%    0.0x     중간  4.07  0pt/0 [일봉]
015760  한국전력      38,800    0.0    +0.0%    0.0x     중간  2.13  0pt/0 [일봉]
035720  카카오       43,500    0.0    +0.0%    0.0x     중간  3.41  0pt/0 [일봉]
030200  KT        53,800    0.0    +0.0%    0.0x     중간  1.09  0pt/0 [일봉]
003490  대한항공      25,900    0.0    +0.0%    0.0x     중간  1.82  0pt/0 [일봉]
004020  현대제철      39,500    0.0    +0.0%    0.0x     중간  5.61  0pt/0 [일봉]
078930  GS        72,400    0.0    +0.0%    0.0x     중간  0.21  0pt/0 [일봉]

══════════════════════════════════════════════════
→ 전종목 HOLD
✅ Discord 전송 완료

[13:20] HOLD | KODEX RSI70/+5.3%⬆️ | 보유:없음 | 최고신호 HPSP(403870) 0pt/3pt
💰 예수금 95,923원 | KODEX200 RSI70/+5.3% 상승추세⬆️  | 매수기준 점수3pt↑

코드      종목명           가격    RSI     변화율    거래량     BB   호가비  B/S
────────────────────────────────────────────────────────────────────────
[2단계 분석 대상: 042660, 004020, 096770, 403870, 329180]
403870  HPSP      46,350   32.6    -4.8%    0.8x     하단  7.83  0pt/0 [5분]
055550  신한지주      94,700    0.0    +0.0%    0.0x     중간  0.48  0pt/0 [일봉]
011200  HMM       19,790    0.0    +0.0%    0.0x     중간  2.76  0pt/0 [일봉]
015760  한국전력      38,750    0.0    +0.0%    0.0x     중간  2.31  0pt/0 [일봉]
035720  카카오       43,700    0.0    +0.0%    0.0x     중간  2.69  0pt/0 [일봉]
030200  KT        53,900    0.0    +0.0%    0.0x     중간  0.97  0pt/0 [일봉]
003490  대한항공      25,900    0.0    +0.0%    0.0x     중간  1.79  0pt/0 [일봉]
004020  현대제철      39,450   20.7    -1.7%    0.5x     중간  8.25  0pt/0 [5분]
078930  GS        72,400    0.0    +0.0%    0.0x     중간  0.27  0pt/0 [일봉]

══════════════════════════════════════════════════
→ 전종목 HOLD
✅ Discord 전송 완료

[13:22] HOLD | KODEX RSI70/+5.3%⬆️ | 보유:없음 | 최고신호 HPSP(403870) 0pt/3pt
💰 예수금 95,923원 | KODEX200 RSI70/+5.3% 상승추세⬆️  | 매수기준 점수3pt↑

코드      종목명           가격    RSI     변화율    거래량     BB   호가비  B/S
────────────────────────────────────────────────────────────────────────
[2단계 분석 대상: 004020, 403870, 329180, 096770, 042660]
403870  HPSP      46,350   36.6    -4.8%    0.8x     하단 10.00  0pt/0 [5분]
055550  신한지주      94,700    0.0    +0.0%    0.0x     중간  0.46  0pt/0 [일봉]
011200  HMM       19,790    0.0    +0.0%    0.0x     중간  3.06  0pt/0 [일봉]
015760  한국전력      38,800    0.0    +0.0%    0.0x     중간  2.45  0pt/0 [일봉]
035720  카카오       44,500    0.0    +0.0%    0.0x     중간  0.48  0pt/0 [일봉]
030200  KT        53,900    0.0    +0.0%    0.0x     중간  1.04  0pt/0 [일봉]
003490  대한항공      25,900    0.0    +0.0%    0.0x     중간  1.85  0pt/0 [일봉]
004020  현대제철      39,400   31.0    -2.0%    0.5x     중간 11.54  0pt/0 [5분]
078930  GS        72,500    0.0    +0.0%    0.0x     중간  0.30  0pt/0 [일봉]

══════════════════════════════════════════════════
→ 전종목 HOLD
✅ Discord 전송 완료

[13:24] HOLD | KODEX RSI70/+5.3%⬆️ | 보유:없음 | 최고신호 HPSP(403870) 0pt/3pt
💰 예수금 95,923원 | KODEX200 RSI70/+5.3% 상승추세⬆️  | 매수기준 점수3pt↑

코드      종목명           가격    RSI     변화율    거래량     BB   호가비  B/S
────────────────────────────────────────────────────────────────────────
[2단계 분석 대상: 004020, 403870, 329180, 042660, 096770]
403870  HPSP      46,350   36.6    -4.8%    0.8x     하단 10.45  0pt/0 [5분]
055550  신한지주      94,700    0.0    +0.0%    0.0x     중간  0.46  0pt/0 [일봉]
011200  HMM       19,790    0.0    +0.0%    0.0x     중간  2.75  0pt/0 [일봉]
015760  한국전력      38,800    0.0    +0.0%    0.0x     중간  2.27  0pt/0 [일봉]
035720  카카오       44,450    0.0    +0.0%    0.0x     중간  0.42  0pt/0 [일봉]
030200  KT        53,900    0.0    +0.0%    0.0x     중간  0.94  0pt/0 [일봉]
003490  대한항공      25,900    0.0    +0.0%    0.0x     중간  1.81  0pt/0 [일봉]
004020  현대제철      39,350   31.0    -2.0%    0.5x     중간 21.81  0pt/0 [5분]
078930  GS        72,500    0.0    +0.0%    0.0x     중간  0.36  0pt/0 [일봉]

══════════════════════════════════════════════════
→ 전종목 HOLD
✅ Discord 전송 완료

[13:26] HOLD | KODEX RSI70/+5.3%⬆️ | 보유:없음 | 최고신호 HPSP(403870) 0pt/3pt
💰 예수금 95,923원 | KODEX200 RSI70/+5.2% 상승추세⬆️  | 매수기준 점수3pt↑

코드      종목명           가격    RSI     변화율    거래량     BB   호가비  B/S
────────────────────────────────────────────────────────────────────────
[2단계 분석 대상: 403870, 329180, 096770, 042660, 086520]
403870  HPSP      46,400   36.6    -4.7%    0.8x     하단  9.90  0pt/0 [5분]
055550  신한지주      94,900    0.0    +0.0%    0.0x     중간  0.36  0pt/0 [일봉]
011200  HMM       19,780    0.0    +0.0%    0.0x     중간  2.35  0pt/0 [일봉]
015760  한국전력      38,750    0.0    +0.0%    0.0x     중간  2.44  0pt/0 [일봉]
035720  카카오       43,900    0.0    +0.0%    0.0x     중간  3.80  0pt/0 [일봉]
030200  KT        53,800    0.0    +0.0%    0.0x     중간  1.08  0pt/0 [일봉]
003490  대한항공      25,950    0.0    +0.0%    0.0x     중간  1.72  0pt/0 [일봉]
004020  현대제철      39,300    0.0    +0.0%    0.0x     중간  4.34  0pt/0 [일봉]
078930  GS        72,500    0.0    +0.0%    0.0x     중간  0.35  0pt/0 [일봉]

══════════════════════════════════════════════════
→ 전종목 HOLD
✅ Discord 전송 완료

[13:28] HOLD | KODEX RSI70/+5.2%⬆️ | 보유:없음 | 최고신호 HPSP(403870) 0pt/3pt
💰 예수금 95,923원 | KODEX200 RSI70/+5.3% 상승추세⬆️  | 매수기준 점수3pt↑

코드      종목명           가격    RSI     변화율    거래량     BB   호가비  B/S
────────────────────────────────────────────────────────────────────────
[2단계 분석 대상: 403870, 329180, 096770, 004020, 086520]
403870  HPSP      46,400   50.0    -4.7%    0.8x     하단  9.10  1pt/0 [5분]
055550  신한지주      94,700    0.0    +0.0%    0.0x     중간  0.37  0pt/0 [일봉]
011200  HMM       19,770    0.0    +0.0%    0.0x     중간  1.90  0pt/0 [일봉]
015760  한국전력      38,750    0.0    +0.0%    0.0x     중간  2.33  0pt/0 [일봉]
035720  카카오       43,900    0.0    +0.0%    0.0x     중간  3.26  0pt/0 [일봉]
030200  KT        53,800    0.0    +0.0%    0.0x     중간  1.08  0pt/0 [일봉]
003490  대한항공      25,900    0.0    +0.0%    0.0x     중간  1.79  0pt/0 [일봉]
004020  현대제철      39,250   34.5    -2.2%    0.5x     중간  5.50  0pt/0 [5분]
078930  GS        72,500    0.0    +0.0%    0.0x     중간  0.34  0pt/0 [일봉]

══════════════════════════════════════════════════
→ 전종목 HOLD
✅ Discord 전송 완료

[13:30] HOLD | KODEX RSI70/+5.3%⬆️ | 보유:없음 | 최고신호 HPSP(403870) 1pt/3pt [RSI50]
💰 예수금 95,923원 | KODEX200 RSI70/+5.3% 상승추세⬆️  | 매수기준 점수3pt↑

코드      종목명           가격    RSI     변화율    거래량     BB   호가비  B/S
────────────────────────────────────────────────────────────────────────
[2단계 분석 대상: 329180, 096770, 403870, 042660, 004020]
403870  HPSP      46,350   50.0    -4.9%    0.8x     하단  8.19  1pt/0 [5분]
055550  신한지주      94,700    0.0    +0.0%    0.0x     중간  0.39  0pt/0 [일봉]
011200  HMM       19,760    0.0    +0.0%    0.0x     중간  1.89  0pt/0 [일봉]
015760  한국전력      38,750    0.0    +0.0%    0.0x     중간  2.70  0pt/0 [일봉]
035720  카카오       43,950    0.0    +0.0%    0.0x     중간  2.83  0pt/0 [일봉]
030200  KT        53,800    0.0    +0.0%    0.0x     중간  1.12  0pt/0 [일봉]
003490  대한항공      25,900    0.0    +0.0%    0.0x     중간  3.03  0pt/0 [일봉]
004020  현대제철      39,250   34.5    -2.4%    0.5x     하단  6.13  0pt/0 [5분]
078930  GS        72,300    0.0    +0.0%    0.0x     중간  0.20  0pt/0 [일봉]

══════════════════════════════════════════════════
→ 전종목 HOLD
✅ Discord 전송 완료

[13:32] HOLD | KODEX RSI70/+5.3%⬆️ | 보유:없음 | 최고신호 HPSP(403870) 1pt/3pt [RSI50]
💰 예수금 95,923원 | KODEX200 RSI70/+5.3% 상승추세⬆️  | 매수기준 점수3pt↑

코드      종목명           가격    RSI     변화율    거래량     BB   호가비  B/S
────────────────────────────────────────────────────────────────────────
[2단계 분석 대상: 403870, 004020, 329180, 042660, 086520]
403870  HPSP      46,300   44.7    -4.8%    0.8x     하단 10.73  0pt/0 [5분]
055550  신한지주      94,700    0.0    +0.0%    0.0x     중간  0.41  0pt/0 [일봉]
011200  HMM       19,780    0.0    +0.0%    0.0x     중간  1.76  0pt/0 [일봉]
015760  한국전력      38,750    0.0    +0.0%    0.0x     중간  2.58  0pt/0 [일봉]
035720  카카오       44,050    0.0    +0.0%    0.0x     중간  1.41  0pt/0 [일봉]
030200  KT        53,800    0.0    +0.0%    0.0x     중간  1.18  0pt/0 [일봉]
003490  대한항공      25,950    0.0    +0.0%    0.0x     중간  2.93  0pt/0 [일봉]
004020  현대제철      39,350   28.6    -2.0%    0.5x     중간  9.55  0pt/0 [5분]
078930  GS        72,300    0.0    +0.0%    0.0x     중간  0.35  0pt/0 [일봉]

══════════════════════════════════════════════════
→ 전종목 HOLD
✅ Discord 전송 완료

[13:34] HOLD | KODEX RSI70/+5.3%⬆️ | 보유:없음 | 최고신호 HPSP(403870) 0pt/3pt
💰 예수금 95,923원 | KODEX200 RSI70/+5.3% 상승추세⬆️  | 매수기준 점수3pt↑

코드      종목명           가격    RSI     변화율    거래량     BB   호가비  B/S
────────────────────────────────────────────────────────────────────────
[2단계 분석 대상: 329180, 004020, 403870, 042660, 096770]
403870  HPSP      46,400   44.7    -4.9%    0.8x     하단 10.69  0pt/0 [5분]
055550  신한지주      94,300    0.0    +0.0%    0.0x     중간  0.65  0pt/0 [일봉]
011200  HMM       19,770    0.0    +0.0%    0.0x     중간  0.76  0pt/0 [일봉]
015760  한국전력      38,750    0.0    +0.0%    0.0x     중간  2.52  0pt/0 [일봉]
035720  카카오       44,150    0.0    +0.0%    0.0x     중간  0.72  0pt/0 [일봉]
030200  KT        53,800    0.0    +0.0%    0.0x     중간  1.17  0pt/0 [일봉]
003490  대한항공      25,950    0.0    +0.0%    0.0x     중간  2.88  0pt/0 [일봉]
004020  현대제철      39,350   28.6    -2.1%    0.5x     중간 10.95  0pt/0 [5분]
078930  GS        72,300    0.0    +0.0%    0.0x     중간  0.31  0pt/0 [일봉]

══════════════════════════════════════════════════
→ 전종목 HOLD
✅ Discord 전송 완료

[13:36] HOLD | KODEX RSI70/+5.3%⬆️ | 보유:없음 | 최고신호 HPSP(403870) 0pt/3pt
💰 예수금 95,923원 | KODEX200 RSI70/+5.3% 상승추세⬆️  | 매수기준 점수3pt↑

코드      종목명           가격    RSI     변화율    거래량     BB   호가비  B/S
────────────────────────────────────────────────────────────────────────
[2단계 분석 대상: 004020, 403870, 042660, 329180, 086520]
403870  HPSP      46,350   44.7    -4.9%    0.8x     하단 11.66  0pt/0 [5분]
055550  신한지주      94,400    0.0    +0.0%    0.0x     중간  0.98  0pt/0 [일봉]
011200  HMM       19,770    0.0    +0.0%    0.0x     중간  1.13  0pt/0 [일봉]
015760  한국전력      38,750    0.0    +0.0%    0.0x     중간  2.44  0pt/0 [일봉]
035720  카카오       44,050    0.0    +0.0%    0.0x     중간  1.02  0pt/0 [일봉]
030200  KT        53,800    0.0    +0.0%    0.0x     중간  1.16  0pt/0 [일봉]
003490  대한항공      25,900    0.0    +0.0%    0.0x     중간  2.74  0pt/0 [일봉]
004020  현대제철      39,300   28.6    -2.2%    0.5x     중간 14.71  0pt/0 [5분]
078930  GS        72,300    0.0    +0.0%    0.0x     중간  0.37  0pt/0 [일봉]

══════════════════════════════════════════════════
→ 전종목 HOLD
✅ Discord 전송 완료

[13:38] HOLD | KODEX RSI70/+5.3%⬆️ | 보유:없음 | 최고신호 HPSP(403870) 0pt/3pt
💰 예수금 95,923원 | KODEX200 RSI70/+5.3% 상승추세⬆️  | 매수기준 점수3pt↑

코드      종목명           가격    RSI     변화율    거래량     BB   호가비  B/S
────────────────────────────────────────────────────────────────────────
[2단계 분석 대상: 004020, 403870, 329180, 086520, 042660]
403870  HPSP      46,300   48.6    -4.9%    0.8x     하단 11.03  1pt/0 [5분]
055550  신한지주      94,300    0.0    +0.0%    0.0x     중간  1.16  0pt/0 [일봉]
011200  HMM       19,760    0.0    +0.0%    0.0x     중간  1.43  0pt/0 [일봉]
015760  한국전력      38,750    0.0    +0.0%    0.0x     중간  2.73  0pt/0 [일봉]
035720  카카오       44,300    0.0    +0.0%    0.0x     중간  0.51  0pt/0 [일봉]
030200  KT        53,800    0.0    +0.0%    0.0x     중간  1.18  0pt/0 [일봉]
003490  대한항공      25,850    0.0    +0.0%    0.0x     중간  2.82  0pt/0 [일봉]
004020  현대제철      39,500   28.6    -1.9%    0.5x     중간 12.15  0pt/0 [5분]
078930  GS        72,200    0.0    +0.0%    0.0x     중간  0.37  0pt/0 [일봉]

══════════════════════════════════════════════════
→ 전종목 HOLD
✅ Discord 전송 완료

[13:40] HOLD | KODEX RSI70/+5.3%⬆️ | 보유:없음 | 최고신호 HPSP(403870) 1pt/3pt [RSI49]
💰 예수금 95,923원 | KODEX200 RSI70/+5.4% 상승추세⬆️  | 매수기준 점수3pt↑

코드      종목명           가격    RSI     변화율    거래량     BB   호가비  B/S
────────────────────────────────────────────────────────────────────────
[2단계 분석 대상: 403870, 004020, 329180, 042660, 086520]
403870  HPSP      46,500   48.6    -4.3%    0.8x     하단 13.35  1pt/0 [5분]
055550  신한지주      94,300    0.0    +0.0%    0.0x     중간  1.18  0pt/0 [일봉]
011200  HMM       19,750    0.0    +0.0%    0.0x     중간  1.31  0pt/0 [일봉]
015760  한국전력      38,800    0.0    +0.0%    0.0x     중간  2.44  0pt/0 [일봉]
035720  카카오       44,050    0.0    +0.0%    0.0x     중간  1.11  0pt/0 [일봉]
030200  KT        53,900    0.0    +0.0%    0.0x     중간  0.81  0pt/0 [일봉]
003490  대한항공      25,850    0.0    +0.0%    0.0x     중간  2.83  0pt/0 [일봉]
004020  현대제철      39,400   28.6    -1.9%    0.5x     중간 13.04  0pt/0 [5분]
078930  GS        72,200    0.0    +0.0%    0.0x     중간  0.37  0pt/0 [일봉]

══════════════════════════════════════════════════
→ 전종목 HOLD
✅ Discord 전송 완료

[13:42] HOLD | KODEX RSI70/+5.4%⬆️ | 보유:없음 | 최고신호 HPSP(403870) 1pt/3pt [RSI49]
💰 예수금 95,923원 | KODEX200 RSI70/+5.4% 상승추세⬆️  | 매수기준 점수3pt↑

코드      종목명           가격    RSI     변화율    거래량     BB   호가비  B/S
────────────────────────────────────────────────────────────────────────
[2단계 분석 대상: 004020, 329180, 000150, 003670, 086520]
403870  HPSP      46,650    0.0    +0.0%    0.0x     중간  2.18  0pt/0 [일봉]
055550  신한지주      94,300    0.0    +0.0%    0.0x     중간  1.26  0pt/0 [일봉]
011200  HMM       19,750    0.0    +0.0%    0.0x     중간  1.81  0pt/0 [일봉]
015760  한국전력      38,850    0.0    +0.0%    0.0x     중간  1.72  0pt/0 [일봉]
035720  카카오       43,900    0.0    +0.0%    0.0x     중간  3.70  0pt/0 [일봉]
030200  KT        53,900    0.0    +0.0%    0.0x     중간  0.80  0pt/0 [일봉]
003490  대한항공      25,900    0.0    +0.0%    0.0x     중간  3.06  0pt/0 [일봉]
004020  현대제철      39,500   28.6    -1.7%    0.5x     중간  7.38  0pt/0 [5분]
078930  GS        72,200    0.0    +0.0%    0.0x     중간  0.37  0pt/0 [일봉]

══════════════════════════════════════════════════
→ 전종목 HOLD
✅ Discord 전송 완료

[13:44] HOLD | KODEX RSI70/+5.4%⬆️ | 보유:없음 | 최고신호 HPSP(403870) 0pt/3pt
💰 예수금 95,923원 | KODEX200 RSI70/+5.5% 상승추세⬆️  | 매수기준 점수3pt↑

코드      종목명           가격    RSI     변화율    거래량     BB   호가비  B/S
────────────────────────────────────────────────────────────────────────
[2단계 분석 대상: 403870, 329180, 004020, 003670, 086520]
403870  HPSP      46,500   56.7    -4.4%    0.8x     하단 10.83  1pt/0 [5분]
055550  신한지주      94,300    0.0    +0.0%    0.0x     중간  1.16  0pt/0 [일봉]
011200  HMM       19,750    0.0    +0.0%    0.0x     중간  1.80  0pt/0 [일봉]
015760  한국전력      38,950    0.0    +0.0%    0.0x     중간  1.32  0pt/0 [일봉]
035720  카카오       44,100    0.0    +0.0%    0.0x     중간  0.77  0pt/0 [일봉]
030200  KT        53,800    0.0    +0.0%    0.0x     중간  1.20  0pt/0 [일봉]
003490  대한항공      25,900    0.0    +0.0%    0.0x     중간  3.08  0pt/0 [일봉]
004020  현대제철      39,450   31.0    -1.9%    0.5x     중간  4.72  0pt/0 [5분]
078930  GS        72,200    0.0    +0.0%    0.0x     중간  0.44  0pt/0 [일봉]

══════════════════════════════════════════════════
→ 전종목 HOLD
✅ Discord 전송 완료

[13:46] HOLD | KODEX RSI70/+5.5%⬆️ | 보유:없음 | 최고신호 HPSP(403870) 1pt/3pt [RSI57]
💰 예수금 95,923원 | KODEX200 RSI70/+5.4% 상승추세⬆️  | 매수기준 점수3pt↑

코드      종목명           가격    RSI     변화율    거래량     BB   호가비  B/S
────────────────────────────────────────────────────────────────────────
[2단계 분석 대상: 004020, 403870, 329180, 086520, 003670]
403870  HPSP      46,550   56.7    -4.2%    0.8x     하단  8.12  1pt/0 [5분]
055550  신한지주      94,300    0.0    +0.0%    0.0x     중간  0.82  0pt/0 [일봉]
011200  HMM       19,750    0.0    +0.0%    0.0x     중간  1.71  0pt/0 [일봉]
015760  한국전력      39,000    0.0    +0.0%    0.0x     중간  0.90  0pt/0 [일봉]
035720  카카오       44,650    0.0    +0.0%    0.0x     중간  0.11  0pt/0 [일봉]
030200  KT        53,800    0.0    +0.0%    0.0x     중간  1.16  0pt/0 [일봉]
003490  대한항공      25,900    0.0    +0.0%    0.0x     중간  3.07  0pt/0 [일봉]
004020  현대제철      39,450   31.0    -1.9%    0.6x     중간  9.53  0pt/0 [5분]
078930  GS        72,300    0.0    +0.0%    0.0x     중간  0.39  0pt/0 [일봉]

══════════════════════════════════════════════════
→ 전종목 HOLD
✅ Discord 전송 완료

[13:48] HOLD | KODEX RSI70/+5.4%⬆️ | 보유:없음 | 최고신호 HPSP(403870) 1pt/3pt [RSI57]
💰 예수금 95,923원 | KODEX200 RSI70/+5.3% 상승추세⬆️  | 매수기준 점수3pt↑

코드      종목명           가격    RSI     변화율    거래량     BB   호가비  B/S
────────────────────────────────────────────────────────────────────────
[2단계 분석 대상: 004020, 403870, 329180, 086520, 272210]
403870  HPSP      46,550   40.7    -4.6%    0.8x     하단  7.56  0pt/0 [5분]
055550  신한지주      94,400    0.0    +0.0%    0.0x     중간  0.73  0pt/0 [일봉]
011200  HMM       19,750    0.0    +0.0%    0.0x     중간  1.64  0pt/0 [일봉]
015760  한국전력      38,900    0.0    +0.0%    0.0x     중간  1.48  0pt/0 [일봉]
035720  카카오       44,750    0.0    +0.0%    0.0x     중간  0.28  0pt/0 [일봉]
030200  KT        53,800    0.0    +0.0%    0.0x     중간  1.10  0pt/0 [일봉]
003490  대한항공      25,950    0.0    +0.0%    0.0x     중간  3.35  0pt/0 [일봉]
004020  현대제철      39,400   22.2    -1.6%    0.6x     중간 22.57  0pt/0 [5분]
078930  GS        72,300    0.0    +0.0%    0.0x     중간  0.36  0pt/0 [일봉]

══════════════════════════════════════════════════
→ 전종목 HOLD
✅ Discord 전송 완료

[13:50] HOLD | KODEX RSI70/+5.3%⬆️ | 보유:없음 | 최고신호 HPSP(403870) 0pt/3pt
💰 예수금 95,923원 | KODEX200 RSI70/+5.4% 상승추세⬆️  | 매수기준 점수3pt↑

코드      종목명           가격    RSI     변화율    거래량     BB   호가비  B/S
────────────────────────────────────────────────────────────────────────
[2단계 분석 대상: 004020, 403870, 329180, 086520, 272210]
403870  HPSP      46,550   40.7    -4.4%    0.9x     하단  8.98  0pt/0 [5분]
055550  신한지주      94,400    0.0    +0.0%    0.0x     중간  0.64  0pt/0 [일봉]
011200  HMM       19,750    0.0    +0.0%    0.0x     중간  1.76  0pt/0 [일봉]
015760  한국전력      39,000    0.0    +0.0%    0.0x     중간  1.34  0pt/0 [일봉]
035720  카카오       45,050    0.0    +0.0%    0.0x     중간  2.58  0pt/0 [일봉]
030200  KT        53,800    0.0    +0.0%    0.0x     중간  1.14  0pt/0 [일봉]
003490  대한항공      25,950    0.0    +0.0%    0.0x     중간  3.29  0pt/0 [일봉]
004020  현대제철      39,450   22.2    -1.9%    0.6x     중간 18.55  0pt/0 [5분]
078930  GS        72,200    0.0    +0.0%    0.0x     중간  0.40  0pt/0 [일봉]

══════════════════════════════════════════════════
→ 전종목 HOLD
✅ Discord 전송 완료

[13:52] HOLD | KODEX RSI70/+5.4%⬆️ | 보유:없음 | 최고신호 HPSP(403870) 0pt/3pt
💰 예수금 95,923원 | KODEX200 RSI70/+5.5% 상승추세⬆️  | 매수기준 점수3pt↑

코드      종목명           가격    RSI     변화율    거래량     BB   호가비  B/S
────────────────────────────────────────────────────────────────────────
[2단계 분석 대상: 004020, 403870, 329180, 086520, 272210]
403870  HPSP      46,500   46.7    -4.6%    0.9x     하단 11.34  1pt/0 [5분]
055550  신한지주      94,400    0.0    +0.0%    0.0x     중간  0.42  0pt/0 [일봉]
011200  HMM       19,750    0.0    +0.0%    0.0x     중간  1.32  0pt/0 [일봉]
015760  한국전력      39,000    0.0    +0.0%    0.0x     중간  1.40  0pt/0 [일봉]
035720  카카오       45,400    0.0    +0.0%    0.0x     중간  1.14  0pt/0 [일봉]
030200  KT        53,800    0.0    +0.0%    0.0x     중간  1.13  0pt/0 [일봉]
003490  대한항공      26,050    0.0    +0.0%    0.0x     중간  3.13  0pt/0 [일봉]
004020  현대제철      39,350   22.2    -2.1%    0.6x     하단 19.57  0pt/0 [5분]
078930  GS        72,200    0.0    +0.0%    0.0x     중간  0.40  0pt/0 [일봉]

══════════════════════════════════════════════════
→ 전종목 HOLD
✅ Discord 전송 완료

[13:54] HOLD | KODEX RSI70/+5.5%⬆️ | 보유:없음 | 최고신호 HPSP(403870) 1pt/3pt [RSI47]
💰 예수금 95,923원 | KODEX200 RSI70/+5.5% 상승추세⬆️  | 매수기준 점수3pt↑

코드      종목명           가격    RSI     변화율    거래량     BB   호가비  B/S
────────────────────────────────────────────────────────────────────────
[2단계 분석 대상: 004020, 403870, 329180, 086520, 096770]
403870  HPSP      46,450   46.7    -4.5%    0.9x     하단 10.23  1pt/0 [5분]
055550  신한지주      94,200    0.0    +0.0%    0.0x     중간  0.99  0pt/0 [일봉]
011200  HMM       19,740    0.0    +0.0%    0.0x     중간  1.41  0pt/0 [일봉]
015760  한국전력      38,950    0.0    +0.0%    0.0x     중간  1.46  0pt/0 [일봉]
035720  카카오       45,200    0.0    +0.0%    0.0x     중간  0.92  0pt/0 [일봉]
030200  KT        53,800    0.0    +0.0%    0.0x     중간  1.13  0pt/0 [일봉]
003490  대한항공      26,000    0.0    +0.0%    0.0x     중간  3.86  0pt/0 [일봉]
004020  현대제철      39,400   29.7    -2.0%    0.6x     하단 17.35  0pt/0 [5분]
078930  GS        72,200    0.0    +0.0%    0.0x     중간  0.42  0pt/0 [일봉]

══════════════════════════════════════════════════
→ 전종목 HOLD
✅ Discord 전송 완료

[13:56] HOLD | KODEX RSI70/+5.5%⬆️ | 보유:없음 | 최고신호 HPSP(403870) 1pt/3pt [RSI47]
💰 예수금 95,923원 | KODEX200 RSI70/+5.5% 상승추세⬆️  | 매수기준 점수3pt↑

코드      종목명           가격    RSI     변화율    거래량     BB   호가비  B/S
────────────────────────────────────────────────────────────────────────
[2단계 분석 대상: 004020, 403870, 329180, 096770, 086520]
403870  HPSP      46,500   46.7    -4.5%    0.9x     하단  9.43  1pt/0 [5분]
055550  신한지주      94,100    0.0    +0.0%    0.0x     중간  1.02  0pt/0 [일봉]
011200  HMM       19,740    0.0    +0.0%    0.0x     중간  1.33  0pt/0 [일봉]
015760  한국전력      38,950    0.0    +0.0%    0.0x     중간  1.80  0pt/0 [일봉]
035720  카카오       45,050    0.0    +0.0%    0.0x     중간  1.86  0pt/0 [일봉]
030200  KT        53,800    0.0    +0.0%    0.0x     중간  1.22  0pt/0 [일봉]
003490  대한항공      26,050    0.0    +0.0%    0.0x     중간  3.01  0pt/0 [일봉]
004020  현대제철      39,400   29.7    -1.7%    0.6x     하단 15.08  0pt/0 [5분]
078930  GS        72,300    0.0    +0.0%    0.0x     중간  0.53  0pt/0 [일봉]

══════════════════════════════════════════════════
→ 전종목 HOLD
✅ Discord 전송 완료

[13:58] HOLD | KODEX RSI70/+5.5%⬆️ | 보유:없음 | 최고신호 HPSP(403870) 1pt/3pt [RSI47]
💰 예수금 95,923원 | KODEX200 RSI70/+5.5% 상승추세⬆️  | 매수기준 점수3pt↑

코드      종목명           가격    RSI     변화율    거래량     BB   호가비  B/S
────────────────────────────────────────────────────────────────────────
[2단계 분석 대상: 004020, 403870, 329180, 096770, 086520]
403870  HPSP      46,400   48.3    -4.7%    0.9x     하단 11.34  1pt/0 [5분]
055550  신한지주      93,800    0.0    +0.0%    0.0x     중간  2.01  0pt/0 [일봉]
011200  HMM       19,740    0.0    +0.0%    0.0x     중간  1.62  0pt/0 [일봉]
015760  한국전력      39,000    0.0    +0.0%    0.0x     중간  1.58  0pt/0 [일봉]
035720  카카오       45,850    0.0    +0.0%    0.0x     중간  0.71  0pt/0 [일봉]
030200  KT        53,800    0.0    +0.0%    0.0x     중간  1.20  0pt/0 [일봉]
003490  대한항공      26,050    0.0    +0.0%    0.0x     중간  3.03  0pt/0 [일봉]
004020  현대제철      39,400   36.8    -2.1%    0.6x     하단 14.76  0pt/0 [5분]
078930  GS        72,200    0.0    +0.0%    0.0x     중간  0.46  0pt/0 [일봉]

══════════════════════════════════════════════════
⏰ 매수 세션 종료 (14:00↑) — 신규 매수 중단
→ 전종목 HOLD
✅ Discord 전송 완료

[14:00] HOLD | KODEX RSI70/+5.5%⬆️ | 보유:없음 | 최고신호 HPSP(403870) 1pt/3pt [RSI48]
💰 예수금 95,923원 | KODEX200 RSI70/+5.3% 상승추세⬆️  | 매수기준 점수3pt↑

코드      종목명           가격    RSI     변화율    거래량     BB   호가비  B/S
────────────────────────────────────────────────────────────────────────
[2단계 분석 대상: 004020, 403870, 329180, 034020, 086520]
403870  HPSP      46,300   48.3    -4.9%    0.9x     하단  9.15  1pt/0 [5분]
055550  신한지주      93,800    0.0    +0.0%    0.0x     중간  1.45  0pt/0 [일봉]
011200  HMM       19,720    0.0    +0.0%    0.0x     중간  1.22  0pt/0 [일봉]
015760  한국전력      39,000    0.0    +0.0%    0.0x     중간  1.48  0pt/0 [일봉]
035720  카카오       47,200    0.0    +0.0%    0.0x     중간  0.48  0pt/0 [일봉]
030200  KT        53,800    0.0    +0.0%    0.0x     중간  1.17  0pt/0 [일봉]
003490  대한항공      26,000    0.0    +0.0%    0.0x     중간  3.28  0pt/0 [일봉]
004020  현대제철      39,350   36.8    -2.1%    0.6x     하단 11.31  0pt/0 [5분]
078930  GS        72,100    0.0    +0.0%    0.0x     중간  0.20  0pt/0 [일봉]

══════════════════════════════════════════════════
⏰ 매수 세션 종료 (14:00↑) — 신규 매수 중단
→ 전종목 HOLD
✅ Discord 전송 완료

[14:02] HOLD | KODEX RSI70/+5.3%⬆️ | 보유:없음 | 최고신호 HPSP(403870) 1pt/3pt [RSI48]
💰 예수금 95,923원 | KODEX200 RSI70/+5.3% 상승추세⬆️  | 매수기준 점수3pt↑

코드      종목명           가격    RSI     변화율    거래량     BB   호가비  B/S
────────────────────────────────────────────────────────────────────────
[2단계 분석 대상: 403870, 004020, 000720, 096770, 086520]
403870  HPSP      46,300   50.0    -4.9%    0.9x     하단 14.82  1pt/0 [5분]
055550  신한지주      93,800    0.0    +0.0%    0.0x     중간  1.15  0pt/0 [일봉]
011200  HMM       19,710    0.0    +0.0%    0.0x     중간  1.25  0pt/0 [일봉]
015760  한국전력      39,000    0.0    +0.0%    0.0x     중간  1.14  0pt/0 [일봉]
035720  카카오       48,150    0.0    +0.0%    0.0x     중간  1.25  0pt/0 [일봉]
030200  KT        53,800    0.0    +0.0%    0.0x     중간  1.06  0pt/0 [일봉]
003490  대한항공      25,950    0.0    +0.0%    0.0x     중간  3.66  0pt/0 [일봉]
004020  현대제철      39,450   43.9    -2.0%    0.6x     하단 14.27  0pt/0 [5분]
078930  GS        72,200    0.0    +0.0%    0.0x     중간  0.37  0pt/0 [일봉]

══════════════════════════════════════════════════
⏰ 매수 세션 종료 (14:00↑) — 신규 매수 중단
→ 전종목 HOLD
✅ Discord 전송 완료

[14:04] HOLD | KODEX RSI70/+5.3%⬆️ | 보유:없음 | 최고신호 HPSP(403870) 1pt/3pt [RSI50]
💰 예수금 95,923원 | KODEX200 RSI70/+5.4% 상승추세⬆️  | 매수기준 점수3pt↑

코드      종목명           가격    RSI     변화율    거래량     BB   호가비  B/S
────────────────────────────────────────────────────────────────────────
[2단계 분석 대상: 403870, 004020, 096770, 000880, 000150]
403870  HPSP      46,250   50.0    -5.0%    0.9x     하단 18.99  1pt/0 [5분]
055550  신한지주      93,600    0.0    +0.0%    0.0x     중간  0.96  0pt/0 [일봉]
011200  HMM       19,710    0.0    +0.0%    0.0x     중간  1.39  0pt/0 [일봉]
015760  한국전력      39,000    0.0    +0.0%    0.0x     중간  1.63  0pt/0 [일봉]
035720  카카오       48,000    0.0    +0.0%    0.0x     중간  1.74  0pt/0 [일봉]
030200  KT        53,700    0.0    +0.0%    0.0x     중간  1.23  0pt/0 [일봉]
003490  대한항공      25,900    0.0    +0.0%    0.0x     중간  3.89  0pt/0 [일봉]
004020  현대제철      39,400   43.9    -2.1%    0.6x     하단  8.46  0pt/0 [5분]
078930  GS        72,200    0.0    +0.0%    0.0x     중간  0.37  0pt/0 [일봉]

══════════════════════════════════════════════════
⏰ 매수 세션 종료 (14:00↑) — 신규 매수 중단
→ 전종목 HOLD
✅ Discord 전송 완료

[14:06] HOLD | KODEX RSI70/+5.4%⬆️ | 보유:없음 | 최고신호 HPSP(403870) 1pt/3pt [RSI50]
💰 예수금 95,923원 | KODEX200 RSI70/+5.3% 상승추세⬆️  | 매수기준 점수3pt↑

코드      종목명           가격    RSI     변화율    거래량     BB   호가비  B/S
────────────────────────────────────────────────────────────────────────
[2단계 분석 대상: 403870, 004020, 000880, 000150, 096770]
403870  HPSP      46,250   50.0    -5.0%    0.9x     하단 21.85  1pt/0 [5분]
055550  신한지주      93,500    0.0    +0.0%    0.0x     중간  0.83  0pt/0 [일봉]
011200  HMM       19,720    0.0    +0.0%    0.0x     중간  1.33  0pt/0 [일봉]
015760  한국전력      39,000    0.0    +0.0%    0.0x     중간  2.03  0pt/0 [일봉]
035720  카카오       46,550    0.0    +0.0%    0.0x     중간  3.28  0pt/0 [일봉]
030200  KT        53,700    0.0    +0.0%    0.0x     중간  1.25  0pt/0 [일봉]
003490  대한항공      25,900    0.0    +0.0%    0.0x     중간  3.10  0pt/0 [일봉]
004020  현대제철      39,400   43.9    -2.1%    0.6x     하단 10.71  0pt/0 [5분]
078930  GS        72,200    0.0    +0.0%    0.0x     중간  0.39  0pt/0 [일봉]

══════════════════════════════════════════════════
⏰ 매수 세션 종료 (14:00↑) — 신규 매수 중단
→ 전종목 HOLD
✅ Discord 전송 완료

[14:08] HOLD | KODEX RSI70/+5.3%⬆️ | 보유:없음 | 최고신호 HPSP(403870) 1pt/3pt [RSI50]
💰 예수금 95,923원 | KODEX200 RSI70/+5.2% 상승추세⬆️  | 매수기준 점수3pt↑

코드      종목명           가격    RSI     변화율    거래량     BB   호가비  B/S
────────────────────────────────────────────────────────────────────────
[2단계 분석 대상: 403870, 000270, 004020, 272210, 096770]
403870  HPSP      46,500   58.8    -4.6%    0.9x     하단 10.49  1pt/0 [5분]
055550  신한지주      93,600    0.0    +0.0%    0.0x     중간  1.10  0pt/0 [일봉]
011200  HMM       19,730    0.0    +0.0%    0.0x     중간  1.16  0pt/0 [일봉]
015760  한국전력      38,950    0.0    +0.0%    0.0x     중간  2.34  0pt/0 [일봉]
035720  카카오       45,600    0.0    +0.0%    0.0x     중간  1.52  0pt/0 [일봉]
030200  KT        53,800    0.0    +0.0%    0.0x     중간  1.14  0pt/0 [일봉]
003490  대한항공      25,950    0.0    +0.0%    0.0x     중간  2.92  0pt/0 [일봉]
004020  현대제철      39,400   45.6    -2.0%    0.6x     하단  8.17  1pt/0 [5분]
078930  GS        72,400    0.0    +0.0%    0.0x     중간  0.55  0pt/0 [일봉]

══════════════════════════════════════════════════
⏰ 매수 세션 종료 (14:00↑) — 신규 매수 중단
→ 전종목 HOLD
✅ Discord 전송 완료

[14:10] HOLD | KODEX RSI70/+5.2%⬆️ | 보유:없음 | 최고신호 HPSP(403870) 1pt/3pt [RSI59]
💰 예수금 95,923원 | KODEX200 RSI70/+5.2% 상승추세⬆️  | 매수기준 점수3pt↑

코드      종목명           가격    RSI     변화율    거래량     BB   호가비  B/S
────────────────────────────────────────────────────────────────────────
[2단계 분석 대상: 403870, 004020, 096770, 000270, 247540]
403870  HPSP      46,500   58.8    -4.2%    0.9x     하단  9.72  1pt/0 [5분]
055550  신한지주      93,500    0.0    +0.0%    0.0x     중간  0.86  0pt/0 [일봉]
011200  HMM       19,750    0.0    +0.0%    0.0x     중간  1.65  0pt/0 [일봉]
015760  한국전력      38,950    0.0    +0.0%    0.0x     중간  2.31  0pt/0 [일봉]
035720  카카오       45,850    0.0    +0.0%    0.0x     중간  1.71  0pt/0 [일봉]
030200  KT        53,800    0.0    +0.0%    0.0x     중간  1.28  0pt/0 [일봉]
003490  대한항공      25,900    0.0    +0.0%    0.0x     중간  3.14  0pt/0 [일봉]
004020  현대제철      39,400   45.6    -2.0%    0.6x     하단  9.64  1pt/0 [5분]
078930  GS        72,900    0.0    +0.0%    0.0x     중간  1.04  0pt/0 [일봉]

══════════════════════════════════════════════════
⏰ 매수 세션 종료 (14:00↑) — 신규 매수 중단
→ 전종목 HOLD
✅ Discord 전송 완료

[14:12] HOLD | KODEX RSI70/+5.2%⬆️ | 보유:없음 | 최고신호 HPSP(403870) 1pt/3pt [RSI59]
💰 예수금 95,923원 | KODEX200 RSI70/+5.1% 상승추세⬆️  | 매수기준 점수3pt↑

코드      종목명           가격    RSI     변화율    거래량     BB   호가비  B/S
────────────────────────────────────────────────────────────────────────
[2단계 분석 대상: 086520, 403870, 004020, 096770, 000270]
403870  HPSP      46,400   60.6    -4.7%    0.9x     하단 10.20  1pt/0 [5분]
055550  신한지주      93,800    0.0    +0.0%    0.0x     중간  1.57  0pt/0 [일봉]
011200  HMM       19,790    0.0    +0.0%    0.0x     중간  1.58  0pt/0 [일봉]
015760  한국전력      38,950    0.0    +0.0%    0.0x     중간  2.13  0pt/0 [일봉]
035720  카카오       45,600    0.0    +0.0%    0.0x     중간  1.98  0pt/0 [일봉]
030200  KT        53,800    0.0    +0.0%    0.0x     중간  1.23  0pt/0 [일봉]
003490  대한항공      25,900    0.0    +0.0%    0.0x     중간  3.31  0pt/0 [일봉]
004020  현대제철      39,350   38.8    -2.1%    0.6x     하단  7.42  0pt/0 [5분]
078930  GS        72,600    0.0    +0.0%    0.0x     중간  1.86  0pt/0 [일봉]

══════════════════════════════════════════════════
⏰ 매수 세션 종료 (14:00↑) — 신규 매수 중단
→ 전종목 HOLD
✅ Discord 전송 완료

[14:14] HOLD | KODEX RSI70/+5.1%⬆️ | 보유:없음 | 최고신호 HPSP(403870) 1pt/3pt [RSI61]
💰 예수금 95,923원 | KODEX200 RSI69/+5.0% 상승추세⬆️  | 매수기준 점수3pt↑

코드      종목명           가격    RSI     변화율    거래량     BB   호가비  B/S
────────────────────────────────────────────────────────────────────────
[2단계 분석 대상: 403870, 000720, 066970, 096770, 004020]
403870  HPSP      46,350   60.6    -4.7%    0.9x     하단 12.08  1pt/0 [5분]
055550  신한지주      93,800    0.0    +0.0%    0.0x     중간  1.48  0pt/0 [일봉]
011200  HMM       19,800    0.0    +0.0%    0.0x     중간  2.63  0pt/0 [일봉]
015760  한국전력      38,950    0.0    +0.0%    0.0x     중간  2.09  0pt/0 [일봉]
035720  카카오       45,150    0.0    +0.0%    0.0x     중간  2.76  0pt/0 [일봉]
030200  KT        53,800    0.0    +0.0%    0.0x     중간  1.21  0pt/0 [일봉]
003490  대한항공      25,900    0.0    +0.0%    0.0x     중간  3.33  0pt/0 [일봉]
004020  현대제철      39,350   38.8    -2.1%    0.6x     하단  6.25  0pt/0 [5분]
078930  GS        72,600    0.0    +0.0%    0.0x     중간  2.29  0pt/0 [일봉]

══════════════════════════════════════════════════
⏰ 매수 세션 종료 (14:00↑) — 신규 매수 중단
→ 전종목 HOLD
✅ Discord 전송 완료

[14:16] HOLD | KODEX RSI69/+5.0%⬆️ | 보유:없음 | 최고신호 HPSP(403870) 1pt/3pt [RSI61]
💰 예수금 95,923원 | KODEX200 RSI69/+4.8% 상승추세⬆️  | 매수기준 점수3pt↑

코드      종목명           가격    RSI     변화율    거래량     BB   호가비  B/S
────────────────────────────────────────────────────────────────────────
[2단계 분석 대상: 403870, 096770, 004020, 086520, 066970]
403870  HPSP      46,400   60.6    -4.7%    0.9x     하단 10.46  1pt/0 [5분]
055550  신한지주      93,800    0.0    +0.0%    0.0x     중간  1.72  0pt/0 [일봉]
011200  HMM       19,790    0.0    +0.0%    0.0x     중간  2.24  0pt/0 [일봉]
015760  한국전력      38,900    0.0    +0.0%    0.0x     중간  2.48  0pt/0 [일봉]
035720  카카오       44,650    0.0    +0.0%    0.0x     중간  3.05  0pt/0 [일봉]
030200  KT        53,800    0.0    +0.0%    0.0x     중간  1.21  0pt/0 [일봉]
003490  대한항공      25,900    0.0    +0.0%    0.0x     중간  3.47  0pt/0 [일봉]
004020  현대제철      39,350   38.8    -2.2%    0.6x     하단  9.33  0pt/0 [5분]
078930  GS        72,600    0.0    +0.0%    0.0x     중간  2.00  0pt/0 [일봉]

══════════════════════════════════════════════════
⏰ 매수 세션 종료 (14:00↑) — 신규 매수 중단
→ 전종목 HOLD
✅ Discord 전송 완료

[14:18] HOLD | KODEX RSI69/+4.8%⬆️ | 보유:없음 | 최고신호 HPSP(403870) 1pt/3pt [RSI61]
💰 예수금 95,923원 | KODEX200 RSI70/+5.0% 상승추세⬆️  | 매수기준 점수3pt↑

코드      종목명           가격    RSI     변화율    거래량     BB   호가비  B/S
────────────────────────────────────────────────────────────────────────
[2단계 분석 대상: 096770, 403870, 004020, 086520, 000720]
403870  HPSP      46,300   60.6    -4.7%    0.9x     하단 12.64  1pt/0 [5분]
055550  신한지주      93,800    0.0    +0.0%    0.0x     중간  1.42  0pt/0 [일봉]
011200  HMM       19,770    0.0    +0.0%    0.0x     중간  1.37  0pt/0 [일봉]
015760  한국전력      39,000    0.0    +0.0%    0.0x     중간  2.16  0pt/0 [일봉]
035720  카카오       44,600    0.0    +0.0%    0.0x     중간  3.71  0pt/0 [일봉]
030200  KT        53,800    0.0    +0.0%    0.0x     중간  0.92  0pt/0 [일봉]
003490  대한항공      25,850    0.0    +0.0%    0.0x     중간  3.85  0pt/0 [일봉]
004020  현대제철      39,300   46.2    -2.2%    0.6x     하단  9.30  1pt/0 [5분]
078930  GS        72,500    0.0    +0.0%    0.0x     중간  1.11  0pt/0 [일봉]

══════════════════════════════════════════════════
⏰ 매수 세션 종료 (14:00↑) — 신규 매수 중단
→ 전종목 HOLD
✅ Discord 전송 완료

[14:20] HOLD | KODEX RSI70/+5.0%⬆️ | 보유:없음 | 최고신호 HPSP(403870) 1pt/3pt [RSI61]
💰 예수금 95,923원 | KODEX200 RSI69/+5.0% 상승추세⬆️  | 매수기준 점수3pt↑

코드      종목명           가격    RSI     변화율    거래량     BB   호가비  B/S
────────────────────────────────────────────────────────────────────────
[2단계 분석 대상: 004020, 403870, 000270, 066970, 035720]
403870  HPSP      46,500   60.6    -4.5%    0.9x     하단  8.93  1pt/0 [5분]
055550  신한지주      93,800    0.0    +0.0%    0.0x     중간  2.84  0pt/0 [일봉]
011200  HMM       19,770    0.0    +0.0%    0.0x     중간  1.84  0pt/0 [일봉]
015760  한국전력      39,000    0.0    +0.0%    0.0x     중간  2.10  0pt/0 [일봉]
035720  카카오       44,400   60.9    +5.6%    3.4x     상단  5.70  6pt/0 [5분]
030200  KT        53,900    0.0    +0.0%    0.0x     중간  0.84  0pt/0 [일봉]
003490  대한항공      25,900    0.0    +0.0%    0.0x     중간  3.32  0pt/0 [일봉]
004020  현대제철      39,300   46.2    -2.2%    0.6x     하단 11.65  1pt/0 [5분]
078930  GS        72,700    0.0    +0.0%    0.0x     중간  1.62  0pt/0 [일봉]

══════════════════════════════════════════════════
⏰ 매수 세션 종료 (14:00↑) — 신규 매수 중단
→ 전종목 HOLD
✅ Discord 전송 완료

[14:22] HOLD | KODEX RSI69/+5.0%⬆️ | 보유:없음 | 최고신호 카카오(035720) 6pt/3pt [강세+5.6%★ / 거래량3.4x★★ / RSI61]
💰 예수금 95,923원 | KODEX200 RSI69/+4.8% 상승추세⬆️  | 매수기준 점수3pt↑

코드      종목명           가격    RSI     변화율    거래량     BB   호가비  B/S
────────────────────────────────────────────────────────────────────────
[2단계 분석 대상: 403870, 004020, 000720, 035720, 000270]
403870  HPSP      46,500   55.2    -4.6%    0.9x     하단  8.79  1pt/0 [5분]
055550  신한지주      94,000    0.0    +0.0%    0.0x     중간  2.72  0pt/0 [일봉]
011200  HMM       19,790    0.0    +0.0%    0.0x     중간  1.51  0pt/0 [일봉]
015760  한국전력      38,950    0.0    +0.0%    0.0x     중간  2.21  0pt/0 [일봉]
035720  카카오       43,900   50.0    +4.9%    3.4x     상단  5.77  5pt/0 [5분]
030200  KT        53,800    0.0    +0.0%    0.0x     중간  1.36  0pt/0 [일봉]
003490  대한항공      25,850    0.0    +0.0%    0.0x     중간  3.42  0pt/0 [일봉]
004020  현대제철      39,200   39.3    -2.5%    0.6x     하단  7.95  0pt/0 [5분]
078930  GS        73,000    0.0    +0.0%    0.0x     중간  1.09  0pt/0 [일봉]

══════════════════════════════════════════════════
⏰ 매수 세션 종료 (14:00↑) — 신규 매수 중단
→ 전종목 HOLD
✅ Discord 전송 완료

[14:24] HOLD | KODEX RSI69/+4.8%⬆️ | 보유:없음 | 최고신호 카카오(035720) 5pt/3pt [상승+4.9% / 거래량3.4x★★ / RSI50]
💰 예수금 95,923원 | KODEX200 RSI69/+4.7% 상승추세⬆️  | 매수기준 점수3pt↑

코드      종목명           가격    RSI     변화율    거래량     BB   호가비  B/S
────────────────────────────────────────────────────────────────────────
[2단계 분석 대상: 000270, 035720, 017670, 403870, 086520]
403870  HPSP      46,400   55.2    -4.4%    0.9x     하단  8.51  1pt/0 [5분]
055550  신한지주      94,000    0.0    +0.0%    0.0x     중간  1.93  0pt/0 [일봉]
011200  HMM       19,830    0.0    +0.0%    0.0x     중간  1.08  0pt/0 [일봉]
015760  한국전력      38,950    0.0    +0.0%    0.0x     중간  2.22  0pt/0 [일봉]
035720  카카오       43,700   50.0    +4.2%    3.5x     상단  9.23  5pt/0 [5분]
030200  KT        53,800    0.0    +0.0%    0.0x     중간  1.24  0pt/0 [일봉]
003490  대한항공      25,850    0.0    +0.0%    0.0x     중간  3.25  0pt/0 [일봉]
004020  현대제철      39,150    0.0    +0.0%    0.0x     중간  6.24  0pt/0 [일봉]
078930  GS        73,100    0.0    +0.0%    0.0x     중간  1.13  0pt/0 [일봉]

══════════════════════════════════════════════════
⏰ 매수 세션 종료 (14:00↑) — 신규 매수 중단
→ 전종목 HOLD
✅ Discord 전송 완료

[14:26] HOLD | KODEX RSI69/+4.7%⬆️ | 보유:없음 | 최고신호 카카오(035720) 5pt/3pt [상승+4.2% / 거래량3.5x★★ / RSI50]
💰 예수금 95,923원 | KODEX200 RSI69/+4.4% 상승추세⬆️  | 매수기준 점수3pt↑

코드      종목명           가격    RSI     변화율    거래량     BB   호가비  B/S
────────────────────────────────────────────────────────────────────────
[2단계 분석 대상: 066970, 086520, 000270, 096770, 000720]
403870  HPSP      46,400    0.0    +0.0%    0.0x     중간  7.47  0pt/0 [일봉]
055550  신한지주      93,900    0.0    +0.0%    0.0x     중간  1.54  0pt/0 [일봉]
011200  HMM       19,810    0.0    +0.0%    0.0x     중간  1.02  0pt/0 [일봉]
015760  한국전력      38,900    0.0    +0.0%    0.0x     중간  2.41  0pt/0 [일봉]
035720  카카오       43,600    0.0    +0.0%    0.0x     중간  6.58  0pt/0 [일봉]
030200  KT        53,700    0.0    +0.0%    0.0x     중간  1.27  0pt/0 [일봉]
003490  대한항공      25,850    0.0    +0.0%    0.0x     중간  3.25  0pt/0 [일봉]
004020  현대제철      39,100    0.0    +0.0%    0.0x     중간  5.25  0pt/0 [일봉]
078930  GS        73,300    0.0    +0.0%    0.0x     중간  1.21  0pt/0 [일봉]

══════════════════════════════════════════════════
⏰ 매수 세션 종료 (14:00↑) — 신규 매수 중단
→ 전종목 HOLD
✅ Discord 전송 완료

[14:28] HOLD | KODEX RSI69/+4.4%⬆️ | 보유:없음 | 최고신호 HPSP(403870) 0pt/3pt
💰 예수금 95,923원 | KODEX200 RSI69/+4.1% 상승추세⬆️  | 매수기준 점수3pt↑

코드      종목명           가격    RSI     변화율    거래량     BB   호가비  B/S
────────────────────────────────────────────────────────────────────────
[2단계 분석 대상: 086520, 096770, 066970, 403870, 000720]
403870  HPSP      46,350   64.5    -4.8%    0.9x     하단  8.02  2pt/0 [5분]
055550  신한지주      94,000    0.0    +0.0%    0.0x     중간  2.45  0pt/0 [일봉]
011200  HMM       19,840    0.0    +0.0%    0.0x     중간  0.65  0pt/0 [일봉]
015760  한국전력      38,950    0.0    +0.0%    0.0x     중간  2.39  0pt/0 [일봉]
035720  카카오       43,450    0.0    +0.0%    0.0x     중간  3.77  0pt/0 [일봉]
030200  KT        53,700    0.0    +0.0%    0.0x     중간  1.21  0pt/0 [일봉]
003490  대한항공      25,900    0.0    +0.0%    0.0x     중간  3.40  0pt/0 [일봉]
004020  현대제철      39,200    0.0    +0.0%    0.0x     중간  6.59  0pt/0 [일봉]
078930  GS        73,300    0.0    +0.0%    0.0x     중간  0.60  0pt/0 [일봉]

══════════════════════════════════════════════════
⏰ 매수 세션 종료 (14:00↑) — 신규 매수 중단
→ 전종목 HOLD
✅ Discord 전송 완료

[14:30] HOLD | KODEX RSI69/+4.1%⬆️ | 보유:없음 | 최고신호 HPSP(403870) 2pt/3pt [RSI64 / 연속상승]
💰 예수금 95,923원 | KODEX200 RSI69/+4.2% 상승추세⬆️  | 매수기준 점수3pt↑

코드      종목명           가격    RSI     변화율    거래량     BB   호가비  B/S
────────────────────────────────────────────────────────────────────────
[2단계 분석 대상: 086520, 096770, 403870, 066970, 004020]
403870  HPSP      46,300   64.5    -4.8%    0.9x     하단 10.52  2pt/0 [5분]
055550  신한지주      93,800    0.0    +0.0%    0.0x     중간  1.33  0pt/0 [일봉]
011200  HMM       19,800    0.0    +0.0%    0.0x     중간  0.95  0pt/0 [일봉]
015760  한국전력      38,900    0.0    +0.0%    0.0x     중간  2.45  0pt/0 [일봉]
035720  카카오       43,550    0.0    +0.0%    0.0x     중간  3.09  0pt/0 [일봉]
030200  KT        53,700    0.0    +0.0%    0.0x     중간  1.21  0pt/0 [일봉]
003490  대한항공      25,850    0.0    +0.0%    0.0x     중간  3.70  0pt/0 [일봉]
004020  현대제철      39,200   44.6    -2.6%    0.6x     하단  6.01  1pt/0 [5분]
078930  GS        73,100    0.0    +0.0%    0.0x     중간  0.41  0pt/0 [일봉]

══════════════════════════════════════════════════
⏰ 매수 세션 종료 (14:00↑) — 신규 매수 중단
→ 전종목 HOLD
✅ Discord 전송 완료

[14:32] HOLD | KODEX RSI69/+4.2%⬆️ | 보유:없음 | 최고신호 HPSP(403870) 2pt/3pt [RSI64 / 연속상승]
💰 예수금 95,923원 | KODEX200 RSI69/+4.1% 상승추세⬆️  | 매수기준 점수3pt↑

코드      종목명           가격    RSI     변화율    거래량     BB   호가비  B/S
────────────────────────────────────────────────────────────────────────
[2단계 분석 대상: 096770, 000720, 086520, 035720, 403870]
403870  HPSP      46,350   57.6    -4.8%    0.9x     하단  7.19  1pt/0 [5분]
055550  신한지주      93,800    0.0    +0.0%    0.0x     중간  1.53  0pt/0 [일봉]
011200  HMM       19,790    0.0    +0.0%    0.0x     중간  1.28  0pt/0 [일봉]
015760  한국전력      38,850    0.0    +0.0%    0.0x     중간  2.37  0pt/0 [일봉]
035720  카카오       43,300   58.6    +3.0%    3.6x     상단  7.28  5pt/0 [5분]
030200  KT        53,800    0.0    +0.0%    0.0x     중간  0.90  0pt/0 [일봉]
003490  대한항공      25,850    0.0    +0.0%    0.0x     중간  3.54  0pt/0 [일봉]
004020  현대제철      39,100    0.0    +0.0%    0.0x     중간  5.71  0pt/0 [일봉]
078930  GS        73,300    0.0    +0.0%    0.0x     중간  0.53  0pt/0 [일봉]

══════════════════════════════════════════════════
⏰ 매수 세션 종료 (14:00↑) — 신규 매수 중단
→ 전종목 HOLD
✅ Discord 전송 완료

[14:34] HOLD | KODEX RSI69/+4.1%⬆️ | 보유:없음 | 최고신호 카카오(035720) 5pt/3pt [상승+3.0% / 거래량3.6x★★ / RSI59]
💰 예수금 95,923원 | KODEX200 RSI69/+4.0% 상승추세⬆️  | 매수기준 점수3pt↑

코드      종목명           가격    RSI     변화율    거래량     BB   호가비  B/S
────────────────────────────────────────────────────────────────────────
[2단계 분석 대상: 096770, 066970, 000720, 086520, 000880]
403870  HPSP      46,300    0.0    +0.0%    0.0x     중간  9.08  0pt/0 [일봉]
055550  신한지주      93,700    0.0    +0.0%    0.0x     중간  1.47  0pt/0 [일봉]
011200  HMM       19,780    0.0    +0.0%    0.0x     중간  1.24  0pt/0 [일봉]
015760  한국전력      38,850    0.0    +0.0%    0.0x     중간  2.71  0pt/0 [일봉]
035720  카카오       43,400    0.0    +0.0%    0.0x     중간  5.67  0pt/0 [일봉]
030200  KT        53,800    0.0    +0.0%    0.0x     중간  1.00  0pt/0 [일봉]
003490  대한항공      25,850    0.0    +0.0%    0.0x     중간  3.32  0pt/0 [일봉]
004020  현대제철      39,050    0.0    +0.0%    0.0x     중간  5.61  0pt/0 [일봉]
078930  GS        73,300    0.0    +0.0%    0.0x     중간  0.47  0pt/0 [일봉]

══════════════════════════════════════════════════
⏰ 매수 세션 종료 (14:00↑) — 신규 매수 중단
→ 전종목 HOLD
✅ Discord 전송 완료

[14:36] HOLD | KODEX RSI69/+4.0%⬆️ | 보유:없음 | 최고신호 HPSP(403870) 0pt/3pt
💰 예수금 95,923원 | KODEX200 RSI69/+3.9% 상승추세⬆️  | 매수기준 점수3pt↑

코드      종목명           가격    RSI     변화율    거래량     BB   호가비  B/S
────────────────────────────────────────────────────────────────────────
[2단계 분석 대상: 000720, 086520, 066970, 096770, 403870]
403870  HPSP      46,300   57.6    -4.8%    0.9x     하단  9.38  1pt/0 [5분]
055550  신한지주      93,800    0.0    +0.0%    0.0x     중간  2.17  0pt/0 [일봉]
011200  HMM       19,780    0.0    +0.0%    0.0x     중간  2.12  0pt/0 [일봉]
015760  한국전력      38,850    0.0    +0.0%    0.0x     중간  2.41  0pt/0 [일봉]
035720  카카오       43,250    0.0    +0.0%    0.0x     중간  5.36  0pt/0 [일봉]
030200  KT        53,700    0.0    +0.0%    0.0x     중간  1.03  0pt/0 [일봉]
003490  대한항공      25,850    0.0    +0.0%    0.0x     중간  2.78  0pt/0 [일봉]
004020  현대제철      39,050    0.0    +0.0%    0.0x     중간  5.03  0pt/0 [일봉]
078930  GS        73,100    0.0    +0.0%    0.0x     중간  0.44  0pt/0 [일봉]

══════════════════════════════════════════════════
⏰ 매수 세션 종료 (14:00↑) — 신규 매수 중단
→ 전종목 HOLD
✅ Discord 전송 완료

[14:38] HOLD | KODEX RSI69/+3.9%⬆️ | 보유:없음 | 최고신호 HPSP(403870) 1pt/3pt [RSI58]
💰 예수금 95,923원 | KODEX200 RSI69/+4.4% 상승추세⬆️  | 매수기준 점수3pt↑

코드      종목명           가격    RSI     변화율    거래량     BB   호가비  B/S
────────────────────────────────────────────────────────────────────────
[2단계 분석 대상: 096770, 086520, 066970, 000720, 403870]
403870  HPSP      46,350   40.5    -4.8%    0.9x     하단  7.63  0pt/0 [5분]
055550  신한지주      93,800    0.0    +0.0%    0.0x     중간  1.66  0pt/0 [일봉]
011200  HMM       19,770    0.0    +0.0%    0.0x     중간  2.21  0pt/0 [일봉]
015760  한국전력      38,850    0.0    +0.0%    0.0x     중간  2.24  0pt/0 [일봉]
035720  카카오       43,450    0.0    +0.0%    0.0x     중간  4.19  0pt/0 [일봉]
030200  KT        53,700    0.0    +0.0%    0.0x     중간  0.95  0pt/0 [일봉]
003490  대한항공      25,900    0.0    +0.0%    0.0x     중간  3.09  0pt/0 [일봉]
004020  현대제철      39,100    0.0    +0.0%    0.0x     중간  4.13  0pt/0 [일봉]
078930  GS        73,100    0.0    +0.0%    0.0x     중간  0.44  0pt/0 [일봉]

══════════════════════════════════════════════════
⏰ 매수 세션 종료 (14:00↑) — 신규 매수 중단
→ 전종목 HOLD
✅ Discord 전송 완료

[14:40] HOLD | KODEX RSI69/+4.4%⬆️ | 보유:없음 | 최고신호 HPSP(403870) 0pt/3pt
💰 예수금 95,923원 | KODEX200 RSI69/+4.5% 상승추세⬆️  | 매수기준 점수3pt↑

코드      종목명           가격    RSI     변화율    거래량     BB   호가비  B/S
────────────────────────────────────────────────────────────────────────
[2단계 분석 대상: 096770, 066970, 403870, 086520, 035720]
403870  HPSP      46,350   40.5    -4.6%    1.0x     하단  7.63  0pt/0 [5분]
055550  신한지주      93,700    0.0    +0.0%    0.0x     중간  1.22  0pt/0 [일봉]
011200  HMM       19,760    0.0    +0.0%    0.0x     중간  1.79  0pt/0 [일봉]
015760  한국전력      38,850    0.0    +0.0%    0.0x     중간  2.09  0pt/0 [일봉]
035720  카카오       43,400   60.7    +3.5%    3.6x     상단  6.49  5pt/0 [5분]
030200  KT        53,900    0.0    +0.0%    0.0x     중간  0.83  0pt/0 [일봉]
003490  대한항공      25,900    0.0    +0.0%    0.0x     중간  2.96  0pt/0 [일봉]
004020  현대제철      39,100    0.0    +0.0%    0.0x     중간  4.17  0pt/0 [일봉]
078930  GS        73,200    0.0    +0.0%    0.0x     중간  0.40  0pt/0 [일봉]

══════════════════════════════════════════════════
⏰ 매수 세션 종료 (14:00↑) — 신규 매수 중단
→ 전종목 HOLD
✅ Discord 전송 완료

[14:42] HOLD | KODEX RSI69/+4.5%⬆️ | 보유:없음 | 최고신호 카카오(035720) 5pt/3pt [상승+3.5% / 거래량3.6x★★ / RSI61]
💰 예수금 95,923원 | KODEX200 RSI69/+4.7% 상승추세⬆️  | 매수기준 점수3pt↑

코드      종목명           가격    RSI     변화율    거래량     BB   호가비  B/S
────────────────────────────────────────────────────────────────────────
[2단계 분석 대상: 017670, 096770, 066970, 000720, 086520]
403870  HPSP      46,500    0.0    +0.0%    0.0x     중간  5.92  0pt/0 [일봉]
055550  신한지주      93,800    0.0    +0.0%    0.0x     중간  1.53  0pt/0 [일봉]
011200  HMM       19,760    0.0    +0.0%    0.0x     중간  2.08  0pt/0 [일봉]
015760  한국전력      38,900    0.0    +0.0%    0.0x     중간  2.92  0pt/0 [일봉]
035720  카카오       43,500    0.0    +0.0%    0.0x     중간  5.54  0pt/0 [일봉]
030200  KT        53,800    0.0    +0.0%    0.0x     중간  1.10  0pt/0 [일봉]
003490  대한항공      25,900    0.0    +0.0%    0.0x     중간  3.08  0pt/0 [일봉]
004020  현대제철      39,100    0.0    +0.0%    0.0x     중간  4.16  0pt/0 [일봉]
078930  GS        73,200    0.0    +0.0%    0.0x     중간  0.41  0pt/0 [일봉]

══════════════════════════════════════════════════
⏰ 매수 세션 종료 (14:00↑) — 신규 매수 중단
→ 전종목 HOLD
✅ Discord 전송 완료

[14:44] HOLD | KODEX RSI69/+4.7%⬆️ | 보유:없음 | 최고신호 HPSP(403870) 0pt/3pt
💰 예수금 95,923원 | KODEX200 RSI69/+4.7% 상승추세⬆️  | 매수기준 점수3pt↑

코드      종목명           가격    RSI     변화율    거래량     BB   호가비  B/S
────────────────────────────────────────────────────────────────────────
[2단계 분석 대상: 096770, 066970, 403870, 035720, 000720]
403870  HPSP      46,450   48.7    -4.6%    1.0x     하단  7.50  1pt/0 [5분]
055550  신한지주      93,900    0.0    +0.0%    0.0x     중간  2.24  0pt/0 [일봉]
011200  HMM       19,770    0.0    +0.0%    0.0x     중간  2.67  0pt/0 [일봉]
015760  한국전력      38,900    0.0    +0.0%    0.0x     중간  2.63  0pt/0 [일봉]
035720  카카오       43,150   57.1    +2.5%    3.7x     상단  6.48  5pt/0 [5분]
030200  KT        53,600    0.0    +0.0%    0.0x     중간  1.04  0pt/0 [일봉]
003490  대한항공      25,900    0.0    +0.0%    0.0x     중간  3.04  0pt/0 [일봉]
004020  현대제철      39,100    0.0    +0.0%    0.0x     중간  5.03  0pt/0 [일봉]
078930  GS        73,300    0.0    +0.0%    0.0x     중간  0.41  0pt/0 [일봉]

══════════════════════════════════════════════════
⏰ 매수 세션 종료 (14:00↑) — 신규 매수 중단
→ 전종목 HOLD
✅ Discord 전송 완료

[14:46] HOLD | KODEX RSI69/+4.7%⬆️ | 보유:없음 | 최고신호 카카오(035720) 5pt/3pt [상승+2.5% / 거래량3.7x★★ / RSI57]
💰 예수금 95,923원 | KODEX200 RSI69/+5.0% 상승추세⬆️  | 매수기준 점수3pt↑

코드      종목명           가격    RSI     변화율    거래량     BB   호가비  B/S
────────────────────────────────────────────────────────────────────────
[2단계 분석 대상: 096770, 066970, 403870, 000720, 004020]
403870  HPSP      46,400   48.7    -4.8%    1.0x     하단  7.50  1pt/0 [5분]
055550  신한지주      93,900    0.0    +0.0%    0.0x     중간  2.28  0pt/0 [일봉]
011200  HMM       19,770    0.0    +0.0%    0.0x     중간  2.55  0pt/0 [일봉]
015760  한국전력      38,900    0.0    +0.0%    0.0x     중간  2.86  0pt/0 [일봉]
035720  카카오       43,350    0.0    +0.0%    0.0x     중간  2.36  0pt/0 [일봉]
030200  KT        53,600    0.0    +0.0%    0.0x     중간  1.04  0pt/0 [일봉]
003490  대한항공      25,900    0.0    +0.0%    0.0x     중간  3.43  0pt/0 [일봉]
004020  현대제철      39,150   50.0    -2.7%    0.7x     하단  5.44  1pt/0 [5분]
078930  GS        73,300    0.0    +0.0%    0.0x     중간  0.47  0pt/0 [일봉]

══════════════════════════════════════════════════
⏰ 매수 세션 종료 (14:00↑) — 신규 매수 중단
→ 전종목 HOLD
✅ Discord 전송 완료

[14:48] HOLD | KODEX RSI69/+5.0%⬆️ | 보유:없음 | 최고신호 HPSP(403870) 1pt/3pt [RSI49]
💰 예수금 95,923원 | KODEX200 RSI70/+5.1% 상승추세⬆️  | 매수기준 점수3pt↑

코드      종목명           가격    RSI     변화율    거래량     BB   호가비  B/S
────────────────────────────────────────────────────────────────────────
[2단계 분석 대상: 096770, 066970, 403870, 000720, 004020]
403870  HPSP      46,350   48.7    -4.7%    1.0x     하단  5.86  1pt/0 [5분]
055550  신한지주      94,000    0.0    +0.0%    0.0x     중간  1.98  0pt/0 [일봉]
011200  HMM       19,760    0.0    +0.0%    0.0x     중간  1.21  0pt/0 [일봉]
015760  한국전력      39,000    0.0    +0.0%    0.0x     중간  2.42  0pt/0 [일봉]
035720  카카오       43,500    0.0    +0.0%    0.0x     중간  1.94  0pt/0 [일봉]
030200  KT        53,800    0.0    +0.0%    0.0x     중간  0.99  0pt/0 [일봉]
003490  대한항공      25,900    0.0    +0.0%    0.0x     중간  3.66  0pt/0 [일봉]
004020  현대제철      39,150   47.6    -2.7%    0.7x     하단  4.63  1pt/0 [5분]
078930  GS        73,200    0.0    +0.0%    0.0x     중간  0.52  0pt/0 [일봉]

══════════════════════════════════════════════════
⏰ 매수 세션 종료 (14:00↑) — 신규 매수 중단
→ 전종목 HOLD
✅ Discord 전송 완료

[14:50] HOLD | KODEX RSI70/+5.1%⬆️ | 보유:없음 | 최고신호 HPSP(403870) 1pt/3pt [RSI49]
💰 예수금 95,923원 | KODEX200 RSI69/+5.0% 상승추세⬆️  | 매수기준 점수3pt↑

코드      종목명           가격    RSI     변화율    거래량     BB   호가비  B/S
────────────────────────────────────────────────────────────────────────
[2단계 분석 대상: 096770, 403870, 066970, 035720, 000720]
403870  HPSP      46,350   48.7    -4.6%    1.0x     하단  7.40  1pt/0 [5분]
055550  신한지주      94,000    0.0    +0.0%    0.0x     중간  1.40  0pt/0 [일봉]
011200  HMM       19,800    0.0    +0.0%    0.0x     중간  1.42  0pt/0 [일봉]
015760  한국전력      38,950    0.0    +0.0%    0.0x     중간  3.03  0pt/0 [일봉]
035720  카카오       42,900   60.0    +2.4%    3.8x     상단  7.17  5pt/0 [5분]
030200  KT        53,900    0.0    +0.0%    0.0x     중간  0.68  0pt/0 [일봉]
003490  대한항공      25,900    0.0    +0.0%    0.0x     중간  3.64  0pt/0 [일봉]
004020  현대제철      39,150    0.0    +0.0%    0.0x     중간  4.86  0pt/0 [일봉]
078930  GS        73,500    0.0    +0.0%    0.0x     중간  0.73  0pt/0 [일봉]

══════════════════════════════════════════════════
⏰ 매수 세션 종료 (14:00↑) — 신규 매수 중단
→ 전종목 HOLD
✅ Discord 전송 완료

[14:52] HOLD | KODEX RSI69/+5.0%⬆️ | 보유:없음 | 최고신호 카카오(035720) 5pt/3pt [상승+2.4% / 거래량3.8x★★ / RSI60]
💰 예수금 95,923원 | KODEX200 RSI69/+4.9% 상승추세⬆️  | 매수기준 점수3pt↑

코드      종목명           가격    RSI     변화율    거래량     BB   호가비  B/S
────────────────────────────────────────────────────────────────────────
[2단계 분석 대상: 096770, 403870, 066970, 000720, 004020]
403870  HPSP      46,450   50.0    -4.5%    1.0x     하단  7.68  1pt/0 [5분]
055550  신한지주      94,000    0.0    +0.0%    0.0x     중간  0.83  0pt/0 [일봉]
011200  HMM       19,760    0.0    +0.0%    0.0x     중간  2.59  0pt/0 [일봉]
015760  한국전력      38,950    0.0    +0.0%    0.0x     중간  2.61  0pt/0 [일봉]
035720  카카오       43,200    0.0    +0.0%    0.0x     중간  2.97  0pt/0 [일봉]
030200  KT        54,100    0.0    +0.0%    0.0x     중간  0.75  0pt/0 [일봉]
003490  대한항공      25,950    0.0    +0.0%    0.0x     중간  1.76  0pt/0 [일봉]
004020  현대제철      39,100   46.2    -2.7%    0.7x     하단  4.73  1pt/0 [5분]
078930  GS        73,300    0.0    +0.0%    0.0x     중간  0.59  0pt/0 [일봉]

══════════════════════════════════════════════════
⏰ 매수 세션 종료 (14:00↑) — 신규 매수 중단
→ 전종목 HOLD
✅ Discord 전송 완료

[14:54] HOLD | KODEX RSI69/+4.9%⬆️ | 보유:없음 | 최고신호 HPSP(403870) 1pt/3pt [RSI50]
💰 예수금 95,923원 | KODEX200 RSI69/+5.0% 상승추세⬆️  | 매수기준 점수3pt↑

코드      종목명           가격    RSI     변화율    거래량     BB   호가비  B/S
────────────────────────────────────────────────────────────────────────
[2단계 분석 대상: 096770, 000150, 066970, 000720, 403870]
403870  HPSP      46,450   50.0    -4.5%    1.0x     하단  7.41  1pt/0 [5분]
055550  신한지주      93,900    0.0    +0.0%    0.0x     중간  2.39  0pt/0 [일봉]
011200  HMM       19,760    0.0    +0.0%    0.0x     중간  2.43  0pt/0 [일봉]
015760  한국전력      38,900    0.0    +0.0%    0.0x     중간  2.89  0pt/0 [일봉]
035720  카카오       43,050    0.0    +0.0%    0.0x     중간  3.24  0pt/0 [일봉]
030200  KT        54,100    0.0    +0.0%    0.0x     중간  0.89  0pt/0 [일봉]
003490  대한항공      25,900    0.0    +0.0%    0.0x     중간  1.92  0pt/0 [일봉]
004020  현대제철      39,100    0.0    +0.0%    0.0x     중간  3.50  0pt/0 [일봉]
078930  GS        73,400    0.0    +0.0%    0.0x     중간  0.32  0pt/0 [일봉]

══════════════════════════════════════════════════
⏰ 매수 세션 종료 (14:00↑) — 신규 매수 중단
→ 전종목 HOLD
✅ Discord 전송 완료

[14:56] HOLD | KODEX RSI69/+5.0%⬆️ | 보유:없음 | 최고신호 HPSP(403870) 1pt/3pt [RSI50]
💰 예수금 95,923원 | KODEX200 RSI69/+4.8% 상승추세⬆️  | 매수기준 점수3pt↑

코드      종목명           가격    RSI     변화율    거래량     BB   호가비  B/S
────────────────────────────────────────────────────────────────────────
[2단계 분석 대상: 096770, 000150, 000880, 066970, 403870]
403870  HPSP      46,400   50.0    -4.6%    1.0x     하단  8.41  1pt/0 [5분]
055550  신한지주      93,900    0.0    +0.0%    0.0x     중간  1.60  0pt/0 [일봉]
011200  HMM       19,760    0.0    +0.0%    0.0x     중간  3.15  0pt/0 [일봉]
015760  한국전력      38,900    0.0    +0.0%    0.0x     중간  2.54  0pt/0 [일봉]
035720  카카오       42,800    0.0    +0.0%    0.0x     중간  4.60  0pt/0 [일봉]
030200  KT        54,300    0.0    +0.0%    0.0x     중간  0.88  0pt/0 [일봉]
003490  대한항공      25,950    0.0    +0.0%    0.0x     중간  1.76  0pt/0 [일봉]
004020  현대제철      39,050    0.0    +0.0%    0.0x     중간  2.97  0pt/0 [일봉]
078930  GS        73,200    0.0    +0.0%    0.0x     중간  0.40  0pt/0 [일봉]

══════════════════════════════════════════════════
⏰ 매수 세션 종료 (14:00↑) — 신규 매수 중단
→ 전종목 HOLD
✅ Discord 전송 완료

[14:58] HOLD | KODEX RSI69/+4.8%⬆️ | 보유:없음 | 최고신호 HPSP(403870) 1pt/3pt [RSI50]
💰 예수금 95,923원 | KODEX200 RSI69/+4.9% 상승추세⬆️  | 매수기준 점수3pt↑

코드      종목명           가격    RSI     변화율    거래량     BB   호가비  B/S
────────────────────────────────────────────────────────────────────────
[2단계 분석 대상: 000880, 096770, 000720, 066970, 403870]
403870  HPSP      46,500   55.3    -4.3%    1.0x     하단  5.57  1pt/0 [5분]
055550  신한지주      94,000    0.0    +0.0%    0.0x     중간  2.00  0pt/0 [일봉]
011200  HMM       19,760    0.0    +0.0%    0.0x     중간  3.37  0pt/0 [일봉]
015760  한국전력      38,950    0.0    +0.0%    0.0x     중간  2.42  0pt/0 [일봉]
035720  카카오       42,900    0.0    +0.0%    0.0x     중간  4.20  0pt/0 [일봉]
030200  KT        54,000    0.0    +0.0%    0.0x     중간  0.85  0pt/0 [일봉]
003490  대한항공      25,950    0.0    +0.0%    0.0x     중간  1.79  0pt/0 [일봉]
004020  현대제철      39,200    0.0    +0.0%    0.0x     중간  3.74  0pt/0 [일봉]
078930  GS        73,200    0.0    +0.0%    0.0x     중간  0.43  0pt/0 [일봉]

══════════════════════════════════════════════════
⏰ 매수 세션 종료 (14:00↑) — 신규 매수 중단
→ 전종목 HOLD
✅ Discord 전송 완료

[15:00] HOLD | KODEX RSI69/+4.9%⬆️ | 보유:없음 | 최고신호 HPSP(403870) 1pt/3pt [RSI55]
💰 예수금 95,923원 | KODEX200 RSI69/+4.9% 상승추세⬆️  | 매수기준 점수3pt↑

코드      종목명           가격    RSI     변화율    거래량     BB   호가비  B/S
────────────────────────────────────────────────────────────────────────
[2단계 분석 대상: 096770, 086520, 000720, 035720, 000880]
403870  HPSP      46,550    0.0    +0.0%    0.0x     중간  3.10  0pt/0 [일봉]
055550  신한지주      93,600    0.0    +0.0%    0.0x     중간  2.61  0pt/0 [일봉]
011200  HMM       19,770    0.0    +0.0%    0.0x     중간  2.41  0pt/0 [일봉]
015760  한국전력      38,950    0.0    +0.0%    0.0x     중간  2.50  0pt/0 [일봉]
035720  카카오       42,750   66.7    +1.7%    3.8x     상단  8.17  5pt/0 [5분]
030200  KT        53,800    0.0    +0.0%    0.0x     중간  1.29  0pt/0 [일봉]
003490  대한항공      25,950    0.0    +0.0%    0.0x     중간  1.80  0pt/0 [일봉]
004020  현대제철      39,100    0.0    +0.0%    0.0x     중간  3.63  0pt/0 [일봉]
078930  GS        73,200    0.0    +0.0%    0.0x     중간  0.47  0pt/0 [일봉]

══════════════════════════════════════════════════
⏰ 매수 세션 종료 (14:00↑) — 신규 매수 중단
→ 전종목 HOLD
✅ Discord 전송 완료

[15:02] HOLD | KODEX RSI69/+4.9%⬆️ | 보유:없음 | 최고신호 카카오(035720) 5pt/3pt [상승+1.7% / 거래량3.8x★★ / 연속상승]
💰 예수금 95,923원 | KODEX200 RSI69/+4.9% 상승추세⬆️  | 매수기준 점수3pt↑

코드      종목명           가격    RSI     변화율    거래량     BB   호가비  B/S
────────────────────────────────────────────────────────────────────────
[2단계 분석 대상: 096770, 000880, 000720, 329180, 086520]
403870  HPSP      46,600    0.0    +0.0%    0.0x     중간  2.78  0pt/0 [일봉]
055550  신한지주      93,300    0.0    +0.0%    0.0x     중간  2.24  0pt/0 [일봉]
011200  HMM       19,750    0.0    +0.0%    0.0x     중간  3.03  0pt/0 [일봉]
015760  한국전력      38,950    0.0    +0.0%    0.0x     중간  2.45  0pt/0 [일봉]
035720  카카오       42,800    0.0    +0.0%    0.0x     중간  5.02  0pt/0 [일봉]
030200  KT        53,600    0.0    +0.0%    0.0x     중간  1.40  0pt/0 [일봉]
003490  대한항공      25,900    0.0    +0.0%    0.0x     중간  1.91  0pt/0 [일봉]
004020  현대제철      39,100    0.0    +0.0%    0.0x     중간  3.89  0pt/0 [일봉]
078930  GS        73,100    0.0    +0.0%    0.0x     중간  0.35  0pt/0 [일봉]

══════════════════════════════════════════════════
⏰ 매수 세션 종료 (14:00↑) — 신규 매수 중단
→ 전종목 HOLD
✅ Discord 전송 완료

[15:04] HOLD | KODEX RSI69/+4.9%⬆️ | 보유:없음 | 최고신호 HPSP(403870) 0pt/3pt
💰 예수금 95,923원 | KODEX200 RSI70/+5.1% 상승추세⬆️  | 매수기준 점수3pt↑

코드      종목명           가격    RSI     변화율    거래량     BB   호가비  B/S
────────────────────────────────────────────────────────────────────────
[2단계 분석 대상: 096770, 000720, 000880, 272210, 066970]
403870  HPSP      46,550    0.0    +0.0%    0.0x     중간  3.34  0pt/0 [일봉]
055550  신한지주      93,200    0.0    +0.0%    0.0x     중간  1.20  0pt/0 [일봉]
011200  HMM       19,740    0.0    +0.0%    0.0x     중간  2.75  0pt/0 [일봉]
015760  한국전력      38,900    0.0    +0.0%    0.0x     중간  3.17  0pt/0 [일봉]
035720  카카오       42,850    0.0    +0.0%    0.0x     중간  3.06  0pt/0 [일봉]
030200  KT        53,600    0.0    +0.0%    0.0x     중간  1.46  0pt/0 [일봉]
003490  대한항공      25,900    0.0    +0.0%    0.0x     중간  1.84  0pt/0 [일봉]
004020  현대제철      39,000    0.0    +0.0%    0.0x     중간  4.51  0pt/0 [일봉]
078930  GS        73,000    0.0    +0.0%    0.0x     중간  0.68  0pt/0 [일봉]

══════════════════════════════════════════════════
⏰ 매수 세션 종료 (14:00↑) — 신규 매수 중단
→ 전종목 HOLD
✅ Discord 전송 완료

[15:06] HOLD | KODEX RSI70/+5.1%⬆️ | 보유:없음 | 최고신호 HPSP(403870) 0pt/3pt
💰 예수금 95,923원 | KODEX200 RSI70/+5.2% 상승추세⬆️  | 매수기준 점수3pt↑

코드      종목명           가격    RSI     변화율    거래량     BB   호가비  B/S
────────────────────────────────────────────────────────────────────────
[2단계 분석 대상: 096770, 000720, 403870, 004020, 000880]
403870  HPSP      46,500   51.4    -4.4%    1.0x     하단  7.16  2pt/0 [5분]
055550  신한지주      93,300    0.0    +0.0%    0.0x     중간  1.45  0pt/0 [일봉]
011200  HMM       19,740    0.0    +0.0%    0.0x     중간  5.56  0pt/0 [일봉]
015760  한국전력      38,900    0.0    +0.0%    0.0x     중간  2.85  0pt/0 [일봉]
035720  카카오       42,950    0.0    +0.0%    0.0x     중간  2.43  0pt/0 [일봉]
030200  KT        53,600    0.0    +0.0%    0.0x     중간  1.34  0pt/0 [일봉]
003490  대한항공      25,900    0.0    +0.0%    0.0x     중간  1.80  0pt/0 [일봉]
004020  현대제철      39,000   40.0    -2.9%    0.7x     하단  7.16  1pt/0 [5분]
078930  GS        73,100    0.0    +0.0%    0.0x     중간  0.47  0pt/0 [일봉]

══════════════════════════════════════════════════
⏰ 매수 세션 종료 (14:00↑) — 신규 매수 중단
→ 전종목 HOLD
✅ Discord 전송 완료

[15:08] HOLD | KODEX RSI70/+5.2%⬆️ | 보유:없음 | 최고신호 HPSP(403870) 2pt/3pt [거래량1.0x / RSI51]
💰 예수금 95,923원 | KODEX200 RSI70/+5.2% 상승추세⬆️  | 매수기준 점수3pt↑

코드      종목명           가격    RSI     변화율    거래량     BB   호가비  B/S
────────────────────────────────────────────────────────────────────────
[2단계 분석 대상: 096770, 086790, 000720, 086520, 000880]
403870  HPSP      46,550    0.0    +0.0%    0.0x     중간  3.46  0pt/0 [일봉]
055550  신한지주      93,300    0.0    +0.0%    0.0x     중간  1.71  0pt/0 [일봉]
011200  HMM       19,740    0.0    +0.0%    0.0x     중간  4.14  0pt/0 [일봉]
015760  한국전력      38,950    0.0    +0.0%    0.0x     중간  2.07  0pt/0 [일봉]
035720  카카오       42,900    0.0    +0.0%    0.0x     중간  2.69  0pt/0 [일봉]
030200  KT        53,900    0.0    +0.0%    0.0x     중간  1.27  0pt/0 [일봉]
003490  대한항공      25,900    0.0    +0.0%    0.0x     중간  1.80  0pt/0 [일봉]
004020  현대제철      39,050    0.0    +0.0%    0.0x     중간  2.22  0pt/0 [일봉]
078930  GS        73,100    0.0    +0.0%    0.0x     중간  0.35  0pt/0 [일봉]

══════════════════════════════════════════════════
🕐 15:10 이후 — 장 마감 청산 모드
⏰ 매수 세션 종료 (14:00↑) — 신규 매수 중단
→ 전종목 HOLD
✅ Discord 전송 완료

[15:10] HOLD | KODEX RSI70/+5.2%⬆️ | 보유:없음 | 최고신호 HPSP(403870) 0pt/3pt
💰 예수금 95,923원 | KODEX200 RSI70/+5.3% 상승추세⬆️  | 매수기준 점수3pt↑

코드      종목명           가격    RSI     변화율    거래량     BB   호가비  B/S
────────────────────────────────────────────────────────────────────────
[2단계 분석 대상: 096770, 066970, 086790, 329180, 000720]
403870  HPSP      46,600    0.0    +0.0%    0.0x     중간  2.75  0pt/0 [일봉]
055550  신한지주      93,400    0.0    +0.0%    0.0x     중간  2.08  0pt/0 [일봉]
011200  HMM       19,750    0.0    +0.0%    0.0x     중간  7.31  0pt/0 [일봉]
015760  한국전력      38,950    0.0    +0.0%    0.0x     중간  2.00  0pt/0 [일봉]
035720  카카오       42,950    0.0    +0.0%    0.0x     중간  2.37  0pt/0 [일봉]
030200  KT        53,500    0.0    +0.0%    0.0x     중간  3.48  0pt/0 [일봉]
003490  대한항공      25,900    0.0    +0.0%    0.0x     중간  1.82  0pt/0 [일봉]
004020  현대제철      39,100    0.0    +0.0%    0.0x     중간  3.53  0pt/0 [일봉]
078930  GS        73,200    0.0    +0.0%    0.0x     중간  0.44  0pt/0 [일봉]

══════════════════════════════════════════════════
🕐 15:10 이후 — 장 마감 청산 모드
⏰ 매수 세션 종료 (14:00↑) — 신규 매수 중단
→ 전종목 HOLD
✅ Discord 전송 완료

[15:12] HOLD | KODEX RSI70/+5.3%⬆️ | 보유:없음 | 최고신호 HPSP(403870) 0pt/3pt
💰 예수금 95,923원 | KODEX200 RSI70/+5.1% 상승추세⬆️  | 매수기준 점수3pt↑

코드      종목명           가격    RSI     변화율    거래량     BB   호가비  B/S
────────────────────────────────────────────────────────────────────────
[2단계 분석 대상: 096770, 066970, 000720, 086790, 086520]
403870  HPSP      46,650    0.0    +0.0%    0.0x     중간  2.03  0pt/0 [일봉]
055550  신한지주      93,400    0.0    +0.0%    0.0x     중간  1.81  0pt/0 [일봉]
011200  HMM       19,760    0.0    +0.0%    0.0x     중간  4.40  0pt/0 [일봉]
015760  한국전력      38,950    0.0    +0.0%    0.0x     중간  2.11  0pt/0 [일봉]
035720  카카오       42,900    0.0    +0.0%    0.0x     중간  2.50  0pt/0 [일봉]
030200  KT        53,700    0.0    +0.0%    0.0x     중간  1.95  0pt/0 [일봉]
003490  대한항공      25,900    0.0    +0.0%    0.0x     중간  1.86  0pt/0 [일봉]
004020  현대제철      39,000    0.0    +0.0%    0.0x     중간  2.91  0pt/0 [일봉]
078930  GS        73,300    0.0    +0.0%    0.0x     중간  0.47  0pt/0 [일봉]

══════════════════════════════════════════════════
🕐 15:10 이후 — 장 마감 청산 모드
⏰ 매수 세션 종료 (14:00↑) — 신규 매수 중단
→ 전종목 HOLD
✅ Discord 전송 완료

[15:14] HOLD | KODEX RSI70/+5.1%⬆️ | 보유:없음 | 최고신호 HPSP(403870) 0pt/3pt
💰 예수금 95,923원 | KODEX200 RSI70/+5.0% 상승추세⬆️  | 매수기준 점수3pt↑

코드      종목명           가격    RSI     변화율    거래량     BB   호가비  B/S
────────────────────────────────────────────────────────────────────────
[2단계 분석 대상: 096770, 066970, 000720, 086790, 000880]
403870  HPSP      46,550    0.0    +0.0%    0.0x     중간  3.45  0pt/0 [일봉]
055550  신한지주      93,300    0.0    +0.0%    0.0x     중간  1.81  0pt/0 [일봉]
011200  HMM       19,750    0.0    +0.0%    0.0x     중간  4.21  0pt/0 [일봉]
015760  한국전력      38,800    0.0    +0.0%    0.0x     중간  3.60  0pt/0 [일봉]
035720  카카오       42,900    0.0    +0.0%    0.0x     중간  2.87  0pt/0 [일봉]
030200  KT        53,600    0.0    +0.0%    0.0x     중간  1.26  0pt/0 [일봉]
003490  대한항공      25,900    0.0    +0.0%    0.0x     중간  1.89  0pt/0 [일봉]
004020  현대제철      39,150    0.0    +0.0%    0.0x     중간  2.43  0pt/0 [일봉]
078930  GS        73,200    0.0    +0.0%    0.0x     중간  0.44  0pt/0 [일봉]

══════════════════════════════════════════════════
🕐 15:10 이후 — 장 마감 청산 모드
⏰ 매수 세션 종료 (14:00↑) — 신규 매수 중단
→ 전종목 HOLD
✅ Discord 전송 완료

[15:16] HOLD | KODEX RSI70/+5.0%⬆️ | 보유:없음 | 최고신호 HPSP(403870) 0pt/3pt
💰 예수금 95,923원 | KODEX200 RSI70/+5.1% 상승추세⬆️  | 매수기준 점수3pt↑

코드      종목명           가격    RSI     변화율    거래량     BB   호가비  B/S
────────────────────────────────────────────────────────────────────────
[2단계 분석 대상: 096770, 000880, 000720, 086520, 086790]
403870  HPSP      46,600    0.0    +0.0%    0.0x     중간  3.03  0pt/0 [일봉]
055550  신한지주      93,200    0.0    +0.0%    0.0x     중간  2.48  0pt/0 [일봉]
011200  HMM       19,760    0.0    +0.0%    0.0x     중간  4.01  0pt/0 [일봉]
015760  한국전력      38,800    0.0    +0.0%    0.0x     중간  3.07  0pt/0 [일봉]
035720  카카오       42,850    0.0    +0.0%    0.0x     중간  3.00  0pt/0 [일봉]
030200  KT        53,600    0.0    +0.0%    0.0x     중간  1.26  0pt/0 [일봉]
003490  대한항공      25,900    0.0    +0.0%    0.0x     중간  2.08  0pt/0 [일봉]
004020  현대제철      39,100    0.0    +0.0%    0.0x     중간  1.78  0pt/0 [일봉]
078930  GS        73,300    0.0    +0.0%    0.0x     중간  0.35  0pt/0 [일봉]

══════════════════════════════════════════════════
🕐 15:10 이후 — 장 마감 청산 모드
⏰ 매수 세션 종료 (14:00↑) — 신규 매수 중단
→ 전종목 HOLD
✅ Discord 전송 완료

[15:18] HOLD | KODEX RSI70/+5.1%⬆️ | 보유:없음 | 최고신호 HPSP(403870) 0pt/3pt
💰 예수금 95,923원 | KODEX200 RSI70/+5.2% 상승추세⬆️  | 매수기준 점수3pt↑

코드      종목명           가격    RSI     변화율    거래량     BB   호가비  B/S
────────────────────────────────────────────────────────────────────────
[2단계 분석 대상: 329180, 030200, 011200, 086520, 005930]
403870  HPSP      46,650    0.0    +0.0%    0.0x     중간  0.17  0pt/0 [일봉]
055550  신한지주      92,600    0.0    +0.0%    0.0x     중간  0.12  0pt/0 [일봉]
011200  HMM       19,780   45.5    +1.1%    1.0x     상단 25.28  3pt/0 [5분]
015760  한국전력      38,800    0.0    +0.0%    0.0x     중간  6.97  0pt/0 [일봉]
035720  카카오       42,800    0.0    +0.0%    0.0x     중간  1.41  0pt/0 [일봉]
030200  KT        53,600   58.3    +1.3%    0.7x     중간 32.40  2pt/0 [5분]
003490  대한항공      25,900    0.0    +0.0%    0.0x     중간  0.62  0pt/0 [일봉]
004020  현대제철      40,000    0.0    +0.0%    0.0x     중간  0.50  0pt/0 [일봉]
078930  GS        74,000    0.0    +0.0%    0.0x     중간  1.85  0pt/0 [일봉]

══════════════════════════════════════════════════
🕐 15:10 이후 — 장 마감 청산 모드
⏰ 매수 세션 종료 (14:00↑) — 신규 매수 중단
→ 전종목 HOLD
✅ Discord 전송 완료

[15:20] HOLD | KODEX RSI70/+5.2%⬆️ | 보유:없음 | 최고신호 HMM(011200) 3pt/3pt [상승+1.1% / 거래량1.0x / RSI46]
💰 예수금 95,923원 | KODEX200 RSI70/+5.2% 상승추세⬆️  | 매수기준 점수3pt↑

코드      종목명           가격    RSI     변화율    거래량     BB   호가비  B/S
────────────────────────────────────────────────────────────────────────
[2단계 분석 대상: 032830, 000270, 030200, 015760, 000720]
403870  HPSP      46,650    0.0    +0.0%    0.0x     중간  0.87  0pt/0 [일봉]
055550  신한지주      90,100    0.0    +0.0%    0.0x     중간  0.03  0pt/0 [일봉]
011200  HMM       19,770    0.0    +0.0%    0.0x     중간  0.32  0pt/0 [일봉]
015760  한국전력      38,500   71.4    -0.3%    0.8x     하단 68.15  0pt/0 [5분]
035720  카카오       42,700    0.0    +0.0%    0.0x     중간  2.62  0pt/0 [일봉]
030200  KT        53,000   58.3    +1.3%    0.7x     중간 70.17  2pt/0 [5분]
003490  대한항공      25,800    0.0    +0.0%    0.0x     중간 10.40  0pt/0 [일봉]
004020  현대제철      39,500    0.0    +0.0%    0.0x     중간  0.91  0pt/0 [일봉]
078930  GS        72,500    0.0    +0.0%    0.0x     중간  0.06  0pt/0 [일봉]

══════════════════════════════════════════════════
🕐 15:10 이후 — 장 마감 청산 모드
⏰ 매수 세션 종료 (14:00↑) — 신규 매수 중단
→ 전종목 HOLD
✅ Discord 전송 완료

[15:22] HOLD | KODEX RSI70/+5.2%⬆️ | 보유:없음 | 최고신호 KT(030200) 2pt/3pt [상승+1.3% / RSI58]
💰 예수금 95,923원 | KODEX200 RSI70/+5.2% 상승추세⬆️  | 매수기준 점수3pt↑

코드      종목명           가격    RSI     변화율    거래량     BB   호가비  B/S
────────────────────────────────────────────────────────────────────────
[2단계 분석 대상: 005930, 000270, 032830, 030200, 000720]
403870  HPSP      46,600    0.0    +0.0%    0.0x     중간  1.62  0pt/0 [일봉]
055550  신한지주      90,100    0.0    +0.0%    0.0x     중간  0.02  0pt/0 [일봉]
011200  HMM       19,780    0.0    +0.0%    0.0x     중간  1.80  0pt/0 [일봉]
015760  한국전력      38,500    0.0    +0.0%    0.0x     중간  9.59  0pt/0 [일봉]
035720  카카오       42,700    0.0    +0.0%    0.0x     중간  3.25  0pt/0 [일봉]
030200  KT        53,500   58.3    +1.3%    0.7x     중간 56.36  2pt/0 [5분]
003490  대한항공      25,800    0.0    +0.0%    0.0x     중간 11.17  0pt/0 [일봉]
004020  현대제철      39,500    0.0    +0.0%    0.0x     중간  0.77  0pt/0 [일봉]
078930  GS        72,900    0.0    +0.0%    0.0x     중간  1.55  0pt/0 [일봉]

══════════════════════════════════════════════════
🕐 15:10 이후 — 장 마감 청산 모드
⏰ 매수 세션 종료 (14:00↑) — 신규 매수 중단
→ 전종목 HOLD
✅ Discord 전송 완료

[15:24] HOLD | KODEX RSI70/+5.2%⬆️ | 보유:없음 | 최고신호 KT(030200) 2pt/3pt [상승+1.3% / RSI58]
💰 예수금 95,923원 | KODEX200 RSI70/+5.2% 상승추세⬆️  | 매수기준 점수3pt↑

코드      종목명           가격    RSI     변화율    거래량     BB   호가비  B/S
────────────────────────────────────────────────────────────────────────
[2단계 분석 대상: 032830, 015760, 329180, 000720, 003490]
403870  HPSP      46,550    0.0    +0.0%    0.0x     중간  1.31  0pt/0 [일봉]
055550  신한지주      91,900    0.0    +0.0%    0.0x     중간  0.11  0pt/0 [일봉]
011200  HMM       19,780    0.0    +0.0%    0.0x     중간  0.80  0pt/0 [일봉]
015760  한국전력      38,650   71.4    -0.3%    0.8x     하단 45.36  0pt/0 [5분]
035720  카카오       42,750    0.0    +0.0%    0.0x     중간  4.52  0pt/0 [일봉]
030200  KT        53,500    0.0    +0.0%    0.0x     중간  1.47  0pt/0 [일봉]
003490  대한항공      25,800   55.6    -3.4%    0.8x     하단 14.12  1pt/0 [5분]
004020  현대제철      39,400    0.0    +0.0%    0.0x     중간  0.10  0pt/0 [일봉]
078930  GS        74,000    0.0    +0.0%    0.0x     중간  1.91  0pt/0 [일봉]

══════════════════════════════════════════════════
🕐 15:10 이후 — 장 마감 청산 모드
⏰ 매수 세션 종료 (14:00↑) — 신규 매수 중단
→ 전종목 HOLD
✅ Discord 전송 완료

[15:26] HOLD | KODEX RSI70/+5.2%⬆️ | 보유:없음 | 최고신호 대한항공(003490) 1pt/3pt [RSI56]
💰 예수금 95,923원 | KODEX200 RSI70/+5.2% 상승추세⬆️  | 매수기준 점수3pt↑

코드      종목명           가격    RSI     변화율    거래량     BB   호가비  B/S
────────────────────────────────────────────────────────────────────────
[2단계 분석 대상: 015760, 000270, 096770, 000720, 032830]
403870  HPSP      46,550    0.0    +0.0%    0.0x     중간  1.04  0pt/0 [일봉]
055550  신한지주      91,900    0.0    +0.0%    0.0x     중간  0.10  0pt/0 [일봉]
011200  HMM       19,780    0.0    +0.0%    0.0x     중간  1.13  0pt/0 [일봉]
015760  한국전력      38,650   71.4    -0.3%    0.8x     하단 23.00  0pt/0 [5분]
035720  카카오       42,750    0.0    +0.0%    0.0x     중간  3.40  0pt/0 [일봉]
030200  KT        53,500    0.0    +0.0%    0.0x     중간  1.31  0pt/0 [일봉]
003490  대한항공      25,800    0.0    +0.0%    0.0x     중간 10.33  0pt/0 [일봉]
004020  현대제철      39,200    0.0    +0.0%    0.0x     중간  0.86  0pt/0 [일봉]
078930  GS        73,700    0.0    +0.0%    0.0x     중간  0.50  0pt/0 [일봉]

══════════════════════════════════════════════════
🕐 15:10 이후 — 장 마감 청산 모드
⏰ 매수 세션 종료 (14:00↑) — 신규 매수 중단
→ 전종목 HOLD
✅ Discord 전송 완료

[15:28] HOLD | KODEX RSI70/+5.2%⬆️ | 보유:없음 | 최고신호 HPSP(403870) 0pt/3pt
💰 예수금 95,923원 | KODEX200 RSI70/+5.2% 상승추세⬆️  | 매수기준 점수3pt↑

코드      종목명           가격    RSI     변화율    거래량     BB   호가비  B/S
────────────────────────────────────────────────────────────────────────
[2단계 분석 대상: 086790, 005930, 034020, 055550, 329180]
403870  HPSP      46,600    0.0    +0.0%    0.0x     중간  1.84  0pt/0 [일봉]
055550  신한지주      92,800   52.2    -1.1%    0.7x     하단  5.41  2pt/0 [5분]
011200  HMM       19,780    0.0    +0.0%    0.0x     중간  1.90  0pt/0 [일봉]
015760  한국전력      38,700    0.0    +0.0%    0.0x     중간  3.61  0pt/0 [일봉]
035720  카카오       42,750    0.0    +0.0%    0.0x     중간  2.74  0pt/0 [일봉]
030200  KT        53,500    0.0    +0.0%    0.0x     중간  0.87  0pt/0 [일봉]
003490  대한항공      25,850    0.0    +0.0%    0.0x     중간  3.08  0pt/0 [일봉]
004020  현대제철      39,100    0.0    +0.0%    0.0x     중간  1.37  0pt/0 [일봉]
078930  GS        73,200    0.0    +0.0%    0.0x     중간  0.60  0pt/0 [일봉]

══════════════════════════════════════════════════
🕐 15:10 이후 — 장 마감 청산 모드
⏰ 매수 세션 종료 (14:00↑) — 신규 매수 중단
→ 전종목 HOLD
✅ Discord 전송 완료

[15:30] HOLD | KODEX RSI70/+5.2%⬆️ | 보유:없음 | 최고신호 신한지주(055550) 2pt/3pt [RSI52 / 연속상승]
