💰 예수금 97,571원 | KODEX200 RSI52/+0.0% 상승추세⬆️  | 매수기준 점수3pt↑

코드      종목명           가격    RSI     변화율    거래량     BB   호가비  B/S
────────────────────────────────────────────────────────────────────────
[2단계 분석 대상: 004020, 017670, 005930, 403870, 055550]
403870  HPSP      47,800   66.7    +0.0%    0.0x     하단 56.82  2pt/0 [5분]
086520  에코프로      73,700    0.0    +0.0%    0.0x     중간  0.00  0pt/0 [일봉]
042660  한화오션      72,200    0.0    +0.0%    0.0x     중간  0.00  0pt/0 [일봉]
272210  한화시스템     83,900    0.0    +0.0%    0.0x     중간  0.00  0pt/0 [일봉]
011200  HMM       14,910    0.0    +0.0%    0.0x     중간  0.00  0pt/0 [일봉]
015760  한국전력      28,750    0.0    +0.0%    0.0x     중간  0.00  0pt/0 [일봉]
034020  두산에너빌     68,700    0.0    +0.0%    0.0x     중간 35.58  2pt/0 [일봉]
035720  카카오       37,450    0.0    +0.0%    0.0x     중간 26.05  2pt/0 [일봉]
030200  KT        54,000    0.0    +0.0%    0.0x     중간 22.32  2pt/0 [일봉]
000720  현대건설      93,100    0.0    +0.0%    0.0x     중간  0.00  0pt/0 [일봉]
003490  대한항공      23,950    0.0    +0.0%    0.0x     중간  8.81  2pt/0 [일봉]
004020  현대제철      32,900   33.3    +0.0%    0.0x     하단 198.31  2pt/0 [5분]
078930  GS        70,700    0.0    +0.0%    0.0x     중간  0.03  0pt/0 [일봉]

══════════════════════════════════════════════════
⏰ 장 미개장 (9:00 전) — 신규 매수 중단
→ 전종목 HOLD
✅ Discord 전송 완료

[08:50] HOLD | KODEX RSI52/+0.0%⬆️ | 보유:없음 | 최고신호 HPSP(403870) 2pt/3pt [호가56.8★]
💰 예수금 97,571원 | KODEX200 RSI56/+4.4% 상승추세⬆️  | 매수기준 점수3pt↑

코드      종목명           가격    RSI     변화율    거래량     BB   호가비  B/S
────────────────────────────────────────────────────────────────────────
[2단계 분석 대상: 005930, 010950, 017670, 015760, 000720]
403870  HPSP      49,900    0.0    +0.0%    0.0x     중간  0.48  0pt/0 [일봉]
272210  한화시스템     86,800    0.0    +0.0%    0.0x     중간  3.13  2pt/0 [일봉]
011200  HMM       18,850    0.0    +0.0%    0.0x     중간  0.70  0pt/0 [일봉]
015760  한국전력      36,750   50.0    +2.6%    0.1x     하단  5.36  5pt/0 [5분]
034020  두산에너빌     88,300    0.0    +0.0%    0.0x     중간  1.50  1pt/0 [일봉]
035720  카카오       39,400    0.0    +0.0%    0.0x     중간  0.47  0pt/0 [일봉]
030200  KT        54,100    0.0    +0.0%    0.0x     중간  1.79  1pt/0 [일봉]
003490  대한항공      24,250    0.0    +0.0%    0.0x     중간  1.67  1pt/0 [일봉]
004020  현대제철      34,100    0.0    +0.0%    0.0x     중간  0.51  0pt/0 [일봉]
078930  GS        70,900    0.0    +0.0%    0.0x     중간  0.63  0pt/0 [일봉]

══════════════════════════════════════════════════
⏰ 시초가 혼조 (9:30 전) — 신규 매수 중단
→ 전종목 HOLD
✅ Discord 전송 완료

[09:00] HOLD | KODEX RSI56/+4.4%⬆️ | 보유:없음 | 최고신호 한국전력(015760) 5pt/3pt [상승+2.6% / 호가5.4★ / RSI50 / 연속상승]
💰 예수금 97,571원 | KODEX200 RSI56/+4.6% 상승추세⬆️  | 매수기준 점수3pt↑

코드      종목명           가격    RSI     변화율    거래량     BB   호가비  B/S
────────────────────────────────────────────────────────────────────────
[2단계 분석 대상: 017670, 247540, 005930, 064350, 000150]
403870  HPSP      51,700    0.0    +0.0%    0.0x     중간  0.93  0pt/0 [일봉]
272210  한화시스템     88,900    0.0    +0.0%    0.0x     중간  0.20  0pt/0 [일봉]
011200  HMM       18,780    0.0    +0.0%    0.0x     중간  1.12  0pt/0 [일봉]
015760  한국전력      37,250    0.0    +0.0%    0.0x     중간  0.60  0pt/0 [일봉]
034020  두산에너빌     89,800    0.0    +0.0%    0.0x     중간  0.42  0pt/0 [일봉]
035720  카카오       39,400    0.0    +0.0%    0.0x     중간  0.72  0pt/0 [일봉]
030200  KT        54,300    0.0    +0.0%    0.0x     중간  1.62  1pt/0 [일봉]
003490  대한항공      24,350    0.0    +0.0%    0.0x     중간  1.16  0pt/0 [일봉]
004020  현대제철      34,150    0.0    +0.0%    0.0x     중간  0.49  0pt/0 [일봉]
078930  GS        71,700    0.0    +0.0%    0.0x     중간  2.08  2pt/0 [일봉]

══════════════════════════════════════════════════
⏰ 시초가 혼조 (9:30 전) — 신규 매수 중단
→ 전종목 HOLD
✅ Discord 전송 완료

[09:02] HOLD | KODEX RSI56/+4.6%⬆️ | 보유:없음 | 최고신호 GS(078930) 2pt/3pt [호가2.1★]
💰 예수금 97,571원 | KODEX200 RSI56/+4.3% 상승추세⬆️  | 매수기준 점수3pt↑

코드      종목명           가격    RSI     변화율    거래량     BB   호가비  B/S
────────────────────────────────────────────────────────────────────────
[2단계 분석 대상: 086520, 064350, 247540, 066970, 096770]
403870  HPSP      53,100    0.0    +0.0%    0.0x     중간  0.25  0pt/0 [일봉]
272210  한화시스템     86,700    0.0    +0.0%    0.0x     중간  2.81  2pt/0 [일봉]
011200  HMM       18,620    0.0    +0.0%    0.0x     중간  1.29  0pt/0 [일봉]
015760  한국전력      36,700    0.0    +0.0%    0.0x     중간  1.36  1pt/0 [일봉]
034020  두산에너빌     88,300    0.0    +0.0%    0.0x     중간  2.71  2pt/0 [일봉]
035720  카카오       39,450    0.0    +0.0%    0.0x     중간  0.69  0pt/0 [일봉]
030200  KT        53,900    0.0    +0.0%    0.0x     중간  3.13  2pt/0 [일봉]
003490  대한항공      24,400    0.0    +0.0%    0.0x     중간  0.99  0pt/0 [일봉]
004020  현대제철      33,650    0.0    +0.0%    0.0x     중간  3.95  2pt/0 [일봉]
078930  GS        71,400    0.0    +0.0%    0.0x     중간  0.67  0pt/0 [일봉]

══════════════════════════════════════════════════
⏰ 시초가 혼조 (9:30 전) — 신규 매수 중단
→ 전종목 HOLD
✅ Discord 전송 완료

[09:04] HOLD | KODEX RSI56/+4.3%⬆️ | 보유:없음 | 최고신호 한화시스템(272210) 2pt/3pt [호가2.8★]
💰 예수금 97,571원 | KODEX200 RSI55/+4.1% 상승추세⬆️  | 매수기준 점수3pt↑

코드      종목명           가격    RSI     변화율    거래량     BB   호가비  B/S
────────────────────────────────────────────────────────────────────────
[2단계 분석 대상: 000720, 004020, 017670, 042660, 000150]
403870  HPSP      54,000    0.0    +0.0%    0.0x     중간  0.20  0pt/0 [일봉]
272210  한화시스템     88,100    0.0    +0.0%    0.0x     중간  0.26  0pt/0 [일봉]
011200  HMM       18,730    0.0    +0.0%    0.0x     중간  0.47  0pt/0 [일봉]
015760  한국전력      36,600    0.0    +0.0%    0.0x     중간  0.76  0pt/0 [일봉]
034020  두산에너빌     88,900    0.0    +0.0%    0.0x     중간  0.88  0pt/0 [일봉]
035720  카카오       39,550    0.0    +0.0%    0.0x     중간  0.38  0pt/0 [일봉]
030200  KT        54,100    0.0    +0.0%    0.0x     중간  1.61  1pt/0 [일봉]
003490  대한항공      24,600    0.0    +0.0%    0.0x     중간  0.61  0pt/0 [일봉]
004020  현대제철      33,600   20.0    +0.9%    0.0x     하단  6.46  3pt/0 [5분]
078930  GS        71,600    0.0    +0.0%    0.0x     중간  0.70  0pt/0 [일봉]

══════════════════════════════════════════════════
⏰ 시초가 혼조 (9:30 전) — 신규 매수 중단
→ 전종목 HOLD
✅ Discord 전송 완료

[09:06] HOLD | KODEX RSI55/+4.1%⬆️ | 보유:없음 | 최고신호 현대제철(004020) 3pt/3pt [상승+0.9% / 호가6.5★]
💰 예수금 97,571원 | KODEX200 RSI55/+4.1% 상승추세⬆️  | 매수기준 점수3pt↑

코드      종목명           가격    RSI     변화율    거래량     BB   호가비  B/S
────────────────────────────────────────────────────────────────────────
[2단계 분석 대상: 004020, 017670, 105560, 247540, 042660]
403870  HPSP      54,100    0.0    +0.0%    0.0x     중간  0.39  0pt/0 [일봉]
272210  한화시스템     88,400    0.0    +0.0%    0.0x     중간  0.26  0pt/0 [일봉]
011200  HMM       18,800    0.0    +0.0%    0.0x     중간  1.25  0pt/0 [일봉]
015760  한국전력      36,800    0.0    +0.0%    0.0x     중간  1.03  0pt/0 [일봉]
034020  두산에너빌     90,100    0.0    +0.0%    0.0x     중간  0.48  0pt/0 [일봉]
035720  카카오       39,500    0.0    +0.0%    0.0x     중간  0.39  0pt/0 [일봉]
030200  KT        54,300    0.0    +0.0%    0.0x     중간  1.34  1pt/0 [일봉]
003490  대한항공      24,700    0.0    +0.0%    0.0x     중간  0.53  0pt/0 [일봉]
004020  현대제철      33,700   20.0    +1.1%    0.0x     하단  8.70  3pt/0 [5분]
078930  GS        72,100    0.0    +0.0%    0.0x     중간  1.49  1pt/0 [일봉]

══════════════════════════════════════════════════
⏰ 시초가 혼조 (9:30 전) — 신규 매수 중단
→ 전종목 HOLD
✅ Discord 전송 완료

[09:08] HOLD | KODEX RSI55/+4.1%⬆️ | 보유:없음 | 최고신호 현대제철(004020) 3pt/3pt [상승+1.1% / 호가8.7★]
💰 예수금 97,571원 | KODEX200 RSI55/+3.6% 상승추세⬆️  | 매수기준 점수3pt↑

코드      종목명           가격    RSI     변화율    거래량     BB   호가비  B/S
────────────────────────────────────────────────────────────────────────
[2단계 분석 대상: 004020, 247540, 138040, 017670, 005930]
403870  HPSP      54,200    0.0    +0.0%    0.0x     중간  0.26  0pt/0 [일봉]
055550  신한지주      97,100    0.0    +0.0%    0.0x     중간  2.45  2pt/0 [일봉]
272210  한화시스템     88,100    0.0    +0.0%    0.0x     중간  0.89  0pt/0 [일봉]
011200  HMM       18,770    0.0    +0.0%    0.0x     중간  0.54  0pt/0 [일봉]
015760  한국전력      36,750    0.0    +0.0%    0.0x     중간  0.63  0pt/0 [일봉]
034020  두산에너빌     89,400    0.0    +0.0%    0.0x     중간  0.91  0pt/0 [일봉]
035720  카카오       39,500    0.0    +0.0%    0.0x     중간  0.43  0pt/0 [일봉]
030200  KT        54,100    0.0    +0.0%    0.0x     중간  1.34  1pt/0 [일봉]
003490  대한항공      24,550    0.0    +0.0%    0.0x     중간  0.56  0pt/0 [일봉]
004020  현대제철      33,650   25.0    +1.1%    0.0x     하단  9.34  3pt/0 [5분]
078930  GS        71,500    0.0    +0.0%    0.0x     중간  0.47  0pt/0 [일봉]

══════════════════════════════════════════════════
⏰ 시초가 혼조 (9:30 전) — 신규 매수 중단
→ 전종목 HOLD
✅ Discord 전송 완료

[09:10] HOLD | KODEX RSI55/+3.6%⬆️ | 보유:없음 | 최고신호 현대제철(004020) 3pt/3pt [상승+1.1% / 호가9.3★]
💰 예수금 97,571원 | KODEX200 RSI56/+4.2% 상승추세⬆️  | 매수기준 점수3pt↑

코드      종목명           가격    RSI     변화율    거래량     BB   호가비  B/S
────────────────────────────────────────────────────────────────────────
[2단계 분석 대상: 017670, 004020, 042660, 010950, 105560]
403870  HPSP      54,200    0.0    +0.0%    0.0x     중간  0.16  0pt/0 [일봉]
055550  신한지주      97,200    0.0    +0.0%    0.0x     중간  1.76  1pt/0 [일봉]
272210  한화시스템     87,700    0.0    +0.0%    0.0x     중간  0.82  0pt/0 [일봉]
011200  HMM       18,780    0.0    +0.0%    0.0x     중간  0.67  0pt/0 [일봉]
015760  한국전력      36,700    0.0    +0.0%    0.0x     중간  0.62  0pt/0 [일봉]
034020  두산에너빌     89,900    0.0    +0.0%    0.0x     중간  0.33  0pt/0 [일봉]
035720  카카오       39,750    0.0    +0.0%    0.0x     중간  0.12  0pt/0 [일봉]
030200  KT        54,100    0.0    +0.0%    0.0x     중간  1.19  0pt/0 [일봉]
003490  대한항공      24,550    0.0    +0.0%    0.0x     중간  0.65  0pt/0 [일봉]
004020  현대제철      33,650   25.0    +0.6%    0.0x     하단  3.88  3pt/0 [5분]
078930  GS        71,300    0.0    +0.0%    0.0x     중간  0.38  0pt/0 [일봉]

══════════════════════════════════════════════════
⏰ 시초가 혼조 (9:30 전) — 신규 매수 중단
→ 전종목 HOLD
✅ Discord 전송 완료

[09:12] HOLD | KODEX RSI56/+4.2%⬆️ | 보유:없음 | 최고신호 현대제철(004020) 3pt/3pt [상승+0.6% / 호가3.9★]
💰 예수금 97,571원 | KODEX200 RSI55/+3.9% 상승추세⬆️  | 매수기준 점수3pt↑

코드      종목명           가격    RSI     변화율    거래량     BB   호가비  B/S
────────────────────────────────────────────────────────────────────────
[2단계 분석 대상: 042660, 004020, 272210, 064350, 096770]
403870  HPSP      55,300    0.0    +0.0%    0.0x     중간  0.31  0pt/0 [일봉]
055550  신한지주      96,900    0.0    +0.0%    0.0x     중간  0.88  0pt/0 [일봉]
272210  한화시스템     86,000   50.0    -0.8%    0.1x     하단  7.75  3pt/0 [5분]
011200  HMM       18,660    0.0    +0.0%    0.0x     중간  0.35  0pt/0 [일봉]
015760  한국전력      36,150    0.0    +0.0%    0.0x     중간  2.12  2pt/0 [일봉]
034020  두산에너빌     89,400    0.0    +0.0%    0.0x     중간  0.52  0pt/0 [일봉]
035720  카카오       39,100    0.0    +0.0%    0.0x     중간  3.00  2pt/0 [일봉]
030200  KT        54,100    0.0    +0.0%    0.0x     중간  1.14  0pt/0 [일봉]
003490  대한항공      24,450    0.0    +0.0%    0.0x     중간  1.26  0pt/0 [일봉]
004020  현대제철      33,400   25.0    +0.1%    0.0x     하단  8.21  2pt/0 [5분]
078930  GS        70,700    0.0    +0.0%    0.0x     중간  0.26  0pt/0 [일봉]

══════════════════════════════════════════════════
⏰ 시초가 혼조 (9:30 전) — 신규 매수 중단
→ 전종목 HOLD
✅ Discord 전송 완료

[09:14] HOLD | KODEX RSI55/+3.9%⬆️ | 보유:없음 | 최고신호 한화시스템(272210) 3pt/3pt [호가7.8★ / RSI50]
💰 예수금 97,571원 | KODEX200 RSI55/+3.6% 상승추세⬆️  | 매수기준 점수3pt↑

코드      종목명           가격    RSI     변화율    거래량     BB   호가비  B/S
────────────────────────────────────────────────────────────────────────
[2단계 분석 대상: 064350, 086520, 042660, 000150, 017670]
403870  HPSP      54,800    0.0    +0.0%    0.0x     중간  0.18  0pt/0 [일봉]
272210  한화시스템     85,200    0.0    +0.0%    0.0x     중간  4.34  2pt/0 [일봉]
011200  HMM       18,630    0.0    +0.0%    0.0x     중간  1.24  0pt/0 [일봉]
015760  한국전력      35,800    0.0    +0.0%    0.0x     중간  1.51  1pt/0 [일봉]
034020  두산에너빌     89,200    0.0    +0.0%    0.0x     중간  0.90  0pt/0 [일봉]
035720  카카오       39,050    0.0    +0.0%    0.0x     중간  3.30  2pt/0 [일봉]
030200  KT        54,300    0.0    +0.0%    0.0x     중간  0.55  0pt/0 [일봉]
003490  대한항공      24,500    0.0    +0.0%    0.0x     중간  1.03  0pt/0 [일봉]
004020  현대제철      33,350    0.0    +0.0%    0.0x     중간  2.85  2pt/0 [일봉]
078930  GS        70,300    0.0    +0.0%    0.0x     중간  0.13  0pt/0 [일봉]

══════════════════════════════════════════════════
⏰ 시초가 혼조 (9:30 전) — 신규 매수 중단
→ 전종목 HOLD
✅ Discord 전송 완료

[09:16] HOLD | KODEX RSI55/+3.6%⬆️ | 보유:없음 | 최고신호 한화시스템(272210) 2pt/3pt [호가4.3★]
💰 예수금 97,571원 | KODEX200 RSI55/+4.0% 상승추세⬆️  | 매수기준 점수3pt↑

코드      종목명           가격    RSI     변화율    거래량     BB   호가비  B/S
────────────────────────────────────────────────────────────────────────
[2단계 분석 대상: 096770, 066970, 004020, 138040, 011200]
403870  HPSP      54,500    0.0    +0.0%    0.0x     중간  0.27  0pt/0 [일봉]
272210  한화시스템     86,400    0.0    +0.0%    0.0x     중간  1.33  1pt/0 [일봉]
011200  HMM       18,830   46.9    +0.9%    0.1x     하단  2.37  4pt/0 [5분]
015760  한국전력      36,150    0.0    +0.0%    0.0x     중간  2.26  2pt/0 [일봉]
034020  두산에너빌     91,000    0.0    +0.0%    0.0x     중간  0.35  0pt/0 [일봉]
035720  카카오       39,350    0.0    +0.0%    0.0x     중간  1.38  1pt/0 [일봉]
030200  KT        54,300    0.0    +0.0%    0.0x     중간  1.22  0pt/0 [일봉]
003490  대한항공      24,600    0.0    +0.0%    0.0x     중간  0.49  0pt/0 [일봉]
004020  현대제철      33,600   44.0    +0.9%    0.1x     하단  3.48  3pt/0 [5분]
078930  GS        71,400    0.0    +0.0%    0.0x     중간  0.42  0pt/0 [일봉]

══════════════════════════════════════════════════
⏰ 시초가 혼조 (9:30 전) — 신규 매수 중단
→ 전종목 HOLD
✅ Discord 전송 완료

[09:18] HOLD | KODEX RSI55/+4.0%⬆️ | 보유:없음 | 최고신호 HMM(011200) 4pt/3pt [상승+0.9% / 호가2.4★ / RSI47]
💰 예수금 97,571원 | KODEX200 RSI56/+4.2% 상승추세⬆️  | 매수기준 점수3pt↑

코드      종목명           가격    RSI     변화율    거래량     BB   호가비  B/S
────────────────────────────────────────────────────────────────────────
[2단계 분석 대상: 096770, 000150, 105560, 042660, 017670]
403870  HPSP      54,900    0.0    +0.0%    0.0x     중간  0.27  0pt/0 [일봉]
272210  한화시스템     88,100    0.0    +0.0%    0.0x     중간  0.71  0pt/0 [일봉]
011200  HMM       18,920    0.0    +0.0%    0.0x     중간  0.11  0pt/0 [일봉]
015760  한국전력      36,350    0.0    +0.0%    0.0x     중간  1.25  0pt/0 [일봉]
034020  두산에너빌     92,000    0.0    +0.0%    0.0x     중간  0.45  0pt/0 [일봉]
035720  카카오       39,300    0.0    +0.0%    0.0x     중간  1.61  1pt/0 [일봉]
030200  KT        54,400    0.0    +0.0%    0.0x     중간  0.63  0pt/0 [일봉]
003490  대한항공      24,600    0.0    +0.0%    0.0x     중간  1.55  1pt/0 [일봉]
004020  현대제철      33,700    0.0    +0.0%    0.0x     중간  1.74  1pt/0 [일봉]
078930  GS        71,700    0.0    +0.0%    0.0x     중간  0.72  0pt/0 [일봉]

══════════════════════════════════════════════════
⏰ 시초가 혼조 (9:30 전) — 신규 매수 중단
→ 전종목 HOLD
✅ Discord 전송 완료

[09:20] HOLD | KODEX RSI56/+4.2%⬆️ | 보유:없음 | 최고신호 카카오(035720) 1pt/3pt [호가1.6]
💰 예수금 97,571원 | KODEX200 RSI55/+3.5% 상승추세⬆️  | 매수기준 점수3pt↑

코드      종목명           가격    RSI     변화율    거래량     BB   호가비  B/S
────────────────────────────────────────────────────────────────────────
[2단계 분석 대상: 042660, 105560, 138040, 329180, 005930]
403870  HPSP      54,300    0.0    +0.0%    0.0x     중간  0.65  0pt/0 [일봉]
272210  한화시스템     88,200    0.0    +0.0%    0.0x     중간  1.27  0pt/0 [일봉]
011200  HMM       18,900    0.0    +0.0%    0.0x     중간  0.14  0pt/0 [일봉]
015760  한국전력      36,150    0.0    +0.0%    0.0x     중간  2.67  2pt/0 [일봉]
034020  두산에너빌     90,800    0.0    +0.0%    0.0x     중간  2.05  2pt/0 [일봉]
035720  카카오       39,600    0.0    +0.0%    0.0x     중간  0.22  0pt/0 [일봉]
030200  KT        54,100    0.0    +0.0%    0.0x     중간  1.00  0pt/0 [일봉]
003490  대한항공      24,600    0.0    +0.0%    0.0x     중간  0.62  0pt/0 [일봉]
004020  현대제철      33,600    0.0    +0.0%    0.0x     중간  1.80  1pt/0 [일봉]
078930  GS        71,300    0.0    +0.0%    0.0x     중간  0.47  0pt/0 [일봉]

══════════════════════════════════════════════════
⏰ 시초가 혼조 (9:30 전) — 신규 매수 중단
→ 전종목 HOLD
✅ Discord 전송 완료

[09:22] HOLD | KODEX RSI55/+3.5%⬆️ | 보유:없음 | 최고신호 한국전력(015760) 2pt/3pt [호가2.7★]
💰 예수금 97,571원 | KODEX200 RSI55/+3.5% 상승추세⬆️  | 매수기준 점수3pt↑

코드      종목명           가격    RSI     변화율    거래량     BB   호가비  B/S
────────────────────────────────────────────────────────────────────────
[2단계 분석 대상: 042660, 329180, 105560, 005930, 034020]
403870  HPSP      54,300    0.0    +0.0%    0.0x     중간  0.34  0pt/0 [일봉]
272210  한화시스템     87,800    0.0    +0.0%    0.0x     중간  1.49  1pt/0 [일봉]
011200  HMM       18,950    0.0    +0.0%    0.0x     중간  0.13  0pt/0 [일봉]
015760  한국전력      36,200    0.0    +0.0%    0.0x     중간  1.75  1pt/0 [일봉]
034020  두산에너빌     90,900   65.2    +5.7%    0.2x     하단  2.17  5pt/0 [5분]
035720  카카오       39,750    0.0    +0.0%    0.0x     중간  0.13  0pt/0 [일봉]
030200  KT        54,400    0.0    +0.0%    0.0x     중간  0.55  0pt/0 [일봉]
003490  대한항공      24,700    0.0    +0.0%    0.0x     중간  0.47  0pt/0 [일봉]
004020  현대제철      33,700    0.0    +0.0%    0.0x     중간  1.49  1pt/0 [일봉]
078930  GS        71,500    0.0    +0.0%    0.0x     중간  0.24  0pt/0 [일봉]

══════════════════════════════════════════════════
⏰ 시초가 혼조 (9:30 전) — 신규 매수 중단
→ 전종목 HOLD
✅ Discord 전송 완료

[09:24] HOLD | KODEX RSI55/+3.5%⬆️ | 보유:없음 | 최고신호 두산에너빌(034020) 5pt/3pt [강세+2.2%★★ / 호가2.2★]
💰 예수금 97,571원 | KODEX200 RSI55/+3.4% 상승추세⬆️  | 매수기준 점수3pt↑

코드      종목명           가격    RSI     변화율    거래량     BB   호가비  B/S
────────────────────────────────────────────────────────────────────────
[2단계 분석 대상: 042660, 329180, 034020, 017670, 005930]
403870  HPSP      54,400    0.0    +0.0%    0.0x     중간  0.27  0pt/0 [일봉]
055550  신한지주      97,400    0.0    +0.0%    0.0x     중간  0.88  0pt/0 [일봉]
272210  한화시스템     88,100    0.0    +0.0%    0.0x     중간  0.67  0pt/0 [일봉]
011200  HMM       18,980    0.0    +0.0%    0.0x     중간  0.35  0pt/0 [일봉]
015760  한국전력      35,900    0.0    +0.0%    0.0x     중간  1.73  1pt/0 [일봉]
034020  두산에너빌     90,500   65.2    +5.5%    0.2x     하단  3.54  5pt/0 [5분]
035720  카카오       39,750    0.0    +0.0%    0.0x     중간  0.06  0pt/0 [일봉]
030200  KT        54,400    0.0    +0.0%    0.0x     중간  0.50  0pt/0 [일봉]
003490  대한항공      24,700    0.0    +0.0%    0.0x     중간  0.41  0pt/0 [일봉]
004020  현대제철      33,600    0.0    +0.0%    0.0x     중간  1.72  1pt/0 [일봉]
078930  GS        71,600    0.0    +0.0%    0.0x     중간  0.22  0pt/0 [일봉]

══════════════════════════════════════════════════
⏰ 시초가 혼조 (9:30 전) — 신규 매수 중단
→ 전종목 HOLD
✅ Discord 전송 완료

[09:26] HOLD | KODEX RSI55/+3.4%⬆️ | 보유:없음 | 최고신호 두산에너빌(034020) 5pt/3pt [강세+2.0%★★ / 호가3.5★]
💰 예수금 97,571원 | KODEX200 RSI55/+3.8% 상승추세⬆️  | 매수기준 점수3pt↑

코드      종목명           가격    RSI     변화율    거래량     BB   호가비  B/S
────────────────────────────────────────────────────────────────────────
[2단계 분석 대상: 329180, 042660, 064350, 066970, 003670]
403870  HPSP      55,500    0.0    +0.0%    0.0x     중간  0.22  0pt/0 [일봉]
272210  한화시스템     88,200    0.0    +0.0%    0.0x     중간  0.66  0pt/0 [일봉]
011200  HMM       19,070    0.0    +0.0%    0.0x     중간  0.17  0pt/0 [일봉]
015760  한국전력      36,050    0.0    +0.0%    0.0x     중간  2.18  2pt/0 [일봉]
034020  두산에너빌     90,800    0.0    +0.0%    0.0x     중간  1.02  0pt/0 [일봉]
035720  카카오       39,700    0.0    +0.0%    0.0x     중간  0.07  0pt/0 [일봉]
030200  KT        54,400    0.0    +0.0%    0.0x     중간  0.55  0pt/0 [일봉]
003490  대한항공      24,750    0.0    +0.0%    0.0x     중간  0.39  0pt/0 [일봉]
004020  현대제철      33,650    0.0    +0.0%    0.0x     중간  0.97  0pt/0 [일봉]
078930  GS        71,800    0.0    +0.0%    0.0x     중간  0.22  0pt/0 [일봉]

══════════════════════════════════════════════════
⏰ 시초가 혼조 (9:30 전) — 신규 매수 중단
→ 전종목 HOLD
✅ Discord 전송 완료

[09:28] HOLD | KODEX RSI55/+3.8%⬆️ | 보유:없음 | 최고신호 한국전력(015760) 2pt/3pt [호가2.2★]
💰 예수금 97,571원 | KODEX200 RSI55/+3.8% 상승추세⬆️  | 매수기준 점수3pt↑

코드      종목명           가격    RSI     변화율    거래량     BB   호가비  B/S
────────────────────────────────────────────────────────────────────────
[2단계 분석 대상: 000150, 105560, 042660, 329180, 403870]
403870  HPSP      54,400   61.5   +13.9%    0.8x     상단  3.04  7pt/0 [5분]
272210  한화시스템     88,200    0.0    +0.0%    0.0x     중간  0.61  0pt/0 [일봉]
011200  HMM       19,170    0.0    +0.0%    0.0x     중간  0.20  0pt/0 [일봉]
015760  한국전력      36,150    0.0    +0.0%    0.0x     중간  1.81  1pt/0 [일봉]
034020  두산에너빌     90,900    0.0    +0.0%    0.0x     중간  0.82  0pt/0 [일봉]
035720  카카오       39,600    0.0    +0.0%    0.0x     중간  0.15  0pt/0 [일봉]
030200  KT        54,600    0.0    +0.0%    0.0x     중간  0.51  0pt/0 [일봉]
003490  대한항공      24,700    0.0    +0.0%    0.0x     중간  1.09  0pt/0 [일봉]
004020  현대제철      33,700    0.0    +0.0%    0.0x     중간  0.93  0pt/0 [일봉]
078930  GS        71,900    0.0    +0.0%    0.0x     중간  0.22  0pt/0 [일봉]

══════════════════════════════════════════════════
→ 전종목 HOLD
✅ Discord 전송 완료

[09:30] HOLD | KODEX RSI55/+3.8%⬆️ | 보유:없음 | 최고신호 HPSP(403870) 7pt/3pt [강세+10.1%★★ / 호가3.0★ / RSI62 / 연속상승]
💰 예수금 97,571원 | KODEX200 RSI55/+3.4% 상승추세⬆️  | 매수기준 점수3pt↑

코드      종목명           가격    RSI     변화율    거래량     BB   호가비  B/S
────────────────────────────────────────────────────────────────────────
[2단계 분석 대상: 003670, 000150, 066970, 086520, 247540]
403870  HPSP      53,400    0.0    +0.0%    0.0x     중간  3.22  2pt/0 [일봉]
272210  한화시스템     88,300    0.0    +0.0%    0.0x     중간  0.65  0pt/0 [일봉]
011200  HMM       19,120    0.0    +0.0%    0.0x     중간  0.30  0pt/0 [일봉]
015760  한국전력      36,150    0.0    +0.0%    0.0x     중간  3.05  2pt/0 [일봉]
034020  두산에너빌     89,700    0.0    +0.0%    0.0x     중간  3.32  2pt/0 [일봉]
035720  카카오       39,500    0.0    +0.0%    0.0x     중간  0.30  0pt/0 [일봉]
030200  KT        54,900    0.0    +0.0%    0.0x     중간  0.47  0pt/0 [일봉]
003490  대한항공      24,700    0.0    +0.0%    0.0x     중간  1.08  0pt/0 [일봉]
004020  현대제철      33,600    0.0    +0.0%    0.0x     중간  1.25  0pt/0 [일봉]
078930  GS        71,900    0.0    +0.0%    0.0x     중간  0.21  0pt/0 [일봉]

══════════════════════════════════════════════════
→ 전종목 HOLD
✅ Discord 전송 완료

[09:32] HOLD | KODEX RSI55/+3.4%⬆️ | 보유:없음 | 최고신호 HPSP(403870) 2pt/3pt [호가3.2★]
💰 예수금 97,571원 | KODEX200 RSI55/+3.3% 상승추세⬆️  | 매수기준 점수3pt↑

코드      종목명           가격    RSI     변화율    거래량     BB   호가비  B/S
────────────────────────────────────────────────────────────────────────
[2단계 분석 대상: 066970, 329180, 003670, 042660, 086520]
403870  HPSP      55,000    0.0    +0.0%    0.0x     중간  0.17  0pt/0 [일봉]
272210  한화시스템     88,900    0.0    +0.0%    0.0x     중간  0.45  0pt/0 [일봉]
011200  HMM       19,200    0.0    +0.0%    0.0x     중간  0.17  0pt/0 [일봉]
015760  한국전력      36,300    0.0    +0.0%    0.0x     중간  2.91  2pt/0 [일봉]
034020  두산에너빌     90,300    0.0    +0.0%    0.0x     중간  2.68  2pt/0 [일봉]
035720  카카오       39,550    0.0    +0.0%    0.0x     중간  0.15  0pt/0 [일봉]
030200  KT        54,500    0.0    +0.0%    0.0x     중간  0.54  0pt/0 [일봉]
003490  대한항공      24,850    0.0    +0.0%    0.0x     중간  1.26  0pt/0 [일봉]
004020  현대제철      33,550    0.0    +0.0%    0.0x     중간  2.35  2pt/0 [일봉]
078930  GS        72,000    0.0    +0.0%    0.0x     중간  0.42  0pt/0 [일봉]

══════════════════════════════════════════════════
→ 전종목 HOLD
✅ Discord 전송 완료

[09:34] HOLD | KODEX RSI55/+3.3%⬆️ | 보유:없음 | 최고신호 한국전력(015760) 2pt/3pt [호가2.9★]
💰 예수금 97,571원 | KODEX200 RSI54/+2.5% 상승추세⬆️  | 매수기준 점수3pt↑

코드      종목명           가격    RSI     변화율    거래량     BB   호가비  B/S
────────────────────────────────────────────────────────────────────────
[2단계 분석 대상: 086520, 247540, 042660, 329180, 005930]
403870  HPSP      54,500    0.0    +0.0%    0.0x     중간  0.50  0pt/0 [일봉]
272210  한화시스템     88,100    0.0    +0.0%    0.0x     중간  0.75  0pt/0 [일봉]
011200  HMM       19,170    0.0    +0.0%    0.0x     중간  0.17  0pt/0 [일봉]
015760  한국전력      36,400    0.0    +0.0%    0.0x     중간  1.22  0pt/0 [일봉]
034020  두산에너빌     90,100    0.0    +0.0%    0.0x     중간  0.69  0pt/0 [일봉]
035720  카카오       39,450    0.0    +0.0%    0.0x     중간  0.32  0pt/0 [일봉]
030200  KT        54,500    0.0    +0.0%    0.0x     중간  0.51  0pt/0 [일봉]
003490  대한항공      24,650    0.0    +0.0%    0.0x     중간  1.16  0pt/0 [일봉]
004020  현대제철      33,450    0.0    +0.0%    0.0x     중간  2.92  2pt/0 [일봉]
078930  GS        72,000    0.0    +0.0%    0.0x     중간  0.55  0pt/0 [일봉]

══════════════════════════════════════════════════
→ 전종목 HOLD
✅ Discord 전송 완료

[09:36] HOLD | KODEX RSI54/+2.5%⬆️ | 보유:없음 | 최고신호 현대제철(004020) 2pt/3pt [호가2.9★]
💰 예수금 97,571원 | KODEX200 RSI55/+3.2% 상승추세⬆️  | 매수기준 점수3pt↑

코드      종목명           가격    RSI     변화율    거래량     BB   호가비  B/S
────────────────────────────────────────────────────────────────────────
[2단계 분석 대상: 042660, 000880, 329180, 064350, 005930]
403870  HPSP      55,900    0.0    +0.0%    0.0x     중간  0.18  0pt/0 [일봉]
272210  한화시스템     88,200    0.0    +0.0%    0.0x     중간  0.57  0pt/0 [일봉]
011200  HMM       19,260    0.0    +0.0%    0.0x     중간  0.27  0pt/0 [일봉]
015760  한국전력      36,350    0.0    +0.0%    0.0x     중간  0.95  0pt/0 [일봉]
034020  두산에너빌     90,200    0.0    +0.0%    0.0x     중간  0.61  0pt/0 [일봉]
035720  카카오       40,000    0.0    +0.0%    0.0x     중간  0.24  0pt/0 [일봉]
030200  KT        54,400    0.0    +0.0%    0.0x     중간  0.72  0pt/0 [일봉]
003490  대한항공      24,700    0.0    +0.0%    0.0x     중간  1.05  0pt/0 [일봉]
004020  현대제철      33,500    0.0    +0.0%    0.0x     중간  2.13  2pt/0 [일봉]
078930  GS        72,000    0.0    +0.0%    0.0x     중간  0.68  0pt/0 [일봉]

══════════════════════════════════════════════════
→ 전종목 HOLD
✅ Discord 전송 완료

[09:38] HOLD | KODEX RSI55/+3.2%⬆️ | 보유:없음 | 최고신호 현대제철(004020) 2pt/3pt [호가2.1★]
💰 예수금 97,571원 | KODEX200 RSI55/+3.4% 상승추세⬆️  | 매수기준 점수3pt↑

코드      종목명           가격    RSI     변화율    거래량     BB   호가비  B/S
────────────────────────────────────────────────────────────────────────
[2단계 분석 대상: 000880, 042660, 004020, 329180, 064350]
403870  HPSP      56,000    0.0    +0.0%    0.0x     중간  0.24  0pt/0 [일봉]
272210  한화시스템     88,200    0.0    +0.0%    0.0x     중간  0.60  0pt/0 [일봉]
011200  HMM       19,250    0.0    +0.0%    0.0x     중간  0.10  0pt/0 [일봉]
015760  한국전력      36,300    0.0    +0.0%    0.0x     중간  1.52  1pt/0 [일봉]
034020  두산에너빌     90,100    0.0    +0.0%    0.0x     중간  0.57  0pt/0 [일봉]
035720  카카오       39,900    0.0    +0.0%    0.0x     중간  0.18  0pt/0 [일봉]
030200  KT        54,700    0.0    +0.0%    0.0x     중간  0.61  0pt/0 [일봉]
003490  대한항공      24,700    0.0    +0.0%    0.0x     중간  1.12  0pt/0 [일봉]
004020  현대제철      33,350   52.0    +0.0%    0.1x     하단  2.99  3pt/0 [5분]
078930  GS        72,100    0.0    +0.0%    0.0x     중간  0.82  0pt/0 [일봉]

══════════════════════════════════════════════════
🟢 BUY 현대제철(004020) 3pt [호가3.0★/RSI52] 목표+2% 신뢰도0.70 ratio0.20
💰 예수금: 97,571원
📊 현대제철(004020) 매도1호가: 33,350원 | 매수1호가: 33,300원
📌 BUY 리스크(1주) vs 신호(1주) → 1주 | 33,300원 = 33,300원
✅ 접수 | 매수 주문 접수: 현대제철 1주 (주문번호: 0221082)
✅ Discord 전송 완료

[09:40] 🟢BUY | KODEX RSI55/+3.4%⬆️ | 예수금 97,571원

🟢 현대제철(004020)  3pt 목표+2%  RSI52 +0.0% 0.1x  [호가3.0★·RSI52]

🔹 한국전력  1pt/3pt  RSI0 +0.0%  [호가1.5]
💰 예수금 64,206원 | KODEX200 RSI55/+3.2% 상승추세⬆️  | 매수기준 점수3pt↑
📦 보유 현대제철(004020) 1주 -0.3%

코드      종목명           가격    RSI     변화율    거래량     BB   호가비  B/S
────────────────────────────────────────────────────────────────────────
[2단계 분석 대상: 004020, 086520, 003670, 042660, 000150, 005930]
403870  HPSP      55,600    0.0    +0.0%    0.0x     중간  0.23  0pt/0 [일봉]
011200  HMM       19,230    0.0    +0.0%    0.0x     중간  1.50  1pt/0 [일봉]
015760  한국전력      36,400    0.0    +0.0%    0.0x     중간  0.83  0pt/0 [일봉]
035720  카카오       39,950    0.0    +0.0%    0.0x     중간  0.31  0pt/0 [일봉]
030200  KT        54,700    0.0    +0.0%    0.0x     중간  0.56  0pt/0 [일봉]
003490  대한항공      24,600    0.0    +0.0%    0.0x     중간  1.12  0pt/0 [일봉]
004020  현대제철      33,350   52.0    +0.1%    0.1x     하단  1.82  2pt/0 [5분]

══════════════════════════════════════════════════
→ 전종목 HOLD
✅ Discord 전송 완료

[09:42] HOLD | KODEX RSI55/+3.2%⬆️ | 보유:현대제철(004020) -0.3% | 최고신호 현대제철(004020) 2pt/3pt [호가1.8 / RSI52]
💰 예수금 64,206원 | KODEX200 RSI55/+3.2% 상승추세⬆️  | 매수기준 점수3pt↑
📦 보유 현대제철(004020) 1주 -0.3%

코드      종목명           가격    RSI     변화율    거래량     BB   호가비  B/S
────────────────────────────────────────────────────────────────────────
[2단계 분석 대상: 004020, 086520, 042660, 003670, 000150, 005930]
403870  HPSP      55,900    0.0    +0.0%    0.0x     중간  0.29  0pt/0 [일봉]
011200  HMM       19,130    0.0    +0.0%    0.0x     중간  1.40  1pt/0 [일봉]
015760  한국전력      36,150    0.0    +0.0%    0.0x     중간  1.22  0pt/0 [일봉]
035720  카카오       39,800    0.0    +0.0%    0.0x     중간  0.45  0pt/0 [일봉]
030200  KT        54,600    0.0    +0.0%    0.0x     중간  0.54  0pt/0 [일봉]
003490  대한항공      24,550    0.0    +0.0%    0.0x     중간  1.47  1pt/0 [일봉]
004020  현대제철      33,350   46.2    -0.1%    0.1x     하단  1.87  2pt/0 [5분]

══════════════════════════════════════════════════
→ 전종목 HOLD
✅ Discord 전송 완료

[09:44] HOLD | KODEX RSI55/+3.2%⬆️ | 보유:현대제철(004020) -0.3% | 최고신호 현대제철(004020) 2pt/3pt [호가1.9 / RSI46]
💰 예수금 64,206원 | KODEX200 RSI55/+3.6% 상승추세⬆️  | 매수기준 점수3pt↑
📦 보유 현대제철(004020) 1주 -0.3%

코드      종목명           가격    RSI     변화율    거래량     BB   호가비  B/S
────────────────────────────────────────────────────────────────────────
[2단계 분석 대상: 004020, 003670, 042660, 086520, 011200, 000880]
403870  HPSP      56,000    0.0    +0.0%    0.0x     중간  0.26  0pt/0 [일봉]
011200  HMM       19,160   59.4    +2.8%    0.2x     중간  1.85  3pt/0 [5분]
015760  한국전력      36,350    0.0    +0.0%    0.0x     중간  1.35  1pt/0 [일봉]
035720  카카오       40,000    0.0    +0.0%    0.0x     중간  0.32  0pt/0 [일봉]
030200  KT        54,800    0.0    +0.0%    0.0x     중간  0.56  0pt/0 [일봉]
003490  대한항공      24,600    0.0    +0.0%    0.0x     중간  1.28  0pt/0 [일봉]
004020  현대제철      33,300   46.2    -0.1%    0.1x     하단  3.33  3pt/0 [5분]

══════════════════════════════════════════════════
🟢 BUY HMM(011200) 3pt [상승+2.8%/호가1.9/RSI59] 목표+2% 신뢰도0.70 ratio0.20
💰 예수금: 64,206원
📊 HMM(011200) 매도1호가: 19,170원 | 매수1호가: 19,150원
📌 BUY 리스크(1주) vs 신호(1주) → 1주 | 19,150원 = 19,150원
✅ 접수 | 매수 주문 접수: HMM 1주 (주문번호: 0233116)
✅ Discord 전송 완료

[09:46] 🟢BUY | KODEX RSI55/+3.6%⬆️ | 예수금 64,206원

🟢 HMM(011200)  3pt 목표+2%  RSI59 +2.8% 0.2x  [상승+2.8%·호가1.9·RSI59]
📦 현대제철 -0.3%

🔶 현대제철  3pt/3pt  RSI46 -0.1%  [호가3.3★·RSI46]
🔹 한국전력  1pt/3pt  RSI0 +0.0%  [호가1.4]
💰 예수금 64,206원 | KODEX200 RSI55/+3.8% 상승추세⬆️  | 매수기준 점수3pt↑
📦 보유 현대제철(004020) 1주 -0.3%

코드      종목명           가격    RSI     변화율    거래량     BB   호가비  B/S
────────────────────────────────────────────────────────────────────────
[2단계 분석 대상: 004020, 003670, 086520, 042660, 000150, 011200]
403870  HPSP      56,300    0.0    +0.0%    0.0x     중간  0.25  0pt/0 [일봉]
011200  HMM       19,170   59.4    +2.7%    0.2x     중간  2.11  4pt/0 [5분]
015760  한국전력      36,250    0.0    +0.0%    0.0x     중간  2.00  2pt/0 [일봉]
035720  카카오       40,000    0.0    +0.0%    0.0x     중간  0.34  0pt/0 [일봉]
030200  KT        54,700    0.0    +0.0%    0.0x     중간  0.53  0pt/0 [일봉]
003490  대한항공      24,600    0.0    +0.0%    0.0x     중간  1.20  0pt/0 [일봉]
004020  현대제철      33,300   46.2    -0.1%    0.1x     하단  3.14  3pt/0 [5분]

══════════════════════════════════════════════════
🟢 BUY HMM(011200) 4pt [상승+2.7%/호가2.1★/RSI59] 목표+2% 신뢰도0.74 ratio0.24
💰 예수금: 45,019원
📊 HMM(011200) 매도1호가: 19,120원 | 매수1호가: 19,100원
📌 BUY 리스크(1주) vs 신호(1주) → 1주 | 19,100원 = 19,100원
✅ 접수 | 매수 주문 접수: HMM 1주 (주문번호: 0237255)
✅ Discord 전송 완료

[09:48] 🟢BUY | KODEX RSI55/+3.8%⬆️ | 예수금 64,206원

🟢 HMM(011200)  4pt 목표+2%  RSI59 +2.7% 0.2x  [상승+2.7%·호가2.1★·RSI59]
📦 현대제철 -0.3%

🔶 현대제철  3pt/3pt  RSI46 -0.1%  [호가3.1★·RSI46]
🔶 한국전력  2pt/3pt  RSI0 +0.0%  [호가2.0★]
💰 예수금 25,880원 | KODEX200 RSI55/+3.7% 상승추세⬆️  | 매수기준 점수3pt↑
📦 보유 현대제철(004020) 1주 -0.3%
📦 보유 HMM(011200) 2주 -0.4%

코드      종목명           가격    RSI     변화율    거래량     BB   호가비  B/S
────────────────────────────────────────────────────────────────────────
[2단계 분석 대상: 004020, 011200, 086520, 042660, 066970, 003670, 064350]
011200  HMM       19,090   57.6    +2.3%    0.3x     중간  1.25  2pt/0 [5분]
003490  대한항공      24,550    0.0    +0.0%    0.0x     중간  1.46  1pt/0 [일봉]
004020  현대제철      33,250   52.2    -0.3%    0.1x     하단  4.65  3pt/0 [5분]

══════════════════════════════════════════════════
→ 전종목 HOLD
✅ Discord 전송 완료

[09:50] HOLD | KODEX RSI55/+3.7%⬆️ | 보유:현대제철(004020) -0.3% HMM(011200) -0.4% | 💸예수금부족 | 최고신호 현대제철(004020) 3pt/3pt [호가4.7★ / RSI52]
💰 예수금 25,880원 | KODEX200 RSI55/+3.2% 상승추세⬆️  | 매수기준 점수3pt↑
📦 보유 현대제철(004020) 1주 -0.7%
📦 보유 HMM(011200) 2주 -0.5%

코드      종목명           가격    RSI     변화율    거래량     BB   호가비  B/S
────────────────────────────────────────────────────────────────────────
[2단계 분석 대상: 004020, 011200, 000150, 064350, 086520, 000720, 003670]
011200  HMM       19,070   57.6    +2.2%    0.3x     중간  2.05  4pt/0 [5분]
003490  대한항공      24,400    0.0    +0.0%    0.0x     중간  2.75  2pt/0 [일봉]
004020  현대제철      33,150   52.2    -0.9%    0.1x     하단  4.86  3pt/0 [5분]

══════════════════════════════════════════════════
→ 전종목 HOLD
✅ Discord 전송 완료

[09:52] HOLD | KODEX RSI55/+3.2%⬆️ | 보유:현대제철(004020) -0.7% HMM(011200) -0.5% | 💸예수금부족 | 최고신호 HMM(011200) 4pt/3pt [상승+2.2% / 호가2.0★ / RSI58]
💰 예수금 25,880원 | KODEX200 RSI55/+3.2% 상승추세⬆️  | 매수기준 점수3pt↑
📦 보유 현대제철(004020) 1주 -1.2%
📦 보유 HMM(011200) 2주 -0.5%

코드      종목명           가격    RSI     변화율    거래량     BB   호가비  B/S
────────────────────────────────────────────────────────────────────────
[2단계 분석 대상: 004020, 011200, 064350, 003670, 000880, 042660, 000720]
011200  HMM       19,080   54.8    +2.4%    0.3x     중간  5.55  4pt/0 [5분]
003490  대한항공      24,400    0.0    +0.0%    0.0x     중간  1.97  1pt/0 [일봉]
004020  현대제철      33,000   54.5    -0.9%    0.1x     중간  5.90  3pt/0 [5분]

══════════════════════════════════════════════════
⚠️  손실 주의 현대제철(004020) -1.2% (비상손절 -1.5% 임박)
→ 전종목 HOLD
✅ Discord 전송 완료

[09:54] HOLD | KODEX RSI55/+3.2%⬆️ | 보유:현대제철(004020) -1.2% HMM(011200) -0.5% | 💸예수금부족 | 최고신호 HMM(011200) 4pt/3pt [상승+2.4% / 호가5.5★ / RSI55]
💰 예수금 25,880원 | KODEX200 RSI55/+3.1% 상승추세⬆️  | 매수기준 점수3pt↑
📦 보유 현대제철(004020) 1주 -1.1%
📦 보유 HMM(011200) 2주 -0.4%

코드      종목명           가격    RSI     변화율    거래량     BB   호가비  B/S
────────────────────────────────────────────────────────────────────────
[2단계 분석 대상: 004020, 011200, 064350, 000150, 003670, 005930, 078930]
011200  HMM       19,080   54.8    +2.2%    0.3x     중간  3.23  4pt/0 [5분]
003490  대한항공      24,450    0.0    +0.0%    0.0x     중간  1.61  1pt/0 [일봉]
004020  현대제철      33,000   54.5    -0.9%    0.1x     중간  6.58  3pt/0 [5분]

══════════════════════════════════════════════════
⚠️  손실 주의 현대제철(004020) -1.1% (비상손절 -1.5% 임박)
→ 전종목 HOLD
✅ Discord 전송 완료

[09:56] HOLD | KODEX RSI55/+3.1%⬆️ | 보유:현대제철(004020) -1.1% HMM(011200) -0.4% | 💸예수금부족 | 최고신호 HMM(011200) 4pt/3pt [상승+2.2% / 호가3.2★ / RSI55]
💰 예수금 25,880원 | KODEX200 RSI54/+3.0% 상승추세⬆️  | 매수기준 점수3pt↑
📦 보유 현대제철(004020) 1주 -1.4%
📦 보유 HMM(011200) 2주 -0.4%

코드      종목명           가격    RSI     변화율    거래량     BB   호가비  B/S
────────────────────────────────────────────────────────────────────────
[2단계 분석 대상: 004020, 011200, 064350, 000150, 003670, 017670, 005930]
011200  HMM       19,090   54.8    +2.6%    0.3x     중간  2.02  4pt/0 [5분]
003490  대한항공      24,500    0.0    +0.0%    0.0x     중간  1.40  1pt/0 [일봉]
004020  현대제철      33,150   54.5    -0.6%    0.1x     중간  6.31  3pt/0 [5분]

══════════════════════════════════════════════════
⚠️  손실 주의 현대제철(004020) -1.4% (비상손절 -1.5% 임박)
→ 전종목 HOLD
✅ Discord 전송 완료

[09:58] HOLD | KODEX RSI54/+3.0%⬆️ | 보유:현대제철(004020) -1.4% HMM(011200) -0.4% | 💸예수금부족 | 최고신호 HMM(011200) 4pt/3pt [상승+2.6% / 호가2.0★ / RSI55]
💰 예수금 25,880원 | KODEX200 RSI55/+3.5% 상승추세⬆️  | 매수기준 점수3pt↑
📦 보유 현대제철(004020) 1주 -0.7%
📦 보유 HMM(011200) 2주 -0.1%

코드      종목명           가격    RSI     변화율    거래량     BB   호가비  B/S
────────────────────────────────────────────────────────────────────────
[2단계 분석 대상: 004020, 011200, 017670, 000150, 015760, 000880, 042660]
011200  HMM       19,150   92.0    +2.6%    0.3x     중간  0.51  1pt/1 [5분]
003490  대한항공      24,550    0.0    +0.0%    0.0x     중간  0.99  0pt/0 [일봉]
004020  현대제철      33,200   90.2    -0.5%    0.1x     중간  4.90  2pt/1 [5분]

══════════════════════════════════════════════════
→ 전종목 HOLD
✅ Discord 전송 완료

[10:00] HOLD | KODEX RSI55/+3.5%⬆️ | 보유:현대제철(004020) -0.7% HMM(011200) -0.1% | 💸예수금부족 | 최고신호 현대제철(004020) 2pt/3pt [호가4.9★]
💰 예수금 25,880원 | KODEX200 RSI55/+3.1% 상승추세⬆️  | 매수기준 점수3pt↑
📦 보유 현대제철(004020) 1주 -0.7%
📦 보유 HMM(011200) 2주 -0.2%

코드      종목명           가격    RSI     변화율    거래량     BB   호가비  B/S
────────────────────────────────────────────────────────────────────────
[2단계 분석 대상: 004020, 011200, 000150, 064350, 066970, 105560, 005930]
011200  HMM       19,100   92.0    +2.4%    0.3x     중간  1.57  2pt/1 [5분]
003490  대한항공      24,500    0.0    +0.0%    0.0x     중간  2.19  2pt/0 [일봉]
004020  현대제철      33,050   90.2    -0.9%    0.1x     중간  7.96  2pt/1 [5분]

══════════════════════════════════════════════════
→ 전종목 HOLD
✅ Discord 전송 완료

[10:02] HOLD | KODEX RSI55/+3.1%⬆️ | 보유:현대제철(004020) -0.7% HMM(011200) -0.2% | 💸예수금부족 | 최고신호 HMM(011200) 2pt/3pt [상승+2.4% / 호가1.6]
💰 예수금 25,880원 | KODEX200 RSI54/+2.9% 상승추세⬆️  | 매수기준 점수3pt↑
📦 보유 현대제철(004020) 1주 -1.4%
📦 보유 HMM(011200) 2주 -0.2%

코드      종목명           가격    RSI     변화율    거래량     BB   호가비  B/S
────────────────────────────────────────────────────────────────────────
[2단계 분석 대상: 004020, 011200, 064350, 000150, 066970, 017670, 015760]
011200  HMM       19,140   74.8    +2.5%    0.3x     중간  0.49  1pt/1 [5분]
003490  대한항공      24,650    0.0    +0.0%    0.0x     중간  0.60  0pt/0 [일봉]
004020  현대제철      32,950   90.2    -1.1%    0.1x     중간 10.33  2pt/1 [5분]

══════════════════════════════════════════════════
⚠️  손실 주의 현대제철(004020) -1.4% (비상손절 -1.5% 임박)
→ 전종목 HOLD
✅ Discord 전송 완료

[10:04] HOLD | KODEX RSI54/+2.9%⬆️ | 보유:현대제철(004020) -1.4% HMM(011200) -0.2% | 💸예수금부족 | 최고신호 현대제철(004020) 2pt/3pt [호가10.3★]
💰 예수금 25,880원 | KODEX200 RSI54/+2.9% 상승추세⬆️  | 매수기준 점수3pt↑
📦 보유 현대제철(004020) 1주 -1.2%
📦 보유 HMM(011200) 2주 -0.4%

코드      종목명           가격    RSI     변화율    거래량     BB   호가비  B/S
────────────────────────────────────────────────────────────────────────
[2단계 분석 대상: 004020, 011200, 000150, 017670, 064350, 015760, 005930]
011200  HMM       19,100   74.8    +2.3%    0.3x     중간  1.10  1pt/1 [5분]
003490  대한항공      24,650    0.0    +0.0%    0.0x     중간  0.61  0pt/0 [일봉]
004020  현대제철      33,050   74.7    -0.8%    0.1x     중간  7.95  2pt/1 [5분]

══════════════════════════════════════════════════
⚠️  손실 주의 현대제철(004020) -1.2% (비상손절 -1.5% 임박)
→ 전종목 HOLD
✅ Discord 전송 완료

[10:06] HOLD | KODEX RSI54/+2.9%⬆️ | 보유:현대제철(004020) -1.2% HMM(011200) -0.4% | 💸예수금부족 | 최고신호 현대제철(004020) 2pt/3pt [호가8.0★]
💰 예수금 25,880원 | KODEX200 RSI54/+2.8% 상승추세⬆️  | 매수기준 점수3pt↑
📦 보유 현대제철(004020) 1주 -1.1%
📦 보유 HMM(011200) 2주 -0.5%

코드      종목명           가격    RSI     변화율    거래량     BB   호가비  B/S
────────────────────────────────────────────────────────────────────────
[2단계 분석 대상: 004020, 011200, 066970, 003670, 017670, 329180, 086520]
011200  HMM       19,050   74.8    +2.0%    0.3x     중간  1.10  1pt/1 [5분]
003490  대한항공      24,550    0.0    +0.0%    0.0x     중간  1.07  0pt/0 [일봉]
004020  현대제철      32,900   74.7    -1.4%    0.1x     중간  5.02  2pt/1 [5분]

══════════════════════════════════════════════════
⚠️  손실 주의 현대제철(004020) -1.1% (비상손절 -1.5% 임박)
→ 전종목 HOLD
✅ Discord 전송 완료

[10:08] HOLD | KODEX RSI54/+2.8%⬆️ | 보유:현대제철(004020) -1.1% HMM(011200) -0.5% | 💸예수금부족 | 최고신호 현대제철(004020) 2pt/3pt [호가5.0★]
💰 예수금 25,880원 | KODEX200 RSI54/+2.7% 상승추세⬆️  | 매수기준 점수3pt↑
📦 보유 현대제철(004020) 1주 -1.2%
📦 보유 HMM(011200) 2주 -0.4%

코드      종목명           가격    RSI     변화율    거래량     BB   호가비  B/S
────────────────────────────────────────────────────────────────────────
[2단계 분석 대상: 004020, 011200, 017670, 000150, 000880, 329180, 005930]
011200  HMM       19,080   66.0    +2.1%    0.3x     중간  0.99  1pt/0 [5분]
003490  대한항공      24,600    0.0    +0.0%    0.0x     중간  0.70  0pt/0 [일봉]
004020  현대제철      32,850   76.3    -1.4%    0.1x     중간  7.26  2pt/1 [5분]

══════════════════════════════════════════════════
⚠️  손실 주의 현대제철(004020) -1.2% (비상손절 -1.5% 임박)
→ 전종목 HOLD
✅ Discord 전송 완료

[10:10] HOLD | KODEX RSI54/+2.7%⬆️ | 보유:현대제철(004020) -1.2% HMM(011200) -0.4% | 💸예수금부족 | 최고신호 현대제철(004020) 2pt/3pt [호가7.3★]
💰 예수금 25,880원 | KODEX200 RSI54/+2.4% 상승추세⬆️  | 매수기준 점수3pt↑
📦 보유 현대제철(004020) 1주 -1.9%
📦 보유 HMM(011200) 2주 -0.8%

코드      종목명           가격    RSI     변화율    거래량     BB   호가비  B/S
────────────────────────────────────────────────────────────────────────
[2단계 분석 대상: 004020, 011200, 003670, 000880, 017670, 086520, 329180]
011200  HMM       19,000   66.0    +1.8%    0.3x     중간  0.12  1pt/0 [5분]
003490  대한항공      24,550    0.0    +0.0%    0.0x     중간  1.04  0pt/0 [일봉]
004020  현대제철      32,750   76.3    -1.6%    0.1x     중간  8.48  2pt/1 [5분]

══════════════════════════════════════════════════
🟡 SELL(비상손절🔴) 현대제철(004020) -1.9% [RSI76] 신뢰도0.9
💰 예수금: 25,882원
📊 현대제철(004020) 매도1호가: 32,750원 | 매수1호가: 32,650원
📌 SELL 지정가: 32,650원 × 1주
✅ 접수 | 매도 주문 접수: 현대제철 1주 (주문번호: 0282647)
✅ Discord 전송 완료

[10:12] 🟡SELL | KODEX RSI54/+2.4%⬆️ | 예수금 25,880원

🟡 현대제철(004020)  손실-1.9%  RSI76 BB중간  [RSI76]
📦 현대제철 -1.9% | HMM -0.8%

🔹 HMM  1pt/3pt  RSI66 +1.8%  [상승+1.8%]
💰 예수금 58,531원 | KODEX200 RSI54/+2.3% 상승추세⬆️  | 매수기준 점수3pt↑
📦 보유 HMM(011200) 2주 -0.8%

코드      종목명           가격    RSI     변화율    거래량     BB   호가비  B/S
────────────────────────────────────────────────────────────────────────
[2단계 분석 대상: 011200, 042660, 003670, 086520, 004020, 329180]
403870  HPSP      57,000    0.0    +0.0%    0.0x     중간  1.64  1pt/0 [일봉]
011200  HMM       19,000   71.3    +1.8%    0.3x     중간  1.43  3pt/1 [5분]
015760  한국전력      35,850    0.0    +0.0%    0.0x     중간  2.60  2pt/0 [일봉]
035720  카카오       39,300    0.0    +0.0%    0.0x     중간  1.54  1pt/0 [일봉]
030200  KT        54,400    0.0    +0.0%    0.0x     중간  0.58  0pt/0 [일봉]
003490  대한항공      24,500    0.0    +0.0%    0.0x     중간  1.53  1pt/0 [일봉]
004020  현대제철      32,700   78.9    -1.9%    0.1x     중간  6.22  3pt/0 [5분]

══════════════════════════════════════════════════
→ 전종목 HOLD
✅ Discord 전송 완료

[10:14] HOLD | KODEX RSI54/+2.3%⬆️ | 보유:HMM(011200) -0.8% | 최고신호 HMM(011200) 3pt/3pt [상승+1.8% / 호가1.4 / 연속상승]
💰 예수금 58,533원 | KODEX200 RSI54/+2.2% 상승추세⬆️  | 매수기준 점수3pt↑
📦 보유 HMM(011200) 2주 -0.9%

코드      종목명           가격    RSI     변화율    거래량     BB   호가비  B/S
────────────────────────────────────────────────────────────────────────
[2단계 분석 대상: 011200, 004020, 042660, 086520, 000880, 096770]
403870  HPSP      56,200    0.0    +0.0%    0.0x     중간  1.52  1pt/0 [일봉]
011200  HMM       18,990   71.3    +1.7%    0.3x     중간  1.57  3pt/1 [5분]
015760  한국전력      35,850    0.0    +0.0%    0.0x     중간  2.45  2pt/0 [일봉]
035720  카카오       39,300    0.0    +0.0%    0.0x     중간  1.86  1pt/0 [일봉]
030200  KT        54,400    0.0    +0.0%    0.0x     중간  0.48  0pt/0 [일봉]
003490  대한항공      24,500    0.0    +0.0%    0.0x     중간  1.48  1pt/0 [일봉]
004020  현대제철      32,650   78.9    -2.1%    0.1x     중간 16.25  3pt/0 [5분]

══════════════════════════════════════════════════
→ 전종목 HOLD
✅ Discord 전송 완료

[10:16] HOLD | KODEX RSI54/+2.2%⬆️ | 보유:HMM(011200) -0.9% | 최고신호 HMM(011200) 3pt/3pt [상승+1.7% / 호가1.6 / 연속상승]
💰 예수금 58,533원 | KODEX200 RSI53/+1.9% 상승추세⬆️  | 매수기준 점수3pt↑
📦 보유 HMM(011200) 2주 -1.0%

코드      종목명           가격    RSI     변화율    거래량     BB   호가비  B/S
────────────────────────────────────────────────────────────────────────
[2단계 분석 대상: 011200, 004020, 042660, 000880, 247540, 035720]
403870  HPSP      55,200    0.0    +0.0%    0.0x     중간  1.92  1pt/0 [일봉]
011200  HMM       19,000   71.3    +1.8%    0.3x     중간  1.52  3pt/1 [5분]
015760  한국전력      35,800    0.0    +0.0%    0.0x     중간  2.57  2pt/0 [일봉]
035720  카카오       39,100   70.1    +1.2%    0.2x     중간  4.27  4pt/0 [5분]
030200  KT        54,400    0.0    +0.0%    0.0x     중간  0.48  0pt/0 [일봉]
003490  대한항공      24,450    0.0    +0.0%    0.0x     중간  1.83  1pt/0 [일봉]
004020  현대제철      32,700   78.9    -2.1%    0.1x     중간 12.17  3pt/0 [5분]

══════════════════════════════════════════════════
⚠️  손실 주의 HMM(011200) -1.0% (비상손절 -1.5% 임박)
🟢 BUY 카카오(035720) 4pt [상승+1.2%/호가4.3★/연속상승] 목표+2% 신뢰도0.74 ratio0.24
💰 예수금: 58,533원
📊 카카오(035720) 매도1호가: 39,050원 | 매수1호가: 39,000원
📌 BUY 리스크(1주) vs 신호(1주) → 1주 | 39,000원 = 39,000원
✅ 접수 | 매수 주문 접수: 카카오 1주 (주문번호: 0293996)
✅ Discord 전송 완료

[10:18] 🟢BUY | KODEX RSI53/+1.9%⬆️ | 예수금 58,533원

🟢 카카오(035720)  4pt 목표+2%  RSI70 +1.2% 0.2x  [상승+1.2%·호가4.3★·연속상승]
📦 HMM -1.0%

🔶 HMM  3pt/3pt  RSI71 +1.8%  [상승+1.8%·호가1.5·연속상승]
🔶 현대제철  3pt/3pt  RSI79 -2.1%  [호가12.2★·연속상승]
🔶 한국전력  2pt/3pt  RSI0 +0.0%  [호가2.6★]
🔹 HPSP  1pt/3pt  RSI0 +0.0%  [호가1.9]
🔹 대한항공  1pt/3pt  RSI0 +0.0%  [호가1.8]
💰 예수금 19,454원 | KODEX200 RSI54/+2.2% 상승추세⬆️  | 매수기준 점수3pt↑
📦 보유 HMM(011200) 2주 -0.8%
📦 보유 카카오(035720) 1주 +0.1%

코드      종목명           가격    RSI     변화율    거래량     BB   호가비  B/S
────────────────────────────────────────────────────────────────────────
[2단계 분석 대상: 011200, 035720, 004020, 000880, 042660, 247540, 329180]
011200  HMM       19,030   72.3    +1.9%    0.3x     중간  1.51  3pt/1 [5분]
035720  카카오       39,150   67.3    +1.3%    0.2x     중간  3.75  4pt/0 [5분]

══════════════════════════════════════════════════
→ 전종목 HOLD
✅ Discord 전송 완료

[10:20] HOLD | KODEX RSI54/+2.2%⬆️ | 보유:HMM(011200) -0.8% 카카오(035720) +0.1% | 💸예수금부족 | 최고신호 카카오(035720) 4pt/3pt [상승+1.3% / 호가3.8★ / 연속상승]
💰 예수금 19,456원 | KODEX200 RSI54/+2.4% 상승추세⬆️  | 매수기준 점수3pt↑
📦 보유 HMM(011200) 2주 -0.9%
📦 보유 카카오(035720) 1주 +0.2%

코드      종목명           가격    RSI     변화율    거래량     BB   호가비  B/S
────────────────────────────────────────────────────────────────────────
[2단계 분석 대상: 011200, 035720, 042660, 017670, 004020, 005930, 329180]
011200  HMM       19,060   72.3    +2.5%    0.3x     중간  0.60  2pt/0 [5분]
035720  카카오       39,200   67.3    +1.8%    0.2x     중간  2.27  4pt/0 [5분]

══════════════════════════════════════════════════
→ 전종목 HOLD
✅ Discord 전송 완료

[10:22] HOLD | KODEX RSI54/+2.4%⬆️ | 보유:HMM(011200) -0.9% 카카오(035720) +0.2% | 💸예수금부족 | 최고신호 카카오(035720) 4pt/3pt [상승+1.8% / 호가2.3★ / 연속상승]
💰 예수금 19,453원 | KODEX200 RSI55/+3.2% 상승추세⬆️  | 매수기준 점수3pt↑
📦 보유 HMM(011200) 2주 -0.2%
📦 보유 카카오(035720) 1주 +0.9%

코드      종목명           가격    RSI     변화율    거래량     BB   호가비  B/S
────────────────────────────────────────────────────────────────────────
[2단계 분석 대상: 011200, 035720, 017670, 003670, 086790, 005930, 003490]
011200  HMM       19,130   72.3    +2.4%    0.3x     중간  0.17  1pt/0 [5분]
035720  카카오       39,500   68.6    +2.2%    0.3x     중간  0.54  1pt/0 [5분]

══════════════════════════════════════════════════
→ 전종목 HOLD
✅ Discord 전송 완료

[10:24] HOLD | KODEX RSI55/+3.2%⬆️ | 보유:HMM(011200) -0.2% 카카오(035720) +0.9% | 💸예수금부족 | 최고신호 HMM(011200) 1pt/3pt [상승+2.4%]
💰 예수금 19,453원 | KODEX200 RSI54/+2.9% 상승추세⬆️  | 매수기준 점수3pt↑
📦 보유 HMM(011200) 2주 -0.1%
📦 보유 카카오(035720) 1주 +0.8%

코드      종목명           가격    RSI     변화율    거래량     BB   호가비  B/S
────────────────────────────────────────────────────────────────────────
[2단계 분석 대상: 011200, 035720, 005930, 003670, 086790, 017670, 032830]
011200  HMM       19,150   72.3    +2.6%    0.3x     중간  0.14  1pt/0 [5분]
035720  카카오       39,400   68.6    +2.2%    0.3x     중간  1.55  2pt/0 [5분]

══════════════════════════════════════════════════
→ 전종목 HOLD
✅ Discord 전송 완료

[10:26] HOLD | KODEX RSI54/+2.9%⬆️ | 보유:HMM(011200) -0.1% 카카오(035720) +0.8% | 💸예수금부족 | 최고신호 카카오(035720) 2pt/3pt [상승+2.2% / 호가1.6]
💰 예수금 19,453원 | KODEX200 RSI54/+2.9% 상승추세⬆️  | 매수기준 점수3pt↑
📦 보유 HMM(011200) 2주 -0.1%
📦 보유 카카오(035720) 1주 +0.9%

코드      종목명           가격    RSI     변화율    거래량     BB   호가비  B/S
────────────────────────────────────────────────────────────────────────
[2단계 분석 대상: 011200, 035720, 005930, 003670, 086790, 032830, 086520]
011200  HMM       19,160   72.3    +2.6%    0.3x     중간  0.09  1pt/0 [5분]
035720  카카오       39,400   68.6    +2.2%    0.3x     중간  0.75  1pt/0 [5분]

══════════════════════════════════════════════════
→ 전종목 HOLD
✅ Discord 전송 완료

[10:28] HOLD | KODEX RSI54/+2.9%⬆️ | 보유:HMM(011200) -0.1% 카카오(035720) +0.9% | 💸예수금부족 | 최고신호 HMM(011200) 1pt/3pt [상승+2.6%]
💰 예수금 19,454원 | KODEX200 RSI54/+3.0% 상승추세⬆️  | 매수기준 점수3pt↑
📦 보유 HMM(011200) 2주 -0.5%
📦 보유 카카오(035720) 1주 +0.3%

코드      종목명           가격    RSI     변화율    거래량     BB   호가비  B/S
────────────────────────────────────────────────────────────────────────
[2단계 분석 대상: 011200, 035720, 086520, 032830, 086790, 017670, 015760]
011200  HMM       19,060   70.1    +2.1%    0.3x     중간  0.32  1pt/0 [5분]
035720  카카오       39,250   64.8    +1.7%    0.3x     중간  3.01  4pt/0 [5분]

══════════════════════════════════════════════════
→ 전종목 HOLD
✅ Discord 전송 완료

[10:30] HOLD | KODEX RSI54/+3.0%⬆️ | 보유:HMM(011200) -0.5% 카카오(035720) +0.3% | 💸예수금부족 | 최고신호 카카오(035720) 4pt/3pt [상승+1.7% / 호가3.0★ / RSI65]
💰 예수금 19,453원 | KODEX200 RSI55/+3.3% 상승추세⬆️  | 매수기준 점수3pt↑
📦 보유 HMM(011200) 2주 -0.4%
📦 보유 카카오(035720) 1주 +0.8%

코드      종목명           가격    RSI     변화율    거래량     BB   호가비  B/S
────────────────────────────────────────────────────────────────────────
[2단계 분석 대상: 011200, 035720, 004020, 015760, 032830, 329180, 000150]
011200  HMM       19,080   70.1    +2.0%    0.3x     중간  0.21  1pt/0 [5분]
035720  카카오       39,300   64.8    +1.7%    0.3x     중간  2.42  4pt/0 [5분]

══════════════════════════════════════════════════
→ 전종목 HOLD
✅ Discord 전송 완료

[10:33] HOLD | KODEX RSI55/+3.3%⬆️ | 보유:HMM(011200) -0.4% 카카오(035720) +0.8% | 💸예수금부족 | 최고신호 카카오(035720) 4pt/3pt [상승+1.7% / 호가2.4★ / RSI65]
💰 예수금 19,454원 | KODEX200 RSI55/+3.5% 상승추세⬆️  | 매수기준 점수3pt↑
📦 보유 HMM(011200) 2주 -0.6%
📦 보유 카카오(035720) 1주 +0.2%

코드      종목명           가격    RSI     변화율    거래량     BB   호가비  B/S
────────────────────────────────────────────────────────────────────────
[2단계 분석 대상: 011200, 035720, 247540, 004020, 000270, 015760, 055550]
011200  HMM       19,040   70.1    +2.1%    0.3x     중간  0.88  1pt/0 [5분]
035720  카카오       39,300   66.4    +1.7%    0.3x     중간  2.78  3pt/0 [5분]

══════════════════════════════════════════════════
→ 전종목 HOLD
✅ Discord 전송 완료

[10:34] HOLD | KODEX RSI55/+3.5%⬆️ | 보유:HMM(011200) -0.6% 카카오(035720) +0.2% | 💸예수금부족 | 최고신호 카카오(035720) 3pt/3pt [상승+1.7% / 호가2.8★]
💰 예수금 19,454원 | KODEX200 RSI55/+3.6% 상승추세⬆️  | 매수기준 점수3pt↑
📦 보유 HMM(011200) 2주 -0.6%
📦 보유 카카오(035720) 1주 +0.4%

코드      종목명           가격    RSI     변화율    거래량     BB   호가비  B/S
────────────────────────────────────────────────────────────────────────
[2단계 분석 대상: 011200, 035720, 032830, 004020, 000880, 000270, 055550]
011200  HMM       19,040   70.1    +2.1%    0.3x     중간  0.90  1pt/0 [5분]
035720  카카오       39,250   66.4    +1.6%    0.3x     중간  3.25  3pt/0 [5분]

══════════════════════════════════════════════════
→ 전종목 HOLD
✅ Discord 전송 완료

[10:36] HOLD | KODEX RSI55/+3.6%⬆️ | 보유:HMM(011200) -0.6% 카카오(035720) +0.4% | 💸예수금부족 | 최고신호 카카오(035720) 3pt/3pt [상승+1.6% / 호가3.2★]
💰 예수금 19,454원 | KODEX200 RSI55/+3.6% 상승추세⬆️  | 매수기준 점수3pt↑
📦 보유 HMM(011200) 2주 -0.5%
📦 보유 카카오(035720) 1주 +0.3%

코드      종목명           가격    RSI     변화율    거래량     BB   호가비  B/S
────────────────────────────────────────────────────────────────────────
[2단계 분석 대상: 011200, 035720, 004020, 055550, 015760, 000270, 003490]
011200  HMM       19,090   70.1    +2.2%    0.3x     중간  0.44  1pt/0 [5분]
035720  카카오       39,250   66.4    +1.7%    0.3x     중간  2.75  3pt/0 [5분]

══════════════════════════════════════════════════
→ 전종목 HOLD
✅ Discord 전송 완료

[10:38] HOLD | KODEX RSI55/+3.6%⬆️ | 보유:HMM(011200) -0.5% 카카오(035720) +0.3% | 💸예수금부족 | 최고신호 카카오(035720) 3pt/3pt [상승+1.7% / 호가2.8★]
💰 예수금 19,454원 | KODEX200 RSI55/+3.7% 상승추세⬆️  | 매수기준 점수3pt↑
📦 보유 HMM(011200) 2주 -0.5%
📦 보유 카카오(035720) 1주 +0.4%

코드      종목명           가격    RSI     변화율    거래량     BB   호가비  B/S
────────────────────────────────────────────────────────────────────────
[2단계 분석 대상: 011200, 035720, 004020, 015760, 055550, 247540, 329180]
011200  HMM       19,080   70.7    +2.2%    0.4x     중간  0.54  1pt/0 [5분]
035720  카카오       39,300   66.4    +1.8%    0.3x     중간  2.20  3pt/0 [5분]

══════════════════════════════════════════════════
→ 전종목 HOLD
✅ Discord 전송 완료

[10:40] HOLD | KODEX RSI55/+3.7%⬆️ | 보유:HMM(011200) -0.5% 카카오(035720) +0.4% | 💸예수금부족 | 최고신호 카카오(035720) 3pt/3pt [상승+1.8% / 호가2.2★]
💰 예수금 19,454원 | KODEX200 RSI55/+4.0% 상승추세⬆️  | 매수기준 점수3pt↑
📦 보유 HMM(011200) 2주 -0.5%
📦 보유 카카오(035720) 1주 +0.4%

코드      종목명           가격    RSI     변화율    거래량     BB   호가비  B/S
────────────────────────────────────────────────────────────────────────
[2단계 분석 대상: 011200, 035720, 004020, 247540, 015760, 055550, 000880]
011200  HMM       19,080   70.7    +2.1%    0.4x     중간  0.43  1pt/0 [5분]
035720  카카오       39,250   66.4    +1.6%    0.3x     중간  1.79  2pt/0 [5분]

══════════════════════════════════════════════════
→ 전종목 HOLD
✅ Discord 전송 완료

[10:42] HOLD | KODEX RSI55/+4.0%⬆️ | 보유:HMM(011200) -0.5% 카카오(035720) +0.4% | 💸예수금부족 | 최고신호 카카오(035720) 2pt/3pt [상승+1.6% / 호가1.8]
💰 예수금 19,456원 | KODEX200 RSI55/+3.2% 상승추세⬆️  | 매수기준 점수3pt↑
📦 보유 HMM(011200) 2주 -0.9%
📦 보유 카카오(035720) 1주 -0.3%

코드      종목명           가격    RSI     변화율    거래량     BB   호가비  B/S
────────────────────────────────────────────────────────────────────────
[2단계 분석 대상: 011200, 035720, 004020, 000150, 034020, 247540, 015760]
011200  HMM       19,020   72.8    +1.9%    0.4x     중간  1.24  2pt/0 [5분]
035720  카카오       39,000   67.9    +1.2%    0.3x     중간  3.21  3pt/0 [5분]

══════════════════════════════════════════════════
→ 전종목 HOLD
✅ Discord 전송 완료

[10:44] HOLD | KODEX RSI55/+3.2%⬆️ | 보유:HMM(011200) -0.9% 카카오(035720) -0.3% | 💸예수금부족 | 최고신호 카카오(035720) 3pt/3pt [상승+1.2% / 호가3.2★]
💰 예수금 19,456원 | KODEX200 RSI55/+3.4% 상승추세⬆️  | 매수기준 점수3pt↑
📦 보유 HMM(011200) 2주 -0.9%
📦 보유 카카오(035720) 1주 -0.2%

코드      종목명           가격    RSI     변화율    거래량     BB   호가비  B/S
────────────────────────────────────────────────────────────────────────
[2단계 분석 대상: 011200, 035720, 004020, 000150, 000880, 003670, 096770]
011200  HMM       18,980   72.8    +1.8%    0.4x     중간  1.37  3pt/0 [5분]
035720  카카오       39,000   67.9    +1.0%    0.3x     중간  2.20  3pt/0 [5분]

══════════════════════════════════════════════════
→ 전종목 HOLD
✅ Discord 전송 완료

[10:46] HOLD | KODEX RSI55/+3.4%⬆️ | 보유:HMM(011200) -0.9% 카카오(035720) -0.2% | 💸예수금부족 | 최고신호 HMM(011200) 3pt/3pt [상승+1.8% / 호가1.4 / 연속상승]
💰 예수금 19,456원 | KODEX200 RSI55/+3.6% 상승추세⬆️  | 매수기준 점수3pt↑
📦 보유 HMM(011200) 2주 -0.9%
📦 보유 카카오(035720) 1주 -0.2%

코드      종목명           가격    RSI     변화율    거래량     BB   호가비  B/S
────────────────────────────────────────────────────────────────────────
[2단계 분석 대상: 011200, 035720, 004020, 000150, 003670, 000880, 015760]
011200  HMM       19,000   72.8    +1.8%    0.4x     중간  1.26  2pt/0 [5분]
035720  카카오       39,000   67.9    +0.9%    0.3x     중간  2.39  3pt/0 [5분]

══════════════════════════════════════════════════
→ 전종목 HOLD
✅ Discord 전송 완료

[10:48] HOLD | KODEX RSI55/+3.6%⬆️ | 보유:HMM(011200) -0.9% 카카오(035720) -0.2% | 💸예수금부족 | 최고신호 카카오(035720) 3pt/3pt [상승+0.9% / 호가2.4★]
💰 예수금 19,456원 | KODEX200 RSI55/+3.6% 상승추세⬆️  | 매수기준 점수3pt↑
📦 보유 HMM(011200) 2주 -0.9%
📦 보유 카카오(035720) 1주 -0.6%

코드      종목명           가격    RSI     변화율    거래량     BB   호가비  B/S
────────────────────────────────────────────────────────────────────────
[2단계 분석 대상: 011200, 035720, 000150, 003670, 004020, 000880, 015760]
011200  HMM       18,980   72.9    +1.8%    0.4x     중간  0.77  1pt/0 [5분]
035720  카카오       38,950   67.9    +0.9%    0.3x     중간  2.76  3pt/0 [5분]

══════════════════════════════════════════════════
→ 전종목 HOLD
✅ Discord 전송 완료

[10:50] HOLD | KODEX RSI55/+3.6%⬆️ | 보유:HMM(011200) -0.9% 카카오(035720) -0.6% | 💸예수금부족 | 최고신호 카카오(035720) 3pt/3pt [상승+0.9% / 호가2.8★]
💰 예수금 19,456원 | KODEX200 RSI55/+3.9% 상승추세⬆️  | 매수기준 점수3pt↑
📦 보유 HMM(011200) 2주 -0.9%
📦 보유 카카오(035720) 1주 -0.5%

코드      종목명           가격    RSI     변화율    거래량     BB   호가비  B/S
────────────────────────────────────────────────────────────────────────
[2단계 분석 대상: 011200, 035720, 004020, 000880, 000150, 096770, 032830]
011200  HMM       18,990   72.9    +1.8%    0.4x     중간  0.79  1pt/0 [5분]
035720  카카오       38,850   67.9    +0.5%    0.3x     중간  1.71  2pt/0 [5분]

══════════════════════════════════════════════════
→ 전종목 HOLD
✅ Discord 전송 완료

[10:52] HOLD | KODEX RSI55/+3.9%⬆️ | 보유:HMM(011200) -0.9% 카카오(035720) -0.5% | 💸예수금부족 | 최고신호 카카오(035720) 2pt/3pt [상승+0.5% / 호가1.7]
💰 예수금 19,456원 | KODEX200 RSI55/+3.7% 상승추세⬆️  | 매수기준 점수3pt↑
📦 보유 HMM(011200) 2주 -1.1%
📦 보유 카카오(035720) 1주 -0.8%

코드      종목명           가격    RSI     변화율    거래량     BB   호가비  B/S
────────────────────────────────────────────────────────────────────────
[2단계 분석 대상: 011200, 035720, 004020, 000150, 000880, 247540, 042660]
011200  HMM       18,960   73.2    +1.7%    0.4x     중간  0.53  1pt/0 [5분]
035720  카카오       38,800   68.7    +0.5%    0.3x     중간  2.29  3pt/0 [5분]

══════════════════════════════════════════════════
⚠️  손실 주의 HMM(011200) -1.1% (비상손절 -1.5% 임박)
→ 전종목 HOLD
✅ Discord 전송 완료

[10:54] HOLD | KODEX RSI55/+3.7%⬆️ | 보유:HMM(011200) -1.1% 카카오(035720) -0.8% | 💸예수금부족 | 최고신호 카카오(035720) 3pt/3pt [상승+0.5% / 호가2.3★]
💰 예수금 19,456원 | KODEX200 RSI55/+3.5% 상승추세⬆️  | 매수기준 점수3pt↑
📦 보유 HMM(011200) 2주 -1.1%
📦 보유 카카오(035720) 1주 -0.7%

코드      종목명           가격    RSI     변화율    거래량     BB   호가비  B/S
────────────────────────────────────────────────────────────────────────
[2단계 분석 대상: 011200, 035720, 000150, 004020, 000880, 032830, 105560]
011200  HMM       19,000   73.2    +1.8%    0.4x     중간  1.28  1pt/0 [5분]
035720  카카오       39,000   68.7    +1.0%    0.3x     중간  1.99  2pt/0 [5분]

══════════════════════════════════════════════════
⚠️  손실 주의 HMM(011200) -1.1% (비상손절 -1.5% 임박)
→ 전종목 HOLD
✅ Discord 전송 완료

[10:56] HOLD | KODEX RSI55/+3.5%⬆️ | 보유:HMM(011200) -1.1% 카카오(035720) -0.7% | 💸예수금부족 | 최고신호 카카오(035720) 2pt/3pt [상승+1.0% / 호가2.0]
💰 예수금 19,456원 | KODEX200 RSI55/+3.4% 상승추세⬆️  | 매수기준 점수3pt↑
📦 보유 HMM(011200) 2주 -1.2%
📦 보유 카카오(035720) 1주 -0.5%

코드      종목명           가격    RSI     변화율    거래량     BB   호가비  B/S
────────────────────────────────────────────────────────────────────────
[2단계 분석 대상: 011200, 035720, 017670, 000150, 015760, 032830, 004020]
011200  HMM       18,940   73.2    +1.6%    0.4x     중간  0.95  1pt/0 [5분]
035720  카카오       39,000   68.7    +1.0%    0.3x     중간  2.06  3pt/0 [5분]

══════════════════════════════════════════════════
⚠️  손실 주의 HMM(011200) -1.2% (비상손절 -1.5% 임박)
→ 전종목 HOLD
✅ Discord 전송 완료

[10:58] HOLD | KODEX RSI55/+3.4%⬆️ | 보유:HMM(011200) -1.2% 카카오(035720) -0.5% | 💸예수금부족 | 최고신호 카카오(035720) 3pt/3pt [상승+1.0% / 호가2.1★]
💰 예수금 19,456원 | KODEX200 RSI55/+3.9% 상승추세⬆️  | 매수기준 점수3pt↑
📦 보유 HMM(011200) 2주 -1.2%
📦 보유 카카오(035720) 1주 -0.1%

코드      종목명           가격    RSI     변화율    거래량     BB   호가비  B/S
────────────────────────────────────────────────────────────────────────
[2단계 분석 대상: 011200, 035720, 000880, 003670, 000150, 004020, 032830]
011200  HMM       18,950   74.3    +1.6%    0.4x     중간  1.73  2pt/0 [5분]
035720  카카오       39,000   70.8    +0.9%    0.3x     중간  1.89  2pt/0 [5분]

══════════════════════════════════════════════════
⚠️  손실 주의 HMM(011200) -1.2% (비상손절 -1.5% 임박)
→ 전종목 HOLD
✅ Discord 전송 완료

[11:00] HOLD | KODEX RSI55/+3.9%⬆️ | 보유:HMM(011200) -1.2% 카카오(035720) -0.1% | 💸예수금부족 | 최고신호 HMM(011200) 2pt/3pt [상승+1.6% / 호가1.7]
💰 예수금 19,456원 | KODEX200 RSI55/+3.5% 상승추세⬆️  | 매수기준 점수3pt↑
📦 보유 HMM(011200) 2주 -1.1%
📦 보유 카카오(035720) 1주 -0.3%

코드      종목명           가격    RSI     변화율    거래량     BB   호가비  B/S
────────────────────────────────────────────────────────────────────────
[2단계 분석 대상: 011200, 035720, 064350, 000880, 000150, 096770, 247540]
011200  HMM       18,950   74.3    +1.7%    0.4x     중간  1.68  2pt/0 [5분]
035720  카카오       39,050   70.8    +1.2%    0.3x     중간  1.45  2pt/0 [5분]

══════════════════════════════════════════════════
⚠️  손실 주의 HMM(011200) -1.1% (비상손절 -1.5% 임박)
→ 전종목 HOLD
✅ Discord 전송 완료

[11:02] HOLD | KODEX RSI55/+3.5%⬆️ | 보유:HMM(011200) -1.1% 카카오(035720) -0.3% | 💸예수금부족 | 최고신호 HMM(011200) 2pt/3pt [상승+1.7% / 호가1.7]
💰 예수금 19,456원 | KODEX200 RSI55/+3.6% 상승추세⬆️  | 매수기준 점수3pt↑
📦 보유 HMM(011200) 2주 -0.9%
📦 보유 카카오(035720) 1주 -0.3%

코드      종목명           가격    RSI     변화율    거래량     BB   호가비  B/S
────────────────────────────────────────────────────────────────────────
[2단계 분석 대상: 011200, 035720, 000150, 064350, 000880, 329180, 003670]
011200  HMM       18,980   74.3    +1.8%    0.4x     중간  1.55  2pt/0 [5분]
035720  카카오       39,000   70.8    +0.9%    0.3x     중간  2.46  3pt/0 [5분]

══════════════════════════════════════════════════
→ 전종목 HOLD
✅ Discord 전송 완료

[11:04] HOLD | KODEX RSI55/+3.6%⬆️ | 보유:HMM(011200) -0.9% 카카오(035720) -0.3% | 💸예수금부족 | 최고신호 카카오(035720) 3pt/3pt [상승+0.9% / 호가2.5★]
💰 예수금 19,456원 | KODEX200 RSI55/+3.6% 상승추세⬆️  | 매수기준 점수3pt↑
📦 보유 HMM(011200) 2주 -0.9%
📦 보유 카카오(035720) 1주 -0.2%

코드      종목명           가격    RSI     변화율    거래량     BB   호가비  B/S
────────────────────────────────────────────────────────────────────────
[2단계 분석 대상: 011200, 035720, 000150, 004020, 329180, 096770, 064350]
011200  HMM       18,990   72.8    +1.8%    0.4x     중간  1.24  1pt/0 [5분]
035720  카카오       38,950   69.9    +0.8%    0.3x     중간  2.56  3pt/0 [5분]

══════════════════════════════════════════════════
→ 전종목 HOLD
✅ Discord 전송 완료

[11:06] HOLD | KODEX RSI55/+3.6%⬆️ | 보유:HMM(011200) -0.9% 카카오(035720) -0.2% | 💸예수금부족 | 최고신호 카카오(035720) 3pt/3pt [상승+0.8% / 호가2.6★]
💰 예수금 19,456원 | KODEX200 RSI55/+3.7% 상승추세⬆️  | 매수기준 점수3pt↑
📦 보유 HMM(011200) 2주 -0.9%
📦 보유 카카오(035720) 1주 -0.3%

코드      종목명           가격    RSI     변화율    거래량     BB   호가비  B/S
────────────────────────────────────────────────────────────────────────
[2단계 분석 대상: 011200, 035720, 004020, 000150, 000880, 064350, 329180]
011200  HMM       18,990   72.8    +1.8%    0.4x     중간  1.14  1pt/0 [5분]
035720  카카오       38,950   69.9    +0.8%    0.4x     중간  1.90  2pt/0 [5분]

══════════════════════════════════════════════════
→ 전종목 HOLD
✅ Discord 전송 완료

[11:08] HOLD | KODEX RSI55/+3.7%⬆️ | 보유:HMM(011200) -0.9% 카카오(035720) -0.3% | 💸예수금부족 | 최고신호 카카오(035720) 2pt/3pt [상승+0.8% / 호가1.9]
💰 예수금 19,456원 | KODEX200 RSI55/+3.8% 상승추세⬆️  | 매수기준 점수3pt↑
📦 보유 HMM(011200) 2주 -0.9%
📦 보유 카카오(035720) 1주 -0.2%

코드      종목명           가격    RSI     변화율    거래량     BB   호가비  B/S
────────────────────────────────────────────────────────────────────────
[2단계 분석 대상: 011200, 035720, 000150, 004020, 064350, 329180, 096770]
011200  HMM       18,970   52.3    +1.7%    0.4x     상단  0.72  2pt/0 [5분]
035720  카카오       39,050   52.7    +1.2%    0.4x     상단  1.64  3pt/0 [5분]

══════════════════════════════════════════════════
→ 전종목 HOLD
✅ Discord 전송 완료

[11:10] HOLD | KODEX RSI55/+3.8%⬆️ | 보유:HMM(011200) -0.9% 카카오(035720) -0.2% | 💸예수금부족 | 최고신호 카카오(035720) 3pt/3pt [상승+1.2% / 호가1.6 / RSI53]
💰 예수금 19,456원 | KODEX200 RSI55/+3.6% 상승추세⬆️  | 매수기준 점수3pt↑
📦 보유 HMM(011200) 2주 -1.2%
📦 보유 카카오(035720) 1주 +0.1%

코드      종목명           가격    RSI     변화율    거래량     BB   호가비  B/S
────────────────────────────────────────────────────────────────────────
[2단계 분석 대상: 011200, 035720, 096770, 000150, 105560, 329180, 003670]
011200  HMM       18,980   52.3    +1.6%    0.4x     상단  1.02  2pt/0 [5분]
035720  카카오       39,050   52.7    +1.3%    0.4x     상단  1.65  3pt/0 [5분]

══════════════════════════════════════════════════
⚠️  손실 주의 HMM(011200) -1.2% (비상손절 -1.5% 임박)
→ 전종목 HOLD
✅ Discord 전송 완료

[11:12] HOLD | KODEX RSI55/+3.6%⬆️ | 보유:HMM(011200) -1.2% 카카오(035720) +0.1% | 💸예수금부족 | 최고신호 카카오(035720) 3pt/3pt [상승+1.3% / 호가1.6 / RSI53]
💰 예수금 19,456원 | KODEX200 RSI55/+3.8% 상승추세⬆️  | 매수기준 점수3pt↑
📦 보유 HMM(011200) 2주 -1.0%
📦 보유 카카오(035720) 1주 +0.1%

코드      종목명           가격    RSI     변화율    거래량     BB   호가비  B/S
────────────────────────────────────────────────────────────────────────
[2단계 분석 대상: 011200, 035720, 000880, 000150, 329180, 247540, 272210]
011200  HMM       18,970   66.7    +1.7%    0.4x     상단  1.14  1pt/0 [5분]
035720  카카오       39,100   66.4    +1.2%    0.4x     상단  1.45  2pt/0 [5분]

══════════════════════════════════════════════════
⚠️  손실 주의 HMM(011200) -1.0% (비상손절 -1.5% 임박)
→ 전종목 HOLD
✅ Discord 전송 완료

[11:14] HOLD | KODEX RSI55/+3.8%⬆️ | 보유:HMM(011200) -1.0% 카카오(035720) +0.1% | 💸예수금부족 | 최고신호 카카오(035720) 2pt/3pt [상승+1.2% / 호가1.4]
💰 예수금 19,456원 | KODEX200 RSI55/+3.6% 상승추세⬆️  | 매수기준 점수3pt↑
📦 보유 HMM(011200) 2주 -1.1%
📦 보유 카카오(035720) 1주 +0.1%

코드      종목명           가격    RSI     변화율    거래량     BB   호가비  B/S
────────────────────────────────────────────────────────────────────────
[2단계 분석 대상: 011200, 035720, 000880, 000150, 017670, 096770, 004020]
011200  HMM       18,930   66.7    +1.5%    0.4x     상단  1.20  1pt/0 [5분]
035720  카카오       39,050   66.4    +1.2%    0.4x     상단  1.43  2pt/0 [5분]

══════════════════════════════════════════════════
⚠️  손실 주의 HMM(011200) -1.1% (비상손절 -1.5% 임박)
→ 전종목 HOLD
✅ Discord 전송 완료

[11:16] HOLD | KODEX RSI55/+3.6%⬆️ | 보유:HMM(011200) -1.1% 카카오(035720) +0.1% | 💸예수금부족 | 최고신호 카카오(035720) 2pt/3pt [상승+1.2% / 호가1.4]
💰 예수금 19,456원 | KODEX200 RSI55/+3.7% 상승추세⬆️  | 매수기준 점수3pt↑
📦 보유 HMM(011200) 2주 -1.2%
📦 보유 카카오(035720) 1주 +0.2%

코드      종목명           가격    RSI     변화율    거래량     BB   호가비  B/S
────────────────────────────────────────────────────────────────────────
[2단계 분석 대상: 011200, 035720, 000150, 096770, 004020, 017670, 329180]
011200  HMM       18,960   66.7    +1.6%    0.4x     상단  1.22  1pt/0 [5분]
035720  카카오       39,150   66.4    +1.4%    0.4x     상단  0.97  1pt/0 [5분]

══════════════════════════════════════════════════
⚠️  손실 주의 HMM(011200) -1.2% (비상손절 -1.5% 임박)
→ 전종목 HOLD
✅ Discord 전송 완료

[11:18] HOLD | KODEX RSI55/+3.7%⬆️ | 보유:HMM(011200) -1.2% 카카오(035720) +0.2% | 💸예수금부족 | 최고신호 HMM(011200) 1pt/3pt [상승+1.6%]
💰 예수금 19,456원 | KODEX200 RSI55/+3.6% 상승추세⬆️  | 매수기준 점수3pt↑
📦 보유 HMM(011200) 2주 -1.1%
📦 보유 카카오(035720) 1주 +0.2%

코드      종목명           가격    RSI     변화율    거래량     BB   호가비  B/S
────────────────────────────────────────────────────────────────────────
[2단계 분석 대상: 011200, 035720, 000150, 096770, 032830, 004020, 000880]
011200  HMM       18,960   81.9    +1.7%    0.4x     상단  0.99  2pt/0 [5분]
035720  카카오       39,150   76.0    +1.4%    0.4x     상단  1.04  1pt/0 [5분]

══════════════════════════════════════════════════
⚠️  손실 주의 HMM(011200) -1.1% (비상손절 -1.5% 임박)
→ 전종목 HOLD
✅ Discord 전송 완료

[11:20] HOLD | KODEX RSI55/+3.6%⬆️ | 보유:HMM(011200) -1.1% 카카오(035720) +0.2% | 💸예수금부족 | 최고신호 HMM(011200) 2pt/3pt [상승+1.7% / 연속상승]
💰 예수금 19,456원 | KODEX200 RSI55/+3.5% 상승추세⬆️  | 매수기준 점수3pt↑
📦 보유 HMM(011200) 2주 -1.1%
📦 보유 카카오(035720) 1주 +0.1%

코드      종목명           가격    RSI     변화율    거래량     BB   호가비  B/S
────────────────────────────────────────────────────────────────────────
[2단계 분석 대상: 011200, 035720, 096770, 000150, 004020, 003670, 247540]
011200  HMM       18,960   81.9    +1.6%    0.4x     상단  1.00  2pt/0 [5분]
035720  카카오       39,250   76.0    +1.7%    0.4x     상단  0.85  1pt/0 [5분]

══════════════════════════════════════════════════
⚠️  손실 주의 HMM(011200) -1.1% (비상손절 -1.5% 임박)
→ 전종목 HOLD
✅ Discord 전송 완료

[11:22] HOLD | KODEX RSI55/+3.5%⬆️ | 보유:HMM(011200) -1.1% 카카오(035720) +0.1% | 💸예수금부족 | 최고신호 HMM(011200) 2pt/3pt [상승+1.6% / 연속상승]
💰 예수금 19,456원 | KODEX200 RSI55/+3.5% 상승추세⬆️  | 매수기준 점수3pt↑
📦 보유 HMM(011200) 2주 -1.1%
📦 보유 카카오(035720) 1주 +0.6%

코드      종목명           가격    RSI     변화율    거래량     BB   호가비  B/S
────────────────────────────────────────────────────────────────────────
[2단계 분석 대상: 011200, 035720, 096770, 329180, 004020, 032830, 000150]
011200  HMM       18,960   69.6    +1.7%    0.4x     상단  1.15  2pt/0 [5분]
035720  카카오       39,350   62.8    +1.8%    0.4x     상단  0.93  2pt/0 [5분]

══════════════════════════════════════════════════
⚠️  손실 주의 HMM(011200) -1.1% (비상손절 -1.5% 임박)
→ 전종목 HOLD
✅ Discord 전송 완료

[11:25] HOLD | KODEX RSI55/+3.5%⬆️ | 보유:HMM(011200) -1.1% 카카오(035720) +0.6% | 💸예수금부족 | 최고신호 HMM(011200) 2pt/3pt [상승+1.7% / 연속상승]
💰 예수금 19,456원 | KODEX200 RSI55/+3.2% 상승추세⬆️  | 매수기준 점수3pt↑
📦 보유 HMM(011200) 2주 -1.0%
📦 보유 카카오(035720) 1주 +0.6%

코드      종목명           가격    RSI     변화율    거래량     BB   호가비  B/S
────────────────────────────────────────────────────────────────────────
[2단계 분석 대상: 011200, 035720, 096770, 000150, 329180, 004020, 003670]
011200  HMM       18,990   69.6    +1.8%    0.4x     상단  0.90  2pt/0 [5분]
035720  카카오       39,200   62.8    +1.6%    0.4x     상단  1.18  2pt/0 [5분]

══════════════════════════════════════════════════
⚠️  손실 주의 HMM(011200) -1.0% (비상손절 -1.5% 임박)
→ 전종목 HOLD
✅ Discord 전송 완료

[11:26] HOLD | KODEX RSI55/+3.2%⬆️ | 보유:HMM(011200) -1.0% 카카오(035720) +0.6% | 💸예수금부족 | 최고신호 HMM(011200) 2pt/3pt [상승+1.8% / 연속상승]
💰 예수금 19,456원 | KODEX200 RSI55/+3.4% 상승추세⬆️  | 매수기준 점수3pt↑
📦 보유 HMM(011200) 2주 -0.9%
📦 보유 카카오(035720) 1주 +0.4%

코드      종목명           가격    RSI     변화율    거래량     BB   호가비  B/S
────────────────────────────────────────────────────────────────────────
[2단계 분석 대상: 011200, 035720, 096770, 004020, 247540, 329180, 000150]
011200  HMM       18,970   69.6    +1.7%    0.4x     상단  1.04  2pt/0 [5분]
035720  카카오       39,250   62.8    +1.8%    0.4x     상단  1.10  2pt/0 [5분]

══════════════════════════════════════════════════
→ 전종목 HOLD
✅ Discord 전송 완료

[11:28] HOLD | KODEX RSI55/+3.4%⬆️ | 보유:HMM(011200) -0.9% 카카오(035720) +0.4% | 💸예수금부족 | 최고신호 HMM(011200) 2pt/3pt [상승+1.7% / 연속상승]
💰 예수금 19,455원 | KODEX200 RSI55/+3.7% 상승추세⬆️  | 매수기준 점수3pt↑
📦 보유 HMM(011200) 2주 -0.9%
📦 보유 카카오(035720) 1주 +0.7%

코드      종목명           가격    RSI     변화율    거래량     BB   호가비  B/S
────────────────────────────────────────────────────────────────────────
[2단계 분석 대상: 011200, 035720, 000150, 096770, 015760, 004020, 272210]
011200  HMM       19,000   67.9    +1.8%    0.4x     상단  0.89  1pt/0 [5분]
035720  카카오       39,400   66.2    +1.8%    0.4x     상단  0.82  1pt/0 [5분]

══════════════════════════════════════════════════
⏰ 점심시간 (11:30~13:30) — 신규 매수 중단
→ 전종목 HOLD
✅ Discord 전송 완료

[11:30] HOLD | KODEX RSI55/+3.7%⬆️ | 보유:HMM(011200) -0.9% 카카오(035720) +0.7% | 💸예수금부족 | 최고신호 HMM(011200) 1pt/3pt [상승+1.8%]
💰 예수금 19,453원 | KODEX200 RSI55/+3.8% 상승추세⬆️  | 매수기준 점수3pt↑
📦 보유 HMM(011200) 2주 -0.8%
📦 보유 카카오(035720) 1주 +0.9%

코드      종목명           가격    RSI     변화율    거래량     BB   호가비  B/S
────────────────────────────────────────────────────────────────────────
[2단계 분석 대상: 011200, 035720, 000150, 004020, 096770, 015760, 272210]
011200  HMM       19,000   67.9    +2.1%    0.4x     상단  1.23  1pt/0 [5분]
035720  카카오       39,500   66.2    +2.3%    0.4x     상단  0.79  1pt/0 [5분]

══════════════════════════════════════════════════
⏰ 점심시간 (11:30~13:30) — 신규 매수 중단
→ 전종목 HOLD
✅ Discord 전송 완료

[11:32] HOLD | KODEX RSI55/+3.8%⬆️ | 보유:HMM(011200) -0.8% 카카오(035720) +0.9% | 💸예수금부족 | 최고신호 HMM(011200) 1pt/3pt [상승+2.1%]
💰 예수금 19,453원 | KODEX200 RSI55/+3.8% 상승추세⬆️  | 매수기준 점수3pt↑
📦 보유 HMM(011200) 2주 -0.7%
📦 보유 카카오(035720) 1주 +1.1%

코드      종목명           가격    RSI     변화율    거래량     BB   호가비  B/S
────────────────────────────────────────────────────────────────────────
[2단계 분석 대상: 011200, 035720, 000150, 004020, 015760, 272210, 096770]
011200  HMM       19,040   61.2    +2.0%    0.4x     상단  0.55  2pt/0 [5분]
035720  카카오       39,550   53.2    +2.4%    0.4x     상단  0.20  2pt/1 [5분]

══════════════════════════════════════════════════
⏰ 점심시간 (11:30~13:30) — 신규 매수 중단
→ 전종목 HOLD
✅ Discord 전송 완료

[11:34] HOLD | KODEX RSI55/+3.8%⬆️ | 보유:HMM(011200) -0.7% 카카오(035720) +1.1% | 💸예수금부족 | 최고신호 HMM(011200) 2pt/3pt [상승+2.0% / RSI61]
💰 예수금 19,453원 | KODEX200 RSI55/+3.6% 상승추세⬆️  | 매수기준 점수3pt↑
📦 보유 HMM(011200) 2주 -0.5%
📦 보유 카카오(035720) 1주 +0.9%

코드      종목명           가격    RSI     변화율    거래량     BB   호가비  B/S
────────────────────────────────────────────────────────────────────────
[2단계 분석 대상: 011200, 035720, 000150, 004020, 096770, 272210, 247540]
011200  HMM       19,050   61.2    +2.1%    0.4x     상단  0.29  2pt/0 [5분]
035720  카카오       39,550   53.2    +2.5%    0.4x     상단  0.16  2pt/0 [5분]

══════════════════════════════════════════════════
⏰ 점심시간 (11:30~13:30) — 신규 매수 중단
→ 전종목 HOLD
✅ Discord 전송 완료

[11:36] HOLD | KODEX RSI55/+3.6%⬆️ | 보유:HMM(011200) -0.5% 카카오(035720) +0.9% | 💸예수금부족 | 최고신호 HMM(011200) 2pt/3pt [상승+2.1% / RSI61]
💰 예수금 19,453원 | KODEX200 RSI55/+3.5% 상승추세⬆️  | 매수기준 점수3pt↑
📦 보유 HMM(011200) 2주 -0.8%
📦 보유 카카오(035720) 1주 +1.1%

코드      종목명           가격    RSI     변화율    거래량     BB   호가비  B/S
────────────────────────────────────────────────────────────────────────
[2단계 분석 대상: 011200, 035720, 000150, 004020, 096770, 247540, 015760]
011200  HMM       19,010   61.2    +1.9%    0.4x     상단  0.50  2pt/0 [5분]
035720  카카오       39,500   53.2    +2.2%    0.4x     상단  0.36  2pt/1 [5분]

══════════════════════════════════════════════════
⏰ 점심시간 (11:30~13:30) — 신규 매수 중단
→ 전종목 HOLD
✅ Discord 전송 완료

[11:38] HOLD | KODEX RSI55/+3.5%⬆️ | 보유:HMM(011200) -0.8% 카카오(035720) +1.1% | 💸예수금부족 | 최고신호 HMM(011200) 2pt/3pt [상승+1.9% / RSI61]
💰 예수금 19,453원 | KODEX200 RSI55/+3.4% 상승추세⬆️  | 매수기준 점수3pt↑
📦 보유 HMM(011200) 2주 -0.8%
📦 보유 카카오(035720) 1주 +1.1%

코드      종목명           가격    RSI     변화율    거래량     BB   호가비  B/S
────────────────────────────────────────────────────────────────────────
[2단계 분석 대상: 011200, 035720, 004020, 272210, 000150, 015760, 096770]
011200  HMM       19,000   68.9    +1.8%    0.4x     상단  0.81  1pt/0 [5분]
035720  카카오       39,600   55.0    +2.6%    0.4x     상단  0.11  2pt/2 [5분]

══════════════════════════════════════════════════
🟡 SELL(수익실현💰) 카카오(035720) +1.1% [BB상단, MA데드] 신뢰도0.7
💰 예수금: 19,453원
📊 카카오(035720) 매도1호가: 39,600원 | 매수1호가: 39,550원
📌 SELL 지정가: 39,550원 × 1주
✅ 접수 | 매도 주문 접수: 카카오 1주 (주문번호: 0381525)
⏰ 점심시간 (11:30~13:30) — 신규 매수 중단
✅ Discord 전송 완료

[11:40] 🟡SELL | KODEX RSI55/+3.4%⬆️ | 예수금 19,453원

🟡 카카오(035720)  💰수익+1.1%  RSI55 BB상단  [BB상단·MA데드]
📦 HMM -0.8% | 카카오 +1.1%

🔹 HMM  1pt/3pt  RSI69 +1.8%  [상승+1.8%]
💰 예수금 59,003원 | KODEX200 RSI55/+3.6% 상승추세⬆️  | 매수기준 점수3pt↑
📦 보유 HMM(011200) 2주 -0.8%

코드      종목명           가격    RSI     변화율    거래량     BB   호가비  B/S
────────────────────────────────────────────────────────────────────────
[2단계 분석 대상: 011200, 000150, 004020, 015760, 096770, 329180]
403870  HPSP      56,800    0.0    +0.0%    0.0x     중간  0.97  0pt/0 [일봉]
011200  HMM       19,000   68.9    +1.9%    0.4x     상단  0.94  1pt/0 [5분]
015760  한국전력      35,600   53.8    -1.2%    0.7x     하단  1.88  2pt/0 [5분]
035720  카카오       39,650    0.0    +0.0%    0.0x     중간  0.11  0pt/0 [일봉]
030200  KT        54,500    0.0    +0.0%    0.0x     중간  0.47  0pt/0 [일봉]
003490  대한항공      24,600    0.0    +0.0%    0.0x     중간  0.44  0pt/0 [일봉]
004020  현대제철      32,950   48.0    -1.4%    0.2x     중간  3.94  3pt/0 [5분]

══════════════════════════════════════════════════
⏰ 점심시간 (11:30~13:30) — 신규 매수 중단
→ 전종목 HOLD
✅ Discord 전송 완료

[11:42] HOLD | KODEX RSI55/+3.6%⬆️ | 보유:HMM(011200) -0.8% | 최고신호 현대제철(004020) 3pt/3pt [호가3.9★ / RSI48]
💰 예수금 59,005원 | KODEX200 RSI55/+3.6% 상승추세⬆️  | 매수기준 점수3pt↑
📦 보유 HMM(011200) 2주 -0.9%

코드      종목명           가격    RSI     변화율    거래량     BB   호가비  B/S
────────────────────────────────────────────────────────────────────────
[2단계 분석 대상: 011200, 000150, 096770, 004020, 272210, 015760]
403870  HPSP      56,400    0.0    +0.0%    0.0x     중간  1.57  1pt/0 [일봉]
011200  HMM       19,000   68.9    +1.9%    0.4x     상단  1.07  2pt/0 [5분]
015760  한국전력      35,600   51.9    -1.2%    0.7x     하단  1.60  2pt/0 [5분]
035720  카카오       39,650    0.0    +0.0%    0.0x     중간  0.13  0pt/0 [일봉]
030200  KT        54,400    0.0    +0.0%    0.0x     중간  0.47  0pt/0 [일봉]
003490  대한항공      24,600    0.0    +0.0%    0.0x     중간  0.39  0pt/0 [일봉]
004020  현대제철      32,950   41.7    -1.2%    0.2x     중간  3.89  2pt/0 [5분]

══════════════════════════════════════════════════
⏰ 점심시간 (11:30~13:30) — 신규 매수 중단
→ 전종목 HOLD
✅ Discord 전송 완료

[11:44] HOLD | KODEX RSI55/+3.6%⬆️ | 보유:HMM(011200) -0.9% | 최고신호 HMM(011200) 2pt/3pt [상승+1.9% / 연속상승]
💰 예수금 59,003원 | KODEX200 RSI55/+3.7% 상승추세⬆️  | 매수기준 점수3pt↑
📦 보유 HMM(011200) 2주 -0.8%

코드      종목명           가격    RSI     변화율    거래량     BB   호가비  B/S
────────────────────────────────────────────────────────────────────────
[2단계 분석 대상: 011200, 004020, 096770, 000150, 015760, 272210]
403870  HPSP      56,700    0.0    +0.0%    0.0x     중간  0.77  0pt/0 [일봉]
011200  HMM       19,020   68.9    +1.9%    0.4x     상단  0.86  2pt/0 [5분]
015760  한국전력      35,550   51.9    -1.2%    0.7x     하단  1.55  2pt/0 [5분]
035720  카카오       39,650    0.0    +0.0%    0.0x     중간  0.13  0pt/0 [일봉]
030200  KT        54,400    0.0    +0.0%    0.0x     중간  0.51  0pt/0 [일봉]
003490  대한항공      24,600    0.0    +0.0%    0.0x     중간  0.50  0pt/0 [일봉]
004020  현대제철      32,950   41.7    -1.1%    0.2x     중간  4.12  2pt/0 [5분]

══════════════════════════════════════════════════
⏰ 점심시간 (11:30~13:30) — 신규 매수 중단
→ 전종목 HOLD
✅ Discord 전송 완료

[11:46] HOLD | KODEX RSI55/+3.7%⬆️ | 보유:HMM(011200) -0.8% | 최고신호 HMM(011200) 2pt/3pt [상승+1.9% / 연속상승]
💰 예수금 59,005원 | KODEX200 RSI55/+3.8% 상승추세⬆️  | 매수기준 점수3pt↑
📦 보유 HMM(011200) 2주 -0.9%

코드      종목명           가격    RSI     변화율    거래량     BB   호가비  B/S
────────────────────────────────────────────────────────────────────────
[2단계 분석 대상: 011200, 000150, 004020, 015760, 000720, 096770]
403870  HPSP      56,700    0.0    +0.0%    0.0x     중간  0.85  0pt/0 [일봉]
011200  HMM       19,000   68.9    +1.9%    0.4x     상단  2.26  4pt/0 [5분]
015760  한국전력      35,500   51.9    -1.5%    0.7x     하단  2.10  3pt/0 [5분]
035720  카카오       39,500    0.0    +0.0%    0.0x     중간  0.36  0pt/0 [일봉]
030200  KT        54,500    0.0    +0.0%    0.0x     중간  0.48  0pt/0 [일봉]
003490  대한항공      24,700    0.0    +0.0%    0.0x     중간  0.38  0pt/0 [일봉]
004020  현대제철      33,100   41.7    -0.9%    0.3x     중간  4.04  2pt/0 [5분]

══════════════════════════════════════════════════
⏰ 점심시간 (11:30~13:30) — 신규 매수 중단
→ 전종목 HOLD
✅ Discord 전송 완료

[11:48] HOLD | KODEX RSI55/+3.8%⬆️ | 보유:HMM(011200) -0.9% | 최고신호 HMM(011200) 4pt/3pt [상승+1.9% / 호가2.3★ / 연속상승]
💰 예수금 59,003원 | KODEX200 RSI55/+3.9% 상승추세⬆️  | 매수기준 점수3pt↑
📦 보유 HMM(011200) 2주 -0.6%

코드      종목명           가격    RSI     변화율    거래량     BB   호가비  B/S
────────────────────────────────────────────────────────────────────────
[2단계 분석 대상: 011200, 004020, 000150, 096770, 015760, 017670]
403870  HPSP      56,900    0.0    +0.0%    0.0x     중간  0.65  0pt/0 [일봉]
011200  HMM       19,030   65.9    +2.0%    0.4x     상단  0.84  2pt/0 [5분]
015760  한국전력      35,500   58.6    -1.4%    0.7x     하단  2.32  4pt/0 [5분]
035720  카카오       39,550    0.0    +0.0%    0.0x     중간  0.29  0pt/0 [일봉]
030200  KT        54,500    0.0    +0.0%    0.0x     중간  0.45  0pt/0 [일봉]
003490  대한항공      24,750    0.0    +0.0%    0.0x     중간  0.32  0pt/0 [일봉]
004020  현대제철      33,000   50.0    -1.1%    0.3x     중간  5.00  4pt/0 [5분]

══════════════════════════════════════════════════
⏰ 점심시간 (11:30~13:30) — 신규 매수 중단
→ 전종목 HOLD
✅ Discord 전송 완료

[11:50] HOLD | KODEX RSI55/+3.9%⬆️ | 보유:HMM(011200) -0.6% | 최고신호 한국전력(015760) 4pt/3pt [호가2.3★ / RSI59 / 연속상승]
💰 예수금 59,003원 | KODEX200 RSI55/+3.6% 상승추세⬆️  | 매수기준 점수3pt↑
📦 보유 HMM(011200) 2주 -0.8%

코드      종목명           가격    RSI     변화율    거래량     BB   호가비  B/S
────────────────────────────────────────────────────────────────────────
[2단계 분석 대상: 011200, 000150, 004020, 272210, 015760, 096770]
403870  HPSP      57,000    0.0    +0.0%    0.0x     중간  0.63  0pt/0 [일봉]
011200  HMM       19,000   65.9    +1.8%    0.4x     상단  1.63  3pt/0 [5분]
015760  한국전력      35,500   58.6    -1.5%    0.7x     하단  2.69  4pt/0 [5분]
035720  카카오       39,450    0.0    +0.0%    0.0x     중간  0.71  0pt/0 [일봉]
030200  KT        54,400    0.0    +0.0%    0.0x     중간  0.48  0pt/0 [일봉]
003490  대한항공      24,700    0.0    +0.0%    0.0x     중간  0.40  0pt/0 [일봉]
004020  현대제철      32,950   50.0    -1.1%    0.3x     중간  5.62  4pt/0 [5분]

══════════════════════════════════════════════════
⏰ 점심시간 (11:30~13:30) — 신규 매수 중단
→ 전종목 HOLD
✅ Discord 전송 완료

[11:52] HOLD | KODEX RSI55/+3.6%⬆️ | 보유:HMM(011200) -0.8% | 최고신호 한국전력(015760) 4pt/3pt [호가2.7★ / RSI59 / 연속상승]
💰 예수금 59,003원 | KODEX200 RSI55/+3.8% 상승추세⬆️  | 매수기준 점수3pt↑
📦 보유 HMM(011200) 2주 -0.8%

코드      종목명           가격    RSI     변화율    거래량     BB   호가비  B/S
────────────────────────────────────────────────────────────────────────
[2단계 분석 대상: 011200, 000150, 004020, 096770, 017670, 015760]
403870  HPSP      57,000    0.0    +0.0%    0.0x     중간  0.60  0pt/0 [일봉]
011200  HMM       19,000   44.4    +1.9%    0.4x     상단  2.18  4pt/0 [5분]
015760  한국전력      35,550   48.3    -1.4%    0.7x     하단  2.40  4pt/0 [5분]
035720  카카오       39,500    0.0    +0.0%    0.0x     중간  0.58  0pt/0 [일봉]
030200  KT        54,500    0.0    +0.0%    0.0x     중간  0.46  0pt/0 [일봉]
003490  대한항공      24,700    0.0    +0.0%    0.0x     중간  0.40  0pt/0 [일봉]
004020  현대제철      33,000   38.5    -1.1%    0.3x     중간  5.14  2pt/0 [5분]

══════════════════════════════════════════════════
⏰ 점심시간 (11:30~13:30) — 신규 매수 중단
→ 전종목 HOLD
✅ Discord 전송 완료

[11:54] HOLD | KODEX RSI55/+3.8%⬆️ | 보유:HMM(011200) -0.8% | 최고신호 HMM(011200) 4pt/3pt [상승+1.9% / 호가2.2★ / 연속상승]
💰 예수금 59,003원 | KODEX200 RSI55/+3.9% 상승추세⬆️  | 매수기준 점수3pt↑
📦 보유 HMM(011200) 2주 -0.8%

코드      종목명           가격    RSI     변화율    거래량     BB   호가비  B/S
────────────────────────────────────────────────────────────────────────
[2단계 분석 대상: 011200, 004020, 000150, 096770, 015760, 000880]
403870  HPSP      57,000    0.0    +0.0%    0.0x     중간  0.62  0pt/0 [일봉]
011200  HMM       19,030   44.4    +2.1%    0.5x     상단  1.17  2pt/0 [5분]
015760  한국전력      35,550   48.3    -1.4%    0.7x     하단  2.27  4pt/0 [5분]
035720  카카오       39,500    0.0    +0.0%    0.0x     중간  0.53  0pt/0 [일봉]
030200  KT        54,400    0.0    +0.0%    0.0x     중간  0.50  0pt/0 [일봉]
003490  대한항공      24,750    0.0    +0.0%    0.0x     중간  0.38  0pt/0 [일봉]
004020  현대제철      33,050   38.5    -0.9%    0.3x     중간  3.24  2pt/0 [5분]

══════════════════════════════════════════════════
⏰ 점심시간 (11:30~13:30) — 신규 매수 중단
→ 전종목 HOLD
✅ Discord 전송 완료

[11:56] HOLD | KODEX RSI55/+3.9%⬆️ | 보유:HMM(011200) -0.8% | 최고신호 한국전력(015760) 4pt/3pt [호가2.3★ / RSI48 / 연속상승]
💰 예수금 59,003원 | KODEX200 RSI55/+4.0% 상승추세⬆️  | 매수기준 점수3pt↑
📦 보유 HMM(011200) 2주 -0.6%

코드      종목명           가격    RSI     변화율    거래량     BB   호가비  B/S
────────────────────────────────────────────────────────────────────────
[2단계 분석 대상: 011200, 004020, 000150, 015760, 000880, 096770]
403870  HPSP      57,500    0.0    +0.0%    0.0x     중간  0.37  0pt/0 [일봉]
011200  HMM       19,050   44.4    +2.3%    0.5x     상단  1.14  2pt/0 [5분]
015760  한국전력      35,650   48.3    -1.1%    0.7x     하단  1.94  3pt/0 [5분]
035720  카카오       39,500    0.0    +0.0%    0.0x     중간  0.58  0pt/0 [일봉]
030200  KT        54,500    0.0    +0.0%    0.0x     중간  0.42  0pt/0 [일봉]
003490  대한항공      24,750    0.0    +0.0%    0.0x     중간  0.37  0pt/0 [일봉]
004020  현대제철      33,100   38.5    -0.8%    0.3x     중간  3.06  2pt/0 [5분]

══════════════════════════════════════════════════
⏰ 점심시간 (11:30~13:30) — 신규 매수 중단
→ 전종목 HOLD
✅ Discord 전송 완료

[11:58] HOLD | KODEX RSI55/+4.0%⬆️ | 보유:HMM(011200) -0.6% | 최고신호 한국전력(015760) 3pt/3pt [호가1.9 / RSI48 / 연속상승]
💰 예수금 59,003원 | KODEX200 RSI55/+4.1% 상승추세⬆️  | 매수기준 점수3pt↑
📦 보유 HMM(011200) 2주 -0.4%

코드      종목명           가격    RSI     변화율    거래량     BB   호가비  B/S
────────────────────────────────────────────────────────────────────────
[2단계 분석 대상: 011200, 000150, 004020, 015760, 096770, 000880]
403870  HPSP      57,300    0.0    +0.0%    0.0x     중간  0.43  0pt/0 [일봉]
011200  HMM       19,080   39.4    +2.2%    0.5x     상단  0.88  1pt/0 [5분]
015760  한국전력      35,700   40.0    -1.0%    0.7x     하단  1.74  2pt/0 [5분]
035720  카카오       39,500    0.0    +0.0%    0.0x     중간  0.65  0pt/0 [일봉]
030200  KT        54,500    0.0    +0.0%    0.0x     중간  0.45  0pt/0 [일봉]
003490  대한항공      24,750    0.0    +0.0%    0.0x     중간  0.38  0pt/0 [일봉]
004020  현대제철      33,200   24.0    -0.3%    0.3x     중간  2.85  2pt/0 [5분]

══════════════════════════════════════════════════
⏰ 점심시간 (11:30~13:30) — 신규 매수 중단
→ 전종목 HOLD
✅ Discord 전송 완료

[12:00] HOLD | KODEX RSI55/+4.1%⬆️ | 보유:HMM(011200) -0.4% | 최고신호 한국전력(015760) 2pt/3pt [호가1.7 / 연속상승]
💰 예수금 59,003원 | KODEX200 RSI55/+4.2% 상승추세⬆️  | 매수기준 점수3pt↑
📦 보유 HMM(011200) 2주 -0.4%

코드      종목명           가격    RSI     변화율    거래량     BB   호가비  B/S
────────────────────────────────────────────────────────────────────────
[2단계 분석 대상: 011200, 000150, 004020, 247540, 096770, 015760]
403870  HPSP      57,300    0.0    +0.0%    0.0x     중간  0.41  0pt/0 [일봉]
011200  HMM       19,080   39.4    +2.3%    0.5x     상단  0.79  1pt/0 [5분]
015760  한국전력      35,700   40.0    -1.1%    0.7x     하단  1.66  2pt/0 [5분]
035720  카카오       39,450    0.0    +0.0%    0.0x     중간  0.75  0pt/0 [일봉]
030200  KT        54,600    0.0    +0.0%    0.0x     중간  0.45  0pt/0 [일봉]
003490  대한항공      24,750    0.0    +0.0%    0.0x     중간  0.39  0pt/0 [일봉]
004020  현대제철      33,150   24.0    -0.6%    0.3x     중간  2.59  2pt/0 [5분]

══════════════════════════════════════════════════
⏰ 점심시간 (11:30~13:30) — 신규 매수 중단
→ 전종목 HOLD
✅ Discord 전송 완료

[12:02] HOLD | KODEX RSI55/+4.2%⬆️ | 보유:HMM(011200) -0.4% | 최고신호 한국전력(015760) 2pt/3pt [호가1.7 / 연속상승]
💰 예수금 59,003원 | KODEX200 RSI55/+4.0% 상승추세⬆️  | 매수기준 점수3pt↑
📦 보유 HMM(011200) 2주 -0.5%

코드      종목명           가격    RSI     변화율    거래량     BB   호가비  B/S
────────────────────────────────────────────────────────────────────────
[2단계 분석 대상: 011200, 000150, 004020, 015760, 096770, 329180]
403870  HPSP      57,400    0.0    +0.0%    0.0x     중간  0.42  0pt/0 [일봉]
011200  HMM       19,090   33.3    +2.3%    0.5x     상단  0.66  1pt/0 [5분]
015760  한국전력      35,700   35.7    -1.0%    0.8x     하단  1.87  1pt/0 [5분]
035720  카카오       39,500    0.0    +0.0%    0.0x     중간  0.69  0pt/0 [일봉]
030200  KT        54,500    0.0    +0.0%    0.0x     중간  0.58  0pt/0 [일봉]
003490  대한항공      24,750    0.0    +0.0%    0.0x     중간  0.37  0pt/0 [일봉]
004020  현대제철      33,150   25.0    -0.6%    0.3x     중간  2.93  2pt/0 [5분]

══════════════════════════════════════════════════
⏰ 점심시간 (11:30~13:30) — 신규 매수 중단
→ 전종목 HOLD
✅ Discord 전송 완료

[12:04] HOLD | KODEX RSI55/+4.0%⬆️ | 보유:HMM(011200) -0.5% | 최고신호 현대제철(004020) 2pt/3pt [호가2.9★]
💰 예수금 59,003원 | KODEX200 RSI55/+4.0% 상승추세⬆️  | 매수기준 점수3pt↑
📦 보유 HMM(011200) 2주 -0.4%

코드      종목명           가격    RSI     변화율    거래량     BB   호가비  B/S
────────────────────────────────────────────────────────────────────────
[2단계 분석 대상: 011200, 000150, 096770, 004020, 015760, 329180]
403870  HPSP      57,300    0.0    +0.0%    0.0x     중간  0.39  0pt/0 [일봉]
011200  HMM       19,080   33.3    +2.2%    0.5x     상단  0.88  1pt/0 [5분]
015760  한국전력      35,700   35.7    -1.0%    0.8x     하단  1.74  1pt/0 [5분]
035720  카카오       39,500    0.0    +0.0%    0.0x     중간  0.67  0pt/0 [일봉]
030200  KT        54,700    0.0    +0.0%    0.0x     중간  0.57  0pt/0 [일봉]
003490  대한항공      24,700    0.0    +0.0%    0.0x     중간  0.52  0pt/0 [일봉]
004020  현대제철      33,200   25.0    -0.5%    0.3x     중간  1.95  1pt/0 [5분]

══════════════════════════════════════════════════
⏰ 점심시간 (11:30~13:30) — 신규 매수 중단
→ 전종목 HOLD
✅ Discord 전송 완료

[12:06] HOLD | KODEX RSI55/+4.0%⬆️ | 보유:HMM(011200) -0.4% | 최고신호 HMM(011200) 1pt/3pt [상승+2.2%]
💰 예수금 59,003원 | KODEX200 RSI55/+4.0% 상승추세⬆️  | 매수기준 점수3pt↑
📦 보유 HMM(011200) 2주 -0.5%

코드      종목명           가격    RSI     변화율    거래량     BB   호가비  B/S
────────────────────────────────────────────────────────────────────────
[2단계 분석 대상: 011200, 000150, 004020, 329180, 247540, 096770]
403870  HPSP      57,400    0.0    +0.0%    0.0x     중간  0.40  0pt/0 [일봉]
011200  HMM       19,060   33.3    +2.1%    0.5x     상단  1.90  2pt/0 [5분]
015760  한국전력      35,650    0.0    +0.0%    0.0x     중간  1.31  1pt/0 [일봉]
035720  카카오       39,500    0.0    +0.0%    0.0x     중간  0.69  0pt/0 [일봉]
030200  KT        54,600    0.0    +0.0%    0.0x     중간  0.62  0pt/0 [일봉]
003490  대한항공      24,700    0.0    +0.0%    0.0x     중간  0.57  0pt/0 [일봉]
004020  현대제철      33,150   25.0    -0.6%    0.3x     중간  2.37  2pt/0 [5분]

══════════════════════════════════════════════════
⏰ 점심시간 (11:30~13:30) — 신규 매수 중단
→ 전종목 HOLD
✅ Discord 전송 완료

[12:08] HOLD | KODEX RSI55/+4.0%⬆️ | 보유:HMM(011200) -0.5% | 최고신호 HMM(011200) 2pt/3pt [상승+2.1% / 호가1.9]
💰 예수금 59,003원 | KODEX200 RSI55/+4.1% 상승추세⬆️  | 매수기준 점수3pt↑
📦 보유 HMM(011200) 2주 -0.6%

코드      종목명           가격    RSI     변화율    거래량     BB   호가비  B/S
────────────────────────────────────────────────────────────────────────
[2단계 분석 대상: 011200, 000150, 329180, 004020, 000880, 096770]
403870  HPSP      57,500    0.0    +0.0%    0.0x     중간  0.39  0pt/0 [일봉]
011200  HMM       19,050   42.4    +2.0%    0.5x     상단  1.49  2pt/0 [5분]
015760  한국전력      35,550    0.0    +0.0%    0.0x     중간  1.77  1pt/0 [일봉]
035720  카카오       39,450    0.0    +0.0%    0.0x     중간  0.73  0pt/0 [일봉]
030200  KT        54,600    0.0    +0.0%    0.0x     중간  0.63  0pt/0 [일봉]
003490  대한항공      24,700    0.0    +0.0%    0.0x     중간  0.55  0pt/0 [일봉]
004020  현대제철      33,150   21.7    -0.6%    0.3x     중간  2.49  2pt/0 [5분]

══════════════════════════════════════════════════
⏰ 점심시간 (11:30~13:30) — 신규 매수 중단
→ 전종목 HOLD
✅ Discord 전송 완료

[12:10] HOLD | KODEX RSI55/+4.1%⬆️ | 보유:HMM(011200) -0.6% | 최고신호 HMM(011200) 2pt/3pt [상승+2.0% / 호가1.5]
💰 예수금 59,003원 | KODEX200 RSI56/+4.2% 상승추세⬆️  | 매수기준 점수3pt↑
📦 보유 HMM(011200) 2주 -0.8%

코드      종목명           가격    RSI     변화율    거래량     BB   호가비  B/S
────────────────────────────────────────────────────────────────────────
[2단계 분석 대상: 011200, 000150, 004020, 000880, 329180, 015760]
403870  HPSP      57,500    0.0    +0.0%    0.0x     중간  0.38  0pt/0 [일봉]
011200  HMM       19,010   42.4    +1.9%    0.5x     상단  2.52  3pt/0 [5분]
015760  한국전력      35,550   33.3    -1.4%    0.8x     하단  1.78  1pt/0 [5분]
035720  카카오       39,450    0.0    +0.0%    0.0x     중간  0.74  0pt/0 [일봉]
030200  KT        54,500    0.0    +0.0%    0.0x     중간  0.70  0pt/0 [일봉]
003490  대한항공      24,700    0.0    +0.0%    0.0x     중간  0.57  0pt/0 [일봉]
004020  현대제철      33,100   21.7    -0.5%    0.3x     중간  3.15  2pt/0 [5분]

══════════════════════════════════════════════════
⏰ 점심시간 (11:30~13:30) — 신규 매수 중단
→ 전종목 HOLD
✅ Discord 전송 완료

[12:12] HOLD | KODEX RSI56/+4.2%⬆️ | 보유:HMM(011200) -0.8% | 최고신호 HMM(011200) 3pt/3pt [상승+1.9% / 호가2.5★]
💰 예수금 59,003원 | KODEX200 RSI56/+4.3% 상승추세⬆️  | 매수기준 점수3pt↑
📦 보유 HMM(011200) 2주 -0.5%

코드      종목명           가격    RSI     변화율    거래량     BB   호가비  B/S
────────────────────────────────────────────────────────────────────────
[2단계 분석 대상: 011200, 004020, 000880, 000150, 329180, 015760]
403870  HPSP      57,700    0.0    +0.0%    0.0x     중간  0.30  0pt/0 [일봉]
011200  HMM       19,050   42.4    +2.1%    0.5x     상단  1.42  2pt/0 [5분]
015760  한국전력      35,550   33.3    -1.4%    0.8x     하단  1.86  1pt/0 [5분]
035720  카카오       39,450    0.0    +0.0%    0.0x     중간  0.74  0pt/0 [일봉]
030200  KT        54,600    0.0    +0.0%    0.0x     중간  0.66  0pt/0 [일봉]
003490  대한항공      24,700    0.0    +0.0%    0.0x     중간  0.57  0pt/0 [일봉]
004020  현대제철      33,150   21.7    -0.6%    0.3x     중간  2.85  2pt/0 [5분]

══════════════════════════════════════════════════
⏰ 점심시간 (11:30~13:30) — 신규 매수 중단
→ 전종목 HOLD
✅ Discord 전송 완료

[12:14] HOLD | KODEX RSI56/+4.3%⬆️ | 보유:HMM(011200) -0.5% | 최고신호 HMM(011200) 2pt/3pt [상승+2.1% / 호가1.4]
💰 예수금 59,003원 | KODEX200 RSI56/+4.3% 상승추세⬆️  | 매수기준 점수3pt↑
📦 보유 HMM(011200) 2주 -0.6%

코드      종목명           가격    RSI     변화율    거래량     BB   호가비  B/S
────────────────────────────────────────────────────────────────────────
[2단계 분석 대상: 011200, 004020, 000150, 000880, 329180, 096770]
403870  HPSP      57,900    0.0    +0.0%    0.0x     중간  0.35  0pt/0 [일봉]
011200  HMM       19,050   42.4    +2.1%    0.5x     상단  1.71  2pt/0 [5분]
015760  한국전력      35,550    0.0    +0.0%    0.0x     중간  1.45  1pt/0 [일봉]
035720  카카오       39,450    0.0    +0.0%    0.0x     중간  0.75  0pt/0 [일봉]
030200  KT        54,600    0.0    +0.0%    0.0x     중간  0.63  0pt/0 [일봉]
003490  대한항공      24,700    0.0    +0.0%    0.0x     중간  0.56  0pt/0 [일봉]
004020  현대제철      33,150   23.8    -0.6%    0.3x     중간  3.66  2pt/0 [5분]

══════════════════════════════════════════════════
⏰ 점심시간 (11:30~13:30) — 신규 매수 중단
→ 전종목 HOLD
✅ Discord 전송 완료

[12:16] HOLD | KODEX RSI56/+4.3%⬆️ | 보유:HMM(011200) -0.6% | 최고신호 HMM(011200) 2pt/3pt [상승+2.1% / 호가1.7]
💰 예수금 59,003원 | KODEX200 RSI56/+4.5% 상승추세⬆️  | 매수기준 점수3pt↑
📦 보유 HMM(011200) 2주 -0.6%

코드      종목명           가격    RSI     변화율    거래량     BB   호가비  B/S
────────────────────────────────────────────────────────────────────────
[2단계 분석 대상: 011200, 004020, 000150, 329180, 000880, 015760]
403870  HPSP      57,800    0.0    +0.0%    0.0x     중간  0.60  0pt/0 [일봉]
011200  HMM       19,060   42.4    +2.2%    0.5x     상단  1.27  1pt/0 [5분]
015760  한국전력      35,550   33.3    -1.4%    0.8x     하단  1.49  1pt/0 [5분]
035720  카카오       39,550    0.0    +0.0%    0.0x     중간  0.36  0pt/0 [일봉]
030200  KT        54,500    0.0    +0.0%    0.0x     중간  0.65  0pt/0 [일봉]
003490  대한항공      24,650    0.0    +0.0%    0.0x     중간  0.60  0pt/0 [일봉]
004020  현대제철      33,200   23.8    -0.3%    0.3x     중간  2.95  2pt/0 [5분]

══════════════════════════════════════════════════
⏰ 점심시간 (11:30~13:30) — 신규 매수 중단
→ 전종목 HOLD
✅ Discord 전송 완료

[12:18] HOLD | KODEX RSI56/+4.5%⬆️ | 보유:HMM(011200) -0.6% | 최고신호 현대제철(004020) 2pt/3pt [호가3.0★]
💰 예수금 59,003원 | KODEX200 RSI56/+4.6% 상승추세⬆️  | 매수기준 점수3pt↑
📦 보유 HMM(011200) 2주 -0.6%

코드      종목명           가격    RSI     변화율    거래량     BB   호가비  B/S
────────────────────────────────────────────────────────────────────────
[2단계 분석 대상: 011200, 000150, 017670, 004020, 015760, 329180]
403870  HPSP      57,700    0.0    +0.0%    0.0x     중간  0.66  0pt/0 [일봉]
011200  HMM       19,060   35.5    +2.1%    0.5x     상단  1.19  1pt/0 [5분]
015760  한국전력      35,550   25.0    -1.4%    0.8x     하단  1.74  1pt/0 [5분]
035720  카카오       39,500    0.0    +0.0%    0.0x     중간  0.72  0pt/0 [일봉]
030200  KT        54,600    0.0    +0.0%    0.0x     중간  0.59  0pt/0 [일봉]
003490  대한항공      24,700    0.0    +0.0%    0.0x     중간  0.60  0pt/0 [일봉]
004020  현대제철      33,200   23.8    -0.5%    0.3x     중간  3.06  2pt/0 [5분]

══════════════════════════════════════════════════
⏰ 점심시간 (11:30~13:30) — 신규 매수 중단
→ 전종목 HOLD
✅ Discord 전송 완료

[12:20] HOLD | KODEX RSI56/+4.6%⬆️ | 보유:HMM(011200) -0.6% | 최고신호 현대제철(004020) 2pt/3pt [호가3.1★]
💰 예수금 59,003원 | KODEX200 RSI56/+4.5% 상승추세⬆️  | 매수기준 점수3pt↑
📦 보유 HMM(011200) 2주 -0.6%

코드      종목명           가격    RSI     변화율    거래량     BB   호가비  B/S
────────────────────────────────────────────────────────────────────────
[2단계 분석 대상: 011200, 017670, 000150, 004020, 329180, 015760]
403870  HPSP      57,700    0.0    +0.0%    0.0x     중간  0.62  0pt/0 [일봉]
011200  HMM       19,050   35.5    +2.2%    0.5x     상단  1.16  1pt/0 [5분]
015760  한국전력      35,550   25.0    -1.4%    0.8x     하단  1.51  1pt/0 [5분]
035720  카카오       39,500    0.0    +0.0%    0.0x     중간  0.75  0pt/0 [일봉]
030200  KT        54,500    0.0    +0.0%    0.0x     중간  0.63  0pt/0 [일봉]
003490  대한항공      24,650    0.0    +0.0%    0.0x     중간  0.60  0pt/0 [일봉]
004020  현대제철      33,200   23.8    -0.3%    0.3x     중간  3.10  2pt/0 [5분]

══════════════════════════════════════════════════
⏰ 점심시간 (11:30~13:30) — 신규 매수 중단
→ 전종목 HOLD
✅ Discord 전송 완료

[12:22] HOLD | KODEX RSI56/+4.5%⬆️ | 보유:HMM(011200) -0.6% | 최고신호 현대제철(004020) 2pt/3pt [호가3.1★]
💰 예수금 59,003원 | KODEX200 RSI56/+4.7% 상승추세⬆️  | 매수기준 점수3pt↑
📦 보유 HMM(011200) 2주 -0.5%

코드      종목명           가격    RSI     변화율    거래량     BB   호가비  B/S
────────────────────────────────────────────────────────────────────────
[2단계 분석 대상: 011200, 000150, 004020, 329180, 017670, 096770]
403870  HPSP      57,700    0.0    +0.0%    0.0x     중간  0.59  0pt/0 [일봉]
011200  HMM       19,080   46.9    +2.3%    0.5x     상단  0.53  2pt/0 [5분]
015760  한국전력      35,550    0.0    +0.0%    0.0x     중간  1.58  1pt/0 [일봉]
035720  카카오       39,500    0.0    +0.0%    0.0x     중간  0.71  0pt/0 [일봉]
030200  KT        54,600    0.0    +0.0%    0.0x     중간  0.60  0pt/0 [일봉]
003490  대한항공      24,650    0.0    +0.0%    0.0x     중간  0.59  0pt/0 [일봉]
004020  현대제철      33,200   25.0    -0.5%    0.3x     중간  3.29  2pt/0 [5분]

══════════════════════════════════════════════════
⏰ 점심시간 (11:30~13:30) — 신규 매수 중단
→ 전종목 HOLD
✅ Discord 전송 완료

[12:24] HOLD | KODEX RSI56/+4.7%⬆️ | 보유:HMM(011200) -0.5% | 최고신호 HMM(011200) 2pt/3pt [상승+2.3% / RSI47]
💰 예수금 59,003원 | KODEX200 RSI56/+4.9% 상승추세⬆️  | 매수기준 점수3pt↑
📦 보유 HMM(011200) 2주 -0.5%

코드      종목명           가격    RSI     변화율    거래량     BB   호가비  B/S
────────────────────────────────────────────────────────────────────────
[2단계 분석 대상: 011200, 000150, 015760, 004020, 329180, 017670]
403870  HPSP      57,800    0.0    +0.0%    0.0x     중간  0.53  0pt/0 [일봉]
011200  HMM       19,090   46.9    +2.3%    0.5x     상단  0.37  2pt/0 [5분]
015760  한국전력      35,600   30.0    -1.1%    0.8x     하단  2.94  2pt/0 [5분]
035720  카카오       39,500    0.0    +0.0%    0.0x     중간  0.82  0pt/0 [일봉]
030200  KT        54,600    0.0    +0.0%    0.0x     중간  0.56  0pt/0 [일봉]
003490  대한항공      24,700    0.0    +0.0%    0.0x     중간  0.61  0pt/0 [일봉]
004020  현대제철      33,250   25.0    -0.3%    0.3x     중간  2.90  2pt/0 [5분]

══════════════════════════════════════════════════
⏰ 점심시간 (11:30~13:30) — 신규 매수 중단
→ 전종목 HOLD
✅ Discord 전송 완료

[12:26] HOLD | KODEX RSI56/+4.9%⬆️ | 보유:HMM(011200) -0.5% | 최고신호 HMM(011200) 2pt/3pt [상승+2.3% / RSI47]
💰 예수금 59,003원 | KODEX200 RSI56/+4.9% 상승추세⬆️  | 매수기준 점수3pt↑
📦 보유 HMM(011200) 2주 -0.3%

코드      종목명           가격    RSI     변화율    거래량     BB   호가비  B/S
────────────────────────────────────────────────────────────────────────
[2단계 분석 대상: 011200, 004020, 000150, 017670, 329180, 015760]
403870  HPSP      57,400    0.0    +0.0%    0.0x     중간  1.22  0pt/0 [일봉]
011200  HMM       19,090   46.9    +2.4%    0.5x     상단  0.44  2pt/0 [5분]
015760  한국전력      35,650   30.0    -1.1%    0.8x     하단  2.28  2pt/0 [5분]
035720  카카오       39,500    0.0    +0.0%    0.0x     중간  0.74  0pt/0 [일봉]
030200  KT        54,600    0.0    +0.0%    0.0x     중간  0.57  0pt/0 [일봉]
003490  대한항공      24,700    0.0    +0.0%    0.0x     중간  0.63  0pt/0 [일봉]
004020  현대제철      33,200   25.0    -0.1%    0.3x     중간  5.60  2pt/0 [5분]

══════════════════════════════════════════════════
⏰ 점심시간 (11:30~13:30) — 신규 매수 중단
→ 전종목 HOLD
✅ Discord 전송 완료

[12:28] HOLD | KODEX RSI56/+4.9%⬆️ | 보유:HMM(011200) -0.3% | 최고신호 HMM(011200) 2pt/3pt [상승+2.4% / RSI47]
💰 예수금 59,003원 | KODEX200 RSI56/+5.0% 상승추세⬆️  | 매수기준 점수3pt↑
📦 보유 HMM(011200) 2주 -0.5%

코드      종목명           가격    RSI     변화율    거래량     BB   호가비  B/S
────────────────────────────────────────────────────────────────────────
[2단계 분석 대상: 011200, 000150, 004020, 329180, 015760, 032830]
403870  HPSP      57,600    0.0    +0.0%    0.0x     중간  0.56  0pt/0 [일봉]
011200  HMM       19,070   41.2    +2.2%    0.5x     상단  1.15  1pt/0 [5분]
015760  한국전력      35,650   25.0    -1.0%    0.8x     하단  1.93  1pt/0 [5분]
035720  카카오       39,450    0.0    +0.0%    0.0x     중간  0.84  0pt/0 [일봉]
030200  KT        54,600    0.0    +0.0%    0.0x     중간  0.55  0pt/0 [일봉]
003490  대한항공      24,700    0.0    +0.0%    0.0x     중간  0.63  0pt/0 [일봉]
004020  현대제철      33,250   21.1    -0.1%    0.3x     중간  3.61  2pt/0 [5분]

══════════════════════════════════════════════════
⏰ 점심시간 (11:30~13:30) — 신규 매수 중단
→ 전종목 HOLD
✅ Discord 전송 완료

[12:30] HOLD | KODEX RSI56/+5.0%⬆️ | 보유:HMM(011200) -0.5% | 최고신호 현대제철(004020) 2pt/3pt [호가3.6★]
💰 예수금 59,003원 | KODEX200 RSI56/+5.0% 상승추세⬆️  | 매수기준 점수3pt↑
📦 보유 HMM(011200) 2주 -0.5%

코드      종목명           가격    RSI     변화율    거래량     BB   호가비  B/S
────────────────────────────────────────────────────────────────────────
[2단계 분석 대상: 011200, 004020, 329180, 000150, 015760, 096770]
403870  HPSP      57,700    0.0    +0.0%    0.0x     중간  0.57  0pt/0 [일봉]
011200  HMM       19,060   41.2    +2.1%    0.5x     상단  1.50  2pt/0 [5분]
015760  한국전력      35,650   25.0    -1.0%    0.8x     하단  2.03  2pt/0 [5분]
035720  카카오       39,450    0.0    +0.0%    0.0x     중간  0.81  0pt/0 [일봉]
030200  KT        54,600    0.0    +0.0%    0.0x     중간  0.54  0pt/0 [일봉]
003490  대한항공      24,700    0.0    +0.0%    0.0x     중간  0.59  0pt/0 [일봉]
004020  현대제철      33,250   21.1    -0.3%    0.3x     중간  2.58  2pt/0 [5분]

══════════════════════════════════════════════════
⏰ 점심시간 (11:30~13:30) — 신규 매수 중단
→ 전종목 HOLD
✅ Discord 전송 완료

[12:32] HOLD | KODEX RSI56/+5.0%⬆️ | 보유:HMM(011200) -0.5% | 최고신호 HMM(011200) 2pt/3pt [상승+2.1% / 호가1.5]
💰 예수금 59,003원 | KODEX200 RSI56/+5.1% 상승추세⬆️  | 매수기준 점수3pt↑
📦 보유 HMM(011200) 2주 -0.6%

코드      종목명           가격    RSI     변화율    거래량     BB   호가비  B/S
────────────────────────────────────────────────────────────────────────
[2단계 분석 대상: 011200, 004020, 096770, 015760, 329180, 000150]
403870  HPSP      57,800    0.0    +0.0%    0.0x     중간  0.56  0pt/0 [일봉]
011200  HMM       19,030   45.2    +2.0%    0.5x     상단  2.58  4pt/0 [5분]
015760  한국전력      35,550   25.0    -1.2%    0.8x     하단  2.47  2pt/0 [5분]
035720  카카오       39,350    0.0    +0.0%    0.0x     중간  1.04  0pt/0 [일봉]
030200  KT        54,500    0.0    +0.0%    0.0x     중간  0.64  0pt/0 [일봉]
003490  대한항공      24,650    0.0    +0.0%    0.0x     중간  0.65  0pt/0 [일봉]
004020  현대제철      33,200   21.1    -0.5%    0.3x     중간  4.81  2pt/0 [5분]

══════════════════════════════════════════════════
⏰ 점심시간 (11:30~13:30) — 신규 매수 중단
→ 전종목 HOLD
✅ Discord 전송 완료

[12:34] HOLD | KODEX RSI56/+5.1%⬆️ | 보유:HMM(011200) -0.6% | 최고신호 HMM(011200) 4pt/3pt [상승+2.0% / 호가2.6★ / RSI45]
💰 예수금 59,003원 | KODEX200 RSI56/+5.3% 상승추세⬆️  | 매수기준 점수3pt↑
📦 보유 HMM(011200) 2주 -0.7%

코드      종목명           가격    RSI     변화율    거래량     BB   호가비  B/S
────────────────────────────────────────────────────────────────────────
[2단계 분석 대상: 011200, 004020, 329180, 015760, 000880, 096770]
403870  HPSP      57,900    0.0    +0.0%    0.0x     중간  0.53  0pt/0 [일봉]
011200  HMM       19,060   45.2    +2.1%    0.5x     상단  0.99  2pt/0 [5분]
015760  한국전력      35,550   25.0    -1.4%    0.8x     하단  2.23  2pt/0 [5분]
035720  카카오       39,350    0.0    +0.0%    0.0x     중간  1.28  0pt/0 [일봉]
030200  KT        54,500    0.0    +0.0%    0.0x     중간  0.64  0pt/0 [일봉]
003490  대한항공      24,650    0.0    +0.0%    0.0x     중간  0.65  0pt/0 [일봉]
004020  현대제철      33,150   35.0    -0.6%    0.3x     중간  5.60  2pt/0 [5분]

══════════════════════════════════════════════════
⏰ 점심시간 (11:30~13:30) — 신규 매수 중단
→ 전종목 HOLD
✅ Discord 전송 완료

[12:36] HOLD | KODEX RSI56/+5.3%⬆️ | 보유:HMM(011200) -0.7% | 최고신호 HMM(011200) 2pt/3pt [상승+2.1% / RSI45]
💰 예수금 59,003원 | KODEX200 RSI57/+5.4% 상승추세⬆️  | 매수기준 점수3pt↑
📦 보유 HMM(011200) 2주 -0.5%

코드      종목명           가격    RSI     변화율    거래량     BB   호가비  B/S
────────────────────────────────────────────────────────────────────────
[2단계 분석 대상: 011200, 004020, 329180, 096770, 015760, 017670]
403870  HPSP      58,000    0.0    +0.0%    0.0x     중간  0.29  0pt/0 [일봉]
011200  HMM       19,070   45.2    +2.1%    0.5x     상단  1.61  3pt/0 [5분]
015760  한국전력      35,550   25.0    -1.4%    0.8x     하단  2.26  2pt/0 [5분]
035720  카카오       39,350    0.0    +0.0%    0.0x     중간  1.42  1pt/0 [일봉]
030200  KT        54,600    0.0    +0.0%    0.0x     중간  0.74  0pt/0 [일봉]
003490  대한항공      24,650    0.0    +0.0%    0.0x     중간  0.68  0pt/0 [일봉]
004020  현대제철      33,200   35.0    -0.3%    0.3x     중간  4.61  2pt/0 [5분]

══════════════════════════════════════════════════
⏰ 점심시간 (11:30~13:30) — 신규 매수 중단
→ 전종목 HOLD
✅ Discord 전송 완료

[12:38] HOLD | KODEX RSI57/+5.4%⬆️ | 보유:HMM(011200) -0.5% | 최고신호 HMM(011200) 3pt/3pt [상승+2.1% / 호가1.6 / RSI45]
💰 예수금 59,003원 | KODEX200 RSI57/+5.5% 상승추세⬆️  | 매수기준 점수3pt↑
📦 보유 HMM(011200) 2주 -0.4%

코드      종목명           가격    RSI     변화율    거래량     BB   호가비  B/S
────────────────────────────────────────────────────────────────────────
[2단계 분석 대상: 011200, 004020, 329180, 015760, 096770, 000150]
403870  HPSP      58,000    0.0    +0.0%    0.0x     중간  0.28  0pt/0 [일봉]
011200  HMM       19,090   28.6    +2.3%    0.5x     상단  0.61  1pt/0 [5분]
015760  한국전력      35,600   21.1    -1.2%    0.8x     하단  2.29  2pt/0 [5분]
035720  카카오       39,400    0.0    +0.0%    0.0x     중간  1.15  0pt/0 [일봉]
030200  KT        54,700    0.0    +0.0%    0.0x     중간  0.70  0pt/0 [일봉]
003490  대한항공      24,700    0.0    +0.0%    0.0x     중간  0.70  0pt/0 [일봉]
004020  현대제철      33,200   31.8    -0.5%    0.3x     중간  4.31  2pt/0 [5분]

══════════════════════════════════════════════════
⏰ 점심시간 (11:30~13:30) — 신규 매수 중단
→ 전종목 HOLD
✅ Discord 전송 완료

[12:40] HOLD | KODEX RSI57/+5.5%⬆️ | 보유:HMM(011200) -0.4% | 최고신호 한국전력(015760) 2pt/3pt [호가2.3★]
💰 예수금 59,003원 | KODEX200 RSI57/+5.4% 상승추세⬆️  | 매수기준 점수3pt↑
📦 보유 HMM(011200) 2주 -0.4%

코드      종목명           가격    RSI     변화율    거래량     BB   호가비  B/S
────────────────────────────────────────────────────────────────────────
[2단계 분석 대상: 011200, 004020, 329180, 015760, 000150, 247540]
403870  HPSP      58,500    0.0    +0.0%    0.0x     중간  0.13  0pt/0 [일봉]
011200  HMM       19,090   28.6    +2.4%    0.5x     상단  0.73  1pt/0 [5분]
015760  한국전력      35,600   21.1    -1.1%    0.8x     하단  2.25  2pt/0 [5분]
035720  카카오       39,450    0.0    +0.0%    0.0x     중간  0.84  0pt/0 [일봉]
030200  KT        54,700    0.0    +0.0%    0.0x     중간  0.71  0pt/0 [일봉]
003490  대한항공      24,700    0.0    +0.0%    0.0x     중간  0.70  0pt/0 [일봉]
004020  현대제철      33,200   31.8    -0.5%    0.3x     중간  4.73  2pt/0 [5분]

══════════════════════════════════════════════════
⏰ 점심시간 (11:30~13:30) — 신규 매수 중단
→ 전종목 HOLD
✅ Discord 전송 완료

[12:42] HOLD | KODEX RSI57/+5.4%⬆️ | 보유:HMM(011200) -0.4% | 최고신호 한국전력(015760) 2pt/3pt [호가2.2★]
💰 예수금 59,003원 | KODEX200 RSI57/+5.7% 상승추세⬆️  | 매수기준 점수3pt↑
📦 보유 HMM(011200) 2주 -0.3%

코드      종목명           가격    RSI     변화율    거래량     BB   호가비  B/S
────────────────────────────────────────────────────────────────────────
[2단계 분석 대상: 011200, 017670, 329180, 015760, 000150, 004020]
403870  HPSP      58,600    0.0    +0.0%    0.0x     중간  0.10  0pt/0 [일봉]
011200  HMM       19,100   28.6    +2.4%    0.5x     상단  0.68  1pt/0 [5분]
015760  한국전력      35,600   22.2    -1.1%    0.8x     하단  1.81  1pt/0 [5분]
035720  카카오       39,500    0.0    +0.0%    0.0x     중간  0.79  0pt/0 [일봉]
030200  KT        54,700    0.0    +0.0%    0.0x     중간  0.73  0pt/0 [일봉]
003490  대한항공      24,750    0.0    +0.0%    0.0x     중간  0.52  0pt/0 [일봉]
004020  현대제철      33,300   34.8    -0.1%    0.3x     중간  1.50  1pt/0 [5분]

══════════════════════════════════════════════════
⏰ 점심시간 (11:30~13:30) — 신규 매수 중단
→ 전종목 HOLD
✅ Discord 전송 완료

[12:44] HOLD | KODEX RSI57/+5.7%⬆️ | 보유:HMM(011200) -0.3% | 최고신호 HMM(011200) 1pt/3pt [상승+2.4%]
💰 예수금 59,003원 | KODEX200 RSI57/+5.6% 상승추세⬆️  | 매수기준 점수3pt↑
📦 보유 HMM(011200) 2주 -0.3%

코드      종목명           가격    RSI     변화율    거래량     BB   호가비  B/S
────────────────────────────────────────────────────────────────────────
[2단계 분석 대상: 011200, 000150, 004020, 017670, 329180, 015760]
403870  HPSP      58,300    0.0    +0.0%    0.0x     중간  0.15  0pt/0 [일봉]
011200  HMM       19,100   28.6    +2.4%    0.5x     상단  0.62  1pt/0 [5분]
015760  한국전력      35,600   22.2    -1.2%    0.8x     하단  1.86  1pt/0 [5분]
035720  카카오       39,500    0.0    +0.0%    0.0x     중간  0.84  0pt/0 [일봉]
030200  KT        54,700    0.0    +0.0%    0.0x     중간  0.71  0pt/0 [일봉]
003490  대한항공      24,750    0.0    +0.0%    0.0x     중간  0.52  0pt/0 [일봉]
004020  현대제철      33,250   34.8    -0.1%    0.3x     중간  3.04  2pt/0 [5분]

══════════════════════════════════════════════════
⏰ 점심시간 (11:30~13:30) — 신규 매수 중단
→ 전종목 HOLD
✅ Discord 전송 완료

[12:46] HOLD | KODEX RSI57/+5.6%⬆️ | 보유:HMM(011200) -0.3% | 최고신호 현대제철(004020) 2pt/3pt [호가3.0★]
💰 예수금 59,003원 | KODEX200 RSI57/+5.7% 상승추세⬆️  | 매수기준 점수3pt↑
📦 보유 HMM(011200) 2주 -0.4%

코드      종목명           가격    RSI     변화율    거래량     BB   호가비  B/S
────────────────────────────────────────────────────────────────────────
[2단계 분석 대상: 011200, 000150, 017670, 015760, 329180, 004020]
403870  HPSP      58,400    0.0    +0.0%    0.0x     중간  0.13  0pt/0 [일봉]
011200  HMM       19,110   28.6    +2.4%    0.5x     상단  0.30  1pt/0 [5분]
015760  한국전력      35,700   22.2    -1.0%    0.8x     하단  2.13  2pt/0 [5분]
035720  카카오       39,550    0.0    +0.0%    0.0x     중간  0.39  0pt/0 [일봉]
030200  KT        54,700    0.0    +0.0%    0.0x     중간  0.74  0pt/0 [일봉]
003490  대한항공      24,750    0.0    +0.0%    0.0x     중간  0.53  0pt/0 [일봉]
004020  현대제철      33,300   34.8    -0.1%    0.3x     중간  1.58  1pt/0 [5분]

══════════════════════════════════════════════════
⏰ 점심시간 (11:30~13:30) — 신규 매수 중단
→ 전종목 HOLD
✅ Discord 전송 완료

[12:48] HOLD | KODEX RSI57/+5.7%⬆️ | 보유:HMM(011200) -0.4% | 최고신호 한국전력(015760) 2pt/3pt [호가2.1★]
💰 예수금 59,003원 | KODEX200 RSI57/+5.5% 상승추세⬆️  | 매수기준 점수3pt↑
📦 보유 HMM(011200) 2주 -0.3%

코드      종목명           가격    RSI     변화율    거래량     BB   호가비  B/S
────────────────────────────────────────────────────────────────────────
[2단계 분석 대상: 011200, 000150, 004020, 329180, 015760, 017670]
403870  HPSP      58,400    0.0    +0.0%    0.0x     중간  0.18  0pt/0 [일봉]
011200  HMM       19,130   34.2    +2.6%    0.5x     상단  0.17  1pt/0 [5분]
015760  한국전력      35,650   29.4    -1.0%    0.8x     하단  2.04  2pt/0 [5분]
035720  카카오       39,600    0.0    +0.0%    0.0x     중간  0.32  0pt/0 [일봉]
030200  KT        54,700    0.0    +0.0%    0.0x     중간  0.76  0pt/0 [일봉]
003490  대한항공      24,700    0.0    +0.0%    0.0x     중간  0.68  0pt/0 [일봉]
004020  현대제철      33,250   36.4    -0.3%    0.3x     하단  2.78  2pt/0 [5분]

══════════════════════════════════════════════════
⏰ 점심시간 (11:30~13:30) — 신규 매수 중단
→ 전종목 HOLD
✅ Discord 전송 완료

[12:50] HOLD | KODEX RSI57/+5.5%⬆️ | 보유:HMM(011200) -0.3% | 최고신호 한국전력(015760) 2pt/3pt [호가2.0★]
💰 예수금 59,003원 | KODEX200 RSI57/+5.6% 상승추세⬆️  | 매수기준 점수3pt↑
📦 보유 HMM(011200) 2주 -0.2%

코드      종목명           가격    RSI     변화율    거래량     BB   호가비  B/S
────────────────────────────────────────────────────────────────────────
[2단계 분석 대상: 011200, 000150, 015760, 329180, 064350, 004020]
403870  HPSP      58,400    0.0    +0.0%    0.0x     중간  0.20  0pt/0 [일봉]
011200  HMM       19,130   34.2    +2.6%    0.5x     상단  0.11  1pt/0 [5분]
015760  한국전력      35,700   29.4    -1.0%    0.8x     하단  1.85  1pt/0 [5분]
035720  카카오       39,600    0.0    +0.0%    0.0x     중간  0.35  0pt/0 [일봉]
030200  KT        54,800    0.0    +0.0%    0.0x     중간  0.76  0pt/0 [일봉]
003490  대한항공      24,750    0.0    +0.0%    0.0x     중간  0.54  0pt/0 [일봉]
004020  현대제철      33,300   36.4    -0.1%    0.3x     중간  1.39  1pt/0 [5분]

══════════════════════════════════════════════════
⏰ 점심시간 (11:30~13:30) — 신규 매수 중단
→ 전종목 HOLD
✅ Discord 전송 완료

[12:52] HOLD | KODEX RSI57/+5.6%⬆️ | 보유:HMM(011200) -0.2% | 최고신호 HMM(011200) 1pt/3pt [상승+2.6%]
💰 예수금 59,003원 | KODEX200 RSI57/+5.7% 상승추세⬆️  | 매수기준 점수3pt↑
📦 보유 HMM(011200) 2주 -0.2%

코드      종목명           가격    RSI     변화율    거래량     BB   호가비  B/S
────────────────────────────────────────────────────────────────────────
[2단계 분석 대상: 011200, 004020, 000150, 015760, 042660, 064350]
403870  HPSP      58,500    0.0    +0.0%    0.0x     중간  0.19  0pt/0 [일봉]
011200  HMM       19,120   31.7    +2.5%    0.5x     상단  0.21  1pt/0 [5분]
015760  한국전력      35,700   26.3    -1.0%    0.8x     하단  1.84  1pt/0 [5분]
035720  카카오       39,600    0.0    +0.0%    0.0x     중간  0.33  0pt/0 [일봉]
030200  KT        54,800    0.0    +0.0%    0.0x     중간  0.78  0pt/0 [일봉]
003490  대한항공      24,750    0.0    +0.0%    0.0x     중간  0.54  0pt/0 [일봉]
004020  현대제철      33,250   33.3    -0.3%    0.3x     하단  3.08  2pt/0 [5분]

══════════════════════════════════════════════════
⏰ 점심시간 (11:30~13:30) — 신규 매수 중단
→ 전종목 HOLD
✅ Discord 전송 완료

[12:54] HOLD | KODEX RSI57/+5.7%⬆️ | 보유:HMM(011200) -0.2% | 최고신호 현대제철(004020) 2pt/3pt [호가3.1★]
💰 예수금 59,003원 | KODEX200 RSI57/+5.9% 상승추세⬆️  | 매수기준 점수3pt↑
📦 보유 HMM(011200) 2주 -0.3%

코드      종목명           가격    RSI     변화율    거래량     BB   호가비  B/S
────────────────────────────────────────────────────────────────────────
[2단계 분석 대상: 011200, 000150, 015760, 042660, 064350, 004020]
403870  HPSP      58,600    0.0    +0.0%    0.0x     중간  0.15  0pt/0 [일봉]
011200  HMM       19,110   31.7    +2.5%    0.5x     상단  0.30  1pt/0 [5분]
015760  한국전력      35,700   26.3    -0.8%    0.8x     하단  1.77  1pt/0 [5분]
035720  카카오       39,600    0.0    +0.0%    0.0x     중간  0.39  0pt/0 [일봉]
030200  KT        54,700    0.0    +0.0%    0.0x     중간  0.72  0pt/0 [일봉]
003490  대한항공      24,750    0.0    +0.0%    0.0x     중간  0.53  0pt/0 [일봉]
004020  현대제철      33,350   33.3    +0.3%    0.3x     중간  1.35  1pt/0 [5분]

══════════════════════════════════════════════════
⏰ 점심시간 (11:30~13:30) — 신규 매수 중단
→ 전종목 HOLD
✅ Discord 전송 완료

[12:56] HOLD | KODEX RSI57/+5.9%⬆️ | 보유:HMM(011200) -0.3% | 최고신호 HMM(011200) 1pt/3pt [상승+2.5%]
💰 예수금 59,003원 | KODEX200 RSI57/+6.0% 상승추세⬆️  | 매수기준 점수3pt↑
📦 보유 HMM(011200) 2주 -0.3%

코드      종목명           가격    RSI     변화율    거래량     BB   호가비  B/S
────────────────────────────────────────────────────────────────────────
[2단계 분석 대상: 011200, 042660, 000150, 015760, 034020, 004020]
403870  HPSP      58,600    0.0    +0.0%    0.0x     중간  0.14  0pt/0 [일봉]
011200  HMM       19,120   31.7    +2.5%    0.5x     상단  0.13  1pt/0 [5분]
015760  한국전력      35,750   26.3    -0.8%    0.9x     하단  3.29  2pt/0 [5분]
035720  카카오       39,550    0.0    +0.0%    0.0x     중간  0.34  0pt/0 [일봉]
030200  KT        54,800    0.0    +0.0%    0.0x     중간  0.67  0pt/0 [일봉]
003490  대한항공      24,750    0.0    +0.0%    0.0x     중간  0.53  0pt/0 [일봉]
004020  현대제철      33,350   33.3    +0.1%    0.3x     중간  1.33  1pt/0 [5분]

══════════════════════════════════════════════════
⏰ 점심시간 (11:30~13:30) — 신규 매수 중단
→ 전종목 HOLD
✅ Discord 전송 완료

[12:58] HOLD | KODEX RSI57/+6.0%⬆️ | 보유:HMM(011200) -0.3% | 최고신호 한국전력(015760) 2pt/3pt [호가3.3★]
💰 예수금 59,003원 | KODEX200 RSI57/+6.1% 상승추세⬆️  | 매수기준 점수3pt↑
📦 보유 HMM(011200) 2주 -0.3%

코드      종목명           가격    RSI     변화율    거래량     BB   호가비  B/S
────────────────────────────────────────────────────────────────────────
[2단계 분석 대상: 011200, 015760, 000150, 329180, 042660, 004020]
403870  HPSP      58,600    0.0    +0.0%    0.0x     중간  0.14  0pt/0 [일봉]
011200  HMM       19,110   30.2    +2.4%    0.5x     상단  0.10  1pt/0 [5분]
015760  한국전력      35,750   11.8    -0.8%    0.9x     하단  3.25  2pt/0 [5분]
035720  카카오       39,550    0.0    +0.0%    0.0x     중간  0.34  0pt/0 [일봉]
030200  KT        54,800    0.0    +0.0%    0.0x     중간  0.67  0pt/0 [일봉]
003490  대한항공      24,750    0.0    +0.0%    0.0x     중간  0.52  0pt/0 [일봉]
004020  현대제철      33,350   30.4    +0.0%    0.3x     중간  1.33  1pt/0 [5분]

══════════════════════════════════════════════════
⏰ 점심시간 (11:30~13:30) — 신규 매수 중단
→ 전종목 HOLD
✅ Discord 전송 완료

[13:00] HOLD | KODEX RSI57/+6.1%⬆️ | 보유:HMM(011200) -0.3% | 최고신호 한국전력(015760) 2pt/3pt [호가3.2★]
💰 예수금 59,003원 | KODEX200 RSI57/+6.0% 상승추세⬆️  | 매수기준 점수3pt↑
📦 보유 HMM(011200) 2주 -0.4%

코드      종목명           가격    RSI     변화율    거래량     BB   호가비  B/S
────────────────────────────────────────────────────────────────────────
[2단계 분석 대상: 011200, 000150, 015760, 042660, 004020, 329180]
403870  HPSP      58,400    0.0    +0.0%    0.0x     중간  0.17  0pt/0 [일봉]
011200  HMM       19,110   30.2    +2.5%    0.5x     상단  0.31  1pt/0 [5분]
015760  한국전력      35,750   11.8    -0.8%    0.9x     하단  2.50  2pt/0 [5분]
035720  카카오       39,650    0.0    +0.0%    0.0x     중간  0.22  0pt/0 [일봉]
030200  KT        54,800    0.0    +0.0%    0.0x     중간  0.64  0pt/0 [일봉]
003490  대한항공      24,800    0.0    +0.0%    0.0x     중간  0.48  0pt/0 [일봉]
004020  현대제철      33,350   30.4    +0.0%    0.3x     중간  1.08  0pt/0 [5분]

══════════════════════════════════════════════════
⏰ 점심시간 (11:30~13:30) — 신규 매수 중단
→ 전종목 HOLD
✅ Discord 전송 완료

[13:02] HOLD | KODEX RSI57/+6.0%⬆️ | 보유:HMM(011200) -0.4% | 최고신호 한국전력(015760) 2pt/3pt [호가2.5★]
💰 예수금 59,003원 | KODEX200 RSI57/+6.1% 상승추세⬆️  | 매수기준 점수3pt↑
📦 보유 HMM(011200) 2주 -0.2%

코드      종목명           가격    RSI     변화율    거래량     BB   호가비  B/S
────────────────────────────────────────────────────────────────────────
[2단계 분석 대상: 011200, 015760, 000150, 004020, 096770, 329180]
403870  HPSP      58,400    0.0    +0.0%    0.0x     중간  0.17  0pt/0 [일봉]
011200  HMM       19,130   44.2    +2.5%    0.5x     상단  0.09  1pt/0 [5분]
015760  한국전력      35,750   29.4    -0.8%    0.9x     하단  2.61  2pt/0 [5분]
035720  카카오       39,600    0.0    +0.0%    0.0x     중간  0.29  0pt/0 [일봉]
030200  KT        54,800    0.0    +0.0%    0.0x     중간  0.62  0pt/0 [일봉]
003490  대한항공      24,800    0.0    +0.0%    0.0x     중간  0.45  0pt/0 [일봉]
004020  현대제철      33,350   35.0    -0.1%    0.3x     하단  1.51  1pt/0 [5분]

══════════════════════════════════════════════════
⏰ 점심시간 (11:30~13:30) — 신규 매수 중단
→ 전종목 HOLD
✅ Discord 전송 완료

[13:04] HOLD | KODEX RSI57/+6.1%⬆️ | 보유:HMM(011200) -0.2% | 최고신호 한국전력(015760) 2pt/3pt [호가2.6★]
💰 예수금 59,003원 | KODEX200 RSI57/+6.3% 상승추세⬆️  | 매수기준 점수3pt↑
📦 보유 HMM(011200) 2주 -0.2%

코드      종목명           가격    RSI     변화율    거래량     BB   호가비  B/S
────────────────────────────────────────────────────────────────────────
[2단계 분석 대상: 011200, 015760, 000150, 329180, 247540, 096770]
403870  HPSP      58,200    0.0    +0.0%    0.0x     중간  0.22  0pt/0 [일봉]
011200  HMM       19,140   44.2    +2.7%    0.5x     상단  0.10  1pt/0 [5분]
015760  한국전력      35,750   29.4    -0.8%    0.9x     하단  2.67  2pt/0 [5분]
035720  카카오       39,600    0.0    +0.0%    0.0x     중간  0.28  0pt/0 [일봉]
030200  KT        54,800    0.0    +0.0%    0.0x     중간  0.56  0pt/0 [일봉]
003490  대한항공      24,800    0.0    +0.0%    0.0x     중간  0.46  0pt/0 [일봉]
004020  현대제철      33,350    0.0    +0.0%    0.0x     중간  1.07  0pt/0 [일봉]

══════════════════════════════════════════════════
⏰ 점심시간 (11:30~13:30) — 신규 매수 중단
→ 전종목 HOLD
✅ Discord 전송 완료

[13:06] HOLD | KODEX RSI57/+6.3%⬆️ | 보유:HMM(011200) -0.2% | 최고신호 한국전력(015760) 2pt/3pt [호가2.7★]
💰 예수금 59,003원 | KODEX200 RSI57/+6.3% 상승추세⬆️  | 매수기준 점수3pt↑
📦 보유 HMM(011200) 2주 -0.2%

코드      종목명           가격    RSI     변화율    거래량     BB   호가비  B/S
────────────────────────────────────────────────────────────────────────
[2단계 분석 대상: 011200, 015760, 004020, 000150, 064350, 329180]
403870  HPSP      58,300    0.0    +0.0%    0.0x     중간  0.15  0pt/0 [일봉]
011200  HMM       19,140   44.2    +2.6%    0.5x     상단  0.07  1pt/0 [5분]
015760  한국전력      35,800   29.4    -0.7%    0.9x     하단  3.45  2pt/0 [5분]
035720  카카오       39,600    0.0    +0.0%    0.0x     중간  0.28  0pt/0 [일봉]
030200  KT        54,800    0.0    +0.0%    0.0x     중간  0.57  0pt/0 [일봉]
003490  대한항공      24,750    0.0    +0.0%    0.0x     중간  0.51  0pt/0 [일봉]
004020  현대제철      33,300   35.0    -0.1%    0.3x     하단  1.74  1pt/0 [5분]

══════════════════════════════════════════════════
⏰ 점심시간 (11:30~13:30) — 신규 매수 중단
→ 전종목 HOLD
✅ Discord 전송 완료

[13:08] HOLD | KODEX RSI57/+6.3%⬆️ | 보유:HMM(011200) -0.2% | 최고신호 한국전력(015760) 2pt/3pt [호가3.5★]
💰 예수금 59,003원 | KODEX200 RSI57/+6.4% 상승추세⬆️  | 매수기준 점수3pt↑
📦 보유 HMM(011200) 2주 -0.2%

코드      종목명           가격    RSI     변화율    거래량     BB   호가비  B/S
────────────────────────────────────────────────────────────────────────
[2단계 분석 대상: 011200, 015760, 004020, 000150, 078930, 064350]
403870  HPSP      58,200    0.0    +0.0%    0.0x     중간  0.16  0pt/0 [일봉]
011200  HMM       19,130   41.9    +2.5%    0.5x     상단  0.08  1pt/0 [5분]
015760  한국전력      35,850   29.4    -0.4%    0.9x     하단  2.79  2pt/0 [5분]
035720  카카오       39,650    0.0    +0.0%    0.0x     중간  0.39  0pt/0 [일봉]
030200  KT        54,800    0.0    +0.0%    0.0x     중간  0.59  0pt/0 [일봉]
003490  대한항공      24,750    0.0    +0.0%    0.0x     중간  0.51  0pt/0 [일봉]
004020  현대제철      33,400   38.9    +0.2%    0.3x     중간  1.69  1pt/0 [5분]

══════════════════════════════════════════════════
⏰ 점심시간 (11:30~13:30) — 신규 매수 중단
→ 전종목 HOLD
✅ Discord 전송 완료

[13:10] HOLD | KODEX RSI57/+6.4%⬆️ | 보유:HMM(011200) -0.2% | 최고신호 한국전력(015760) 2pt/3pt [호가2.8★]
💰 예수금 59,003원 | KODEX200 RSI58/+6.6% 상승추세⬆️  | 매수기준 점수3pt↑
📦 보유 HMM(011200) 2주 -0.2%

코드      종목명           가격    RSI     변화율    거래량     BB   호가비  B/S
────────────────────────────────────────────────────────────────────────
[2단계 분석 대상: 011200, 015760, 004020, 078930, 329180, 042660]
403870  HPSP      58,300    0.0    +0.0%    0.0x     중간  0.14  0pt/0 [일봉]
011200  HMM       19,130   41.9    +2.6%    0.5x     상단  0.13  1pt/0 [5분]
015760  한국전력      35,850   29.4    -0.7%    0.9x     하단  2.39  2pt/0 [5분]
035720  카카오       39,750    0.0    +0.0%    0.0x     중간  0.32  0pt/0 [일봉]
030200  KT        54,800    0.0    +0.0%    0.0x     중간  0.64  0pt/0 [일봉]
003490  대한항공      24,800    0.0    +0.0%    0.0x     중간  0.40  0pt/0 [일봉]
004020  현대제철      33,400   38.9    +0.1%    0.3x     하단  1.30  1pt/0 [5분]

══════════════════════════════════════════════════
⏰ 점심시간 (11:30~13:30) — 신규 매수 중단
→ 전종목 HOLD
✅ Discord 전송 완료

[13:12] HOLD | KODEX RSI58/+6.6%⬆️ | 보유:HMM(011200) -0.2% | 최고신호 한국전력(015760) 2pt/3pt [호가2.4★]
💰 예수금 59,003원 | KODEX200 RSI57/+6.6% 상승추세⬆️  | 매수기준 점수3pt↑
📦 보유 HMM(011200) 2주 -0.1%

코드      종목명           가격    RSI     변화율    거래량     BB   호가비  B/S
────────────────────────────────────────────────────────────────────────
[2단계 분석 대상: 011200, 015760, 004020, 078930, 329180, 096770]
403870  HPSP      58,300    0.0    +0.0%    0.0x     중간  0.15  0pt/0 [일봉]
011200  HMM       19,140   41.9    +2.6%    0.5x     상단  0.08  1pt/0 [5분]
015760  한국전력      35,800   40.0    -0.7%    0.9x     하단  2.26  2pt/0 [5분]
035720  카카오       39,750    0.0    +0.0%    0.0x     중간  0.28  0pt/0 [일봉]
030200  KT        54,700    0.0    +0.0%    0.0x     중간  0.53  0pt/0 [일봉]
003490  대한항공      24,800    0.0    +0.0%    0.0x     중간  0.43  0pt/0 [일봉]
004020  현대제철      33,400   36.8    +0.1%    0.3x     하단  1.58  1pt/0 [5분]

══════════════════════════════════════════════════
⏰ 점심시간 (11:30~13:30) — 신규 매수 중단
→ 전종목 HOLD
✅ Discord 전송 완료

[13:14] HOLD | KODEX RSI57/+6.6%⬆️ | 보유:HMM(011200) -0.1% | 최고신호 한국전력(015760) 2pt/3pt [호가2.3★]
💰 예수금 59,003원 | KODEX200 RSI57/+6.6% 상승추세⬆️  | 매수기준 점수3pt↑
📦 보유 HMM(011200) 2주 -0.2%

코드      종목명           가격    RSI     변화율    거래량     BB   호가비  B/S
────────────────────────────────────────────────────────────────────────
[2단계 분석 대상: 011200, 015760, 078930, 004020, 329180, 042660]
403870  HPSP      57,900    0.0    +0.0%    0.0x     중간  0.57  0pt/0 [일봉]
011200  HMM       19,140   41.9    +2.6%    0.5x     상단  0.14  1pt/0 [5분]
015760  한국전력      35,800   40.0    -0.7%    0.9x     하단  1.87  1pt/0 [5분]
035720  카카오       39,700    0.0    +0.0%    0.0x     중간  0.23  0pt/0 [일봉]
030200  KT        54,700    0.0    +0.0%    0.0x     중간  0.53  0pt/0 [일봉]
003490  대한항공      24,800    0.0    +0.0%    0.0x     중간  0.44  0pt/0 [일봉]
004020  현대제철      33,450   36.8    +0.5%    0.3x     중간  1.26  0pt/0 [5분]

══════════════════════════════════════════════════
⏰ 점심시간 (11:30~13:30) — 신규 매수 중단
→ 전종목 HOLD
✅ Discord 전송 완료

[13:16] HOLD | KODEX RSI57/+6.6%⬆️ | 보유:HMM(011200) -0.2% | 최고신호 HMM(011200) 1pt/3pt [상승+2.6%]
💰 예수금 59,003원 | KODEX200 RSI58/+7.0% 상승추세⬆️  | 매수기준 점수3pt↑
📦 보유 HMM(011200) 2주 -0.2%

코드      종목명           가격    RSI     변화율    거래량     BB   호가비  B/S
────────────────────────────────────────────────────────────────────────
[2단계 분석 대상: 011200, 064350, 096770, 015760, 329180, 004020]
403870  HPSP      57,900    0.0    +0.0%    0.0x     중간  0.59  0pt/0 [일봉]
011200  HMM       19,110   41.9    +2.5%    0.5x     상단  0.24  1pt/0 [5분]
015760  한국전력      35,750   40.0    -0.7%    0.9x     하단  1.92  1pt/0 [5분]
035720  카카오       39,650    0.0    +0.0%    0.0x     중간  0.28  0pt/0 [일봉]
030200  KT        54,700    0.0    +0.0%    0.0x     중간  0.55  0pt/0 [일봉]
003490  대한항공      24,800    0.0    +0.0%    0.0x     중간  0.43  0pt/0 [일봉]
004020  현대제철      33,450   36.8    +0.3%    0.3x     중간  1.33  1pt/0 [5분]

══════════════════════════════════════════════════
⏰ 점심시간 (11:30~13:30) — 신규 매수 중단
→ 전종목 HOLD
✅ Discord 전송 완료

[13:18] HOLD | KODEX RSI58/+7.0%⬆️ | 보유:HMM(011200) -0.2% | 최고신호 HMM(011200) 1pt/3pt [상승+2.5%]
💰 예수금 59,003원 | KODEX200 RSI58/+7.1% 상승추세⬆️  | 매수기준 점수3pt↑
📦 보유 HMM(011200) 2주 -0.3%

코드      종목명           가격    RSI     변화율    거래량     BB   호가비  B/S
────────────────────────────────────────────────────────────────────────
[2단계 분석 대상: 011200, 064350, 015760, 000150, 004020, 096770]
403870  HPSP      58,000    0.0    +0.0%    0.0x     중간  0.27  0pt/0 [일봉]
011200  HMM       19,090   35.0    +2.4%    0.5x     상단  0.69  1pt/0 [5분]
015760  한국전력      35,800   38.1    -0.7%    0.9x     하단  3.32  2pt/0 [5분]
035720  카카오       39,650    0.0    +0.0%    0.0x     중간  0.29  0pt/0 [일봉]
030200  KT        54,700    0.0    +0.0%    0.0x     중간  0.55  0pt/0 [일봉]
003490  대한항공      24,800    0.0    +0.0%    0.0x     중간  0.39  0pt/0 [일봉]
004020  현대제철      33,450   35.0    +0.5%    0.3x     중간  1.44  1pt/0 [5분]

══════════════════════════════════════════════════
⏰ 점심시간 (11:30~13:30) — 신규 매수 중단
→ 전종목 HOLD
✅ Discord 전송 완료

[13:20] HOLD | KODEX RSI58/+7.1%⬆️ | 보유:HMM(011200) -0.3% | 최고신호 한국전력(015760) 2pt/3pt [호가3.3★]
💰 예수금 59,003원 | KODEX200 RSI58/+7.0% 상승추세⬆️  | 매수기준 점수3pt↑
📦 보유 HMM(011200) 2주 -0.3%

코드      종목명           가격    RSI     변화율    거래량     BB   호가비  B/S
────────────────────────────────────────────────────────────────────────
[2단계 분석 대상: 011200, 064350, 015760, 004020, 096770, 329180]
403870  HPSP      58,100    0.0    +0.0%    0.0x     중간  0.16  0pt/0 [일봉]
011200  HMM       19,140   35.0    +2.4%    0.5x     상단  0.17  1pt/0 [5분]
015760  한국전력      35,850   38.1    -0.6%    0.9x     하단  3.04  2pt/0 [5분]
035720  카카오       39,750    0.0    +0.0%    0.0x     중간  0.26  0pt/0 [일봉]
030200  KT        54,800    0.0    +0.0%    0.0x     중간  0.65  0pt/0 [일봉]
003490  대한항공      24,800    0.0    +0.0%    0.0x     중간  0.40  0pt/0 [일봉]
004020  현대제철      33,500   35.0    +0.6%    0.3x     중간  1.67  2pt/0 [5분]

══════════════════════════════════════════════════
⏰ 점심시간 (11:30~13:30) — 신규 매수 중단
→ 전종목 HOLD
✅ Discord 전송 완료

[13:22] HOLD | KODEX RSI58/+7.0%⬆️ | 보유:HMM(011200) -0.3% | 최고신호 한국전력(015760) 2pt/3pt [호가3.0★]
💰 예수금 59,003원 | KODEX200 RSI58/+7.0% 상승추세⬆️  | 매수기준 점수3pt↑
📦 보유 HMM(011200) 2주 -0.3%

코드      종목명           가격    RSI     변화율    거래량     BB   호가비  B/S
────────────────────────────────────────────────────────────────────────
[2단계 분석 대상: 011200, 015760, 064350, 004020, 042660, 096770]
403870  HPSP      58,100    0.0    +0.0%    0.0x     중간  0.14  0pt/0 [일봉]
011200  HMM       19,090   36.8    +2.4%    0.5x     상단  0.50  1pt/0 [5분]
015760  한국전력      35,900   38.1    -0.4%    0.9x     하단  3.28  2pt/0 [5분]
035720  카카오       39,700    0.0    +0.0%    0.0x     중간  0.25  0pt/0 [일봉]
030200  KT        54,800    0.0    +0.0%    0.0x     중간  0.66  0pt/0 [일봉]
003490  대한항공      24,800    0.0    +0.0%    0.0x     중간  0.51  0pt/0 [일봉]
004020  현대제철      33,450   38.9    +0.6%    0.3x     중간  1.74  2pt/0 [5분]

══════════════════════════════════════════════════
⏰ 점심시간 (11:30~13:30) — 신규 매수 중단
→ 전종목 HOLD
✅ Discord 전송 완료

[13:24] HOLD | KODEX RSI58/+7.0%⬆️ | 보유:HMM(011200) -0.3% | 최고신호 한국전력(015760) 2pt/3pt [호가3.3★]
💰 예수금 59,003원 | KODEX200 RSI58/+7.2% 상승추세⬆️  | 매수기준 점수3pt↑
📦 보유 HMM(011200) 2주 -0.3%

코드      종목명           가격    RSI     변화율    거래량     BB   호가비  B/S
────────────────────────────────────────────────────────────────────────
[2단계 분석 대상: 011200, 064350, 015760, 004020, 096770, 042660]
403870  HPSP      58,200    0.0    +0.0%    0.0x     중간  0.13  0pt/0 [일봉]
011200  HMM       19,130   36.8    +2.4%    0.5x     상단  0.20  1pt/0 [5분]
015760  한국전력      35,950   38.1    -0.3%    0.9x     하단  2.54  2pt/0 [5분]
035720  카카오       39,700    0.0    +0.0%    0.0x     중간  0.28  0pt/0 [일봉]
030200  KT        54,800    0.0    +0.0%    0.0x     중간  0.69  0pt/0 [일봉]
003490  대한항공      24,800    0.0    +0.0%    0.0x     중간  0.48  0pt/0 [일봉]
004020  현대제철      33,450   38.9    +0.5%    0.3x     중간  1.62  1pt/0 [5분]

══════════════════════════════════════════════════
⏰ 점심시간 (11:30~13:30) — 신규 매수 중단
→ 전종목 HOLD
✅ Discord 전송 완료

[13:26] HOLD | KODEX RSI58/+7.2%⬆️ | 보유:HMM(011200) -0.3% | 최고신호 한국전력(015760) 2pt/3pt [호가2.5★]
💰 예수금 59,003원 | KODEX200 RSI58/+7.4% 상승추세⬆️  | 매수기준 점수3pt↑
📦 보유 HMM(011200) 2주 -0.4%

코드      종목명           가격    RSI     변화율    거래량     BB   호가비  B/S
────────────────────────────────────────────────────────────────────────
[2단계 분석 대상: 011200, 015760, 138040, 096770, 017670, 042660]
403870  HPSP      58,000    0.0    +0.0%    0.0x     중간  0.28  0pt/0 [일봉]
011200  HMM       19,100   36.8    +2.4%    0.5x     상단  0.35  1pt/0 [5분]
015760  한국전력      35,900   38.1    -0.3%    0.9x     하단  2.74  2pt/0 [5분]
035720  카카오       39,700    0.0    +0.0%    0.0x     중간  0.26  0pt/0 [일봉]
030200  KT        54,700    0.0    +0.0%    0.0x     중간  0.60  0pt/0 [일봉]
003490  대한항공      24,800    0.0    +0.0%    0.0x     중간  0.48  0pt/0 [일봉]
004020  현대제철      33,400    0.0    +0.0%    0.0x     중간  1.44  1pt/0 [일봉]

══════════════════════════════════════════════════
⏰ 점심시간 (11:30~13:30) — 신규 매수 중단
→ 전종목 HOLD
✅ Discord 전송 완료

[13:28] HOLD | KODEX RSI58/+7.4%⬆️ | 보유:HMM(011200) -0.4% | 최고신호 한국전력(015760) 2pt/3pt [호가2.7★]
💰 예수금 59,003원 | KODEX200 RSI58/+7.7% 상승추세⬆️  | 매수기준 점수3pt↑
📦 보유 HMM(011200) 2주 -0.2%

코드      종목명           가격    RSI     변화율    거래량     BB   호가비  B/S
────────────────────────────────────────────────────────────────────────
[2단계 분석 대상: 011200, 015760, 017670, 004020, 096770, 042660]
403870  HPSP      57,900    0.0    +0.0%    0.0x     중간  0.49  0pt/0 [일봉]
011200  HMM       19,130   39.5    +2.5%    0.5x     상단  0.13  1pt/0 [5분]
015760  한국전력      35,950   40.9    -0.3%    0.9x     하단  2.10  2pt/0 [5분]
035720  카카오       39,750    0.0    +0.0%    0.0x     중간  0.30  0pt/0 [일봉]
030200  KT        54,700    0.0    +0.0%    0.0x     중간  0.61  0pt/0 [일봉]
003490  대한항공      24,800    0.0    +0.0%    0.0x     중간  0.49  0pt/0 [일봉]
004020  현대제철      33,450   33.3    +0.6%    0.3x     중간  1.47  2pt/0 [5분]

══════════════════════════════════════════════════
⏰ 오후 재개 — 보유 종목 있음 → 신규 매수 중단
→ 전종목 HOLD
✅ Discord 전송 완료

[13:30] HOLD | KODEX RSI58/+7.7%⬆️ | 보유:HMM(011200) -0.2% | 최고신호 한국전력(015760) 2pt/3pt [호가2.1★]
💰 예수금 59,003원 | KODEX200 RSI58/+7.6% 상승추세⬆️  | 매수기준 점수3pt↑
📦 보유 HMM(011200) 2주 -0.2%

코드      종목명           가격    RSI     변화율    거래량     BB   호가비  B/S
────────────────────────────────────────────────────────────────────────
[2단계 분석 대상: 011200, 015760, 017670, 004020, 032830, 064350]
403870  HPSP      58,100    0.0    +0.0%    0.0x     중간  0.18  0pt/0 [일봉]
011200  HMM       19,140   39.5    +2.6%    0.5x     상단  0.17  1pt/0 [5분]
015760  한국전력      35,950   40.9    -0.3%    0.9x     하단  2.02  2pt/0 [5분]
035720  카카오       39,750    0.0    +0.0%    0.0x     중간  0.31  0pt/0 [일봉]
030200  KT        54,800    0.0    +0.0%    0.0x     중간  0.60  0pt/0 [일봉]
003490  대한항공      24,800    0.0    +0.0%    0.0x     중간  0.48  0pt/0 [일봉]
004020  현대제철      33,600   33.3    +0.5%    0.3x     중간  1.23  0pt/0 [5분]

══════════════════════════════════════════════════
⏰ 오후 재개 — 보유 종목 있음 → 신규 매수 중단
→ 전종목 HOLD
✅ Discord 전송 완료

[13:32] HOLD | KODEX RSI58/+7.6%⬆️ | 보유:HMM(011200) -0.2% | 최고신호 한국전력(015760) 2pt/3pt [호가2.0★]
💰 예수금 59,003원 | KODEX200 RSI59/+7.9% 상승추세⬆️  | 매수기준 점수3pt↑
📦 보유 HMM(011200) 2주 +0.0%

코드      종목명           가격    RSI     변화율    거래량     BB   호가비  B/S
────────────────────────────────────────────────────────────────────────
[2단계 분석 대상: 011200, 004020, 015760, 096770, 064350, 086520]
403870  HPSP      58,200    0.0    +0.0%    0.0x     중간  0.18  0pt/0 [일봉]
011200  HMM       19,190   34.3    +2.9%    0.5x     상단  0.20  1pt/0 [5분]
015760  한국전력      35,950   42.9    -0.3%    0.9x     하단  1.64  1pt/0 [5분]
035720  카카오       39,700    0.0    +0.0%    0.0x     중간  0.28  0pt/0 [일봉]
030200  KT        54,800    0.0    +0.0%    0.0x     중간  0.65  0pt/0 [일봉]
003490  대한항공      24,850    0.0    +0.0%    0.0x     중간  0.41  0pt/0 [일봉]
004020  현대제철      33,600   35.3    +0.8%    0.3x     중간  1.66  2pt/0 [5분]

══════════════════════════════════════════════════
⏰ 오후 재개 — 보유 종목 있음 → 신규 매수 중단
→ 전종목 HOLD
✅ Discord 전송 완료

[13:34] HOLD | KODEX RSI59/+7.9%⬆️ | 보유:HMM(011200) +0.0% | 최고신호 현대제철(004020) 2pt/3pt [상승+0.8% / 호가1.7]
💰 예수금 59,003원 | KODEX200 RSI59/+8.0% 상승추세⬆️  | 매수기준 점수3pt↑
📦 보유 HMM(011200) 2주 -0.0%

코드      종목명           가격    RSI     변화율    거래량     BB   호가비  B/S
────────────────────────────────────────────────────────────────────────
[2단계 분석 대상: 011200, 138040, 015760, 004020, 096770, 042660]
403870  HPSP      58,000    0.0    +0.0%    0.0x     중간  0.26  0pt/0 [일봉]
011200  HMM       19,190   34.3    +2.8%    0.5x     상단  0.13  1pt/0 [5분]
015760  한국전력      35,950   42.9    -0.3%    0.9x     하단  1.73  1pt/0 [5분]
035720  카카오       39,750    0.0    +0.0%    0.0x     중간  0.27  0pt/0 [일봉]
030200  KT        54,800    0.0    +0.0%    0.0x     중간  0.60  0pt/0 [일봉]
003490  대한항공      24,850    0.0    +0.0%    0.0x     중간  0.41  0pt/0 [일봉]
004020  현대제철      33,550   35.3    +0.8%    0.3x     중간  1.65  2pt/0 [5분]

══════════════════════════════════════════════════
⏰ 오후 재개 — 보유 종목 있음 → 신규 매수 중단
→ 전종목 HOLD
✅ Discord 전송 완료

[13:36] HOLD | KODEX RSI59/+8.0%⬆️ | 보유:HMM(011200) -0.0% | 최고신호 현대제철(004020) 2pt/3pt [상승+0.8% / 호가1.6]
💰 예수금 59,003원 | KODEX200 RSI59/+8.2% 상승추세⬆️  | 매수기준 점수3pt↑
📦 보유 HMM(011200) 2주 +0.0%

코드      종목명           가격    RSI     변화율    거래량     BB   호가비  B/S
────────────────────────────────────────────────────────────────────────
[2단계 분석 대상: 011200, 015760, 004020, 247540, 000150, 086520]
403870  HPSP      58,100    0.0    +0.0%    0.0x     중간  0.19  0pt/0 [일봉]
011200  HMM       19,180   34.3    +2.8%    0.5x     상단  0.12  1pt/0 [5분]
015760  한국전력      36,000   42.9    -0.1%    0.9x     하단  1.77  1pt/0 [5분]
035720  카카오       39,750    0.0    +0.0%    0.0x     중간  0.26  0pt/0 [일봉]
030200  KT        54,800    0.0    +0.0%    0.0x     중간  0.62  0pt/0 [일봉]
003490  대한항공      24,900    0.0    +0.0%    0.0x     중간  0.28  0pt/0 [일봉]
004020  현대제철      33,550   35.3    +0.8%    0.3x     중간  1.75  2pt/0 [5분]

══════════════════════════════════════════════════
⏰ 오후 재개 — 보유 종목 있음 → 신규 매수 중단
→ 전종목 HOLD
✅ Discord 전송 완료

[13:38] HOLD | KODEX RSI59/+8.2%⬆️ | 보유:HMM(011200) +0.0% | 최고신호 현대제철(004020) 2pt/3pt [상승+0.8% / 호가1.8]
💰 예수금 59,003원 | KODEX200 RSI59/+8.4% 상승추세⬆️  | 매수기준 점수3pt↑
📦 보유 HMM(011200) 2주 -0.0%

코드      종목명           가격    RSI     변화율    거래량     BB   호가비  B/S
────────────────────────────────────────────────────────────────────────
[2단계 분석 대상: 011200, 004020, 015760, 000150, 247540, 000880]
403870  HPSP      57,800    0.0    +0.0%    0.0x     중간  0.45  0pt/0 [일봉]
011200  HMM       19,190   36.4    +2.9%    0.5x     상단  0.20  1pt/0 [5분]
015760  한국전력      36,050   45.0    +0.1%    0.9x     하단  1.60  2pt/0 [5분]
035720  카카오       39,750    0.0    +0.0%    0.0x     중간  0.25  0pt/0 [일봉]
030200  KT        54,800    0.0    +0.0%    0.0x     중간  0.57  0pt/0 [일봉]
003490  대한항공      24,900    0.0    +0.0%    0.0x     중간  0.28  0pt/0 [일봉]
004020  현대제철      33,550   33.3    +0.8%    0.3x     중간  1.72  2pt/0 [5분]

══════════════════════════════════════════════════
⏰ 오후 재개 — 보유 종목 있음 → 신규 매수 중단
→ 전종목 HOLD
✅ Discord 전송 완료

[13:40] HOLD | KODEX RSI59/+8.4%⬆️ | 보유:HMM(011200) -0.0% | 최고신호 한국전력(015760) 2pt/3pt [호가1.6 / RSI45]
💰 예수금 59,003원 | KODEX200 RSI59/+8.5% 상승추세⬆️  | 매수기준 점수3pt↑
📦 보유 HMM(011200) 2주 +0.2%

코드      종목명           가격    RSI     변화율    거래량     BB   호가비  B/S
────────────────────────────────────────────────────────────────────────
[2단계 분석 대상: 011200, 004020, 000880, 015760, 042660, 247540]
403870  HPSP      57,800    0.0    +0.0%    0.0x     중간  0.45  0pt/0 [일봉]
011200  HMM       19,210   36.4    +3.0%    0.6x     상단  0.22  1pt/0 [5분]
015760  한국전력      36,100   45.0    +0.1%    0.9x     하단  1.18  1pt/0 [5분]
035720  카카오       39,800    0.0    +0.0%    0.0x     중간  0.30  0pt/0 [일봉]
030200  KT        54,800    0.0    +0.0%    0.0x     중간  0.61  0pt/0 [일봉]
003490  대한항공      24,950    0.0    +0.0%    0.0x     중간  0.29  0pt/0 [일봉]
004020  현대제철      33,650   33.3    +1.2%    0.3x     중간  2.71  3pt/0 [5분]

══════════════════════════════════════════════════
⏰ 오후 재개 — 보유 종목 있음 → 신규 매수 중단
→ 전종목 HOLD
✅ Discord 전송 완료

[13:42] HOLD | KODEX RSI59/+8.5%⬆️ | 보유:HMM(011200) +0.2% | 최고신호 현대제철(004020) 3pt/3pt [상승+1.2% / 호가2.7★]
💰 예수금 59,003원 | KODEX200 RSI59/+7.9% 상승추세⬆️  | 매수기준 점수3pt↑
📦 보유 HMM(011200) 2주 +0.2%

코드      종목명           가격    RSI     변화율    거래량     BB   호가비  B/S
────────────────────────────────────────────────────────────────────────
[2단계 분석 대상: 011200, 247540, 004020, 000880, 015760, 086520]
403870  HPSP      57,500    0.0    +0.0%    0.0x     중간  0.65  0pt/0 [일봉]
011200  HMM       19,220   33.3    +3.0%    0.6x     상단  0.23  1pt/0 [5분]
015760  한국전력      36,100   42.9    +0.1%    1.0x     하단  1.47  1pt/0 [5분]
035720  카카오       39,750    0.0    +0.0%    0.0x     중간  0.30  0pt/0 [일봉]
030200  KT        54,900    0.0    +0.0%    0.0x     중간  0.68  0pt/0 [일봉]
003490  대한항공      24,950    0.0    +0.0%    0.0x     중간  0.34  0pt/0 [일봉]
004020  현대제철      33,650   20.0    +0.9%    0.3x     중간  1.90  2pt/0 [5분]

══════════════════════════════════════════════════
⏰ 오후 재개 — 보유 종목 있음 → 신규 매수 중단
→ 전종목 HOLD
✅ Discord 전송 완료

[13:44] HOLD | KODEX RSI59/+7.9%⬆️ | 보유:HMM(011200) +0.2% | 최고신호 현대제철(004020) 2pt/3pt [상승+0.9% / 호가1.9]
💰 예수금 59,003원 | KODEX200 RSI58/+7.7% 상승추세⬆️  | 매수기준 점수3pt↑
📦 보유 HMM(011200) 2주 +0.1%

코드      종목명           가격    RSI     변화율    거래량     BB   호가비  B/S
────────────────────────────────────────────────────────────────────────
[2단계 분석 대상: 011200, 247540, 004020, 064350, 000150, 086520]
403870  HPSP      57,600    0.0    +0.0%    0.0x     중간  0.48  0pt/0 [일봉]
011200  HMM       19,200   33.3    +2.9%    0.6x     상단  0.51  1pt/0 [5분]
015760  한국전력      36,000    0.0    +0.0%    0.0x     중간  1.07  0pt/0 [일봉]
035720  카카오       39,750    0.0    +0.0%    0.0x     중간  0.37  0pt/0 [일봉]
030200  KT        54,900    0.0    +0.0%    0.0x     중간  0.73  0pt/0 [일봉]
003490  대한항공      24,950    0.0    +0.0%    0.0x     중간  0.31  0pt/0 [일봉]
004020  현대제철      33,600   20.0    +0.8%    0.3x     중간  2.01  3pt/0 [5분]

══════════════════════════════════════════════════
⏰ 오후 재개 — 보유 종목 있음 → 신규 매수 중단
→ 전종목 HOLD
✅ Discord 전송 완료

[13:46] HOLD | KODEX RSI58/+7.7%⬆️ | 보유:HMM(011200) +0.1% | 최고신호 현대제철(004020) 3pt/3pt [상승+0.8% / 호가2.0★]
💰 예수금 59,003원 | KODEX200 RSI59/+8.0% 상승추세⬆️  | 매수기준 점수3pt↑
📦 보유 HMM(011200) 2주 +0.0%

코드      종목명           가격    RSI     변화율    거래량     BB   호가비  B/S
────────────────────────────────────────────────────────────────────────
[2단계 분석 대상: 011200, 004020, 000150, 064350, 015760, 096770]
403870  HPSP      58,000    0.0    +0.0%    0.0x     중간  0.20  0pt/0 [일봉]
011200  HMM       19,180   33.3    +2.8%    0.6x     상단  0.44  1pt/0 [5분]
015760  한국전력      35,950   42.9    -0.3%    1.0x     하단  1.36  1pt/0 [5분]
035720  카카오       39,700    0.0    +0.0%    0.0x     중간  0.42  0pt/0 [일봉]
030200  KT        54,900    0.0    +0.0%    0.0x     중간  0.73  0pt/0 [일봉]
003490  대한항공      24,950    0.0    +0.0%    0.0x     중간  0.33  0pt/0 [일봉]
004020  현대제철      33,650   20.0    +0.9%    0.4x     중간  2.10  3pt/0 [5분]

══════════════════════════════════════════════════
⏰ 오후 재개 — 보유 종목 있음 → 신규 매수 중단
→ 전종목 HOLD
✅ Discord 전송 완료

[13:48] HOLD | KODEX RSI59/+8.0%⬆️ | 보유:HMM(011200) +0.0% | 최고신호 현대제철(004020) 3pt/3pt [상승+0.9% / 호가2.1★]
💰 예수금 59,003원 | KODEX200 RSI59/+7.9% 상승추세⬆️  | 매수기준 점수3pt↑
📦 보유 HMM(011200) 2주 +0.1%

코드      종목명           가격    RSI     변화율    거래량     BB   호가비  B/S
────────────────────────────────────────────────────────────────────────
[2단계 분석 대상: 011200, 064350, 329180, 004020, 000720, 000150]
403870  HPSP      57,900    0.0    +0.0%    0.0x     중간  0.36  0pt/0 [일봉]
011200  HMM       19,200   36.4    +2.9%    0.6x     상단  0.47  1pt/0 [5분]
015760  한국전력      35,950    0.0    +0.0%    0.0x     중간  1.36  1pt/0 [일봉]
035720  카카오       39,700    0.0    +0.0%    0.0x     중간  0.44  0pt/0 [일봉]
030200  KT        54,900    0.0    +0.0%    0.0x     중간  0.79  0pt/0 [일봉]
003490  대한항공      24,950    0.0    +0.0%    0.0x     중간  0.33  0pt/0 [일봉]
004020  현대제철      33,550   23.1    +0.6%    0.4x     중간  1.80  2pt/0 [5분]

══════════════════════════════════════════════════
⏰ 오후 재개 — 보유 종목 있음 → 신규 매수 중단
→ 전종목 HOLD
✅ Discord 전송 완료

[13:50] HOLD | KODEX RSI59/+7.9%⬆️ | 보유:HMM(011200) +0.1% | 최고신호 현대제철(004020) 2pt/3pt [상승+0.6% / 호가1.8]
💰 예수금 59,003원 | KODEX200 RSI58/+7.6% 상승추세⬆️  | 매수기준 점수3pt↑
📦 보유 HMM(011200) 2주 +0.1%

코드      종목명           가격    RSI     변화율    거래량     BB   호가비  B/S
────────────────────────────────────────────────────────────────────────
[2단계 분석 대상: 011200, 329180, 064350, 004020, 000720, 000150]
403870  HPSP      57,800    0.0    +0.0%    0.0x     중간  0.34  0pt/0 [일봉]
011200  HMM       19,180   36.4    +2.8%    0.6x     상단  0.44  1pt/0 [5분]
015760  한국전력      35,950    0.0    +0.0%    0.0x     중간  1.41  1pt/0 [일봉]
035720  카카오       39,650    0.0    +0.0%    0.0x     중간  0.39  0pt/0 [일봉]
030200  KT        54,900    0.0    +0.0%    0.0x     중간  0.80  0pt/0 [일봉]
003490  대한항공      24,950    0.0    +0.0%    0.0x     중간  0.27  0pt/0 [일봉]
004020  현대제철      33,550   23.1    +0.6%    0.4x     중간  1.61  2pt/0 [5분]

══════════════════════════════════════════════════
⏰ 오후 재개 — 보유 종목 있음 → 신규 매수 중단
→ 전종목 HOLD
✅ Discord 전송 완료

[13:52] HOLD | KODEX RSI58/+7.6%⬆️ | 보유:HMM(011200) +0.1% | 최고신호 현대제철(004020) 2pt/3pt [상승+0.6% / 호가1.6]
💰 예수금 59,003원 | KODEX200 RSI58/+7.5% 상승추세⬆️  | 매수기준 점수3pt↑
📦 보유 HMM(011200) 2주 +0.1%

코드      종목명           가격    RSI     변화율    거래량     BB   호가비  B/S
────────────────────────────────────────────────────────────────────────
[2단계 분석 대상: 011200, 000150, 247540, 064350, 329180, 000720]
403870  HPSP      57,600    0.0    +0.0%    0.0x     중간  0.44  0pt/0 [일봉]
011200  HMM       19,200   44.1    +3.0%    0.6x     상단  0.69  1pt/0 [5분]
015760  한국전력      35,950    0.0    +0.0%    0.0x     중간  1.35  1pt/0 [일봉]
035720  카카오       39,650    0.0    +0.0%    0.0x     중간  0.44  0pt/0 [일봉]
030200  KT        54,900    0.0    +0.0%    0.0x     중간  0.85  0pt/0 [일봉]
003490  대한항공      24,950    0.0    +0.0%    0.0x     중간  0.30  0pt/0 [일봉]
004020  현대제철      33,500    0.0    +0.0%    0.0x     중간  1.43  1pt/0 [일봉]

══════════════════════════════════════════════════
⏰ 오후 재개 — 보유 종목 있음 → 신규 매수 중단
→ 전종목 HOLD
✅ Discord 전송 완료

[13:54] HOLD | KODEX RSI58/+7.5%⬆️ | 보유:HMM(011200) +0.1% | 최고신호 HMM(011200) 1pt/3pt [상승+3.0%]
💰 예수금 59,003원 | KODEX200 RSI59/+8.0% 상승추세⬆️  | 매수기준 점수3pt↑
📦 보유 HMM(011200) 2주 +0.1%

코드      종목명           가격    RSI     변화율    거래량     BB   호가비  B/S
────────────────────────────────────────────────────────────────────────
[2단계 분석 대상: 011200, 064350, 329180, 015760, 004020, 000150]
403870  HPSP      58,000    0.0    +0.0%    0.0x     중간  0.20  0pt/0 [일봉]
011200  HMM       19,200   44.1    +3.0%    0.6x     상단  0.68  1pt/0 [5분]
015760  한국전력      35,950   50.0    -0.3%    1.0x     하단  1.84  2pt/0 [5분]
035720  카카오       39,700    0.0    +0.0%    0.0x     중간  0.32  0pt/0 [일봉]
030200  KT        55,000    0.0    +0.0%    0.0x     중간  0.69  0pt/0 [일봉]
003490  대한항공      24,950    0.0    +0.0%    0.0x     중간  0.31  0pt/0 [일봉]
004020  현대제철      33,500   28.6    +0.5%    0.4x     하단  1.31  1pt/0 [5분]

══════════════════════════════════════════════════
⏰ 오후 재개 — 보유 종목 있음 → 신규 매수 중단
→ 전종목 HOLD
✅ Discord 전송 완료

[13:56] HOLD | KODEX RSI59/+8.0%⬆️ | 보유:HMM(011200) +0.1% | 최고신호 한국전력(015760) 2pt/3pt [호가1.8 / RSI50]
💰 예수금 59,003원 | KODEX200 RSI59/+7.9% 상승추세⬆️  | 매수기준 점수3pt↑
📦 보유 HMM(011200) 2주 +0.1%

코드      종목명           가격    RSI     변화율    거래량     BB   호가비  B/S
────────────────────────────────────────────────────────────────────────
[2단계 분석 대상: 011200, 000150, 096770, 017670, 329180, 004020]
403870  HPSP      58,000    0.0    +0.0%    0.0x     중간  0.21  0pt/0 [일봉]
011200  HMM       19,190   44.1    +2.8%    0.6x     상단  0.63  1pt/0 [5분]
015760  한국전력      35,950    0.0    +0.0%    0.0x     중간  1.78  1pt/0 [일봉]
035720  카카오       39,650    0.0    +0.0%    0.0x     중간  0.39  0pt/0 [일봉]
030200  KT        55,000    0.0    +0.0%    0.0x     중간  0.66  0pt/0 [일봉]
003490  대한항공      24,950    0.0    +0.0%    0.0x     중간  0.29  0pt/0 [일봉]
004020  현대제철      33,450   28.6    +0.3%    0.4x     하단  1.83  1pt/0 [5분]

══════════════════════════════════════════════════
⏰ 오후 재개 — 보유 종목 있음 → 신규 매수 중단
→ 전종목 HOLD
✅ Discord 전송 완료

[13:58] HOLD | KODEX RSI59/+7.9%⬆️ | 보유:HMM(011200) +0.1% | 최고신호 HMM(011200) 1pt/3pt [상승+2.8%]
💰 예수금 59,003원 | KODEX200 RSI59/+7.9% 상승추세⬆️  | 매수기준 점수3pt↑
📦 보유 HMM(011200) 2주 -0.0%

코드      종목명           가격    RSI     변화율    거래량     BB   호가비  B/S
────────────────────────────────────────────────────────────────────────
[2단계 분석 대상: 011200, 015760, 096770, 004020, 042660, 000880]
403870  HPSP      58,000    0.0    +0.0%    0.0x     중간  0.21  0pt/0 [일봉]
011200  HMM       19,200   38.7    +3.0%    0.6x     상단  0.43  1pt/0 [5분]
015760  한국전력      36,000   44.0    +0.0%    1.0x     하단  2.63  3pt/0 [5분]
035720  카카오       39,700    0.0    +0.0%    0.0x     중간  0.36  0pt/0 [일봉]
030200  KT        55,000    0.0    +0.0%    0.0x     중간  0.71  0pt/0 [일봉]
003490  대한항공      24,900    0.0    +0.0%    0.0x     중간  0.29  0pt/0 [일봉]
004020  현대제철      33,550   28.6    +0.8%    0.4x     하단  1.96  2pt/0 [5분]

══════════════════════════════════════════════════
⏰ 오후 재개 — 보유 종목 있음 → 신규 매수 중단
→ 전종목 HOLD
✅ Discord 전송 완료

[14:00] HOLD | KODEX RSI59/+7.9%⬆️ | 보유:HMM(011200) -0.0% | 최고신호 한국전력(015760) 3pt/3pt [거래량1.0x / 호가2.6★]
💰 예수금 59,003원 | KODEX200 RSI59/+8.0% 상승추세⬆️  | 매수기준 점수3pt↑
📦 보유 HMM(011200) 2주 +0.2%

코드      종목명           가격    RSI     변화율    거래량     BB   호가비  B/S
────────────────────────────────────────────────────────────────────────
[2단계 분석 대상: 011200, 004020, 096770, 015760, 017670, 086790]
403870  HPSP      57,900    0.0    +0.0%    0.0x     중간  0.32  0pt/0 [일봉]
011200  HMM       19,200   38.7    +2.9%    0.6x     상단  0.52  1pt/0 [5분]
015760  한국전력      36,050   44.0    +0.0%    1.0x     하단  1.63  2pt/0 [5분]
035720  카카오       39,750    0.0    +0.0%    0.0x     중간  0.34  0pt/0 [일봉]
030200  KT        55,000    0.0    +0.0%    0.0x     중간  0.77  0pt/0 [일봉]
003490  대한항공      24,950    0.0    +0.0%    0.0x     중간  0.33  0pt/0 [일봉]
004020  현대제철      33,550   28.6    +0.6%    0.4x     하단  1.96  2pt/0 [5분]

══════════════════════════════════════════════════
⏰ 오후 재개 — 보유 종목 있음 → 신규 매수 중단
→ 전종목 HOLD
✅ Discord 전송 완료

[14:02] HOLD | KODEX RSI59/+8.0%⬆️ | 보유:HMM(011200) +0.2% | 최고신호 한국전력(015760) 2pt/3pt [거래량1.0x / 호가1.6]
💰 예수금 59,003원 | KODEX200 RSI59/+8.3% 상승추세⬆️  | 매수기준 점수3pt↑
📦 보유 HMM(011200) 2주 +0.1%

코드      종목명           가격    RSI     변화율    거래량     BB   호가비  B/S
────────────────────────────────────────────────────────────────────────
[2단계 분석 대상: 011200, 096770, 017670, 015760, 247540, 004020]
403870  HPSP      58,000    0.0    +0.0%    0.0x     중간  0.19  0pt/0 [일봉]
011200  HMM       19,190   38.7    +2.8%    0.6x     상단  0.29  1pt/0 [5분]
015760  한국전력      36,050   54.2    +0.1%    1.0x     하단  1.90  3pt/0 [5분]
035720  카카오       39,800    0.0    +0.0%    0.0x     중간  0.32  0pt/0 [일봉]
030200  KT        55,000    0.0    +0.0%    0.0x     중간  0.76  0pt/0 [일봉]
003490  대한항공      24,950    0.0    +0.0%    0.0x     중간  0.48  0pt/0 [일봉]
004020  현대제철      33,600   33.3    +0.6%    0.4x     하단  1.52  2pt/0 [5분]

══════════════════════════════════════════════════
⏰ 오후 재개 — 보유 종목 있음 → 신규 매수 중단
→ 전종목 HOLD
✅ Discord 전송 완료

[14:04] HOLD | KODEX RSI59/+8.3%⬆️ | 보유:HMM(011200) +0.1% | 최고신호 한국전력(015760) 3pt/3pt [거래량1.0x / 호가1.9 / RSI54]
💰 예수금 59,003원 | KODEX200 RSI59/+8.4% 상승추세⬆️  | 매수기준 점수3pt↑
📦 보유 HMM(011200) 2주 +0.0%

코드      종목명           가격    RSI     변화율    거래량     BB   호가비  B/S
────────────────────────────────────────────────────────────────────────
[2단계 분석 대상: 011200, 017670, 096770, 004020, 015760, 000150]
403870  HPSP      58,000    0.0    +0.0%    0.0x     중간  0.19  0pt/0 [일봉]
011200  HMM       19,190   38.7    +2.9%    0.6x     상단  0.35  1pt/0 [5분]
015760  한국전력      36,050   54.2    +0.0%    1.0x     하단  1.86  3pt/0 [5분]
035720  카카오       39,800    0.0    +0.0%    0.0x     중간  0.31  0pt/0 [일봉]
030200  KT        55,000    0.0    +0.0%    0.0x     중간  0.79  0pt/0 [일봉]
003490  대한항공      24,950    0.0    +0.0%    0.0x     중간  0.46  0pt/0 [일봉]
004020  현대제철      33,700   33.3    +1.4%    0.4x     중간  2.19  3pt/0 [5분]

══════════════════════════════════════════════════
⏰ 오후 재개 — 보유 종목 있음 → 신규 매수 중단
→ 전종목 HOLD
✅ Discord 전송 완료

[14:06] HOLD | KODEX RSI59/+8.4%⬆️ | 보유:HMM(011200) +0.0% | 최고신호 한국전력(015760) 3pt/3pt [거래량1.0x / 호가1.9 / RSI54]
💰 예수금 59,003원 | KODEX200 RSI59/+8.2% 상승추세⬆️  | 매수기준 점수3pt↑
📦 보유 HMM(011200) 2주 +0.1%

코드      종목명           가격    RSI     변화율    거래량     BB   호가비  B/S
────────────────────────────────────────────────────────────────────────
[2단계 분석 대상: 011200, 004020, 096770, 329180, 015760, 105560]
403870  HPSP      58,000    0.0    +0.0%    0.0x     중간  0.20  0pt/0 [일봉]
011200  HMM       19,200   38.7    +3.0%    0.6x     상단  0.45  1pt/0 [5분]
015760  한국전력      36,050   54.2    +0.0%    1.0x     하단  1.91  3pt/0 [5분]
035720  카카오       39,800    0.0    +0.0%    0.0x     중간  0.34  0pt/0 [일봉]
030200  KT        54,900    0.0    +0.0%    0.0x     중간  0.90  0pt/0 [일봉]
003490  대한항공      24,950    0.0    +0.0%    0.0x     중간  0.47  0pt/0 [일봉]
004020  현대제철      33,650   33.3    +0.9%    0.4x     중간  2.25  3pt/0 [5분]

══════════════════════════════════════════════════
⏰ 오후 재개 — 보유 종목 있음 → 신규 매수 중단
→ 전종목 HOLD
✅ Discord 전송 완료

[14:08] HOLD | KODEX RSI59/+8.2%⬆️ | 보유:HMM(011200) +0.1% | 최고신호 한국전력(015760) 3pt/3pt [거래량1.0x / 호가1.9 / RSI54]
💰 예수금 59,003원 | KODEX200 RSI58/+7.6% 상승추세⬆️  | 매수기준 점수3pt↑
📦 보유 HMM(011200) 2주 +0.1%

코드      종목명           가격    RSI     변화율    거래량     BB   호가비  B/S
────────────────────────────────────────────────────────────────────────
[2단계 분석 대상: 011200, 017670, 329180, 086520, 004020, 064350]
403870  HPSP      57,800    0.0    +0.0%    0.0x     중간  0.33  0pt/0 [일봉]
011200  HMM       19,190   35.3    +2.8%    0.6x     상단  0.32  1pt/0 [5분]
015760  한국전력      36,000    0.0    +0.0%    0.0x     중간  1.73  1pt/0 [일봉]
035720  카카오       39,650    0.0    +0.0%    0.0x     중간  0.40  0pt/0 [일봉]
030200  KT        54,900    0.0    +0.0%    0.0x     중간  0.88  0pt/0 [일봉]
003490  대한항공      24,850    0.0    +0.0%    0.0x     중간  0.73  0pt/0 [일봉]
004020  현대제철      33,600   27.3    +0.8%    0.4x     하단  1.81  2pt/0 [5분]

══════════════════════════════════════════════════
⏰ 오후 재개 — 보유 종목 있음 → 신규 매수 중단
→ 전종목 HOLD
✅ Discord 전송 완료

[14:10] HOLD | KODEX RSI58/+7.6%⬆️ | 보유:HMM(011200) +0.1% | 최고신호 현대제철(004020) 2pt/3pt [상승+0.8% / 호가1.8]
💰 예수금 59,003원 | KODEX200 RSI58/+7.8% 상승추세⬆️  | 매수기준 점수3pt↑
📦 보유 HMM(011200) 2주 +0.0%

코드      종목명           가격    RSI     변화율    거래량     BB   호가비  B/S
────────────────────────────────────────────────────────────────────────
[2단계 분석 대상: 011200, 086520, 064350, 086790, 329180, 247540]
403870  HPSP      58,000    0.0    +0.0%    0.0x     중간  0.19  0pt/0 [일봉]
011200  HMM       19,180   35.3    +2.9%    0.6x     상단  0.30  1pt/0 [5분]
015760  한국전력      36,000    0.0    +0.0%    0.0x     중간  1.82  1pt/0 [일봉]
035720  카카오       39,750    0.0    +0.0%    0.0x     중간  0.35  0pt/0 [일봉]
030200  KT        54,900    0.0    +0.0%    0.0x     중간  0.87  0pt/0 [일봉]
003490  대한항공      24,850    0.0    +0.0%    0.0x     중간  0.75  0pt/0 [일봉]
004020  현대제철      33,600    0.0    +0.0%    0.0x     중간  1.71  1pt/0 [일봉]

══════════════════════════════════════════════════
⏰ 오후 재개 — 보유 종목 있음 → 신규 매수 중단
→ 전종목 HOLD
✅ Discord 전송 완료

[14:12] HOLD | KODEX RSI58/+7.8%⬆️ | 보유:HMM(011200) +0.0% | 최고신호 HMM(011200) 1pt/3pt [상승+2.9%]
💰 예수금 59,003원 | KODEX200 RSI59/+8.0% 상승추세⬆️  | 매수기준 점수3pt↑
📦 보유 HMM(011200) 2주 +0.1%

코드      종목명           가격    RSI     변화율    거래량     BB   호가비  B/S
────────────────────────────────────────────────────────────────────────
[2단계 분석 대상: 011200, 086520, 247540, 329180, 015760, 096770]
403870  HPSP      58,000    0.0    +0.0%    0.0x     중간  0.22  0pt/0 [일봉]
011200  HMM       19,200   31.2    +3.0%    0.6x     상단  0.29  1pt/0 [5분]
015760  한국전력      36,050   56.5    +0.0%    1.0x     하단  1.73  3pt/0 [5분]
035720  카카오       39,850    0.0    +0.0%    0.0x     중간  0.26  0pt/0 [일봉]
030200  KT        54,900    0.0    +0.0%    0.0x     중간  0.83  0pt/0 [일봉]
003490  대한항공      24,900    0.0    +0.0%    0.0x     중간  0.49  0pt/0 [일봉]
004020  현대제철      33,650    0.0    +0.0%    0.0x     중간  1.65  1pt/0 [일봉]

══════════════════════════════════════════════════
⏰ 오후 재개 — 보유 종목 있음 → 신규 매수 중단
→ 전종목 HOLD
✅ Discord 전송 완료

[14:14] HOLD | KODEX RSI59/+8.0%⬆️ | 보유:HMM(011200) +0.1% | 최고신호 한국전력(015760) 3pt/3pt [거래량1.0x / 호가1.7 / RSI56]
💰 예수금 59,003원 | KODEX200 RSI59/+8.0% 상승추세⬆️  | 매수기준 점수3pt↑
📦 보유 HMM(011200) 2주 +0.2%

코드      종목명           가격    RSI     변화율    거래량     BB   호가비  B/S
────────────────────────────────────────────────────────────────────────
[2단계 분석 대상: 011200, 329180, 004020, 247540, 015760, 064350]
403870  HPSP      57,900    0.0    +0.0%    0.0x     중간  0.32  0pt/0 [일봉]
011200  HMM       19,210   31.2    +3.0%    0.6x     상단  0.20  1pt/0 [5분]
015760  한국전력      36,050   56.5    +0.0%    1.0x     하단  1.59  3pt/0 [5분]
035720  카카오       39,900    0.0    +0.0%    0.0x     중간  0.26  0pt/0 [일봉]
030200  KT        54,900    0.0    +0.0%    0.0x     중간  0.85  0pt/0 [일봉]
003490  대한항공      24,900    0.0    +0.0%    0.0x     중간  0.54  0pt/0 [일봉]
004020  현대제철      33,600   42.9    +1.1%    0.4x     중간  2.03  3pt/0 [5분]

══════════════════════════════════════════════════
⏰ 오후 재개 — 보유 종목 있음 → 신규 매수 중단
→ 전종목 HOLD
✅ Discord 전송 완료

[14:16] HOLD | KODEX RSI59/+8.0%⬆️ | 보유:HMM(011200) +0.2% | 최고신호 한국전력(015760) 3pt/3pt [거래량1.0x / 호가1.6 / RSI56]
💰 예수금 59,003원 | KODEX200 RSI59/+8.0% 상승추세⬆️  | 매수기준 점수3pt↑
📦 보유 HMM(011200) 2주 +0.2%

코드      종목명           가격    RSI     변화율    거래량     BB   호가비  B/S
────────────────────────────────────────────────────────────────────────
[2단계 분석 대상: 011200, 017670, 329180, 000880, 105560, 004020]
403870  HPSP      57,800    0.0    +0.0%    0.0x     중간  0.35  0pt/0 [일봉]
011200  HMM       19,200   31.2    +2.8%    0.6x     상단  0.33  1pt/0 [5분]
015760  한국전력      35,950    0.0    +0.0%    0.0x     중간  1.53  1pt/0 [일봉]
035720  카카오       39,850    0.0    +0.0%    0.0x     중간  0.29  0pt/0 [일봉]
030200  KT        54,800    0.0    +0.0%    0.0x     중간  0.96  0pt/0 [일봉]
003490  대한항공      24,900    0.0    +0.0%    0.0x     중간  0.52  0pt/0 [일봉]
004020  현대제철      33,600   42.9    +0.8%    0.4x     하단  1.82  2pt/0 [5분]

══════════════════════════════════════════════════
⏰ 오후 재개 — 보유 종목 있음 → 신규 매수 중단
→ 전종목 HOLD
✅ Discord 전송 완료

[14:18] HOLD | KODEX RSI59/+8.0%⬆️ | 보유:HMM(011200) +0.2% | 최고신호 현대제철(004020) 2pt/3pt [상승+0.8% / 호가1.8]
💰 예수금 59,003원 | KODEX200 RSI59/+8.0% 상승추세⬆️  | 매수기준 점수3pt↑
📦 보유 HMM(011200) 2주 +0.2%

코드      종목명           가격    RSI     변화율    거래량     BB   호가비  B/S
────────────────────────────────────────────────────────────────────────
[2단계 분석 대상: 011200, 329180, 064350, 105560, 017670, 015760]
403870  HPSP      57,800    0.0    +0.0%    0.0x     중간  0.33  0pt/0 [일봉]
011200  HMM       19,200   31.2    +3.0%    0.6x     상단  0.33  1pt/0 [5분]
015760  한국전력      35,950   61.9    -0.1%    1.1x     하단  1.99  3pt/0 [5분]
035720  카카오       39,800    0.0    +0.0%    0.0x     중간  0.38  0pt/0 [일봉]
030200  KT        54,800    0.0    +0.0%    0.0x     중간  0.94  0pt/0 [일봉]
003490  대한항공      24,900    0.0    +0.0%    0.0x     중간  0.46  0pt/0 [일봉]
004020  현대제철      33,600    0.0    +0.0%    0.0x     중간  1.75  1pt/0 [일봉]

══════════════════════════════════════════════════
⏰ 오후 재개 — 보유 종목 있음 → 신규 매수 중단
→ 전종목 HOLD
✅ Discord 전송 완료

[14:20] HOLD | KODEX RSI59/+8.0%⬆️ | 보유:HMM(011200) +0.2% | 최고신호 한국전력(015760) 3pt/3pt [거래량1.1x / 호가2.0 / RSI62]
💰 예수금 59,003원 | KODEX200 RSI59/+7.9% 상승추세⬆️  | 매수기준 점수3pt↑
📦 보유 HMM(011200) 2주 +0.0%

코드      종목명           가격    RSI     변화율    거래량     BB   호가비  B/S
────────────────────────────────────────────────────────────────────────
[2단계 분석 대상: 011200, 000720, 086520, 096770, 105560, 329180]
403870  HPSP      57,700    0.0    +0.0%    0.0x     중간  0.31  0pt/0 [일봉]
011200  HMM       19,150   31.2    +2.5%    0.6x     상단  0.71  1pt/0 [5분]
015760  한국전력      35,950    0.0    +0.0%    0.0x     중간  1.91  1pt/0 [일봉]
035720  카카오       39,750    0.0    +0.0%    0.0x     중간  0.42  0pt/0 [일봉]
030200  KT        54,800    0.0    +0.0%    0.0x     중간  0.86  0pt/0 [일봉]
003490  대한항공      24,850    0.0    +0.0%    0.0x     중간  0.78  0pt/0 [일봉]
004020  현대제철      33,500    0.0    +0.0%    0.0x     중간  1.97  1pt/0 [일봉]

══════════════════════════════════════════════════
⏰ 오후 재개 — 보유 종목 있음 → 신규 매수 중단
→ 전종목 HOLD
✅ Discord 전송 완료

[14:22] HOLD | KODEX RSI59/+7.9%⬆️ | 보유:HMM(011200) +0.0% | 최고신호 HMM(011200) 1pt/3pt [상승+2.5%]
💰 예수금 59,003원 | KODEX200 RSI58/+7.8% 상승추세⬆️  | 매수기준 점수3pt↑
📦 보유 HMM(011200) 2주 -0.3%

코드      종목명           가격    RSI     변화율    거래량     BB   호가비  B/S
────────────────────────────────────────────────────────────────────────
[2단계 분석 대상: 011200, 064350, 000150, 096770, 329180, 004020]
403870  HPSP      57,500    0.0    +0.0%    0.0x     중간  0.32  0pt/0 [일봉]
011200  HMM       19,110   30.3    +2.5%    0.6x     상단  0.41  1pt/0 [5분]
015760  한국전력      35,900    0.0    +0.0%    0.0x     중간  1.95  1pt/0 [일봉]
035720  카카오       39,700    0.0    +0.0%    0.0x     중간  0.54  0pt/0 [일봉]
030200  KT        54,800    0.0    +0.0%    0.0x     중간  0.85  0pt/0 [일봉]
003490  대한항공      24,800    0.0    +0.0%    0.0x     중간  0.87  0pt/0 [일봉]
004020  현대제철      33,450   46.2    +0.3%    0.4x     하단  2.17  3pt/0 [5분]

══════════════════════════════════════════════════
⏰ 오후 재개 — 보유 종목 있음 → 신규 매수 중단
→ 전종목 HOLD
✅ Discord 전송 완료

[14:24] HOLD | KODEX RSI58/+7.8%⬆️ | 보유:HMM(011200) -0.3% | 최고신호 현대제철(004020) 3pt/3pt [호가2.2★ / RSI46]
💰 예수금 59,003원 | KODEX200 RSI59/+7.9% 상승추세⬆️  | 매수기준 점수3pt↑
📦 보유 HMM(011200) 2주 -0.3%

코드      종목명           가격    RSI     변화율    거래량     BB   호가비  B/S
────────────────────────────────────────────────────────────────────────
[2단계 분석 대상: 011200, 064350, 086520, 329180, 096770, 004020]
403870  HPSP      57,700    0.0    +0.0%    0.0x     중간  0.26  0pt/0 [일봉]
011200  HMM       19,100   30.3    +2.4%    0.6x     상단  0.65  1pt/0 [5분]
015760  한국전력      35,900    0.0    +0.0%    0.0x     중간  1.93  1pt/0 [일봉]
035720  카카오       39,750    0.0    +0.0%    0.0x     중간  0.42  0pt/0 [일봉]
030200  KT        54,800    0.0    +0.0%    0.0x     중간  0.91  0pt/0 [일봉]
003490  대한항공      24,800    0.0    +0.0%    0.0x     중간  0.92  0pt/0 [일봉]
004020  현대제철      33,500   46.2    +0.5%    0.4x     하단  2.22  3pt/0 [5분]

══════════════════════════════════════════════════
⏰ 오후 재개 — 보유 종목 있음 → 신규 매수 중단
→ 전종목 HOLD
✅ Discord 전송 완료

[14:26] HOLD | KODEX RSI59/+7.9%⬆️ | 보유:HMM(011200) -0.3% | 최고신호 현대제철(004020) 3pt/3pt [호가2.2★ / RSI46]
💰 예수금 59,003원 | KODEX200 RSI59/+7.9% 상승추세⬆️  | 매수기준 점수3pt↑
📦 보유 HMM(011200) 2주 -0.3%

코드      종목명           가격    RSI     변화율    거래량     BB   호가비  B/S
────────────────────────────────────────────────────────────────────────
[2단계 분석 대상: 011200, 000150, 329180, 096770, 064350, 000720]
403870  HPSP      57,700    0.0    +0.0%    0.0x     중간  0.30  0pt/0 [일봉]
011200  HMM       19,120   30.3    +2.4%    0.6x     상단  0.36  1pt/0 [5분]
015760  한국전력      35,850    0.0    +0.0%    0.0x     중간  1.63  1pt/0 [일봉]
035720  카카오       39,650    0.0    +0.0%    0.0x     중간  0.48  0pt/0 [일봉]
030200  KT        54,700    0.0    +0.0%    0.0x     중간  0.76  0pt/0 [일봉]
003490  대한항공      24,800    0.0    +0.0%    0.0x     중간  0.96  0pt/0 [일봉]
004020  현대제철      33,500    0.0    +0.0%    0.0x     중간  2.25  2pt/0 [일봉]

══════════════════════════════════════════════════
⏰ 오후 재개 — 보유 종목 있음 → 신규 매수 중단
→ 전종목 HOLD
✅ Discord 전송 완료

[14:28] HOLD | KODEX RSI59/+7.9%⬆️ | 보유:HMM(011200) -0.3% | 최고신호 현대제철(004020) 2pt/3pt [호가2.2★]
💰 예수금 59,003원 | KODEX200 RSI58/+7.6% 상승추세⬆️  | 매수기준 점수3pt↑
📦 보유 HMM(011200) 2주 -0.3%

코드      종목명           가격    RSI     변화율    거래량     BB   호가비  B/S
────────────────────────────────────────────────────────────────────────
[2단계 분석 대상: 011200, 000150, 096770, 064350, 272210, 329180]
403870  HPSP      57,500    0.0    +0.0%    0.0x     중간  0.31  0pt/0 [일봉]
011200  HMM       19,110   43.6    +2.5%    0.6x     상단  0.36  1pt/0 [5분]
015760  한국전력      35,800    0.0    +0.0%    0.0x     중간  1.51  1pt/0 [일봉]
035720  카카오       39,450    0.0    +0.0%    0.0x     중간  1.89  1pt/0 [일봉]
030200  KT        54,600    0.0    +0.0%    0.0x     중간  0.81  0pt/0 [일봉]
003490  대한항공      24,750    0.0    +0.0%    0.0x     중간  1.11  0pt/0 [일봉]
004020  현대제철      33,400    0.0    +0.0%    0.0x     중간  2.07  2pt/0 [일봉]

══════════════════════════════════════════════════
⏰ 매수 세션 종료 (14:30↑) — 신규 매수 중단
→ 전종목 HOLD
✅ Discord 전송 완료

[14:30] HOLD | KODEX RSI58/+7.6%⬆️ | 보유:HMM(011200) -0.3% | 최고신호 현대제철(004020) 2pt/3pt [호가2.1★]
💰 예수금 59,003원 | KODEX200 RSI59/+8.3% 상승추세⬆️  | 매수기준 점수3pt↑
📦 보유 HMM(011200) 2주 -0.2%

코드      종목명           가격    RSI     변화율    거래량     BB   호가비  B/S
────────────────────────────────────────────────────────────────────────
[2단계 분석 대상: 011200, 329180, 247540, 096770, 015760, 064350]
403870  HPSP      57,800    0.0    +0.0%    0.0x     중간  0.14  0pt/0 [일봉]
011200  HMM       19,110   43.6    +2.4%    0.6x     상단  0.39  1pt/0 [5분]
015760  한국전력      35,900   59.1    -0.4%    1.1x     하단  3.63  4pt/0 [5분]
035720  카카오       39,500    0.0    +0.0%    0.0x     중간  1.75  1pt/0 [일봉]
030200  KT        54,700    0.0    +0.0%    0.0x     중간  0.78  0pt/0 [일봉]
003490  대한항공      24,800    0.0    +0.0%    0.0x     중간  0.84  0pt/0 [일봉]
004020  현대제철      33,400    0.0    +0.0%    0.0x     중간  2.16  2pt/0 [일봉]

══════════════════════════════════════════════════
⏰ 매수 세션 종료 (14:30↑) — 신규 매수 중단
→ 전종목 HOLD
✅ Discord 전송 완료

[14:32] HOLD | KODEX RSI59/+8.3%⬆️ | 보유:HMM(011200) -0.2% | 최고신호 한국전력(015760) 4pt/3pt [거래량1.1x / 호가3.6★ / RSI59]
💰 예수금 59,003원 | KODEX200 RSI59/+8.7% 상승추세⬆️  | 매수기준 점수3pt↑
📦 보유 HMM(011200) 2주 -0.2%

코드      종목명           가격    RSI     변화율    거래량     BB   호가비  B/S
────────────────────────────────────────────────────────────────────────
[2단계 분석 대상: 011200, 064350, 096770, 329180, 015760, 004020]
403870  HPSP      57,700    0.0    +0.0%    0.0x     중간  0.14  0pt/0 [일봉]
011200  HMM       19,120   35.4    +2.5%    0.6x     상단  0.42  2pt/0 [5분]
015760  한국전력      35,900   54.2    -0.4%    1.1x     하단  2.78  4pt/0 [5분]
035720  카카오       39,550    0.0    +0.0%    0.0x     중간  0.62  0pt/0 [일봉]
030200  KT        54,600    0.0    +0.0%    0.0x     중간  0.84  0pt/0 [일봉]
003490  대한항공      24,800    0.0    +0.0%    0.0x     중간  0.95  0pt/0 [일봉]
004020  현대제철      33,400   50.0    +0.1%    0.4x     하단  2.09  3pt/0 [5분]

══════════════════════════════════════════════════
⏰ 매수 세션 종료 (14:30↑) — 신규 매수 중단
→ 전종목 HOLD
✅ Discord 전송 완료

[14:34] HOLD | KODEX RSI59/+8.7%⬆️ | 보유:HMM(011200) -0.2% | 최고신호 한국전력(015760) 4pt/3pt [거래량1.1x / 호가2.8★ / RSI54]
💰 예수금 59,003원 | KODEX200 RSI59/+8.7% 상승추세⬆️  | 매수기준 점수3pt↑
📦 보유 HMM(011200) 2주 -0.3%

코드      종목명           가격    RSI     변화율    거래량     BB   호가비  B/S
────────────────────────────────────────────────────────────────────────
[2단계 분석 대상: 011200, 096770, 272210, 105560, 015760, 017670]
403870  HPSP      57,600    0.0    +0.0%    0.0x     중간  0.24  0pt/0 [일봉]
011200  HMM       19,120   35.4    +2.4%    0.6x     상단  0.30  2pt/0 [5분]
015760  한국전력      35,900   54.2    -0.4%    1.1x     하단  2.60  4pt/0 [5분]
035720  카카오       39,500    0.0    +0.0%    0.0x     중간  1.84  1pt/0 [일봉]
030200  KT        54,600    0.0    +0.0%    0.0x     중간  0.82  0pt/0 [일봉]
003490  대한항공      24,800    0.0    +0.0%    0.0x     중간  0.98  0pt/0 [일봉]
004020  현대제철      33,400    0.0    +0.0%    0.0x     중간  1.87  1pt/0 [일봉]

══════════════════════════════════════════════════
⏰ 매수 세션 종료 (14:30↑) — 신규 매수 중단
→ 전종목 HOLD
✅ Discord 전송 완료

[14:36] HOLD | KODEX RSI59/+8.7%⬆️ | 보유:HMM(011200) -0.3% | 최고신호 한국전력(015760) 4pt/3pt [거래량1.1x / 호가2.6★ / RSI54]
💰 예수금 59,003원 | KODEX200 RSI59/+8.8% 상승추세⬆️  | 매수기준 점수3pt↑
📦 보유 HMM(011200) 2주 -0.3%

코드      종목명           가격    RSI     변화율    거래량     BB   호가비  B/S
────────────────────────────────────────────────────────────────────────
[2단계 분석 대상: 011200, 329180, 247540, 105560, 096770, 015760]
403870  HPSP      57,700    0.0    +0.0%    0.0x     중간  0.15  0pt/0 [일봉]
011200  HMM       19,090   35.4    +2.2%    0.6x     상단  1.31  3pt/0 [5분]
015760  한국전력      35,900   54.2    -0.4%    1.1x     하단  2.11  4pt/0 [5분]
035720  카카오       39,550    0.0    +0.0%    0.0x     중간  0.73  0pt/0 [일봉]
030200  KT        54,800    0.0    +0.0%    0.0x     중간  0.68  0pt/0 [일봉]
003490  대한항공      24,800    0.0    +0.0%    0.0x     중간  0.98  0pt/0 [일봉]
004020  현대제철      33,350    0.0    +0.0%    0.0x     중간  1.91  1pt/0 [일봉]

══════════════════════════════════════════════════
⏰ 매수 세션 종료 (14:30↑) — 신규 매수 중단
→ 전종목 HOLD
✅ Discord 전송 완료

[14:38] HOLD | KODEX RSI59/+8.8%⬆️ | 보유:HMM(011200) -0.3% | 최고신호 한국전력(015760) 4pt/3pt [거래량1.1x / 호가2.1★ / RSI54]
💰 예수금 59,003원 | KODEX200 RSI59/+8.8% 상승추세⬆️  | 매수기준 점수3pt↑
📦 보유 HMM(011200) 2주 -0.3%

코드      종목명           가격    RSI     변화율    거래량     BB   호가비  B/S
────────────────────────────────────────────────────────────────────────
[2단계 분석 대상: 011200, 247540, 329180, 004020, 105560, 015760]
403870  HPSP      57,700    0.0    +0.0%    0.0x     중간  0.17  0pt/0 [일봉]
011200  HMM       19,100   39.2    +2.5%    0.6x     상단  0.68  1pt/0 [5분]
015760  한국전력      35,900   56.0    -0.4%    1.1x     하단  2.07  4pt/0 [5분]
035720  카카오       39,500    0.0    +0.0%    0.0x     중간  1.68  1pt/0 [일봉]
030200  KT        54,800    0.0    +0.0%    0.0x     중간  0.76  0pt/0 [일봉]
003490  대한항공      24,800    0.0    +0.0%    0.0x     중간  0.92  0pt/0 [일봉]
004020  현대제철      33,350   58.8    +0.0%    0.4x     하단  2.36  3pt/0 [5분]

══════════════════════════════════════════════════
⏰ 매수 세션 종료 (14:30↑) — 신규 매수 중단
→ 전종목 HOLD
✅ Discord 전송 완료

[14:40] HOLD | KODEX RSI59/+8.8%⬆️ | 보유:HMM(011200) -0.3% | 최고신호 한국전력(015760) 4pt/3pt [거래량1.1x / 호가2.1★ / RSI56]
💰 예수금 59,003원 | KODEX200 RSI59/+8.5% 상승추세⬆️  | 매수기준 점수3pt↑
📦 보유 HMM(011200) 2주 -0.2%

코드      종목명           가격    RSI     변화율    거래량     BB   호가비  B/S
────────────────────────────────────────────────────────────────────────
[2단계 분석 대상: 011200, 329180, 000270, 004020, 272210, 086520]
403870  HPSP      57,600    0.0    +0.0%    0.0x     중간  0.24  0pt/0 [일봉]
011200  HMM       19,130   39.2    +2.4%    0.7x     상단  0.31  1pt/0 [5분]
015760  한국전력      35,850    0.0    +0.0%    0.0x     중간  1.97  1pt/0 [일봉]
035720  카카오       39,500    0.0    +0.0%    0.0x     중간  1.79  1pt/0 [일봉]
030200  KT        54,900    0.0    +0.0%    0.0x     중간  0.64  0pt/0 [일봉]
003490  대한항공      24,800    0.0    +0.0%    0.0x     중간  1.00  0pt/0 [일봉]
004020  현대제철      33,350   58.8    +0.1%    0.4x     하단  2.24  3pt/0 [5분]

══════════════════════════════════════════════════
⏰ 매수 세션 종료 (14:30↑) — 신규 매수 중단
→ 전종목 HOLD
✅ Discord 전송 완료

[14:42] HOLD | KODEX RSI59/+8.5%⬆️ | 보유:HMM(011200) -0.2% | 최고신호 현대제철(004020) 3pt/3pt [호가2.2★ / RSI59]
💰 예수금 59,003원 | KODEX200 RSI59/+8.6% 상승추세⬆️  | 매수기준 점수3pt↑
📦 보유 HMM(011200) 2주 -0.3%

코드      종목명           가격    RSI     변화율    거래량     BB   호가비  B/S
────────────────────────────────────────────────────────────────────────
[2단계 분석 대상: 011200, 032830, 247540, 272210, 015760, 096770]
403870  HPSP      57,700    0.0    +0.0%    0.0x     중간  0.17  0pt/0 [일봉]
011200  HMM       19,100   43.1    +2.4%    0.7x     상단  0.76  1pt/0 [5분]
015760  한국전력      35,850   59.3    -0.4%    1.1x     하단  2.39  4pt/0 [5분]
035720  카카오       39,450    0.0    +0.0%    0.0x     중간  2.00  2pt/0 [일봉]
030200  KT        54,900    0.0    +0.0%    0.0x     중간  0.62  0pt/0 [일봉]
003490  대한항공      24,800    0.0    +0.0%    0.0x     중간  0.94  0pt/0 [일봉]
004020  현대제철      33,400    0.0    +0.0%    0.0x     중간  0.73  0pt/0 [일봉]

══════════════════════════════════════════════════
⏰ 매수 세션 종료 (14:30↑) — 신규 매수 중단
→ 전종목 HOLD
✅ Discord 전송 완료

[14:44] HOLD | KODEX RSI59/+8.6%⬆️ | 보유:HMM(011200) -0.3% | 최고신호 한국전력(015760) 4pt/3pt [거래량1.1x / 호가2.4★ / RSI59]
💰 예수금 59,003원 | KODEX200 RSI59/+8.7% 상승추세⬆️  | 매수기준 점수3pt↑
📦 보유 HMM(011200) 2주 -0.4%

코드      종목명           가격    RSI     변화율    거래량     BB   호가비  B/S
────────────────────────────────────────────────────────────────────────
[2단계 분석 대상: 011200, 247540, 015760, 272210, 086520, 096770]
403870  HPSP      57,300    0.0    +0.0%    0.0x     중간  0.40  0pt/0 [일봉]
011200  HMM       19,090   43.1    +2.3%    0.7x     상단  1.39  2pt/0 [5분]
015760  한국전력      35,900   59.3    -0.4%    1.1x     하단  2.46  4pt/0 [5분]
035720  카카오       39,500    0.0    +0.0%    0.0x     중간  1.52  1pt/0 [일봉]
030200  KT        54,900    0.0    +0.0%    0.0x     중간  0.68  0pt/0 [일봉]
003490  대한항공      24,750    0.0    +0.0%    0.0x     중간  1.26  0pt/0 [일봉]
004020  현대제철      33,300    0.0    +0.0%    0.0x     중간  0.88  0pt/0 [일봉]

══════════════════════════════════════════════════
⏰ 매수 세션 종료 (14:30↑) — 신규 매수 중단
→ 전종목 HOLD
✅ Discord 전송 완료

[14:46] HOLD | KODEX RSI59/+8.7%⬆️ | 보유:HMM(011200) -0.4% | 최고신호 한국전력(015760) 4pt/3pt [거래량1.1x / 호가2.5★ / RSI59]
💰 예수금 59,003원 | KODEX200 RSI59/+8.9% 상승추세⬆️  | 매수기준 점수3pt↑
📦 보유 HMM(011200) 2주 -0.5%

코드      종목명           가격    RSI     변화율    거래량     BB   호가비  B/S
────────────────────────────────────────────────────────────────────────
[2단계 분석 대상: 011200, 272210, 035720, 015760, 086520, 247540]
403870  HPSP      57,400    0.0    +0.0%    0.0x     중간  0.31  0pt/0 [일봉]
011200  HMM       19,080   43.1    +2.3%    0.7x     상단  1.40  2pt/0 [5분]
015760  한국전력      35,900   59.3    -0.4%    1.1x     하단  2.16  4pt/0 [5분]
035720  카카오       39,450   69.4    +2.2%    0.6x     중간  2.32  4pt/0 [5분]
030200  KT        54,900    0.0    +0.0%    0.0x     중간  0.69  0pt/0 [일봉]
003490  대한항공      24,800    0.0    +0.0%    0.0x     중간  1.24  0pt/0 [일봉]
004020  현대제철      33,250    0.0    +0.0%    0.0x     중간  1.25  0pt/0 [일봉]

══════════════════════════════════════════════════
⏰ 매수 세션 종료 (14:30↑) — 신규 매수 중단
→ 전종목 HOLD
✅ Discord 전송 완료

[14:48] HOLD | KODEX RSI59/+8.9%⬆️ | 보유:HMM(011200) -0.5% | 최고신호 한국전력(015760) 4pt/3pt [거래량1.1x / 호가2.2★ / RSI59]
💰 예수금 59,003원 | KODEX200 RSI59/+9.0% 상승추세⬆️  | 매수기준 점수3pt↑
📦 보유 HMM(011200) 2주 -0.4%

코드      종목명           가격    RSI     변화율    거래량     BB   호가비  B/S
────────────────────────────────────────────────────────────────────────
[2단계 분석 대상: 011200, 000150, 004020, 272210, 064350, 015760]
403870  HPSP      57,300    0.0    +0.0%    0.0x     중간  0.35  0pt/0 [일봉]
011200  HMM       19,100   47.4    +2.4%    0.7x     상단  1.26  2pt/0 [5분]
015760  한국전력      35,900   59.3    -0.4%    1.1x     하단  2.18  4pt/0 [5분]
035720  카카오       39,500    0.0    +0.0%    0.0x     중간  1.51  1pt/0 [일봉]
030200  KT        55,000    0.0    +0.0%    0.0x     중간  0.51  0pt/0 [일봉]
003490  대한항공      24,850    0.0    +0.0%    0.0x     중간  0.97  0pt/0 [일봉]
004020  현대제철      33,400   66.7    +0.1%    0.5x     중간  2.70  2pt/0 [5분]

══════════════════════════════════════════════════
⏰ 매수 세션 종료 (14:30↑) — 신규 매수 중단
→ 전종목 HOLD
✅ Discord 전송 완료

[14:50] HOLD | KODEX RSI59/+9.0%⬆️ | 보유:HMM(011200) -0.4% | 최고신호 한국전력(015760) 4pt/3pt [거래량1.1x / 호가2.2★ / RSI59]
💰 예수금 59,003원 | KODEX200 RSI59/+8.7% 상승추세⬆️  | 매수기준 점수3pt↑
📦 보유 HMM(011200) 2주 -0.5%

코드      종목명           가격    RSI     변화율    거래량     BB   호가비  B/S
────────────────────────────────────────────────────────────────────────
[2단계 분석 대상: 011200, 000150, 064350, 004020, 272210, 017670]
403870  HPSP      56,900    0.0    +0.0%    0.0x     중간  0.99  0pt/0 [일봉]
011200  HMM       19,070   47.4    +2.1%    0.7x     상단  1.32  3pt/0 [5분]
015760  한국전력      36,000    0.0    +0.0%    0.0x     중간  2.61  2pt/0 [일봉]
035720  카카오       39,450    0.0    +0.0%    0.0x     중간  2.13  2pt/0 [일봉]
030200  KT        54,900    0.0    +0.0%    0.0x     중간  0.69  0pt/0 [일봉]
003490  대한항공      24,850    0.0    +0.0%    0.0x     중간  0.94  0pt/0 [일봉]
004020  현대제철      33,350   66.7    +0.0%    0.5x     하단  3.21  2pt/0 [5분]

══════════════════════════════════════════════════
⏰ 매수 세션 종료 (14:30↑) — 신규 매수 중단
→ 전종목 HOLD
✅ Discord 전송 완료

[14:52] HOLD | KODEX RSI59/+8.7%⬆️ | 보유:HMM(011200) -0.5% | 최고신호 HMM(011200) 3pt/3pt [상승+2.1% / 호가1.3 / RSI47]
💰 예수금 59,003원 | KODEX200 RSI59/+8.7% 상승추세⬆️  | 매수기준 점수3pt↑
📦 보유 HMM(011200) 2주 -0.5%

코드      종목명           가격    RSI     변화율    거래량     BB   호가비  B/S
────────────────────────────────────────────────────────────────────────
[2단계 분석 대상: 011200, 064350, 272210, 329180, 004020, 086790]
403870  HPSP      57,000    0.0    +0.0%    0.0x     중간  0.88  0pt/0 [일봉]
011200  HMM       19,070   51.4    +2.2%    0.7x     상단  0.77  2pt/0 [5분]
015760  한국전력      36,000    0.0    +0.0%    0.0x     중간  1.90  1pt/0 [일봉]
035720  카카오       39,500    0.0    +0.0%    0.0x     중간  1.75  1pt/0 [일봉]
030200  KT        54,800    0.0    +0.0%    0.0x     중간  0.81  0pt/0 [일봉]
003490  대한항공      24,850    0.0    +0.0%    0.0x     중간  0.96  0pt/0 [일봉]
004020  현대제철      33,350   60.0    +0.0%    0.5x     중간  2.52  3pt/0 [5분]

══════════════════════════════════════════════════
⏰ 매수 세션 종료 (14:30↑) — 신규 매수 중단
→ 전종목 HOLD
✅ Discord 전송 완료

[14:54] HOLD | KODEX RSI59/+8.7%⬆️ | 보유:HMM(011200) -0.5% | 최고신호 현대제철(004020) 3pt/3pt [호가2.5★ / RSI60]
💰 예수금 59,003원 | KODEX200 RSI59/+8.0% 상승추세⬆️  | 매수기준 점수3pt↑
📦 보유 HMM(011200) 2주 -0.6%

코드      종목명           가격    RSI     변화율    거래량     BB   호가비  B/S
────────────────────────────────────────────────────────────────────────
[2단계 분석 대상: 011200, 000150, 017670, 086520, 329180, 272210]
403870  HPSP      56,700    0.0    +0.0%    0.0x     중간  1.35  1pt/0 [일봉]
011200  HMM       19,040   51.4    +2.0%    0.7x     상단  2.17  4pt/0 [5분]
015760  한국전력      36,000    0.0    +0.0%    0.0x     중간  1.32  1pt/0 [일봉]
035720  카카오       39,450    0.0    +0.0%    0.0x     중간  2.02  2pt/0 [일봉]
030200  KT        54,900    0.0    +0.0%    0.0x     중간  0.78  0pt/0 [일봉]
003490  대한항공      24,850    0.0    +0.0%    0.0x     중간  0.97  0pt/0 [일봉]
004020  현대제철      33,350    0.0    +0.0%    0.0x     중간  2.42  2pt/0 [일봉]

══════════════════════════════════════════════════
⏰ 매수 세션 종료 (14:30↑) — 신규 매수 중단
→ 전종목 HOLD
✅ Discord 전송 완료

[14:56] HOLD | KODEX RSI59/+8.0%⬆️ | 보유:HMM(011200) -0.6% | 최고신호 HMM(011200) 4pt/3pt [상승+2.0% / 호가2.2★ / RSI51]
💰 예수금 59,003원 | KODEX200 RSI59/+8.1% 상승추세⬆️  | 매수기준 점수3pt↑
📦 보유 HMM(011200) 2주 -0.5%

코드      종목명           가격    RSI     변화율    거래량     BB   호가비  B/S
────────────────────────────────────────────────────────────────────────
[2단계 분석 대상: 011200, 000150, 017670, 004020, 272210, 015760]
403870  HPSP      56,800    0.0    +0.0%    0.0x     중간  0.93  0pt/0 [일봉]
011200  HMM       19,080   51.4    +2.2%    0.7x     상단  0.74  2pt/0 [5분]
015760  한국전력      36,000   59.3    +0.0%    1.2x     중간  2.81  5pt/0 [5분]
035720  카카오       39,400    0.0    +0.0%    0.0x     중간  2.59  2pt/0 [일봉]
030200  KT        54,700    0.0    +0.0%    0.0x     중간  0.86  0pt/0 [일봉]
003490  대한항공      24,850    0.0    +0.0%    0.0x     중간  0.93  0pt/0 [일봉]
004020  현대제철      33,300   60.0    +0.0%    0.5x     중간  3.17  3pt/0 [5분]

══════════════════════════════════════════════════
⏰ 매수 세션 종료 (14:30↑) — 신규 매수 중단
→ 전종목 HOLD
✅ Discord 전송 완료

[14:58] HOLD | KODEX RSI59/+8.1%⬆️ | 보유:HMM(011200) -0.5% | 최고신호 한국전력(015760) 5pt/3pt [거래량1.2x / 호가2.8★ / RSI59 / 연속상승]
💰 예수금 59,003원 | KODEX200 RSI59/+8.3% 상승추세⬆️  | 매수기준 점수3pt↑
📦 보유 HMM(011200) 2주 -0.5%

코드      종목명           가격    RSI     변화율    거래량     BB   호가비  B/S
────────────────────────────────────────────────────────────────────────
[2단계 분석 대상: 011200, 000150, 086520, 000270, 272210, 015760]
403870  HPSP      57,000    0.0    +0.0%    0.0x     중간  0.77  0pt/0 [일봉]
011200  HMM       19,050   58.8    +2.3%    0.7x     상단  0.83  3pt/0 [5분]
015760  한국전력      36,000   59.3    +0.0%    1.2x     중간  2.76  4pt/0 [5분]
035720  카카오       39,450    0.0    +0.0%    0.0x     중간  1.90  1pt/0 [일봉]
030200  KT        54,900    0.0    +0.0%    0.0x     중간  0.71  0pt/0 [일봉]
003490  대한항공      24,850    0.0    +0.0%    0.0x     중간  0.98  0pt/0 [일봉]
004020  현대제철      33,350    0.0    +0.0%    0.0x     중간  2.18  2pt/0 [일봉]

══════════════════════════════════════════════════
⏰ 매수 세션 종료 (14:30↑) — 신규 매수 중단
→ 전종목 HOLD
✅ Discord 전송 완료

[15:00] HOLD | KODEX RSI59/+8.3%⬆️ | 보유:HMM(011200) -0.5% | 최고신호 한국전력(015760) 4pt/3pt [거래량1.2x / 호가2.8★ / RSI59]
💰 예수금 59,003원 | KODEX200 RSI59/+8.4% 상승추세⬆️  | 매수기준 점수3pt↑
📦 보유 HMM(011200) 2주 -0.5%

코드      종목명           가격    RSI     변화율    거래량     BB   호가비  B/S
────────────────────────────────────────────────────────────────────────
[2단계 분석 대상: 011200, 000150, 272210, 086520, 015760, 004020]
403870  HPSP      56,900    0.0    +0.0%    0.0x     중간  0.91  0pt/0 [일봉]
011200  HMM       19,100   58.8    +2.3%    0.7x     상단  0.68  3pt/0 [5분]
015760  한국전력      36,050   59.3    +0.0%    1.2x     중간  2.05  4pt/0 [5분]
035720  카카오       39,600    0.0    +0.0%    0.0x     중간  0.49  0pt/0 [일봉]
030200  KT        54,800    0.0    +0.0%    0.0x     중간  0.68  0pt/0 [일봉]
003490  대한항공      24,850    0.0    +0.0%    0.0x     중간  0.96  0pt/0 [일봉]
004020  현대제철      33,450   63.6    +0.5%    0.5x     중간  1.75  2pt/0 [5분]

══════════════════════════════════════════════════
⏰ 매수 세션 종료 (14:30↑) — 신규 매수 중단
→ 전종목 HOLD
✅ Discord 전송 완료

[15:02] HOLD | KODEX RSI59/+8.4%⬆️ | 보유:HMM(011200) -0.5% | 최고신호 한국전력(015760) 4pt/3pt [거래량1.2x / 호가2.0★ / RSI59]
💰 예수금 59,003원 | KODEX200 RSI59/+8.4% 상승추세⬆️  | 매수기준 점수3pt↑
📦 보유 HMM(011200) 2주 -0.4%

코드      종목명           가격    RSI     변화율    거래량     BB   호가비  B/S
────────────────────────────────────────────────────────────────────────
[2단계 분석 대상: 011200, 000150, 096770, 272210, 086520, 004020]
403870  HPSP      56,900    0.0    +0.0%    0.0x     중간  1.00  0pt/0 [일봉]
011200  HMM       19,100   57.1    +2.4%    0.7x     상단  0.79  2pt/0 [5분]
015760  한국전력      36,350    0.0    +0.0%    0.0x     중간  0.97  0pt/0 [일봉]
035720  카카오       39,600    0.0    +0.0%    0.0x     중간  0.48  0pt/0 [일봉]
030200  KT        54,800    0.0    +0.0%    0.0x     중간  0.59  0pt/0 [일봉]
003490  대한항공      24,850    0.0    +0.0%    0.0x     중간  1.00  0pt/0 [일봉]
004020  현대제철      33,500   66.7    +0.6%    0.5x     중간  1.65  2pt/0 [5분]

══════════════════════════════════════════════════
⏰ 매수 세션 종료 (14:30↑) — 신규 매수 중단
→ 전종목 HOLD
✅ Discord 전송 완료

[15:04] HOLD | KODEX RSI59/+8.4%⬆️ | 보유:HMM(011200) -0.4% | 최고신호 HMM(011200) 2pt/3pt [상승+2.4% / RSI57]
💰 예수금 59,003원 | KODEX200 RSI59/+8.4% 상승추세⬆️  | 매수기준 점수3pt↑
📦 보유 HMM(011200) 2주 -0.2%

코드      종목명           가격    RSI     변화율    거래량     BB   호가비  B/S
────────────────────────────────────────────────────────────────────────
[2단계 분석 대상: 011200, 000150, 096770, 086520, 272210, 329180]
403870  HPSP      57,000    0.0    +0.0%    0.0x     중간  1.00  0pt/0 [일봉]
011200  HMM       19,120   57.1    +2.4%    0.7x     상단  0.25  2pt/0 [5분]
015760  한국전력      36,250    0.0    +0.0%    0.0x     중간  0.96  0pt/0 [일봉]
035720  카카오       39,600    0.0    +0.0%    0.0x     중간  0.53  0pt/0 [일봉]
030200  KT        54,800    0.0    +0.0%    0.0x     중간  0.59  0pt/0 [일봉]
003490  대한항공      24,850    0.0    +0.0%    0.0x     중간  0.96  0pt/0 [일봉]
004020  현대제철      33,500    0.0    +0.0%    0.0x     중간  1.81  1pt/0 [일봉]

══════════════════════════════════════════════════
⏰ 매수 세션 종료 (14:30↑) — 신규 매수 중단
→ 전종목 HOLD
✅ Discord 전송 완료

[15:06] HOLD | KODEX RSI59/+8.4%⬆️ | 보유:HMM(011200) -0.2% | 최고신호 HMM(011200) 2pt/3pt [상승+2.4% / RSI57]
💰 예수금 59,003원 | KODEX200 RSI59/+8.3% 상승추세⬆️  | 매수기준 점수3pt↑
📦 보유 HMM(011200) 2주 -0.6%

코드      종목명           가격    RSI     변화율    거래량     BB   호가비  B/S
────────────────────────────────────────────────────────────────────────
[2단계 분석 대상: 011200, 000150, 096770, 017670, 086520, 329180]
403870  HPSP      56,900    0.0    +0.0%    0.0x     중간  1.01  0pt/0 [일봉]
011200  HMM       19,080   57.1    +2.2%    0.7x     상단  0.82  2pt/0 [5분]
015760  한국전력      36,250    0.0    +0.0%    0.0x     중간  1.04  0pt/0 [일봉]
035720  카카오       39,600    0.0    +0.0%    0.0x     중간  0.58  0pt/0 [일봉]
030200  KT        54,800    0.0    +0.0%    0.0x     중간  0.54  0pt/0 [일봉]
003490  대한항공      24,850    0.0    +0.0%    0.0x     중간  0.92  0pt/0 [일봉]
004020  현대제철      33,500    0.0    +0.0%    0.0x     중간  1.67  1pt/0 [일봉]

══════════════════════════════════════════════════
⏰ 매수 세션 종료 (14:30↑) — 신규 매수 중단
→ 전종목 HOLD
✅ Discord 전송 완료

[15:08] HOLD | KODEX RSI59/+8.3%⬆️ | 보유:HMM(011200) -0.6% | 최고신호 HMM(011200) 2pt/3pt [상승+2.2% / RSI57]
💰 예수금 59,003원 | KODEX200 RSI59/+8.4% 상승추세⬆️  | 매수기준 점수3pt↑
📦 보유 HMM(011200) 2주 -0.5%

코드      종목명           가격    RSI     변화율    거래량     BB   호가비  B/S
────────────────────────────────────────────────────────────────────────
[2단계 분석 대상: 011200, 096770, 000150, 017670, 272210, 086520]
403870  HPSP      56,900    0.0    +0.0%    0.0x     중간  0.91  0pt/0 [일봉]
011200  HMM       19,080   61.1    +2.2%    0.7x     상단  0.83  2pt/0 [5분]
015760  한국전력      36,200    0.0    +0.0%    0.0x     중간  0.92  0pt/0 [일봉]
035720  카카오       39,600    0.0    +0.0%    0.0x     중간  0.58  0pt/0 [일봉]
030200  KT        54,600    0.0    +0.0%    0.0x     중간  0.76  0pt/0 [일봉]
003490  대한항공      24,850    0.0    +0.0%    0.0x     중간  0.91  0pt/0 [일봉]
004020  현대제철      33,450    0.0    +0.0%    0.0x     중간  1.80  1pt/0 [일봉]

══════════════════════════════════════════════════
🕐 15:10 이후 — 장 마감 청산 모드
⏰ 매수 세션 종료 (14:30↑) — 신규 매수 중단
→ 전종목 HOLD
✅ Discord 전송 완료

[15:10] HOLD | KODEX RSI59/+8.4%⬆️ | 보유:HMM(011200) -0.5% | 최고신호 HMM(011200) 2pt/3pt [상승+2.2% / RSI61]
💰 예수금 59,003원 | KODEX200 RSI59/+8.6% 상승추세⬆️  | 매수기준 점수3pt↑
📦 보유 HMM(011200) 2주 -0.4%

코드      종목명           가격    RSI     변화율    거래량     BB   호가비  B/S
────────────────────────────────────────────────────────────────────────
[2단계 분석 대상: 011200, 000150, 329180, 272210, 096770, 086520]
403870  HPSP      56,900    0.0    +0.0%    0.0x     중간  0.91  0pt/0 [일봉]
011200  HMM       19,080   61.1    +2.3%    0.7x     상단  0.74  2pt/0 [5분]
015760  한국전력      36,200    0.0    +0.0%    0.0x     중간  1.09  0pt/0 [일봉]
035720  카카오       39,600    0.0    +0.0%    0.0x     중간  0.64  0pt/0 [일봉]
030200  KT        54,600    0.0    +0.0%    0.0x     중간  0.57  0pt/0 [일봉]
003490  대한항공      24,850    0.0    +0.0%    0.0x     중간  1.02  0pt/0 [일봉]
004020  현대제철      33,450    0.0    +0.0%    0.0x     중간  1.32  1pt/0 [일봉]

══════════════════════════════════════════════════
🕐 15:10 이후 — 장 마감 청산 모드
⏰ 매수 세션 종료 (14:30↑) — 신규 매수 중단
→ 전종목 HOLD
✅ Discord 전송 완료

[15:12] HOLD | KODEX RSI59/+8.6%⬆️ | 보유:HMM(011200) -0.4% | 최고신호 HMM(011200) 2pt/3pt [상승+2.3% / RSI61]
💰 예수금 59,003원 | KODEX200 RSI59/+8.8% 상승추세⬆️  | 매수기준 점수3pt↑
📦 보유 HMM(011200) 2주 -0.4%

코드      종목명           가격    RSI     변화율    거래량     BB   호가비  B/S
────────────────────────────────────────────────────────────────────────
[2단계 분석 대상: 011200, 329180, 086520, 096770, 247540, 000150]
403870  HPSP      57,100    0.0    +0.0%    0.0x     중간  0.52  0pt/0 [일봉]
011200  HMM       19,080   62.3    +2.2%    0.7x     상단  0.93  2pt/0 [5분]
015760  한국전력      36,200    0.0    +0.0%    0.0x     중간  0.80  0pt/0 [일봉]
035720  카카오       39,550    0.0    +0.0%    0.0x     중간  0.68  0pt/0 [일봉]
030200  KT        54,400    0.0    +0.0%    0.0x     중간  0.66  0pt/0 [일봉]
003490  대한항공      24,850    0.0    +0.0%    0.0x     중간  0.96  0pt/0 [일봉]
004020  현대제철      33,500    0.0    +0.0%    0.0x     중간  1.98  1pt/0 [일봉]

══════════════════════════════════════════════════
🕐 15:10 이후 — 장 마감 청산 모드
⏰ 매수 세션 종료 (14:30↑) — 신규 매수 중단
→ 전종목 HOLD
✅ Discord 전송 완료

[15:14] HOLD | KODEX RSI59/+8.8%⬆️ | 보유:HMM(011200) -0.4% | 최고신호 HMM(011200) 2pt/3pt [상승+2.2% / RSI62]
💰 예수금 59,003원 | KODEX200 RSI59/+8.9% 상승추세⬆️  | 매수기준 점수3pt↑
📦 보유 HMM(011200) 2주 -0.3%

코드      종목명           가격    RSI     변화율    거래량     BB   호가비  B/S
────────────────────────────────────────────────────────────────────────
[2단계 분석 대상: 011200, 329180, 247540, 086520, 000270, 096770]
403870  HPSP      57,000    0.0    +0.0%    0.0x     중간  0.92  0pt/0 [일봉]
011200  HMM       19,100   62.3    +2.5%    0.7x     상단  0.89  2pt/0 [5분]
015760  한국전력      36,250    0.0    +0.0%    0.0x     중간  1.40  1pt/0 [일봉]
035720  카카오       39,550    0.0    +0.0%    0.0x     중간  0.82  0pt/0 [일봉]
030200  KT        54,200    0.0    +0.0%    0.0x     중간  0.64  0pt/0 [일봉]
003490  대한항공      24,900    0.0    +0.0%    0.0x     중간  0.72  0pt/0 [일봉]
004020  현대제철      33,500    0.0    +0.0%    0.0x     중간  1.96  1pt/0 [일봉]

══════════════════════════════════════════════════
🕐 15:10 이후 — 장 마감 청산 모드
⏰ 매수 세션 종료 (14:30↑) — 신규 매수 중단
→ 전종목 HOLD
✅ Discord 전송 완료

[15:16] HOLD | KODEX RSI59/+8.9%⬆️ | 보유:HMM(011200) -0.3% | 최고신호 HMM(011200) 2pt/3pt [상승+2.5% / RSI62]
💰 예수금 59,003원 | KODEX200 RSI59/+8.9% 상승추세⬆️  | 매수기준 점수3pt↑
📦 보유 HMM(011200) 2주 -0.2%

코드      종목명           가격    RSI     변화율    거래량     BB   호가비  B/S
────────────────────────────────────────────────────────────────────────
[2단계 분석 대상: 011200, 329180, 086520, 000150, 247540, 015760]
403870  HPSP      57,100    0.0    +0.0%    0.0x     중간  0.56  0pt/0 [일봉]
011200  HMM       19,110   62.3    +2.5%    0.7x     상단  0.42  2pt/0 [5분]
015760  한국전력      36,300   67.9    +0.8%    1.3x     중간  2.16  4pt/0 [5분]
035720  카카오       39,550    0.0    +0.0%    0.0x     중간  0.61  0pt/0 [일봉]
030200  KT        54,300    0.0    +0.0%    0.0x     중간  0.64  0pt/0 [일봉]
003490  대한항공      24,900    0.0    +0.0%    0.0x     중간  0.97  0pt/0 [일봉]
004020  현대제철      33,450    0.0    +0.0%    0.0x     중간  2.06  2pt/0 [일봉]

══════════════════════════════════════════════════
🕐 15:10 이후 — 장 마감 청산 모드
⏰ 매수 세션 종료 (14:30↑) — 신규 매수 중단
→ 전종목 HOLD
✅ Discord 전송 완료

[15:18] HOLD | KODEX RSI59/+8.9%⬆️ | 보유:HMM(011200) -0.2% | 최고신호 한국전력(015760) 4pt/3pt [상승+0.8% / 거래량1.3x / 호가2.2★]
💰 예수금 59,003원 | KODEX200 RSI59/+8.8% 상승추세⬆️  | 매수기준 점수3pt↑
📦 보유 HMM(011200) 2주 -0.3%

코드      종목명           가격    RSI     변화율    거래량     BB   호가비  B/S
────────────────────────────────────────────────────────────────────────
[2단계 분석 대상: 011200, 032830, 005930, 000270, 078930, 066970]
403870  HPSP      57,000    0.0    +0.0%    0.0x     중간  0.65  0pt/0 [일봉]
011200  HMM       19,100   62.3    +2.5%    0.7x     상단  1.15  2pt/0 [5분]
015760  한국전력      36,350    0.0    +0.0%    0.0x     중간  2.27  2pt/0 [일봉]
035720  카카오       39,650    0.0    +0.0%    0.0x     중간  2.03  2pt/0 [일봉]
030200  KT        54,400    0.0    +0.0%    0.0x     중간  5.89  2pt/0 [일봉]
003490  대한항공      25,000    0.0    +0.0%    0.0x     중간  0.14  0pt/0 [일봉]
004020  현대제철      33,800    0.0    +0.0%    0.0x     중간  3.23  2pt/0 [일봉]

══════════════════════════════════════════════════
🕐 15:10 이후 — 장 마감 청산 모드
⏰ 매수 세션 종료 (14:30↑) — 신규 매수 중단
→ 전종목 HOLD
✅ Discord 전송 완료

[15:20] HOLD | KODEX RSI59/+8.8%⬆️ | 보유:HMM(011200) -0.3% | 최고신호 HMM(011200) 2pt/3pt [상승+2.5% / RSI62]
💰 예수금 59,003원 | KODEX200 RSI59/+8.8% 상승추세⬆️  | 매수기준 점수3pt↑
📦 보유 HMM(011200) 2주 -0.3%

코드      종목명           가격    RSI     변화율    거래량     BB   호가비  B/S
────────────────────────────────────────────────────────────────────────
[2단계 분석 대상: 011200, 078930, 403870, 138040, 055550, 000150]
403870  HPSP      56,600   43.3   +20.9%    2.9x     상단 20.39  7pt/0 [5분]
011200  HMM       19,110   62.3    +2.5%    0.7x     상단  0.03  2pt/0 [5분]
015760  한국전력      36,400    0.0    +0.0%    0.0x     중간  1.37  1pt/0 [일봉]
035720  카카오       39,650    0.0    +0.0%    0.0x     중간  2.43  2pt/0 [일봉]
030200  KT        54,400    0.0    +0.0%    0.0x     중간  1.06  0pt/0 [일봉]
003490  대한항공      25,000    0.0    +0.0%    0.0x     중간  0.14  0pt/0 [일봉]
004020  현대제철      33,900    0.0    +0.0%    0.0x     중간  0.85  0pt/0 [일봉]

══════════════════════════════════════════════════
🕐 15:10 이후 — 장 마감 청산 모드
⏰ 매수 세션 종료 (14:30↑) — 신규 매수 중단
→ 전종목 HOLD
✅ Discord 전송 완료

[15:22] HOLD | KODEX RSI59/+8.8%⬆️ | 보유:HMM(011200) -0.3% | 최고신호 HPSP(403870) 7pt/3pt [강세+12.1%★★ / 거래량2.9x★ / 호가20.4★]
💰 예수금 59,003원 | KODEX200 RSI59/+8.8% 상승추세⬆️  | 매수기준 점수3pt↑
📦 보유 HMM(011200) 2주 -0.3%

코드      종목명           가격    RSI     변화율    거래량     BB   호가비  B/S
────────────────────────────────────────────────────────────────────────
[2단계 분석 대상: 011200, 138040, 064350, 000270, 055550, 000880]
403870  HPSP      56,600    0.0    +0.0%    0.0x     중간  3.48  2pt/0 [일봉]
011200  HMM       19,110   62.3    +2.5%    0.7x     상단  0.41  2pt/0 [5분]
015760  한국전력      36,350    0.0    +0.0%    0.0x     중간  2.05  2pt/0 [일봉]
035720  카카오       39,600    0.0    +0.0%    0.0x     중간  1.37  1pt/0 [일봉]
030200  KT        54,000    0.0    +0.0%    0.0x     중간  0.39  0pt/0 [일봉]
003490  대한항공      25,000    0.0    +0.0%    0.0x     중간  0.12  0pt/0 [일봉]
004020  현대제철      33,800    0.0    +0.0%    0.0x     중간  0.29  0pt/0 [일봉]

══════════════════════════════════════════════════
🕐 15:10 이후 — 장 마감 청산 모드
⏰ 매수 세션 종료 (14:30↑) — 신규 매수 중단
→ 전종목 HOLD
✅ Discord 전송 완료

[15:24] HOLD | KODEX RSI59/+8.8%⬆️ | 보유:HMM(011200) -0.3% | 최고신호 HPSP(403870) 2pt/3pt [호가3.5★]
💰 예수금 59,003원 | KODEX200 RSI59/+8.8% 상승추세⬆️  | 매수기준 점수3pt↑
📦 보유 HMM(011200) 2주 -0.3%

코드      종목명           가격    RSI     변화율    거래량     BB   호가비  B/S
────────────────────────────────────────────────────────────────────────
[2단계 분석 대상: 011200, 138040, 000150, 272210, 055550, 078930]
403870  HPSP      56,500    0.0    +0.0%    0.0x     중간  2.98  2pt/0 [일봉]
011200  HMM       19,110   62.3    +2.5%    0.7x     상단  0.03  2pt/0 [5분]
015760  한국전력      36,350    0.0    +0.0%    0.0x     중간  1.57  1pt/0 [일봉]
035720  카카오       39,550    0.0    +0.0%    0.0x     중간  0.26  0pt/0 [일봉]
030200  KT        54,000    0.0    +0.0%    0.0x     중간  1.93  1pt/0 [일봉]
003490  대한항공      25,000    0.0    +0.0%    0.0x     중간  0.11  0pt/0 [일봉]
004020  현대제철      33,750    0.0    +0.0%    0.0x     중간  0.17  0pt/0 [일봉]

══════════════════════════════════════════════════
🕐 15:10 이후 — 장 마감 청산 모드
⏰ 매수 세션 종료 (14:30↑) — 신규 매수 중단
→ 전종목 HOLD
✅ Discord 전송 완료

[15:26] HOLD | KODEX RSI59/+8.8%⬆️ | 보유:HMM(011200) -0.3% | 최고신호 HPSP(403870) 2pt/3pt [호가3.0★]
💰 예수금 59,003원 | KODEX200 RSI59/+8.8% 상승추세⬆️  | 매수기준 점수3pt↑
📦 보유 HMM(011200) 2주 -0.3%

코드      종목명           가격    RSI     변화율    거래량     BB   호가비  B/S
────────────────────────────────────────────────────────────────────────
[2단계 분석 대상: 011200, 138040, 000150, 042660, 035720, 272210]
403870  HPSP      56,500    0.0    +0.0%    0.0x     중간  0.64  0pt/0 [일봉]
011200  HMM       19,070   62.3    +2.5%    0.7x     상단  0.45  2pt/0 [5분]
015760  한국전력      36,300    0.0    +0.0%    0.0x     중간  1.22  0pt/0 [일봉]
035720  카카오       39,300   62.9    +2.7%    0.7x     상단  7.81  4pt/0 [5분]
030200  KT        53,800    0.0    +0.0%    0.0x     중간  0.56  0pt/0 [일봉]
003490  대한항공      24,900    0.0    +0.0%    0.0x     중간  0.13  0pt/0 [일봉]
004020  현대제철      33,700    0.0    +0.0%    0.0x     중간  0.08  0pt/0 [일봉]

══════════════════════════════════════════════════
🕐 15:10 이후 — 장 마감 청산 모드
⏰ 매수 세션 종료 (14:30↑) — 신규 매수 중단
→ 전종목 HOLD
✅ Discord 전송 완료

[15:28] HOLD | KODEX RSI59/+8.8%⬆️ | 보유:HMM(011200) -0.3% | 최고신호 카카오(035720) 4pt/3pt [상승+2.7% / 호가7.8★ / RSI63]
💰 예수금 59,003원 | KODEX200 RSI59/+8.8% 상승추세⬆️  | 매수기준 점수3pt↑
📦 보유 HMM(011200) 2주 -0.3%

코드      종목명           가격    RSI     변화율    거래량     BB   호가비  B/S
────────────────────────────────────────────────────────────────────────
[2단계 분석 대상: 011200, 042660, 086520, 000150, 015760, 004020]
403870  HPSP      57,000    0.0    +0.0%    0.0x     중간  1.44  1pt/0 [일봉]
011200  HMM       19,030   71.7    +2.0%    0.8x     상단  0.50  1pt/0 [5분]
015760  한국전력      36,150   70.0    +0.3%    1.3x     중간  2.53  3pt/0 [5분]
035720  카카오       39,550    0.0    +0.0%    0.0x     중간  0.96  0pt/0 [일봉]
030200  KT        54,000    0.0    +0.0%    0.0x     중간  0.56  0pt/0 [일봉]
003490  대한항공      24,900    0.0    +0.0%    0.0x     중간  0.79  0pt/0 [일봉]
004020  현대제철      33,450   75.0    +0.5%    0.5x     중간  1.59  1pt/0 [5분]

══════════════════════════════════════════════════
🕐 15:10 이후 — 장 마감 청산 모드
⏰ 매수 세션 종료 (14:30↑) — 신규 매수 중단
→ 전종목 HOLD
✅ Discord 전송 완료

[15:30] HOLD | KODEX RSI59/+8.8%⬆️ | 보유:HMM(011200) -0.3% | 최고신호 한국전력(015760) 3pt/3pt [거래량1.3x / 호가2.5★]
