💰 예수금 97,571원 | KODEX200 RSI65/+0.0% 상승추세⬆️  | 매수기준 점수3pt↑

코드      종목명           가격    RSI     변화율    거래량     BB   호가비  B/S
────────────────────────────────────────────────────────────────────────
[2단계 분석 대상: 272210, 035720, 003490, 005930, 034020]
403870  HPSP      49,300    0.0    +0.0%    0.0x     중간  0.23  0pt/0 [일봉]
272210  한화시스템     75,700   68.6    +0.0%    0.0x     하단 38.67  2pt/0 [5분]
011200  HMM       17,600    0.0    +0.0%    0.0x     중간 10.28  2pt/0 [일봉]
015760  한국전력      37,100    0.0    +0.0%    0.0x     중간  1.50  1pt/0 [일봉]
034020  두산에너빌     86,700   60.0    +0.0%    0.0x     하단 17.72  3pt/0 [5분]
035720  카카오       39,150   52.2    +0.0%    0.0x     하단 30.51  3pt/0 [5분]
017670  SK텔레콤     84,900    0.0    +0.0%    0.0x     중간  0.00  0pt/0 [일봉]
030200  KT        53,900    0.0    +0.0%    0.0x     중간  0.08  0pt/0 [일봉]
003490  대한항공      24,150   60.0    +0.0%    0.0x     하단 29.50  3pt/0 [5분]
004020  현대제철      34,450    0.0    +0.0%    0.0x     중간  1.84  1pt/0 [일봉]
078930  GS        73,000    0.0    +0.0%    0.0x     중간  1.25  0pt/0 [일봉]

══════════════════════════════════════════════════
⏰ 장 미개장 (9:00 전) — 신규 매수 중단
→ 전종목 HOLD
✅ Discord 전송 완료

[08:50] HOLD | KODEX RSI65/+0.0%⬆️ | 보유:없음 | 최고신호 두산에너빌(034020) 3pt/3pt [호가17.7★ / RSI60]
💰 예수금 97,571원 | KODEX200 RSI65/+0.0% 상승추세⬆️  | 매수기준 점수3pt↑

코드      종목명           가격    RSI     변화율    거래량     BB   호가비  B/S
────────────────────────────────────────────────────────────────────────
[2단계 분석 대상: 004020, 064350, 000720, 066970, 272210]
403870  HPSP      46,000    0.0    +0.0%    0.0x     중간  1.53  1pt/0 [일봉]
272210  한화시스템     85,100   68.6    +0.0%    0.0x     하단  2.56  2pt/0 [5분]
011200  HMM       18,900    0.0    +0.0%    0.0x     중간  0.97  0pt/0 [일봉]
015760  한국전력      36,200    0.0    +0.0%    0.0x     중간  0.34  0pt/0 [일봉]
034020  두산에너빌     88,800    0.0    +0.0%    0.0x     중간  0.38  0pt/0 [일봉]
035720  카카오       38,700    0.0    +0.0%    0.0x     중간  0.18  0pt/0 [일봉]
030200  KT        52,300    0.0    +0.0%    0.0x     중간  1.81  1pt/0 [일봉]
003490  대한항공      23,850    0.0    +0.0%    0.0x     중간  1.97  1pt/0 [일봉]
004020  현대제철      33,400   64.9    -6.7%    0.0x     하단  4.89  3pt/0 [5분]
078930  GS        71,500    0.0    +0.0%    0.0x     중간  0.94  0pt/0 [일봉]

══════════════════════════════════════════════════
⏰ 시초가 혼조 (9:30 전) — 신규 매수 중단
→ 전종목 HOLD
✅ Discord 전송 완료

[09:00] HOLD | KODEX RSI65/+0.0%⬆️ | 보유:없음 | 최고신호 현대제철(004020) 3pt/3pt [호가4.9★ / RSI65]
💰 예수금 97,571원 | KODEX200 RSI65/+0.0% 상승추세⬆️  | 매수기준 점수3pt↑

코드      종목명           가격    RSI     변화율    거래량     BB   호가비  B/S
────────────────────────────────────────────────────────────────────────
[2단계 분석 대상: 003670, 000720, 096770, 247540, 035720]
403870  HPSP      48,400    0.0    +0.0%    0.0x     중간  0.96  0pt/0 [일봉]
272210  한화시스템     85,800    0.0    +0.0%    0.0x     중간  0.36  0pt/0 [일봉]
011200  HMM       18,660    0.0    +0.0%    0.0x     중간  0.33  0pt/0 [일봉]
015760  한국전력      36,450    0.0    +0.0%    0.0x     중간  0.48  0pt/0 [일봉]
034020  두산에너빌     87,800    0.0    +0.0%    0.0x     중간  1.25  0pt/0 [일봉]
035720  카카오       38,200   59.1    -5.5%    0.0x     하단  3.22  3pt/0 [5분]
030200  KT        52,300    0.0    +0.0%    0.0x     중간  3.08  2pt/0 [일봉]
003490  대한항공      23,800    0.0    +0.0%    0.0x     중간  2.55  2pt/0 [일봉]
004020  현대제철      33,200    0.0    +0.0%    0.0x     중간  1.72  1pt/0 [일봉]
078930  GS        71,000    0.0    +0.0%    0.0x     중간  1.10  0pt/0 [일봉]

══════════════════════════════════════════════════
⏰ 시초가 혼조 (9:30 전) — 신규 매수 중단
→ 전종목 HOLD
✅ Discord 전송 완료

[09:02] HOLD | KODEX RSI65/+0.0%⬆️ | 보유:없음 | 최고신호 카카오(035720) 3pt/3pt [호가3.2★ / RSI59]
💰 예수금 0원 | KODEX200 RSI52/-9.0% 상승추세⬆️ 과열⚠️ | 매수기준 점수3pt↑

코드      종목명           가격    RSI     변화율    거래량     BB   호가비  B/S
────────────────────────────────────────────────────────────────────────
[2단계 분석 대상: 003670, 035720, 272210, 055550, 011200]

══════════════════════════════════════════════════
⏰ 시초가 혼조 (9:30 전) — 신규 매수 중단
→ 전종목 HOLD
✅ Discord 전송 완료

[09:04] HOLD | KODEX RSI52/-9.0%⬆️⚠️ | 보유:없음 | 💸예수금부족
💰 예수금 97,571원 | KODEX200 RSI52/-9.0% 상승추세⬆️ 과열⚠️ | 매수기준 점수3pt↑

코드      종목명           가격    RSI     변화율    거래량     BB   호가비  B/S
────────────────────────────────────────────────────────────────────────
[2단계 분석 대상: 086520, 003670, 035720, 272210, 055550]
403870  HPSP      49,750    0.0    +0.0%    0.0x     중간  0.20  3pt/0 [일봉]
272210  한화시스템     86,100   71.4    -9.2%    0.0x     하단  6.91  2pt/0 [5분]
011200  HMM       18,580    0.0    +0.0%    0.0x     중간  5.70  5pt/0 [일봉]
015760  한국전력      36,050    0.0    +0.0%    0.0x     중간  0.27  3pt/0 [일봉]
034020  두산에너빌     87,500    0.0    +0.0%    0.0x     중간  5.62  5pt/0 [일봉]
035720  카카오       38,100   59.1    -5.5%    0.0x     하단  8.31  6pt/0 [5분]
030200  KT        52,200    0.0    +0.0%    0.0x     중간  3.36  5pt/0 [일봉]
003490  대한항공      23,700    0.0    +0.0%    0.0x     중간  2.22  5pt/0 [일봉]
004020  현대제철      32,800    0.0    +0.0%    0.0x     중간  1.98  4pt/0 [일봉]
078930  GS        69,700    0.0    +0.0%    0.0x     중간  2.38  5pt/0 [일봉]

══════════════════════════════════════════════════
⏰ 시초가 혼조 (9:30 전) — 신규 매수 중단
→ 전종목 HOLD
✅ Discord 전송 완료

[09:06] HOLD | KODEX RSI52/-9.0%⬆️⚠️ | 보유:없음 | 최고신호 카카오(035720) 6pt/3pt [강세+3.6%★★ / 호가8.3★ / RSI59]
💰 예수금 97,571원 | KODEX200 RSI52/-9.0% 상승추세⬆️ 과열⚠️ | 매수기준 점수3pt↑

코드      종목명           가격    RSI     변화율    거래량     BB   호가비  B/S
────────────────────────────────────────────────────────────────────────
[2단계 분석 대상: 003670, 035720, 403870, 272210, 055550]
403870  HPSP      50,700   63.3    +2.6%    0.1x     상단  6.93  6pt/0 [5분]
272210  한화시스템     86,100   71.4    -9.2%    0.0x     하단  6.91  2pt/0 [5분]
011200  HMM       18,580    0.0    +0.0%    0.0x     중간  5.70  5pt/0 [일봉]
015760  한국전력      36,050    0.0    +0.0%    0.0x     중간  0.27  3pt/0 [일봉]
034020  두산에너빌     87,500    0.0    +0.0%    0.0x     중간  5.62  5pt/0 [일봉]
035720  카카오       38,100   59.1    -5.5%    0.0x     하단  8.31  6pt/0 [5분]
030200  KT        52,200    0.0    +0.0%    0.0x     중간  3.36  5pt/0 [일봉]
003490  대한항공      23,700    0.0    +0.0%    0.0x     중간  2.22  5pt/0 [일봉]
004020  현대제철      32,800    0.0    +0.0%    0.0x     중간  1.98  4pt/0 [일봉]
078930  GS        69,700    0.0    +0.0%    0.0x     중간  2.38  5pt/0 [일봉]

══════════════════════════════════════════════════
⏰ 시초가 혼조 (9:30 전) — 신규 매수 중단
→ 전종목 HOLD
✅ Discord 전송 완료

[09:08] HOLD | KODEX RSI52/-9.0%⬆️⚠️ | 보유:없음 | 최고신호 HPSP(403870) 6pt/3pt [강세+11.6%★★ / 호가6.9★ / RSI63]
💰 예수금 97,571원 | KODEX200 RSI52/-9.0% 상승추세⬆️ 과열⚠️ | 매수기준 점수3pt↑

코드      종목명           가격    RSI     변화율    거래량     BB   호가비  B/S
────────────────────────────────────────────────────────────────────────
[2단계 분석 대상: 003670, 035720, 272210, 055550, 011200]
403870  HPSP      52,700    0.0    +0.0%    0.0x     중간  0.78  3pt/0 [일봉]
272210  한화시스템     86,100   71.4    -9.2%    0.0x     하단  6.91  2pt/0 [5분]
011200  HMM       18,580   66.2    -4.5%    0.1x     하단  5.70  5pt/0 [5분]
015760  한국전력      36,050    0.0    +0.0%    0.0x     중간  0.27  3pt/0 [일봉]
034020  두산에너빌     87,500    0.0    +0.0%    0.0x     중간  5.62  5pt/0 [일봉]
035720  카카오       38,100   59.1    -5.5%    0.0x     하단  8.31  6pt/0 [5분]
030200  KT        52,200    0.0    +0.0%    0.0x     중간  3.36  5pt/0 [일봉]
003490  대한항공      23,700    0.0    +0.0%    0.0x     중간  2.22  5pt/0 [일봉]
004020  현대제철      32,800    0.0    +0.0%    0.0x     중간  1.98  4pt/0 [일봉]
078930  GS        69,700    0.0    +0.0%    0.0x     중간  2.38  5pt/0 [일봉]

══════════════════════════════════════════════════
⏰ 시초가 혼조 (9:30 전) — 신규 매수 중단
→ 전종목 HOLD
✅ Discord 전송 완료

[09:10] HOLD | KODEX RSI52/-9.0%⬆️⚠️ | 보유:없음 | 최고신호 카카오(035720) 6pt/3pt [강세+3.6%★★ / 호가8.3★ / RSI59]
💰 예수금 97,571원 | KODEX200 RSI52/-9.0% 상승추세⬆️ 과열⚠️ | 매수기준 점수3pt↑

코드      종목명           가격    RSI     변화율    거래량     BB   호가비  B/S
────────────────────────────────────────────────────────────────────────
[2단계 분석 대상: 003670, 035720, 272210, 055550, 011200]
403870  HPSP      50,700    0.0    +0.0%    0.0x     중간  2.01  5pt/0 [일봉]
272210  한화시스템     86,100   71.4    -9.2%    0.0x     하단  6.91  2pt/0 [5분]
011200  HMM       18,580   66.2    -4.5%    0.1x     하단  5.70  5pt/0 [5분]
015760  한국전력      36,050    0.0    +0.0%    0.0x     중간  0.27  3pt/0 [일봉]
034020  두산에너빌     87,500    0.0    +0.0%    0.0x     중간  5.62  5pt/0 [일봉]
035720  카카오       38,100   59.1    -5.5%    0.0x     하단  8.31  6pt/0 [5분]
030200  KT        52,200    0.0    +0.0%    0.0x     중간  3.36  5pt/0 [일봉]
003490  대한항공      23,700    0.0    +0.0%    0.0x     중간  2.22  5pt/0 [일봉]
004020  현대제철      32,800    0.0    +0.0%    0.0x     중간  1.98  4pt/0 [일봉]
078930  GS        69,700    0.0    +0.0%    0.0x     중간  2.38  5pt/0 [일봉]

══════════════════════════════════════════════════
⏰ 시초가 혼조 (9:30 전) — 신규 매수 중단
→ 전종목 HOLD
✅ Discord 전송 완료

[09:12] HOLD | KODEX RSI52/-9.0%⬆️⚠️ | 보유:없음 | 최고신호 카카오(035720) 6pt/3pt [강세+3.6%★★ / 호가8.3★ / RSI59]
💰 예수금 97,571원 | KODEX200 RSI52/-9.0% 상승추세⬆️ 과열⚠️ | 매수기준 점수3pt↑

코드      종목명           가격    RSI     변화율    거래량     BB   호가비  B/S
────────────────────────────────────────────────────────────────────────
[2단계 분석 대상: 003670, 035720, 272210, 055550, 011200]
403870  HPSP      50,300    0.0    +0.0%    0.0x     중간  1.11  3pt/0 [일봉]
272210  한화시스템     86,100   71.4    -9.2%    0.0x     하단  6.91  2pt/0 [5분]
011200  HMM       18,580   66.2    -4.5%    0.1x     하단  5.70  5pt/0 [5분]
015760  한국전력      36,050    0.0    +0.0%    0.0x     중간  0.27  3pt/0 [일봉]
034020  두산에너빌     87,500    0.0    +0.0%    0.0x     중간  5.62  5pt/0 [일봉]
035720  카카오       38,100   59.1    -5.5%    0.0x     하단  8.31  6pt/0 [5분]
030200  KT        52,200    0.0    +0.0%    0.0x     중간  3.36  5pt/0 [일봉]
003490  대한항공      23,700    0.0    +0.0%    0.0x     중간  2.22  5pt/0 [일봉]
004020  현대제철      32,800    0.0    +0.0%    0.0x     중간  1.98  4pt/0 [일봉]
078930  GS        69,700    0.0    +0.0%    0.0x     중간  2.38  5pt/0 [일봉]

══════════════════════════════════════════════════
⏰ 시초가 혼조 (9:30 전) — 신규 매수 중단
→ 전종목 HOLD
✅ Discord 전송 완료

[09:14] HOLD | KODEX RSI52/-9.0%⬆️⚠️ | 보유:없음 | 최고신호 카카오(035720) 6pt/3pt [강세+3.6%★★ / 호가8.3★ / RSI59]
💰 예수금 97,571원 | KODEX200 RSI52/-9.0% 상승추세⬆️ 과열⚠️ | 매수기준 점수3pt↑

코드      종목명           가격    RSI     변화율    거래량     BB   호가비  B/S
────────────────────────────────────────────────────────────────────────
[2단계 분석 대상: 003670, 035720, 247540, 272210, 086520]
403870  HPSP      49,900    0.0    +0.0%    0.0x     중간  1.07  3pt/0 [일봉]
272210  한화시스템     86,100   71.4    -9.2%    0.0x     하단  6.91  2pt/0 [5분]
011200  HMM       18,580    0.0    +0.0%    0.0x     중간  5.70  5pt/0 [일봉]
015760  한국전력      36,050    0.0    +0.0%    0.0x     중간  0.27  3pt/0 [일봉]
034020  두산에너빌     87,500    0.0    +0.0%    0.0x     중간  5.62  5pt/0 [일봉]
035720  카카오       38,100   59.1    -5.5%    0.0x     하단  8.31  6pt/0 [5분]
030200  KT        52,200    0.0    +0.0%    0.0x     중간  3.36  5pt/0 [일봉]
003490  대한항공      23,700    0.0    +0.0%    0.0x     중간  2.22  5pt/0 [일봉]
004020  현대제철      32,800    0.0    +0.0%    0.0x     중간  1.98  4pt/0 [일봉]
078930  GS        69,700    0.0    +0.0%    0.0x     중간  2.38  5pt/0 [일봉]

══════════════════════════════════════════════════
⏰ 시초가 혼조 (9:30 전) — 신규 매수 중단
→ 전종목 HOLD
✅ Discord 전송 완료

[09:16] HOLD | KODEX RSI52/-9.0%⬆️⚠️ | 보유:없음 | 최고신호 카카오(035720) 6pt/3pt [강세+3.6%★★ / 호가8.3★ / RSI59]
💰 예수금 97,571원 | KODEX200 RSI52/-9.0% 상승추세⬆️ 과열⚠️ | 매수기준 점수3pt↑

코드      종목명           가격    RSI     변화율    거래량     BB   호가비  B/S
────────────────────────────────────────────────────────────────────────
[2단계 분석 대상: 003670, 035720, 272210, 247540, 055550]
403870  HPSP      49,100    0.0    +0.0%    0.0x     중간  2.20  5pt/0 [일봉]
272210  한화시스템     86,100   71.4    -9.2%    0.0x     하단  6.91  2pt/0 [5분]
011200  HMM       18,580    0.0    +0.0%    0.0x     중간  5.70  5pt/0 [일봉]
015760  한국전력      36,050    0.0    +0.0%    0.0x     중간  0.27  3pt/0 [일봉]
034020  두산에너빌     87,500    0.0    +0.0%    0.0x     중간  5.62  5pt/0 [일봉]
035720  카카오       38,100   59.1    -5.5%    0.0x     하단  8.31  6pt/0 [5분]
030200  KT        52,200    0.0    +0.0%    0.0x     중간  3.36  5pt/0 [일봉]
003490  대한항공      23,700    0.0    +0.0%    0.0x     중간  2.22  5pt/0 [일봉]
004020  현대제철      32,800    0.0    +0.0%    0.0x     중간  1.98  4pt/0 [일봉]
078930  GS        69,700    0.0    +0.0%    0.0x     중간  2.38  5pt/0 [일봉]

══════════════════════════════════════════════════
⏰ 시초가 혼조 (9:30 전) — 신규 매수 중단
→ 전종목 HOLD
✅ Discord 전송 완료

[09:18] HOLD | KODEX RSI52/-9.0%⬆️⚠️ | 보유:없음 | 최고신호 카카오(035720) 6pt/3pt [강세+3.6%★★ / 호가8.3★ / RSI59]
💰 예수금 97,571원 | KODEX200 RSI52/-9.0% 상승추세⬆️ 과열⚠️ | 매수기준 점수3pt↑

코드      종목명           가격    RSI     변화율    거래량     BB   호가비  B/S
────────────────────────────────────────────────────────────────────────
[2단계 분석 대상: 086520, 003670, 035720, 272210, 055550]
403870  HPSP      49,350    0.0    +0.0%    0.0x     중간  0.86  3pt/0 [일봉]
272210  한화시스템     86,100   71.4    -9.2%    0.0x     하단  6.91  2pt/0 [5분]
011200  HMM       18,580    0.0    +0.0%    0.0x     중간  5.70  5pt/0 [일봉]
015760  한국전력      36,050    0.0    +0.0%    0.0x     중간  0.27  3pt/0 [일봉]
034020  두산에너빌     87,500    0.0    +0.0%    0.0x     중간  5.62  5pt/0 [일봉]
035720  카카오       38,100   59.1    -5.5%    0.0x     하단  8.31  6pt/0 [5분]
030200  KT        52,200    0.0    +0.0%    0.0x     중간  3.36  5pt/0 [일봉]
003490  대한항공      23,700    0.0    +0.0%    0.0x     중간  2.22  5pt/0 [일봉]
004020  현대제철      32,800    0.0    +0.0%    0.0x     중간  1.98  4pt/0 [일봉]
078930  GS        69,700    0.0    +0.0%    0.0x     중간  2.38  5pt/0 [일봉]

══════════════════════════════════════════════════
⏰ 시초가 혼조 (9:30 전) — 신규 매수 중단
→ 전종목 HOLD
✅ Discord 전송 완료

[09:20] HOLD | KODEX RSI52/-9.0%⬆️⚠️ | 보유:없음 | 최고신호 카카오(035720) 6pt/3pt [강세+3.6%★★ / 호가8.3★ / RSI59]
💰 예수금 97,571원 | KODEX200 RSI52/-9.0% 상승추세⬆️ 과열⚠️ | 매수기준 점수3pt↑

코드      종목명           가격    RSI     변화율    거래량     BB   호가비  B/S
────────────────────────────────────────────────────────────────────────
[2단계 분석 대상: 247540, 003670, 035720, 086520, 272210]
403870  HPSP      48,850    0.0    +0.0%    0.0x     중간  2.52  5pt/0 [일봉]
272210  한화시스템     86,100   71.4    -9.2%    0.0x     하단  6.91  2pt/0 [5분]
011200  HMM       18,580    0.0    +0.0%    0.0x     중간  5.70  5pt/0 [일봉]
015760  한국전력      36,050    0.0    +0.0%    0.0x     중간  0.27  3pt/0 [일봉]
034020  두산에너빌     87,500    0.0    +0.0%    0.0x     중간  5.62  5pt/0 [일봉]
035720  카카오       38,100   59.1    -5.5%    0.0x     하단  8.31  6pt/0 [5분]
030200  KT        52,200    0.0    +0.0%    0.0x     중간  3.36  5pt/0 [일봉]
003490  대한항공      23,700    0.0    +0.0%    0.0x     중간  2.22  5pt/0 [일봉]
004020  현대제철      32,800    0.0    +0.0%    0.0x     중간  1.98  4pt/0 [일봉]
078930  GS        69,700    0.0    +0.0%    0.0x     중간  2.38  5pt/0 [일봉]

══════════════════════════════════════════════════
⏰ 시초가 혼조 (9:30 전) — 신규 매수 중단
→ 전종목 HOLD
✅ Discord 전송 완료

[09:22] HOLD | KODEX RSI52/-9.0%⬆️⚠️ | 보유:없음 | 최고신호 카카오(035720) 6pt/3pt [강세+3.6%★★ / 호가8.3★ / RSI59]
💰 예수금 97,571원 | KODEX200 RSI52/-9.0% 상승추세⬆️ 과열⚠️ | 매수기준 점수3pt↑

코드      종목명           가격    RSI     변화율    거래량     BB   호가비  B/S
────────────────────────────────────────────────────────────────────────
[2단계 분석 대상: 055550, 086790, 015760, 000150, 078930]
403870  HPSP      48,200    0.0    +0.0%    0.0x     중간  2.84  5pt/0 [일봉]
272210  한화시스템     86,000    0.0    +0.0%    0.0x     중간  3.70  5pt/0 [일봉]
011200  HMM       18,590    0.0    +0.0%    0.0x     중간  1.65  4pt/0 [일봉]
015760  한국전력      36,200   52.4    -5.4%    0.1x     하단 14.50  6pt/0 [5분]
034020  두산에너빌     87,700    0.0    +0.0%    0.0x     중간  3.93  5pt/0 [일봉]
035720  카카오       38,100    0.0    +0.0%    0.0x     중간  4.58  5pt/0 [일봉]
030200  KT        52,200    0.0    +0.0%    0.0x     중간  1.04  3pt/0 [일봉]
003490  대한항공      23,800    0.0    +0.0%    0.0x     중간  3.37  5pt/0 [일봉]
004020  현대제철      32,850    0.0    +0.0%    0.0x     중간  3.17  5pt/0 [일봉]
078930  GS        70,800   62.5    -5.9%    0.0x     하단  9.48  6pt/0 [5분]

══════════════════════════════════════════════════
⏰ 시초가 혼조 (9:30 전) — 신규 매수 중단
→ 전종목 HOLD
✅ Discord 전송 완료

[09:24] HOLD | KODEX RSI52/-9.0%⬆️⚠️ | 보유:없음 | 최고신호 한국전력(015760) 6pt/3pt [강세+3.7%★★ / 호가14.5★ / RSI52]
💰 예수금 97,571원 | KODEX200 RSI52/-9.0% 상승추세⬆️ 과열⚠️ | 매수기준 점수3pt↑

코드      종목명           가격    RSI     변화율    거래량     BB   호가비  B/S
────────────────────────────────────────────────────────────────────────
[2단계 분석 대상: 035720, 015760, 042660, 055550, 096770]
403870  HPSP      48,750    0.0    +0.0%    0.0x     중간  1.54  4pt/0 [일봉]
272210  한화시스템     86,000    0.0    +0.0%    0.0x     중간  3.15  5pt/0 [일봉]
011200  HMM       18,590    0.0    +0.0%    0.0x     중간  2.43  5pt/0 [일봉]
015760  한국전력      36,550   52.4    -5.4%    0.1x     하단 33.00  6pt/0 [5분]
034020  두산에너빌     87,700    0.0    +0.0%    0.0x     중간  4.87  5pt/0 [일봉]
035720  카카오       38,150   59.1    -5.5%    0.0x     하단 34.48  6pt/0 [5분]
030200  KT        52,200    0.0    +0.0%    0.0x     중간  0.99  3pt/0 [일봉]
003490  대한항공      23,800    0.0    +0.0%    0.0x     중간  4.35  5pt/0 [일봉]
004020  현대제철      32,850    0.0    +0.0%    0.0x     중간  2.93  5pt/0 [일봉]
078930  GS        70,700    0.0    +0.0%    0.0x     중간 10.85  5pt/0 [일봉]

══════════════════════════════════════════════════
⏰ 시초가 혼조 (9:30 전) — 신규 매수 중단
→ 전종목 HOLD
✅ Discord 전송 완료

[09:26] HOLD | KODEX RSI52/-9.0%⬆️⚠️ | 보유:없음 | 최고신호 한국전력(015760) 6pt/3pt [강세+3.7%★★ / 호가33.0★ / RSI52]
💰 예수금 97,571원 | KODEX200 RSI52/-9.0% 상승추세⬆️ 과열⚠️ | 매수기준 점수3pt↑

코드      종목명           가격    RSI     변화율    거래량     BB   호가비  B/S
────────────────────────────────────────────────────────────────────────
[2단계 분석 대상: 096770, 035720, 064350, 015760, 042660]
403870  HPSP      49,850    0.0    +0.0%    0.0x     중간  0.18  3pt/0 [일봉]
272210  한화시스템     86,000    0.0    +0.0%    0.0x     중간  3.24  5pt/0 [일봉]
011200  HMM       18,570    0.0    +0.0%    0.0x     중간  2.80  5pt/0 [일봉]
015760  한국전력      36,550   52.4    -5.4%    0.1x     하단 11.24  6pt/0 [5분]
034020  두산에너빌     87,700    0.0    +0.0%    0.0x     중간  3.87  5pt/0 [일봉]
035720  카카오       38,150   59.1    -5.5%    0.0x     하단 68.74  6pt/0 [5분]
030200  KT        52,200    0.0    +0.0%    0.0x     중간  1.11  3pt/0 [일봉]
003490  대한항공      23,800    0.0    +0.0%    0.0x     중간  8.10  5pt/0 [일봉]
004020  현대제철      32,800    0.0    +0.0%    0.0x     중간  0.43  3pt/0 [일봉]
078930  GS        71,300    0.0    +0.0%    0.0x     중간 10.25  5pt/0 [일봉]

══════════════════════════════════════════════════
⏰ 시초가 혼조 (9:30 전) — 신규 매수 중단
→ 전종목 HOLD
✅ Discord 전송 완료

[09:28] HOLD | KODEX RSI52/-9.0%⬆️⚠️ | 보유:없음 | 최고신호 한국전력(015760) 6pt/3pt [강세+3.7%★★ / 호가11.2★ / RSI52]
💰 예수금 97,571원 | KODEX200 RSI52/-9.0% 상승추세⬆️ 과열⚠️ | 매수기준 점수3pt↑

코드      종목명           가격    RSI     변화율    거래량     BB   호가비  B/S
────────────────────────────────────────────────────────────────────────
[2단계 분석 대상: 096770, 042660, 003490, 015760, 010950]
403870  HPSP      49,450    0.0    +0.0%    0.0x     중간  0.93  3pt/0 [일봉]
272210  한화시스템     86,000    0.0    +0.0%    0.0x     중간  1.52  4pt/0 [일봉]
011200  HMM       18,570    0.0    +0.0%    0.0x     중간  2.83  5pt/0 [일봉]
015760  한국전력      36,550   52.4    -5.4%    0.1x     하단 12.58  6pt/0 [5분]
034020  두산에너빌     87,700    0.0    +0.0%    0.0x     중간  6.47  5pt/0 [일봉]
035720  카카오       38,150    0.0    +0.0%    0.0x     중간  7.17  5pt/0 [일봉]
030200  KT        52,200    0.0    +0.0%    0.0x     중간  1.14  3pt/0 [일봉]
003490  대한항공      23,800   55.6    -4.8%    0.1x     하단 15.82  6pt/0 [5분]
004020  현대제철      32,800    0.0    +0.0%    0.0x     중간  1.33  4pt/0 [일봉]
078930  GS        71,300    0.0    +0.0%    0.0x     중간  7.09  5pt/0 [일봉]

══════════════════════════════════════════════════
📉 KODEX200 -9.0% 급락 — 신규 매수 중단
→ 전종목 HOLD
✅ Discord 전송 완료

[09:30] HOLD | KODEX RSI52/-9.0%⬆️⚠️ | 보유:없음 | 최고신호 한국전력(015760) 6pt/3pt [강세+3.7%★★ / 호가12.6★ / RSI52]
💰 예수금 97,571원 | KODEX200 RSI52/-9.0% 상승추세⬆️ 과열⚠️ | 매수기준 점수3pt↑

코드      종목명           가격    RSI     변화율    거래량     BB   호가비  B/S
────────────────────────────────────────────────────────────────────────
[2단계 분석 대상: 096770, 042660, 064350, 003490, 015760]
403870  HPSP      48,800    0.0    +0.0%    0.0x     중간  6.14  5pt/0 [일봉]
272210  한화시스템     85,900    0.0    +0.0%    0.0x     중간  0.68  3pt/0 [일봉]
011200  HMM       18,570    0.0    +0.0%    0.0x     중간  4.13  5pt/0 [일봉]
015760  한국전력      36,550   52.4    -5.4%    0.1x     하단  9.29  6pt/0 [5분]
034020  두산에너빌     87,700    0.0    +0.0%    0.0x     중간  8.13  5pt/0 [일봉]
035720  카카오       38,150    0.0    +0.0%    0.0x     중간  8.44  5pt/0 [일봉]
030200  KT        52,300    0.0    +0.0%    0.0x     중간  6.76  5pt/0 [일봉]
003490  대한항공      23,850   55.6    -4.8%    0.1x     하단 11.89  6pt/0 [5분]
004020  현대제철      32,800    0.0    +0.0%    0.0x     중간  1.85  4pt/0 [일봉]
078930  GS        71,300    0.0    +0.0%    0.0x     중간  2.97  5pt/0 [일봉]

══════════════════════════════════════════════════
📉 KODEX200 -9.0% 급락 — 신규 매수 중단
→ 전종목 HOLD
✅ Discord 전송 완료

[09:32] HOLD | KODEX RSI52/-9.0%⬆️⚠️ | 보유:없음 | 최고신호 한국전력(015760) 6pt/3pt [강세+3.7%★★ / 호가9.3★ / RSI52]
💰 예수금 97,571원 | KODEX200 RSI53/-7.7% 상승추세⬆️ 과열⚠️ | 매수기준 점수3pt↑

코드      종목명           가격    RSI     변화율    거래량     BB   호가비  B/S
────────────────────────────────────────────────────────────────────────
[2단계 분석 대상: 096770, 003670, 011200, 003490, 055550]
403870  HPSP      48,550    0.0    +0.0%    0.0x     중간  3.87  5pt/0 [일봉]
272210  한화시스템     87,300    0.0    +0.0%    0.0x     중간  2.99  5pt/0 [일봉]
011200  HMM       18,720   69.2    -3.2%    0.1x     하단  6.19  5pt/0 [5분]
015760  한국전력      36,650    0.0    +0.0%    0.0x     중간  2.33  5pt/0 [일봉]
034020  두산에너빌     88,800    0.0    +0.0%    0.0x     중간  0.41  3pt/0 [일봉]
035720  카카오       38,800    0.0    +0.0%    0.0x     중간  2.49  5pt/0 [일봉]
030200  KT        52,700    0.0    +0.0%    0.0x     중간  1.98  4pt/0 [일봉]
003490  대한항공      24,100   66.7    -3.2%    0.1x     하단  6.10  5pt/0 [5분]
004020  현대제철      33,700    0.0    +0.0%    0.0x     중간  0.40  3pt/0 [일봉]
078930  GS        70,700    0.0    +0.0%    0.0x     중간  4.15  5pt/0 [일봉]

══════════════════════════════════════════════════
📉 KODEX200 -7.7% 급락 — 신규 매수 중단
→ 전종목 HOLD
✅ Discord 전송 완료

[09:34] HOLD | KODEX RSI53/-7.7%⬆️⚠️ | 보유:없음 | 최고신호 HPSP(403870) 5pt/3pt [강세+7.7%★★ / 호가3.9★]
💰 예수금 97,571원 | KODEX200 RSI56/-6.1% 상승추세⬆️ 과열⚠️ | 매수기준 점수3pt↑

코드      종목명           가격    RSI     변화율    거래량     BB   호가비  B/S
────────────────────────────────────────────────────────────────────────
[2단계 분석 대상: 000150, 017670, 003490, 035720, 105560]
403870  HPSP      49,100    0.0    +0.0%    0.0x     중간  0.63  3pt/0 [일봉]
272210  한화시스템     88,400    0.0    +0.0%    0.0x     중간  1.44  4pt/0 [일봉]
011200  HMM       19,020    0.0    +0.0%    0.0x     중간  1.49  4pt/0 [일봉]
015760  한국전력      37,150    0.0    +0.0%    0.0x     중간  0.36  3pt/0 [일봉]
034020  두산에너빌     89,500    0.0    +0.0%    0.0x     중간  0.70  3pt/0 [일봉]
035720  카카오       39,350   63.2    -2.4%    0.1x     하단  2.20  6pt/0 [5분]
030200  KT        53,000    0.0    +0.0%    0.0x     중간  1.03  3pt/0 [일봉]
003490  대한항공      24,250   66.7    -2.8%    0.1x     하단  2.97  5pt/0 [5분]
004020  현대제철      33,600    0.0    +0.0%    0.0x     중간  0.67  3pt/0 [일봉]
078930  GS        72,300    0.0    +0.0%    0.0x     중간  0.38  3pt/0 [일봉]

══════════════════════════════════════════════════
📉 KODEX200 -6.1% 급락 — 신규 매수 중단
→ 전종목 HOLD
✅ Discord 전송 완료

[09:36] HOLD | KODEX RSI56/-6.1%⬆️⚠️ | 보유:없음 | 최고신호 카카오(035720) 6pt/3pt [강세+3.7%★★ / 호가2.2★ / RSI63]
💰 예수금 97,571원 | KODEX200 RSI56/-5.6% 상승추세⬆️ 과열⚠️ | 매수기준 점수3pt↑

코드      종목명           가격    RSI     변화율    거래량     BB   호가비  B/S
────────────────────────────────────────────────────────────────────────
[2단계 분석 대상: 000720, 403870, 003490, 000270, 272210]
403870  HPSP      49,300   17.5    -2.2%    0.5x     중간  2.79  5pt/0 [5분]
272210  한화시스템     88,800   71.4    -6.2%    0.1x     하단  2.20  3pt/0 [5분]
011200  HMM       19,130    0.0    +0.0%    0.0x     중간  0.88  3pt/0 [일봉]
015760  한국전력      37,050    0.0    +0.0%    0.0x     중간  0.39  3pt/0 [일봉]
034020  두산에너빌     90,000    0.0    +0.0%    0.0x     중간  1.94  4pt/0 [일봉]
035720  카카오       39,450    0.0    +0.0%    0.0x     중간  0.84  3pt/0 [일봉]
030200  KT        52,900    0.0    +0.0%    0.0x     중간  1.14  3pt/0 [일봉]
003490  대한항공      24,300   66.7    -2.2%    0.1x     하단  2.44  5pt/0 [5분]
004020  현대제철      33,800    0.0    +0.0%    0.0x     중간  1.63  4pt/0 [일봉]
078930  GS        72,700    0.0    +0.0%    0.0x     중간  0.42  3pt/0 [일봉]

══════════════════════════════════════════════════
📉 KODEX200 -5.6% 급락 — 신규 매수 중단
→ 전종목 HOLD
✅ Discord 전송 완료

[09:38] HOLD | KODEX RSI56/-5.6%⬆️⚠️ | 보유:없음 | 최고신호 HPSP(403870) 5pt/3pt [강세+3.4%★★ / 호가2.8★]
💰 예수금 97,571원 | KODEX200 RSI56/-5.5% 상승추세⬆️ 과열⚠️ | 매수기준 점수3pt↑

코드      종목명           가격    RSI     변화율    거래량     BB   호가비  B/S
────────────────────────────────────────────────────────────────────────
[2단계 분석 대상: 003670, 003490, 064350, 247540, 329180]
403870  HPSP      49,100    0.0    +0.0%    0.0x     중간  1.30  4pt/0 [일봉]
272210  한화시스템     88,600    0.0    +0.0%    0.0x     중간  1.08  3pt/0 [일봉]
011200  HMM       19,040    0.0    +0.0%    0.0x     중간  1.08  3pt/0 [일봉]
015760  한국전력      36,850    0.0    +0.0%    0.0x     중간  0.90  3pt/0 [일봉]
034020  두산에너빌     89,300    0.0    +0.0%    0.0x     중간  1.27  3pt/0 [일봉]
035720  카카오       39,050    0.0    +0.0%    0.0x     중간  0.36  3pt/0 [일봉]
030200  KT        52,700    0.0    +0.0%    0.0x     중간  1.17  3pt/0 [일봉]
003490  대한항공      24,250   60.0    -2.8%    0.1x     하단  3.85  6pt/0 [5분]
004020  현대제철      33,700    0.0    +0.0%    0.0x     중간  0.20  3pt/0 [일봉]
078930  GS        72,200    0.0    +0.0%    0.0x     중간  0.75  3pt/0 [일봉]

══════════════════════════════════════════════════
📉 KODEX200 -5.5% 급락 — 신규 매수 중단
→ 전종목 HOLD
✅ Discord 전송 완료

[09:40] HOLD | KODEX RSI56/-5.5%⬆️⚠️ | 보유:없음 | 최고신호 대한항공(003490) 6pt/3pt [강세+2.7%★★ / 호가3.9★ / RSI60]
💰 예수금 97,571원 | KODEX200 RSI55/-6.3% 상승추세⬆️ 과열⚠️ | 매수기준 점수3pt↑

코드      종목명           가격    RSI     변화율    거래량     BB   호가비  B/S
────────────────────────────────────────────────────────────────────────
[2단계 분석 대상: 034020, 096770, 003490, 086520, 003670]
403870  HPSP      49,300    0.0    +0.0%    0.0x     중간  1.58  4pt/0 [일봉]
272210  한화시스템     86,900    0.0    +0.0%    0.0x     중간  0.40  3pt/0 [일봉]
011200  HMM       18,920    0.0    +0.0%    0.0x     중간  0.59  3pt/0 [일봉]
015760  한국전력      36,500    0.0    +0.0%    0.0x     중간  1.59  4pt/0 [일봉]
034020  두산에너빌     88,400   68.8    -7.0%    0.2x     하단  6.17  3pt/0 [5분]
035720  카카오       38,750    0.0    +0.0%    0.0x     중간  0.95  3pt/0 [일봉]
030200  KT        52,900    0.0    +0.0%    0.0x     중간  1.08  3pt/0 [일봉]
003490  대한항공      24,200   60.0    -2.8%    0.1x     하단  4.71  6pt/0 [5분]
004020  현대제철      33,300    0.0    +0.0%    0.0x     중간  2.79  5pt/0 [일봉]
078930  GS        71,400    0.0    +0.0%    0.0x     중간  0.82  3pt/0 [일봉]

══════════════════════════════════════════════════
📉 KODEX200 -6.3% 급락 — 신규 매수 중단
→ 전종목 HOLD
✅ Discord 전송 완료

[09:42] HOLD | KODEX RSI55/-6.3%⬆️⚠️ | 보유:없음 | 최고신호 대한항공(003490) 6pt/3pt [강세+3.5%★★ / 호가4.7★ / RSI60]
💰 예수금 97,571원 | KODEX200 RSI55/-6.4% 상승추세⬆️ 과열⚠️ | 매수기준 점수3pt↑

코드      종목명           가격    RSI     변화율    거래량     BB   호가비  B/S
────────────────────────────────────────────────────────────────────────
[2단계 분석 대상: 086520, 096770, 064350, 003490, 000880]
403870  HPSP      49,150    0.0    +0.0%    0.0x     중간  1.54  4pt/0 [일봉]
272210  한화시스템     86,300    0.0    +0.0%    0.0x     중간  2.05  5pt/0 [일봉]
011200  HMM       18,870    0.0    +0.0%    0.0x     중간  0.39  3pt/0 [일봉]
015760  한국전력      36,350    0.0    +0.0%    0.0x     중간  3.44  5pt/0 [일봉]
034020  두산에너빌     88,200    0.0    +0.0%    0.0x     중간  2.81  5pt/0 [일봉]
035720  카카오       38,650    0.0    +0.0%    0.0x     중간  2.46  5pt/0 [일봉]
030200  KT        53,100    0.0    +0.0%    0.0x     중간  1.28  3pt/0 [일봉]
003490  대한항공      24,150   50.0    -3.0%    0.1x     하단  5.61  6pt/0 [5분]
004020  현대제철      33,050    0.0    +0.0%    0.0x     중간  2.69  5pt/0 [일봉]
078930  GS        71,100    0.0    +0.0%    0.0x     중간  1.20  3pt/0 [일봉]

══════════════════════════════════════════════════
📉 KODEX200 -6.4% 급락 — 신규 매수 중단
→ 전종목 HOLD
✅ Discord 전송 완료

[09:44] HOLD | KODEX RSI55/-6.4%⬆️⚠️ | 보유:없음 | 최고신호 대한항공(003490) 6pt/3pt [강세+3.4%★★ / 호가5.6★ / RSI50]
💰 예수금 97,571원 | KODEX200 RSI54/-7.4% 상승추세⬆️ 과열⚠️ | 매수기준 점수3pt↑

코드      종목명           가격    RSI     변화율    거래량     BB   호가비  B/S
────────────────────────────────────────────────────────────────────────
[2단계 분석 대상: 003670, 247540, 035720, 004020, 034020]
403870  HPSP      49,300    0.0    +0.0%    0.0x     중간  1.04  3pt/0 [일봉]
272210  한화시스템     85,500    0.0    +0.0%    0.0x     중간  4.31  5pt/0 [일봉]
011200  HMM       18,760    0.0    +0.0%    0.0x     중간  1.18  3pt/0 [일봉]
015760  한국전력      36,200    0.0    +0.0%    0.0x     중간  4.21  5pt/0 [일봉]
034020  두산에너빌     87,800   61.5    -8.2%    0.2x     하단  9.04  3pt/0 [5분]
035720  카카오       38,500   62.5    -4.2%    0.1x     하단 10.03  6pt/0 [5분]
030200  KT        52,800    0.0    +0.0%    0.0x     중간  1.47  4pt/0 [일봉]
003490  대한항공      24,100    0.0    +0.0%    0.0x     중간  6.04  5pt/0 [일봉]
004020  현대제철      33,100   60.0    -7.8%    0.1x     하단  9.37  3pt/0 [5분]
078930  GS        70,800    0.0    +0.0%    0.0x     중간  1.37  4pt/0 [일봉]

══════════════════════════════════════════════════
📉 KODEX200 -7.4% 급락 — 신규 매수 중단
→ 전종목 HOLD
✅ Discord 전송 완료

[09:46] HOLD | KODEX RSI54/-7.4%⬆️⚠️ | 보유:없음 | 최고신호 카카오(035720) 6pt/3pt [강세+3.2%★★ / 호가10.0★ / RSI62]
💰 예수금 97,571원 | KODEX200 RSI54/-7.3% 상승추세⬆️ 과열⚠️ | 매수기준 점수3pt↑

코드      종목명           가격    RSI     변화율    거래량     BB   호가비  B/S
────────────────────────────────────────────────────────────────────────
[2단계 분석 대상: 004020, 034020, 042660, 096770, 000270]
403870  HPSP      49,900    0.0    +0.0%    0.0x     중간  0.15  3pt/0 [일봉]
272210  한화시스템     85,400    0.0    +0.0%    0.0x     중간  5.66  5pt/0 [일봉]
011200  HMM       18,720    0.0    +0.0%    0.0x     중간  1.60  4pt/0 [일봉]
015760  한국전력      36,150    0.0    +0.0%    0.0x     중간  3.93  5pt/0 [일봉]
034020  두산에너빌     87,300   61.5    -8.6%    0.2x     하단 20.58  3pt/0 [5분]
035720  카카오       38,550    0.0    +0.0%    0.0x     중간  6.84  5pt/0 [일봉]
030200  KT        52,800    0.0    +0.0%    0.0x     중간  1.59  4pt/0 [일봉]
003490  대한항공      24,100    0.0    +0.0%    0.0x     중간  6.31  5pt/0 [일봉]
004020  현대제철      32,850   60.0    -8.5%    0.1x     하단 20.74  3pt/0 [5분]
078930  GS        70,400    0.0    +0.0%    0.0x     중간  8.06  5pt/0 [일봉]

══════════════════════════════════════════════════
📉 KODEX200 -7.3% 급락 — 신규 매수 중단
→ 전종목 HOLD
✅ Discord 전송 완료

[09:48] HOLD | KODEX RSI54/-7.3%⬆️⚠️ | 보유:없음 | 최고신호 한화시스템(272210) 5pt/3pt [강세+7.3%★★ / 호가5.7★]
💰 예수금 0원 | KODEX200 RSI54/-7.0% 상승추세⬆️ 과열⚠️ | 매수기준 점수3pt↑

코드      종목명           가격    RSI     변화율    거래량     BB   호가비  B/S
────────────────────────────────────────────────────────────────────────
[2단계 분석 대상: 096770, 042660, 034020, 086790, 003490]

══════════════════════════════════════════════════
📉 KODEX200 -7.0% 급락 — 신규 매수 중단
→ 전종목 HOLD
✅ Discord 전송 완료

[09:50] HOLD | KODEX RSI54/-7.0%⬆️⚠️ | 보유:없음 | 💸예수금부족
💰 예수금 97,571원 | KODEX200 RSI54/-6.9% 상승추세⬆️ 과열⚠️ | 매수기준 점수3pt↑

코드      종목명           가격    RSI     변화율    거래량     BB   호가비  B/S
────────────────────────────────────────────────────────────────────────
[2단계 분석 대상: 003670, 035720, 055550, 042660, 034020]
403870  HPSP      50,100    0.0    +0.0%    0.0x     중간  0.33  3pt/0 [일봉]
272210  한화시스템     85,800    0.0    +0.0%    0.0x     중간  5.41  5pt/0 [일봉]
011200  HMM       18,700    0.0    +0.0%    0.0x     중간  2.78  5pt/0 [일봉]
015760  한국전력      36,100    0.0    +0.0%    0.0x     중간  3.75  5pt/0 [일봉]
034020  두산에너빌     87,700   61.5    -8.7%    0.2x     하단  8.52  3pt/0 [5분]
035720  카카오       38,300   62.5    -4.8%    0.1x     하단 19.44  6pt/0 [5분]
030200  KT        52,800    0.0    +0.0%    0.0x     중간  1.46  4pt/0 [일봉]
003490  대한항공      24,100    0.0    +0.0%    0.0x     중간  7.73  5pt/0 [일봉]
004020  현대제철      32,950    0.0    +0.0%    0.0x     중간  4.51  5pt/0 [일봉]
078930  GS        70,500    0.0    +0.0%    0.0x     중간  3.27  5pt/0 [일봉]

══════════════════════════════════════════════════
📉 KODEX200 -6.9% 급락 — 신규 매수 중단
→ 전종목 HOLD
✅ Discord 전송 완료

[09:52] HOLD | KODEX RSI54/-6.9%⬆️⚠️ | 보유:없음 | 최고신호 카카오(035720) 6pt/3pt [강세+2.1%★★ / 호가19.4★ / RSI62]
💰 예수금 97,571원 | KODEX200 RSI53/-7.7% 상승추세⬆️ 과열⚠️ | 매수기준 점수3pt↑

코드      종목명           가격    RSI     변화율    거래량     BB   호가비  B/S
────────────────────────────────────────────────────────────────────────
[2단계 분석 대상: 035720, 272210, 064350, 078930, 005930]
403870  HPSP      49,600    0.0    +0.0%    0.0x     중간  1.26  3pt/0 [일봉]
272210  한화시스템     85,500   67.9    -9.6%    0.1x     하단 15.36  2pt/0 [5분]
011200  HMM       18,670    0.0    +0.0%    0.0x     중간  3.01  5pt/0 [일봉]
015760  한국전력      35,900    0.0    +0.0%    0.0x     중간  6.34  5pt/0 [일봉]
034020  두산에너빌     87,200    0.0    +0.0%    0.0x     중간  8.50  5pt/0 [일봉]
035720  카카오       38,300   62.5    -4.8%    0.1x     하단 38.51  6pt/0 [5분]
030200  KT        52,800    0.0    +0.0%    0.0x     중간  1.25  3pt/0 [일봉]
003490  대한항공      24,100    0.0    +0.0%    0.0x     중간  6.60  5pt/0 [일봉]
004020  현대제철      32,950    0.0    +0.0%    0.0x     중간  5.12  5pt/0 [일봉]
078930  GS        70,000   47.8    -5.7%    0.1x     하단  9.84  6pt/0 [5분]

══════════════════════════════════════════════════
📉 KODEX200 -7.7% 급락 — 신규 매수 중단
→ 전종목 HOLD
✅ Discord 전송 완료

[09:54] HOLD | KODEX RSI53/-7.7%⬆️⚠️ | 보유:없음 | 최고신호 카카오(035720) 6pt/3pt [강세+2.9%★★ / 호가38.5★ / RSI62]
🚨 [09:56:53] 에러 — 계좌 조회 실패
Server error '502 Bad Gateway' for url 'https://api.mieung.kr/kiwoom/account'
For more information check: https://developer.mozilla.org/en-US/docs/Web/HTTP/Status/502
✅ Discord 전송 완료
🚨 [09:56:53] 에러 — KODEX200 지표 조회 실패
Server error '502 Bad Gateway' for url 'https://api.mieung.kr/kiwoom/indicators/069500'
For more information check: https://developer.mozilla.org/en-US/docs/Web/HTTP/Status/502
✅ Discord 전송 완료
💰 예수금 0원 | KODEX200 RSI50/+0.0% 상승추세⬆️  | 매수기준 점수3pt↑

코드      종목명           가격    RSI     변화율    거래량     BB   호가비  B/S
────────────────────────────────────────────────────────────────────────
[2단계 분석 대상: ]

══════════════════════════════════════════════════
→ 전종목 HOLD
✅ Discord 전송 완료

[09:56] HOLD | KODEX RSI50/+0.0%⬆️ | 보유:없음 | 💸예수금부족
🚨 [09:58:54] 에러 — 계좌 조회 실패
Server error '530 <none>' for url 'https://api.mieung.kr/kiwoom/account'
For more information check: https://developer.mozilla.org/en-US/docs/Web/HTTP/Status/530
✅ Discord 전송 완료
🚨 [09:58:55] 에러 — KODEX200 지표 조회 실패
Server error '530 <none>' for url 'https://api.mieung.kr/kiwoom/indicators/069500'
For more information check: https://developer.mozilla.org/en-US/docs/Web/HTTP/Status/530
✅ Discord 전송 완료
💰 예수금 0원 | KODEX200 RSI50/+0.0% 상승추세⬆️  | 매수기준 점수3pt↑

코드      종목명           가격    RSI     변화율    거래량     BB   호가비  B/S
────────────────────────────────────────────────────────────────────────
[2단계 분석 대상: 000880]

══════════════════════════════════════════════════
→ 전종목 HOLD
✅ Discord 전송 완료

[09:58] HOLD | KODEX RSI50/+0.0%⬆️ | 보유:없음 | 💸예수금부족
💰 예수금 97,571원 | KODEX200 RSI55/-6.4% 상승추세⬆️ 과열⚠️ | 매수기준 점수3pt↑

코드      종목명           가격    RSI     변화율    거래량     BB   호가비  B/S
────────────────────────────────────────────────────────────────────────
[2단계 분석 대상: 078930, 042660, 034020, 003490, 003670]
403870  HPSP      50,200    0.0    +0.0%    0.0x     중간  0.37  3pt/0 [일봉]
272210  한화시스템     86,000    0.0    +0.0%    0.0x     중간  5.18  5pt/0 [일봉]
011200  HMM       18,740    0.0    +0.0%    0.0x     중간  2.77  5pt/0 [일봉]
015760  한국전력      36,150    0.0    +0.0%    0.0x     중간  2.00  5pt/0 [일봉]
034020  두산에너빌     87,500   88.9    -8.6%    0.2x     하단  5.72  2pt/0 [5분]
035720  카카오       38,550    0.0    +0.0%    0.0x     중간  5.15  5pt/0 [일봉]
030200  KT        52,600    0.0    +0.0%    0.0x     중간  1.26  3pt/0 [일봉]
003490  대한항공      24,150   42.9    -3.2%    0.2x     하단  5.62  5pt/0 [5분]
004020  현대제철      33,300    0.0    +0.0%    0.0x     중간  2.88  5pt/0 [일봉]
078930  GS        70,400   43.5    -5.1%    0.2x     하단 17.69  4pt/0 [5분]

══════════════════════════════════════════════════
📉 KODEX200 -6.4% 급락 — 신규 매수 중단
→ 전종목 HOLD
✅ Discord 전송 완료

[10:00] HOLD | KODEX RSI55/-6.4%⬆️⚠️ | 보유:없음 | 최고신호 한화시스템(272210) 5pt/3pt [강세+6.4%★★ / 호가5.2★]
💰 예수금 97,571원 | KODEX200 RSI55/-6.8% 상승추세⬆️ 과열⚠️ | 매수기준 점수3pt↑

코드      종목명           가격    RSI     변화율    거래량     BB   호가비  B/S
────────────────────────────────────────────────────────────────────────
[2단계 분석 대상: 078930, 105560, 042660, 055550, 000720]
403870  HPSP      49,900    0.0    +0.0%    0.0x     중간  0.41  3pt/0 [일봉]
272210  한화시스템     85,900    0.0    +0.0%    0.0x     중간  6.47  5pt/0 [일봉]
011200  HMM       18,770    0.0    +0.0%    0.0x     중간  2.97  5pt/0 [일봉]
015760  한국전력      36,150    0.0    +0.0%    0.0x     중간  2.34  5pt/0 [일봉]
034020  두산에너빌     87,400    0.0    +0.0%    0.0x     중간  3.77  5pt/0 [일봉]
035720  카카오       38,550    0.0    +0.0%    0.0x     중간  4.18  5pt/0 [일봉]
030200  KT        52,700    0.0    +0.0%    0.0x     중간  1.46  4pt/0 [일봉]
003490  대한항공      24,150    0.0    +0.0%    0.0x     중간  5.72  5pt/0 [일봉]
004020  현대제철      33,350    0.0    +0.0%    0.0x     중간  3.93  5pt/0 [일봉]
078930  GS        70,500   43.5    -4.9%    0.2x     하단 27.46  5pt/0 [5분]

══════════════════════════════════════════════════
📉 KODEX200 -6.8% 급락 — 신규 매수 중단
→ 전종목 HOLD
✅ Discord 전송 완료

[10:02] HOLD | KODEX RSI55/-6.8%⬆️⚠️ | 보유:없음 | 최고신호 한화시스템(272210) 5pt/3pt [강세+6.8%★★ / 호가6.5★]
💰 예수금 97,571원 | KODEX200 RSI55/-6.5% 상승추세⬆️ 과열⚠️ | 매수기준 점수3pt↑

코드      종목명           가격    RSI     변화율    거래량     BB   호가비  B/S
────────────────────────────────────────────────────────────────────────
[2단계 분석 대상: 042660, 035720, 004020, 078930, 000880]
403870  HPSP      50,400    0.0    +0.0%    0.0x     중간  0.30  3pt/0 [일봉]
272210  한화시스템     86,000    0.0    +0.0%    0.0x     중간  6.61  5pt/0 [일봉]
011200  HMM       18,760    0.0    +0.0%    0.0x     중간  1.73  4pt/0 [일봉]
015760  한국전력      36,200    0.0    +0.0%    0.0x     중간  2.26  5pt/0 [일봉]
034020  두산에너빌     87,300    0.0    +0.0%    0.0x     중간  4.25  5pt/0 [일봉]
035720  카카오       38,350   88.9    -4.8%    0.2x     하단 15.98  6pt/0 [5분]
030200  KT        52,700    0.0    +0.0%    0.0x     중간  1.35  4pt/0 [일봉]
003490  대한항공      24,100    0.0    +0.0%    0.0x     중간  5.58  5pt/0 [일봉]
004020  현대제철      33,200   70.5    -7.7%    0.1x     하단 10.70  2pt/0 [5분]
078930  GS        70,600   77.6    -5.0%    0.2x     하단  9.49  5pt/0 [5분]

══════════════════════════════════════════════════
📉 KODEX200 -6.5% 급락 — 신규 매수 중단
→ 전종목 HOLD
✅ Discord 전송 완료

[10:04] HOLD | KODEX RSI55/-6.5%⬆️⚠️ | 보유:없음 | 최고신호 카카오(035720) 6pt/3pt [강세+1.7%★★ / 호가16.0★ / 연속상승]
💰 예수금 97,571원 | KODEX200 RSI54/-7.3% 상승추세⬆️ 과열⚠️ | 매수기준 점수3pt↑

코드      종목명           가격    RSI     변화율    거래량     BB   호가비  B/S
────────────────────────────────────────────────────────────────────────
[2단계 분석 대상: 034020, 078930, 035720, 042660, 096770]
403870  HPSP      50,100    0.0    +0.0%    0.0x     중간  0.55  3pt/0 [일봉]
272210  한화시스템     85,900    0.0    +0.0%    0.0x     중간  7.21  5pt/0 [일봉]
011200  HMM       18,710    0.0    +0.0%    0.0x     중간  6.50  5pt/0 [일봉]
015760  한국전력      36,100    0.0    +0.0%    0.0x     중간  3.12  5pt/0 [일봉]
034020  두산에너빌     87,000   94.6    -8.9%    0.3x     하단 22.57  2pt/0 [5분]
035720  카카오       38,350   88.9    -4.7%    0.2x     하단 13.88  6pt/0 [5분]
030200  KT        52,700    0.0    +0.0%    0.0x     중간  1.16  3pt/0 [일봉]
003490  대한항공      24,100    0.0    +0.0%    0.0x     중간  7.56  5pt/0 [일봉]
004020  현대제철      33,050    0.0    +0.0%    0.0x     중간  9.97  5pt/0 [일봉]
078930  GS        70,300   77.6    -5.1%    0.2x     하단 20.90  5pt/0 [5분]

══════════════════════════════════════════════════
📉 KODEX200 -7.3% 급락 — 신규 매수 중단
→ 전종목 HOLD
✅ Discord 전송 완료

[10:06] HOLD | KODEX RSI54/-7.3%⬆️⚠️ | 보유:없음 | 최고신호 카카오(035720) 6pt/3pt [강세+2.6%★★ / 호가13.9★ / 연속상승]
💰 예수금 97,571원 | KODEX200 RSI54/-7.2% 상승추세⬆️ 과열⚠️ | 매수기준 점수3pt↑

코드      종목명           가격    RSI     변화율    거래량     BB   호가비  B/S
────────────────────────────────────────────────────────────────────────
[2단계 분석 대상: 035720, 096770, 078930, 034020, 004020]
403870  HPSP      50,400    0.0    +0.0%    0.0x     중간  0.55  3pt/0 [일봉]
272210  한화시스템     86,000    0.0    +0.0%    0.0x     중간  6.89  5pt/0 [일봉]
011200  HMM       18,680    0.0    +0.0%    0.0x     중간  1.88  4pt/0 [일봉]
015760  한국전력      36,150    0.0    +0.0%    0.0x     중간  2.81  5pt/0 [일봉]
034020  두산에너빌     87,000   94.6    -9.0%    0.3x     하단 16.51  2pt/0 [5분]
035720  카카오       38,200   88.9    -5.0%    0.2x     하단 20.06  6pt/0 [5분]
030200  KT        52,700    0.0    +0.0%    0.0x     중간  1.10  3pt/0 [일봉]
003490  대한항공      24,150    0.0    +0.0%    0.0x     중간  6.46  5pt/0 [일봉]
004020  현대제철      33,100   70.5    -7.8%    0.2x     하단  9.71  2pt/0 [5분]
078930  GS        70,200   77.6    -5.4%    0.2x     하단 17.57  5pt/0 [5분]

══════════════════════════════════════════════════
📉 KODEX200 -7.2% 급락 — 신규 매수 중단
→ 전종목 HOLD
✅ Discord 전송 완료

[10:08] HOLD | KODEX RSI54/-7.2%⬆️⚠️ | 보유:없음 | 최고신호 카카오(035720) 6pt/3pt [강세+2.3%★★ / 호가20.1★ / 연속상승]
💰 예수금 97,571원 | KODEX200 RSI54/-7.1% 상승추세⬆️ 과열⚠️ | 매수기준 점수3pt↑

코드      종목명           가격    RSI     변화율    거래량     BB   호가비  B/S
────────────────────────────────────────────────────────────────────────
[2단계 분석 대상: 096770, 078930, 035720, 042660, 064350]
403870  HPSP      50,400    0.0    +0.0%    0.0x     중간  0.66  3pt/0 [일봉]
055550  신한지주      97,100    0.0    +0.0%    0.0x     중간  1.43  4pt/0 [일봉]
272210  한화시스템     85,700    0.0    +0.0%    0.0x     중간 10.50  5pt/0 [일봉]
011200  HMM       18,630    0.0    +0.0%    0.0x     중간  6.29  5pt/0 [일봉]
015760  한국전력      36,100    0.0    +0.0%    0.0x     중간  4.29  5pt/0 [일봉]
034020  두산에너빌     87,000    0.0    +0.0%    0.0x     중간 11.90  5pt/0 [일봉]
035720  카카오       38,150   89.7    -5.2%    0.2x     하단 14.31  6pt/0 [5분]
030200  KT        52,700    0.0    +0.0%    0.0x     중간  1.10  3pt/0 [일봉]
003490  대한항공      24,050    0.0    +0.0%    0.0x     중간  8.81  5pt/0 [일봉]
004020  현대제철      33,100    0.0    +0.0%    0.0x     중간  9.92  5pt/0 [일봉]
078930  GS        70,000   78.8    -5.8%    0.2x     하단 19.06  4pt/0 [5분]

══════════════════════════════════════════════════
📉 KODEX200 -7.1% 급락 — 신규 매수 중단
→ 전종목 HOLD
✅ Discord 전송 완료

[10:10] HOLD | KODEX RSI54/-7.1%⬆️⚠️ | 보유:없음 | 최고신호 카카오(035720) 6pt/3pt [강세+1.9%★★ / 호가14.3★ / 연속상승]
💰 예수금 97,571원 | KODEX200 RSI53/-7.6% 상승추세⬆️ 과열⚠️ | 매수기준 점수3pt↑

코드      종목명           가격    RSI     변화율    거래량     BB   호가비  B/S
────────────────────────────────────────────────────────────────────────
[2단계 분석 대상: 011200, 004020, 078930, 035720, 034020]
403870  HPSP      50,300    0.0    +0.0%    0.0x     중간  0.54  3pt/0 [일봉]
055550  신한지주      97,100    0.0    +0.0%    0.0x     중간  5.28  5pt/0 [일봉]
272210  한화시스템     85,600    0.0    +0.0%    0.0x     중간  5.86  5pt/0 [일봉]
011200  HMM       18,620   78.7    -4.3%    0.2x     하단 21.31  5pt/0 [5분]
015760  한국전력      36,100    0.0    +0.0%    0.0x     중간  4.21  5pt/0 [일봉]
034020  두산에너빌     86,800   95.7    -9.3%    0.3x     하단 13.81  2pt/0 [5분]
035720  카카오       38,100   89.7    -5.5%    0.2x     하단 14.04  6pt/0 [5분]
030200  KT        52,700    0.0    +0.0%    0.0x     중간  0.99  3pt/0 [일봉]
003490  대한항공      24,000    0.0    +0.0%    0.0x     중간  8.38  5pt/0 [일봉]
004020  현대제철      33,100   77.1    -8.2%    0.2x     하단 18.88  2pt/0 [5분]
078930  GS        70,000   78.8    -5.5%    0.2x     하단 17.51  5pt/0 [5분]

══════════════════════════════════════════════════
📉 KODEX200 -7.6% 급락 — 신규 매수 중단
→ 전종목 HOLD
✅ Discord 전송 완료

[10:12] HOLD | KODEX RSI53/-7.6%⬆️⚠️ | 보유:없음 | 최고신호 카카오(035720) 6pt/3pt [강세+2.2%★★ / 호가14.0★ / 연속상승]
💰 예수금 0원 | KODEX200 RSI54/-7.2% 상승추세⬆️ 과열⚠️ | 매수기준 점수3pt↑

코드      종목명           가격    RSI     변화율    거래량     BB   호가비  B/S
────────────────────────────────────────────────────────────────────────
[2단계 분석 대상: 078930, 011200, 096770, 035720, 004020]

══════════════════════════════════════════════════
📉 KODEX200 -7.2% 급락 — 신규 매수 중단
→ 전종목 HOLD
✅ Discord 전송 완료

[10:14] HOLD | KODEX RSI54/-7.2%⬆️⚠️ | 보유:없음 | 💸예수금부족
💰 예수금 97,571원 | KODEX200 RSI54/-7.6% 상승추세⬆️ 과열⚠️ | 매수기준 점수3pt↑

코드      종목명           가격    RSI     변화율    거래량     BB   호가비  B/S
────────────────────────────────────────────────────────────────────────
[2단계 분석 대상: 011200, 096770, 078930, 035720, 000720]
403870  HPSP      50,100    0.0    +0.0%    0.0x     중간  0.65  3pt/0 [일봉]
055550  신한지주      97,400    0.0    +0.0%    0.0x     중간  1.61  4pt/0 [일봉]
272210  한화시스템     85,100    0.0    +0.0%    0.0x     중간  9.26  5pt/0 [일봉]
011200  HMM       18,570   87.5    -4.6%    0.3x     하단 57.62  6pt/0 [5분]
015760  한국전력      35,950    0.0    +0.0%    0.0x     중간  7.39  5pt/0 [일봉]
034020  두산에너빌     86,600    0.0    +0.0%    0.0x     중간  7.42  5pt/0 [일봉]
035720  카카오       38,050   90.9    -5.6%    0.2x     하단 17.72  6pt/0 [5분]
030200  KT        52,200    0.0    +0.0%    0.0x     중간  3.80  5pt/0 [일봉]
003490  대한항공      23,950    0.0    +0.0%    0.0x     중간  8.25  5pt/0 [일봉]
004020  현대제철      32,950    0.0    +0.0%    0.0x     중간 11.55  5pt/0 [일봉]
078930  GS        69,800   80.8    -5.8%    0.2x     하단 19.89  5pt/0 [5분]

══════════════════════════════════════════════════
📉 KODEX200 -7.6% 급락 — 신규 매수 중단
→ 전종목 HOLD
✅ Discord 전송 완료

[10:16] HOLD | KODEX RSI54/-7.6%⬆️⚠️ | 보유:없음 | 최고신호 HMM(011200) 6pt/3pt [강세+3.0%★★ / 호가57.6★ / 연속상승]
💰 예수금 97,571원 | KODEX200 RSI53/-7.8% 상승추세⬆️ 과열⚠️ | 매수기준 점수3pt↑

코드      종목명           가격    RSI     변화율    거래량     BB   호가비  B/S
────────────────────────────────────────────────────────────────────────
[2단계 분석 대상: 096770, 078930, 035720, 004020, 003490]
403870  HPSP      50,100    0.0    +0.0%    0.0x     중간  0.59  3pt/0 [일봉]
055550  신한지주      97,200    0.0    +0.0%    0.0x     중간  2.96  5pt/0 [일봉]
272210  한화시스템     85,200    0.0    +0.0%    0.0x     중간  6.45  5pt/0 [일봉]
011200  HMM       18,540    0.0    +0.0%    0.0x     중간  6.41  5pt/0 [일봉]
015760  한국전력      36,000    0.0    +0.0%    0.0x     중간  7.45  5pt/0 [일봉]
034020  두산에너빌     86,500    0.0    +0.0%    0.0x     중간  7.35  5pt/0 [일봉]
035720  카카오       38,050   90.9    -5.5%    0.2x     하단 20.17  6pt/0 [5분]
030200  KT        52,200    0.0    +0.0%    0.0x     중간  5.26  5pt/0 [일봉]
003490  대한항공      23,950   58.8    -3.8%    0.3x     하단  8.21  6pt/0 [5분]
004020  현대제철      32,900   82.9    -8.4%    0.2x     하단 10.06  3pt/0 [5분]
078930  GS        69,900   80.8    -5.8%    0.2x     하단 22.49  5pt/0 [5분]

══════════════════════════════════════════════════
📉 KODEX200 -7.8% 급락 — 신규 매수 중단
→ 전종목 HOLD
✅ Discord 전송 완료

[10:18] HOLD | KODEX RSI53/-7.8%⬆️⚠️ | 보유:없음 | 최고신호 카카오(035720) 6pt/3pt [강세+2.3%★★ / 호가20.2★ / 연속상승]
💰 예수금 97,571원 | KODEX200 RSI53/-7.9% 상승추세⬆️ 과열⚠️ | 매수기준 점수3pt↑

코드      종목명           가격    RSI     변화율    거래량     BB   호가비  B/S
────────────────────────────────────────────────────────────────────────
[2단계 분석 대상: 078930, 004020, 096770, 000720, 272210]
403870  HPSP      49,300    0.0    +0.0%    0.0x     중간  2.56  5pt/0 [일봉]
055550  신한지주      97,100    0.0    +0.0%    0.0x     중간  2.40  5pt/0 [일봉]
272210  한화시스템     85,400   73.8    -9.7%    0.2x     하단  9.58  3pt/0 [5분]
011200  HMM       18,540    0.0    +0.0%    0.0x     중간  7.51  5pt/0 [일봉]
015760  한국전력      35,950    0.0    +0.0%    0.0x     중간  4.96  5pt/0 [일봉]
034020  두산에너빌     86,500    0.0    +0.0%    0.0x     중간  6.69  5pt/0 [일봉]
035720  카카오       38,050    0.0    +0.0%    0.0x     중간  8.33  5pt/0 [일봉]
030200  KT        52,200    0.0    +0.0%    0.0x     중간  4.02  5pt/0 [일봉]
003490  대한항공      23,950    0.0    +0.0%    0.0x     중간  8.06  5pt/0 [일봉]
004020  현대제철      32,950   83.3    -8.6%    0.2x     하단 12.63  3pt/0 [5분]
078930  GS        69,800   71.2    -5.9%    0.2x     하단 18.56  5pt/0 [5분]

══════════════════════════════════════════════════
📉 KODEX200 -7.9% 급락 — 신규 매수 중단
→ 전종목 HOLD
✅ Discord 전송 완료

[10:20] HOLD | KODEX RSI53/-7.9%⬆️⚠️ | 보유:없음 | 최고신호 HPSP(403870) 5pt/3pt [강세+7.9%★★ / 호가2.6★]
💰 예수금 97,571원 | KODEX200 RSI54/-7.2% 상승추세⬆️ 과열⚠️ | 매수기준 점수3pt↑

코드      종목명           가격    RSI     변화율    거래량     BB   호가비  B/S
────────────────────────────────────────────────────────────────────────
[2단계 분석 대상: 011200, 035720, 000720, 096770, 078930]
403870  HPSP      49,300    0.0    +0.0%    0.0x     중간  6.18  5pt/0 [일봉]
272210  한화시스템     85,900    0.0    +0.0%    0.0x     중간  5.59  5pt/0 [일봉]
011200  HMM       18,580   87.5    -4.5%    0.3x     하단 175.19  6pt/0 [5분]
015760  한국전력      36,000    0.0    +0.0%    0.0x     중간  4.03  5pt/0 [일봉]
034020  두산에너빌     86,700    0.0    +0.0%    0.0x     중간  5.56  5pt/0 [일봉]
035720  카카오       38,150   91.5    -5.3%    0.2x     하단 26.97  6pt/0 [5분]
030200  KT        52,700    0.0    +0.0%    0.0x     중간  1.28  3pt/0 [일봉]
003490  대한항공      24,000    0.0    +0.0%    0.0x     중간  7.35  5pt/0 [일봉]
004020  현대제철      33,050    0.0    +0.0%    0.0x     중간  8.47  5pt/0 [일봉]
078930  GS        69,900   71.2    -5.8%    0.2x     하단 13.99  4pt/0 [5분]

══════════════════════════════════════════════════
📉 KODEX200 -7.2% 급락 — 신규 매수 중단
→ 전종목 HOLD
✅ Discord 전송 완료

[10:22] HOLD | KODEX RSI54/-7.2%⬆️⚠️ | 보유:없음 | 최고신호 HMM(011200) 6pt/3pt [강세+2.8%★★ / 호가175.2★ / 연속상승]
💰 예수금 97,571원 | KODEX200 RSI53/-8.1% 상승추세⬆️ 과열⚠️ | 매수기준 점수3pt↑

코드      종목명           가격    RSI     변화율    거래량     BB   호가비  B/S
────────────────────────────────────────────────────────────────────────
[2단계 분석 대상: 096770, 011200, 035720, 078930, 086790]
403870  HPSP      49,000    0.0    +0.0%    0.0x     중간  6.30  5pt/0 [일봉]
055550  신한지주      97,100    0.0    +0.0%    0.0x     중간  4.95  5pt/0 [일봉]
272210  한화시스템     85,800    0.0    +0.0%    0.0x     중간  6.29  5pt/0 [일봉]
011200  HMM       18,540   88.1    -4.8%    0.3x     하단 18.82  6pt/0 [5분]
015760  한국전력      35,900    0.0    +0.0%    0.0x     중간  4.49  5pt/0 [일봉]
034020  두산에너빌     86,100    0.0    +0.0%    0.0x     중간  8.53  5pt/0 [일봉]
035720  카카오       37,950   91.5    -5.8%    0.2x     하단 12.06  6pt/0 [5분]
030200  KT        52,200    0.0    +0.0%    0.0x     중간  4.28  5pt/0 [일봉]
003490  대한항공      23,900    0.0    +0.0%    0.0x     중간  9.15  5pt/0 [일봉]
004020  현대제철      32,900    0.0    +0.0%    0.0x     중간 10.96  5pt/0 [일봉]
078930  GS        69,700   71.2    -5.9%    0.2x     하단 11.58  5pt/0 [5분]

══════════════════════════════════════════════════
📉 KODEX200 -8.1% 급락 — 신규 매수 중단
→ 전종목 HOLD
✅ Discord 전송 완료

[10:24] HOLD | KODEX RSI53/-8.1%⬆️⚠️ | 보유:없음 | 최고신호 HMM(011200) 6pt/3pt [강세+3.3%★★ / 호가18.8★ / 연속상승]
💰 예수금 97,571원 | KODEX200 RSI53/-8.3% 상승추세⬆️ 과열⚠️ | 매수기준 점수3pt↑

코드      종목명           가격    RSI     변화율    거래량     BB   호가비  B/S
────────────────────────────────────────────────────────────────────────
[2단계 분석 대상: 035720, 096770, 004020, 055550, 003490]
403870  HPSP      48,700    0.0    +0.0%    0.0x     중간  2.51  5pt/0 [일봉]
055550  신한지주      97,100   30.6    -9.7%    0.6x     하단 10.15  2pt/0 [5분]
272210  한화시스템     85,600    0.0    +0.0%    0.0x     중간  9.19  5pt/0 [일봉]
011200  HMM       18,520    0.0    +0.0%    0.0x     중간  3.12  5pt/0 [일봉]
015760  한국전력      35,850    0.0    +0.0%    0.0x     중간  6.41  5pt/0 [일봉]
034020  두산에너빌     86,100    0.0    +0.0%    0.0x     중간  4.89  5pt/0 [일봉]
035720  카카오       37,900   91.5    -5.8%    0.2x     하단 44.26  6pt/0 [5분]
030200  KT        52,200    0.0    +0.0%    0.0x     중간  3.75  5pt/0 [일봉]
003490  대한항공      23,900   65.0    -4.2%    0.3x     하단 10.03  6pt/0 [5분]
004020  현대제철      32,850   81.8    -8.6%    0.2x     하단 12.97  3pt/0 [5분]
078930  GS        69,200    0.0    +0.0%    0.0x     중간  4.14  5pt/0 [일봉]

══════════════════════════════════════════════════
📉 KODEX200 -8.3% 급락 — 신규 매수 중단
→ 전종목 HOLD
✅ Discord 전송 완료

[10:26] HOLD | KODEX RSI53/-8.3%⬆️⚠️ | 보유:없음 | 최고신호 카카오(035720) 6pt/3pt [강세+2.5%★★ / 호가44.3★ / 연속상승]
💰 예수금 97,571원 | KODEX200 RSI52/-8.4% 상승추세⬆️ 과열⚠️ | 매수기준 점수3pt↑

코드      종목명           가격    RSI     변화율    거래량     BB   호가비  B/S
────────────────────────────────────────────────────────────────────────
[2단계 분석 대상: 035720, 034020, 403870, 003490, 004020]
403870  HPSP      48,500   35.8    -3.6%    0.8x     중간 12.40  5pt/0 [5분]
055550  신한지주      97,200    0.0    +0.0%    0.0x     중간  9.27  5pt/0 [일봉]
272210  한화시스템     85,500    0.0    +0.0%    0.0x     중간  7.66  5pt/0 [일봉]
011200  HMM       18,520    0.0    +0.0%    0.0x     중간  4.57  5pt/0 [일봉]
015760  한국전력      35,850    0.0    +0.0%    0.0x     중간  4.17  5pt/0 [일봉]
034020  두산에너빌     85,900   88.1   -10.2%    0.3x     하단 14.88  3pt/0 [5분]
035720  카카오       37,900   91.5    -5.8%    0.2x     하단 21.05  6pt/0 [5분]
030200  KT        52,100    0.0    +0.0%    0.0x     중간  3.48  5pt/0 [일봉]
003490  대한항공      23,900   65.0    -4.0%    0.3x     하단 11.14  6pt/0 [5분]
004020  현대제철      32,850   81.8    -8.4%    0.2x     하단 10.37  3pt/0 [5분]
078930  GS        69,100    0.0    +0.0%    0.0x     중간  4.97  5pt/0 [일봉]

══════════════════════════════════════════════════
📉 KODEX200 -8.4% 급락 — 신규 매수 중단
→ 전종목 HOLD
✅ Discord 전송 완료

[10:28] HOLD | KODEX RSI52/-8.4%⬆️⚠️ | 보유:없음 | 최고신호 카카오(035720) 6pt/3pt [강세+2.6%★★ / 호가21.1★ / 연속상승]
💰 예수금 97,571원 | KODEX200 RSI52/-8.6% 상승추세⬆️ 과열⚠️ | 매수기준 점수3pt↑

코드      종목명           가격    RSI     변화율    거래량     BB   호가비  B/S
────────────────────────────────────────────────────────────────────────
[2단계 분석 대상: 096770, 035720, 034020, 086790, 000270]
403870  HPSP      48,600    0.0    +0.0%    0.0x     중간 10.24  5pt/0 [일봉]
055550  신한지주      97,300    0.0    +0.0%    0.0x     중간  3.66  5pt/0 [일봉]
272210  한화시스템     85,400    0.0    +0.0%    0.0x     중간  5.15  5pt/0 [일봉]
011200  HMM       18,520    0.0    +0.0%    0.0x     중간  4.97  5pt/0 [일봉]
015760  한국전력      35,850    0.0    +0.0%    0.0x     중간  4.15  5pt/0 [일봉]
034020  두산에너빌     85,800   86.5   -10.2%    0.3x     하단 15.08  2pt/0 [5분]
035720  카카오       37,900   91.5    -6.0%    0.2x     하단 16.46  6pt/0 [5분]
030200  KT        52,100    0.0    +0.0%    0.0x     중간  3.54  5pt/0 [일봉]
003490  대한항공      23,950    0.0    +0.0%    0.0x     중간  8.07  5pt/0 [일봉]
004020  현대제철      32,900    0.0    +0.0%    0.0x     중간 10.67  5pt/0 [일봉]
078930  GS        69,200    0.0    +0.0%    0.0x     중간  7.02  5pt/0 [일봉]

══════════════════════════════════════════════════
📉 KODEX200 -8.6% 급락 — 신규 매수 중단
→ 전종목 HOLD
✅ Discord 전송 완료

[10:30] HOLD | KODEX RSI52/-8.6%⬆️⚠️ | 보유:없음 | 최고신호 카카오(035720) 6pt/3pt [강세+2.6%★★ / 호가16.5★ / 연속상승]
💰 예수금 97,571원 | KODEX200 RSI53/-8.2% 상승추세⬆️ 과열⚠️ | 매수기준 점수3pt↑

코드      종목명           가격    RSI     변화율    거래량     BB   호가비  B/S
────────────────────────────────────────────────────────────────────────
[2단계 분석 대상: 011200, 086790, 004020, 096770, 035720]
403870  HPSP      49,300    0.0    +0.0%    0.0x     중간  3.44  5pt/0 [일봉]
272210  한화시스템     85,800    0.0    +0.0%    0.0x     중간  4.35  5pt/0 [일봉]
011200  HMM       18,540   84.9    -4.6%    0.3x     하단 50.19  6pt/0 [5분]
015760  한국전력      36,000    0.0    +0.0%    0.0x     중간  6.34  5pt/0 [일봉]
034020  두산에너빌     86,300    0.0    +0.0%    0.0x     중간  4.62  5pt/0 [일봉]
035720  카카오       38,050   91.5    -5.6%    0.2x     하단 10.03  6pt/0 [5분]
030200  KT        52,400    0.0    +0.0%    0.0x     중간  3.01  5pt/0 [일봉]
003490  대한항공      23,950    0.0    +0.0%    0.0x     중간  8.55  5pt/0 [일봉]
004020  현대제철      32,900   78.5    -8.1%    0.2x     하단 11.43  2pt/0 [5분]
078930  GS        69,300    0.0    +0.0%    0.0x     중간  5.51  5pt/0 [일봉]

══════════════════════════════════════════════════
📉 KODEX200 -8.2% 급락 — 신규 매수 중단
→ 전종목 HOLD
✅ Discord 전송 완료

[10:32] HOLD | KODEX RSI53/-8.2%⬆️⚠️ | 보유:없음 | 최고신호 HMM(011200) 6pt/3pt [강세+3.6%★★ / 호가50.2★ / 연속상승]
💰 예수금 97,571원 | KODEX200 RSI53/-8.1% 상승추세⬆️ 과열⚠️ | 매수기준 점수3pt↑

코드      종목명           가격    RSI     변화율    거래량     BB   호가비  B/S
────────────────────────────────────────────────────────────────────────
[2단계 분석 대상: 011200, 096770, 035720, 247540, 004020]
403870  HPSP      48,600    0.0    +0.0%    0.0x     중간 12.45  5pt/0 [일봉]
055550  신한지주      97,400    0.0    +0.0%    0.0x     중간  3.27  5pt/0 [일봉]
272210  한화시스템     85,500    0.0    +0.0%    0.0x     중간  4.27  5pt/0 [일봉]
011200  HMM       18,540   81.9    -4.6%    0.3x     하단 93.95  6pt/0 [5분]
015760  한국전력      36,000    0.0    +0.0%    0.0x     중간  8.26  5pt/0 [일봉]
034020  두산에너빌     86,400    0.0    +0.0%    0.0x     중간  4.05  5pt/0 [일봉]
035720  카카오       38,050   91.5    -5.6%    0.2x     하단 16.50  5pt/0 [5분]
030200  KT        52,300    0.0    +0.0%    0.0x     중간  3.94  5pt/0 [일봉]
003490  대한항공      23,900    0.0    +0.0%    0.0x     중간 11.31  5pt/0 [일봉]
004020  현대제철      33,050   78.8    -7.9%    0.2x     하단 14.23  2pt/0 [5분]
078930  GS        69,200    0.0    +0.0%    0.0x     중간  3.05  5pt/0 [일봉]

══════════════════════════════════════════════════
📉 KODEX200 -8.1% 급락 — 신규 매수 중단
→ 전종목 HOLD
✅ Discord 전송 완료

[10:34] HOLD | KODEX RSI53/-8.1%⬆️⚠️ | 보유:없음 | 최고신호 HMM(011200) 6pt/3pt [강세+3.6%★★ / 호가94.0★ / 연속상승]
💰 예수금 97,571원 | KODEX200 RSI53/-8.0% 상승추세⬆️ 과열⚠️ | 매수기준 점수3pt↑

코드      종목명           가격    RSI     변화율    거래량     BB   호가비  B/S
────────────────────────────────────────────────────────────────────────
[2단계 분석 대상: 011200, 004020, 105560, 035720, 003490]
403870  HPSP      48,600    0.0    +0.0%    0.0x     중간  5.62  5pt/0 [일봉]
055550  신한지주      97,200    0.0    +0.0%    0.0x     중간  3.25  5pt/0 [일봉]
272210  한화시스템     85,200    0.0    +0.0%    0.0x     중간  4.36  5pt/0 [일봉]
011200  HMM       18,560   81.9    -4.6%    0.3x     하단 20.11  6pt/0 [5분]
015760  한국전력      35,750    0.0    +0.0%    0.0x     중간  5.80  5pt/0 [일봉]
034020  두산에너빌     86,100    0.0    +0.0%    0.0x     중간  5.10  5pt/0 [일봉]
035720  카카오       37,950   91.5    -5.7%    0.2x     하단 12.77  5pt/0 [5분]
030200  KT        52,300    0.0    +0.0%    0.0x     중간  4.50  5pt/0 [일봉]
003490  대한항공      23,900   65.9    -4.2%    0.3x     하단 10.91  5pt/0 [5분]
004020  현대제철      33,050   78.8    -8.1%    0.2x     하단 14.09  2pt/0 [5분]
078930  GS        69,000    0.0    +0.0%    0.0x     중간  3.25  5pt/0 [일봉]

══════════════════════════════════════════════════
📉 KODEX200 -8.0% 급락 — 신규 매수 중단
→ 전종목 HOLD
✅ Discord 전송 완료

[10:36] HOLD | KODEX RSI53/-8.0%⬆️⚠️ | 보유:없음 | 최고신호 HMM(011200) 6pt/3pt [강세+3.4%★★ / 호가20.1★ / 연속상승]
💰 예수금 97,571원 | KODEX200 RSI53/-8.1% 상승추세⬆️ 과열⚠️ | 매수기준 점수3pt↑

코드      종목명           가격    RSI     변화율    거래량     BB   호가비  B/S
────────────────────────────────────────────────────────────────────────
[2단계 분석 대상: 034020, 011200, 000720, 003490, 004020]
403870  HPSP      48,350    0.0    +0.0%    0.0x     중간  8.99  5pt/0 [일봉]
055550  신한지주      97,200    0.0    +0.0%    0.0x     중간  3.16  5pt/0 [일봉]
272210  한화시스템     85,000    0.0    +0.0%    0.0x     중간  3.36  5pt/0 [일봉]
011200  HMM       18,540   81.9    -4.7%    0.3x     하단 21.20  6pt/0 [5분]
015760  한국전력      35,750    0.0    +0.0%    0.0x     중간  5.53  5pt/0 [일봉]
034020  두산에너빌     85,900   86.8   -10.2%    0.4x     하단 26.76  2pt/0 [5분]
035720  카카오       37,850    0.0    +0.0%    0.0x     중간  9.38  5pt/0 [일봉]
030200  KT        52,400    0.0    +0.0%    0.0x     중간  2.86  5pt/0 [일봉]
003490  대한항공      23,900   65.9    -4.0%    0.3x     하단 11.99  5pt/0 [5분]
004020  현대제철      32,950   78.8    -8.4%    0.2x     하단  9.92  2pt/0 [5분]
078930  GS        68,900    0.0    +0.0%    0.0x     중간  5.33  5pt/0 [일봉]

══════════════════════════════════════════════════
📉 KODEX200 -8.1% 급락 — 신규 매수 중단
→ 전종목 HOLD
✅ Discord 전송 완료

[10:38] HOLD | KODEX RSI53/-8.1%⬆️⚠️ | 보유:없음 | 최고신호 HMM(011200) 6pt/3pt [강세+3.4%★★ / 호가21.2★ / 연속상승]
💰 예수금 97,571원 | KODEX200 RSI53/-7.9% 상승추세⬆️ 과열⚠️ | 매수기준 점수3pt↑

코드      종목명           가격    RSI     변화율    거래량     BB   호가비  B/S
────────────────────────────────────────────────────────────────────────
[2단계 분석 대상: 035720, 403870, 000720, 011200, 004020]
403870  HPSP      48,300   34.4    -4.2%    0.8x     중간 17.49  5pt/0 [5분]
055550  신한지주      97,000    0.0    +0.0%    0.0x     중간  2.54  5pt/0 [일봉]
272210  한화시스템     85,300    0.0    +0.0%    0.0x     중간  2.32  5pt/0 [일봉]
011200  HMM       18,540   82.3    -4.7%    0.3x     하단 14.88  6pt/0 [5분]
015760  한국전력      35,800    0.0    +0.0%    0.0x     중간 10.65  5pt/0 [일봉]
034020  두산에너빌     86,100    0.0    +0.0%    0.0x     중간  8.19  5pt/0 [일봉]
035720  카카오       37,950   85.7    -5.8%    0.2x     하단 19.13  5pt/0 [5분]
030200  KT        52,200    0.0    +0.0%    0.0x     중간  3.82  5pt/0 [일봉]
003490  대한항공      23,850    0.0    +0.0%    0.0x     중간  9.96  5pt/0 [일봉]
004020  현대제철      33,000   80.6    -8.2%    0.2x     하단 10.71  2pt/0 [5분]
078930  GS        69,100    0.0    +0.0%    0.0x     중간  6.50  5pt/0 [일봉]

══════════════════════════════════════════════════
📉 KODEX200 -7.9% 급락 — 신규 매수 중단
→ 전종목 HOLD
✅ Discord 전송 완료

[10:40] HOLD | KODEX RSI53/-7.9%⬆️⚠️ | 보유:없음 | 최고신호 HMM(011200) 6pt/3pt [강세+3.2%★★ / 호가14.9★ / 연속상승]
💰 예수금 97,571원 | KODEX200 RSI54/-7.6% 상승추세⬆️ 과열⚠️ | 매수기준 점수3pt↑

코드      종목명           가격    RSI     변화율    거래량     BB   호가비  B/S
────────────────────────────────────────────────────────────────────────
[2단계 분석 대상: 011200, 035720, 403870, 004020, 078930]
403870  HPSP      48,350   34.4    -3.5%    0.8x     중간 12.99  5pt/0 [5분]
055550  신한지주      97,500    0.0    +0.0%    0.0x     중간  3.26  5pt/0 [일봉]
272210  한화시스템     85,900    0.0    +0.0%    0.0x     중간  4.06  5pt/0 [일봉]
011200  HMM       18,570   82.3    -4.6%    0.3x     하단 28.86  6pt/0 [5분]
015760  한국전력      35,950    0.0    +0.0%    0.0x     중간  7.83  5pt/0 [일봉]
034020  두산에너빌     86,400    0.0    +0.0%    0.0x     중간  4.45  5pt/0 [일봉]
035720  카카오       38,000   85.7    -5.7%    0.3x     하단 17.28  5pt/0 [5분]
030200  KT        52,500    0.0    +0.0%    0.0x     중간  1.19  3pt/0 [일봉]
003490  대한항공      23,950    0.0    +0.0%    0.0x     중간  6.91  5pt/0 [일봉]
004020  현대제철      33,050   80.6    -8.1%    0.2x     하단 10.70  2pt/0 [5분]
078930  GS        69,500   74.6    -6.2%    0.3x     하단  8.65  4pt/0 [5분]

══════════════════════════════════════════════════
📉 KODEX200 -7.6% 급락 — 신규 매수 중단
→ 전종목 HOLD
✅ Discord 전송 완료

[10:42] HOLD | KODEX RSI54/-7.6%⬆️⚠️ | 보유:없음 | 최고신호 HMM(011200) 6pt/3pt [강세+3.0%★★ / 호가28.9★ / 연속상승]
💰 예수금 97,571원 | KODEX200 RSI54/-7.3% 상승추세⬆️ 과열⚠️ | 매수기준 점수3pt↑

코드      종목명           가격    RSI     변화율    거래량     BB   호가비  B/S
────────────────────────────────────────────────────────────────────────
[2단계 분석 대상: 035720, 011200, 004020, 015760, 003490]
403870  HPSP      48,500    0.0    +0.0%    0.0x     중간  6.85  5pt/0 [일봉]
272210  한화시스템     85,800    0.0    +0.0%    0.0x     중간  3.65  5pt/0 [일봉]
011200  HMM       18,560   81.1    -4.6%    0.3x     하단 18.56  5pt/0 [5분]
015760  한국전력      35,950   56.9    -5.6%    0.4x     하단  7.89  6pt/0 [5분]
034020  두산에너빌     86,300    0.0    +0.0%    0.0x     중간  4.70  5pt/0 [일봉]
035720  카카오       38,000   86.5    -5.6%    0.3x     하단 23.53  5pt/0 [5분]
030200  KT        52,400    0.0    +0.0%    0.0x     중간  3.07  5pt/0 [일봉]
003490  대한항공      23,950   66.7    -3.8%    0.3x     하단  7.46  5pt/0 [5분]
004020  현대제철      33,100   81.2    -7.8%    0.2x     하단 13.23  2pt/0 [5분]
078930  GS        69,400    0.0    +0.0%    0.0x     중간  4.21  5pt/0 [일봉]

══════════════════════════════════════════════════
📉 KODEX200 -7.3% 급락 — 신규 매수 중단
→ 전종목 HOLD
✅ Discord 전송 완료

[10:44] HOLD | KODEX RSI54/-7.3%⬆️⚠️ | 보유:없음 | 최고신호 한국전력(015760) 6pt/3pt [강세+1.6%★★ / 호가7.9★ / RSI57]
💰 예수금 97,571원 | KODEX200 RSI54/-7.0% 상승추세⬆️ 과열⚠️ | 매수기준 점수3pt↑

코드      종목명           가격    RSI     변화율    거래량     BB   호가비  B/S
────────────────────────────────────────────────────────────────────────
[2단계 분석 대상: 011200, 035720, 003490, 015760, 004020]
403870  HPSP      48,650    0.0    +0.0%    0.0x     중간  2.43  5pt/0 [일봉]
272210  한화시스템     85,900    0.0    +0.0%    0.0x     중간  3.51  5pt/0 [일봉]
011200  HMM       18,570   81.1    -4.5%    0.3x     하단 19.12  5pt/0 [5분]
015760  한국전력      35,900   56.9    -5.9%    0.4x     하단  8.15  5pt/0 [5분]
034020  두산에너빌     86,400    0.0    +0.0%    0.0x     중간  5.05  5pt/0 [일봉]
035720  카카오       38,050   86.5    -5.6%    0.3x     하단  9.53  4pt/0 [5분]
030200  KT        52,400    0.0    +0.0%    0.0x     중간  3.08  5pt/0 [일봉]
003490  대한항공      23,950   66.7    -3.8%    0.3x     하단  8.86  5pt/0 [5분]
004020  현대제철      33,050   81.2    -8.1%    0.2x     하단  7.13  2pt/0 [5분]
078930  GS        69,400    0.0    +0.0%    0.0x     중간  6.90  5pt/0 [일봉]

══════════════════════════════════════════════════
📉 KODEX200 -7.0% 급락 — 신규 매수 중단
→ 전종목 HOLD
✅ Discord 전송 완료

[10:46] HOLD | KODEX RSI54/-7.0%⬆️⚠️ | 보유:없음 | 최고신호 HPSP(403870) 5pt/3pt [강세+7.0%★★ / 호가2.4★]
💰 예수금 97,571원 | KODEX200 RSI54/-7.2% 상승추세⬆️ 과열⚠️ | 매수기준 점수3pt↑

코드      종목명           가격    RSI     변화율    거래량     BB   호가비  B/S
────────────────────────────────────────────────────────────────────────
[2단계 분석 대상: 011200, 403870, 035720, 034020, 004020]
403870  HPSP      48,250   56.2    -3.9%    0.8x     하단 11.91  7pt/0 [5분]
272210  한화시스템     85,900    0.0    +0.0%    0.0x     중간  3.58  5pt/0 [일봉]
011200  HMM       18,560   81.1    -4.6%    0.3x     하단 13.55  5pt/0 [5분]
015760  한국전력      35,900    0.0    +0.0%    0.0x     중간  5.86  5pt/0 [일봉]
034020  두산에너빌     86,300   89.2    -9.8%    0.4x     하단  8.55  2pt/0 [5분]
035720  카카오       38,050   86.5    -5.6%    0.3x     하단  9.37  5pt/0 [5분]
030200  KT        52,400    0.0    +0.0%    0.0x     중간  1.26  3pt/0 [일봉]
003490  대한항공      23,950    0.0    +0.0%    0.0x     중간  6.55  5pt/0 [일봉]
004020  현대제철      33,100   81.2    -8.1%    0.2x     하단  7.72  2pt/0 [5분]
078930  GS        69,500    0.0    +0.0%    0.0x     중간  5.26  5pt/0 [일봉]

══════════════════════════════════════════════════
📉 KODEX200 -7.2% 급락 — 신규 매수 중단
→ 전종목 HOLD
✅ Discord 전송 완료

[10:48] HOLD | KODEX RSI54/-7.2%⬆️⚠️ | 보유:없음 | 최고신호 HPSP(403870) 7pt/3pt [강세+3.3%★★ / 호가11.9★ / RSI56 / 연속상승]
💰 예수금 97,571원 | KODEX200 RSI54/-7.4% 상승추세⬆️ 과열⚠️ | 매수기준 점수3pt↑

코드      종목명           가격    RSI     변화율    거래량     BB   호가비  B/S
────────────────────────────────────────────────────────────────────────
[2단계 분석 대상: 034020, 011200, 403870, 035720, 247540]
403870  HPSP      48,200   51.8    -4.4%    0.8x     하단 11.74  7pt/0 [5분]
272210  한화시스템     85,800    0.0    +0.0%    0.0x     중간  3.91  5pt/0 [일봉]
011200  HMM       18,540   83.3    -4.7%    0.3x     하단 13.33  5pt/0 [5분]
015760  한국전력      35,850    0.0    +0.0%    0.0x     중간  6.68  5pt/0 [일봉]
034020  두산에너빌     86,000   90.0   -10.2%    0.4x     하단 16.07  2pt/0 [5분]
035720  카카오       37,950   85.7    -5.7%    0.3x     하단 11.47  5pt/0 [5분]
030200  KT        52,300    0.0    +0.0%    0.0x     중간  3.96  5pt/0 [일봉]
003490  대한항공      23,950    0.0    +0.0%    0.0x     중간  7.39  5pt/0 [일봉]
004020  현대제철      33,050    0.0    +0.0%    0.0x     중간  8.38  5pt/0 [일봉]
078930  GS        69,200    0.0    +0.0%    0.0x     중간  3.38  5pt/0 [일봉]

══════════════════════════════════════════════════
📉 KODEX200 -7.4% 급락 — 신규 매수 중단
→ 전종목 HOLD
✅ Discord 전송 완료

[10:50] HOLD | KODEX RSI54/-7.4%⬆️⚠️ | 보유:없음 | 최고신호 HPSP(403870) 7pt/3pt [강세+3.1%★★ / 호가11.7★ / RSI52 / 연속상승]
💰 예수금 97,571원 | KODEX200 RSI54/-6.9% 상승추세⬆️ 과열⚠️ | 매수기준 점수3pt↑

코드      종목명           가격    RSI     변화율    거래량     BB   호가비  B/S
────────────────────────────────────────────────────────────────────────
[2단계 분석 대상: 011200, 004020, 035720, 003490, 015760]
403870  HPSP      48,500    0.0    +0.0%    0.0x     중간  0.89  3pt/0 [일봉]
272210  한화시스템     86,500    0.0    +0.0%    0.0x     중간  0.71  3pt/0 [일봉]
011200  HMM       18,580   83.3    -4.5%    0.3x     하단 44.82  5pt/0 [5분]
015760  한국전력      36,000   56.9    -5.5%    0.4x     하단  8.00  5pt/0 [5분]
034020  두산에너빌     86,500    0.0    +0.0%    0.0x     중간  5.46  5pt/0 [일봉]
035720  카카오       38,100   85.7    -5.5%    0.3x     하단 12.23  4pt/0 [5분]
030200  KT        52,300    0.0    +0.0%    0.0x     중간  4.12  5pt/0 [일봉]
003490  대한항공      23,950   71.4    -3.8%    0.3x     하단  9.86  5pt/0 [5분]
004020  현대제철      33,200   82.2    -7.7%    0.2x     하단 23.85  2pt/0 [5분]
078930  GS        69,500    0.0    +0.0%    0.0x     중간  4.64  5pt/0 [일봉]

══════════════════════════════════════════════════
📉 KODEX200 -6.9% 급락 — 신규 매수 중단
→ 전종목 HOLD
✅ Discord 전송 완료

[10:52] HOLD | KODEX RSI54/-6.9%⬆️⚠️ | 보유:없음 | 최고신호 HMM(011200) 5pt/3pt [강세+2.4%★★ / 호가44.8★]
💰 예수금 97,571원 | KODEX200 RSI54/-6.9% 상승추세⬆️ 과열⚠️ | 매수기준 점수3pt↑

코드      종목명           가격    RSI     변화율    거래량     BB   호가비  B/S
────────────────────────────────────────────────────────────────────────
[2단계 분석 대상: 011200, 004020, 086790, 035720, 003490]
403870  HPSP      48,250    0.0    +0.0%    0.0x     중간  5.32  5pt/0 [일봉]
055550  신한지주      97,300    0.0    +0.0%    0.0x     중간  6.24  5pt/0 [일봉]
272210  한화시스템     86,400    0.0    +0.0%    0.0x     중간  0.90  3pt/0 [일봉]
011200  HMM       18,610   83.3    -4.4%    0.3x     하단 79.98  5pt/0 [5분]
015760  한국전력      36,000    0.0    +0.0%    0.0x     중간  6.44  5pt/0 [일봉]
034020  두산에너빌     86,400    0.0    +0.0%    0.0x     중간  6.08  5pt/0 [일봉]
035720  카카오       38,050   93.8    -5.5%    0.3x     하단  9.46  4pt/0 [5분]
030200  KT        52,300    0.0    +0.0%    0.0x     중간  6.47  5pt/0 [일봉]
003490  대한항공      24,000   72.7    -3.8%    0.3x     하단  9.13  5pt/0 [5분]
004020  현대제철      33,150   83.6    -7.7%    0.2x     하단 14.46  2pt/0 [5분]
078930  GS        69,300    0.0    +0.0%    0.0x     중간  3.72  5pt/0 [일봉]

══════════════════════════════════════════════════
📉 KODEX200 -6.9% 급락 — 신규 매수 중단
→ 전종목 HOLD
✅ Discord 전송 완료

[10:54] HOLD | KODEX RSI54/-6.9%⬆️⚠️ | 보유:없음 | 최고신호 HPSP(403870) 5pt/3pt [강세+6.9%★★ / 호가5.3★]
💰 예수금 97,571원 | KODEX200 RSI55/-6.8% 상승추세⬆️ 과열⚠️ | 매수기준 점수3pt↑

코드      종목명           가격    RSI     변화율    거래량     BB   호가비  B/S
────────────────────────────────────────────────────────────────────────
[2단계 분석 대상: 011200, 035720, 004020, 032830, 003490]
403870  HPSP      48,100    0.0    +0.0%    0.0x     중간  3.75  5pt/0 [일봉]
055550  신한지주      97,100    0.0    +0.0%    0.0x     중간  5.84  5pt/0 [일봉]
272210  한화시스템     86,300    0.0    +0.0%    0.0x     중간  0.94  3pt/0 [일봉]
011200  HMM       18,590   85.0    -4.4%    0.3x     하단 83.42  5pt/0 [5분]
015760  한국전력      35,900    0.0    +0.0%    0.0x     중간  7.87  5pt/0 [일봉]
034020  두산에너빌     86,400    0.0    +0.0%    0.0x     중간  6.46  5pt/0 [일봉]
035720  카카오       38,200   93.8    -5.1%    0.3x     하단 15.38  5pt/0 [5분]
030200  KT        52,300    0.0    +0.0%    0.0x     중간  6.30  5pt/0 [일봉]
003490  대한항공      24,000   72.7    -3.8%    0.3x     하단  8.78  5pt/0 [5분]
004020  현대제철      33,200   83.6    -7.7%    0.2x     하단 14.65  2pt/0 [5분]
078930  GS        69,400    0.0    +0.0%    0.0x     중간  3.35  5pt/0 [일봉]

══════════════════════════════════════════════════
📉 KODEX200 -6.8% 급락 — 신규 매수 중단
→ 전종목 HOLD
✅ Discord 전송 완료

[10:56] HOLD | KODEX RSI55/-6.8%⬆️⚠️ | 보유:없음 | 최고신호 HPSP(403870) 5pt/3pt [강세+6.8%★★ / 호가3.8★]
💰 예수금 97,571원 | KODEX200 RSI55/-6.6% 상승추세⬆️ 과열⚠️ | 매수기준 점수3pt↑

코드      종목명           가격    RSI     변화율    거래량     BB   호가비  B/S
────────────────────────────────────────────────────────────────────────
[2단계 분석 대상: 011200, 035720, 004020, 086520, 003490]
403870  HPSP      47,850    0.0    +0.0%    0.0x     중간  3.77  5pt/0 [일봉]
055550  신한지주      97,100    0.0    +0.0%    0.0x     중간  7.15  5pt/0 [일봉]
272210  한화시스템     86,400    0.0    +0.0%    0.0x     중간  1.33  4pt/0 [일봉]
011200  HMM       18,560   85.0    -4.6%    0.3x     하단 33.50  5pt/0 [5분]
015760  한국전력      35,950    0.0    +0.0%    0.0x     중간  6.98  5pt/0 [일봉]
034020  두산에너빌     86,200    0.0    +0.0%    0.0x     중간  4.91  5pt/0 [일봉]
035720  카카오       38,050   93.8    -5.3%    0.3x     하단 23.78  4pt/0 [5분]
030200  KT        52,300    0.0    +0.0%    0.0x     중간  5.56  5pt/0 [일봉]
003490  대한항공      23,950   72.7    -3.6%    0.3x     하단 11.17  5pt/0 [5분]
004020  현대제철      33,100   83.6    -7.8%    0.2x     하단 18.73  2pt/0 [5분]
078930  GS        69,200    0.0    +0.0%    0.0x     중간  4.39  5pt/0 [일봉]

══════════════════════════════════════════════════
📉 KODEX200 -6.6% 급락 — 신규 매수 중단
→ 전종목 HOLD
✅ Discord 전송 완료

[10:58] HOLD | KODEX RSI55/-6.6%⬆️⚠️ | 보유:없음 | 최고신호 HPSP(403870) 5pt/3pt [강세+6.6%★★ / 호가3.8★]
💰 예수금 97,571원 | KODEX200 RSI55/-6.5% 상승추세⬆️ 과열⚠️ | 매수기준 점수3pt↑

코드      종목명           가격    RSI     변화율    거래량     BB   호가비  B/S
────────────────────────────────────────────────────────────────────────
[2단계 분석 대상: 011200, 035720, 086790, 105560, 004020]
403870  HPSP      48,000    0.0    +0.0%    0.0x     중간  8.21  5pt/0 [일봉]
055550  신한지주      97,200    0.0    +0.0%    0.0x     중간  6.24  5pt/0 [일봉]
272210  한화시스템     86,400    0.0    +0.0%    0.0x     중간  1.36  4pt/0 [일봉]
011200  HMM       18,560   82.7    -4.5%    0.3x     하단 45.83  5pt/0 [5분]
015760  한국전력      36,000    0.0    +0.0%    0.0x     중간  6.22  5pt/0 [일봉]
034020  두산에너빌     86,400    0.0    +0.0%    0.0x     중간  4.45  5pt/0 [일봉]
035720  카카오       38,150   93.8    -5.3%    0.3x     하단 15.93  4pt/0 [5분]
030200  KT        52,400    0.0    +0.0%    0.0x     중간  4.58  5pt/0 [일봉]
003490  대한항공      24,000    0.0    +0.0%    0.0x     중간  8.20  5pt/0 [일봉]
004020  현대제철      33,100   85.3    -7.9%    0.2x     하단 10.23  2pt/0 [5분]
078930  GS        69,300    0.0    +0.0%    0.0x     중간  4.04  5pt/0 [일봉]

══════════════════════════════════════════════════
📉 KODEX200 -6.5% 급락 — 신규 매수 중단
→ 전종목 HOLD
✅ Discord 전송 완료

[11:00] HOLD | KODEX RSI55/-6.5%⬆️⚠️ | 보유:없음 | 최고신호 HPSP(403870) 5pt/3pt [강세+6.5%★★ / 호가8.2★]
💰 예수금 97,571원 | KODEX200 RSI55/-6.7% 상승추세⬆️ 과열⚠️ | 매수기준 점수3pt↑

코드      종목명           가격    RSI     변화율    거래량     BB   호가비  B/S
────────────────────────────────────────────────────────────────────────
[2단계 분석 대상: 086520, 004020, 035720, 011200, 064350]
403870  HPSP      47,850    0.0    +0.0%    0.0x     중간  4.13  5pt/0 [일봉]
055550  신한지주      97,000    0.0    +0.0%    0.0x     중간  8.05  5pt/0 [일봉]
272210  한화시스템     86,300    0.0    +0.0%    0.0x     중간  1.21  3pt/0 [일봉]
011200  HMM       18,550   82.7    -4.6%    0.3x     하단 14.60  5pt/0 [5분]
015760  한국전력      35,850    0.0    +0.0%    0.0x     중간  7.17  5pt/0 [일봉]
034020  두산에너빌     86,100    0.0    +0.0%    0.0x     중간  7.13  5pt/0 [일봉]
035720  카카오       38,100   93.8    -5.1%    0.3x     하단 15.30  5pt/0 [5분]
030200  KT        52,400    0.0    +0.0%    0.0x     중간  4.56  5pt/0 [일봉]
003490  대한항공      23,950    0.0    +0.0%    0.0x     중간  6.52  5pt/0 [일봉]
004020  현대제철      33,100   85.3    -7.8%    0.2x     하단 16.01  2pt/0 [5분]
078930  GS        69,200    0.0    +0.0%    0.0x     중간  5.39  5pt/0 [일봉]

══════════════════════════════════════════════════
📉 KODEX200 -6.7% 급락 — 신규 매수 중단
→ 전종목 HOLD
✅ Discord 전송 완료

[11:02] HOLD | KODEX RSI55/-6.7%⬆️⚠️ | 보유:없음 | 최고신호 HPSP(403870) 5pt/3pt [강세+6.7%★★ / 호가4.1★]
💰 예수금 97,571원 | KODEX200 RSI56/-6.1% 상승추세⬆️ 과열⚠️ | 매수기준 점수3pt↑

코드      종목명           가격    RSI     변화율    거래량     BB   호가비  B/S
────────────────────────────────────────────────────────────────────────
[2단계 분석 대상: 011200, 004020, 086520, 105560, 035720]
403870  HPSP      48,150    0.0    +0.0%    0.0x     중간  2.33  5pt/0 [일봉]
055550  신한지주      97,000    0.0    +0.0%    0.0x     중간  4.57  5pt/0 [일봉]
272210  한화시스템     86,400    0.0    +0.0%    0.0x     중간  1.03  3pt/0 [일봉]
011200  HMM       18,570   83.0    -4.6%    0.4x     하단 41.70  5pt/0 [5분]
015760  한국전력      35,950    0.0    +0.0%    0.0x     중간  5.28  5pt/0 [일봉]
034020  두산에너빌     86,300    0.0    +0.0%    0.0x     중간  6.88  5pt/0 [일봉]
035720  카카오       38,250   91.8    -5.1%    0.3x     하단 10.95  5pt/0 [5분]
030200  KT        52,500    0.0    +0.0%    0.0x     중간  1.60  4pt/0 [일봉]
003490  대한항공      23,950    0.0    +0.0%    0.0x     중간  6.24  5pt/0 [일봉]
004020  현대제철      33,200   85.3    -7.7%    0.2x     하단 16.71  2pt/0 [5분]
078930  GS        69,400    0.0    +0.0%    0.0x     중간  3.91  5pt/0 [일봉]

══════════════════════════════════════════════════
📉 KODEX200 -6.1% 급락 — 신규 매수 중단
→ 전종목 HOLD
✅ Discord 전송 완료

[11:04] HOLD | KODEX RSI56/-6.1%⬆️⚠️ | 보유:없음 | 최고신호 HPSP(403870) 5pt/3pt [강세+6.1%★★ / 호가2.3★]
💰 예수금 97,571원 | KODEX200 RSI55/-6.3% 상승추세⬆️ 과열⚠️ | 매수기준 점수3pt↑

코드      종목명           가격    RSI     변화율    거래량     BB   호가비  B/S
────────────────────────────────────────────────────────────────────────
[2단계 분석 대상: 011200, 086520, 004020, 035720, 096770]
403870  HPSP      48,150    0.0    +0.0%    0.0x     중간  1.53  4pt/0 [일봉]
055550  신한지주      96,900    0.0    +0.0%    0.0x     중간  2.28  5pt/0 [일봉]
272210  한화시스템     86,400    0.0    +0.0%    0.0x     중간  1.19  3pt/0 [일봉]
011200  HMM       18,570   83.0    -4.5%    0.4x     하단 25.08  6pt/0 [5분]
015760  한국전력      35,900    0.0    +0.0%    0.0x     중간  5.79  5pt/0 [일봉]
034020  두산에너빌     86,300    0.0    +0.0%    0.0x     중간  5.18  5pt/0 [일봉]
035720  카카오       38,200   91.8    -5.1%    0.3x     하단 10.51  5pt/0 [5분]
030200  KT        52,300    0.0    +0.0%    0.0x     중간  5.48  5pt/0 [일봉]
003490  대한항공      23,950    0.0    +0.0%    0.0x     중간  7.04  5pt/0 [일봉]
004020  현대제철      33,150   85.3    -7.7%    0.2x     하단 15.76  2pt/0 [5분]
078930  GS        69,200    0.0    +0.0%    0.0x     중간  4.03  5pt/0 [일봉]

══════════════════════════════════════════════════
📉 KODEX200 -6.3% 급락 — 신규 매수 중단
→ 전종목 HOLD
✅ Discord 전송 완료

[11:06] HOLD | KODEX RSI55/-6.3%⬆️⚠️ | 보유:없음 | 최고신호 HMM(011200) 6pt/3pt [강세+1.7%★★ / 호가25.1★ / 연속상승]
💰 예수금 97,571원 | KODEX200 RSI55/-6.2% 상승추세⬆️ 과열⚠️ | 매수기준 점수3pt↑

코드      종목명           가격    RSI     변화율    거래량     BB   호가비  B/S
────────────────────────────────────────────────────────────────────────
[2단계 분석 대상: 086520, 004020, 011200, 055550, 017670]
403870  HPSP      48,450    0.0    +0.0%    0.0x     중간  0.76  3pt/0 [일봉]
055550  신한지주      97,100   31.5    -9.7%    0.7x     하단 14.30  2pt/0 [5분]
272210  한화시스템     86,400    0.0    +0.0%    0.0x     중간  1.35  4pt/0 [일봉]
011200  HMM       18,560   83.0    -4.6%    0.4x     하단 15.58  6pt/0 [5분]
015760  한국전력      35,950    0.0    +0.0%    0.0x     중간  6.96  5pt/0 [일봉]
034020  두산에너빌     86,300    0.0    +0.0%    0.0x     중간  6.19  5pt/0 [일봉]
035720  카카오       38,350    0.0    +0.0%    0.0x     중간  6.16  5pt/0 [일봉]
030200  KT        52,300    0.0    +0.0%    0.0x     중간  5.87  5pt/0 [일봉]
003490  대한항공      23,900    0.0    +0.0%    0.0x     중간  8.90  5pt/0 [일봉]
004020  현대제철      33,150   85.3    -7.5%    0.2x     하단 17.72  2pt/0 [5분]
078930  GS        69,200    0.0    +0.0%    0.0x     중간  5.28  5pt/0 [일봉]

══════════════════════════════════════════════════
📉 KODEX200 -6.2% 급락 — 신규 매수 중단
→ 전종목 HOLD
✅ Discord 전송 완료

[11:08] HOLD | KODEX RSI55/-6.2%⬆️⚠️ | 보유:없음 | 최고신호 HMM(011200) 6pt/3pt [강세+1.6%★★ / 호가15.6★ / 연속상승]
💰 예수금 97,571원 | KODEX200 RSI55/-6.2% 상승추세⬆️ 과열⚠️ | 매수기준 점수3pt↑

코드      종목명           가격    RSI     변화율    거래량     BB   호가비  B/S
────────────────────────────────────────────────────────────────────────
[2단계 분석 대상: 011200, 086520, 055550, 004020, 003670]
403870  HPSP      48,250    0.0    +0.0%    0.0x     중간  2.24  5pt/0 [일봉]
055550  신한지주      97,400   44.3    -9.5%    0.7x     하단 14.92  2pt/0 [5분]
272210  한화시스템     86,600    0.0    +0.0%    0.0x     중간  0.63  3pt/0 [일봉]
011200  HMM       18,560   81.5    -4.6%    0.4x     하단 36.69  5pt/0 [5분]
015760  한국전력      36,050    0.0    +0.0%    0.0x     중간  3.32  5pt/0 [일봉]
034020  두산에너빌     86,600    0.0    +0.0%    0.0x     중간  3.67  5pt/0 [일봉]
035720  카카오       38,400    0.0    +0.0%    0.0x     중간  7.47  5pt/0 [일봉]
030200  KT        52,300    0.0    +0.0%    0.0x     중간  5.42  5pt/0 [일봉]
003490  대한항공      23,950    0.0    +0.0%    0.0x     중간  7.87  5pt/0 [일봉]
004020  현대제철      33,250   77.6    -7.5%    0.2x     하단 13.81  2pt/0 [5분]
078930  GS        69,200    0.0    +0.0%    0.0x     중간  6.43  5pt/0 [일봉]

══════════════════════════════════════════════════
📉 KODEX200 -6.2% 급락 — 신규 매수 중단
→ 전종목 HOLD
✅ Discord 전송 완료

[11:10] HOLD | KODEX RSI55/-6.2%⬆️⚠️ | 보유:없음 | 최고신호 HPSP(403870) 5pt/3pt [강세+6.2%★★ / 호가2.2★]
💰 예수금 97,571원 | KODEX200 RSI56/-6.1% 상승추세⬆️ 과열⚠️ | 매수기준 점수3pt↑

코드      종목명           가격    RSI     변화율    거래량     BB   호가비  B/S
────────────────────────────────────────────────────────────────────────
[2단계 분석 대상: 011200, 064350, 105560, 078930, 003490]
403870  HPSP      48,350    0.0    +0.0%    0.0x     중간  1.40  4pt/0 [일봉]
055550  신한지주      97,500    0.0    +0.0%    0.0x     중간  2.93  5pt/0 [일봉]
272210  한화시스템     86,800    0.0    +0.0%    0.0x     중간  1.33  4pt/0 [일봉]
011200  HMM       18,560   81.5    -4.5%    0.4x     하단 28.92  5pt/0 [5분]
015760  한국전력      36,150    0.0    +0.0%    0.0x     중간  2.03  5pt/0 [일봉]
034020  두산에너빌     87,000    0.0    +0.0%    0.0x     중간  1.95  4pt/0 [일봉]
035720  카카오       38,600    0.0    +0.0%    0.0x     중간  2.15  5pt/0 [일봉]
030200  KT        52,500    0.0    +0.0%    0.0x     중간  1.82  4pt/0 [일봉]
003490  대한항공      23,950   84.2    -4.0%    0.4x     하단  8.17  5pt/0 [5분]
004020  현대제철      33,350    0.0    +0.0%    0.0x     중간  3.44  5pt/0 [일봉]
078930  GS        69,400   79.2    -6.3%    0.4x     하단  8.48  3pt/0 [5분]

══════════════════════════════════════════════════
📉 KODEX200 -6.1% 급락 — 신규 매수 중단
→ 전종목 HOLD
✅ Discord 전송 완료

[11:12] HOLD | KODEX RSI56/-6.1%⬆️⚠️ | 보유:없음 | 최고신호 신한지주(055550) 5pt/3pt [강세+6.1%★★ / 호가2.9★]
💰 예수금 97,571원 | KODEX200 RSI56/-5.8% 상승추세⬆️ 과열⚠️ | 매수기준 점수3pt↑

코드      종목명           가격    RSI     변화율    거래량     BB   호가비  B/S
────────────────────────────────────────────────────────────────────────
[2단계 분석 대상: 011200, 003490, 096770, 078930, 064350]
403870  HPSP      48,450    0.0    +0.0%    0.0x     중간  1.23  3pt/0 [일봉]
272210  한화시스템     86,900    0.0    +0.0%    0.0x     중간  4.65  5pt/0 [일봉]
011200  HMM       18,580   80.7    -4.5%    0.4x     하단 169.25  4pt/0 [5분]
015760  한국전력      36,150    0.0    +0.0%    0.0x     중간  2.46  5pt/0 [일봉]
034020  두산에너빌     87,200    0.0    +0.0%    0.0x     중간  0.93  3pt/0 [일봉]
035720  카카오       38,700    0.0    +0.0%    0.0x     중간  1.03  3pt/0 [일봉]
030200  KT        52,600    0.0    +0.0%    0.0x     중간  1.41  4pt/0 [일봉]
003490  대한항공      23,950   82.4    -4.0%    0.4x     하단  8.34  5pt/0 [5분]
004020  현대제철      33,350    0.0    +0.0%    0.0x     중간  2.47  5pt/0 [일봉]
078930  GS        69,500   63.0    -6.3%    0.4x     하단  5.60  4pt/0 [5분]

══════════════════════════════════════════════════
📉 KODEX200 -5.8% 급락 — 신규 매수 중단
→ 전종목 HOLD
✅ Discord 전송 완료

[11:14] HOLD | KODEX RSI56/-5.8%⬆️⚠️ | 보유:없음 | 최고신호 한화시스템(272210) 5pt/3pt [강세+5.8%★★ / 호가4.7★]
💰 예수금 97,571원 | KODEX200 RSI56/-5.7% 상승추세⬆️ 과열⚠️ | 매수기준 점수3pt↑

코드      종목명           가격    RSI     변화율    거래량     BB   호가비  B/S
────────────────────────────────────────────────────────────────────────
[2단계 분석 대상: 011200, 086790, 003490, 078930, 096770]
403870  HPSP      48,250    0.0    +0.0%    0.0x     중간  1.66  4pt/0 [일봉]
272210  한화시스템     86,700    0.0    +0.0%    0.0x     중간  1.98  4pt/0 [일봉]
011200  HMM       18,580   80.7    -4.5%    0.4x     하단 42.19  4pt/0 [5분]
015760  한국전력      36,100    0.0    +0.0%    0.0x     중간  2.93  5pt/0 [일봉]
034020  두산에너빌     87,300    0.0    +0.0%    0.0x     중간  0.87  3pt/0 [일봉]
035720  카카오       38,750    0.0    +0.0%    0.0x     중간  0.77  3pt/0 [일봉]
030200  KT        52,500    0.0    +0.0%    0.0x     중간  1.83  4pt/0 [일봉]
003490  대한항공      23,950   82.4    -4.0%    0.4x     하단  8.34  5pt/0 [5분]
004020  현대제철      33,400    0.0    +0.0%    0.0x     중간  2.25  5pt/0 [일봉]
078930  GS        69,400   63.0    -6.3%    0.4x     하단  7.42  4pt/0 [5분]

══════════════════════════════════════════════════
📉 KODEX200 -5.7% 급락 — 신규 매수 중단
→ 전종목 HOLD
✅ Discord 전송 완료

[11:16] HOLD | KODEX RSI56/-5.7%⬆️⚠️ | 보유:없음 | 최고신호 한국전력(015760) 5pt/3pt [강세+5.7%★★ / 호가2.9★]
💰 예수금 97,571원 | KODEX200 RSI55/-6.3% 상승추세⬆️ 과열⚠️ | 매수기준 점수3pt↑

코드      종목명           가격    RSI     변화율    거래량     BB   호가비  B/S
────────────────────────────────────────────────────────────────────────
[2단계 분석 대상: 011200, 403870, 105560, 003670, 247540]
403870  HPSP      47,900   27.1    -4.8%    0.9x     하단 14.75  4pt/0 [5분]
055550  신한지주      97,500    0.0    +0.0%    0.0x     중간  5.43  5pt/0 [일봉]
272210  한화시스템     86,200    0.0    +0.0%    0.0x     중간  3.08  5pt/0 [일봉]
011200  HMM       18,560   80.7    -4.6%    0.4x     하단 20.54  5pt/0 [5분]
015760  한국전력      35,950    0.0    +0.0%    0.0x     중간  7.59  5pt/0 [일봉]
034020  두산에너빌     86,800    0.0    +0.0%    0.0x     중간  2.87  5pt/0 [일봉]
035720  카카오       38,750    0.0    +0.0%    0.0x     중간  0.77  3pt/0 [일봉]
030200  KT        52,500    0.0    +0.0%    0.0x     중간  1.78  4pt/0 [일봉]
003490  대한항공      23,900    0.0    +0.0%    0.0x     중간  8.28  5pt/0 [일봉]
004020  현대제철      33,300    0.0    +0.0%    0.0x     중간  8.45  5pt/0 [일봉]
078930  GS        69,300    0.0    +0.0%    0.0x     중간  4.32  5pt/0 [일봉]

══════════════════════════════════════════════════
📉 KODEX200 -6.3% 급락 — 신규 매수 중단
→ 전종목 HOLD
✅ Discord 전송 완료

[11:18] HOLD | KODEX RSI55/-6.3%⬆️⚠️ | 보유:없음 | 최고신호 신한지주(055550) 5pt/3pt [강세+6.3%★★ / 호가5.4★]
💰 예수금 97,571원 | KODEX200 RSI55/-6.4% 상승추세⬆️ 과열⚠️ | 매수기준 점수3pt↑

코드      종목명           가격    RSI     변화율    거래량     BB   호가비  B/S
────────────────────────────────────────────────────────────────────────
[2단계 분석 대상: 403870, 004020, 105560, 086790, 086520]
403870  HPSP      47,950   30.4    -5.1%    0.9x     하단 23.20  5pt/0 [5분]
055550  신한지주      97,500    0.0    +0.0%    0.0x     중간  4.05  5pt/0 [일봉]
272210  한화시스템     86,300    0.0    +0.0%    0.0x     중간  1.64  4pt/0 [일봉]
011200  HMM       18,550    0.0    +0.0%    0.0x     중간  4.66  5pt/0 [일봉]
015760  한국전력      35,950    0.0    +0.0%    0.0x     중간  7.42  5pt/0 [일봉]
034020  두산에너빌     86,700    0.0    +0.0%    0.0x     중간  6.31  5pt/0 [일봉]
035720  카카오       38,750    0.0    +0.0%    0.0x     중간  1.09  3pt/0 [일봉]
030200  KT        52,500    0.0    +0.0%    0.0x     중간  1.70  4pt/0 [일봉]
003490  대한항공      23,900    0.0    +0.0%    0.0x     중간  8.50  5pt/0 [일봉]
004020  현대제철      33,150   88.2    -7.8%    0.2x     하단 14.94  3pt/0 [5분]
078930  GS        69,300    0.0    +0.0%    0.0x     중간  8.31  5pt/0 [일봉]

══════════════════════════════════════════════════
📉 KODEX200 -6.4% 급락 — 신규 매수 중단
→ 전종목 HOLD
✅ Discord 전송 완료

[11:20] HOLD | KODEX RSI55/-6.4%⬆️⚠️ | 보유:없음 | 최고신호 HPSP(403870) 5pt/3pt [강세+1.3%★ / 호가23.2★ / 연속상승]
💰 예수금 97,571원 | KODEX200 RSI55/-6.1% 상승추세⬆️ 과열⚠️ | 매수기준 점수3pt↑

코드      종목명           가격    RSI     변화율    거래량     BB   호가비  B/S
────────────────────────────────────────────────────────────────────────
[2단계 분석 대상: 004020, 105560, 003490, 403870, 096770]
403870  HPSP      47,550   30.4    -5.4%    0.9x     하단  7.85  5pt/0 [5분]
272210  한화시스템     86,300    0.0    +0.0%    0.0x     중간  1.69  4pt/0 [일봉]
011200  HMM       18,550    0.0    +0.0%    0.0x     중간  5.00  5pt/0 [일봉]
015760  한국전력      36,050    0.0    +0.0%    0.0x     중간  3.20  5pt/0 [일봉]
034020  두산에너빌     86,900    0.0    +0.0%    0.0x     중간  4.32  5pt/0 [일봉]
035720  카카오       38,800    0.0    +0.0%    0.0x     중간  0.82  3pt/0 [일봉]
030200  KT        52,500    0.0    +0.0%    0.0x     중간  1.70  4pt/0 [일봉]
003490  대한항공      23,950   93.3    -4.0%    0.4x     하단  8.98  6pt/0 [5분]
004020  현대제철      33,250   88.2    -7.5%    0.2x     하단 12.67  3pt/0 [5분]
078930  GS        69,300    0.0    +0.0%    0.0x     중간  5.33  5pt/0 [일봉]

══════════════════════════════════════════════════
📉 KODEX200 -6.1% 급락 — 신규 매수 중단
→ 전종목 HOLD
✅ Discord 전송 완료

[11:22] HOLD | KODEX RSI55/-6.1%⬆️⚠️ | 보유:없음 | 최고신호 대한항공(003490) 6pt/3pt [강세+2.1%★★ / 호가9.0★ / 연속상승]
💰 예수금 97,571원 | KODEX200 RSI56/-5.6% 상승추세⬆️ 과열⚠️ | 매수기준 점수3pt↑

코드      종목명           가격    RSI     변화율    거래량     BB   호가비  B/S
────────────────────────────────────────────────────────────────────────
[2단계 분석 대상: 011200, 403870, 105560, 003490, 078930]
403870  HPSP      47,850   26.0    -4.8%    0.9x     중간 14.61  4pt/0 [5분]
272210  한화시스템     86,500    0.0    +0.0%    0.0x     중간  2.13  5pt/0 [일봉]
011200  HMM       18,600   93.6    -4.4%    0.4x     하단 87.69  5pt/0 [5분]
015760  한국전력      36,150    0.0    +0.0%    0.0x     중간  2.81  5pt/0 [일봉]
034020  두산에너빌     87,300    0.0    +0.0%    0.0x     중간  0.76  3pt/0 [일봉]
035720  카카오       39,000    0.0    +0.0%    0.0x     중간  1.19  3pt/0 [일봉]
030200  KT        52,500    0.0    +0.0%    0.0x     중간  1.81  4pt/0 [일봉]
003490  대한항공      23,950   92.3    -3.6%    0.4x     하단  9.04  6pt/0 [5분]
004020  현대제철      33,400    0.0    +0.0%    0.0x     중간  2.44  5pt/0 [일봉]
078930  GS        69,600   62.2    -6.1%    0.4x     하단  6.03  3pt/0 [5분]

══════════════════════════════════════════════════
📉 KODEX200 -5.6% 급락 — 신규 매수 중단
→ 전종목 HOLD
✅ Discord 전송 완료

[11:24] HOLD | KODEX RSI56/-5.6%⬆️⚠️ | 보유:없음 | 최고신호 대한항공(003490) 6pt/3pt [강세+2.0%★★ / 호가9.0★ / 연속상승]
💰 예수금 97,571원 | KODEX200 RSI57/-5.4% 상승추세⬆️ 과열⚠️ | 매수기준 점수3pt↑

코드      종목명           가격    RSI     변화율    거래량     BB   호가비  B/S
────────────────────────────────────────────────────────────────────────
[2단계 분석 대상: 011200, 403870, 096770, 003490, 105560]
403870  HPSP      47,900   26.0    -4.7%    0.9x     중간 12.46  4pt/0 [5분]
272210  한화시스템     86,500    0.0    +0.0%    0.0x     중간  2.40  5pt/0 [일봉]
011200  HMM       18,620   88.8    -4.4%    0.4x     하단 15.98  5pt/0 [5분]
015760  한국전력      36,200    0.0    +0.0%    0.0x     중간  2.51  5pt/0 [일봉]
034020  두산에너빌     87,400    0.0    +0.0%    0.0x     중간  0.59  3pt/0 [일봉]
035720  카카오       39,100    0.0    +0.0%    0.0x     중간  0.90  3pt/0 [일봉]
030200  KT        52,500    0.0    +0.0%    0.0x     중간  1.78  4pt/0 [일봉]
003490  대한항공      24,050   92.3    -3.6%    0.4x     하단  5.70  6pt/0 [5분]
004020  현대제철      33,400    0.0    +0.0%    0.0x     중간  4.23  5pt/0 [일봉]
078930  GS        69,600    0.0    +0.0%    0.0x     중간  4.70  5pt/0 [일봉]

══════════════════════════════════════════════════
📉 KODEX200 -5.4% 급락 — 신규 매수 중단
→ 전종목 HOLD
✅ Discord 전송 완료

[11:26] HOLD | KODEX RSI57/-5.4%⬆️⚠️ | 보유:없음 | 최고신호 대한항공(003490) 6pt/3pt [강세+1.8%★★ / 호가5.7★ / 연속상승]
💰 예수금 97,571원 | KODEX200 RSI57/-5.2% 상승추세⬆️ 과열⚠️ | 매수기준 점수3pt↑

코드      종목명           가격    RSI     변화율    거래량     BB   호가비  B/S
────────────────────────────────────────────────────────────────────────
[2단계 분석 대상: 011200, 017670, 003490, 010950, 086790]
403870  HPSP      48,200    0.0    +0.0%    0.0x     중간  1.62  4pt/0 [일봉]
272210  한화시스템     86,600    0.0    +0.0%    0.0x     중간  2.20  5pt/0 [일봉]
011200  HMM       18,610   88.8    -4.4%    0.4x     하단 18.85  5pt/0 [5분]
015760  한국전력      36,200    0.0    +0.0%    0.0x     중간  2.36  5pt/0 [일봉]
034020  두산에너빌     87,200    0.0    +0.0%    0.0x     중간  0.71  3pt/0 [일봉]
035720  카카오       39,050    0.0    +0.0%    0.0x     중간  0.79  3pt/0 [일봉]
030200  KT        52,500    0.0    +0.0%    0.0x     중간  1.78  4pt/0 [일봉]
003490  대한항공      24,000   92.3    -3.6%    0.4x     하단  8.08  6pt/0 [5분]
004020  현대제철      33,350    0.0    +0.0%    0.0x     중간  3.09  5pt/0 [일봉]
078930  GS        69,600    0.0    +0.0%    0.0x     중간  4.03  5pt/0 [일봉]

══════════════════════════════════════════════════
📉 KODEX200 -5.2% 급락 — 신규 매수 중단
→ 전종목 HOLD
✅ Discord 전송 완료

[11:28] HOLD | KODEX RSI57/-5.2%⬆️⚠️ | 보유:없음 | 최고신호 대한항공(003490) 6pt/3pt [강세+1.6%★★ / 호가8.1★ / 연속상승]
💰 예수금 97,571원 | KODEX200 RSI57/-4.9% 상승추세⬆️ 과열⚠️ | 매수기준 점수3pt↑

코드      종목명           가격    RSI     변화율    거래량     BB   호가비  B/S
────────────────────────────────────────────────────────────────────────
[2단계 분석 대상: 011200, 017670, 096770, 003490, 086790]
403870  HPSP      48,350    0.0    +0.0%    0.0x     중간  0.68  3pt/0 [일봉]
272210  한화시스템     87,200    0.0    +0.0%    0.0x     중간  1.27  3pt/0 [일봉]
011200  HMM       18,610   57.5    -4.3%    0.4x     하단 14.91  6pt/0 [5분]
015760  한국전력      36,250    0.0    +0.0%    0.0x     중간  2.73  5pt/0 [일봉]
034020  두산에너빌     87,300    0.0    +0.0%    0.0x     중간  1.02  3pt/0 [일봉]
035720  카카오       38,850    0.0    +0.0%    0.0x     중간  1.70  4pt/0 [일봉]
030200  KT        52,500    0.0    +0.0%    0.0x     중간  1.81  4pt/0 [일봉]
003490  대한항공      24,050   78.6    -3.4%    0.4x     하단  6.68  5pt/0 [5분]
004020  현대제철      33,350    0.0    +0.0%    0.0x     중간  3.04  5pt/0 [일봉]
078930  GS        69,700    0.0    +0.0%    0.0x     중간  4.89  5pt/0 [일봉]

══════════════════════════════════════════════════
⏰ 점심시간 (11:30~13:30) — 신규 매수 중단
→ 전종목 HOLD
✅ Discord 전송 완료

[11:30] HOLD | KODEX RSI57/-4.9%⬆️⚠️ | 보유:없음 | 최고신호 HMM(011200) 6pt/3pt [강세+0.6%★ / 호가14.9★ / RSI58 / 연속상승]
💰 예수금 97,571원 | KODEX200 RSI56/-5.4% 상승추세⬆️ 과열⚠️ | 매수기준 점수3pt↑

코드      종목명           가격    RSI     변화율    거래량     BB   호가비  B/S
────────────────────────────────────────────────────────────────────────
[2단계 분석 대상: 011200, 086790, 003490, 105560, 078930]
403870  HPSP      48,100    0.0    +0.0%    0.0x     중간  3.22  5pt/0 [일봉]
272210  한화시스템     87,200    0.0    +0.0%    0.0x     중간  1.52  4pt/0 [일봉]
011200  HMM       18,630   57.5    -4.3%    0.4x     하단 15.02  6pt/0 [5분]
015760  한국전력      36,300    0.0    +0.0%    0.0x     중간  2.69  5pt/0 [일봉]
034020  두산에너빌     87,400    0.0    +0.0%    0.0x     중간  1.26  3pt/0 [일봉]
035720  카카오       38,800    0.0    +0.0%    0.0x     중간  1.56  4pt/0 [일봉]
030200  KT        52,500    0.0    +0.0%    0.0x     중간  1.85  4pt/0 [일봉]
003490  대한항공      24,050   78.6    -3.4%    0.4x     하단  6.93  6pt/0 [5분]
004020  현대제철      33,350    0.0    +0.0%    0.0x     중간  3.30  5pt/0 [일봉]
078930  GS        69,700   78.9    -5.9%    0.4x     하단  4.69  3pt/0 [5분]

══════════════════════════════════════════════════
⏰ 점심시간 (11:30~13:30) — 신규 매수 중단
→ 전종목 HOLD
✅ Discord 전송 완료

[11:32] HOLD | KODEX RSI56/-5.4%⬆️⚠️ | 보유:없음 | 최고신호 HMM(011200) 6pt/3pt [강세+1.1%★ / 호가15.0★ / RSI58 / 연속상승]
💰 예수금 97,571원 | KODEX200 RSI57/-4.9% 상승추세⬆️ 과열⚠️ | 매수기준 점수3pt↑

코드      종목명           가격    RSI     변화율    거래량     BB   호가비  B/S
────────────────────────────────────────────────────────────────────────
[2단계 분석 대상: 011200, 003490, 086790, 017670, 078930]
403870  HPSP      48,150    0.0    +0.0%    0.0x     중간  3.59  5pt/0 [일봉]
272210  한화시스템     87,300    0.0    +0.0%    0.0x     중간  1.51  4pt/0 [일봉]
011200  HMM       18,620   57.5    -4.3%    0.4x     하단 15.92  6pt/0 [5분]
015760  한국전력      36,450    0.0    +0.0%    0.0x     중간  1.54  4pt/0 [일봉]
034020  두산에너빌     87,700    0.0    +0.0%    0.0x     중간  0.95  3pt/0 [일봉]
035720  카카오       39,000    0.0    +0.0%    0.0x     중간  1.64  4pt/0 [일봉]
030200  KT        52,500    0.0    +0.0%    0.0x     중간  1.96  4pt/0 [일봉]
003490  대한항공      24,050   66.7    -3.6%    0.4x     하단  6.85  5pt/0 [5분]
004020  현대제철      33,450    0.0    +0.0%    0.0x     중간  1.86  4pt/0 [일봉]
078930  GS        69,700   70.0    -6.1%    0.4x     하단  4.06  3pt/0 [5분]

══════════════════════════════════════════════════
⏰ 점심시간 (11:30~13:30) — 신규 매수 중단
→ 전종목 HOLD
✅ Discord 전송 완료

[11:34] HOLD | KODEX RSI57/-4.9%⬆️⚠️ | 보유:없음 | 최고신호 HMM(011200) 6pt/3pt [강세+0.7%★ / 호가15.9★ / RSI58 / 연속상승]
💰 예수금 97,571원 | KODEX200 RSI56/-5.4% 상승추세⬆️ 과열⚠️ | 매수기준 점수3pt↑

코드      종목명           가격    RSI     변화율    거래량     BB   호가비  B/S
────────────────────────────────────────────────────────────────────────
[2단계 분석 대상: 011200, 247540, 096770, 105560, 003490]
403870  HPSP      48,250    0.0    +0.0%    0.0x     중간  2.26  5pt/0 [일봉]
272210  한화시스템     87,300    0.0    +0.0%    0.0x     중간  1.91  4pt/0 [일봉]
011200  HMM       18,570   52.1    -4.5%    0.4x     하단 48.98  5pt/0 [5분]
015760  한국전력      36,250    0.0    +0.0%    0.0x     중간  3.06  5pt/0 [일봉]
034020  두산에너빌     87,500    0.0    +0.0%    0.0x     중간  1.30  4pt/0 [일봉]
035720  카카오       38,850    0.0    +0.0%    0.0x     중간  1.77  4pt/0 [일봉]
030200  KT        52,500    0.0    +0.0%    0.0x     중간  1.88  4pt/0 [일봉]
003490  대한항공      24,050   66.7    -3.6%    0.4x     하단  5.92  6pt/0 [5분]
004020  현대제철      33,450    0.0    +0.0%    0.0x     중간  2.90  5pt/0 [일봉]
078930  GS        69,400    0.0    +0.0%    0.0x     중간  3.39  5pt/0 [일봉]

══════════════════════════════════════════════════
⏰ 점심시간 (11:30~13:30) — 신규 매수 중단
→ 전종목 HOLD
✅ Discord 전송 완료

[11:36] HOLD | KODEX RSI56/-5.4%⬆️⚠️ | 보유:없음 | 최고신호 대한항공(003490) 6pt/3pt [강세+1.8%★★ / 호가5.9★ / 연속상승]
💰 예수금 97,571원 | KODEX200 RSI57/-4.9% 상승추세⬆️ 과열⚠️ | 매수기준 점수3pt↑

코드      종목명           가격    RSI     변화율    거래량     BB   호가비  B/S
────────────────────────────────────────────────────────────────────────
[2단계 분석 대상: 011200, 017670, 105560, 003490, 010950]
403870  HPSP      48,150    0.0    +0.0%    0.0x     중간  2.30  5pt/0 [일봉]
272210  한화시스템     87,200    0.0    +0.0%    0.0x     중간  1.99  4pt/0 [일봉]
011200  HMM       18,590   52.1    -4.5%    0.4x     하단 64.10  5pt/0 [5분]
015760  한국전력      36,350    0.0    +0.0%    0.0x     중간  2.31  5pt/0 [일봉]
034020  두산에너빌     87,700    0.0    +0.0%    0.0x     중간  1.07  3pt/0 [일봉]
035720  카카오       38,800    0.0    +0.0%    0.0x     중간  2.22  5pt/0 [일봉]
030200  KT        52,500    0.0    +0.0%    0.0x     중간  1.84  4pt/0 [일봉]
003490  대한항공      24,100   66.7    -3.4%    0.4x     하단  5.45  5pt/0 [5분]
004020  현대제철      33,450    0.0    +0.0%    0.0x     중간  2.50  5pt/0 [일봉]
078930  GS        69,600    0.0    +0.0%    0.0x     중간  3.03  5pt/0 [일봉]

══════════════════════════════════════════════════
⏰ 점심시간 (11:30~13:30) — 신규 매수 중단
→ 전종목 HOLD
✅ Discord 전송 완료

[11:38] HOLD | KODEX RSI57/-4.9%⬆️⚠️ | 보유:없음 | 최고신호 HPSP(403870) 5pt/3pt [강세+4.9%★★ / 호가2.3★]
💰 예수금 97,571원 | KODEX200 RSI58/-4.6% 상승추세⬆️ 과열⚠️ | 매수기준 점수3pt↑

코드      종목명           가격    RSI     변화율    거래량     BB   호가비  B/S
────────────────────────────────────────────────────────────────────────
[2단계 분석 대상: 011200, 003490, 247540, 086790, 064350]
403870  HPSP      48,350    0.0    +0.0%    0.0x     중간  1.55  4pt/0 [일봉]
055550  신한지주      97,200    0.0    +0.0%    0.0x     중간  4.05  5pt/0 [일봉]
272210  한화시스템     87,200    0.0    +0.0%    0.0x     중간  2.56  5pt/0 [일봉]
011200  HMM       18,580   44.3    -4.5%    0.4x     하단 23.85  2pt/0 [5분]
015760  한국전력      36,250    0.0    +0.0%    0.0x     중간  3.49  5pt/0 [일봉]
034020  두산에너빌     87,600    0.0    +0.0%    0.0x     중간  1.20  3pt/0 [일봉]
035720  카카오       38,950    0.0    +0.0%    0.0x     중간  2.20  5pt/0 [일봉]
030200  KT        52,500    0.0    +0.0%    0.0x     중간  1.83  4pt/0 [일봉]
003490  대한항공      24,000   53.8    -3.8%    0.4x     하단  9.65  6pt/0 [5분]
004020  현대제철      33,450    0.0    +0.0%    0.0x     중간  2.72  5pt/0 [일봉]
078930  GS        69,600    0.0    +0.0%    0.0x     중간  5.09  5pt/0 [일봉]

══════════════════════════════════════════════════
⏰ 점심시간 (11:30~13:30) — 신규 매수 중단
→ 전종목 HOLD
✅ Discord 전송 완료

[11:40] HOLD | KODEX RSI58/-4.6%⬆️⚠️ | 보유:없음 | 최고신호 대한항공(003490) 6pt/3pt [강세+0.8%★ / 호가9.7★ / RSI54 / 연속상승]
💰 예수금 97,571원 | KODEX200 RSI58/-4.5% 상승추세⬆️ 과열⚠️ | 매수기준 점수3pt↑

코드      종목명           가격    RSI     변화율    거래량     BB   호가비  B/S
────────────────────────────────────────────────────────────────────────
[2단계 분석 대상: 011200, 078930, 055550, 086790, 003490]
403870  HPSP      48,300    0.0    +0.0%    0.0x     중간  2.79  5pt/0 [일봉]
272210  한화시스템     87,700    0.0    +0.0%    0.0x     중간  3.01  5pt/0 [일봉]
011200  HMM       18,590   44.3    -4.1%    0.4x     하단 179.12  4pt/0 [5분]
015760  한국전력      36,250    0.0    +0.0%    0.0x     중간  3.35  5pt/0 [일봉]
034020  두산에너빌     87,900    0.0    +0.0%    0.0x     중간  0.85  3pt/0 [일봉]
035720  카카오       39,000    0.0    +0.0%    0.0x     중간  1.93  4pt/0 [일봉]
030200  KT        52,500    0.0    +0.0%    0.0x     중간  1.76  4pt/0 [일봉]
003490  대한항공      24,100   53.8    -3.2%    0.4x     하단  5.27  6pt/0 [5분]
004020  현대제철      33,600    0.0    +0.0%    0.0x     중간  0.60  3pt/0 [일봉]
078930  GS        69,700   63.6    -6.2%    0.4x     하단  6.28  4pt/0 [5분]

══════════════════════════════════════════════════
⏰ 점심시간 (11:30~13:30) — 신규 매수 중단
→ 전종목 HOLD
✅ Discord 전송 완료

[11:42] HOLD | KODEX RSI58/-4.5%⬆️⚠️ | 보유:없음 | 최고신호 대한항공(003490) 6pt/3pt [강세+1.2%★ / 호가5.3★ / RSI54 / 연속상승]
💰 예수금 97,571원 | KODEX200 RSI58/-4.2% 상승추세⬆️ 과열⚠️ | 매수기준 점수3pt↑

코드      종목명           가격    RSI     변화율    거래량     BB   호가비  B/S
────────────────────────────────────────────────────────────────────────
[2단계 분석 대상: 011200, 003490, 017670, 055550, 086790]
403870  HPSP      48,500    0.0    +0.0%    0.0x     중간  1.52  4pt/0 [일봉]
272210  한화시스템     87,900    0.0    +0.0%    0.0x     중간  2.29  5pt/0 [일봉]
011200  HMM       18,630   44.3    -4.3%    0.4x     하단 19.92  2pt/0 [5분]
015760  한국전력      36,350    0.0    +0.0%    0.0x     중간  1.99  4pt/0 [일봉]
034020  두산에너빌     87,800    0.0    +0.0%    0.0x     중간  1.22  3pt/0 [일봉]
035720  카카오       39,050    0.0    +0.0%    0.0x     중간  1.40  4pt/0 [일봉]
030200  KT        52,500    0.0    +0.0%    0.0x     중간  1.79  4pt/0 [일봉]
003490  대한항공      24,100   40.7    -3.2%    0.4x     하단  5.14  5pt/0 [5분]
004020  현대제철      33,600    0.0    +0.0%    0.0x     중간  0.91  3pt/0 [일봉]
078930  GS        69,800    0.0    +0.0%    0.0x     중간  1.78  4pt/0 [일봉]

══════════════════════════════════════════════════
⏰ 점심시간 (11:30~13:30) — 신규 매수 중단
→ 전종목 HOLD
✅ Discord 전송 완료

[11:44] HOLD | KODEX RSI58/-4.2%⬆️⚠️ | 보유:없음 | 최고신호 한화시스템(272210) 5pt/3pt [강세+4.2%★★ / 호가2.3★]
💰 예수금 97,571원 | KODEX200 RSI58/-4.3% 상승추세⬆️ 과열⚠️ | 매수기준 점수3pt↑

코드      종목명           가격    RSI     변화율    거래량     BB   호가비  B/S
────────────────────────────────────────────────────────────────────────
[2단계 분석 대상: 011200, 003490, 055550, 078930, 086790]
403870  HPSP      48,400    0.0    +0.0%    0.0x     중간  1.86  4pt/0 [일봉]
272210  한화시스템     88,100    0.0    +0.0%    0.0x     중간  0.69  3pt/0 [일봉]
011200  HMM       18,650   42.3    -4.2%    0.4x     하단  9.06  3pt/0 [5분]
015760  한국전력      36,350    0.0    +0.0%    0.0x     중간  1.99  4pt/0 [일봉]
034020  두산에너빌     88,000    0.0    +0.0%    0.0x     중간  1.47  4pt/0 [일봉]
035720  카카오       39,200    0.0    +0.0%    0.0x     중간  1.00  3pt/0 [일봉]
030200  KT        52,500    0.0    +0.0%    0.0x     중간  2.01  5pt/0 [일봉]
003490  대한항공      24,100   40.7    -3.4%    0.4x     하단  5.43  5pt/0 [5분]
004020  현대제철      33,650    0.0    +0.0%    0.0x     중간  0.45  3pt/0 [일봉]
078930  GS        69,900   61.3    -5.8%    0.4x     하단  2.51  3pt/0 [5분]

══════════════════════════════════════════════════
⏰ 점심시간 (11:30~13:30) — 신규 매수 중단
→ 전종목 HOLD
✅ Discord 전송 완료

[11:46] HOLD | KODEX RSI58/-4.3%⬆️⚠️ | 보유:없음 | 최고신호 KT(030200) 5pt/3pt [강세+4.3%★★ / 호가2.0★]
💰 예수금 97,571원 | KODEX200 RSI58/-4.4% 상승추세⬆️ 과열⚠️ | 매수기준 점수3pt↑

코드      종목명           가격    RSI     변화율    거래량     BB   호가비  B/S
────────────────────────────────────────────────────────────────────────
[2단계 분석 대상: 011200, 003490, 055550, 403870, 015760]
403870  HPSP      48,250    8.0    -4.2%    0.9x     하단  2.74  2pt/0 [5분]
272210  한화시스템     87,800    0.0    +0.0%    0.0x     중간  1.75  4pt/0 [일봉]
011200  HMM       18,660   42.3    -4.0%    0.4x     하단  7.01  5pt/0 [5분]
015760  한국전력      36,400   65.4    -4.6%    0.5x     하단  2.57  2pt/0 [5분]
034020  두산에너빌     88,100    0.0    +0.0%    0.0x     중간  1.36  4pt/0 [일봉]
035720  카카오       39,100    0.0    +0.0%    0.0x     중간  1.61  4pt/0 [일봉]
030200  KT        52,700    0.0    +0.0%    0.0x     중간  1.46  4pt/0 [일봉]
003490  대한항공      24,100   40.7    -3.4%    0.4x     하단  5.76  5pt/0 [5분]
004020  현대제철      33,550    0.0    +0.0%    0.0x     중간  1.42  4pt/0 [일봉]
078930  GS        69,900    0.0    +0.0%    0.0x     중간  2.19  5pt/0 [일봉]

══════════════════════════════════════════════════
⏰ 점심시간 (11:30~13:30) — 신규 매수 중단
→ 전종목 HOLD
✅ Discord 전송 완료

[11:48] HOLD | KODEX RSI58/-4.4%⬆️⚠️ | 보유:없음 | 최고신호 HMM(011200) 5pt/3pt [강세+0.4%★ / 호가7.0★ / 연속상승]
💰 예수금 97,571원 | KODEX200 RSI57/-4.9% 상승추세⬆️ 과열⚠️ | 매수기준 점수3pt↑

코드      종목명           가격    RSI     변화율    거래량     BB   호가비  B/S
────────────────────────────────────────────────────────────────────────
[2단계 분석 대상: 011200, 003490, 086790, 247540, 032830]
403870  HPSP      47,950    0.0    +0.0%    0.0x     중간  2.21  5pt/0 [일봉]
272210  한화시스템     87,600    0.0    +0.0%    0.0x     중간  1.23  3pt/0 [일봉]
011200  HMM       18,620   38.2    -4.3%    0.4x     하단  8.06  5pt/0 [5분]
015760  한국전력      36,350    0.0    +0.0%    0.0x     중간  2.88  5pt/0 [일봉]
034020  두산에너빌     87,800    0.0    +0.0%    0.0x     중간  0.87  3pt/0 [일봉]
035720  카카오       39,050    0.0    +0.0%    0.0x     중간  1.58  4pt/0 [일봉]
030200  KT        52,700    0.0    +0.0%    0.0x     중간  1.29  3pt/0 [일봉]
003490  대한항공      24,100   38.5    -3.0%    0.4x     하단  7.11  6pt/0 [5분]
004020  현대제철      33,600    0.0    +0.0%    0.0x     중간  0.93  3pt/0 [일봉]
078930  GS        69,900    0.0    +0.0%    0.0x     중간  2.95  5pt/0 [일봉]

══════════════════════════════════════════════════
⏰ 점심시간 (11:30~13:30) — 신규 매수 중단
→ 전종목 HOLD
✅ Discord 전송 완료

[11:50] HOLD | KODEX RSI57/-4.9%⬆️⚠️ | 보유:없음 | 최고신호 대한항공(003490) 6pt/3pt [강세+1.9%★★ / 호가7.1★ / 연속상승]
💰 예수금 97,571원 | KODEX200 RSI58/-4.7% 상승추세⬆️ 과열⚠️ | 매수기준 점수3pt↑

코드      종목명           가격    RSI     변화율    거래량     BB   호가비  B/S
────────────────────────────────────────────────────────────────────────
[2단계 분석 대상: 011200, 003490, 247540, 403870, 055550]
403870  HPSP      48,100    6.9    -4.5%    0.9x     하단  4.95  2pt/0 [5분]
272210  한화시스템     87,800    0.0    +0.0%    0.0x     중간  1.39  4pt/0 [일봉]
011200  HMM       18,620   38.2    -4.3%    0.4x     하단  9.10  5pt/0 [5분]
015760  한국전력      36,400    0.0    +0.0%    0.0x     중간  2.30  5pt/0 [일봉]
034020  두산에너빌     87,900    0.0    +0.0%    0.0x     중간  1.40  4pt/0 [일봉]
035720  카카오       39,050    0.0    +0.0%    0.0x     중간  2.08  5pt/0 [일봉]
030200  KT        52,700    0.0    +0.0%    0.0x     중간  1.32  4pt/0 [일봉]
003490  대한항공      24,100   38.5    -3.3%    0.4x     하단  8.27  5pt/0 [5분]
004020  현대제철      33,600    0.0    +0.0%    0.0x     중간  1.67  4pt/0 [일봉]
078930  GS        69,900    0.0    +0.0%    0.0x     중간  2.41  5pt/0 [일봉]

══════════════════════════════════════════════════
⏰ 점심시간 (11:30~13:30) — 신규 매수 중단
→ 전종목 HOLD
✅ Discord 전송 완료

[11:52] HOLD | KODEX RSI58/-4.7%⬆️⚠️ | 보유:없음 | 최고신호 HMM(011200) 5pt/3pt [강세+0.3%★ / 호가9.1★ / 연속상승]
💰 예수금 97,571원 | KODEX200 RSI58/-4.6% 상승추세⬆️ 과열⚠️ | 매수기준 점수3pt↑

코드      종목명           가격    RSI     변화율    거래량     BB   호가비  B/S
────────────────────────────────────────────────────────────────────────
[2단계 분석 대상: 011200, 403870, 003490, 055550, 064350]
403870  HPSP      47,900   20.2    -4.8%    0.9x     하단 12.57  2pt/0 [5분]
272210  한화시스템     87,900    0.0    +0.0%    0.0x     중간  1.25  3pt/0 [일봉]
011200  HMM       18,590   38.2    -4.5%    0.4x     하단 24.98  3pt/0 [5분]
015760  한국전력      36,400    0.0    +0.0%    0.0x     중간  2.99  5pt/0 [일봉]
034020  두산에너빌     87,900    0.0    +0.0%    0.0x     중간  2.12  5pt/0 [일봉]
035720  카카오       39,050    0.0    +0.0%    0.0x     중간  1.50  4pt/0 [일봉]
030200  KT        52,700    0.0    +0.0%    0.0x     중간  1.29  3pt/0 [일봉]
003490  대한항공      24,100   30.8    -3.2%    0.4x     하단  8.56  5pt/0 [5분]
004020  현대제철      33,650    0.0    +0.0%    0.0x     중간  0.45  3pt/0 [일봉]
078930  GS        69,800    0.0    +0.0%    0.0x     중간  3.81  5pt/0 [일봉]

══════════════════════════════════════════════════
⏰ 점심시간 (11:30~13:30) — 신규 매수 중단
→ 전종목 HOLD
✅ Discord 전송 완료

[11:54] HOLD | KODEX RSI58/-4.6%⬆️⚠️ | 보유:없음 | 최고신호 한국전력(015760) 5pt/3pt [강세+4.6%★★ / 호가3.0★]
💰 예수금 97,571원 | KODEX200 RSI58/-4.5% 상승추세⬆️ 과열⚠️ | 매수기준 점수3pt↑

코드      종목명           가격    RSI     변화율    거래량     BB   호가비  B/S
────────────────────────────────────────────────────────────────────────
[2단계 분석 대상: 011200, 064350, 003490, 403870, 078930]
403870  HPSP      48,050   20.2    -4.5%    0.9x     하단  5.88  2pt/0 [5분]
272210  한화시스템     87,900    0.0    +0.0%    0.0x     중간  1.33  4pt/0 [일봉]
011200  HMM       18,610   29.1    -4.3%    0.4x     하단 16.70  2pt/0 [5분]
015760  한국전력      36,350    0.0    +0.0%    0.0x     중간  2.27  5pt/0 [일봉]
034020  두산에너빌     88,000    0.0    +0.0%    0.0x     중간  2.11  5pt/0 [일봉]
035720  카카오       39,000    0.0    +0.0%    0.0x     중간  1.71  4pt/0 [일봉]
030200  KT        52,700    0.0    +0.0%    0.0x     중간  1.29  3pt/0 [일봉]
003490  대한항공      24,150   30.8    -3.0%    0.4x     하단  8.40  5pt/0 [5분]
004020  현대제철      33,600    0.0    +0.0%    0.0x     중간  0.99  3pt/0 [일봉]
078930  GS        69,900   55.2    -5.8%    0.4x     하단  3.69  4pt/0 [5분]

══════════════════════════════════════════════════
⏰ 점심시간 (11:30~13:30) — 신규 매수 중단
→ 전종목 HOLD
✅ Discord 전송 완료

[11:56] HOLD | KODEX RSI58/-4.5%⬆️⚠️ | 보유:없음 | 최고신호 한국전력(015760) 5pt/3pt [강세+4.5%★★ / 호가2.3★]
💰 예수금 97,571원 | KODEX200 RSI57/-4.9% 상승추세⬆️ 과열⚠️ | 매수기준 점수3pt↑

코드      종목명           가격    RSI     변화율    거래량     BB   호가비  B/S
────────────────────────────────────────────────────────────────────────
[2단계 분석 대상: 011200, 403870, 003490, 247540, 003670]
403870  HPSP      47,900   20.2    -4.7%    0.9x     하단 14.71  2pt/0 [5분]
272210  한화시스템     88,100    0.0    +0.0%    0.0x     중간  1.17  3pt/0 [일봉]
011200  HMM       18,610   29.1    -4.3%    0.4x     하단 19.17  4pt/0 [5분]
015760  한국전력      36,350    0.0    +0.0%    0.0x     중간  2.34  5pt/0 [일봉]
034020  두산에너빌     87,900    0.0    +0.0%    0.0x     중간  1.96  4pt/0 [일봉]
035720  카카오       38,950    0.0    +0.0%    0.0x     중간  2.80  5pt/0 [일봉]
030200  KT        52,700    0.0    +0.0%    0.0x     중간  1.34  4pt/0 [일봉]
003490  대한항공      24,150   30.8    -3.0%    0.4x     하단  8.20  6pt/0 [5분]
004020  현대제철      33,650    0.0    +0.0%    0.0x     중간  0.88  3pt/0 [일봉]
078930  GS        69,900    0.0    +0.0%    0.0x     중간  3.17  5pt/0 [일봉]

══════════════════════════════════════════════════
⏰ 점심시간 (11:30~13:30) — 신규 매수 중단
→ 전종목 HOLD
✅ Discord 전송 완료

[11:58] HOLD | KODEX RSI57/-4.9%⬆️⚠️ | 보유:없음 | 최고신호 대한항공(003490) 6pt/3pt [강세+1.9%★★ / 호가8.2★ / 연속상승]
💰 예수금 97,571원 | KODEX200 RSI57/-4.9% 상승추세⬆️ 과열⚠️ | 매수기준 점수3pt↑

코드      종목명           가격    RSI     변화율    거래량     BB   호가비  B/S
────────────────────────────────────────────────────────────────────────
[2단계 분석 대상: 011200, 003490, 403870, 247540, 003670]
403870  HPSP      48,100   17.9    -4.6%    0.9x     하단  7.10  4pt/0 [5분]
272210  한화시스템     88,000    0.0    +0.0%    0.0x     중간  1.88  4pt/0 [일봉]
011200  HMM       18,610   29.1    -4.3%    0.4x     하단 17.83  4pt/0 [5분]
015760  한국전력      36,450    0.0    +0.0%    0.0x     중간  3.67  5pt/0 [일봉]
034020  두산에너빌     87,900    0.0    +0.0%    0.0x     중간  1.91  4pt/0 [일봉]
035720  카카오       38,950    0.0    +0.0%    0.0x     중간  2.66  5pt/0 [일봉]
030200  KT        52,700    0.0    +0.0%    0.0x     중간  1.37  4pt/0 [일봉]
003490  대한항공      24,200   30.8    -3.0%    0.4x     하단  7.33  5pt/0 [5분]
004020  현대제철      33,600    0.0    +0.0%    0.0x     중간  0.88  3pt/0 [일봉]
078930  GS        69,900    0.0    +0.0%    0.0x     중간  2.97  5pt/0 [일봉]

══════════════════════════════════════════════════
⏰ 점심시간 (11:30~13:30) — 신규 매수 중단
→ 전종목 HOLD
✅ Discord 전송 완료

[12:00] HOLD | KODEX RSI57/-4.9%⬆️⚠️ | 보유:없음 | 최고신호 한국전력(015760) 5pt/3pt [강세+4.9%★★ / 호가3.7★]
💰 예수금 97,571원 | KODEX200 RSI57/-5.0% 상승추세⬆️ 과열⚠️ | 매수기준 점수3pt↑

코드      종목명           가격    RSI     변화율    거래량     BB   호가비  B/S
────────────────────────────────────────────────────────────────────────
[2단계 분석 대상: 011200, 247540, 003490, 015760, 003670]
403870  HPSP      48,450    0.0    +0.0%    0.0x     중간  0.93  3pt/0 [일봉]
272210  한화시스템     87,800    0.0    +0.0%    0.0x     중간  1.80  4pt/0 [일봉]
011200  HMM       18,610   29.1    -4.3%    0.4x     하단 16.76  4pt/0 [5분]
015760  한국전력      36,500   54.8    -4.2%    0.5x     하단  3.95  6pt/0 [5분]
034020  두산에너빌     88,000    0.0    +0.0%    0.0x     중간  2.11  5pt/0 [일봉]
035720  카카오       38,900    0.0    +0.0%    0.0x     중간  3.47  5pt/0 [일봉]
030200  KT        52,700    0.0    +0.0%    0.0x     중간  1.47  4pt/0 [일봉]
003490  대한항공      24,150   30.8    -3.2%    0.4x     하단  7.96  5pt/0 [5분]
004020  현대제철      33,550    0.0    +0.0%    0.0x     중간  1.11  3pt/0 [일봉]
078930  GS        69,900    0.0    +0.0%    0.0x     중간  2.76  5pt/0 [일봉]

══════════════════════════════════════════════════
⏰ 점심시간 (11:30~13:30) — 신규 매수 중단
→ 전종목 HOLD
✅ Discord 전송 완료

[12:02] HOLD | KODEX RSI57/-5.0%⬆️⚠️ | 보유:없음 | 최고신호 한국전력(015760) 6pt/3pt [강세+0.8%★ / 호가4.0★ / RSI55 / 연속상승]
💰 예수금 97,571원 | KODEX200 RSI57/-5.2% 상승추세⬆️ 과열⚠️ | 매수기준 점수3pt↑

코드      종목명           가격    RSI     변화율    거래량     BB   호가비  B/S
────────────────────────────────────────────────────────────────────────
[2단계 분석 대상: 011200, 247540, 003490, 003670, 055550]
403870  HPSP      48,100    0.0    +0.0%    0.0x     중간  1.55  4pt/0 [일봉]
272210  한화시스템     87,700    0.0    +0.0%    0.0x     중간  1.78  4pt/0 [일봉]
011200  HMM       18,620   29.1    -4.2%    0.4x     하단 21.95  4pt/0 [5분]
015760  한국전력      36,450    0.0    +0.0%    0.0x     중간  2.68  5pt/0 [일봉]
034020  두산에너빌     87,900    0.0    +0.0%    0.0x     중간  1.96  4pt/0 [일봉]
035720  카카오       38,800    0.0    +0.0%    0.0x     중간  3.46  5pt/0 [일봉]
030200  KT        52,700    0.0    +0.0%    0.0x     중간  1.48  4pt/0 [일봉]
003490  대한항공      24,100   25.0    -3.2%    0.4x     하단  8.45  5pt/0 [5분]
004020  현대제철      33,500    0.0    +0.0%    0.0x     중간  2.03  5pt/0 [일봉]
078930  GS        69,800    0.0    +0.0%    0.0x     중간  3.01  5pt/0 [일봉]

══════════════════════════════════════════════════
⏰ 점심시간 (11:30~13:30) — 신규 매수 중단
→ 전종목 HOLD
✅ Discord 전송 완료

[12:04] HOLD | KODEX RSI57/-5.2%⬆️⚠️ | 보유:없음 | 최고신호 한국전력(015760) 5pt/3pt [강세+5.2%★★ / 호가2.7★]
💰 예수금 97,571원 | KODEX200 RSI57/-5.2% 상승추세⬆️ 과열⚠️ | 매수기준 점수3pt↑

코드      종목명           가격    RSI     변화율    거래량     BB   호가비  B/S
────────────────────────────────────────────────────────────────────────
[2단계 분석 대상: 247540, 011200, 003670, 003490, 017670]
403870  HPSP      48,150    0.0    +0.0%    0.0x     중간  1.76  4pt/0 [일봉]
055550  신한지주      97,400    0.0    +0.0%    0.0x     중간  2.48  5pt/0 [일봉]
272210  한화시스템     87,800    0.0    +0.0%    0.0x     중간  1.68  4pt/0 [일봉]
011200  HMM       18,650   30.4    -4.1%    0.5x     하단 10.00  4pt/0 [5분]
015760  한국전력      36,450    0.0    +0.0%    0.0x     중간  2.37  5pt/0 [일봉]
034020  두산에너빌     88,000    0.0    +0.0%    0.0x     중간  2.55  5pt/0 [일봉]
035720  카카오       38,750    0.0    +0.0%    0.0x     중간  2.31  5pt/0 [일봉]
030200  KT        52,700    0.0    +0.0%    0.0x     중간  1.55  4pt/0 [일봉]
003490  대한항공      24,100   25.0    -3.2%    0.4x     하단  9.13  5pt/0 [5분]
004020  현대제철      33,500    0.0    +0.0%    0.0x     중간  2.31  5pt/0 [일봉]
078930  GS        69,900    0.0    +0.0%    0.0x     중간  2.54  5pt/0 [일봉]

══════════════════════════════════════════════════
⏰ 점심시간 (11:30~13:30) — 신규 매수 중단
→ 전종목 HOLD
✅ Discord 전송 완료

[12:06] HOLD | KODEX RSI57/-5.2%⬆️⚠️ | 보유:없음 | 최고신호 신한지주(055550) 5pt/3pt [강세+5.2%★★ / 호가2.5★]
💰 예수금 97,571원 | KODEX200 RSI57/-5.0% 상승추세⬆️ 과열⚠️ | 매수기준 점수3pt↑

코드      종목명           가격    RSI     변화율    거래량     BB   호가비  B/S
────────────────────────────────────────────────────────────────────────
[2단계 분석 대상: 247540, 003490, 086520, 011200, 003670]
403870  HPSP      48,150    0.0    +0.0%    0.0x     중간  1.93  4pt/0 [일봉]
272210  한화시스템     87,800    0.0    +0.0%    0.0x     중간  1.55  4pt/0 [일봉]
011200  HMM       18,680   30.4    -3.9%    0.5x     하단  4.23  4pt/0 [5분]
015760  한국전력      36,450    0.0    +0.0%    0.0x     중간  2.54  5pt/0 [일봉]
034020  두산에너빌     88,200    0.0    +0.0%    0.0x     중간  1.52  4pt/0 [일봉]
035720  카카오       38,850    0.0    +0.0%    0.0x     중간  3.21  5pt/0 [일봉]
030200  KT        52,700    0.0    +0.0%    0.0x     중간  1.58  4pt/0 [일봉]
003490  대한항공      24,150   25.0    -3.2%    0.4x     하단  5.87  5pt/0 [5분]
004020  현대제철      33,600    0.0    +0.0%    0.0x     중간  0.91  3pt/0 [일봉]
078930  GS        69,900    0.0    +0.0%    0.0x     중간  3.17  5pt/0 [일봉]

══════════════════════════════════════════════════
⏰ 점심시간 (11:30~13:30) — 신규 매수 중단
→ 전종목 HOLD
✅ Discord 전송 완료

[12:08] HOLD | KODEX RSI57/-5.0%⬆️⚠️ | 보유:없음 | 최고신호 한국전력(015760) 5pt/3pt [강세+5.0%★★ / 호가2.5★]
💰 예수금 97,571원 | KODEX200 RSI57/-5.0% 상승추세⬆️ 과열⚠️ | 매수기준 점수3pt↑

코드      종목명           가격    RSI     변화율    거래량     BB   호가비  B/S
────────────────────────────────────────────────────────────────────────
[2단계 분석 대상: 247540, 003490, 086520, 015760, 017670]
403870  HPSP      48,200    0.0    +0.0%    0.0x     중간  1.45  4pt/0 [일봉]
272210  한화시스템     87,900    0.0    +0.0%    0.0x     중간  1.07  3pt/0 [일봉]
011200  HMM       18,700    0.0    +0.0%    0.0x     중간  1.68  4pt/0 [일봉]
015760  한국전력      36,500   44.8    -4.2%    0.6x     하단  4.17  4pt/0 [5분]
034020  두산에너빌     88,200    0.0    +0.0%    0.0x     중간  1.82  4pt/0 [일봉]
035720  카카오       38,950    0.0    +0.0%    0.0x     중간  2.68  5pt/0 [일봉]
030200  KT        52,700    0.0    +0.0%    0.0x     중간  1.57  4pt/0 [일봉]
003490  대한항공      24,150   33.3    -3.0%    0.4x     하단  5.47  5pt/0 [5분]
004020  현대제철      33,550    0.0    +0.0%    0.0x     중간  1.08  3pt/0 [일봉]
078930  GS        69,900    0.0    +0.0%    0.0x     중간  3.64  5pt/0 [일봉]

══════════════════════════════════════════════════
⏰ 점심시간 (11:30~13:30) — 신규 매수 중단
→ 전종목 HOLD
✅ Discord 전송 완료

[12:10] HOLD | KODEX RSI57/-5.0%⬆️⚠️ | 보유:없음 | 최고신호 카카오(035720) 5pt/3pt [강세+5.0%★★ / 호가2.7★]
💰 예수금 97,571원 | KODEX200 RSI57/-5.2% 상승추세⬆️ 과열⚠️ | 매수기준 점수3pt↑

코드      종목명           가격    RSI     변화율    거래량     BB   호가비  B/S
────────────────────────────────────────────────────────────────────────
[2단계 분석 대상: 247540, 086520, 003490, 017670, 064350]
403870  HPSP      48,150    0.0    +0.0%    0.0x     중간  1.51  4pt/0 [일봉]
272210  한화시스템     87,800    0.0    +0.0%    0.0x     중간  2.23  5pt/0 [일봉]
011200  HMM       18,730    0.0    +0.0%    0.0x     중간  2.65  5pt/0 [일봉]
015760  한국전력      36,450    0.0    +0.0%    0.0x     중간  3.02  5pt/0 [일봉]
034020  두산에너빌     88,100    0.0    +0.0%    0.0x     중간  1.80  4pt/0 [일봉]
035720  카카오       38,850    0.0    +0.0%    0.0x     중간  2.11  5pt/0 [일봉]
030200  KT        52,700    0.0    +0.0%    0.0x     중간  1.59  4pt/0 [일봉]
003490  대한항공      24,150   33.3    -3.2%    0.4x     하단  5.23  5pt/0 [5분]
004020  현대제철      33,600    0.0    +0.0%    0.0x     중간  0.87  3pt/0 [일봉]
078930  GS        69,900    0.0    +0.0%    0.0x     중간  3.23  5pt/0 [일봉]

══════════════════════════════════════════════════
⏰ 점심시간 (11:30~13:30) — 신규 매수 중단
→ 전종목 HOLD
✅ Discord 전송 완료

[12:12] HOLD | KODEX RSI57/-5.2%⬆️⚠️ | 보유:없음 | 최고신호 한화시스템(272210) 5pt/3pt [강세+5.2%★★ / 호가2.2★]
💰 예수금 97,571원 | KODEX200 RSI57/-5.2% 상승추세⬆️ 과열⚠️ | 매수기준 점수3pt↑

코드      종목명           가격    RSI     변화율    거래량     BB   호가비  B/S
────────────────────────────────────────────────────────────────────────
[2단계 분석 대상: 247540, 086520, 000270, 003490, 055550]
403870  HPSP      48,200    0.0    +0.0%    0.0x     중간  1.59  4pt/0 [일봉]
272210  한화시스템     87,800    0.0    +0.0%    0.0x     중간  2.08  5pt/0 [일봉]
011200  HMM       18,720    0.0    +0.0%    0.0x     중간  2.53  5pt/0 [일봉]
015760  한국전력      36,450    0.0    +0.0%    0.0x     중간  3.18  5pt/0 [일봉]
034020  두산에너빌     88,100    0.0    +0.0%    0.0x     중간  1.68  4pt/0 [일봉]
035720  카카오       38,750    0.0    +0.0%    0.0x     중간  1.91  4pt/0 [일봉]
030200  KT        52,700    0.0    +0.0%    0.0x     중간  1.67  4pt/0 [일봉]
003490  대한항공      24,200   20.0    -3.2%    0.4x     하단  4.58  5pt/0 [5분]
004020  현대제철      33,550    0.0    +0.0%    0.0x     중간  0.87  3pt/0 [일봉]
078930  GS        69,900    0.0    +0.0%    0.0x     중간  3.21  5pt/0 [일봉]

══════════════════════════════════════════════════
⏰ 점심시간 (11:30~13:30) — 신규 매수 중단
→ 전종목 HOLD
✅ Discord 전송 완료

[12:14] HOLD | KODEX RSI57/-5.2%⬆️⚠️ | 보유:없음 | 최고신호 한화시스템(272210) 5pt/3pt [강세+5.2%★★ / 호가2.1★]
💰 예수금 97,571원 | KODEX200 RSI57/-5.2% 상승추세⬆️ 과열⚠️ | 매수기준 점수3pt↑

코드      종목명           가격    RSI     변화율    거래량     BB   호가비  B/S
────────────────────────────────────────────────────────────────────────
[2단계 분석 대상: 247540, 086520, 000270, 003490, 015760]
403870  HPSP      48,100    0.0    +0.0%    0.0x     중간  2.50  5pt/0 [일봉]
272210  한화시스템     87,900    0.0    +0.0%    0.0x     중간  1.88  4pt/0 [일봉]
011200  HMM       18,710    0.0    +0.0%    0.0x     중간  1.83  4pt/0 [일봉]
015760  한국전력      36,500   42.9    -4.3%    0.6x     하단  3.97  4pt/0 [5분]
034020  두산에너빌     88,000    0.0    +0.0%    0.0x     중간  2.23  5pt/0 [일봉]
035720  카카오       38,800    0.0    +0.0%    0.0x     중간  2.42  5pt/0 [일봉]
030200  KT        52,700    0.0    +0.0%    0.0x     중간  1.70  4pt/0 [일봉]
003490  대한항공      24,200   20.0    -3.0%    0.4x     하단  6.99  5pt/0 [5분]
004020  현대제철      33,550    0.0    +0.0%    0.0x     중간  0.92  3pt/0 [일봉]
078930  GS        69,900    0.0    +0.0%    0.0x     중간  2.51  5pt/0 [일봉]

══════════════════════════════════════════════════
⏰ 점심시간 (11:30~13:30) — 신규 매수 중단
→ 전종목 HOLD
✅ Discord 전송 완료

[12:16] HOLD | KODEX RSI57/-5.2%⬆️⚠️ | 보유:없음 | 최고신호 HPSP(403870) 5pt/3pt [강세+5.2%★★ / 호가2.5★]
💰 예수금 97,571원 | KODEX200 RSI57/-5.4% 상승추세⬆️ 과열⚠️ | 매수기준 점수3pt↑

코드      종목명           가격    RSI     변화율    거래량     BB   호가비  B/S
────────────────────────────────────────────────────────────────────────
[2단계 분석 대상: 247540, 003490, 086520, 000270, 011200]
403870  HPSP      48,050    0.0    +0.0%    0.0x     중간  2.31  5pt/0 [일봉]
272210  한화시스템     88,000    0.0    +0.0%    0.0x     중간  1.59  4pt/0 [일봉]
011200  HMM       18,680   30.4    -4.0%    0.5x     하단  4.59  5pt/0 [5분]
015760  한국전력      36,450    0.0    +0.0%    0.0x     중간  2.40  5pt/0 [일봉]
034020  두산에너빌     87,800    0.0    +0.0%    0.0x     중간  1.96  4pt/0 [일봉]
035720  카카오       38,800    0.0    +0.0%    0.0x     중간  2.40  5pt/0 [일봉]
030200  KT        52,700    0.0    +0.0%    0.0x     중간  1.72  4pt/0 [일봉]
003490  대한항공      24,100   20.0    -3.2%    0.5x     하단  7.75  5pt/0 [5분]
004020  현대제철      33,550    0.0    +0.0%    0.0x     중간  0.96  3pt/0 [일봉]
078930  GS        69,900    0.0    +0.0%    0.0x     중간  2.41  5pt/0 [일봉]

══════════════════════════════════════════════════
⏰ 점심시간 (11:30~13:30) — 신규 매수 중단
→ 전종목 HOLD
✅ Discord 전송 완료

[12:18] HOLD | KODEX RSI57/-5.4%⬆️⚠️ | 보유:없음 | 최고신호 HPSP(403870) 5pt/3pt [강세+5.4%★★ / 호가2.3★]
💰 예수금 97,571원 | KODEX200 RSI56/-5.5% 상승추세⬆️ 과열⚠️ | 매수기준 점수3pt↑

코드      종목명           가격    RSI     변화율    거래량     BB   호가비  B/S
────────────────────────────────────────────────────────────────────────
[2단계 분석 대상: 247540, 403870, 000270, 003490, 003670]
403870  HPSP      47,800   26.0    -4.8%    1.0x     하단 11.01  5pt/0 [5분]
272210  한화시스템     87,900    0.0    +0.0%    0.0x     중간  1.33  4pt/0 [일봉]
011200  HMM       18,680    0.0    +0.0%    0.0x     중간  2.79  5pt/0 [일봉]
015760  한국전력      36,450    0.0    +0.0%    0.0x     중간  2.60  5pt/0 [일봉]
034020  두산에너빌     87,800    0.0    +0.0%    0.0x     중간  1.77  4pt/0 [일봉]
035720  카카오       38,700    0.0    +0.0%    0.0x     중간  1.63  4pt/0 [일봉]
030200  KT        52,700    0.0    +0.0%    0.0x     중간  1.75  4pt/0 [일봉]
003490  대한항공      24,100   18.2    -3.2%    0.5x     하단  6.99  5pt/0 [5분]
004020  현대제철      33,600    0.0    +0.0%    0.0x     중간  0.85  3pt/0 [일봉]
078930  GS        70,000    0.0    +0.0%    0.0x     중간  2.72  5pt/0 [일봉]

══════════════════════════════════════════════════
⏰ 점심시간 (11:30~13:30) — 신규 매수 중단
→ 전종목 HOLD
✅ Discord 전송 완료

[12:20] HOLD | KODEX RSI56/-5.5%⬆️⚠️ | 보유:없음 | 최고신호 HPSP(403870) 5pt/3pt [강세+0.7%★ / 호가11.0★ / 연속상승]
💰 예수금 97,571원 | KODEX200 RSI57/-5.3% 상승추세⬆️ 과열⚠️ | 매수기준 점수3pt↑

코드      종목명           가격    RSI     변화율    거래량     BB   호가비  B/S
────────────────────────────────────────────────────────────────────────
[2단계 분석 대상: 247540, 086520, 003490, 403870, 086790]
403870  HPSP      47,950   26.0    -4.6%    1.0x     하단  6.03  5pt/0 [5분]
272210  한화시스템     88,100    0.0    +0.0%    0.0x     중간  1.38  4pt/0 [일봉]
011200  HMM       18,680    0.0    +0.0%    0.0x     중간  3.75  5pt/0 [일봉]
015760  한국전력      36,450    0.0    +0.0%    0.0x     중간  3.67  5pt/0 [일봉]
034020  두산에너빌     88,000    0.0    +0.0%    0.0x     중간  1.65  4pt/0 [일봉]
035720  카카오       38,750    0.0    +0.0%    0.0x     중간  1.96  4pt/0 [일봉]
030200  KT        52,700    0.0    +0.0%    0.0x     중간  1.75  4pt/0 [일봉]
003490  대한항공      24,100   18.2    -3.2%    0.5x     하단  6.08  5pt/0 [5분]
004020  현대제철      33,550    0.0    +0.0%    0.0x     중간  0.86  3pt/0 [일봉]
078930  GS        70,100    0.0    +0.0%    0.0x     중간  3.31  5pt/0 [일봉]

══════════════════════════════════════════════════
⏰ 점심시간 (11:30~13:30) — 신규 매수 중단
→ 전종목 HOLD
✅ Discord 전송 완료

[12:22] HOLD | KODEX RSI57/-5.3%⬆️⚠️ | 보유:없음 | 최고신호 HPSP(403870) 5pt/3pt [강세+0.7%★ / 호가6.0★ / 연속상승]
💰 예수금 97,571원 | KODEX200 RSI57/-4.8% 상승추세⬆️ 과열⚠️ | 매수기준 점수3pt↑

코드      종목명           가격    RSI     변화율    거래량     BB   호가비  B/S
────────────────────────────────────────────────────────────────────────
[2단계 분석 대상: 003490, 086790, 011200, 247540, 000270]
403870  HPSP      48,050    0.0    +0.0%    0.0x     중간  2.94  5pt/0 [일봉]
272210  한화시스템     88,100    0.0    +0.0%    0.0x     중간  1.51  4pt/0 [일봉]
011200  HMM       18,700   20.4    -3.8%    0.5x     하단  4.44  4pt/0 [5분]
015760  한국전력      36,550    0.0    +0.0%    0.0x     중간  1.64  4pt/0 [일봉]
034020  두산에너빌     88,100    0.0    +0.0%    0.0x     중간  0.98  3pt/0 [일봉]
035720  카카오       38,850    0.0    +0.0%    0.0x     중간  1.99  4pt/0 [일봉]
030200  KT        52,700    0.0    +0.0%    0.0x     중간  1.81  4pt/0 [일봉]
003490  대한항공      24,150   18.2    -3.0%    0.5x     하단  5.37  5pt/0 [5분]
004020  현대제철      33,650    0.0    +0.0%    0.0x     중간  0.65  3pt/0 [일봉]
078930  GS        70,100    0.0    +0.0%    0.0x     중간  2.54  5pt/0 [일봉]

══════════════════════════════════════════════════
⏰ 점심시간 (11:30~13:30) — 신규 매수 중단
→ 전종목 HOLD
✅ Discord 전송 완료

[12:24] HOLD | KODEX RSI57/-4.8%⬆️⚠️ | 보유:없음 | 최고신호 HPSP(403870) 5pt/3pt [강세+4.8%★★ / 호가2.9★]
💰 예수금 97,571원 | KODEX200 RSI57/-5.1% 상승추세⬆️ 과열⚠️ | 매수기준 점수3pt↑

코드      종목명           가격    RSI     변화율    거래량     BB   호가비  B/S
────────────────────────────────────────────────────────────────────────
[2단계 분석 대상: 003490, 003670, 055550, 000270, 086790]
403870  HPSP      48,150    0.0    +0.0%    0.0x     중간  1.28  3pt/0 [일봉]
272210  한화시스템     88,200    0.0    +0.0%    0.0x     중간  1.03  3pt/0 [일봉]
011200  HMM       18,710    0.0    +0.0%    0.0x     중간  1.98  4pt/0 [일봉]
015760  한국전력      36,600    0.0    +0.0%    0.0x     중간  1.66  4pt/0 [일봉]
034020  두산에너빌     88,100    0.0    +0.0%    0.0x     중간  1.04  3pt/0 [일봉]
035720  카카오       38,850    0.0    +0.0%    0.0x     중간  2.24  5pt/0 [일봉]
030200  KT        52,700    0.0    +0.0%    0.0x     중간  1.82  4pt/0 [일봉]
003490  대한항공      24,150   16.7    -3.0%    0.5x     하단  5.99  5pt/0 [5분]
004020  현대제철      33,700    0.0    +0.0%    0.0x     중간  0.66  3pt/0 [일봉]
078930  GS        70,100    0.0    +0.0%    0.0x     중간  2.13  5pt/0 [일봉]

══════════════════════════════════════════════════
⏰ 점심시간 (11:30~13:30) — 신규 매수 중단
→ 전종목 HOLD
✅ Discord 전송 완료

[12:26] HOLD | KODEX RSI57/-5.1%⬆️⚠️ | 보유:없음 | 최고신호 카카오(035720) 5pt/3pt [강세+5.1%★★ / 호가2.2★]
💰 예수금 97,571원 | KODEX200 RSI57/-5.0% 상승추세⬆️ 과열⚠️ | 매수기준 점수3pt↑

코드      종목명           가격    RSI     변화율    거래량     BB   호가비  B/S
────────────────────────────────────────────────────────────────────────
[2단계 분석 대상: 003490, 000270, 003670, 011200, 055550]
403870  HPSP      48,150    0.0    +0.0%    0.0x     중간  1.16  3pt/0 [일봉]
272210  한화시스템     88,100    0.0    +0.0%    0.0x     중간  0.74  3pt/0 [일봉]
011200  HMM       18,710   20.4    -3.8%    0.5x     하단  3.65  4pt/0 [5분]
015760  한국전력      36,600    0.0    +0.0%    0.0x     중간  1.33  4pt/0 [일봉]
034020  두산에너빌     88,000    0.0    +0.0%    0.0x     중간  1.48  4pt/0 [일봉]
035720  카카오       38,850    0.0    +0.0%    0.0x     중간  2.25  5pt/0 [일봉]
030200  KT        52,700    0.0    +0.0%    0.0x     중간  1.77  4pt/0 [일봉]
003490  대한항공      24,150   16.7    -3.4%    0.5x     하단  5.98  5pt/0 [5분]
004020  현대제철      33,650    0.0    +0.0%    0.0x     중간  0.66  3pt/0 [일봉]
078930  GS        70,100    0.0    +0.0%    0.0x     중간  2.00  5pt/0 [일봉]

══════════════════════════════════════════════════
⏰ 점심시간 (11:30~13:30) — 신규 매수 중단
→ 전종목 HOLD
✅ Discord 전송 완료

[12:28] HOLD | KODEX RSI57/-5.0%⬆️⚠️ | 보유:없음 | 최고신호 카카오(035720) 5pt/3pt [강세+5.0%★★ / 호가2.2★]
💰 예수금 97,571원 | KODEX200 RSI57/-5.0% 상승추세⬆️ 과열⚠️ | 매수기준 점수3pt↑

코드      종목명           가격    RSI     변화율    거래량     BB   호가비  B/S
────────────────────────────────────────────────────────────────────────
[2단계 분석 대상: 003490, 011200, 000270, 017670, 003670]
403870  HPSP      48,200    0.0    +0.0%    0.0x     중간  1.09  3pt/0 [일봉]
272210  한화시스템     88,300    0.0    +0.0%    0.0x     중간  0.70  3pt/0 [일봉]
011200  HMM       18,730   17.2    -3.7%    0.5x     하단  4.78  4pt/0 [5분]
015760  한국전력      36,600    0.0    +0.0%    0.0x     중간  1.39  4pt/0 [일봉]
034020  두산에너빌     88,200    0.0    +0.0%    0.0x     중간  0.81  3pt/0 [일봉]
035720  카카오       38,950    0.0    +0.0%    0.0x     중간  2.30  5pt/0 [일봉]
030200  KT        52,700    0.0    +0.0%    0.0x     중간  1.80  4pt/0 [일봉]
003490  대한항공      24,100   16.7    -3.2%    0.5x     하단  7.51  5pt/0 [5분]
004020  현대제철      33,700    0.0    +0.0%    0.0x     중간  0.62  3pt/0 [일봉]
078930  GS        70,200    0.0    +0.0%    0.0x     중간  2.85  5pt/0 [일봉]

══════════════════════════════════════════════════
⏰ 점심시간 (11:30~13:30) — 신규 매수 중단
→ 전종목 HOLD
✅ Discord 전송 완료

[12:30] HOLD | KODEX RSI57/-5.0%⬆️⚠️ | 보유:없음 | 최고신호 카카오(035720) 5pt/3pt [강세+5.0%★★ / 호가2.3★]
💰 예수금 97,571원 | KODEX200 RSI57/-5.1% 상승추세⬆️ 과열⚠️ | 매수기준 점수3pt↑

코드      종목명           가격    RSI     변화율    거래량     BB   호가비  B/S
────────────────────────────────────────────────────────────────────────
[2단계 분석 대상: 003490, 055550, 000270, 011200, 017670]
403870  HPSP      48,150    0.0    +0.0%    0.0x     중간  0.82  3pt/0 [일봉]
272210  한화시스템     88,300    0.0    +0.0%    0.0x     중간  0.84  3pt/0 [일봉]
011200  HMM       18,720   17.2    -3.8%    0.5x     하단  4.82  4pt/0 [5분]
015760  한국전력      36,600    0.0    +0.0%    0.0x     중간  1.58  4pt/0 [일봉]
034020  두산에너빌     88,100    0.0    +0.0%    0.0x     중간  1.06  3pt/0 [일봉]
035720  카카오       38,900    0.0    +0.0%    0.0x     중간  2.76  5pt/0 [일봉]
030200  KT        52,700    0.0    +0.0%    0.0x     중간  1.80  4pt/0 [일봉]
003490  대한항공      24,150   16.7    -3.2%    0.5x     하단  6.45  5pt/0 [5분]
004020  현대제철      33,650    0.0    +0.0%    0.0x     중간  0.80  3pt/0 [일봉]
078930  GS        70,100    0.0    +0.0%    0.0x     중간  2.79  5pt/0 [일봉]

══════════════════════════════════════════════════
⏰ 점심시간 (11:30~13:30) — 신규 매수 중단
→ 전종목 HOLD
✅ Discord 전송 완료

[12:32] HOLD | KODEX RSI57/-5.1%⬆️⚠️ | 보유:없음 | 최고신호 카카오(035720) 5pt/3pt [강세+5.1%★★ / 호가2.8★]
💰 예수금 97,571원 | KODEX200 RSI57/-5.3% 상승추세⬆️ 과열⚠️ | 매수기준 점수3pt↑

코드      종목명           가격    RSI     변화율    거래량     BB   호가비  B/S
────────────────────────────────────────────────────────────────────────
[2단계 분석 대상: 003490, 000270, 003670, 017670, 011200]
403870  HPSP      48,100    0.0    +0.0%    0.0x     중간  2.08  5pt/0 [일봉]
272210  한화시스템     88,100    0.0    +0.0%    0.0x     중간  1.05  3pt/0 [일봉]
011200  HMM       18,680   20.7    -4.0%    0.5x     하단  3.79  4pt/0 [5분]
015760  한국전력      36,500    0.0    +0.0%    0.0x     중간  2.73  5pt/0 [일봉]
034020  두산에너빌     88,100    0.0    +0.0%    0.0x     중간  1.13  3pt/0 [일봉]
035720  카카오       38,900    0.0    +0.0%    0.0x     중간  3.23  5pt/0 [일봉]
030200  KT        52,700    0.0    +0.0%    0.0x     중간  1.76  4pt/0 [일봉]
003490  대한항공      24,100   16.7    -3.4%    0.5x     하단  7.92  5pt/0 [5분]
004020  현대제철      33,650    0.0    +0.0%    0.0x     중간  0.83  3pt/0 [일봉]
078930  GS        70,100    0.0    +0.0%    0.0x     중간  2.52  5pt/0 [일봉]

══════════════════════════════════════════════════
⏰ 점심시간 (11:30~13:30) — 신규 매수 중단
→ 전종목 HOLD
✅ Discord 전송 완료

[12:34] HOLD | KODEX RSI57/-5.3%⬆️⚠️ | 보유:없음 | 최고신호 HPSP(403870) 5pt/3pt [강세+5.3%★★ / 호가2.1★]
💰 예수금 97,571원 | KODEX200 RSI57/-5.0% 상승추세⬆️ 과열⚠️ | 매수기준 점수3pt↑

코드      종목명           가격    RSI     변화율    거래량     BB   호가비  B/S
────────────────────────────────────────────────────────────────────────
[2단계 분석 대상: 000270, 003490, 017670, 003670, 055550]
403870  HPSP      48,100    0.0    +0.0%    0.0x     중간  2.96  5pt/0 [일봉]
272210  한화시스템     88,200    0.0    +0.0%    0.0x     중간  1.05  3pt/0 [일봉]
011200  HMM       18,670    0.0    +0.0%    0.0x     중간  2.97  5pt/0 [일봉]
015760  한국전력      36,600    0.0    +0.0%    0.0x     중간  1.00  3pt/0 [일봉]
034020  두산에너빌     88,100    0.0    +0.0%    0.0x     중간  0.98  3pt/0 [일봉]
035720  카카오       38,950    0.0    +0.0%    0.0x     중간  2.95  5pt/0 [일봉]
030200  KT        52,800    0.0    +0.0%    0.0x     중간  1.64  4pt/0 [일봉]
003490  대한항공      24,150   16.7    -3.0%    0.5x     하단  6.64  5pt/0 [5분]
004020  현대제철      33,650    0.0    +0.0%    0.0x     중간  0.80  3pt/0 [일봉]
078930  GS        70,100    0.0    +0.0%    0.0x     중간  2.28  5pt/0 [일봉]

══════════════════════════════════════════════════
⏰ 점심시간 (11:30~13:30) — 신규 매수 중단
→ 전종목 HOLD
✅ Discord 전송 완료

[12:36] HOLD | KODEX RSI57/-5.0%⬆️⚠️ | 보유:없음 | 최고신호 HPSP(403870) 5pt/3pt [강세+5.0%★★ / 호가3.0★]
💰 예수금 97,571원 | KODEX200 RSI57/-5.1% 상승추세⬆️ 과열⚠️ | 매수기준 점수3pt↑

코드      종목명           가격    RSI     변화율    거래량     BB   호가비  B/S
────────────────────────────────────────────────────────────────────────
[2단계 분석 대상: 003490, 000270, 003670, 055550, 105560]
403870  HPSP      48,200    0.0    +0.0%    0.0x     중간  1.87  4pt/0 [일봉]
272210  한화시스템     88,000    0.0    +0.0%    0.0x     중간  1.31  4pt/0 [일봉]
011200  HMM       18,670    0.0    +0.0%    0.0x     중간  2.71  5pt/0 [일봉]
015760  한국전력      36,600    0.0    +0.0%    0.0x     중간  0.97  3pt/0 [일봉]
034020  두산에너빌     88,100    0.0    +0.0%    0.0x     중간  1.00  3pt/0 [일봉]
035720  카카오       38,950    0.0    +0.0%    0.0x     중간  2.88  5pt/0 [일봉]
030200  KT        52,800    0.0    +0.0%    0.0x     중간  1.76  4pt/0 [일봉]
003490  대한항공      24,150   16.7    -3.2%    0.5x     하단  6.86  5pt/0 [5분]
004020  현대제철      33,650    0.0    +0.0%    0.0x     중간  0.70  3pt/0 [일봉]
078930  GS        70,100    0.0    +0.0%    0.0x     중간  2.24  5pt/0 [일봉]

══════════════════════════════════════════════════
⏰ 점심시간 (11:30~13:30) — 신규 매수 중단
→ 전종목 HOLD
✅ Discord 전송 완료

[12:38] HOLD | KODEX RSI57/-5.1%⬆️⚠️ | 보유:없음 | 최고신호 HMM(011200) 5pt/3pt [강세+5.1%★★ / 호가2.7★]
💰 예수금 97,571원 | KODEX200 RSI57/-5.0% 상승추세⬆️ 과열⚠️ | 매수기준 점수3pt↑

코드      종목명           가격    RSI     변화율    거래량     BB   호가비  B/S
────────────────────────────────────────────────────────────────────────
[2단계 분석 대상: 000270, 011200, 003490, 055550, 105560]
403870  HPSP      48,200    0.0    +0.0%    0.0x     중간  2.01  5pt/0 [일봉]
272210  한화시스템     88,000    0.0    +0.0%    0.0x     중간  1.13  3pt/0 [일봉]
011200  HMM       18,680   34.9    -4.0%    0.5x     하단  6.96  4pt/0 [5분]
015760  한국전력      36,600    0.0    +0.0%    0.0x     중간  0.99  3pt/0 [일봉]
034020  두산에너빌     88,000    0.0    +0.0%    0.0x     중간  1.39  4pt/0 [일봉]
035720  카카오       39,000    0.0    +0.0%    0.0x     중간  2.88  5pt/0 [일봉]
030200  KT        52,800    0.0    +0.0%    0.0x     중간  1.80  4pt/0 [일봉]
003490  대한항공      24,150   27.3    -3.0%    0.5x     하단  6.70  5pt/0 [5분]
004020  현대제철      33,650    0.0    +0.0%    0.0x     중간  0.60  3pt/0 [일봉]
078930  GS        70,100    0.0    +0.0%    0.0x     중간  2.08  5pt/0 [일봉]

══════════════════════════════════════════════════
⏰ 점심시간 (11:30~13:30) — 신규 매수 중단
→ 전종목 HOLD
✅ Discord 전송 완료

[12:40] HOLD | KODEX RSI57/-5.0%⬆️⚠️ | 보유:없음 | 최고신호 HPSP(403870) 5pt/3pt [강세+5.0%★★ / 호가2.0★]
💰 예수금 97,571원 | KODEX200 RSI57/-5.0% 상승추세⬆️ 과열⚠️ | 매수기준 점수3pt↑

코드      종목명           가격    RSI     변화율    거래량     BB   호가비  B/S
────────────────────────────────────────────────────────────────────────
[2단계 분석 대상: 003490, 105560, 003670, 000270, 011200]
403870  HPSP      48,250    0.0    +0.0%    0.0x     중간  1.30  4pt/0 [일봉]
272210  한화시스템     88,000    0.0    +0.0%    0.0x     중간  1.34  4pt/0 [일봉]
011200  HMM       18,690   34.9    -3.9%    0.5x     하단  3.63  4pt/0 [5분]
015760  한국전력      36,600    0.0    +0.0%    0.0x     중간  1.12  3pt/0 [일봉]
034020  두산에너빌     87,900    0.0    +0.0%    0.0x     중간  1.39  4pt/0 [일봉]
035720  카카오       38,950    0.0    +0.0%    0.0x     중간  2.73  5pt/0 [일봉]
030200  KT        52,700    0.0    +0.0%    0.0x     중간  1.76  4pt/0 [일봉]
003490  대한항공      24,150   27.3    -3.0%    0.5x     하단  6.68  5pt/0 [5분]
004020  현대제철      33,700    0.0    +0.0%    0.0x     중간  0.63  3pt/0 [일봉]
078930  GS        70,100    0.0    +0.0%    0.0x     중간  1.81  4pt/0 [일봉]

══════════════════════════════════════════════════
⏰ 점심시간 (11:30~13:30) — 신규 매수 중단
→ 전종목 HOLD
✅ Discord 전송 완료

[12:42] HOLD | KODEX RSI57/-5.0%⬆️⚠️ | 보유:없음 | 최고신호 카카오(035720) 5pt/3pt [강세+5.0%★★ / 호가2.7★]
💰 예수금 97,571원 | KODEX200 RSI57/-5.3% 상승추세⬆️ 과열⚠️ | 매수기준 점수3pt↑

코드      종목명           가격    RSI     변화율    거래량     BB   호가비  B/S
────────────────────────────────────────────────────────────────────────
[2단계 분석 대상: 003670, 003490, 000270, 011200, 035720]
403870  HPSP      48,150    0.0    +0.0%    0.0x     중간  2.23  5pt/0 [일봉]
272210  한화시스템     87,900    0.0    +0.0%    0.0x     중간  1.41  4pt/0 [일봉]
011200  HMM       18,680   34.9    -4.0%    0.5x     하단  4.91  4pt/0 [5분]
015760  한국전력      36,500    0.0    +0.0%    0.0x     중간  0.85  3pt/0 [일봉]
034020  두산에너빌     87,900    0.0    +0.0%    0.0x     중간  1.43  4pt/0 [일봉]
035720  카카오       38,850   43.8    -3.5%    0.6x     하단  4.49  5pt/0 [5분]
030200  KT        52,700    0.0    +0.0%    0.0x     중간  1.63  4pt/0 [일봉]
003490  대한항공      24,150   30.0    -3.0%    0.5x     하단  7.00  5pt/0 [5분]
004020  현대제철      33,700    0.0    +0.0%    0.0x     중간  0.63  3pt/0 [일봉]
078930  GS        69,800    0.0    +0.0%    0.0x     중간  1.64  4pt/0 [일봉]

══════════════════════════════════════════════════
⏰ 점심시간 (11:30~13:30) — 신규 매수 중단
→ 전종목 HOLD
✅ Discord 전송 완료

[12:44] HOLD | KODEX RSI57/-5.3%⬆️⚠️ | 보유:없음 | 최고신호 HPSP(403870) 5pt/3pt [강세+5.3%★★ / 호가2.2★]
💰 예수금 97,571원 | KODEX200 RSI57/-5.0% 상승추세⬆️ 과열⚠️ | 매수기준 점수3pt↑

코드      종목명           가격    RSI     변화율    거래량     BB   호가비  B/S
────────────────────────────────────────────────────────────────────────
[2단계 분석 대상: 011200, 003490, 105560, 055550, 017670]
403870  HPSP      48,300    0.0    +0.0%    0.0x     중간  1.35  4pt/0 [일봉]
272210  한화시스템     88,100    0.0    +0.0%    0.0x     중간  0.75  3pt/0 [일봉]
011200  HMM       18,690   34.9    -4.0%    0.5x     하단  8.62  4pt/0 [5분]
015760  한국전력      36,600    0.0    +0.0%    0.0x     중간  0.88  3pt/0 [일봉]
034020  두산에너빌     88,000    0.0    +0.0%    0.0x     중간  1.41  4pt/0 [일봉]
035720  카카오       39,000    0.0    +0.0%    0.0x     중간  2.25  5pt/0 [일봉]
030200  KT        52,700    0.0    +0.0%    0.0x     중간  1.57  4pt/0 [일봉]
003490  대한항공      24,150   30.0    -3.0%    0.5x     하단  8.08  5pt/0 [5분]
004020  현대제철      33,750    0.0    +0.0%    0.0x     중간  0.65  3pt/0 [일봉]
078930  GS        69,800    0.0    +0.0%    0.0x     중간  1.67  4pt/0 [일봉]

══════════════════════════════════════════════════
⏰ 점심시간 (11:30~13:30) — 신규 매수 중단
→ 전종목 HOLD
✅ Discord 전송 완료

[12:46] HOLD | KODEX RSI57/-5.0%⬆️⚠️ | 보유:없음 | 최고신호 카카오(035720) 5pt/3pt [강세+5.0%★★ / 호가2.2★]
💰 예수금 97,571원 | KODEX200 RSI57/-5.0% 상승추세⬆️ 과열⚠️ | 매수기준 점수3pt↑

코드      종목명           가격    RSI     변화율    거래량     BB   호가비  B/S
────────────────────────────────────────────────────────────────────────
[2단계 분석 대상: 000270, 017670, 003490, 105560, 011200]
403870  HPSP      48,300    0.0    +0.0%    0.0x     중간  2.23  5pt/0 [일봉]
272210  한화시스템     88,200    0.0    +0.0%    0.0x     중간  0.91  3pt/0 [일봉]
011200  HMM       18,700   34.9    -4.0%    0.5x     하단  5.74  4pt/0 [5분]
015760  한국전력      36,600    0.0    +0.0%    0.0x     중간  1.06  3pt/0 [일봉]
034020  두산에너빌     88,100    0.0    +0.0%    0.0x     중간  1.12  3pt/0 [일봉]
035720  카카오       39,000    0.0    +0.0%    0.0x     중간  2.28  5pt/0 [일봉]
030200  KT        52,600    0.0    +0.0%    0.0x     중간  1.41  4pt/0 [일봉]
003490  대한항공      24,150   30.0    -3.0%    0.5x     하단  7.76  5pt/0 [5분]
004020  현대제철      33,700    0.0    +0.0%    0.0x     중간  0.65  3pt/0 [일봉]
078930  GS        69,900    0.0    +0.0%    0.0x     중간  1.83  4pt/0 [일봉]

══════════════════════════════════════════════════
⏰ 점심시간 (11:30~13:30) — 신규 매수 중단
→ 전종목 HOLD
✅ Discord 전송 완료

[12:48] HOLD | KODEX RSI57/-5.0%⬆️⚠️ | 보유:없음 | 최고신호 HPSP(403870) 5pt/3pt [강세+5.0%★★ / 호가2.2★]
💰 예수금 97,571원 | KODEX200 RSI57/-5.3% 상승추세⬆️ 과열⚠️ | 매수기준 점수3pt↑

코드      종목명           가격    RSI     변화율    거래량     BB   호가비  B/S
────────────────────────────────────────────────────────────────────────
[2단계 분석 대상: 000270, 003670, 003490, 247540, 017670]
403870  HPSP      48,200    0.0    +0.0%    0.0x     중간  1.90  4pt/0 [일봉]
272210  한화시스템     88,100    0.0    +0.0%    0.0x     중간  1.03  3pt/0 [일봉]
011200  HMM       18,690    0.0    +0.0%    0.0x     중간  3.83  5pt/0 [일봉]
015760  한국전력      36,500    0.0    +0.0%    0.0x     중간  1.66  4pt/0 [일봉]
034020  두산에너빌     88,000    0.0    +0.0%    0.0x     중간  1.88  4pt/0 [일봉]
035720  카카오       38,900    0.0    +0.0%    0.0x     중간  3.06  5pt/0 [일봉]
030200  KT        52,600    0.0    +0.0%    0.0x     중간  1.37  4pt/0 [일봉]
003490  대한항공      24,100   44.4    -3.4%    0.5x     하단  8.71  5pt/0 [5분]
004020  현대제철      33,700    0.0    +0.0%    0.0x     중간  0.63  3pt/0 [일봉]
078930  GS        69,700    0.0    +0.0%    0.0x     중간  3.08  5pt/0 [일봉]

══════════════════════════════════════════════════
⏰ 점심시간 (11:30~13:30) — 신규 매수 중단
→ 전종목 HOLD
✅ Discord 전송 완료

[12:50] HOLD | KODEX RSI57/-5.3%⬆️⚠️ | 보유:없음 | 최고신호 HMM(011200) 5pt/3pt [강세+5.3%★★ / 호가3.8★]
💰 예수금 97,571원 | KODEX200 RSI57/-5.2% 상승추세⬆️ 과열⚠️ | 매수기준 점수3pt↑

코드      종목명           가격    RSI     변화율    거래량     BB   호가비  B/S
────────────────────────────────────────────────────────────────────────
[2단계 분석 대상: 003490, 247540, 003670, 011200, 000270]
403870  HPSP      48,200    0.0    +0.0%    0.0x     중간  3.18  5pt/0 [일봉]
272210  한화시스템     88,200    0.0    +0.0%    0.0x     중간  1.05  3pt/0 [일봉]
011200  HMM       18,690   40.5    -3.9%    0.5x     하단  5.10  4pt/0 [5분]
015760  한국전력      36,550    0.0    +0.0%    0.0x     중간  1.09  3pt/0 [일봉]
034020  두산에너빌     88,000    0.0    +0.0%    0.0x     중간  1.81  4pt/0 [일봉]
035720  카카오       38,900    0.0    +0.0%    0.0x     중간  2.30  5pt/0 [일봉]
030200  KT        52,600    0.0    +0.0%    0.0x     중간  1.46  4pt/0 [일봉]
003490  대한항공      24,150   44.4    -3.0%    0.5x     하단  7.73  5pt/0 [5분]
004020  현대제철      33,700    0.0    +0.0%    0.0x     중간  0.64  3pt/0 [일봉]
078930  GS        69,900    0.0    +0.0%    0.0x     중간  3.42  5pt/0 [일봉]

══════════════════════════════════════════════════
⏰ 점심시간 (11:30~13:30) — 신규 매수 중단
→ 전종목 HOLD
✅ Discord 전송 완료

[12:52] HOLD | KODEX RSI57/-5.2%⬆️⚠️ | 보유:없음 | 최고신호 HPSP(403870) 5pt/3pt [강세+5.2%★★ / 호가3.2★]
💰 예수금 97,571원 | KODEX200 RSI57/-4.9% 상승추세⬆️ 과열⚠️ | 매수기준 점수3pt↑

코드      종목명           가격    RSI     변화율    거래량     BB   호가비  B/S
────────────────────────────────────────────────────────────────────────
[2단계 분석 대상: 003490, 011200, 003670, 078930, 042660]
403870  HPSP      48,450    0.0    +0.0%    0.0x     중간  0.67  3pt/0 [일봉]
272210  한화시스템     88,200    0.0    +0.0%    0.0x     중간  1.42  4pt/0 [일봉]
011200  HMM       18,720   47.1    -3.8%    0.5x     하단  6.45  5pt/0 [5분]
015760  한국전력      36,650    0.0    +0.0%    0.0x     중간  0.84  3pt/0 [일봉]
034020  두산에너빌     88,300    0.0    +0.0%    0.0x     중간  1.21  3pt/0 [일봉]
035720  카카오       39,350    0.0    +0.0%    0.0x     중간  1.27  3pt/0 [일봉]
030200  KT        52,700    0.0    +0.0%    0.0x     중간  1.43  4pt/0 [일봉]
003490  대한항공      24,150   62.5    -3.2%    0.5x     하단  7.75  6pt/0 [5분]
004020  현대제철      33,800    0.0    +0.0%    0.0x     중간  0.59  3pt/0 [일봉]
078930  GS        69,900   17.6    -5.8%    0.5x     하단  4.69  2pt/0 [5분]

══════════════════════════════════════════════════
⏰ 점심시간 (11:30~13:30) — 신규 매수 중단
→ 전종목 HOLD
✅ Discord 전송 완료

[12:54] HOLD | KODEX RSI57/-4.9%⬆️⚠️ | 보유:없음 | 최고신호 대한항공(003490) 6pt/3pt [강세+1.7%★★ / 호가7.8★ / RSI62]
💰 예수금 97,571원 | KODEX200 RSI57/-5.2% 상승추세⬆️ 과열⚠️ | 매수기준 점수3pt↑

코드      종목명           가격    RSI     변화율    거래량     BB   호가비  B/S
────────────────────────────────────────────────────────────────────────
[2단계 분석 대상: 003670, 003490, 000270, 247540, 011200]
403870  HPSP      48,350    0.0    +0.0%    0.0x     중간  1.34  4pt/0 [일봉]
272210  한화시스템     88,100    0.0    +0.0%    0.0x     중간  1.13  3pt/0 [일봉]
011200  HMM       18,710   47.1    -3.8%    0.5x     하단  4.61  5pt/0 [5분]
015760  한국전력      36,500    0.0    +0.0%    0.0x     중간  1.34  4pt/0 [일봉]
034020  두산에너빌     88,100    0.0    +0.0%    0.0x     중간  1.44  4pt/0 [일봉]
035720  카카오       39,150    0.0    +0.0%    0.0x     중간  1.29  3pt/0 [일봉]
030200  KT        52,700    0.0    +0.0%    0.0x     중간  1.41  4pt/0 [일봉]
003490  대한항공      24,150   62.5    -3.2%    0.5x     하단  8.53  6pt/0 [5분]
004020  현대제철      33,800    0.0    +0.0%    0.0x     중간  0.50  3pt/0 [일봉]
078930  GS        69,900    0.0    +0.0%    0.0x     중간  4.03  5pt/0 [일봉]

══════════════════════════════════════════════════
⏰ 점심시간 (11:30~13:30) — 신규 매수 중단
→ 전종목 HOLD
✅ Discord 전송 완료

[12:56] HOLD | KODEX RSI57/-5.2%⬆️⚠️ | 보유:없음 | 최고신호 대한항공(003490) 6pt/3pt [강세+2.0%★★ / 호가8.5★ / RSI62]
💰 예수금 97,571원 | KODEX200 RSI57/-5.4% 상승추세⬆️ 과열⚠️ | 매수기준 점수3pt↑

코드      종목명           가격    RSI     변화율    거래량     BB   호가비  B/S
────────────────────────────────────────────────────────────────────────
[2단계 분석 대상: 003670, 003490, 086520, 011200, 247540]
403870  HPSP      48,400    0.0    +0.0%    0.0x     중간  1.75  4pt/0 [일봉]
272210  한화시스템     88,300    0.0    +0.0%    0.0x     중간  1.06  3pt/0 [일봉]
011200  HMM       18,720   47.1    -3.8%    0.5x     하단  4.79  6pt/0 [5분]
015760  한국전력      36,500    0.0    +0.0%    0.0x     중간  1.79  4pt/0 [일봉]
034020  두산에너빌     88,100    0.0    +0.0%    0.0x     중간  1.28  3pt/0 [일봉]
035720  카카오       39,200    0.0    +0.0%    0.0x     중간  1.30  4pt/0 [일봉]
030200  KT        52,700    0.0    +0.0%    0.0x     중간  1.39  4pt/0 [일봉]
003490  대한항공      24,150   62.5    -3.0%    0.5x     하단  8.64  6pt/0 [5분]
004020  현대제철      33,850    0.0    +0.0%    0.0x     중간  0.55  3pt/0 [일봉]
078930  GS        69,900    0.0    +0.0%    0.0x     중간  3.34  5pt/0 [일봉]

══════════════════════════════════════════════════
⏰ 점심시간 (11:30~13:30) — 신규 매수 중단
→ 전종목 HOLD
✅ Discord 전송 완료

[12:58] HOLD | KODEX RSI57/-5.4%⬆️⚠️ | 보유:없음 | 최고신호 HMM(011200) 6pt/3pt [강세+1.6%★★ / 호가4.8★ / RSI47]
💰 예수금 97,571원 | KODEX200 RSI57/-5.0% 상승추세⬆️ 과열⚠️ | 매수기준 점수3pt↑

코드      종목명           가격    RSI     변화율    거래량     BB   호가비  B/S
────────────────────────────────────────────────────────────────────────
[2단계 분석 대상: 003490, 003670, 078930, 011200, 086790]
403870  HPSP      48,550    0.0    +0.0%    0.0x     중간  0.37  3pt/0 [일봉]
272210  한화시스템     88,500    0.0    +0.0%    0.0x     중간  0.78  3pt/0 [일봉]
011200  HMM       18,700   50.0    -3.9%    0.5x     하단  3.71  5pt/0 [5분]
015760  한국전력      36,550    0.0    +0.0%    0.0x     중간  1.15  3pt/0 [일봉]
034020  두산에너빌     88,300    0.0    +0.0%    0.0x     중간  1.10  3pt/0 [일봉]
035720  카카오       39,700    0.0    +0.0%    0.0x     중간  0.44  3pt/0 [일봉]
030200  KT        52,700    0.0    +0.0%    0.0x     중간  1.40  4pt/0 [일봉]
003490  대한항공      24,150   55.6    -3.2%    0.5x     하단  8.15  6pt/0 [5분]
004020  현대제철      33,850    0.0    +0.0%    0.0x     중간  0.57  3pt/0 [일봉]
078930  GS        69,900   20.0    -5.7%    0.5x     하단  4.98  2pt/0 [5분]

══════════════════════════════════════════════════
⏰ 점심시간 (11:30~13:30) — 신규 매수 중단
→ 전종목 HOLD
✅ Discord 전송 완료

[13:00] HOLD | KODEX RSI57/-5.0%⬆️⚠️ | 보유:없음 | 최고신호 대한항공(003490) 6pt/3pt [강세+1.8%★★ / 호가8.2★ / RSI56]
💰 예수금 97,571원 | KODEX200 RSI57/-4.9% 상승추세⬆️ 과열⚠️ | 매수기준 점수3pt↑

코드      종목명           가격    RSI     변화율    거래량     BB   호가비  B/S
────────────────────────────────────────────────────────────────────────
[2단계 분석 대상: 003490, 086790, 011200, 055550, 078930]
403870  HPSP      48,700    0.0    +0.0%    0.0x     중간  0.43  3pt/0 [일봉]
272210  한화시스템     88,600    0.0    +0.0%    0.0x     중간  0.64  3pt/0 [일봉]
011200  HMM       18,700   50.0    -3.9%    0.5x     하단  4.83  5pt/0 [5분]
015760  한국전력      36,600    0.0    +0.0%    0.0x     중간  1.60  4pt/0 [일봉]
034020  두산에너빌     88,400    0.0    +0.0%    0.0x     중간  1.56  4pt/0 [일봉]
035720  카카오       39,650    0.0    +0.0%    0.0x     중간  0.28  3pt/0 [일봉]
030200  KT        52,700    0.0    +0.0%    0.0x     중간  1.45  4pt/0 [일봉]
003490  대한항공      24,100   55.6    -3.2%    0.5x     하단  7.65  6pt/0 [5분]
004020  현대제철      33,900    0.0    +0.0%    0.0x     중간  1.68  4pt/0 [일봉]
078930  GS        70,000   20.0    -5.5%    0.5x     하단  3.68  2pt/0 [5분]

══════════════════════════════════════════════════
⏰ 점심시간 (11:30~13:30) — 신규 매수 중단
→ 전종목 HOLD
✅ Discord 전송 완료

[13:02] HOLD | KODEX RSI57/-4.9%⬆️⚠️ | 보유:없음 | 최고신호 대한항공(003490) 6pt/3pt [강세+1.7%★★ / 호가7.7★ / RSI56]
💰 예수금 97,571원 | KODEX200 RSI57/-5.2% 상승추세⬆️ 과열⚠️ | 매수기준 점수3pt↑

코드      종목명           가격    RSI     변화율    거래량     BB   호가비  B/S
────────────────────────────────────────────────────────────────────────
[2단계 분석 대상: 003490, 003670, 011200, 105560, 086790]
403870  HPSP      48,450    0.0    +0.0%    0.0x     중간  1.39  4pt/0 [일봉]
272210  한화시스템     88,400    0.0    +0.0%    0.0x     중간  1.34  4pt/0 [일봉]
011200  HMM       18,690   62.1    -3.9%    0.5x     하단  4.82  6pt/0 [5분]
015760  한국전력      36,500    0.0    +0.0%    0.0x     중간  3.16  5pt/0 [일봉]
034020  두산에너빌     88,200    0.0    +0.0%    0.0x     중간  1.81  4pt/0 [일봉]
035720  카카오       39,750    0.0    +0.0%    0.0x     중간  0.28  3pt/0 [일봉]
030200  KT        52,700    0.0    +0.0%    0.0x     중간  1.64  4pt/0 [일봉]
003490  대한항공      24,100   55.6    -3.2%    0.5x     하단  7.68  6pt/0 [5분]
004020  현대제철      33,950    0.0    +0.0%    0.0x     중간  1.01  3pt/0 [일봉]
078930  GS        69,900    0.0    +0.0%    0.0x     중간  3.86  5pt/0 [일봉]

══════════════════════════════════════════════════
⏰ 점심시간 (11:30~13:30) — 신규 매수 중단
→ 전종목 HOLD
✅ Discord 전송 완료

[13:04] HOLD | KODEX RSI57/-5.2%⬆️⚠️ | 보유:없음 | 최고신호 HMM(011200) 6pt/3pt [강세+1.3%★ / 호가4.8★ / RSI62 / 연속상승]
💰 예수금 97,571원 | KODEX200 RSI57/-5.3% 상승추세⬆️ 과열⚠️ | 매수기준 점수3pt↑

코드      종목명           가격    RSI     변화율    거래량     BB   호가비  B/S
────────────────────────────────────────────────────────────────────────
[2단계 분석 대상: 003670, 003490, 011200, 086790, 055550]
403870  HPSP      48,550    0.0    +0.0%    0.0x     중간  0.61  3pt/0 [일봉]
272210  한화시스템     88,200    0.0    +0.0%    0.0x     중간  1.73  4pt/0 [일봉]
011200  HMM       18,690   62.1    -3.9%    0.5x     하단  5.80  6pt/0 [5분]
015760  한국전력      36,500    0.0    +0.0%    0.0x     중간  2.99  5pt/0 [일봉]
034020  두산에너빌     88,100    0.0    +0.0%    0.0x     중간  2.54  5pt/0 [일봉]
035720  카카오       39,600    0.0    +0.0%    0.0x     중간  0.34  3pt/0 [일봉]
030200  KT        52,700    0.0    +0.0%    0.0x     중간  1.62  4pt/0 [일봉]
003490  대한항공      24,100   50.0    -3.4%    0.5x     하단  7.58  6pt/0 [5분]
004020  현대제철      33,950    0.0    +0.0%    0.0x     중간  1.83  4pt/0 [일봉]
078930  GS        69,800    0.0    +0.0%    0.0x     중간  4.54  5pt/0 [일봉]

══════════════════════════════════════════════════
⏰ 점심시간 (11:30~13:30) — 신규 매수 중단
→ 전종목 HOLD
✅ Discord 전송 완료

[13:06] HOLD | KODEX RSI57/-5.3%⬆️⚠️ | 보유:없음 | 최고신호 HMM(011200) 6pt/3pt [강세+1.4%★ / 호가5.8★ / RSI62 / 연속상승]
💰 예수금 97,571원 | KODEX200 RSI57/-5.3% 상승추세⬆️ 과열⚠️ | 매수기준 점수3pt↑

코드      종목명           가격    RSI     변화율    거래량     BB   호가비  B/S
────────────────────────────────────────────────────────────────────────
[2단계 분석 대상: 003490, 003670, 086790, 011200, 078930]
403870  HPSP      48,700    0.0    +0.0%    0.0x     중간  0.44  3pt/0 [일봉]
272210  한화시스템     88,300    0.0    +0.0%    0.0x     중간  1.23  3pt/0 [일봉]
011200  HMM       18,700   62.1    -3.9%    0.5x     하단  4.65  6pt/0 [5분]
015760  한국전력      36,500    0.0    +0.0%    0.0x     중간  3.02  5pt/0 [일봉]
034020  두산에너빌     88,200    0.0    +0.0%    0.0x     중간  1.80  4pt/0 [일봉]
035720  카카오       39,550    0.0    +0.0%    0.0x     중간  0.34  3pt/0 [일봉]
030200  KT        52,700    0.0    +0.0%    0.0x     중간  1.65  4pt/0 [일봉]
003490  대한항공      24,050   50.0    -3.2%    0.5x     하단  8.59  6pt/0 [5분]
004020  현대제철      33,900    0.0    +0.0%    0.0x     중간  1.74  4pt/0 [일봉]
078930  GS        69,900   21.4    -5.7%    0.5x     하단  4.36  2pt/0 [5분]

══════════════════════════════════════════════════
⏰ 점심시간 (11:30~13:30) — 신규 매수 중단
→ 전종목 HOLD
✅ Discord 전송 완료

[13:08] HOLD | KODEX RSI57/-5.3%⬆️⚠️ | 보유:없음 | 최고신호 HMM(011200) 6pt/3pt [강세+1.4%★ / 호가4.7★ / RSI62 / 연속상승]
💰 예수금 97,571원 | KODEX200 RSI57/-5.4% 상승추세⬆️ 과열⚠️ | 매수기준 점수3pt↑

코드      종목명           가격    RSI     변화율    거래량     BB   호가비  B/S
────────────────────────────────────────────────────────────────────────
[2단계 분석 대상: 003490, 011200, 003670, 078930, 086790]
403870  HPSP      48,650    0.0    +0.0%    0.0x     중간  0.66  3pt/0 [일봉]
272210  한화시스템     88,400    0.0    +0.0%    0.0x     중간  1.44  4pt/0 [일봉]
011200  HMM       18,730   45.8    -3.7%    0.5x     하단  7.88  7pt/0 [5분]
015760  한국전력      36,550    0.0    +0.0%    0.0x     중간  1.96  4pt/0 [일봉]
034020  두산에너빌     88,300    0.0    +0.0%    0.0x     중간  1.95  4pt/0 [일봉]
035720  카카오       39,500    0.0    +0.0%    0.0x     중간  0.47  3pt/0 [일봉]
030200  KT        52,700    0.0    +0.0%    0.0x     중간  1.74  4pt/0 [일봉]
003490  대한항공      24,100   44.4    -3.2%    0.5x     하단  8.16  5pt/0 [5분]
004020  현대제철      33,900    0.0    +0.0%    0.0x     중간  1.33  4pt/0 [일봉]
078930  GS        69,900   30.8    -5.8%    0.5x     하단  4.42  2pt/0 [5분]

══════════════════════════════════════════════════
⏰ 점심시간 (11:30~13:30) — 신규 매수 중단
→ 전종목 HOLD
✅ Discord 전송 완료

[13:10] HOLD | KODEX RSI57/-5.4%⬆️⚠️ | 보유:없음 | 최고신호 HMM(011200) 7pt/3pt [강세+1.7%★★ / 호가7.9★ / RSI46 / 연속상승]
💰 예수금 97,571원 | KODEX200 RSI57/-5.3% 상승추세⬆️ 과열⚠️ | 매수기준 점수3pt↑

코드      종목명           가격    RSI     변화율    거래량     BB   호가비  B/S
────────────────────────────────────────────────────────────────────────
[2단계 분석 대상: 003490, 011200, 078930, 086790, 003670]
403870  HPSP      48,500    0.0    +0.0%    0.0x     중간  0.87  3pt/0 [일봉]
272210  한화시스템     88,600    0.0    +0.0%    0.0x     중간  0.74  3pt/0 [일봉]
011200  HMM       18,730   45.8    -3.7%    0.5x     하단  7.15  7pt/0 [5분]
015760  한국전력      36,650    0.0    +0.0%    0.0x     중간  1.52  4pt/0 [일봉]
034020  두산에너빌     88,200    0.0    +0.0%    0.0x     중간  2.02  5pt/0 [일봉]
035720  카카오       39,500    0.0    +0.0%    0.0x     중간  0.77  3pt/0 [일봉]
030200  KT        52,800    0.0    +0.0%    0.0x     중간  1.66  4pt/0 [일봉]
003490  대한항공      24,100   44.4    -3.2%    0.5x     하단  8.05  5pt/0 [5분]
004020  현대제철      33,900    0.0    +0.0%    0.0x     중간  1.20  3pt/0 [일봉]
078930  GS        70,000   30.8    -5.5%    0.5x     하단  4.21  2pt/0 [5분]

══════════════════════════════════════════════════
⏰ 점심시간 (11:30~13:30) — 신규 매수 중단
→ 전종목 HOLD
✅ Discord 전송 완료

[13:12] HOLD | KODEX RSI57/-5.3%⬆️⚠️ | 보유:없음 | 최고신호 HMM(011200) 7pt/3pt [강세+1.6%★★ / 호가7.2★ / RSI46 / 연속상승]
💰 예수금 97,571원 | KODEX200 RSI57/-5.2% 상승추세⬆️ 과열⚠️ | 매수기준 점수3pt↑

코드      종목명           가격    RSI     변화율    거래량     BB   호가비  B/S
────────────────────────────────────────────────────────────────────────
[2단계 분석 대상: 011200, 003490, 078930, 000150, 032830]
403870  HPSP      48,500    0.0    +0.0%    0.0x     중간  0.87  3pt/0 [일봉]
272210  한화시스템     88,500    0.0    +0.0%    0.0x     중간  1.03  3pt/0 [일봉]
011200  HMM       18,750   45.8    -3.6%    0.5x     하단  8.61  7pt/0 [5분]
015760  한국전력      36,600    0.0    +0.0%    0.0x     중간  0.94  3pt/0 [일봉]
034020  두산에너빌     88,300    0.0    +0.0%    0.0x     중간  1.65  4pt/0 [일봉]
035720  카카오       39,500    0.0    +0.0%    0.0x     중간  0.81  3pt/0 [일봉]
030200  KT        52,800    0.0    +0.0%    0.0x     중간  1.85  4pt/0 [일봉]
003490  대한항공      24,100   44.4    -3.2%    0.5x     하단  8.56  5pt/0 [5분]
004020  현대제철      33,950    0.0    +0.0%    0.0x     중간  1.18  3pt/0 [일봉]
078930  GS        70,200   25.0    -5.4%    0.5x     하단  3.41  2pt/0 [5분]

══════════════════════════════════════════════════
⏰ 점심시간 (11:30~13:30) — 신규 매수 중단
→ 전종목 HOLD
✅ Discord 전송 완료

[13:14] HOLD | KODEX RSI57/-5.2%⬆️⚠️ | 보유:없음 | 최고신호 HMM(011200) 7pt/3pt [강세+1.6%★★ / 호가8.6★ / RSI46 / 연속상승]
💰 예수금 97,571원 | KODEX200 RSI57/-5.1% 상승추세⬆️ 과열⚠️ | 매수기준 점수3pt↑

코드      종목명           가격    RSI     변화율    거래량     BB   호가비  B/S
────────────────────────────────────────────────────────────────────────
[2단계 분석 대상: 003490, 011200, 000150, 000880, 078930]
403870  HPSP      48,450    0.0    +0.0%    0.0x     중간  1.59  4pt/0 [일봉]
272210  한화시스템     88,700    0.0    +0.0%    0.0x     중간  0.61  3pt/0 [일봉]
011200  HMM       18,800   41.7    -3.3%    0.5x     하단  7.90  5pt/0 [5분]
015760  한국전력      36,650    0.0    +0.0%    0.0x     중간  1.16  3pt/0 [일봉]
034020  두산에너빌     88,400    0.0    +0.0%    0.0x     중간  2.06  5pt/0 [일봉]
035720  카카오       39,550    0.0    +0.0%    0.0x     중간  0.40  3pt/0 [일봉]
030200  KT        52,800    0.0    +0.0%    0.0x     중간  2.27  5pt/0 [일봉]
003490  대한항공      24,100   44.4    -3.0%    0.5x     하단  8.56  5pt/0 [5분]
004020  현대제철      34,000    0.0    +0.0%    0.0x     중간  0.89  3pt/0 [일봉]
078930  GS        70,400   25.0    -5.0%    0.5x     하단  3.31  2pt/0 [5분]

══════════════════════════════════════════════════
⏰ 점심시간 (11:30~13:30) — 신규 매수 중단
→ 전종목 HOLD
✅ Discord 전송 완료

[13:16] HOLD | KODEX RSI57/-5.1%⬆️⚠️ | 보유:없음 | 최고신호 HMM(011200) 5pt/3pt [강세+1.8%★★ / 호가7.9★]
💰 예수금 97,571원 | KODEX200 RSI57/-5.3% 상승추세⬆️ 과열⚠️ | 매수기준 점수3pt↑

코드      종목명           가격    RSI     변화율    거래량     BB   호가비  B/S
────────────────────────────────────────────────────────────────────────
[2단계 분석 대상: 003490, 011200, 078930, 004020, 000880]
403870  HPSP      48,450    0.0    +0.0%    0.0x     중간  1.90  4pt/0 [일봉]
272210  한화시스템     88,600    0.0    +0.0%    0.0x     중간  1.10  3pt/0 [일봉]
011200  HMM       18,770   41.7    -3.1%    0.5x     하단  4.92  5pt/0 [5분]
015760  한국전력      36,600    0.0    +0.0%    0.0x     중간  1.28  3pt/0 [일봉]
034020  두산에너빌     88,200    0.0    +0.0%    0.0x     중간  2.47  5pt/0 [일봉]
035720  카카오       39,450    0.0    +0.0%    0.0x     중간  0.75  3pt/0 [일봉]
030200  KT        52,800    0.0    +0.0%    0.0x     중간  2.23  5pt/0 [일봉]
003490  대한항공      24,150   44.4    -3.0%    0.5x     하단  9.05  5pt/0 [5분]
004020  현대제철      34,000   58.3    -5.3%    0.3x     하단  3.19  3pt/0 [5분]
078930  GS        70,300   25.0    -5.1%    0.5x     하단  3.20  2pt/0 [5분]

══════════════════════════════════════════════════
⏰ 점심시간 (11:30~13:30) — 신규 매수 중단
→ 전종목 HOLD
✅ Discord 전송 완료

[13:18] HOLD | KODEX RSI57/-5.3%⬆️⚠️ | 보유:없음 | 최고신호 HMM(011200) 5pt/3pt [강세+2.2%★★ / 호가4.9★]
💰 예수금 97,571원 | KODEX200 RSI56/-5.7% 상승추세⬆️ 과열⚠️ | 매수기준 점수3pt↑

코드      종목명           가격    RSI     변화율    거래량     BB   호가비  B/S
────────────────────────────────────────────────────────────────────────
[2단계 분석 대상: 003490, 011200, 034020, 003670, 105560]
403870  HPSP      48,550    0.0    +0.0%    0.0x     중간  0.75  3pt/0 [일봉]
272210  한화시스템     88,300    0.0    +0.0%    0.0x     중간  1.32  4pt/0 [일봉]
011200  HMM       18,780   39.1    -3.4%    0.5x     하단  5.63  5pt/0 [5분]
015760  한국전력      36,500    0.0    +0.0%    0.0x     중간  2.77  5pt/0 [일봉]
034020  두산에너빌     87,900   50.0    -8.1%    0.6x     하단  4.01  3pt/0 [5분]
035720  카카오       39,400    0.0    +0.0%    0.0x     중간  1.41  4pt/0 [일봉]
030200  KT        52,800    0.0    +0.0%    0.0x     중간  2.18  5pt/0 [일봉]
003490  대한항공      24,100   37.5    -3.2%    0.5x     하단 10.42  5pt/0 [5분]
004020  현대제철      33,900    0.0    +0.0%    0.0x     중간  3.35  5pt/0 [일봉]
078930  GS        70,100    0.0    +0.0%    0.0x     중간  3.59  5pt/0 [일봉]

══════════════════════════════════════════════════
⏰ 점심시간 (11:30~13:30) — 신규 매수 중단
→ 전종목 HOLD
✅ Discord 전송 완료

[13:20] HOLD | KODEX RSI56/-5.7%⬆️⚠️ | 보유:없음 | 최고신호 HMM(011200) 5pt/3pt [강세+2.3%★★ / 호가5.6★]
💰 예수금 97,571원 | KODEX200 RSI56/-5.6% 상승추세⬆️ 과열⚠️ | 매수기준 점수3pt↑

코드      종목명           가격    RSI     변화율    거래량     BB   호가비  B/S
────────────────────────────────────────────────────────────────────────
[2단계 분석 대상: 003490, 105560, 247540, 003670, 034020]
403870  HPSP      48,600    0.0    +0.0%    0.0x     중간  0.88  3pt/0 [일봉]
272210  한화시스템     88,600    0.0    +0.0%    0.0x     중간  0.97  3pt/0 [일봉]
011200  HMM       18,790    0.0    +0.0%    0.0x     중간  2.47  5pt/0 [일봉]
015760  한국전력      36,500    0.0    +0.0%    0.0x     중간  3.32  5pt/0 [일봉]
034020  두산에너빌     87,900   50.0    -8.1%    0.7x     하단  4.10  3pt/0 [5분]
035720  카카오       39,350    0.0    +0.0%    0.0x     중간  0.77  3pt/0 [일봉]
030200  KT        53,000    0.0    +0.0%    0.0x     중간  2.70  5pt/0 [일봉]
003490  대한항공      24,150   37.5    -3.2%    0.5x     하단  9.03  5pt/0 [5분]
004020  현대제철      33,900    0.0    +0.0%    0.0x     중간  3.46  5pt/0 [일봉]
078930  GS        70,200    0.0    +0.0%    0.0x     중간  3.96  5pt/0 [일봉]

══════════════════════════════════════════════════
⏰ 점심시간 (11:30~13:30) — 신규 매수 중단
→ 전종목 HOLD
✅ Discord 전송 완료

[13:22] HOLD | KODEX RSI56/-5.6%⬆️⚠️ | 보유:없음 | 최고신호 HMM(011200) 5pt/3pt [강세+5.6%★★ / 호가2.5★]
💰 예수금 97,571원 | KODEX200 RSI56/-5.8% 상승추세⬆️ 과열⚠️ | 매수기준 점수3pt↑

코드      종목명           가격    RSI     변화율    거래량     BB   호가비  B/S
────────────────────────────────────────────────────────────────────────
[2단계 분석 대상: 247540, 003670, 003490, 000150, 086520]
403870  HPSP      48,400    0.0    +0.0%    0.0x     중간  2.53  5pt/0 [일봉]
272210  한화시스템     88,300    0.0    +0.0%    0.0x     중간  0.82  3pt/0 [일봉]
011200  HMM       18,770    0.0    +0.0%    0.0x     중간  4.08  5pt/0 [일봉]
015760  한국전력      36,500    0.0    +0.0%    0.0x     중간  2.39  5pt/0 [일봉]
034020  두산에너빌     87,800    0.0    +0.0%    0.0x     중간  3.79  5pt/0 [일봉]
035720  카카오       39,350    0.0    +0.0%    0.0x     중간  0.87  3pt/0 [일봉]
030200  KT        53,000    0.0    +0.0%    0.0x     중간  2.78  5pt/0 [일봉]
003490  대한항공      24,100   33.3    -3.2%    0.5x     하단 10.38  5pt/0 [5분]
004020  현대제철      33,900    0.0    +0.0%    0.0x     중간  2.78  5pt/0 [일봉]
078930  GS        70,100    0.0    +0.0%    0.0x     중간  4.14  5pt/0 [일봉]

══════════════════════════════════════════════════
⏰ 점심시간 (11:30~13:30) — 신규 매수 중단
→ 전종목 HOLD
✅ Discord 전송 완료

[13:24] HOLD | KODEX RSI56/-5.8%⬆️⚠️ | 보유:없음 | 최고신호 HPSP(403870) 5pt/3pt [강세+5.8%★★ / 호가2.5★]
💰 예수금 97,571원 | KODEX200 RSI56/-5.8% 상승추세⬆️ 과열⚠️ | 매수기준 점수3pt↑

코드      종목명           가격    RSI     변화율    거래량     BB   호가비  B/S
────────────────────────────────────────────────────────────────────────
[2단계 분석 대상: 003490, 000150, 011200, 247540, 003670]
403870  HPSP      48,350    0.0    +0.0%    0.0x     중간  2.84  5pt/0 [일봉]
272210  한화시스템     88,300    0.0    +0.0%    0.0x     중간  0.70  3pt/0 [일봉]
011200  HMM       18,770   39.1    -3.4%    0.5x     하단  6.08  5pt/0 [5분]
015760  한국전력      36,500    0.0    +0.0%    0.0x     중간  2.72  5pt/0 [일봉]
034020  두산에너빌     87,700    0.0    +0.0%    0.0x     중간  3.73  5pt/0 [일봉]
035720  카카오       39,300    0.0    +0.0%    0.0x     중간  0.99  3pt/0 [일봉]
030200  KT        53,000    0.0    +0.0%    0.0x     중간  2.87  5pt/0 [일봉]
003490  대한항공      24,100   33.3    -3.2%    0.5x     하단 10.48  5pt/0 [5분]
004020  현대제철      33,900    0.0    +0.0%    0.0x     중간  2.98  5pt/0 [일봉]
078930  GS        70,000    0.0    +0.0%    0.0x     중간  3.67  5pt/0 [일봉]

══════════════════════════════════════════════════
⏰ 점심시간 (11:30~13:30) — 신규 매수 중단
→ 전종목 HOLD
✅ Discord 전송 완료

[13:26] HOLD | KODEX RSI56/-5.8%⬆️⚠️ | 보유:없음 | 최고신호 HPSP(403870) 5pt/3pt [강세+5.8%★★ / 호가2.8★]
💰 예수금 97,571원 | KODEX200 RSI56/-5.6% 상승추세⬆️ 과열⚠️ | 매수기준 점수3pt↑

코드      종목명           가격    RSI     변화율    거래량     BB   호가비  B/S
────────────────────────────────────────────────────────────────────────
[2단계 분석 대상: 003490, 078930, 000150, 086520, 011200]
403870  HPSP      48,350    0.0    +0.0%    0.0x     중간  2.84  5pt/0 [일봉]
272210  한화시스템     88,300    0.0    +0.0%    0.0x     중간  0.75  3pt/0 [일봉]
011200  HMM       18,790   39.1    -3.6%    0.5x     하단  3.99  5pt/0 [5분]
015760  한국전력      36,500    0.0    +0.0%    0.0x     중간  3.80  5pt/0 [일봉]
034020  두산에너빌     87,800    0.0    +0.0%    0.0x     중간  3.41  5pt/0 [일봉]
035720  카카오       39,350    0.0    +0.0%    0.0x     중간  0.95  3pt/0 [일봉]
030200  KT        53,000    0.0    +0.0%    0.0x     중간  2.60  5pt/0 [일봉]
003490  대한항공      24,150   33.3    -3.0%    0.5x     하단  9.69  5pt/0 [5분]
004020  현대제철      33,900    0.0    +0.0%    0.0x     중간  1.99  4pt/0 [일봉]
078930  GS        70,000   33.3    -5.5%    0.5x     하단  5.66  2pt/0 [5분]

══════════════════════════════════════════════════
⏰ 점심시간 (11:30~13:30) — 신규 매수 중단
→ 전종목 HOLD
✅ Discord 전송 완료

[13:28] HOLD | KODEX RSI56/-5.6%⬆️⚠️ | 보유:없음 | 최고신호 HPSP(403870) 5pt/3pt [강세+5.6%★★ / 호가2.8★]
💰 예수금 97,571원 | KODEX200 RSI56/-5.6% 상승추세⬆️ 과열⚠️ | 매수기준 점수3pt↑

코드      종목명           가격    RSI     변화율    거래량     BB   호가비  B/S
────────────────────────────────────────────────────────────────────────
[2단계 분석 대상: 017670, 003490, 078930, 042660, 034020]
403870  HPSP      48,350    0.0    +0.0%    0.0x     중간  2.69  5pt/0 [일봉]
272210  한화시스템     88,300    0.0    +0.0%    0.0x     중간  0.66  3pt/0 [일봉]
011200  HMM       18,760    0.0    +0.0%    0.0x     중간  3.47  5pt/0 [일봉]
015760  한국전력      36,550    0.0    +0.0%    0.0x     중간  1.28  3pt/0 [일봉]
034020  두산에너빌     87,700   52.9    -8.3%    0.7x     하단  3.74  3pt/0 [5분]
035720  카카오       39,400    0.0    +0.0%    0.0x     중간  0.92  3pt/0 [일봉]
030200  KT        53,000    0.0    +0.0%    0.0x     중간  2.39  5pt/0 [일봉]
003490  대한항공      24,150   44.4    -3.2%    0.5x     하단 10.80  5pt/0 [5분]
004020  현대제철      33,900    0.0    +0.0%    0.0x     중간  1.05  3pt/0 [일봉]
078930  GS        70,000   25.0    -5.5%    0.5x     하단  4.51  2pt/0 [5분]

══════════════════════════════════════════════════
📉 KODEX200 -5.6% 급락 — 신규 매수 중단
→ 전종목 HOLD
✅ Discord 전송 완료

[13:30] HOLD | KODEX RSI56/-5.6%⬆️⚠️ | 보유:없음 | 최고신호 HPSP(403870) 5pt/3pt [강세+5.6%★★ / 호가2.7★]
💰 예수금 97,571원 | KODEX200 RSI56/-5.5% 상승추세⬆️ 과열⚠️ | 매수기준 점수3pt↑

코드      종목명           가격    RSI     변화율    거래량     BB   호가비  B/S
────────────────────────────────────────────────────────────────────────
[2단계 분석 대상: 003490, 078930, 105560, 042660, 000150]
403870  HPSP      48,350    0.0    +0.0%    0.0x     중간  2.35  5pt/0 [일봉]
272210  한화시스템     88,300    0.0    +0.0%    0.0x     중간  0.70  3pt/0 [일봉]
011200  HMM       18,780    0.0    +0.0%    0.0x     중간  2.83  5pt/0 [일봉]
015760  한국전력      36,550    0.0    +0.0%    0.0x     중간  1.77  4pt/0 [일봉]
034020  두산에너빌     87,800    0.0    +0.0%    0.0x     중간  3.25  5pt/0 [일봉]
035720  카카오       39,450    0.0    +0.0%    0.0x     중간  0.81  3pt/0 [일봉]
030200  KT        53,000    0.0    +0.0%    0.0x     중간  2.69  5pt/0 [일봉]
003490  대한항공      24,100   44.4    -3.4%    0.5x     하단 12.86  5pt/0 [5분]
004020  현대제철      33,950    0.0    +0.0%    0.0x     중간  0.82  3pt/0 [일봉]
078930  GS        69,900   25.0    -5.7%    0.5x     하단  5.14  2pt/0 [5분]

══════════════════════════════════════════════════
📉 KODEX200 -5.5% 급락 — 신규 매수 중단
→ 전종목 HOLD
✅ Discord 전송 완료

[13:32] HOLD | KODEX RSI56/-5.5%⬆️⚠️ | 보유:없음 | 최고신호 HPSP(403870) 5pt/3pt [강세+5.5%★★ / 호가2.4★]
💰 예수금 97,571원 | KODEX200 RSI56/-5.6% 상승추세⬆️ 과열⚠️ | 매수기준 점수3pt↑

코드      종목명           가격    RSI     변화율    거래량     BB   호가비  B/S
────────────────────────────────────────────────────────────────────────
[2단계 분석 대상: 003490, 017670, 078930, 032830, 042660]
403870  HPSP      48,350    0.0    +0.0%    0.0x     중간  2.49  5pt/0 [일봉]
272210  한화시스템     88,000    0.0    +0.0%    0.0x     중간  1.32  4pt/0 [일봉]
011200  HMM       18,780    0.0    +0.0%    0.0x     중간  3.54  5pt/0 [일봉]
015760  한국전력      36,500    0.0    +0.0%    0.0x     중간  1.74  4pt/0 [일봉]
034020  두산에너빌     87,600    0.0    +0.0%    0.0x     중간  3.36  5pt/0 [일봉]
035720  카카오       39,300    0.0    +0.0%    0.0x     중간  1.07  3pt/0 [일봉]
030200  KT        53,000    0.0    +0.0%    0.0x     중간  2.78  5pt/0 [일봉]
003490  대한항공      24,100   44.4    -3.2%    0.5x     하단 12.09  5pt/0 [5분]
004020  현대제철      33,900    0.0    +0.0%    0.0x     중간  0.78  3pt/0 [일봉]
078930  GS        69,800   33.3    -5.8%    0.5x     하단  7.11  2pt/0 [5분]

══════════════════════════════════════════════════
📉 KODEX200 -5.6% 급락 — 신규 매수 중단
→ 전종목 HOLD
✅ Discord 전송 완료

[13:34] HOLD | KODEX RSI56/-5.6%⬆️⚠️ | 보유:없음 | 최고신호 HPSP(403870) 5pt/3pt [강세+5.6%★★ / 호가2.5★]
💰 예수금 97,571원 | KODEX200 RSI56/-5.6% 상승추세⬆️ 과열⚠️ | 매수기준 점수3pt↑

코드      종목명           가격    RSI     변화율    거래량     BB   호가비  B/S
────────────────────────────────────────────────────────────────────────
[2단계 분석 대상: 003490, 017670, 032830, 105560, 078930]
403870  HPSP      48,300    0.0    +0.0%    0.0x     중간  3.49  5pt/0 [일봉]
272210  한화시스템     88,000    0.0    +0.0%    0.0x     중간  1.36  4pt/0 [일봉]
011200  HMM       18,810    0.0    +0.0%    0.0x     중간  2.28  5pt/0 [일봉]
015760  한국전력      36,500    0.0    +0.0%    0.0x     중간  1.57  4pt/0 [일봉]
034020  두산에너빌     87,600    0.0    +0.0%    0.0x     중간  3.03  5pt/0 [일봉]
035720  카카오       39,400    0.0    +0.0%    0.0x     중간  0.91  3pt/0 [일봉]
030200  KT        53,000    0.0    +0.0%    0.0x     중간  2.76  5pt/0 [일봉]
003490  대한항공      24,100   55.6    -3.4%    0.5x     하단 11.38  6pt/0 [5분]
004020  현대제철      33,900    0.0    +0.0%    0.0x     중간  1.13  3pt/0 [일봉]
078930  GS        69,800   33.3    -5.8%    0.5x     하단  5.82  2pt/0 [5분]

══════════════════════════════════════════════════
📉 KODEX200 -5.6% 급락 — 신규 매수 중단
→ 전종목 HOLD
✅ Discord 전송 완료

[13:36] HOLD | KODEX RSI56/-5.6%⬆️⚠️ | 보유:없음 | 최고신호 대한항공(003490) 6pt/3pt [강세+2.2%★★ / 호가11.4★ / RSI56]
💰 예수금 97,571원 | KODEX200 RSI56/-5.4% 상승추세⬆️ 과열⚠️ | 매수기준 점수3pt↑

코드      종목명           가격    RSI     변화율    거래량     BB   호가비  B/S
────────────────────────────────────────────────────────────────────────
[2단계 분석 대상: 003490, 078930, 017670, 105560, 003670]
403870  HPSP      48,450    0.0    +0.0%    0.0x     중간  1.60  4pt/0 [일봉]
272210  한화시스템     88,100    0.0    +0.0%    0.0x     중간  0.54  3pt/0 [일봉]
011200  HMM       18,880    0.0    +0.0%    0.0x     중간  0.91  3pt/0 [일봉]
015760  한국전력      36,550    0.0    +0.0%    0.0x     중간  1.27  3pt/0 [일봉]
034020  두산에너빌     87,700    0.0    +0.0%    0.0x     중간  2.89  5pt/0 [일봉]
035720  카카오       39,350    0.0    +0.0%    0.0x     중간  0.81  3pt/0 [일봉]
030200  KT        53,000    0.0    +0.0%    0.0x     중간  2.79  5pt/0 [일봉]
003490  대한항공      24,150   55.6    -3.2%    0.5x     하단  9.95  6pt/0 [5분]
004020  현대제철      33,900    0.0    +0.0%    0.0x     중간  1.15  3pt/0 [일봉]
078930  GS        69,800   33.3    -6.1%    0.5x     하단  5.99  2pt/0 [5분]

══════════════════════════════════════════════════
📉 KODEX200 -5.4% 급락 — 신규 매수 중단
→ 전종목 HOLD
✅ Discord 전송 완료

[13:38] HOLD | KODEX RSI56/-5.4%⬆️⚠️ | 보유:없음 | 최고신호 대한항공(003490) 6pt/3pt [강세+2.2%★★ / 호가9.9★ / RSI56]
💰 예수금 97,571원 | KODEX200 RSI56/-5.7% 상승추세⬆️ 과열⚠️ | 매수기준 점수3pt↑

코드      종목명           가격    RSI     변화율    거래량     BB   호가비  B/S
────────────────────────────────────────────────────────────────────────
[2단계 분석 대상: 003490, 017670, 010950, 086520, 247540]
403870  HPSP      48,350    0.0    +0.0%    0.0x     중간  2.86  5pt/0 [일봉]
272210  한화시스템     87,900    0.0    +0.0%    0.0x     중간  1.09  3pt/0 [일봉]
011200  HMM       18,810    0.0    +0.0%    0.0x     중간  0.66  3pt/0 [일봉]
015760  한국전력      36,500    0.0    +0.0%    0.0x     중간  1.95  4pt/0 [일봉]
034020  두산에너빌     87,400    0.0    +0.0%    0.0x     중간  3.39  5pt/0 [일봉]
035720  카카오       39,250    0.0    +0.0%    0.0x     중간  0.79  3pt/0 [일봉]
030200  KT        53,000    0.0    +0.0%    0.0x     중간  2.48  5pt/0 [일봉]
003490  대한항공      24,100   52.6    -3.4%    0.5x     하단 11.14  6pt/0 [5분]
004020  현대제철      33,900    0.0    +0.0%    0.0x     중간  0.92  3pt/0 [일봉]
078930  GS        69,600    0.0    +0.0%    0.0x     중간  3.21  5pt/0 [일봉]

══════════════════════════════════════════════════
📉 KODEX200 -5.7% 급락 — 신규 매수 중단
→ 전종목 HOLD
✅ Discord 전송 완료

[13:40] HOLD | KODEX RSI56/-5.7%⬆️⚠️ | 보유:없음 | 최고신호 대한항공(003490) 6pt/3pt [강세+2.3%★★ / 호가11.1★ / RSI53]
💰 예수금 97,571원 | KODEX200 RSI56/-6.1% 상승추세⬆️ 과열⚠️ | 매수기준 점수3pt↑

코드      종목명           가격    RSI     변화율    거래량     BB   호가비  B/S
────────────────────────────────────────────────────────────────────────
[2단계 분석 대상: 003490, 010950, 032830, 086790, 105560]
403870  HPSP      48,300    0.0    +0.0%    0.0x     중간  2.48  5pt/0 [일봉]
272210  한화시스템     87,900    0.0    +0.0%    0.0x     중간  1.18  3pt/0 [일봉]
011200  HMM       18,810    0.0    +0.0%    0.0x     중간  0.23  3pt/0 [일봉]
015760  한국전력      36,450    0.0    +0.0%    0.0x     중간  1.42  4pt/0 [일봉]
034020  두산에너빌     87,300    0.0    +0.0%    0.0x     중간  3.76  5pt/0 [일봉]
035720  카카오       39,200    0.0    +0.0%    0.0x     중간  0.93  3pt/0 [일봉]
030200  KT        53,000    0.0    +0.0%    0.0x     중간  2.36  5pt/0 [일봉]
003490  대한항공      24,100   52.6    -3.6%    0.5x     하단 10.11  6pt/0 [5분]
004020  현대제철      33,850    0.0    +0.0%    0.0x     중간  0.83  3pt/0 [일봉]
078930  GS        69,600    0.0    +0.0%    0.0x     중간  2.88  5pt/0 [일봉]

══════════════════════════════════════════════════
📉 KODEX200 -6.1% 급락 — 신규 매수 중단
→ 전종목 HOLD
✅ Discord 전송 완료

[13:42] HOLD | KODEX RSI56/-6.1%⬆️⚠️ | 보유:없음 | 최고신호 대한항공(003490) 6pt/3pt [강세+2.5%★★ / 호가10.1★ / RSI53]
💰 예수금 97,571원 | KODEX200 RSI55/-6.3% 상승추세⬆️ 과열⚠️ | 매수기준 점수3pt↑

코드      종목명           가격    RSI     변화율    거래량     BB   호가비  B/S
────────────────────────────────────────────────────────────────────────
[2단계 분석 대상: 032830, 003490, 086520, 086790, 003670]
403870  HPSP      48,250    0.0    +0.0%    0.0x     중간  2.60  5pt/0 [일봉]
272210  한화시스템     87,900    0.0    +0.0%    0.0x     중간  1.14  3pt/0 [일봉]
011200  HMM       18,800    0.0    +0.0%    0.0x     중간  0.30  3pt/0 [일봉]
015760  한국전력      36,350    0.0    +0.0%    0.0x     중간  1.36  4pt/0 [일봉]
034020  두산에너빌     87,200    0.0    +0.0%    0.0x     중간  2.61  5pt/0 [일봉]
035720  카카오       39,200    0.0    +0.0%    0.0x     중간  0.64  3pt/0 [일봉]
030200  KT        53,000    0.0    +0.0%    0.0x     중간  2.24  5pt/0 [일봉]
003490  대한항공      24,050   50.0    -3.4%    0.5x     하단  7.14  6pt/0 [5분]
004020  현대제철      33,800    0.0    +0.0%    0.0x     중간  0.94  3pt/0 [일봉]
078930  GS        69,500    0.0    +0.0%    0.0x     중간  2.28  5pt/0 [일봉]

══════════════════════════════════════════════════
📉 KODEX200 -6.3% 급락 — 신규 매수 중단
→ 전종목 HOLD
✅ Discord 전송 완료

[13:44] HOLD | KODEX RSI55/-6.3%⬆️⚠️ | 보유:없음 | 최고신호 대한항공(003490) 6pt/3pt [강세+2.8%★★ / 호가7.1★ / RSI50]
💰 예수금 97,571원 | KODEX200 RSI55/-6.4% 상승추세⬆️ 과열⚠️ | 매수기준 점수3pt↑

코드      종목명           가격    RSI     변화율    거래량     BB   호가비  B/S
────────────────────────────────────────────────────────────────────────
[2단계 분석 대상: 032830, 086790, 003490, 078930, 003670]
403870  HPSP      48,300    0.0    +0.0%    0.0x     중간  3.42  5pt/0 [일봉]
272210  한화시스템     87,700    0.0    +0.0%    0.0x     중간  1.35  4pt/0 [일봉]
011200  HMM       18,810    0.0    +0.0%    0.0x     중간  0.29  3pt/0 [일봉]
015760  한국전력      36,350    0.0    +0.0%    0.0x     중간  1.53  4pt/0 [일봉]
034020  두산에너빌     87,200    0.0    +0.0%    0.0x     중간  3.01  5pt/0 [일봉]
035720  카카오       39,100    0.0    +0.0%    0.0x     중간  1.11  3pt/0 [일봉]
030200  KT        53,000    0.0    +0.0%    0.0x     중간  2.20  5pt/0 [일봉]
003490  대한항공      24,050   50.0    -3.6%    0.5x     하단  6.64  6pt/0 [5분]
004020  현대제철      33,750    0.0    +0.0%    0.0x     중간  1.27  3pt/0 [일봉]
078930  GS        69,500   46.7    -6.2%    0.6x     하단  5.86  3pt/0 [5분]

══════════════════════════════════════════════════
📉 KODEX200 -6.4% 급락 — 신규 매수 중단
→ 전종목 HOLD
✅ Discord 전송 완료

[13:46] HOLD | KODEX RSI55/-6.4%⬆️⚠️ | 보유:없음 | 최고신호 대한항공(003490) 6pt/3pt [강세+2.8%★★ / 호가6.6★ / RSI50]
💰 예수금 97,571원 | KODEX200 RSI55/-6.3% 상승추세⬆️ 과열⚠️ | 매수기준 점수3pt↑

코드      종목명           가격    RSI     변화율    거래량     BB   호가비  B/S
────────────────────────────────────────────────────────────────────────
[2단계 분석 대상: 105560, 003490, 086790, 403870, 086520]
403870  HPSP      48,200   81.5    -4.2%    1.0x     하단  3.93  6pt/0 [5분]
272210  한화시스템     87,800    0.0    +0.0%    0.0x     중간  1.27  3pt/0 [일봉]
011200  HMM       18,820    0.0    +0.0%    0.0x     중간  0.31  3pt/0 [일봉]
015760  한국전력      36,350    0.0    +0.0%    0.0x     중간  1.57  4pt/0 [일봉]
034020  두산에너빌     87,100    0.0    +0.0%    0.0x     중간  3.77  5pt/0 [일봉]
035720  카카오       39,150    0.0    +0.0%    0.0x     중간  0.71  3pt/0 [일봉]
030200  KT        53,000    0.0    +0.0%    0.0x     중간  2.20  5pt/0 [일봉]
003490  대한항공      24,050   50.0    -3.2%    0.5x     하단  6.68  6pt/0 [5분]
004020  현대제철      33,750    0.0    +0.0%    0.0x     중간  1.39  4pt/0 [일봉]
078930  GS        69,600    0.0    +0.0%    0.0x     중간  3.53  5pt/0 [일봉]

══════════════════════════════════════════════════
📉 KODEX200 -6.3% 급락 — 신규 매수 중단
→ 전종목 HOLD
✅ Discord 전송 완료

[13:48] HOLD | KODEX RSI55/-6.3%⬆️⚠️ | 보유:없음 | 최고신호 HPSP(403870) 6pt/3pt [강세+2.1%★★ / 거래량1.0x / 호가3.9★]
💰 예수금 97,571원 | KODEX200 RSI55/-6.3% 상승추세⬆️ 과열⚠️ | 매수기준 점수3pt↑

코드      종목명           가격    RSI     변화율    거래량     BB   호가비  B/S
────────────────────────────────────────────────────────────────────────
[2단계 분석 대상: 105560, 086790, 003490, 003670, 403870]
403870  HPSP      48,200   75.9    -4.1%    1.0x     하단  5.00  6pt/0 [5분]
272210  한화시스템     87,600    0.0    +0.0%    0.0x     중간  2.04  5pt/0 [일봉]
011200  HMM       18,810    0.0    +0.0%    0.0x     중간  0.30  3pt/0 [일봉]
015760  한국전력      36,400    0.0    +0.0%    0.0x     중간  1.55  4pt/0 [일봉]
034020  두산에너빌     87,100    0.0    +0.0%    0.0x     중간  3.46  5pt/0 [일봉]
035720  카카오       39,100    0.0    +0.0%    0.0x     중간  1.25  3pt/0 [일봉]
030200  KT        53,000    0.0    +0.0%    0.0x     중간  2.26  5pt/0 [일봉]
003490  대한항공      24,050   54.5    -3.6%    0.5x     하단  6.56  6pt/0 [5분]
004020  현대제철      33,800    0.0    +0.0%    0.0x     중간  1.16  3pt/0 [일봉]
078930  GS        69,600    0.0    +0.0%    0.0x     중간  3.58  5pt/0 [일봉]

══════════════════════════════════════════════════
📉 KODEX200 -6.3% 급락 — 신규 매수 중단
→ 전종목 HOLD
✅ Discord 전송 완료

[13:50] HOLD | KODEX RSI55/-6.3%⬆️⚠️ | 보유:없음 | 최고신호 HPSP(403870) 6pt/3pt [강세+2.3%★★ / 거래량1.0x / 호가5.0★]
💰 예수금 97,571원 | KODEX200 RSI56/-6.0% 상승추세⬆️ 과열⚠️ | 매수기준 점수3pt↑

코드      종목명           가격    RSI     변화율    거래량     BB   호가비  B/S
────────────────────────────────────────────────────────────────────────
[2단계 분석 대상: 000150, 003490, 086790, 078930, 105560]
403870  HPSP      48,300    0.0    +0.0%    0.0x     중간  3.03  5pt/0 [일봉]
272210  한화시스템     87,800    0.0    +0.0%    0.0x     중간  1.18  3pt/0 [일봉]
011200  HMM       18,830    0.0    +0.0%    0.0x     중간  0.34  3pt/0 [일봉]
015760  한국전력      36,500    0.0    +0.0%    0.0x     중간  1.37  4pt/0 [일봉]
034020  두산에너빌     87,300    0.0    +0.0%    0.0x     중간  2.07  5pt/0 [일봉]
035720  카카오       39,300    0.0    +0.0%    0.0x     중간  0.59  3pt/0 [일봉]
030200  KT        53,000    0.0    +0.0%    0.0x     중간  2.29  5pt/0 [일봉]
003490  대한항공      24,050   54.5    -3.6%    0.5x     하단  6.83  6pt/0 [5분]
004020  현대제철      33,900    0.0    +0.0%    0.0x     중간  1.16  3pt/0 [일봉]
078930  GS        69,700   53.3    -5.9%    0.6x     하단  5.28  3pt/0 [5분]

══════════════════════════════════════════════════
📉 KODEX200 -6.0% 급락 — 신규 매수 중단
→ 전종목 HOLD
✅ Discord 전송 완료

[13:52] HOLD | KODEX RSI56/-6.0%⬆️⚠️ | 보유:없음 | 최고신호 대한항공(003490) 6pt/3pt [강세+2.4%★★ / 호가6.8★ / RSI54]
💰 예수금 97,571원 | KODEX200 RSI55/-6.3% 상승추세⬆️ 과열⚠️ | 매수기준 점수3pt↑

코드      종목명           가격    RSI     변화율    거래량     BB   호가비  B/S
────────────────────────────────────────────────────────────────────────
[2단계 분석 대상: 003490, 000150, 078930, 086790, 003670]
403870  HPSP      48,350    0.0    +0.0%    0.0x     중간  3.21  5pt/0 [일봉]
272210  한화시스템     87,600    0.0    +0.0%    0.0x     중간  1.80  4pt/0 [일봉]
011200  HMM       18,810    0.0    +0.0%    0.0x     중간  0.34  3pt/0 [일봉]
015760  한국전력      36,450    0.0    +0.0%    0.0x     중간  1.41  4pt/0 [일봉]
034020  두산에너빌     87,100    0.0    +0.0%    0.0x     중간  2.60  5pt/0 [일봉]
035720  카카오       39,300    0.0    +0.0%    0.0x     중간  0.59  3pt/0 [일봉]
030200  KT        52,900    0.0    +0.0%    0.0x     중간  2.89  5pt/0 [일봉]
003490  대한항공      24,050   58.3    -3.4%    0.5x     하단  6.53  7pt/0 [5분]
004020  현대제철      33,850    0.0    +0.0%    0.0x     중간  1.20  3pt/0 [일봉]
078930  GS        69,700   56.2    -5.9%    0.6x     하단  4.90  5pt/0 [5분]

══════════════════════════════════════════════════
📉 KODEX200 -6.3% 급락 — 신규 매수 중단
→ 전종목 HOLD
✅ Discord 전송 완료

[13:54] HOLD | KODEX RSI55/-6.3%⬆️⚠️ | 보유:없음 | 최고신호 대한항공(003490) 7pt/3pt [강세+2.9%★★ / 호가6.5★ / RSI58 / 연속상승]
💰 예수금 97,571원 | KODEX200 RSI55/-6.6% 상승추세⬆️ 과열⚠️ | 매수기준 점수3pt↑

코드      종목명           가격    RSI     변화율    거래량     BB   호가비  B/S
────────────────────────────────────────────────────────────────────────
[2단계 분석 대상: 000150, 005930, 003670, 003490, 403870]
403870  HPSP      48,150   76.7    -4.6%    1.0x     하단  5.79  6pt/0 [5분]
272210  한화시스템     87,300    0.0    +0.0%    0.0x     중간  3.94  5pt/0 [일봉]
011200  HMM       18,810    0.0    +0.0%    0.0x     중간  0.36  3pt/0 [일봉]
015760  한국전력      36,350    0.0    +0.0%    0.0x     중간  1.33  4pt/0 [일봉]
034020  두산에너빌     86,800    0.0    +0.0%    0.0x     중간  4.16  5pt/0 [일봉]
035720  카카오       39,250    0.0    +0.0%    0.0x     중간  0.75  3pt/0 [일봉]
030200  KT        52,900    0.0    +0.0%    0.0x     중간  3.05  5pt/0 [일봉]
003490  대한항공      24,050   58.3    -3.2%    0.6x     하단  7.00  7pt/0 [5분]
004020  현대제철      33,750    0.0    +0.0%    0.0x     중간  0.90  3pt/0 [일봉]
078930  GS        69,900    0.0    +0.0%    0.0x     중간  4.97  5pt/0 [일봉]

══════════════════════════════════════════════════
📉 KODEX200 -6.6% 급락 — 신규 매수 중단
→ 전종목 HOLD
✅ Discord 전송 완료

[13:56] HOLD | KODEX RSI55/-6.6%⬆️⚠️ | 보유:없음 | 최고신호 대한항공(003490) 7pt/3pt [강세+3.4%★★ / 호가7.0★ / RSI58 / 연속상승]
💰 예수금 97,571원 | KODEX200 RSI54/-6.8% 상승추세⬆️ 과열⚠️ | 매수기준 점수3pt↑

코드      종목명           가격    RSI     변화율    거래량     BB   호가비  B/S
────────────────────────────────────────────────────────────────────────
[2단계 분석 대상: 247540, 011200, 003490, 000150, 005930]
403870  HPSP      47,850    0.0    +0.0%    0.0x     중간  5.09  5pt/0 [일봉]
272210  한화시스템     87,100    0.0    +0.0%    0.0x     중간  3.01  5pt/0 [일봉]
011200  HMM       18,750   72.2    -3.6%    0.6x     하단  7.92  5pt/0 [5분]
015760  한국전력      36,350    0.0    +0.0%    0.0x     중간  1.57  4pt/0 [일봉]
034020  두산에너빌     86,700    0.0    +0.0%    0.0x     중간  3.01  5pt/0 [일봉]
035720  카카오       39,200    0.0    +0.0%    0.0x     중간  0.85  3pt/0 [일봉]
030200  KT        53,000    0.0    +0.0%    0.0x     중간  2.67  5pt/0 [일봉]
003490  대한항공      24,050   58.3    -3.6%    0.6x     하단  6.75  7pt/0 [5분]
004020  현대제철      33,700    0.0    +0.0%    0.0x     중간  1.06  3pt/0 [일봉]
078930  GS        69,900    0.0    +0.0%    0.0x     중간  3.53  5pt/0 [일봉]

══════════════════════════════════════════════════
📉 KODEX200 -6.8% 급락 — 신규 매수 중단
→ 전종목 HOLD
✅ Discord 전송 완료

[13:58] HOLD | KODEX RSI54/-6.8%⬆️⚠️ | 보유:없음 | 최고신호 대한항공(003490) 7pt/3pt [강세+3.2%★★ / 호가6.8★ / RSI58 / 연속상승]
💰 예수금 97,571원 | KODEX200 RSI55/-6.8% 상승추세⬆️ 과열⚠️ | 매수기준 점수3pt↑

코드      종목명           가격    RSI     변화율    거래량     BB   호가비  B/S
────────────────────────────────────────────────────────────────────────
[2단계 분석 대상: 034020, 247540, 403870, 005930, 042660]
403870  HPSP      47,900   76.7    -4.7%    1.0x     하단  6.89  6pt/0 [5분]
272210  한화시스템     87,200    0.0    +0.0%    0.0x     중간  2.05  5pt/0 [일봉]
011200  HMM       18,770    0.0    +0.0%    0.0x     중간  4.13  5pt/0 [일봉]
015760  한국전력      36,400    0.0    +0.0%    0.0x     중간  1.53  4pt/0 [일봉]
034020  두산에너빌     86,700   73.9    -9.1%    0.7x     하단 10.86  2pt/0 [5분]
035720  카카오       39,400    0.0    +0.0%    0.0x     중간  0.48  3pt/0 [일봉]
030200  KT        53,000    0.0    +0.0%    0.0x     중간  2.62  5pt/0 [일봉]
003490  대한항공      24,050    0.0    +0.0%    0.0x     중간  6.43  5pt/0 [일봉]
004020  현대제철      33,700    0.0    +0.0%    0.0x     중간  0.78  3pt/0 [일봉]
078930  GS        70,100    0.0    +0.0%    0.0x     중간  2.64  5pt/0 [일봉]

══════════════════════════════════════════════════
📉 KODEX200 -6.8% 급락 — 신규 매수 중단
→ 전종목 HOLD
✅ Discord 전송 완료

[14:00] HOLD | KODEX RSI55/-6.8%⬆️⚠️ | 보유:없음 | 최고신호 HPSP(403870) 6pt/3pt [강세+2.1%★★ / 거래량1.0x / 호가6.9★]
💰 예수금 97,571원 | KODEX200 RSI55/-6.5% 상승추세⬆️ 과열⚠️ | 매수기준 점수3pt↑

코드      종목명           가격    RSI     변화율    거래량     BB   호가비  B/S
────────────────────────────────────────────────────────────────────────
[2단계 분석 대상: 403870, 034020, 086790, 000150, 003490]
403870  HPSP      47,900   76.7    -4.7%    1.0x     하단 15.02  6pt/0 [5분]
272210  한화시스템     87,300    0.0    +0.0%    0.0x     중간  0.70  3pt/0 [일봉]
011200  HMM       18,770    0.0    +0.0%    0.0x     중간  3.23  5pt/0 [일봉]
015760  한국전력      36,400    0.0    +0.0%    0.0x     중간  1.30  4pt/0 [일봉]
034020  두산에너빌     86,700   73.9    -9.2%    0.7x     하단 10.41  2pt/0 [5분]
035720  카카오       39,400    0.0    +0.0%    0.0x     중간  0.51  3pt/0 [일봉]
030200  KT        53,000    0.0    +0.0%    0.0x     중간  2.58  5pt/0 [일봉]
003490  대한항공      24,050   54.5    -3.4%    0.6x     하단  6.72  6pt/0 [5분]
004020  현대제철      33,700    0.0    +0.0%    0.0x     중간  0.91  3pt/0 [일봉]
078930  GS        70,200    0.0    +0.0%    0.0x     중간  2.66  5pt/0 [일봉]

══════════════════════════════════════════════════
📉 KODEX200 -6.5% 급락 — 신규 매수 중단
→ 전종목 HOLD
✅ Discord 전송 완료

[14:02] HOLD | KODEX RSI55/-6.5%⬆️⚠️ | 보유:없음 | 최고신호 HPSP(403870) 6pt/3pt [강세+1.8%★★ / 거래량1.0x / 호가15.0★]
💰 예수금 97,571원 | KODEX200 RSI55/-6.4% 상승추세⬆️ 과열⚠️ | 매수기준 점수3pt↑

코드      종목명           가격    RSI     변화율    거래량     BB   호가비  B/S
────────────────────────────────────────────────────────────────────────
[2단계 분석 대상: 034020, 003490, 000150, 032830, 086790]
403870  HPSP      48,200    0.0    +0.0%    0.0x     중간  2.45  5pt/0 [일봉]
272210  한화시스템     87,700    0.0    +0.0%    0.0x     중간  0.34  3pt/0 [일봉]
011200  HMM       18,830    0.0    +0.0%    0.0x     중간  0.15  3pt/0 [일봉]
015760  한국전력      36,400    0.0    +0.0%    0.0x     중간  1.85  4pt/0 [일봉]
034020  두산에너빌     86,900   69.8    -8.8%    0.7x     하단  7.47  2pt/0 [5분]
035720  카카오       39,350    0.0    +0.0%    0.0x     중간  0.60  3pt/0 [일봉]
030200  KT        53,100    0.0    +0.0%    0.0x     중간  1.88  4pt/0 [일봉]
003490  대한항공      24,100   54.5    -3.4%    0.6x     하단  6.09  6pt/0 [5분]
004020  현대제철      33,800    0.0    +0.0%    0.0x     중간  0.97  3pt/0 [일봉]
078930  GS        70,200    0.0    +0.0%    0.0x     중간  2.79  5pt/0 [일봉]

══════════════════════════════════════════════════
📉 KODEX200 -6.4% 급락 — 신규 매수 중단
→ 전종목 HOLD
✅ Discord 전송 완료

[14:04] HOLD | KODEX RSI55/-6.4%⬆️⚠️ | 보유:없음 | 최고신호 대한항공(003490) 6pt/3pt [강세+3.0%★★ / 호가6.1★ / RSI54]
💰 예수금 97,571원 | KODEX200 RSI55/-6.4% 상승추세⬆️ 과열⚠️ | 매수기준 점수3pt↑

코드      종목명           가격    RSI     변화율    거래량     BB   호가비  B/S
────────────────────────────────────────────────────────────────────────
[2단계 분석 대상: 017670, 000880, 003490, 078930, 000150]
403870  HPSP      48,250    0.0    +0.0%    0.0x     중간  1.01  3pt/0 [일봉]
272210  한화시스템     87,600    0.0    +0.0%    0.0x     중간  0.33  3pt/0 [일봉]
011200  HMM       18,840    0.0    +0.0%    0.0x     중간  0.14  3pt/0 [일봉]
015760  한국전력      36,450    0.0    +0.0%    0.0x     중간  1.21  3pt/0 [일봉]
034020  두산에너빌     87,200    0.0    +0.0%    0.0x     중간  1.71  4pt/0 [일봉]
035720  카카오       39,400    0.0    +0.0%    0.0x     중간  0.53  3pt/0 [일봉]
030200  KT        53,200    0.0    +0.0%    0.0x     중간  1.70  4pt/0 [일봉]
003490  대한항공      24,100   50.0    -3.2%    0.6x     하단  5.99  6pt/0 [5분]
004020  현대제철      33,800    0.0    +0.0%    0.0x     중간  1.00  3pt/0 [일봉]
078930  GS        70,300   52.9    -5.1%    0.6x     하단  4.11  5pt/0 [5분]

══════════════════════════════════════════════════
📉 KODEX200 -6.4% 급락 — 신규 매수 중단
→ 전종목 HOLD
✅ Discord 전송 완료

[14:06] HOLD | KODEX RSI55/-6.4%⬆️⚠️ | 보유:없음 | 최고신호 대한항공(003490) 6pt/3pt [강세+3.2%★★ / 호가6.0★ / RSI50]
💰 예수금 97,571원 | KODEX200 RSI55/-6.5% 상승추세⬆️ 과열⚠️ | 매수기준 점수3pt↑

코드      종목명           가격    RSI     변화율    거래량     BB   호가비  B/S
────────────────────────────────────────────────────────────────────────
[2단계 분석 대상: 034020, 086790, 003490, 247540, 003670]
403870  HPSP      48,050    0.0    +0.0%    0.0x     중간  4.35  5pt/0 [일봉]
272210  한화시스템     87,500    0.0    +0.0%    0.0x     중간  0.83  3pt/0 [일봉]
011200  HMM       18,830    0.0    +0.0%    0.0x     중간  0.18  3pt/0 [일봉]
015760  한국전력      36,400    0.0    +0.0%    0.0x     중간  1.51  4pt/0 [일봉]
034020  두산에너빌     86,900   69.8    -9.2%    0.8x     하단  6.64  2pt/0 [5분]
035720  카카오       39,350    0.0    +0.0%    0.0x     중간  0.59  3pt/0 [일봉]
030200  KT        53,100    0.0    +0.0%    0.0x     중간  1.82  4pt/0 [일봉]
003490  대한항공      24,050   50.0    -3.4%    0.6x     하단  6.25  6pt/0 [5분]
004020  현대제철      33,750    0.0    +0.0%    0.0x     중간  1.18  3pt/0 [일봉]
078930  GS        70,300    0.0    +0.0%    0.0x     중간  2.06  5pt/0 [일봉]

══════════════════════════════════════════════════
📉 KODEX200 -6.5% 급락 — 신규 매수 중단
→ 전종목 HOLD
✅ Discord 전송 완료

[14:08] HOLD | KODEX RSI55/-6.5%⬆️⚠️ | 보유:없음 | 최고신호 대한항공(003490) 6pt/3pt [강세+3.1%★★ / 호가6.2★ / RSI50]
💰 예수금 97,571원 | KODEX200 RSI55/-6.7% 상승추세⬆️ 과열⚠️ | 매수기준 점수3pt↑

코드      종목명           가격    RSI     변화율    거래량     BB   호가비  B/S
────────────────────────────────────────────────────────────────────────
[2단계 분석 대상: 086790, 003670, 403870, 003490, 000880]
403870  HPSP      47,950   74.2    -4.7%    1.0x     하단  7.41  6pt/0 [5분]
272210  한화시스템     87,300    0.0    +0.0%    0.0x     중간  0.84  3pt/0 [일봉]
011200  HMM       18,810    0.0    +0.0%    0.0x     중간  0.25  3pt/0 [일봉]
015760  한국전력      36,400    0.0    +0.0%    0.0x     중간  1.47  4pt/0 [일봉]
034020  두산에너빌     86,800    0.0    +0.0%    0.0x     중간  4.80  5pt/0 [일봉]
035720  카카오       39,200    0.0    +0.0%    0.0x     중간  0.94  3pt/0 [일봉]
030200  KT        53,300    0.0    +0.0%    0.0x     중간  2.80  5pt/0 [일봉]
003490  대한항공      24,050   55.6    -3.6%    0.6x     하단  6.37  6pt/0 [5분]
004020  현대제철      33,800    0.0    +0.0%    0.0x     중간  0.85  3pt/0 [일봉]
078930  GS        70,100    0.0    +0.0%    0.0x     중간  1.94  4pt/0 [일봉]

══════════════════════════════════════════════════
📉 KODEX200 -6.7% 급락 — 신규 매수 중단
→ 전종목 HOLD
✅ Discord 전송 완료

[14:10] HOLD | KODEX RSI55/-6.7%⬆️⚠️ | 보유:없음 | 최고신호 HPSP(403870) 6pt/3pt [강세+2.0%★★ / 거래량1.0x / 호가7.4★]
💰 예수금 97,571원 | KODEX200 RSI54/-7.0% 상승추세⬆️ 과열⚠️ | 매수기준 점수3pt↑

코드      종목명           가격    RSI     변화율    거래량     BB   호가비  B/S
────────────────────────────────────────────────────────────────────────
[2단계 분석 대상: 403870, 003490, 247540, 105560, 086790]
403870  HPSP      48,000   74.2    -4.6%    1.1x     하단  7.29  6pt/0 [5분]
272210  한화시스템     87,200    0.0    +0.0%    0.0x     중간  0.69  3pt/0 [일봉]
011200  HMM       18,800    0.0    +0.0%    0.0x     중간  1.53  4pt/0 [일봉]
015760  한국전력      36,300    0.0    +0.0%    0.0x     중간  1.59  4pt/0 [일봉]
034020  두산에너빌     86,700    0.0    +0.0%    0.0x     중간  5.05  5pt/0 [일봉]
035720  카카오       39,100    0.0    +0.0%    0.0x     중간  1.38  4pt/0 [일봉]
030200  KT        53,300    0.0    +0.0%    0.0x     중간  2.36  5pt/0 [일봉]
003490  대한항공      24,050   55.6    -3.6%    0.6x     하단  6.65  6pt/0 [5분]
004020  현대제철      33,700    0.0    +0.0%    0.0x     중간  0.84  3pt/0 [일봉]
078930  GS        70,300    0.0    +0.0%    0.0x     중간  2.24  5pt/0 [일봉]

══════════════════════════════════════════════════
📉 KODEX200 -7.0% 급락 — 신규 매수 중단
→ 전종목 HOLD
✅ Discord 전송 완료

[14:12] HOLD | KODEX RSI54/-7.0%⬆️⚠️ | 보유:없음 | 최고신호 HPSP(403870) 6pt/3pt [강세+2.4%★★ / 거래량1.1x / 호가7.3★]
💰 예수금 97,571원 | KODEX200 RSI54/-7.3% 상승추세⬆️ 과열⚠️ | 매수기준 점수3pt↑

코드      종목명           가격    RSI     변화율    거래량     BB   호가비  B/S
────────────────────────────────────────────────────────────────────────
[2단계 분석 대상: 086520, 247540, 003490, 003670, 017670]
403870  HPSP      48,800    0.0    +0.0%    0.0x     중간  2.02  5pt/0 [일봉]
272210  한화시스템     87,100    0.0    +0.0%    0.0x     중간  1.64  4pt/0 [일봉]
011200  HMM       18,770    0.0    +0.0%    0.0x     중간  5.04  5pt/0 [일봉]
015760  한국전력      36,300    0.0    +0.0%    0.0x     중간  1.75  4pt/0 [일봉]
034020  두산에너빌     86,600    0.0    +0.0%    0.0x     중간  3.99  5pt/0 [일봉]
035720  카카오       39,100    0.0    +0.0%    0.0x     중간  1.21  3pt/0 [일봉]
030200  KT        53,300    0.0    +0.0%    0.0x     중간  2.23  5pt/0 [일봉]
003490  대한항공      23,950   55.6    -3.8%    0.6x     하단  7.62  6pt/0 [5분]
004020  현대제철      33,650    0.0    +0.0%    0.0x     중간  1.12  3pt/0 [일봉]
078930  GS        70,100    0.0    +0.0%    0.0x     중간  3.03  5pt/0 [일봉]

══════════════════════════════════════════════════
📉 KODEX200 -7.3% 급락 — 신규 매수 중단
→ 전종목 HOLD
✅ Discord 전송 완료

[14:14] HOLD | KODEX RSI54/-7.3%⬆️⚠️ | 보유:없음 | 최고신호 대한항공(003490) 6pt/3pt [강세+3.5%★★ / 호가7.6★ / RSI56]
💰 예수금 97,571원 | KODEX200 RSI54/-7.3% 상승추세⬆️ 과열⚠️ | 매수기준 점수3pt↑

코드      종목명           가격    RSI     변화율    거래량     BB   호가비  B/S
────────────────────────────────────────────────────────────────────────
[2단계 분석 대상: 096770, 003490, 086520, 105560, 247540]
403870  HPSP      49,700    0.0    +0.0%    0.0x     중간  0.51  3pt/0 [일봉]
272210  한화시스템     87,100    0.0    +0.0%    0.0x     중간  2.10  5pt/0 [일봉]
011200  HMM       18,760    0.0    +0.0%    0.0x     중간  3.25  5pt/0 [일봉]
015760  한국전력      36,300    0.0    +0.0%    0.0x     중간  1.85  4pt/0 [일봉]
034020  두산에너빌     86,500    0.0    +0.0%    0.0x     중간  4.63  5pt/0 [일봉]
035720  카카오       39,100    0.0    +0.0%    0.0x     중간  1.43  4pt/0 [일봉]
030200  KT        53,300    0.0    +0.0%    0.0x     중간  2.10  5pt/0 [일봉]
003490  대한항공      24,000   62.5    -3.6%    0.6x     하단  7.42  6pt/0 [5분]
004020  현대제철      33,750    0.0    +0.0%    0.0x     중간  0.87  3pt/0 [일봉]
078930  GS        70,000    0.0    +0.0%    0.0x     중간  4.45  5pt/0 [일봉]

══════════════════════════════════════════════════
📉 KODEX200 -7.3% 급락 — 신규 매수 중단
→ 전종목 HOLD
✅ Discord 전송 완료

[14:16] HOLD | KODEX RSI54/-7.3%⬆️⚠️ | 보유:없음 | 최고신호 대한항공(003490) 6pt/3pt [강세+3.7%★★ / 호가7.4★ / RSI62]
💰 예수금 97,571원 | KODEX200 RSI54/-7.3% 상승추세⬆️ 과열⚠️ | 매수기준 점수3pt↑

코드      종목명           가격    RSI     변화율    거래량     BB   호가비  B/S
────────────────────────────────────────────────────────────────────────
[2단계 분석 대상: 105560, 086520, 003490, 247540, 005930]
403870  HPSP      49,200    0.0    +0.0%    0.0x     중간  1.07  3pt/0 [일봉]
272210  한화시스템     87,100    0.0    +0.0%    0.0x     중간  1.89  4pt/0 [일봉]
011200  HMM       18,730    0.0    +0.0%    0.0x     중간  1.85  4pt/0 [일봉]
015760  한국전력      36,300    0.0    +0.0%    0.0x     중간  1.52  4pt/0 [일봉]
034020  두산에너빌     86,700    0.0    +0.0%    0.0x     중간  3.96  5pt/0 [일봉]
035720  카카오       39,100    0.0    +0.0%    0.0x     중간  1.40  4pt/0 [일봉]
030200  KT        53,300    0.0    +0.0%    0.0x     중간  2.07  5pt/0 [일봉]
003490  대한항공      24,000   62.5    -3.8%    0.6x     하단  7.56  6pt/0 [5분]
004020  현대제철      33,650    0.0    +0.0%    0.0x     중간  1.36  4pt/0 [일봉]
078930  GS        70,000    0.0    +0.0%    0.0x     중간  2.78  5pt/0 [일봉]

══════════════════════════════════════════════════
📉 KODEX200 -7.3% 급락 — 신규 매수 중단
→ 전종목 HOLD
✅ Discord 전송 완료

[14:18] HOLD | KODEX RSI54/-7.3%⬆️⚠️ | 보유:없음 | 최고신호 대한항공(003490) 6pt/3pt [강세+3.5%★★ / 호가7.6★ / RSI62]
💰 예수금 97,571원 | KODEX200 RSI54/-7.2% 상승추세⬆️ 과열⚠️ | 매수기준 점수3pt↑

코드      종목명           가격    RSI     변화율    거래량     BB   호가비  B/S
────────────────────────────────────────────────────────────────────────
[2단계 분석 대상: 032830, 003490, 064350, 000270, 005930]
403870  HPSP      49,300    0.0    +0.0%    0.0x     중간  0.47  3pt/0 [일봉]
272210  한화시스템     87,200    0.0    +0.0%    0.0x     중간  2.64  5pt/0 [일봉]
011200  HMM       18,730    0.0    +0.0%    0.0x     중간  2.53  5pt/0 [일봉]
015760  한국전력      36,300    0.0    +0.0%    0.0x     중간  1.61  4pt/0 [일봉]
034020  두산에너빌     86,800    0.0    +0.0%    0.0x     중간  3.75  5pt/0 [일봉]
035720  카카오       39,150    0.0    +0.0%    0.0x     중간  1.02  3pt/0 [일봉]
030200  KT        53,300    0.0    +0.0%    0.0x     중간  2.10  5pt/0 [일봉]
003490  대한항공      24,000   62.5    -3.8%    0.6x     하단  7.27  6pt/0 [5분]
004020  현대제철      33,650    0.0    +0.0%    0.0x     중간  1.60  4pt/0 [일봉]
078930  GS        70,000    0.0    +0.0%    0.0x     중간  2.48  5pt/0 [일봉]

══════════════════════════════════════════════════
📉 KODEX200 -7.2% 급락 — 신규 매수 중단
→ 전종목 HOLD
✅ Discord 전송 완료

[14:20] HOLD | KODEX RSI54/-7.2%⬆️⚠️ | 보유:없음 | 최고신호 대한항공(003490) 6pt/3pt [강세+3.4%★★ / 호가7.3★ / RSI62]
💰 예수금 97,571원 | KODEX200 RSI54/-7.0% 상승추세⬆️ 과열⚠️ | 매수기준 점수3pt↑

코드      종목명           가격    RSI     변화율    거래량     BB   호가비  B/S
────────────────────────────────────────────────────────────────────────
[2단계 분석 대상: 032830, 003490, 086790, 105560, 017670]
403870  HPSP      48,750    0.0    +0.0%    0.0x     중간  1.50  4pt/0 [일봉]
272210  한화시스템     87,100    0.0    +0.0%    0.0x     중간  1.96  4pt/0 [일봉]
011200  HMM       18,730    0.0    +0.0%    0.0x     중간  1.59  4pt/0 [일봉]
015760  한국전력      36,300    0.0    +0.0%    0.0x     중간  1.83  4pt/0 [일봉]
034020  두산에너빌     86,800    0.0    +0.0%    0.0x     중간  3.77  5pt/0 [일봉]
035720  카카오       39,100    0.0    +0.0%    0.0x     중간  1.37  4pt/0 [일봉]
030200  KT        53,200    0.0    +0.0%    0.0x     중간  2.18  5pt/0 [일봉]
003490  대한항공      24,000   62.5    -3.8%    0.6x     하단  7.55  6pt/0 [5분]
004020  현대제철      33,600    0.0    +0.0%    0.0x     중간  1.28  3pt/0 [일봉]
078930  GS        69,900    0.0    +0.0%    0.0x     중간  2.57  5pt/0 [일봉]

══════════════════════════════════════════════════
📉 KODEX200 -7.0% 급락 — 신규 매수 중단
→ 전종목 HOLD
✅ Discord 전송 완료

[14:22] HOLD | KODEX RSI54/-7.0%⬆️⚠️ | 보유:없음 | 최고신호 대한항공(003490) 6pt/3pt [강세+3.2%★★ / 호가7.5★ / RSI62]
💰 예수금 97,571원 | KODEX200 RSI54/-6.9% 상승추세⬆️ 과열⚠️ | 매수기준 점수3pt↑

코드      종목명           가격    RSI     변화율    거래량     BB   호가비  B/S
────────────────────────────────────────────────────────────────────────
[2단계 분석 대상: 003490, 086520, 105560, 000880, 086790]
403870  HPSP      49,350    0.0    +0.0%    0.0x     중간  0.27  3pt/0 [일봉]
272210  한화시스템     87,000    0.0    +0.0%    0.0x     중간  3.69  5pt/0 [일봉]
011200  HMM       18,730    0.0    +0.0%    0.0x     중간  1.66  4pt/0 [일봉]
015760  한국전력      36,350    0.0    +0.0%    0.0x     중간  1.45  4pt/0 [일봉]
034020  두산에너빌     86,800    0.0    +0.0%    0.0x     중간  3.19  5pt/0 [일봉]
035720  카카오       39,100    0.0    +0.0%    0.0x     중간  1.70  4pt/0 [일봉]
030200  KT        53,200    0.0    +0.0%    0.0x     중간  2.30  5pt/0 [일봉]
003490  대한항공      24,050   62.5    -3.4%    0.6x     하단  6.76  6pt/0 [5분]
004020  현대제철      33,700    0.0    +0.0%    0.0x     중간  0.89  3pt/0 [일봉]
078930  GS        70,100    0.0    +0.0%    0.0x     중간  4.02  5pt/0 [일봉]

══════════════════════════════════════════════════
📉 KODEX200 -6.9% 급락 — 신규 매수 중단
→ 전종목 HOLD
✅ Discord 전송 완료

[14:24] HOLD | KODEX RSI54/-6.9%⬆️⚠️ | 보유:없음 | 최고신호 대한항공(003490) 6pt/3pt [강세+3.5%★★ / 호가6.8★ / RSI62]
💰 예수금 97,571원 | KODEX200 RSI54/-7.3% 상승추세⬆️ 과열⚠️ | 매수기준 점수3pt↑

코드      종목명           가격    RSI     변화율    거래량     BB   호가비  B/S
────────────────────────────────────────────────────────────────────────
[2단계 분석 대상: 105560, 003490, 247540, 096770, 086790]
403870  HPSP      48,750    0.0    +0.0%    0.0x     중간  1.51  4pt/0 [일봉]
272210  한화시스템     86,900    0.0    +0.0%    0.0x     중간  3.46  5pt/0 [일봉]
011200  HMM       18,710    0.0    +0.0%    0.0x     중간  1.03  3pt/0 [일봉]
015760  한국전력      36,300    0.0    +0.0%    0.0x     중간  1.36  4pt/0 [일봉]
034020  두산에너빌     86,500    0.0    +0.0%    0.0x     중간  4.73  5pt/0 [일봉]
035720  카카오       39,050    0.0    +0.0%    0.0x     중간  2.08  5pt/0 [일봉]
030200  KT        53,000    0.0    +0.0%    0.0x     중간  3.30  5pt/0 [일봉]
003490  대한항공      24,000   70.0    -3.8%    0.6x     하단  7.91  5pt/0 [5분]
004020  현대제철      33,550    0.0    +0.0%    0.0x     중간  1.70  4pt/0 [일봉]
078930  GS        69,800    0.0    +0.0%    0.0x     중간  2.50  5pt/0 [일봉]

══════════════════════════════════════════════════
📉 KODEX200 -7.3% 급락 — 신규 매수 중단
→ 전종목 HOLD
✅ Discord 전송 완료

[14:26] HOLD | KODEX RSI54/-7.3%⬆️⚠️ | 보유:없음 | 최고신호 한화시스템(272210) 5pt/3pt [강세+7.3%★★ / 호가3.5★]
💰 예수금 97,571원 | KODEX200 RSI54/-7.0% 상승추세⬆️ 과열⚠️ | 매수기준 점수3pt↑

코드      종목명           가격    RSI     변화율    거래량     BB   호가비  B/S
────────────────────────────────────────────────────────────────────────
[2단계 분석 대상: 003490, 096770, 138040, 086790, 005930]
403870  HPSP      48,450    0.0    +0.0%    0.0x     중간  3.87  5pt/0 [일봉]
272210  한화시스템     86,700    0.0    +0.0%    0.0x     중간  2.96  5pt/0 [일봉]
011200  HMM       18,710    0.0    +0.0%    0.0x     중간  1.20  3pt/0 [일봉]
015760  한국전력      36,300    0.0    +0.0%    0.0x     중간  1.61  4pt/0 [일봉]
034020  두산에너빌     86,700    0.0    +0.0%    0.0x     중간  4.20  5pt/0 [일봉]
035720  카카오       39,050    0.0    +0.0%    0.0x     중간  1.57  4pt/0 [일봉]
030200  KT        53,100    0.0    +0.0%    0.0x     중간  1.93  4pt/0 [일봉]
003490  대한항공      24,050   70.0    -3.6%    0.6x     하단  7.28  5pt/0 [5분]
004020  현대제철      33,650    0.0    +0.0%    0.0x     중간  1.01  3pt/0 [일봉]
078930  GS        69,800    0.0    +0.0%    0.0x     중간  2.46  5pt/0 [일봉]

══════════════════════════════════════════════════
📉 KODEX200 -7.0% 급락 — 신규 매수 중단
→ 전종목 HOLD
✅ Discord 전송 완료

[14:28] HOLD | KODEX RSI54/-7.0%⬆️⚠️ | 보유:없음 | 최고신호 HPSP(403870) 5pt/3pt [강세+7.0%★★ / 호가3.9★]
💰 예수금 97,571원 | KODEX200 RSI54/-7.0% 상승추세⬆️ 과열⚠️ | 매수기준 점수3pt↑

코드      종목명           가격    RSI     변화율    거래량     BB   호가비  B/S
────────────────────────────────────────────────────────────────────────
[2단계 분석 대상: 086790, 003490, 096770, 247540, 138040]
403870  HPSP      48,650    0.0    +0.0%    0.0x     중간  3.78  5pt/0 [일봉]
272210  한화시스템     86,800    0.0    +0.0%    0.0x     중간  2.67  5pt/0 [일봉]
011200  HMM       18,710    0.0    +0.0%    0.0x     중간  1.39  4pt/0 [일봉]
015760  한국전력      36,300    0.0    +0.0%    0.0x     중간  1.34  4pt/0 [일봉]
034020  두산에너빌     86,700    0.0    +0.0%    0.0x     중간  4.03  5pt/0 [일봉]
035720  카카오       39,050    0.0    +0.0%    0.0x     중간  1.45  4pt/0 [일봉]
030200  KT        53,200    0.0    +0.0%    0.0x     중간  1.80  4pt/0 [일봉]
003490  대한항공      24,050   72.7    -3.8%    0.6x     하단  7.36  5pt/0 [5분]
004020  현대제철      33,600    0.0    +0.0%    0.0x     중간  1.70  4pt/0 [일봉]
078930  GS        69,700    0.0    +0.0%    0.0x     중간  1.73  4pt/0 [일봉]

══════════════════════════════════════════════════
⏰ 매수 세션 종료 (14:30↑) — 신규 매수 중단
→ 전종목 HOLD
✅ Discord 전송 완료

[14:30] HOLD | KODEX RSI54/-7.0%⬆️⚠️ | 보유:없음 | 최고신호 HPSP(403870) 5pt/3pt [강세+7.0%★★ / 호가3.8★]
💰 예수금 97,571원 | KODEX200 RSI54/-7.2% 상승추세⬆️ 과열⚠️ | 매수기준 점수3pt↑

코드      종목명           가격    RSI     변화율    거래량     BB   호가비  B/S
────────────────────────────────────────────────────────────────────────
[2단계 분석 대상: 017670, 003490, 247540, 096770, 105560]
403870  HPSP      48,600    0.0    +0.0%    0.0x     중간  3.13  5pt/0 [일봉]
272210  한화시스템     86,700    0.0    +0.0%    0.0x     중간  2.38  5pt/0 [일봉]
011200  HMM       18,710    0.0    +0.0%    0.0x     중간  0.93  3pt/0 [일봉]
015760  한국전력      36,250    0.0    +0.0%    0.0x     중간  1.18  3pt/0 [일봉]
034020  두산에너빌     86,600    0.0    +0.0%    0.0x     중간  4.10  5pt/0 [일봉]
035720  카카오       39,000    0.0    +0.0%    0.0x     중간  3.69  5pt/0 [일봉]
030200  KT        53,000    0.0    +0.0%    0.0x     중간  3.45  5pt/0 [일봉]
003490  대한항공      24,000   72.7    -3.8%    0.6x     하단  7.79  5pt/0 [5분]
004020  현대제철      33,550    0.0    +0.0%    0.0x     중간  1.63  4pt/0 [일봉]
078930  GS        69,500    0.0    +0.0%    0.0x     중간  1.40  4pt/0 [일봉]

══════════════════════════════════════════════════
⏰ 매수 세션 종료 (14:30↑) — 신규 매수 중단
→ 전종목 HOLD
✅ Discord 전송 완료

[14:32] HOLD | KODEX RSI54/-7.2%⬆️⚠️ | 보유:없음 | 최고신호 HPSP(403870) 5pt/3pt [강세+7.2%★★ / 호가3.1★]
💰 예수금 97,571원 | KODEX200 RSI54/-7.4% 상승추세⬆️ 과열⚠️ | 매수기준 점수3pt↑

코드      종목명           가격    RSI     변화율    거래량     BB   호가비  B/S
────────────────────────────────────────────────────────────────────────
[2단계 분석 대상: 017670, 138040, 003670, 003490, 066970]
403870  HPSP      48,550    0.0    +0.0%    0.0x     중간  2.85  5pt/0 [일봉]
272210  한화시스템     86,500    0.0    +0.0%    0.0x     중간  3.14  5pt/0 [일봉]
011200  HMM       18,690    0.0    +0.0%    0.0x     중간  1.80  4pt/0 [일봉]
015760  한국전력      36,050    0.0    +0.0%    0.0x     중간  1.35  4pt/0 [일봉]
034020  두산에너빌     86,400    0.0    +0.0%    0.0x     중간  5.24  5pt/0 [일봉]
035720  카카오       38,950    0.0    +0.0%    0.0x     중간  4.43  5pt/0 [일봉]
030200  KT        53,100    0.0    +0.0%    0.0x     중간  1.14  3pt/0 [일봉]
003490  대한항공      23,950   72.7    -3.8%    0.6x     하단  8.68  6pt/0 [5분]
004020  현대제철      33,500    0.0    +0.0%    0.0x     중간  4.15  5pt/0 [일봉]
078930  GS        69,400    0.0    +0.0%    0.0x     중간  2.06  5pt/0 [일봉]

══════════════════════════════════════════════════
⏰ 매수 세션 종료 (14:30↑) — 신규 매수 중단
→ 전종목 HOLD
✅ Discord 전송 완료

[14:34] HOLD | KODEX RSI54/-7.4%⬆️⚠️ | 보유:없음 | 최고신호 대한항공(003490) 6pt/3pt [강세+3.6%★★ / 호가8.7★ / 연속상승]
💰 예수금 97,571원 | KODEX200 RSI54/-7.6% 상승추세⬆️ 과열⚠️ | 매수기준 점수3pt↑

코드      종목명           가격    RSI     변화율    거래량     BB   호가비  B/S
────────────────────────────────────────────────────────────────────────
[2단계 분석 대상: 003490, 003670, 138040, 000270, 403870]
403870  HPSP      48,250   77.8    -4.0%    1.2x     하단  7.40  6pt/0 [5분]
272210  한화시스템     86,500    0.0    +0.0%    0.0x     중간  2.53  5pt/0 [일봉]
011200  HMM       18,690    0.0    +0.0%    0.0x     중간  1.66  4pt/0 [일봉]
015760  한국전력      36,050    0.0    +0.0%    0.0x     중간  0.90  3pt/0 [일봉]
034020  두산에너빌     86,300    0.0    +0.0%    0.0x     중간  5.23  5pt/0 [일봉]
035720  카카오       38,950    0.0    +0.0%    0.0x     중간  3.52  5pt/0 [일봉]
030200  KT        52,900    0.0    +0.0%    0.0x     중간  2.05  5pt/0 [일봉]
003490  대한항공      23,950   72.7    -4.0%    0.6x     하단 15.32  6pt/0 [5분]
004020  현대제철      33,500    0.0    +0.0%    0.0x     중간  1.68  4pt/0 [일봉]
078930  GS        69,400    0.0    +0.0%    0.0x     중간  1.48  4pt/0 [일봉]

══════════════════════════════════════════════════
⏰ 매수 세션 종료 (14:30↑) — 신규 매수 중단
→ 전종목 HOLD
✅ Discord 전송 완료

[14:36] HOLD | KODEX RSI54/-7.6%⬆️⚠️ | 보유:없음 | 최고신호 HPSP(403870) 6pt/3pt [강세+3.6%★★ / 거래량1.2x / 호가7.4★]
💰 예수금 97,571원 | KODEX200 RSI53/-7.8% 상승추세⬆️ 과열⚠️ | 매수기준 점수3pt↑

코드      종목명           가격    RSI     변화율    거래량     BB   호가비  B/S
────────────────────────────────────────────────────────────────────────
[2단계 분석 대상: 003490, 138040, 000270, 096770, 003670]
403870  HPSP      48,350    0.0    +0.0%    0.0x     중간  2.40  5pt/0 [일봉]
272210  한화시스템     86,200    0.0    +0.0%    0.0x     중간  2.14  5pt/0 [일봉]
011200  HMM       18,670    0.0    +0.0%    0.0x     중간  2.68  5pt/0 [일봉]
015760  한국전력      36,000    0.0    +0.0%    0.0x     중간  2.66  5pt/0 [일봉]
034020  두산에너빌     86,100    0.0    +0.0%    0.0x     중간  4.74  5pt/0 [일봉]
035720  카카오       38,850    0.0    +0.0%    0.0x     중간  3.50  5pt/0 [일봉]
030200  KT        52,900    0.0    +0.0%    0.0x     중간  1.89  4pt/0 [일봉]
003490  대한항공      23,950   72.7    -4.2%    0.6x     하단 12.96  6pt/0 [5분]
004020  현대제철      33,350    0.0    +0.0%    0.0x     중간  1.97  4pt/0 [일봉]
078930  GS        69,400    0.0    +0.0%    0.0x     중간  1.36  4pt/0 [일봉]

══════════════════════════════════════════════════
⏰ 매수 세션 종료 (14:30↑) — 신규 매수 중단
→ 전종목 HOLD
✅ Discord 전송 완료

[14:38] HOLD | KODEX RSI53/-7.8%⬆️⚠️ | 보유:없음 | 최고신호 대한항공(003490) 6pt/3pt [강세+3.6%★★ / 호가13.0★ / 연속상승]
💰 예수금 0원 | KODEX200 RSI53/-7.8% 상승추세⬆️ 과열⚠️ | 매수기준 점수3pt↑

코드      종목명           가격    RSI     변화율    거래량     BB   호가비  B/S
────────────────────────────────────────────────────────────────────────
[2단계 분석 대상: 003490, 003670, 000270, 032830, 096770]

══════════════════════════════════════════════════
⏰ 매수 세션 종료 (14:30↑) — 신규 매수 중단
→ 전종목 HOLD
✅ Discord 전송 완료

[14:40] HOLD | KODEX RSI53/-7.8%⬆️⚠️ | 보유:없음 | 💸예수금부족
💰 예수금 97,571원 | KODEX200 RSI53/-8.1% 상승추세⬆️ 과열⚠️ | 매수기준 점수3pt↑

코드      종목명           가격    RSI     변화율    거래량     BB   호가비  B/S
────────────────────────────────────────────────────────────────────────
[2단계 분석 대상: 003490, 003670, 096770, 066970, 000720]
403870  HPSP      48,350    0.0    +0.0%    0.0x     중간  2.40  5pt/0 [일봉]
055550  신한지주      97,400    0.0    +0.0%    0.0x     중간  1.92  4pt/0 [일봉]
272210  한화시스템     86,200    0.0    +0.0%    0.0x     중간  2.71  5pt/0 [일봉]
011200  HMM       18,620    0.0    +0.0%    0.0x     중간  6.17  5pt/0 [일봉]
015760  한국전력      35,950    0.0    +0.0%    0.0x     중간  3.32  5pt/0 [일봉]
034020  두산에너빌     86,000    0.0    +0.0%    0.0x     중간  4.55  5pt/0 [일봉]
035720  카카오       38,800    0.0    +0.0%    0.0x     중간  3.57  5pt/0 [일봉]
030200  KT        52,900    0.0    +0.0%    0.0x     중간  1.75  4pt/0 [일봉]
003490  대한항공      23,900   63.6    -4.2%    0.6x     하단 14.25  6pt/0 [5분]
004020  현대제철      33,400    0.0    +0.0%    0.0x     중간  1.31  4pt/0 [일봉]
078930  GS        69,200    0.0    +0.0%    0.0x     중간  0.74  3pt/0 [일봉]

══════════════════════════════════════════════════
⏰ 매수 세션 종료 (14:30↑) — 신규 매수 중단
→ 전종목 HOLD
✅ Discord 전송 완료

[14:42] HOLD | KODEX RSI53/-8.1%⬆️⚠️ | 보유:없음 | 최고신호 대한항공(003490) 6pt/3pt [강세+3.9%★★ / 호가14.2★ / RSI64]
💰 예수금 97,571원 | KODEX200 RSI53/-8.0% 상승추세⬆️ 과열⚠️ | 매수기준 점수3pt↑

코드      종목명           가격    RSI     변화율    거래량     BB   호가비  B/S
────────────────────────────────────────────────────────────────────────
[2단계 분석 대상: 000150, 003490, 105560, 003670, 017670]
403870  HPSP      48,350    0.0    +0.0%    0.0x     중간  2.40  5pt/0 [일봉]
272210  한화시스템     86,200    0.0    +0.0%    0.0x     중간  2.25  5pt/0 [일봉]
011200  HMM       18,690    0.0    +0.0%    0.0x     중간  5.66  5pt/0 [일봉]
015760  한국전력      35,950    0.0    +0.0%    0.0x     중간  3.35  5pt/0 [일봉]
034020  두산에너빌     86,000    0.0    +0.0%    0.0x     중간  5.26  5pt/0 [일봉]
035720  카카오       38,850    0.0    +0.0%    0.0x     중간  3.07  5pt/0 [일봉]
030200  KT        52,900    0.0    +0.0%    0.0x     중간  1.73  4pt/0 [일봉]
003490  대한항공      23,950   60.0    -4.0%    0.6x     하단 13.29  6pt/0 [5분]
004020  현대제철      33,450    0.0    +0.0%    0.0x     중간  1.32  4pt/0 [일봉]
078930  GS        69,200    0.0    +0.0%    0.0x     중간  0.79  3pt/0 [일봉]

══════════════════════════════════════════════════
⏰ 매수 세션 종료 (14:30↑) — 신규 매수 중단
→ 전종목 HOLD
✅ Discord 전송 완료

[14:44] HOLD | KODEX RSI53/-8.0%⬆️⚠️ | 보유:없음 | 최고신호 대한항공(003490) 6pt/3pt [강세+4.0%★★ / 호가13.3★ / RSI60]
💰 예수금 97,571원 | KODEX200 RSI52/-8.4% 상승추세⬆️ 과열⚠️ | 매수기준 점수3pt↑

코드      종목명           가격    RSI     변화율    거래량     BB   호가비  B/S
────────────────────────────────────────────────────────────────────────
[2단계 분석 대상: 003490, 003670, 096770, 000720, 105560]
403870  HPSP      48,350    0.0    +0.0%    0.0x     중간  2.40  5pt/0 [일봉]
055550  신한지주      97,300    0.0    +0.0%    0.0x     중간  3.42  5pt/0 [일봉]
272210  한화시스템     86,100    0.0    +0.0%    0.0x     중간  2.58  5pt/0 [일봉]
011200  HMM       18,640    0.0    +0.0%    0.0x     중간  2.62  5pt/0 [일봉]
015760  한국전력      35,950    0.0    +0.0%    0.0x     중간  4.15  5pt/0 [일봉]
034020  두산에너빌     85,900    0.0    +0.0%    0.0x     중간  4.81  5pt/0 [일봉]
035720  카카오       38,650    0.0    +0.0%    0.0x     중간  3.63  5pt/0 [일봉]
030200  KT        52,900    0.0    +0.0%    0.0x     중간  2.02  5pt/0 [일봉]
003490  대한항공      23,900   60.0    -4.2%    0.6x     하단 17.29  6pt/0 [5분]
004020  현대제철      33,350    0.0    +0.0%    0.0x     중간  2.44  5pt/0 [일봉]
078930  GS        69,100    0.0    +0.0%    0.0x     중간  1.21  3pt/0 [일봉]

══════════════════════════════════════════════════
⏰ 매수 세션 종료 (14:30↑) — 신규 매수 중단
→ 전종목 HOLD
✅ Discord 전송 완료

[14:46] HOLD | KODEX RSI52/-8.4%⬆️⚠️ | 보유:없음 | 최고신호 대한항공(003490) 6pt/3pt [강세+4.2%★★ / 호가17.3★ / RSI60]
💰 예수금 97,571원 | KODEX200 RSI52/-8.7% 상승추세⬆️ 과열⚠️ | 매수기준 점수3pt↑

코드      종목명           가격    RSI     변화율    거래량     BB   호가비  B/S
────────────────────────────────────────────────────────────────────────
[2단계 분석 대상: 000270, 000150, 003670, 003490, 011200]
403870  HPSP      48,350    0.0    +0.0%    0.0x     중간  2.40  5pt/0 [일봉]
055550  신한지주      97,300    0.0    +0.0%    0.0x     중간  2.61  5pt/0 [일봉]
272210  한화시스템     86,000    0.0    +0.0%    0.0x     중간  2.87  5pt/0 [일봉]
011200  HMM       18,610   65.5    -4.4%    0.7x     하단  8.88  6pt/0 [5분]
015760  한국전력      35,950    0.0    +0.0%    0.0x     중간  4.31  5pt/0 [일봉]
034020  두산에너빌     85,900    0.0    +0.0%    0.0x     중간  5.99  5pt/0 [일봉]
035720  카카오       38,650    0.0    +0.0%    0.0x     중간  3.55  5pt/0 [일봉]
030200  KT        52,900    0.0    +0.0%    0.0x     중간  1.95  4pt/0 [일봉]
003490  대한항공      23,900   60.0    -4.2%    0.6x     하단 15.06  6pt/0 [5분]
004020  현대제철      33,200    0.0    +0.0%    0.0x     중간  8.88  5pt/0 [일봉]
078930  GS        69,000    0.0    +0.0%    0.0x     중간  1.16  3pt/0 [일봉]

══════════════════════════════════════════════════
⏰ 매수 세션 종료 (14:30↑) — 신규 매수 중단
→ 전종목 HOLD
✅ Discord 전송 완료

[14:48] HOLD | KODEX RSI52/-8.7%⬆️⚠️ | 보유:없음 | 최고신호 HMM(011200) 6pt/3pt [강세+4.3%★★ / 호가8.9★ / 연속상승]
💰 예수금 97,571원 | KODEX200 RSI52/-8.7% 상승추세⬆️ 과열⚠️ | 매수기준 점수3pt↑

코드      종목명           가격    RSI     변화율    거래량     BB   호가비  B/S
────────────────────────────────────────────────────────────────────────
[2단계 분석 대상: 011200, 003670, 003490, 086790, 004020]
403870  HPSP      48,350    0.0    +0.0%    0.0x     중간  2.40  5pt/0 [일봉]
055550  신한지주      97,200    0.0    +0.0%    0.0x     중간  1.77  4pt/0 [일봉]
272210  한화시스템     86,000    0.0    +0.0%    0.0x     중간  3.18  5pt/0 [일봉]
011200  HMM       18,600   58.6    -4.4%    0.7x     하단 82.35  7pt/0 [5분]
015760  한국전력      35,950    0.0    +0.0%    0.0x     중간  4.75  5pt/0 [일봉]
034020  두산에너빌     85,900    0.0    +0.0%    0.0x     중간  7.05  5pt/0 [일봉]
035720  카카오       38,750    0.0    +0.0%    0.0x     중간  2.93  5pt/0 [일봉]
030200  KT        52,900    0.0    +0.0%    0.0x     중간  1.98  4pt/0 [일봉]
003490  대한항공      23,850   57.1    -4.2%    0.6x     하단 11.04  6pt/0 [5분]
004020  현대제철      33,300   47.1    -7.4%    0.4x     하단  7.48  5pt/0 [5분]
078930  GS        69,100    0.0    +0.0%    0.0x     중간  1.52  4pt/0 [일봉]

══════════════════════════════════════════════════
⏰ 매수 세션 종료 (14:30↑) — 신규 매수 중단
→ 전종목 HOLD
✅ Discord 전송 완료

[14:50] HOLD | KODEX RSI52/-8.7%⬆️⚠️ | 보유:없음 | 최고신호 HMM(011200) 7pt/3pt [강세+4.4%★★ / 호가82.3★ / RSI59 / 연속상승]
💰 예수금 97,571원 | KODEX200 RSI52/-8.5% 상승추세⬆️ 과열⚠️ | 매수기준 점수3pt↑

코드      종목명           가격    RSI     변화율    거래량     BB   호가비  B/S
────────────────────────────────────────────────────────────────────────
[2단계 분석 대상: 138040, 003670, 000270, 003490, 011200]
403870  HPSP      48,350    0.0    +0.0%    0.0x     중간  2.40  5pt/0 [일봉]
055550  신한지주      97,000    0.0    +0.0%    0.0x     중간  1.65  4pt/0 [일봉]
272210  한화시스템     85,900    0.0    +0.0%    0.0x     중간  3.01  5pt/0 [일봉]
011200  HMM       18,610   58.6    -4.3%    0.7x     하단 11.38  7pt/0 [5분]
015760  한국전력      35,900    0.0    +0.0%    0.0x     중간  5.36  5pt/0 [일봉]
034020  두산에너빌     85,800    0.0    +0.0%    0.0x     중간  6.47  5pt/0 [일봉]
035720  카카오       38,700    0.0    +0.0%    0.0x     중간  3.25  5pt/0 [일봉]
030200  KT        52,800    0.0    +0.0%    0.0x     중간  2.21  5pt/0 [일봉]
003490  대한항공      23,850   57.1    -4.2%    0.6x     하단 12.21  6pt/0 [5분]
004020  현대제철      33,350    0.0    +0.0%    0.0x     중간  4.42  5pt/0 [일봉]
078930  GS        69,000    0.0    +0.0%    0.0x     중간  1.66  4pt/0 [일봉]

══════════════════════════════════════════════════
⏰ 매수 세션 종료 (14:30↑) — 신규 매수 중단
→ 전종목 HOLD
✅ Discord 전송 완료

[14:52] HOLD | KODEX RSI52/-8.5%⬆️⚠️ | 보유:없음 | 최고신호 HMM(011200) 7pt/3pt [강세+4.2%★★ / 호가11.4★ / RSI59 / 연속상승]
💰 예수금 97,571원 | KODEX200 RSI52/-8.7% 상승추세⬆️ 과열⚠️ | 매수기준 점수3pt↑

코드      종목명           가격    RSI     변화율    거래량     BB   호가비  B/S
────────────────────────────────────────────────────────────────────────
[2단계 분석 대상: 138040, 003490, 003670, 000720, 066970]
403870  HPSP      48,350    0.0    +0.0%    0.0x     중간  2.40  5pt/0 [일봉]
055550  신한지주      97,000    0.0    +0.0%    0.0x     중간  1.38  4pt/0 [일봉]
272210  한화시스템     85,700    0.0    +0.0%    0.0x     중간  3.74  5pt/0 [일봉]
011200  HMM       18,610    0.0    +0.0%    0.0x     중간  8.93  5pt/0 [일봉]
015760  한국전력      35,900    0.0    +0.0%    0.0x     중간  5.16  5pt/0 [일봉]
034020  두산에너빌     85,700    0.0    +0.0%    0.0x     중간  5.93  5pt/0 [일봉]
035720  카카오       38,700    0.0    +0.0%    0.0x     중간  2.70  5pt/0 [일봉]
030200  KT        52,800    0.0    +0.0%    0.0x     중간  2.21  5pt/0 [일봉]
003490  대한항공      23,850   60.0    -4.2%    0.7x     하단 16.12  7pt/0 [5분]
004020  현대제철      33,250    0.0    +0.0%    0.0x     중간  1.93  4pt/0 [일봉]
078930  GS        68,900    0.0    +0.0%    0.0x     중간  2.30  5pt/0 [일봉]

══════════════════════════════════════════════════
⏰ 매수 세션 종료 (14:30↑) — 신규 매수 중단
→ 전종목 HOLD
✅ Discord 전송 완료

[14:54] HOLD | KODEX RSI52/-8.7%⬆️⚠️ | 보유:없음 | 최고신호 대한항공(003490) 7pt/3pt [강세+4.5%★★ / 호가16.1★ / RSI60 / 연속상승]
💰 예수금 97,571원 | KODEX200 RSI52/-8.9% 상승추세⬆️ 과열⚠️ | 매수기준 점수3pt↑

코드      종목명           가격    RSI     변화율    거래량     BB   호가비  B/S
────────────────────────────────────────────────────────────────────────
[2단계 분석 대상: 138040, 011200, 000720, 066970, 000270]
403870  HPSP      48,350    0.0    +0.0%    0.0x     중간  2.40  5pt/0 [일봉]
055550  신한지주      97,000    0.0    +0.0%    0.0x     중간  1.34  4pt/0 [일봉]
272210  한화시스템     85,800    0.0    +0.0%    0.0x     중간  3.80  5pt/0 [일봉]
011200  HMM       18,600   55.6    -4.4%    0.7x     하단 20.07  7pt/0 [5분]
015760  한국전력      35,900    0.0    +0.0%    0.0x     중간  4.19  5pt/0 [일봉]
034020  두산에너빌     85,700    0.0    +0.0%    0.0x     중간  8.72  5pt/0 [일봉]
035720  카카오       38,700    0.0    +0.0%    0.0x     중간  2.57  5pt/0 [일봉]
030200  KT        52,800    0.0    +0.0%    0.0x     중간  2.10  5pt/0 [일봉]
003490  대한항공      23,850    0.0    +0.0%    0.0x     중간 12.65  5pt/0 [일봉]
004020  현대제철      33,250    0.0    +0.0%    0.0x     중간  4.77  5pt/0 [일봉]
078930  GS        69,000    0.0    +0.0%    0.0x     중간  1.77  4pt/0 [일봉]

══════════════════════════════════════════════════
⏰ 매수 세션 종료 (14:30↑) — 신규 매수 중단
→ 전종목 HOLD
✅ Discord 전송 완료

[14:56] HOLD | KODEX RSI52/-8.9%⬆️⚠️ | 보유:없음 | 최고신호 HMM(011200) 7pt/3pt [강세+4.5%★★ / 호가20.1★ / RSI56 / 연속상승]
💰 예수금 97,571원 | KODEX200 RSI52/-9.0% 상승추세⬆️ 과열⚠️ | 매수기준 점수3pt↑

코드      종목명           가격    RSI     변화율    거래량     BB   호가비  B/S
────────────────────────────────────────────────────────────────────────
[2단계 분석 대상: 003490, 000720, 011200, 034020, 086790]
403870  HPSP      48,750    0.0    +0.0%    0.0x     중간  0.42  3pt/0 [일봉]
055550  신한지주      97,000    0.0    +0.0%    0.0x     중간  1.24  3pt/0 [일봉]
272210  한화시스템     85,700    0.0    +0.0%    0.0x     중간  3.75  5pt/0 [일봉]
011200  HMM       18,590   55.6    -4.5%    0.7x     하단 14.08  7pt/0 [5분]
015760  한국전력      35,900    0.0    +0.0%    0.0x     중간  3.49  5pt/0 [일봉]
034020  두산에너빌     85,800   52.5   -10.4%    0.8x     하단 10.46  3pt/0 [5분]
035720  카카오       38,650    0.0    +0.0%    0.0x     중간  2.44  5pt/0 [일봉]
030200  KT        52,800    0.0    +0.0%    0.0x     중간  2.03  5pt/0 [일봉]
003490  대한항공      23,900   60.0    -4.2%    0.7x     하단 15.89  7pt/0 [5분]
004020  현대제철      33,450    0.0    +0.0%    0.0x     중간  1.58  4pt/0 [일봉]
078930  GS        68,900    0.0    +0.0%    0.0x     중간  1.54  4pt/0 [일봉]

══════════════════════════════════════════════════
⏰ 매수 세션 종료 (14:30↑) — 신규 매수 중단
→ 전종목 HOLD
✅ Discord 전송 완료

[14:58] HOLD | KODEX RSI52/-9.0%⬆️⚠️ | 보유:없음 | 최고신호 HMM(011200) 7pt/3pt [강세+4.5%★★ / 호가14.1★ / RSI56 / 연속상승]
💰 예수금 97,571원 | KODEX200 RSI52/-8.7% 상승추세⬆️ 과열⚠️ | 매수기준 점수3pt↑

코드      종목명           가격    RSI     변화율    거래량     BB   호가비  B/S
────────────────────────────────────────────────────────────────────────
[2단계 분석 대상: 138040, 011200, 066970, 096770, 000270]
403870  HPSP      48,700    0.0    +0.0%    0.0x     중간  0.26  3pt/0 [일봉]
055550  신한지주      97,000    0.0    +0.0%    0.0x     중간  1.18  3pt/0 [일봉]
272210  한화시스템     85,800    0.0    +0.0%    0.0x     중간  3.10  5pt/0 [일봉]
011200  HMM       18,590   48.0    -4.5%    0.7x     하단 30.17  6pt/0 [5분]
015760  한국전력      35,900    0.0    +0.0%    0.0x     중간  3.35  5pt/0 [일봉]
034020  두산에너빌     85,800    0.0    +0.0%    0.0x     중간  6.73  5pt/0 [일봉]
035720  카카오       38,650    0.0    +0.0%    0.0x     중간  3.89  5pt/0 [일봉]
030200  KT        52,800    0.0    +0.0%    0.0x     중간  2.15  5pt/0 [일봉]
003490  대한항공      23,850    0.0    +0.0%    0.0x     중간  7.29  5pt/0 [일봉]
004020  현대제철      33,450    0.0    +0.0%    0.0x     중간  1.27  3pt/0 [일봉]
078930  GS        69,000    0.0    +0.0%    0.0x     중간  1.60  4pt/0 [일봉]

══════════════════════════════════════════════════
⏰ 매수 세션 종료 (14:30↑) — 신규 매수 중단
→ 전종목 HOLD
✅ Discord 전송 완료

[15:00] HOLD | KODEX RSI52/-8.7%⬆️⚠️ | 보유:없음 | 최고신호 HMM(011200) 6pt/3pt [강세+4.2%★★ / 호가30.2★ / RSI48]
💰 예수금 97,571원 | KODEX200 RSI52/-8.7% 상승추세⬆️ 과열⚠️ | 매수기준 점수3pt↑

코드      종목명           가격    RSI     변화율    거래량     BB   호가비  B/S
────────────────────────────────────────────────────────────────────────
[2단계 분석 대상: 138040, 011200, 096770, 000270, 003490]
403870  HPSP      48,400    0.0    +0.0%    0.0x     중간  1.33  4pt/0 [일봉]
055550  신한지주      96,900    0.0    +0.0%    0.0x     중간  0.85  3pt/0 [일봉]
272210  한화시스템     86,100    0.0    +0.0%    0.0x     중간  1.30  4pt/0 [일봉]
011200  HMM       18,560   48.0    -4.6%    0.7x     하단 20.02  6pt/0 [5분]
015760  한국전력      35,900    0.0    +0.0%    0.0x     중간  3.27  5pt/0 [일봉]
034020  두산에너빌     85,700    0.0    +0.0%    0.0x     중간  6.67  5pt/0 [일봉]
035720  카카오       38,650    0.0    +0.0%    0.0x     중간  3.62  5pt/0 [일봉]
030200  KT        53,000    0.0    +0.0%    0.0x     중간  1.76  4pt/0 [일봉]
003490  대한항공      23,850   50.0    -4.2%    0.7x     하단  7.75  6pt/0 [5분]
004020  현대제철      33,400    0.0    +0.0%    0.0x     중간  1.75  4pt/0 [일봉]
078930  GS        69,200    0.0    +0.0%    0.0x     중간  2.85  5pt/0 [일봉]

══════════════════════════════════════════════════
⏰ 매수 세션 종료 (14:30↑) — 신규 매수 중단
→ 전종목 HOLD
✅ Discord 전송 완료

[15:02] HOLD | KODEX RSI52/-8.7%⬆️⚠️ | 보유:없음 | 최고신호 HMM(011200) 6pt/3pt [강세+4.0%★★ / 호가20.0★ / RSI48]
💰 예수금 97,571원 | KODEX200 RSI52/-8.4% 상승추세⬆️ 과열⚠️ | 매수기준 점수3pt↑

코드      종목명           가격    RSI     변화율    거래량     BB   호가비  B/S
────────────────────────────────────────────────────────────────────────
[2단계 분석 대상: 138040, 011200, 034020, 096770, 003490]
403870  HPSP      48,350    0.0    +0.0%    0.0x     중간  2.10  5pt/0 [일봉]
055550  신한지주      96,900    0.0    +0.0%    0.0x     중간  0.78  3pt/0 [일봉]
272210  한화시스템     86,000    0.0    +0.0%    0.0x     중간  3.63  5pt/0 [일봉]
011200  HMM       18,580   48.0    -4.5%    0.7x     하단 35.78  6pt/0 [5분]
015760  한국전력      35,900    0.0    +0.0%    0.0x     중간  3.27  5pt/0 [일봉]
034020  두산에너빌     85,800   54.3   -10.4%    0.9x     하단 11.90  3pt/0 [5분]
035720  카카오       38,700    0.0    +0.0%    0.0x     중간  3.21  5pt/0 [일봉]
030200  KT        53,000    0.0    +0.0%    0.0x     중간  1.53  4pt/0 [일봉]
003490  대한항공      23,850   37.5    -4.2%    0.7x     하단  7.84  5pt/0 [5분]
004020  현대제철      33,500    0.0    +0.0%    0.0x     중간  1.13  3pt/0 [일봉]
078930  GS        69,200    0.0    +0.0%    0.0x     중간  2.85  5pt/0 [일봉]

══════════════════════════════════════════════════
⏰ 매수 세션 종료 (14:30↑) — 신규 매수 중단
→ 전종목 HOLD
✅ Discord 전송 완료

[15:04] HOLD | KODEX RSI52/-8.4%⬆️⚠️ | 보유:없음 | 최고신호 HMM(011200) 6pt/3pt [강세+4.0%★★ / 호가35.8★ / RSI48]
💰 예수금 97,571원 | KODEX200 RSI52/-8.5% 상승추세⬆️ 과열⚠️ | 매수기준 점수3pt↑

코드      종목명           가격    RSI     변화율    거래량     BB   호가비  B/S
────────────────────────────────────────────────────────────────────────
[2단계 분석 대상: 096770, 011200, 000270, 138040, 034020]
403870  HPSP      48,350    0.0    +0.0%    0.0x     중간  1.29  3pt/0 [일봉]
055550  신한지주      96,900    0.0    +0.0%    0.0x     중간  0.68  3pt/0 [일봉]
272210  한화시스템     85,900    0.0    +0.0%    0.0x     중간  2.38  5pt/0 [일봉]
011200  HMM       18,600   48.0    -4.4%    0.7x     하단 22.36  6pt/0 [5분]
015760  한국전력      35,950    0.0    +0.0%    0.0x     중간  2.70  5pt/0 [일봉]
034020  두산에너빌     85,800   54.3   -10.4%    0.9x     하단 10.31  3pt/0 [5분]
035720  카카오       38,700    0.0    +0.0%    0.0x     중간  3.21  5pt/0 [일봉]
030200  KT        53,000    0.0    +0.0%    0.0x     중간  1.54  4pt/0 [일봉]
003490  대한항공      23,850    0.0    +0.0%    0.0x     중간  7.58  5pt/0 [일봉]
004020  현대제철      33,450    0.0    +0.0%    0.0x     중간  1.43  4pt/0 [일봉]
078930  GS        69,200    0.0    +0.0%    0.0x     중간  2.73  5pt/0 [일봉]

══════════════════════════════════════════════════
⏰ 매수 세션 종료 (14:30↑) — 신규 매수 중단
→ 전종목 HOLD
✅ Discord 전송 완료

[15:06] HOLD | KODEX RSI52/-8.5%⬆️⚠️ | 보유:없음 | 최고신호 HMM(011200) 6pt/3pt [강세+4.1%★★ / 호가22.4★ / RSI48]
💰 예수금 97,571원 | KODEX200 RSI52/-8.7% 상승추세⬆️ 과열⚠️ | 매수기준 점수3pt↑

코드      종목명           가격    RSI     변화율    거래량     BB   호가비  B/S
────────────────────────────────────────────────────────────────────────
[2단계 분석 대상: 138040, 000720, 096770, 000270, 011200]
403870  HPSP      47,750    0.0    +0.0%    0.0x     중간  1.91  4pt/0 [일봉]
055550  신한지주      96,900    0.0    +0.0%    0.0x     중간  0.59  3pt/0 [일봉]
272210  한화시스템     85,700    0.0    +0.0%    0.0x     중간  3.34  5pt/0 [일봉]
011200  HMM       18,590   48.0    -4.5%    0.7x     하단 14.67  6pt/0 [5분]
015760  한국전력      35,850    0.0    +0.0%    0.0x     중간  2.78  5pt/0 [일봉]
034020  두산에너빌     85,700    0.0    +0.0%    0.0x     중간 11.38  5pt/0 [일봉]
035720  카카오       38,550    0.0    +0.0%    0.0x     중간  3.58  5pt/0 [일봉]
030200  KT        52,900    0.0    +0.0%    0.0x     중간  1.75  4pt/0 [일봉]
003490  대한항공      23,850    0.0    +0.0%    0.0x     중간  8.16  5pt/0 [일봉]
004020  현대제철      33,300    0.0    +0.0%    0.0x     중간  6.53  5pt/0 [일봉]
078930  GS        69,000    0.0    +0.0%    0.0x     중간  2.63  5pt/0 [일봉]

══════════════════════════════════════════════════
⏰ 매수 세션 종료 (14:30↑) — 신규 매수 중단
→ 전종목 HOLD
✅ Discord 전송 완료

[15:08] HOLD | KODEX RSI52/-8.7%⬆️⚠️ | 보유:없음 | 최고신호 HMM(011200) 6pt/3pt [강세+4.2%★★ / 호가14.7★ / RSI48]
💰 예수금 97,571원 | KODEX200 RSI52/-8.7% 상승추세⬆️ 과열⚠️ | 매수기준 점수3pt↑

코드      종목명           가격    RSI     변화율    거래량     BB   호가비  B/S
────────────────────────────────────────────────────────────────────────
[2단계 분석 대상: 138040, 011200, 000720, 000270, 034020]
403870  HPSP      47,750    0.0    +0.0%    0.0x     중간  2.53  5pt/0 [일봉]
055550  신한지주      96,900    0.0    +0.0%    0.0x     중간  1.92  4pt/0 [일봉]
272210  한화시스템     85,700    0.0    +0.0%    0.0x     중간  3.64  5pt/0 [일봉]
011200  HMM       18,550   46.2    -4.7%    0.7x     하단 15.87  6pt/0 [5분]
015760  한국전력      35,800    0.0    +0.0%    0.0x     중간  3.52  5pt/0 [일봉]
034020  두산에너빌     85,700   52.3   -10.5%    0.9x     하단  9.42  3pt/0 [5분]
035720  카카오       38,500    0.0    +0.0%    0.0x     중간  7.17  5pt/0 [일봉]
030200  KT        52,900    0.0    +0.0%    0.0x     중간  2.09  5pt/0 [일봉]
003490  대한항공      23,800    0.0    +0.0%    0.0x     중간  8.38  5pt/0 [일봉]
004020  현대제철      33,300    0.0    +0.0%    0.0x     중간  4.89  5pt/0 [일봉]
078930  GS        69,000    0.0    +0.0%    0.0x     중간  6.90  5pt/0 [일봉]

══════════════════════════════════════════════════
🕐 15:10 이후 — 장 마감 청산 모드
⏰ 매수 세션 종료 (14:30↑) — 신규 매수 중단
→ 전종목 HOLD
✅ Discord 전송 완료

[15:10] HOLD | KODEX RSI52/-8.7%⬆️⚠️ | 보유:없음 | 최고신호 HMM(011200) 6pt/3pt [강세+4.0%★★ / 호가15.9★ / RSI46]
💰 예수금 97,571원 | KODEX200 RSI52/-8.8% 상승추세⬆️ 과열⚠️ | 매수기준 점수3pt↑

코드      종목명           가격    RSI     변화율    거래량     BB   호가비  B/S
────────────────────────────────────────────────────────────────────────
[2단계 분석 대상: 011200, 003490, 138040, 000720, 035720]
403870  HPSP      47,750    0.0    +0.0%    0.0x     중간  2.48  5pt/0 [일봉]
055550  신한지주      96,900    0.0    +0.0%    0.0x     중간  4.40  5pt/0 [일봉]
272210  한화시스템     85,700    0.0    +0.0%    0.0x     중간  3.98  5pt/0 [일봉]
011200  HMM       18,570   46.2    -4.6%    0.7x     하단 17.00  6pt/0 [5분]
015760  한국전력      35,800    0.0    +0.0%    0.0x     중간  3.28  5pt/0 [일봉]
034020  두산에너빌     85,600    0.0    +0.0%    0.0x     중간  6.69  5pt/0 [일봉]
035720  카카오       38,500   29.4    -4.3%    0.8x     하단  7.16  5pt/0 [5분]
030200  KT        53,000    0.0    +0.0%    0.0x     중간  1.73  4pt/0 [일봉]
003490  대한항공      23,800   44.4    -4.4%    0.7x     하단 10.13  5pt/0 [5분]
004020  현대제철      33,450    0.0    +0.0%    0.0x     중간  1.61  4pt/0 [일봉]
078930  GS        69,000    0.0    +0.0%    0.0x     중간  5.22  5pt/0 [일봉]

══════════════════════════════════════════════════
🕐 15:10 이후 — 장 마감 청산 모드
⏰ 매수 세션 종료 (14:30↑) — 신규 매수 중단
→ 전종목 HOLD
✅ Discord 전송 완료

[15:12] HOLD | KODEX RSI52/-8.8%⬆️⚠️ | 보유:없음 | 최고신호 HMM(011200) 6pt/3pt [강세+4.2%★★ / 호가17.0★ / RSI46]
💰 예수금 97,571원 | KODEX200 RSI52/-9.0% 상승추세⬆️ 과열⚠️ | 매수기준 점수3pt↑

코드      종목명           가격    RSI     변화율    거래량     BB   호가비  B/S
────────────────────────────────────────────────────────────────────────
[2단계 분석 대상: 000270, 247540, 003490, 011200, 096770]
403870  HPSP      47,650    0.0    +0.0%    0.0x     중간  2.45  5pt/0 [일봉]
055550  신한지주      96,700    0.0    +0.0%    0.0x     중간  1.10  3pt/0 [일봉]
272210  한화시스템     85,500    0.0    +0.0%    0.0x     중간  3.56  5pt/0 [일봉]
011200  HMM       18,570   50.0    -4.6%    0.7x     하단  8.56  6pt/0 [5분]
015760  한국전력      35,800    0.0    +0.0%    0.0x     중간  3.32  5pt/0 [일봉]
034020  두산에너빌     85,600    0.0    +0.0%    0.0x     중간  6.02  5pt/0 [일봉]
035720  카카오       38,500    0.0    +0.0%    0.0x     중간  7.45  5pt/0 [일봉]
030200  KT        53,000    0.0    +0.0%    0.0x     중간  1.91  4pt/0 [일봉]
003490  대한항공      23,800   33.3    -4.5%    0.7x     하단 10.12  5pt/0 [5분]
004020  현대제철      33,350    0.0    +0.0%    0.0x     중간  2.01  5pt/0 [일봉]
078930  GS        69,000    0.0    +0.0%    0.0x     중간  3.35  5pt/0 [일봉]

══════════════════════════════════════════════════
🕐 15:10 이후 — 장 마감 청산 모드
⏰ 매수 세션 종료 (14:30↑) — 신규 매수 중단
→ 전종목 HOLD
✅ Discord 전송 완료

[15:14] HOLD | KODEX RSI52/-9.0%⬆️⚠️ | 보유:없음 | 최고신호 HMM(011200) 6pt/3pt [강세+4.4%★★ / 호가8.6★ / RSI50]
💰 예수금 97,571원 | KODEX200 RSI52/-8.8% 상승추세⬆️ 과열⚠️ | 매수기준 점수3pt↑

코드      종목명           가격    RSI     변화율    거래량     BB   호가비  B/S
────────────────────────────────────────────────────────────────────────
[2단계 분석 대상: 000270, 138040, 011200, 329180, 035720]
403870  HPSP      47,750    0.0    +0.0%    0.0x     중간  1.33  4pt/0 [일봉]
055550  신한지주      97,500    0.0    +0.0%    0.0x     중간  3.67  5pt/0 [일봉]
272210  한화시스템     85,900    0.0    +0.0%    0.0x     중간  2.73  5pt/0 [일봉]
011200  HMM       18,570   50.0    -4.5%    0.8x     하단 13.01  6pt/0 [5분]
015760  한국전력      35,900    0.0    +0.0%    0.0x     중간  2.76  5pt/0 [일봉]
034020  두산에너빌     85,700    0.0    +0.0%    0.0x     중간  7.19  5pt/0 [일봉]
035720  카카오       38,500   31.2    -4.6%    0.8x     하단  9.15  5pt/0 [5분]
030200  KT        53,300    0.0    +0.0%    0.0x     중간  0.96  3pt/0 [일봉]
003490  대한항공      23,800    0.0    +0.0%    0.0x     중간  8.04  5pt/0 [일봉]
004020  현대제철      33,400    0.0    +0.0%    0.0x     중간  2.18  5pt/0 [일봉]
078930  GS        69,400    0.0    +0.0%    0.0x     중간  2.71  5pt/0 [일봉]

══════════════════════════════════════════════════
🕐 15:10 이후 — 장 마감 청산 모드
⏰ 매수 세션 종료 (14:30↑) — 신규 매수 중단
→ 전종목 HOLD
✅ Discord 전송 완료

[15:16] HOLD | KODEX RSI52/-8.8%⬆️⚠️ | 보유:없음 | 최고신호 HMM(011200) 6pt/3pt [강세+4.3%★★ / 호가13.0★ / RSI50]
💰 예수금 97,571원 | KODEX200 RSI52/-8.9% 상승추세⬆️ 과열⚠️ | 매수기준 점수3pt↑

코드      종목명           가격    RSI     변화율    거래량     BB   호가비  B/S
────────────────────────────────────────────────────────────────────────
[2단계 분석 대상: 000270, 138040, 011200, 003490, 034020]
403870  HPSP      47,400    0.0    +0.0%    0.0x     중간  4.37  5pt/0 [일봉]
272210  한화시스템     86,000    0.0    +0.0%    0.0x     중간  1.37  4pt/0 [일봉]
011200  HMM       18,560   50.0    -4.5%    0.8x     하단 14.08  6pt/0 [5분]
015760  한국전력      35,950    0.0    +0.0%    0.0x     중간  2.37  5pt/0 [일봉]
034020  두산에너빌     85,800   48.9   -10.4%    0.9x     하단  8.06  3pt/0 [5분]
035720  카카오       38,550    0.0    +0.0%    0.0x     중간  3.44  5pt/0 [일봉]
030200  KT        53,500    0.0    +0.0%    0.0x     중간  1.55  4pt/0 [일봉]
003490  대한항공      23,800   33.3    -4.6%    0.7x     하단  8.38  5pt/0 [5분]
004020  현대제철      33,350    0.0    +0.0%    0.0x     중간  4.90  5pt/0 [일봉]
078930  GS        69,300    0.0    +0.0%    0.0x     중간  2.86  5pt/0 [일봉]

══════════════════════════════════════════════════
🕐 15:10 이후 — 장 마감 청산 모드
⏰ 매수 세션 종료 (14:30↑) — 신규 매수 중단
→ 전종목 HOLD
✅ Discord 전송 완료

[15:18] HOLD | KODEX RSI52/-8.9%⬆️⚠️ | 보유:없음 | 최고신호 HMM(011200) 6pt/3pt [강세+4.4%★★ / 호가14.1★ / RSI50]
💰 예수금 97,571원 | KODEX200 RSI52/-8.8% 상승추세⬆️ 과열⚠️ | 매수기준 점수3pt↑

코드      종목명           가격    RSI     변화율    거래량     BB   호가비  B/S
────────────────────────────────────────────────────────────────────────
[2단계 분석 대상: 096770, 000270, 004020, 105560, 064350]
403870  HPSP      47,500    0.0    +0.0%    0.0x     중간  0.09  3pt/0 [일봉]
272210  한화시스템     85,200    0.0    +0.0%    0.0x     중간  5.92  5pt/0 [일봉]
011200  HMM       18,710    0.0    +0.0%    0.0x     중간  1.27  3pt/0 [일봉]
015760  한국전력      36,100    0.0    +0.0%    0.0x     중간  0.12  3pt/0 [일봉]
034020  두산에너빌     85,100    0.0    +0.0%    0.0x     중간  1.05  3pt/0 [일봉]
035720  카카오       38,950    0.0    +0.0%    0.0x     중간  1.14  3pt/0 [일봉]
030200  KT        53,900    0.0    +0.0%    0.0x     중간  2.23  5pt/0 [일봉]
003490  대한항공      23,850    0.0    +0.0%    0.0x     중간  2.06  5pt/0 [일봉]
004020  현대제철      33,200   40.0    -7.2%    0.5x     하단 20.87  5pt/0 [5분]
078930  GS        69,200    0.0    +0.0%    0.0x     중간  0.26  3pt/0 [일봉]

══════════════════════════════════════════════════
🕐 15:10 이후 — 장 마감 청산 모드
⏰ 매수 세션 종료 (14:30↑) — 신규 매수 중단
→ 전종목 HOLD
✅ Discord 전송 완료

[15:20] HOLD | KODEX RSI52/-8.8%⬆️⚠️ | 보유:없음 | 최고신호 한화시스템(272210) 5pt/3pt [강세+8.8%★★ / 호가5.9★]
💰 예수금 97,571원 | KODEX200 RSI52/-8.8% 상승추세⬆️ 과열⚠️ | 매수기준 점수3pt↑

코드      종목명           가격    RSI     변화율    거래량     BB   호가비  B/S
────────────────────────────────────────────────────────────────────────
[2단계 분석 대상: 086790, 272210, 003670, 000150, 247540]
403870  HPSP      47,050    0.0    +0.0%    0.0x     중간  0.62  3pt/0 [일봉]
055550  신한지주      96,700    0.0    +0.0%    0.0x     중간  0.29  3pt/0 [일봉]
272210  한화시스템     84,900   66.7    -9.2%    0.7x     하단 11.15  3pt/0 [5분]
011200  HMM       18,710    0.0    +0.0%    0.0x     중간  0.36  3pt/0 [일봉]
015760  한국전력      36,800    0.0    +0.0%    0.0x     중간  0.07  3pt/0 [일봉]
034020  두산에너빌     85,100    0.0    +0.0%    0.0x     중간  0.89  3pt/0 [일봉]
035720  카카오       38,800    0.0    +0.0%    0.0x     중간  0.30  3pt/0 [일봉]
030200  KT        53,800    0.0    +0.0%    0.0x     중간  0.10  3pt/0 [일봉]
003490  대한항공      23,950    0.0    +0.0%    0.0x     중간  0.65  3pt/0 [일봉]
004020  현대제철      33,200    0.0    +0.0%    0.0x     중간  2.36  5pt/0 [일봉]
078930  GS        69,200    0.0    +0.0%    0.0x     중간  0.03  3pt/0 [일봉]

══════════════════════════════════════════════════
🕐 15:10 이후 — 장 마감 청산 모드
⏰ 매수 세션 종료 (14:30↑) — 신규 매수 중단
→ 전종목 HOLD
✅ Discord 전송 완료

[15:22] HOLD | KODEX RSI52/-8.8%⬆️⚠️ | 보유:없음 | 최고신호 현대제철(004020) 5pt/3pt [강세+8.8%★★ / 호가2.4★]
💰 예수금 97,571원 | KODEX200 RSI52/-8.8% 상승추세⬆️ 과열⚠️ | 매수기준 점수3pt↑

코드      종목명           가격    RSI     변화율    거래량     BB   호가비  B/S
────────────────────────────────────────────────────────────────────────
[2단계 분석 대상: 042660, 096770, 015760, 000150, 086790]
403870  HPSP      47,050    0.0    +0.0%    0.0x     중간  0.88  3pt/0 [일봉]
055550  신한지주      96,700    0.0    +0.0%    0.0x     중간  0.42  3pt/0 [일봉]
272210  한화시스템     85,000    0.0    +0.0%    0.0x     중간  4.50  5pt/0 [일봉]
011200  HMM       18,700    0.0    +0.0%    0.0x     중간  0.17  3pt/0 [일봉]
015760  한국전력      36,300   50.0    -5.8%    0.9x     하단  8.49  6pt/0 [5분]
034020  두산에너빌     85,100    0.0    +0.0%    0.0x     중간  0.87  3pt/0 [일봉]
035720  카카오       38,800    0.0    +0.0%    0.0x     중간  0.39  3pt/0 [일봉]
030200  KT        53,900    0.0    +0.0%    0.0x     중간  0.46  3pt/0 [일봉]
003490  대한항공      23,900    0.0    +0.0%    0.0x     중간  0.72  3pt/0 [일봉]
004020  현대제철      33,150    0.0    +0.0%    0.0x     중간  1.39  4pt/0 [일봉]
078930  GS        69,200    0.0    +0.0%    0.0x     중간  0.03  3pt/0 [일봉]

══════════════════════════════════════════════════
🕐 15:10 이후 — 장 마감 청산 모드
⏰ 매수 세션 종료 (14:30↑) — 신규 매수 중단
→ 전종목 HOLD
✅ Discord 전송 완료

[15:24] HOLD | KODEX RSI52/-8.8%⬆️⚠️ | 보유:없음 | 최고신호 한국전력(015760) 6pt/3pt [강세+3.0%★★ / 호가8.5★ / RSI50]
💰 예수금 97,571원 | KODEX200 RSI52/-8.8% 상승추세⬆️ 과열⚠️ | 매수기준 점수3pt↑

코드      종목명           가격    RSI     변화율    거래량     BB   호가비  B/S
────────────────────────────────────────────────────────────────────────
[2단계 분석 대상: 042660, 015760, 272210, 329180, 096770]
403870  HPSP      47,050    0.0    +0.0%    0.0x     중간  0.89  3pt/0 [일봉]
055550  신한지주      96,700    0.0    +0.0%    0.0x     중간  0.93  3pt/0 [일봉]
272210  한화시스템     85,000   66.7    -9.2%    0.7x     하단  4.18  3pt/0 [5분]
011200  HMM       18,710    0.0    +0.0%    0.0x     중간  0.11  3pt/0 [일봉]
015760  한국전력      36,300   50.0    -5.8%    0.9x     하단  5.14  6pt/0 [5분]
034020  두산에너빌     85,100    0.0    +0.0%    0.0x     중간  2.54  5pt/0 [일봉]
035720  카카오       38,850    0.0    +0.0%    0.0x     중간  0.50  3pt/0 [일봉]
030200  KT        54,000    0.0    +0.0%    0.0x     중간  1.06  3pt/0 [일봉]
003490  대한항공      23,850    0.0    +0.0%    0.0x     중간  0.87  3pt/0 [일봉]
004020  현대제철      33,100    0.0    +0.0%    0.0x     중간  2.70  5pt/0 [일봉]
078930  GS        70,800    0.0    +0.0%    0.0x     중간  1.65  4pt/0 [일봉]

══════════════════════════════════════════════════
🕐 15:10 이후 — 장 마감 청산 모드
⏰ 매수 세션 종료 (14:30↑) — 신규 매수 중단
→ 전종목 HOLD
✅ Discord 전송 완료

[15:26] HOLD | KODEX RSI52/-8.8%⬆️⚠️ | 보유:없음 | 최고신호 한국전력(015760) 6pt/3pt [강세+3.0%★★ / 호가5.1★ / RSI50]
💰 예수금 97,571원 | KODEX200 RSI52/-8.8% 상승추세⬆️ 과열⚠️ | 매수기준 점수3pt↑

코드      종목명           가격    RSI     변화율    거래량     BB   호가비  B/S
────────────────────────────────────────────────────────────────────────
[2단계 분석 대상: 055550, 017670, 138040, 000150, 011200]
403870  HPSP      47,050    0.0    +0.0%    0.0x     중간  1.95  4pt/0 [일봉]
055550  신한지주      97,100   46.3    -9.2%    1.3x     하단 38.74  4pt/0 [5분]
272210  한화시스템     86,400    0.0    +0.0%    0.0x     중간  2.75  5pt/0 [일봉]
011200  HMM       18,790   50.0    -4.4%    0.8x     하단 10.96  6pt/0 [5분]
015760  한국전력      36,300    0.0    +0.0%    0.0x     중간  4.04  5pt/0 [일봉]
034020  두산에너빌     85,100    0.0    +0.0%    0.0x     중간  5.67  5pt/0 [일봉]
035720  카카오       38,600    0.0    +0.0%    0.0x     중간  9.69  5pt/0 [일봉]
030200  KT        54,000    0.0    +0.0%    0.0x     중간  3.74  5pt/0 [일봉]
003490  대한항공      23,950    0.0    +0.0%    0.0x     중간  1.32  4pt/0 [일봉]
004020  현대제철      33,100    0.0    +0.0%    0.0x     중간  7.81  5pt/0 [일봉]
078930  GS        70,600    0.0    +0.0%    0.0x     중간 10.37  5pt/0 [일봉]

══════════════════════════════════════════════════
🕐 15:10 이후 — 장 마감 청산 모드
⏰ 매수 세션 종료 (14:30↑) — 신규 매수 중단
→ 전종목 HOLD
✅ Discord 전송 완료

[15:28] HOLD | KODEX RSI52/-8.8%⬆️⚠️ | 보유:없음 | 최고신호 HMM(011200) 6pt/3pt [강세+4.4%★★ / 호가11.0★ / RSI50]
💰 예수금 97,571원 | KODEX200 RSI52/-8.8% 상승추세⬆️ 과열⚠️ | 매수기준 점수3pt↑

코드      종목명           가격    RSI     변화율    거래량     BB   호가비  B/S
────────────────────────────────────────────────────────────────────────
[2단계 분석 대상: 005930, 055550, 042660, 247540, 000720]
403870  HPSP      47,250    0.0    +0.0%    0.0x     중간  2.80  5pt/0 [일봉]
055550  신한지주      97,100   46.3    -9.7%    1.4x     하단  6.33  4pt/0 [5분]
272210  한화시스템     86,600    0.0    +0.0%    0.0x     중간  1.61  4pt/0 [일봉]
011200  HMM       18,650    0.0    +0.0%    0.0x     중간  0.61  3pt/0 [일봉]
015760  한국전력      36,050    0.0    +0.0%    0.0x     중간  0.74  3pt/0 [일봉]
034020  두산에너빌     85,900    0.0    +0.0%    0.0x     중간  2.42  5pt/0 [일봉]
035720  카카오       38,600    0.0    +0.0%    0.0x     중간  1.76  4pt/0 [일봉]
030200  KT        54,000    0.0    +0.0%    0.0x     중간  1.09  3pt/0 [일봉]
003490  대한항공      23,850    0.0    +0.0%    0.0x     중간  2.40  5pt/0 [일봉]
004020  현대제철      33,300    0.0    +0.0%    0.0x     중간  3.00  5pt/0 [일봉]
078930  GS        69,900    0.0    +0.0%    0.0x     중간  0.19  3pt/0 [일봉]

══════════════════════════════════════════════════
🕐 15:10 이후 — 장 마감 청산 모드
⏰ 매수 세션 종료 (14:30↑) — 신규 매수 중단
→ 전종목 HOLD
✅ Discord 전송 완료

[15:30] HOLD | KODEX RSI52/-8.8%⬆️⚠️ | 보유:없음 | 최고신호 HPSP(403870) 5pt/3pt [강세+8.8%★★ / 호가2.8★]
