💰 예수금 97,219원 | KODEX200 RSI69/+0.0% 상승추세⬆️  | 매수기준 점수4pt↑

코드      종목명           가격    RSI     변화율    거래량     BB   호가비  B/S
────────────────────────────────────────────────────────────────────────
[2단계 분석 대상: 138040, 217820, 056080, 001510, 207940]
403870  HPSP      56,000    0.0    +0.0%    0.0x     중간  0.47  0pt/0 [일봉]
⛔ 아우토크립트(137040) 호가 없음 (거래정지 의심)
035720  카카오       42,050    0.0    +0.0%    0.0x     중간  4.73  2pt/0 [일봉]
015760  한국전력      40,900    0.0    +0.0%    0.0x     중간  0.63  0pt/0 [일봉]
078930  GS        79,500    0.0    +0.0%    0.0x     중간  1.11  0pt/0 [일봉]
061250  화일약품       8,380    0.0    +0.0%    0.0x     중간  0.37  0pt/0 [일봉]
217820  원익피앤이      3,070   50.0    +0.0%    0.0x     상단 38.19  5pt/0 [5분]
001510  SK증권       3,880   55.2    +0.0%    0.0x     하단 11.58  6pt/0 [5분]
056080  유진로봇      24,450   55.0    +0.0%    0.0x     하단 31.94  8pt/0 [5분]
084850  아이티엠반도체   15,580    0.0    +0.0%    0.0x     중간  0.36  0pt/0 [일봉]
⛔ 금양(001570) 호가 없음 (거래정지 의심)

══════════════════════════════════════════════════
⏰ 장 미개장 (9:00 전) — 신규 매수 중단
→ 전종목 HOLD
✅ Discord 전송 완료

[08:50] HOLD | KODEX RSI69/+0.0%⬆️ | 보유:없음 | 최고신호 유진로봇(056080) 8pt/4pt [RSI55★ / BB하단★ / MA골 / 호가31.9★ / 거래량증가]
💰 예수금 97,219원 | KODEX200 RSI71/+2.5% 상승추세⬆️  | 매수기준 점수4pt↑

코드      종목명           가격    RSI     변화율    거래량     BB   호가비  B/S
────────────────────────────────────────────────────────────────────────
[2단계 분석 대상: 217820, 058470, 066970, 000660, 061250]
403870  HPSP      57,800    0.0    +0.0%    0.0x     중간  0.81  0pt/0 [일봉]
⛔ 아우토크립트(137040) 호가 없음 (거래정지 의심)
035720  카카오       42,150    0.0    +0.0%    0.0x     중간  1.62  2pt/0 [일봉]
015760  한국전력      41,650    0.0    +0.0%    0.0x     중간  0.33  0pt/0 [일봉]
078930  GS        79,800    0.0    +0.0%    0.0x     중간  0.59  0pt/0 [일봉]
061250  화일약품       8,560   56.2    -1.3%    0.0x     중간  3.44  5pt/0 [5분]
217820  원익피앤이      3,060   50.0    +2.5%    0.0x     상단 15.34  5pt/0 [5분]
001510  SK증권       4,005    0.0    +0.0%    0.0x     중간  0.24  0pt/0 [일봉]
056080  유진로봇      25,050    0.0    +0.0%    0.0x     중간  0.84  0pt/0 [일봉]
084850  아이티엠반도체   15,070    0.0    +0.0%    0.0x     중간  0.05  0pt/0 [일봉]
⛔ 금양(001570) 호가 없음 (거래정지 의심)

══════════════════════════════════════════════════
⏰ 장 초반 변동성 (9:20 전) — 신규 매수 중단
→ 전종목 HOLD
✅ Discord 전송 완료

[09:00] HOLD | KODEX RSI71/+2.5%⬆️ | 보유:없음 | 최고신호 화일약품(061250) 5pt/4pt [RSI56★ / MA골 / 호가3.4★]
💰 예수금 97,219원 | KODEX200 RSI71/+2.9% 상승추세⬆️  | 매수기준 점수4pt↑

코드      종목명           가격    RSI     변화율    거래량     BB   호가비  B/S
────────────────────────────────────────────────────────────────────────
[2단계 분석 대상: 006400, 042700, 217820, 012330, 068270]
403870  HPSP      60,500    0.0    +0.0%    0.0x     중간  0.57  0pt/0 [일봉]
⛔ 아우토크립트(137040) 호가 없음 (거래정지 의심)
035720  카카오       41,900    0.0    +0.0%    0.0x     중간  3.00  2pt/0 [일봉]
015760  한국전력      41,250    0.0    +0.0%    0.0x     중간  2.27  2pt/0 [일봉]
078930  GS        79,100    0.0    +0.0%    0.0x     중간  0.70  0pt/0 [일봉]
061250  화일약품       8,570    0.0    +0.0%    0.0x     중간  3.21  2pt/0 [일봉]
217820  원익피앤이      3,060   50.0    +2.0%    0.0x     상단  4.25  5pt/0 [5분]
001510  SK증권       4,120    0.0    +0.0%    0.0x     중간  0.17  0pt/0 [일봉]
056080  유진로봇      25,200    0.0    +0.0%    0.0x     중간  1.19  0pt/0 [일봉]
084850  아이티엠반도체   14,870    0.0    +0.0%    0.0x     중간  0.62  0pt/0 [일봉]
⛔ 금양(001570) 호가 없음 (거래정지 의심)

══════════════════════════════════════════════════
⏰ 장 초반 변동성 (9:20 전) — 신규 매수 중단
→ 전종목 HOLD
✅ Discord 전송 완료

[09:02] HOLD | KODEX RSI71/+2.9%⬆️ | 보유:없음 | 최고신호 원익피앤이(217820) 5pt/4pt [RSI50★ / MA골 / 호가4.2★]
💰 예수금 97,219원 | KODEX200 RSI71/+2.5% 상승추세⬆️  | 매수기준 점수4pt↑

코드      종목명           가격    RSI     변화율    거래량     BB   호가비  B/S
────────────────────────────────────────────────────────────────────────
[2단계 분석 대상: 068270, 006400, 012330, 056080, 042700]
403870  HPSP      60,400    0.0    +0.0%    0.0x     중간  0.26  0pt/0 [일봉]
⛔ 아우토크립트(137040) 호가 없음 (거래정지 의심)
035720  카카오       41,750    0.0    +0.0%    0.0x     중간  1.60  2pt/0 [일봉]
015760  한국전력      41,400    0.0    +0.0%    0.0x     중간  1.74  2pt/0 [일봉]
078930  GS        78,700    0.0    +0.0%    0.0x     중간  0.72  0pt/0 [일봉]
061250  화일약품       8,580    0.0    +0.0%    0.0x     중간  2.04  2pt/0 [일봉]
217820  원익피앤이      3,095    0.0    +0.0%    0.0x     중간  2.73  2pt/0 [일봉]
001510  SK증권       4,150    0.0    +0.0%    0.0x     중간  0.40  0pt/0 [일봉]
056080  유진로봇      25,400   57.1    +4.5%    0.0x     상단  2.86  5pt/0 [5분]
084850  아이티엠반도체   14,950    0.0    +0.0%    0.0x     중간  0.20  0pt/0 [일봉]
⛔ 금양(001570) 호가 없음 (거래정지 의심)

══════════════════════════════════════════════════
⏰ 장 초반 변동성 (9:20 전) — 신규 매수 중단
→ 전종목 HOLD
✅ Discord 전송 완료

[09:04] HOLD | KODEX RSI71/+2.5%⬆️ | 보유:없음 | 최고신호 유진로봇(056080) 5pt/4pt [RSI57★ / MA골 / 호가2.9★]
💰 예수금 97,219원 | KODEX200 RSI71/+2.5% 상승추세⬆️  | 매수기준 점수4pt↑

코드      종목명           가격    RSI     변화율    거래량     BB   호가비  B/S
────────────────────────────────────────────────────────────────────────
[2단계 분석 대상: 068270, 207940, 006400, 079550, 012450]
403870  HPSP      62,100    0.0    +0.0%    0.0x     중간  0.20  0pt/0 [일봉]
⛔ 아우토크립트(137040) 호가 없음 (거래정지 의심)
035720  카카오       41,750    0.0    +0.0%    0.0x     중간  1.19  0pt/0 [일봉]
015760  한국전력      41,350    0.0    +0.0%    0.0x     중간  2.10  2pt/0 [일봉]
078930  GS        78,500    0.0    +0.0%    0.0x     중간  0.56  0pt/0 [일봉]
061250  화일약품       8,550    0.0    +0.0%    0.0x     중간  1.30  1pt/0 [일봉]
217820  원익피앤이      3,065    0.0    +0.0%    0.0x     중간  2.48  2pt/0 [일봉]
001510  SK증권       4,125    0.0    +0.0%    0.0x     중간  1.34  1pt/0 [일봉]
056080  유진로봇      25,450    0.0    +0.0%    0.0x     중간  2.24  2pt/0 [일봉]
084850  아이티엠반도체   14,990    0.0    +0.0%    0.0x     중간  0.84  0pt/0 [일봉]
⛔ 금양(001570) 호가 없음 (거래정지 의심)

══════════════════════════════════════════════════
⏰ 장 초반 변동성 (9:20 전) — 신규 매수 중단
→ 전종목 HOLD
✅ Discord 전송 완료

[09:06] HOLD | KODEX RSI71/+2.5%⬆️ | 보유:없음 | 최고신호 한국전력(015760) 2pt/4pt [호가2.1★]
💰 예수금 97,219원 | KODEX200 RSI71/+2.7% 상승추세⬆️  | 매수기준 점수4pt↑

코드      종목명           가격    RSI     변화율    거래량     BB   호가비  B/S
────────────────────────────────────────────────────────────────────────
[2단계 분석 대상: 006400, 012330, 055550, 217820, 042700]
403870  HPSP      63,200    0.0    +0.0%    0.0x     중간  0.87  0pt/0 [일봉]
⛔ 아우토크립트(137040) 호가 없음 (거래정지 의심)
035720  카카오       41,800    0.0    +0.0%    0.0x     중간  1.77  2pt/0 [일봉]
015760  한국전력      40,850    0.0    +0.0%    0.0x     중간  1.40  1pt/0 [일봉]
078930  GS        78,000    0.0    +0.0%    0.0x     중간  1.05  0pt/0 [일봉]
061250  화일약품       8,520    0.0    +0.0%    0.0x     중간  0.58  0pt/0 [일봉]
217820  원익피앤이      3,055   50.0    +2.4%    0.0x     상단  2.77  5pt/0 [5분]
001510  SK증권       4,080    0.0    +0.0%    0.0x     중간  0.47  0pt/0 [일봉]
056080  유진로봇      25,350    0.0    +0.0%    0.0x     중간  1.60  2pt/0 [일봉]
084850  아이티엠반도체   15,020    0.0    +0.0%    0.0x     중간  0.34  0pt/0 [일봉]
⛔ 금양(001570) 호가 없음 (거래정지 의심)

══════════════════════════════════════════════════
⏰ 장 초반 변동성 (9:20 전) — 신규 매수 중단
→ 전종목 HOLD
✅ Discord 전송 완료

[09:08] HOLD | KODEX RSI71/+2.7%⬆️ | 보유:없음 | 최고신호 원익피앤이(217820) 5pt/4pt [RSI50★ / MA골 / 호가2.8★]
💰 예수금 97,219원 | KODEX200 RSI71/+2.2% 상승추세⬆️  | 매수기준 점수4pt↑

코드      종목명           가격    RSI     변화율    거래량     BB   호가비  B/S
────────────────────────────────────────────────────────────────────────
[2단계 분석 대상: 006400, 012330, 066970, 068270, 042700]
403870  HPSP      63,100    0.0    +0.0%    0.0x     중간  0.80  0pt/0 [일봉]
⛔ 아우토크립트(137040) 호가 없음 (거래정지 의심)
035720  카카오       41,750    0.0    +0.0%    0.0x     중간  1.59  2pt/0 [일봉]
015760  한국전력      40,750    0.0    +0.0%    0.0x     중간  1.78  2pt/0 [일봉]
078930  GS        78,100    0.0    +0.0%    0.0x     중간  1.06  0pt/0 [일봉]
061250  화일약품       8,510    0.0    +0.0%    0.0x     중간  0.70  0pt/0 [일봉]
217820  원익피앤이      3,035    0.0    +0.0%    0.0x     중간  2.04  2pt/0 [일봉]
001510  SK증권       4,025    0.0    +0.0%    0.0x     중간  1.42  1pt/0 [일봉]
056080  유진로봇      25,000    0.0    +0.0%    0.0x     중간  0.27  0pt/0 [일봉]
084850  아이티엠반도체   15,040    0.0    +0.0%    0.0x     중간  0.53  0pt/0 [일봉]
⛔ 금양(001570) 호가 없음 (거래정지 의심)

══════════════════════════════════════════════════
⏰ 장 초반 변동성 (9:20 전) — 신규 매수 중단
→ 전종목 HOLD
✅ Discord 전송 완료

[09:10] HOLD | KODEX RSI71/+2.2%⬆️ | 보유:없음 | 최고신호 카카오(035720) 2pt/4pt [호가1.6★]
💰 예수금 97,219원 | KODEX200 RSI71/+2.3% 상승추세⬆️  | 매수기준 점수4pt↑

코드      종목명           가격    RSI     변화율    거래량     BB   호가비  B/S
────────────────────────────────────────────────────────────────────────
[2단계 분석 대상: 217820, 259960, 006400, 000270, 012330]
403870  HPSP      64,500    0.0    +0.0%    0.0x     중간  0.46  0pt/0 [일봉]
⛔ 아우토크립트(137040) 호가 없음 (거래정지 의심)
035720  카카오       41,900    0.0    +0.0%    0.0x     중간  1.38  1pt/0 [일봉]
015760  한국전력      40,850    0.0    +0.0%    0.0x     중간  2.07  2pt/0 [일봉]
078930  GS        78,400    0.0    +0.0%    0.0x     중간  0.61  0pt/0 [일봉]
061250  화일약품       8,680    0.0    +0.0%    0.0x     중간  0.42  0pt/0 [일봉]
217820  원익피앤이      3,060   58.8    +2.7%    0.1x     상단  5.36  5pt/0 [5분]
001510  SK증권       4,055    0.0    +0.0%    0.0x     중간  1.00  0pt/0 [일봉]
056080  유진로봇      24,950    0.0    +0.0%    0.0x     중간  0.25  0pt/0 [일봉]
084850  아이티엠반도체   15,030    0.0    +0.0%    0.0x     중간  1.62  2pt/0 [일봉]
⛔ 금양(001570) 호가 없음 (거래정지 의심)

══════════════════════════════════════════════════
⏰ 장 초반 변동성 (9:20 전) — 신규 매수 중단
→ 전종목 HOLD
✅ Discord 전송 완료

[09:12] HOLD | KODEX RSI71/+2.3%⬆️ | 보유:없음 | 최고신호 원익피앤이(217820) 5pt/4pt [RSI59★ / 호가5.4★ / 거래량증가]
💰 예수금 97,219원 | KODEX200 RSI71/+2.2% 상승추세⬆️  | 매수기준 점수4pt↑

코드      종목명           가격    RSI     변화율    거래량     BB   호가비  B/S
────────────────────────────────────────────────────────────────────────
[2단계 분석 대상: 068270, 055550, 006400, 042700, 259960]
403870  HPSP      64,900    0.0    +0.0%    0.0x     중간  1.30  1pt/0 [일봉]
⛔ 아우토크립트(137040) 호가 없음 (거래정지 의심)
035720  카카오       41,800    0.0    +0.0%    0.0x     중간  1.90  2pt/0 [일봉]
015760  한국전력      40,700    0.0    +0.0%    0.0x     중간  2.40  2pt/0 [일봉]
078930  GS        77,900    0.0    +0.0%    0.0x     중간  1.16  0pt/0 [일봉]
061250  화일약품       8,590    0.0    +0.0%    0.0x     중간  0.92  0pt/0 [일봉]
217820  원익피앤이      3,060    0.0    +0.0%    0.0x     중간  4.31  2pt/0 [일봉]
001510  SK증권       4,010    0.0    +0.0%    0.0x     중간  1.86  2pt/0 [일봉]
056080  유진로봇      25,250    0.0    +0.0%    0.0x     중간  0.56  0pt/0 [일봉]
084850  아이티엠반도체   14,980    0.0    +0.0%    0.0x     중간  1.40  1pt/0 [일봉]
⛔ 금양(001570) 호가 없음 (거래정지 의심)

══════════════════════════════════════════════════
⏰ 장 초반 변동성 (9:20 전) — 신규 매수 중단
→ 전종목 HOLD
✅ Discord 전송 완료

[09:14] HOLD | KODEX RSI71/+2.2%⬆️ | 보유:없음 | 최고신호 카카오(035720) 2pt/4pt [호가1.9★]
💰 예수금 97,219원 | KODEX200 RSI71/+2.3% 상승추세⬆️  | 매수기준 점수4pt↑

코드      종목명           가격    RSI     변화율    거래량     BB   호가비  B/S
────────────────────────────────────────────────────────────────────────
[2단계 분석 대상: 217820, 000270, 012330, 015760, 042700]
403870  HPSP      67,800    0.0    +0.0%    0.0x     중간  0.74  0pt/0 [일봉]
⛔ 아우토크립트(137040) 호가 없음 (거래정지 의심)
035720  카카오       41,850    0.0    +0.0%    0.0x     중간  1.53  2pt/0 [일봉]
015760  한국전력      40,750   47.1    +2.6%    0.2x     상단  4.23  5pt/0 [5분]
078930  GS        77,900    0.0    +0.0%    0.0x     중간  2.09  2pt/0 [일봉]
061250  화일약품       8,600    0.0    +0.0%    0.0x     중간  0.92  0pt/0 [일봉]
217820  원익피앤이      3,070   53.3    +2.7%    0.1x     상단  5.30  5pt/0 [5분]
001510  SK증권       4,000    0.0    +0.0%    0.0x     중간  2.19  2pt/0 [일봉]
056080  유진로봇      25,150    0.0    +0.0%    0.0x     중간  0.50  0pt/0 [일봉]
084850  아이티엠반도체   15,150    0.0    +0.0%    0.0x     중간  0.31  0pt/0 [일봉]
⛔ 금양(001570) 호가 없음 (거래정지 의심)

══════════════════════════════════════════════════
⏰ 장 초반 변동성 (9:20 전) — 신규 매수 중단
→ 전종목 HOLD
✅ Discord 전송 완료

[09:16] HOLD | KODEX RSI71/+2.3%⬆️ | 보유:없음 | 최고신호 한국전력(015760) 5pt/4pt [RSI47★ / 호가4.2★ / 거래량증가]
💰 예수금 97,219원 | KODEX200 RSI71/+2.3% 상승추세⬆️  | 매수기준 점수4pt↑

코드      종목명           가격    RSI     변화율    거래량     BB   호가비  B/S
────────────────────────────────────────────────────────────────────────
[2단계 분석 대상: 217820, 015760, 042700, 068270, 055550]
403870  HPSP      66,200    0.0    +0.0%    0.0x     중간  2.45  2pt/0 [일봉]
⛔ 아우토크립트(137040) 호가 없음 (거래정지 의심)
035720  카카오       41,800    0.0    +0.0%    0.0x     중간  1.97  2pt/0 [일봉]
015760  한국전력      40,750   47.1    +2.6%    0.2x     상단  3.86  5pt/0 [5분]
078930  GS        77,400    0.0    +0.0%    0.0x     중간  1.70  2pt/0 [일봉]
061250  화일약품       8,590    0.0    +0.0%    0.0x     중간  2.13  2pt/0 [일봉]
217820  원익피앤이      3,055   53.3    +2.2%    0.1x     상단  4.55  5pt/0 [5분]
001510  SK증권       4,025    0.0    +0.0%    0.0x     중간  2.41  2pt/0 [일봉]
056080  유진로봇      25,200    0.0    +0.0%    0.0x     중간  0.60  0pt/0 [일봉]
084850  아이티엠반도체   15,180    0.0    +0.0%    0.0x     중간  0.17  0pt/0 [일봉]
⛔ 금양(001570) 호가 없음 (거래정지 의심)

══════════════════════════════════════════════════
⏰ 장 초반 변동성 (9:20 전) — 신규 매수 중단
→ 전종목 HOLD
✅ Discord 전송 완료

[09:18] HOLD | KODEX RSI71/+2.3%⬆️ | 보유:없음 | 최고신호 한국전력(015760) 5pt/4pt [RSI47★ / 호가3.9★ / 거래량증가]
💰 예수금 97,219원 | KODEX200 RSI71/+2.3% 상승추세⬆️  | 매수기준 점수4pt↑

코드      종목명           가격    RSI     변화율    거래량     BB   호가비  B/S
────────────────────────────────────────────────────────────────────────
[2단계 분석 대상: 042700, 217820, 078930, 006400, 055550]
403870  HPSP      65,200    0.0    +0.0%    0.0x     중간  1.02  0pt/0 [일봉]
⛔ 아우토크립트(137040) 호가 없음 (거래정지 의심)
035720  카카오       41,800    0.0    +0.0%    0.0x     중간  1.88  2pt/0 [일봉]
015760  한국전력      40,750    0.0    +0.0%    0.0x     중간  2.71  2pt/0 [일봉]
078930  GS        77,500   55.6    +0.9%    0.1x     상단  4.02  5pt/0 [5분]
061250  화일약품       8,570    0.0    +0.0%    0.0x     중간  1.51  2pt/0 [일봉]
217820  원익피앤이      3,070   53.3    +2.9%    0.1x     상단  4.59  4pt/0 [5분]
001510  SK증권       4,025    0.0    +0.0%    0.0x     중간  1.79  2pt/0 [일봉]
056080  유진로봇      25,150    0.0    +0.0%    0.0x     중간  0.58  0pt/0 [일봉]
084850  아이티엠반도체   15,160    0.0    +0.0%    0.0x     중간  0.28  0pt/0 [일봉]
⛔ 금양(001570) 호가 없음 (거래정지 의심)

══════════════════════════════════════════════════
→ 전종목 HOLD
✅ Discord 전송 완료

[09:20] HOLD | KODEX RSI71/+2.3%⬆️ | 보유:없음 | 최고신호 GS(078930) 5pt/4pt [RSI56★ / MA골 / 호가4.0★]
💰 예수금 97,219원 | KODEX200 RSI71/+2.4% 상승추세⬆️  | 매수기준 점수4pt↑

코드      종목명           가격    RSI     변화율    거래량     BB   호가비  B/S
────────────────────────────────────────────────────────────────────────
[2단계 분석 대상: 217820, 012330, 078930, 066970, 015760]
403870  HPSP      65,000    0.0    +0.0%    0.0x     중간  0.93  0pt/0 [일봉]
⛔ 아우토크립트(137040) 호가 없음 (거래정지 의심)
035720  카카오       41,900    0.0    +0.0%    0.0x     중간  1.46  1pt/0 [일봉]
015760  한국전력      40,850   41.2    +2.9%    0.2x     상단  3.37  4pt/0 [5분]
078930  GS        77,600   55.6    +0.8%    0.1x     상단  3.67  5pt/0 [5분]
061250  화일약품       8,550    0.0    +0.0%    0.0x     중간  1.38  1pt/0 [일봉]
217820  원익피앤이      3,070   53.3    +2.4%    0.1x     상단  4.56  4pt/0 [5분]
001510  SK증권       4,015    0.0    +0.0%    0.0x     중간  2.21  2pt/0 [일봉]
056080  유진로봇      25,300    0.0    +0.0%    0.0x     중간  0.66  0pt/0 [일봉]
084850  아이티엠반도체   15,250    0.0    +0.0%    0.0x     중간  0.20  0pt/0 [일봉]
⛔ 금양(001570) 호가 없음 (거래정지 의심)

══════════════════════════════════════════════════
→ 전종목 HOLD
✅ Discord 전송 완료

[09:22] HOLD | KODEX RSI71/+2.4%⬆️ | 보유:없음 | 최고신호 GS(078930) 5pt/4pt [RSI56★ / MA골 / 호가3.7★]
💰 예수금 97,219원 | KODEX200 RSI71/+2.6% 상승추세⬆️  | 매수기준 점수4pt↑

코드      종목명           가격    RSI     변화율    거래량     BB   호가비  B/S
────────────────────────────────────────────────────────────────────────
[2단계 분석 대상: 066970, 217820, 012330, 015760, 042700]
403870  HPSP      64,900    0.0    +0.0%    0.0x     중간  1.29  1pt/0 [일봉]
⛔ 아우토크립트(137040) 호가 없음 (거래정지 의심)
035720  카카오       41,850    0.0    +0.0%    0.0x     중간  1.66  2pt/0 [일봉]
015760  한국전력      40,900   37.5    +2.9%    0.2x     상단  2.88  3pt/0 [5분]
078930  GS        77,100    0.0    +0.0%    0.0x     중간  1.99  2pt/0 [일봉]
061250  화일약품       8,570    0.0    +0.0%    0.0x     중간  0.99  0pt/0 [일봉]
217820  원익피앤이      3,050   53.3    +2.0%    0.1x     상단  3.17  4pt/0 [5분]
001510  SK증권       4,015    0.0    +0.0%    0.0x     중간  1.74  2pt/0 [일봉]
056080  유진로봇      25,200    0.0    +0.0%    0.0x     중간  0.78  0pt/0 [일봉]
084850  아이티엠반도체   15,140    0.0    +0.0%    0.0x     중간  0.36  0pt/0 [일봉]
⛔ 금양(001570) 호가 없음 (거래정지 의심)

══════════════════════════════════════════════════
→ 전종목 HOLD
✅ Discord 전송 완료

[09:24] HOLD | KODEX RSI71/+2.6%⬆️ | 보유:없음 | 최고신호 원익피앤이(217820) 4pt/4pt [RSI53★ / 호가3.2★]
💰 예수금 97,219원 | KODEX200 RSI71/+2.9% 상승추세⬆️  | 매수기준 점수4pt↑

코드      종목명           가격    RSI     변화율    거래량     BB   호가비  B/S
────────────────────────────────────────────────────────────────────────
[2단계 분석 대상: 217820, 012330, 066970, 015760, 078930]
403870  HPSP      65,200    0.0    +0.0%    0.0x     중간  0.62  0pt/0 [일봉]
⛔ 아우토크립트(137040) 호가 없음 (거래정지 의심)
035720  카카오       41,950    0.0    +0.0%    0.0x     중간  1.22  1pt/0 [일봉]
015760  한국전력      40,800   37.5    +2.8%    0.2x     상단  3.50  3pt/0 [5분]
078930  GS        77,200   47.4    +0.3%    0.1x     상단  3.04  5pt/0 [5분]
061250  화일약품       8,560    0.0    +0.0%    0.0x     중간  1.67  2pt/0 [일봉]
217820  원익피앤이      3,050   50.0    +2.2%    0.1x     상단  5.00  4pt/0 [5분]
001510  SK증권       4,015    0.0    +0.0%    0.0x     중간  1.33  1pt/0 [일봉]
056080  유진로봇      25,350    0.0    +0.0%    0.0x     중간  0.49  0pt/0 [일봉]
084850  아이티엠반도체   15,110    0.0    +0.0%    0.0x     중간  0.43  0pt/0 [일봉]
⛔ 금양(001570) 호가 없음 (거래정지 의심)

══════════════════════════════════════════════════
→ 전종목 HOLD
✅ Discord 전송 완료

[09:26] HOLD | KODEX RSI71/+2.9%⬆️ | 보유:없음 | 최고신호 GS(078930) 5pt/4pt [RSI47★ / MA골 / 호가3.0★]
💰 예수금 97,219원 | KODEX200 RSI71/+3.1% 상승추세⬆️  | 매수기준 점수4pt↑

코드      종목명           가격    RSI     변화율    거래량     BB   호가비  B/S
────────────────────────────────────────────────────────────────────────
[2단계 분석 대상: 217820, 061250, 068270, 066970, 015760]
403870  HPSP      65,200    0.0    +0.0%    0.0x     중간  0.47  0pt/0 [일봉]
⛔ 아우토크립트(137040) 호가 없음 (거래정지 의심)
035720  카카오       42,000    0.0    +0.0%    0.0x     중간  1.63  2pt/0 [일봉]
015760  한국전력      40,950   37.5    +3.0%    0.2x     상단  2.70  3pt/0 [5분]
078930  GS        77,200    0.0    +0.0%    0.0x     중간  1.76  2pt/0 [일봉]
061250  화일약품       8,550   53.1    -0.9%    0.1x     중간  4.01  4pt/0 [5분]
217820  원익피앤이      3,055   50.0    +2.4%    0.1x     상단  6.02  4pt/0 [5분]
001510  SK증권       4,025    0.0    +0.0%    0.0x     중간  1.69  2pt/0 [일봉]
056080  유진로봇      25,350    0.0    +0.0%    0.0x     중간  0.45  0pt/0 [일봉]
084850  아이티엠반도체   15,120    0.0    +0.0%    0.0x     중간  1.22  1pt/0 [일봉]
⛔ 금양(001570) 호가 없음 (거래정지 의심)

══════════════════════════════════════════════════
→ 전종목 HOLD
✅ Discord 전송 완료

[09:28] HOLD | KODEX RSI71/+3.1%⬆️ | 보유:없음 | 최고신호 화일약품(061250) 4pt/4pt [RSI53★ / 호가4.0★]
💰 예수금 97,219원 | KODEX200 RSI71/+3.2% 상승추세⬆️  | 매수기준 점수4pt↑

코드      종목명           가격    RSI     변화율    거래량     BB   호가비  B/S
────────────────────────────────────────────────────────────────────────
[2단계 분석 대상: 217820, 078930, 068270, 015760, 006400]
403870  HPSP      65,800    0.0    +0.0%    0.0x     중간  0.38  0pt/0 [일봉]
⛔ 아우토크립트(137040) 호가 없음 (거래정지 의심)
035720  카카오       41,900    0.0    +0.0%    0.0x     중간  2.01  2pt/0 [일봉]
015760  한국전력      41,000   28.6    +3.3%    0.2x     상단  2.94  4pt/0 [5분]
078930  GS        77,300   44.4    +0.7%    0.1x     상단  3.10  4pt/0 [5분]
061250  화일약품       8,560    0.0    +0.0%    0.0x     중간  2.25  2pt/0 [일봉]
217820  원익피앤이      3,045   61.5    +2.0%    0.1x     상단  4.40  2pt/0 [5분]
001510  SK증권       4,005    0.0    +0.0%    0.0x     중간  1.61  2pt/0 [일봉]
056080  유진로봇      25,200    0.0    +0.0%    0.0x     중간  0.62  0pt/0 [일봉]
084850  아이티엠반도체   15,120    0.0    +0.0%    0.0x     중간  1.12  0pt/0 [일봉]
⛔ 금양(001570) 호가 없음 (거래정지 의심)

══════════════════════════════════════════════════
→ 전종목 HOLD
✅ Discord 전송 완료

[09:30] HOLD | KODEX RSI71/+3.2%⬆️ | 보유:없음 | 최고신호 한국전력(015760) 4pt/4pt [RSI29 / 호가2.9★ / 거래량증가]
💰 예수금 97,219원 | KODEX200 RSI71/+3.4% 상승추세⬆️  | 매수기준 점수4pt↑

코드      종목명           가격    RSI     변화율    거래량     BB   호가비  B/S
────────────────────────────────────────────────────────────────────────
[2단계 분석 대상: 403870, 217820, 068270, 058470, 015760]
403870  HPSP      64,000   41.9   +16.1%    1.5x     상단 15.04  4pt/0 [5분]
⛔ 아우토크립트(137040) 호가 없음 (거래정지 의심)
035720  카카오       41,850    0.0    +0.0%    0.0x     중간  2.16  2pt/0 [일봉]
015760  한국전력      41,000   28.6    +3.1%    0.2x     상단  2.83  4pt/0 [5분]
078930  GS        77,000    0.0    +0.0%    0.0x     중간  1.45  1pt/0 [일봉]
061250  화일약품       8,560    0.0    +0.0%    0.0x     중간  2.09  2pt/0 [일봉]
217820  원익피앤이      3,040   61.5    +1.7%    0.1x     상단  8.81  2pt/0 [5분]
001510  SK증권       4,000    0.0    +0.0%    0.0x     중간  1.19  0pt/0 [일봉]
056080  유진로봇      25,250    0.0    +0.0%    0.0x     중간  0.66  0pt/0 [일봉]
084850  아이티엠반도체   15,130    0.0    +0.0%    0.0x     중간  1.24  1pt/0 [일봉]
⛔ 금양(001570) 호가 없음 (거래정지 의심)

══════════════════════════════════════════════════
→ 전종목 HOLD
✅ Discord 전송 완료

[09:32] HOLD | KODEX RSI71/+3.4%⬆️ | 보유:없음 | 최고신호 HPSP(403870) 4pt/4pt [RSI42★ / 호가15.0★]
💰 예수금 97,219원 | KODEX200 RSI72/+3.7% 상승추세⬆️  | 매수기준 점수4pt↑

코드      종목명           가격    RSI     변화율    거래량     BB   호가비  B/S
────────────────────────────────────────────────────────────────────────
[2단계 분석 대상: 217820, 068270, 259960, 015760, 012330]
403870  HPSP      64,000    0.0    +0.0%    0.0x     중간  2.41  2pt/0 [일봉]
⛔ 아우토크립트(137040) 호가 없음 (거래정지 의심)
035720  카카오       41,900    0.0    +0.0%    0.0x     중간  1.80  2pt/0 [일봉]
015760  한국전력      40,950   20.0    +3.1%    0.2x     상단  2.54  3pt/0 [5분]
078930  GS        77,000    0.0    +0.0%    0.0x     중간  1.28  1pt/0 [일봉]
061250  화일약품       8,560    0.0    +0.0%    0.0x     중간  1.19  0pt/0 [일봉]
217820  원익피앤이      3,030   61.5    +1.3%    0.1x     상단  5.81  2pt/0 [5분]
001510  SK증권       3,990    0.0    +0.0%    0.0x     중간  1.27  1pt/0 [일봉]
056080  유진로봇      25,250    0.0    +0.0%    0.0x     중간  0.63  0pt/0 [일봉]
084850  아이티엠반도체   15,140    0.0    +0.0%    0.0x     중간  1.15  0pt/0 [일봉]
⛔ 금양(001570) 호가 없음 (거래정지 의심)

══════════════════════════════════════════════════
→ 전종목 HOLD
✅ Discord 전송 완료

[09:34] HOLD | KODEX RSI72/+3.7%⬆️ | 보유:없음 | 최고신호 한국전력(015760) 3pt/4pt [RSI20 / 호가2.5★]
💰 예수금 97,219원 | KODEX200 RSI72/+3.9% 상승추세⬆️  | 매수기준 점수4pt↑

코드      종목명           가격    RSI     변화율    거래량     BB   호가비  B/S
────────────────────────────────────────────────────────────────────────
[2단계 분석 대상: 217820, 066970, 058470, 207940, 015760]
403870  HPSP      63,800    0.0    +0.0%    0.0x     중간  2.59  2pt/0 [일봉]
⛔ 아우토크립트(137040) 호가 없음 (거래정지 의심)
035720  카카오       41,850    0.0    +0.0%    0.0x     중간  2.07  2pt/0 [일봉]
015760  한국전력      41,000   20.0    +3.1%    0.2x     상단  2.61  3pt/0 [5분]
078930  GS        77,100    0.0    +0.0%    0.0x     중간  1.39  1pt/0 [일봉]
061250  화일약품       8,560    0.0    +0.0%    0.0x     중간  1.35  1pt/0 [일봉]
217820  원익피앤이      3,030   22.6    +1.5%    0.1x     상단  5.76  3pt/0 [5분]
001510  SK증권       4,000    0.0    +0.0%    0.0x     중간  1.30  1pt/0 [일봉]
056080  유진로봇      25,300    0.0    +0.0%    0.0x     중간  0.61  0pt/0 [일봉]
084850  아이티엠반도체   15,180    0.0    +0.0%    0.0x     중간  1.24  1pt/0 [일봉]
⛔ 금양(001570) 호가 없음 (거래정지 의심)

══════════════════════════════════════════════════
→ 전종목 HOLD
✅ Discord 전송 완료

[09:36] HOLD | KODEX RSI72/+3.9%⬆️ | 보유:없음 | 최고신호 한국전력(015760) 3pt/4pt [RSI20 / 호가2.6★]
💰 예수금 97,219원 | KODEX200 RSI72/+3.9% 상승추세⬆️  | 매수기준 점수4pt↑

코드      종목명           가격    RSI     변화율    거래량     BB   호가비  B/S
────────────────────────────────────────────────────────────────────────
[2단계 분석 대상: 058470, 217820, 066970, 042700, 259960]
403870  HPSP      64,300    0.0    +0.0%    0.0x     중간  1.12  0pt/0 [일봉]
⛔ 아우토크립트(137040) 호가 없음 (거래정지 의심)
035720  카카오       41,750    0.0    +0.0%    0.0x     중간  1.40  1pt/0 [일봉]
015760  한국전력      41,000    0.0    +0.0%    0.0x     중간  1.93  2pt/0 [일봉]
078930  GS        77,200    0.0    +0.0%    0.0x     중간  1.01  0pt/0 [일봉]
061250  화일약품       8,640    0.0    +0.0%    0.0x     중간  0.86  0pt/0 [일봉]
217820  원익피앤이      3,025   22.6    +1.3%    0.1x     상단  3.81  3pt/0 [5분]
001510  SK증권       3,980    0.0    +0.0%    0.0x     중간  0.91  0pt/0 [일봉]
056080  유진로봇      25,250    0.0    +0.0%    0.0x     중간  0.59  0pt/0 [일봉]
084850  아이티엠반도체   15,150    0.0    +0.0%    0.0x     중간  1.23  1pt/0 [일봉]
⛔ 금양(001570) 호가 없음 (거래정지 의심)

══════════════════════════════════════════════════
→ 전종목 HOLD
✅ Discord 전송 완료

[09:38] HOLD | KODEX RSI72/+3.9%⬆️ | 보유:없음 | 최고신호 원익피앤이(217820) 3pt/4pt [RSI23 / 호가3.8★]
💰 예수금 97,219원 | KODEX200 RSI72/+3.8% 상승추세⬆️  | 매수기준 점수4pt↑

코드      종목명           가격    RSI     변화율    거래량     BB   호가비  B/S
────────────────────────────────────────────────────────────────────────
[2단계 분석 대상: 058470, 259960, 006400, 217820, 001510]
403870  HPSP      64,200    0.0    +0.0%    0.0x     중간  0.88  0pt/0 [일봉]
⛔ 아우토크립트(137040) 호가 없음 (거래정지 의심)
035720  카카오       41,750    0.0    +0.0%    0.0x     중간  1.94  2pt/0 [일봉]
015760  한국전력      40,850    0.0    +0.0%    0.0x     중간  1.42  1pt/0 [일봉]
078930  GS        76,700    0.0    +0.0%    0.0x     중간  1.16  0pt/0 [일봉]
061250  화일약품       8,720    0.0    +0.0%    0.0x     중간  0.94  0pt/0 [일봉]
217820  원익피앤이      3,020   20.0    +0.8%    0.1x     상단  2.32  3pt/0 [5분]
001510  SK증권       3,960   30.4    +2.7%    0.1x     중간  2.19  4pt/0 [5분]
056080  유진로봇      25,250    0.0    +0.0%    0.0x     중간  0.57  0pt/0 [일봉]
084850  아이티엠반도체   15,180    0.0    +0.0%    0.0x     중간  0.93  0pt/0 [일봉]
⛔ 금양(001570) 호가 없음 (거래정지 의심)

══════════════════════════════════════════════════
→ 전종목 HOLD
✅ Discord 전송 완료

[09:40] HOLD | KODEX RSI72/+3.8%⬆️ | 보유:없음 | 최고신호 SK증권(001510) 4pt/4pt [RSI30 / MA골 / 호가2.2★]
💰 예수금 97,219원 | KODEX200 RSI72/+3.9% 상승추세⬆️  | 매수기준 점수4pt↑

코드      종목명           가격    RSI     변화율    거래량     BB   호가비  B/S
────────────────────────────────────────────────────────────────────────
[2단계 분석 대상: 058470, 084850, 068270, 259960, 042700]
403870  HPSP      64,000    0.0    +0.0%    0.0x     중간  1.97  2pt/0 [일봉]
⛔ 아우토크립트(137040) 호가 없음 (거래정지 의심)
035720  카카오       41,850    0.0    +0.0%    0.0x     중간  2.27  2pt/0 [일봉]
015760  한국전력      40,600    0.0    +0.0%    0.0x     중간  0.77  0pt/0 [일봉]
078930  GS        77,100    0.0    +0.0%    0.0x     중간  0.87  0pt/0 [일봉]
061250  화일약품       8,710    0.0    +0.0%    0.0x     중간  0.97  0pt/0 [일봉]
217820  원익피앤이      3,010    0.0    +0.0%    0.0x     중간  1.95  2pt/0 [일봉]
001510  SK증권       3,960    0.0    +0.0%    0.0x     중간  1.20  1pt/0 [일봉]
056080  유진로봇      25,200    0.0    +0.0%    0.0x     중간  0.60  0pt/0 [일봉]
084850  아이티엠반도체   15,150   22.7    +3.2%    0.2x     상단  3.85  3pt/0 [5분]
⛔ 금양(001570) 호가 없음 (거래정지 의심)

══════════════════════════════════════════════════
→ 전종목 HOLD
✅ Discord 전송 완료

[09:42] HOLD | KODEX RSI72/+3.9%⬆️ | 보유:없음 | 최고신호 아이티엠반도체(084850) 3pt/4pt [RSI23 / 호가3.9★]
💰 예수금 97,219원 | KODEX200 RSI72/+3.9% 상승추세⬆️  | 매수기준 점수4pt↑

코드      종목명           가격    RSI     변화율    거래량     BB   호가비  B/S
────────────────────────────────────────────────────────────────────────
[2단계 분석 대상: 058470, 084850, 259960, 006400, 068270]
403870  HPSP      64,100    0.0    +0.0%    0.0x     중간  1.21  1pt/0 [일봉]
⛔ 아우토크립트(137040) 호가 없음 (거래정지 의심)
035720  카카오       41,800    0.0    +0.0%    0.0x     중간  2.41  2pt/0 [일봉]
015760  한국전력      40,750    0.0    +0.0%    0.0x     중간  1.37  1pt/0 [일봉]
078930  GS        76,900    0.0    +0.0%    0.0x     중간  1.03  0pt/0 [일봉]
061250  화일약품       8,710    0.0    +0.0%    0.0x     중간  0.90  0pt/0 [일봉]
217820  원익피앤이      3,000    0.0    +0.0%    0.0x     중간  1.55  2pt/0 [일봉]
001510  SK증권       3,965    0.0    +0.0%    0.0x     중간  2.19  2pt/0 [일봉]
056080  유진로봇      25,250    0.0    +0.0%    0.0x     중간  0.60  0pt/0 [일봉]
084850  아이티엠반도체   15,090   19.2    +2.8%    0.2x     상단  4.11  4pt/0 [5분]
⛔ 금양(001570) 호가 없음 (거래정지 의심)

══════════════════════════════════════════════════
→ 전종목 HOLD
✅ Discord 전송 완료

[09:44] HOLD | KODEX RSI72/+3.9%⬆️ | 보유:없음 | 최고신호 아이티엠반도체(084850) 4pt/4pt [RSI19 / 호가4.1★ / 거래량증가]
💰 예수금 97,219원 | KODEX200 RSI72/+3.8% 상승추세⬆️  | 매수기준 점수4pt↑

코드      종목명           가격    RSI     변화율    거래량     BB   호가비  B/S
────────────────────────────────────────────────────────────────────────
[2단계 분석 대상: 066970, 084850, 138040, 051910, 259960]
403870  HPSP      64,600    0.0    +0.0%    0.0x     중간  0.64  0pt/0 [일봉]
⛔ 아우토크립트(137040) 호가 없음 (거래정지 의심)
035720  카카오       41,800    0.0    +0.0%    0.0x     중간  2.01  2pt/0 [일봉]
015760  한국전력      40,750    0.0    +0.0%    0.0x     중간  1.57  2pt/0 [일봉]
078930  GS        76,700    0.0    +0.0%    0.0x     중간  1.18  0pt/0 [일봉]
061250  화일약품       8,750    0.0    +0.0%    0.0x     중간  0.09  0pt/0 [일봉]
217820  원익피앤이      2,990    0.0    +0.0%    0.0x     중간  1.13  0pt/0 [일봉]
001510  SK증권       3,965    0.0    +0.0%    0.0x     중간  1.45  1pt/0 [일봉]
056080  유진로봇      25,150    0.0    +0.0%    0.0x     중간  0.54  0pt/0 [일봉]
084850  아이티엠반도체   15,080   19.2    +2.9%    0.2x     상단  5.83  4pt/0 [5분]
⛔ 금양(001570) 호가 없음 (거래정지 의심)

══════════════════════════════════════════════════
→ 전종목 HOLD
✅ Discord 전송 완료

[09:46] HOLD | KODEX RSI72/+3.8%⬆️ | 보유:없음 | 최고신호 아이티엠반도체(084850) 4pt/4pt [RSI19 / 호가5.8★ / 거래량증가]
💰 예수금 97,219원 | KODEX200 RSI72/+3.6% 상승추세⬆️  | 매수기준 점수4pt↑

코드      종목명           가격    RSI     변화율    거래량     BB   호가비  B/S
────────────────────────────────────────────────────────────────────────
[2단계 분석 대상: 259960, 084850, 066970, 055550, 068270]
403870  HPSP      64,900    0.0    +0.0%    0.0x     중간  0.51  0pt/0 [일봉]
⛔ 아우토크립트(137040) 호가 없음 (거래정지 의심)
035720  카카오       41,750    0.0    +0.0%    0.0x     중간  1.93  2pt/0 [일봉]
015760  한국전력      41,000    0.0    +0.0%    0.0x     중간  1.20  1pt/0 [일봉]
078930  GS        76,800    0.0    +0.0%    0.0x     중간  0.70  0pt/0 [일봉]
061250  화일약품       8,750    0.0    +0.0%    0.0x     중간  0.12  0pt/0 [일봉]
217820  원익피앤이      2,985    0.0    +0.0%    0.0x     중간  0.64  0pt/0 [일봉]
001510  SK증권       3,970    0.0    +0.0%    0.0x     중간  1.41  1pt/0 [일봉]
056080  유진로봇      25,000    0.0    +0.0%    0.0x     중간  0.54  0pt/0 [일봉]
084850  아이티엠반도체   15,080   19.2    +2.9%    0.2x     상단  3.18  4pt/0 [5분]
⛔ 금양(001570) 호가 없음 (거래정지 의심)

══════════════════════════════════════════════════
→ 전종목 HOLD
✅ Discord 전송 완료

[09:48] HOLD | KODEX RSI72/+3.6%⬆️ | 보유:없음 | 최고신호 아이티엠반도체(084850) 4pt/4pt [RSI19 / 호가3.2★ / 거래량증가]
💰 예수금 97,219원 | KODEX200 RSI72/+3.7% 상승추세⬆️  | 매수기준 점수4pt↑

코드      종목명           가격    RSI     변화율    거래량     BB   호가비  B/S
────────────────────────────────────────────────────────────────────────
[2단계 분석 대상: 403870, 066970, 068270, 259960, 084850]
403870  HPSP      64,000   55.6   +17.6%    1.7x     상단  5.60  5pt/0 [5분]
⛔ 아우토크립트(137040) 호가 없음 (거래정지 의심)
035720  카카오       41,700    0.0    +0.0%    0.0x     중간  1.31  1pt/0 [일봉]
015760  한국전력      41,100    0.0    +0.0%    0.0x     중간  1.01  0pt/0 [일봉]
078930  GS        76,500    0.0    +0.0%    0.0x     중간  0.88  0pt/0 [일봉]
061250  화일약품       8,750    0.0    +0.0%    0.0x     중간  0.54  0pt/0 [일봉]
217820  원익피앤이      2,975    0.0    +0.0%    0.0x     중간  0.46  0pt/0 [일봉]
001510  SK증권       3,980    0.0    +0.0%    0.0x     중간  1.63  2pt/0 [일봉]
056080  유진로봇      25,000    0.0    +0.0%    0.0x     중간  0.58  0pt/0 [일봉]
084850  아이티엠반도체   15,090   17.2    +3.0%    0.2x     상단  2.74  3pt/0 [5분]
⛔ 금양(001570) 호가 없음 (거래정지 의심)

══════════════════════════════════════════════════
→ 전종목 HOLD
✅ Discord 전송 완료

[09:50] HOLD | KODEX RSI72/+3.7%⬆️ | 보유:없음 | 최고신호 HPSP(403870) 5pt/4pt [RSI56★ / 거래량1.7x / 호가5.6★]
💰 예수금 97,219원 | KODEX200 RSI72/+3.8% 상승추세⬆️  | 매수기준 점수4pt↑

코드      종목명           가격    RSI     변화율    거래량     BB   호가비  B/S
────────────────────────────────────────────────────────────────────────
[2단계 분석 대상: 403870, 068270, 058470, 066970, 084850]
403870  HPSP      63,800   55.6   +17.3%    1.7x     상단  6.68  5pt/0 [5분]
⛔ 아우토크립트(137040) 호가 없음 (거래정지 의심)
035720  카카오       41,500    0.0    +0.0%    0.0x     중간  1.40  1pt/0 [일봉]
015760  한국전력      40,850    0.0    +0.0%    0.0x     중간  2.16  2pt/0 [일봉]
078930  GS        76,300    0.0    +0.0%    0.0x     중간  1.24  1pt/0 [일봉]
061250  화일약품       8,770    0.0    +0.0%    0.0x     중간  0.46  0pt/0 [일봉]
217820  원익피앤이      2,975    0.0    +0.0%    0.0x     중간  1.74  2pt/0 [일봉]
001510  SK증권       3,980    0.0    +0.0%    0.0x     중간  1.29  1pt/0 [일봉]
056080  유진로봇      24,900    0.0    +0.0%    0.0x     중간  0.57  0pt/0 [일봉]
084850  아이티엠반도체   15,110   17.2    +3.2%    0.2x     상단  4.34  3pt/0 [5분]
⛔ 금양(001570) 호가 없음 (거래정지 의심)

══════════════════════════════════════════════════
→ 전종목 HOLD
✅ Discord 전송 완료

[09:52] HOLD | KODEX RSI72/+3.8%⬆️ | 보유:없음 | 최고신호 HPSP(403870) 5pt/4pt [RSI56★ / 거래량1.7x / 호가6.7★]
💰 예수금 97,219원 | KODEX200 RSI72/+3.7% 상승추세⬆️  | 매수기준 점수4pt↑

코드      종목명           가격    RSI     변화율    거래량     BB   호가비  B/S
────────────────────────────────────────────────────────────────────────
[2단계 분석 대상: 058470, 068270, 012450, 259960, 066970]
403870  HPSP      64,400    0.0    +0.0%    0.0x     중간  0.64  0pt/0 [일봉]
⛔ 아우토크립트(137040) 호가 없음 (거래정지 의심)
035720  카카오       41,450    0.0    +0.0%    0.0x     중간  2.69  2pt/0 [일봉]
015760  한국전력      40,750    0.0    +0.0%    0.0x     중간  3.19  2pt/0 [일봉]
078930  GS        76,300    0.0    +0.0%    0.0x     중간  1.22  1pt/0 [일봉]
061250  화일약품       8,790    0.0    +0.0%    0.0x     중간  0.47  0pt/0 [일봉]
217820  원익피앤이      2,970    0.0    +0.0%    0.0x     중간  2.06  2pt/0 [일봉]
001510  SK증권       3,990    0.0    +0.0%    0.0x     중간  0.87  0pt/0 [일봉]
056080  유진로봇      24,750    0.0    +0.0%    0.0x     중간  2.26  2pt/0 [일봉]
084850  아이티엠반도체   15,130    0.0    +0.0%    0.0x     중간  1.10  0pt/0 [일봉]
⛔ 금양(001570) 호가 없음 (거래정지 의심)

══════════════════════════════════════════════════
→ 전종목 HOLD
✅ Discord 전송 완료

[09:54] HOLD | KODEX RSI72/+3.7%⬆️ | 보유:없음 | 최고신호 카카오(035720) 2pt/4pt [호가2.7★]
💰 예수금 97,219원 | KODEX200 RSI72/+3.8% 상승추세⬆️  | 매수기준 점수4pt↑

코드      종목명           가격    RSI     변화율    거래량     BB   호가비  B/S
────────────────────────────────────────────────────────────────────────
[2단계 분석 대상: 066970, 259960, 068270, 015760, 051910]
403870  HPSP      64,300    0.0    +0.0%    0.0x     중간  0.76  0pt/0 [일봉]
⛔ 아우토크립트(137040) 호가 없음 (거래정지 의심)
035720  카카오       41,500    0.0    +0.0%    0.0x     중간  2.72  2pt/0 [일봉]
015760  한국전력      40,750   11.5    +2.6%    0.3x     상단  3.65  3pt/0 [5분]
078930  GS        76,200    0.0    +0.0%    0.0x     중간  1.13  0pt/0 [일봉]
061250  화일약품       8,830    0.0    +0.0%    0.0x     중간  0.36  0pt/0 [일봉]
217820  원익피앤이      2,965    0.0    +0.0%    0.0x     중간  2.32  2pt/0 [일봉]
001510  SK증권       3,985    0.0    +0.0%    0.0x     중간  1.20  1pt/0 [일봉]
056080  유진로봇      24,850    0.0    +0.0%    0.0x     중간  0.42  0pt/0 [일봉]
084850  아이티엠반도체   15,150    0.0    +0.0%    0.0x     중간  1.53  2pt/0 [일봉]
⛔ 금양(001570) 호가 없음 (거래정지 의심)

══════════════════════════════════════════════════
→ 전종목 HOLD
✅ Discord 전송 완료

[09:56] HOLD | KODEX RSI72/+3.8%⬆️ | 보유:없음 | 최고신호 한국전력(015760) 3pt/4pt [RSI12 / 호가3.6★]
💰 예수금 97,219원 | KODEX200 RSI72/+3.8% 상승추세⬆️  | 매수기준 점수4pt↑

코드      종목명           가격    RSI     변화율    거래량     BB   호가비  B/S
────────────────────────────────────────────────────────────────────────
[2단계 분석 대상: 066970, 051910, 259960, 006400, 068270]
403870  HPSP      64,200    0.0    +0.0%    0.0x     중간  0.94  0pt/0 [일봉]
⛔ 아우토크립트(137040) 호가 없음 (거래정지 의심)
035720  카카오       41,350    0.0    +0.0%    0.0x     중간  3.03  2pt/0 [일봉]
015760  한국전력      40,750    0.0    +0.0%    0.0x     중간  3.47  2pt/0 [일봉]
078930  GS        76,200    0.0    +0.0%    0.0x     중간  0.89  0pt/0 [일봉]
061250  화일약품       8,830    0.0    +0.0%    0.0x     중간  0.70  0pt/0 [일봉]
217820  원익피앤이      2,960    0.0    +0.0%    0.0x     중간  2.83  2pt/0 [일봉]
001510  SK증권       3,970    0.0    +0.0%    0.0x     중간  1.76  2pt/0 [일봉]
056080  유진로봇      24,750    0.0    +0.0%    0.0x     중간  2.27  2pt/0 [일봉]
084850  아이티엠반도체   15,150    0.0    +0.0%    0.0x     중간  1.01  0pt/0 [일봉]
⛔ 금양(001570) 호가 없음 (거래정지 의심)

══════════════════════════════════════════════════
→ 전종목 HOLD
✅ Discord 전송 완료

[09:58] HOLD | KODEX RSI72/+3.8%⬆️ | 보유:없음 | 최고신호 카카오(035720) 2pt/4pt [호가3.0★]
💰 예수금 97,219원 | KODEX200 RSI72/+3.8% 상승추세⬆️  | 매수기준 점수4pt↑

코드      종목명           가격    RSI     변화율    거래량     BB   호가비  B/S
────────────────────────────────────────────────────────────────────────
[2단계 분석 대상: 066970, 051910, 015760, 259960, 034020]
403870  HPSP      64,300    0.0    +0.0%    0.0x     중간  0.78  0pt/0 [일봉]
⛔ 아우토크립트(137040) 호가 없음 (거래정지 의심)
035720  카카오       41,400    0.0    +0.0%    0.0x     중간  2.14  2pt/0 [일봉]
015760  한국전력      40,700   25.8    +2.5%    0.3x     상단  4.83  3pt/0 [5분]
078930  GS        76,500    0.0    +0.0%    0.0x     중간  0.58  0pt/0 [일봉]
061250  화일약품       8,810    0.0    +0.0%    0.0x     중간  0.67  0pt/0 [일봉]
217820  원익피앤이      2,950    0.0    +0.0%    0.0x     중간  3.23  2pt/0 [일봉]
001510  SK증권       3,965    0.0    +0.0%    0.0x     중간  1.95  2pt/0 [일봉]
056080  유진로봇      24,750    0.0    +0.0%    0.0x     중간  2.59  2pt/0 [일봉]
084850  아이티엠반도체   15,140    0.0    +0.0%    0.0x     중간  0.74  0pt/0 [일봉]
⛔ 금양(001570) 호가 없음 (거래정지 의심)

══════════════════════════════════════════════════
→ 전종목 HOLD
✅ Discord 전송 완료

[10:00] HOLD | KODEX RSI72/+3.8%⬆️ | 보유:없음 | 최고신호 한국전력(015760) 3pt/4pt [RSI26 / 호가4.8★]
💰 예수금 97,219원 | KODEX200 RSI72/+3.7% 상승추세⬆️  | 매수기준 점수4pt↑

코드      종목명           가격    RSI     변화율    거래량     BB   호가비  B/S
────────────────────────────────────────────────────────────────────────
[2단계 분석 대상: 066970, 034020, 259960, 403870, 051910]
403870  HPSP      64,000   44.0   +16.8%    1.8x     상단  3.66  6pt/0 [5분]
⛔ 아우토크립트(137040) 호가 없음 (거래정지 의심)
035720  카카오       41,450    0.0    +0.0%    0.0x     중간  2.30  2pt/0 [일봉]
015760  한국전력      40,800    0.0    +0.0%    0.0x     중간  2.89  2pt/0 [일봉]
078930  GS        76,500    0.0    +0.0%    0.0x     중간  1.09  0pt/0 [일봉]
061250  화일약품       8,810    0.0    +0.0%    0.0x     중간  0.72  0pt/0 [일봉]
217820  원익피앤이      2,960    0.0    +0.0%    0.0x     중간  2.79  2pt/0 [일봉]
001510  SK증권       3,970    0.0    +0.0%    0.0x     중간  1.98  2pt/0 [일봉]
056080  유진로봇      24,750    0.0    +0.0%    0.0x     중간  2.21  2pt/0 [일봉]
084850  아이티엠반도체   15,140    0.0    +0.0%    0.0x     중간  0.78  0pt/0 [일봉]
⛔ 금양(001570) 호가 없음 (거래정지 의심)

══════════════════════════════════════════════════
→ 전종목 HOLD
✅ Discord 전송 완료

[10:02] HOLD | KODEX RSI72/+3.7%⬆️ | 보유:없음 | 최고신호 HPSP(403870) 6pt/4pt [RSI44★ / 거래량1.8x / 호가3.7★ / 거래량증가]
💰 예수금 97,219원 | KODEX200 RSI72/+3.5% 상승추세⬆️  | 매수기준 점수4pt↑

코드      종목명           가격    RSI     변화율    거래량     BB   호가비  B/S
────────────────────────────────────────────────────────────────────────
[2단계 분석 대상: 055550, 051910, 207940, 012450, 259960]
403870  HPSP      63,900    0.0    +0.0%    0.0x     중간  2.74  2pt/0 [일봉]
⛔ 아우토크립트(137040) 호가 없음 (거래정지 의심)
035720  카카오       41,450    0.0    +0.0%    0.0x     중간  2.08  2pt/0 [일봉]
015760  한국전력      40,900    0.0    +0.0%    0.0x     중간  2.13  2pt/0 [일봉]
078930  GS        76,300    0.0    +0.0%    0.0x     중간  1.21  1pt/0 [일봉]
061250  화일약품       8,810    0.0    +0.0%    0.0x     중간  0.69  0pt/0 [일봉]
217820  원익피앤이      2,965    0.0    +0.0%    0.0x     중간  1.69  2pt/0 [일봉]
001510  SK증권       3,960    0.0    +0.0%    0.0x     중간  2.38  2pt/0 [일봉]
056080  유진로봇      24,650    0.0    +0.0%    0.0x     중간  2.04  2pt/0 [일봉]
084850  아이티엠반도체   15,110    0.0    +0.0%    0.0x     중간  1.02  0pt/0 [일봉]
⛔ 금양(001570) 호가 없음 (거래정지 의심)

══════════════════════════════════════════════════
→ 전종목 HOLD
✅ Discord 전송 완료

[10:04] HOLD | KODEX RSI72/+3.5%⬆️ | 보유:없음 | 최고신호 HPSP(403870) 2pt/4pt [호가2.7★]
💰 예수금 97,219원 | KODEX200 RSI72/+3.6% 상승추세⬆️  | 매수기준 점수4pt↑

코드      종목명           가격    RSI     변화율    거래량     BB   호가비  B/S
────────────────────────────────────────────────────────────────────────
[2단계 분석 대상: 055550, 259960, 051910, 068270, 006400]
403870  HPSP      64,000    0.0    +0.0%    0.0x     중간  1.76  2pt/0 [일봉]
⛔ 아우토크립트(137040) 호가 없음 (거래정지 의심)
055550  신한지주      97,100   27.3    -1.1%    0.2x     중간  5.04  3pt/0 [5분]
035720  카카오       41,450    0.0    +0.0%    0.0x     중간  2.32  2pt/0 [일봉]
015760  한국전력      40,900    0.0    +0.0%    0.0x     중간  2.14  2pt/0 [일봉]
078930  GS        76,400    0.0    +0.0%    0.0x     중간  1.69  2pt/0 [일봉]
061250  화일약품       8,810    0.0    +0.0%    0.0x     중간  0.68  0pt/0 [일봉]
217820  원익피앤이      2,970    0.0    +0.0%    0.0x     중간  1.97  2pt/0 [일봉]
001510  SK증권       3,965    0.0    +0.0%    0.0x     중간  1.10  0pt/0 [일봉]
056080  유진로봇      24,600    0.0    +0.0%    0.0x     중간  1.92  2pt/0 [일봉]
084850  아이티엠반도체   15,190    0.0    +0.0%    0.0x     중간  1.32  1pt/0 [일봉]
⛔ 금양(001570) 호가 없음 (거래정지 의심)

══════════════════════════════════════════════════
→ 전종목 HOLD
✅ Discord 전송 완료

[10:06] HOLD | KODEX RSI72/+3.6%⬆️ | 보유:없음 | 최고신호 신한지주(055550) 3pt/4pt [RSI27 / 호가5.0★]
💰 예수금 97,219원 | KODEX200 RSI71/+3.4% 상승추세⬆️  | 매수기준 점수4pt↑

코드      종목명           가격    RSI     변화율    거래량     BB   호가비  B/S
────────────────────────────────────────────────────────────────────────
[2단계 분석 대상: 055550, 015760, 001510, 006400, 068270]
403870  HPSP      63,900    0.0    +0.0%    0.0x     중간  2.12  2pt/0 [일봉]
⛔ 아우토크립트(137040) 호가 없음 (거래정지 의심)
055550  신한지주      96,700   27.3    -1.6%    0.2x     중간  8.89  3pt/0 [5분]
035720  카카오       41,400    0.0    +0.0%    0.0x     중간  2.48  2pt/0 [일봉]
015760  한국전력      40,650   33.3    +2.4%    0.3x     상단  6.05  3pt/0 [5분]
078930  GS        76,100    0.0    +0.0%    0.0x     중간  1.36  1pt/0 [일봉]
061250  화일약품       8,730    0.0    +0.0%    0.0x     중간  2.83  2pt/0 [일봉]
217820  원익피앤이      2,960    0.0    +0.0%    0.0x     중간  0.98  0pt/0 [일봉]
001510  SK증권       3,930   50.9    +1.8%    0.2x     중간  3.51  4pt/0 [5분]
056080  유진로봇      24,500    0.0    +0.0%    0.0x     중간  2.16  2pt/0 [일봉]
084850  아이티엠반도체   15,240    0.0    +0.0%    0.0x     중간  0.09  0pt/0 [일봉]
⛔ 금양(001570) 호가 없음 (거래정지 의심)

══════════════════════════════════════════════════
→ 전종목 HOLD
✅ Discord 전송 완료

[10:08] HOLD | KODEX RSI71/+3.4%⬆️ | 보유:없음 | 최고신호 SK증권(001510) 4pt/4pt [RSI51★ / 호가3.5★]
💰 예수금 97,219원 | KODEX200 RSI71/+3.0% 상승추세⬆️  | 매수기준 점수4pt↑

코드      종목명           가격    RSI     변화율    거래량     BB   호가비  B/S
────────────────────────────────────────────────────────────────────────
[2단계 분석 대상: 066970, 001510, 055550, 015760, 006400]
403870  HPSP      62,700    0.0    +0.0%    0.0x     중간  2.97  2pt/0 [일봉]
⛔ 아우토크립트(137040) 호가 없음 (거래정지 의심)
055550  신한지주      96,600   24.4    -1.7%    0.2x     중간  7.09  3pt/0 [5분]
035720  카카오       41,400    0.0    +0.0%    0.0x     중간  2.51  2pt/0 [일봉]
015760  한국전력      40,600   31.4    +2.4%    0.3x     상단  6.46  3pt/0 [5분]
078930  GS        76,100    0.0    +0.0%    0.0x     중간  1.60  2pt/0 [일봉]
061250  화일약품       8,800    0.0    +0.0%    0.0x     중간  1.17  0pt/0 [일봉]
217820  원익피앤이      2,945    0.0    +0.0%    0.0x     중간  1.04  0pt/0 [일봉]
001510  SK증권       3,910   52.8    +1.6%    0.2x     중간  7.83  4pt/0 [5분]
056080  유진로봇      24,500    0.0    +0.0%    0.0x     중간  2.72  2pt/0 [일봉]
084850  아이티엠반도체   15,150    0.0    +0.0%    0.0x     중간  2.02  2pt/0 [일봉]
⛔ 금양(001570) 호가 없음 (거래정지 의심)

══════════════════════════════════════════════════
→ 전종목 HOLD
✅ Discord 전송 완료

[10:10] HOLD | KODEX RSI71/+3.0%⬆️ | 보유:없음 | 최고신호 SK증권(001510) 4pt/4pt [RSI53★ / 호가7.8★]
💰 예수금 97,219원 | KODEX200 RSI71/+3.0% 상승추세⬆️  | 매수기준 점수4pt↑

코드      종목명           가격    RSI     변화율    거래량     BB   호가비  B/S
────────────────────────────────────────────────────────────────────────
[2단계 분석 대상: 055550, 001510, 015760, 068270, 084850]
403870  HPSP      63,000    0.0    +0.0%    0.0x     중간  1.76  2pt/0 [일봉]
⛔ 아우토크립트(137040) 호가 없음 (거래정지 의심)
055550  신한지주      96,600   24.4    -1.6%    0.2x     중간  7.60  3pt/0 [5분]
035720  카카오       41,350    0.0    +0.0%    0.0x     중간  4.11  2pt/0 [일봉]
015760  한국전력      40,700   31.4    +2.5%    0.3x     상단  5.42  3pt/0 [5분]
078930  GS        76,100    0.0    +0.0%    0.0x     중간  1.49  1pt/0 [일봉]
061250  화일약품       8,820    0.0    +0.0%    0.0x     중간  1.05  0pt/0 [일봉]
217820  원익피앤이      2,950    0.0    +0.0%    0.0x     중간  1.18  0pt/0 [일봉]
001510  SK증권       3,915   52.8    +1.7%    0.2x     중간  5.77  4pt/0 [5분]
056080  유진로봇      24,600    0.0    +0.0%    0.0x     중간  2.32  2pt/0 [일봉]
084850  아이티엠반도체   15,150   40.0    +2.9%    0.2x     상단  4.64  5pt/0 [5분]
⛔ 금양(001570) 호가 없음 (거래정지 의심)

══════════════════════════════════════════════════
→ 전종목 HOLD
✅ Discord 전송 완료

[10:12] HOLD | KODEX RSI71/+3.0%⬆️ | 보유:없음 | 최고신호 아이티엠반도체(084850) 5pt/4pt [RSI40★ / 호가4.6★ / 거래량증가]
💰 예수금 97,219원 | KODEX200 RSI71/+3.2% 상승추세⬆️  | 매수기준 점수4pt↑

코드      종목명           가격    RSI     변화율    거래량     BB   호가비  B/S
────────────────────────────────────────────────────────────────────────
[2단계 분석 대상: 055550, 259960, 207940, 001510, 086790]
403870  HPSP      63,500    0.0    +0.0%    0.0x     중간  0.66  0pt/0 [일봉]
⛔ 아우토크립트(137040) 호가 없음 (거래정지 의심)
055550  신한지주      96,700   16.7    -1.5%    0.2x     중간 22.96  3pt/0 [5분]
035720  카카오       41,400    0.0    +0.0%    0.0x     중간  2.23  2pt/0 [일봉]
015760  한국전력      40,850    0.0    +0.0%    0.0x     중간  2.22  2pt/0 [일봉]
078930  GS        76,400    0.0    +0.0%    0.0x     중간  1.54  2pt/0 [일봉]
061250  화일약품       8,810    0.0    +0.0%    0.0x     중간  0.15  0pt/0 [일봉]
217820  원익피앤이      2,970    0.0    +0.0%    0.0x     중간  1.75  2pt/0 [일봉]
001510  SK증권       3,930   46.5    +1.8%    0.2x     중간  2.59  4pt/0 [5분]
056080  유진로봇      24,650    0.0    +0.0%    0.0x     중간  1.98  2pt/0 [일봉]
084850  아이티엠반도체   15,140    0.0    +0.0%    0.0x     중간  1.94  2pt/0 [일봉]
⛔ 금양(001570) 호가 없음 (거래정지 의심)

══════════════════════════════════════════════════
→ 전종목 HOLD
✅ Discord 전송 완료

[10:14] HOLD | KODEX RSI71/+3.2%⬆️ | 보유:없음 | 최고신호 SK증권(001510) 4pt/4pt [RSI46★ / 호가2.6★]
💰 예수금 97,219원 | KODEX200 RSI72/+3.5% 상승추세⬆️  | 매수기준 점수4pt↑

코드      종목명           가격    RSI     변화율    거래량     BB   호가비  B/S
────────────────────────────────────────────────────────────────────────
[2단계 분석 대상: 055550, 259960, 207940, 084850, 068270]
403870  HPSP      63,300    0.0    +0.0%    0.0x     중간  0.82  0pt/0 [일봉]
⛔ 아우토크립트(137040) 호가 없음 (거래정지 의심)
055550  신한지주      96,700   16.7    -1.6%    0.2x     중간 14.42  3pt/0 [5분]
035720  카카오       41,400    0.0    +0.0%    0.0x     중간  2.27  2pt/0 [일봉]
015760  한국전력      40,850    0.0    +0.0%    0.0x     중간  2.04  2pt/0 [일봉]
078930  GS        76,700    0.0    +0.0%    0.0x     중간  1.18  0pt/0 [일봉]
061250  화일약품       8,810    0.0    +0.0%    0.0x     중간  1.04  0pt/0 [일봉]
217820  원익피앤이      2,980    0.0    +0.0%    0.0x     중간  1.78  2pt/0 [일봉]
001510  SK증권       3,930    0.0    +0.0%    0.0x     중간  2.46  2pt/0 [일봉]
056080  유진로봇      24,550    0.0    +0.0%    0.0x     중간  2.89  2pt/0 [일봉]
084850  아이티엠반도체   15,120   36.8    +3.2%    0.3x     상단  3.10  3pt/0 [5분]
⛔ 금양(001570) 호가 없음 (거래정지 의심)

══════════════════════════════════════════════════
→ 전종목 HOLD
✅ Discord 전송 완료

[10:16] HOLD | KODEX RSI72/+3.5%⬆️ | 보유:없음 | 최고신호 신한지주(055550) 3pt/4pt [RSI17 / 호가14.4★]
💰 예수금 97,219원 | KODEX200 RSI72/+3.6% 상승추세⬆️  | 매수기준 점수4pt↑

코드      종목명           가격    RSI     변화율    거래량     BB   호가비  B/S
────────────────────────────────────────────────────────────────────────
[2단계 분석 대상: 055550, 259960, 207940, 084850, 068270]
403870  HPSP      63,600    0.0    +0.0%    0.0x     중간  0.47  0pt/0 [일봉]
⛔ 아우토크립트(137040) 호가 없음 (거래정지 의심)
055550  신한지주      96,800   16.7    -1.4%    0.2x     중간 14.77  3pt/0 [5분]
035720  카카오       41,450    0.0    +0.0%    0.0x     중간  2.42  2pt/0 [일봉]
015760  한국전력      40,950    0.0    +0.0%    0.0x     중간  1.23  1pt/0 [일봉]
078930  GS        76,500    0.0    +0.0%    0.0x     중간  1.22  1pt/0 [일봉]
061250  화일약품       8,810    0.0    +0.0%    0.0x     중간  0.95  0pt/0 [일봉]
217820  원익피앤이      2,985    0.0    +0.0%    0.0x     중간  1.24  1pt/0 [일봉]
001510  SK증권       3,925    0.0    +0.0%    0.0x     중간  1.64  2pt/0 [일봉]
056080  유진로봇      24,550    0.0    +0.0%    0.0x     중간  2.56  2pt/0 [일봉]
084850  아이티엠반도체   15,140   36.8    +3.3%    0.3x     상단  3.71  3pt/0 [5분]
⛔ 금양(001570) 호가 없음 (거래정지 의심)

══════════════════════════════════════════════════
→ 전종목 HOLD
✅ Discord 전송 완료

[10:18] HOLD | KODEX RSI72/+3.6%⬆️ | 보유:없음 | 최고신호 신한지주(055550) 3pt/4pt [RSI17 / 호가14.8★]
💰 예수금 97,219원 | KODEX200 RSI72/+3.7% 상승추세⬆️  | 매수기준 점수4pt↑

코드      종목명           가격    RSI     변화율    거래량     BB   호가비  B/S
────────────────────────────────────────────────────────────────────────
[2단계 분석 대상: 055550, 259960, 207940, 001510, 084850]
403870  HPSP      63,300    0.0    +0.0%    0.0x     중간  0.91  0pt/0 [일봉]
⛔ 아우토크립트(137040) 호가 없음 (거래정지 의심)
055550  신한지주      96,900   17.0    -1.6%    0.2x     중간  7.48  3pt/0 [5분]
035720  카카오       41,450    0.0    +0.0%    0.0x     중간  2.37  2pt/0 [일봉]
015760  한국전력      40,950    0.0    +0.0%    0.0x     중간  1.05  0pt/0 [일봉]
078930  GS        76,600    0.0    +0.0%    0.0x     중간  1.08  0pt/0 [일봉]
061250  화일약품       8,810    0.0    +0.0%    0.0x     중간  0.97  0pt/0 [일봉]
217820  원익피앤이      2,975    0.0    +0.0%    0.0x     중간  1.64  2pt/0 [일봉]
001510  SK증권       3,920   50.8    +1.7%    0.2x     중간  3.91  4pt/0 [5분]
056080  유진로봇      24,450    0.0    +0.0%    0.0x     중간  2.64  2pt/0 [일봉]
084850  아이티엠반도체   15,140   32.6    +3.3%    0.3x     상단  3.33  3pt/0 [5분]
⛔ 금양(001570) 호가 없음 (거래정지 의심)

══════════════════════════════════════════════════
→ 전종목 HOLD
✅ Discord 전송 완료

[10:20] HOLD | KODEX RSI72/+3.7%⬆️ | 보유:없음 | 최고신호 SK증권(001510) 4pt/4pt [RSI51★ / 호가3.9★]
💰 예수금 97,219원 | KODEX200 RSI72/+3.6% 상승추세⬆️  | 매수기준 점수4pt↑

코드      종목명           가격    RSI     변화율    거래량     BB   호가비  B/S
────────────────────────────────────────────────────────────────────────
[2단계 분석 대상: 055550, 259960, 001510, 056080, 207940]
403870  HPSP      63,500    0.0    +0.0%    0.0x     중간  0.54  0pt/0 [일봉]
⛔ 아우토크립트(137040) 호가 없음 (거래정지 의심)
055550  신한지주      96,700   17.0    -1.5%    0.2x     중간 10.51  3pt/0 [5분]
035720  카카오       41,450    0.0    +0.0%    0.0x     중간  2.35  2pt/0 [일봉]
015760  한국전력      40,900    0.0    +0.0%    0.0x     중간  1.17  0pt/0 [일봉]
078930  GS        76,500    0.0    +0.0%    0.0x     중간  1.34  1pt/0 [일봉]
061250  화일약품       8,840    0.0    +0.0%    0.0x     중간  0.52  0pt/0 [일봉]
217820  원익피앤이      2,970    0.0    +0.0%    0.0x     중간  2.33  2pt/0 [일봉]
001510  SK증권       3,915   50.8    +1.7%    0.2x     중간  4.29  4pt/0 [5분]
056080  유진로봇      24,450   40.7    +0.4%    0.2x     중간  3.28  4pt/0 [5분]
084850  아이티엠반도체   15,140    0.0    +0.0%    0.0x     중간  1.24  1pt/0 [일봉]
⛔ 금양(001570) 호가 없음 (거래정지 의심)

══════════════════════════════════════════════════
→ 전종목 HOLD
✅ Discord 전송 완료

[10:22] HOLD | KODEX RSI72/+3.6%⬆️ | 보유:없음 | 최고신호 SK증권(001510) 4pt/4pt [RSI51★ / 호가4.3★]
💰 예수금 97,219원 | KODEX200 RSI72/+3.6% 상승추세⬆️  | 매수기준 점수4pt↑

코드      종목명           가격    RSI     변화율    거래량     BB   호가비  B/S
────────────────────────────────────────────────────────────────────────
[2단계 분석 대상: 055550, 259960, 001510, 217820, 084850]
403870  HPSP      63,100    0.0    +0.0%    0.0x     중간  1.39  1pt/0 [일봉]
⛔ 아우토크립트(137040) 호가 없음 (거래정지 의심)
055550  신한지주      96,700   15.7    -1.5%    0.2x     중간  8.21  3pt/0 [5분]
035720  카카오       41,450    0.0    +0.0%    0.0x     중간  2.25  2pt/0 [일봉]
015760  한국전력      40,950    0.0    +0.0%    0.0x     중간  0.98  0pt/0 [일봉]
078930  GS        76,500    0.0    +0.0%    0.0x     중간  1.27  1pt/0 [일봉]
061250  화일약품       8,820    0.0    +0.0%    0.0x     중간  1.00  0pt/0 [일봉]
217820  원익피앤이      2,965   20.5    -0.7%    0.3x     중간  3.04  3pt/0 [5분]
001510  SK증권       3,920   52.4    +1.8%    0.2x     중간  5.05  5pt/0 [5분]
056080  유진로봇      24,350    0.0    +0.0%    0.0x     중간  1.18  0pt/0 [일봉]
084850  아이티엠반도체   15,140   27.3    +3.3%    0.3x     상단  2.67  3pt/0 [5분]
⛔ 금양(001570) 호가 없음 (거래정지 의심)

══════════════════════════════════════════════════
🟢 BUY SK증권(001510) 5pt [RSI52★/MA골/호가5.0★] 목표+3% 신뢰도0.78 ratio0.28
💰 예수금: 97,219원
📊 SK증권(001510) 매도1호가: 3,925원 | 매수1호가: 3,920원
📌 BUY 리스크(4주) vs 신호(6주) → 4주 | 3,920원 = 15,680원
✅ 접수 | 매수 주문 접수: SK증권 4주 (주문번호: 0394548)
✅ Discord 전송 완료

[10:24] 🟢BUY | KODEX RSI72/+3.6%⬆️ | 예수금 97,219원

🟢 SK증권(001510)  5pt 목표+3%  RSI52 +1.8% 0.2x  [RSI52★·MA골·호가5.0★]

🔶 신한지주  3pt/4pt  RSI16 -1.5%  [RSI16·호가8.2★]
🔶 원익피앤이  3pt/4pt  RSI20 -0.7%  [RSI20·호가3.0★]
🔶 아이티엠반  3pt/4pt  RSI27 +3.3%  [RSI27·호가2.7★]
🔹 카카오  2pt/4pt  RSI0 +0.0%  [호가2.2★]
🔹 HPSP  1pt/4pt  RSI0 +0.0%  [호가1.4]
🔹 GS  1pt/4pt  RSI0 +0.0%  [호가1.3]
💰 예수금 81,509원 | KODEX200 RSI72/+3.7% 상승추세⬆️  | 매수기준 점수4pt↑
📦 보유 SK증권(001510) 4주 -0.2%

코드      종목명           가격    RSI     변화율    거래량     BB   호가비  B/S
────────────────────────────────────────────────────────────────────────
[2단계 분석 대상: 001510, 055550, 259960, 084850, 403870, 035720]
403870  HPSP      62,800   52.0   +15.0%    1.9x     상단  3.30  6pt/0 [5분]
⛔ 아우토크립트(137040) 호가 없음 (거래정지 의심)
035720  카카오       41,400   21.9    -1.2%    0.3x     중간  2.27  3pt/0 [5분]
015760  한국전력      41,000    0.0    +0.0%    0.0x     중간  0.55  0pt/0 [일봉]
078930  GS        76,700    0.0    +0.0%    0.0x     중간  0.84  0pt/0 [일봉]
061250  화일약품       8,820    0.0    +0.0%    0.0x     중간  1.00  0pt/0 [일봉]
217820  원익피앤이      2,960    0.0    +0.0%    0.0x     중간  1.84  2pt/0 [일봉]
001510  SK증권       3,920   52.4    +1.7%    0.2x     중간  3.22  5pt/0 [5분]
056080  유진로봇      24,300    0.0    +0.0%    0.0x     중간  1.26  1pt/0 [일봉]
084850  아이티엠반도체   15,140   27.3    +3.3%    0.3x     상단  4.31  3pt/0 [5분]
⛔ 금양(001570) 호가 없음 (거래정지 의심)

══════════════════════════════════════════════════
→ 전종목 HOLD
✅ Discord 전송 완료

[10:26] HOLD | KODEX RSI72/+3.7%⬆️ | 보유:SK증권(001510) -0.2% | 최고신호 HPSP(403870) 6pt/4pt [RSI52★ / 거래량1.9x / MA골 / 호가3.3★]
💰 예수금 81,509원 | KODEX200 RSI72/+3.7% 상승추세⬆️  | 매수기준 점수4pt↑
📦 보유 SK증권(001510) 4주 -0.3%

코드      종목명           가격    RSI     변화율    거래량     BB   호가비  B/S
────────────────────────────────────────────────────────────────────────
[2단계 분석 대상: 001510, 055550, 259960, 068270, 012330, 084850]
403870  HPSP      63,100    0.0    +0.0%    0.0x     중간  1.11  0pt/0 [일봉]
⛔ 아우토크립트(137040) 호가 없음 (거래정지 의심)
035720  카카오       41,400    0.0    +0.0%    0.0x     중간  2.15  2pt/0 [일봉]
015760  한국전력      41,050    0.0    +0.0%    0.0x     중간  0.35  0pt/0 [일봉]
078930  GS        76,600    0.0    +0.0%    0.0x     중간  1.06  0pt/0 [일봉]
061250  화일약품       8,840    0.0    +0.0%    0.0x     중간  0.82  0pt/0 [일봉]
217820  원익피앤이      2,955    0.0    +0.0%    0.0x     중간  1.69  2pt/0 [일봉]
001510  SK증권       3,910   52.4    +1.6%    0.2x     중간  2.49  5pt/0 [5분]
056080  유진로봇      24,300    0.0    +0.0%    0.0x     중간  1.29  1pt/0 [일봉]
084850  아이티엠반도체   15,130   27.3    +3.3%    0.3x     상단  2.42  3pt/0 [5분]
⛔ 금양(001570) 호가 없음 (거래정지 의심)

══════════════════════════════════════════════════
→ 전종목 HOLD
✅ Discord 전송 완료

[10:28] HOLD | KODEX RSI72/+3.7%⬆️ | 보유:SK증권(001510) -0.3% | 최고신호 SK증권(001510) 5pt/4pt [RSI52★ / MA골 / 호가2.5★]
💰 예수금 81,509원 | KODEX200 RSI72/+3.6% 상승추세⬆️  | 매수기준 점수4pt↑
📦 보유 SK증권(001510) 4주 -0.5%

코드      종목명           가격    RSI     변화율    거래량     BB   호가비  B/S
────────────────────────────────────────────────────────────────────────
[2단계 분석 대상: 001510, 055550, 259960, 068270, 012330, 034020]
403870  HPSP      63,000    0.0    +0.0%    0.0x     중간  1.66  2pt/0 [일봉]
⛔ 아우토크립트(137040) 호가 없음 (거래정지 의심)
035720  카카오       41,400    0.0    +0.0%    0.0x     중간  2.13  2pt/0 [일봉]
015760  한국전력      41,050    0.0    +0.0%    0.0x     중간  0.46  0pt/0 [일봉]
078930  GS        76,700    0.0    +0.0%    0.0x     중간  0.85  0pt/0 [일봉]
061250  화일약품       8,840    0.0    +0.0%    0.0x     중간  0.61  0pt/0 [일봉]
217820  원익피앤이      2,955    0.0    +0.0%    0.0x     중간  1.70  2pt/0 [일봉]
001510  SK증권       3,915   54.8    +1.6%    0.2x     중간  2.12  6pt/0 [5분]
056080  유진로봇      24,250    0.0    +0.0%    0.0x     중간  1.27  1pt/0 [일봉]
084850  아이티엠반도체   15,130    0.0    +0.0%    0.0x     중간  1.79  2pt/0 [일봉]
⛔ 금양(001570) 호가 없음 (거래정지 의심)

══════════════════════════════════════════════════
→ 전종목 HOLD
✅ Discord 전송 완료

[10:30] HOLD | KODEX RSI72/+3.6%⬆️ | 보유:SK증권(001510) -0.5% | 최고신호 SK증권(001510) 6pt/4pt [RSI55★ / MA골 / 호가2.1★ / 거래량증가]
💰 예수금 81,509원 | KODEX200 RSI71/+3.4% 상승추세⬆️  | 매수기준 점수4pt↑
📦 보유 SK증권(001510) 4주 -0.6%

코드      종목명           가격    RSI     변화율    거래량     BB   호가비  B/S
────────────────────────────────────────────────────────────────────────
[2단계 분석 대상: 001510, 055550, 403870, 084850, 259960, 068270]
403870  HPSP      62,500   58.6   +13.9%    2.0x     상단  5.36  6pt/0 [5분]
⛔ 아우토크립트(137040) 호가 없음 (거래정지 의심)
035720  카카오       41,400    0.0    +0.0%    0.0x     중간  2.07  2pt/0 [일봉]
015760  한국전력      41,000    0.0    +0.0%    0.0x     중간  0.84  0pt/0 [일봉]
078930  GS        76,900    0.0    +0.0%    0.0x     중간  0.76  0pt/0 [일봉]
061250  화일약품       8,840    0.0    +0.0%    0.0x     중간  0.61  0pt/0 [일봉]
217820  원익피앤이      2,955    0.0    +0.0%    0.0x     중간  1.78  2pt/0 [일봉]
001510  SK증권       3,910   54.8    +1.6%    0.2x     중간  1.85  6pt/0 [5분]
056080  유진로봇      24,200    0.0    +0.0%    0.0x     중간  1.13  0pt/0 [일봉]
084850  아이티엠반도체   15,120   25.5    +3.2%    0.3x     상단  4.16  3pt/0 [5분]
⛔ 금양(001570) 호가 없음 (거래정지 의심)

══════════════════════════════════════════════════
→ 전종목 HOLD
✅ Discord 전송 완료

[10:32] HOLD | KODEX RSI71/+3.4%⬆️ | 보유:SK증권(001510) -0.6% | 최고신호 HPSP(403870) 6pt/4pt [RSI59★ / 거래량2.0x / MA골 / 호가5.4★]
💰 예수금 81,509원 | KODEX200 RSI71/+3.2% 상승추세⬆️  | 매수기준 점수4pt↑
📦 보유 SK증권(001510) 4주 -0.6%

코드      종목명           가격    RSI     변화율    거래량     BB   호가비  B/S
────────────────────────────────────────────────────────────────────────
[2단계 분석 대상: 001510, 055550, 084850, 403870, 259960, 034020]
403870  HPSP      62,100   53.1   +13.3%    2.0x     상단  3.46  6pt/0 [5분]
⛔ 아우토크립트(137040) 호가 없음 (거래정지 의심)
035720  카카오       41,350    0.0    +0.0%    0.0x     중간  1.72  2pt/0 [일봉]
015760  한국전력      40,950    0.0    +0.0%    0.0x     중간  1.34  1pt/0 [일봉]
078930  GS        77,000    0.0    +0.0%    0.0x     중간  0.66  0pt/0 [일봉]
061250  화일약품       8,840    0.0    +0.0%    0.0x     중간  0.55  0pt/0 [일봉]
217820  원익피앤이      2,955    0.0    +0.0%    0.0x     중간  2.02  2pt/0 [일봉]
001510  SK증권       3,905   53.2    +1.3%    0.2x     중간  1.74  5pt/0 [5분]
056080  유진로봇      24,150    0.0    +0.0%    0.0x     중간  1.13  0pt/0 [일봉]
084850  아이티엠반도체   15,100   25.5    +3.1%    0.3x     상단  4.43  3pt/0 [5분]
⛔ 금양(001570) 호가 없음 (거래정지 의심)

══════════════════════════════════════════════════
→ 전종목 HOLD
✅ Discord 전송 완료

[10:34] HOLD | KODEX RSI71/+3.2%⬆️ | 보유:SK증권(001510) -0.6% | 최고신호 HPSP(403870) 6pt/4pt [RSI53★ / 거래량2.0x / MA골 / 호가3.5★]
💰 예수금 81,509원 | KODEX200 RSI71/+2.9% 상승추세⬆️  | 매수기준 점수4pt↑
📦 보유 SK증권(001510) 4주 -0.8%

코드      종목명           가격    RSI     변화율    거래량     BB   호가비  B/S
────────────────────────────────────────────────────────────────────────
[2단계 분석 대상: 001510, 403870, 084850, 034020, 055550, 006400]
403870  HPSP      61,500   53.1   +12.4%    2.0x     상단  7.54  6pt/0 [5분]
⛔ 아우토크립트(137040) 호가 없음 (거래정지 의심)
035720  카카오       41,200    0.0    +0.0%    0.0x     중간  1.26  1pt/0 [일봉]
015760  한국전력      40,800    0.0    +0.0%    0.0x     중간  2.30  2pt/0 [일봉]
078930  GS        77,200    0.0    +0.0%    0.0x     중간  0.40  0pt/0 [일봉]
061250  화일약품       8,830    0.0    +0.0%    0.0x     중간  0.40  0pt/0 [일봉]
217820  원익피앤이      2,950    0.0    +0.0%    0.0x     중간  2.55  2pt/0 [일봉]
001510  SK증권       3,885   53.2    +0.9%    0.2x     중간  2.07  5pt/0 [5분]
056080  유진로봇      24,100    0.0    +0.0%    0.0x     중간  1.32  1pt/0 [일봉]
084850  아이티엠반도체   15,090   35.2    +3.0%    0.3x     상단  6.33  4pt/0 [5분]
⛔ 금양(001570) 호가 없음 (거래정지 의심)

══════════════════════════════════════════════════
→ 전종목 HOLD
✅ Discord 전송 완료

[10:36] HOLD | KODEX RSI71/+2.9%⬆️ | 보유:SK증권(001510) -0.8% | 최고신호 HPSP(403870) 6pt/4pt [RSI53★ / 거래량2.0x / MA골 / 호가7.5★]
💰 예수금 81,509원 | KODEX200 RSI71/+2.6% 상승추세⬆️  | 매수기준 점수4pt↑
📦 보유 SK증권(001510) 4주 -1.3%

코드      종목명           가격    RSI     변화율    거래량     BB   호가비  B/S
────────────────────────────────────────────────────────────────────────
[2단계 분석 대상: 001510, 066970, 084850, 006400, 403870, 034020]
403870  HPSP      61,700   53.1   +12.8%    2.0x     상단  4.41  6pt/0 [5분]
⛔ 아우토크립트(137040) 호가 없음 (거래정지 의심)
035720  카카오       41,150    0.0    +0.0%    0.0x     중간  1.46  1pt/0 [일봉]
015760  한국전력      40,750    0.0    +0.0%    0.0x     중간  2.57  2pt/0 [일봉]
078930  GS        77,200    0.0    +0.0%    0.0x     중간  0.59  0pt/0 [일봉]
061250  화일약품       8,850    0.0    +0.0%    0.0x     중간  0.48  0pt/0 [일봉]
217820  원익피앤이      2,945    0.0    +0.0%    0.0x     중간  2.36  2pt/0 [일봉]
001510  SK증권       3,880   53.2    +0.8%    0.2x     중간  2.29  5pt/0 [5분]
056080  유진로봇      24,100    0.0    +0.0%    0.0x     중간  1.78  2pt/0 [일봉]
084850  아이티엠반도체   15,100   35.2    +3.0%    0.3x     상단  5.76  4pt/0 [5분]
⛔ 금양(001570) 호가 없음 (거래정지 의심)

══════════════════════════════════════════════════
⚠️  손실 주의 SK증권(001510) -1.3% (비상손절 -2.5% 임박)
→ 전종목 HOLD
✅ Discord 전송 완료

[10:38] HOLD | KODEX RSI71/+2.6%⬆️ | 보유:SK증권(001510) -1.3% | 최고신호 HPSP(403870) 6pt/4pt [RSI53★ / 거래량2.0x / MA골 / 호가4.4★]
💰 예수금 81,509원 | KODEX200 RSI71/+2.7% 상승추세⬆️  | 매수기준 점수4pt↑
📦 보유 SK증권(001510) 4주 -1.2%

코드      종목명           가격    RSI     변화율    거래량     BB   호가비  B/S
────────────────────────────────────────────────────────────────────────
[2단계 분석 대상: 001510, 066970, 068270, 000270, 006400, 084850]
403870  HPSP      61,700    0.0    +0.0%    0.0x     중간  4.29  2pt/0 [일봉]
⛔ 아우토크립트(137040) 호가 없음 (거래정지 의심)
035720  카카오       41,000    0.0    +0.0%    0.0x     중간  2.34  2pt/0 [일봉]
015760  한국전력      40,700    0.0    +0.0%    0.0x     중간  3.51  2pt/0 [일봉]
078930  GS        77,000    0.0    +0.0%    0.0x     중간  0.72  0pt/0 [일봉]
061250  화일약품       8,830    0.0    +0.0%    0.0x     중간  0.14  0pt/0 [일봉]
217820  원익피앤이      2,945    0.0    +0.0%    0.0x     중간  2.84  2pt/0 [일봉]
001510  SK증권       3,880   56.0    +0.7%    0.2x     중간  3.98  5pt/0 [5분]
056080  유진로봇      24,100    0.0    +0.0%    0.0x     중간  2.15  2pt/0 [일봉]
084850  아이티엠반도체   15,120   29.2    +3.2%    0.3x     상단  5.13  3pt/0 [5분]
⛔ 금양(001570) 호가 없음 (거래정지 의심)

══════════════════════════════════════════════════
⚠️  손실 주의 SK증권(001510) -1.2% (비상손절 -2.5% 임박)
→ 전종목 HOLD
✅ Discord 전송 완료

[10:40] HOLD | KODEX RSI71/+2.7%⬆️ | 보유:SK증권(001510) -1.2% | 최고신호 SK증권(001510) 5pt/4pt [RSI56★ / MA골 / 호가4.0★]
💰 예수금 81,509원 | KODEX200 RSI71/+2.4% 상승추세⬆️  | 매수기준 점수4pt↑
📦 보유 SK증권(001510) 4주 -1.3%

코드      종목명           가격    RSI     변화율    거래량     BB   호가비  B/S
────────────────────────────────────────────────────────────────────────
[2단계 분석 대상: 001510, 066970, 000660, 000270, 006400, 012450]
403870  HPSP      62,000    0.0    +0.0%    0.0x     중간  1.85  2pt/0 [일봉]
⛔ 아우토크립트(137040) 호가 없음 (거래정지 의심)
035720  카카오       41,100    0.0    +0.0%    0.0x     중간  1.40  1pt/0 [일봉]
015760  한국전력      40,750    0.0    +0.0%    0.0x     중간  2.22  2pt/0 [일봉]
078930  GS        76,900    0.0    +0.0%    0.0x     중간  0.92  0pt/0 [일봉]
061250  화일약품       8,800    0.0    +0.0%    0.0x     중간  0.44  0pt/0 [일봉]
217820  원익피앤이      2,950    0.0    +0.0%    0.0x     중간  3.42  2pt/0 [일봉]
001510  SK증권       3,885   56.0    +0.8%    0.2x     중간  6.19  5pt/0 [5분]
056080  유진로봇      24,150    0.0    +0.0%    0.0x     중간  2.34  2pt/0 [일봉]
084850  아이티엠반도체   15,120    0.0    +0.0%    0.0x     중간  3.91  2pt/0 [일봉]
⛔ 금양(001570) 호가 없음 (거래정지 의심)

══════════════════════════════════════════════════
⚠️  손실 주의 SK증권(001510) -1.3% (비상손절 -2.5% 임박)
→ 전종목 HOLD
✅ Discord 전송 완료

[10:42] HOLD | KODEX RSI71/+2.4%⬆️ | 보유:SK증권(001510) -1.3% | 최고신호 SK증권(001510) 5pt/4pt [RSI56★ / MA골 / 호가6.2★]
💰 예수금 81,509원 | KODEX200 RSI71/+2.7% 상승추세⬆️  | 매수기준 점수4pt↑
📦 보유 SK증권(001510) 4주 -1.1%

코드      종목명           가격    RSI     변화율    거래량     BB   호가비  B/S
────────────────────────────────────────────────────────────────────────
[2단계 분석 대상: 001510, 084850, 068270, 051910, 138040, 012330]
403870  HPSP      62,000    0.0    +0.0%    0.0x     중간  1.88  2pt/0 [일봉]
⛔ 아우토크립트(137040) 호가 없음 (거래정지 의심)
035720  카카오       41,150    0.0    +0.0%    0.0x     중간  1.23  1pt/0 [일봉]
015760  한국전력      40,800    0.0    +0.0%    0.0x     중간  1.29  1pt/0 [일봉]
078930  GS        77,100    0.0    +0.0%    0.0x     중간  0.62  0pt/0 [일봉]
061250  화일약품       8,850    0.0    +0.0%    0.0x     중간  0.09  0pt/0 [일봉]
217820  원익피앤이      2,955    0.0    +0.0%    0.0x     중간  2.29  2pt/0 [일봉]
001510  SK증권       3,880   62.5    +0.8%    0.2x     중간  9.45  4pt/0 [5분]
056080  유진로봇      24,150    0.0    +0.0%    0.0x     중간  2.45  2pt/0 [일봉]
084850  아이티엠반도체   15,130   34.3    +3.2%    0.3x     상단  4.28  3pt/0 [5분]
⛔ 금양(001570) 호가 없음 (거래정지 의심)

══════════════════════════════════════════════════
→ 전종목 HOLD
✅ Discord 전송 완료

[10:44] HOLD | KODEX RSI71/+2.7%⬆️ | 보유:SK증권(001510) -1.1% | 최고신호 SK증권(001510) 4pt/4pt [MA골 / 호가9.4★ / 거래량증가]
💰 예수금 81,509원 | KODEX200 RSI71/+2.9% 상승추세⬆️  | 매수기준 점수4pt↑
📦 보유 SK증권(001510) 4주 -1.0%

코드      종목명           가격    RSI     변화율    거래량     BB   호가비  B/S
────────────────────────────────────────────────────────────────────────
[2단계 분석 대상: 001510, 068270, 084850, 217820, 051910, 066970]
403870  HPSP      62,100    0.0    +0.0%    0.0x     중간  1.33  1pt/0 [일봉]
⛔ 아우토크립트(137040) 호가 없음 (거래정지 의심)
035720  카카오       41,250    0.0    +0.0%    0.0x     중간  1.12  0pt/0 [일봉]
015760  한국전력      40,950    0.0    +0.0%    0.0x     중간  0.86  0pt/0 [일봉]
078930  GS        77,200    0.0    +0.0%    0.0x     중간  0.40  0pt/0 [일봉]
061250  화일약품       8,850    0.0    +0.0%    0.0x     중간  0.71  0pt/0 [일봉]
217820  원익피앤이      2,950   40.0    -1.2%    0.3x     하단  3.39  6pt/0 [5분]
001510  SK증권       3,905   62.5    +1.3%    0.2x     중간  2.61  4pt/0 [5분]
056080  유진로봇      24,150    0.0    +0.0%    0.0x     중간  2.41  2pt/0 [일봉]
084850  아이티엠반도체   15,120   34.3    +3.2%    0.3x     상단  3.49  3pt/0 [5분]
⛔ 금양(001570) 호가 없음 (거래정지 의심)

══════════════════════════════════════════════════
→ 전종목 HOLD
✅ Discord 전송 완료

[10:46] HOLD | KODEX RSI71/+2.9%⬆️ | 보유:SK증권(001510) -1.0% | 최고신호 원익피앤이(217820) 6pt/4pt [RSI40★ / BB하단★ / 호가3.4★]
💰 예수금 81,509원 | KODEX200 RSI71/+3.2% 상승추세⬆️  | 매수기준 점수4pt↑
📦 보유 SK증권(001510) 4주 -0.6%

코드      종목명           가격    RSI     변화율    거래량     BB   호가비  B/S
────────────────────────────────────────────────────────────────────────
[2단계 분석 대상: 001510, 066970, 068270, 217820, 084850, 259960]
403870  HPSP      61,900    0.0    +0.0%    0.0x     중간  1.70  2pt/0 [일봉]
⛔ 아우토크립트(137040) 호가 없음 (거래정지 의심)
035720  카카오       41,300    0.0    +0.0%    0.0x     중간  1.01  0pt/0 [일봉]
015760  한국전력      41,000    0.0    +0.0%    0.0x     중간  0.70  0pt/0 [일봉]
078930  GS        77,800    0.0    +0.0%    0.0x     중간  0.58  0pt/0 [일봉]
061250  화일약품       8,890    0.0    +0.0%    0.0x     중간  0.36  0pt/0 [일봉]
217820  원익피앤이      2,950   40.0    -1.2%    0.3x     하단  4.47  6pt/0 [5분]
001510  SK증권       3,900   62.5    +1.3%    0.2x     중간  5.21  4pt/0 [5분]
056080  유진로봇      24,200    0.0    +0.0%    0.0x     중간  2.31  2pt/0 [일봉]
084850  아이티엠반도체   15,130   34.3    +3.3%    0.3x     상단  2.87  3pt/0 [5분]
⛔ 금양(001570) 호가 없음 (거래정지 의심)

══════════════════════════════════════════════════
→ 전종목 HOLD
✅ Discord 전송 완료

[10:48] HOLD | KODEX RSI71/+3.2%⬆️ | 보유:SK증권(001510) -0.6% | 최고신호 원익피앤이(217820) 6pt/4pt [RSI40★ / BB하단★ / 호가4.5★]
💰 예수금 81,509원 | KODEX200 RSI71/+3.3% 상승추세⬆️  | 매수기준 점수4pt↑
📦 보유 SK증권(001510) 4주 -0.6%

코드      종목명           가격    RSI     변화율    거래량     BB   호가비  B/S
────────────────────────────────────────────────────────────────────────
[2단계 분석 대상: 001510, 056080, 259960, 084850, 217820, 403870]
403870  HPSP      61,900   56.2   +13.0%    2.1x     상단  1.74  6pt/0 [5분]
⛔ 아우토크립트(137040) 호가 없음 (거래정지 의심)
035720  카카오       41,300    0.0    +0.0%    0.0x     중간  1.05  0pt/0 [일봉]
015760  한국전력      41,000    0.0    +0.0%    0.0x     중간  0.60  0pt/0 [일봉]
078930  GS        77,800    0.0    +0.0%    0.0x     중간  0.48  0pt/0 [일봉]
061250  화일약품       8,880    0.0    +0.0%    0.0x     중간  0.52  0pt/0 [일봉]
217820  원익피앤이      2,955   40.0    -1.2%    0.3x     하단  2.32  6pt/0 [5분]
001510  SK증권       3,905   70.8    +1.4%    0.2x     중간  3.18  4pt/1 [5분]
056080  유진로봇      24,200   48.2    -0.4%    0.2x     하단  2.97  6pt/0 [5분]
084850  아이티엠반도체   15,100   45.7    +3.1%    0.3x     상단  2.53  5pt/0 [5분]
⛔ 금양(001570) 호가 없음 (거래정지 의심)

══════════════════════════════════════════════════
→ 전종목 HOLD
✅ Discord 전송 완료

[10:50] HOLD | KODEX RSI71/+3.3%⬆️ | 보유:SK증권(001510) -0.6% | 최고신호 HPSP(403870) 6pt/4pt [RSI56★ / 거래량2.1x / MA골 / 호가1.7★]
💰 예수금 81,509원 | KODEX200 RSI71/+3.2% 상승추세⬆️  | 매수기준 점수4pt↑
📦 보유 SK증권(001510) 4주 -0.7%

코드      종목명           가격    RSI     변화율    거래량     BB   호가비  B/S
────────────────────────────────────────────────────────────────────────
[2단계 분석 대상: 001510, 084850, 259960, 066970, 056080, 051910]
403870  HPSP      61,800    0.0    +0.0%    0.0x     중간  1.93  2pt/0 [일봉]
⛔ 아우토크립트(137040) 호가 없음 (거래정지 의심)
035720  카카오       41,300    0.0    +0.0%    0.0x     중간  1.02  0pt/0 [일봉]
015760  한국전력      41,100    0.0    +0.0%    0.0x     중간  0.35  0pt/0 [일봉]
078930  GS        77,600    0.0    +0.0%    0.0x     중간  0.59  0pt/0 [일봉]
061250  화일약품       8,800    0.0    +0.0%    0.0x     중간  0.32  0pt/0 [일봉]
217820  원익피앤이      2,955    0.0    +0.0%    0.0x     중간  2.36  2pt/0 [일봉]
001510  SK증권       3,910   70.8    +1.6%    0.2x     중간  3.24  4pt/1 [5분]
056080  유진로봇      24,300   48.2    +0.0%    0.2x     하단  3.20  6pt/0 [5분]
084850  아이티엠반도체   15,100   45.7    +3.1%    0.3x     상단  3.71  5pt/0 [5분]
⛔ 금양(001570) 호가 없음 (거래정지 의심)

══════════════════════════════════════════════════
→ 전종목 HOLD
✅ Discord 전송 완료

[10:52] HOLD | KODEX RSI71/+3.2%⬆️ | 보유:SK증권(001510) -0.7% | 최고신호 유진로봇(056080) 6pt/4pt [RSI48★ / BB하단★ / 호가3.2★]
💰 예수금 81,509원 | KODEX200 RSI71/+3.5% 상승추세⬆️  | 매수기준 점수4pt↑
📦 보유 SK증권(001510) 4주 -0.3%

코드      종목명           가격    RSI     변화율    거래량     BB   호가비  B/S
────────────────────────────────────────────────────────────────────────
[2단계 분석 대상: 001510, 084850, 056080, 217820, 259960, 138040]
403870  HPSP      62,200    0.0    +0.0%    0.0x     중간  1.07  0pt/0 [일봉]
⛔ 아우토크립트(137040) 호가 없음 (거래정지 의심)
035720  카카오       41,300    0.0    +0.0%    0.0x     중간  1.14  0pt/0 [일봉]
015760  한국전력      41,050    0.0    +0.0%    0.0x     중간  0.34  0pt/0 [일봉]
078930  GS        77,700    0.0    +0.0%    0.0x     중간  0.90  0pt/0 [일봉]
061250  화일약품       8,800    0.0    +0.0%    0.0x     중간  0.32  0pt/0 [일봉]
217820  원익피앤이      2,955   34.8    -1.0%    0.3x     하단  2.97  6pt/0 [5분]
001510  SK증권       3,930   69.1    +2.1%    0.2x     중간  0.72  2pt/0 [5분]
056080  유진로봇      24,350   36.7    +0.2%    0.2x     중간  3.63  3pt/0 [5분]
084850  아이티엠반도체   15,100   45.7    +3.1%    0.3x     상단  3.76  5pt/0 [5분]
⛔ 금양(001570) 호가 없음 (거래정지 의심)

══════════════════════════════════════════════════
→ 전종목 HOLD
✅ Discord 전송 완료

[10:54] HOLD | KODEX RSI71/+3.5%⬆️ | 보유:SK증권(001510) -0.3% | 최고신호 원익피앤이(217820) 6pt/4pt [RSI35 / BB하단★ / 호가3.0★ / 거래량증가]
💰 예수금 81,509원 | KODEX200 RSI71/+3.3% 상승추세⬆️  | 매수기준 점수4pt↑
📦 보유 SK증권(001510) 4주 -0.6%

코드      종목명           가격    RSI     변화율    거래량     BB   호가비  B/S
────────────────────────────────────────────────────────────────────────
[2단계 분석 대상: 001510, 084850, 066970, 056080, 217820, 138040]
403870  HPSP      62,200    0.0    +0.0%    0.0x     중간  1.15  0pt/0 [일봉]
⛔ 아우토크립트(137040) 호가 없음 (거래정지 의심)
035720  카카오       41,250    0.0    +0.0%    0.0x     중간  1.08  0pt/0 [일봉]
015760  한국전력      41,050    0.0    +0.0%    0.0x     중간  0.38  0pt/0 [일봉]
078930  GS        77,600    0.0    +0.0%    0.0x     중간  0.47  0pt/0 [일봉]
061250  화일약품       8,780    0.0    +0.0%    0.0x     중간  1.15  0pt/0 [일봉]
217820  원익피앤이      2,960   34.8    -1.0%    0.3x     하단  2.80  6pt/0 [5분]
001510  SK증권       3,920   69.1    +1.6%    0.2x     중간  2.16  4pt/0 [5분]
056080  유진로봇      24,400   36.7    +0.2%    0.2x     중간  2.86  3pt/0 [5분]
084850  아이티엠반도체   15,100   52.5    +3.1%    0.3x     상단  3.70  4pt/0 [5분]
⛔ 금양(001570) 호가 없음 (거래정지 의심)

══════════════════════════════════════════════════
→ 전종목 HOLD
✅ Discord 전송 완료

[10:56] HOLD | KODEX RSI71/+3.3%⬆️ | 보유:SK증권(001510) -0.6% | 최고신호 원익피앤이(217820) 6pt/4pt [RSI35 / BB하단★ / 호가2.8★ / 거래량증가]
💰 예수금 81,509원 | KODEX200 RSI71/+3.4% 상승추세⬆️  | 매수기준 점수4pt↑
📦 보유 SK증권(001510) 4주 -0.3%

코드      종목명           가격    RSI     변화율    거래량     BB   호가비  B/S
────────────────────────────────────────────────────────────────────────
[2단계 분석 대상: 001510, 066970, 056080, 084850, 138040, 259960]
403870  HPSP      62,500    0.0    +0.0%    0.0x     중간  0.70  0pt/0 [일봉]
⛔ 아우토크립트(137040) 호가 없음 (거래정지 의심)
035720  카카오       41,250    0.0    +0.0%    0.0x     중간  1.26  1pt/0 [일봉]
015760  한국전력      40,950    0.0    +0.0%    0.0x     중간  0.84  0pt/0 [일봉]
078930  GS        77,500    0.0    +0.0%    0.0x     중간  0.70  0pt/0 [일봉]
061250  화일약품       8,790    0.0    +0.0%    0.0x     중간  0.28  0pt/0 [일봉]
217820  원익피앤이      2,960    0.0    +0.0%    0.0x     중간  2.34  2pt/0 [일봉]
001510  SK증권       3,910   69.1    +1.4%    0.2x     중간  2.56  4pt/0 [5분]
056080  유진로봇      24,350   36.7    +0.2%    0.2x     중간  3.56  3pt/0 [5분]
084850  아이티엠반도체   15,120   52.5    +3.1%    0.3x     상단  2.83  4pt/0 [5분]
⛔ 금양(001570) 호가 없음 (거래정지 의심)

══════════════════════════════════════════════════
→ 전종목 HOLD
✅ Discord 전송 완료

[10:58] HOLD | KODEX RSI71/+3.4%⬆️ | 보유:SK증권(001510) -0.3% | 최고신호 SK증권(001510) 4pt/4pt [MA골 / 호가2.6★ / 거래량증가]
💰 예수금 81,509원 | KODEX200 RSI71/+3.3% 상승추세⬆️  | 매수기준 점수4pt↑
📦 보유 SK증권(001510) 4주 -0.5%

코드      종목명           가격    RSI     변화율    거래량     BB   호가비  B/S
────────────────────────────────────────────────────────────────────────
[2단계 분석 대상: 001510, 066970, 217820, 056080, 068270, 138040]
403870  HPSP      62,800    0.0    +0.0%    0.0x     중간  0.50  0pt/0 [일봉]
⛔ 아우토크립트(137040) 호가 없음 (거래정지 의심)
035720  카카오       41,250    0.0    +0.0%    0.0x     중간  1.25  1pt/0 [일봉]
015760  한국전력      40,950    0.0    +0.0%    0.0x     중간  1.01  0pt/0 [일봉]
078930  GS        77,200    0.0    +0.0%    0.0x     중간  0.64  0pt/0 [일봉]
061250  화일약품       8,800    0.0    +0.0%    0.0x     중간  0.19  0pt/0 [일봉]
217820  원익피앤이      2,960   34.8    -0.8%    0.3x     하단  4.63  5pt/0 [5분]
001510  SK증권       3,910   48.0    +1.6%    0.2x     중간  2.12  5pt/0 [5분]
056080  유진로봇      24,350   42.3    +0.2%    0.2x     하단  3.40  6pt/0 [5분]
084850  아이티엠반도체   15,120    0.0    +0.0%    0.0x     중간  2.13  2pt/0 [일봉]
⛔ 금양(001570) 호가 없음 (거래정지 의심)

══════════════════════════════════════════════════
→ 전종목 HOLD
✅ Discord 전송 완료

[11:00] HOLD | KODEX RSI71/+3.3%⬆️ | 보유:SK증권(001510) -0.5% | 최고신호 유진로봇(056080) 6pt/4pt [RSI42★ / BB하단★ / 호가3.4★]
💰 예수금 81,509원 | KODEX200 RSI71/+3.3% 상승추세⬆️  | 매수기준 점수4pt↑
📦 보유 SK증권(001510) 4주 -0.5%

코드      종목명           가격    RSI     변화율    거래량     BB   호가비  B/S
────────────────────────────────────────────────────────────────────────
[2단계 분석 대상: 001510, 066970, 217820, 056080, 068270, 138040]
403870  HPSP      62,700    0.0    +0.0%    0.0x     중간  0.47  0pt/0 [일봉]
⛔ 아우토크립트(137040) 호가 없음 (거래정지 의심)
035720  카카오       41,250    0.0    +0.0%    0.0x     중간  1.27  1pt/0 [일봉]
015760  한국전력      40,900    0.0    +0.0%    0.0x     중간  1.06  0pt/0 [일봉]
078930  GS        77,300    0.0    +0.0%    0.0x     중간  0.54  0pt/0 [일봉]
061250  화일약품       8,800    0.0    +0.0%    0.0x     중간  0.19  0pt/0 [일봉]
217820  원익피앤이      2,965   34.8    -1.2%    0.3x     하단  3.71  5pt/0 [5분]
001510  SK증권       3,910   48.0    +1.6%    0.2x     중간  1.71  5pt/0 [5분]
056080  유진로봇      24,400   42.3    +0.4%    0.2x     하단  3.40  6pt/0 [5분]
084850  아이티엠반도체   15,120    0.0    +0.0%    0.0x     중간  1.85  2pt/0 [일봉]
⛔ 금양(001570) 호가 없음 (거래정지 의심)

══════════════════════════════════════════════════
→ 전종목 HOLD
✅ Discord 전송 완료

[11:02] HOLD | KODEX RSI71/+3.3%⬆️ | 보유:SK증권(001510) -0.5% | 최고신호 유진로봇(056080) 6pt/4pt [RSI42★ / BB하단★ / 호가3.4★]
💰 예수금 81,509원 | KODEX200 RSI71/+3.4% 상승추세⬆️  | 매수기준 점수4pt↑
📦 보유 SK증권(001510) 4주 -0.6%

코드      종목명           가격    RSI     변화율    거래량     BB   호가비  B/S
────────────────────────────────────────────────────────────────────────
[2단계 분석 대상: 001510, 217820, 066970, 068270, 056080, 138040]
403870  HPSP      62,800    0.0    +0.0%    0.0x     중간  0.46  0pt/0 [일봉]
⛔ 아우토크립트(137040) 호가 없음 (거래정지 의심)
035720  카카오       41,250    0.0    +0.0%    0.0x     중간  1.48  1pt/0 [일봉]
015760  한국전력      41,000    0.0    +0.0%    0.0x     중간  1.21  1pt/0 [일봉]
078930  GS        77,200    0.0    +0.0%    0.0x     중간  0.55  0pt/0 [일봉]
061250  화일약품       8,790    0.0    +0.0%    0.0x     중간  0.17  0pt/0 [일봉]
217820  원익피앤이      2,965   34.8    -0.7%    0.3x     하단  4.44  5pt/0 [5분]
001510  SK증권       3,910   53.4    +1.6%    0.2x     중간  2.65  5pt/0 [5분]
056080  유진로봇      24,350   55.7    +0.2%    0.2x     하단  3.09  7pt/0 [5분]
084850  아이티엠반도체   15,080    0.0    +0.0%    0.0x     중간  1.55  2pt/0 [일봉]
⛔ 금양(001570) 호가 없음 (거래정지 의심)

══════════════════════════════════════════════════
🟢 BUY 유진로봇(056080) 7pt [RSI56★/BB하단★/MA골/호가3.1★] 목표+4% 신뢰도0.86 ratio0.36
💰 예수금: 81,509원
📊 유진로봇(056080) 매도1호가: 24,350원 | 매수1호가: 24,300원
📌 BUY 리스크(1주) vs 신호(1주) → 1주 | 24,300원 = 24,300원
✅ 접수 | 매수 주문 접수: 유진로봇 1주 (주문번호: 0462375)
✅ Discord 전송 완료

[11:04] 🟢BUY | KODEX RSI71/+3.4%⬆️ | 예수금 81,509원

🟢 유진로봇(056080)  7pt 목표+4%  RSI56 +0.2% 0.2x  [RSI56★·BB하단★·MA골·호가3.1★]
📦 SK증권 -0.6%

🔶 원익피앤이  5pt/4pt  RSI35 -0.7%  [RSI35·BB하단★·호가4.4★]
🔶 SK증권  5pt/4pt  RSI53 +1.6%  [RSI53★·MA골·호가2.6★]
🔹 아이티엠반  2pt/4pt  RSI0 +0.0%  [호가1.6★]
🔹 카카오  1pt/4pt  RSI0 +0.0%  [호가1.5]
🔹 한국전력  1pt/4pt  RSI0 +0.0%  [호가1.2]
💰 예수금 57,161원 | KODEX200 RSI71/+3.4% 상승추세⬆️  | 매수기준 점수4pt↑
📦 보유 SK증권(001510) 4주 -0.5%
📦 보유 유진로봇(056080) 1주 -0.2%

코드      종목명           가격    RSI     변화율    거래량     BB   호가비  B/S
────────────────────────────────────────────────────────────────────────
[2단계 분석 대상: 001510, 056080, 217820, 066970, 068270, 138040, 051910]
⛔ 아우토크립트(137040) 호가 없음 (거래정지 의심)
035720  카카오       41,250    0.0    +0.0%    0.0x     중간  1.56  2pt/0 [일봉]
015760  한국전력      41,000    0.0    +0.0%    0.0x     중간  0.98  0pt/0 [일봉]
061250  화일약품       8,790    0.0    +0.0%    0.0x     중간  0.21  0pt/0 [일봉]
217820  원익피앤이      2,965   33.3    -0.7%    0.3x     하단  5.89  5pt/0 [5분]
001510  SK증권       3,920   53.4    +1.8%    0.2x     중간  2.76  5pt/0 [5분]
056080  유진로봇      24,350   55.7    +0.2%    0.2x     하단  2.56  7pt/0 [5분]
084850  아이티엠반도체   15,100    0.0    +0.0%    0.0x     중간  1.34  1pt/0 [일봉]
⛔ 금양(001570) 호가 없음 (거래정지 의심)

══════════════════════════════════════════════════
→ 전종목 HOLD
✅ Discord 전송 완료

[11:06] HOLD | KODEX RSI71/+3.4%⬆️ | 보유:SK증권(001510) -0.5% 유진로봇(056080) -0.2% | 최고신호 유진로봇(056080) 7pt/4pt [RSI56★ / BB하단★ / MA골 / 호가2.6★]
💰 예수금 57,161원 | KODEX200 RSI72/+3.6% 상승추세⬆️  | 매수기준 점수4pt↑
📦 보유 SK증권(001510) 4주 -0.3%
📦 보유 유진로봇(056080) 1주 -0.2%

코드      종목명           가격    RSI     변화율    거래량     BB   호가비  B/S
────────────────────────────────────────────────────────────────────────
[2단계 분석 대상: 001510, 056080, 217820, 066970, 068270, 138040, 259960]
⛔ 아우토크립트(137040) 호가 없음 (거래정지 의심)
035720  카카오       41,250    0.0    +0.0%    0.0x     중간  1.59  2pt/0 [일봉]
015760  한국전력      41,000    0.0    +0.0%    0.0x     중간  0.98  0pt/0 [일봉]
061250  화일약품       8,890    0.0    +0.0%    0.0x     중간  0.55  0pt/0 [일봉]
217820  원익피앤이      2,965   33.3    -1.0%    0.3x     하단  6.08  5pt/0 [5분]
001510  SK증권       3,940   53.4    +2.3%    0.2x     중간  1.07  3pt/0 [5분]
056080  유진로봇      24,400   55.7    +0.4%    0.2x     하단  2.75  7pt/0 [5분]
084850  아이티엠반도체   15,100    0.0    +0.0%    0.0x     중간  1.30  1pt/0 [일봉]
⛔ 금양(001570) 호가 없음 (거래정지 의심)

══════════════════════════════════════════════════
→ 전종목 HOLD
✅ Discord 전송 완료

[11:08] HOLD | KODEX RSI72/+3.6%⬆️ | 보유:SK증권(001510) -0.3% 유진로봇(056080) -0.2% | 최고신호 유진로봇(056080) 7pt/4pt [RSI56★ / BB하단★ / MA골 / 호가2.8★]
💰 예수금 57,161원 | KODEX200 RSI71/+3.5% 상승추세⬆️  | 매수기준 점수4pt↑
📦 보유 SK증권(001510) 4주 -0.2%
📦 보유 유진로봇(056080) 1주 +0.0%

코드      종목명           가격    RSI     변화율    거래량     BB   호가비  B/S
────────────────────────────────────────────────────────────────────────
[2단계 분석 대상: 001510, 056080, 217820, 066970, 068270, 138040, 259960]
⛔ 아우토크립트(137040) 호가 없음 (거래정지 의심)
035720  카카오       41,250    0.0    +0.0%    0.0x     중간  1.71  2pt/0 [일봉]
015760  한국전력      41,000    0.0    +0.0%    0.0x     중간  0.99  0pt/0 [일봉]
061250  화일약품       8,890    0.0    +0.0%    0.0x     중간  0.55  0pt/0 [일봉]
217820  원익피앤이      2,960   26.1    -1.0%    0.3x     하단  5.02  5pt/0 [5분]
001510  SK증권       3,920   48.2    +1.9%    0.2x     중간  2.66  5pt/0 [5분]
056080  유진로봇      24,400   47.0    +0.2%    0.2x     하단  2.51  7pt/0 [5분]
084850  아이티엠반도체   15,100    0.0    +0.0%    0.0x     중간  1.30  1pt/0 [일봉]
⛔ 금양(001570) 호가 없음 (거래정지 의심)

══════════════════════════════════════════════════
→ 전종목 HOLD
✅ Discord 전송 완료

[11:10] HOLD | KODEX RSI71/+3.5%⬆️ | 보유:SK증권(001510) -0.2% 유진로봇(056080) +0.0% | 최고신호 유진로봇(056080) 7pt/4pt [RSI47★ / BB하단★ / MA골 / 호가2.5★]
💰 예수금 57,161원 | KODEX200 RSI71/+3.5% 상승추세⬆️  | 매수기준 점수4pt↑
📦 보유 SK증권(001510) 4주 -0.2%
📦 보유 유진로봇(056080) 1주 +0.2%

코드      종목명           가격    RSI     변화율    거래량     BB   호가비  B/S
────────────────────────────────────────────────────────────────────────
[2단계 분석 대상: 001510, 056080, 217820, 066970, 068270, 138040, 006400]
⛔ 아우토크립트(137040) 호가 없음 (거래정지 의심)
035720  카카오       41,250    0.0    +0.0%    0.0x     중간  1.74  2pt/0 [일봉]
015760  한국전력      41,000    0.0    +0.0%    0.0x     중간  1.06  0pt/0 [일봉]
061250  화일약품       8,890    0.0    +0.0%    0.0x     중간  0.55  0pt/0 [일봉]
217820  원익피앤이      2,960   26.1    -1.0%    0.3x     하단  5.97  5pt/0 [5분]
001510  SK증권       3,915   48.2    +1.7%    0.2x     중간  3.19  5pt/0 [5분]
056080  유진로봇      24,400   47.0    +0.4%    0.2x     하단  2.71  7pt/0 [5분]
084850  아이티엠반도체   15,100    0.0    +0.0%    0.0x     중간  1.17  0pt/0 [일봉]
⛔ 금양(001570) 호가 없음 (거래정지 의심)

══════════════════════════════════════════════════
→ 전종목 HOLD
✅ Discord 전송 완료

[11:12] HOLD | KODEX RSI71/+3.5%⬆️ | 보유:SK증권(001510) -0.2% 유진로봇(056080) +0.2% | 최고신호 유진로봇(056080) 7pt/4pt [RSI47★ / BB하단★ / MA골 / 호가2.7★]
💰 예수금 57,161원 | KODEX200 RSI71/+3.5% 상승추세⬆️  | 매수기준 점수4pt↑
📦 보유 SK증권(001510) 4주 -0.6%
📦 보유 유진로봇(056080) 1주 +0.0%

코드      종목명           가격    RSI     변화율    거래량     BB   호가비  B/S
────────────────────────────────────────────────────────────────────────
[2단계 분석 대상: 001510, 056080, 217820, 138040, 068270, 066970, 051910]
⛔ 아우토크립트(137040) 호가 없음 (거래정지 의심)
035720  카카오       41,250    0.0    +0.0%    0.0x     중간  1.69  2pt/0 [일봉]
015760  한국전력      41,000    0.0    +0.0%    0.0x     중간  1.02  0pt/0 [일봉]
061250  화일약품       8,890    0.0    +0.0%    0.0x     중간  0.55  0pt/0 [일봉]
217820  원익피앤이      2,965   26.1    -0.7%    0.3x     하단  7.90  5pt/0 [5분]
001510  SK증권       3,910   47.7    +1.6%    0.2x     중간  3.11  6pt/0 [5분]
056080  유진로봇      24,400   55.4    +0.4%    0.2x     하단  2.92  7pt/0 [5분]
084850  아이티엠반도체   15,100    0.0    +0.0%    0.0x     중간  1.14  0pt/0 [일봉]
⛔ 금양(001570) 호가 없음 (거래정지 의심)

══════════════════════════════════════════════════
→ 전종목 HOLD
✅ Discord 전송 완료

[11:14] HOLD | KODEX RSI71/+3.5%⬆️ | 보유:SK증권(001510) -0.6% 유진로봇(056080) +0.0% | 최고신호 유진로봇(056080) 7pt/4pt [RSI55★ / BB하단★ / MA골 / 호가2.9★]
💰 예수금 57,161원 | KODEX200 RSI71/+3.4% 상승추세⬆️  | 매수기준 점수4pt↑
📦 보유 SK증권(001510) 4주 -0.5%
📦 보유 유진로봇(056080) 1주 +0.0%

코드      종목명           가격    RSI     변화율    거래량     BB   호가비  B/S
────────────────────────────────────────────────────────────────────────
[2단계 분석 대상: 001510, 056080, 217820, 084850, 068270, 138040, 066970]
⛔ 아우토크립트(137040) 호가 없음 (거래정지 의심)
035720  카카오       41,250    0.0    +0.0%    0.0x     중간  1.63  2pt/0 [일봉]
015760  한국전력      41,000    0.0    +0.0%    0.0x     중간  0.96  0pt/0 [일봉]
061250  화일약품       8,890    0.0    +0.0%    0.0x     중간  0.51  0pt/0 [일봉]
217820  원익피앤이      2,970   35.2    -0.7%    0.3x     하단  6.63  5pt/0 [5분]
001510  SK증권       3,915   47.7    +1.7%    0.2x     중간  3.20  6pt/0 [5분]
056080  유진로봇      24,400   55.4    +0.2%    0.2x     하단  3.10  7pt/0 [5분]
084850  아이티엠반도체   15,090   43.8    +2.7%    0.3x     상단  2.71  4pt/0 [5분]
⛔ 금양(001570) 호가 없음 (거래정지 의심)

══════════════════════════════════════════════════
→ 전종목 HOLD
✅ Discord 전송 완료

[11:16] HOLD | KODEX RSI71/+3.4%⬆️ | 보유:SK증권(001510) -0.5% 유진로봇(056080) +0.0% | 최고신호 유진로봇(056080) 7pt/4pt [RSI55★ / BB하단★ / MA골 / 호가3.1★]
💰 예수금 57,161원 | KODEX200 RSI71/+3.4% 상승추세⬆️  | 매수기준 점수4pt↑
📦 보유 SK증권(001510) 4주 -0.5%
📦 보유 유진로봇(056080) 1주 +0.0%

코드      종목명           가격    RSI     변화율    거래량     BB   호가비  B/S
────────────────────────────────────────────────────────────────────────
[2단계 분석 대상: 001510, 056080, 217820, 068270, 066970, 207940, 084850]
⛔ 아우토크립트(137040) 호가 없음 (거래정지 의심)
035720  카카오       41,250    0.0    +0.0%    0.0x     중간  1.57  2pt/0 [일봉]
015760  한국전력      40,950    0.0    +0.0%    0.0x     중간  0.98  0pt/0 [일봉]
061250  화일약품       8,890    0.0    +0.0%    0.0x     중간  0.37  0pt/0 [일봉]
217820  원익피앤이      2,960   35.2    -0.8%    0.3x     하단  7.87  5pt/0 [5분]
001510  SK증권       3,910   47.7    +1.3%    0.2x     중간  2.91  6pt/0 [5분]
056080  유진로봇      24,400   55.4    +0.4%    0.2x     하단  3.03  7pt/0 [5분]
084850  아이티엠반도체   15,050   43.8    +2.5%    0.3x     상단  2.73  4pt/0 [5분]
⛔ 금양(001570) 호가 없음 (거래정지 의심)

══════════════════════════════════════════════════
→ 전종목 HOLD
✅ Discord 전송 완료

[11:18] HOLD | KODEX RSI71/+3.4%⬆️ | 보유:SK증권(001510) -0.5% 유진로봇(056080) +0.0% | 최고신호 유진로봇(056080) 7pt/4pt [RSI55★ / BB하단★ / MA골 / 호가3.0★]
💰 예수금 57,161원 | KODEX200 RSI71/+3.4% 상승추세⬆️  | 매수기준 점수4pt↑
📦 보유 SK증권(001510) 4주 -0.6%
📦 보유 유진로봇(056080) 1주 +0.0%

코드      종목명           가격    RSI     변화율    거래량     BB   호가비  B/S
────────────────────────────────────────────────────────────────────────
[2단계 분석 대상: 001510, 056080, 217820, 068270, 066970, 207940, 086790]
⛔ 아우토크립트(137040) 호가 없음 (거래정지 의심)
035720  카카오       41,250    0.0    +0.0%    0.0x     중간  1.42  1pt/0 [일봉]
015760  한국전력      40,950    0.0    +0.0%    0.0x     중간  1.08  0pt/0 [일봉]
061250  화일약품       8,890    0.0    +0.0%    0.0x     중간  0.21  0pt/0 [일봉]
217820  원익피앤이      2,955   46.2    -1.0%    0.3x     하단  7.50  6pt/0 [5분]
001510  SK증권       3,900   53.2    +1.3%    0.2x     중간  5.17  5pt/0 [5분]
056080  유진로봇      24,350   57.4    +0.0%    0.2x     하단  3.25  7pt/0 [5분]
084850  아이티엠반도체   15,020    0.0    +0.0%    0.0x     중간  3.00  2pt/0 [일봉]
⛔ 금양(001570) 호가 없음 (거래정지 의심)

══════════════════════════════════════════════════
→ 전종목 HOLD
✅ Discord 전송 완료

[11:20] HOLD | KODEX RSI71/+3.4%⬆️ | 보유:SK증권(001510) -0.6% 유진로봇(056080) +0.0% | 최고신호 유진로봇(056080) 7pt/4pt [RSI57★ / BB하단★ / MA골 / 호가3.2★]
💰 예수금 57,161원 | KODEX200 RSI71/+3.4% 상승추세⬆️  | 매수기준 점수4pt↑
📦 보유 SK증권(001510) 4주 -0.8%
📦 보유 유진로봇(056080) 1주 +0.0%

코드      종목명           가격    RSI     변화율    거래량     BB   호가비  B/S
────────────────────────────────────────────────────────────────────────
[2단계 분석 대상: 001510, 056080, 217820, 207940, 066970, 068270, 086790]
⛔ 아우토크립트(137040) 호가 없음 (거래정지 의심)
035720  카카오       41,250    0.0    +0.0%    0.0x     중간  1.73  2pt/0 [일봉]
015760  한국전력      41,000    0.0    +0.0%    0.0x     중간  0.90  0pt/0 [일봉]
061250  화일약품       8,880    0.0    +0.0%    0.0x     중간  0.23  0pt/0 [일봉]
217820  원익피앤이      2,955   46.2    -1.0%    0.3x     하단  7.24  6pt/0 [5분]
001510  SK증권       3,900   53.2    +1.3%    0.2x     중간  6.71  5pt/0 [5분]
056080  유진로봇      24,250   57.4    -0.4%    0.2x     하단  2.77  7pt/0 [5분]
084850  아이티엠반도체   15,090    0.0    +0.0%    0.0x     중간  2.84  2pt/0 [일봉]
⛔ 금양(001570) 호가 없음 (거래정지 의심)

══════════════════════════════════════════════════
→ 전종목 HOLD
✅ Discord 전송 완료

[11:22] HOLD | KODEX RSI71/+3.4%⬆️ | 보유:SK증권(001510) -0.8% 유진로봇(056080) +0.0% | 최고신호 유진로봇(056080) 7pt/4pt [RSI57★ / BB하단★ / MA골 / 호가2.8★]
💰 예수금 57,161원 | KODEX200 RSI71/+3.3% 상승추세⬆️  | 매수기준 점수4pt↑
📦 보유 SK증권(001510) 4주 -0.6%
📦 보유 유진로봇(056080) 1주 -0.4%

코드      종목명           가격    RSI     변화율    거래량     BB   호가비  B/S
────────────────────────────────────────────────────────────────────────
[2단계 분석 대상: 001510, 056080, 217820, 068270, 084850, 207940, 086790]
⛔ 아우토크립트(137040) 호가 없음 (거래정지 의심)
035720  카카오       41,250    0.0    +0.0%    0.0x     중간  1.75  2pt/0 [일봉]
015760  한국전력      41,000    0.0    +0.0%    0.0x     중간  0.96  0pt/0 [일봉]
061250  화일약품       8,890    0.0    +0.0%    0.0x     중간  0.29  0pt/0 [일봉]
217820  원익피앤이      2,955   52.2    -1.0%    0.3x     하단  7.73  6pt/0 [5분]
001510  SK증권       3,905   60.5    +1.4%    0.2x     중간  3.67  3pt/0 [5분]
056080  유진로봇      24,250   68.5    -0.2%    0.2x     하단  2.75  5pt/0 [5분]
084850  아이티엠반도체   15,050   44.6    +2.7%    0.3x     상단  3.96  4pt/0 [5분]
⛔ 금양(001570) 호가 없음 (거래정지 의심)

══════════════════════════════════════════════════
→ 전종목 HOLD
✅ Discord 전송 완료

[11:24] HOLD | KODEX RSI71/+3.3%⬆️ | 보유:SK증권(001510) -0.6% 유진로봇(056080) -0.4% | 최고신호 원익피앤이(217820) 6pt/4pt [RSI52★ / BB하단★ / 호가7.7★]
💰 예수금 57,161원 | KODEX200 RSI71/+3.3% 상승추세⬆️  | 매수기준 점수4pt↑
📦 보유 SK증권(001510) 4주 -0.7%
📦 보유 유진로봇(056080) 1주 -0.4%

코드      종목명           가격    RSI     변화율    거래량     BB   호가비  B/S
────────────────────────────────────────────────────────────────────────
[2단계 분석 대상: 001510, 056080, 217820, 068270, 084850, 207940, 066970]
⛔ 아우토크립트(137040) 호가 없음 (거래정지 의심)
035720  카카오       41,250    0.0    +0.0%    0.0x     중간  1.61  2pt/0 [일봉]
015760  한국전력      41,000    0.0    +0.0%    0.0x     중간  1.10  0pt/0 [일봉]
061250  화일약품       8,870    0.0    +0.0%    0.0x     중간  0.34  0pt/0 [일봉]
217820  원익피앤이      2,955   52.2    -1.2%    0.3x     하단  6.96  6pt/0 [5분]
001510  SK증권       3,905   60.5    +1.3%    0.2x     중간  3.32  3pt/0 [5분]
056080  유진로봇      24,250   68.5    -0.2%    0.2x     하단  2.79  5pt/0 [5분]
084850  아이티엠반도체   15,050   46.0    +2.7%    0.3x     상단  3.28  4pt/0 [5분]
⛔ 금양(001570) 호가 없음 (거래정지 의심)

══════════════════════════════════════════════════
→ 전종목 HOLD
✅ Discord 전송 완료

[11:26] HOLD | KODEX RSI71/+3.3%⬆️ | 보유:SK증권(001510) -0.7% 유진로봇(056080) -0.4% | 최고신호 원익피앤이(217820) 6pt/4pt [RSI52★ / BB하단★ / 호가7.0★]
💰 예수금 57,161원 | KODEX200 RSI71/+3.4% 상승추세⬆️  | 매수기준 점수4pt↑
📦 보유 SK증권(001510) 4주 -0.7%
📦 보유 유진로봇(056080) 1주 -0.4%

코드      종목명           가격    RSI     변화율    거래량     BB   호가비  B/S
────────────────────────────────────────────────────────────────────────
[2단계 분석 대상: 001510, 056080, 217820, 066970, 068270, 084850, 207940]
⛔ 아우토크립트(137040) 호가 없음 (거래정지 의심)
035720  카카오       41,200    0.0    +0.0%    0.0x     중간  1.88  2pt/0 [일봉]
015760  한국전력      40,950    0.0    +0.0%    0.0x     중간  1.15  0pt/0 [일봉]
061250  화일약품       8,860    0.0    +0.0%    0.0x     중간  0.37  0pt/0 [일봉]
217820  원익피앤이      2,955   52.2    -1.0%    0.3x     하단  7.08  6pt/0 [5분]
001510  SK증권       3,900   60.5    +1.3%    0.2x     중간  5.17  3pt/0 [5분]
056080  유진로봇      24,250   68.5    -0.2%    0.2x     하단  2.95  5pt/0 [5분]
084850  아이티엠반도체   15,050   46.0    +2.7%    0.3x     상단  3.01  4pt/0 [5분]
⛔ 금양(001570) 호가 없음 (거래정지 의심)

══════════════════════════════════════════════════
→ 전종목 HOLD
✅ Discord 전송 완료

[11:28] HOLD | KODEX RSI71/+3.4%⬆️ | 보유:SK증권(001510) -0.7% 유진로봇(056080) -0.4% | 최고신호 원익피앤이(217820) 6pt/4pt [RSI52★ / BB하단★ / 호가7.1★]
💰 예수금 57,161원 | KODEX200 RSI71/+3.4% 상승추세⬆️  | 매수기준 점수4pt↑
📦 보유 SK증권(001510) 4주 -0.6%
📦 보유 유진로봇(056080) 1주 -0.6%

코드      종목명           가격    RSI     변화율    거래량     BB   호가비  B/S
────────────────────────────────────────────────────────────────────────
[2단계 분석 대상: 001510, 056080, 217820, 068270, 084850, 066970, 207940]
⛔ 아우토크립트(137040) 호가 없음 (거래정지 의심)
035720  카카오       41,200    0.0    +0.0%    0.0x     중간  1.80  2pt/0 [일봉]
015760  한국전력      41,000    0.0    +0.0%    0.0x     중간  1.10  0pt/0 [일봉]
061250  화일약품       8,860    0.0    +0.0%    0.0x     중간  0.27  0pt/0 [일봉]
217820  원익피앤이      2,955   52.2    -1.0%    0.3x     하단  8.46  7pt/0 [5분]
001510  SK증권       3,910   57.5    +1.6%    0.2x     중간  2.16  5pt/0 [5분]
056080  유진로봇      24,250   68.5    -0.4%    0.2x     하단  2.58  5pt/0 [5분]
084850  아이티엠반도체   15,050   50.0    +2.7%    0.3x     상단  3.15  5pt/0 [5분]
⛔ 금양(001570) 호가 없음 (거래정지 의심)

══════════════════════════════════════════════════
⏰ 오전 매수 세션 종료 (11:30↑) — 신규 매수 중단
→ 전종목 HOLD
✅ Discord 전송 완료

[11:30] HOLD | KODEX RSI71/+3.4%⬆️ | 보유:SK증권(001510) -0.6% 유진로봇(056080) -0.6% | 최고신호 원익피앤이(217820) 7pt/4pt [RSI52★ / BB하단★ / MA골 / 호가8.5★]
💰 예수금 57,161원 | KODEX200 RSI71/+3.4% 상승추세⬆️  | 매수기준 점수4pt↑
📦 보유 SK증권(001510) 4주 -0.7%
📦 보유 유진로봇(056080) 1주 -0.6%

코드      종목명           가격    RSI     변화율    거래량     BB   호가비  B/S
────────────────────────────────────────────────────────────────────────
[2단계 분석 대상: 001510, 056080, 217820, 068270, 066970, 207940, 084850]
⛔ 아우토크립트(137040) 호가 없음 (거래정지 의심)
035720  카카오       41,200    0.0    +0.0%    0.0x     중간  1.72  2pt/0 [일봉]
015760  한국전력      41,000    0.0    +0.0%    0.0x     중간  1.14  0pt/0 [일봉]
061250  화일약품       8,860    0.0    +0.0%    0.0x     중간  0.26  0pt/0 [일봉]
217820  원익피앤이      2,960   52.2    -0.8%    0.3x     하단  6.99  7pt/0 [5분]
001510  SK증권       3,910   57.5    +1.6%    0.2x     중간  2.76  5pt/0 [5분]
056080  유진로봇      24,250   68.5    -0.4%    0.2x     하단  2.77  5pt/0 [5분]
084850  아이티엠반도체   15,050   50.0    +2.7%    0.3x     상단  2.42  5pt/0 [5분]
⛔ 금양(001570) 호가 없음 (거래정지 의심)

══════════════════════════════════════════════════
⏰ 오전 매수 세션 종료 (11:30↑) — 신규 매수 중단
→ 전종목 HOLD
✅ Discord 전송 완료

[11:32] HOLD | KODEX RSI71/+3.4%⬆️ | 보유:SK증권(001510) -0.7% 유진로봇(056080) -0.6% | 최고신호 원익피앤이(217820) 7pt/4pt [RSI52★ / BB하단★ / MA골 / 호가7.0★]
💰 예수금 57,161원 | KODEX200 RSI71/+3.4% 상승추세⬆️  | 매수기준 점수4pt↑
📦 보유 SK증권(001510) 4주 -0.6%
📦 보유 유진로봇(056080) 1주 -0.6%

코드      종목명           가격    RSI     변화율    거래량     BB   호가비  B/S
────────────────────────────────────────────────────────────────────────
[2단계 분석 대상: 001510, 056080, 217820, 066970, 068270, 207940, 084850]
⛔ 아우토크립트(137040) 호가 없음 (거래정지 의심)
035720  카카오       41,200    0.0    +0.0%    0.0x     중간  1.67  2pt/0 [일봉]
015760  한국전력      40,950    0.0    +0.0%    0.0x     중간  1.15  0pt/0 [일봉]
061250  화일약품       8,860    0.0    +0.0%    0.0x     중간  0.41  0pt/0 [일봉]
217820  원익피앤이      2,965   41.4    -0.8%    0.3x     하단  8.28  7pt/0 [5분]
001510  SK증권       3,910   56.4    +1.4%    0.2x     중간  3.08  6pt/0 [5분]
056080  유진로봇      24,200   58.7    -0.4%    0.2x     하단  2.94  7pt/0 [5분]
084850  아이티엠반도체   15,050   50.0    +2.7%    0.3x     상단  2.69  5pt/0 [5분]
⛔ 금양(001570) 호가 없음 (거래정지 의심)

══════════════════════════════════════════════════
⏰ 오전 매수 세션 종료 (11:30↑) — 신규 매수 중단
→ 전종목 HOLD
✅ Discord 전송 완료

[11:34] HOLD | KODEX RSI71/+3.4%⬆️ | 보유:SK증권(001510) -0.6% 유진로봇(056080) -0.6% | 최고신호 원익피앤이(217820) 7pt/4pt [RSI41★ / BB하단★ / MA골 / 호가8.3★]
💰 예수금 57,161원 | KODEX200 RSI71/+3.4% 상승추세⬆️  | 매수기준 점수4pt↑
📦 보유 SK증권(001510) 4주 -0.5%
📦 보유 유진로봇(056080) 1주 -0.6%

코드      종목명           가격    RSI     변화율    거래량     BB   호가비  B/S
────────────────────────────────────────────────────────────────────────
[2단계 분석 대상: 001510, 056080, 217820, 066970, 207940, 068270, 084850]
⛔ 아우토크립트(137040) 호가 없음 (거래정지 의심)
035720  카카오       41,150    0.0    +0.0%    0.0x     중간  1.86  2pt/0 [일봉]
015760  한국전력      40,950    0.0    +0.0%    0.0x     중간  1.17  0pt/0 [일봉]
061250  화일약품       8,860    0.0    +0.0%    0.0x     중간  0.59  0pt/0 [일봉]
217820  원익피앤이      2,965   41.4    -0.7%    0.3x     하단  9.84  7pt/0 [5분]
001510  SK증권       3,910   56.4    +1.6%    0.2x     중간  2.99  6pt/0 [5분]
056080  유진로봇      24,200   58.7    -0.4%    0.2x     하단  3.31  7pt/0 [5분]
084850  아이티엠반도체   15,050   45.3    +2.7%    0.3x     상단  2.96  4pt/0 [5분]
⛔ 금양(001570) 호가 없음 (거래정지 의심)

══════════════════════════════════════════════════
⏰ 오전 매수 세션 종료 (11:30↑) — 신규 매수 중단
→ 전종목 HOLD
✅ Discord 전송 완료

[11:36] HOLD | KODEX RSI71/+3.4%⬆️ | 보유:SK증권(001510) -0.5% 유진로봇(056080) -0.6% | 최고신호 원익피앤이(217820) 7pt/4pt [RSI41★ / BB하단★ / MA골 / 호가9.8★]
💰 예수금 57,161원 | KODEX200 RSI71/+3.5% 상승추세⬆️  | 매수기준 점수4pt↑
📦 보유 SK증권(001510) 4주 -0.5%
📦 보유 유진로봇(056080) 1주 -0.4%

코드      종목명           가격    RSI     변화율    거래량     BB   호가비  B/S
────────────────────────────────────────────────────────────────────────
[2단계 분석 대상: 001510, 056080, 217820, 207940, 066970, 068270, 259960]
⛔ 아우토크립트(137040) 호가 없음 (거래정지 의심)
035720  카카오       41,150    0.0    +0.0%    0.0x     중간  1.88  2pt/0 [일봉]
015760  한국전력      40,950    0.0    +0.0%    0.0x     중간  1.19  0pt/0 [일봉]
061250  화일약품       8,860    0.0    +0.0%    0.0x     중간  0.48  0pt/0 [일봉]
217820  원익피앤이      2,965   41.4    -0.7%    0.3x     하단  8.78  7pt/0 [5분]
001510  SK증권       3,910   56.4    +1.6%    0.2x     중간  3.12  6pt/0 [5분]
056080  유진로봇      24,250   58.7    -0.2%    0.2x     하단  3.55  7pt/0 [5분]
084850  아이티엠반도체   15,050    0.0    +0.0%    0.0x     중간  0.86  0pt/0 [일봉]
⛔ 금양(001570) 호가 없음 (거래정지 의심)

══════════════════════════════════════════════════
⏰ 오전 매수 세션 종료 (11:30↑) — 신규 매수 중단
→ 전종목 HOLD
✅ Discord 전송 완료

[11:38] HOLD | KODEX RSI71/+3.5%⬆️ | 보유:SK증권(001510) -0.5% 유진로봇(056080) -0.4% | 최고신호 원익피앤이(217820) 7pt/4pt [RSI41★ / BB하단★ / MA골 / 호가8.8★]
💰 예수금 57,161원 | KODEX200 RSI71/+3.5% 상승추세⬆️  | 매수기준 점수4pt↑
📦 보유 SK증권(001510) 4주 -0.5%
📦 보유 유진로봇(056080) 1주 -0.4%

코드      종목명           가격    RSI     변화율    거래량     BB   호가비  B/S
────────────────────────────────────────────────────────────────────────
[2단계 분석 대상: 001510, 056080, 217820, 066970, 207940, 084850, 068270]
⛔ 아우토크립트(137040) 호가 없음 (거래정지 의심)
035720  카카오       41,200    0.0    +0.0%    0.0x     중간  2.18  2pt/0 [일봉]
015760  한국전력      40,950    0.0    +0.0%    0.0x     중간  1.19  0pt/0 [일봉]
061250  화일약품       8,900    0.0    +0.0%    0.0x     중간  0.89  0pt/0 [일봉]
217820  원익피앤이      2,970   46.9    -0.5%    0.3x     하단  8.21  8pt/0 [5분]
001510  SK증권       3,910   56.4    +1.4%    0.2x     중간  2.95  5pt/0 [5분]
056080  유진로봇      24,250   64.6    -0.2%    0.2x     하단  2.72  5pt/0 [5분]
084850  아이티엠반도체   15,050   43.9    +2.7%    0.3x     상단  2.87  4pt/0 [5분]
⛔ 금양(001570) 호가 없음 (거래정지 의심)

══════════════════════════════════════════════════
⏰ 오전 매수 세션 종료 (11:30↑) — 신규 매수 중단
→ 전종목 HOLD
✅ Discord 전송 완료

[11:40] HOLD | KODEX RSI71/+3.5%⬆️ | 보유:SK증권(001510) -0.5% 유진로봇(056080) -0.4% | 최고신호 원익피앤이(217820) 8pt/4pt [RSI47★ / BB하단★ / MA골 / 호가8.2★ / 거래량증가]
💰 예수금 57,161원 | KODEX200 RSI71/+3.5% 상승추세⬆️  | 매수기준 점수4pt↑
📦 보유 SK증권(001510) 4주 -0.5%
📦 보유 유진로봇(056080) 1주 -0.4%

코드      종목명           가격    RSI     변화율    거래량     BB   호가비  B/S
────────────────────────────────────────────────────────────────────────
[2단계 분석 대상: 001510, 056080, 217820, 066970, 084850, 207940, 068270]
⛔ 아우토크립트(137040) 호가 없음 (거래정지 의심)
035720  카카오       41,200    0.0    +0.0%    0.0x     중간  2.08  2pt/0 [일봉]
015760  한국전력      40,950    0.0    +0.0%    0.0x     중간  1.19  0pt/0 [일봉]
061250  화일약품       8,900    0.0    +0.0%    0.0x     중간  0.88  0pt/0 [일봉]
217820  원익피앤이      2,970   46.9    -0.5%    0.3x     하단  9.20  8pt/0 [5분]
001510  SK증권       3,910   56.4    +1.4%    0.2x     중간  3.10  5pt/0 [5분]
056080  유진로봇      24,250   64.6    -0.4%    0.3x     하단  2.78  5pt/0 [5분]
084850  아이티엠반도체   15,090   43.9    +3.0%    0.3x     상단  3.75  4pt/0 [5분]
⛔ 금양(001570) 호가 없음 (거래정지 의심)

══════════════════════════════════════════════════
⏰ 오전 매수 세션 종료 (11:30↑) — 신규 매수 중단
→ 전종목 HOLD
✅ Discord 전송 완료

[11:42] HOLD | KODEX RSI71/+3.5%⬆️ | 보유:SK증권(001510) -0.5% 유진로봇(056080) -0.4% | 최고신호 원익피앤이(217820) 8pt/4pt [RSI47★ / BB하단★ / MA골 / 호가9.2★ / 거래량증가]
💰 예수금 57,161원 | KODEX200 RSI71/+3.4% 상승추세⬆️  | 매수기준 점수4pt↑
📦 보유 SK증권(001510) 4주 -0.5%
📦 보유 유진로봇(056080) 1주 -0.6%

코드      종목명           가격    RSI     변화율    거래량     BB   호가비  B/S
────────────────────────────────────────────────────────────────────────
[2단계 분석 대상: 001510, 056080, 217820, 066970, 084850, 068270, 207940]
⛔ 아우토크립트(137040) 호가 없음 (거래정지 의심)
035720  카카오       41,200    0.0    +0.0%    0.0x     중간  2.02  2pt/0 [일봉]
015760  한국전력      40,950    0.0    +0.0%    0.0x     중간  1.12  0pt/0 [일봉]
061250  화일약품       8,900    0.0    +0.0%    0.0x     중간  0.87  0pt/0 [일봉]
217820  원익피앤이      2,965   53.6    -0.7%    0.3x     하단  9.75  7pt/0 [5분]
001510  SK증권       3,900   60.0    +1.2%    0.2x     중간  5.13  5pt/0 [5분]
056080  유진로봇      24,250   62.2    -0.4%    0.3x     하단  2.78  5pt/0 [5분]
084850  아이티엠반도체   15,090   43.9    +3.0%    0.3x     상단  3.83  4pt/0 [5분]
⛔ 금양(001570) 호가 없음 (거래정지 의심)

══════════════════════════════════════════════════
⏰ 오전 매수 세션 종료 (11:30↑) — 신규 매수 중단
→ 전종목 HOLD
✅ Discord 전송 완료

[11:44] HOLD | KODEX RSI71/+3.4%⬆️ | 보유:SK증권(001510) -0.5% 유진로봇(056080) -0.6% | 최고신호 원익피앤이(217820) 7pt/4pt [RSI54★ / BB하단★ / MA골 / 호가9.8★]
💰 예수금 57,161원 | KODEX200 RSI71/+3.3% 상승추세⬆️  | 매수기준 점수4pt↑
📦 보유 SK증권(001510) 4주 -0.6%
📦 보유 유진로봇(056080) 1주 -0.6%

코드      종목명           가격    RSI     변화율    거래량     BB   호가비  B/S
────────────────────────────────────────────────────────────────────────
[2단계 분석 대상: 001510, 056080, 066970, 217820, 084850, 068270, 086790]
⛔ 아우토크립트(137040) 호가 없음 (거래정지 의심)
035720  카카오       41,200    0.0    +0.0%    0.0x     중간  1.94  2pt/0 [일봉]
015760  한국전력      40,850    0.0    +0.0%    0.0x     중간  1.35  1pt/0 [일봉]
061250  화일약품       8,890    0.0    +0.0%    0.0x     중간  1.34  1pt/0 [일봉]
217820  원익피앤이      2,975   53.6    -0.3%    0.3x     하단  8.71  7pt/0 [5분]
001510  SK증권       3,905   60.0    +1.4%    0.2x     중간  2.87  5pt/0 [5분]
056080  유진로봇      24,250   62.2    -0.4%    0.3x     하단  2.80  5pt/0 [5분]
084850  아이티엠반도체   15,090   30.6    +3.0%    0.3x     상단  3.75  3pt/0 [5분]
⛔ 금양(001570) 호가 없음 (거래정지 의심)

══════════════════════════════════════════════════
⏰ 오전 매수 세션 종료 (11:30↑) — 신규 매수 중단
→ 전종목 HOLD
✅ Discord 전송 완료

[11:46] HOLD | KODEX RSI71/+3.3%⬆️ | 보유:SK증권(001510) -0.6% 유진로봇(056080) -0.6% | 최고신호 원익피앤이(217820) 7pt/4pt [RSI54★ / BB하단★ / MA골 / 호가8.7★]
💰 예수금 57,161원 | KODEX200 RSI71/+3.2% 상승추세⬆️  | 매수기준 점수4pt↑
📦 보유 SK증권(001510) 4주 -0.6%
📦 보유 유진로봇(056080) 1주 -0.6%

코드      종목명           가격    RSI     변화율    거래량     BB   호가비  B/S
────────────────────────────────────────────────────────────────────────
[2단계 분석 대상: 001510, 056080, 217820, 066970, 068270, 084850, 006400]
⛔ 아우토크립트(137040) 호가 없음 (거래정지 의심)
035720  카카오       41,200    0.0    +0.0%    0.0x     중간  1.90  2pt/0 [일봉]
015760  한국전력      40,800    0.0    +0.0%    0.0x     중간  1.35  1pt/0 [일봉]
061250  화일약품       8,890    0.0    +0.0%    0.0x     중간  1.29  1pt/0 [일봉]
217820  원익피앤이      2,975   53.6    -0.3%    0.3x     하단  9.71  7pt/0 [5분]
001510  SK증권       3,905   60.0    +1.4%    0.2x     중간  3.08  5pt/0 [5분]
056080  유진로봇      24,200   62.2    -0.4%    0.3x     하단  2.91  5pt/0 [5분]
084850  아이티엠반도체   15,090   30.6    +3.0%    0.3x     상단  3.02  3pt/0 [5분]
⛔ 금양(001570) 호가 없음 (거래정지 의심)

══════════════════════════════════════════════════
⏰ 오전 매수 세션 종료 (11:30↑) — 신규 매수 중단
→ 전종목 HOLD
✅ Discord 전송 완료

[11:48] HOLD | KODEX RSI71/+3.2%⬆️ | 보유:SK증권(001510) -0.6% 유진로봇(056080) -0.6% | 최고신호 원익피앤이(217820) 7pt/4pt [RSI54★ / BB하단★ / MA골 / 호가9.7★]
💰 예수금 57,161원 | KODEX200 RSI71/+3.2% 상승추세⬆️  | 매수기준 점수4pt↑
📦 보유 SK증권(001510) 4주 -0.6%
📦 보유 유진로봇(056080) 1주 -1.0%

코드      종목명           가격    RSI     변화율    거래량     BB   호가비  B/S
────────────────────────────────────────────────────────────────────────
[2단계 분석 대상: 001510, 056080, 066970, 217820, 006400, 068270, 403870]
⛔ 아우토크립트(137040) 호가 없음 (거래정지 의심)
035720  카카오       41,200    0.0    +0.0%    0.0x     중간  1.81  2pt/0 [일봉]
015760  한국전력      40,800    0.0    +0.0%    0.0x     중간  1.40  1pt/0 [일봉]
061250  화일약품       8,900    0.0    +0.0%    0.0x     중간  0.98  0pt/0 [일봉]
217820  원익피앤이      2,970   55.2    -0.5%    0.3x     하단 11.26  6pt/0 [5분]
001510  SK증권       3,905   55.6    +1.4%    0.2x     중간  3.03  6pt/0 [5분]
056080  유진로봇      24,200   56.0    -0.6%    0.3x     하단  2.62  7pt/0 [5분]
084850  아이티엠반도체   15,080    0.0    +0.0%    0.0x     중간  2.83  2pt/0 [일봉]
⛔ 금양(001570) 호가 없음 (거래정지 의심)

══════════════════════════════════════════════════
⏰ 오전 매수 세션 종료 (11:30↑) — 신규 매수 중단
→ 전종목 HOLD
✅ Discord 전송 완료

[11:50] HOLD | KODEX RSI71/+3.2%⬆️ | 보유:SK증권(001510) -0.6% 유진로봇(056080) -1.0% | 최고신호 유진로봇(056080) 7pt/4pt [RSI56★ / BB하단★ / MA골 / 호가2.6★]
💰 예수금 57,161원 | KODEX200 RSI71/+3.4% 상승추세⬆️  | 매수기준 점수4pt↑
📦 보유 SK증권(001510) 4주 -0.5%
📦 보유 유진로봇(056080) 1주 -0.8%

코드      종목명           가격    RSI     변화율    거래량     BB   호가비  B/S
────────────────────────────────────────────────────────────────────────
[2단계 분석 대상: 001510, 056080, 066970, 217820, 068270, 403870, 207940]
⛔ 아우토크립트(137040) 호가 없음 (거래정지 의심)
035720  카카오       41,150    0.0    +0.0%    0.0x     중간  1.99  2pt/0 [일봉]
015760  한국전력      40,850    0.0    +0.0%    0.0x     중간  1.25  1pt/0 [일봉]
061250  화일약품       8,930    0.0    +0.0%    0.0x     중간  1.00  0pt/0 [일봉]
217820  원익피앤이      2,970   55.2    -0.5%    0.3x     하단 11.10  6pt/0 [5분]
001510  SK증권       3,910   55.6    +1.6%    0.2x     중간  2.48  6pt/0 [5분]
056080  유진로봇      24,250   56.0    -0.6%    0.3x     하단  2.54  7pt/0 [5분]
084850  아이티엠반도체   15,080    0.0    +0.0%    0.0x     중간  1.99  2pt/0 [일봉]
⛔ 금양(001570) 호가 없음 (거래정지 의심)

══════════════════════════════════════════════════
⏰ 오전 매수 세션 종료 (11:30↑) — 신규 매수 중단
→ 전종목 HOLD
✅ Discord 전송 완료

[11:52] HOLD | KODEX RSI71/+3.4%⬆️ | 보유:SK증권(001510) -0.5% 유진로봇(056080) -0.8% | 최고신호 유진로봇(056080) 7pt/4pt [RSI56★ / BB하단★ / MA골 / 호가2.5★]
💰 예수금 57,161원 | KODEX200 RSI71/+3.4% 상승추세⬆️  | 매수기준 점수4pt↑
📦 보유 SK증권(001510) 4주 -0.5%
📦 보유 유진로봇(056080) 1주 -0.6%

코드      종목명           가격    RSI     변화율    거래량     BB   호가비  B/S
────────────────────────────────────────────────────────────────────────
[2단계 분석 대상: 001510, 056080, 066970, 217820, 403870, 068270, 207940]
⛔ 아우토크립트(137040) 호가 없음 (거래정지 의심)
035720  카카오       41,150    0.0    +0.0%    0.0x     중간  2.07  2pt/0 [일봉]
015760  한국전력      40,850    0.0    +0.0%    0.0x     중간  1.01  0pt/0 [일봉]
061250  화일약품       8,900    0.0    +0.0%    0.0x     중간  0.95  0pt/0 [일봉]
217820  원익피앤이      2,970   55.2    -0.5%    0.3x     하단  9.96  6pt/0 [5분]
001510  SK증권       3,910   68.8    +1.6%    0.2x     중간  2.27  4pt/0 [5분]
056080  유진로봇      24,200   60.9    -0.6%    0.3x     하단  2.13  5pt/0 [5분]
084850  아이티엠반도체   15,260    0.0    +0.0%    0.0x     중간  0.78  0pt/0 [일봉]
⛔ 금양(001570) 호가 없음 (거래정지 의심)

══════════════════════════════════════════════════
⏰ 오전 매수 세션 종료 (11:30↑) — 신규 매수 중단
→ 전종목 HOLD
✅ Discord 전송 완료

[11:54] HOLD | KODEX RSI71/+3.4%⬆️ | 보유:SK증권(001510) -0.5% 유진로봇(056080) -0.6% | 최고신호 원익피앤이(217820) 6pt/4pt [RSI55★ / BB하단★ / 호가10.0★]
💰 예수금 57,161원 | KODEX200 RSI71/+3.3% 상승추세⬆️  | 매수기준 점수4pt↑
📦 보유 SK증권(001510) 4주 -0.6%
📦 보유 유진로봇(056080) 1주 -0.8%

코드      종목명           가격    RSI     변화율    거래량     BB   호가비  B/S
────────────────────────────────────────────────────────────────────────
[2단계 분석 대상: 001510, 056080, 066970, 217820, 068270, 006400, 403870]
⛔ 아우토크립트(137040) 호가 없음 (거래정지 의심)
035720  카카오       41,150    0.0    +0.0%    0.0x     중간  2.03  2pt/0 [일봉]
015760  한국전력      40,800    0.0    +0.0%    0.0x     중간  1.25  1pt/0 [일봉]
061250  화일약품       8,900    0.0    +0.0%    0.0x     중간  0.84  0pt/0 [일봉]
217820  원익피앤이      2,970   50.0    -0.5%    0.3x     하단 10.58  6pt/0 [5분]
001510  SK증권       3,905   68.8    +1.4%    0.2x     중간  2.67  4pt/0 [5분]
056080  유진로봇      24,200   60.9    -0.6%    0.3x     하단  2.09  5pt/0 [5분]
084850  아이티엠반도체   15,200    0.0    +0.0%    0.0x     중간  2.59  2pt/0 [일봉]
⛔ 금양(001570) 호가 없음 (거래정지 의심)

══════════════════════════════════════════════════
⏰ 오전 매수 세션 종료 (11:30↑) — 신규 매수 중단
→ 전종목 HOLD
✅ Discord 전송 완료

[11:56] HOLD | KODEX RSI71/+3.3%⬆️ | 보유:SK증권(001510) -0.6% 유진로봇(056080) -0.8% | 최고신호 원익피앤이(217820) 6pt/4pt [RSI50★ / BB하단★ / 호가10.6★]
💰 예수금 57,161원 | KODEX200 RSI71/+3.1% 상승추세⬆️  | 매수기준 점수4pt↑
📦 보유 SK증권(001510) 4주 -0.6%
📦 보유 유진로봇(056080) 1주 -0.6%

코드      종목명           가격    RSI     변화율    거래량     BB   호가비  B/S
────────────────────────────────────────────────────────────────────────
[2단계 분석 대상: 001510, 056080, 066970, 217820, 068270, 006400, 403870]
⛔ 아우토크립트(137040) 호가 없음 (거래정지 의심)
035720  카카오       41,150    0.0    +0.0%    0.0x     중간  2.03  2pt/0 [일봉]
015760  한국전력      40,750    0.0    +0.0%    0.0x     중간  1.58  2pt/0 [일봉]
061250  화일약품       8,900    0.0    +0.0%    0.0x     중간  0.84  0pt/0 [일봉]
217820  원익피앤이      2,975   50.0    -0.3%    0.3x     하단  8.09  6pt/0 [5분]
001510  SK증권       3,905   68.8    +1.3%    0.2x     중간  2.62  4pt/0 [5분]
056080  유진로봇      24,200   60.9    -0.6%    0.3x     하단  2.05  5pt/0 [5분]
084850  아이티엠반도체   15,200    0.0    +0.0%    0.0x     중간  0.82  0pt/0 [일봉]
⛔ 금양(001570) 호가 없음 (거래정지 의심)

══════════════════════════════════════════════════
⏰ 오전 매수 세션 종료 (11:30↑) — 신규 매수 중단
→ 전종목 HOLD
✅ Discord 전송 완료

[11:58] HOLD | KODEX RSI71/+3.1%⬆️ | 보유:SK증권(001510) -0.6% 유진로봇(056080) -0.6% | 최고신호 원익피앤이(217820) 6pt/4pt [RSI50★ / BB하단★ / 호가8.1★]
💰 예수금 57,161원 | KODEX200 RSI71/+3.3% 상승추세⬆️  | 매수기준 점수4pt↑
📦 보유 SK증권(001510) 4주 -0.7%
📦 보유 유진로봇(056080) 1주 -0.6%

코드      종목명           가격    RSI     변화율    거래량     BB   호가비  B/S
────────────────────────────────────────────────────────────────────────
[2단계 분석 대상: 001510, 056080, 066970, 217820, 068270, 006400, 035720]
⛔ 아우토크립트(137040) 호가 없음 (거래정지 의심)
035720  카카오       41,150   62.2    -1.8%    0.4x     하단  2.01  5pt/0 [5분]
015760  한국전력      40,800    0.0    +0.0%    0.0x     중간  1.27  1pt/0 [일봉]
061250  화일약품       8,900    0.0    +0.0%    0.0x     중간  1.49  1pt/0 [일봉]
217820  원익피앤이      2,980   50.0    -0.3%    0.4x     하단  9.73  7pt/0 [5분]
001510  SK증권       3,905   68.8    +1.4%    0.2x     중간  2.39  3pt/0 [5분]
056080  유진로봇      24,150   59.1    -0.6%    0.3x     하단  2.04  7pt/0 [5분]
084850  아이티엠반도체   15,170    0.0    +0.0%    0.0x     중간  1.40  1pt/0 [일봉]
⛔ 금양(001570) 호가 없음 (거래정지 의심)

══════════════════════════════════════════════════
⏰ 오전 매수 세션 종료 (11:30↑) — 신규 매수 중단
→ 전종목 HOLD
✅ Discord 전송 완료

[12:00] HOLD | KODEX RSI71/+3.3%⬆️ | 보유:SK증권(001510) -0.7% 유진로봇(056080) -0.6% | 최고신호 원익피앤이(217820) 7pt/4pt [RSI50★ / BB하단★ / 호가9.7★ / 거래량증가]
💰 예수금 57,161원 | KODEX200 RSI71/+3.2% 상승추세⬆️  | 매수기준 점수4pt↑
📦 보유 SK증권(001510) 4주 -0.6%
📦 보유 유진로봇(056080) 1주 -1.0%

코드      종목명           가격    RSI     변화율    거래량     BB   호가비  B/S
────────────────────────────────────────────────────────────────────────
[2단계 분석 대상: 001510, 056080, 217820, 066970, 068270, 006400, 403870]
⛔ 아우토크립트(137040) 호가 없음 (거래정지 의심)
035720  카카오       41,150    0.0    +0.0%    0.0x     중간  1.94  2pt/0 [일봉]
015760  한국전력      40,750    0.0    +0.0%    0.0x     중간  1.38  1pt/0 [일봉]
061250  화일약품       8,950    0.0    +0.0%    0.0x     중간  0.72  0pt/0 [일봉]
217820  원익피앤이      2,970   50.0    -0.5%    0.4x     하단 12.88  7pt/0 [5분]
001510  SK증권       3,905   68.8    +1.4%    0.2x     중간  2.74  3pt/0 [5분]
056080  유진로봇      24,150   59.1    -0.8%    0.3x     하단  2.10  7pt/0 [5분]
084850  아이티엠반도체   15,180    0.0    +0.0%    0.0x     중간  0.86  0pt/0 [일봉]
⛔ 금양(001570) 호가 없음 (거래정지 의심)

══════════════════════════════════════════════════
⏰ 오전 매수 세션 종료 (11:30↑) — 신규 매수 중단
→ 전종목 HOLD
✅ Discord 전송 완료

[12:02] HOLD | KODEX RSI71/+3.2%⬆️ | 보유:SK증권(001510) -0.6% 유진로봇(056080) -1.0% | 최고신호 원익피앤이(217820) 7pt/4pt [RSI50★ / BB하단★ / 호가12.9★ / 거래량증가]
💰 예수금 57,161원 | KODEX200 RSI71/+3.1% 상승추세⬆️  | 매수기준 점수4pt↑
📦 보유 SK증권(001510) 4주 -0.5%
📦 보유 유진로봇(056080) 1주 -0.8%

코드      종목명           가격    RSI     변화율    거래량     BB   호가비  B/S
────────────────────────────────────────────────────────────────────────
[2단계 분석 대상: 001510, 056080, 066970, 217820, 006400, 403870, 068270]
⛔ 아우토크립트(137040) 호가 없음 (거래정지 의심)
035720  카카오       41,150    0.0    +0.0%    0.0x     중간  1.83  2pt/0 [일봉]
015760  한국전력      40,750    0.0    +0.0%    0.0x     중간  1.54  2pt/0 [일봉]
061250  화일약품       8,930    0.0    +0.0%    0.0x     중간  0.85  0pt/0 [일봉]
217820  원익피앤이      2,965   44.0    -0.7%    0.4x     하단  8.37  6pt/0 [5분]
001510  SK증권       3,910   68.8    +1.6%    0.2x     중간  2.37  3pt/0 [5분]
056080  유진로봇      24,150   54.5    -0.6%    0.3x     하단  1.99  7pt/0 [5분]
084850  아이티엠반도체   15,180    0.0    +0.0%    0.0x     중간  0.69  0pt/0 [일봉]
⛔ 금양(001570) 호가 없음 (거래정지 의심)

══════════════════════════════════════════════════
⏰ 오전 매수 세션 종료 (11:30↑) — 신규 매수 중단
→ 전종목 HOLD
✅ Discord 전송 완료

[12:04] HOLD | KODEX RSI71/+3.1%⬆️ | 보유:SK증권(001510) -0.5% 유진로봇(056080) -0.8% | 최고신호 유진로봇(056080) 7pt/4pt [RSI54★ / BB하단★ / MA골 / 호가2.0★]
💰 예수금 57,161원 | KODEX200 RSI71/+3.2% 상승추세⬆️  | 매수기준 점수4pt↑
📦 보유 SK증권(001510) 4주 -0.6%
📦 보유 유진로봇(056080) 1주 -0.8%

코드      종목명           가격    RSI     변화율    거래량     BB   호가비  B/S
────────────────────────────────────────────────────────────────────────
[2단계 분석 대상: 001510, 056080, 066970, 217820, 068270, 006400, 042700]
⛔ 아우토크립트(137040) 호가 없음 (거래정지 의심)
035720  카카오       41,150    0.0    +0.0%    0.0x     중간  1.75  2pt/0 [일봉]
015760  한국전력      40,750    0.0    +0.0%    0.0x     중간  1.58  2pt/0 [일봉]
061250  화일약품       8,930    0.0    +0.0%    0.0x     중간  0.31  0pt/0 [일봉]
217820  원익피앤이      2,965   44.0    -0.7%    0.4x     하단  7.03  6pt/0 [5분]
001510  SK증권       3,910   68.8    +1.6%    0.2x     중간  1.85  3pt/0 [5분]
056080  유진로봇      24,150   54.5    -0.6%    0.3x     하단  2.10  7pt/0 [5분]
084850  아이티엠반도체   15,180    0.0    +0.0%    0.0x     중간  2.03  2pt/0 [일봉]
⛔ 금양(001570) 호가 없음 (거래정지 의심)

══════════════════════════════════════════════════
⏰ 오전 매수 세션 종료 (11:30↑) — 신규 매수 중단
→ 전종목 HOLD
✅ Discord 전송 완료

[12:06] HOLD | KODEX RSI71/+3.2%⬆️ | 보유:SK증권(001510) -0.6% 유진로봇(056080) -0.8% | 최고신호 유진로봇(056080) 7pt/4pt [RSI54★ / BB하단★ / MA골 / 호가2.1★]
💰 예수금 57,161원 | KODEX200 RSI71/+3.3% 상승추세⬆️  | 매수기준 점수4pt↑
📦 보유 SK증권(001510) 4주 -0.5%
📦 보유 유진로봇(056080) 1주 -0.8%

코드      종목명           가격    RSI     변화율    거래량     BB   호가비  B/S
────────────────────────────────────────────────────────────────────────
[2단계 분석 대상: 001510, 056080, 066970, 217820, 006400, 068270, 042700]
⛔ 아우토크립트(137040) 호가 없음 (거래정지 의심)
035720  카카오       41,150    0.0    +0.0%    0.0x     중간  2.10  2pt/0 [일봉]
015760  한국전력      40,800    0.0    +0.0%    0.0x     중간  1.41  1pt/0 [일봉]
061250  화일약품       8,930    0.0    +0.0%    0.0x     중간  0.24  0pt/0 [일봉]
217820  원익피앤이      2,965   44.0    -0.7%    0.4x     하단  7.46  6pt/0 [5분]
001510  SK증권       3,910   68.8    +1.6%    0.2x     중간  2.29  3pt/0 [5분]
056080  유진로봇      24,150   54.5    -0.6%    0.3x     하단  2.31  7pt/0 [5분]
084850  아이티엠반도체   15,190    0.0    +0.0%    0.0x     중간  0.76  0pt/0 [일봉]
⛔ 금양(001570) 호가 없음 (거래정지 의심)

══════════════════════════════════════════════════
⏰ 오전 매수 세션 종료 (11:30↑) — 신규 매수 중단
→ 전종목 HOLD
✅ Discord 전송 완료

[12:08] HOLD | KODEX RSI71/+3.3%⬆️ | 보유:SK증권(001510) -0.5% 유진로봇(056080) -0.8% | 최고신호 유진로봇(056080) 7pt/4pt [RSI54★ / BB하단★ / MA골 / 호가2.3★]
💰 예수금 57,161원 | KODEX200 RSI71/+3.3% 상승추세⬆️  | 매수기준 점수4pt↑
📦 보유 SK증권(001510) 4주 -0.5%
📦 보유 유진로봇(056080) 1주 -0.8%

코드      종목명           가격    RSI     변화율    거래량     BB   호가비  B/S
────────────────────────────────────────────────────────────────────────
[2단계 분석 대상: 001510, 056080, 217820, 066970, 006400, 068270, 035720]
⛔ 아우토크립트(137040) 호가 없음 (거래정지 의심)
035720  카카오       41,200   53.1    -1.6%    0.5x     하단  2.19  7pt/0 [5분]
015760  한국전력      40,800    0.0    +0.0%    0.0x     중간  1.44  1pt/0 [일봉]
061250  화일약품       8,930    0.0    +0.0%    0.0x     중간  0.23  0pt/0 [일봉]
217820  원익피앤이      2,965   43.3    -0.8%    0.4x     하단 10.92  6pt/0 [5분]
001510  SK증권       3,910   95.7    +1.6%    0.2x     중간  2.16  3pt/1 [5분]
056080  유진로봇      24,150   57.1    -0.6%    0.3x     하단  2.34  7pt/0 [5분]
084850  아이티엠반도체   15,210    0.0    +0.0%    0.0x     중간  0.49  0pt/0 [일봉]
⛔ 금양(001570) 호가 없음 (거래정지 의심)

══════════════════════════════════════════════════
⏰ 오전 매수 세션 종료 (11:30↑) — 신규 매수 중단
→ 전종목 HOLD
✅ Discord 전송 완료

[12:10] HOLD | KODEX RSI71/+3.3%⬆️ | 보유:SK증권(001510) -0.5% 유진로봇(056080) -0.8% | 최고신호 카카오(035720) 7pt/4pt [RSI53★ / BB하단★ / 호가2.2★ / 거래량증가]
💰 예수금 57,161원 | KODEX200 RSI71/+3.3% 상승추세⬆️  | 매수기준 점수4pt↑
📦 보유 SK증권(001510) 4주 -0.5%
📦 보유 유진로봇(056080) 1주 -0.8%

코드      종목명           가격    RSI     변화율    거래량     BB   호가비  B/S
────────────────────────────────────────────────────────────────────────
[2단계 분석 대상: 001510, 056080, 217820, 066970, 006400, 068270, 035720]
⛔ 아우토크립트(137040) 호가 없음 (거래정지 의심)
035720  카카오       41,200   53.1    -1.6%    0.5x     하단  2.12  7pt/0 [5분]
015760  한국전력      40,800    0.0    +0.0%    0.0x     중간  1.33  1pt/0 [일봉]
061250  화일약품       8,930    0.0    +0.0%    0.0x     중간  0.21  0pt/0 [일봉]
217820  원익피앤이      2,975   43.3    -0.3%    0.4x     하단 11.58  6pt/0 [5분]
001510  SK증권       3,910   95.7    +1.6%    0.2x     중간  2.05  3pt/1 [5분]
056080  유진로봇      24,150   57.1    -0.6%    0.3x     하단  2.33  7pt/0 [5분]
084850  아이티엠반도체   15,210    0.0    +0.0%    0.0x     중간  0.48  0pt/0 [일봉]
⛔ 금양(001570) 호가 없음 (거래정지 의심)

══════════════════════════════════════════════════
⏰ 오전 매수 세션 종료 (11:30↑) — 신규 매수 중단
→ 전종목 HOLD
✅ Discord 전송 완료

[12:12] HOLD | KODEX RSI71/+3.3%⬆️ | 보유:SK증권(001510) -0.5% 유진로봇(056080) -0.8% | 최고신호 카카오(035720) 7pt/4pt [RSI53★ / BB하단★ / 호가2.1★ / 거래량증가]
💰 예수금 57,161원 | KODEX200 RSI71/+3.2% 상승추세⬆️  | 매수기준 점수4pt↑
📦 보유 SK증권(001510) 4주 -0.5%
📦 보유 유진로봇(056080) 1주 -1.0%

코드      종목명           가격    RSI     변화율    거래량     BB   호가비  B/S
────────────────────────────────────────────────────────────────────────
[2단계 분석 대상: 001510, 056080, 217820, 403870, 006400, 066970, 247540]
⛔ 아우토크립트(137040) 호가 없음 (거래정지 의심)
035720  카카오       41,200    0.0    +0.0%    0.0x     중간  2.05  2pt/0 [일봉]
015760  한국전력      40,800    0.0    +0.0%    0.0x     중간  1.40  1pt/0 [일봉]
061250  화일약품       8,930    0.0    +0.0%    0.0x     중간  0.42  0pt/0 [일봉]
217820  원익피앤이      2,975   43.3    -0.3%    0.4x     하단 11.46  6pt/0 [5분]
001510  SK증권       3,910   95.0    +1.6%    0.2x     중간  1.99  3pt/1 [5분]
056080  유진로봇      24,150   51.4    -0.6%    0.3x     하단  2.32  8pt/0 [5분]
084850  아이티엠반도체   15,220    0.0    +0.0%    0.0x     중간  0.25  0pt/0 [일봉]
⛔ 금양(001570) 호가 없음 (거래정지 의심)

══════════════════════════════════════════════════
⏰ 오전 매수 세션 종료 (11:30↑) — 신규 매수 중단
→ 전종목 HOLD
✅ Discord 전송 완료

[12:14] HOLD | KODEX RSI71/+3.2%⬆️ | 보유:SK증권(001510) -0.5% 유진로봇(056080) -1.0% | 최고신호 유진로봇(056080) 8pt/4pt [RSI51★ / BB하단★ / MA골 / 호가2.3★ / 거래량증가]
💰 예수금 57,161원 | KODEX200 RSI71/+3.2% 상승추세⬆️  | 매수기준 점수4pt↑
📦 보유 SK증권(001510) 4주 -0.5%
📦 보유 유진로봇(056080) 1주 -0.8%

코드      종목명           가격    RSI     변화율    거래량     BB   호가비  B/S
────────────────────────────────────────────────────────────────────────
[2단계 분석 대상: 001510, 056080, 217820, 403870, 068270, 006400, 247540]
⛔ 아우토크립트(137040) 호가 없음 (거래정지 의심)
035720  카카오       41,200    0.0    +0.0%    0.0x     중간  2.01  2pt/0 [일봉]
015760  한국전력      40,800    0.0    +0.0%    0.0x     중간  1.29  1pt/0 [일봉]
061250  화일약품       8,930    0.0    +0.0%    0.0x     중간  0.46  0pt/0 [일봉]
217820  원익피앤이      2,970   49.1    -0.5%    0.4x     하단 13.53  6pt/0 [5분]
001510  SK증권       3,910   95.0    +1.4%    0.2x     중간  2.00  3pt/1 [5분]
056080  유진로봇      24,150   51.4    -0.6%    0.3x     하단  2.29  8pt/0 [5분]
084850  아이티엠반도체   15,220    0.0    +0.0%    0.0x     중간  0.36  0pt/0 [일봉]
⛔ 금양(001570) 호가 없음 (거래정지 의심)

══════════════════════════════════════════════════
⏰ 오전 매수 세션 종료 (11:30↑) — 신규 매수 중단
→ 전종목 HOLD
✅ Discord 전송 완료

[12:16] HOLD | KODEX RSI71/+3.2%⬆️ | 보유:SK증권(001510) -0.5% 유진로봇(056080) -0.8% | 최고신호 유진로봇(056080) 8pt/4pt [RSI51★ / BB하단★ / MA골 / 호가2.3★ / 거래량증가]
💰 예수금 57,161원 | KODEX200 RSI71/+3.4% 상승추세⬆️  | 매수기준 점수4pt↑
📦 보유 SK증권(001510) 4주 -0.3%
📦 보유 유진로봇(056080) 1주 -0.8%

코드      종목명           가격    RSI     변화율    거래량     BB   호가비  B/S
────────────────────────────────────────────────────────────────────────
[2단계 분석 대상: 001510, 056080, 217820, 066970, 403870, 006400, 068270]
⛔ 아우토크립트(137040) 호가 없음 (거래정지 의심)
035720  카카오       41,300    0.0    +0.0%    0.0x     중간  1.97  2pt/0 [일봉]
015760  한국전력      40,900    0.0    +0.0%    0.0x     중간  1.04  0pt/0 [일봉]
061250  화일약품       8,920    0.0    +0.0%    0.0x     중간  0.47  0pt/0 [일봉]
217820  원익피앤이      2,975   49.1    -0.3%    0.4x     하단 11.70  6pt/0 [5분]
001510  SK증권       3,915   95.0    +1.7%    0.2x     중간  2.95  3pt/1 [5분]
056080  유진로봇      24,200   51.4    -0.4%    0.3x     하단  2.41  8pt/0 [5분]
084850  아이티엠반도체   15,220    0.0    +0.0%    0.0x     중간  0.38  0pt/0 [일봉]
⛔ 금양(001570) 호가 없음 (거래정지 의심)

══════════════════════════════════════════════════
⏰ 오전 매수 세션 종료 (11:30↑) — 신규 매수 중단
→ 전종목 HOLD
✅ Discord 전송 완료

[12:18] HOLD | KODEX RSI71/+3.4%⬆️ | 보유:SK증권(001510) -0.3% 유진로봇(056080) -0.8% | 최고신호 유진로봇(056080) 8pt/4pt [RSI51★ / BB하단★ / MA골 / 호가2.4★ / 거래량증가]
💰 예수금 57,161원 | KODEX200 RSI71/+3.4% 상승추세⬆️  | 매수기준 점수4pt↑
📦 보유 SK증권(001510) 4주 -0.6%
📦 보유 유진로봇(056080) 1주 -0.6%

코드      종목명           가격    RSI     변화율    거래량     BB   호가비  B/S
────────────────────────────────────────────────────────────────────────
[2단계 분석 대상: 001510, 056080, 217820, 066970, 403870, 006400, 207940]
⛔ 아우토크립트(137040) 호가 없음 (거래정지 의심)
035720  카카오       41,300    0.0    +0.0%    0.0x     중간  2.03  2pt/0 [일봉]
015760  한국전력      40,950    0.0    +0.0%    0.0x     중간  0.90  0pt/0 [일봉]
061250  화일약품       8,920    0.0    +0.0%    0.0x     중간  0.47  0pt/0 [일봉]
217820  원익피앤이      2,975   44.0    -0.5%    0.4x     하단 10.85  6pt/0 [5분]
001510  SK증권       3,925   90.5    +1.9%    0.2x     상단  2.62  3pt/2 [5분]
056080  유진로봇      24,200   55.9    -0.6%    0.3x     하단  2.32  7pt/0 [5분]
084850  아이티엠반도체   15,230    0.0    +0.0%    0.0x     중간  0.78  0pt/0 [일봉]
⛔ 금양(001570) 호가 없음 (거래정지 의심)

══════════════════════════════════════════════════
🟡 SELL(손실축소) SK증권(001510) -0.6% [RSI90, BB상단] 신뢰도0.7
💰 예수금: 57,161원
📊 SK증권(001510) 매도1호가: 3,925원 | 매수1호가: 3,915원
📌 SELL 지정가: 3,915원 × 4주
✅ 접수 | 매도 주문 접수: SK증권 4주 (주문번호: 0546339)
⏰ 오전 매수 세션 종료 (11:30↑) — 신규 매수 중단
✅ Discord 전송 완료

[12:20] 🟡SELL | KODEX RSI71/+3.4%⬆️ | 예수금 57,161원

🟡 SK증권(001510)  손실-0.6%  RSI90 BB상단  [RSI90·BB상단]
📦 SK증권 -0.6% | 유진로봇 -0.6%

🔶 유진로봇  7pt/4pt  RSI56 -0.6%  [RSI56★·BB하단★·MA골·호가2.3★]
🔶 원익피앤이  6pt/4pt  RSI44 -0.5%  [RSI44★·BB하단★·호가10.8★]
🔹 카카오  2pt/4pt  RSI0 +0.0%  [호가2.0★]
💰 예수금 72,821원 | KODEX200 RSI71/+3.5% 상승추세⬆️  | 매수기준 점수4pt↑
📦 보유 유진로봇(056080) 1주 -0.6%

코드      종목명           가격    RSI     변화율    거래량     BB   호가비  B/S
────────────────────────────────────────────────────────────────────────
[2단계 분석 대상: 056080, 217820, 066970, 403870, 006400, 207940]
403870  HPSP      61,800   25.0   +13.2%    2.3x     상단  4.27  4pt/0 [5분]
⛔ 아우토크립트(137040) 호가 없음 (거래정지 의심)
035720  카카오       41,300    0.0    +0.0%    0.0x     중간  2.04  2pt/0 [일봉]
015760  한국전력      40,950    0.0    +0.0%    0.0x     중간  0.90  0pt/0 [일봉]
061250  화일약품       8,920    0.0    +0.0%    0.0x     중간  0.36  0pt/0 [일봉]
217820  원익피앤이      2,975   44.0    -0.5%    0.4x     하단 10.85  6pt/0 [5분]
001510  SK증권       3,920    0.0    +0.0%    0.0x     중간  2.88  2pt/0 [일봉]
056080  유진로봇      24,250   55.9    -0.4%    0.3x     하단  2.33  7pt/0 [5분]
084850  아이티엠반도체   15,240    0.0    +0.0%    0.0x     중간  0.19  0pt/0 [일봉]
⛔ 금양(001570) 호가 없음 (거래정지 의심)

══════════════════════════════════════════════════
⏰ 오전 매수 세션 종료 (11:30↑) — 신규 매수 중단
→ 전종목 HOLD
✅ Discord 전송 완료

[12:22] HOLD | KODEX RSI71/+3.5%⬆️ | 보유:유진로봇(056080) -0.6% | 최고신호 유진로봇(056080) 7pt/4pt [RSI56★ / BB하단★ / MA골 / 호가2.3★]
💰 예수금 72,821원 | KODEX200 RSI71/+3.5% 상승추세⬆️  | 매수기준 점수4pt↑
📦 보유 유진로봇(056080) 1주 -0.6%

코드      종목명           가격    RSI     변화율    거래량     BB   호가비  B/S
────────────────────────────────────────────────────────────────────────
[2단계 분석 대상: 056080, 217820, 066970, 403870, 001510, 207940]
403870  HPSP      61,900   25.0   +13.2%    2.3x     상단  3.65  4pt/0 [5분]
⛔ 아우토크립트(137040) 호가 없음 (거래정지 의심)
035720  카카오       41,300    0.0    +0.0%    0.0x     중간  1.99  2pt/0 [일봉]
015760  한국전력      40,950    0.0    +0.0%    0.0x     중간  0.89  0pt/0 [일봉]
061250  화일약품       8,920    0.0    +0.0%    0.0x     중간  0.34  0pt/0 [일봉]
217820  원익피앤이      2,975   44.0    -0.3%    0.4x     하단 10.94  6pt/0 [5분]
001510  SK증권       3,915   90.0    +1.7%    0.2x     상단  3.46  3pt/0 [5분]
056080  유진로봇      24,200   55.9    -0.4%    0.3x     하단  2.67  7pt/0 [5분]
084850  아이티엠반도체   15,240    0.0    +0.0%    0.0x     중간  0.17  0pt/0 [일봉]
⛔ 금양(001570) 호가 없음 (거래정지 의심)

══════════════════════════════════════════════════
⏰ 오전 매수 세션 종료 (11:30↑) — 신규 매수 중단
→ 전종목 HOLD
✅ Discord 전송 완료

[12:24] HOLD | KODEX RSI71/+3.5%⬆️ | 보유:유진로봇(056080) -0.6% | 최고신호 유진로봇(056080) 7pt/4pt [RSI56★ / BB하단★ / MA골 / 호가2.7★]
💰 예수금 72,821원 | KODEX200 RSI71/+3.5% 상승추세⬆️  | 매수기준 점수4pt↑
📦 보유 유진로봇(056080) 1주 -0.8%

코드      종목명           가격    RSI     변화율    거래량     BB   호가비  B/S
────────────────────────────────────────────────────────────────────────
[2단계 분석 대상: 056080, 217820, 066970, 403870, 001510, 207940]
403870  HPSP      61,900   25.0   +12.8%    2.3x     상단  4.10  4pt/0 [5분]
⛔ 아우토크립트(137040) 호가 없음 (거래정지 의심)
035720  카카오       41,300    0.0    +0.0%    0.0x     중간  1.87  2pt/0 [일봉]
015760  한국전력      40,950    0.0    +0.0%    0.0x     중간  0.89  0pt/0 [일봉]
061250  화일약품       8,900    0.0    +0.0%    0.0x     중간  0.44  0pt/0 [일봉]
217820  원익피앤이      2,975   47.0    -0.7%    0.4x     하단 10.92  6pt/0 [5분]
001510  SK증권       3,910   90.0    +1.6%    0.2x     상단  3.26  3pt/0 [5분]
056080  유진로봇      24,200   55.9    -0.4%    0.3x     하단  2.50  7pt/0 [5분]
084850  아이티엠반도체   15,220    0.0    +0.0%    0.0x     중간  0.29  0pt/0 [일봉]
⛔ 금양(001570) 호가 없음 (거래정지 의심)

══════════════════════════════════════════════════
⏰ 오전 매수 세션 종료 (11:30↑) — 신규 매수 중단
→ 전종목 HOLD
✅ Discord 전송 완료

[12:26] HOLD | KODEX RSI71/+3.5%⬆️ | 보유:유진로봇(056080) -0.8% | 최고신호 유진로봇(056080) 7pt/4pt [RSI56★ / BB하단★ / MA골 / 호가2.5★]
💰 예수금 72,821원 | KODEX200 RSI71/+3.5% 상승추세⬆️  | 매수기준 점수4pt↑
📦 보유 유진로봇(056080) 1주 -0.8%

코드      종목명           가격    RSI     변화율    거래량     BB   호가비  B/S
────────────────────────────────────────────────────────────────────────
[2단계 분석 대상: 056080, 217820, 066970, 403870, 001510, 068270]
403870  HPSP      61,800   25.0   +13.0%    2.3x     상단  4.53  4pt/0 [5분]
⛔ 아우토크립트(137040) 호가 없음 (거래정지 의심)
035720  카카오       41,300    0.0    +0.0%    0.0x     중간  1.86  2pt/0 [일봉]
015760  한국전력      40,950    0.0    +0.0%    0.0x     중간  0.83  0pt/0 [일봉]
061250  화일약품       8,900    0.0    +0.0%    0.0x     중간  0.44  0pt/0 [일봉]
217820  원익피앤이      2,970   47.0    -0.5%    0.4x     하단 14.86  6pt/0 [5분]
001510  SK증권       3,910   90.0    +1.4%    0.2x     중간  3.23  3pt/0 [5분]
056080  유진로봇      24,200   55.9    -0.4%    0.3x     하단  2.42  7pt/0 [5분]
084850  아이티엠반도체   15,230    0.0    +0.0%    0.0x     중간  0.52  0pt/0 [일봉]
⛔ 금양(001570) 호가 없음 (거래정지 의심)

══════════════════════════════════════════════════
⏰ 오전 매수 세션 종료 (11:30↑) — 신규 매수 중단
→ 전종목 HOLD
✅ Discord 전송 완료

[12:28] HOLD | KODEX RSI71/+3.5%⬆️ | 보유:유진로봇(056080) -0.8% | 최고신호 유진로봇(056080) 7pt/4pt [RSI56★ / BB하단★ / MA골 / 호가2.4★]
💰 예수금 72,821원 | KODEX200 RSI71/+3.5% 상승추세⬆️  | 매수기준 점수4pt↑
📦 보유 유진로봇(056080) 1주 -0.6%

코드      종목명           가격    RSI     변화율    거래량     BB   호가비  B/S
────────────────────────────────────────────────────────────────────────
[2단계 분석 대상: 056080, 217820, 066970, 403870, 001510, 068270]
403870  HPSP      61,900   36.4   +13.2%    2.3x     상단  3.70  5pt/0 [5분]
⛔ 아우토크립트(137040) 호가 없음 (거래정지 의심)
035720  카카오       41,300    0.0    +0.0%    0.0x     중간  1.81  2pt/0 [일봉]
015760  한국전력      40,950    0.0    +0.0%    0.0x     중간  0.84  0pt/0 [일봉]
061250  화일약품       8,900    0.0    +0.0%    0.0x     중간  0.46  0pt/0 [일봉]
217820  원익피앤이      2,970   33.3    -0.7%    0.4x     하단 15.14  5pt/0 [5분]
001510  SK증권       3,910   87.5    +1.6%    0.2x     상단  3.62  3pt/0 [5분]
056080  유진로봇      24,200   61.8    -0.4%    0.3x     하단  2.28  5pt/0 [5분]
084850  아이티엠반도체   15,220    0.0    +0.0%    0.0x     중간  0.40  0pt/0 [일봉]
⛔ 금양(001570) 호가 없음 (거래정지 의심)

══════════════════════════════════════════════════
⏰ 오전 매수 세션 종료 (11:30↑) — 신규 매수 중단
→ 전종목 HOLD
✅ Discord 전송 완료

[12:30] HOLD | KODEX RSI71/+3.5%⬆️ | 보유:유진로봇(056080) -0.6% | 최고신호 HPSP(403870) 5pt/4pt [RSI36 / 거래량2.3x / 호가3.7★ / 거래량증가]
💰 예수금 72,821원 | KODEX200 RSI72/+3.6% 상승추세⬆️  | 매수기준 점수4pt↑
📦 보유 유진로봇(056080) 1주 -0.7%

코드      종목명           가격    RSI     변화율    거래량     BB   호가비  B/S
────────────────────────────────────────────────────────────────────────
[2단계 분석 대상: 056080, 217820, 066970, 403870, 001510, 247540]
403870  HPSP      61,900   36.4   +13.0%    2.3x     상단  3.58  5pt/0 [5분]
⛔ 아우토크립트(137040) 호가 없음 (거래정지 의심)
035720  카카오       41,300    0.0    +0.0%    0.0x     중간  1.80  2pt/0 [일봉]
015760  한국전력      41,000    0.0    +0.0%    0.0x     중간  0.88  0pt/0 [일봉]
061250  화일약품       8,890    0.0    +0.0%    0.0x     중간  0.58  0pt/0 [일봉]
217820  원익피앤이      2,970   33.3    -0.5%    0.4x     하단 14.88  5pt/0 [5분]
001510  SK증권       3,910   87.5    +1.6%    0.2x     상단  3.32  3pt/0 [5분]
056080  유진로봇      24,200   61.8    -0.6%    0.3x     하단  2.21  5pt/0 [5분]
084850  아이티엠반도체   15,210    0.0    +0.0%    0.0x     중간  0.33  0pt/0 [일봉]
⛔ 금양(001570) 호가 없음 (거래정지 의심)

══════════════════════════════════════════════════
⏰ 오전 매수 세션 종료 (11:30↑) — 신규 매수 중단
→ 전종목 HOLD
✅ Discord 전송 완료

[12:32] HOLD | KODEX RSI72/+3.6%⬆️ | 보유:유진로봇(056080) -0.7% | 최고신호 HPSP(403870) 5pt/4pt [RSI36 / 거래량2.3x / 호가3.6★ / 거래량증가]
💰 예수금 72,821원 | KODEX200 RSI72/+3.6% 상승추세⬆️  | 매수기준 점수4pt↑
📦 보유 유진로봇(056080) 1주 -0.6%

코드      종목명           가격    RSI     변화율    거래량     BB   호가비  B/S
────────────────────────────────────────────────────────────────────────
[2단계 분석 대상: 056080, 217820, 066970, 403870, 001510, 068270]
403870  HPSP      61,800   29.6   +13.0%    2.3x     상단  3.83  4pt/0 [5분]
⛔ 아우토크립트(137040) 호가 없음 (거래정지 의심)
035720  카카오       41,450    0.0    +0.0%    0.0x     중간  1.53  2pt/0 [일봉]
015760  한국전력      41,000    0.0    +0.0%    0.0x     중간  0.87  0pt/0 [일봉]
061250  화일약품       8,890    0.0    +0.0%    0.0x     중간  0.56  0pt/0 [일봉]
217820  원익피앤이      2,970   33.3    -0.5%    0.4x     하단 14.60  5pt/0 [5분]
001510  SK증권       3,910   86.7    +1.4%    0.2x     상단  3.19  3pt/0 [5분]
056080  유진로봇      24,200   50.0    -0.6%    0.3x     하단  2.20  7pt/0 [5분]
084850  아이티엠반도체   15,210    0.0    +0.0%    0.0x     중간  0.28  0pt/0 [일봉]
⛔ 금양(001570) 호가 없음 (거래정지 의심)

══════════════════════════════════════════════════
⏰ 오전 매수 세션 종료 (11:30↑) — 신규 매수 중단
→ 전종목 HOLD
✅ Discord 전송 완료

[12:34] HOLD | KODEX RSI72/+3.6%⬆️ | 보유:유진로봇(056080) -0.6% | 최고신호 유진로봇(056080) 7pt/4pt [RSI50★ / BB하단★ / MA골 / 호가2.2★]
💰 예수금 72,821원 | KODEX200 RSI72/+3.7% 상승추세⬆️  | 매수기준 점수4pt↑
📦 보유 유진로봇(056080) 1주 -0.6%

코드      종목명           가격    RSI     변화율    거래량     BB   호가비  B/S
────────────────────────────────────────────────────────────────────────
[2단계 분석 대상: 056080, 217820, 066970, 001510, 403870, 068270]
403870  HPSP      61,900   29.6   +13.0%    2.3x     상단  2.98  4pt/0 [5분]
⛔ 아우토크립트(137040) 호가 없음 (거래정지 의심)
035720  카카오       41,450    0.0    +0.0%    0.0x     중간  1.49  1pt/0 [일봉]
015760  한국전력      41,000    0.0    +0.0%    0.0x     중간  0.88  0pt/0 [일봉]
061250  화일약품       8,880    0.0    +0.0%    0.0x     중간  0.61  0pt/0 [일봉]
217820  원익피앤이      2,975   38.1    -0.3%    0.4x     하단 13.01  5pt/0 [5분]
001510  SK증권       3,910   86.7    +1.6%    0.2x     상단  3.21  3pt/0 [5분]
056080  유진로봇      24,200   50.0    -0.6%    0.3x     하단  2.12  7pt/0 [5분]
084850  아이티엠반도체   15,230    0.0    +0.0%    0.0x     중간  0.26  0pt/0 [일봉]
⛔ 금양(001570) 호가 없음 (거래정지 의심)

══════════════════════════════════════════════════
⏰ 오전 매수 세션 종료 (11:30↑) — 신규 매수 중단
→ 전종목 HOLD
✅ Discord 전송 완료

[12:36] HOLD | KODEX RSI72/+3.7%⬆️ | 보유:유진로봇(056080) -0.6% | 최고신호 유진로봇(056080) 7pt/4pt [RSI50★ / BB하단★ / MA골 / 호가2.1★]
💰 예수금 72,821원 | KODEX200 RSI72/+3.7% 상승추세⬆️  | 매수기준 점수4pt↑
📦 보유 유진로봇(056080) 1주 -0.6%

코드      종목명           가격    RSI     변화율    거래량     BB   호가비  B/S
────────────────────────────────────────────────────────────────────────
[2단계 분석 대상: 056080, 066970, 217820, 001510, 403870, 058470]
403870  HPSP      61,800   29.6   +13.2%    2.3x     상단  3.05  4pt/0 [5분]
⛔ 아우토크립트(137040) 호가 없음 (거래정지 의심)
035720  카카오       41,450    0.0    +0.0%    0.0x     중간  1.51  2pt/0 [일봉]
015760  한국전력      41,000    0.0    +0.0%    0.0x     중간  0.84  0pt/0 [일봉]
061250  화일약품       8,880    0.0    +0.0%    0.0x     중간  0.54  0pt/0 [일봉]
217820  원익피앤이      2,975   38.1    -0.3%    0.4x     하단 11.45  5pt/0 [5분]
001510  SK증권       3,905   86.7    +1.4%    0.2x     상단  3.83  3pt/0 [5분]
056080  유진로봇      24,150   50.0    -0.6%    0.3x     하단  2.19  7pt/0 [5분]
084850  아이티엠반도체   15,230    0.0    +0.0%    0.0x     중간  0.23  0pt/0 [일봉]
⛔ 금양(001570) 호가 없음 (거래정지 의심)

══════════════════════════════════════════════════
⏰ 오전 매수 세션 종료 (11:30↑) — 신규 매수 중단
→ 전종목 HOLD
✅ Discord 전송 완료

[12:38] HOLD | KODEX RSI72/+3.7%⬆️ | 보유:유진로봇(056080) -0.6% | 최고신호 유진로봇(056080) 7pt/4pt [RSI50★ / BB하단★ / MA골 / 호가2.2★]
💰 예수금 72,821원 | KODEX200 RSI72/+3.7% 상승추세⬆️  | 매수기준 점수4pt↑
📦 보유 유진로봇(056080) 1주 -0.8%

코드      종목명           가격    RSI     변화율    거래량     BB   호가비  B/S
────────────────────────────────────────────────────────────────────────
[2단계 분석 대상: 056080, 066970, 217820, 001510, 403870, 068270]
403870  HPSP      62,000   32.1   +13.2%    2.3x     상단  2.97  4pt/0 [5분]
⛔ 아우토크립트(137040) 호가 없음 (거래정지 의심)
035720  카카오       41,400    0.0    +0.0%    0.0x     중간  2.19  2pt/0 [일봉]
015760  한국전력      41,000    0.0    +0.0%    0.0x     중간  0.87  0pt/0 [일봉]
061250  화일약품       8,870    0.0    +0.0%    0.0x     중간  0.61  0pt/0 [일봉]
217820  원익피앤이      2,975   40.9    -0.5%    0.4x     하단  8.79  6pt/0 [5분]
001510  SK증권       3,905   85.7    +1.4%    0.2x     상단  4.07  3pt/0 [5분]
056080  유진로봇      24,150   50.0    -0.6%    0.3x     하단  2.16  6pt/1 [5분]
084850  아이티엠반도체   15,220    0.0    +0.0%    0.0x     중간  0.31  0pt/0 [일봉]
⛔ 금양(001570) 호가 없음 (거래정지 의심)

══════════════════════════════════════════════════
⏰ 오전 매수 세션 종료 (11:30↑) — 신규 매수 중단
→ 전종목 HOLD
✅ Discord 전송 완료

[12:40] HOLD | KODEX RSI72/+3.7%⬆️ | 보유:유진로봇(056080) -0.8% | 최고신호 원익피앤이(217820) 6pt/4pt [RSI41★ / BB하단★ / 호가8.8★]
💰 예수금 72,821원 | KODEX200 RSI72/+3.6% 상승추세⬆️  | 매수기준 점수4pt↑
📦 보유 유진로봇(056080) 1주 -1.0%

코드      종목명           가격    RSI     변화율    거래량     BB   호가비  B/S
────────────────────────────────────────────────────────────────────────
[2단계 분석 대상: 056080, 066970, 217820, 001510, 403870, 058470]
403870  HPSP      62,000   32.1   +13.0%    2.3x     상단  2.71  4pt/0 [5분]
⛔ 아우토크립트(137040) 호가 없음 (거래정지 의심)
035720  카카오       41,400    0.0    +0.0%    0.0x     중간  2.24  2pt/0 [일봉]
015760  한국전력      41,000    0.0    +0.0%    0.0x     중간  0.94  0pt/0 [일봉]
061250  화일약품       8,880    0.0    +0.0%    0.0x     중간  0.56  0pt/0 [일봉]
217820  원익피앤이      2,975   40.9    -0.3%    0.4x     하단  9.76  6pt/0 [5분]
001510  SK증권       3,905   85.7    +1.4%    0.2x     상단  3.80  3pt/0 [5분]
056080  유진로봇      24,150   50.0    -0.6%    0.3x     하단  2.25  6pt/1 [5분]
084850  아이티엠반도체   15,230    0.0    +0.0%    0.0x     중간  0.31  0pt/0 [일봉]
⛔ 금양(001570) 호가 없음 (거래정지 의심)

══════════════════════════════════════════════════
⏰ 오전 매수 세션 종료 (11:30↑) — 신규 매수 중단
→ 전종목 HOLD
✅ Discord 전송 완료

[12:42] HOLD | KODEX RSI72/+3.6%⬆️ | 보유:유진로봇(056080) -1.0% | 최고신호 원익피앤이(217820) 6pt/4pt [RSI41★ / BB하단★ / 호가9.8★]
💰 예수금 72,821원 | KODEX200 RSI72/+3.6% 상승추세⬆️  | 매수기준 점수4pt↑
📦 보유 유진로봇(056080) 1주 -0.8%

코드      종목명           가격    RSI     변화율    거래량     BB   호가비  B/S
────────────────────────────────────────────────────────────────────────
[2단계 분석 대상: 056080, 066970, 217820, 001510, 403870, 035720]
403870  HPSP      61,900   40.9   +13.0%    2.3x     상단  2.76  5pt/0 [5분]
⛔ 아우토크립트(137040) 호가 없음 (거래정지 의심)
035720  카카오       41,400   61.5    -1.1%    0.5x     하단  2.27  5pt/0 [5분]
015760  한국전력      41,000    0.0    +0.0%    0.0x     중간  0.87  0pt/0 [일봉]
061250  화일약품       8,890    0.0    +0.0%    0.0x     중간  0.47  0pt/0 [일봉]
217820  원익피앤이      2,975   40.9    -0.3%    0.4x     하단  9.74  6pt/0 [5분]
001510  SK증권       3,905   80.0    +1.4%    0.2x     상단  3.15  3pt/0 [5분]
056080  유진로봇      24,150   53.6    -0.6%    0.3x     하단  2.06  6pt/1 [5분]
084850  아이티엠반도체   15,230    0.0    +0.0%    0.0x     중간  0.33  0pt/0 [일봉]
⛔ 금양(001570) 호가 없음 (거래정지 의심)

══════════════════════════════════════════════════
⏰ 오전 매수 세션 종료 (11:30↑) — 신규 매수 중단
→ 전종목 HOLD
✅ Discord 전송 완료

[12:44] HOLD | KODEX RSI72/+3.6%⬆️ | 보유:유진로봇(056080) -0.8% | 최고신호 원익피앤이(217820) 6pt/4pt [RSI41★ / BB하단★ / 호가9.7★]
💰 예수금 72,821원 | KODEX200 RSI71/+3.5% 상승추세⬆️  | 매수기준 점수4pt↑
📦 보유 유진로봇(056080) 1주 -1.0%

코드      종목명           가격    RSI     변화율    거래량     BB   호가비  B/S
────────────────────────────────────────────────────────────────────────
[2단계 분석 대상: 056080, 217820, 066970, 001510, 403870, 006400]
403870  HPSP      61,800   40.9   +13.0%    2.3x     상단  2.72  5pt/0 [5분]
⛔ 아우토크립트(137040) 호가 없음 (거래정지 의심)
035720  카카오       41,350    0.0    +0.0%    0.0x     중간  2.37  2pt/0 [일봉]
015760  한국전력      41,000    0.0    +0.0%    0.0x     중간  0.91  0pt/0 [일봉]
061250  화일약품       8,900    0.0    +0.0%    0.0x     중간  0.23  0pt/0 [일봉]
217820  원익피앤이      2,970   52.9    -0.5%    0.4x     하단  8.47  6pt/0 [5분]
001510  SK증권       3,910   80.0    +1.6%    0.2x     상단  3.20  3pt/0 [5분]
056080  유진로봇      24,150   53.6    -0.8%    0.3x     하단  2.27  6pt/1 [5분]
084850  아이티엠반도체   15,220    0.0    +0.0%    0.0x     중간  0.23  0pt/0 [일봉]
⛔ 금양(001570) 호가 없음 (거래정지 의심)

══════════════════════════════════════════════════
⏰ 오전 매수 세션 종료 (11:30↑) — 신규 매수 중단
→ 전종목 HOLD
✅ Discord 전송 완료

[12:46] HOLD | KODEX RSI71/+3.5%⬆️ | 보유:유진로봇(056080) -1.0% | 최고신호 원익피앤이(217820) 6pt/4pt [RSI53★ / BB하단★ / 호가8.5★]
💰 예수금 72,821원 | KODEX200 RSI72/+3.6% 상승추세⬆️  | 매수기준 점수4pt↑
📦 보유 유진로봇(056080) 1주 -1.0%

코드      종목명           가격    RSI     변화율    거래량     BB   호가비  B/S
────────────────────────────────────────────────────────────────────────
[2단계 분석 대상: 056080, 217820, 066970, 001510, 068270, 006400]
403870  HPSP      62,000    0.0    +0.0%    0.0x     중간  2.17  2pt/0 [일봉]
⛔ 아우토크립트(137040) 호가 없음 (거래정지 의심)
035720  카카오       41,350    0.0    +0.0%    0.0x     중간  2.37  2pt/0 [일봉]
015760  한국전력      40,950    0.0    +0.0%    0.0x     중간  0.92  0pt/0 [일봉]
061250  화일약품       8,900    0.0    +0.0%    0.0x     중간  0.23  0pt/0 [일봉]
217820  원익피앤이      2,970   52.9    -0.5%    0.4x     하단  8.44  6pt/0 [5분]
001510  SK증권       3,910   80.0    +1.6%    0.2x     상단  3.27  3pt/0 [5분]
056080  유진로봇      24,100   53.6    -0.8%    0.3x     하단  2.56  6pt/1 [5분]
084850  아이티엠반도체   15,220    0.0    +0.0%    0.0x     중간  0.21  0pt/0 [일봉]
⛔ 금양(001570) 호가 없음 (거래정지 의심)

══════════════════════════════════════════════════
⏰ 오전 매수 세션 종료 (11:30↑) — 신규 매수 중단
→ 전종목 HOLD
✅ Discord 전송 완료

[12:48] HOLD | KODEX RSI72/+3.6%⬆️ | 보유:유진로봇(056080) -1.0% | 최고신호 원익피앤이(217820) 6pt/4pt [RSI53★ / BB하단★ / 호가8.4★]
💰 예수금 72,821원 | KODEX200 RSI72/+3.6% 상승추세⬆️  | 매수기준 점수4pt↑
📦 보유 유진로봇(056080) 1주 -1.0%

코드      종목명           가격    RSI     변화율    거래량     BB   호가비  B/S
────────────────────────────────────────────────────────────────────────
[2단계 분석 대상: 056080, 217820, 066970, 035720, 403870, 068270]
403870  HPSP      62,000   38.1   +13.2%    2.3x     상단  2.28  4pt/0 [5분]
⛔ 아우토크립트(137040) 호가 없음 (거래정지 의심)
035720  카카오       41,350   61.5    -1.3%    0.5x     하단  2.39  4pt/0 [5분]
015760  한국전력      40,950    0.0    +0.0%    0.0x     중간  0.89  0pt/0 [일봉]
061250  화일약품       8,900    0.0    +0.0%    0.0x     중간  0.19  0pt/0 [일봉]
217820  원익피앤이      2,970   42.9    -0.5%    0.4x     하단  9.06  6pt/0 [5분]
001510  SK증권       3,940    0.0    +0.0%    0.0x     중간  1.27  1pt/0 [일봉]
056080  유진로봇      24,100   56.7    -0.8%    0.3x     하단  2.73  6pt/1 [5분]
084850  아이티엠반도체   15,220    0.0    +0.0%    0.0x     중간  0.24  0pt/0 [일봉]
⛔ 금양(001570) 호가 없음 (거래정지 의심)

══════════════════════════════════════════════════
⏰ 오전 매수 세션 종료 (11:30↑) — 신규 매수 중단
→ 전종목 HOLD
✅ Discord 전송 완료

[12:50] HOLD | KODEX RSI72/+3.6%⬆️ | 보유:유진로봇(056080) -1.0% | 최고신호 원익피앤이(217820) 6pt/4pt [RSI43★ / BB하단★ / 호가9.1★]
💰 예수금 72,821원 | KODEX200 RSI72/+3.5% 상승추세⬆️  | 매수기준 점수4pt↑
📦 보유 유진로봇(056080) 1주 -0.9%

코드      종목명           가격    RSI     변화율    거래량     BB   호가비  B/S
────────────────────────────────────────────────────────────────────────
[2단계 분석 대상: 056080, 217820, 066970, 403870, 035720, 012450]
403870  HPSP      61,800   38.1   +12.8%    2.3x     상단  3.16  4pt/0 [5분]
⛔ 아우토크립트(137040) 호가 없음 (거래정지 의심)
035720  카카오       41,350   61.5    -1.3%    0.5x     하단  2.29  4pt/0 [5분]
015760  한국전력      40,900    0.0    +0.0%    0.0x     중간  1.02  0pt/0 [일봉]
061250  화일약품       8,900    0.0    +0.0%    0.0x     중간  0.18  0pt/0 [일봉]
217820  원익피앤이      2,975   42.9    -0.3%    0.4x     하단  8.54  6pt/0 [5분]
001510  SK증권       3,935    0.0    +0.0%    0.0x     중간  1.61  2pt/0 [일봉]
056080  유진로봇      24,150   56.7    -0.6%    0.3x     하단  2.17  6pt/1 [5분]
084850  아이티엠반도체   15,220    0.0    +0.0%    0.0x     중간  0.21  0pt/0 [일봉]
⛔ 금양(001570) 호가 없음 (거래정지 의심)

══════════════════════════════════════════════════
⏰ 오전 매수 세션 종료 (11:30↑) — 신규 매수 중단
→ 전종목 HOLD
✅ Discord 전송 완료

[12:52] HOLD | KODEX RSI72/+3.5%⬆️ | 보유:유진로봇(056080) -0.9% | 최고신호 원익피앤이(217820) 6pt/4pt [RSI43★ / BB하단★ / 호가8.5★]
💰 예수금 72,821원 | KODEX200 RSI71/+3.5% 상승추세⬆️  | 매수기준 점수4pt↑
📦 보유 유진로봇(056080) 1주 -0.8%

코드      종목명           가격    RSI     변화율    거래량     BB   호가비  B/S
────────────────────────────────────────────────────────────────────────
[2단계 분석 대상: 056080, 217820, 066970, 403870, 006400, 035720]
403870  HPSP      61,700   45.5   +12.6%    2.3x     상단  3.88  5pt/0 [5분]
⛔ 아우토크립트(137040) 호가 없음 (거래정지 의심)
035720  카카오       41,350   54.5    -1.2%    0.5x     하단  2.30  7pt/0 [5분]
015760  한국전력      40,950    0.0    +0.0%    0.0x     중간  1.04  0pt/0 [일봉]
061250  화일약품       8,880    0.0    +0.0%    0.0x     중간  0.22  0pt/0 [일봉]
217820  원익피앤이      2,975   40.0    -0.3%    0.4x     하단  8.30  6pt/0 [5분]
001510  SK증권       3,940    0.0    +0.0%    0.0x     중간  1.28  1pt/0 [일봉]
056080  유진로봇      24,150   39.3    -0.8%    0.3x     하단  2.15  6pt/1 [5분]
084850  아이티엠반도체   15,220    0.0    +0.0%    0.0x     중간  0.27  0pt/0 [일봉]
⛔ 금양(001570) 호가 없음 (거래정지 의심)

══════════════════════════════════════════════════
⏰ 오전 매수 세션 종료 (11:30↑) — 신규 매수 중단
→ 전종목 HOLD
✅ Discord 전송 완료

[12:54] HOLD | KODEX RSI71/+3.5%⬆️ | 보유:유진로봇(056080) -0.8% | 최고신호 카카오(035720) 7pt/4pt [RSI54★ / BB하단★ / 호가2.3★ / 거래량증가]
💰 예수금 72,821원 | KODEX200 RSI72/+3.6% 상승추세⬆️  | 매수기준 점수4pt↑
📦 보유 유진로봇(056080) 1주 -1.0%

코드      종목명           가격    RSI     변화율    거래량     BB   호가비  B/S
────────────────────────────────────────────────────────────────────────
[2단계 분석 대상: 056080, 217820, 066970, 403870, 006400, 035720]
403870  HPSP      61,700   45.5   +12.8%    2.3x     상단  3.55  5pt/0 [5분]
⛔ 아우토크립트(137040) 호가 없음 (거래정지 의심)
035720  카카오       41,350   54.5    -1.3%    0.5x     하단  2.33  7pt/0 [5분]
015760  한국전력      40,950    0.0    +0.0%    0.0x     중간  1.05  0pt/0 [일봉]
061250  화일약품       8,850    0.0    +0.0%    0.0x     중간  0.23  0pt/0 [일봉]
217820  원익피앤이      2,970   40.0    -0.5%    0.4x     하단  8.98  6pt/0 [5분]
001510  SK증권       3,940    0.0    +0.0%    0.0x     중간  1.55  2pt/0 [일봉]
056080  유진로봇      24,150   39.3    -0.8%    0.3x     하단  2.25  6pt/1 [5분]
084850  아이티엠반도체   15,210    0.0    +0.0%    0.0x     중간  0.27  0pt/0 [일봉]
⛔ 금양(001570) 호가 없음 (거래정지 의심)

══════════════════════════════════════════════════
⏰ 오전 매수 세션 종료 (11:30↑) — 신규 매수 중단
→ 전종목 HOLD
✅ Discord 전송 완료

[12:56] HOLD | KODEX RSI72/+3.6%⬆️ | 보유:유진로봇(056080) -1.0% | 최고신호 카카오(035720) 7pt/4pt [RSI54★ / BB하단★ / 호가2.3★ / 거래량증가]
💰 예수금 72,821원 | KODEX200 RSI72/+3.6% 상승추세⬆️  | 매수기준 점수4pt↑
📦 보유 유진로봇(056080) 1주 -1.0%

코드      종목명           가격    RSI     변화율    거래량     BB   호가비  B/S
────────────────────────────────────────────────────────────────────────
[2단계 분석 대상: 056080, 217820, 066970, 006400, 403870, 035720]
403870  HPSP      61,800   45.5   +12.8%    2.3x     상단  2.45  5pt/0 [5분]
⛔ 아우토크립트(137040) 호가 없음 (거래정지 의심)
035720  카카오       41,300   54.5    -1.4%    0.5x     하단  2.33  7pt/0 [5분]
015760  한국전력      40,950    0.0    +0.0%    0.0x     중간  0.77  0pt/0 [일봉]
061250  화일약품       8,850    0.0    +0.0%    0.0x     중간  0.27  0pt/0 [일봉]
217820  원익피앤이      2,975   40.0    -0.5%    0.4x     하단  8.46  6pt/0 [5분]
001510  SK증권       3,955    0.0    +0.0%    0.0x     중간  0.26  0pt/0 [일봉]
056080  유진로봇      24,100   39.3    -0.8%    0.3x     하단  2.93  6pt/1 [5분]
084850  아이티엠반도체   15,200    0.0    +0.0%    0.0x     중간  0.60  0pt/0 [일봉]
⛔ 금양(001570) 호가 없음 (거래정지 의심)

══════════════════════════════════════════════════
⏰ 오전 매수 세션 종료 (11:30↑) — 신규 매수 중단
→ 전종목 HOLD
✅ Discord 전송 완료

[12:58] HOLD | KODEX RSI72/+3.6%⬆️ | 보유:유진로봇(056080) -1.0% | 최고신호 카카오(035720) 7pt/4pt [RSI54★ / BB하단★ / 호가2.3★ / 거래량증가]
💰 예수금 72,821원 | KODEX200 RSI72/+3.6% 상승추세⬆️  | 매수기준 점수4pt↑
📦 보유 유진로봇(056080) 1주 -1.0%

코드      종목명           가격    RSI     변화율    거래량     BB   호가비  B/S
────────────────────────────────────────────────────────────────────────
[2단계 분석 대상: 056080, 217820, 066970, 006400, 403870, 035720]
403870  HPSP      61,800   43.5   +12.8%    2.3x     상단  2.64  5pt/0 [5분]
⛔ 아우토크립트(137040) 호가 없음 (거래정지 의심)
035720  카카오       41,250   60.0    -1.6%    0.5x     하단  2.32  7pt/0 [5분]
015760  한국전력      40,950    0.0    +0.0%    0.0x     중간  0.89  0pt/0 [일봉]
061250  화일약품       8,840    0.0    +0.0%    0.0x     중간  0.34  0pt/0 [일봉]
217820  원익피앤이      2,965   33.3    -0.7%    0.4x     하단  8.17  5pt/0 [5분]
001510  SK증권       3,965    0.0    +0.0%    0.0x     중간  0.13  0pt/0 [일봉]
056080  유진로봇      24,150   57.7    -0.8%    0.3x     하단  2.36  6pt/1 [5분]
084850  아이티엠반도체   15,200    0.0    +0.0%    0.0x     중간  0.57  0pt/0 [일봉]
⛔ 금양(001570) 호가 없음 (거래정지 의심)

══════════════════════════════════════════════════
⏰ 오전 매수 세션 종료 (11:30↑) — 신규 매수 중단
→ 전종목 HOLD
✅ Discord 전송 완료

[13:00] HOLD | KODEX RSI72/+3.6%⬆️ | 보유:유진로봇(056080) -1.0% | 최고신호 카카오(035720) 7pt/4pt [RSI60★ / BB하단★ / 호가2.3★ / 거래량증가]
💰 예수금 72,821원 | KODEX200 RSI72/+3.6% 상승추세⬆️  | 매수기준 점수4pt↑
📦 보유 유진로봇(056080) 1주 -1.0%

코드      종목명           가격    RSI     변화율    거래량     BB   호가비  B/S
────────────────────────────────────────────────────────────────────────
[2단계 분석 대상: 056080, 217820, 066970, 403870, 006400, 035720]
403870  HPSP      61,600   43.5   +12.6%    2.3x     상단  3.88  5pt/0 [5분]
⛔ 아우토크립트(137040) 호가 없음 (거래정지 의심)
035720  카카오       41,250   60.0    -1.6%    0.5x     하단  2.37  7pt/0 [5분]
015760  한국전력      41,000    0.0    +0.0%    0.0x     중간  0.94  0pt/0 [일봉]
061250  화일약품       8,830    0.0    +0.0%    0.0x     중간  0.35  0pt/0 [일봉]
217820  원익피앤이      2,965   33.3    -0.7%    0.4x     하단  8.21  5pt/0 [5분]
001510  SK증권       4,080    0.0    +0.0%    0.0x     중간  0.28  0pt/0 [일봉]
056080  유진로봇      24,100   57.7    -0.8%    0.3x     하단  2.92  6pt/1 [5분]
084850  아이티엠반도체   15,200    0.0    +0.0%    0.0x     중간  0.38  0pt/0 [일봉]
⛔ 금양(001570) 호가 없음 (거래정지 의심)

══════════════════════════════════════════════════
⏰ 오전 매수 세션 종료 (11:30↑) — 신규 매수 중단
→ 전종목 HOLD
✅ Discord 전송 완료

[13:02] HOLD | KODEX RSI72/+3.6%⬆️ | 보유:유진로봇(056080) -1.0% | 최고신호 카카오(035720) 7pt/4pt [RSI60★ / BB하단★ / 호가2.4★ / 거래량증가]
💰 예수금 72,821원 | KODEX200 RSI72/+3.6% 상승추세⬆️  | 매수기준 점수4pt↑
📦 보유 유진로봇(056080) 1주 -0.8%

코드      종목명           가격    RSI     변화율    거래량     BB   호가비  B/S
────────────────────────────────────────────────────────────────────────
[2단계 분석 대상: 056080, 217820, 066970, 403870, 068270, 006400]
403870  HPSP      61,500   43.5   +12.4%    2.4x     상단  3.92  5pt/0 [5분]
⛔ 아우토크립트(137040) 호가 없음 (거래정지 의심)
035720  카카오       41,200    0.0    +0.0%    0.0x     중간  2.58  2pt/0 [일봉]
015760  한국전력      41,000    0.0    +0.0%    0.0x     중간  0.89  0pt/0 [일봉]
061250  화일약품       8,830    0.0    +0.0%    0.0x     중간  0.27  0pt/0 [일봉]
217820  원익피앤이      2,965   31.2    -0.8%    0.4x     하단  8.07  5pt/0 [5분]
001510  SK증권       4,055    0.0    +0.0%    0.0x     중간  0.34  0pt/0 [일봉]
056080  유진로봇      24,150   50.0    -0.6%    0.3x     하단  2.32  6pt/1 [5분]
084850  아이티엠반도체   15,200    0.0    +0.0%    0.0x     중간  0.44  0pt/0 [일봉]
⛔ 금양(001570) 호가 없음 (거래정지 의심)

══════════════════════════════════════════════════
⏰ 오전 매수 세션 종료 (11:30↑) — 신규 매수 중단
→ 전종목 HOLD
✅ Discord 전송 완료

[13:04] HOLD | KODEX RSI72/+3.6%⬆️ | 보유:유진로봇(056080) -0.8% | 최고신호 유진로봇(056080) 6pt/4pt [RSI50★ / BB하단★ / 호가2.3★]
💰 예수금 72,821원 | KODEX200 RSI71/+3.5% 상승추세⬆️  | 매수기준 점수4pt↑
📦 보유 유진로봇(056080) 1주 -0.8%

코드      종목명           가격    RSI     변화율    거래량     BB   호가비  B/S
────────────────────────────────────────────────────────────────────────
[2단계 분석 대상: 056080, 217820, 066970, 403870, 006400, 035720]
403870  HPSP      61,600   43.5   +12.4%    2.4x     상단  3.12  5pt/0 [5분]
⛔ 아우토크립트(137040) 호가 없음 (거래정지 의심)
035720  카카오       41,200   40.0    -1.6%    0.5x     하단  2.73  6pt/0 [5분]
015760  한국전력      40,950    0.0    +0.0%    0.0x     중간  0.99  0pt/0 [일봉]
061250  화일약품       8,830    0.0    +0.0%    0.0x     중간  0.27  0pt/0 [일봉]
217820  원익피앤이      2,965   31.2    -0.7%    0.4x     하단  7.65  5pt/0 [5분]
001510  SK증권       4,040    0.0    +0.0%    0.0x     중간  1.68  2pt/0 [일봉]
056080  유진로봇      24,150   50.0    -0.7%    0.3x     하단  2.35  6pt/1 [5분]
084850  아이티엠반도체   15,210    0.0    +0.0%    0.0x     중간  0.34  0pt/0 [일봉]
⛔ 금양(001570) 호가 없음 (거래정지 의심)

══════════════════════════════════════════════════
⏰ 오전 매수 세션 종료 (11:30↑) — 신규 매수 중단
→ 전종목 HOLD
✅ Discord 전송 완료

[13:06] HOLD | KODEX RSI71/+3.5%⬆️ | 보유:유진로봇(056080) -0.8% | 최고신호 카카오(035720) 6pt/4pt [RSI40★ / BB하단★ / 호가2.7★]
💰 예수금 72,821원 | KODEX200 RSI72/+3.6% 상승추세⬆️  | 매수기준 점수4pt↑
📦 보유 유진로봇(056080) 1주 -1.0%

코드      종목명           가격    RSI     변화율    거래량     BB   호가비  B/S
────────────────────────────────────────────────────────────────────────
[2단계 분석 대상: 056080, 217820, 403870, 066970, 259960, 035720]
403870  HPSP      61,500   43.5   +12.4%    2.4x     상단  4.69  5pt/0 [5분]
⛔ 아우토크립트(137040) 호가 없음 (거래정지 의심)
035720  카카오       41,200   40.0    -1.7%    0.5x     하단  2.64  6pt/0 [5분]
015760  한국전력      40,950    0.0    +0.0%    0.0x     중간  0.99  0pt/0 [일봉]
061250  화일약품       8,830    0.0    +0.0%    0.0x     중간  0.27  0pt/0 [일봉]
217820  원익피앤이      2,965   31.2    -0.7%    0.4x     하단  7.30  5pt/0 [5분]
001510  SK증권       4,085    0.0    +0.0%    0.0x     중간  0.26  0pt/0 [일봉]
056080  유진로봇      24,050   50.0    -1.2%    0.3x     하단  2.46  6pt/1 [5분]
084850  아이티엠반도체   15,290    0.0    +0.0%    0.0x     중간  0.24  0pt/0 [일봉]
⛔ 금양(001570) 호가 없음 (거래정지 의심)

══════════════════════════════════════════════════
⏰ 오전 매수 세션 종료 (11:30↑) — 신규 매수 중단
→ 전종목 HOLD
✅ Discord 전송 완료

[13:08] HOLD | KODEX RSI72/+3.6%⬆️ | 보유:유진로봇(056080) -1.0% | 최고신호 카카오(035720) 6pt/4pt [RSI40★ / BB하단★ / 호가2.6★]
💰 예수금 72,821원 | KODEX200 RSI72/+3.6% 상승추세⬆️  | 매수기준 점수4pt↑
📦 보유 유진로봇(056080) 1주 -1.4%

코드      종목명           가격    RSI     변화율    거래량     BB   호가비  B/S
────────────────────────────────────────────────────────────────────────
[2단계 분석 대상: 056080, 217820, 403870, 066970, 068270, 035720]
403870  HPSP      61,500   41.7   +12.4%    2.4x     상단  4.49  5pt/0 [5분]
⛔ 아우토크립트(137040) 호가 없음 (거래정지 의심)
035720  카카오       41,150   21.7    -1.7%    0.5x     하단  2.86  5pt/0 [5분]
015760  한국전력      40,950    0.0    +0.0%    0.0x     중간  1.04  0pt/0 [일봉]
061250  화일약품       8,830    0.0    +0.0%    0.0x     중간  0.32  0pt/0 [일봉]
217820  원익피앤이      2,965   33.7    -0.8%    0.4x     하단  7.21  5pt/0 [5분]
001510  SK증권       4,070    0.0    +0.0%    0.0x     중간  1.28  1pt/0 [일봉]
056080  유진로봇      24,050   50.0    -1.2%    0.3x     하단  2.45  7pt/1 [5분]
084850  아이티엠반도체   15,290    0.0    +0.0%    0.0x     중간  0.34  0pt/0 [일봉]
⛔ 금양(001570) 호가 없음 (거래정지 의심)

══════════════════════════════════════════════════
⚠️  손실 주의 유진로봇(056080) -1.4% (비상손절 -2.5% 임박)
⏰ 오전 매수 세션 종료 (11:30↑) — 신규 매수 중단
→ 전종목 HOLD
✅ Discord 전송 완료

[13:10] HOLD | KODEX RSI72/+3.6%⬆️ | 보유:유진로봇(056080) -1.4% | 최고신호 유진로봇(056080) 7pt/4pt [RSI50★ / BB하단★ / 호가2.5★ / 거래량증가]
💰 예수금 72,821원 | KODEX200 RSI72/+3.7% 상승추세⬆️  | 매수기준 점수4pt↑
📦 보유 유진로봇(056080) 1주 -1.2%

코드      종목명           가격    RSI     변화율    거래량     BB   호가비  B/S
────────────────────────────────────────────────────────────────────────
[2단계 분석 대상: 056080, 217820, 066970, 403870, 068270, 012450]
403870  HPSP      61,300   41.7   +11.9%    2.4x     상단  5.11  5pt/0 [5분]
⛔ 아우토크립트(137040) 호가 없음 (거래정지 의심)
035720  카카오       41,150    0.0    +0.0%    0.0x     중간  2.91  2pt/0 [일봉]
015760  한국전력      40,900    0.0    +0.0%    0.0x     중간  1.04  0pt/0 [일봉]
061250  화일약품       8,820    0.0    +0.0%    0.0x     중간  0.40  0pt/0 [일봉]
217820  원익피앤이      2,960   33.7    -0.8%    0.4x     하단  5.92  5pt/0 [5분]
001510  SK증권       4,030    0.0    +0.0%    0.0x     중간  1.91  2pt/0 [일봉]
056080  유진로봇      24,050   50.0    -1.2%    0.3x     하단  2.41  7pt/1 [5분]
084850  아이티엠반도체   15,300    0.0    +0.0%    0.0x     중간  0.40  0pt/0 [일봉]
⛔ 금양(001570) 호가 없음 (거래정지 의심)

══════════════════════════════════════════════════
⚠️  손실 주의 유진로봇(056080) -1.2% (비상손절 -2.5% 임박)
⏰ 오전 매수 세션 종료 (11:30↑) — 신규 매수 중단
→ 전종목 HOLD
✅ Discord 전송 완료

[13:12] HOLD | KODEX RSI72/+3.7%⬆️ | 보유:유진로봇(056080) -1.2% | 최고신호 유진로봇(056080) 7pt/4pt [RSI50★ / BB하단★ / 호가2.4★ / 거래량증가]
💰 예수금 72,821원 | KODEX200 RSI72/+3.8% 상승추세⬆️  | 매수기준 점수4pt↑
📦 보유 유진로봇(056080) 1주 -1.2%

코드      종목명           가격    RSI     변화율    거래량     BB   호가비  B/S
────────────────────────────────────────────────────────────────────────
[2단계 분석 대상: 056080, 217820, 066970, 001510, 068270, 035720]
403870  HPSP      61,600    0.0    +0.0%    0.0x     중간  2.62  2pt/0 [일봉]
⛔ 아우토크립트(137040) 호가 없음 (거래정지 의심)
035720  카카오       41,150   34.6    -1.8%    0.5x     하단  2.74  5pt/0 [5분]
015760  한국전력      40,900    0.0    +0.0%    0.0x     중간  1.07  0pt/0 [일봉]
061250  화일약품       8,860    0.0    +0.0%    0.0x     중간  0.26  0pt/0 [일봉]
217820  원익피앤이      2,955   33.7    -1.0%    0.4x     하단  6.41  5pt/0 [5분]
001510  SK증권       4,015   71.4    +4.2%    0.4x     상단  3.80  4pt/0 [5분]
056080  유진로봇      24,050   50.0    -1.0%    0.3x     하단  2.25  8pt/0 [5분]
084850  아이티엠반도체   15,300    0.0    +0.0%    0.0x     중간  0.40  0pt/0 [일봉]
⛔ 금양(001570) 호가 없음 (거래정지 의심)

══════════════════════════════════════════════════
⚠️  손실 주의 유진로봇(056080) -1.2% (비상손절 -2.5% 임박)
⏰ 오전 매수 세션 종료 (11:30↑) — 신규 매수 중단
→ 전종목 HOLD
✅ Discord 전송 완료

[13:14] HOLD | KODEX RSI72/+3.8%⬆️ | 보유:유진로봇(056080) -1.2% | 최고신호 유진로봇(056080) 8pt/4pt [RSI50★ / BB하단★ / MA골 / 호가2.2★ / 거래량증가]
💰 예수금 72,821원 | KODEX200 RSI72/+3.8% 상승추세⬆️  | 매수기준 점수4pt↑
📦 보유 유진로봇(056080) 1주 -1.4%

코드      종목명           가격    RSI     변화율    거래량     BB   호가비  B/S
────────────────────────────────────────────────────────────────────────
[2단계 분석 대상: 056080, 217820, 066970, 001510, 403870, 207940]
403870  HPSP      61,400   50.0   +12.1%    2.4x     상단  3.52  5pt/0 [5분]
⛔ 아우토크립트(137040) 호가 없음 (거래정지 의심)
035720  카카오       41,150    0.0    +0.0%    0.0x     중간  2.45  2pt/0 [일봉]
015760  한국전력      40,850    0.0    +0.0%    0.0x     중간  1.01  0pt/0 [일봉]
061250  화일약품       8,860    0.0    +0.0%    0.0x     중간  0.21  0pt/0 [일봉]
217820  원익피앤이      2,955   37.5    -1.0%    0.4x     하단  8.19  6pt/0 [5분]
001510  SK증권       4,010   71.4    +3.9%    0.4x     상단  4.28  4pt/0 [5분]
056080  유진로봇      24,050   50.0    -1.2%    0.3x     하단  2.34  8pt/0 [5분]
084850  아이티엠반도체   15,300    0.0    +0.0%    0.0x     중간  0.39  0pt/0 [일봉]
⛔ 금양(001570) 호가 없음 (거래정지 의심)

══════════════════════════════════════════════════
⚠️  손실 주의 유진로봇(056080) -1.4% (비상손절 -2.5% 임박)
⏰ 오전 매수 세션 종료 (11:30↑) — 신규 매수 중단
→ 전종목 HOLD
✅ Discord 전송 완료

[13:16] HOLD | KODEX RSI72/+3.8%⬆️ | 보유:유진로봇(056080) -1.4% | 최고신호 유진로봇(056080) 8pt/4pt [RSI50★ / BB하단★ / MA골 / 호가2.3★ / 거래량증가]
💰 예수금 72,821원 | KODEX200 RSI72/+3.8% 상승추세⬆️  | 매수기준 점수4pt↑
📦 보유 유진로봇(056080) 1주 -1.2%

코드      종목명           가격    RSI     변화율    거래량     BB   호가비  B/S
────────────────────────────────────────────────────────────────────────
[2단계 분석 대상: 056080, 217820, 066970, 403870, 207940, 012450]
403870  HPSP      61,100   50.0   +11.5%    2.4x     상단  4.00  5pt/0 [5분]
⛔ 아우토크립트(137040) 호가 없음 (거래정지 의심)
035720  카카오       41,150    0.0    +0.0%    0.0x     중간  2.41  2pt/0 [일봉]
015760  한국전력      40,850    0.0    +0.0%    0.0x     중간  1.11  0pt/0 [일봉]
061250  화일약품       8,860    0.0    +0.0%    0.0x     중간  0.21  0pt/0 [일봉]
217820  원익피앤이      2,955   37.5    -1.2%    0.4x     하단  8.26  6pt/0 [5분]
001510  SK증권       4,020    0.0    +0.0%    0.0x     중간  2.03  2pt/0 [일봉]
056080  유진로봇      24,050   50.0    -1.0%    0.3x     하단  2.40  8pt/0 [5분]
084850  아이티엠반도체   15,300    0.0    +0.0%    0.0x     중간  0.29  0pt/0 [일봉]
⛔ 금양(001570) 호가 없음 (거래정지 의심)

══════════════════════════════════════════════════
⚠️  손실 주의 유진로봇(056080) -1.2% (비상손절 -2.5% 임박)
⏰ 오전 매수 세션 종료 (11:30↑) — 신규 매수 중단
→ 전종목 HOLD
✅ Discord 전송 완료

[13:18] HOLD | KODEX RSI72/+3.8%⬆️ | 보유:유진로봇(056080) -1.2% | 최고신호 유진로봇(056080) 8pt/4pt [RSI50★ / BB하단★ / MA골 / 호가2.4★ / 거래량증가]
💰 예수금 72,821원 | KODEX200 RSI72/+3.7% 상승추세⬆️  | 매수기준 점수4pt↑
📦 보유 유진로봇(056080) 1주 -1.2%

코드      종목명           가격    RSI     변화율    거래량     BB   호가비  B/S
────────────────────────────────────────────────────────────────────────
[2단계 분석 대상: 056080, 217820, 066970, 068270, 138040, 403870]
403870  HPSP      61,100   52.4   +11.5%    2.4x     상단  2.44  6pt/0 [5분]
⛔ 아우토크립트(137040) 호가 없음 (거래정지 의심)
035720  카카오       41,100    0.0    +0.0%    0.0x     중간  2.42  2pt/0 [일봉]
015760  한국전력      40,850    0.0    +0.0%    0.0x     중간  1.15  0pt/0 [일봉]
061250  화일약품       8,840    0.0    +0.0%    0.0x     중간  0.36  0pt/0 [일봉]
217820  원익피앤이      2,955   41.1    -1.2%    0.4x     하단  8.49  7pt/0 [5분]
001510  SK증권       4,005    0.0    +0.0%    0.0x     중간  2.15  2pt/0 [일봉]
056080  유진로봇      23,950   53.6    -1.4%    0.3x     하단  1.43  6pt/0 [5분]
084850  아이티엠반도체   15,300    0.0    +0.0%    0.0x     중간  0.39  0pt/0 [일봉]
⛔ 금양(001570) 호가 없음 (거래정지 의심)

══════════════════════════════════════════════════
⚠️  손실 주의 유진로봇(056080) -1.2% (비상손절 -2.5% 임박)
⏰ 오전 매수 세션 종료 (11:30↑) — 신규 매수 중단
→ 전종목 HOLD
✅ Discord 전송 완료

[13:20] HOLD | KODEX RSI72/+3.7%⬆️ | 보유:유진로봇(056080) -1.2% | 최고신호 원익피앤이(217820) 7pt/4pt [RSI41★ / BB하단★ / MA골 / 호가8.5★]
💰 예수금 72,822원 | KODEX200 RSI72/+3.7% 상승추세⬆️  | 매수기준 점수4pt↑
📦 보유 유진로봇(056080) 1주 -1.6%

코드      종목명           가격    RSI     변화율    거래량     BB   호가비  B/S
────────────────────────────────────────────────────────────────────────
[2단계 분석 대상: 056080, 066970, 217820, 247540, 001510, 403870]
403870  HPSP      61,100   52.4   +11.7%    2.4x     상단  2.63  6pt/0 [5분]
⛔ 아우토크립트(137040) 호가 없음 (거래정지 의심)
035720  카카오       41,100    0.0    +0.0%    0.0x     중간  2.43  2pt/0 [일봉]
015760  한국전력      40,800    0.0    +0.0%    0.0x     중간  1.26  1pt/0 [일봉]
061250  화일약품       8,830    0.0    +0.0%    0.0x     중간  0.38  0pt/0 [일봉]
217820  원익피앤이      2,955   41.1    -1.0%    0.4x     하단  3.64  6pt/0 [5분]
001510  SK증권       3,985   76.9    +3.6%    0.4x     상단  2.90  4pt/0 [5분]
056080  유진로봇      23,950   53.6    -1.4%    0.3x     하단  1.82  6pt/0 [5분]
084850  아이티엠반도체   15,290    0.0    +0.0%    0.0x     중간  0.49  0pt/0 [일봉]
⛔ 금양(001570) 호가 없음 (거래정지 의심)

══════════════════════════════════════════════════
⚠️  손실 주의 유진로봇(056080) -1.6% (비상손절 -2.5% 임박)
⏰ 오전 매수 세션 종료 (11:30↑) — 신규 매수 중단
→ 전종목 HOLD
✅ Discord 전송 완료

[13:22] HOLD | KODEX RSI72/+3.7%⬆️ | 보유:유진로봇(056080) -1.6% | 최고신호 HPSP(403870) 6pt/4pt [RSI52★ / 거래량2.4x / 호가2.6★ / 거래량증가]
💰 예수금 72,822원 | KODEX200 RSI72/+3.7% 상승추세⬆️  | 매수기준 점수4pt↑
📦 보유 유진로봇(056080) 1주 -1.6%

코드      종목명           가격    RSI     변화율    거래량     BB   호가비  B/S
────────────────────────────────────────────────────────────────────────
[2단계 분석 대상: 056080, 066970, 001510, 068270, 403870, 138040]
403870  HPSP      61,100   43.5   +11.7%    2.4x     상단  2.76  6pt/0 [5분]
⛔ 아우토크립트(137040) 호가 없음 (거래정지 의심)
035720  카카오       41,100    0.0    +0.0%    0.0x     중간  2.21  2pt/0 [일봉]
015760  한국전력      40,800    0.0    +0.0%    0.0x     중간  1.40  1pt/0 [일봉]
061250  화일약품       8,830    0.0    +0.0%    0.0x     중간  0.37  0pt/0 [일봉]
217820  원익피앤이      2,945    0.0    +0.0%    0.0x     중간  2.46  2pt/0 [일봉]
001510  SK증권       4,000   55.6    +3.9%    0.4x     상단  3.54  5pt/0 [5분]
056080  유진로봇      23,950   51.9    -1.5%    0.3x     하단  1.41  5pt/0 [5분]
084850  아이티엠반도체   15,300    0.0    +0.0%    0.0x     중간  0.70  0pt/0 [일봉]
⛔ 금양(001570) 호가 없음 (거래정지 의심)

══════════════════════════════════════════════════
⚠️  손실 주의 유진로봇(056080) -1.6% (비상손절 -2.5% 임박)
⏰ 오전 매수 세션 종료 (11:30↑) — 신규 매수 중단
→ 전종목 HOLD
✅ Discord 전송 완료

[13:24] HOLD | KODEX RSI72/+3.7%⬆️ | 보유:유진로봇(056080) -1.6% | 최고신호 HPSP(403870) 6pt/4pt [RSI44★ / 거래량2.4x / 호가2.8★ / 거래량증가]
💰 예수금 72,822원 | KODEX200 RSI72/+3.7% 상승추세⬆️  | 매수기준 점수4pt↑
📦 보유 유진로봇(056080) 1주 -1.8%

코드      종목명           가격    RSI     변화율    거래량     BB   호가비  B/S
────────────────────────────────────────────────────────────────────────
[2단계 분석 대상: 056080, 066970, 001510, 217820, 138040, 006400]
403870  HPSP      61,100    0.0    +0.0%    0.0x     중간  2.61  2pt/0 [일봉]
⛔ 아우토크립트(137040) 호가 없음 (거래정지 의심)
035720  카카오       41,100    0.0    +0.0%    0.0x     중간  2.19  2pt/0 [일봉]
015760  한국전력      40,800    0.0    +0.0%    0.0x     중간  1.46  1pt/0 [일봉]
061250  화일약품       8,820    0.0    +0.0%    0.0x     중간  0.59  0pt/0 [일봉]
217820  원익피앤이      2,945   46.9    -1.5%    0.5x     하단  3.42  6pt/0 [5분]
001510  SK증권       3,990   55.6    +3.4%    0.4x     상단  5.45  5pt/0 [5분]
056080  유진로봇      23,950   51.9    -1.4%    0.3x     하단  1.53  6pt/0 [5분]
084850  아이티엠반도체   15,240    0.0    +0.0%    0.0x     중간  0.68  0pt/0 [일봉]
⛔ 금양(001570) 호가 없음 (거래정지 의심)

══════════════════════════════════════════════════
⚠️  손실 주의 유진로봇(056080) -1.8% (비상손절 -2.5% 임박)
⏰ 오전 매수 세션 종료 (11:30↑) — 신규 매수 중단
→ 전종목 HOLD
✅ Discord 전송 완료

[13:26] HOLD | KODEX RSI72/+3.7%⬆️ | 보유:유진로봇(056080) -1.8% | 최고신호 원익피앤이(217820) 6pt/4pt [RSI47★ / BB하단 / MA골 / 호가3.4★]
💰 예수금 72,822원 | KODEX200 RSI72/+3.7% 상승추세⬆️  | 매수기준 점수4pt↑
📦 보유 유진로봇(056080) 1주 -1.6%

코드      종목명           가격    RSI     변화율    거래량     BB   호가비  B/S
────────────────────────────────────────────────────────────────────────
[2단계 분석 대상: 056080, 066970, 001510, 403870, 012450, 217820]
403870  HPSP      61,000   43.5   +11.5%    2.4x     상단  3.48  6pt/0 [5분]
⛔ 아우토크립트(137040) 호가 없음 (거래정지 의심)
035720  카카오       41,050    0.0    +0.0%    0.0x     중간  1.57  2pt/0 [일봉]
015760  한국전력      40,800    0.0    +0.0%    0.0x     중간  1.51  2pt/0 [일봉]
061250  화일약품       8,800    0.0    +0.0%    0.0x     중간  0.43  0pt/0 [일봉]
217820  원익피앤이      2,945   46.9    -1.3%    0.5x     하단  3.36  6pt/0 [5분]
001510  SK증권       3,990   55.6    +3.6%    0.4x     상단  3.79  5pt/0 [5분]
056080  유진로봇      23,950   51.9    -1.4%    0.3x     하단  1.62  6pt/0 [5분]
084850  아이티엠반도체   15,200    0.0    +0.0%    0.0x     중간  0.62  0pt/0 [일봉]
⛔ 금양(001570) 호가 없음 (거래정지 의심)

══════════════════════════════════════════════════
⚠️  손실 주의 유진로봇(056080) -1.6% (비상손절 -2.5% 임박)
⏰ 오전 매수 세션 종료 (11:30↑) — 신규 매수 중단
→ 전종목 HOLD
✅ Discord 전송 완료

[13:28] HOLD | KODEX RSI72/+3.7%⬆️ | 보유:유진로봇(056080) -1.6% | 최고신호 HPSP(403870) 6pt/4pt [RSI44★ / 거래량2.4x / 호가3.5★ / 거래량증가]
💰 예수금 72,822원 | KODEX200 RSI71/+3.5% 상승추세⬆️  | 매수기준 점수4pt↑
📦 보유 유진로봇(056080) 1주 -1.6%

코드      종목명           가격    RSI     변화율    거래량     BB   호가비  B/S
────────────────────────────────────────────────────────────────────────
[2단계 분석 대상: 056080, 066970, 001510, 068270, 403870, 217820]
403870  HPSP      61,000   40.0   +11.3%    2.4x     상단  3.50  6pt/0 [5분]
⛔ 아우토크립트(137040) 호가 없음 (거래정지 의심)
035720  카카오       41,050    0.0    +0.0%    0.0x     중간  1.67  2pt/0 [일봉]
015760  한국전력      40,700    0.0    +0.0%    0.0x     중간  2.07  2pt/0 [일봉]
061250  화일약품       8,780    0.0    +0.0%    0.0x     중간  0.40  0pt/0 [일봉]
217820  원익피앤이      2,945   46.9    -1.3%    0.5x     하단  3.43  6pt/0 [5분]
001510  SK증권       3,985   58.8    +3.5%    0.4x     상단  4.42  5pt/0 [5분]
056080  유진로봇      23,950   43.8    -1.4%    0.3x     하단  1.74  6pt/0 [5분]
084850  아이티엠반도체   15,190    0.0    +0.0%    0.0x     중간  0.61  0pt/0 [일봉]
⛔ 금양(001570) 호가 없음 (거래정지 의심)

══════════════════════════════════════════════════
⚠️  손실 주의 유진로봇(056080) -1.6% (비상손절 -2.5% 임박)
⏰ 오전 매수 세션 종료 (11:30↑) — 신규 매수 중단
→ 전종목 HOLD
✅ Discord 전송 완료

[13:30] HOLD | KODEX RSI71/+3.5%⬆️ | 보유:유진로봇(056080) -1.6% | 최고신호 HPSP(403870) 6pt/4pt [RSI40★ / 거래량2.4x / 호가3.5★ / 거래량증가]
💰 예수금 72,822원 | KODEX200 RSI71/+3.5% 상승추세⬆️  | 매수기준 점수4pt↑
📦 보유 유진로봇(056080) 1주 -1.8%

코드      종목명           가격    RSI     변화율    거래량     BB   호가비  B/S
────────────────────────────────────────────────────────────────────────
[2단계 분석 대상: 056080, 066970, 001510, 217820, 006400, 068270]
403870  HPSP      61,100    0.0    +0.0%    0.0x     중간  2.45  2pt/0 [일봉]
⛔ 아우토크립트(137040) 호가 없음 (거래정지 의심)
035720  카카오       41,050    0.0    +0.0%    0.0x     중간  1.06  0pt/0 [일봉]
015760  한국전력      40,700    0.0    +0.0%    0.0x     중간  2.01  2pt/0 [일봉]
061250  화일약품       8,760    0.0    +0.0%    0.0x     중간  0.44  0pt/0 [일봉]
217820  원익피앤이      2,945   46.9    -1.3%    0.5x     하단  3.48  6pt/0 [5분]
001510  SK증권       3,990   58.8    +3.6%    0.4x     상단  4.56  5pt/0 [5분]
056080  유진로봇      23,900   43.8    -1.9%    0.3x     하단  1.44  5pt/0 [5분]
084850  아이티엠반도체   15,200    0.0    +0.0%    0.0x     중간  0.53  0pt/0 [일봉]
⛔ 금양(001570) 호가 없음 (거래정지 의심)

══════════════════════════════════════════════════
⚠️  손실 주의 유진로봇(056080) -1.8% (비상손절 -2.5% 임박)
⏰ 오전 매수 세션 종료 (11:30↑) — 신규 매수 중단
→ 전종목 HOLD
✅ Discord 전송 완료

[13:32] HOLD | KODEX RSI71/+3.5%⬆️ | 보유:유진로봇(056080) -1.8% | 최고신호 원익피앤이(217820) 6pt/4pt [RSI47★ / BB하단 / MA골 / 호가3.5★]
💰 예수금 72,822원 | KODEX200 RSI72/+3.6% 상승추세⬆️  | 매수기준 점수4pt↑
📦 보유 유진로봇(056080) 1주 -2.2% ⚠️주의

코드      종목명           가격    RSI     변화율    거래량     BB   호가비  B/S
────────────────────────────────────────────────────────────────────────
[2단계 분석 대상: 056080, 066970, 006400, 217820, 068270, 247540]
403870  HPSP      61,200    0.0    +0.0%    0.0x     중간  2.00  2pt/0 [일봉]
⛔ 아우토크립트(137040) 호가 없음 (거래정지 의심)
035720  카카오       41,050    0.0    +0.0%    0.0x     중간  1.11  0pt/0 [일봉]
015760  한국전력      40,700    0.0    +0.0%    0.0x     중간  2.15  2pt/0 [일봉]
061250  화일약품       8,800    0.0    +0.0%    0.0x     중간  0.64  0pt/0 [일봉]
217820  원익피앤이      2,945   66.7    -1.5%    0.5x     하단  3.42  5pt/0 [5분]
001510  SK증권       4,000    0.0    +0.0%    0.0x     중간  2.14  2pt/0 [일봉]
056080  유진로봇      23,950   43.8    -1.6%    0.3x     하단  1.43  5pt/0 [5분]
084850  아이티엠반도체   15,200    0.0    +0.0%    0.0x     중간  0.67  0pt/0 [일봉]
⛔ 금양(001570) 호가 없음 (거래정지 의심)

══════════════════════════════════════════════════
⚠️  손실 주의 유진로봇(056080) -2.2% (비상손절 -2.5% 임박)
⏰ 오전 매수 세션 종료 (11:30↑) — 신규 매수 중단
→ 전종목 HOLD
✅ Discord 전송 완료

[13:34] HOLD | KODEX RSI72/+3.6%⬆️ | 보유:유진로봇(056080) -2.2% | 최고신호 원익피앤이(217820) 5pt/4pt [BB하단 / MA골 / 호가3.4★ / 거래량증가]
💰 예수금 72,822원 | KODEX200 RSI72/+3.6% 상승추세⬆️  | 매수기준 점수4pt↑
📦 보유 유진로봇(056080) 1주 -1.8%

코드      종목명           가격    RSI     변화율    거래량     BB   호가비  B/S
────────────────────────────────────────────────────────────────────────
[2단계 분석 대상: 056080, 217820, 006400, 066970, 068270, 247540]
403870  HPSP      61,300    0.0    +0.0%    0.0x     중간  1.96  2pt/0 [일봉]
⛔ 아우토크립트(137040) 호가 없음 (거래정지 의심)
035720  카카오       41,050    0.0    +0.0%    0.0x     중간  1.16  0pt/0 [일봉]
015760  한국전력      40,700    0.0    +0.0%    0.0x     중간  2.34  2pt/0 [일봉]
061250  화일약품       8,760    0.0    +0.0%    0.0x     중간  0.27  0pt/0 [일봉]
217820  원익피앤이      2,945   53.8    -1.5%    0.5x     하단  3.62  5pt/0 [5분]
001510  SK증권       3,995    0.0    +0.0%    0.0x     중간  2.44  2pt/0 [일봉]
056080  유진로봇      23,900   43.8    -1.6%    0.3x     하단  1.68  6pt/0 [5분]
084850  아이티엠반도체   15,200    0.0    +0.0%    0.0x     중간  0.35  0pt/0 [일봉]
⛔ 금양(001570) 호가 없음 (거래정지 의심)

══════════════════════════════════════════════════
⚠️  손실 주의 유진로봇(056080) -1.8% (비상손절 -2.5% 임박)
⏰ 오전 매수 세션 종료 (11:30↑) — 신규 매수 중단
→ 전종목 HOLD
✅ Discord 전송 완료

[13:36] HOLD | KODEX RSI72/+3.6%⬆️ | 보유:유진로봇(056080) -1.8% | 최고신호 유진로봇(056080) 6pt/4pt [RSI44★ / BB하단 / MA골 / 호가1.7★]
💰 예수금 72,822원 | KODEX200 RSI71/+3.5% 상승추세⬆️  | 매수기준 점수4pt↑
📦 보유 유진로봇(056080) 1주 -2.0% ⚠️주의

코드      종목명           가격    RSI     변화율    거래량     BB   호가비  B/S
────────────────────────────────────────────────────────────────────────
[2단계 분석 대상: 056080, 066970, 217820, 034020, 006400, 138040]
403870  HPSP      61,300    0.0    +0.0%    0.0x     중간  2.19  2pt/0 [일봉]
⛔ 아우토크립트(137040) 호가 없음 (거래정지 의심)
035720  카카오       41,050    0.0    +0.0%    0.0x     중간  1.16  0pt/0 [일봉]
015760  한국전력      40,700    0.0    +0.0%    0.0x     중간  2.17  2pt/0 [일봉]
061250  화일약품       8,890    0.0    +0.0%    0.0x     중간  0.09  0pt/0 [일봉]
217820  원익피앤이      2,945   53.8    -1.3%    0.5x     하단  5.34  5pt/0 [5분]
001510  SK증권       3,995    0.0    +0.0%    0.0x     중간  1.78  2pt/0 [일봉]
056080  유진로봇      23,850   43.8    -2.1%    0.3x     하단  1.43  5pt/0 [5분]
084850  아이티엠반도체   15,200    0.0    +0.0%    0.0x     중간  0.60  0pt/0 [일봉]
⛔ 금양(001570) 호가 없음 (거래정지 의심)

══════════════════════════════════════════════════
⚠️  손실 주의 유진로봇(056080) -2.0% (비상손절 -2.5% 임박)
⏰ 오전 매수 세션 종료 (11:30↑) — 신규 매수 중단
→ 전종목 HOLD
✅ Discord 전송 완료

[13:38] HOLD | KODEX RSI71/+3.5%⬆️ | 보유:유진로봇(056080) -2.0% | 최고신호 원익피앤이(217820) 5pt/4pt [RSI54★ / BB하단 / 호가5.3★]
💰 예수금 72,822원 | KODEX200 RSI71/+3.4% 상승추세⬆️  | 매수기준 점수4pt↑
📦 보유 유진로봇(056080) 1주 -1.9%

코드      종목명           가격    RSI     변화율    거래량     BB   호가비  B/S
────────────────────────────────────────────────────────────────────────
[2단계 분석 대상: 056080, 217820, 066970, 012450, 034020, 138040]
403870  HPSP      61,200    0.0    +0.0%    0.0x     중간  2.24  2pt/0 [일봉]
⛔ 아우토크립트(137040) 호가 없음 (거래정지 의심)
035720  카카오       41,000    0.0    +0.0%    0.0x     중간  1.61  2pt/0 [일봉]
015760  한국전력      40,700    0.0    +0.0%    0.0x     중간  1.92  2pt/0 [일봉]
061250  화일약품       8,870    0.0    +0.0%    0.0x     중간  0.13  0pt/0 [일봉]
217820  원익피앤이      2,940   57.1    -1.5%    0.5x     하단  5.65  5pt/0 [5분]
001510  SK증권       3,995    0.0    +0.0%    0.0x     중간  1.79  2pt/0 [일봉]
056080  유진로봇      23,850   47.1    -1.9%    0.3x     하단  1.64  5pt/1 [5분]
084850  아이티엠반도체   15,220    0.0    +0.0%    0.0x     중간  0.44  0pt/0 [일봉]
⛔ 금양(001570) 호가 없음 (거래정지 의심)

══════════════════════════════════════════════════
⚠️  손실 주의 유진로봇(056080) -1.9% (비상손절 -2.5% 임박)
⏰ 오전 매수 세션 종료 (11:30↑) — 신규 매수 중단
→ 전종목 HOLD
✅ Discord 전송 완료

[13:40] HOLD | KODEX RSI71/+3.4%⬆️ | 보유:유진로봇(056080) -1.9% | 최고신호 원익피앤이(217820) 5pt/4pt [RSI57★ / BB하단 / 호가5.7★]
💰 예수금 72,822원 | KODEX200 RSI71/+3.5% 상승추세⬆️  | 매수기준 점수4pt↑
📦 보유 유진로봇(056080) 1주 -2.0% ⚠️주의

코드      종목명           가격    RSI     변화율    거래량     BB   호가비  B/S
────────────────────────────────────────────────────────────────────────
[2단계 분석 대상: 056080, 066970, 068270, 217820, 034020, 138040]
403870  HPSP      61,300    0.0    +0.0%    0.0x     중간  2.09  2pt/0 [일봉]
⛔ 아우토크립트(137040) 호가 없음 (거래정지 의심)
035720  카카오       41,000    0.0    +0.0%    0.0x     중간  1.64  2pt/0 [일봉]
015760  한국전력      40,700    0.0    +0.0%    0.0x     중간  1.93  2pt/0 [일봉]
061250  화일약품       8,820    0.0    +0.0%    0.0x     중간  0.12  0pt/0 [일봉]
217820  원익피앤이      2,945   57.1    -1.3%    0.5x     하단  4.80  5pt/0 [5분]
001510  SK증권       4,025    0.0    +0.0%    0.0x     중간  0.94  0pt/0 [일봉]
056080  유진로봇      23,850   47.1    -1.9%    0.3x     하단  2.40  5pt/1 [5분]
084850  아이티엠반도체   15,220    0.0    +0.0%    0.0x     중간  0.90  0pt/0 [일봉]
⛔ 금양(001570) 호가 없음 (거래정지 의심)

══════════════════════════════════════════════════
⚠️  손실 주의 유진로봇(056080) -2.0% (비상손절 -2.5% 임박)
⏰ 오전 매수 세션 종료 (11:30↑) — 신규 매수 중단
→ 전종목 HOLD
✅ Discord 전송 완료

[13:42] HOLD | KODEX RSI71/+3.5%⬆️ | 보유:유진로봇(056080) -2.0% | 최고신호 원익피앤이(217820) 5pt/4pt [RSI57★ / BB하단 / 호가4.8★]
💰 예수금 72,822원 | KODEX200 RSI71/+3.5% 상승추세⬆️  | 매수기준 점수4pt↑
📦 보유 유진로봇(056080) 1주 -2.0% ⚠️주의

코드      종목명           가격    RSI     변화율    거래량     BB   호가비  B/S
────────────────────────────────────────────────────────────────────────
[2단계 분석 대상: 056080, 068270, 034020, 066970, 217820, 138040]
403870  HPSP      61,400    0.0    +0.0%    0.0x     중간  1.77  2pt/0 [일봉]
⛔ 아우토크립트(137040) 호가 없음 (거래정지 의심)
035720  카카오       41,000    0.0    +0.0%    0.0x     중간  1.62  2pt/0 [일봉]
015760  한국전력      40,650    0.0    +0.0%    0.0x     중간  1.88  2pt/0 [일봉]
061250  화일약품       8,790    0.0    +0.0%    0.0x     중간  0.12  0pt/0 [일봉]
217820  원익피앤이      2,945   57.1    -1.3%    0.5x     하단  4.33  5pt/0 [5분]
001510  SK증권       4,010    0.0    +0.0%    0.0x     중간  1.09  0pt/0 [일봉]
056080  유진로봇      23,850   47.1    -1.9%    0.3x     하단  2.51  5pt/1 [5분]
084850  아이티엠반도체   15,270    0.0    +0.0%    0.0x     중간  0.55  0pt/0 [일봉]
⛔ 금양(001570) 호가 없음 (거래정지 의심)

══════════════════════════════════════════════════
⚠️  손실 주의 유진로봇(056080) -2.0% (비상손절 -2.5% 임박)
⏰ 오전 매수 세션 종료 (11:30↑) — 신규 매수 중단
→ 전종목 HOLD
✅ Discord 전송 완료

[13:44] HOLD | KODEX RSI71/+3.5%⬆️ | 보유:유진로봇(056080) -2.0% | 최고신호 원익피앤이(217820) 5pt/4pt [RSI57★ / BB하단 / 호가4.3★]
💰 예수금 72,822원 | KODEX200 RSI71/+3.4% 상승추세⬆️  | 매수기준 점수4pt↑
📦 보유 유진로봇(056080) 1주 -2.0% ⚠️주의

코드      종목명           가격    RSI     변화율    거래량     BB   호가비  B/S
────────────────────────────────────────────────────────────────────────
[2단계 분석 대상: 056080, 034020, 066970, 138040, 068270, 217820]
403870  HPSP      61,200    0.0    +0.0%    0.0x     중간  2.09  2pt/0 [일봉]
⛔ 아우토크립트(137040) 호가 없음 (거래정지 의심)
035720  카카오       41,000    0.0    +0.0%    0.0x     중간  1.93  2pt/0 [일봉]
015760  한국전력      40,650    0.0    +0.0%    0.0x     중간  1.95  2pt/0 [일봉]
061250  화일약품       8,800    0.0    +0.0%    0.0x     중간  0.10  0pt/0 [일봉]
217820  원익피앤이      2,950   57.1    -1.2%    0.5x     하단  4.68  6pt/0 [5분]
001510  SK증권       3,990    0.0    +0.0%    0.0x     중간  2.15  2pt/0 [일봉]
056080  유진로봇      23,900   47.1    -1.6%    0.3x     하단  2.43  5pt/1 [5분]
084850  아이티엠반도체   15,290    0.0    +0.0%    0.0x     중간  0.49  0pt/0 [일봉]
⛔ 금양(001570) 호가 없음 (거래정지 의심)

══════════════════════════════════════════════════
⚠️  손실 주의 유진로봇(056080) -2.0% (비상손절 -2.5% 임박)
⏰ 오전 매수 세션 종료 (11:30↑) — 신규 매수 중단
→ 전종목 HOLD
✅ Discord 전송 완료

[13:46] HOLD | KODEX RSI71/+3.4%⬆️ | 보유:유진로봇(056080) -2.0% | 최고신호 원익피앤이(217820) 6pt/4pt [RSI57★ / BB하단 / MA골 / 호가4.7★]
💰 예수금 72,822원 | KODEX200 RSI71/+3.3% 상승추세⬆️  | 매수기준 점수4pt↑
📦 보유 유진로봇(056080) 1주 -1.8%

코드      종목명           가격    RSI     변화율    거래량     BB   호가비  B/S
────────────────────────────────────────────────────────────────────────
[2단계 분석 대상: 056080, 138040, 034020, 066970, 217820, 068270]
403870  HPSP      61,000    0.0    +0.0%    0.0x     중간  3.32  2pt/0 [일봉]
⛔ 아우토크립트(137040) 호가 없음 (거래정지 의심)
035720  카카오       41,000    0.0    +0.0%    0.0x     중간  1.87  2pt/0 [일봉]
015760  한국전력      40,650    0.0    +0.0%    0.0x     중간  2.01  2pt/0 [일봉]
061250  화일약품       8,800    0.0    +0.0%    0.0x     중간  0.10  0pt/0 [일봉]
217820  원익피앤이      2,950   57.1    -1.2%    0.5x     하단  5.66  6pt/0 [5분]
001510  SK증권       3,980    0.0    +0.0%    0.0x     중간  3.78  2pt/0 [일봉]
056080  유진로봇      23,900   47.1    -1.6%    0.3x     하단  2.64  5pt/1 [5분]
084850  아이티엠반도체   15,230    0.0    +0.0%    0.0x     중간  0.93  0pt/0 [일봉]
⛔ 금양(001570) 호가 없음 (거래정지 의심)

══════════════════════════════════════════════════
⚠️  손실 주의 유진로봇(056080) -1.8% (비상손절 -2.5% 임박)
⏰ 오전 매수 세션 종료 (11:30↑) — 신규 매수 중단
→ 전종목 HOLD
✅ Discord 전송 완료

[13:48] HOLD | KODEX RSI71/+3.3%⬆️ | 보유:유진로봇(056080) -1.8% | 최고신호 원익피앤이(217820) 6pt/4pt [RSI57★ / BB하단 / MA골 / 호가5.7★]
💰 예수금 72,822원 | KODEX200 RSI71/+3.2% 상승추세⬆️  | 매수기준 점수4pt↑
📦 보유 유진로봇(056080) 1주 -2.0% ⚠️주의

코드      종목명           가격    RSI     변화율    거래량     BB   호가비  B/S
────────────────────────────────────────────────────────────────────────
[2단계 분석 대상: 056080, 138040, 066970, 068270, 034020, 001510]
403870  HPSP      60,900    0.0    +0.0%    0.0x     중간  3.67  2pt/0 [일봉]
⛔ 아우토크립트(137040) 호가 없음 (거래정지 의심)
035720  카카오       41,000    0.0    +0.0%    0.0x     중간  1.87  2pt/0 [일봉]
015760  한국전력      40,600    0.0    +0.0%    0.0x     중간  2.30  2pt/0 [일봉]
061250  화일약품       8,800    0.0    +0.0%    0.0x     중간  0.12  0pt/0 [일봉]
217820  원익피앤이      2,960    0.0    +0.0%    0.0x     중간  3.94  2pt/0 [일봉]
001510  SK증권       3,975   46.2    +3.1%    0.4x     상단  4.59  4pt/0 [5분]
056080  유진로봇      23,900   44.4    -1.9%    0.3x     하단  2.76  5pt/1 [5분]
084850  아이티엠반도체   15,230    0.0    +0.0%    0.0x     중간  0.29  0pt/0 [일봉]
⛔ 금양(001570) 호가 없음 (거래정지 의심)

══════════════════════════════════════════════════
⚠️  손실 주의 유진로봇(056080) -2.0% (비상손절 -2.5% 임박)
⏰ 오전 매수 세션 종료 (11:30↑) — 신규 매수 중단
→ 전종목 HOLD
✅ Discord 전송 완료

[13:50] HOLD | KODEX RSI71/+3.2%⬆️ | 보유:유진로봇(056080) -2.0% | 최고신호 유진로봇(056080) 5pt/4pt [RSI44★ / BB하단 / 호가2.8★]
💰 예수금 72,822원 | KODEX200 RSI71/+3.2% 상승추세⬆️  | 매수기준 점수4pt↑
📦 보유 유진로봇(056080) 1주 -2.0% ⚠️주의

코드      종목명           가격    RSI     변화율    거래량     BB   호가비  B/S
────────────────────────────────────────────────────────────────────────
[2단계 분석 대상: 056080, 138040, 068270, 066970, 000270, 217820]
403870  HPSP      61,200    0.0    +0.0%    0.0x     중간  1.71  2pt/0 [일봉]
⛔ 아우토크립트(137040) 호가 없음 (거래정지 의심)
035720  카카오       41,000    0.0    +0.0%    0.0x     중간  2.35  2pt/0 [일봉]
015760  한국전력      40,600    0.0    +0.0%    0.0x     중간  3.18  2pt/0 [일봉]
061250  화일약품       8,800    0.0    +0.0%    0.0x     중간  0.12  0pt/0 [일봉]
217820  원익피앤이      2,955   50.0    -1.0%    0.5x     하단  4.55  6pt/0 [5분]
001510  SK증권       3,955    0.0    +0.0%    0.0x     중간  4.16  2pt/0 [일봉]
056080  유진로봇      23,950   44.4    -1.6%    0.4x     하단  2.74  5pt/1 [5분]
084850  아이티엠반도체   15,230    0.0    +0.0%    0.0x     중간  0.28  0pt/0 [일봉]
⛔ 금양(001570) 호가 없음 (거래정지 의심)

══════════════════════════════════════════════════
⚠️  손실 주의 유진로봇(056080) -2.0% (비상손절 -2.5% 임박)
⏰ 오전 매수 세션 종료 (11:30↑) — 신규 매수 중단
→ 전종목 HOLD
✅ Discord 전송 완료

[13:52] HOLD | KODEX RSI71/+3.2%⬆️ | 보유:유진로봇(056080) -2.0% | 최고신호 원익피앤이(217820) 6pt/4pt [RSI50★ / BB하단 / MA골 / 호가4.5★]
💰 예수금 72,822원 | KODEX200 RSI71/+3.3% 상승추세⬆️  | 매수기준 점수4pt↑
📦 보유 유진로봇(056080) 1주 -1.8%

코드      종목명           가격    RSI     변화율    거래량     BB   호가비  B/S
────────────────────────────────────────────────────────────────────────
[2단계 분석 대상: 056080, 138040, 066970, 068270, 217820, 034020]
403870  HPSP      61,300    0.0    +0.0%    0.0x     중간  1.55  2pt/0 [일봉]
⛔ 아우토크립트(137040) 호가 없음 (거래정지 의심)
035720  카카오       41,000    0.0    +0.0%    0.0x     중간  2.34  2pt/0 [일봉]
015760  한국전력      40,600    0.0    +0.0%    0.0x     중간  3.45  2pt/0 [일봉]
061250  화일약품       8,800    0.0    +0.0%    0.0x     중간  0.12  0pt/0 [일봉]
217820  원익피앤이      2,960   50.0    -1.0%    0.5x     하단  4.05  6pt/0 [5분]
001510  SK증권       3,955    0.0    +0.0%    0.0x     중간  3.50  2pt/0 [일봉]
056080  유진로봇      23,950   47.4    -1.6%    0.4x     하단  2.78  5pt/1 [5분]
084850  아이티엠반도체   15,230    0.0    +0.0%    0.0x     중간  0.45  0pt/0 [일봉]
⛔ 금양(001570) 호가 없음 (거래정지 의심)

══════════════════════════════════════════════════
⚠️  손실 주의 유진로봇(056080) -1.8% (비상손절 -2.5% 임박)
⏰ 오전 매수 세션 종료 (11:30↑) — 신규 매수 중단
→ 전종목 HOLD
✅ Discord 전송 완료

[13:54] HOLD | KODEX RSI71/+3.3%⬆️ | 보유:유진로봇(056080) -1.8% | 최고신호 원익피앤이(217820) 6pt/4pt [RSI50★ / BB하단 / MA골 / 호가4.0★]
💰 예수금 72,822원 | KODEX200 RSI71/+3.3% 상승추세⬆️  | 매수기준 점수4pt↑
📦 보유 유진로봇(056080) 1주 -1.6%

코드      종목명           가격    RSI     변화율    거래량     BB   호가비  B/S
────────────────────────────────────────────────────────────────────────
[2단계 분석 대상: 056080, 138040, 066970, 068270, 051910, 217820]
403870  HPSP      61,200    0.0    +0.0%    0.0x     중간  1.91  2pt/0 [일봉]
⛔ 아우토크립트(137040) 호가 없음 (거래정지 의심)
035720  카카오       41,000    0.0    +0.0%    0.0x     중간  2.21  2pt/0 [일봉]
015760  한국전력      40,650    0.0    +0.0%    0.0x     중간  2.18  2pt/0 [일봉]
061250  화일약품       8,800    0.0    +0.0%    0.0x     중간  0.15  0pt/0 [일봉]
217820  원익피앤이      2,960   58.9    -0.8%    0.5x     하단  3.99  6pt/0 [5분]
001510  SK증권       3,960    0.0    +0.0%    0.0x     중간  2.92  2pt/0 [일봉]
056080  유진로봇      24,050   47.4    -1.0%    0.4x     하단  2.09  5pt/1 [5분]
084850  아이티엠반도체   15,230    0.0    +0.0%    0.0x     중간  0.44  0pt/0 [일봉]
⛔ 금양(001570) 호가 없음 (거래정지 의심)

══════════════════════════════════════════════════
⚠️  손실 주의 유진로봇(056080) -1.6% (비상손절 -2.5% 임박)
⏰ 오전 매수 세션 종료 (11:30↑) — 신규 매수 중단
→ 전종목 HOLD
✅ Discord 전송 완료

[13:56] HOLD | KODEX RSI71/+3.3%⬆️ | 보유:유진로봇(056080) -1.6% | 최고신호 원익피앤이(217820) 6pt/4pt [RSI59★ / BB하단 / MA골 / 호가4.0★]
💰 예수금 72,821원 | KODEX200 RSI71/+3.2% 상승추세⬆️  | 매수기준 점수4pt↑
📦 보유 유진로봇(056080) 1주 -1.2%

코드      종목명           가격    RSI     변화율    거래량     BB   호가비  B/S
────────────────────────────────────────────────────────────────────────
[2단계 분석 대상: 056080, 138040, 068270, 000270, 217820, 034020]
403870  HPSP      61,300    0.0    +0.0%    0.0x     중간  1.48  1pt/0 [일봉]
⛔ 아우토크립트(137040) 호가 없음 (거래정지 의심)
035720  카카오       41,000    0.0    +0.0%    0.0x     중간  2.15  2pt/0 [일봉]
015760  한국전력      40,650    0.0    +0.0%    0.0x     중간  2.08  2pt/0 [일봉]
061250  화일약품       8,800    0.0    +0.0%    0.0x     중간  0.14  0pt/0 [일봉]
217820  원익피앤이      2,960   58.9    -0.8%    0.5x     하단  4.14  6pt/0 [5분]
001510  SK증권       3,965    0.0    +0.0%    0.0x     중간  3.56  2pt/0 [일봉]
056080  유진로봇      24,050   47.4    -1.2%    0.4x     하단  2.34  5pt/1 [5분]
084850  아이티엠반도체   15,230    0.0    +0.0%    0.0x     중간  0.36  0pt/0 [일봉]
⛔ 금양(001570) 호가 없음 (거래정지 의심)

══════════════════════════════════════════════════
⚠️  손실 주의 유진로봇(056080) -1.2% (비상손절 -2.5% 임박)
⏰ 오전 매수 세션 종료 (11:30↑) — 신규 매수 중단
→ 전종목 HOLD
✅ Discord 전송 완료

[13:58] HOLD | KODEX RSI71/+3.2%⬆️ | 보유:유진로봇(056080) -1.2% | 최고신호 원익피앤이(217820) 6pt/4pt [RSI59★ / BB하단 / MA골 / 호가4.1★]
💰 예수금 72,821원 | KODEX200 RSI71/+3.2% 상승추세⬆️  | 매수기준 점수4pt↑
📦 보유 유진로봇(056080) 1주 -1.4%

코드      종목명           가격    RSI     변화율    거래량     BB   호가비  B/S
────────────────────────────────────────────────────────────────────────
[2단계 분석 대상: 056080, 138040, 068270, 034020, 217820, 000270]
403870  HPSP      61,300    0.0    +0.0%    0.0x     중간  1.49  1pt/0 [일봉]
⛔ 아우토크립트(137040) 호가 없음 (거래정지 의심)
035720  카카오       41,000    0.0    +0.0%    0.0x     중간  2.22  2pt/0 [일봉]
015760  한국전력      40,650    0.0    +0.0%    0.0x     중간  2.06  2pt/0 [일봉]
061250  화일약품       8,800    0.0    +0.0%    0.0x     중간  0.14  0pt/0 [일봉]
217820  원익피앤이      2,965   64.7    -0.8%    0.5x     하단  4.13  5pt/0 [5분]
001510  SK증권       3,960    0.0    +0.0%    0.0x     중간  3.40  2pt/0 [일봉]
056080  유진로봇      24,050   37.5    -1.0%    0.4x     하단  2.58  4pt/1 [5분]
084850  아이티엠반도체   15,230    0.0    +0.0%    0.0x     중간  0.38  0pt/0 [일봉]
⛔ 금양(001570) 호가 없음 (거래정지 의심)

══════════════════════════════════════════════════
⚠️  손실 주의 유진로봇(056080) -1.4% (비상손절 -2.5% 임박)
⏰ 오전 매수 세션 종료 (11:30↑) — 신규 매수 중단
→ 전종목 HOLD
✅ Discord 전송 완료

[14:00] HOLD | KODEX RSI71/+3.2%⬆️ | 보유:유진로봇(056080) -1.4% | 최고신호 원익피앤이(217820) 5pt/4pt [BB하단 / MA골 / 호가4.1★ / 거래량증가]
💰 예수금 72,821원 | KODEX200 RSI71/+3.0% 상승추세⬆️  | 매수기준 점수4pt↑
📦 보유 유진로봇(056080) 1주 -1.2%

코드      종목명           가격    RSI     변화율    거래량     BB   호가비  B/S
────────────────────────────────────────────────────────────────────────
[2단계 분석 대상: 056080, 138040, 000270, 066970, 012450, 034020]
403870  HPSP      61,100    0.0    +0.0%    0.0x     중간  1.79  2pt/0 [일봉]
⛔ 아우토크립트(137040) 호가 없음 (거래정지 의심)
035720  카카오       41,000    0.0    +0.0%    0.0x     중간  2.11  2pt/0 [일봉]
015760  한국전력      40,550    0.0    +0.0%    0.0x     중간  2.51  2pt/0 [일봉]
061250  화일약품       8,800    0.0    +0.0%    0.0x     중간  0.15  0pt/0 [일봉]
217820  원익피앤이      2,960    0.0    +0.0%    0.0x     중간  3.22  2pt/0 [일봉]
001510  SK증권       3,955    0.0    +0.0%    0.0x     중간  3.67  2pt/0 [일봉]
056080  유진로봇      24,000   37.5    -1.2%    0.4x     하단  2.44  4pt/1 [5분]
084850  아이티엠반도체   15,230    0.0    +0.0%    0.0x     중간  0.35  0pt/0 [일봉]
⛔ 금양(001570) 호가 없음 (거래정지 의심)

══════════════════════════════════════════════════
⚠️  손실 주의 유진로봇(056080) -1.2% (비상손절 -2.5% 임박)
⏰ 오전 매수 세션 종료 (11:30↑) — 신규 매수 중단
→ 전종목 HOLD
✅ Discord 전송 완료

[14:02] HOLD | KODEX RSI71/+3.0%⬆️ | 보유:유진로봇(056080) -1.2% | 최고신호 유진로봇(056080) 4pt/4pt [RSI38 / BB하단 / 호가2.4★]
💰 예수금 72,821원 | KODEX200 RSI71/+2.9% 상승추세⬆️  | 매수기준 점수4pt↑
📦 보유 유진로봇(056080) 1주 -1.4%

코드      종목명           가격    RSI     변화율    거래량     BB   호가비  B/S
────────────────────────────────────────────────────────────────────────
[2단계 분석 대상: 056080, 138040, 000270, 015760, 034020, 068270]
403870  HPSP      60,900    0.0    +0.0%    0.0x     중간  3.10  2pt/0 [일봉]
⛔ 아우토크립트(137040) 호가 없음 (거래정지 의심)
035720  카카오       41,000    0.0    +0.0%    0.0x     중간  2.05  2pt/0 [일봉]
015760  한국전력      40,500   38.5    +1.9%    0.6x     상단  6.70  3pt/0 [5분]
061250  화일약품       8,800    0.0    +0.0%    0.0x     중간  0.15  0pt/0 [일봉]
217820  원익피앤이      2,950    0.0    +0.0%    0.0x     중간  3.18  2pt/0 [일봉]
001510  SK증권       3,965    0.0    +0.0%    0.0x     중간  3.14  2pt/0 [일봉]
056080  유진로봇      23,950   40.0    -1.6%    0.4x     하단  2.97  5pt/1 [5분]
084850  아이티엠반도체   15,290    0.0    +0.0%    0.0x     중간  0.36  0pt/0 [일봉]
⛔ 금양(001570) 호가 없음 (거래정지 의심)

══════════════════════════════════════════════════
⚠️  손실 주의 유진로봇(056080) -1.4% (비상손절 -2.5% 임박)
⏰ 오전 매수 세션 종료 (11:30↑) — 신규 매수 중단
→ 전종목 HOLD
✅ Discord 전송 완료

[14:04] HOLD | KODEX RSI71/+2.9%⬆️ | 보유:유진로봇(056080) -1.4% | 최고신호 유진로봇(056080) 5pt/4pt [RSI40★ / BB하단 / 호가3.0★]
💰 예수금 72,822원 | KODEX200 RSI71/+2.9% 상승추세⬆️  | 매수기준 점수4pt↑
📦 보유 유진로봇(056080) 1주 -1.6%

코드      종목명           가격    RSI     변화율    거래량     BB   호가비  B/S
────────────────────────────────────────────────────────────────────────
[2단계 분석 대상: 056080, 138040, 015760, 066970, 034020, 000270]
403870  HPSP      60,900    0.0    +0.0%    0.0x     중간  2.19  2pt/0 [일봉]
⛔ 아우토크립트(137040) 호가 없음 (거래정지 의심)
035720  카카오       41,000    0.0    +0.0%    0.0x     중간  1.95  2pt/0 [일봉]
015760  한국전력      40,500   38.5    +1.9%    0.6x     상단  6.36  3pt/0 [5분]
061250  화일약품       8,800    0.0    +0.0%    0.0x     중간  0.14  0pt/0 [일봉]
217820  원익피앤이      2,950    0.0    +0.0%    0.0x     중간  3.22  2pt/0 [일봉]
001510  SK증권       3,955    0.0    +0.0%    0.0x     중간  2.95  2pt/0 [일봉]
056080  유진로봇      23,950   40.0    -1.6%    0.4x     하단  3.19  5pt/1 [5분]
084850  아이티엠반도체   15,260    0.0    +0.0%    0.0x     중간  0.29  0pt/0 [일봉]
⛔ 금양(001570) 호가 없음 (거래정지 의심)

══════════════════════════════════════════════════
⚠️  손실 주의 유진로봇(056080) -1.6% (비상손절 -2.5% 임박)
⏰ 오전 매수 세션 종료 (11:30↑) — 신규 매수 중단
→ 전종목 HOLD
✅ Discord 전송 완료

[14:06] HOLD | KODEX RSI71/+2.9%⬆️ | 보유:유진로봇(056080) -1.6% | 최고신호 유진로봇(056080) 5pt/4pt [RSI40★ / BB하단 / 호가3.2★]
💰 예수금 72,822원 | KODEX200 RSI71/+2.9% 상승추세⬆️  | 매수기준 점수4pt↑
📦 보유 유진로봇(056080) 1주 -1.6%

코드      종목명           가격    RSI     변화율    거래량     BB   호가비  B/S
────────────────────────────────────────────────────────────────────────
[2단계 분석 대상: 056080, 138040, 068270, 001510, 066970, 079550]
403870  HPSP      61,200    0.0    +0.0%    0.0x     중간  0.81  0pt/0 [일봉]
⛔ 아우토크립트(137040) 호가 없음 (거래정지 의심)
035720  카카오       41,100    0.0    +0.0%    0.0x     중간  3.62  2pt/0 [일봉]
015760  한국전력      40,550    0.0    +0.0%    0.0x     중간  2.41  2pt/0 [일봉]
061250  화일약품       8,800    0.0    +0.0%    0.0x     중간  0.15  0pt/0 [일봉]
217820  원익피앤이      2,945    0.0    +0.0%    0.0x     중간  3.98  2pt/0 [일봉]
001510  SK증권       3,950   42.9    +2.6%    0.4x     상단  5.55  4pt/0 [5분]
056080  유진로봇      24,000   40.0    -1.2%    0.4x     하단  3.00  5pt/1 [5분]
084850  아이티엠반도체   15,280    0.0    +0.0%    0.0x     중간  0.27  0pt/0 [일봉]
⛔ 금양(001570) 호가 없음 (거래정지 의심)

══════════════════════════════════════════════════
⚠️  손실 주의 유진로봇(056080) -1.6% (비상손절 -2.5% 임박)
⏰ 오전 매수 세션 종료 (11:30↑) — 신규 매수 중단
→ 전종목 HOLD
✅ Discord 전송 완료

[14:08] HOLD | KODEX RSI71/+2.9%⬆️ | 보유:유진로봇(056080) -1.6% | 최고신호 유진로봇(056080) 5pt/4pt [RSI40★ / BB하단 / 호가3.0★]
💰 예수금 72,822원 | KODEX200 RSI71/+3.1% 상승추세⬆️  | 매수기준 점수4pt↑
📦 보유 유진로봇(056080) 1주 -1.6%

코드      종목명           가격    RSI     변화율    거래량     BB   호가비  B/S
────────────────────────────────────────────────────────────────────────
[2단계 분석 대상: 056080, 066970, 034020, 217820, 012450, 001510]
403870  HPSP      61,500    0.0    +0.0%    0.0x     중간  0.73  0pt/0 [일봉]
⛔ 아우토크립트(137040) 호가 없음 (거래정지 의심)
035720  카카오       41,150    0.0    +0.0%    0.0x     중간  2.84  2pt/0 [일봉]
015760  한국전력      40,600    0.0    +0.0%    0.0x     중간  2.22  2pt/0 [일봉]
061250  화일약품       8,800    0.0    +0.0%    0.0x     중간  0.14  0pt/0 [일봉]
217820  원익피앤이      2,945   74.7    -1.3%    0.5x     하단  4.00  4pt/0 [5분]
001510  SK증권       3,955   38.5    +2.9%    0.4x     상단  3.67  3pt/0 [5분]
056080  유진로봇      24,000   35.7    -1.2%    0.4x     하단  3.04  5pt/1 [5분]
084850  아이티엠반도체   15,270    0.0    +0.0%    0.0x     중간  0.23  0pt/0 [일봉]
⛔ 금양(001570) 호가 없음 (거래정지 의심)

══════════════════════════════════════════════════
⚠️  손실 주의 유진로봇(056080) -1.6% (비상손절 -2.5% 임박)
⏰ 오전 매수 세션 종료 (11:30↑) — 신규 매수 중단
→ 전종목 HOLD
✅ Discord 전송 완료

[14:10] HOLD | KODEX RSI71/+3.1%⬆️ | 보유:유진로봇(056080) -1.6% | 최고신호 유진로봇(056080) 5pt/4pt [RSI36 / BB하단 / 호가3.0★ / 거래량증가]
💰 예수금 72,821원 | KODEX200 RSI71/+3.1% 상승추세⬆️  | 매수기준 점수4pt↑
📦 보유 유진로봇(056080) 1주 -1.4%

코드      종목명           가격    RSI     변화율    거래량     BB   호가비  B/S
────────────────────────────────────────────────────────────────────────
[2단계 분석 대상: 056080, 217820, 012450, 034020, 051910, 035720]
403870  HPSP      61,500    0.0    +0.0%    0.0x     중간  0.63  0pt/0 [일봉]
⛔ 아우토크립트(137040) 호가 없음 (거래정지 의심)
035720  카카오       41,150   47.1    -1.7%    0.6x     하단  2.60  6pt/0 [5분]
015760  한국전력      40,700    0.0    +0.0%    0.0x     중간  1.40  1pt/0 [일봉]
061250  화일약품       8,780    0.0    +0.0%    0.0x     중간  0.17  0pt/0 [일봉]
217820  원익피앤이      2,950   74.7    -1.3%    0.5x     하단  4.05  4pt/0 [5분]
001510  SK증권       3,965    0.0    +0.0%    0.0x     중간  2.27  2pt/0 [일봉]
056080  유진로봇      24,000   35.7    -1.2%    0.4x     하단  3.06  5pt/1 [5분]
084850  아이티엠반도체   15,270    0.0    +0.0%    0.0x     중간  0.14  0pt/0 [일봉]
⛔ 금양(001570) 호가 없음 (거래정지 의심)

══════════════════════════════════════════════════
⚠️  손실 주의 유진로봇(056080) -1.4% (비상손절 -2.5% 임박)
⏰ 오전 매수 세션 종료 (11:30↑) — 신규 매수 중단
→ 전종목 HOLD
✅ Discord 전송 완료

[14:12] HOLD | KODEX RSI71/+3.1%⬆️ | 보유:유진로봇(056080) -1.4% | 최고신호 카카오(035720) 6pt/4pt [RSI47★ / BB하단 / MA골 / 호가2.6★]
💰 예수금 72,821원 | KODEX200 RSI71/+3.1% 상승추세⬆️  | 매수기준 점수4pt↑
📦 보유 유진로봇(056080) 1주 -1.4%

코드      종목명           가격    RSI     변화율    거래량     BB   호가비  B/S
────────────────────────────────────────────────────────────────────────
[2단계 분석 대상: 056080, 217820, 068270, 034020, 051910, 012450]
403870  HPSP      61,500    0.0    +0.0%    0.0x     중간  0.66  0pt/0 [일봉]
⛔ 아우토크립트(137040) 호가 없음 (거래정지 의심)
035720  카카오       41,200    0.0    +0.0%    0.0x     중간  2.72  2pt/0 [일봉]
015760  한국전력      40,650    0.0    +0.0%    0.0x     중간  1.72  2pt/0 [일봉]
061250  화일약품       8,790    0.0    +0.0%    0.0x     중간  0.13  0pt/0 [일봉]
217820  원익피앤이      2,950   74.7    -1.3%    0.5x     하단  3.66  4pt/0 [5분]
001510  SK증권       3,970    0.0    +0.0%    0.0x     중간  2.73  2pt/0 [일봉]
056080  유진로봇      24,000   41.7    -1.2%    0.4x     하단  2.82  6pt/1 [5분]
084850  아이티엠반도체   15,250    0.0    +0.0%    0.0x     중간  0.22  0pt/0 [일봉]
⛔ 금양(001570) 호가 없음 (거래정지 의심)

══════════════════════════════════════════════════
⚠️  손실 주의 유진로봇(056080) -1.4% (비상손절 -2.5% 임박)
⏰ 오전 매수 세션 종료 (11:30↑) — 신규 매수 중단
→ 전종목 HOLD
✅ Discord 전송 완료

[14:14] HOLD | KODEX RSI71/+3.1%⬆️ | 보유:유진로봇(056080) -1.4% | 최고신호 유진로봇(056080) 6pt/4pt [RSI42★ / BB하단 / 호가2.8★ / 거래량증가]
💰 예수금 72,822원 | KODEX200 RSI71/+3.2% 상승추세⬆️  | 매수기준 점수4pt↑
📦 보유 유진로봇(056080) 1주 -1.8%

코드      종목명           가격    RSI     변화율    거래량     BB   호가비  B/S
────────────────────────────────────────────────────────────────────────
[2단계 분석 대상: 056080, 066970, 217820, 012450, 001510, 035720]
403870  HPSP      61,300    0.0    +0.0%    0.0x     중간  0.86  0pt/0 [일봉]
⛔ 아우토크립트(137040) 호가 없음 (거래정지 의심)
035720  카카오       41,200   53.3    -1.6%    0.6x     하단  2.68  6pt/0 [5분]
015760  한국전력      40,650    0.0    +0.0%    0.0x     중간  1.70  2pt/0 [일봉]
061250  화일약품       8,770    0.0    +0.0%    0.0x     중간  0.15  0pt/0 [일봉]
217820  원익피앤이      2,950   68.4    -1.3%    0.5x     하단  3.76  4pt/0 [5분]
001510  SK증권       3,970   41.7    +3.1%    0.5x     상단  2.93  4pt/0 [5분]
056080  유진로봇      23,950   41.7    -1.6%    0.4x     하단  2.79  6pt/1 [5분]
084850  아이티엠반도체   15,250    0.0    +0.0%    0.0x     중간  0.22  0pt/0 [일봉]
⛔ 금양(001570) 호가 없음 (거래정지 의심)

══════════════════════════════════════════════════
⚠️  손실 주의 유진로봇(056080) -1.8% (비상손절 -2.5% 임박)
⏰ 오전 매수 세션 종료 (11:30↑) — 신규 매수 중단
→ 전종목 HOLD
✅ Discord 전송 완료

[14:16] HOLD | KODEX RSI71/+3.2%⬆️ | 보유:유진로봇(056080) -1.8% | 최고신호 카카오(035720) 6pt/4pt [RSI53★ / BB하단 / MA골 / 호가2.7★]
💰 예수금 72,822원 | KODEX200 RSI71/+3.2% 상승추세⬆️  | 매수기준 점수4pt↑
📦 보유 유진로봇(056080) 1주 -2.0% ⚠️주의

코드      종목명           가격    RSI     변화율    거래량     BB   호가비  B/S
────────────────────────────────────────────────────────────────────────
[2단계 분석 대상: 056080, 066970, 217820, 012450, 035720, 001510]
403870  HPSP      61,300    0.0    +0.0%    0.0x     중간  0.86  0pt/0 [일봉]
⛔ 아우토크립트(137040) 호가 없음 (거래정지 의심)
035720  카카오       41,200   53.3    -1.6%    0.6x     하단  2.94  6pt/0 [5분]
015760  한국전력      40,600    0.0    +0.0%    0.0x     중간  2.11  2pt/0 [일봉]
061250  화일약품       8,750    0.0    +0.0%    0.0x     중간  0.20  0pt/0 [일봉]
217820  원익피앤이      2,950   68.4    -1.2%    0.5x     하단  3.74  4pt/0 [5분]
001510  SK증권       3,970   41.7    +3.0%    0.5x     상단  2.47  4pt/0 [5분]
056080  유진로봇      23,900   41.7    -1.6%    0.4x     하단  3.33  6pt/1 [5분]
084850  아이티엠반도체   15,250    0.0    +0.0%    0.0x     중간  0.13  0pt/0 [일봉]
⛔ 금양(001570) 호가 없음 (거래정지 의심)

══════════════════════════════════════════════════
⚠️  손실 주의 유진로봇(056080) -2.0% (비상손절 -2.5% 임박)
⏰ 오전 매수 세션 종료 (11:30↑) — 신규 매수 중단
→ 전종목 HOLD
✅ Discord 전송 완료

[14:18] HOLD | KODEX RSI71/+3.2%⬆️ | 보유:유진로봇(056080) -2.0% | 최고신호 카카오(035720) 6pt/4pt [RSI53★ / BB하단 / MA골 / 호가2.9★]
💰 예수금 72,822원 | KODEX200 RSI71/+3.1% 상승추세⬆️  | 매수기준 점수4pt↑
📦 보유 유진로봇(056080) 1주 -1.6%

코드      종목명           가격    RSI     변화율    거래량     BB   호가비  B/S
────────────────────────────────────────────────────────────────────────
[2단계 분석 대상: 056080, 066970, 012450, 217820, 034020, 001510]
403870  HPSP      61,200    0.0    +0.0%    0.0x     중간  1.07  0pt/0 [일봉]
⛔ 아우토크립트(137040) 호가 없음 (거래정지 의심)
035720  카카오       41,200    0.0    +0.0%    0.0x     중간  2.58  2pt/0 [일봉]
015760  한국전력      40,600    0.0    +0.0%    0.0x     중간  2.11  2pt/0 [일봉]
061250  화일약품       8,750    0.0    +0.0%    0.0x     중간  0.18  0pt/0 [일봉]
217820  원익피앤이      2,950   67.4    -1.3%    0.5x     하단  3.34  4pt/0 [5분]
001510  SK증권       3,970   38.6    +3.0%    0.5x     상단  2.85  3pt/0 [5분]
056080  유진로봇      23,900   36.4    -1.6%    0.4x     하단  3.28  4pt/1 [5분]
084850  아이티엠반도체   15,240    0.0    +0.0%    0.0x     중간  0.14  0pt/0 [일봉]
⛔ 금양(001570) 호가 없음 (거래정지 의심)

══════════════════════════════════════════════════
⚠️  손실 주의 유진로봇(056080) -1.6% (비상손절 -2.5% 임박)
⏰ 오전 매수 세션 종료 (11:30↑) — 신규 매수 중단
→ 전종목 HOLD
✅ Discord 전송 완료

[14:20] HOLD | KODEX RSI71/+3.1%⬆️ | 보유:유진로봇(056080) -1.6% | 최고신호 원익피앤이(217820) 4pt/4pt [BB하단 / MA골 / 호가3.3★]
💰 예수금 72,822원 | KODEX200 RSI71/+3.1% 상승추세⬆️  | 매수기준 점수4pt↑
📦 보유 유진로봇(056080) 1주 -1.8%

코드      종목명           가격    RSI     변화율    거래량     BB   호가비  B/S
────────────────────────────────────────────────────────────────────────
[2단계 분석 대상: 056080, 066970, 055550, 012450, 068270, 217820]
403870  HPSP      61,200    0.0    +0.0%    0.0x     중간  1.03  0pt/0 [일봉]
⛔ 아우토크립트(137040) 호가 없음 (거래정지 의심)
035720  카카오       41,200    0.0    +0.0%    0.0x     중간  2.69  2pt/0 [일봉]
015760  한국전력      40,600    0.0    +0.0%    0.0x     중간  2.27  2pt/0 [일봉]
061250  화일약품       8,750    0.0    +0.0%    0.0x     중간  0.19  0pt/0 [일봉]
217820  원익피앤이      2,950   67.4    -1.2%    0.5x     하단  3.35  4pt/0 [5분]
001510  SK증권       3,970    0.0    +0.0%    0.0x     중간  2.39  2pt/0 [일봉]
056080  유진로봇      23,900   36.4    -1.6%    0.4x     하단  3.26  4pt/1 [5분]
084850  아이티엠반도체   15,280    0.0    +0.0%    0.0x     중간  0.41  0pt/0 [일봉]
⛔ 금양(001570) 호가 없음 (거래정지 의심)

══════════════════════════════════════════════════
⚠️  손실 주의 유진로봇(056080) -1.8% (비상손절 -2.5% 임박)
⏰ 오전 매수 세션 종료 (11:30↑) — 신규 매수 중단
→ 전종목 HOLD
✅ Discord 전송 완료

[14:22] HOLD | KODEX RSI71/+3.1%⬆️ | 보유:유진로봇(056080) -1.8% | 최고신호 원익피앤이(217820) 4pt/4pt [BB하단 / MA골 / 호가3.4★]
💰 예수금 72,822원 | KODEX200 RSI71/+3.0% 상승추세⬆️  | 매수기준 점수4pt↑
📦 보유 유진로봇(056080) 1주 -1.8%

코드      종목명           가격    RSI     변화율    거래량     BB   호가비  B/S
────────────────────────────────────────────────────────────────────────
[2단계 분석 대상: 056080, 066970, 055550, 034020, 000270, 217820]
403870  HPSP      60,900    0.0    +0.0%    0.0x     중간  3.17  2pt/0 [일봉]
⛔ 아우토크립트(137040) 호가 없음 (거래정지 의심)
035720  카카오       41,200    0.0    +0.0%    0.0x     중간  2.97  2pt/0 [일봉]
015760  한국전력      40,550    0.0    +0.0%    0.0x     중간  2.15  2pt/0 [일봉]
061250  화일약품       8,750    0.0    +0.0%    0.0x     중간  0.19  0pt/0 [일봉]
217820  원익피앤이      2,950   67.4    -1.2%    0.5x     하단  3.43  4pt/0 [5분]
001510  SK증권       3,980    0.0    +0.0%    0.0x     중간  2.20  2pt/0 [일봉]
056080  유진로봇      23,950   36.4    -1.6%    0.4x     하단  3.02  4pt/1 [5분]
084850  아이티엠반도체   15,250    0.0    +0.0%    0.0x     중간  0.16  0pt/0 [일봉]
⛔ 금양(001570) 호가 없음 (거래정지 의심)

══════════════════════════════════════════════════
⚠️  손실 주의 유진로봇(056080) -1.8% (비상손절 -2.5% 임박)
⏰ 오전 매수 세션 종료 (11:30↑) — 신규 매수 중단
→ 전종목 HOLD
✅ Discord 전송 완료

[14:24] HOLD | KODEX RSI71/+3.0%⬆️ | 보유:유진로봇(056080) -1.8% | 최고신호 원익피앤이(217820) 4pt/4pt [BB하단 / MA골 / 호가3.4★]
💰 예수금 72,822원 | KODEX200 RSI71/+3.0% 상승추세⬆️  | 매수기준 점수4pt↑
📦 보유 유진로봇(056080) 1주 -1.6%

코드      종목명           가격    RSI     변화율    거래량     BB   호가비  B/S
────────────────────────────────────────────────────────────────────────
[2단계 분석 대상: 056080, 066970, 055550, 000270, 217820, 034020]
403870  HPSP      61,000    0.0    +0.0%    0.0x     중간  2.39  2pt/0 [일봉]
⛔ 아우토크립트(137040) 호가 없음 (거래정지 의심)
035720  카카오       41,200    0.0    +0.0%    0.0x     중간  2.86  2pt/0 [일봉]
015760  한국전력      40,550    0.0    +0.0%    0.0x     중간  2.13  2pt/0 [일봉]
061250  화일약품       8,760    0.0    +0.0%    0.0x     중간  0.20  0pt/0 [일봉]
217820  원익피앤이      2,950   67.4    -1.2%    0.5x     하단  3.36  4pt/0 [5분]
001510  SK증권       3,995    0.0    +0.0%    0.0x     중간  1.08  0pt/0 [일봉]
056080  유진로봇      23,950   45.5    -1.4%    0.4x     하단  2.96  5pt/1 [5분]
084850  아이티엠반도체   15,250    0.0    +0.0%    0.0x     중간  0.23  0pt/0 [일봉]
⛔ 금양(001570) 호가 없음 (거래정지 의심)

══════════════════════════════════════════════════
⚠️  손실 주의 유진로봇(056080) -1.6% (비상손절 -2.5% 임박)
⏰ 오전 매수 세션 종료 (11:30↑) — 신규 매수 중단
→ 전종목 HOLD
✅ Discord 전송 완료

[14:26] HOLD | KODEX RSI71/+3.0%⬆️ | 보유:유진로봇(056080) -1.6% | 최고신호 유진로봇(056080) 5pt/4pt [RSI46★ / BB하단 / 호가3.0★]
💰 예수금 72,822원 | KODEX200 RSI71/+3.1% 상승추세⬆️  | 매수기준 점수4pt↑
📦 보유 유진로봇(056080) 1주 -1.8%

코드      종목명           가격    RSI     변화율    거래량     BB   호가비  B/S
────────────────────────────────────────────────────────────────────────
[2단계 분석 대상: 056080, 066970, 055550, 068270, 217820, 086790]
403870  HPSP      61,100    0.0    +0.0%    0.0x     중간  1.48  1pt/0 [일봉]
⛔ 아우토크립트(137040) 호가 없음 (거래정지 의심)
035720  카카오       41,250    0.0    +0.0%    0.0x     중간  2.35  2pt/0 [일봉]
015760  한국전력      40,600    0.0    +0.0%    0.0x     중간  2.20  2pt/0 [일봉]
061250  화일약품       8,750    0.0    +0.0%    0.0x     중간  0.22  0pt/0 [일봉]
217820  원익피앤이      2,950   67.4    -1.2%    0.5x     하단  3.43  4pt/0 [5분]
001510  SK증권       4,005    0.0    +0.0%    0.0x     중간  0.47  0pt/0 [일봉]
056080  유진로봇      23,950   45.5    -1.4%    0.4x     하단  2.91  5pt/1 [5분]
084850  아이티엠반도체   15,250    0.0    +0.0%    0.0x     중간  0.20  0pt/0 [일봉]
⛔ 금양(001570) 호가 없음 (거래정지 의심)

══════════════════════════════════════════════════
⚠️  손실 주의 유진로봇(056080) -1.8% (비상손절 -2.5% 임박)
⏰ 오전 매수 세션 종료 (11:30↑) — 신규 매수 중단
→ 전종목 HOLD
✅ Discord 전송 완료

[14:28] HOLD | KODEX RSI71/+3.1%⬆️ | 보유:유진로봇(056080) -1.8% | 최고신호 유진로봇(056080) 5pt/4pt [RSI46★ / BB하단 / 호가2.9★]
💰 예수금 72,822원 | KODEX200 RSI71/+3.2% 상승추세⬆️  | 매수기준 점수4pt↑
📦 보유 유진로봇(056080) 1주 -1.6%

코드      종목명           가격    RSI     변화율    거래량     BB   호가비  B/S
────────────────────────────────────────────────────────────────────────
[2단계 분석 대상: 056080, 066970, 217820, 068270, 006400, 138040]
403870  HPSP      61,000    0.0    +0.0%    0.0x     중간  1.87  2pt/0 [일봉]
⛔ 아우토크립트(137040) 호가 없음 (거래정지 의심)
035720  카카오       41,250    0.0    +0.0%    0.0x     중간  2.16  2pt/0 [일봉]
015760  한국전력      40,600    0.0    +0.0%    0.0x     중간  2.22  2pt/0 [일봉]
061250  화일약품       8,780    0.0    +0.0%    0.0x     중간  0.18  0pt/0 [일봉]
217820  원익피앤이      2,950   65.0    -1.3%    0.5x     하단  4.23  4pt/0 [5분]
001510  SK증권       3,985    0.0    +0.0%    0.0x     중간  1.46  1pt/0 [일봉]
056080  유진로봇      23,950   50.0    -1.4%    0.4x     하단  3.21  5pt/1 [5분]
084850  아이티엠반도체   15,250    0.0    +0.0%    0.0x     중간  0.23  0pt/0 [일봉]
⛔ 금양(001570) 호가 없음 (거래정지 의심)

══════════════════════════════════════════════════
⚠️  손실 주의 유진로봇(056080) -1.6% (비상손절 -2.5% 임박)
⏰ 오전 매수 세션 종료 (11:30↑) — 신규 매수 중단
→ 전종목 HOLD
✅ Discord 전송 완료

[14:30] HOLD | KODEX RSI71/+3.2%⬆️ | 보유:유진로봇(056080) -1.6% | 최고신호 유진로봇(056080) 5pt/4pt [RSI50★ / BB하단 / 호가3.2★]
💰 예수금 72,822원 | KODEX200 RSI71/+3.1% 상승추세⬆️  | 매수기준 점수4pt↑
📦 보유 유진로봇(056080) 1주 -1.8%

코드      종목명           가격    RSI     변화율    거래량     BB   호가비  B/S
────────────────────────────────────────────────────────────────────────
[2단계 분석 대상: 056080, 066970, 217820, 055550, 403870, 068270]
403870  HPSP      60,500   44.4   +10.6%    2.5x     상단  3.17  6pt/0 [5분]
⛔ 아우토크립트(137040) 호가 없음 (거래정지 의심)
035720  카카오       41,250    0.0    +0.0%    0.0x     중간  1.91  2pt/0 [일봉]
015760  한국전력      40,600    0.0    +0.0%    0.0x     중간  2.12  2pt/0 [일봉]
061250  화일약품       8,780    0.0    +0.0%    0.0x     중간  0.18  0pt/0 [일봉]
217820  원익피앤이      2,950   65.0    -1.2%    0.5x     하단  4.51  4pt/0 [5분]
001510  SK증권       3,985    0.0    +0.0%    0.0x     중간  1.50  2pt/0 [일봉]
056080  유진로봇      23,950   50.0    -1.6%    0.4x     하단  3.14  5pt/1 [5분]
084850  아이티엠반도체   15,250    0.0    +0.0%    0.0x     중간  0.19  0pt/0 [일봉]
⛔ 금양(001570) 호가 없음 (거래정지 의심)

══════════════════════════════════════════════════
⚠️  손실 주의 유진로봇(056080) -1.8% (비상손절 -2.5% 임박)
⏰ 오전 매수 세션 종료 (11:30↑) — 신규 매수 중단
→ 전종목 HOLD
✅ Discord 전송 완료

[14:32] HOLD | KODEX RSI71/+3.1%⬆️ | 보유:유진로봇(056080) -1.8% | 최고신호 HPSP(403870) 6pt/4pt [RSI44★ / 거래량2.5x / MA골 / 호가3.2★]
💰 예수금 72,822원 | KODEX200 RSI71/+3.1% 상승추세⬆️  | 매수기준 점수4pt↑
📦 보유 유진로봇(056080) 1주 -1.6%

코드      종목명           가격    RSI     변화율    거래량     BB   호가비  B/S
────────────────────────────────────────────────────────────────────────
[2단계 분석 대상: 056080, 066970, 217820, 055550, 068270, 138040]
403870  HPSP      60,700    0.0    +0.0%    0.0x     중간  2.22  2pt/0 [일봉]
⛔ 아우토크립트(137040) 호가 없음 (거래정지 의심)
035720  카카오       41,200    0.0    +0.0%    0.0x     중간  2.19  2pt/0 [일봉]
015760  한국전력      40,650    0.0    +0.0%    0.0x     중간  1.56  2pt/0 [일봉]
061250  화일약품       8,770    0.0    +0.0%    0.0x     중간  0.25  0pt/0 [일봉]
217820  원익피앤이      2,950   65.0    -1.2%    0.5x     하단  3.78  4pt/0 [5분]
001510  SK증권       3,985    0.0    +0.0%    0.0x     중간  1.44  1pt/0 [일봉]
056080  유진로봇      23,950   46.2    -1.4%    0.4x     하단  3.18  5pt/0 [5분]
084850  아이티엠반도체   15,250    0.0    +0.0%    0.0x     중간  0.19  0pt/0 [일봉]
⛔ 금양(001570) 호가 없음 (거래정지 의심)

══════════════════════════════════════════════════
⚠️  손실 주의 유진로봇(056080) -1.6% (비상손절 -2.5% 임박)
⏰ 오전 매수 세션 종료 (11:30↑) — 신규 매수 중단
→ 전종목 HOLD
✅ Discord 전송 완료

[14:34] HOLD | KODEX RSI71/+3.1%⬆️ | 보유:유진로봇(056080) -1.6% | 최고신호 유진로봇(056080) 5pt/4pt [RSI46★ / BB하단 / 호가3.2★]
💰 예수금 72,822원 | KODEX200 RSI71/+3.0% 상승추세⬆️  | 매수기준 점수4pt↑
📦 보유 유진로봇(056080) 1주 -1.6%

코드      종목명           가격    RSI     변화율    거래량     BB   호가비  B/S
────────────────────────────────────────────────────────────────────────
[2단계 분석 대상: 056080, 066970, 055550, 217820, 105560, 138040]
403870  HPSP      60,600    0.0    +0.0%    0.0x     중간  1.85  2pt/0 [일봉]
⛔ 아우토크립트(137040) 호가 없음 (거래정지 의심)
035720  카카오       41,150    0.0    +0.0%    0.0x     중간  2.48  2pt/0 [일봉]
015760  한국전력      40,600    0.0    +0.0%    0.0x     중간  2.03  2pt/0 [일봉]
061250  화일약품       8,780    0.0    +0.0%    0.0x     중간  0.23  0pt/0 [일봉]
217820  원익피앤이      2,950   67.3    -1.3%    0.5x     하단  3.78  4pt/0 [5분]
001510  SK증권       3,985    0.0    +0.0%    0.0x     중간  1.42  1pt/0 [일봉]
056080  유진로봇      23,950   46.2    -1.4%    0.4x     하단  3.05  5pt/0 [5분]
084850  아이티엠반도체   15,250    0.0    +0.0%    0.0x     중간  0.18  0pt/0 [일봉]
⛔ 금양(001570) 호가 없음 (거래정지 의심)

══════════════════════════════════════════════════
⚠️  손실 주의 유진로봇(056080) -1.6% (비상손절 -2.5% 임박)
⏰ 오전 매수 세션 종료 (11:30↑) — 신규 매수 중단
→ 전종목 HOLD
✅ Discord 전송 완료

[14:36] HOLD | KODEX RSI71/+3.0%⬆️ | 보유:유진로봇(056080) -1.6% | 최고신호 유진로봇(056080) 5pt/4pt [RSI46★ / BB하단 / 호가3.0★]
💰 예수금 72,822원 | KODEX200 RSI71/+2.9% 상승추세⬆️  | 매수기준 점수4pt↑
📦 보유 유진로봇(056080) 1주 -2.0% ⚠️주의

코드      종목명           가격    RSI     변화율    거래량     BB   호가비  B/S
────────────────────────────────────────────────────────────────────────
[2단계 분석 대상: 056080, 055550, 066970, 068270, 105560, 217820]
403870  HPSP      60,500    0.0    +0.0%    0.0x     중간  2.70  2pt/0 [일봉]
⛔ 아우토크립트(137040) 호가 없음 (거래정지 의심)
035720  카카오       41,150    0.0    +0.0%    0.0x     중간  2.26  2pt/0 [일봉]
015760  한국전력      40,550    0.0    +0.0%    0.0x     중간  2.12  2pt/0 [일봉]
061250  화일약품       8,780    0.0    +0.0%    0.0x     중간  0.23  0pt/0 [일봉]
217820  원익피앤이      2,945   67.3    -1.3%    0.5x     하단  3.49  4pt/0 [5분]
001510  SK증권       3,985    0.0    +0.0%    0.0x     중간  1.32  1pt/0 [일봉]
056080  유진로봇      23,850   46.2    -1.9%    0.4x     하단  2.81  5pt/0 [5분]
084850  아이티엠반도체   15,240    0.0    +0.0%    0.0x     중간  0.06  0pt/0 [일봉]
⛔ 금양(001570) 호가 없음 (거래정지 의심)

══════════════════════════════════════════════════
⚠️  손실 주의 유진로봇(056080) -2.0% (비상손절 -2.5% 임박)
⏰ 오전 매수 세션 종료 (11:30↑) — 신규 매수 중단
→ 전종목 HOLD
✅ Discord 전송 완료

[14:38] HOLD | KODEX RSI71/+2.9%⬆️ | 보유:유진로봇(056080) -2.0% | 최고신호 유진로봇(056080) 5pt/4pt [RSI46★ / BB하단 / 호가2.8★]
💰 예수금 72,822원 | KODEX200 RSI71/+3.2% 상승추세⬆️  | 매수기준 점수4pt↑
📦 보유 유진로봇(056080) 1주 -2.0% ⚠️주의

코드      종목명           가격    RSI     변화율    거래량     BB   호가비  B/S
────────────────────────────────────────────────────────────────────────
[2단계 분석 대상: 056080, 066970, 055550, 068270, 403870, 138040]
403870  HPSP      60,400   59.1   +10.2%    2.6x     상단  3.36  7pt/0 [5분]
⛔ 아우토크립트(137040) 호가 없음 (거래정지 의심)
035720  카카오       41,150    0.0    +0.0%    0.0x     중간  2.12  2pt/0 [일봉]
015760  한국전력      40,550    0.0    +0.0%    0.0x     중간  2.01  2pt/0 [일봉]
061250  화일약품       8,780    0.0    +0.0%    0.0x     중간  0.23  0pt/0 [일봉]
217820  원익피앤이      2,935    0.0    +0.0%    0.0x     중간  1.88  2pt/0 [일봉]
001510  SK증권       3,990    0.0    +0.0%    0.0x     중간  1.03  0pt/0 [일봉]
056080  유진로봇      23,850   60.0    -1.9%    0.4x     하단  2.75  6pt/0 [5분]
084850  아이티엠반도체   15,240    0.0    +0.0%    0.0x     중간  0.19  0pt/0 [일봉]
⛔ 금양(001570) 호가 없음 (거래정지 의심)

══════════════════════════════════════════════════
⚠️  손실 주의 유진로봇(056080) -2.0% (비상손절 -2.5% 임박)
⏰ 오전 매수 세션 종료 (11:30↑) — 신규 매수 중단
→ 전종목 HOLD
✅ Discord 전송 완료

[14:40] HOLD | KODEX RSI71/+3.2%⬆️ | 보유:유진로봇(056080) -2.0% | 최고신호 HPSP(403870) 7pt/4pt [RSI59★ / 거래량2.6x / MA골 / 호가3.4★ / 거래량증가]
💰 예수금 72,822원 | KODEX200 RSI71/+3.0% 상승추세⬆️  | 매수기준 점수4pt↑
📦 보유 유진로봇(056080) 1주 -2.2% ⚠️주의

코드      종목명           가격    RSI     변화율    거래량     BB   호가비  B/S
────────────────────────────────────────────────────────────────────────
[2단계 분석 대상: 056080, 066970, 055550, 068270, 035720, 105560]
403870  HPSP      60,200    0.0    +0.0%    0.0x     중간  2.43  2pt/0 [일봉]
⛔ 아우토크립트(137040) 호가 없음 (거래정지 의심)
035720  카카오       41,150   58.3    -1.8%    0.6x     하단  3.59  7pt/0 [5분]
015760  한국전력      40,550    0.0    +0.0%    0.0x     중간  2.01  2pt/0 [일봉]
061250  화일약품       8,770    0.0    +0.0%    0.0x     중간  0.22  0pt/0 [일봉]
217820  원익피앤이      2,930    0.0    +0.0%    0.0x     중간  1.72  2pt/0 [일봉]
001510  SK증권       3,985    0.0    +0.0%    0.0x     중간  1.30  1pt/0 [일봉]
056080  유진로봇      23,850   60.0    -2.1%    0.4x     하단  2.94  6pt/0 [5분]
084850  아이티엠반도체   15,240    0.0    +0.0%    0.0x     중간  0.11  0pt/0 [일봉]
⛔ 금양(001570) 호가 없음 (거래정지 의심)

══════════════════════════════════════════════════
⚠️  손실 주의 유진로봇(056080) -2.2% (비상손절 -2.5% 임박)
⏰ 오전 매수 세션 종료 (11:30↑) — 신규 매수 중단
→ 전종목 HOLD
✅ Discord 전송 완료

[14:42] HOLD | KODEX RSI71/+3.0%⬆️ | 보유:유진로봇(056080) -2.2% | 최고신호 카카오(035720) 7pt/4pt [RSI58★ / BB하단 / MA골 / 호가3.6★ / 거래량증가]
💰 예수금 72,822원 | KODEX200 RSI71/+3.2% 상승추세⬆️  | 매수기준 점수4pt↑
📦 보유 유진로봇(056080) 1주 -2.0% ⚠️주의

코드      종목명           가격    RSI     변화율    거래량     BB   호가비  B/S
────────────────────────────────────────────────────────────────────────
[2단계 분석 대상: 056080, 066970, 055550, 217820, 035720, 105560]
403870  HPSP      60,400    0.0    +0.0%    0.0x     중간  2.20  2pt/0 [일봉]
⛔ 아우토크립트(137040) 호가 없음 (거래정지 의심)
035720  카카오       41,150   66.7    -1.6%    0.6x     하단  3.46  4pt/0 [5분]
015760  한국전력      40,600    0.0    +0.0%    0.0x     중간  1.87  2pt/0 [일봉]
061250  화일약품       8,760    0.0    +0.0%    0.0x     중간  0.23  0pt/0 [일봉]
217820  원익피앤이      2,935   54.5    -1.8%    0.5x     하단  3.49  6pt/0 [5분]
001510  SK증권       3,985    0.0    +0.0%    0.0x     중간  1.13  0pt/0 [일봉]
056080  유진로봇      23,850   54.5    -2.1%    0.4x     하단  2.98  6pt/0 [5분]
084850  아이티엠반도체   15,240    0.0    +0.0%    0.0x     중간  0.21  0pt/0 [일봉]
⛔ 금양(001570) 호가 없음 (거래정지 의심)

══════════════════════════════════════════════════
⚠️  손실 주의 유진로봇(056080) -2.0% (비상손절 -2.5% 임박)
⏰ 오전 매수 세션 종료 (11:30↑) — 신규 매수 중단
→ 전종목 HOLD
✅ Discord 전송 완료

[14:44] HOLD | KODEX RSI71/+3.2%⬆️ | 보유:유진로봇(056080) -2.0% | 최고신호 원익피앤이(217820) 6pt/4pt [RSI54★ / BB하단 / MA골 / 호가3.5★]
💰 예수금 72,822원 | KODEX200 RSI71/+3.3% 상승추세⬆️  | 매수기준 점수4pt↑
📦 보유 유진로봇(056080) 1주 -2.2% ⚠️주의

코드      종목명           가격    RSI     변화율    거래량     BB   호가비  B/S
────────────────────────────────────────────────────────────────────────
[2단계 분석 대상: 056080, 066970, 105560, 086790, 012330, 055550]
403870  HPSP      60,600    0.0    +0.0%    0.0x     중간  1.40  1pt/0 [일봉]
⛔ 아우토크립트(137040) 호가 없음 (거래정지 의심)
035720  카카오       41,300    0.0    +0.0%    0.0x     중간  1.93  2pt/0 [일봉]
015760  한국전력      40,550    0.0    +0.0%    0.0x     중간  1.94  2pt/0 [일봉]
061250  화일약품       8,740    0.0    +0.0%    0.0x     중간  1.01  0pt/0 [일봉]
217820  원익피앤이      2,935    0.0    +0.0%    0.0x     중간  2.38  2pt/0 [일봉]
001510  SK증권       3,980    0.0    +0.0%    0.0x     중간  1.42  1pt/0 [일봉]
056080  유진로봇      23,850   54.5    -2.1%    0.4x     하단  3.09  6pt/0 [5분]
084850  아이티엠반도체   15,230    0.0    +0.0%    0.0x     중간  0.22  0pt/0 [일봉]
⛔ 금양(001570) 호가 없음 (거래정지 의심)

══════════════════════════════════════════════════
⚠️  손실 주의 유진로봇(056080) -2.2% (비상손절 -2.5% 임박)
⏰ 오전 매수 세션 종료 (11:30↑) — 신규 매수 중단
→ 전종목 HOLD
✅ Discord 전송 완료

[14:46] HOLD | KODEX RSI71/+3.3%⬆️ | 보유:유진로봇(056080) -2.2% | 최고신호 유진로봇(056080) 6pt/4pt [RSI54★ / BB하단 / MA골 / 호가3.1★]
💰 예수금 72,822원 | KODEX200 RSI71/+3.2% 상승추세⬆️  | 매수기준 점수4pt↑
📦 보유 유진로봇(056080) 1주 -2.0% ⚠️주의

코드      종목명           가격    RSI     변화율    거래량     BB   호가비  B/S
────────────────────────────────────────────────────────────────────────
[2단계 분석 대상: 056080, 055550, 066970, 068270, 138040, 105560]
403870  HPSP      60,400    0.0    +0.0%    0.0x     중간  2.09  2pt/0 [일봉]
⛔ 아우토크립트(137040) 호가 없음 (거래정지 의심)
035720  카카오       41,250    0.0    +0.0%    0.0x     중간  2.45  2pt/0 [일봉]
015760  한국전력      40,550    0.0    +0.0%    0.0x     중간  1.84  2pt/0 [일봉]
061250  화일약품       8,770    0.0    +0.0%    0.0x     중간  0.26  0pt/0 [일봉]
217820  원익피앤이      2,935    0.0    +0.0%    0.0x     중간  2.36  2pt/0 [일봉]
001510  SK증권       3,975    0.0    +0.0%    0.0x     중간  2.08  2pt/0 [일봉]
056080  유진로봇      23,850   54.5    -1.9%    0.4x     하단  3.18  6pt/0 [5분]
084850  아이티엠반도체   15,230    0.0    +0.0%    0.0x     중간  0.40  0pt/0 [일봉]
⛔ 금양(001570) 호가 없음 (거래정지 의심)

══════════════════════════════════════════════════
⚠️  손실 주의 유진로봇(056080) -2.0% (비상손절 -2.5% 임박)
⏰ 오전 매수 세션 종료 (11:30↑) — 신규 매수 중단
→ 전종목 HOLD
✅ Discord 전송 완료

[14:48] HOLD | KODEX RSI71/+3.2%⬆️ | 보유:유진로봇(056080) -2.0% | 최고신호 유진로봇(056080) 6pt/4pt [RSI54★ / BB하단 / MA골 / 호가3.2★]
💰 예수금 72,822원 | KODEX200 RSI71/+3.3% 상승추세⬆️  | 매수기준 점수4pt↑
📦 보유 유진로봇(056080) 1주 -1.8%

코드      종목명           가격    RSI     변화율    거래량     BB   호가비  B/S
────────────────────────────────────────────────────────────────────────
[2단계 분석 대상: 056080, 066970, 068270, 015760, 012450, 055550]
403870  HPSP      60,600    0.0    +0.0%    0.0x     중간  1.47  1pt/0 [일봉]
⛔ 아우토크립트(137040) 호가 없음 (거래정지 의심)
035720  카카오       41,250    0.0    +0.0%    0.0x     중간  2.06  2pt/0 [일봉]
015760  한국전력      40,450   54.5    +1.8%    0.7x     상단  4.30  5pt/0 [5분]
061250  화일약품       8,780    0.0    +0.0%    0.0x     중간  0.30  0pt/0 [일봉]
217820  원익피앤이      2,930    0.0    +0.0%    0.0x     중간  2.23  2pt/0 [일봉]
001510  SK증권       3,970    0.0    +0.0%    0.0x     중간  2.32  2pt/0 [일봉]
056080  유진로봇      23,900   44.4    -1.9%    0.4x     하단  2.92  6pt/0 [5분]
084850  아이티엠반도체   15,220    0.0    +0.0%    0.0x     중간  0.51  0pt/0 [일봉]
⛔ 금양(001570) 호가 없음 (거래정지 의심)

══════════════════════════════════════════════════
⚠️  손실 주의 유진로봇(056080) -1.8% (비상손절 -2.5% 임박)
⏰ 오전 매수 세션 종료 (11:30↑) — 신규 매수 중단
→ 전종목 HOLD
✅ Discord 전송 완료

[14:50] HOLD | KODEX RSI71/+3.3%⬆️ | 보유:유진로봇(056080) -1.8% | 최고신호 유진로봇(056080) 6pt/4pt [RSI44★ / BB하단 / MA골 / 호가2.9★]
💰 예수금 72,822원 | KODEX200 RSI71/+3.2% 상승추세⬆️  | 매수기준 점수4pt↑
📦 보유 유진로봇(056080) 1주 -2.2% ⚠️주의

코드      종목명           가격    RSI     변화율    거래량     BB   호가비  B/S
────────────────────────────────────────────────────────────────────────
[2단계 분석 대상: 056080, 066970, 138040, 012450, 015760, 068270]
403870  HPSP      60,300    0.0    +0.0%    0.0x     중간  2.06  2pt/0 [일봉]
⛔ 아우토크립트(137040) 호가 없음 (거래정지 의심)
035720  카카오       41,250    0.0    +0.0%    0.0x     중간  2.08  2pt/0 [일봉]
015760  한국전력      40,450   54.5    +1.8%    0.7x     상단  4.26  5pt/0 [5분]
061250  화일약품       8,780    0.0    +0.0%    0.0x     중간  0.30  0pt/0 [일봉]
217820  원익피앤이      2,930    0.0    +0.0%    0.0x     중간  2.16  2pt/0 [일봉]
001510  SK증권       3,970    0.0    +0.0%    0.0x     중간  2.48  2pt/0 [일봉]
056080  유진로봇      23,850   44.4    -1.9%    0.4x     하단  2.94  6pt/0 [5분]
084850  아이티엠반도체   15,220    0.0    +0.0%    0.0x     중간  0.61  0pt/0 [일봉]
⛔ 금양(001570) 호가 없음 (거래정지 의심)

══════════════════════════════════════════════════
⚠️  손실 주의 유진로봇(056080) -2.2% (비상손절 -2.5% 임박)
⏰ 오전 매수 세션 종료 (11:30↑) — 신규 매수 중단
→ 전종목 HOLD
✅ Discord 전송 완료

[14:52] HOLD | KODEX RSI71/+3.2%⬆️ | 보유:유진로봇(056080) -2.2% | 최고신호 유진로봇(056080) 6pt/4pt [RSI44★ / BB하단 / MA골 / 호가2.9★]
💰 예수금 72,822원 | KODEX200 RSI71/+3.2% 상승추세⬆️  | 매수기준 점수4pt↑
📦 보유 유진로봇(056080) 1주 -2.0% ⚠️주의

코드      종목명           가격    RSI     변화율    거래량     BB   호가비  B/S
────────────────────────────────────────────────────────────────────────
[2단계 분석 대상: 056080, 066970, 138040, 068270, 055550, 015760]
403870  HPSP      60,200    0.0    +0.0%    0.0x     중간  2.19  2pt/0 [일봉]
⛔ 아우토크립트(137040) 호가 없음 (거래정지 의심)
035720  카카오       41,300    0.0    +0.0%    0.0x     중간  1.98  2pt/0 [일봉]
015760  한국전력      40,450   60.0    +1.9%    0.7x     상단  4.27  5pt/0 [5분]
061250  화일약품       8,770    0.0    +0.0%    0.0x     중간  0.32  0pt/0 [일봉]
217820  원익피앤이      2,925    0.0    +0.0%    0.0x     중간  2.07  2pt/0 [일봉]
001510  SK증권       3,970    0.0    +0.0%    0.0x     중간  2.53  2pt/0 [일봉]
056080  유진로봇      23,900   50.0    -1.9%    0.4x     하단  3.00  6pt/0 [5분]
084850  아이티엠반도체   15,210    0.0    +0.0%    0.0x     중간  0.60  0pt/0 [일봉]
⛔ 금양(001570) 호가 없음 (거래정지 의심)

══════════════════════════════════════════════════
⚠️  손실 주의 유진로봇(056080) -2.0% (비상손절 -2.5% 임박)
⏰ 오전 매수 세션 종료 (11:30↑) — 신규 매수 중단
→ 전종목 HOLD
✅ Discord 전송 완료

[14:54] HOLD | KODEX RSI71/+3.2%⬆️ | 보유:유진로봇(056080) -2.0% | 최고신호 유진로봇(056080) 6pt/4pt [RSI50★ / BB하단 / MA골 / 호가3.0★]
💰 예수금 72,822원 | KODEX200 RSI71/+3.2% 상승추세⬆️  | 매수기준 점수4pt↑
📦 보유 유진로봇(056080) 1주 -2.2% ⚠️주의

코드      종목명           가격    RSI     변화율    거래량     BB   호가비  B/S
────────────────────────────────────────────────────────────────────────
[2단계 분석 대상: 056080, 066970, 138040, 012450, 068270, 015760]
403870  HPSP      60,300    0.0    +0.0%    0.0x     중간  2.09  2pt/0 [일봉]
⛔ 아우토크립트(137040) 호가 없음 (거래정지 의심)
035720  카카오       41,300    0.0    +0.0%    0.0x     중간  1.97  2pt/0 [일봉]
015760  한국전력      40,450   60.0    +1.9%    0.7x     상단  4.42  5pt/0 [5분]
061250  화일약품       8,770    0.0    +0.0%    0.0x     중간  0.32  0pt/0 [일봉]
217820  원익피앤이      2,925    0.0    +0.0%    0.0x     중간  2.01  2pt/0 [일봉]
001510  SK증권       3,975    0.0    +0.0%    0.0x     중간  1.83  2pt/0 [일봉]
056080  유진로봇      23,850   50.0    -1.9%    0.4x     하단  3.38  6pt/0 [5분]
084850  아이티엠반도체   15,190    0.0    +0.0%    0.0x     중간  0.77  0pt/0 [일봉]
⛔ 금양(001570) 호가 없음 (거래정지 의심)

══════════════════════════════════════════════════
⚠️  손실 주의 유진로봇(056080) -2.2% (비상손절 -2.5% 임박)
⏰ 오전 매수 세션 종료 (11:30↑) — 신규 매수 중단
→ 전종목 HOLD
✅ Discord 전송 완료

[14:56] HOLD | KODEX RSI71/+3.2%⬆️ | 보유:유진로봇(056080) -2.2% | 최고신호 유진로봇(056080) 6pt/4pt [RSI50★ / BB하단 / MA골 / 호가3.4★]
💰 예수금 72,822원 | KODEX200 RSI71/+3.2% 상승추세⬆️  | 매수기준 점수4pt↑
📦 보유 유진로봇(056080) 1주 -2.0% ⚠️주의

코드      종목명           가격    RSI     변화율    거래량     BB   호가비  B/S
────────────────────────────────────────────────────────────────────────
[2단계 분석 대상: 056080, 066970, 138040, 068270, 015760, 012450]
403870  HPSP      60,100    0.0    +0.0%    0.0x     중간  1.96  2pt/0 [일봉]
⛔ 아우토크립트(137040) 호가 없음 (거래정지 의심)
035720  카카오       41,300    0.0    +0.0%    0.0x     중간  1.93  2pt/0 [일봉]
015760  한국전력      40,450   60.0    +1.8%    0.7x     상단  4.29  5pt/0 [5분]
061250  화일약품       8,770    0.0    +0.0%    0.0x     중간  0.32  0pt/0 [일봉]
217820  원익피앤이      2,920    0.0    +0.0%    0.0x     중간  2.66  2pt/0 [일봉]
001510  SK증권       3,980    0.0    +0.0%    0.0x     중간  2.59  2pt/0 [일봉]
056080  유진로봇      23,850   50.0    -1.9%    0.4x     하단  3.56  6pt/0 [5분]
084850  아이티엠반도체   15,190    0.0    +0.0%    0.0x     중간  0.23  0pt/0 [일봉]
⛔ 금양(001570) 호가 없음 (거래정지 의심)

══════════════════════════════════════════════════
⚠️  손실 주의 유진로봇(056080) -2.0% (비상손절 -2.5% 임박)
⏰ 오전 매수 세션 종료 (11:30↑) — 신규 매수 중단
→ 전종목 HOLD
✅ Discord 전송 완료

[14:58] HOLD | KODEX RSI71/+3.2%⬆️ | 보유:유진로봇(056080) -2.0% | 최고신호 유진로봇(056080) 6pt/4pt [RSI50★ / BB하단 / MA골 / 호가3.6★]
💰 예수금 72,822원 | KODEX200 RSI71/+3.2% 상승추세⬆️  | 매수기준 점수4pt↑
📦 보유 유진로봇(056080) 1주 -2.0% ⚠️주의

코드      종목명           가격    RSI     변화율    거래량     BB   호가비  B/S
────────────────────────────────────────────────────────────────────────
[2단계 분석 대상: 056080, 066970, 138040, 015760, 217820, 068270]
403870  HPSP      60,200    0.0    +0.0%    0.0x     중간  1.41  1pt/0 [일봉]
⛔ 아우토크립트(137040) 호가 없음 (거래정지 의심)
035720  카카오       41,300    0.0    +0.0%    0.0x     중간  1.97  2pt/0 [일봉]
015760  한국전력      40,450   50.0    +1.8%    0.7x     상단  6.00  5pt/0 [5분]
061250  화일약품       8,750    0.0    +0.0%    0.0x     중간  0.63  0pt/0 [일봉]
217820  원익피앤이      2,925   59.1    -2.4%    0.6x     하단  4.10  6pt/0 [5분]
001510  SK증권       3,980    0.0    +0.0%    0.0x     중간  2.41  2pt/0 [일봉]
056080  유진로봇      23,850   57.1    -2.1%    0.4x     하단  3.47  6pt/0 [5분]
084850  아이티엠반도체   15,190    0.0    +0.0%    0.0x     중간  0.22  0pt/0 [일봉]
⛔ 금양(001570) 호가 없음 (거래정지 의심)

══════════════════════════════════════════════════
⚠️  손실 주의 유진로봇(056080) -2.0% (비상손절 -2.5% 임박)
⏰ 오전 매수 세션 종료 (11:30↑) — 신규 매수 중단
→ 전종목 HOLD
✅ Discord 전송 완료

[15:00] HOLD | KODEX RSI71/+3.2%⬆️ | 보유:유진로봇(056080) -2.0% | 최고신호 원익피앤이(217820) 6pt/4pt [RSI59★ / BB하단 / MA골 / 호가4.1★]
💰 예수금 72,822원 | KODEX200 RSI71/+3.1% 상승추세⬆️  | 매수기준 점수4pt↑
📦 보유 유진로봇(056080) 1주 -2.0% ⚠️주의

코드      종목명           가격    RSI     변화율    거래량     BB   호가비  B/S
────────────────────────────────────────────────────────────────────────
[2단계 분석 대상: 056080, 066970, 138040, 217820, 015760, 000270]
403870  HPSP      59,900    0.0    +0.0%    0.0x     중간  0.92  0pt/0 [일봉]
⛔ 아우토크립트(137040) 호가 없음 (거래정지 의심)
035720  카카오       41,250    0.0    +0.0%    0.0x     중간  1.83  2pt/0 [일봉]
015760  한국전력      40,450   50.0    +1.8%    0.7x     상단  5.74  5pt/0 [5분]
061250  화일약품       8,760    0.0    +0.0%    0.0x     중간  0.43  0pt/0 [일봉]
217820  원익피앤이      2,920   59.1    -2.2%    0.6x     하단  7.03  6pt/0 [5분]
001510  SK증권       3,970    0.0    +0.0%    0.0x     중간  1.58  2pt/0 [일봉]
056080  유진로봇      23,850   57.1    -1.9%    0.4x     하단  3.71  6pt/0 [5분]
084850  아이티엠반도체   15,170    0.0    +0.0%    0.0x     중간  0.20  0pt/0 [일봉]
⛔ 금양(001570) 호가 없음 (거래정지 의심)

══════════════════════════════════════════════════
⚠️  손실 주의 유진로봇(056080) -2.0% (비상손절 -2.5% 임박)
⏰ 오전 매수 세션 종료 (11:30↑) — 신규 매수 중단
→ 전종목 HOLD
✅ Discord 전송 완료

[15:02] HOLD | KODEX RSI71/+3.1%⬆️ | 보유:유진로봇(056080) -2.0% | 최고신호 원익피앤이(217820) 6pt/4pt [RSI59★ / BB하단 / MA골 / 호가7.0★]
💰 예수금 72,822원 | KODEX200 RSI71/+3.1% 상승추세⬆️  | 매수기준 점수4pt↑
📦 보유 유진로봇(056080) 1주 -2.2% ⚠️주의

코드      종목명           가격    RSI     변화율    거래량     BB   호가비  B/S
────────────────────────────────────────────────────────────────────────
[2단계 분석 대상: 056080, 066970, 138040, 217820, 015760, 055550]
403870  HPSP      59,900    0.0    +0.0%    0.0x     중간  1.11  0pt/0 [일봉]
⛔ 아우토크립트(137040) 호가 없음 (거래정지 의심)
035720  카카오       41,250    0.0    +0.0%    0.0x     중간  1.95  2pt/0 [일봉]
015760  한국전력      40,450   58.3    +1.8%    0.7x     상단  5.51  5pt/0 [5분]
061250  화일약품       8,760    0.0    +0.0%    0.0x     중간  0.45  0pt/0 [일봉]
217820  원익피앤이      2,920   57.9    -2.2%    0.6x     하단  7.28  6pt/0 [5분]
001510  SK증권       3,970    0.0    +0.0%    0.0x     중간  2.20  2pt/0 [일봉]
056080  유진로봇      23,850   50.0    -2.1%    0.4x     하단  3.30  6pt/0 [5분]
084850  아이티엠반도체   15,180    0.0    +0.0%    0.0x     중간  0.21  0pt/0 [일봉]
⛔ 금양(001570) 호가 없음 (거래정지 의심)

══════════════════════════════════════════════════
⚠️  손실 주의 유진로봇(056080) -2.2% (비상손절 -2.5% 임박)
⏰ 오전 매수 세션 종료 (11:30↑) — 신규 매수 중단
→ 전종목 HOLD
✅ Discord 전송 완료

[15:04] HOLD | KODEX RSI71/+3.1%⬆️ | 보유:유진로봇(056080) -2.2% | 최고신호 원익피앤이(217820) 6pt/4pt [RSI58★ / BB하단 / MA골 / 호가7.3★]
💰 예수금 72,822원 | KODEX200 RSI71/+3.1% 상승추세⬆️  | 매수기준 점수4pt↑
📦 보유 유진로봇(056080) 1주 -2.2% ⚠️주의

코드      종목명           가격    RSI     변화율    거래량     BB   호가비  B/S
────────────────────────────────────────────────────────────────────────
[2단계 분석 대상: 056080, 066970, 138040, 217820, 068270, 015760]
403870  HPSP      60,100    0.0    +0.0%    0.0x     중간  1.10  0pt/0 [일봉]
⛔ 아우토크립트(137040) 호가 없음 (거래정지 의심)
035720  카카오       41,300    0.0    +0.0%    0.0x     중간  2.09  2pt/0 [일봉]
015760  한국전력      40,450   58.3    +1.9%    0.7x     상단  4.33  5pt/0 [5분]
061250  화일약품       8,760    0.0    +0.0%    0.0x     중간  0.39  0pt/0 [일봉]
217820  원익피앤이      2,920   57.9    -2.2%    0.6x     하단  7.60  6pt/0 [5분]
001510  SK증권       3,975    0.0    +0.0%    0.0x     중간  2.34  2pt/0 [일봉]
056080  유진로봇      23,800   50.0    -2.3%    0.4x     하단  2.22  6pt/0 [5분]
084850  아이티엠반도체   15,170    0.0    +0.0%    0.0x     중간  0.30  0pt/0 [일봉]
⛔ 금양(001570) 호가 없음 (거래정지 의심)

══════════════════════════════════════════════════
⚠️  손실 주의 유진로봇(056080) -2.2% (비상손절 -2.5% 임박)
⏰ 오전 매수 세션 종료 (11:30↑) — 신규 매수 중단
→ 전종목 HOLD
✅ Discord 전송 완료

[15:06] HOLD | KODEX RSI71/+3.1%⬆️ | 보유:유진로봇(056080) -2.2% | 최고신호 원익피앤이(217820) 6pt/4pt [RSI58★ / BB하단 / MA골 / 호가7.6★]
💰 예수금 72,822원 | KODEX200 RSI71/+3.1% 상승추세⬆️  | 매수기준 점수4pt↑
📦 보유 유진로봇(056080) 1주 -2.5% ⚠️주의

코드      종목명           가격    RSI     변화율    거래량     BB   호가비  B/S
────────────────────────────────────────────────────────────────────────
[2단계 분석 대상: 056080, 066970, 217820, 138040, 068270, 012450]
403870  HPSP      59,900    0.0    +0.0%    0.0x     중간  0.99  0pt/0 [일봉]
⛔ 아우토크립트(137040) 호가 없음 (거래정지 의심)
035720  카카오       41,300    0.0    +0.0%    0.0x     중간  1.71  2pt/0 [일봉]
015760  한국전력      40,500    0.0    +0.0%    0.0x     중간  4.02  2pt/0 [일봉]
061250  화일약품       8,760    0.0    +0.0%    0.0x     중간  0.39  0pt/0 [일봉]
217820  원익피앤이      2,925   57.9    -2.0%    0.6x     하단  9.07  6pt/0 [5분]
001510  SK증권       3,980    0.0    +0.0%    0.0x     중간  2.72  2pt/0 [일봉]
056080  유진로봇      23,800   50.0    -2.3%    0.4x     하단  2.32  6pt/0 [5분]
084850  아이티엠반도체   15,200    0.0    +0.0%    0.0x     중간  0.31  0pt/0 [일봉]
⛔ 금양(001570) 호가 없음 (거래정지 의심)

══════════════════════════════════════════════════
⚠️  손실 주의 유진로봇(056080) -2.5% (비상손절 -2.5% 임박)
⏰ 오전 매수 세션 종료 (11:30↑) — 신규 매수 중단
→ 전종목 HOLD
✅ Discord 전송 완료

[15:08] HOLD | KODEX RSI71/+3.1%⬆️ | 보유:유진로봇(056080) -2.5% | 최고신호 원익피앤이(217820) 6pt/4pt [RSI58★ / BB하단 / MA골 / 호가9.1★]
💰 예수금 72,822원 | KODEX200 RSI71/+3.0% 상승추세⬆️  | 매수기준 점수4pt↑
📦 보유 유진로봇(056080) 1주 -2.2% ⚠️주의

코드      종목명           가격    RSI     변화율    거래량     BB   호가비  B/S
────────────────────────────────────────────────────────────────────────
[2단계 분석 대상: 056080, 066970, 217820, 055550, 138040, 068270]
403870  HPSP      60,000    0.0    +0.0%    0.0x     중간  1.12  0pt/0 [일봉]
⛔ 아우토크립트(137040) 호가 없음 (거래정지 의심)
035720  카카오       41,300    0.0    +0.0%    0.0x     중간  1.64  2pt/0 [일봉]
015760  한국전력      40,500    0.0    +0.0%    0.0x     중간  3.57  2pt/0 [일봉]
061250  화일약품       8,760    0.0    +0.0%    0.0x     중간  0.24  0pt/0 [일봉]
217820  원익피앤이      2,925   55.0    -2.0%    0.6x     하단  7.32  7pt/0 [5분]
001510  SK증권       3,980    0.0    +0.0%    0.0x     중간  2.58  2pt/0 [일봉]
056080  유진로봇      23,800   50.0    -2.1%    0.4x     하단  2.73  6pt/0 [5분]
084850  아이티엠반도체   15,200    0.0    +0.0%    0.0x     중간  0.35  0pt/0 [일봉]
⛔ 금양(001570) 호가 없음 (거래정지 의심)

══════════════════════════════════════════════════
🕐 15:10 이후 — 장 마감 청산 모드
⚠️  손실 주의 유진로봇(056080) -2.2% (비상손절 -2.5% 임박)
⏰ 오전 매수 세션 종료 (11:30↑) — 신규 매수 중단
→ 전종목 HOLD
✅ Discord 전송 완료

[15:10] HOLD | KODEX RSI71/+3.0%⬆️ | 보유:유진로봇(056080) -2.2% | 최고신호 원익피앤이(217820) 7pt/4pt [RSI55★ / BB하단 / MA골 / 호가7.3★ / 거래량증가]
💰 예수금 72,822원 | KODEX200 RSI71/+3.0% 상승추세⬆️  | 매수기준 점수4pt↑
📦 보유 유진로봇(056080) 1주 -2.2% ⚠️주의

코드      종목명           가격    RSI     변화율    거래량     BB   호가비  B/S
────────────────────────────────────────────────────────────────────────
[2단계 분석 대상: 056080, 066970, 138040, 055550, 217820, 015760]
403870  HPSP      60,100    0.0    +0.0%    0.0x     중간  1.20  1pt/0 [일봉]
⛔ 아우토크립트(137040) 호가 없음 (거래정지 의심)
035720  카카오       41,300    0.0    +0.0%    0.0x     중간  1.81  2pt/0 [일봉]
015760  한국전력      40,500   66.7    +2.0%    0.7x     상단  4.09  3pt/0 [5분]
061250  화일약품       8,760    0.0    +0.0%    0.0x     중간  0.24  0pt/0 [일봉]
217820  원익피앤이      2,920   55.0    -2.2%    0.6x     하단  4.66  7pt/0 [5분]
001510  SK증권       3,985    0.0    +0.0%    0.0x     중간  2.51  2pt/0 [일봉]
056080  유진로봇      23,850   50.0    -2.1%    0.4x     하단  2.22  6pt/0 [5분]
084850  아이티엠반도체   15,200    0.0    +0.0%    0.0x     중간  0.20  0pt/0 [일봉]
⛔ 금양(001570) 호가 없음 (거래정지 의심)

══════════════════════════════════════════════════
🕐 15:10 이후 — 장 마감 청산 모드
⚠️  손실 주의 유진로봇(056080) -2.2% (비상손절 -2.5% 임박)
⏰ 오전 매수 세션 종료 (11:30↑) — 신규 매수 중단
→ 전종목 HOLD
✅ Discord 전송 완료

[15:12] HOLD | KODEX RSI71/+3.0%⬆️ | 보유:유진로봇(056080) -2.2% | 최고신호 원익피앤이(217820) 7pt/4pt [RSI55★ / BB하단 / MA골 / 호가4.7★ / 거래량증가]
💰 예수금 72,822원 | KODEX200 RSI71/+3.0% 상승추세⬆️  | 매수기준 점수4pt↑
📦 보유 유진로봇(056080) 1주 -2.2% ⚠️주의

코드      종목명           가격    RSI     변화율    거래량     BB   호가비  B/S
────────────────────────────────────────────────────────────────────────
[2단계 분석 대상: 056080, 066970, 068270, 217820, 055550, 015760]
403870  HPSP      60,200    0.0    +0.0%    0.0x     중간  1.26  1pt/0 [일봉]
⛔ 아우토크립트(137040) 호가 없음 (거래정지 의심)
035720  카카오       41,350    0.0    +0.0%    0.0x     중간  1.54  2pt/0 [일봉]
015760  한국전력      40,500   54.5    +1.9%    0.7x     상단  3.98  5pt/0 [5분]
061250  화일약품       8,760    0.0    +0.0%    0.0x     중간  0.21  0pt/0 [일봉]
217820  원익피앤이      2,920   59.1    -2.4%    0.6x     하단  4.47  7pt/0 [5분]
001510  SK증권       3,990    0.0    +0.0%    0.0x     중간  1.68  2pt/0 [일봉]
056080  유진로봇      23,850   66.7    -2.1%    0.4x     하단  2.29  4pt/0 [5분]
084850  아이티엠반도체   15,190    0.0    +0.0%    0.0x     중간  0.13  0pt/0 [일봉]
⛔ 금양(001570) 호가 없음 (거래정지 의심)

══════════════════════════════════════════════════
🕐 15:10 이후 — 장 마감 청산 모드
⚠️  손실 주의 유진로봇(056080) -2.2% (비상손절 -2.5% 임박)
⏰ 오전 매수 세션 종료 (11:30↑) — 신규 매수 중단
→ 전종목 HOLD
✅ Discord 전송 완료

[15:14] HOLD | KODEX RSI71/+3.0%⬆️ | 보유:유진로봇(056080) -2.2% | 최고신호 원익피앤이(217820) 7pt/4pt [RSI59★ / BB하단 / MA골 / 호가4.5★ / 거래량증가]
💰 예수금 72,822원 | KODEX200 RSI71/+2.9% 상승추세⬆️  | 매수기준 점수4pt↑
📦 보유 유진로봇(056080) 1주 -2.0% ⚠️주의

코드      종목명           가격    RSI     변화율    거래량     BB   호가비  B/S
────────────────────────────────────────────────────────────────────────
[2단계 분석 대상: 056080, 066970, 217820, 015760, 055550, 068270]
403870  HPSP      60,100    0.0    +0.0%    0.0x     중간  1.15  0pt/0 [일봉]
⛔ 아우토크립트(137040) 호가 없음 (거래정지 의심)
035720  카카오       41,400    0.0    +0.0%    0.0x     중간  1.74  2pt/0 [일봉]
015760  한국전력      40,500   54.5    +2.0%    0.7x     상단  3.88  5pt/0 [5분]
061250  화일약품       8,770    0.0    +0.0%    0.0x     중간  0.28  0pt/0 [일봉]
217820  원익피앤이      2,925   59.1    -2.2%    0.6x     하단  4.14  7pt/0 [5분]
001510  SK증권       3,995    0.0    +0.0%    0.0x     중간  1.51  2pt/0 [일봉]
056080  유진로봇      23,850   66.7    -2.1%    0.4x     하단  2.23  4pt/0 [5분]
084850  아이티엠반도체   15,190    0.0    +0.0%    0.0x     중간  0.28  0pt/0 [일봉]
⛔ 금양(001570) 호가 없음 (거래정지 의심)

══════════════════════════════════════════════════
🕐 15:10 이후 — 장 마감 청산 모드
⚠️  손실 주의 유진로봇(056080) -2.0% (비상손절 -2.5% 임박)
⏰ 오전 매수 세션 종료 (11:30↑) — 신규 매수 중단
→ 전종목 HOLD
✅ Discord 전송 완료

[15:16] HOLD | KODEX RSI71/+2.9%⬆️ | 보유:유진로봇(056080) -2.0% | 최고신호 원익피앤이(217820) 7pt/4pt [RSI59★ / BB하단 / MA골 / 호가4.1★ / 거래량증가]
💰 예수금 72,822원 | KODEX200 RSI71/+2.9% 상승추세⬆️  | 매수기준 점수4pt↑
📦 보유 유진로봇(056080) 1주 -2.2% ⚠️주의

코드      종목명           가격    RSI     변화율    거래량     BB   호가비  B/S
────────────────────────────────────────────────────────────────────────
[2단계 분석 대상: 056080, 066970, 217820, 015760, 068270, 000660]
403870  HPSP      60,100    0.0    +0.0%    0.0x     중간  1.24  1pt/0 [일봉]
⛔ 아우토크립트(137040) 호가 없음 (거래정지 의심)
035720  카카오       41,450    0.0    +0.0%    0.0x     중간  1.10  0pt/0 [일봉]
015760  한국전력      40,500   54.5    +1.9%    0.7x     상단  4.73  5pt/0 [5분]
061250  화일약품       8,770    0.0    +0.0%    0.0x     중간  0.42  0pt/0 [일봉]
217820  원익피앤이      2,945   59.1    -1.2%    0.6x     하단  6.70  7pt/0 [5분]
001510  SK증권       3,985    0.0    +0.0%    0.0x     중간  1.88  2pt/0 [일봉]
056080  유진로봇      23,850   66.7    -2.1%    0.4x     하단  2.28  4pt/0 [5분]
084850  아이티엠반도체   15,250    0.0    +0.0%    0.0x     중간  0.15  0pt/0 [일봉]
⛔ 금양(001570) 호가 없음 (거래정지 의심)

══════════════════════════════════════════════════
🕐 15:10 이후 — 장 마감 청산 모드
⚠️  손실 주의 유진로봇(056080) -2.2% (비상손절 -2.5% 임박)
⏰ 오전 매수 세션 종료 (11:30↑) — 신규 매수 중단
→ 전종목 HOLD
✅ Discord 전송 완료

[15:18] HOLD | KODEX RSI71/+2.9%⬆️ | 보유:유진로봇(056080) -2.2% | 최고신호 원익피앤이(217820) 7pt/4pt [RSI59★ / BB하단 / MA골 / 호가6.7★ / 거래량증가]
💰 예수금 72,822원 | KODEX200 RSI71/+2.9% 상승추세⬆️  | 매수기준 점수4pt↑
📦 보유 유진로봇(056080) 1주 -2.0% ⚠️주의

코드      종목명           가격    RSI     변화율    거래량     BB   호가비  B/S
────────────────────────────────────────────────────────────────────────
[2단계 분석 대상: 056080, 207940, 217820, 055550, 066970, 068270]
403870  HPSP      60,000    0.0    +0.0%    0.0x     중간  2.21  2pt/0 [일봉]
⛔ 아우토크립트(137040) 호가 없음 (거래정지 의심)
035720  카카오       41,450    0.0    +0.0%    0.0x     중간  0.46  0pt/0 [일봉]
015760  한국전력      40,450    0.0    +0.0%    0.0x     중간 10.24  2pt/0 [일봉]
061250  화일약품       8,750    0.0    +0.0%    0.0x     중간  0.79  0pt/0 [일봉]
217820  원익피앤이      2,990   59.1    +0.0%    0.6x     중간 44.23  6pt/0 [5분]
001510  SK증권       3,995    0.0    +0.0%    0.0x     중간  1.16  0pt/0 [일봉]
056080  유진로봇      23,850   66.7    -1.9%    0.4x     하단 61.59  4pt/0 [5분]
084850  아이티엠반도체   15,140    0.0    +0.0%    0.0x     중간  2.39  2pt/0 [일봉]
⛔ 금양(001570) 호가 없음 (거래정지 의심)

══════════════════════════════════════════════════
🕐 15:10 이후 — 장 마감 청산 모드
⚠️  손실 주의 유진로봇(056080) -2.0% (비상손절 -2.5% 임박)
⏰ 오전 매수 세션 종료 (11:30↑) — 신규 매수 중단
→ 전종목 HOLD
✅ Discord 전송 완료

[15:20] HOLD | KODEX RSI71/+2.9%⬆️ | 보유:유진로봇(056080) -2.0% | 최고신호 원익피앤이(217820) 6pt/4pt [RSI59★ / MA골 / 호가44.2★ / 거래량증가]
💰 예수금 72,822원 | KODEX200 RSI71/+2.9% 상승추세⬆️  | 매수기준 점수4pt↑
📦 보유 유진로봇(056080) 1주 -2.0% ⚠️주의

코드      종목명           가격    RSI     변화율    거래량     BB   호가비  B/S
────────────────────────────────────────────────────────────────────────
[2단계 분석 대상: 056080, 012330, 217820, 207940, 105560, 005380]
403870  HPSP      60,200    0.0    +0.0%    0.0x     중간  0.59  0pt/0 [일봉]
⛔ 아우토크립트(137040) 호가 없음 (거래정지 의심)
035720  카카오       41,450    0.0    +0.0%    0.0x     중간  0.55  0pt/0 [일봉]
015760  한국전력      40,450    0.0    +0.0%    0.0x     중간  7.03  2pt/0 [일봉]
061250  화일약품       8,750    0.0    +0.0%    0.0x     중간  0.79  0pt/0 [일봉]
217820  원익피앤이      2,990   59.1    +0.0%    0.6x     중간 81.27  6pt/0 [5분]
001510  SK증권       4,000    0.0    +0.0%    0.0x     중간  0.56  0pt/0 [일봉]
056080  유진로봇      23,900   66.7    -1.9%    0.4x     하단  7.84  4pt/0 [5분]
084850  아이티엠반도체   15,300    0.0    +0.0%    0.0x     중간  0.46  0pt/0 [일봉]
⛔ 금양(001570) 호가 없음 (거래정지 의심)

══════════════════════════════════════════════════
🕐 15:10 이후 — 장 마감 청산 모드
⚠️  손실 주의 유진로봇(056080) -2.0% (비상손절 -2.5% 임박)
⏰ 오전 매수 세션 종료 (11:30↑) — 신규 매수 중단
→ 전종목 HOLD
✅ Discord 전송 완료

[15:22] HOLD | KODEX RSI71/+2.9%⬆️ | 보유:유진로봇(056080) -2.0% | 최고신호 원익피앤이(217820) 6pt/4pt [RSI59★ / MA골 / 호가81.3★ / 거래량증가]
💰 예수금 72,822원 | KODEX200 RSI71/+2.9% 상승추세⬆️  | 매수기준 점수4pt↑
📦 보유 유진로봇(056080) 1주 -2.0% ⚠️주의

코드      종목명           가격    RSI     변화율    거래량     BB   호가비  B/S
────────────────────────────────────────────────────────────────────────
[2단계 분석 대상: 056080, 012330, 207940, 217820, 058470, 000660]
403870  HPSP      60,100    0.0    +0.0%    0.0x     중간  0.76  0pt/0 [일봉]
⛔ 아우토크립트(137040) 호가 없음 (거래정지 의심)
035720  카카오       41,450    0.0    +0.0%    0.0x     중간  0.73  0pt/0 [일봉]
015760  한국전력      40,450    0.0    +0.0%    0.0x     중간  6.53  2pt/0 [일봉]
061250  화일약품       8,720    0.0    +0.0%    0.0x     중간  0.30  0pt/0 [일봉]
217820  원익피앤이      2,990   59.1    +0.0%    0.6x     중간 70.94  6pt/0 [5분]
001510  SK증권       4,000    0.0    +0.0%    0.0x     중간  0.61  0pt/0 [일봉]
056080  유진로봇      23,850   66.7    -1.9%    0.4x     하단 20.40  4pt/0 [5분]
084850  아이티엠반도체   15,300    0.0    +0.0%    0.0x     중간  0.47  0pt/0 [일봉]
⛔ 금양(001570) 호가 없음 (거래정지 의심)

══════════════════════════════════════════════════
🕐 15:10 이후 — 장 마감 청산 모드
⚠️  손실 주의 유진로봇(056080) -2.0% (비상손절 -2.5% 임박)
⏰ 오전 매수 세션 종료 (11:30↑) — 신규 매수 중단
→ 전종목 HOLD
✅ Discord 전송 완료

[15:24] HOLD | KODEX RSI71/+2.9%⬆️ | 보유:유진로봇(056080) -2.0% | 최고신호 원익피앤이(217820) 6pt/4pt [RSI59★ / MA골 / 호가70.9★ / 거래량증가]
💰 예수금 72,822원 | KODEX200 RSI71/+2.9% 상승추세⬆️  | 매수기준 점수4pt↑
📦 보유 유진로봇(056080) 1주 -2.0% ⚠️주의

코드      종목명           가격    RSI     변화율    거래량     BB   호가비  B/S
────────────────────────────────────────────────────────────────────────
[2단계 분석 대상: 056080, 207940, 000660, 086790, 003670, 015760]
403870  HPSP      60,100    0.0    +0.0%    0.0x     중간  0.88  0pt/0 [일봉]
⛔ 아우토크립트(137040) 호가 없음 (거래정지 의심)
035720  카카오       41,450    0.0    +0.0%    0.0x     중간  0.54  0pt/0 [일봉]
015760  한국전력      40,450   54.5    +2.0%    0.7x     상단  8.40  5pt/0 [5분]
061250  화일약품       8,720    0.0    +0.0%    0.0x     중간  0.23  0pt/0 [일봉]
217820  원익피앤이      2,990    0.0    +0.0%    0.0x     중간  0.28  0pt/0 [일봉]
001510  SK증권       3,995    0.0    +0.0%    0.0x     중간  0.94  0pt/0 [일봉]
056080  유진로봇      23,800   66.7    -1.9%    0.4x     하단 20.83  4pt/0 [5분]
084850  아이티엠반도체   15,290    0.0    +0.0%    0.0x     중간  0.21  0pt/0 [일봉]
⛔ 금양(001570) 호가 없음 (거래정지 의심)

══════════════════════════════════════════════════
🕐 15:10 이후 — 장 마감 청산 모드
⚠️  손실 주의 유진로봇(056080) -2.0% (비상손절 -2.5% 임박)
⏰ 오전 매수 세션 종료 (11:30↑) — 신규 매수 중단
→ 전종목 HOLD
✅ Discord 전송 완료

[15:26] HOLD | KODEX RSI71/+2.9%⬆️ | 보유:유진로봇(056080) -2.0% | 최고신호 한국전력(015760) 5pt/4pt [RSI54★ / MA골 / 호가8.4★]
💰 예수금 72,822원 | KODEX200 RSI71/+2.9% 상승추세⬆️  | 매수기준 점수4pt↑
📦 보유 유진로봇(056080) 1주 -2.0% ⚠️주의

코드      종목명           가격    RSI     변화율    거래량     BB   호가비  B/S
────────────────────────────────────────────────────────────────────────
[2단계 분석 대상: 056080, 000660, 207940, 058470, 012450, 086790]
403870  HPSP      60,200    0.0    +0.0%    0.0x     중간  1.89  2pt/0 [일봉]
⛔ 아우토크립트(137040) 호가 없음 (거래정지 의심)
035720  카카오       41,500    0.0    +0.0%    0.0x     중간  1.11  0pt/0 [일봉]
015760  한국전력      40,450    0.0    +0.0%    0.0x     중간  5.19  2pt/0 [일봉]
061250  화일약품       8,720    0.0    +0.0%    0.0x     중간  0.25  0pt/0 [일봉]
217820  원익피앤이      2,995    0.0    +0.0%    0.0x     중간  2.59  2pt/0 [일봉]
001510  SK증권       3,995    0.0    +0.0%    0.0x     중간  1.10  0pt/0 [일봉]
056080  유진로봇      23,850   66.7    -1.9%    0.4x     하단  6.91  4pt/0 [5분]
084850  아이티엠반도체   15,290    0.0    +0.0%    0.0x     중간  0.19  0pt/0 [일봉]
⛔ 금양(001570) 호가 없음 (거래정지 의심)

══════════════════════════════════════════════════
🕐 15:10 이후 — 장 마감 청산 모드
⚠️  손실 주의 유진로봇(056080) -2.0% (비상손절 -2.5% 임박)
⏰ 오전 매수 세션 종료 (11:30↑) — 신규 매수 중단
→ 전종목 HOLD
✅ Discord 전송 완료

[15:28] HOLD | KODEX RSI71/+2.9%⬆️ | 보유:유진로봇(056080) -2.0% | 최고신호 유진로봇(056080) 4pt/4pt [BB하단 / MA골 / 호가6.9★]
💰 예수금 72,822원 | KODEX200 RSI71/+2.9% 상승추세⬆️  | 매수기준 점수4pt↑
📦 보유 유진로봇(056080) 1주 -2.0% ⚠️주의

코드      종목명           가격    RSI     변화율    거래량     BB   호가비  B/S
────────────────────────────────────────────────────────────────────────
[2단계 분석 대상: 056080, 000660, 066970, 105560, 015760, 051910]
403870  HPSP      60,200    0.0    +0.0%    0.0x     중간  1.20  1pt/0 [일봉]
⛔ 아우토크립트(137040) 호가 없음 (거래정지 의심)
035720  카카오       41,450    0.0    +0.0%    0.0x     중간  0.79  0pt/0 [일봉]
015760  한국전력      40,500   54.5    +1.9%    0.7x     상단  4.00  5pt/0 [5분]
061250  화일약품       8,720    0.0    +0.0%    0.0x     중간  0.21  0pt/0 [일봉]
217820  원익피앤이      2,980    0.0    +0.0%    0.0x     중간  0.80  0pt/0 [일봉]
001510  SK증권       3,990    0.0    +0.0%    0.0x     중간  1.32  1pt/0 [일봉]
056080  유진로봇      23,850   60.0    -2.1%    0.4x     하단  5.42  6pt/0 [5분]
084850  아이티엠반도체   15,270    0.0    +0.0%    0.0x     중간  0.14  0pt/0 [일봉]
⛔ 금양(001570) 호가 없음 (거래정지 의심)

══════════════════════════════════════════════════
🕐 15:10 이후 — 장 마감 청산 모드
⚠️  손실 주의 유진로봇(056080) -2.0% (비상손절 -2.5% 임박)
⏰ 오전 매수 세션 종료 (11:30↑) — 신규 매수 중단
→ 전종목 HOLD
✅ Discord 전송 완료

[15:30] HOLD | KODEX RSI71/+2.9%⬆️ | 보유:유진로봇(056080) -2.0% | 최고신호 유진로봇(056080) 6pt/4pt [RSI60★ / BB하단 / MA골 / 호가5.4★]
