💰 예수금 95,923원 | KODEX200 RSI66/+0.0% 상승추세⬆️  | 매수기준 점수4pt↑

코드      종목명           가격    RSI     변화율    거래량     BB   호가비  B/S
────────────────────────────────────────────────────────────────────────
[2단계 분석 대상: 042660, 032830, 096770, 005930, 030200]
403870  HPSP      51,000    0.0    +0.0%    0.0x     중간  1.06  0pt/0 [일봉]
055550  신한지주      90,900    0.0    +0.0%    0.0x     중간  0.14  0pt/0 [일봉]
015760  한국전력      39,000    0.0    +0.0%    0.0x     중간  2.66  2pt/0 [일봉]
078930  GS        74,600    0.0    +0.0%    0.0x     중간 11.50  2pt/0 [일봉]
035720  카카오       39,950    0.0    +0.0%    0.0x     중간  5.26  2pt/0 [일봉]
030200  KT        52,300   33.3    +0.0%    0.0x     하단 14.05  5pt/0 [5분]
003490  대한항공      27,050    0.0    +0.0%    0.0x     중간  8.12  2pt/0 [일봉]
004020  현대제철      39,200    0.0    +0.0%    0.0x     중간  1.00  0pt/0 [일봉]

══════════════════════════════════════════════════
⏰ 장 미개장 (9:00 전) — 신규 매수 중단
→ 전종목 HOLD
✅ Discord 전송 완료

[08:50] HOLD | KODEX RSI66/+0.0%⬆️ | 보유:없음 | 최고신호 KT(030200) 5pt/4pt [RSI33 / BB하단★ / 호가14.1★]
💰 예수금 95,923원 | KODEX200 RSI66/+0.0% 상승추세⬆️  | 매수기준 점수4pt↑

코드      종목명           가격    RSI     변화율    거래량     BB   호가비  B/S
────────────────────────────────────────────────────────────────────────
[2단계 분석 대상: 000660, 403870, 009150, 042700, 138040]
403870  HPSP      51,100   55.9    -0.4%    0.0x     하단 43.44  6pt/0 [5분]
055550  신한지주      94,700    0.0    +0.0%    0.0x     중간  0.52  0pt/0 [일봉]
015760  한국전력      39,150    0.0    +0.0%    0.0x     중간  2.80  2pt/0 [일봉]
078930  GS        74,700    0.0    +0.0%    0.0x     중간  0.86  0pt/0 [일봉]
035720  카카오       41,050    0.0    +0.0%    0.0x     중간  0.29  0pt/0 [일봉]
030200  KT        52,900    0.0    +0.0%    0.0x     중간  1.29  1pt/0 [일봉]
003490  대한항공      27,750    0.0    +0.0%    0.0x     중간  0.27  0pt/0 [일봉]
004020  현대제철      39,900    0.0    +0.0%    0.0x     중간  0.31  0pt/0 [일봉]

══════════════════════════════════════════════════
⏰ 장 초반 변동성 (9:20 전) — 신규 매수 중단
→ 전종목 HOLD
✅ Discord 전송 완료

[09:00] HOLD | KODEX RSI66/+0.0%⬆️ | 보유:없음 | 최고신호 HPSP(403870) 6pt/4pt [RSI56★ / BB하단 / MA골 / 호가43.4★]
💰 예수금 95,923원 | KODEX200 RSI68/+3.0% 상승추세⬆️  | 매수기준 점수4pt↑

코드      종목명           가격    RSI     변화율    거래량     BB   호가비  B/S
────────────────────────────────────────────────────────────────────────
[2단계 분석 대상: 015760, 042700, 064350, 055550, 000660]
403870  HPSP      49,750    0.0    +0.0%    0.0x     중간  0.42  0pt/0 [일봉]
055550  신한지주      93,100   42.9    -0.1%    0.0x     하단  5.48  5pt/0 [5분]
015760  한국전력      38,750   35.0    -0.6%    0.0x     하단 10.08  5pt/0 [5분]
078930  GS        73,700    0.0    +0.0%    0.0x     중간  0.15  0pt/0 [일봉]
035720  카카오       41,450    0.0    +0.0%    0.0x     중간  0.23  0pt/0 [일봉]
030200  KT        52,900    0.0    +0.0%    0.0x     중간  1.27  1pt/0 [일봉]
003490  대한항공      27,300    0.0    +0.0%    0.0x     중간  1.56  2pt/0 [일봉]
004020  현대제철      39,850    0.0    +0.0%    0.0x     중간  1.76  2pt/0 [일봉]

══════════════════════════════════════════════════
⏰ 장 초반 변동성 (9:20 전) — 신규 매수 중단
→ 전종목 HOLD
✅ Discord 전송 완료

[09:02] HOLD | KODEX RSI68/+3.0%⬆️ | 보유:없음 | 최고신호 신한지주(055550) 5pt/4pt [RSI43★ / BB하단 / 호가5.5★]
💰 예수금 95,923원 | KODEX200 RSI68/+2.9% 상승추세⬆️  | 매수기준 점수4pt↑

코드      종목명           가격    RSI     변화율    거래량     BB   호가비  B/S
────────────────────────────────────────────────────────────────────────
[2단계 분석 대상: 066970, 017670, 015760, 086790, 064350]
403870  HPSP      49,550    0.0    +0.0%    0.0x     중간  0.74  0pt/0 [일봉]
055550  신한지주      93,300    0.0    +0.0%    0.0x     중간  1.14  0pt/0 [일봉]
015760  한국전력      38,800   30.4    -0.9%    0.1x     하단  6.47  4pt/0 [5분]
078930  GS        73,600    0.0    +0.0%    0.0x     중간  0.06  0pt/0 [일봉]
035720  카카오       41,350    0.0    +0.0%    0.0x     중간  0.15  0pt/0 [일봉]
030200  KT        53,000    0.0    +0.0%    0.0x     중간  2.22  2pt/0 [일봉]
003490  대한항공      27,350    0.0    +0.0%    0.0x     중간  1.02  0pt/0 [일봉]
004020  현대제철      39,600    0.0    +0.0%    0.0x     중간  0.92  0pt/0 [일봉]

══════════════════════════════════════════════════
⏰ 장 초반 변동성 (9:20 전) — 신규 매수 중단
→ 전종목 HOLD
✅ Discord 전송 완료

[09:04] HOLD | KODEX RSI68/+2.9%⬆️ | 보유:없음 | 최고신호 한국전력(015760) 4pt/4pt [RSI30 / BB하단 / 호가6.5★]
💰 예수금 95,923원 | KODEX200 RSI69/+3.2% 상승추세⬆️  | 매수기준 점수4pt↑

코드      종목명           가격    RSI     변화율    거래량     BB   호가비  B/S
────────────────────────────────────────────────────────────────────────
[2단계 분석 대상: 003670, 017670, 066970, 015760, 086520]
403870  HPSP      49,850    0.0    +0.0%    0.0x     중간  0.54  0pt/0 [일봉]
055550  신한지주      93,400    0.0    +0.0%    0.0x     중간  1.46  1pt/0 [일봉]
015760  한국전력      38,650   30.4    -1.1%    0.1x     하단  5.70  4pt/0 [5분]
078930  GS        72,600    0.0    +0.0%    0.0x     중간  0.24  0pt/0 [일봉]
035720  카카오       41,600    0.0    +0.0%    0.0x     중간  0.13  0pt/0 [일봉]
030200  KT        53,100    0.0    +0.0%    0.0x     중간  0.85  0pt/0 [일봉]
003490  대한항공      27,000    0.0    +0.0%    0.0x     중간  1.50  2pt/0 [일봉]
004020  현대제철      39,800    0.0    +0.0%    0.0x     중간  0.61  0pt/0 [일봉]

══════════════════════════════════════════════════
⏰ 장 초반 변동성 (9:20 전) — 신규 매수 중단
→ 전종목 HOLD
✅ Discord 전송 완료

[09:06] HOLD | KODEX RSI69/+3.2%⬆️ | 보유:없음 | 최고신호 한국전력(015760) 4pt/4pt [RSI30 / BB하단 / 호가5.7★]
💰 예수금 95,923원 | KODEX200 RSI69/+3.1% 상승추세⬆️  | 매수기준 점수4pt↑

코드      종목명           가격    RSI     변화율    거래량     BB   호가비  B/S
────────────────────────────────────────────────────────────────────────
[2단계 분석 대상: 003670, 015760, 042700, 329180, 086520]
403870  HPSP      49,850    0.0    +0.0%    0.0x     중간  0.90  0pt/0 [일봉]
055550  신한지주      93,800    0.0    +0.0%    0.0x     중간  0.38  0pt/0 [일봉]
015760  한국전력      38,750   30.4    -0.9%    0.1x     하단  6.61  4pt/0 [5분]
078930  GS        72,300    0.0    +0.0%    0.0x     중간  0.19  0pt/0 [일봉]
035720  카카오       41,850    0.0    +0.0%    0.0x     중간  0.28  0pt/0 [일봉]
030200  KT        53,300    0.0    +0.0%    0.0x     중간  0.72  0pt/0 [일봉]
003490  대한항공      27,100    0.0    +0.0%    0.0x     중간  1.29  1pt/0 [일봉]
004020  현대제철      40,050    0.0    +0.0%    0.0x     중간  1.16  0pt/0 [일봉]

══════════════════════════════════════════════════
⏰ 장 초반 변동성 (9:20 전) — 신규 매수 중단
→ 전종목 HOLD
✅ Discord 전송 완료

[09:08] HOLD | KODEX RSI69/+3.1%⬆️ | 보유:없음 | 최고신호 한국전력(015760) 4pt/4pt [RSI30 / BB하단 / 호가6.6★]
💰 예수금 95,923원 | KODEX200 RSI69/+3.2% 상승추세⬆️  | 매수기준 점수4pt↑

코드      종목명           가격    RSI     변화율    거래량     BB   호가비  B/S
────────────────────────────────────────────────────────────────────────
[2단계 분석 대상: 096770, 086520, 010950, 003670, 042700]
403870  HPSP      49,700    0.0    +0.0%    0.0x     중간  1.32  1pt/0 [일봉]
055550  신한지주      93,900    0.0    +0.0%    0.0x     중간  0.80  0pt/0 [일봉]
015760  한국전력      38,650    0.0    +0.0%    0.0x     중간  5.68  2pt/0 [일봉]
078930  GS        72,400    0.0    +0.0%    0.0x     중간  1.47  1pt/0 [일봉]
035720  카카오       42,200    0.0    +0.0%    0.0x     중간  1.01  0pt/0 [일봉]
030200  KT        53,400    0.0    +0.0%    0.0x     중간  0.46  0pt/0 [일봉]
003490  대한항공      27,150    0.0    +0.0%    0.0x     중간  2.53  2pt/0 [일봉]
004020  현대제철      40,000    0.0    +0.0%    0.0x     중간  0.85  0pt/0 [일봉]

══════════════════════════════════════════════════
⏰ 장 초반 변동성 (9:20 전) — 신규 매수 중단
→ 전종목 HOLD
✅ Discord 전송 완료

[09:10] HOLD | KODEX RSI69/+3.2%⬆️ | 보유:없음 | 최고신호 한국전력(015760) 2pt/4pt [호가5.7★]
💰 예수금 95,923원 | KODEX200 RSI69/+3.3% 상승추세⬆️  | 매수기준 점수4pt↑

코드      종목명           가격    RSI     변화율    거래량     BB   호가비  B/S
────────────────────────────────────────────────────────────────────────
[2단계 분석 대상: 066970, 096770, 086520, 003670, 011070]
403870  HPSP      49,300    0.0    +0.0%    0.0x     중간  4.36  2pt/0 [일봉]
055550  신한지주      94,100    0.0    +0.0%    0.0x     중간  0.48  0pt/0 [일봉]
015760  한국전력      38,600    0.0    +0.0%    0.0x     중간  5.54  2pt/0 [일봉]
078930  GS        71,900    0.0    +0.0%    0.0x     중간  1.05  0pt/0 [일봉]
035720  카카오       42,400    0.0    +0.0%    0.0x     중간  0.47  0pt/0 [일봉]
030200  KT        53,100    0.0    +0.0%    0.0x     중간  0.66  0pt/0 [일봉]
003490  대한항공      27,050    0.0    +0.0%    0.0x     중간  2.41  2pt/0 [일봉]
004020  현대제철      39,900    0.0    +0.0%    0.0x     중간  0.61  0pt/0 [일봉]

══════════════════════════════════════════════════
⏰ 장 초반 변동성 (9:20 전) — 신규 매수 중단
→ 전종목 HOLD
✅ Discord 전송 완료

[09:12] HOLD | KODEX RSI69/+3.3%⬆️ | 보유:없음 | 최고신호 HPSP(403870) 2pt/4pt [호가4.4★]
💰 예수금 95,923원 | KODEX200 RSI69/+3.2% 상승추세⬆️  | 매수기준 점수4pt↑

코드      종목명           가격    RSI     변화율    거래량     BB   호가비  B/S
────────────────────────────────────────────────────────────────────────
[2단계 분석 대상: 003670, 096770, 403870, 011070, 010950]
403870  HPSP      49,100   51.6    -3.9%    0.2x     하단  5.73  7pt/0 [5분]
055550  신한지주      94,100    0.0    +0.0%    0.0x     중간  0.37  0pt/0 [일봉]
015760  한국전력      38,700    0.0    +0.0%    0.0x     중간  3.71  2pt/0 [일봉]
078930  GS        72,200    0.0    +0.0%    0.0x     중간  3.43  2pt/0 [일봉]
035720  카카오       42,400    0.0    +0.0%    0.0x     중간  0.67  0pt/0 [일봉]
030200  KT        53,200    0.0    +0.0%    0.0x     중간  0.57  0pt/0 [일봉]
003490  대한항공      27,000    0.0    +0.0%    0.0x     중간  3.84  2pt/0 [일봉]
004020  현대제철      39,750    0.0    +0.0%    0.0x     중간  0.60  0pt/0 [일봉]

══════════════════════════════════════════════════
⏰ 장 초반 변동성 (9:20 전) — 신규 매수 중단
→ 전종목 HOLD
✅ Discord 전송 완료

[09:14] HOLD | KODEX RSI69/+3.2%⬆️ | 보유:없음 | 최고신호 HPSP(403870) 7pt/4pt [RSI52★ / BB하단 / MA골 / 호가5.7★ / 거래량증가]
💰 예수금 95,923원 | KODEX200 RSI69/+3.2% 상승추세⬆️  | 매수기준 점수4pt↑

코드      종목명           가격    RSI     변화율    거래량     BB   호가비  B/S
────────────────────────────────────────────────────────────────────────
[2단계 분석 대상: 003670, 096770, 086520, 403870, 042660]
403870  HPSP      48,900   51.6    -4.3%    0.2x     하단  3.90  7pt/0 [5분]
055550  신한지주      93,600    0.0    +0.0%    0.0x     중간  1.11  0pt/0 [일봉]
015760  한국전력      38,600    0.0    +0.0%    0.0x     중간  2.96  2pt/0 [일봉]
078930  GS        71,900    0.0    +0.0%    0.0x     중간  2.28  2pt/0 [일봉]
035720  카카오       42,850    0.0    +0.0%    0.0x     중간  0.58  0pt/0 [일봉]
030200  KT        53,200    0.0    +0.0%    0.0x     중간  0.62  0pt/0 [일봉]
003490  대한항공      27,000    0.0    +0.0%    0.0x     중간  3.29  2pt/0 [일봉]
004020  현대제철      39,600    0.0    +0.0%    0.0x     중간  0.55  0pt/0 [일봉]

══════════════════════════════════════════════════
⏰ 장 초반 변동성 (9:20 전) — 신규 매수 중단
→ 전종목 HOLD
✅ Discord 전송 완료

[09:17] HOLD | KODEX RSI69/+3.2%⬆️ | 보유:없음 | 최고신호 HPSP(403870) 7pt/4pt [RSI52★ / BB하단 / MA골 / 호가3.9★ / 거래량증가]
💰 예수금 95,923원 | KODEX200 RSI68/+3.0% 상승추세⬆️  | 매수기준 점수4pt↑

코드      종목명           가격    RSI     변화율    거래량     BB   호가비  B/S
────────────────────────────────────────────────────────────────────────
[2단계 분석 대상: 086520, 003670, 010950, 079550, 096770]
403870  HPSP      48,650    0.0    +0.0%    0.0x     중간  2.87  2pt/0 [일봉]
055550  신한지주      93,800    0.0    +0.0%    0.0x     중간  0.26  0pt/0 [일봉]
015760  한국전력      38,650    0.0    +0.0%    0.0x     중간  2.92  2pt/0 [일봉]
078930  GS        72,100    0.0    +0.0%    0.0x     중간  2.40  2pt/0 [일봉]
035720  카카오       43,050    0.0    +0.0%    0.0x     중간  0.23  0pt/0 [일봉]
030200  KT        53,200    0.0    +0.0%    0.0x     중간  0.62  0pt/0 [일봉]
003490  대한항공      26,900    0.0    +0.0%    0.0x     중간  2.59  2pt/0 [일봉]
004020  현대제철      39,600    0.0    +0.0%    0.0x     중간  0.57  0pt/0 [일봉]

══════════════════════════════════════════════════
⏰ 장 초반 변동성 (9:20 전) — 신규 매수 중단
→ 전종목 HOLD
✅ Discord 전송 완료

[09:18] HOLD | KODEX RSI68/+3.0%⬆️ | 보유:없음 | 최고신호 HPSP(403870) 2pt/4pt [호가2.9★]
💰 예수금 95,923원 | KODEX200 RSI68/+3.0% 상승추세⬆️  | 매수기준 점수4pt↑

코드      종목명           가격    RSI     변화율    거래량     BB   호가비  B/S
────────────────────────────────────────────────────────────────────────
[2단계 분석 대상: 086520, 096770, 003670, 403870, 010950]
403870  HPSP      48,700   56.9    -4.2%    0.2x     하단  5.02  6pt/0 [5분]
055550  신한지주      93,600    0.0    +0.0%    0.0x     중간  0.41  0pt/0 [일봉]
015760  한국전력      38,650    0.0    +0.0%    0.0x     중간  2.85  2pt/0 [일봉]
078930  GS        71,900    0.0    +0.0%    0.0x     중간  3.03  2pt/0 [일봉]
035720  카카오       43,250    0.0    +0.0%    0.0x     중간  0.30  0pt/0 [일봉]
030200  KT        53,300    0.0    +0.0%    0.0x     중간  0.54  0pt/0 [일봉]
003490  대한항공      26,900    0.0    +0.0%    0.0x     중간  2.16  2pt/0 [일봉]
004020  현대제철      39,250    0.0    +0.0%    0.0x     중간  1.42  1pt/0 [일봉]

══════════════════════════════════════════════════
→ 전종목 HOLD
✅ Discord 전송 완료

[09:20] HOLD | KODEX RSI68/+3.0%⬆️ | 보유:없음 | 최고신호 HPSP(403870) 6pt/4pt [RSI57★ / BB하단 / MA골 / 호가5.0★]
💰 예수금 95,923원 | KODEX200 RSI68/+2.8% 상승추세⬆️  | 매수기준 점수4pt↑

코드      종목명           가격    RSI     변화율    거래량     BB   호가비  B/S
────────────────────────────────────────────────────────────────────────
[2단계 분석 대상: 086520, 096770, 066970, 003670, 403870]
403870  HPSP      48,600   56.9    -4.3%    0.2x     하단  6.09  6pt/0 [5분]
055550  신한지주      93,800    0.0    +0.0%    0.0x     중간  0.25  0pt/0 [일봉]
015760  한국전력      38,700    0.0    +0.0%    0.0x     중간  3.62  2pt/0 [일봉]
078930  GS        72,300    0.0    +0.0%    0.0x     중간  3.67  2pt/0 [일봉]
035720  카카오       43,350    0.0    +0.0%    0.0x     중간  0.25  0pt/0 [일봉]
030200  KT        53,300    0.0    +0.0%    0.0x     중간  0.46  0pt/0 [일봉]
003490  대한항공      26,850    0.0    +0.0%    0.0x     중간  2.28  2pt/0 [일봉]
004020  현대제철      39,050    0.0    +0.0%    0.0x     중간  2.45  2pt/0 [일봉]

══════════════════════════════════════════════════
→ 전종목 HOLD
✅ Discord 전송 완료

[09:22] HOLD | KODEX RSI68/+2.8%⬆️ | 보유:없음 | 최고신호 HPSP(403870) 6pt/4pt [RSI57★ / BB하단 / MA골 / 호가6.1★]
💰 예수금 95,923원 | KODEX200 RSI68/+2.8% 상승추세⬆️  | 매수기준 점수4pt↑

코드      종목명           가격    RSI     변화율    거래량     BB   호가비  B/S
────────────────────────────────────────────────────────────────────────
[2단계 분석 대상: 086520, 058470, 066970, 003670, 010950]
403870  HPSP      48,850    0.0    +0.0%    0.0x     중간  4.94  2pt/0 [일봉]
055550  신한지주      93,500    0.0    +0.0%    0.0x     중간  0.76  0pt/0 [일봉]
015760  한국전력      38,700    0.0    +0.0%    0.0x     중간  3.90  2pt/0 [일봉]
078930  GS        72,400    0.0    +0.0%    0.0x     중간  3.30  2pt/0 [일봉]
035720  카카오       43,300    0.0    +0.0%    0.0x     중간  0.20  0pt/0 [일봉]
030200  KT        53,200    0.0    +0.0%    0.0x     중간  0.27  0pt/0 [일봉]
003490  대한항공      26,850    0.0    +0.0%    0.0x     중간  1.86  2pt/0 [일봉]
004020  현대제철      38,950    0.0    +0.0%    0.0x     중간  2.55  2pt/0 [일봉]

══════════════════════════════════════════════════
→ 전종목 HOLD
✅ Discord 전송 완료

[09:24] HOLD | KODEX RSI68/+2.8%⬆️ | 보유:없음 | 최고신호 HPSP(403870) 2pt/4pt [호가4.9★]
💰 예수금 95,923원 | KODEX200 RSI68/+2.8% 상승추세⬆️  | 매수기준 점수4pt↑

코드      종목명           가격    RSI     변화율    거래량     BB   호가비  B/S
────────────────────────────────────────────────────────────────────────
[2단계 분석 대상: 086520, 066970, 403870, 003670, 000720]
403870  HPSP      48,450   53.7    -4.9%    0.2x     하단  6.41  6pt/0 [5분]
055550  신한지주      93,400    0.0    +0.0%    0.0x     중간  0.49  0pt/0 [일봉]
015760  한국전력      38,500    0.0    +0.0%    0.0x     중간  4.46  2pt/0 [일봉]
078930  GS        72,300    0.0    +0.0%    0.0x     중간  3.57  2pt/0 [일봉]
035720  카카오       43,250    0.0    +0.0%    0.0x     중간  0.20  0pt/0 [일봉]
030200  KT        53,200    0.0    +0.0%    0.0x     중간  0.27  0pt/0 [일봉]
003490  대한항공      26,800    0.0    +0.0%    0.0x     중간  2.16  2pt/0 [일봉]
004020  현대제철      39,100    0.0    +0.0%    0.0x     중간  4.95  2pt/0 [일봉]

══════════════════════════════════════════════════
→ 전종목 HOLD
✅ Discord 전송 완료

[09:26] HOLD | KODEX RSI68/+2.8%⬆️ | 보유:없음 | 최고신호 HPSP(403870) 6pt/4pt [RSI54★ / BB하단 / MA골 / 호가6.4★]
💰 예수금 95,923원 | KODEX200 RSI68/+2.6% 상승추세⬆️  | 매수기준 점수4pt↑

코드      종목명           가격    RSI     변화율    거래량     BB   호가비  B/S
────────────────────────────────────────────────────────────────────────
[2단계 분석 대상: 066970, 403870, 086520, 058470, 003670]
403870  HPSP      48,450   53.7    -4.2%    0.3x     하단  9.08  6pt/0 [5분]
055550  신한지주      93,200    0.0    +0.0%    0.0x     중간  1.48  1pt/0 [일봉]
015760  한국전력      38,300    0.0    +0.0%    0.0x     중간  1.56  2pt/0 [일봉]
078930  GS        72,300    0.0    +0.0%    0.0x     중간  3.17  2pt/0 [일봉]
035720  카카오       43,650    0.0    +0.0%    0.0x     중간  0.27  0pt/0 [일봉]
030200  KT        53,100    0.0    +0.0%    0.0x     중간  0.58  0pt/0 [일봉]
003490  대한항공      26,800    0.0    +0.0%    0.0x     중간  1.92  2pt/0 [일봉]
004020  현대제철      39,200    0.0    +0.0%    0.0x     중간  2.85  2pt/0 [일봉]

══════════════════════════════════════════════════
→ 전종목 HOLD
✅ Discord 전송 완료

[09:28] HOLD | KODEX RSI68/+2.6%⬆️ | 보유:없음 | 최고신호 HPSP(403870) 6pt/4pt [RSI54★ / BB하단 / MA골 / 호가9.1★]
💰 예수금 95,923원 | KODEX200 RSI68/+2.7% 상승추세⬆️  | 매수기준 점수4pt↑

코드      종목명           가격    RSI     변화율    거래량     BB   호가비  B/S
────────────────────────────────────────────────────────────────────────
[2단계 분석 대상: 004020, 012450, 066970, 003670, 042700]
403870  HPSP      48,700    0.0    +0.0%    0.0x     중간  1.79  2pt/0 [일봉]
055550  신한지주      92,700    0.0    +0.0%    0.0x     중간  1.13  0pt/0 [일봉]
015760  한국전력      38,300    0.0    +0.0%    0.0x     중간  3.39  2pt/0 [일봉]
078930  GS        72,000    0.0    +0.0%    0.0x     중간  2.71  2pt/0 [일봉]
035720  카카오       43,800    0.0    +0.0%    0.0x     중간  0.28  0pt/0 [일봉]
030200  KT        53,200    0.0    +0.0%    0.0x     중간  0.49  0pt/0 [일봉]
003490  대한항공      26,800    0.0    +0.0%    0.0x     중간  2.09  2pt/0 [일봉]
004020  현대제철      39,100   33.3    -1.1%    0.1x     하단  5.97  4pt/0 [5분]

══════════════════════════════════════════════════
→ 전종목 HOLD
✅ Discord 전송 완료

[09:30] HOLD | KODEX RSI68/+2.7%⬆️ | 보유:없음 | 최고신호 현대제철(004020) 4pt/4pt [RSI33 / BB하단 / 호가6.0★]
💰 예수금 95,923원 | KODEX200 RSI68/+2.9% 상승추세⬆️  | 매수기준 점수4pt↑

코드      종목명           가격    RSI     변화율    거래량     BB   호가비  B/S
────────────────────────────────────────────────────────────────────────
[2단계 분석 대상: 086520, 015760, 034020, 329180, 003670]
403870  HPSP      48,950    0.0    +0.0%    0.0x     중간  3.18  2pt/0 [일봉]
055550  신한지주      92,700    0.0    +0.0%    0.0x     중간  1.58  2pt/0 [일봉]
015760  한국전력      38,450   23.8    -1.5%    0.1x     하단  7.53  4pt/0 [5분]
078930  GS        72,000    0.0    +0.0%    0.0x     중간  2.48  2pt/0 [일봉]
035720  카카오       43,800    0.0    +0.0%    0.0x     중간  0.19  0pt/0 [일봉]
030200  KT        53,100    0.0    +0.0%    0.0x     중간  0.57  0pt/0 [일봉]
003490  대한항공      26,750    0.0    +0.0%    0.0x     중간  2.07  2pt/0 [일봉]
004020  현대제철      38,950    0.0    +0.0%    0.0x     중간  1.58  2pt/0 [일봉]

══════════════════════════════════════════════════
→ 전종목 HOLD
✅ Discord 전송 완료

[09:32] HOLD | KODEX RSI68/+2.9%⬆️ | 보유:없음 | 최고신호 한국전력(015760) 4pt/4pt [RSI24 / BB하단 / 호가7.5★]
💰 예수금 95,923원 | KODEX200 RSI68/+2.8% 상승추세⬆️  | 매수기준 점수4pt↑

코드      종목명           가격    RSI     변화율    거래량     BB   호가비  B/S
────────────────────────────────────────────────────────────────────────
[2단계 분석 대상: 066970, 086520, 010950, 015760, 042700]
403870  HPSP      48,900    0.0    +0.0%    0.0x     중간  2.50  2pt/0 [일봉]
055550  신한지주      92,700    0.0    +0.0%    0.0x     중간  2.75  2pt/0 [일봉]
015760  한국전력      38,500   21.7    -1.4%    0.1x     하단  6.34  4pt/0 [5분]
078930  GS        72,000    0.0    +0.0%    0.0x     중간  2.45  2pt/0 [일봉]
035720  카카오       43,550    0.0    +0.0%    0.0x     중간  0.17  0pt/0 [일봉]
030200  KT        52,900    0.0    +0.0%    0.0x     중간  0.80  0pt/0 [일봉]
003490  대한항공      26,600    0.0    +0.0%    0.0x     중간  1.67  2pt/0 [일봉]
004020  현대제철      38,900    0.0    +0.0%    0.0x     중간  1.66  2pt/0 [일봉]

══════════════════════════════════════════════════
→ 전종목 HOLD
✅ Discord 전송 완료

[09:34] HOLD | KODEX RSI68/+2.8%⬆️ | 보유:없음 | 최고신호 한국전력(015760) 4pt/4pt [RSI22 / BB하단 / 호가6.3★]
💰 예수금 95,923원 | KODEX200 RSI68/+3.0% 상승추세⬆️  | 매수기준 점수4pt↑

코드      종목명           가격    RSI     변화율    거래량     BB   호가비  B/S
────────────────────────────────────────────────────────────────────────
[2단계 분석 대상: 086520, 015760, 138040, 010950, 105560]
403870  HPSP      49,200    0.0    +0.0%    0.0x     중간  1.18  0pt/0 [일봉]
055550  신한지주      92,500    0.0    +0.0%    0.0x     중간  2.41  2pt/0 [일봉]
015760  한국전력      38,550   21.7    -1.3%    0.1x     하단  4.23  4pt/0 [5분]
078930  GS        71,800    0.0    +0.0%    0.0x     중간  3.14  2pt/0 [일봉]
035720  카카오       43,250    0.0    +0.0%    0.0x     중간  1.78  2pt/0 [일봉]
030200  KT        52,900    0.0    +0.0%    0.0x     중간  0.87  0pt/0 [일봉]
003490  대한항공      26,600    0.0    +0.0%    0.0x     중간  1.75  2pt/0 [일봉]
004020  현대제철      38,950    0.0    +0.0%    0.0x     중간  1.29  1pt/0 [일봉]

══════════════════════════════════════════════════
→ 전종목 HOLD
✅ Discord 전송 완료

[09:36] HOLD | KODEX RSI68/+3.0%⬆️ | 보유:없음 | 최고신호 한국전력(015760) 4pt/4pt [RSI22 / BB하단 / 호가4.2★]
💰 예수금 95,923원 | KODEX200 RSI68/+3.0% 상승추세⬆️  | 매수기준 점수4pt↑

코드      종목명           가격    RSI     변화율    거래량     BB   호가비  B/S
────────────────────────────────────────────────────────────────────────
[2단계 분석 대상: 010950, 086520, 138040, 015760, 079550]
403870  HPSP      49,000    0.0    +0.0%    0.0x     중간  3.52  2pt/0 [일봉]
055550  신한지주      92,100    0.0    +0.0%    0.0x     중간  2.71  2pt/0 [일봉]
015760  한국전력      38,400   21.7    -1.8%    0.2x     하단  4.46  4pt/0 [5분]
078930  GS        71,600    0.0    +0.0%    0.0x     중간  3.29  2pt/0 [일봉]
035720  카카오       43,400    0.0    +0.0%    0.0x     중간  0.40  0pt/0 [일봉]
030200  KT        52,900    0.0    +0.0%    0.0x     중간  0.91  0pt/0 [일봉]
003490  대한항공      26,600    0.0    +0.0%    0.0x     중간  2.06  2pt/0 [일봉]
004020  현대제철      39,100    0.0    +0.0%    0.0x     중간  1.13  0pt/0 [일봉]

══════════════════════════════════════════════════
→ 전종목 HOLD
✅ Discord 전송 완료

[09:38] HOLD | KODEX RSI68/+3.0%⬆️ | 보유:없음 | 최고신호 한국전력(015760) 4pt/4pt [RSI22 / BB하단 / 호가4.5★]
💰 예수금 95,923원 | KODEX200 RSI68/+3.1% 상승추세⬆️  | 매수기준 점수4pt↑

코드      종목명           가격    RSI     변화율    거래량     BB   호가비  B/S
────────────────────────────────────────────────────────────────────────
[2단계 분석 대상: 086520, 010950, 003670, 079550, 034020]
403870  HPSP      49,000    0.0    +0.0%    0.0x     중간  3.01  2pt/0 [일봉]
055550  신한지주      92,100    0.0    +0.0%    0.0x     중간  2.51  2pt/0 [일봉]
015760  한국전력      38,200    0.0    +0.0%    0.0x     중간  2.43  2pt/0 [일봉]
078930  GS        71,600    0.0    +0.0%    0.0x     중간  2.76  2pt/0 [일봉]
035720  카카오       42,900    0.0    +0.0%    0.0x     중간  1.92  2pt/0 [일봉]
030200  KT        52,800    0.0    +0.0%    0.0x     중간  0.88  0pt/0 [일봉]
003490  대한항공      26,500    0.0    +0.0%    0.0x     중간  1.45  1pt/0 [일봉]
004020  현대제철      39,150    0.0    +0.0%    0.0x     중간  1.53  2pt/0 [일봉]

══════════════════════════════════════════════════
→ 전종목 HOLD
✅ Discord 전송 완료

[09:40] HOLD | KODEX RSI68/+3.1%⬆️ | 보유:없음 | 최고신호 HPSP(403870) 2pt/4pt [호가3.0★]
💰 예수금 95,923원 | KODEX200 RSI68/+2.5% 상승추세⬆️  | 매수기준 점수4pt↑

코드      종목명           가격    RSI     변화율    거래량     BB   호가비  B/S
────────────────────────────────────────────────────────────────────────
[2단계 분석 대상: 086520, 105560, 010950, 079550, 055550]
403870  HPSP      49,100    0.0    +0.0%    0.0x     중간  2.99  2pt/0 [일봉]
055550  신한지주      92,000   79.5    -1.0%    0.1x     중간  3.88  3pt/0 [5분]
015760  한국전력      38,150    0.0    +0.0%    0.0x     중간  3.14  2pt/0 [일봉]
078930  GS        71,500    0.0    +0.0%    0.0x     중간  2.97  2pt/0 [일봉]
035720  카카오       42,900    0.0    +0.0%    0.0x     중간  0.66  0pt/0 [일봉]
030200  KT        52,900    0.0    +0.0%    0.0x     중간  0.75  0pt/0 [일봉]
003490  대한항공      26,500    0.0    +0.0%    0.0x     중간  3.53  2pt/0 [일봉]
004020  현대제철      39,000    0.0    +0.0%    0.0x     중간  2.23  2pt/0 [일봉]

══════════════════════════════════════════════════
→ 전종목 HOLD
✅ Discord 전송 완료

[09:42] HOLD | KODEX RSI68/+2.5%⬆️ | 보유:없음 | 최고신호 신한지주(055550) 3pt/4pt [MA골 / 호가3.9★]
💰 예수금 95,923원 | KODEX200 RSI68/+3.0% 상승추세⬆️  | 매수기준 점수4pt↑

코드      종목명           가격    RSI     변화율    거래량     BB   호가비  B/S
────────────────────────────────────────────────────────────────────────
[2단계 분석 대상: 010950, 086520, 105560, 012450, 078930]
403870  HPSP      49,100    0.0    +0.0%    0.0x     중간  2.23  2pt/0 [일봉]
055550  신한지주      92,100    0.0    +0.0%    0.0x     중간  2.68  2pt/0 [일봉]
015760  한국전력      38,150    0.0    +0.0%    0.0x     중간  3.10  2pt/0 [일봉]
078930  GS        71,400   61.3    -3.5%    0.1x     하단  3.81  4pt/0 [5분]
035720  카카오       43,100    0.0    +0.0%    0.0x     중간  0.35  0pt/0 [일봉]
030200  KT        53,000    0.0    +0.0%    0.0x     중간  0.93  0pt/0 [일봉]
003490  대한항공      26,550    0.0    +0.0%    0.0x     중간  3.09  2pt/0 [일봉]
004020  현대제철      39,000    0.0    +0.0%    0.0x     중간  2.09  2pt/0 [일봉]

══════════════════════════════════════════════════
→ 전종목 HOLD
✅ Discord 전송 완료

[09:44] HOLD | KODEX RSI68/+3.0%⬆️ | 보유:없음 | 최고신호 GS(078930) 4pt/4pt [BB하단 / MA골 / 호가3.8★]
💰 예수금 95,923원 | KODEX200 RSI68/+2.6% 상승추세⬆️  | 매수기준 점수4pt↑

코드      종목명           가격    RSI     변화율    거래량     BB   호가비  B/S
────────────────────────────────────────────────────────────────────────
[2단계 분석 대상: 010950, 086520, 012450, 042700, 078930]
403870  HPSP      48,650    0.0    +0.0%    0.0x     중간  3.86  2pt/0 [일봉]
055550  신한지주      92,200    0.0    +0.0%    0.0x     중간  2.64  2pt/0 [일봉]
015760  한국전력      38,350    0.0    +0.0%    0.0x     중간  2.98  2pt/0 [일봉]
078930  GS        71,400   61.3    -3.1%    0.2x     하단  4.37  4pt/0 [5분]
035720  카카오       42,850    0.0    +0.0%    0.0x     중간  1.11  0pt/0 [일봉]
030200  KT        53,000    0.0    +0.0%    0.0x     중간  0.88  0pt/0 [일봉]
003490  대한항공      26,550    0.0    +0.0%    0.0x     중간  3.34  2pt/0 [일봉]
004020  현대제철      38,950    0.0    +0.0%    0.0x     중간  1.80  2pt/0 [일봉]

══════════════════════════════════════════════════
→ 전종목 HOLD
✅ Discord 전송 완료

[09:46] HOLD | KODEX RSI68/+2.6%⬆️ | 보유:없음 | 최고신호 GS(078930) 4pt/4pt [BB하단 / MA골 / 호가4.4★]
💰 예수금 95,923원 | KODEX200 RSI68/+2.6% 상승추세⬆️  | 매수기준 점수4pt↑

코드      종목명           가격    RSI     변화율    거래량     BB   호가비  B/S
────────────────────────────────────────────────────────────────────────
[2단계 분석 대상: 010950, 403870, 078930, 000660, 086520]
403870  HPSP      48,450   87.5    -4.9%    0.3x     하단  8.61  4pt/0 [5분]
055550  신한지주      92,100    0.0    +0.0%    0.0x     중간  2.73  2pt/0 [일봉]
015760  한국전력      38,450    0.0    +0.0%    0.0x     중간  2.48  2pt/0 [일봉]
078930  GS        71,700   61.3    -3.4%    0.2x     하단  8.54  4pt/0 [5분]
035720  카카오       42,900    0.0    +0.0%    0.0x     중간  0.89  0pt/0 [일봉]
030200  KT        53,000    0.0    +0.0%    0.0x     중간  0.93  0pt/0 [일봉]
003490  대한항공      26,550    0.0    +0.0%    0.0x     중간  3.09  2pt/0 [일봉]
004020  현대제철      38,900    0.0    +0.0%    0.0x     중간  1.73  2pt/0 [일봉]

══════════════════════════════════════════════════
→ 전종목 HOLD
✅ Discord 전송 완료

[09:48] HOLD | KODEX RSI68/+2.6%⬆️ | 보유:없음 | 최고신호 HPSP(403870) 4pt/4pt [BB하단 / MA골 / 호가8.6★]
💰 예수금 95,923원 | KODEX200 RSI68/+2.3% 상승추세⬆️  | 매수기준 점수4pt↑

코드      종목명           가격    RSI     변화율    거래량     BB   호가비  B/S
────────────────────────────────────────────────────────────────────────
[2단계 분석 대상: 010950, 078930, 086520, 000660, 012450]
403870  HPSP      48,100    0.0    +0.0%    0.0x     중간  2.25  2pt/0 [일봉]
058470  리노공업      95,600    0.0    +0.0%    0.0x     중간  2.87  2pt/0 [일봉]
055550  신한지주      92,200    0.0    +0.0%    0.0x     중간  3.37  2pt/0 [일봉]
015760  한국전력      38,450    0.0    +0.0%    0.0x     중간  2.63  2pt/0 [일봉]
078930  GS        71,600   56.2    -3.6%    0.2x     하단  7.13  6pt/0 [5분]
035720  카카오       42,750    0.0    +0.0%    0.0x     중간  0.88  0pt/0 [일봉]
030200  KT        53,200    0.0    +0.0%    0.0x     중간  0.60  0pt/0 [일봉]
003490  대한항공      26,550    0.0    +0.0%    0.0x     중간  2.96  2pt/0 [일봉]
004020  현대제철      39,000    0.0    +0.0%    0.0x     중간  1.92  2pt/0 [일봉]

══════════════════════════════════════════════════
→ 전종목 HOLD
✅ Discord 전송 완료

[09:50] HOLD | KODEX RSI68/+2.3%⬆️ | 보유:없음 | 최고신호 GS(078930) 6pt/4pt [RSI56★ / BB하단 / MA골 / 호가7.1★]
💰 예수금 95,923원 | KODEX200 RSI68/+2.5% 상승추세⬆️  | 매수기준 점수4pt↑

코드      종목명           가격    RSI     변화율    거래량     BB   호가비  B/S
────────────────────────────────────────────────────────────────────────
[2단계 분석 대상: 058470, 010950, 078930, 329180, 000270]
403870  HPSP      48,250    0.0    +0.0%    0.0x     중간  4.18  2pt/0 [일봉]
058470  리노공업      95,900   78.3    -3.3%    0.3x     하단 13.20  4pt/0 [5분]
055550  신한지주      92,100    0.0    +0.0%    0.0x     중간  3.32  2pt/0 [일봉]
015760  한국전력      38,450    0.0    +0.0%    0.0x     중간  2.49  2pt/0 [일봉]
078930  GS        71,800   56.2    -3.5%    0.2x     하단  6.65  6pt/0 [5분]
035720  카카오       42,600    0.0    +0.0%    0.0x     중간  1.09  0pt/0 [일봉]
030200  KT        53,200    0.0    +0.0%    0.0x     중간  0.49  0pt/0 [일봉]
003490  대한항공      26,550    0.0    +0.0%    0.0x     중간  2.96  2pt/0 [일봉]
004020  현대제철      39,150    0.0    +0.0%    0.0x     중간  2.04  2pt/0 [일봉]

══════════════════════════════════════════════════
→ 전종목 HOLD
✅ Discord 전송 완료

[09:52] HOLD | KODEX RSI68/+2.5%⬆️ | 보유:없음 | 최고신호 GS(078930) 6pt/4pt [RSI56★ / BB하단 / MA골 / 호가6.7★]
💰 예수금 95,923원 | KODEX200 RSI68/+2.5% 상승추세⬆️  | 매수기준 점수4pt↑

코드      종목명           가격    RSI     변화율    거래량     BB   호가비  B/S
────────────────────────────────────────────────────────────────────────
[2단계 분석 대상: 010950, 058470, 078930, 329180, 403870]
403870  HPSP      48,400   84.7    -5.2%    0.4x     하단  4.37  4pt/0 [5분]
058470  리노공업      95,900   85.5    -3.4%    0.3x     하단  9.39  5pt/0 [5분]
055550  신한지주      92,500    0.0    +0.0%    0.0x     중간  2.34  2pt/0 [일봉]
015760  한국전력      38,450    0.0    +0.0%    0.0x     중간  3.34  2pt/0 [일봉]
078930  GS        71,800   54.5    -3.1%    0.2x     하단  7.10  6pt/0 [5분]
035720  카카오       42,650    0.0    +0.0%    0.0x     중간  1.32  1pt/0 [일봉]
030200  KT        53,300    0.0    +0.0%    0.0x     중간  0.43  0pt/0 [일봉]
003490  대한항공      26,550    0.0    +0.0%    0.0x     중간  2.73  2pt/0 [일봉]
004020  현대제철      39,100    0.0    +0.0%    0.0x     중간  1.99  2pt/0 [일봉]

══════════════════════════════════════════════════
→ 전종목 HOLD
✅ Discord 전송 완료

[09:54] HOLD | KODEX RSI68/+2.5%⬆️ | 보유:없음 | 최고신호 GS(078930) 6pt/4pt [RSI54★ / BB하단 / MA골 / 호가7.1★]
💰 예수금 95,923원 | KODEX200 RSI68/+2.3% 상승추세⬆️  | 매수기준 점수4pt↑

코드      종목명           가격    RSI     변화율    거래량     BB   호가비  B/S
────────────────────────────────────────────────────────────────────────
[2단계 분석 대상: 010950, 058470, 403870, 078930, 329180]
403870  HPSP      48,250   84.7    -5.4%    0.4x     하단  6.85  4pt/0 [5분]
058470  리노공업      95,600   85.5    -3.5%    0.3x     하단  9.11  5pt/0 [5분]
055550  신한지주      92,200    0.0    +0.0%    0.0x     중간  1.89  2pt/0 [일봉]
015760  한국전력      38,450    0.0    +0.0%    0.0x     중간  2.84  2pt/0 [일봉]
078930  GS        71,800   54.5    -3.4%    0.2x     하단  6.71  6pt/0 [5분]
035720  카카오       42,600    0.0    +0.0%    0.0x     중간  1.03  0pt/0 [일봉]
030200  KT        53,300    0.0    +0.0%    0.0x     중간  0.46  0pt/0 [일봉]
003490  대한항공      26,600    0.0    +0.0%    0.0x     중간  2.82  2pt/0 [일봉]
004020  현대제철      39,050    0.0    +0.0%    0.0x     중간  1.27  1pt/0 [일봉]

══════════════════════════════════════════════════
→ 전종목 HOLD
✅ Discord 전송 완료

[09:56] HOLD | KODEX RSI68/+2.3%⬆️ | 보유:없음 | 최고신호 GS(078930) 6pt/4pt [RSI54★ / BB하단 / MA골 / 호가6.7★]
💰 예수금 95,923원 | KODEX200 RSI68/+2.2% 상승추세⬆️  | 매수기준 점수4pt↑

코드      종목명           가격    RSI     변화율    거래량     BB   호가비  B/S
────────────────────────────────────────────────────────────────────────
[2단계 분석 대상: 078930, 403870, 010950, 329180, 058470]
403870  HPSP      48,250   84.7    -5.0%    0.4x     하단  8.53  4pt/0 [5분]
058470  리노공업      95,600   85.5    -3.6%    0.3x     하단  6.01  5pt/0 [5분]
055550  신한지주      92,100    0.0    +0.0%    0.0x     중간  2.25  2pt/0 [일봉]
015760  한국전력      38,550    0.0    +0.0%    0.0x     중간  1.76  2pt/0 [일봉]
078930  GS        71,900   54.5    -2.7%    0.2x     하단  8.76  6pt/0 [5분]
035720  카카오       42,350    0.0    +0.0%    0.0x     중간  4.14  2pt/0 [일봉]
030200  KT        53,300    0.0    +0.0%    0.0x     중간  0.65  0pt/0 [일봉]
003490  대한항공      26,600    0.0    +0.0%    0.0x     중간  3.38  2pt/0 [일봉]
004020  현대제철      38,900    0.0    +0.0%    0.0x     중간  1.37  1pt/0 [일봉]

══════════════════════════════════════════════════
→ 전종목 HOLD
✅ Discord 전송 완료

[09:58] HOLD | KODEX RSI68/+2.2%⬆️ | 보유:없음 | 최고신호 GS(078930) 6pt/4pt [RSI54★ / BB하단 / MA골 / 호가8.8★]
💰 예수금 95,923원 | KODEX200 RSI68/+2.2% 상승추세⬆️  | 매수기준 점수4pt↑

코드      종목명           가격    RSI     변화율    거래량     BB   호가비  B/S
────────────────────────────────────────────────────────────────────────
[2단계 분석 대상: 058470, 079550, 010950, 272210, 078930]
403870  HPSP      48,650    0.0    +0.0%    0.0x     중간  1.09  0pt/0 [일봉]
058470  리노공업      95,500   86.2    -3.5%    0.3x     하단  6.78  5pt/0 [5분]
055550  신한지주      92,800    0.0    +0.0%    0.0x     중간  3.83  2pt/0 [일봉]
015760  한국전력      38,600    0.0    +0.0%    0.0x     중간  1.83  2pt/0 [일봉]
078930  GS        72,300   62.1    -2.7%    0.2x     하단  4.19  4pt/0 [5분]
035720  카카오       42,550    0.0    +0.0%    0.0x     중간  0.93  0pt/0 [일봉]
030200  KT        53,300    0.0    +0.0%    0.0x     중간  0.66  0pt/0 [일봉]
003490  대한항공      26,700    0.0    +0.0%    0.0x     중간  3.42  2pt/0 [일봉]
004020  현대제철      39,050    0.0    +0.0%    0.0x     중간  1.15  0pt/0 [일봉]

══════════════════════════════════════════════════
→ 전종목 HOLD
✅ Discord 전송 완료

[10:00] HOLD | KODEX RSI68/+2.2%⬆️ | 보유:없음 | 최고신호 리노공업(058470) 5pt/4pt [BB하단 / MA골 / 호가6.8★ / 거래량증가]
💰 예수금 95,923원 | KODEX200 RSI68/+2.1% 상승추세⬆️  | 매수기준 점수4pt↑

코드      종목명           가격    RSI     변화율    거래량     BB   호가비  B/S
────────────────────────────────────────────────────────────────────────
[2단계 분석 대상: 078930, 403870, 011070, 058470, 079550]
403870  HPSP      48,450   84.7    -5.0%    0.4x     하단  6.76  5pt/0 [5분]
058470  리노공업      95,700   86.2    -3.8%    0.3x     하단  6.11  5pt/0 [5분]
055550  신한지주      92,600    0.0    +0.0%    0.0x     중간  2.56  2pt/0 [일봉]
015760  한국전력      38,500    0.0    +0.0%    0.0x     중간  2.95  2pt/0 [일봉]
078930  GS        72,100   62.1    -3.1%    0.2x     하단 13.52  4pt/0 [5분]
035720  카카오       42,250    0.0    +0.0%    0.0x     중간  3.00  2pt/0 [일봉]
030200  KT        53,300    0.0    +0.0%    0.0x     중간  0.73  0pt/0 [일봉]
003490  대한항공      26,650    0.0    +0.0%    0.0x     중간  3.38  2pt/0 [일봉]
004020  현대제철      38,900    0.0    +0.0%    0.0x     중간  1.23  1pt/0 [일봉]

══════════════════════════════════════════════════
→ 전종목 HOLD
✅ Discord 전송 완료

[10:02] HOLD | KODEX RSI68/+2.1%⬆️ | 보유:없음 | 최고신호 HPSP(403870) 5pt/4pt [BB하단 / MA골 / 호가6.8★ / 거래량증가]
💰 예수금 95,923원 | KODEX200 RSI67/+1.6% 상승추세⬆️  | 매수기준 점수4pt↑

코드      종목명           가격    RSI     변화율    거래량     BB   호가비  B/S
────────────────────────────────────────────────────────────────────────
[2단계 분석 대상: 403870, 010950, 329180, 079550, 096770]
403870  HPSP      48,250   84.7    -5.0%    0.4x     하단 16.25  4pt/0 [5분]
058470  리노공업      95,300    0.0    +0.0%    0.0x     중간  5.08  2pt/0 [일봉]
055550  신한지주      92,500    0.0    +0.0%    0.0x     중간  3.56  2pt/0 [일봉]
015760  한국전력      38,450    0.0    +0.0%    0.0x     중간  3.93  2pt/0 [일봉]
078930  GS        71,700    0.0    +0.0%    0.0x     중간  5.49  2pt/0 [일봉]
035720  카카오       41,950    0.0    +0.0%    0.0x     중간  2.86  2pt/0 [일봉]
030200  KT        53,300    0.0    +0.0%    0.0x     중간  0.63  0pt/0 [일봉]
003490  대한항공      26,600    0.0    +0.0%    0.0x     중간  3.31  2pt/0 [일봉]
004020  현대제철      38,850    0.0    +0.0%    0.0x     중간  0.70  0pt/0 [일봉]

══════════════════════════════════════════════════
→ 전종목 HOLD
✅ Discord 전송 완료

[10:04] HOLD | KODEX RSI67/+1.6%⬆️ | 보유:없음 | 최고신호 HPSP(403870) 4pt/4pt [BB하단 / MA골 / 호가16.2★]
💰 예수금 95,923원 | KODEX200 RSI68/+2.0% 상승추세⬆️  | 매수기준 점수4pt↑

코드      종목명           가격    RSI     변화율    거래량     BB   호가비  B/S
────────────────────────────────────────────────────────────────────────
[2단계 분석 대상: 096770, 010950, 058470, 078930, 079550]
403870  HPSP      48,500    0.0    +0.0%    0.0x     중간  5.66  2pt/0 [일봉]
058470  리노공업      95,900   86.0    -3.2%    0.3x     하단 10.25  4pt/0 [5분]
055550  신한지주      92,300    0.0    +0.0%    0.0x     중간  4.55  2pt/0 [일봉]
015760  한국전력      38,500    0.0    +0.0%    0.0x     중간  4.59  2pt/0 [일봉]
078930  GS        71,600   62.1    -3.5%    0.2x     하단  7.92  4pt/0 [5분]
035720  카카오       41,950    0.0    +0.0%    0.0x     중간  3.70  2pt/0 [일봉]
030200  KT        53,300    0.0    +0.0%    0.0x     중간  0.64  0pt/0 [일봉]
003490  대한항공      26,600    0.0    +0.0%    0.0x     중간  3.82  2pt/0 [일봉]
004020  현대제철      39,000    0.0    +0.0%    0.0x     중간  0.83  0pt/0 [일봉]

══════════════════════════════════════════════════
→ 전종목 HOLD
✅ Discord 전송 완료

[10:06] HOLD | KODEX RSI68/+2.0%⬆️ | 보유:없음 | 최고신호 리노공업(058470) 4pt/4pt [BB하단 / MA골 / 호가10.2★]
💰 예수금 95,923원 | KODEX200 RSI68/+2.3% 상승추세⬆️  | 매수기준 점수4pt↑

코드      종목명           가격    RSI     변화율    거래량     BB   호가비  B/S
────────────────────────────────────────────────────────────────────────
[2단계 분석 대상: 010950, 079550, 058470, 329180, 403870]
403870  HPSP      48,450   84.7    -4.6%    0.4x     하단  5.17  4pt/0 [5분]
058470  리노공업      95,800   86.0    -3.4%    0.3x     하단  6.08  4pt/0 [5분]
055550  신한지주      92,600    0.0    +0.0%    0.0x     중간  2.13  2pt/0 [일봉]
015760  한국전력      38,500    0.0    +0.0%    0.0x     중간  4.53  2pt/0 [일봉]
078930  GS        71,900    0.0    +0.0%    0.0x     중간  4.87  2pt/0 [일봉]
035720  카카오       42,100    0.0    +0.0%    0.0x     중간  2.65  2pt/0 [일봉]
030200  KT        53,400    0.0    +0.0%    0.0x     중간  0.54  0pt/0 [일봉]
003490  대한항공      26,600    0.0    +0.0%    0.0x     중간  4.02  2pt/0 [일봉]
004020  현대제철      39,050    0.0    +0.0%    0.0x     중간  0.75  0pt/0 [일봉]

══════════════════════════════════════════════════
→ 전종목 HOLD
✅ Discord 전송 완료

[10:08] HOLD | KODEX RSI68/+2.3%⬆️ | 보유:없음 | 최고신호 HPSP(403870) 4pt/4pt [BB하단 / MA골 / 호가5.2★]
💰 예수금 95,923원 | KODEX200 RSI68/+2.5% 상승추세⬆️  | 매수기준 점수4pt↑

코드      종목명           가격    RSI     변화율    거래량     BB   호가비  B/S
────────────────────────────────────────────────────────────────────────
[2단계 분석 대상: 078930, 010950, 329180, 058470, 079550]
403870  HPSP      48,700    0.0    +0.0%    0.0x     중간  1.00  0pt/0 [일봉]
058470  리노공업      95,700   85.7    -3.4%    0.3x     하단  5.79  4pt/0 [5분]
055550  신한지주      92,400    0.0    +0.0%    0.0x     중간  1.85  2pt/0 [일봉]
015760  한국전력      38,500    0.0    +0.0%    0.0x     중간  4.58  2pt/0 [일봉]
078930  GS        71,700   66.7    -3.1%    0.2x     하단  8.13  4pt/0 [5분]
035720  카카오       41,950    0.0    +0.0%    0.0x     중간  3.29  2pt/0 [일봉]
030200  KT        53,400    0.0    +0.0%    0.0x     중간  0.53  0pt/0 [일봉]
003490  대한항공      26,650    0.0    +0.0%    0.0x     중간  3.66  2pt/0 [일봉]
004020  현대제철      39,050    0.0    +0.0%    0.0x     중간  1.31  1pt/0 [일봉]

══════════════════════════════════════════════════
→ 전종목 HOLD
✅ Discord 전송 완료

[10:10] HOLD | KODEX RSI68/+2.5%⬆️ | 보유:없음 | 최고신호 리노공업(058470) 4pt/4pt [BB하단 / MA골 / 호가5.8★]
💰 예수금 95,923원 | KODEX200 RSI68/+2.6% 상승추세⬆️  | 매수기준 점수4pt↑

코드      종목명           가격    RSI     변화율    거래량     BB   호가비  B/S
────────────────────────────────────────────────────────────────────────
[2단계 분석 대상: 010950, 079550, 058470, 078930, 035720]
403870  HPSP      48,750    0.0    +0.0%    0.0x     중간  0.85  0pt/0 [일봉]
058470  리노공업      95,600   85.7    -3.7%    0.4x     하단  6.30  4pt/0 [5분]
055550  신한지주      92,500    0.0    +0.0%    0.0x     중간  2.22  2pt/0 [일봉]
015760  한국전력      38,450    0.0    +0.0%    0.0x     중간  3.88  2pt/0 [일봉]
078930  GS        72,000   66.7    -3.4%    0.2x     하단  5.53  4pt/0 [5분]
035720  카카오       41,950   45.8    +4.5%    1.1x     상단  3.97  5pt/0 [5분]
030200  KT        53,400    0.0    +0.0%    0.0x     중간  0.57  0pt/0 [일봉]
003490  대한항공      26,650    0.0    +0.0%    0.0x     중간  3.93  2pt/0 [일봉]
004020  현대제철      39,100    0.0    +0.0%    0.0x     중간  1.41  1pt/0 [일봉]

══════════════════════════════════════════════════
→ 전종목 HOLD
✅ Discord 전송 완료

[10:12] HOLD | KODEX RSI68/+2.6%⬆️ | 보유:없음 | 최고신호 카카오(035720) 5pt/4pt [RSI46★ / MA골 / 호가4.0★]
💰 예수금 95,923원 | KODEX200 RSI68/+2.5% 상승추세⬆️  | 매수기준 점수4pt↑

코드      종목명           가격    RSI     변화율    거래량     BB   호가비  B/S
────────────────────────────────────────────────────────────────────────
[2단계 분석 대상: 058470, 010950, 079550, 078930, 015760]
403870  HPSP      48,550    0.0    +0.0%    0.0x     중간  3.00  2pt/0 [일봉]
058470  리노공업      95,700   81.4    -3.3%    0.4x     하단 15.72  4pt/0 [5분]
055550  신한지주      92,400    0.0    +0.0%    0.0x     중간  1.83  2pt/0 [일봉]
015760  한국전력      38,500   66.1    -1.5%    0.2x     하단  4.71  4pt/0 [5분]
078930  GS        71,900   70.0    -3.5%    0.2x     하단  6.08  4pt/0 [5분]
035720  카카오       41,850    0.0    +0.0%    0.0x     중간  4.06  2pt/0 [일봉]
030200  KT        53,400    0.0    +0.0%    0.0x     중간  0.65  0pt/0 [일봉]
003490  대한항공      26,650    0.0    +0.0%    0.0x     중간  3.90  2pt/0 [일봉]
004020  현대제철      39,150    0.0    +0.0%    0.0x     중간  1.56  2pt/0 [일봉]

══════════════════════════════════════════════════
→ 전종목 HOLD
✅ Discord 전송 완료

[10:14] HOLD | KODEX RSI68/+2.5%⬆️ | 보유:없음 | 최고신호 리노공업(058470) 4pt/4pt [BB하단 / MA골 / 호가15.7★]
💰 예수금 95,923원 | KODEX200 RSI68/+2.6% 상승추세⬆️  | 매수기준 점수4pt↑

코드      종목명           가격    RSI     변화율    거래량     BB   호가비  B/S
────────────────────────────────────────────────────────────────────────
[2단계 분석 대상: 058470, 329180, 078930, 010950, 079550]
403870  HPSP      48,700    0.0    +0.0%    0.0x     중간  1.17  0pt/0 [일봉]
058470  리노공업      95,700   81.4    -3.3%    0.4x     하단 16.97  4pt/0 [5분]
055550  신한지주      92,400    0.0    +0.0%    0.0x     중간  1.94  2pt/0 [일봉]
015760  한국전력      38,550    0.0    +0.0%    0.0x     중간  2.34  2pt/0 [일봉]
078930  GS        71,500   70.0    -3.6%    0.2x     하단  9.01  4pt/0 [5분]
035720  카카오       41,550    0.0    +0.0%    0.0x     중간  2.41  2pt/0 [일봉]
030200  KT        53,500    0.0    +0.0%    0.0x     중간  0.53  0pt/0 [일봉]
003490  대한항공      26,650    0.0    +0.0%    0.0x     중간  3.79  2pt/0 [일봉]
004020  현대제철      39,100    0.0    +0.0%    0.0x     중간  1.54  2pt/0 [일봉]

══════════════════════════════════════════════════
→ 전종목 HOLD
✅ Discord 전송 완료

[10:16] HOLD | KODEX RSI68/+2.6%⬆️ | 보유:없음 | 최고신호 리노공업(058470) 4pt/4pt [BB하단 / MA골 / 호가17.0★]
💰 예수금 95,923원 | KODEX200 RSI68/+2.4% 상승추세⬆️  | 매수기준 점수4pt↑

코드      종목명           가격    RSI     변화율    거래량     BB   호가비  B/S
────────────────────────────────────────────────────────────────────────
[2단계 분석 대상: 010950, 035720, 078930, 058470, 003490]
403870  HPSP      48,950    0.0    +0.0%    0.0x     중간  2.44  2pt/0 [일봉]
058470  리노공업      95,900   81.4    -3.0%    0.4x     하단  6.41  4pt/0 [5분]
055550  신한지주      92,300    0.0    +0.0%    0.0x     중간  2.38  2pt/0 [일봉]
015760  한국전력      38,500    0.0    +0.0%    0.0x     중간  4.28  2pt/0 [일봉]
078930  GS        71,500   70.0    -3.8%    0.2x     하단  7.93  4pt/0 [5분]
035720  카카오       41,450   47.5    +3.4%    1.2x     상단  8.88  6pt/0 [5분]
030200  KT        53,500    0.0    +0.0%    0.0x     중간  0.56  0pt/0 [일봉]
003490  대한항공      26,600   45.9    -1.5%    0.3x     하단  4.37  5pt/0 [5분]
004020  현대제철      39,000    0.0    +0.0%    0.0x     중간  1.66  2pt/0 [일봉]

══════════════════════════════════════════════════
→ 전종목 HOLD
✅ Discord 전송 완료

[10:18] HOLD | KODEX RSI68/+2.4%⬆️ | 보유:없음 | 최고신호 카카오(035720) 6pt/4pt [RSI48★ / MA골 / 호가8.9★ / 거래량증가]
💰 예수금 95,923원 | KODEX200 RSI68/+2.5% 상승추세⬆️  | 매수기준 점수4pt↑

코드      종목명           가격    RSI     변화율    거래량     BB   호가비  B/S
────────────────────────────────────────────────────────────────────────
[2단계 분석 대상: 078930, 010950, 329180, 079550, 003490]
403870  HPSP      48,750    0.0    +0.0%    0.0x     중간  2.49  2pt/0 [일봉]
055550  신한지주      92,300    0.0    +0.0%    0.0x     중간  1.94  2pt/0 [일봉]
015760  한국전력      38,450    0.0    +0.0%    0.0x     중간  3.45  2pt/0 [일봉]
078930  GS        71,400   70.0    -3.9%    0.2x     하단 11.27  5pt/0 [5분]
035720  카카오       41,400    0.0    +0.0%    0.0x     중간  4.81  2pt/0 [일봉]
030200  KT        53,500    0.0    +0.0%    0.0x     중간  0.56  0pt/0 [일봉]
003490  대한항공      26,600   44.7    -1.6%    0.3x     하단  4.82  5pt/0 [5분]
004020  현대제철      38,950    0.0    +0.0%    0.0x     중간  1.31  1pt/0 [일봉]

══════════════════════════════════════════════════
→ 전종목 HOLD
✅ Discord 전송 완료

[10:20] HOLD | KODEX RSI68/+2.5%⬆️ | 보유:없음 | 최고신호 GS(078930) 5pt/4pt [BB하단 / MA골 / 호가11.3★ / 거래량증가]
💰 예수금 95,923원 | KODEX200 RSI68/+2.6% 상승추세⬆️  | 매수기준 점수4pt↑

코드      종목명           가격    RSI     변화율    거래량     BB   호가비  B/S
────────────────────────────────────────────────────────────────────────
[2단계 분석 대상: 078930, 010950, 079550, 058470, 035720]
403870  HPSP      48,800    0.0    +0.0%    0.0x     중간  2.33  2pt/0 [일봉]
055550  신한지주      92,100    0.0    +0.0%    0.0x     중간  2.20  2pt/0 [일봉]
015760  한국전력      38,450    0.0    +0.0%    0.0x     중간  3.91  2pt/0 [일봉]
078930  GS        71,300   70.0    -3.8%    0.2x     하단  9.85  5pt/0 [5분]
035720  카카오       41,200   52.2    +2.7%    1.2x     상단  6.45  5pt/0 [5분]
030200  KT        53,500    0.0    +0.0%    0.0x     중간  0.61  0pt/0 [일봉]
003490  대한항공      26,600    0.0    +0.0%    0.0x     중간  4.60  2pt/0 [일봉]
004020  현대제철      39,100    0.0    +0.0%    0.0x     중간  2.30  2pt/0 [일봉]

══════════════════════════════════════════════════
→ 전종목 HOLD
✅ Discord 전송 완료

[10:22] HOLD | KODEX RSI68/+2.6%⬆️ | 보유:없음 | 최고신호 GS(078930) 5pt/4pt [BB하단 / MA골 / 호가9.8★ / 거래량증가]
💰 예수금 95,923원 | KODEX200 RSI68/+2.7% 상승추세⬆️  | 매수기준 점수4pt↑

코드      종목명           가격    RSI     변화율    거래량     BB   호가비  B/S
────────────────────────────────────────────────────────────────────────
[2단계 분석 대상: 058470, 010950, 003490, 035720, 042700]
403870  HPSP      48,800    0.0    +0.0%    0.0x     중간  3.09  2pt/0 [일봉]
055550  신한지주      92,300    0.0    +0.0%    0.0x     중간  2.91  2pt/0 [일봉]
015760  한국전력      38,450    0.0    +0.0%    0.0x     중간  3.46  2pt/0 [일봉]
078930  GS        71,300    0.0    +0.0%    0.0x     중간  4.19  2pt/0 [일봉]
035720  카카오       41,300   54.4    +3.0%    1.2x     상단  5.03  5pt/0 [5분]
030200  KT        53,500    0.0    +0.0%    0.0x     중간  0.66  0pt/0 [일봉]
003490  대한항공      26,600   41.5    -1.7%    0.3x     하단  5.13  5pt/0 [5분]
004020  현대제철      39,050    0.0    +0.0%    0.0x     중간  2.28  2pt/0 [일봉]

══════════════════════════════════════════════════
→ 전종목 HOLD
✅ Discord 전송 완료

[10:24] HOLD | KODEX RSI68/+2.7%⬆️ | 보유:없음 | 최고신호 카카오(035720) 5pt/4pt [RSI54★ / MA골 / 호가5.0★]
💰 예수금 95,923원 | KODEX200 RSI68/+2.6% 상승추세⬆️  | 매수기준 점수4pt↑

코드      종목명           가격    RSI     변화율    거래량     BB   호가비  B/S
────────────────────────────────────────────────────────────────────────
[2단계 분석 대상: 010950, 042660, 079550, 058470, 096770]
403870  HPSP      48,900    0.0    +0.0%    0.0x     중간  2.32  2pt/0 [일봉]
058470  리노공업      95,800   83.1    -3.5%    0.4x     하단  6.13  4pt/0 [5분]
055550  신한지주      92,200    0.0    +0.0%    0.0x     중간  1.90  2pt/0 [일봉]
015760  한국전력      38,350    0.0    +0.0%    0.0x     중간  4.84  2pt/0 [일봉]
078930  GS        71,100    0.0    +0.0%    0.0x     중간  2.23  2pt/0 [일봉]
035720  카카오       41,300    0.0    +0.0%    0.0x     중간  4.66  2pt/0 [일봉]
030200  KT        53,500    0.0    +0.0%    0.0x     중간  0.66  0pt/0 [일봉]
003490  대한항공      26,600    0.0    +0.0%    0.0x     중간  4.55  2pt/0 [일봉]
004020  현대제철      39,000    0.0    +0.0%    0.0x     중간  2.63  2pt/0 [일봉]

══════════════════════════════════════════════════
→ 전종목 HOLD
✅ Discord 전송 완료

[10:26] HOLD | KODEX RSI68/+2.6%⬆️ | 보유:없음 | 최고신호 리노공업(058470) 4pt/4pt [BB하단 / MA골 / 호가6.1★]
💰 예수금 95,923원 | KODEX200 RSI68/+2.7% 상승추세⬆️  | 매수기준 점수4pt↑

코드      종목명           가격    RSI     변화율    거래량     BB   호가비  B/S
────────────────────────────────────────────────────────────────────────
[2단계 분석 대상: 058470, 086520, 042660, 096770, 010950]
403870  HPSP      48,850    0.0    +0.0%    0.0x     중간  1.99  2pt/0 [일봉]
058470  리노공업      95,900   83.1    -3.4%    0.4x     하단 23.61  4pt/0 [5분]
055550  신한지주      92,300    0.0    +0.0%    0.0x     중간  1.78  2pt/0 [일봉]
015760  한국전력      38,550    0.0    +0.0%    0.0x     중간  3.64  2pt/0 [일봉]
078930  GS        71,100    0.0    +0.0%    0.0x     중간  2.57  2pt/0 [일봉]
035720  카카오       41,300    0.0    +0.0%    0.0x     중간  5.23  2pt/0 [일봉]
030200  KT        53,500    0.0    +0.0%    0.0x     중간  0.66  0pt/0 [일봉]
003490  대한항공      26,600    0.0    +0.0%    0.0x     중간  5.04  2pt/0 [일봉]
004020  현대제철      39,000    0.0    +0.0%    0.0x     중간  2.72  2pt/0 [일봉]

══════════════════════════════════════════════════
→ 전종목 HOLD
✅ Discord 전송 완료

[10:28] HOLD | KODEX RSI68/+2.7%⬆️ | 보유:없음 | 최고신호 리노공업(058470) 4pt/4pt [BB하단 / MA골 / 호가23.6★]
💰 예수금 95,923원 | KODEX200 RSI68/+2.6% 상승추세⬆️  | 매수기준 점수4pt↑

코드      종목명           가격    RSI     변화율    거래량     BB   호가비  B/S
────────────────────────────────────────────────────────────────────────
[2단계 분석 대상: 042660, 058470, 329180, 010950, 034020]
403870  HPSP      48,600    0.0    +0.0%    0.0x     중간  2.79  2pt/0 [일봉]
058470  리노공업      95,400   79.0    -3.7%    0.4x     하단 10.90  4pt/0 [5분]
055550  신한지주      92,200    0.0    +0.0%    0.0x     중간  2.26  2pt/0 [일봉]
015760  한국전력      38,450    0.0    +0.0%    0.0x     중간  4.50  2pt/0 [일봉]
078930  GS        70,900    0.0    +0.0%    0.0x     중간  0.62  0pt/0 [일봉]
035720  카카오       41,250    0.0    +0.0%    0.0x     중간  6.32  2pt/0 [일봉]
030200  KT        53,200    0.0    +0.0%    0.0x     중간  0.76  0pt/0 [일봉]
003490  대한항공      26,600    0.0    +0.0%    0.0x     중간  5.45  2pt/0 [일봉]
004020  현대제철      38,850    0.0    +0.0%    0.0x     중간  1.37  1pt/0 [일봉]

══════════════════════════════════════════════════
→ 전종목 HOLD
✅ Discord 전송 완료

[10:30] HOLD | KODEX RSI68/+2.6%⬆️ | 보유:없음 | 최고신호 리노공업(058470) 4pt/4pt [BB하단 / MA골 / 호가10.9★]
💰 예수금 95,923원 | KODEX200 RSI68/+2.8% 상승추세⬆️  | 매수기준 점수4pt↑

코드      종목명           가격    RSI     변화율    거래량     BB   호가비  B/S
────────────────────────────────────────────────────────────────────────
[2단계 분석 대상: 058470, 042660, 329180, 042700, 034020]
403870  HPSP      48,650    0.0    +0.0%    0.0x     중간  2.99  2pt/0 [일봉]
058470  리노공업      95,500   79.0    -3.8%    0.4x     하단 17.25  4pt/0 [5분]
055550  신한지주      92,200    0.0    +0.0%    0.0x     중간  2.17  2pt/0 [일봉]
015760  한국전력      38,450    0.0    +0.0%    0.0x     중간  4.07  2pt/0 [일봉]
078930  GS        70,800    0.0    +0.0%    0.0x     중간  0.71  0pt/0 [일봉]
035720  카카오       41,450    0.0    +0.0%    0.0x     중간  4.00  2pt/0 [일봉]
030200  KT        53,300    0.0    +0.0%    0.0x     중간  0.76  0pt/0 [일봉]
003490  대한항공      26,600    0.0    +0.0%    0.0x     중간  5.17  2pt/0 [일봉]
004020  현대제철      38,750    0.0    +0.0%    0.0x     중간  2.26  2pt/0 [일봉]

══════════════════════════════════════════════════
→ 전종목 HOLD
✅ Discord 전송 완료

[10:32] HOLD | KODEX RSI68/+2.8%⬆️ | 보유:없음 | 최고신호 리노공업(058470) 4pt/4pt [BB하단 / MA골 / 호가17.2★]
💰 예수금 95,923원 | KODEX200 RSI68/+2.8% 상승추세⬆️  | 매수기준 점수4pt↑

코드      종목명           가격    RSI     변화율    거래량     BB   호가비  B/S
────────────────────────────────────────────────────────────────────────
[2단계 분석 대상: 058470, 329180, 034020, 042700, 403870]
403870  HPSP      48,550   75.7    -4.7%    0.5x     하단  5.28  4pt/0 [5분]
058470  리노공업      95,300   80.0    -3.8%    0.4x     하단 18.67  4pt/0 [5분]
055550  신한지주      92,200    0.0    +0.0%    0.0x     중간  2.08  2pt/0 [일봉]
015760  한국전력      38,450    0.0    +0.0%    0.0x     중간  3.74  2pt/0 [일봉]
078930  GS        70,900    0.0    +0.0%    0.0x     중간  0.75  0pt/0 [일봉]
035720  카카오       41,550    0.0    +0.0%    0.0x     중간  2.01  2pt/0 [일봉]
030200  KT        53,300    0.0    +0.0%    0.0x     중간  0.76  0pt/0 [일봉]
003490  대한항공      26,650    0.0    +0.0%    0.0x     중간  4.61  2pt/0 [일봉]
004020  현대제철      38,750    0.0    +0.0%    0.0x     중간  2.87  2pt/0 [일봉]

══════════════════════════════════════════════════
→ 전종목 HOLD
✅ Discord 전송 완료

[10:34] HOLD | KODEX RSI68/+2.8%⬆️ | 보유:없음 | 최고신호 HPSP(403870) 4pt/4pt [BB하단 / MA골 / 호가5.3★]
💰 예수금 95,923원 | KODEX200 RSI68/+2.6% 상승추세⬆️  | 매수기준 점수4pt↑

코드      종목명           가격    RSI     변화율    거래량     BB   호가비  B/S
────────────────────────────────────────────────────────────────────────
[2단계 분석 대상: 058470, 042660, 329180, 042700, 034020]
403870  HPSP      48,650    0.0    +0.0%    0.0x     중간  1.82  2pt/0 [일봉]
058470  리노공업      95,400   80.0    -3.5%    0.4x     하단 14.37  4pt/0 [5분]
055550  신한지주      92,100    0.0    +0.0%    0.0x     중간  1.42  1pt/0 [일봉]
015760  한국전력      38,400    0.0    +0.0%    0.0x     중간  4.36  2pt/0 [일봉]
078930  GS        70,600    0.0    +0.0%    0.0x     중간  0.67  0pt/0 [일봉]
035720  카카오       41,550    0.0    +0.0%    0.0x     중간  1.60  2pt/0 [일봉]
030200  KT        53,000    0.0    +0.0%    0.0x     중간  1.48  1pt/0 [일봉]
003490  대한항공      26,650    0.0    +0.0%    0.0x     중간  4.77  2pt/0 [일봉]
004020  현대제철      38,900    0.0    +0.0%    0.0x     중간  1.86  2pt/0 [일봉]

══════════════════════════════════════════════════
→ 전종목 HOLD
✅ Discord 전송 완료

[10:36] HOLD | KODEX RSI68/+2.6%⬆️ | 보유:없음 | 최고신호 리노공업(058470) 4pt/4pt [BB하단 / MA골 / 호가14.4★]
💰 예수금 95,923원 | KODEX200 RSI68/+2.7% 상승추세⬆️  | 매수기준 점수4pt↑

코드      종목명           가격    RSI     변화율    거래량     BB   호가비  B/S
────────────────────────────────────────────────────────────────────────
[2단계 분석 대상: 058470, 042700, 042660, 329180, 034020]
403870  HPSP      48,600    0.0    +0.0%    0.0x     중간  2.40  2pt/0 [일봉]
058470  리노공업      95,500   80.0    -3.6%    0.4x     하단  9.19  4pt/0 [5분]
055550  신한지주      92,100    0.0    +0.0%    0.0x     중간  1.34  1pt/0 [일봉]
015760  한국전력      38,450    0.0    +0.0%    0.0x     중간  5.44  2pt/0 [일봉]
078930  GS        70,600    0.0    +0.0%    0.0x     중간  0.68  0pt/0 [일봉]
035720  카카오       41,550    0.0    +0.0%    0.0x     중간  1.53  2pt/0 [일봉]
030200  KT        53,000    0.0    +0.0%    0.0x     중간  1.06  0pt/0 [일봉]
003490  대한항공      26,650    0.0    +0.0%    0.0x     중간  4.61  2pt/0 [일봉]
004020  현대제철      38,850    0.0    +0.0%    0.0x     중간  2.07  2pt/0 [일봉]

══════════════════════════════════════════════════
→ 전종목 HOLD
✅ Discord 전송 완료

[10:38] HOLD | KODEX RSI68/+2.7%⬆️ | 보유:없음 | 최고신호 리노공업(058470) 4pt/4pt [BB하단 / MA골 / 호가9.2★]
💰 예수금 95,923원 | KODEX200 RSI68/+2.5% 상승추세⬆️  | 매수기준 점수4pt↑

코드      종목명           가격    RSI     변화율    거래량     BB   호가비  B/S
────────────────────────────────────────────────────────────────────────
[2단계 분석 대상: 015760, 042660, 058470, 329180, 000660]
403870  HPSP      48,600    0.0    +0.0%    0.0x     중간  2.23  2pt/0 [일봉]
058470  리노공업      95,600   80.3    -3.6%    0.4x     하단  6.81  4pt/0 [5분]
055550  신한지주      91,900    0.0    +0.0%    0.0x     중간  2.59  2pt/0 [일봉]
015760  한국전력      38,750   65.4    -0.8%    0.3x     중간 19.95  3pt/0 [5분]
078930  GS        70,900    0.0    +0.0%    0.0x     중간  1.10  0pt/0 [일봉]
035720  카카오       41,500    0.0    +0.0%    0.0x     중간  2.18  2pt/0 [일봉]
030200  KT        53,100    0.0    +0.0%    0.0x     중간  0.87  0pt/0 [일봉]
003490  대한항공      26,700    0.0    +0.0%    0.0x     중간  4.00  2pt/0 [일봉]
004020  현대제철      38,900    0.0    +0.0%    0.0x     중간  1.69  2pt/0 [일봉]

══════════════════════════════════════════════════
→ 전종목 HOLD
✅ Discord 전송 완료

[10:40] HOLD | KODEX RSI68/+2.5%⬆️ | 보유:없음 | 최고신호 리노공업(058470) 4pt/4pt [BB하단 / MA골 / 호가6.8★]
💰 예수금 95,923원 | KODEX200 RSI68/+2.8% 상승추세⬆️  | 매수기준 점수4pt↑

코드      종목명           가격    RSI     변화율    거래량     BB   호가비  B/S
────────────────────────────────────────────────────────────────────────
[2단계 분석 대상: 042660, 058470, 042700, 329180, 079550]
403870  HPSP      48,750    0.0    +0.0%    0.0x     중간  1.35  1pt/0 [일봉]
058470  리노공업      95,500   80.3    -3.6%    0.4x     하단  8.27  4pt/0 [5분]
055550  신한지주      92,300    0.0    +0.0%    0.0x     중간  2.24  2pt/0 [일봉]
015760  한국전력      38,700    0.0    +0.0%    0.0x     중간  1.28  1pt/0 [일봉]
078930  GS        71,100    0.0    +0.0%    0.0x     중간  0.65  0pt/0 [일봉]
035720  카카오       41,750    0.0    +0.0%    0.0x     중간  0.78  0pt/0 [일봉]
030200  KT        53,100    0.0    +0.0%    0.0x     중간  0.95  0pt/0 [일봉]
003490  대한항공      26,700    0.0    +0.0%    0.0x     중간  3.83  2pt/0 [일봉]
004020  현대제철      39,100    0.0    +0.0%    0.0x     중간  0.98  0pt/0 [일봉]

══════════════════════════════════════════════════
→ 전종목 HOLD
✅ Discord 전송 완료

[10:42] HOLD | KODEX RSI68/+2.8%⬆️ | 보유:없음 | 최고신호 리노공업(058470) 4pt/4pt [BB하단 / MA골 / 호가8.3★]
💰 예수금 95,923원 | KODEX200 RSI68/+2.8% 상승추세⬆️  | 매수기준 점수4pt↑

코드      종목명           가격    RSI     변화율    거래량     BB   호가비  B/S
────────────────────────────────────────────────────────────────────────
[2단계 분석 대상: 058470, 079550, 329180, 042700, 011070]
403870  HPSP      48,650    0.0    +0.0%    0.0x     중간  1.68  2pt/0 [일봉]
058470  리노공업      95,400   62.2    -3.6%    0.4x     하단  5.96  5pt/0 [5분]
055550  신한지주      92,700    0.0    +0.0%    0.0x     중간  1.27  1pt/0 [일봉]
015760  한국전력      38,750    0.0    +0.0%    0.0x     중간  3.38  2pt/0 [일봉]
078930  GS        71,100    0.0    +0.0%    0.0x     중간  0.88  0pt/0 [일봉]
035720  카카오       41,900    0.0    +0.0%    0.0x     중간  0.77  0pt/0 [일봉]
030200  KT        53,000    0.0    +0.0%    0.0x     중간  1.05  0pt/0 [일봉]
003490  대한항공      26,700    0.0    +0.0%    0.0x     중간  3.77  2pt/0 [일봉]
004020  현대제철      39,300    0.0    +0.0%    0.0x     중간  0.57  0pt/0 [일봉]

══════════════════════════════════════════════════
→ 전종목 HOLD
✅ Discord 전송 완료

[10:44] HOLD | KODEX RSI68/+2.8%⬆️ | 보유:없음 | 최고신호 리노공업(058470) 5pt/4pt [BB하단 / MA골 / 호가6.0★ / 거래량증가]
💰 예수금 95,923원 | KODEX200 RSI68/+3.0% 상승추세⬆️  | 매수기준 점수4pt↑

코드      종목명           가격    RSI     변화율    거래량     BB   호가비  B/S
────────────────────────────────────────────────────────────────────────
[2단계 분석 대상: 058470, 042660, 042700, 079550, 329180]
403870  HPSP      48,600    0.0    +0.0%    0.0x     중간  2.65  2pt/0 [일봉]
058470  리노공업      95,500   62.2    -3.7%    0.4x     하단 15.96  5pt/0 [5분]
055550  신한지주      92,500    0.0    +0.0%    0.0x     중간  1.55  2pt/0 [일봉]
015760  한국전력      38,650    0.0    +0.0%    0.0x     중간  4.27  2pt/0 [일봉]
078930  GS        71,100    0.0    +0.0%    0.0x     중간  0.82  0pt/0 [일봉]
035720  카카오       42,050    0.0    +0.0%    0.0x     중간  0.57  0pt/0 [일봉]
030200  KT        53,000    0.0    +0.0%    0.0x     중간  1.03  0pt/0 [일봉]
003490  대한항공      26,700    0.0    +0.0%    0.0x     중간  3.40  2pt/0 [일봉]
004020  현대제철      39,250    0.0    +0.0%    0.0x     중간  0.41  0pt/0 [일봉]

══════════════════════════════════════════════════
→ 전종목 HOLD
✅ Discord 전송 완료

[10:46] HOLD | KODEX RSI68/+3.0%⬆️ | 보유:없음 | 최고신호 리노공업(058470) 5pt/4pt [BB하단 / MA골 / 호가16.0★ / 거래량증가]
💰 예수금 95,923원 | KODEX200 RSI68/+2.9% 상승추세⬆️  | 매수기준 점수4pt↑

코드      종목명           가격    RSI     변화율    거래량     BB   호가비  B/S
────────────────────────────────────────────────────────────────────────
[2단계 분석 대상: 042660, 015760, 058470, 329180, 042700]
403870  HPSP      48,650    0.0    +0.0%    0.0x     중간  1.92  2pt/0 [일봉]
058470  리노공업      95,500   62.2    -3.8%    0.4x     하단 10.21  5pt/0 [5분]
055550  신한지주      92,400    0.0    +0.0%    0.0x     중간  1.46  1pt/0 [일봉]
015760  한국전력      38,650   70.8    -1.1%    0.3x     중간 13.85  4pt/0 [5분]
078930  GS        71,000    0.0    +0.0%    0.0x     중간  1.43  1pt/0 [일봉]
035720  카카오       42,150    0.0    +0.0%    0.0x     중간  0.64  0pt/0 [일봉]
030200  KT        53,000    0.0    +0.0%    0.0x     중간  1.06  0pt/0 [일봉]
003490  대한항공      26,700    0.0    +0.0%    0.0x     중간  3.79  2pt/0 [일봉]
004020  현대제철      39,200    0.0    +0.0%    0.0x     중간  0.47  0pt/0 [일봉]

══════════════════════════════════════════════════
→ 전종목 HOLD
✅ Discord 전송 완료

[10:48] HOLD | KODEX RSI68/+2.9%⬆️ | 보유:없음 | 최고신호 리노공업(058470) 5pt/4pt [BB하단 / MA골 / 호가10.2★ / 거래량증가]
💰 예수금 95,923원 | KODEX200 RSI68/+2.6% 상승추세⬆️  | 매수기준 점수4pt↑

코드      종목명           가격    RSI     변화율    거래량     BB   호가비  B/S
────────────────────────────────────────────────────────────────────────
[2단계 분석 대상: 015760, 042660, 086520, 058470, 138040]
403870  HPSP      48,550    0.0    +0.0%    0.0x     중간  5.51  2pt/0 [일봉]
058470  리노공업      95,300   51.4    -3.8%    0.4x     하단  7.41  7pt/0 [5분]
055550  신한지주      92,200    0.0    +0.0%    0.0x     중간  2.47  2pt/0 [일봉]
015760  한국전력      38,650   71.6    -1.1%    0.3x     중간 15.04  3pt/0 [5분]
078930  GS        70,800    0.0    +0.0%    0.0x     중간  1.53  2pt/0 [일봉]
035720  카카오       42,000    0.0    +0.0%    0.0x     중간  1.13  0pt/0 [일봉]
030200  KT        53,100    0.0    +0.0%    0.0x     중간  0.82  0pt/0 [일봉]
003490  대한항공      26,650    0.0    +0.0%    0.0x     중간  3.91  2pt/0 [일봉]
004020  현대제철      39,050    0.0    +0.0%    0.0x     중간  1.07  0pt/0 [일봉]

══════════════════════════════════════════════════
→ 전종목 HOLD
✅ Discord 전송 완료

[10:50] HOLD | KODEX RSI68/+2.6%⬆️ | 보유:없음 | 최고신호 리노공업(058470) 7pt/4pt [RSI51★ / BB하단 / MA골 / 호가7.4★ / 거래량증가]
💰 예수금 95,923원 | KODEX200 RSI68/+2.7% 상승추세⬆️  | 매수기준 점수4pt↑

코드      종목명           가격    RSI     변화율    거래량     BB   호가비  B/S
────────────────────────────────────────────────────────────────────────
[2단계 분석 대상: 403870, 015760, 042660, 064350, 058470]
403870  HPSP      48,300   59.1    -5.1%    0.5x     하단 16.36  6pt/0 [5분]
058470  리노공업      95,300   51.4    -3.8%    0.4x     하단  7.31  7pt/0 [5분]
055550  신한지주      92,300    0.0    +0.0%    0.0x     중간  1.10  0pt/0 [일봉]
015760  한국전력      38,650   71.6    -1.0%    0.3x     중간 14.25  3pt/0 [5분]
078930  GS        70,900    0.0    +0.0%    0.0x     중간  1.37  1pt/0 [일봉]
035720  카카오       42,000    0.0    +0.0%    0.0x     중간  1.21  1pt/0 [일봉]
030200  KT        53,100    0.0    +0.0%    0.0x     중간  0.84  0pt/0 [일봉]
003490  대한항공      26,650    0.0    +0.0%    0.0x     중간  4.27  2pt/0 [일봉]
004020  현대제철      39,100    0.0    +0.0%    0.0x     중간  1.04  0pt/0 [일봉]

══════════════════════════════════════════════════
→ 전종목 HOLD
✅ Discord 전송 완료

[10:52] HOLD | KODEX RSI68/+2.7%⬆️ | 보유:없음 | 최고신호 리노공업(058470) 7pt/4pt [RSI51★ / BB하단 / MA골 / 호가7.3★ / 거래량증가]
💰 예수금 95,923원 | KODEX200 RSI68/+2.8% 상승추세⬆️  | 매수기준 점수4pt↑

코드      종목명           가격    RSI     변화율    거래량     BB   호가비  B/S
────────────────────────────────────────────────────────────────────────
[2단계 분석 대상: 403870, 086520, 015760, 042660, 058470]
403870  HPSP      48,200   50.0    -5.4%    0.5x     하단 19.38  7pt/0 [5분]
058470  리노공업      95,400   46.9    -3.5%    0.5x     하단 11.20  7pt/0 [5분]
055550  신한지주      92,200    0.0    +0.0%    0.0x     중간  1.22  1pt/0 [일봉]
015760  한국전력      38,750   68.7    -0.8%    0.3x     중간 13.02  3pt/0 [5분]
078930  GS        70,700    0.0    +0.0%    0.0x     중간  1.73  2pt/0 [일봉]
035720  카카오       41,900    0.0    +0.0%    0.0x     중간  1.41  1pt/0 [일봉]
030200  KT        53,400    0.0    +0.0%    0.0x     중간  0.72  0pt/0 [일봉]
003490  대한항공      26,650    0.0    +0.0%    0.0x     중간  4.17  2pt/0 [일봉]
004020  현대제철      39,050    0.0    +0.0%    0.0x     중간  1.28  1pt/0 [일봉]

══════════════════════════════════════════════════
→ 전종목 HOLD
✅ Discord 전송 완료

[10:54] HOLD | KODEX RSI68/+2.8%⬆️ | 보유:없음 | 최고신호 HPSP(403870) 7pt/4pt [RSI50★ / BB하단 / MA골 / 호가19.4★ / 거래량증가]
💰 예수금 95,923원 | KODEX200 RSI68/+3.0% 상승추세⬆️  | 매수기준 점수4pt↑

코드      종목명           가격    RSI     변화율    거래량     BB   호가비  B/S
────────────────────────────────────────────────────────────────────────
[2단계 분석 대상: 058470, 403870, 015760, 042660, 042700]
403870  HPSP      48,200   50.0    -5.5%    0.5x     하단 12.56  7pt/0 [5분]
058470  리노공업      95,600   46.9    -3.7%    0.5x     하단 13.14  7pt/0 [5분]
055550  신한지주      92,500    0.0    +0.0%    0.0x     중간  1.17  0pt/0 [일봉]
015760  한국전력      38,850   68.7    -0.6%    0.3x     중간 12.07  3pt/0 [5분]
078930  GS        71,100    0.0    +0.0%    0.0x     중간  1.73  2pt/0 [일봉]
035720  카카오       42,150    0.0    +0.0%    0.0x     중간  0.94  0pt/0 [일봉]
030200  KT        53,200    0.0    +0.0%    0.0x     중간  0.65  0pt/0 [일봉]
003490  대한항공      26,700    0.0    +0.0%    0.0x     중간  3.44  2pt/0 [일봉]
004020  현대제철      39,050    0.0    +0.0%    0.0x     중간  1.45  1pt/0 [일봉]

══════════════════════════════════════════════════
→ 전종목 HOLD
✅ Discord 전송 완료

[10:56] HOLD | KODEX RSI68/+3.0%⬆️ | 보유:없음 | 최고신호 HPSP(403870) 7pt/4pt [RSI50★ / BB하단 / MA골 / 호가12.6★ / 거래량증가]
💰 예수금 95,923원 | KODEX200 RSI68/+3.0% 상승추세⬆️  | 매수기준 점수4pt↑

코드      종목명           가격    RSI     변화율    거래량     BB   호가비  B/S
────────────────────────────────────────────────────────────────────────
[2단계 분석 대상: 015760, 403870, 058470, 064350, 079550]
403870  HPSP      48,150   50.0    -5.3%    0.6x     하단 10.42  7pt/0 [5분]
058470  리노공업      95,500   46.9    -3.6%    0.5x     하단 10.22  7pt/0 [5분]
055550  신한지주      92,600    0.0    +0.0%    0.0x     중간  1.23  1pt/0 [일봉]
015760  한국전력      39,000   68.7    -0.1%    0.3x     중간 10.87  3pt/0 [5분]
078930  GS        71,200    0.0    +0.0%    0.0x     중간  1.46  1pt/0 [일봉]
035720  카카오       42,150    0.0    +0.0%    0.0x     중간  0.63  0pt/0 [일봉]
030200  KT        53,300    0.0    +0.0%    0.0x     중간  0.60  0pt/0 [일봉]
003490  대한항공      26,750    0.0    +0.0%    0.0x     중간  2.83  2pt/0 [일봉]
004020  현대제철      39,150    0.0    +0.0%    0.0x     중간  1.15  0pt/0 [일봉]

══════════════════════════════════════════════════
→ 전종목 HOLD
✅ Discord 전송 완료

[10:58] HOLD | KODEX RSI68/+3.0%⬆️ | 보유:없음 | 최고신호 HPSP(403870) 7pt/4pt [RSI50★ / BB하단 / MA골 / 호가10.4★ / 거래량증가]
💰 예수금 95,923원 | KODEX200 RSI68/+3.0% 상승추세⬆️  | 매수기준 점수4pt↑

코드      종목명           가격    RSI     변화율    거래량     BB   호가비  B/S
────────────────────────────────────────────────────────────────────────
[2단계 분석 대상: 015760, 058470, 403870, 000660, 042660]
403870  HPSP      48,150   58.1    -5.5%    0.6x     하단 13.25  7pt/0 [5분]
058470  리노공업      95,600   51.5    -3.5%    0.5x     하단 13.47  5pt/0 [5분]
055550  신한지주      92,600    0.0    +0.0%    0.0x     중간  1.34  1pt/0 [일봉]
015760  한국전력      39,000   65.0    -0.3%    0.3x     중간 15.37  3pt/0 [5분]
078930  GS        71,600    0.0    +0.0%    0.0x     중간  1.33  1pt/0 [일봉]
035720  카카오       42,350    0.0    +0.0%    0.0x     중간  0.42  0pt/0 [일봉]
030200  KT        53,300    0.0    +0.0%    0.0x     중간  0.65  0pt/0 [일봉]
003490  대한항공      26,750    0.0    +0.0%    0.0x     중간  2.86  2pt/0 [일봉]
004020  현대제철      39,050    0.0    +0.0%    0.0x     중간  1.26  1pt/0 [일봉]

══════════════════════════════════════════════════
→ 전종목 HOLD
✅ Discord 전송 완료

[11:00] HOLD | KODEX RSI68/+3.0%⬆️ | 보유:없음 | 최고신호 HPSP(403870) 7pt/4pt [RSI58★ / BB하단 / MA골 / 호가13.2★ / 거래량증가]
💰 예수금 95,923원 | KODEX200 RSI69/+3.1% 상승추세⬆️  | 매수기준 점수4pt↑

코드      종목명           가격    RSI     변화율    거래량     BB   호가비  B/S
────────────────────────────────────────────────────────────────────────
[2단계 분석 대상: 015760, 058470, 403870, 042660, 064350]
403870  HPSP      48,150   58.1    -5.5%    0.6x     하단 11.60  7pt/0 [5분]
058470  리노공업      95,700   51.5    -3.5%    0.5x     하단 12.10  5pt/0 [5분]
055550  신한지주      92,700    0.0    +0.0%    0.0x     중간  1.54  2pt/0 [일봉]
015760  한국전력      39,000   65.0    -0.4%    0.3x     중간 12.73  3pt/0 [5분]
078930  GS        71,300    0.0    +0.0%    0.0x     중간  2.14  2pt/0 [일봉]
035720  카카오       42,250    0.0    +0.0%    0.0x     중간  0.52  0pt/0 [일봉]
030200  KT        53,400    0.0    +0.0%    0.0x     중간  0.64  0pt/0 [일봉]
003490  대한항공      26,750    0.0    +0.0%    0.0x     중간  2.96  2pt/0 [일봉]
004020  현대제철      39,100    0.0    +0.0%    0.0x     중간  1.25  1pt/0 [일봉]

══════════════════════════════════════════════════
→ 전종목 HOLD
✅ Discord 전송 완료

[11:02] HOLD | KODEX RSI69/+3.1%⬆️ | 보유:없음 | 최고신호 HPSP(403870) 7pt/4pt [RSI58★ / BB하단 / MA골 / 호가11.6★ / 거래량증가]
💰 예수금 95,923원 | KODEX200 RSI68/+2.9% 상승추세⬆️  | 매수기준 점수4pt↑

코드      종목명           가격    RSI     변화율    거래량     BB   호가비  B/S
────────────────────────────────────────────────────────────────────────
[2단계 분석 대상: 015760, 042660, 058470, 011070, 042700]
403870  HPSP      47,800    0.0    +0.0%    0.0x     중간  5.14  2pt/0 [일봉]
058470  리노공업      95,500   60.0    -3.7%    0.5x     하단 10.00  6pt/0 [5분]
055550  신한지주      92,500    0.0    +0.0%    0.0x     중간  1.42  1pt/0 [일봉]
015760  한국전력      39,000   62.5    -0.1%    0.3x     중간 14.90  3pt/0 [5분]
078930  GS        71,200    0.0    +0.0%    0.0x     중간  3.68  2pt/0 [일봉]
035720  카카오       42,100    0.0    +0.0%    0.0x     중간  0.84  0pt/0 [일봉]
030200  KT        53,400    0.0    +0.0%    0.0x     중간  0.64  0pt/0 [일봉]
003490  대한항공      26,700    0.0    +0.0%    0.0x     중간  3.53  2pt/0 [일봉]
004020  현대제철      39,100    0.0    +0.0%    0.0x     중간  1.61  2pt/0 [일봉]

══════════════════════════════════════════════════
→ 전종목 HOLD
✅ Discord 전송 완료

[11:04] HOLD | KODEX RSI68/+2.9%⬆️ | 보유:없음 | 최고신호 리노공업(058470) 6pt/4pt [RSI60★ / BB하단 / MA골 / 호가10.0★]
💰 예수금 95,923원 | KODEX200 RSI68/+2.8% 상승추세⬆️  | 매수기준 점수4pt↑

코드      종목명           가격    RSI     변화율    거래량     BB   호가비  B/S
────────────────────────────────────────────────────────────────────────
[2단계 분석 대상: 086520, 000660, 042660, 138040, 058470]
403870  HPSP      47,700    0.0    +0.0%    0.0x     중간  6.31  2pt/0 [일봉]
058470  리노공업      95,400   60.0    -3.7%    0.5x     하단  6.42  6pt/0 [5분]
055550  신한지주      92,700    0.0    +0.0%    0.0x     중간  0.78  0pt/0 [일봉]
015760  한국전력      39,000    0.0    +0.0%    0.0x     중간  1.47  1pt/0 [일봉]
078930  GS        71,200    0.0    +0.0%    0.0x     중간  1.45  1pt/0 [일봉]
035720  카카오       42,050    0.0    +0.0%    0.0x     중간  1.31  1pt/0 [일봉]
030200  KT        53,500    0.0    +0.0%    0.0x     중간  1.04  0pt/0 [일봉]
003490  대한항공      26,700    0.0    +0.0%    0.0x     중간  3.60  2pt/0 [일봉]
004020  현대제철      39,000    0.0    +0.0%    0.0x     중간  1.34  1pt/0 [일봉]

══════════════════════════════════════════════════
→ 전종목 HOLD
✅ Discord 전송 완료

[11:06] HOLD | KODEX RSI68/+2.8%⬆️ | 보유:없음 | 최고신호 리노공업(058470) 6pt/4pt [RSI60★ / BB하단 / MA골 / 호가6.4★]
💰 예수금 95,923원 | KODEX200 RSI68/+2.7% 상승추세⬆️  | 매수기준 점수4pt↑

코드      종목명           가격    RSI     변화율    거래량     BB   호가비  B/S
────────────────────────────────────────────────────────────────────────
[2단계 분석 대상: 086520, 042660, 000660, 403870, 058470]
403870  HPSP      47,700   67.9    -6.5%    0.6x     하단  6.71  4pt/0 [5분]
058470  리노공업      95,400   60.0    -3.7%    0.5x     하단  5.80  6pt/0 [5분]
055550  신한지주      92,600    0.0    +0.0%    0.0x     중간  0.71  0pt/0 [일봉]
015760  한국전력      38,950    0.0    +0.0%    0.0x     중간  1.70  2pt/0 [일봉]
078930  GS        70,900    0.0    +0.0%    0.0x     중간  1.23  1pt/0 [일봉]
035720  카카오       42,500    0.0    +0.0%    0.0x     중간  0.39  0pt/0 [일봉]
030200  KT        53,500    0.0    +0.0%    0.0x     중간  1.01  0pt/0 [일봉]
003490  대한항공      26,700    0.0    +0.0%    0.0x     중간  3.87  2pt/0 [일봉]
004020  현대제철      39,150    0.0    +0.0%    0.0x     중간  1.23  1pt/0 [일봉]

══════════════════════════════════════════════════
→ 전종목 HOLD
✅ Discord 전송 완료

[11:08] HOLD | KODEX RSI68/+2.7%⬆️ | 보유:없음 | 최고신호 리노공업(058470) 6pt/4pt [RSI60★ / BB하단 / MA골 / 호가5.8★]
💰 예수금 95,923원 | KODEX200 RSI68/+2.7% 상승추세⬆️  | 매수기준 점수4pt↑

코드      종목명           가격    RSI     변화율    거래량     BB   호가비  B/S
────────────────────────────────────────────────────────────────────────
[2단계 분석 대상: 058470, 086520, 042660, 403870, 079550]
403870  HPSP      47,850   62.5    -6.1%    0.6x     하단  6.37  4pt/0 [5분]
058470  리노공업      95,500   55.6    -3.7%    0.5x     하단 15.05  6pt/0 [5분]
055550  신한지주      92,700    0.0    +0.0%    0.0x     중간  0.94  0pt/0 [일봉]
015760  한국전력      39,000    0.0    +0.0%    0.0x     중간  1.73  2pt/0 [일봉]
078930  GS        70,900    0.0    +0.0%    0.0x     중간  1.24  1pt/0 [일봉]
035720  카카오       42,500    0.0    +0.0%    0.0x     중간  0.49  0pt/0 [일봉]
030200  KT        53,500    0.0    +0.0%    0.0x     중간  0.99  0pt/0 [일봉]
003490  대한항공      26,700    0.0    +0.0%    0.0x     중간  3.59  2pt/0 [일봉]
004020  현대제철      39,150    0.0    +0.0%    0.0x     중간  1.28  1pt/0 [일봉]

══════════════════════════════════════════════════
→ 전종목 HOLD
✅ Discord 전송 완료

[11:10] HOLD | KODEX RSI68/+2.7%⬆️ | 보유:없음 | 최고신호 리노공업(058470) 6pt/4pt [RSI56★ / BB하단 / MA골 / 호가15.1★]
💰 예수금 95,923원 | KODEX200 RSI68/+2.6% 상승추세⬆️  | 매수기준 점수4pt↑

코드      종목명           가격    RSI     변화율    거래량     BB   호가비  B/S
────────────────────────────────────────────────────────────────────────
[2단계 분석 대상: 042660, 086520, 058470, 079550, 042700]
403870  HPSP      47,750    0.0    +0.0%    0.0x     중간  5.61  2pt/0 [일봉]
058470  리노공업      95,300   55.6    -3.8%    0.5x     하단  9.99  6pt/0 [5분]
055550  신한지주      92,600    0.0    +0.0%    0.0x     중간  0.81  0pt/0 [일봉]
015760  한국전력      39,050    0.0    +0.0%    0.0x     중간  0.73  0pt/0 [일봉]
078930  GS        70,900    0.0    +0.0%    0.0x     중간  1.27  1pt/0 [일봉]
035720  카카오       42,500    0.0    +0.0%    0.0x     중간  0.46  0pt/0 [일봉]
030200  KT        53,500    0.0    +0.0%    0.0x     중간  0.95  0pt/0 [일봉]
003490  대한항공      26,700    0.0    +0.0%    0.0x     중간  3.57  2pt/0 [일봉]
004020  현대제철      39,250    0.0    +0.0%    0.0x     중간  0.95  0pt/0 [일봉]

══════════════════════════════════════════════════
→ 전종목 HOLD
✅ Discord 전송 완료

[11:12] HOLD | KODEX RSI68/+2.6%⬆️ | 보유:없음 | 최고신호 리노공업(058470) 6pt/4pt [RSI56★ / BB하단 / MA골 / 호가10.0★]
💰 예수금 95,923원 | KODEX200 RSI68/+2.6% 상승추세⬆️  | 매수기준 점수4pt↑

코드      종목명           가격    RSI     변화율    거래량     BB   호가비  B/S
────────────────────────────────────────────────────────────────────────
[2단계 분석 대상: 058470, 066970, 042660, 086520, 042700]
403870  HPSP      47,550    0.0    +0.0%    0.0x     중간  5.44  2pt/0 [일봉]
058470  리노공업      95,300   52.0    -3.8%    0.5x     하단 14.90  7pt/0 [5분]
055550  신한지주      92,700    0.0    +0.0%    0.0x     중간  1.02  0pt/0 [일봉]
015760  한국전력      39,100    0.0    +0.0%    0.0x     중간  0.84  0pt/0 [일봉]
078930  GS        70,900    0.0    +0.0%    0.0x     중간  1.29  1pt/0 [일봉]
035720  카카오       42,550    0.0    +0.0%    0.0x     중간  0.35  0pt/0 [일봉]
030200  KT        53,500    0.0    +0.0%    0.0x     중간  0.93  0pt/0 [일봉]
003490  대한항공      26,650    0.0    +0.0%    0.0x     중간  4.07  2pt/0 [일봉]
004020  현대제철      39,450    0.0    +0.0%    0.0x     중간  1.13  0pt/0 [일봉]

══════════════════════════════════════════════════
→ 전종목 HOLD
✅ Discord 전송 완료

[11:14] HOLD | KODEX RSI68/+2.6%⬆️ | 보유:없음 | 최고신호 리노공업(058470) 7pt/4pt [RSI52★ / BB하단 / MA골 / 호가14.9★ / 거래량증가]
💰 예수금 95,923원 | KODEX200 RSI68/+2.6% 상승추세⬆️  | 매수기준 점수4pt↑

코드      종목명           가격    RSI     변화율    거래량     BB   호가비  B/S
────────────────────────────────────────────────────────────────────────
[2단계 분석 대상: 058470, 086520, 042660, 064350, 042700]
403870  HPSP      47,600    0.0    +0.0%    0.0x     중간  4.16  2pt/0 [일봉]
058470  리노공업      95,300   52.0    -3.8%    0.5x     하단  9.96  7pt/0 [5분]
055550  신한지주      92,900    0.0    +0.0%    0.0x     중간  0.73  0pt/0 [일봉]
015760  한국전력      39,250    0.0    +0.0%    0.0x     중간  0.98  0pt/0 [일봉]
078930  GS        71,200    0.0    +0.0%    0.0x     중간  1.93  2pt/0 [일봉]
035720  카카오       42,600    0.0    +0.0%    0.0x     중간  0.45  0pt/0 [일봉]
030200  KT        53,500    0.0    +0.0%    0.0x     중간  0.96  0pt/0 [일봉]
003490  대한항공      26,650    0.0    +0.0%    0.0x     중간  3.69  2pt/0 [일봉]
004020  현대제철      39,300    0.0    +0.0%    0.0x     중간  1.50  2pt/0 [일봉]

══════════════════════════════════════════════════
→ 전종목 HOLD
✅ Discord 전송 완료

[11:16] HOLD | KODEX RSI68/+2.6%⬆️ | 보유:없음 | 최고신호 리노공업(058470) 7pt/4pt [RSI52★ / BB하단 / MA골 / 호가10.0★ / 거래량증가]
💰 예수금 95,923원 | KODEX200 RSI68/+2.7% 상승추세⬆️  | 매수기준 점수4pt↑

코드      종목명           가격    RSI     변화율    거래량     BB   호가비  B/S
────────────────────────────────────────────────────────────────────────
[2단계 분석 대상: 086520, 042660, 058470, 066970, 042700]
403870  HPSP      47,650    0.0    +0.0%    0.0x     중간  4.62  2pt/0 [일봉]
058470  리노공업      95,300   52.0    -3.8%    0.5x     하단  8.08  7pt/0 [5분]
055550  신한지주      93,000    0.0    +0.0%    0.0x     중간  0.61  0pt/0 [일봉]
015760  한국전력      39,300    0.0    +0.0%    0.0x     중간  1.06  0pt/0 [일봉]
078930  GS        71,500    0.0    +0.0%    0.0x     중간  2.13  2pt/0 [일봉]
035720  카카오       42,650    0.0    +0.0%    0.0x     중간  0.49  0pt/0 [일봉]
030200  KT        53,600    0.0    +0.0%    0.0x     중간  0.88  0pt/0 [일봉]
003490  대한항공      26,700    0.0    +0.0%    0.0x     중간  3.43  2pt/0 [일봉]
004020  현대제철      39,250    0.0    +0.0%    0.0x     중간  2.05  2pt/0 [일봉]

══════════════════════════════════════════════════
→ 전종목 HOLD
✅ Discord 전송 완료

[11:18] HOLD | KODEX RSI68/+2.7%⬆️ | 보유:없음 | 최고신호 리노공업(058470) 7pt/4pt [RSI52★ / BB하단 / MA골 / 호가8.1★ / 거래량증가]
💰 예수금 95,923원 | KODEX200 RSI68/+2.9% 상승추세⬆️  | 매수기준 점수4pt↑

코드      종목명           가격    RSI     변화율    거래량     BB   호가비  B/S
────────────────────────────────────────────────────────────────────────
[2단계 분석 대상: 042660, 086520, 066970, 058470, 079550]
403870  HPSP      47,600    0.0    +0.0%    0.0x     중간  4.19  2pt/0 [일봉]
058470  리노공업      95,300   57.1    -3.8%    0.5x     하단  7.74  7pt/0 [5분]
055550  신한지주      93,000    0.0    +0.0%    0.0x     중간  0.88  0pt/0 [일봉]
015760  한국전력      39,300    0.0    +0.0%    0.0x     중간  0.94  0pt/0 [일봉]
078930  GS        71,300    0.0    +0.0%    0.0x     중간  1.16  0pt/0 [일봉]
035720  카카오       42,750    0.0    +0.0%    0.0x     중간  0.39  0pt/0 [일봉]
030200  KT        53,600    0.0    +0.0%    0.0x     중간  1.02  0pt/0 [일봉]
003490  대한항공      26,650    0.0    +0.0%    0.0x     중간  3.86  2pt/0 [일봉]
004020  현대제철      39,250    0.0    +0.0%    0.0x     중간  1.44  1pt/0 [일봉]

══════════════════════════════════════════════════
→ 전종목 HOLD
✅ Discord 전송 완료

[11:20] HOLD | KODEX RSI68/+2.9%⬆️ | 보유:없음 | 최고신호 리노공업(058470) 7pt/4pt [RSI57★ / BB하단 / MA골 / 호가7.7★ / 거래량증가]
💰 예수금 95,923원 | KODEX200 RSI68/+2.8% 상승추세⬆️  | 매수기준 점수4pt↑

코드      종목명           가격    RSI     변화율    거래량     BB   호가비  B/S
────────────────────────────────────────────────────────────────────────
[2단계 분석 대상: 058470, 066970, 086520, 042660, 079550]
403870  HPSP      47,750    0.0    +0.0%    0.0x     중간  5.40  2pt/0 [일봉]
058470  리노공업      95,200   57.1    -3.9%    0.5x     하단  7.85  7pt/0 [5분]
055550  신한지주      92,800    0.0    +0.0%    0.0x     중간  0.70  0pt/0 [일봉]
015760  한국전력      39,200    0.0    +0.0%    0.0x     중간  0.93  0pt/0 [일봉]
078930  GS        71,200    0.0    +0.0%    0.0x     중간  1.02  0pt/0 [일봉]
035720  카카오       42,600    0.0    +0.0%    0.0x     중간  0.62  0pt/0 [일봉]
030200  KT        53,600    0.0    +0.0%    0.0x     중간  0.98  0pt/0 [일봉]
003490  대한항공      26,650    0.0    +0.0%    0.0x     중간  3.88  2pt/0 [일봉]
004020  현대제철      39,200    0.0    +0.0%    0.0x     중간  1.46  1pt/0 [일봉]

══════════════════════════════════════════════════
→ 전종목 HOLD
✅ Discord 전송 완료

[11:22] HOLD | KODEX RSI68/+2.8%⬆️ | 보유:없음 | 최고신호 리노공업(058470) 7pt/4pt [RSI57★ / BB하단 / MA골 / 호가7.8★ / 거래량증가]
💰 예수금 95,923원 | KODEX200 RSI68/+2.7% 상승추세⬆️  | 매수기준 점수4pt↑

코드      종목명           가격    RSI     변화율    거래량     BB   호가비  B/S
────────────────────────────────────────────────────────────────────────
[2단계 분석 대상: 058470, 079550, 403870, 042660, 034020]
403870  HPSP      47,750   78.9    -6.2%    0.6x     하단  6.85  4pt/0 [5분]
058470  리노공업      95,200   57.1    -3.7%    0.5x     하단  8.76  6pt/0 [5분]
055550  신한지주      92,800    0.0    +0.0%    0.0x     중간  0.78  0pt/0 [일봉]
015760  한국전력      39,200    0.0    +0.0%    0.0x     중간  0.96  0pt/0 [일봉]
078930  GS        71,200    0.0    +0.0%    0.0x     중간  1.68  2pt/0 [일봉]
035720  카카오       42,650    0.0    +0.0%    0.0x     중간  0.98  0pt/0 [일봉]
030200  KT        53,800    0.0    +0.0%    0.0x     중간  1.71  2pt/0 [일봉]
003490  대한항공      26,650    0.0    +0.0%    0.0x     중간  3.65  2pt/0 [일봉]
004020  현대제철      39,200    0.0    +0.0%    0.0x     중간  1.55  2pt/0 [일봉]

══════════════════════════════════════════════════
→ 전종목 HOLD
✅ Discord 전송 완료

[11:24] HOLD | KODEX RSI68/+2.7%⬆️ | 보유:없음 | 최고신호 리노공업(058470) 6pt/4pt [RSI57★ / BB하단 / MA골 / 호가8.8★]
💰 예수금 95,923원 | KODEX200 RSI68/+2.6% 상승추세⬆️  | 매수기준 점수4pt↑

코드      종목명           가격    RSI     변화율    거래량     BB   호가비  B/S
────────────────────────────────────────────────────────────────────────
[2단계 분석 대상: 058470, 042660, 079550, 034020, 066970]
403870  HPSP      47,900    0.0    +0.0%    0.0x     중간  5.62  2pt/0 [일봉]
058470  리노공업      95,400   57.1    -3.8%    0.5x     하단 12.72  6pt/0 [5분]
055550  신한지주      92,900    0.0    +0.0%    0.0x     중간  0.52  0pt/0 [일봉]
015760  한국전력      39,150    0.0    +0.0%    0.0x     중간  0.83  0pt/0 [일봉]
078930  GS        71,200    0.0    +0.0%    0.0x     중간  1.63  2pt/0 [일봉]
035720  카카오       42,750    0.0    +0.0%    0.0x     중간  1.10  0pt/0 [일봉]
030200  KT        53,700    0.0    +0.0%    0.0x     중간  1.73  2pt/0 [일봉]
003490  대한항공      26,600    0.0    +0.0%    0.0x     중간  4.06  2pt/0 [일봉]
004020  현대제철      39,200    0.0    +0.0%    0.0x     중간  1.65  2pt/0 [일봉]

══════════════════════════════════════════════════
→ 전종목 HOLD
✅ Discord 전송 완료

[11:26] HOLD | KODEX RSI68/+2.6%⬆️ | 보유:없음 | 최고신호 리노공업(058470) 6pt/4pt [RSI57★ / BB하단 / MA골 / 호가12.7★]
💰 예수금 95,923원 | KODEX200 RSI68/+2.3% 상승추세⬆️  | 매수기준 점수4pt↑

코드      종목명           가격    RSI     변화율    거래량     BB   호가비  B/S
────────────────────────────────────────────────────────────────────────
[2단계 분석 대상: 042660, 086520, 058470, 403870, 009150]
403870  HPSP      47,800   78.9    -5.9%    0.7x     하단  6.59  4pt/0 [5분]
058470  리노공업      95,300   57.1    -3.6%    0.5x     하단  8.32  6pt/0 [5분]
055550  신한지주      93,100    0.0    +0.0%    0.0x     중간  0.67  0pt/0 [일봉]
015760  한국전력      39,200    0.0    +0.0%    0.0x     중간  0.80  0pt/0 [일봉]
078930  GS        71,400    0.0    +0.0%    0.0x     중간  1.65  2pt/0 [일봉]
035720  카카오       42,550    0.0    +0.0%    0.0x     중간  0.81  0pt/0 [일봉]
030200  KT        53,800    0.0    +0.0%    0.0x     중간  1.50  2pt/0 [일봉]
003490  대한항공      26,650    0.0    +0.0%    0.0x     중간  3.29  2pt/0 [일봉]
004020  현대제철      39,150    0.0    +0.0%    0.0x     중간  1.38  1pt/0 [일봉]

══════════════════════════════════════════════════
→ 전종목 HOLD
✅ Discord 전송 완료

[11:29] HOLD | KODEX RSI68/+2.3%⬆️ | 보유:없음 | 최고신호 리노공업(058470) 6pt/4pt [RSI57★ / BB하단 / MA골 / 호가8.3★]
💰 예수금 95,923원 | KODEX200 RSI68/+2.4% 상승추세⬆️  | 매수기준 점수4pt↑

코드      종목명           가격    RSI     변화율    거래량     BB   호가비  B/S
────────────────────────────────────────────────────────────────────────
[2단계 분석 대상: 042660, 058470, 042700, 066970, 403870]
403870  HPSP      47,950   60.0    -5.6%    0.7x     하단  3.69  7pt/0 [5분]
058470  리노공업      95,600   48.4    -3.6%    0.5x     하단  6.81  6pt/0 [5분]
055550  신한지주      93,200    0.0    +0.0%    0.0x     중간  0.73  0pt/0 [일봉]
015760  한국전력      39,300    0.0    +0.0%    0.0x     중간  1.29  1pt/0 [일봉]
078930  GS        71,300    0.0    +0.0%    0.0x     중간  1.48  1pt/0 [일봉]
035720  카카오       42,450    0.0    +0.0%    0.0x     중간  1.42  1pt/0 [일봉]
030200  KT        53,800    0.0    +0.0%    0.0x     중간  1.56  2pt/0 [일봉]
003490  대한항공      26,650    0.0    +0.0%    0.0x     중간  3.23  2pt/0 [일봉]
004020  현대제철      39,150    0.0    +0.0%    0.0x     중간  1.66  2pt/0 [일봉]

══════════════════════════════════════════════════
→ 전종목 HOLD
✅ Discord 전송 완료

[11:30] HOLD | KODEX RSI68/+2.4%⬆️ | 보유:없음 | 최고신호 HPSP(403870) 7pt/4pt [RSI60★ / BB하단 / MA골 / 호가3.7★ / 거래량증가]
💰 예수금 95,923원 | KODEX200 RSI68/+2.5% 상승추세⬆️  | 매수기준 점수4pt↑

코드      종목명           가격    RSI     변화율    거래량     BB   호가비  B/S
────────────────────────────────────────────────────────────────────────
[2단계 분석 대상: 058470, 042700, 064350, 079550, 066970]
403870  HPSP      48,050    0.0    +0.0%    0.0x     중간  1.10  0pt/0 [일봉]
058470  리노공업      95,700   48.4    -3.3%    0.5x     하단  9.87  6pt/0 [5분]
055550  신한지주      93,100    0.0    +0.0%    0.0x     중간  0.69  0pt/0 [일봉]
015760  한국전력      39,500    0.0    +0.0%    0.0x     중간  0.99  0pt/0 [일봉]
078930  GS        71,500    0.0    +0.0%    0.0x     중간  1.45  1pt/0 [일봉]
035720  카카오       42,350    0.0    +0.0%    0.0x     중간  1.54  2pt/0 [일봉]
030200  KT        53,900    0.0    +0.0%    0.0x     중간  1.38  1pt/0 [일봉]
003490  대한항공      26,650    0.0    +0.0%    0.0x     중간  3.23  2pt/0 [일봉]
004020  현대제철      39,300    0.0    +0.0%    0.0x     중간  1.30  1pt/0 [일봉]

══════════════════════════════════════════════════
→ 전종목 HOLD
✅ Discord 전송 완료

[11:32] HOLD | KODEX RSI68/+2.5%⬆️ | 보유:없음 | 최고신호 리노공업(058470) 6pt/4pt [RSI48★ / BB하단 / MA골 / 호가9.9★]
💰 예수금 95,923원 | KODEX200 RSI68/+2.8% 상승추세⬆️  | 매수기준 점수4pt↑

코드      종목명           가격    RSI     변화율    거래량     BB   호가비  B/S
────────────────────────────────────────────────────────────────────────
[2단계 분석 대상: 058470, 066970, 042700, 079550, 064350]
403870  HPSP      48,300    0.0    +0.0%    0.0x     중간  0.90  0pt/0 [일봉]
058470  리노공업      95,900   48.4    -3.2%    0.5x     하단  7.68  6pt/0 [5분]
055550  신한지주      93,500    0.0    +0.0%    0.0x     중간  0.54  0pt/0 [일봉]
015760  한국전력      39,550    0.0    +0.0%    0.0x     중간  0.39  0pt/0 [일봉]
078930  GS        71,500    0.0    +0.0%    0.0x     중간  1.17  0pt/0 [일봉]
035720  카카오       42,350    0.0    +0.0%    0.0x     중간  1.25  1pt/0 [일봉]
030200  KT        53,900    0.0    +0.0%    0.0x     중간  1.48  1pt/0 [일봉]
003490  대한항공      26,750    0.0    +0.0%    0.0x     중간  2.46  2pt/0 [일봉]
004020  현대제철      39,400    0.0    +0.0%    0.0x     중간  0.37  0pt/0 [일봉]

══════════════════════════════════════════════════
→ 전종목 HOLD
✅ Discord 전송 완료

[11:34] HOLD | KODEX RSI68/+2.8%⬆️ | 보유:없음 | 최고신호 리노공업(058470) 6pt/4pt [RSI48★ / BB하단 / MA골 / 호가7.7★]
💰 예수금 95,923원 | KODEX200 RSI68/+2.8% 상승추세⬆️  | 매수기준 점수4pt↑

코드      종목명           가격    RSI     변화율    거래량     BB   호가비  B/S
────────────────────────────────────────────────────────────────────────
[2단계 분석 대상: 058470, 042660, 042700, 079550, 329180]
403870  HPSP      48,250    0.0    +0.0%    0.0x     중간  0.50  0pt/0 [일봉]
058470  리노공업      95,900   48.4    -3.2%    0.5x     하단  9.50  6pt/0 [5분]
055550  신한지주      93,300    0.0    +0.0%    0.0x     중간  0.48  0pt/0 [일봉]
015760  한국전력      39,500    0.0    +0.0%    0.0x     중간  0.59  0pt/0 [일봉]
078930  GS        71,400    0.0    +0.0%    0.0x     중간  1.41  1pt/0 [일봉]
035720  카카오       42,400    0.0    +0.0%    0.0x     중간  1.04  0pt/0 [일봉]
030200  KT        53,900    0.0    +0.0%    0.0x     중간  1.44  1pt/0 [일봉]
003490  대한항공      26,750    0.0    +0.0%    0.0x     중간  2.41  2pt/0 [일봉]
004020  현대제철      39,350    0.0    +0.0%    0.0x     중간  0.55  0pt/0 [일봉]

══════════════════════════════════════════════════
→ 전종목 HOLD
✅ Discord 전송 완료

[11:36] HOLD | KODEX RSI68/+2.8%⬆️ | 보유:없음 | 최고신호 리노공업(058470) 6pt/4pt [RSI48★ / BB하단 / MA골 / 호가9.5★]
💰 예수금 95,923원 | KODEX200 RSI68/+2.7% 상승추세⬆️  | 매수기준 점수4pt↑

코드      종목명           가격    RSI     변화율    거래량     BB   호가비  B/S
────────────────────────────────────────────────────────────────────────
[2단계 분석 대상: 058470, 042660, 042700, 329180, 079550]
403870  HPSP      48,100    0.0    +0.0%    0.0x     중간  1.98  2pt/0 [일봉]
058470  리노공업      95,900   48.4    -3.3%    0.5x     하단  9.89  6pt/0 [5분]
055550  신한지주      93,300    0.0    +0.0%    0.0x     중간  0.53  0pt/0 [일봉]
015760  한국전력      39,500    0.0    +0.0%    0.0x     중간  0.63  0pt/0 [일봉]
078930  GS        71,300    0.0    +0.0%    0.0x     중간  1.22  1pt/0 [일봉]
035720  카카오       42,450    0.0    +0.0%    0.0x     중간  0.82  0pt/0 [일봉]
030200  KT        54,000    0.0    +0.0%    0.0x     중간  1.09  0pt/0 [일봉]
003490  대한항공      26,750    0.0    +0.0%    0.0x     중간  2.36  2pt/0 [일봉]
004020  현대제철      39,400    0.0    +0.0%    0.0x     중간  0.60  0pt/0 [일봉]

══════════════════════════════════════════════════
→ 전종목 HOLD
✅ Discord 전송 완료

[11:38] HOLD | KODEX RSI68/+2.7%⬆️ | 보유:없음 | 최고신호 리노공업(058470) 6pt/4pt [RSI48★ / BB하단 / MA골 / 호가9.9★]
💰 예수금 95,923원 | KODEX200 RSI68/+2.8% 상승추세⬆️  | 매수기준 점수4pt↑

코드      종목명           가격    RSI     변화율    거래량     BB   호가비  B/S
────────────────────────────────────────────────────────────────────────
[2단계 분석 대상: 058470, 042660, 042700, 000660, 079550]
403870  HPSP      48,150    0.0    +0.0%    0.0x     중간  1.60  2pt/0 [일봉]
058470  리노공업      95,900   56.7    -3.2%    0.5x     하단  8.24  6pt/0 [5분]
055550  신한지주      93,500    0.0    +0.0%    0.0x     중간  0.59  0pt/0 [일봉]
015760  한국전력      39,550    0.0    +0.0%    0.0x     중간  0.37  0pt/0 [일봉]
078930  GS        71,400    0.0    +0.0%    0.0x     중간  1.53  2pt/0 [일봉]
035720  카카오       42,350    0.0    +0.0%    0.0x     중간  1.27  1pt/0 [일봉]
030200  KT        54,100    0.0    +0.0%    0.0x     중간  1.07  0pt/0 [일봉]
003490  대한항공      26,750    0.0    +0.0%    0.0x     중간  2.50  2pt/0 [일봉]
004020  현대제철      39,450    0.0    +0.0%    0.0x     중간  0.28  0pt/0 [일봉]

══════════════════════════════════════════════════
→ 전종목 HOLD
✅ Discord 전송 완료

[11:40] HOLD | KODEX RSI68/+2.8%⬆️ | 보유:없음 | 최고신호 리노공업(058470) 6pt/4pt [RSI57★ / BB하단 / MA골 / 호가8.2★]
💰 예수금 95,923원 | KODEX200 RSI68/+2.9% 상승추세⬆️  | 매수기준 점수4pt↑

코드      종목명           가격    RSI     변화율    거래량     BB   호가비  B/S
────────────────────────────────────────────────────────────────────────
[2단계 분석 대상: 000660, 042700, 079550, 058470, 329180]
403870  HPSP      48,200    0.0    +0.0%    0.0x     중간  1.56  2pt/0 [일봉]
055550  신한지주      93,500    0.0    +0.0%    0.0x     중간  0.66  0pt/0 [일봉]
015760  한국전력      39,600    0.0    +0.0%    0.0x     중간  0.38  0pt/0 [일봉]
078930  GS        71,700    0.0    +0.0%    0.0x     중간  2.34  2pt/0 [일봉]
035720  카카오       42,450    0.0    +0.0%    0.0x     중간  0.65  0pt/0 [일봉]
030200  KT        54,100    0.0    +0.0%    0.0x     중간  1.11  0pt/0 [일봉]
003490  대한항공      26,800    0.0    +0.0%    0.0x     중간  2.26  2pt/0 [일봉]
004020  현대제철      39,600    0.0    +0.0%    0.0x     중간  0.22  0pt/0 [일봉]

══════════════════════════════════════════════════
→ 전종목 HOLD
✅ Discord 전송 완료

[11:42] HOLD | KODEX RSI68/+2.9%⬆️ | 보유:없음 | 최고신호 HPSP(403870) 2pt/4pt [호가1.6★]
💰 예수금 95,923원 | KODEX200 RSI68/+2.6% 상승추세⬆️  | 매수기준 점수4pt↑

코드      종목명           가격    RSI     변화율    거래량     BB   호가비  B/S
────────────────────────────────────────────────────────────────────────
[2단계 분석 대상: 042700, 000660, 329180, 079550, 058470]
403870  HPSP      48,200    0.0    +0.0%    0.0x     중간  1.71  2pt/0 [일봉]
055550  신한지주      93,400    0.0    +0.0%    0.0x     중간  0.34  0pt/0 [일봉]
015760  한국전력      39,550    0.0    +0.0%    0.0x     중간  0.70  0pt/0 [일봉]
078930  GS        71,600    0.0    +0.0%    0.0x     중간  2.39  2pt/0 [일봉]
035720  카카오       42,250    0.0    +0.0%    0.0x     중간  1.73  2pt/0 [일봉]
030200  KT        54,000    0.0    +0.0%    0.0x     중간  1.24  1pt/0 [일봉]
003490  대한항공      26,800    0.0    +0.0%    0.0x     중간  2.28  2pt/0 [일봉]
004020  현대제철      39,500    0.0    +0.0%    0.0x     중간  0.33  0pt/0 [일봉]

══════════════════════════════════════════════════
→ 전종목 HOLD
✅ Discord 전송 완료

[11:44] HOLD | KODEX RSI68/+2.6%⬆️ | 보유:없음 | 최고신호 HPSP(403870) 2pt/4pt [호가1.7★]
💰 예수금 95,923원 | KODEX200 RSI68/+2.6% 상승추세⬆️  | 매수기준 점수4pt↑

코드      종목명           가격    RSI     변화율    거래량     BB   호가비  B/S
────────────────────────────────────────────────────────────────────────
[2단계 분석 대상: 058470, 042700, 000660, 079550, 329180]
403870  HPSP      48,300    0.0    +0.0%    0.0x     중간  1.22  1pt/0 [일봉]
055550  신한지주      93,300    0.0    +0.0%    0.0x     중간  0.42  0pt/0 [일봉]
015760  한국전력      39,650    0.0    +0.0%    0.0x     중간  0.80  0pt/0 [일봉]
078930  GS        71,500    0.0    +0.0%    0.0x     중간  1.55  2pt/0 [일봉]
035720  카카오       42,300    0.0    +0.0%    0.0x     중간  1.64  2pt/0 [일봉]
030200  KT        53,800    0.0    +0.0%    0.0x     중간  1.44  1pt/0 [일봉]
003490  대한항공      26,850    0.0    +0.0%    0.0x     중간  1.86  2pt/0 [일봉]
004020  현대제철      39,500    0.0    +0.0%    0.0x     중간  0.36  0pt/0 [일봉]

══════════════════════════════════════════════════
→ 전종목 HOLD
✅ Discord 전송 완료

[11:46] HOLD | KODEX RSI68/+2.6%⬆️ | 보유:없음 | 최고신호 GS(078930) 2pt/4pt [호가1.6★]
💰 예수금 95,923원 | KODEX200 RSI68/+2.5% 상승추세⬆️  | 매수기준 점수4pt↑

코드      종목명           가격    RSI     변화율    거래량     BB   호가비  B/S
────────────────────────────────────────────────────────────────────────
[2단계 분석 대상: 000660, 042700, 012450, 329180, 003490]
403870  HPSP      48,500    0.0    +0.0%    0.0x     중간  1.46  1pt/0 [일봉]
055550  신한지주      93,300    0.0    +0.0%    0.0x     중간  0.44  0pt/0 [일봉]
015760  한국전력      39,700    0.0    +0.0%    0.0x     중간  0.24  0pt/0 [일봉]
078930  GS        71,500    0.0    +0.0%    0.0x     중간  1.49  1pt/0 [일봉]
035720  카카오       42,350    0.0    +0.0%    0.0x     중간  1.34  1pt/0 [일봉]
030200  KT        53,800    0.0    +0.0%    0.0x     중간  1.45  1pt/0 [일봉]
003490  대한항공      26,800   57.1    -0.9%    0.5x     하단  2.32  7pt/0 [5분]
004020  현대제철      39,500    0.0    +0.0%    0.0x     중간  0.35  0pt/0 [일봉]

══════════════════════════════════════════════════
→ 전종목 HOLD
✅ Discord 전송 완료

[11:48] HOLD | KODEX RSI68/+2.5%⬆️ | 보유:없음 | 최고신호 대한항공(003490) 7pt/4pt [RSI57★ / BB하단 / MA골 / 호가2.3★ / 거래량증가]
💰 예수금 95,923원 | KODEX200 RSI68/+2.5% 상승추세⬆️  | 매수기준 점수4pt↑

코드      종목명           가격    RSI     변화율    거래량     BB   호가비  B/S
────────────────────────────────────────────────────────────────────────
[2단계 분석 대상: 042700, 000660, 329180, 003490, 012450]
403870  HPSP      48,500    0.0    +0.0%    0.0x     중간  1.71  2pt/0 [일봉]
055550  신한지주      93,400    0.0    +0.0%    0.0x     중간  0.44  0pt/0 [일봉]
015760  한국전력      39,700    0.0    +0.0%    0.0x     중간  0.20  0pt/0 [일봉]
078930  GS        71,700    0.0    +0.0%    0.0x     중간  1.22  1pt/0 [일봉]
035720  카카오       42,200    0.0    +0.0%    0.0x     중간  1.64  2pt/0 [일봉]
030200  KT        53,800    0.0    +0.0%    0.0x     중간  1.70  2pt/0 [일봉]
003490  대한항공      26,850   55.0    -0.7%    0.5x     하단  1.94  7pt/0 [5분]
004020  현대제철      39,550    0.0    +0.0%    0.0x     중간  0.43  0pt/0 [일봉]

══════════════════════════════════════════════════
→ 전종목 HOLD
✅ Discord 전송 완료

[11:50] HOLD | KODEX RSI68/+2.5%⬆️ | 보유:없음 | 최고신호 대한항공(003490) 7pt/4pt [RSI55★ / BB하단 / MA골 / 호가1.9★ / 거래량증가]
💰 예수금 95,923원 | KODEX200 RSI68/+2.4% 상승추세⬆️  | 매수기준 점수4pt↑

코드      종목명           가격    RSI     변화율    거래량     BB   호가비  B/S
────────────────────────────────────────────────────────────────────────
[2단계 분석 대상: 329180, 042660, 042700, 000270, 079550]
403870  HPSP      48,500    0.0    +0.0%    0.0x     중간  1.69  2pt/0 [일봉]
055550  신한지주      93,600    0.0    +0.0%    0.0x     중간  0.53  0pt/0 [일봉]
015760  한국전력      39,650    0.0    +0.0%    0.0x     중간  0.22  0pt/0 [일봉]
078930  GS        71,800    0.0    +0.0%    0.0x     중간  1.17  0pt/0 [일봉]
035720  카카오       42,050    0.0    +0.0%    0.0x     중간  1.67  2pt/0 [일봉]
030200  KT        53,900    0.0    +0.0%    0.0x     중간  1.35  1pt/0 [일봉]
003490  대한항공      26,850    0.0    +0.0%    0.0x     중간  1.94  2pt/0 [일봉]
004020  현대제철      39,450    0.0    +0.0%    0.0x     중간  0.47  0pt/0 [일봉]

══════════════════════════════════════════════════
→ 전종목 HOLD
✅ Discord 전송 완료

[11:52] HOLD | KODEX RSI68/+2.4%⬆️ | 보유:없음 | 최고신호 HPSP(403870) 2pt/4pt [호가1.7★]
💰 예수금 95,923원 | KODEX200 RSI68/+2.4% 상승추세⬆️  | 매수기준 점수4pt↑

코드      종목명           가격    RSI     변화율    거래량     BB   호가비  B/S
────────────────────────────────────────────────────────────────────────
[2단계 분석 대상: 329180, 042660, 079550, 042700, 000270]
403870  HPSP      48,450    0.0    +0.0%    0.0x     중간  1.88  2pt/0 [일봉]
055550  신한지주      93,300    0.0    +0.0%    0.0x     중간  0.44  0pt/0 [일봉]
015760  한국전력      39,600    0.0    +0.0%    0.0x     중간  0.21  0pt/0 [일봉]
078930  GS        71,700    0.0    +0.0%    0.0x     중간  1.19  0pt/0 [일봉]
035720  카카오       42,250    0.0    +0.0%    0.0x     중간  1.36  1pt/0 [일봉]
030200  KT        53,900    0.0    +0.0%    0.0x     중간  0.95  0pt/0 [일봉]
003490  대한항공      26,800    0.0    +0.0%    0.0x     중간  2.37  2pt/0 [일봉]
004020  현대제철      39,450    0.0    +0.0%    0.0x     중간  0.52  0pt/0 [일봉]

══════════════════════════════════════════════════
→ 전종목 HOLD
✅ Discord 전송 완료

[11:54] HOLD | KODEX RSI68/+2.4%⬆️ | 보유:없음 | 최고신호 HPSP(403870) 2pt/4pt [호가1.9★]
💰 예수금 95,923원 | KODEX200 RSI68/+2.5% 상승추세⬆️  | 매수기준 점수4pt↑

코드      종목명           가격    RSI     변화율    거래량     BB   호가비  B/S
────────────────────────────────────────────────────────────────────────
[2단계 분석 대상: 329180, 000270, 042700, 079550, 005380]
403870  HPSP      48,700    0.0    +0.0%    0.0x     중간  0.74  0pt/0 [일봉]
055550  신한지주      93,500    0.0    +0.0%    0.0x     중간  0.46  0pt/0 [일봉]
015760  한국전력      39,600    0.0    +0.0%    0.0x     중간  0.20  0pt/0 [일봉]
078930  GS        71,700    0.0    +0.0%    0.0x     중간  1.33  1pt/0 [일봉]
035720  카카오       42,300    0.0    +0.0%    0.0x     중간  1.15  0pt/0 [일봉]
030200  KT        53,800    0.0    +0.0%    0.0x     중간  0.87  0pt/0 [일봉]
003490  대한항공      26,850    0.0    +0.0%    0.0x     중간  1.87  2pt/0 [일봉]
004020  현대제철      39,400    0.0    +0.0%    0.0x     중간  0.54  0pt/0 [일봉]

══════════════════════════════════════════════════
→ 전종목 HOLD
✅ Discord 전송 완료

[11:56] HOLD | KODEX RSI68/+2.5%⬆️ | 보유:없음 | 최고신호 대한항공(003490) 2pt/4pt [호가1.9★]
💰 예수금 95,923원 | KODEX200 RSI68/+2.7% 상승추세⬆️  | 매수기준 점수4pt↑

코드      종목명           가격    RSI     변화율    거래량     BB   호가비  B/S
────────────────────────────────────────────────────────────────────────
[2단계 분석 대상: 329180, 000270, 042660, 079550, 005380]
403870  HPSP      48,850    0.0    +0.0%    0.0x     중간  0.56  0pt/0 [일봉]
055550  신한지주      93,500    0.0    +0.0%    0.0x     중간  0.37  0pt/0 [일봉]
015760  한국전력      39,800    0.0    +0.0%    0.0x     중간  2.12  2pt/0 [일봉]
078930  GS        71,800    0.0    +0.0%    0.0x     중간  1.55  2pt/0 [일봉]
035720  카카오       42,200    0.0    +0.0%    0.0x     중간  1.47  1pt/0 [일봉]
030200  KT        53,600    0.0    +0.0%    0.0x     중간  1.03  0pt/0 [일봉]
003490  대한항공      26,800    0.0    +0.0%    0.0x     중간  2.35  2pt/0 [일봉]
004020  현대제철      39,400    0.0    +0.0%    0.0x     중간  0.61  0pt/0 [일봉]

══════════════════════════════════════════════════
→ 전종목 HOLD
✅ Discord 전송 완료

[11:58] HOLD | KODEX RSI68/+2.7%⬆️ | 보유:없음 | 최고신호 한국전력(015760) 2pt/4pt [호가2.1★]
💰 예수금 95,923원 | KODEX200 RSI68/+2.4% 상승추세⬆️  | 매수기준 점수4pt↑

코드      종목명           가격    RSI     변화율    거래량     BB   호가비  B/S
────────────────────────────────────────────────────────────────────────
[2단계 분석 대상: 329180, 000270, 042700, 042660, 005380]
403870  HPSP      48,850    0.0    +0.0%    0.0x     중간  0.51  0pt/0 [일봉]
055550  신한지주      93,400    0.0    +0.0%    0.0x     중간  0.27  0pt/0 [일봉]
015760  한국전력      39,750    0.0    +0.0%    0.0x     중간  0.32  0pt/0 [일봉]
078930  GS        71,800    0.0    +0.0%    0.0x     중간  1.20  1pt/0 [일봉]
035720  카카오       42,200    0.0    +0.0%    0.0x     중간  1.35  1pt/0 [일봉]
030200  KT        53,800    0.0    +0.0%    0.0x     중간  0.96  0pt/0 [일봉]
003490  대한항공      26,750    0.0    +0.0%    0.0x     중간  2.80  2pt/0 [일봉]
004020  현대제철      39,450    0.0    +0.0%    0.0x     중간  0.34  0pt/0 [일봉]

══════════════════════════════════════════════════
→ 전종목 HOLD
✅ Discord 전송 완료

[12:00] HOLD | KODEX RSI68/+2.4%⬆️ | 보유:없음 | 최고신호 대한항공(003490) 2pt/4pt [호가2.8★]
💰 예수금 95,923원 | KODEX200 RSI68/+2.6% 상승추세⬆️  | 매수기준 점수4pt↑

코드      종목명           가격    RSI     변화율    거래량     BB   호가비  B/S
────────────────────────────────────────────────────────────────────────
[2단계 분석 대상: 329180, 042700, 000270, 005380, 058470]
403870  HPSP      48,750    0.0    +0.0%    0.0x     중간  0.64  0pt/0 [일봉]
055550  신한지주      93,700    0.0    +0.0%    0.0x     중간  0.16  0pt/0 [일봉]
015760  한국전력      39,700    0.0    +0.0%    0.0x     중간  0.19  0pt/0 [일봉]
078930  GS        72,000    0.0    +0.0%    0.0x     중간  1.45  1pt/0 [일봉]
035720  카카오       42,250    0.0    +0.0%    0.0x     중간  1.29  1pt/0 [일봉]
030200  KT        53,800    0.0    +0.0%    0.0x     중간  0.99  0pt/0 [일봉]
003490  대한항공      26,800    0.0    +0.0%    0.0x     중간  2.40  2pt/0 [일봉]
004020  현대제철      39,500    0.0    +0.0%    0.0x     중간  0.40  0pt/0 [일봉]

══════════════════════════════════════════════════
→ 전종목 HOLD
✅ Discord 전송 완료

[12:02] HOLD | KODEX RSI68/+2.6%⬆️ | 보유:없음 | 최고신호 대한항공(003490) 2pt/4pt [호가2.4★]
💰 예수금 95,923원 | KODEX200 RSI68/+2.9% 상승추세⬆️  | 매수기준 점수4pt↑

코드      종목명           가격    RSI     변화율    거래량     BB   호가비  B/S
────────────────────────────────────────────────────────────────────────
[2단계 분석 대상: 329180, 079550, 042660, 005380, 011070]
403870  HPSP      48,850    0.0    +0.0%    0.0x     중간  0.80  0pt/0 [일봉]
055550  신한지주      93,300    0.0    +0.0%    0.0x     중간  0.25  0pt/0 [일봉]
015760  한국전력      39,700    0.0    +0.0%    0.0x     중간  0.19  0pt/0 [일봉]
078930  GS        72,000    0.0    +0.0%    0.0x     중간  1.46  1pt/0 [일봉]
035720  카카오       42,200    0.0    +0.0%    0.0x     중간  0.93  0pt/0 [일봉]
030200  KT        53,800    0.0    +0.0%    0.0x     중간  1.22  1pt/0 [일봉]
003490  대한항공      26,800    0.0    +0.0%    0.0x     중간  2.25  2pt/0 [일봉]
004020  현대제철      39,500    0.0    +0.0%    0.0x     중간  0.49  0pt/0 [일봉]

══════════════════════════════════════════════════
→ 전종목 HOLD
✅ Discord 전송 완료

[12:04] HOLD | KODEX RSI68/+2.9%⬆️ | 보유:없음 | 최고신호 대한항공(003490) 2pt/4pt [호가2.2★]
💰 예수금 95,923원 | KODEX200 RSI68/+2.9% 상승추세⬆️  | 매수기준 점수4pt↑

코드      종목명           가격    RSI     변화율    거래량     BB   호가비  B/S
────────────────────────────────────────────────────────────────────────
[2단계 분석 대상: 329180, 079550, 000270, 005380, 003490]
403870  HPSP      48,900    0.0    +0.0%    0.0x     중간  0.93  0pt/0 [일봉]
055550  신한지주      93,200    0.0    +0.0%    0.0x     중간  0.31  0pt/0 [일봉]
015760  한국전력      39,600    0.0    +0.0%    0.0x     중간  0.18  0pt/0 [일봉]
078930  GS        72,000    0.0    +0.0%    0.0x     중간  1.55  2pt/0 [일봉]
035720  카카오       42,500    0.0    +0.0%    0.0x     중간  0.26  0pt/0 [일봉]
030200  KT        53,700    0.0    +0.0%    0.0x     중간  1.16  0pt/0 [일봉]
003490  대한항공      26,750   57.9    -1.0%    0.5x     하단  2.71  6pt/0 [5분]
004020  현대제철      39,450    0.0    +0.0%    0.0x     중간  0.60  0pt/0 [일봉]

══════════════════════════════════════════════════
→ 전종목 HOLD
✅ Discord 전송 완료

[12:06] HOLD | KODEX RSI68/+2.9%⬆️ | 보유:없음 | 최고신호 대한항공(003490) 6pt/4pt [RSI58★ / BB하단 / MA골 / 호가2.7★]
💰 예수금 95,923원 | KODEX200 RSI68/+3.0% 상승추세⬆️  | 매수기준 점수4pt↑

코드      종목명           가격    RSI     변화율    거래량     BB   호가비  B/S
────────────────────────────────────────────────────────────────────────
[2단계 분석 대상: 329180, 079550, 000660, 042660, 003490]
403870  HPSP      48,850    0.0    +0.0%    0.0x     중간  0.98  0pt/0 [일봉]
055550  신한지주      93,400    0.0    +0.0%    0.0x     중간  0.27  0pt/0 [일봉]
015760  한국전력      39,500    0.0    +0.0%    0.0x     중간  0.31  0pt/0 [일봉]
078930  GS        71,900    0.0    +0.0%    0.0x     중간  1.45  1pt/0 [일봉]
035720  카카오       42,500    0.0    +0.0%    0.0x     중간  0.37  0pt/0 [일봉]
030200  KT        53,700    0.0    +0.0%    0.0x     중간  1.22  1pt/0 [일봉]
003490  대한항공      26,750   57.9    -0.9%    0.5x     하단  2.68  6pt/0 [5분]
004020  현대제철      39,400    0.0    +0.0%    0.0x     중간  0.75  0pt/0 [일봉]

══════════════════════════════════════════════════
→ 전종목 HOLD
✅ Discord 전송 완료

[12:08] HOLD | KODEX RSI68/+3.0%⬆️ | 보유:없음 | 최고신호 대한항공(003490) 6pt/4pt [RSI58★ / BB하단 / MA골 / 호가2.7★]
💰 예수금 95,923원 | KODEX200 RSI68/+3.0% 상승추세⬆️  | 매수기준 점수4pt↑

코드      종목명           가격    RSI     변화율    거래량     BB   호가비  B/S
────────────────────────────────────────────────────────────────────────
[2단계 분석 대상: 329180, 042660, 011070, 079550, 042700]
403870  HPSP      48,700    0.0    +0.0%    0.0x     중간  1.16  0pt/0 [일봉]
055550  신한지주      93,200    0.0    +0.0%    0.0x     중간  0.21  0pt/0 [일봉]
015760  한국전력      39,400    0.0    +0.0%    0.0x     중간  0.76  0pt/0 [일봉]
078930  GS        71,900    0.0    +0.0%    0.0x     중간  1.26  1pt/0 [일봉]
035720  카카오       42,400    0.0    +0.0%    0.0x     중간  0.72  0pt/0 [일봉]
030200  KT        53,700    0.0    +0.0%    0.0x     중간  1.02  0pt/0 [일봉]
003490  대한항공      26,700    0.0    +0.0%    0.0x     중간  3.18  2pt/0 [일봉]
004020  현대제철      39,350    0.0    +0.0%    0.0x     중간  0.91  0pt/0 [일봉]

══════════════════════════════════════════════════
→ 전종목 HOLD
✅ Discord 전송 완료

[12:10] HOLD | KODEX RSI68/+3.0%⬆️ | 보유:없음 | 최고신호 대한항공(003490) 2pt/4pt [호가3.2★]
💰 예수금 95,923원 | KODEX200 RSI68/+2.9% 상승추세⬆️  | 매수기준 점수4pt↑

코드      종목명           가격    RSI     변화율    거래량     BB   호가비  B/S
────────────────────────────────────────────────────────────────────────
[2단계 분석 대상: 042660, 329180, 042700, 003490, 079550]
403870  HPSP      48,700    0.0    +0.0%    0.0x     중간  1.54  2pt/0 [일봉]
055550  신한지주      93,100    0.0    +0.0%    0.0x     중간  0.22  0pt/0 [일봉]
015760  한국전력      39,450    0.0    +0.0%    0.0x     중간  0.53  0pt/0 [일봉]
078930  GS        71,800    0.0    +0.0%    0.0x     중간  1.38  1pt/0 [일봉]
035720  카카오       42,400    0.0    +0.0%    0.0x     중간  0.48  0pt/0 [일봉]
030200  KT        53,700    0.0    +0.0%    0.0x     중간  0.98  0pt/0 [일봉]
003490  대한항공      26,700   55.0    -1.1%    0.5x     하단  3.23  7pt/0 [5분]
004020  현대제철      39,400    0.0    +0.0%    0.0x     중간  0.82  0pt/0 [일봉]

══════════════════════════════════════════════════
→ 전종목 HOLD
✅ Discord 전송 완료

[12:12] HOLD | KODEX RSI68/+2.9%⬆️ | 보유:없음 | 최고신호 대한항공(003490) 7pt/4pt [RSI55★ / BB하단 / MA골 / 호가3.2★ / 거래량증가]
💰 예수금 95,923원 | KODEX200 RSI68/+2.9% 상승추세⬆️  | 매수기준 점수4pt↑

코드      종목명           가격    RSI     변화율    거래량     BB   호가비  B/S
────────────────────────────────────────────────────────────────────────
[2단계 분석 대상: 042660, 329180, 079550, 042700, 003490]
403870  HPSP      48,700    0.0    +0.0%    0.0x     중간  1.18  0pt/0 [일봉]
055550  신한지주      93,200    0.0    +0.0%    0.0x     중간  0.29  0pt/0 [일봉]
015760  한국전력      39,450    0.0    +0.0%    0.0x     중간  0.54  0pt/0 [일봉]
078930  GS        72,000    0.0    +0.0%    0.0x     중간  1.83  2pt/0 [일봉]
035720  카카오       42,350    0.0    +0.0%    0.0x     중간  0.76  0pt/0 [일봉]
030200  KT        53,700    0.0    +0.0%    0.0x     중간  0.97  0pt/0 [일봉]
003490  대한항공      26,750   52.6    -0.9%    0.5x     하단  2.74  7pt/0 [5분]
004020  현대제철      39,450    0.0    +0.0%    0.0x     중간  0.50  0pt/0 [일봉]

══════════════════════════════════════════════════
→ 전종목 HOLD
✅ Discord 전송 완료

[12:14] HOLD | KODEX RSI68/+2.9%⬆️ | 보유:없음 | 최고신호 대한항공(003490) 7pt/4pt [RSI53★ / BB하단 / MA골 / 호가2.7★ / 거래량증가]
💰 예수금 95,923원 | KODEX200 RSI68/+3.0% 상승추세⬆️  | 매수기준 점수4pt↑

코드      종목명           가격    RSI     변화율    거래량     BB   호가비  B/S
────────────────────────────────────────────────────────────────────────
[2단계 분석 대상: 042660, 329180, 066970, 079550, 042700]
403870  HPSP      48,750    0.0    +0.0%    0.0x     중간  1.23  1pt/0 [일봉]
055550  신한지주      93,200    0.0    +0.0%    0.0x     중간  0.29  0pt/0 [일봉]
015760  한국전력      39,550    0.0    +0.0%    0.0x     중간  0.28  0pt/0 [일봉]
078930  GS        72,000    0.0    +0.0%    0.0x     중간  1.88  2pt/0 [일봉]
035720  카카오       42,350    0.0    +0.0%    0.0x     중간  0.78  0pt/0 [일봉]
030200  KT        53,700    0.0    +0.0%    0.0x     중간  0.97  0pt/0 [일봉]
003490  대한항공      26,750    0.0    +0.0%    0.0x     중간  2.77  2pt/0 [일봉]
004020  현대제철      39,550    0.0    +0.0%    0.0x     중간  0.26  0pt/0 [일봉]

══════════════════════════════════════════════════
→ 전종목 HOLD
✅ Discord 전송 완료

[12:16] HOLD | KODEX RSI68/+3.0%⬆️ | 보유:없음 | 최고신호 GS(078930) 2pt/4pt [호가1.9★]
💰 예수금 95,923원 | KODEX200 RSI68/+2.9% 상승추세⬆️  | 매수기준 점수4pt↑

코드      종목명           가격    RSI     변화율    거래량     BB   호가비  B/S
────────────────────────────────────────────────────────────────────────
[2단계 분석 대상: 042660, 329180, 079550, 066970, 042700]
403870  HPSP      48,700    0.0    +0.0%    0.0x     중간  1.41  1pt/0 [일봉]
055550  신한지주      93,100    0.0    +0.0%    0.0x     중간  0.35  0pt/0 [일봉]
015760  한국전력      39,450    0.0    +0.0%    0.0x     중간  0.53  0pt/0 [일봉]
078930  GS        72,000    0.0    +0.0%    0.0x     중간  1.09  0pt/0 [일봉]
035720  카카오       42,400    0.0    +0.0%    0.0x     중간  0.64  0pt/0 [일봉]
030200  KT        53,600    0.0    +0.0%    0.0x     중간  0.98  0pt/0 [일봉]
003490  대한항공      26,800    0.0    +0.0%    0.0x     중간  2.28  2pt/0 [일봉]
004020  현대제철      39,500    0.0    +0.0%    0.0x     중간  0.85  0pt/0 [일봉]

══════════════════════════════════════════════════
→ 전종목 HOLD
✅ Discord 전송 완료

[12:18] HOLD | KODEX RSI68/+2.9%⬆️ | 보유:없음 | 최고신호 대한항공(003490) 2pt/4pt [호가2.3★]
💰 예수금 95,923원 | KODEX200 RSI68/+2.9% 상승추세⬆️  | 매수기준 점수4pt↑

코드      종목명           가격    RSI     변화율    거래량     BB   호가비  B/S
────────────────────────────────────────────────────────────────────────
[2단계 분석 대상: 329180, 079550, 012450, 066970, 042700]
403870  HPSP      48,800    0.0    +0.0%    0.0x     중간  1.27  1pt/0 [일봉]
055550  신한지주      93,300    0.0    +0.0%    0.0x     중간  0.22  0pt/0 [일봉]
015760  한국전력      39,650    0.0    +0.0%    0.0x     중간  0.30  0pt/0 [일봉]
078930  GS        72,100    0.0    +0.0%    0.0x     중간  1.63  2pt/0 [일봉]
035720  카카오       42,500    0.0    +0.0%    0.0x     중간  0.63  0pt/0 [일봉]
030200  KT        53,600    0.0    +0.0%    0.0x     중간  1.05  0pt/0 [일봉]
003490  대한항공      26,850    0.0    +0.0%    0.0x     중간  1.97  2pt/0 [일봉]
004020  현대제철      39,700    0.0    +0.0%    0.0x     중간  0.46  0pt/0 [일봉]

══════════════════════════════════════════════════
→ 전종목 HOLD
✅ Discord 전송 완료

[12:20] HOLD | KODEX RSI68/+2.9%⬆️ | 보유:없음 | 최고신호 GS(078930) 2pt/4pt [호가1.6★]
💰 예수금 95,923원 | KODEX200 RSI68/+3.0% 상승추세⬆️  | 매수기준 점수4pt↑

코드      종목명           가격    RSI     변화율    거래량     BB   호가비  B/S
────────────────────────────────────────────────────────────────────────
[2단계 분석 대상: 329180, 079550, 042700, 012450, 058470]
403870  HPSP      48,800    0.0    +0.0%    0.0x     중간  1.33  1pt/0 [일봉]
055550  신한지주      93,400    0.0    +0.0%    0.0x     중간  0.19  0pt/0 [일봉]
015760  한국전력      39,700    0.0    +0.0%    0.0x     중간  0.21  0pt/0 [일봉]
078930  GS        72,300    0.0    +0.0%    0.0x     중간  1.25  1pt/0 [일봉]
035720  카카오       42,450    0.0    +0.0%    0.0x     중간  0.68  0pt/0 [일봉]
030200  KT        53,500    0.0    +0.0%    0.0x     중간  1.68  2pt/0 [일봉]
003490  대한항공      26,900    0.0    +0.0%    0.0x     중간  1.82  2pt/0 [일봉]
004020  현대제철      39,700    0.0    +0.0%    0.0x     중간  0.43  0pt/0 [일봉]

══════════════════════════════════════════════════
→ 전종목 HOLD
✅ Discord 전송 완료

[12:22] HOLD | KODEX RSI68/+3.0%⬆️ | 보유:없음 | 최고신호 KT(030200) 2pt/4pt [호가1.7★]
💰 예수금 95,923원 | KODEX200 RSI69/+3.1% 상승추세⬆️  | 매수기준 점수4pt↑

코드      종목명           가격    RSI     변화율    거래량     BB   호가비  B/S
────────────────────────────────────────────────────────────────────────
[2단계 분석 대상: 329180, 079550, 058470, 066970, 403870]
403870  HPSP      48,800   46.9    -4.1%    0.7x     하단  1.87  6pt/0 [5분]
055550  신한지주      93,500    0.0    +0.0%    0.0x     중간  0.15  0pt/0 [일봉]
015760  한국전력      39,650    0.0    +0.0%    0.0x     중간  0.19  0pt/0 [일봉]
078930  GS        72,200    0.0    +0.0%    0.0x     중간  1.12  0pt/0 [일봉]
035720  카카오       42,450    0.0    +0.0%    0.0x     중간  0.65  0pt/0 [일봉]
030200  KT        53,700    0.0    +0.0%    0.0x     중간  0.78  0pt/0 [일봉]
003490  대한항공      27,100    0.0    +0.0%    0.0x     중간  0.45  0pt/0 [일봉]
004020  현대제철      39,700    0.0    +0.0%    0.0x     중간  0.44  0pt/0 [일봉]

══════════════════════════════════════════════════
→ 전종목 HOLD
✅ Discord 전송 완료

[12:24] HOLD | KODEX RSI69/+3.1%⬆️ | 보유:없음 | 최고신호 HPSP(403870) 6pt/4pt [RSI47★ / BB하단 / MA골 / 호가1.9★]
💰 예수금 95,923원 | KODEX200 RSI68/+2.7% 상승추세⬆️  | 매수기준 점수4pt↑

코드      종목명           가격    RSI     변화율    거래량     BB   호가비  B/S
────────────────────────────────────────────────────────────────────────
[2단계 분석 대상: 079550, 329180, 042700, 058470, 000660]
403870  HPSP      48,650    0.0    +0.0%    0.0x     중간  2.23  2pt/0 [일봉]
055550  신한지주      93,300    0.0    +0.0%    0.0x     중간  0.32  0pt/0 [일봉]
015760  한국전력      39,650    0.0    +0.0%    0.0x     중간  0.18  0pt/0 [일봉]
078930  GS        72,300    0.0    +0.0%    0.0x     중간  1.40  1pt/0 [일봉]
035720  카카오       42,450    0.0    +0.0%    0.0x     중간  0.62  0pt/0 [일봉]
030200  KT        53,700    0.0    +0.0%    0.0x     중간  0.73  0pt/0 [일봉]
003490  대한항공      27,050    0.0    +0.0%    0.0x     중간  0.62  0pt/0 [일봉]
004020  현대제철      39,700    0.0    +0.0%    0.0x     중간  0.50  0pt/0 [일봉]

══════════════════════════════════════════════════
→ 전종목 HOLD
✅ Discord 전송 완료

[12:26] HOLD | KODEX RSI68/+2.7%⬆️ | 보유:없음 | 최고신호 HPSP(403870) 2pt/4pt [호가2.2★]
💰 예수금 95,923원 | KODEX200 RSI68/+2.8% 상승추세⬆️  | 매수기준 점수4pt↑

코드      종목명           가격    RSI     변화율    거래량     BB   호가비  B/S
────────────────────────────────────────────────────────────────────────
[2단계 분석 대상: 079550, 329180, 058470, 012450, 042700]
403870  HPSP      48,600    0.0    +0.0%    0.0x     중간  2.41  2pt/0 [일봉]
055550  신한지주      93,300    0.0    +0.0%    0.0x     중간  0.33  0pt/0 [일봉]
015760  한국전력      39,650    0.0    +0.0%    0.0x     중간  0.16  0pt/0 [일봉]
078930  GS        72,200    0.0    +0.0%    0.0x     중간  1.18  0pt/0 [일봉]
035720  카카오       42,500    0.0    +0.0%    0.0x     중간  0.55  0pt/0 [일봉]
030200  KT        53,500    0.0    +0.0%    0.0x     중간  1.69  2pt/0 [일봉]
003490  대한항공      27,050    0.0    +0.0%    0.0x     중간  0.64  0pt/0 [일봉]
004020  현대제철      39,700    0.0    +0.0%    0.0x     중간  0.49  0pt/0 [일봉]

══════════════════════════════════════════════════
→ 전종목 HOLD
✅ Discord 전송 완료

[12:28] HOLD | KODEX RSI68/+2.8%⬆️ | 보유:없음 | 최고신호 HPSP(403870) 2pt/4pt [호가2.4★]
💰 예수금 95,923원 | KODEX200 RSI68/+2.9% 상승추세⬆️  | 매수기준 점수4pt↑

코드      종목명           가격    RSI     변화율    거래량     BB   호가비  B/S
────────────────────────────────────────────────────────────────────────
[2단계 분석 대상: 066970, 079550, 012450, 329180, 058470]
403870  HPSP      48,750    0.0    +0.0%    0.0x     중간  2.12  2pt/0 [일봉]
055550  신한지주      93,500    0.0    +0.0%    0.0x     중간  0.33  0pt/0 [일봉]
015760  한국전력      39,650    0.0    +0.0%    0.0x     중간  0.15  0pt/0 [일봉]
078930  GS        72,100    0.0    +0.0%    0.0x     중간  0.97  0pt/0 [일봉]
035720  카카오       42,350    0.0    +0.0%    0.0x     중간  0.98  0pt/0 [일봉]
030200  KT        53,500    0.0    +0.0%    0.0x     중간  1.61  2pt/0 [일봉]
003490  대한항공      27,100    0.0    +0.0%    0.0x     중간  0.48  0pt/0 [일봉]
004020  현대제철      39,700    0.0    +0.0%    0.0x     중간  0.48  0pt/0 [일봉]

══════════════════════════════════════════════════
→ 전종목 HOLD
✅ Discord 전송 완료

[12:30] HOLD | KODEX RSI68/+2.9%⬆️ | 보유:없음 | 최고신호 HPSP(403870) 2pt/4pt [호가2.1★]
💰 예수금 95,923원 | KODEX200 RSI68/+2.9% 상승추세⬆️  | 매수기준 점수4pt↑

코드      종목명           가격    RSI     변화율    거래량     BB   호가비  B/S
────────────────────────────────────────────────────────────────────────
[2단계 분석 대상: 079550, 012450, 329180, 066970, 058470]
403870  HPSP      48,850    0.0    +0.0%    0.0x     중간  1.27  1pt/0 [일봉]
055550  신한지주      93,400    0.0    +0.0%    0.0x     중간  0.28  0pt/0 [일봉]
015760  한국전력      39,600    0.0    +0.0%    0.0x     중간  0.14  0pt/0 [일봉]
078930  GS        72,100    0.0    +0.0%    0.0x     중간  1.16  0pt/0 [일봉]
035720  카카오       42,400    0.0    +0.0%    0.0x     중간  0.62  0pt/0 [일봉]
030200  KT        53,500    0.0    +0.0%    0.0x     중간  2.04  2pt/0 [일봉]
003490  대한항공      27,100    0.0    +0.0%    0.0x     중간  0.45  0pt/0 [일봉]
004020  현대제철      39,750    0.0    +0.0%    0.0x     중간  0.47  0pt/0 [일봉]

══════════════════════════════════════════════════
→ 전종목 HOLD
✅ Discord 전송 완료

[12:32] HOLD | KODEX RSI68/+2.9%⬆️ | 보유:없음 | 최고신호 KT(030200) 2pt/4pt [호가2.0★]
💰 예수금 95,923원 | KODEX200 RSI68/+2.8% 상승추세⬆️  | 매수기준 점수4pt↑

코드      종목명           가격    RSI     변화율    거래량     BB   호가비  B/S
────────────────────────────────────────────────────────────────────────
[2단계 분석 대상: 079550, 329180, 012450, 042700, 086520]
403870  HPSP      48,850    0.0    +0.0%    0.0x     중간  1.34  1pt/0 [일봉]
055550  신한지주      93,400    0.0    +0.0%    0.0x     중간  0.24  0pt/0 [일봉]
015760  한국전력      39,600    0.0    +0.0%    0.0x     중간  0.17  0pt/0 [일봉]
078930  GS        72,300    0.0    +0.0%    0.0x     중간  1.20  1pt/0 [일봉]
035720  카카오       42,300    0.0    +0.0%    0.0x     중간  1.00  0pt/0 [일봉]
030200  KT        53,600    0.0    +0.0%    0.0x     중간  0.90  0pt/0 [일봉]
003490  대한항공      27,100    0.0    +0.0%    0.0x     중간  0.54  0pt/0 [일봉]
004020  현대제철      39,800    0.0    +0.0%    0.0x     중간  0.53  0pt/0 [일봉]

══════════════════════════════════════════════════
→ 전종목 HOLD
✅ Discord 전송 완료

[12:34] HOLD | KODEX RSI68/+2.8%⬆️ | 보유:없음 | 최고신호 HPSP(403870) 1pt/4pt [호가1.3]
💰 예수금 95,923원 | KODEX200 RSI68/+2.9% 상승추세⬆️  | 매수기준 점수4pt↑

코드      종목명           가격    RSI     변화율    거래량     BB   호가비  B/S
────────────────────────────────────────────────────────────────────────
[2단계 분석 대상: 079550, 009150, 329180, 012450, 058470]
403870  HPSP      48,950    0.0    +0.0%    0.0x     중간  1.23  1pt/0 [일봉]
055550  신한지주      93,400    0.0    +0.0%    0.0x     중간  0.25  0pt/0 [일봉]
015760  한국전력      39,600    0.0    +0.0%    0.0x     중간  0.15  0pt/0 [일봉]
078930  GS        72,300    0.0    +0.0%    0.0x     중간  1.36  1pt/0 [일봉]
035720  카카오       42,400    0.0    +0.0%    0.0x     중간  0.53  0pt/0 [일봉]
030200  KT        53,600    0.0    +0.0%    0.0x     중간  0.88  0pt/0 [일봉]
003490  대한항공      27,100    0.0    +0.0%    0.0x     중간  0.53  0pt/0 [일봉]
004020  현대제철      39,850    0.0    +0.0%    0.0x     중간  0.47  0pt/0 [일봉]

══════════════════════════════════════════════════
→ 전종목 HOLD
✅ Discord 전송 완료

[12:36] HOLD | KODEX RSI68/+2.9%⬆️ | 보유:없음 | 최고신호 HPSP(403870) 1pt/4pt [호가1.2]
💰 예수금 95,923원 | KODEX200 RSI68/+2.9% 상승추세⬆️  | 매수기준 점수4pt↑

코드      종목명           가격    RSI     변화율    거래량     BB   호가비  B/S
────────────────────────────────────────────────────────────────────────
[2단계 분석 대상: 079550, 329180, 009150, 012450, 403870]
403870  HPSP      48,950   55.9    -3.6%    0.7x     하단  1.93  6pt/0 [5분]
055550  신한지주      93,500    0.0    +0.0%    0.0x     중간  0.30  0pt/0 [일봉]
015760  한국전력      39,600    0.0    +0.0%    0.0x     중간  0.16  0pt/0 [일봉]
078930  GS        72,300    0.0    +0.0%    0.0x     중간  1.23  1pt/0 [일봉]
035720  카카오       42,300    0.0    +0.0%    0.0x     중간  0.98  0pt/0 [일봉]
030200  KT        53,500    0.0    +0.0%    0.0x     중간  1.50  2pt/0 [일봉]
003490  대한항공      27,100    0.0    +0.0%    0.0x     중간  0.51  0pt/0 [일봉]
004020  현대제철      39,850    0.0    +0.0%    0.0x     중간  0.52  0pt/0 [일봉]

══════════════════════════════════════════════════
→ 전종목 HOLD
✅ Discord 전송 완료

[12:38] HOLD | KODEX RSI68/+2.9%⬆️ | 보유:없음 | 최고신호 HPSP(403870) 6pt/4pt [RSI56★ / BB하단 / MA골 / 호가1.9★]
💰 예수금 95,923원 | KODEX200 RSI68/+2.9% 상승추세⬆️  | 매수기준 점수4pt↑

코드      종목명           가격    RSI     변화율    거래량     BB   호가비  B/S
────────────────────────────────────────────────────────────────────────
[2단계 분석 대상: 079550, 000660, 329180, 105560, 012450]
403870  HPSP      48,950    0.0    +0.0%    0.0x     중간  2.02  2pt/0 [일봉]
055550  신한지주      93,300    0.0    +0.0%    0.0x     중간  0.32  0pt/0 [일봉]
015760  한국전력      39,600    0.0    +0.0%    0.0x     중간  0.14  0pt/0 [일봉]
078930  GS        72,300    0.0    +0.0%    0.0x     중간  1.34  1pt/0 [일봉]
035720  카카오       42,250    0.0    +0.0%    0.0x     중간  1.09  0pt/0 [일봉]
030200  KT        53,500    0.0    +0.0%    0.0x     중간  1.03  0pt/0 [일봉]
003490  대한항공      27,050    0.0    +0.0%    0.0x     중간  0.75  0pt/0 [일봉]
004020  현대제철      39,850    0.0    +0.0%    0.0x     중간  0.51  0pt/0 [일봉]

══════════════════════════════════════════════════
→ 전종목 HOLD
✅ Discord 전송 완료

[12:40] HOLD | KODEX RSI68/+2.9%⬆️ | 보유:없음 | 최고신호 HPSP(403870) 2pt/4pt [호가2.0★]
💰 예수금 95,923원 | KODEX200 RSI68/+3.0% 상승추세⬆️  | 매수기준 점수4pt↑

코드      종목명           가격    RSI     변화율    거래량     BB   호가비  B/S
────────────────────────────────────────────────────────────────────────
[2단계 분석 대상: 079550, 329180, 012450, 042700, 078930]
403870  HPSP      49,050    0.0    +0.0%    0.0x     중간  0.93  0pt/0 [일봉]
055550  신한지주      93,400    0.0    +0.0%    0.0x     중간  0.34  0pt/0 [일봉]
015760  한국전력      39,500    0.0    +0.0%    0.0x     중간  0.23  0pt/0 [일봉]
078930  GS        72,300   56.0    -2.6%    0.4x     하단  1.56  6pt/0 [5분]
035720  카카오       42,200    0.0    +0.0%    0.0x     중간  1.17  0pt/0 [일봉]
030200  KT        53,500    0.0    +0.0%    0.0x     중간  1.03  0pt/0 [일봉]
003490  대한항공      27,050    0.0    +0.0%    0.0x     중간  0.78  0pt/0 [일봉]
004020  현대제철      39,850    0.0    +0.0%    0.0x     중간  0.52  0pt/0 [일봉]

══════════════════════════════════════════════════
→ 전종목 HOLD
✅ Discord 전송 완료

[12:42] HOLD | KODEX RSI68/+3.0%⬆️ | 보유:없음 | 최고신호 GS(078930) 6pt/4pt [RSI56★ / BB하단 / MA골 / 호가1.6★]
💰 예수금 95,923원 | KODEX200 RSI68/+2.9% 상승추세⬆️  | 매수기준 점수4pt↑

코드      종목명           가격    RSI     변화율    거래량     BB   호가비  B/S
────────────────────────────────────────────────────────────────────────
[2단계 분석 대상: 079550, 329180, 066970, 012450, 034020]
403870  HPSP      48,850    0.0    +0.0%    0.0x     중간  2.12  2pt/0 [일봉]
055550  신한지주      93,400    0.0    +0.0%    0.0x     중간  0.33  0pt/0 [일봉]
015760  한국전력      39,450    0.0    +0.0%    0.0x     중간  0.29  0pt/0 [일봉]
078930  GS        72,300    0.0    +0.0%    0.0x     중간  1.45  1pt/0 [일봉]
035720  카카오       42,250    0.0    +0.0%    0.0x     중간  1.06  0pt/0 [일봉]
030200  KT        53,500    0.0    +0.0%    0.0x     중간  0.87  0pt/0 [일봉]
003490  대한항공      27,050    0.0    +0.0%    0.0x     중간  0.84  0pt/0 [일봉]
004020  현대제철      39,800    0.0    +0.0%    0.0x     중간  0.61  0pt/0 [일봉]

══════════════════════════════════════════════════
→ 전종목 HOLD
✅ Discord 전송 완료

[12:44] HOLD | KODEX RSI68/+2.9%⬆️ | 보유:없음 | 최고신호 HPSP(403870) 2pt/4pt [호가2.1★]
💰 예수금 95,923원 | KODEX200 RSI68/+2.9% 상승추세⬆️  | 매수기준 점수4pt↑

코드      종목명           가격    RSI     변화율    거래량     BB   호가비  B/S
────────────────────────────────────────────────────────────────────────
[2단계 분석 대상: 079550, 329180, 403870, 066970, 012450]
403870  HPSP      48,700   80.8    -4.2%    0.8x     하단  3.10  5pt/0 [5분]
055550  신한지주      93,400    0.0    +0.0%    0.0x     중간  0.36  0pt/0 [일봉]
015760  한국전력      39,450    0.0    +0.0%    0.0x     중간  0.31  0pt/0 [일봉]
078930  GS        72,300    0.0    +0.0%    0.0x     중간  1.12  0pt/0 [일봉]
035720  카카오       42,350    0.0    +0.0%    0.0x     중간  0.72  0pt/0 [일봉]
030200  KT        53,500    0.0    +0.0%    0.0x     중간  0.87  0pt/0 [일봉]
003490  대한항공      27,050    0.0    +0.0%    0.0x     중간  1.03  0pt/0 [일봉]
004020  현대제철      40,050    0.0    +0.0%    0.0x     중간  0.81  0pt/0 [일봉]

══════════════════════════════════════════════════
→ 전종목 HOLD
✅ Discord 전송 완료

[12:46] HOLD | KODEX RSI68/+2.9%⬆️ | 보유:없음 | 최고신호 HPSP(403870) 5pt/4pt [BB하단 / MA골 / 호가3.1★ / 거래량증가]
💰 예수금 95,923원 | KODEX200 RSI69/+3.1% 상승추세⬆️  | 매수기준 점수4pt↑

코드      종목명           가격    RSI     변화율    거래량     BB   호가비  B/S
────────────────────────────────────────────────────────────────────────
[2단계 분석 대상: 079550, 329180, 403870, 042700, 012450]
403870  HPSP      48,700   80.8    -4.1%    0.8x     하단  3.83  5pt/0 [5분]
055550  신한지주      93,400    0.0    +0.0%    0.0x     중간  0.46  0pt/0 [일봉]
015760  한국전력      39,600    0.0    +0.0%    0.0x     중간  0.21  0pt/0 [일봉]
078930  GS        72,300    0.0    +0.0%    0.0x     중간  1.00  0pt/0 [일봉]
035720  카카오       42,350    0.0    +0.0%    0.0x     중간  0.95  0pt/0 [일봉]
030200  KT        53,500    0.0    +0.0%    0.0x     중간  0.81  0pt/0 [일봉]
003490  대한항공      27,050    0.0    +0.0%    0.0x     중간  1.01  0pt/0 [일봉]
004020  현대제철      40,250    0.0    +0.0%    0.0x     중간  1.22  1pt/0 [일봉]

══════════════════════════════════════════════════
→ 전종목 HOLD
✅ Discord 전송 완료

[12:48] HOLD | KODEX RSI69/+3.1%⬆️ | 보유:없음 | 최고신호 HPSP(403870) 5pt/4pt [BB하단 / MA골 / 호가3.8★ / 거래량증가]
💰 예수금 95,923원 | KODEX200 RSI69/+3.2% 상승추세⬆️  | 매수기준 점수4pt↑

코드      종목명           가격    RSI     변화율    거래량     BB   호가비  B/S
────────────────────────────────────────────────────────────────────────
[2단계 분석 대상: 079550, 066970, 329180, 403870, 086520]
403870  HPSP      48,800   75.0    -4.0%    0.8x     하단  3.45  4pt/0 [5분]
055550  신한지주      93,500    0.0    +0.0%    0.0x     중간  0.51  0pt/0 [일봉]
015760  한국전력      39,500    0.0    +0.0%    0.0x     중간  0.27  0pt/0 [일봉]
078930  GS        72,300    0.0    +0.0%    0.0x     중간  0.78  0pt/0 [일봉]
035720  카카오       42,200    0.0    +0.0%    0.0x     중간  1.33  1pt/0 [일봉]
030200  KT        53,700    0.0    +0.0%    0.0x     중간  1.02  0pt/0 [일봉]
003490  대한항공      27,100    0.0    +0.0%    0.0x     중간  0.72  0pt/0 [일봉]
004020  현대제철      40,150    0.0    +0.0%    0.0x     중간  0.38  0pt/0 [일봉]

══════════════════════════════════════════════════
→ 전종목 HOLD
✅ Discord 전송 완료

[12:50] HOLD | KODEX RSI69/+3.2%⬆️ | 보유:없음 | 최고신호 HPSP(403870) 4pt/4pt [BB하단 / MA골 / 호가3.5★]
💰 예수금 95,923원 | KODEX200 RSI68/+3.1% 상승추세⬆️  | 매수기준 점수4pt↑

코드      종목명           가격    RSI     변화율    거래량     BB   호가비  B/S
────────────────────────────────────────────────────────────────────────
[2단계 분석 대상: 079550, 403870, 012450, 042700, 272210]
403870  HPSP      48,750   75.0    -4.2%    0.8x     하단  2.78  4pt/0 [5분]
055550  신한지주      93,500    0.0    +0.0%    0.0x     중간  0.45  0pt/0 [일봉]
015760  한국전력      39,500    0.0    +0.0%    0.0x     중간  0.30  0pt/0 [일봉]
078930  GS        72,200    0.0    +0.0%    0.0x     중간  0.86  0pt/0 [일봉]
035720  카카오       42,150    0.0    +0.0%    0.0x     중간  1.20  1pt/0 [일봉]
030200  KT        53,500    0.0    +0.0%    0.0x     중간  1.38  1pt/0 [일봉]
003490  대한항공      27,050    0.0    +0.0%    0.0x     중간  0.94  0pt/0 [일봉]
004020  현대제철      40,100    0.0    +0.0%    0.0x     중간  0.47  0pt/0 [일봉]

══════════════════════════════════════════════════
→ 전종목 HOLD
✅ Discord 전송 완료

[12:52] HOLD | KODEX RSI68/+3.1%⬆️ | 보유:없음 | 최고신호 HPSP(403870) 4pt/4pt [BB하단 / MA골 / 호가2.8★]
💰 예수금 95,923원 | KODEX200 RSI69/+3.1% 상승추세⬆️  | 매수기준 점수4pt↑

코드      종목명           가격    RSI     변화율    거래량     BB   호가비  B/S
────────────────────────────────────────────────────────────────────────
[2단계 분석 대상: 403870, 079550, 058470, 042700, 034020]
403870  HPSP      48,750   82.1    -4.2%    0.8x     하단  3.16  4pt/0 [5분]
055550  신한지주      93,500    0.0    +0.0%    0.0x     중간  0.51  0pt/0 [일봉]
015760  한국전력      39,550    0.0    +0.0%    0.0x     중간  0.25  0pt/0 [일봉]
078930  GS        72,300    0.0    +0.0%    0.0x     중간  0.88  0pt/0 [일봉]
035720  카카오       42,250    0.0    +0.0%    0.0x     중간  0.82  0pt/0 [일봉]
030200  KT        53,500    0.0    +0.0%    0.0x     중간  1.36  1pt/0 [일봉]
003490  대한항공      27,050    0.0    +0.0%    0.0x     중간  1.52  2pt/0 [일봉]
004020  현대제철      40,100    0.0    +0.0%    0.0x     중간  0.44  0pt/0 [일봉]

══════════════════════════════════════════════════
→ 전종목 HOLD
✅ Discord 전송 완료

[12:54] HOLD | KODEX RSI69/+3.1%⬆️ | 보유:없음 | 최고신호 HPSP(403870) 4pt/4pt [BB하단 / MA골 / 호가3.2★]
💰 예수금 95,923원 | KODEX200 RSI69/+3.2% 상승추세⬆️  | 매수기준 점수4pt↑

코드      종목명           가격    RSI     변화율    거래량     BB   호가비  B/S
────────────────────────────────────────────────────────────────────────
[2단계 분석 대상: 066970, 403870, 079550, 058470, 086520]
403870  HPSP      48,800   82.1    -4.1%    0.8x     하단  3.18  4pt/0 [5분]
055550  신한지주      93,500    0.0    +0.0%    0.0x     중간  0.44  0pt/0 [일봉]
015760  한국전력      39,600    0.0    +0.0%    0.0x     중간  0.21  0pt/0 [일봉]
078930  GS        72,300    0.0    +0.0%    0.0x     중간  0.88  0pt/0 [일봉]
035720  카카오       42,250    0.0    +0.0%    0.0x     중간  0.94  0pt/0 [일봉]
030200  KT        53,500    0.0    +0.0%    0.0x     중간  1.33  1pt/0 [일봉]
003490  대한항공      27,050    0.0    +0.0%    0.0x     중간  1.78  2pt/0 [일봉]
004020  현대제철      40,050    0.0    +0.0%    0.0x     중간  0.50  0pt/0 [일봉]

══════════════════════════════════════════════════
→ 전종목 HOLD
✅ Discord 전송 완료

[12:56] HOLD | KODEX RSI69/+3.2%⬆️ | 보유:없음 | 최고신호 HPSP(403870) 4pt/4pt [BB하단 / MA골 / 호가3.2★]
💰 예수금 95,923원 | KODEX200 RSI69/+3.2% 상승추세⬆️  | 매수기준 점수4pt↑

코드      종목명           가격    RSI     변화율    거래량     BB   호가비  B/S
────────────────────────────────────────────────────────────────────────
[2단계 분석 대상: 079550, 403870, 058470, 042700, 034020]
403870  HPSP      48,650   82.1    -4.6%    0.8x     하단  4.38  4pt/0 [5분]
055550  신한지주      93,400    0.0    +0.0%    0.0x     중간  0.46  0pt/0 [일봉]
015760  한국전력      39,650    0.0    +0.0%    0.0x     중간  0.20  0pt/0 [일봉]
078930  GS        72,300    0.0    +0.0%    0.0x     중간  0.82  0pt/0 [일봉]
035720  카카오       42,350    0.0    +0.0%    0.0x     중간  0.77  0pt/0 [일봉]
030200  KT        53,500    0.0    +0.0%    0.0x     중간  1.42  1pt/0 [일봉]
003490  대한항공      27,050    0.0    +0.0%    0.0x     중간  1.71  2pt/0 [일봉]
004020  현대제철      40,000    0.0    +0.0%    0.0x     중간  0.40  0pt/0 [일봉]

══════════════════════════════════════════════════
→ 전종목 HOLD
✅ Discord 전송 완료

[12:58] HOLD | KODEX RSI69/+3.2%⬆️ | 보유:없음 | 최고신호 HPSP(403870) 4pt/4pt [BB하단 / MA골 / 호가4.4★]
💰 예수금 95,923원 | KODEX200 RSI69/+3.2% 상승추세⬆️  | 매수기준 점수4pt↑

코드      종목명           가격    RSI     변화율    거래량     BB   호가비  B/S
────────────────────────────────────────────────────────────────────────
[2단계 분석 대상: 079550, 086520, 012450, 403870, 058470]
403870  HPSP      48,750   81.5    -4.5%    0.8x     하단  2.37  4pt/0 [5분]
055550  신한지주      93,700    0.0    +0.0%    0.0x     중간  0.58  0pt/0 [일봉]
015760  한국전력      39,600    0.0    +0.0%    0.0x     중간  0.21  0pt/0 [일봉]
078930  GS        72,300    0.0    +0.0%    0.0x     중간  0.82  0pt/0 [일봉]
035720  카카오       42,250    0.0    +0.0%    0.0x     중간  0.96  0pt/0 [일봉]
030200  KT        53,700    0.0    +0.0%    0.0x     중간  0.98  0pt/0 [일봉]
003490  대한항공      27,100    0.0    +0.0%    0.0x     중간  1.67  2pt/0 [일봉]
004020  현대제철      40,050    0.0    +0.0%    0.0x     중간  0.43  0pt/0 [일봉]

══════════════════════════════════════════════════
→ 전종목 HOLD
✅ Discord 전송 완료

[13:00] HOLD | KODEX RSI69/+3.2%⬆️ | 보유:없음 | 최고신호 HPSP(403870) 4pt/4pt [BB하단 / MA골 / 호가2.4★]
💰 예수금 95,923원 | KODEX200 RSI69/+3.3% 상승추세⬆️  | 매수기준 점수4pt↑

코드      종목명           가격    RSI     변화율    거래량     BB   호가비  B/S
────────────────────────────────────────────────────────────────────────
[2단계 분석 대상: 079550, 058470, 012450, 403870, 086520]
403870  HPSP      48,700   81.5    -4.4%    0.8x     하단  3.10  4pt/0 [5분]
055550  신한지주      94,000    0.0    +0.0%    0.0x     중간  0.51  0pt/0 [일봉]
015760  한국전력      39,700    0.0    +0.0%    0.0x     중간  0.18  0pt/0 [일봉]
078930  GS        72,500    0.0    +0.0%    0.0x     중간  1.14  0pt/0 [일봉]
035720  카카오       42,300    0.0    +0.0%    0.0x     중간  0.96  0pt/0 [일봉]
030200  KT        53,800    0.0    +0.0%    0.0x     중간  0.91  0pt/0 [일봉]
003490  대한항공      27,050    0.0    +0.0%    0.0x     중간  1.82  2pt/0 [일봉]
004020  현대제철      40,050    0.0    +0.0%    0.0x     중간  0.52  0pt/0 [일봉]

══════════════════════════════════════════════════
→ 전종목 HOLD
✅ Discord 전송 완료

[13:02] HOLD | KODEX RSI69/+3.3%⬆️ | 보유:없음 | 최고신호 HPSP(403870) 4pt/4pt [BB하단 / MA골 / 호가3.1★]
💰 예수금 95,923원 | KODEX200 RSI69/+3.2% 상승추세⬆️  | 매수기준 점수4pt↑

코드      종목명           가격    RSI     변화율    거래량     BB   호가비  B/S
────────────────────────────────────────────────────────────────────────
[2단계 분석 대상: 079550, 058470, 000660, 403870, 086520]
403870  HPSP      48,700   87.5    -4.4%    0.8x     하단  2.90  4pt/0 [5분]
055550  신한지주      93,900    0.0    +0.0%    0.0x     중간  0.58  0pt/0 [일봉]
015760  한국전력      39,600    0.0    +0.0%    0.0x     중간  0.23  0pt/0 [일봉]
078930  GS        72,500    0.0    +0.0%    0.0x     중간  0.98  0pt/0 [일봉]
035720  카카오       42,300    0.0    +0.0%    0.0x     중간  0.84  0pt/0 [일봉]
030200  KT        53,800    0.0    +0.0%    0.0x     중간  0.88  0pt/0 [일봉]
003490  대한항공      27,100    0.0    +0.0%    0.0x     중간  1.56  2pt/0 [일봉]
004020  현대제철      40,100    0.0    +0.0%    0.0x     중간  0.35  0pt/0 [일봉]

══════════════════════════════════════════════════
→ 전종목 HOLD
✅ Discord 전송 완료

[13:04] HOLD | KODEX RSI69/+3.2%⬆️ | 보유:없음 | 최고신호 HPSP(403870) 4pt/4pt [BB하단 / MA골 / 호가2.9★]
💰 예수금 95,923원 | KODEX200 RSI69/+3.3% 상승추세⬆️  | 매수기준 점수4pt↑

코드      종목명           가격    RSI     변화율    거래량     BB   호가비  B/S
────────────────────────────────────────────────────────────────────────
[2단계 분석 대상: 079550, 086520, 058470, 403870, 000660]
403870  HPSP      48,600   87.5    -4.6%    0.8x     하단  3.78  4pt/0 [5분]
055550  신한지주      93,900    0.0    +0.0%    0.0x     중간  0.34  0pt/0 [일봉]
015760  한국전력      39,550    0.0    +0.0%    0.0x     중간  0.22  0pt/0 [일봉]
078930  GS        72,600    0.0    +0.0%    0.0x     중간  0.68  0pt/0 [일봉]
035720  카카오       42,350    0.0    +0.0%    0.0x     중간  0.75  0pt/0 [일봉]
030200  KT        53,700    0.0    +0.0%    0.0x     중간  1.04  0pt/0 [일봉]
003490  대한항공      27,100    0.0    +0.0%    0.0x     중간  1.54  2pt/0 [일봉]
004020  현대제철      40,050    0.0    +0.0%    0.0x     중간  0.47  0pt/0 [일봉]

══════════════════════════════════════════════════
→ 전종목 HOLD
✅ Discord 전송 완료

[13:06] HOLD | KODEX RSI69/+3.3%⬆️ | 보유:없음 | 최고신호 HPSP(403870) 4pt/4pt [BB하단 / MA골 / 호가3.8★]
💰 예수금 95,923원 | KODEX200 RSI69/+3.2% 상승추세⬆️  | 매수기준 점수4pt↑

코드      종목명           가격    RSI     변화율    거래량     BB   호가비  B/S
────────────────────────────────────────────────────────────────────────
[2단계 분석 대상: 000660, 079550, 066970, 058470, 086520]
403870  HPSP      48,750    0.0    +0.0%    0.0x     중간  2.89  2pt/0 [일봉]
055550  신한지주      93,700    0.0    +0.0%    0.0x     중간  0.34  0pt/0 [일봉]
015760  한국전력      39,600    0.0    +0.0%    0.0x     중간  0.22  0pt/0 [일봉]
078930  GS        72,500    0.0    +0.0%    0.0x     중간  0.89  0pt/0 [일봉]
035720  카카오       42,350    0.0    +0.0%    0.0x     중간  0.73  0pt/0 [일봉]
030200  KT        53,800    0.0    +0.0%    0.0x     중간  0.87  0pt/0 [일봉]
003490  대한항공      27,100    0.0    +0.0%    0.0x     중간  1.55  2pt/0 [일봉]
004020  현대제철      40,100    0.0    +0.0%    0.0x     중간  0.47  0pt/0 [일봉]

══════════════════════════════════════════════════
→ 전종목 HOLD
✅ Discord 전송 완료

[13:08] HOLD | KODEX RSI69/+3.2%⬆️ | 보유:없음 | 최고신호 HPSP(403870) 2pt/4pt [호가2.9★]
💰 예수금 95,923원 | KODEX200 RSI69/+3.2% 상승추세⬆️  | 매수기준 점수4pt↑

코드      종목명           가격    RSI     변화율    거래량     BB   호가비  B/S
────────────────────────────────────────────────────────────────────────
[2단계 분석 대상: 079550, 086520, 000660, 058470, 066970]
403870  HPSP      48,800    0.0    +0.0%    0.0x     중간  1.69  2pt/0 [일봉]
055550  신한지주      94,000    0.0    +0.0%    0.0x     중간  0.29  0pt/0 [일봉]
015760  한국전력      39,700    0.0    +0.0%    0.0x     중간  0.18  0pt/0 [일봉]
078930  GS        72,900    0.0    +0.0%    0.0x     중간  0.59  0pt/0 [일봉]
035720  카카오       42,300    0.0    +0.0%    0.0x     중간  0.77  0pt/0 [일봉]
030200  KT        53,800    0.0    +0.0%    0.0x     중간  0.93  0pt/0 [일봉]
003490  대한항공      27,150    0.0    +0.0%    0.0x     중간  1.18  0pt/0 [일봉]
004020  현대제철      40,100    0.0    +0.0%    0.0x     중간  0.44  0pt/0 [일봉]

══════════════════════════════════════════════════
→ 전종목 HOLD
✅ Discord 전송 완료

[13:10] HOLD | KODEX RSI69/+3.2%⬆️ | 보유:없음 | 최고신호 HPSP(403870) 2pt/4pt [호가1.7★]
💰 예수금 95,923원 | KODEX200 RSI69/+3.1% 상승추세⬆️  | 매수기준 점수4pt↑

코드      종목명           가격    RSI     변화율    거래량     BB   호가비  B/S
────────────────────────────────────────────────────────────────────────
[2단계 분석 대상: 079550, 058470, 011070, 000660, 138040]
403870  HPSP      48,900    0.0    +0.0%    0.0x     중간  1.84  2pt/0 [일봉]
055550  신한지주      93,700    0.0    +0.0%    0.0x     중간  0.35  0pt/0 [일봉]
015760  한국전력      39,600    0.0    +0.0%    0.0x     중간  0.20  0pt/0 [일봉]
078930  GS        72,500    0.0    +0.0%    0.0x     중간  0.59  0pt/0 [일봉]
035720  카카오       42,450    0.0    +0.0%    0.0x     중간  0.49  0pt/0 [일봉]
030200  KT        53,600    0.0    +0.0%    0.0x     중간  1.14  0pt/0 [일봉]
003490  대한항공      27,200    0.0    +0.0%    0.0x     중간  1.29  1pt/0 [일봉]
004020  현대제철      40,100    0.0    +0.0%    0.0x     중간  0.36  0pt/0 [일봉]

══════════════════════════════════════════════════
→ 전종목 HOLD
✅ Discord 전송 완료

[13:12] HOLD | KODEX RSI69/+3.1%⬆️ | 보유:없음 | 최고신호 HPSP(403870) 2pt/4pt [호가1.8★]
💰 예수금 95,923원 | KODEX200 RSI69/+3.2% 상승추세⬆️  | 매수기준 점수4pt↑

코드      종목명           가격    RSI     변화율    거래량     BB   호가비  B/S
────────────────────────────────────────────────────────────────────────
[2단계 분석 대상: 079550, 058470, 138040, 066970, 086520]
403870  HPSP      48,850    0.0    +0.0%    0.0x     중간  1.99  2pt/0 [일봉]
055550  신한지주      93,800    0.0    +0.0%    0.0x     중간  0.34  0pt/0 [일봉]
015760  한국전력      39,550    0.0    +0.0%    0.0x     중간  0.22  0pt/0 [일봉]
078930  GS        72,500    0.0    +0.0%    0.0x     중간  0.63  0pt/0 [일봉]
035720  카카오       42,400    0.0    +0.0%    0.0x     중간  0.58  0pt/0 [일봉]
030200  KT        53,600    0.0    +0.0%    0.0x     중간  0.73  0pt/0 [일봉]
003490  대한항공      27,150    0.0    +0.0%    0.0x     중간  1.24  1pt/0 [일봉]
004020  현대제철      40,050    0.0    +0.0%    0.0x     중간  0.34  0pt/0 [일봉]

══════════════════════════════════════════════════
→ 전종목 HOLD
✅ Discord 전송 완료

[13:14] HOLD | KODEX RSI69/+3.2%⬆️ | 보유:없음 | 최고신호 HPSP(403870) 2pt/4pt [호가2.0★]
💰 예수금 95,923원 | KODEX200 RSI69/+3.3% 상승추세⬆️  | 매수기준 점수4pt↑

코드      종목명           가격    RSI     변화율    거래량     BB   호가비  B/S
────────────────────────────────────────────────────────────────────────
[2단계 분석 대상: 079550, 138040, 042700, 058470, 012450]
403870  HPSP      48,900    0.0    +0.0%    0.0x     중간  1.81  2pt/0 [일봉]
055550  신한지주      93,700    0.0    +0.0%    0.0x     중간  0.28  0pt/0 [일봉]
015760  한국전력      39,600    0.0    +0.0%    0.0x     중간  0.22  0pt/0 [일봉]
078930  GS        72,700    0.0    +0.0%    0.0x     중간  0.60  0pt/0 [일봉]
035720  카카오       42,350    0.0    +0.0%    0.0x     중간  0.74  0pt/0 [일봉]
030200  KT        53,600    0.0    +0.0%    0.0x     중간  0.73  0pt/0 [일봉]
003490  대한항공      27,100    0.0    +0.0%    0.0x     중간  1.98  2pt/0 [일봉]
004020  현대제철      40,000    0.0    +0.0%    0.0x     중간  0.36  0pt/0 [일봉]

══════════════════════════════════════════════════
→ 전종목 HOLD
✅ Discord 전송 완료

[13:16] HOLD | KODEX RSI69/+3.3%⬆️ | 보유:없음 | 최고신호 HPSP(403870) 2pt/4pt [호가1.8★]
💰 예수금 95,923원 | KODEX200 RSI69/+3.4% 상승추세⬆️  | 매수기준 점수4pt↑

코드      종목명           가격    RSI     변화율    거래량     BB   호가비  B/S
────────────────────────────────────────────────────────────────────────
[2단계 분석 대상: 079550, 042700, 058470, 138040, 012450]
403870  HPSP      48,850    0.0    +0.0%    0.0x     중간  1.60  2pt/0 [일봉]
055550  신한지주      93,800    0.0    +0.0%    0.0x     중간  0.34  0pt/0 [일봉]
015760  한국전력      39,600    0.0    +0.0%    0.0x     중간  0.21  0pt/0 [일봉]
078930  GS        72,600    0.0    +0.0%    0.0x     중간  0.63  0pt/0 [일봉]
035720  카카오       42,350    0.0    +0.0%    0.0x     중간  0.70  0pt/0 [일봉]
030200  KT        53,600    0.0    +0.0%    0.0x     중간  0.75  0pt/0 [일봉]
003490  대한항공      27,100    0.0    +0.0%    0.0x     중간  1.88  2pt/0 [일봉]
004020  현대제철      40,200    0.0    +0.0%    0.0x     중간  0.33  0pt/0 [일봉]

══════════════════════════════════════════════════
→ 전종목 HOLD
✅ Discord 전송 완료

[13:18] HOLD | KODEX RSI69/+3.4%⬆️ | 보유:없음 | 최고신호 HPSP(403870) 2pt/4pt [호가1.6★]
💰 예수금 95,923원 | KODEX200 RSI69/+3.4% 상승추세⬆️  | 매수기준 점수4pt↑

코드      종목명           가격    RSI     변화율    거래량     BB   호가비  B/S
────────────────────────────────────────────────────────────────────────
[2단계 분석 대상: 079550, 042700, 066970, 058470, 138040]
403870  HPSP      48,950    0.0    +0.0%    0.0x     중간  1.69  2pt/0 [일봉]
055550  신한지주      93,800    0.0    +0.0%    0.0x     중간  0.57  0pt/0 [일봉]
015760  한국전력      39,650    0.0    +0.0%    0.0x     중간  0.19  0pt/0 [일봉]
078930  GS        72,400    0.0    +0.0%    0.0x     중간  0.79  0pt/0 [일봉]
035720  카카오       42,300    0.0    +0.0%    0.0x     중간  0.89  0pt/0 [일봉]
030200  KT        53,600    0.0    +0.0%    0.0x     중간  0.73  0pt/0 [일봉]
003490  대한항공      27,050    0.0    +0.0%    0.0x     중간  1.90  2pt/0 [일봉]
004020  현대제철      40,200    0.0    +0.0%    0.0x     중간  0.28  0pt/0 [일봉]

══════════════════════════════════════════════════
→ 전종목 HOLD
✅ Discord 전송 완료

[13:20] HOLD | KODEX RSI69/+3.4%⬆️ | 보유:없음 | 최고신호 HPSP(403870) 2pt/4pt [호가1.7★]
💰 예수금 95,923원 | KODEX200 RSI69/+3.4% 상승추세⬆️  | 매수기준 점수4pt↑

코드      종목명           가격    RSI     변화율    거래량     BB   호가비  B/S
────────────────────────────────────────────────────────────────────────
[2단계 분석 대상: 079550, 042700, 138040, 058470, 000720]
403870  HPSP      48,850    0.0    +0.0%    0.0x     중간  2.37  2pt/0 [일봉]
055550  신한지주      93,800    0.0    +0.0%    0.0x     중간  0.52  0pt/0 [일봉]
015760  한국전력      39,650    0.0    +0.0%    0.0x     중간  0.20  0pt/0 [일봉]
078930  GS        72,400    0.0    +0.0%    0.0x     중간  0.63  0pt/0 [일봉]
035720  카카오       42,250    0.0    +0.0%    0.0x     중간  0.93  0pt/0 [일봉]
030200  KT        53,500    0.0    +0.0%    0.0x     중간  1.49  1pt/0 [일봉]
003490  대한항공      27,050    0.0    +0.0%    0.0x     중간  1.96  2pt/0 [일봉]
004020  현대제철      40,100    0.0    +0.0%    0.0x     중간  0.41  0pt/0 [일봉]

══════════════════════════════════════════════════
→ 전종목 HOLD
✅ Discord 전송 완료

[13:22] HOLD | KODEX RSI69/+3.4%⬆️ | 보유:없음 | 최고신호 HPSP(403870) 2pt/4pt [호가2.4★]
💰 예수금 95,923원 | KODEX200 RSI69/+3.3% 상승추세⬆️  | 매수기준 점수4pt↑

코드      종목명           가격    RSI     변화율    거래량     BB   호가비  B/S
────────────────────────────────────────────────────────────────────────
[2단계 분석 대상: 000660, 058470, 079550, 042700, 000720]
403870  HPSP      48,800    0.0    +0.0%    0.0x     중간  2.25  2pt/0 [일봉]
055550  신한지주      93,900    0.0    +0.0%    0.0x     중간  0.47  0pt/0 [일봉]
015760  한국전력      39,600    0.0    +0.0%    0.0x     중간  0.24  0pt/0 [일봉]
078930  GS        72,600    0.0    +0.0%    0.0x     중간  0.40  0pt/0 [일봉]
035720  카카오       42,300    0.0    +0.0%    0.0x     중간  0.83  0pt/0 [일봉]
030200  KT        53,500    0.0    +0.0%    0.0x     중간  1.51  2pt/0 [일봉]
003490  대한항공      27,050    0.0    +0.0%    0.0x     중간  1.92  2pt/0 [일봉]
004020  현대제철      40,100    0.0    +0.0%    0.0x     중간  0.45  0pt/0 [일봉]

══════════════════════════════════════════════════
→ 전종목 HOLD
✅ Discord 전송 완료

[13:24] HOLD | KODEX RSI69/+3.3%⬆️ | 보유:없음 | 최고신호 HPSP(403870) 2pt/4pt [호가2.2★]
💰 예수금 95,923원 | KODEX200 RSI69/+3.3% 상승추세⬆️  | 매수기준 점수4pt↑

코드      종목명           가격    RSI     변화율    거래량     BB   호가비  B/S
────────────────────────────────────────────────────────────────────────
[2단계 분석 대상: 079550, 011070, 000660, 058470, 042700]
403870  HPSP      48,750    0.0    +0.0%    0.0x     중간  2.71  2pt/0 [일봉]
055550  신한지주      93,800    0.0    +0.0%    0.0x     중간  0.63  0pt/0 [일봉]
015760  한국전력      39,600    0.0    +0.0%    0.0x     중간  0.23  0pt/0 [일봉]
078930  GS        72,200    0.0    +0.0%    0.0x     중간  0.62  0pt/0 [일봉]
035720  카카오       42,250    0.0    +0.0%    0.0x     중간  0.92  0pt/0 [일봉]
030200  KT        53,600    0.0    +0.0%    0.0x     중간  1.16  0pt/0 [일봉]
003490  대한항공      27,050    0.0    +0.0%    0.0x     중간  1.96  2pt/0 [일봉]
004020  현대제철      40,200    0.0    +0.0%    0.0x     중간  0.31  0pt/0 [일봉]

══════════════════════════════════════════════════
→ 전종목 HOLD
✅ Discord 전송 완료

[13:26] HOLD | KODEX RSI69/+3.3%⬆️ | 보유:없음 | 최고신호 HPSP(403870) 2pt/4pt [호가2.7★]
💰 예수금 95,923원 | KODEX200 RSI69/+3.3% 상승추세⬆️  | 매수기준 점수4pt↑

코드      종목명           가격    RSI     변화율    거래량     BB   호가비  B/S
────────────────────────────────────────────────────────────────────────
[2단계 분석 대상: 079550, 403870, 012450, 042700, 058470]
403870  HPSP      48,750   82.9    -4.3%    0.8x     하단  3.12  4pt/0 [5분]
055550  신한지주      94,000    0.0    +0.0%    0.0x     중간  0.46  0pt/0 [일봉]
015760  한국전력      39,550    0.0    +0.0%    0.0x     중간  0.23  0pt/0 [일봉]
078930  GS        72,100    0.0    +0.0%    0.0x     중간  0.53  0pt/0 [일봉]
035720  카카오       42,050    0.0    +0.0%    0.0x     중간  1.25  1pt/0 [일봉]
030200  KT        53,600    0.0    +0.0%    0.0x     중간  1.10  0pt/0 [일봉]
003490  대한항공      27,000    0.0    +0.0%    0.0x     중간  1.52  2pt/0 [일봉]
004020  현대제철      40,050    0.0    +0.0%    0.0x     중간  0.43  0pt/0 [일봉]

══════════════════════════════════════════════════
→ 전종목 HOLD
✅ Discord 전송 완료

[13:28] HOLD | KODEX RSI69/+3.3%⬆️ | 보유:없음 | 최고신호 HPSP(403870) 4pt/4pt [BB하단 / MA골 / 호가3.1★]
💰 예수금 95,923원 | KODEX200 RSI69/+3.3% 상승추세⬆️  | 매수기준 점수4pt↑

코드      종목명           가격    RSI     변화율    거래량     BB   호가비  B/S
────────────────────────────────────────────────────────────────────────
[2단계 분석 대상: 079550, 403870, 042700, 012450, 138040]
403870  HPSP      48,750   94.1    -4.3%    0.8x     하단  3.27  4pt/0 [5분]
055550  신한지주      93,900    0.0    +0.0%    0.0x     중간  0.52  0pt/0 [일봉]
015760  한국전력      39,550    0.0    +0.0%    0.0x     중간  0.24  0pt/0 [일봉]
078930  GS        72,100    0.0    +0.0%    0.0x     중간  0.45  0pt/0 [일봉]
035720  카카오       41,950    0.0    +0.0%    0.0x     중간  1.80  2pt/0 [일봉]
030200  KT        53,600    0.0    +0.0%    0.0x     중간  1.10  0pt/0 [일봉]
003490  대한항공      27,000    0.0    +0.0%    0.0x     중간  1.61  2pt/0 [일봉]
004020  현대제철      40,000    0.0    +0.0%    0.0x     중간  0.73  0pt/0 [일봉]

══════════════════════════════════════════════════
→ 전종목 HOLD
✅ Discord 전송 완료

[13:30] HOLD | KODEX RSI69/+3.3%⬆️ | 보유:없음 | 최고신호 HPSP(403870) 4pt/4pt [BB하단 / MA골 / 호가3.3★]
💰 예수금 95,923원 | KODEX200 RSI69/+3.4% 상승추세⬆️  | 매수기준 점수4pt↑

코드      종목명           가격    RSI     변화율    거래량     BB   호가비  B/S
────────────────────────────────────────────────────────────────────────
[2단계 분석 대상: 086520, 012450, 403870, 042700, 138040]
403870  HPSP      48,800   94.1    -4.1%    0.8x     하단  3.02  4pt/0 [5분]
055550  신한지주      93,900    0.0    +0.0%    0.0x     중간  0.48  0pt/0 [일봉]
015760  한국전력      39,500    0.0    +0.0%    0.0x     중간  0.32  0pt/0 [일봉]
078930  GS        72,000    0.0    +0.0%    0.0x     중간  0.65  0pt/0 [일봉]
035720  카카오       41,950    0.0    +0.0%    0.0x     중간  1.88  2pt/0 [일봉]
030200  KT        53,500    0.0    +0.0%    0.0x     중간  1.37  1pt/0 [일봉]
003490  대한항공      26,950    0.0    +0.0%    0.0x     중간  2.32  2pt/0 [일봉]
004020  현대제철      39,850    0.0    +0.0%    0.0x     중간  0.66  0pt/0 [일봉]

══════════════════════════════════════════════════
→ 전종목 HOLD
✅ Discord 전송 완료

[13:32] HOLD | KODEX RSI69/+3.4%⬆️ | 보유:없음 | 최고신호 HPSP(403870) 4pt/4pt [BB하단 / MA골 / 호가3.0★]
💰 예수금 95,923원 | KODEX200 RSI69/+3.4% 상승추세⬆️  | 매수기준 점수4pt↑

코드      종목명           가격    RSI     변화율    거래량     BB   호가비  B/S
────────────────────────────────────────────────────────────────────────
[2단계 분석 대상: 086520, 079550, 042700, 058470, 012450]
403870  HPSP      48,850    0.0    +0.0%    0.0x     중간  2.46  2pt/0 [일봉]
055550  신한지주      93,900    0.0    +0.0%    0.0x     중간  0.54  0pt/0 [일봉]
015760  한국전력      39,500    0.0    +0.0%    0.0x     중간  0.30  0pt/0 [일봉]
078930  GS        72,100    0.0    +0.0%    0.0x     중간  0.59  0pt/0 [일봉]
035720  카카오       42,050    0.0    +0.0%    0.0x     중간  0.87  0pt/0 [일봉]
030200  KT        53,600    0.0    +0.0%    0.0x     중간  1.09  0pt/0 [일봉]
003490  대한항공      26,950    0.0    +0.0%    0.0x     중간  1.64  2pt/0 [일봉]
004020  현대제철      39,900    0.0    +0.0%    0.0x     중간  0.64  0pt/0 [일봉]

══════════════════════════════════════════════════
→ 전종목 HOLD
✅ Discord 전송 완료

[13:34] HOLD | KODEX RSI69/+3.4%⬆️ | 보유:없음 | 최고신호 HPSP(403870) 2pt/4pt [호가2.5★]
💰 예수금 95,923원 | KODEX200 RSI69/+3.6% 상승추세⬆️  | 매수기준 점수4pt↑

코드      종목명           가격    RSI     변화율    거래량     BB   호가비  B/S
────────────────────────────────────────────────────────────────────────
[2단계 분석 대상: 086520, 079550, 042700, 058470, 138040]
403870  HPSP      48,700    0.0    +0.0%    0.0x     중간  2.85  2pt/0 [일봉]
055550  신한지주      93,900    0.0    +0.0%    0.0x     중간  0.37  0pt/0 [일봉]
015760  한국전력      39,600    0.0    +0.0%    0.0x     중간  0.19  0pt/0 [일봉]
078930  GS        72,100    0.0    +0.0%    0.0x     중간  0.59  0pt/0 [일봉]
035720  카카오       42,200    0.0    +0.0%    0.0x     중간  0.26  0pt/0 [일봉]
030200  KT        53,500    0.0    +0.0%    0.0x     중간  1.29  1pt/0 [일봉]
003490  대한항공      27,000    0.0    +0.0%    0.0x     중간  1.31  1pt/0 [일봉]
004020  현대제철      39,850    0.0    +0.0%    0.0x     중간  1.09  0pt/0 [일봉]

══════════════════════════════════════════════════
→ 전종목 HOLD
✅ Discord 전송 완료

[13:36] HOLD | KODEX RSI69/+3.6%⬆️ | 보유:없음 | 최고신호 HPSP(403870) 2pt/4pt [호가2.9★]
💰 예수금 95,923원 | KODEX200 RSI69/+3.6% 상승추세⬆️  | 매수기준 점수4pt↑

코드      종목명           가격    RSI     변화율    거래량     BB   호가비  B/S
────────────────────────────────────────────────────────────────────────
[2단계 분석 대상: 079550, 086520, 066970, 058470, 042700]
403870  HPSP      48,600    0.0    +0.0%    0.0x     중간  2.96  2pt/0 [일봉]
055550  신한지주      93,800    0.0    +0.0%    0.0x     중간  0.49  0pt/0 [일봉]
015760  한국전력      39,500    0.0    +0.0%    0.0x     중간  0.34  0pt/0 [일봉]
078930  GS        72,100    0.0    +0.0%    0.0x     중간  0.47  0pt/0 [일봉]
035720  카카오       42,250    0.0    +0.0%    0.0x     중간  0.18  0pt/0 [일봉]
030200  KT        53,500    0.0    +0.0%    0.0x     중간  1.33  1pt/0 [일봉]
003490  대한항공      27,000    0.0    +0.0%    0.0x     중간  1.33  1pt/0 [일봉]
004020  현대제철      39,900    0.0    +0.0%    0.0x     중간  0.76  0pt/0 [일봉]

══════════════════════════════════════════════════
→ 전종목 HOLD
✅ Discord 전송 완료

[13:38] HOLD | KODEX RSI69/+3.6%⬆️ | 보유:없음 | 최고신호 HPSP(403870) 2pt/4pt [호가3.0★]
💰 예수금 95,923원 | KODEX200 RSI69/+3.6% 상승추세⬆️  | 매수기준 점수4pt↑

코드      종목명           가격    RSI     변화율    거래량     BB   호가비  B/S
────────────────────────────────────────────────────────────────────────
[2단계 분석 대상: 079550, 058470, 403870, 086520, 138040]
403870  HPSP      48,500   81.2    -4.6%    0.8x     하단  4.54  4pt/0 [5분]
055550  신한지주      93,800    0.0    +0.0%    0.0x     중간  0.43  0pt/0 [일봉]
015760  한국전력      39,550    0.0    +0.0%    0.0x     중간  0.26  0pt/0 [일봉]
078930  GS        72,200    0.0    +0.0%    0.0x     중간  0.47  0pt/0 [일봉]
035720  카카오       42,300    0.0    +0.0%    0.0x     중간  0.20  0pt/0 [일봉]
030200  KT        53,500    0.0    +0.0%    0.0x     중간  1.35  1pt/0 [일봉]
003490  대한항공      27,000    0.0    +0.0%    0.0x     중간  1.27  1pt/0 [일봉]
004020  현대제철      39,950    0.0    +0.0%    0.0x     중간  0.81  0pt/0 [일봉]

══════════════════════════════════════════════════
→ 전종목 HOLD
✅ Discord 전송 완료

[13:40] HOLD | KODEX RSI69/+3.6%⬆️ | 보유:없음 | 최고신호 HPSP(403870) 4pt/4pt [BB하단 / MA골 / 호가4.5★]
💰 예수금 95,923원 | KODEX200 RSI69/+3.6% 상승추세⬆️  | 매수기준 점수4pt↑

코드      종목명           가격    RSI     변화율    거래량     BB   호가비  B/S
────────────────────────────────────────────────────────────────────────
[2단계 분석 대상: 086520, 079550, 403870, 042700, 329180]
403870  HPSP      48,500   81.2    -4.7%    0.8x     하단  4.48  4pt/0 [5분]
055550  신한지주      93,800    0.0    +0.0%    0.0x     중간  0.60  0pt/0 [일봉]
015760  한국전력      39,550    0.0    +0.0%    0.0x     중간  0.25  0pt/0 [일봉]
078930  GS        72,200    0.0    +0.0%    0.0x     중간  0.54  0pt/0 [일봉]
035720  카카오       42,200    0.0    +0.0%    0.0x     중간  0.28  0pt/0 [일봉]
030200  KT        53,600    0.0    +0.0%    0.0x     중간  0.98  0pt/0 [일봉]
003490  대한항공      26,950    0.0    +0.0%    0.0x     중간  1.91  2pt/0 [일봉]
004020  현대제철      40,150    0.0    +0.0%    0.0x     중간  0.54  0pt/0 [일봉]

══════════════════════════════════════════════════
→ 전종목 HOLD
✅ Discord 전송 완료

[13:42] HOLD | KODEX RSI69/+3.6%⬆️ | 보유:없음 | 최고신호 HPSP(403870) 4pt/4pt [BB하단 / MA골 / 호가4.5★]
💰 예수금 95,923원 | KODEX200 RSI69/+3.6% 상승추세⬆️  | 매수기준 점수4pt↑

코드      종목명           가격    RSI     변화율    거래량     BB   호가비  B/S
────────────────────────────────────────────────────────────────────────
[2단계 분석 대상: 086520, 403870, 079550, 058470, 042700]
403870  HPSP      48,500   83.3    -4.8%    0.8x     하단  5.23  4pt/0 [5분]
055550  신한지주      93,600    0.0    +0.0%    0.0x     중간  0.66  0pt/0 [일봉]
015760  한국전력      39,500    0.0    +0.0%    0.0x     중간  0.35  0pt/0 [일봉]
078930  GS        72,300    0.0    +0.0%    0.0x     중간  0.53  0pt/0 [일봉]
035720  카카오       42,150    0.0    +0.0%    0.0x     중간  0.36  0pt/0 [일봉]
030200  KT        53,600    0.0    +0.0%    0.0x     중간  0.87  0pt/0 [일봉]
003490  대한항공      26,950    0.0    +0.0%    0.0x     중간  3.85  2pt/0 [일봉]
004020  현대제철      40,250    0.0    +0.0%    0.0x     중간  0.50  0pt/0 [일봉]

══════════════════════════════════════════════════
→ 전종목 HOLD
✅ Discord 전송 완료

[13:44] HOLD | KODEX RSI69/+3.6%⬆️ | 보유:없음 | 최고신호 HPSP(403870) 4pt/4pt [BB하단 / MA골 / 호가5.2★]
💰 예수금 95,923원 | KODEX200 RSI69/+3.5% 상승추세⬆️  | 매수기준 점수4pt↑

코드      종목명           가격    RSI     변화율    거래량     BB   호가비  B/S
────────────────────────────────────────────────────────────────────────
[2단계 분석 대상: 403870, 086520, 079550, 058470, 042700]
403870  HPSP      48,500   83.3    -4.8%    0.8x     하단  7.95  4pt/0 [5분]
055550  신한지주      93,600    0.0    +0.0%    0.0x     중간  0.65  0pt/0 [일봉]
015760  한국전력      39,550    0.0    +0.0%    0.0x     중간  0.24  0pt/0 [일봉]
078930  GS        72,200    0.0    +0.0%    0.0x     중간  0.60  0pt/0 [일봉]
035720  카카오       42,000    0.0    +0.0%    0.0x     중간  0.51  0pt/0 [일봉]
030200  KT        53,500    0.0    +0.0%    0.0x     중간  1.20  1pt/0 [일봉]
003490  대한항공      26,950    0.0    +0.0%    0.0x     중간  3.82  2pt/0 [일봉]
004020  현대제철      40,250    0.0    +0.0%    0.0x     중간  0.48  0pt/0 [일봉]

══════════════════════════════════════════════════
→ 전종목 HOLD
✅ Discord 전송 완료

[13:46] HOLD | KODEX RSI69/+3.5%⬆️ | 보유:없음 | 최고신호 HPSP(403870) 4pt/4pt [BB하단 / MA골 / 호가8.0★]
💰 예수금 95,923원 | KODEX200 RSI69/+3.5% 상승추세⬆️  | 매수기준 점수4pt↑

코드      종목명           가격    RSI     변화율    거래량     BB   호가비  B/S
────────────────────────────────────────────────────────────────────────
[2단계 분석 대상: 086520, 079550, 042700, 058470, 403870]
403870  HPSP      48,550   83.3    -4.5%    0.8x     하단  3.34  4pt/0 [5분]
055550  신한지주      93,800    0.0    +0.0%    0.0x     중간  0.34  0pt/0 [일봉]
015760  한국전력      39,500    0.0    +0.0%    0.0x     중간  0.32  0pt/0 [일봉]
078930  GS        72,300    0.0    +0.0%    0.0x     중간  0.76  0pt/0 [일봉]
035720  카카오       42,000    0.0    +0.0%    0.0x     중간  0.66  0pt/0 [일봉]
030200  KT        53,500    0.0    +0.0%    0.0x     중간  1.25  1pt/0 [일봉]
003490  대한항공      27,000    0.0    +0.0%    0.0x     중간  2.32  2pt/0 [일봉]
004020  현대제철      40,150    0.0    +0.0%    0.0x     중간  0.55  0pt/0 [일봉]

══════════════════════════════════════════════════
→ 전종목 HOLD
✅ Discord 전송 완료

[13:48] HOLD | KODEX RSI69/+3.5%⬆️ | 보유:없음 | 최고신호 HPSP(403870) 4pt/4pt [BB하단 / MA골 / 호가3.3★]
💰 예수금 95,923원 | KODEX200 RSI69/+3.6% 상승추세⬆️  | 매수기준 점수4pt↑

코드      종목명           가격    RSI     변화율    거래량     BB   호가비  B/S
────────────────────────────────────────────────────────────────────────
[2단계 분석 대상: 086520, 079550, 042700, 138040, 058470]
403870  HPSP      48,650    0.0    +0.0%    0.0x     중간  1.89  0pt/0 [일봉]
055550  신한지주      93,700    0.0    +0.0%    0.0x     중간  0.35  0pt/0 [일봉]
015760  한국전력      39,600    0.0    +0.0%    0.0x     중간  0.21  0pt/0 [일봉]
078930  GS        72,200    0.0    +0.0%    0.0x     중간  0.61  0pt/0 [일봉]
035720  카카오       42,000    0.0    +0.0%    0.0x     중간  1.33  0pt/0 [일봉]
030200  KT        53,500    0.0    +0.0%    0.0x     중간  1.20  0pt/0 [일봉]
003490  대한항공      27,000    0.0    +0.0%    0.0x     중간  2.35  0pt/0 [일봉]
004020  현대제철      40,250    0.0    +0.0%    0.0x     중간  0.52  0pt/0 [일봉]

══════════════════════════════════════════════════
→ 전종목 HOLD
✅ Discord 전송 완료

[13:50] HOLD | KODEX RSI69/+3.6%⬆️ | 보유:없음 | 최고신호 HPSP(403870) 0pt/4pt
💰 예수금 95,923원 | KODEX200 RSI69/+3.5% 상승추세⬆️  | 매수기준 점수4pt↑

코드      종목명           가격    RSI     변화율    거래량     BB   호가비  B/S
────────────────────────────────────────────────────────────────────────
[2단계 분석 대상: 086520, 079550, 042700, 138040, 066970]
403870  HPSP      48,650    0.0    +0.0%    0.0x     중간  2.34  0pt/0 [일봉]
055550  신한지주      93,600    0.0    +0.0%    0.0x     중간  0.57  0pt/0 [일봉]
015760  한국전력      39,500    0.0    +0.0%    0.0x     중간  0.33  0pt/0 [일봉]
078930  GS        72,200    0.0    +0.0%    0.0x     중간  0.60  0pt/0 [일봉]
035720  카카오       42,000    0.0    +0.0%    0.0x     중간  1.33  0pt/0 [일봉]
030200  KT        53,500    0.0    +0.0%    0.0x     중간  1.20  0pt/0 [일봉]
003490  대한항공      27,000    0.0    +0.0%    0.0x     중간  2.33  0pt/0 [일봉]
004020  현대제철      40,100    0.0    +0.0%    0.0x     중간  1.22  0pt/0 [일봉]

══════════════════════════════════════════════════
→ 전종목 HOLD
✅ Discord 전송 완료

[13:52] HOLD | KODEX RSI69/+3.5%⬆️ | 보유:없음 | 최고신호 HPSP(403870) 0pt/4pt
💰 예수금 95,923원 | KODEX200 RSI69/+3.6% 상승추세⬆️  | 매수기준 점수4pt↑

코드      종목명           가격    RSI     변화율    거래량     BB   호가비  B/S
────────────────────────────────────────────────────────────────────────
[2단계 분석 대상: 086520, 066970, 403870, 138040, 003490]
403870  HPSP      48,550   76.4    -4.6%    0.8x     하단  4.52  1pt/0 [5분]
055550  신한지주      93,700    0.0    +0.0%    0.0x     중간  0.41  0pt/0 [일봉]
011200  HMM       19,450    0.0    +0.0%    0.0x     중간  2.11  0pt/0 [일봉]
015760  한국전력      39,500    0.0    +0.0%    0.0x     중간  0.32  0pt/0 [일봉]
035720  카카오       42,200    0.0    +0.0%    0.0x     중간  0.34  0pt/0 [일봉]
030200  KT        53,700    0.0    +0.0%    0.0x     중간  0.81  0pt/0 [일봉]
003490  대한항공      27,000   80.0    -0.2%    0.6x     중간  2.30  0pt/0 [5분]
004020  현대제철      40,300    0.0    +0.0%    0.0x     중간  0.95  0pt/0 [일봉]
078930  GS        72,200    0.0    +0.0%    0.0x     중간  0.49  0pt/0 [일봉]

══════════════════════════════════════════════════
→ 전종목 HOLD
✅ Discord 전송 완료

[13:54] HOLD | KODEX RSI69/+3.6%⬆️ | 보유:없음 | 최고신호 HPSP(403870) 1pt/4pt [연속상승]
💰 예수금 95,923원 | KODEX200 RSI69/+3.7% 상승추세⬆️  | 매수기준 점수4pt↑

코드      종목명           가격    RSI     변화율    거래량     BB   호가비  B/S
────────────────────────────────────────────────────────────────────────
[2단계 분석 대상: 086520, 403870, 003490, 138040, 064350]
403870  HPSP      48,600   76.4    -4.9%    0.8x     하단  4.05  1pt/0 [5분]
055550  신한지주      93,700    0.0    +0.0%    0.0x     중간  0.39  0pt/0 [일봉]
011200  HMM       19,440    0.0    +0.0%    0.0x     중간  1.96  0pt/0 [일봉]
015760  한국전력      39,550    0.0    +0.0%    0.0x     중간  0.23  0pt/0 [일봉]
035720  카카오       42,200    0.0    +0.0%    0.0x     중간  0.40  0pt/0 [일봉]
030200  KT        53,600    0.0    +0.0%    0.0x     중간  0.89  0pt/0 [일봉]
003490  대한항공      26,950   80.0    -0.3%    0.6x     중간  3.79  0pt/0 [5분]
004020  현대제철      40,350    0.0    +0.0%    0.0x     중간  0.85  0pt/0 [일봉]
078930  GS        72,500    0.0    +0.0%    0.0x     중간  0.58  0pt/0 [일봉]

══════════════════════════════════════════════════
→ 전종목 HOLD
✅ Discord 전송 완료

[13:56] HOLD | KODEX RSI69/+3.7%⬆️ | 보유:없음 | 최고신호 HPSP(403870) 1pt/4pt [연속상승]
💰 예수금 95,923원 | KODEX200 RSI69/+3.6% 상승추세⬆️  | 매수기준 점수4pt↑

코드      종목명           가격    RSI     변화율    거래량     BB   호가비  B/S
────────────────────────────────────────────────────────────────────────
[2단계 분석 대상: 086520, 403870, 003490, 086790, 066970]
403870  HPSP      48,450   76.4    -5.0%    0.8x     하단  7.04  1pt/0 [5분]
055550  신한지주      93,800    0.0    +0.0%    0.0x     중간  0.37  0pt/0 [일봉]
011200  HMM       19,480    0.0    +0.0%    0.0x     중간  1.47  0pt/0 [일봉]
015760  한국전력      39,600    0.0    +0.0%    0.0x     중간  0.23  0pt/0 [일봉]
035720  카카오       42,200    0.0    +0.0%    0.0x     중간  0.41  0pt/0 [일봉]
030200  KT        53,600    0.0    +0.0%    0.0x     중간  0.90  0pt/0 [일봉]
003490  대한항공      26,950   80.0    -0.2%    0.6x     중간  3.78  0pt/0 [5분]
004020  현대제철      40,400    0.0    +0.0%    0.0x     중간  1.49  0pt/0 [일봉]
078930  GS        72,400    0.0    +0.0%    0.0x     중간  0.63  0pt/0 [일봉]

══════════════════════════════════════════════════
→ 전종목 HOLD
✅ Discord 전송 완료

[13:58] HOLD | KODEX RSI69/+3.6%⬆️ | 보유:없음 | 최고신호 HPSP(403870) 1pt/4pt [연속상승]
💰 예수금 95,923원 | KODEX200 RSI69/+3.6% 상승추세⬆️  | 매수기준 점수4pt↑

코드      종목명           가격    RSI     변화율    거래량     BB   호가비  B/S
────────────────────────────────────────────────────────────────────────
[2단계 분석 대상: 403870, 086520, 003490, 011200, 247540]
403870  HPSP      48,350   74.0    -5.0%    0.8x     하단  7.71  1pt/0 [5분]
055550  신한지주      93,700    0.0    +0.0%    0.0x     중간  0.48  0pt/0 [일봉]
011200  HMM       19,460   81.1    -0.8%    0.7x     중간  2.38  1pt/0 [5분]
015760  한국전력      39,600    0.0    +0.0%    0.0x     중간  0.22  0pt/0 [일봉]
035720  카카오       42,150    0.0    +0.0%    0.0x     중간  0.53  0pt/0 [일봉]
030200  KT        53,600    0.0    +0.0%    0.0x     중간  0.92  0pt/0 [일봉]
003490  대한항공      26,950   76.2    -0.2%    0.6x     상단  3.76  1pt/0 [5분]
004020  현대제철      40,350    0.0    +0.0%    0.0x     중간  1.09  0pt/0 [일봉]
078930  GS        72,300    0.0    +0.0%    0.0x     중간  0.54  0pt/0 [일봉]

══════════════════════════════════════════════════
⏰ 매수 세션 종료 (14:00↑) — 신규 매수 중단
→ 전종목 HOLD
✅ Discord 전송 완료

[14:00] HOLD | KODEX RSI69/+3.6%⬆️ | 보유:없음 | 최고신호 HPSP(403870) 1pt/4pt [연속상승]
💰 예수금 95,923원 | KODEX200 RSI69/+3.6% 상승추세⬆️  | 매수기준 점수4pt↑

코드      종목명           가격    RSI     변화율    거래량     BB   호가비  B/S
────────────────────────────────────────────────────────────────────────
[2단계 분석 대상: 086520, 403870, 003490, 000150, 247540]
403870  HPSP      48,350   74.0    -5.1%    0.8x     하단  4.05  1pt/0 [5분]
055550  신한지주      93,900    0.0    +0.0%    0.0x     중간  0.26  0pt/0 [일봉]
011200  HMM       19,450    0.0    +0.0%    0.0x     중간  1.33  0pt/0 [일봉]
015760  한국전력      39,600    0.0    +0.0%    0.0x     중간  0.21  0pt/0 [일봉]
035720  카카오       42,100    0.0    +0.0%    0.0x     중간  0.68  0pt/0 [일봉]
030200  KT        53,600    0.0    +0.0%    0.0x     중간  0.93  0pt/0 [일봉]
003490  대한항공      26,950   76.2    -0.2%    0.6x     상단  3.61  1pt/0 [5분]
004020  현대제철      40,400    0.0    +0.0%    0.0x     중간  1.00  0pt/0 [일봉]
078930  GS        72,200    0.0    +0.0%    0.0x     중간  0.39  0pt/0 [일봉]

══════════════════════════════════════════════════
⏰ 매수 세션 종료 (14:00↑) — 신규 매수 중단
→ 전종목 HOLD
✅ Discord 전송 완료

[14:02] HOLD | KODEX RSI69/+3.6%⬆️ | 보유:없음 | 최고신호 HPSP(403870) 1pt/4pt [연속상승]
💰 예수금 95,923원 | KODEX200 RSI69/+3.6% 상승추세⬆️  | 매수기준 점수4pt↑

코드      종목명           가격    RSI     변화율    거래량     BB   호가비  B/S
────────────────────────────────────────────────────────────────────────
[2단계 분석 대상: 403870, 086520, 003490, 000150, 000270]
403870  HPSP      48,500   74.0    -4.8%    0.8x     하단  7.02  1pt/0 [5분]
055550  신한지주      93,900    0.0    +0.0%    0.0x     중간  0.17  0pt/0 [일봉]
011200  HMM       19,470    0.0    +0.0%    0.0x     중간  2.14  0pt/0 [일봉]
015760  한국전력      39,550    0.0    +0.0%    0.0x     중간  0.24  0pt/0 [일봉]
035720  카카오       42,050    0.0    +0.0%    0.0x     중간  0.68  0pt/0 [일봉]
030200  KT        53,600    0.0    +0.0%    0.0x     중간  0.95  0pt/0 [일봉]
003490  대한항공      26,900   68.4    -0.4%    0.6x     상단  4.15  0pt/0 [5분]
004020  현대제철      40,250    0.0    +0.0%    0.0x     중간  1.47  0pt/0 [일봉]
078930  GS        72,300    0.0    +0.0%    0.0x     중간  0.47  0pt/0 [일봉]

══════════════════════════════════════════════════
⏰ 매수 세션 종료 (14:00↑) — 신규 매수 중단
→ 전종목 HOLD
✅ Discord 전송 완료

[14:04] HOLD | KODEX RSI69/+3.6%⬆️ | 보유:없음 | 최고신호 HPSP(403870) 1pt/4pt [연속상승]
💰 예수금 95,923원 | KODEX200 RSI69/+3.5% 상승추세⬆️  | 매수기준 점수4pt↑

코드      종목명           가격    RSI     변화율    거래량     BB   호가비  B/S
────────────────────────────────────────────────────────────────────────
[2단계 분석 대상: 403870, 003490, 086520, 086790, 000150]
403870  HPSP      48,550   64.9    -4.8%    0.9x     하단  4.68  2pt/0 [5분]
055550  신한지주      94,100    0.0    +0.0%    0.0x     중간  0.30  0pt/0 [일봉]
011200  HMM       19,460    0.0    +0.0%    0.0x     중간  1.76  0pt/0 [일봉]
015760  한국전력      39,450    0.0    +0.0%    0.0x     중간  0.37  0pt/0 [일봉]
035720  카카오       42,000    0.0    +0.0%    0.0x     중간  1.49  0pt/0 [일봉]
030200  KT        53,800    0.0    +0.0%    0.0x     중간  0.75  0pt/0 [일봉]
003490  대한항공      26,900   68.4    -0.6%    0.7x     중간  4.10  0pt/0 [5분]
004020  현대제철      40,200    0.0    +0.0%    0.0x     중간  1.52  0pt/0 [일봉]
078930  GS        72,400    0.0    +0.0%    0.0x     중간  0.37  0pt/0 [일봉]

══════════════════════════════════════════════════
⏰ 매수 세션 종료 (14:00↑) — 신규 매수 중단
→ 전종목 HOLD
✅ Discord 전송 완료

[14:06] HOLD | KODEX RSI69/+3.5%⬆️ | 보유:없음 | 최고신호 HPSP(403870) 2pt/4pt [RSI65 / 연속상승]
💰 예수금 95,923원 | KODEX200 RSI69/+3.6% 상승추세⬆️  | 매수기준 점수4pt↑

코드      종목명           가격    RSI     변화율    거래량     BB   호가비  B/S
────────────────────────────────────────────────────────────────────────
[2단계 분석 대상: 000150, 003490, 011200, 086520, 086790]
403870  HPSP      48,700    0.0    +0.0%    0.0x     중간  1.46  0pt/0 [일봉]
055550  신한지주      94,100    0.0    +0.0%    0.0x     중간  0.40  0pt/0 [일봉]
011200  HMM       19,440   77.1    -1.0%    0.7x     중간  2.35  1pt/0 [5분]
015760  한국전력      39,500    0.0    +0.0%    0.0x     중간  0.32  0pt/0 [일봉]
035720  카카오       42,100    0.0    +0.0%    0.0x     중간  0.78  0pt/0 [일봉]
030200  KT        53,800    0.0    +0.0%    0.0x     중간  0.80  0pt/0 [일봉]
003490  대한항공      26,900   68.4    -0.6%    0.7x     중간  3.99  0pt/0 [5분]
004020  현대제철      40,250    0.0    +0.0%    0.0x     중간  1.08  0pt/0 [일봉]
078930  GS        72,300    0.0    +0.0%    0.0x     중간  0.46  0pt/0 [일봉]

══════════════════════════════════════════════════
⏰ 매수 세션 종료 (14:00↑) — 신규 매수 중단
→ 전종목 HOLD
✅ Discord 전송 완료

[14:08] HOLD | KODEX RSI69/+3.6%⬆️ | 보유:없음 | 최고신호 HMM(011200) 1pt/4pt [연속상승]
💰 예수금 95,923원 | KODEX200 RSI69/+3.6% 상승추세⬆️  | 매수기준 점수4pt↑

코드      종목명           가격    RSI     변화율    거래량     BB   호가비  B/S
────────────────────────────────────────────────────────────────────────
[2단계 분석 대상: 003490, 000150, 011200, 086790, 064350]
403870  HPSP      48,900    0.0    +0.0%    0.0x     중간  0.58  0pt/0 [일봉]
055550  신한지주      94,300    0.0    +0.0%    0.0x     중간  0.27  0pt/0 [일봉]
011200  HMM       19,460   72.6    -0.8%    0.7x     중간  2.21  0pt/0 [5분]
015760  한국전력      39,500    0.0    +0.0%    0.0x     중간  0.34  0pt/0 [일봉]
035720  카카오       42,050    0.0    +0.0%    0.0x     중간  0.91  0pt/0 [일봉]
030200  KT        53,800    0.0    +0.0%    0.0x     중간  0.80  0pt/0 [일봉]
003490  대한항공      26,900   63.2    -0.6%    0.7x     상단  4.08  1pt/0 [5분]
004020  현대제철      40,300    0.0    +0.0%    0.0x     중간  1.27  0pt/0 [일봉]
078930  GS        72,500    0.0    +0.0%    0.0x     중간  0.60  0pt/0 [일봉]

══════════════════════════════════════════════════
⏰ 매수 세션 종료 (14:00↑) — 신규 매수 중단
→ 전종목 HOLD
✅ Discord 전송 완료

[14:10] HOLD | KODEX RSI69/+3.6%⬆️ | 보유:없음 | 최고신호 대한항공(003490) 1pt/4pt [RSI63]
💰 예수금 95,923원 | KODEX200 RSI69/+3.6% 상승추세⬆️  | 매수기준 점수4pt↑

코드      종목명           가격    RSI     변화율    거래량     BB   호가비  B/S
────────────────────────────────────────────────────────────────────────
[2단계 분석 대상: 000150, 003490, 086520, 066970, 034020]
403870  HPSP      48,800    0.0    +0.0%    0.0x     중간  0.80  0pt/0 [일봉]
055550  신한지주      94,700    0.0    +0.0%    0.0x     중간  0.16  0pt/0 [일봉]
011200  HMM       19,500    0.0    +0.0%    0.0x     중간  1.53  0pt/0 [일봉]
015760  한국전력      39,550    0.0    +0.0%    0.0x     중간  0.22  0pt/0 [일봉]
035720  카카오       42,050    0.0    +0.0%    0.0x     중간  0.91  0pt/0 [일봉]
030200  KT        53,900    0.0    +0.0%    0.0x     중간  0.80  0pt/0 [일봉]
003490  대한항공      26,950   63.2    -0.4%    0.7x     상단  3.65  1pt/0 [5분]
004020  현대제철      40,300    0.0    +0.0%    0.0x     중간  1.15  0pt/0 [일봉]
078930  GS        72,600    0.0    +0.0%    0.0x     중간  0.47  0pt/0 [일봉]

══════════════════════════════════════════════════
⏰ 매수 세션 종료 (14:00↑) — 신규 매수 중단
→ 전종목 HOLD
✅ Discord 전송 완료

[14:12] HOLD | KODEX RSI69/+3.6%⬆️ | 보유:없음 | 최고신호 대한항공(003490) 1pt/4pt [RSI63]
💰 예수금 95,923원 | KODEX200 RSI69/+3.7% 상승추세⬆️  | 매수기준 점수4pt↑

코드      종목명           가격    RSI     변화율    거래량     BB   호가비  B/S
────────────────────────────────────────────────────────────────────────
[2단계 분석 대상: 000150, 003490, 086520, 011200, 032830]
403870  HPSP      48,750    0.0    +0.0%    0.0x     중간  1.03  0pt/0 [일봉]
055550  신한지주      94,500    0.0    +0.0%    0.0x     중간  0.19  0pt/0 [일봉]
011200  HMM       19,500   72.2    -0.7%    0.7x     중간  1.55  0pt/0 [5분]
015760  한국전력      39,550    0.0    +0.0%    0.0x     중간  0.23  0pt/0 [일봉]
035720  카카오       42,050    0.0    +0.0%    0.0x     중간  0.92  0pt/0 [일봉]
030200  KT        53,900    0.0    +0.0%    0.0x     중간  0.75  0pt/0 [일봉]
003490  대한항공      26,950   63.2    -0.4%    0.7x     상단  3.55  1pt/0 [5분]
004020  현대제철      40,200    0.0    +0.0%    0.0x     중간  1.37  0pt/0 [일봉]
078930  GS        72,600    0.0    +0.0%    0.0x     중간  0.90  0pt/0 [일봉]

══════════════════════════════════════════════════
⏰ 매수 세션 종료 (14:00↑) — 신규 매수 중단
→ 전종목 HOLD
✅ Discord 전송 완료

[14:14] HOLD | KODEX RSI69/+3.7%⬆️ | 보유:없음 | 최고신호 대한항공(003490) 1pt/4pt [RSI63]
💰 예수금 95,923원 | KODEX200 RSI69/+3.7% 상승추세⬆️  | 매수기준 점수4pt↑

코드      종목명           가격    RSI     변화율    거래량     BB   호가비  B/S
────────────────────────────────────────────────────────────────────────
[2단계 분석 대상: 000880, 003490, 086520, 086790, 032830]
403870  HPSP      48,700    0.0    +0.0%    0.0x     중간  1.53  0pt/0 [일봉]
055550  신한지주      94,700    0.0    +0.0%    0.0x     중간  0.23  0pt/0 [일봉]
011200  HMM       19,490    0.0    +0.0%    0.0x     중간  1.26  0pt/0 [일봉]
015760  한국전력      39,550    0.0    +0.0%    0.0x     중간  0.22  0pt/0 [일봉]
035720  카카오       42,000    0.0    +0.0%    0.0x     중간  1.18  0pt/0 [일봉]
030200  KT        53,700    0.0    +0.0%    0.0x     중간  0.97  0pt/0 [일봉]
003490  대한항공      26,950   65.0    -0.4%    0.7x     상단  3.50  2pt/0 [5분]
004020  현대제철      40,100    0.0    +0.0%    0.0x     중간  1.64  0pt/0 [일봉]
078930  GS        72,700    0.0    +0.0%    0.0x     중간  0.96  0pt/0 [일봉]

══════════════════════════════════════════════════
⏰ 매수 세션 종료 (14:00↑) — 신규 매수 중단
→ 전종목 HOLD
✅ Discord 전송 완료

[14:16] HOLD | KODEX RSI69/+3.7%⬆️ | 보유:없음 | 최고신호 대한항공(003490) 2pt/4pt [RSI65 / 연속상승]
💰 예수금 95,923원 | KODEX200 RSI69/+3.6% 상승추세⬆️  | 매수기준 점수4pt↑

코드      종목명           가격    RSI     변화율    거래량     BB   호가비  B/S
────────────────────────────────────────────────────────────────────────
[2단계 분석 대상: 066970, 000880, 003490, 086520, 011200]
403870  HPSP      48,700    0.0    +0.0%    0.0x     중간  1.30  0pt/0 [일봉]
055550  신한지주      94,500    0.0    +0.0%    0.0x     중간  0.20  0pt/0 [일봉]
011200  HMM       19,490   72.2    -0.7%    0.7x     중간  1.99  0pt/0 [5분]
015760  한국전력      39,550    0.0    +0.0%    0.0x     중간  0.28  0pt/0 [일봉]
035720  카카오       42,000    0.0    +0.0%    0.0x     중간  1.06  0pt/0 [일봉]
030200  KT        53,700    0.0    +0.0%    0.0x     중간  0.99  0pt/0 [일봉]
003490  대한항공      26,950   65.0    -0.4%    0.7x     상단  3.62  2pt/0 [5분]
004020  현대제철      40,100    0.0    +0.0%    0.0x     중간  1.93  0pt/0 [일봉]
078930  GS        72,700    0.0    +0.0%    0.0x     중간  0.81  0pt/0 [일봉]

══════════════════════════════════════════════════
⏰ 매수 세션 종료 (14:00↑) — 신규 매수 중단
→ 전종목 HOLD
✅ Discord 전송 완료

[14:18] HOLD | KODEX RSI69/+3.6%⬆️ | 보유:없음 | 최고신호 대한항공(003490) 2pt/4pt [RSI65 / 연속상승]
💰 예수금 95,923원 | KODEX200 RSI69/+3.6% 상승추세⬆️  | 매수기준 점수4pt↑

코드      종목명           가격    RSI     변화율    거래량     BB   호가비  B/S
────────────────────────────────────────────────────────────────────────
[2단계 분석 대상: 066970, 032830, 086520, 003490, 086790]
403870  HPSP      48,800    0.0    +0.0%    0.0x     중간  0.86  0pt/0 [일봉]
055550  신한지주      94,500    0.0    +0.0%    0.0x     중간  0.18  0pt/0 [일봉]
011200  HMM       19,500    0.0    +0.0%    0.0x     중간  1.64  0pt/0 [일봉]
015760  한국전력      39,550    0.0    +0.0%    0.0x     중간  0.28  0pt/0 [일봉]
035720  카카오       42,000    0.0    +0.0%    0.0x     중간  0.95  0pt/0 [일봉]
030200  KT        53,700    0.0    +0.0%    0.0x     중간  0.90  0pt/0 [일봉]
003490  대한항공      26,950   63.2    -0.3%    0.7x     상단  2.05  1pt/0 [5분]
004020  현대제철      40,150    0.0    +0.0%    0.0x     중간  1.04  0pt/0 [일봉]
078930  GS        72,700    0.0    +0.0%    0.0x     중간  0.83  0pt/0 [일봉]

══════════════════════════════════════════════════
⏰ 매수 세션 종료 (14:00↑) — 신규 매수 중단
→ 전종목 HOLD
✅ Discord 전송 완료

[14:20] HOLD | KODEX RSI69/+3.6%⬆️ | 보유:없음 | 최고신호 대한항공(003490) 1pt/4pt [RSI63]
💰 예수금 95,923원 | KODEX200 RSI69/+3.7% 상승추세⬆️  | 매수기준 점수4pt↑

코드      종목명           가격    RSI     변화율    거래량     BB   호가비  B/S
────────────────────────────────────────────────────────────────────────
[2단계 분석 대상: 066970, 000720, 086520, 086790, 003490]
403870  HPSP      48,850    0.0    +0.0%    0.0x     중간  0.92  0pt/0 [일봉]
055550  신한지주      94,400    0.0    +0.0%    0.0x     중간  0.25  0pt/0 [일봉]
011200  HMM       19,490    0.0    +0.0%    0.0x     중간  1.62  0pt/0 [일봉]
015760  한국전력      39,550    0.0    +0.0%    0.0x     중간  0.28  0pt/0 [일봉]
035720  카카오       41,900    0.0    +0.0%    0.0x     중간  1.08  0pt/0 [일봉]
030200  KT        53,600    0.0    +0.0%    0.0x     중간  0.91  0pt/0 [일봉]
003490  대한항공      26,950   63.2    -0.2%    0.7x     상단  2.08  1pt/0 [5분]
004020  현대제철      40,250    0.0    +0.0%    0.0x     중간  0.64  0pt/0 [일봉]
078930  GS        72,500    0.0    +0.0%    0.0x     중간  0.97  0pt/0 [일봉]

══════════════════════════════════════════════════
⏰ 매수 세션 종료 (14:00↑) — 신규 매수 중단
→ 전종목 HOLD
✅ Discord 전송 완료

[14:22] HOLD | KODEX RSI69/+3.7%⬆️ | 보유:없음 | 최고신호 대한항공(003490) 1pt/4pt [RSI63]
💰 예수금 95,923원 | KODEX200 RSI69/+3.7% 상승추세⬆️  | 매수기준 점수4pt↑

코드      종목명           가격    RSI     변화율    거래량     BB   호가비  B/S
────────────────────────────────────────────────────────────────────────
[2단계 분석 대상: 066970, 086520, 000720, 003490, 034020]
403870  HPSP      48,750    0.0    +0.0%    0.0x     중간  1.05  0pt/0 [일봉]
055550  신한지주      94,400    0.0    +0.0%    0.0x     중간  0.34  0pt/0 [일봉]
011200  HMM       19,500    0.0    +0.0%    0.0x     중간  1.60  0pt/0 [일봉]
015760  한국전력      39,550    0.0    +0.0%    0.0x     중간  0.23  0pt/0 [일봉]
035720  카카오       41,900    0.0    +0.0%    0.0x     중간  1.14  0pt/0 [일봉]
030200  KT        53,600    0.0    +0.0%    0.0x     중간  0.91  0pt/0 [일봉]
003490  대한항공      26,900   57.9    -0.6%    0.7x     상단  2.08  1pt/0 [5분]
004020  현대제철      40,200    0.0    +0.0%    0.0x     중간  0.66  0pt/0 [일봉]
078930  GS        72,500    0.0    +0.0%    0.0x     중간  0.87  0pt/0 [일봉]

══════════════════════════════════════════════════
⏰ 매수 세션 종료 (14:00↑) — 신규 매수 중단
→ 전종목 HOLD
✅ Discord 전송 완료

[14:24] HOLD | KODEX RSI69/+3.7%⬆️ | 보유:없음 | 최고신호 대한항공(003490) 1pt/4pt [RSI58]
💰 예수금 95,923원 | KODEX200 RSI69/+3.7% 상승추세⬆️  | 매수기준 점수4pt↑

코드      종목명           가격    RSI     변화율    거래량     BB   호가비  B/S
────────────────────────────────────────────────────────────────────────
[2단계 분석 대상: 066970, 086520, 000720, 032830, 003490]
403870  HPSP      48,750    0.0    +0.0%    0.0x     중간  1.25  0pt/0 [일봉]
055550  신한지주      94,600    0.0    +0.0%    0.0x     중간  0.23  0pt/0 [일봉]
011200  HMM       19,510    0.0    +0.0%    0.0x     중간  0.85  0pt/0 [일봉]
015760  한국전력      39,550    0.0    +0.0%    0.0x     중간  0.22  0pt/0 [일봉]
035720  카카오       41,950    0.0    +0.0%    0.0x     중간  1.09  0pt/0 [일봉]
030200  KT        53,700    0.0    +0.0%    0.0x     중간  0.81  0pt/0 [일봉]
003490  대한항공      26,950   57.9    -0.4%    0.7x     상단  1.73  1pt/0 [5분]
004020  현대제철      40,300    0.0    +0.0%    0.0x     중간  0.71  0pt/0 [일봉]
078930  GS        72,600    0.0    +0.0%    0.0x     중간  0.87  0pt/0 [일봉]

══════════════════════════════════════════════════
⏰ 매수 세션 종료 (14:00↑) — 신규 매수 중단
→ 전종목 HOLD
✅ Discord 전송 완료

[14:26] HOLD | KODEX RSI69/+3.7%⬆️ | 보유:없음 | 최고신호 대한항공(003490) 1pt/4pt [RSI58]
💰 예수금 95,923원 | KODEX200 RSI69/+3.7% 상승추세⬆️  | 매수기준 점수4pt↑

코드      종목명           가격    RSI     변화율    거래량     BB   호가비  B/S
────────────────────────────────────────────────────────────────────────
[2단계 분석 대상: 086520, 032830, 066970, 000720, 000880]
403870  HPSP      48,800    0.0    +0.0%    0.0x     중간  1.08  0pt/0 [일봉]
055550  신한지주      94,400    0.0    +0.0%    0.0x     중간  0.26  0pt/0 [일봉]
011200  HMM       19,510    0.0    +0.0%    0.0x     중간  1.52  0pt/0 [일봉]
015760  한국전력      39,550    0.0    +0.0%    0.0x     중간  0.24  0pt/0 [일봉]
035720  카카오       41,950    0.0    +0.0%    0.0x     중간  1.05  0pt/0 [일봉]
030200  KT        53,600    0.0    +0.0%    0.0x     중간  0.92  0pt/0 [일봉]
003490  대한항공      26,950    0.0    +0.0%    0.0x     중간  1.81  0pt/0 [일봉]
004020  현대제철      40,400    0.0    +0.0%    0.0x     중간  0.33  0pt/0 [일봉]
078930  GS        72,600    0.0    +0.0%    0.0x     중간  0.83  0pt/0 [일봉]

══════════════════════════════════════════════════
⏰ 매수 세션 종료 (14:00↑) — 신규 매수 중단
→ 전종목 HOLD
✅ Discord 전송 완료

[14:28] HOLD | KODEX RSI69/+3.7%⬆️ | 보유:없음 | 최고신호 HPSP(403870) 0pt/4pt
💰 예수금 95,923원 | KODEX200 RSI69/+3.7% 상승추세⬆️  | 매수기준 점수4pt↑

코드      종목명           가격    RSI     변화율    거래량     BB   호가비  B/S
────────────────────────────────────────────────────────────────────────
[2단계 분석 대상: 086520, 032830, 066970, 138040, 034020]
403870  HPSP      48,750    0.0    +0.0%    0.0x     중간  0.91  0pt/0 [일봉]
055550  신한지주      94,300    0.0    +0.0%    0.0x     중간  0.28  0pt/0 [일봉]
011200  HMM       19,510    0.0    +0.0%    0.0x     중간  1.22  0pt/0 [일봉]
015760  한국전력      39,500    0.0    +0.0%    0.0x     중간  0.41  0pt/0 [일봉]
035720  카카오       41,850    0.0    +0.0%    0.0x     중간  1.15  0pt/0 [일봉]
030200  KT        53,500    0.0    +0.0%    0.0x     중간  1.14  0pt/0 [일봉]
003490  대한항공      26,950    0.0    +0.0%    0.0x     중간  1.90  0pt/0 [일봉]
004020  현대제철      40,550    0.0    +0.0%    0.0x     중간  0.40  0pt/0 [일봉]
078930  GS        72,500    0.0    +0.0%    0.0x     중간  0.73  0pt/0 [일봉]

══════════════════════════════════════════════════
⏰ 매수 세션 종료 (14:00↑) — 신규 매수 중단
→ 전종목 HOLD
✅ Discord 전송 완료

[14:30] HOLD | KODEX RSI69/+3.7%⬆️ | 보유:없음 | 최고신호 HPSP(403870) 0pt/4pt
💰 예수금 95,923원 | KODEX200 RSI69/+3.8% 상승추세⬆️  | 매수기준 점수4pt↑

코드      종목명           가격    RSI     변화율    거래량     BB   호가비  B/S
────────────────────────────────────────────────────────────────────────
[2단계 분석 대상: 086520, 138040, 034020, 042660, 066970]
403870  HPSP      48,750    0.0    +0.0%    0.0x     중간  0.75  0pt/0 [일봉]
055550  신한지주      94,300    0.0    +0.0%    0.0x     중간  0.32  0pt/0 [일봉]
011200  HMM       19,510    0.0    +0.0%    0.0x     중간  1.38  0pt/0 [일봉]
015760  한국전력      39,500    0.0    +0.0%    0.0x     중간  0.42  0pt/0 [일봉]
035720  카카오       41,800    0.0    +0.0%    0.0x     중간  1.41  0pt/0 [일봉]
030200  KT        53,500    0.0    +0.0%    0.0x     중간  0.96  0pt/0 [일봉]
003490  대한항공      26,900    0.0    +0.0%    0.0x     중간  2.14  0pt/0 [일봉]
004020  현대제철      40,500    0.0    +0.0%    0.0x     중간  0.69  0pt/0 [일봉]
078930  GS        72,400    0.0    +0.0%    0.0x     중간  0.65  0pt/0 [일봉]

══════════════════════════════════════════════════
⏰ 매수 세션 종료 (14:00↑) — 신규 매수 중단
→ 전종목 HOLD
✅ Discord 전송 완료

[14:32] HOLD | KODEX RSI69/+3.8%⬆️ | 보유:없음 | 최고신호 HPSP(403870) 0pt/4pt
💰 예수금 95,923원 | KODEX200 RSI69/+3.8% 상승추세⬆️  | 매수기준 점수4pt↑

코드      종목명           가격    RSI     변화율    거래량     BB   호가비  B/S
────────────────────────────────────────────────────────────────────────
[2단계 분석 대상: 086520, 138040, 066970, 003490, 042660]
403870  HPSP      48,650    0.0    +0.0%    0.0x     중간  1.00  0pt/0 [일봉]
055550  신한지주      94,200    0.0    +0.0%    0.0x     중간  0.55  0pt/0 [일봉]
011200  HMM       19,510    0.0    +0.0%    0.0x     중간  0.99  0pt/0 [일봉]
015760  한국전력      39,500    0.0    +0.0%    0.0x     중간  0.43  0pt/0 [일봉]
035720  카카오       41,850    0.0    +0.0%    0.0x     중간  1.12  0pt/0 [일봉]
030200  KT        53,500    0.0    +0.0%    0.0x     중간  1.08  0pt/0 [일봉]
003490  대한항공      26,900   65.0    -0.6%    0.7x     상단  2.14  2pt/0 [5분]
004020  현대제철      40,550    0.0    +0.0%    0.0x     중간  0.62  0pt/0 [일봉]
078930  GS        72,500    0.0    +0.0%    0.0x     중간  0.82  0pt/0 [일봉]

══════════════════════════════════════════════════
⏰ 매수 세션 종료 (14:00↑) — 신규 매수 중단
→ 전종목 HOLD
✅ Discord 전송 완료

[14:34] HOLD | KODEX RSI69/+3.8%⬆️ | 보유:없음 | 최고신호 대한항공(003490) 2pt/4pt [RSI65 / 연속상승]
💰 예수금 95,923원 | KODEX200 RSI69/+3.7% 상승추세⬆️  | 매수기준 점수4pt↑

코드      종목명           가격    RSI     변화율    거래량     BB   호가비  B/S
────────────────────────────────────────────────────────────────────────
[2단계 분석 대상: 086520, 138040, 042660, 003490, 086790]
403870  HPSP      48,750    0.0    +0.0%    0.0x     중간  0.71  0pt/0 [일봉]
055550  신한지주      94,300    0.0    +0.0%    0.0x     중간  0.34  0pt/0 [일봉]
011200  HMM       19,500    0.0    +0.0%    0.0x     중간  0.94  0pt/0 [일봉]
015760  한국전력      39,500    0.0    +0.0%    0.0x     중간  0.40  0pt/0 [일봉]
035720  카카오       41,850    0.0    +0.0%    0.0x     중간  1.19  0pt/0 [일봉]
030200  KT        53,500    0.0    +0.0%    0.0x     중간  1.07  0pt/0 [일봉]
003490  대한항공      26,950   65.0    -0.4%    0.7x     상단  1.95  2pt/0 [5분]
004020  현대제철      40,550    0.0    +0.0%    0.0x     중간  0.59  0pt/0 [일봉]
078930  GS        72,600    0.0    +0.0%    0.0x     중간  0.76  0pt/0 [일봉]

══════════════════════════════════════════════════
⏰ 매수 세션 종료 (14:00↑) — 신규 매수 중단
→ 전종목 HOLD
✅ Discord 전송 완료

[14:36] HOLD | KODEX RSI69/+3.7%⬆️ | 보유:없음 | 최고신호 대한항공(003490) 2pt/4pt [RSI65 / 연속상승]
💰 예수금 95,923원 | KODEX200 RSI69/+3.6% 상승추세⬆️  | 매수기준 점수4pt↑

코드      종목명           가격    RSI     변화율    거래량     BB   호가비  B/S
────────────────────────────────────────────────────────────────────────
[2단계 분석 대상: 086520, 138040, 000150, 000720, 272210]
403870  HPSP      48,650    0.0    +0.0%    0.0x     중간  0.94  0pt/0 [일봉]
055550  신한지주      94,300    0.0    +0.0%    0.0x     중간  0.31  0pt/0 [일봉]
011200  HMM       19,470    0.0    +0.0%    0.0x     중간  1.68  0pt/0 [일봉]
015760  한국전력      39,400    0.0    +0.0%    0.0x     중간  0.37  0pt/0 [일봉]
035720  카카오       41,850    0.0    +0.0%    0.0x     중간  1.14  0pt/0 [일봉]
030200  KT        53,500    0.0    +0.0%    0.0x     중간  1.08  0pt/0 [일봉]
003490  대한항공      26,900    0.0    +0.0%    0.0x     중간  2.22  0pt/0 [일봉]
004020  현대제철      40,400    0.0    +0.0%    0.0x     중간  0.78  0pt/0 [일봉]
078930  GS        72,500    0.0    +0.0%    0.0x     중간  0.65  0pt/0 [일봉]

══════════════════════════════════════════════════
⏰ 매수 세션 종료 (14:00↑) — 신규 매수 중단
→ 전종목 HOLD
✅ Discord 전송 완료

[14:38] HOLD | KODEX RSI69/+3.6%⬆️ | 보유:없음 | 최고신호 HPSP(403870) 0pt/4pt
💰 예수금 95,923원 | KODEX200 RSI69/+3.4% 상승추세⬆️  | 매수기준 점수4pt↑

코드      종목명           가격    RSI     변화율    거래량     BB   호가비  B/S
────────────────────────────────────────────────────────────────────────
[2단계 분석 대상: 086520, 138040, 017670, 272210, 000880]
403870  HPSP      48,650    0.0    +0.0%    0.0x     중간  0.89  0pt/0 [일봉]
055550  신한지주      94,100    0.0    +0.0%    0.0x     중간  0.42  0pt/0 [일봉]
011200  HMM       19,470    0.0    +0.0%    0.0x     중간  1.78  0pt/0 [일봉]
015760  한국전력      39,350    0.0    +0.0%    0.0x     중간  0.61  0pt/0 [일봉]
035720  카카오       41,700    0.0    +0.0%    0.0x     중간  1.98  0pt/0 [일봉]
030200  KT        53,500    0.0    +0.0%    0.0x     중간  1.14  0pt/0 [일봉]
003490  대한항공      26,900    0.0    +0.0%    0.0x     중간  2.10  0pt/0 [일봉]
004020  현대제철      40,250    0.0    +0.0%    0.0x     중간  0.56  0pt/0 [일봉]
078930  GS        72,600    0.0    +0.0%    0.0x     중간  0.66  0pt/0 [일봉]

══════════════════════════════════════════════════
⏰ 매수 세션 종료 (14:00↑) — 신규 매수 중단
→ 전종목 HOLD
✅ Discord 전송 완료

[14:40] HOLD | KODEX RSI69/+3.4%⬆️ | 보유:없음 | 최고신호 HPSP(403870) 0pt/4pt
💰 예수금 95,923원 | KODEX200 RSI69/+3.5% 상승추세⬆️  | 매수기준 점수4pt↑

코드      종목명           가격    RSI     변화율    거래량     BB   호가비  B/S
────────────────────────────────────────────────────────────────────────
[2단계 분석 대상: 086520, 138040, 017670, 066970, 272210]
403870  HPSP      48,800    0.0    +0.0%    0.0x     중간  0.77  0pt/0 [일봉]
055550  신한지주      94,000    0.0    +0.0%    0.0x     중간  0.57  0pt/0 [일봉]
011200  HMM       19,470    0.0    +0.0%    0.0x     중간  2.12  0pt/0 [일봉]
015760  한국전력      39,350    0.0    +0.0%    0.0x     중간  0.62  0pt/0 [일봉]
035720  카카오       41,800    0.0    +0.0%    0.0x     중간  1.44  0pt/0 [일봉]
030200  KT        53,500    0.0    +0.0%    0.0x     중간  1.07  0pt/0 [일봉]
003490  대한항공      26,900    0.0    +0.0%    0.0x     중간  2.11  0pt/0 [일봉]
004020  현대제철      40,250    0.0    +0.0%    0.0x     중간  0.82  0pt/0 [일봉]
078930  GS        72,600    0.0    +0.0%    0.0x     중간  0.61  0pt/0 [일봉]

══════════════════════════════════════════════════
⏰ 매수 세션 종료 (14:00↑) — 신규 매수 중단
→ 전종목 HOLD
✅ Discord 전송 완료

[14:42] HOLD | KODEX RSI69/+3.5%⬆️ | 보유:없음 | 최고신호 HPSP(403870) 0pt/4pt
💰 예수금 95,923원 | KODEX200 RSI69/+3.6% 상승추세⬆️  | 매수기준 점수4pt↑

코드      종목명           가격    RSI     변화율    거래량     BB   호가비  B/S
────────────────────────────────────────────────────────────────────────
[2단계 분석 대상: 086520, 138040, 066970, 017670, 034020]
403870  HPSP      48,900    0.0    +0.0%    0.0x     중간  0.76  0pt/0 [일봉]
055550  신한지주      93,800    0.0    +0.0%    0.0x     중간  0.58  0pt/0 [일봉]
011200  HMM       19,460    0.0    +0.0%    0.0x     중간  2.18  0pt/0 [일봉]
015760  한국전력      39,350    0.0    +0.0%    0.0x     중간  0.61  0pt/0 [일봉]
035720  카카오       41,900    0.0    +0.0%    0.0x     중간  1.31  0pt/0 [일봉]
030200  KT        53,400    0.0    +0.0%    0.0x     중간  1.11  0pt/0 [일봉]
003490  대한항공      26,900    0.0    +0.0%    0.0x     중간  2.35  0pt/0 [일봉]
004020  현대제철      40,400    0.0    +0.0%    0.0x     중간  0.44  0pt/0 [일봉]
078930  GS        72,600    0.0    +0.0%    0.0x     중간  0.78  0pt/0 [일봉]

══════════════════════════════════════════════════
⏰ 매수 세션 종료 (14:00↑) — 신규 매수 중단
→ 전종목 HOLD
✅ Discord 전송 완료

[14:44] HOLD | KODEX RSI69/+3.6%⬆️ | 보유:없음 | 최고신호 HPSP(403870) 0pt/4pt
💰 예수금 95,923원 | KODEX200 RSI69/+3.7% 상승추세⬆️  | 매수기준 점수4pt↑

코드      종목명           가격    RSI     변화율    거래량     BB   호가비  B/S
────────────────────────────────────────────────────────────────────────
[2단계 분석 대상: 086520, 138040, 272210, 086790, 034020]
403870  HPSP      48,900    0.0    +0.0%    0.0x     중간  0.96  0pt/0 [일봉]
055550  신한지주      93,900    0.0    +0.0%    0.0x     중간  1.03  0pt/0 [일봉]
011200  HMM       19,450    0.0    +0.0%    0.0x     중간  2.41  0pt/0 [일봉]
015760  한국전력      39,400    0.0    +0.0%    0.0x     중간  0.51  0pt/0 [일봉]
035720  카카오       41,850    0.0    +0.0%    0.0x     중간  1.41  0pt/0 [일봉]
030200  KT        53,400    0.0    +0.0%    0.0x     중간  1.06  0pt/0 [일봉]
003490  대한항공      26,950    0.0    +0.0%    0.0x     중간  2.03  0pt/0 [일봉]
004020  현대제철      40,350    0.0    +0.0%    0.0x     중간  0.51  0pt/0 [일봉]
078930  GS        72,600    0.0    +0.0%    0.0x     중간  0.66  0pt/0 [일봉]

══════════════════════════════════════════════════
⏰ 매수 세션 종료 (14:00↑) — 신규 매수 중단
→ 전종목 HOLD
✅ Discord 전송 완료

[14:46] HOLD | KODEX RSI69/+3.7%⬆️ | 보유:없음 | 최고신호 HPSP(403870) 0pt/4pt
💰 예수금 95,923원 | KODEX200 RSI69/+3.8% 상승추세⬆️  | 매수기준 점수4pt↑

코드      종목명           가격    RSI     변화율    거래량     BB   호가비  B/S
────────────────────────────────────────────────────────────────────────
[2단계 분석 대상: 272210, 138040, 086520, 017670, 011200]
403870  HPSP      48,900    0.0    +0.0%    0.0x     중간  1.39  0pt/0 [일봉]
055550  신한지주      93,900    0.0    +0.0%    0.0x     중간  1.23  0pt/0 [일봉]
011200  HMM       19,440   53.6    -0.9%    0.8x     중간  3.35  2pt/0 [5분]
015760  한국전력      39,400    0.0    +0.0%    0.0x     중간  0.54  0pt/0 [일봉]
035720  카카오       41,800    0.0    +0.0%    0.0x     중간  1.71  0pt/0 [일봉]
030200  KT        53,400    0.0    +0.0%    0.0x     중간  1.10  0pt/0 [일봉]
003490  대한항공      26,950    0.0    +0.0%    0.0x     중간  2.11  0pt/0 [일봉]
004020  현대제철      40,450    0.0    +0.0%    0.0x     중간  0.42  0pt/0 [일봉]
078930  GS        72,600    0.0    +0.0%    0.0x     중간  0.58  0pt/0 [일봉]

══════════════════════════════════════════════════
⏰ 매수 세션 종료 (14:00↑) — 신규 매수 중단
→ 전종목 HOLD
✅ Discord 전송 완료

[14:48] HOLD | KODEX RSI69/+3.8%⬆️ | 보유:없음 | 최고신호 HMM(011200) 2pt/4pt [RSI54 / 연속상승]
💰 예수금 95,923원 | KODEX200 RSI69/+3.5% 상승추세⬆️  | 매수기준 점수4pt↑

코드      종목명           가격    RSI     변화율    거래량     BB   호가비  B/S
────────────────────────────────────────────────────────────────────────
[2단계 분석 대상: 086520, 138040, 272210, 017670, 000720]
403870  HPSP      48,850    0.0    +0.0%    0.0x     중간  1.96  0pt/0 [일봉]
055550  신한지주      93,800    0.0    +0.0%    0.0x     중간  0.31  0pt/0 [일봉]
011200  HMM       19,440    0.0    +0.0%    0.0x     중간  2.43  0pt/0 [일봉]
015760  한국전력      39,400    0.0    +0.0%    0.0x     중간  0.50  0pt/0 [일봉]
035720  카카오       41,700    0.0    +0.0%    0.0x     중간  1.74  0pt/0 [일봉]
030200  KT        53,200    0.0    +0.0%    0.0x     중간  1.86  0pt/0 [일봉]
003490  대한항공      26,950    0.0    +0.0%    0.0x     중간  2.09  0pt/0 [일봉]
004020  현대제철      40,250    0.0    +0.0%    0.0x     중간  0.62  0pt/0 [일봉]
078930  GS        72,600    0.0    +0.0%    0.0x     중간  0.54  0pt/0 [일봉]

══════════════════════════════════════════════════
⏰ 매수 세션 종료 (14:00↑) — 신규 매수 중단
→ 전종목 HOLD
✅ Discord 전송 완료

[14:50] HOLD | KODEX RSI69/+3.5%⬆️ | 보유:없음 | 최고신호 HPSP(403870) 0pt/4pt
💰 예수금 95,923원 | KODEX200 RSI69/+3.3% 상승추세⬆️  | 매수기준 점수4pt↑

코드      종목명           가격    RSI     변화율    거래량     BB   호가비  B/S
────────────────────────────────────────────────────────────────────────
[2단계 분석 대상: 086520, 138040, 329180, 032830, 272210]
403870  HPSP      48,750    0.0    +0.0%    0.0x     중간  2.09  0pt/0 [일봉]
055550  신한지주      93,600    0.0    +0.0%    0.0x     중간  1.00  0pt/0 [일봉]
011200  HMM       19,430    0.0    +0.0%    0.0x     중간  1.91  0pt/0 [일봉]
015760  한국전력      39,350    0.0    +0.0%    0.0x     중간  0.52  0pt/0 [일봉]
035720  카카오       41,600    0.0    +0.0%    0.0x     중간  2.10  0pt/0 [일봉]
030200  KT        53,200    0.0    +0.0%    0.0x     중간  1.94  0pt/0 [일봉]
003490  대한항공      26,850    0.0    +0.0%    0.0x     중간  2.32  0pt/0 [일봉]
004020  현대제철      40,150    0.0    +0.0%    0.0x     중간  0.73  0pt/0 [일봉]
078930  GS        72,600    0.0    +0.0%    0.0x     중간  0.58  0pt/0 [일봉]

══════════════════════════════════════════════════
⏰ 매수 세션 종료 (14:00↑) — 신규 매수 중단
→ 전종목 HOLD
✅ Discord 전송 완료

[14:52] HOLD | KODEX RSI69/+3.3%⬆️ | 보유:없음 | 최고신호 HPSP(403870) 0pt/4pt
💰 예수금 95,923원 | KODEX200 RSI69/+3.4% 상승추세⬆️  | 매수기준 점수4pt↑

코드      종목명           가격    RSI     변화율    거래량     BB   호가비  B/S
────────────────────────────────────────────────────────────────────────
[2단계 분석 대상: 086520, 272210, 329180, 017670, 034020]
403870  HPSP      48,800    0.0    +0.0%    0.0x     중간  1.90  0pt/0 [일봉]
055550  신한지주      93,600    0.0    +0.0%    0.0x     중간  0.96  0pt/0 [일봉]
011200  HMM       19,420    0.0    +0.0%    0.0x     중간  1.59  0pt/0 [일봉]
015760  한국전력      39,300    0.0    +0.0%    0.0x     중간  0.94  0pt/0 [일봉]
035720  카카오       41,600    0.0    +0.0%    0.0x     중간  2.02  0pt/0 [일봉]
030200  KT        53,100    0.0    +0.0%    0.0x     중간  2.14  0pt/0 [일봉]
003490  대한항공      26,850    0.0    +0.0%    0.0x     중간  2.36  0pt/0 [일봉]
004020  현대제철      40,150    0.0    +0.0%    0.0x     중간  0.78  0pt/0 [일봉]
078930  GS        72,400    0.0    +0.0%    0.0x     중간  0.67  0pt/0 [일봉]

══════════════════════════════════════════════════
⏰ 매수 세션 종료 (14:00↑) — 신규 매수 중단
→ 전종목 HOLD
✅ Discord 전송 완료

[14:54] HOLD | KODEX RSI69/+3.4%⬆️ | 보유:없음 | 최고신호 HPSP(403870) 0pt/4pt
💰 예수금 95,923원 | KODEX200 RSI69/+3.3% 상승추세⬆️  | 매수기준 점수4pt↑

코드      종목명           가격    RSI     변화율    거래량     BB   호가비  B/S
────────────────────────────────────────────────────────────────────────
[2단계 분석 대상: 086520, 329180, 017670, 272210, 000270]
403870  HPSP      48,750    0.0    +0.0%    0.0x     중간  1.93  0pt/0 [일봉]
055550  신한지주      93,400    0.0    +0.0%    0.0x     중간  1.92  0pt/0 [일봉]
011200  HMM       19,400    0.0    +0.0%    0.0x     중간  2.76  0pt/0 [일봉]
015760  한국전력      39,300    0.0    +0.0%    0.0x     중간  0.97  0pt/0 [일봉]
035720  카카오       41,600    0.0    +0.0%    0.0x     중간  1.64  0pt/0 [일봉]
030200  KT        53,100    0.0    +0.0%    0.0x     중간  1.93  0pt/0 [일봉]
003490  대한항공      26,850    0.0    +0.0%    0.0x     중간  2.15  0pt/0 [일봉]
004020  현대제철      40,250    0.0    +0.0%    0.0x     중간  0.75  0pt/0 [일봉]
078930  GS        72,500    0.0    +0.0%    0.0x     중간  0.87  0pt/0 [일봉]

══════════════════════════════════════════════════
⏰ 매수 세션 종료 (14:00↑) — 신규 매수 중단
→ 전종목 HOLD
✅ Discord 전송 완료

[14:56] HOLD | KODEX RSI69/+3.3%⬆️ | 보유:없음 | 최고신호 HPSP(403870) 0pt/4pt
💰 예수금 95,923원 | KODEX200 RSI69/+3.3% 상승추세⬆️  | 매수기준 점수4pt↑

코드      종목명           가격    RSI     변화율    거래량     BB   호가비  B/S
────────────────────────────────────────────────────────────────────────
[2단계 분석 대상: 086520, 329180, 017670, 000270, 138040]
403870  HPSP      48,750    0.0    +0.0%    0.0x     중간  1.78  0pt/0 [일봉]
055550  신한지주      93,400    0.0    +0.0%    0.0x     중간  3.14  0pt/0 [일봉]
011200  HMM       19,400    0.0    +0.0%    0.0x     중간  3.31  0pt/0 [일봉]
015760  한국전력      39,250    0.0    +0.0%    0.0x     중간  1.36  0pt/0 [일봉]
035720  카카오       41,600    0.0    +0.0%    0.0x     중간  1.80  0pt/0 [일봉]
030200  KT        53,100    0.0    +0.0%    0.0x     중간  1.76  0pt/0 [일봉]
003490  대한항공      26,850    0.0    +0.0%    0.0x     중간  2.21  0pt/0 [일봉]
004020  현대제철      40,150    0.0    +0.0%    0.0x     중간  1.13  0pt/0 [일봉]
078930  GS        72,400    0.0    +0.0%    0.0x     중간  0.72  0pt/0 [일봉]

══════════════════════════════════════════════════
⏰ 매수 세션 종료 (14:00↑) — 신규 매수 중단
→ 전종목 HOLD
✅ Discord 전송 완료

[14:58] HOLD | KODEX RSI69/+3.3%⬆️ | 보유:없음 | 최고신호 HPSP(403870) 0pt/4pt
💰 예수금 95,923원 | KODEX200 RSI69/+3.3% 상승추세⬆️  | 매수기준 점수4pt↑

코드      종목명           가격    RSI     변화율    거래량     BB   호가비  B/S
────────────────────────────────────────────────────────────────────────
[2단계 분석 대상: 329180, 086520, 017670, 138040, 011200]
403870  HPSP      48,800    0.0    +0.0%    0.0x     중간  1.96  0pt/0 [일봉]
055550  신한지주      93,500    0.0    +0.0%    0.0x     중간  2.05  0pt/0 [일봉]
011200  HMM       19,400   32.4    -1.1%    0.8x     중간  4.16  0pt/0 [5분]
015760  한국전력      39,250    0.0    +0.0%    0.0x     중간  1.27  0pt/0 [일봉]
035720  카카오       41,600    0.0    +0.0%    0.0x     중간  1.92  0pt/0 [일봉]
030200  KT        53,100    0.0    +0.0%    0.0x     중간  3.12  0pt/0 [일봉]
003490  대한항공      26,850    0.0    +0.0%    0.0x     중간  2.15  0pt/0 [일봉]
004020  현대제철      40,150    0.0    +0.0%    0.0x     중간  0.46  0pt/0 [일봉]
078930  GS        72,400    0.0    +0.0%    0.0x     중간  0.68  0pt/0 [일봉]

══════════════════════════════════════════════════
⏰ 매수 세션 종료 (14:00↑) — 신규 매수 중단
→ 전종목 HOLD
✅ Discord 전송 완료

[15:00] HOLD | KODEX RSI69/+3.3%⬆️ | 보유:없음 | 최고신호 HPSP(403870) 0pt/4pt
💰 예수금 95,923원 | KODEX200 RSI69/+3.5% 상승추세⬆️  | 매수기준 점수4pt↑

코드      종목명           가격    RSI     변화율    거래량     BB   호가비  B/S
────────────────────────────────────────────────────────────────────────
[2단계 분석 대상: 329180, 138040, 272210, 017670, 011200]
403870  HPSP      48,850    0.0    +0.0%    0.0x     중간  2.54  0pt/0 [일봉]
055550  신한지주      93,600    0.0    +0.0%    0.0x     중간  1.50  0pt/0 [일봉]
011200  HMM       19,400   32.4    -1.1%    0.8x     중간  3.61  0pt/0 [5분]
015760  한국전력      39,300    0.0    +0.0%    0.0x     중간  1.17  0pt/0 [일봉]
035720  카카오       41,650    0.0    +0.0%    0.0x     중간  1.39  0pt/0 [일봉]
030200  KT        53,200    0.0    +0.0%    0.0x     중간  2.40  0pt/0 [일봉]
003490  대한항공      26,850    0.0    +0.0%    0.0x     중간  2.63  0pt/0 [일봉]
004020  현대제철      40,100    0.0    +0.0%    0.0x     중간  0.81  0pt/0 [일봉]
078930  GS        72,400    0.0    +0.0%    0.0x     중간  0.69  0pt/0 [일봉]

══════════════════════════════════════════════════
⏰ 매수 세션 종료 (14:00↑) — 신규 매수 중단
→ 전종목 HOLD
✅ Discord 전송 완료

[15:02] HOLD | KODEX RSI69/+3.5%⬆️ | 보유:없음 | 최고신호 HPSP(403870) 0pt/4pt
💰 예수금 95,923원 | KODEX200 RSI69/+3.4% 상승추세⬆️  | 매수기준 점수4pt↑

코드      종목명           가격    RSI     변화율    거래량     BB   호가비  B/S
────────────────────────────────────────────────────────────────────────
[2단계 분석 대상: 329180, 138040, 017670, 034020, 000880]
403870  HPSP      48,700    0.0    +0.0%    0.0x     중간  3.68  0pt/0 [일봉]
055550  신한지주      93,400    0.0    +0.0%    0.0x     중간  2.12  0pt/0 [일봉]
011200  HMM       19,400    0.0    +0.0%    0.0x     중간  3.25  0pt/0 [일봉]
015760  한국전력      39,250    0.0    +0.0%    0.0x     중간  1.50  0pt/0 [일봉]
035720  카카오       41,600    0.0    +0.0%    0.0x     중간  1.88  0pt/0 [일봉]
030200  KT        53,000    0.0    +0.0%    0.0x     중간  2.23  0pt/0 [일봉]
003490  대한항공      26,850    0.0    +0.0%    0.0x     중간  2.59  0pt/0 [일봉]
004020  현대제철      40,050    0.0    +0.0%    0.0x     중간  0.66  0pt/0 [일봉]
078930  GS        72,400    0.0    +0.0%    0.0x     중간  0.71  0pt/0 [일봉]

══════════════════════════════════════════════════
⏰ 매수 세션 종료 (14:00↑) — 신규 매수 중단
→ 전종목 HOLD
✅ Discord 전송 완료

[15:04] HOLD | KODEX RSI69/+3.4%⬆️ | 보유:없음 | 최고신호 HPSP(403870) 0pt/4pt
💰 예수금 95,923원 | KODEX200 RSI69/+3.5% 상승추세⬆️  | 매수기준 점수4pt↑

코드      종목명           가격    RSI     변화율    거래량     BB   호가비  B/S
────────────────────────────────────────────────────────────────────────
[2단계 분석 대상: 329180, 138040, 272210, 017670, 066970]
403870  HPSP      48,700    0.0    +0.0%    0.0x     중간  3.72  0pt/0 [일봉]
055550  신한지주      93,400    0.0    +0.0%    0.0x     중간  1.88  0pt/0 [일봉]
011200  HMM       19,400    0.0    +0.0%    0.0x     중간  2.44  0pt/0 [일봉]
015760  한국전력      39,250    0.0    +0.0%    0.0x     중간  1.68  0pt/0 [일봉]
035720  카카오       41,600    0.0    +0.0%    0.0x     중간  1.99  0pt/0 [일봉]
030200  KT        53,000    0.0    +0.0%    0.0x     중간  2.60  0pt/0 [일봉]
003490  대한항공      26,850    0.0    +0.0%    0.0x     중간  2.46  0pt/0 [일봉]
004020  현대제철      40,000    0.0    +0.0%    0.0x     중간  1.20  0pt/0 [일봉]
078930  GS        72,300    0.0    +0.0%    0.0x     중간  0.89  0pt/0 [일봉]

══════════════════════════════════════════════════
⏰ 매수 세션 종료 (14:00↑) — 신규 매수 중단
→ 전종목 HOLD
✅ Discord 전송 완료

[15:06] HOLD | KODEX RSI69/+3.5%⬆️ | 보유:없음 | 최고신호 HPSP(403870) 0pt/4pt
💰 예수금 95,923원 | KODEX200 RSI69/+3.5% 상승추세⬆️  | 매수기준 점수4pt↑

코드      종목명           가격    RSI     변화율    거래량     BB   호가비  B/S
────────────────────────────────────────────────────────────────────────
[2단계 분석 대상: 329180, 138040, 000880, 272210, 066970]
403870  HPSP      48,650    0.0    +0.0%    0.0x     중간  2.76  0pt/0 [일봉]
055550  신한지주      93,300    0.0    +0.0%    0.0x     중간  2.37  0pt/0 [일봉]
011200  HMM       19,390    0.0    +0.0%    0.0x     중간  3.03  0pt/0 [일봉]
015760  한국전력      39,250    0.0    +0.0%    0.0x     중간  1.77  0pt/0 [일봉]
035720  카카오       41,600    0.0    +0.0%    0.0x     중간  1.36  0pt/0 [일봉]
030200  KT        53,000    0.0    +0.0%    0.0x     중간  3.97  0pt/0 [일봉]
003490  대한항공      26,850    0.0    +0.0%    0.0x     중간  2.46  0pt/0 [일봉]
004020  현대제철      39,950    0.0    +0.0%    0.0x     중간  1.68  0pt/0 [일봉]
078930  GS        72,400    0.0    +0.0%    0.0x     중간  0.85  0pt/0 [일봉]

══════════════════════════════════════════════════
⏰ 매수 세션 종료 (14:00↑) — 신규 매수 중단
→ 전종목 HOLD
✅ Discord 전송 완료

[15:08] HOLD | KODEX RSI69/+3.5%⬆️ | 보유:없음 | 최고신호 HPSP(403870) 0pt/4pt
💰 예수금 95,923원 | KODEX200 RSI69/+3.5% 상승추세⬆️  | 매수기준 점수4pt↑

코드      종목명           가격    RSI     변화율    거래량     BB   호가비  B/S
────────────────────────────────────────────────────────────────────────
[2단계 분석 대상: 272210, 329180, 138040, 034020, 000880]
403870  HPSP      48,750    0.0    +0.0%    0.0x     중간  2.05  0pt/0 [일봉]
055550  신한지주      93,300    0.0    +0.0%    0.0x     중간  1.44  0pt/0 [일봉]
011200  HMM       19,390    0.0    +0.0%    0.0x     중간  2.60  0pt/0 [일봉]
015760  한국전력      39,200    0.0    +0.0%    0.0x     중간  1.63  0pt/0 [일봉]
035720  카카오       41,550    0.0    +0.0%    0.0x     중간  1.29  0pt/0 [일봉]
030200  KT        53,000    0.0    +0.0%    0.0x     중간  3.24  0pt/0 [일봉]
003490  대한항공      26,800    0.0    +0.0%    0.0x     중간  3.05  0pt/0 [일봉]
004020  현대제철      40,200    0.0    +0.0%    0.0x     중간  1.15  0pt/0 [일봉]
078930  GS        72,200    0.0    +0.0%    0.0x     중간  1.37  0pt/0 [일봉]

══════════════════════════════════════════════════
🕐 15:10 이후 — 장 마감 청산 모드
⏰ 매수 세션 종료 (14:00↑) — 신규 매수 중단
→ 전종목 HOLD
✅ Discord 전송 완료

[15:10] HOLD | KODEX RSI69/+3.5%⬆️ | 보유:없음 | 최고신호 HPSP(403870) 0pt/4pt
💰 예수금 95,923원 | KODEX200 RSI69/+3.6% 상승추세⬆️  | 매수기준 점수4pt↑

코드      종목명           가격    RSI     변화율    거래량     BB   호가비  B/S
────────────────────────────────────────────────────────────────────────
[2단계 분석 대상: 138040, 000880, 329180, 272210, 086790]
403870  HPSP      48,700    0.0    +0.0%    0.0x     중간  1.80  0pt/0 [일봉]
055550  신한지주      93,500    0.0    +0.0%    0.0x     중간  1.56  0pt/0 [일봉]
011200  HMM       19,390    0.0    +0.0%    0.0x     중간  3.39  0pt/0 [일봉]
015760  한국전력      39,200    0.0    +0.0%    0.0x     중간  2.02  0pt/0 [일봉]
035720  카카오       41,600    0.0    +0.0%    0.0x     중간  1.12  0pt/0 [일봉]
030200  KT        53,000    0.0    +0.0%    0.0x     중간  3.44  0pt/0 [일봉]
003490  대한항공      26,800    0.0    +0.0%    0.0x     중간  3.21  0pt/0 [일봉]
004020  현대제철      40,100    0.0    +0.0%    0.0x     중간  0.60  0pt/0 [일봉]
078930  GS        72,300    0.0    +0.0%    0.0x     중간  0.85  0pt/0 [일봉]

══════════════════════════════════════════════════
🕐 15:10 이후 — 장 마감 청산 모드
⏰ 매수 세션 종료 (14:00↑) — 신규 매수 중단
→ 전종목 HOLD
✅ Discord 전송 완료

[15:12] HOLD | KODEX RSI69/+3.6%⬆️ | 보유:없음 | 최고신호 HPSP(403870) 0pt/4pt
💰 예수금 95,923원 | KODEX200 RSI69/+3.6% 상승추세⬆️  | 매수기준 점수4pt↑

코드      종목명           가격    RSI     변화율    거래량     BB   호가비  B/S
────────────────────────────────────────────────────────────────────────
[2단계 분석 대상: 000880, 138040, 272210, 329180, 011200]
403870  HPSP      48,650    0.0    +0.0%    0.0x     중간  1.98  0pt/0 [일봉]
055550  신한지주      93,400    0.0    +0.0%    0.0x     중간  1.08  0pt/0 [일봉]
011200  HMM       19,400   18.9    -1.1%    0.8x     중간  5.44  0pt/0 [5분]
015760  한국전력      39,200    0.0    +0.0%    0.0x     중간  2.32  0pt/0 [일봉]
035720  카카오       41,550    0.0    +0.0%    0.0x     중간  1.40  0pt/0 [일봉]
030200  KT        53,000    0.0    +0.0%    0.0x     중간  2.80  0pt/0 [일봉]
003490  대한항공      26,850    0.0    +0.0%    0.0x     중간  2.87  0pt/0 [일봉]
004020  현대제철      40,100    0.0    +0.0%    0.0x     중간  0.98  0pt/0 [일봉]
078930  GS        72,300    0.0    +0.0%    0.0x     중간  0.57  0pt/0 [일봉]

══════════════════════════════════════════════════
🕐 15:10 이후 — 장 마감 청산 모드
⏰ 매수 세션 종료 (14:00↑) — 신규 매수 중단
→ 전종목 HOLD
✅ Discord 전송 완료

[15:14] HOLD | KODEX RSI69/+3.6%⬆️ | 보유:없음 | 최고신호 HPSP(403870) 0pt/4pt
💰 예수금 95,923원 | KODEX200 RSI69/+3.5% 상승추세⬆️  | 매수기준 점수4pt↑

코드      종목명           가격    RSI     변화율    거래량     BB   호가비  B/S
────────────────────────────────────────────────────────────────────────
[2단계 분석 대상: 138040, 105560, 329180, 272210, 086790]
403870  HPSP      48,700    0.0    +0.0%    0.0x     중간  1.64  0pt/0 [일봉]
055550  신한지주      93,300    0.0    +0.0%    0.0x     중간  1.34  0pt/0 [일봉]
011200  HMM       19,400    0.0    +0.0%    0.0x     중간  3.15  0pt/0 [일봉]
015760  한국전력      39,200    0.0    +0.0%    0.0x     중간  2.39  0pt/0 [일봉]
035720  카카오       41,600    0.0    +0.0%    0.0x     중간  1.65  0pt/0 [일봉]
030200  KT        53,000    0.0    +0.0%    0.0x     중간  3.06  0pt/0 [일봉]
003490  대한항공      26,850    0.0    +0.0%    0.0x     중간  3.08  0pt/0 [일봉]
004020  현대제철      40,300    0.0    +0.0%    0.0x     중간  0.45  0pt/0 [일봉]
078930  GS        72,300    0.0    +0.0%    0.0x     중간  0.68  0pt/0 [일봉]

══════════════════════════════════════════════════
🕐 15:10 이후 — 장 마감 청산 모드
⏰ 매수 세션 종료 (14:00↑) — 신규 매수 중단
→ 전종목 HOLD
✅ Discord 전송 완료

[15:16] HOLD | KODEX RSI69/+3.5%⬆️ | 보유:없음 | 최고신호 HPSP(403870) 0pt/4pt
💰 예수금 95,923원 | KODEX200 RSI69/+3.4% 상승추세⬆️  | 매수기준 점수4pt↑

코드      종목명           가격    RSI     변화율    거래량     BB   호가비  B/S
────────────────────────────────────────────────────────────────────────
[2단계 분석 대상: 138040, 272210, 105560, 017670, 329180]
403870  HPSP      48,700    0.0    +0.0%    0.0x     중간  1.83  0pt/0 [일봉]
055550  신한지주      93,100    0.0    +0.0%    0.0x     중간  3.24  0pt/0 [일봉]
011200  HMM       19,410    0.0    +0.0%    0.0x     중간  1.92  0pt/0 [일봉]
015760  한국전력      39,250    0.0    +0.0%    0.0x     중간  1.73  0pt/0 [일봉]
035720  카카오       41,600    0.0    +0.0%    0.0x     중간  1.69  0pt/0 [일봉]
030200  KT        53,000    0.0    +0.0%    0.0x     중간  2.82  0pt/0 [일봉]
003490  대한항공      26,900    0.0    +0.0%    0.0x     중간  2.78  0pt/0 [일봉]
004020  현대제철      40,100    0.0    +0.0%    0.0x     중간  1.00  0pt/0 [일봉]
078930  GS        72,100    0.0    +0.0%    0.0x     중간  0.83  0pt/0 [일봉]

══════════════════════════════════════════════════
🕐 15:10 이후 — 장 마감 청산 모드
⏰ 매수 세션 종료 (14:00↑) — 신규 매수 중단
→ 전종목 HOLD
✅ Discord 전송 완료

[15:18] HOLD | KODEX RSI69/+3.4%⬆️ | 보유:없음 | 최고신호 HPSP(403870) 0pt/4pt
💰 예수금 95,923원 | KODEX200 RSI69/+3.3% 상승추세⬆️  | 매수기준 점수4pt↑

코드      종목명           가격    RSI     변화율    거래량     BB   호가비  B/S
────────────────────────────────────────────────────────────────────────
[2단계 분석 대상: 010950, 000720, 138040, 035720, 329180]
403870  HPSP      48,600    0.0    +0.0%    0.0x     중간  7.31  0pt/0 [일봉]
055550  신한지주      90,100    0.0    +0.0%    0.0x     중간  0.22  0pt/0 [일봉]
011200  HMM       19,180    0.0    +0.0%    0.0x     중간  0.01  0pt/0 [일봉]
015760  한국전력      38,900    0.0    +0.0%    0.0x     중간  0.06  0pt/0 [일봉]
035720  카카오       42,000   12.0    +3.7%    2.2x     상단 72.54  2pt/0 [5분]
030200  KT        53,000    0.0    +0.0%    0.0x     중간  1.56  0pt/0 [일봉]
003490  대한항공      27,150    0.0    +0.0%    0.0x     중간 33.18  0pt/0 [일봉]
004020  현대제철      40,000    0.0    +0.0%    0.0x     중간  0.42  0pt/0 [일봉]
078930  GS        72,700    0.0    +0.0%    0.0x     중간  6.20  0pt/0 [일봉]

══════════════════════════════════════════════════
🕐 15:10 이후 — 장 마감 청산 모드
⏰ 매수 세션 종료 (14:00↑) — 신규 매수 중단
→ 전종목 HOLD
✅ Discord 전송 완료

[15:20] HOLD | KODEX RSI69/+3.3%⬆️ | 보유:없음 | 최고신호 카카오(035720) 2pt/4pt [거래량2.2x★]
💰 예수금 95,923원 | KODEX200 RSI69/+3.3% 상승추세⬆️  | 매수기준 점수4pt↑

코드      종목명           가격    RSI     변화율    거래량     BB   호가비  B/S
────────────────────────────────────────────────────────────────────────
[2단계 분석 대상: 138040, 086790, 010950, 011200, 042660]
403870  HPSP      48,900    0.0    +0.0%    0.0x     중간  0.16  0pt/0 [일봉]
055550  신한지주      92,000    0.0    +0.0%    0.0x     중간  1.68  0pt/0 [일봉]
011200  HMM       19,570   18.9    -1.2%    0.9x     중간 92.62  0pt/0 [5분]
015760  한국전력      38,900    0.0    +0.0%    0.0x     중간  0.03  0pt/0 [일봉]
035720  카카오       42,000    0.0    +0.0%    0.0x     중간 26.33  0pt/0 [일봉]
030200  KT        53,100    0.0    +0.0%    0.0x     중간  1.51  0pt/0 [일봉]
003490  대한항공      27,150    0.0    +0.0%    0.0x     중간  5.47  0pt/0 [일봉]
004020  현대제철      40,550    0.0    +0.0%    0.0x     중간  2.44  0pt/0 [일봉]
078930  GS        72,700    0.0    +0.0%    0.0x     중간  9.26  0pt/0 [일봉]

══════════════════════════════════════════════════
🕐 15:10 이후 — 장 마감 청산 모드
⏰ 매수 세션 종료 (14:00↑) — 신규 매수 중단
→ 전종목 HOLD
✅ Discord 전송 완료

[15:22] HOLD | KODEX RSI69/+3.3%⬆️ | 보유:없음 | 최고신호 HPSP(403870) 0pt/4pt
💰 예수금 95,923원 | KODEX200 RSI69/+3.3% 상승추세⬆️  | 매수기준 점수4pt↑

코드      종목명           가격    RSI     변화율    거래량     BB   호가비  B/S
────────────────────────────────────────────────────────────────────────
[2단계 분석 대상: 138040, 086790, 010950, 011200, 096770]
403870  HPSP      48,800    0.0    +0.0%    0.0x     중간  1.06  0pt/0 [일봉]
055550  신한지주      92,000    0.0    +0.0%    0.0x     중간  1.06  0pt/0 [일봉]
011200  HMM       19,570   18.9    -1.2%    0.9x     중간 91.25  0pt/0 [5분]
015760  한국전력      38,900    0.0    +0.0%    0.0x     중간  0.03  0pt/0 [일봉]
035720  카카오       42,000    0.0    +0.0%    0.0x     중간 21.34  0pt/0 [일봉]
030200  KT        53,200    0.0    +0.0%    0.0x     중간  2.30  0pt/0 [일봉]
003490  대한항공      27,150    0.0    +0.0%    0.0x     중간  5.27  0pt/0 [일봉]
004020  현대제철      40,700    0.0    +0.0%    0.0x     중간  1.72  0pt/0 [일봉]
078930  GS        72,700    0.0    +0.0%    0.0x     중간  8.29  0pt/0 [일봉]

══════════════════════════════════════════════════
🕐 15:10 이후 — 장 마감 청산 모드
⏰ 매수 세션 종료 (14:00↑) — 신규 매수 중단
→ 전종목 HOLD
✅ Discord 전송 완료

[15:24] HOLD | KODEX RSI69/+3.3%⬆️ | 보유:없음 | 최고신호 HPSP(403870) 0pt/4pt
💰 예수금 95,923원 | KODEX200 RSI69/+3.3% 상승추세⬆️  | 매수기준 점수4pt↑

코드      종목명           가격    RSI     변화율    거래량     BB   호가비  B/S
────────────────────────────────────────────────────────────────────────
[2단계 분석 대상: 138040, 064350, 010950, 096770, 011200]
403870  HPSP      48,850    0.0    +0.0%    0.0x     중간  2.79  0pt/0 [일봉]
055550  신한지주      92,800    0.0    +0.0%    0.0x     중간 21.79  0pt/0 [일봉]
011200  HMM       19,570   18.9    -1.2%    0.9x     중간 87.45  0pt/0 [5분]
015760  한국전력      38,900    0.0    +0.0%    0.0x     중간  0.07  0pt/0 [일봉]
035720  카카오       42,000    0.0    +0.0%    0.0x     중간 20.82  0pt/0 [일봉]
030200  KT        53,000    0.0    +0.0%    0.0x     중간  1.99  0pt/0 [일봉]
003490  대한항공      27,150    0.0    +0.0%    0.0x     중간  4.97  0pt/0 [일봉]
004020  현대제철      40,700    0.0    +0.0%    0.0x     중간  0.85  0pt/0 [일봉]
078930  GS        72,700    0.0    +0.0%    0.0x     중간  6.08  0pt/0 [일봉]

══════════════════════════════════════════════════
🕐 15:10 이후 — 장 마감 청산 모드
⏰ 매수 세션 종료 (14:00↑) — 신규 매수 중단
→ 전종목 HOLD
✅ Discord 전송 완료

[15:26] HOLD | KODEX RSI69/+3.3%⬆️ | 보유:없음 | 최고신호 HPSP(403870) 0pt/4pt
💰 예수금 95,923원 | KODEX200 RSI69/+3.3% 상승추세⬆️  | 매수기준 점수4pt↑

코드      종목명           가격    RSI     변화율    거래량     BB   호가비  B/S
────────────────────────────────────────────────────────────────────────
[2단계 분석 대상: 138040, 096770, 010950, 086790, 011200]
403870  HPSP      48,800    0.0    +0.0%    0.0x     중간  0.59  0pt/0 [일봉]
055550  신한지주      92,700    0.0    +0.0%    0.0x     중간  8.20  0pt/0 [일봉]
011200  HMM       19,570   18.9    -1.2%    0.9x     중간 82.10  0pt/0 [5분]
015760  한국전력      38,900    0.0    +0.0%    0.0x     중간  0.07  0pt/0 [일봉]
035720  카카오       42,000    0.0    +0.0%    0.0x     중간 10.01  0pt/0 [일봉]
030200  KT        52,900    0.0    +0.0%    0.0x     중간  1.55  0pt/0 [일봉]
003490  대한항공      27,150    0.0    +0.0%    0.0x     중간  3.87  0pt/0 [일봉]
004020  현대제철      40,550    0.0    +0.0%    0.0x     중간  0.20  0pt/0 [일봉]
078930  GS        72,700    0.0    +0.0%    0.0x     중간  2.33  0pt/0 [일봉]

══════════════════════════════════════════════════
🕐 15:10 이후 — 장 마감 청산 모드
⏰ 매수 세션 종료 (14:00↑) — 신규 매수 중단
→ 전종목 HOLD
✅ Discord 전송 완료

[15:28] HOLD | KODEX RSI69/+3.3%⬆️ | 보유:없음 | 최고신호 HPSP(403870) 0pt/4pt
💰 예수금 95,923원 | KODEX200 RSI69/+3.3% 상승추세⬆️  | 매수기준 점수4pt↑

코드      종목명           가격    RSI     변화율    거래량     BB   호가비  B/S
────────────────────────────────────────────────────────────────────────
[2단계 분석 대상: 010950, 011200, 000150, 138040, 032830]
403870  HPSP      48,700    0.0    +0.0%    0.0x     중간  0.36  0pt/0 [일봉]
055550  신한지주      93,700    0.0    +0.0%    0.0x     중간  6.11  0pt/0 [일봉]
011200  HMM       19,570   20.0    -0.2%    2.9x     중간 26.88  2pt/0 [5분]
015760  한국전력      38,900    0.0    +0.0%    0.0x     중간  1.51  0pt/0 [일봉]
035720  카카오       42,000    0.0    +0.0%    0.0x     중간  0.33  0pt/0 [일봉]
030200  KT        52,900    0.0    +0.0%    0.0x     중간  1.72  0pt/0 [일봉]
003490  대한항공      26,850    0.0    +0.0%    0.0x     중간  4.07  0pt/0 [일봉]
004020  현대제철      40,150    0.0    +0.0%    0.0x     중간  0.43  0pt/0 [일봉]
078930  GS        72,500    0.0    +0.0%    0.0x     중간  0.59  0pt/0 [일봉]

══════════════════════════════════════════════════
🕐 15:10 이후 — 장 마감 청산 모드
⏰ 매수 세션 종료 (14:00↑) — 신규 매수 중단
→ 전종목 HOLD
✅ Discord 전송 완료

[15:30] HOLD | KODEX RSI69/+3.3%⬆️ | 보유:없음 | 최고신호 HMM(011200) 2pt/4pt [거래량2.9x★]
