💰 예수금 4,158원 | KODEX200 RSI95/+0.0% 과열⚠️ | 매수기준 3개↑
📦 보유 GS(078930) 1주 +0.7%
📦 보유 원익피앤이(217820) 6주 -9.6% 🔴스탑로스임박

코드      종목명           가격    RSI     변화율    거래량     BB   호가비  B/S
────────────────────────────────────────────────────────────────────────
[2단계 분석 대상: 078930, 217820, 000660, 084850, 034020, 000270, 005930]
⛔ 아우토크립트(137040) 호가 없음 (거래정지 의심)
078930  GS        77,400   63.7    +0.0%    0.0x     중간  0.46  1/0
217820  원익피앤이      3,695   57.5    +0.0%    0.0x     중간  0.01  1/0
⛔ 금양(001570) 호가 없음 (거래정지 의심)

══════════════════════════════════════════════════
⚠️  손실 주의 원익피앤이(217820) -9.6% (비상손절 -15%)
→ 전종목 HOLD
✅ Discord 전송 완료

[08:50] HOLD | KODEX RSI95/+0.0%⚠️ | 보유:GS(078930) +0.7% 원익피앤(217820) -9.6% | 💸예수금부족 | 최고신호 GS(078930) 1/3개 [MA골]
💰 예수금 4,158원 | KODEX200 RSI95/+0.0% 과열⚠️ | 매수기준 3개↑
📦 보유 GS(078930) 1주 +0.7%
📦 보유 원익피앤이(217820) 6주 -9.6% 🔴스탑로스임박

코드      종목명           가격    RSI     변화율    거래량     BB   호가비  B/S
────────────────────────────────────────────────────────────────────────
[2단계 분석 대상: 078930, 217820, 012450, 084850, 000270, 207940, 006400]
⛔ 아우토크립트(137040) 호가 없음 (거래정지 의심)
078930  GS        77,500   63.1    -0.3%    0.0x     중간  1.11  1/0
217820  원익피앤이      3,680   56.7    -0.8%    0.0x     중간  0.17  1/0
⛔ 금양(001570) 호가 없음 (거래정지 의심)

══════════════════════════════════════════════════
⚠️  손실 주의 원익피앤이(217820) -9.6% (비상손절 -15%)
→ 전종목 HOLD
✅ Discord 전송 완료

[09:00] HOLD | KODEX RSI95/+0.0%⚠️ | 보유:GS(078930) +0.7% 원익피앤(217820) -9.6% | 💸예수금부족 | 최고신호 GS(078930) 1/3개 [MA골]
💰 예수금 4,159원 | KODEX200 RSI96/+2.2% 과열⚠️ | 매수기준 3개↑
📦 보유 GS(078930) 1주 +0.8%
📦 보유 원익피앤이(217820) 6주 -10.7% 🔴스탑로스임박

코드      종목명           가격    RSI     변화율    거래량     BB   호가비  B/S
────────────────────────────────────────────────────────────────────────
[2단계 분석 대상: 078930, 217820, 012450, 084850, 207940, 006400, 051910]
⛔ 아우토크립트(137040) 호가 없음 (거래정지 의심)
078930  GS        77,800   64.0    +0.3%    0.0x     중간  5.17  2/0
217820  원익피앤이      3,650   56.3    -1.2%    0.0x     중간  0.31  2/0
⛔ 금양(001570) 호가 없음 (거래정지 의심)

══════════════════════════════════════════════════
⚠️  손실 주의 원익피앤이(217820) -10.7% (비상손절 -15%)
→ 전종목 HOLD
✅ Discord 전송 완료

[09:02] HOLD | KODEX RSI96/+2.2%⚠️ | 보유:GS(078930) +0.8% 원익피앤(217820) -10.7% | 💸예수금부족 | 최고신호 GS(078930) 2/3개 [MA골 / 호가5.2]
💰 예수금 4,157원 | KODEX200 RSI95/+1.9% 과열⚠️ | 매수기준 3개↑
📦 보유 GS(078930) 1주 +2.1%
📦 보유 원익피앤이(217820) 6주 -11.1% 🔴스탑로스임박

코드      종목명           가격    RSI     변화율    거래량     BB   호가비  B/S
────────────────────────────────────────────────────────────────────────
[2단계 분석 대상: 078930, 217820, 000270, 012450, 000660, 035720, 012330]
⛔ 아우토크립트(137040) 호가 없음 (거래정지 의심)
078930  GS        78,200   64.1    +0.4%    0.0x     중간  4.99  2/0
217820  원익피앤이      3,640   55.6    -1.9%    0.0x     중간  0.59  2/0
⛔ 금양(001570) 호가 없음 (거래정지 의심)

══════════════════════════════════════════════════
⚠️  손실 주의 원익피앤이(217820) -11.1% (비상손절 -15%)
→ 전종목 HOLD
✅ Discord 전송 완료

[09:04] HOLD | KODEX RSI95/+1.9%⚠️ | 보유:GS(078930) +2.1% 원익피앤(217820) -11.1% | 💸예수금부족 | 최고신호 GS(078930) 2/3개 [MA골 / 호가5.0]
💰 예수금 4,157원 | KODEX200 RSI95/+1.5% 과열⚠️ | 매수기준 3개↑
📦 보유 GS(078930) 1주 +1.6%
📦 보유 원익피앤이(217820) 6주 -11.3% 🔴스탑로스임박

코드      종목명           가격    RSI     변화율    거래량     BB   호가비  B/S
────────────────────────────────────────────────────────────────────────
[2단계 분석 대상: 078930, 217820, 084850, 086790, 000270, 015760, 000660]
⛔ 아우토크립트(137040) 호가 없음 (거래정지 의심)
078930  GS        78,200   64.9    +1.0%    0.0x     중간  4.53  2/0
217820  원익피앤이      3,660   56.3    -1.2%    0.0x     중간  0.90  2/0
⛔ 금양(001570) 호가 없음 (거래정지 의심)

══════════════════════════════════════════════════
⚠️  손실 주의 원익피앤이(217820) -11.3% (비상손절 -15%)
→ 전종목 HOLD
✅ Discord 전송 완료

[09:06] HOLD | KODEX RSI95/+1.5%⚠️ | 보유:GS(078930) +1.6% 원익피앤(217820) -11.3% | 💸예수금부족 | 최고신호 GS(078930) 2/3개 [MA골 / 호가4.5]
💰 예수금 4,159원 | KODEX200 RSI95/+1.5% 과열⚠️ | 매수기준 3개↑
📦 보유 GS(078930) 1주 +0.8%
📦 보유 원익피앤이(217820) 6주 -11.3% 🔴스탑로스임박

코드      종목명           가격    RSI     변화율    거래량     BB   호가비  B/S
────────────────────────────────────────────────────────────────────────
[2단계 분석 대상: 078930, 217820, 012450, 035720, 000660, 086790, 207940]
⛔ 아우토크립트(137040) 호가 없음 (거래정지 의심)
078930  GS        77,600   64.4    +0.7%    0.1x     중간  1.29  2/0
217820  원익피앤이      3,630   55.3    -2.2%    0.1x     중간  0.95  2/0
⛔ 금양(001570) 호가 없음 (거래정지 의심)

══════════════════════════════════════════════════
⚠️  손실 주의 원익피앤이(217820) -11.3% (비상손절 -15%)
→ 전종목 HOLD
✅ Discord 전송 완료

[09:08] HOLD | KODEX RSI95/+1.5%⚠️ | 보유:GS(078930) +0.8% 원익피앤(217820) -11.3% | 💸예수금부족 | 최고신호 GS(078930) 2/3개 [MA골 / 호가1.3]
💰 예수금 4,159원 | KODEX200 RSI95/+1.4% 과열⚠️ | 매수기준 3개↑
📦 보유 GS(078930) 1주 +1.1%
📦 보유 원익피앤이(217820) 6주 -11.2% 🔴스탑로스임박

코드      종목명           가격    RSI     변화율    거래량     BB   호가비  B/S
────────────────────────────────────────────────────────────────────────
[2단계 분석 대상: 078930, 217820, 012450, 086790, 035720, 015760, 207940]
⛔ 아우토크립트(137040) 호가 없음 (거래정지 의심)
078930  GS        77,500   63.4    -0.1%    0.1x     중간  0.90  1/0
217820  원익피앤이      3,615   55.3    -2.2%    0.1x     중간  0.49  2/0
⛔ 금양(001570) 호가 없음 (거래정지 의심)

══════════════════════════════════════════════════
⚠️  손실 주의 원익피앤이(217820) -11.2% (비상손절 -15%)
→ 전종목 HOLD
✅ Discord 전송 완료

[09:10] HOLD | KODEX RSI95/+1.4%⚠️ | 보유:GS(078930) +1.1% 원익피앤(217820) -11.2% | 💸예수금부족 | 최고신호 원익피앤이(217820) 2/3개 [하락-2.2% / MA골]
💰 예수금 4,160원 | KODEX200 RSI95/+1.6% 과열⚠️ | 매수기준 3개↑
📦 보유 GS(078930) 1주 +0.6%
📦 보유 원익피앤이(217820) 6주 -11.8% 🔴스탑로스임박

코드      종목명           가격    RSI     변화율    거래량     BB   호가비  B/S
────────────────────────────────────────────────────────────────────────
[2단계 분석 대상: 078930, 217820, 012450, 035720, 001510, 051910, 061250]
⛔ 아우토크립트(137040) 호가 없음 (거래정지 의심)
078930  GS        77,900   64.1    +0.4%    0.1x     중간  0.88  1/0
217820  원익피앤이      3,620   55.2    -2.3%    0.1x     중간  0.81  2/0
⛔ 금양(001570) 호가 없음 (거래정지 의심)

══════════════════════════════════════════════════
⚠️  손실 주의 원익피앤이(217820) -11.8% (비상손절 -15%)
→ 전종목 HOLD
✅ Discord 전송 완료

[09:12] HOLD | KODEX RSI95/+1.6%⚠️ | 보유:GS(078930) +0.6% 원익피앤(217820) -11.8% | 💸예수금부족 | 최고신호 원익피앤이(217820) 2/3개 [하락-2.3% / MA골]
💰 예수금 4,159원 | KODEX200 RSI95/+1.7% 과열⚠️ | 매수기준 3개↑
📦 보유 GS(078930) 1주 +1.1%
📦 보유 원익피앤이(217820) 6주 -11.7% 🔴스탑로스임박

코드      종목명           가격    RSI     변화율    거래량     BB   호가비  B/S
────────────────────────────────────────────────────────────────────────
[2단계 분석 대상: 078930, 217820, 066970, 086790, 035720, 015760, 006400]
⛔ 아우토크립트(137040) 호가 없음 (거래정지 의심)
078930  GS        77,700   64.1    +0.4%    0.1x     중간  1.42  2/0
217820  원익피앤이      3,610   55.2    -2.3%    0.1x     중간  0.87  2/0
⛔ 금양(001570) 호가 없음 (거래정지 의심)

══════════════════════════════════════════════════
⚠️  손실 주의 원익피앤이(217820) -11.7% (비상손절 -15%)
→ 전종목 HOLD
✅ Discord 전송 완료

[09:14] HOLD | KODEX RSI95/+1.7%⚠️ | 보유:GS(078930) +1.1% 원익피앤(217820) -11.7% | 💸예수금부족 | 최고신호 GS(078930) 2/3개 [MA골 / 호가1.4]
💰 예수금 4,159원 | KODEX200 RSI95/+1.6% 과열⚠️ | 매수기준 3개↑
📦 보유 GS(078930) 1주 +1.2%
📦 보유 원익피앤이(217820) 6주 -11.6% 🔴스탑로스임박

코드      종목명           가격    RSI     변화율    거래량     BB   호가비  B/S
────────────────────────────────────────────────────────────────────────
[2단계 분석 대상: 078930, 217820, 000270, 066970, 035720, 086790, 105560]
⛔ 아우토크립트(137040) 호가 없음 (거래정지 의심)
078930  GS        77,600   63.8    +0.1%    0.1x     중간  1.25  2/0
217820  원익피앤이      3,615   54.8    -2.7%    0.1x     중간  0.61  2/0
⛔ 금양(001570) 호가 없음 (거래정지 의심)

══════════════════════════════════════════════════
⚠️  손실 주의 원익피앤이(217820) -11.6% (비상손절 -15%)
→ 전종목 HOLD
✅ Discord 전송 완료

[09:16] HOLD | KODEX RSI95/+1.6%⚠️ | 보유:GS(078930) +1.2% 원익피앤(217820) -11.6% | 💸예수금부족 | 최고신호 GS(078930) 2/3개 [MA골 / 호가1.2]
💰 예수금 4,159원 | KODEX200 RSI95/+1.6% 과열⚠️ | 매수기준 3개↑
📦 보유 GS(078930) 1주 +1.2%
📦 보유 원익피앤이(217820) 6주 -11.6% 🔴스탑로스임박

코드      종목명           가격    RSI     변화율    거래량     BB   호가비  B/S
────────────────────────────────────────────────────────────────────────
[2단계 분석 대상: 078930, 217820, 066970, 035720, 015760, 012450, 006400]
⛔ 아우토크립트(137040) 호가 없음 (거래정지 의심)
078930  GS        77,700   64.0    +0.3%    0.1x     중간  1.03  1/0
217820  원익피앤이      3,615   54.8    -2.7%    0.1x     중간  0.63  2/0
⛔ 금양(001570) 호가 없음 (거래정지 의심)

══════════════════════════════════════════════════
⚠️  손실 주의 원익피앤이(217820) -11.6% (비상손절 -15%)
→ 전종목 HOLD
✅ Discord 전송 완료

[09:18] HOLD | KODEX RSI95/+1.6%⚠️ | 보유:GS(078930) +1.2% 원익피앤(217820) -11.6% | 💸예수금부족 | 최고신호 원익피앤이(217820) 2/3개 [하락-2.7% / MA골]
💰 예수금 4,159원 | KODEX200 RSI95/+1.4% 과열⚠️ | 매수기준 3개↑
📦 보유 GS(078930) 1주 +1.1%
📦 보유 원익피앤이(217820) 6주 -11.8% 🔴스탑로스임박

코드      종목명           가격    RSI     변화율    거래량     BB   호가비  B/S
────────────────────────────────────────────────────────────────────────
[2단계 분석 대상: 078930, 217820, 066970, 015760, 006400, 012450, 000660]
⛔ 아우토크립트(137040) 호가 없음 (거래정지 의심)
078930  GS        77,700   64.0    +0.3%    0.1x     중간  0.85  1/0
217820  원익피앤이      3,595   55.0    -2.6%    0.1x     중간  0.18  2/0
⛔ 금양(001570) 호가 없음 (거래정지 의심)

══════════════════════════════════════════════════
⚠️  손실 주의 원익피앤이(217820) -11.8% (비상손절 -15%)
→ 전종목 HOLD
✅ Discord 전송 완료

[09:20] HOLD | KODEX RSI95/+1.4%⚠️ | 보유:GS(078930) +1.1% 원익피앤(217820) -11.8% | 💸예수금부족 | 최고신호 원익피앤이(217820) 2/3개 [하락-2.6% / MA골]
💰 예수금 4,159원 | KODEX200 RSI95/+1.2% 과열⚠️ | 매수기준 3개↑
📦 보유 GS(078930) 1주 +1.2%
📦 보유 원익피앤이(217820) 6주 -12.2% 🔴스탑로스임박

코드      종목명           가격    RSI     변화율    거래량     BB   호가비  B/S
────────────────────────────────────────────────────────────────────────
[2단계 분석 대상: 078930, 217820, 015760, 012450, 001510, 035420, 006400]
⛔ 아우토크립트(137040) 호가 없음 (거래정지 의심)
078930  GS        78,000   64.4    +0.7%    0.1x     중간  1.37  2/0
217820  원익피앤이      3,580   54.4    -3.1%    0.2x     중간  0.22  2/0
⛔ 금양(001570) 호가 없음 (거래정지 의심)

══════════════════════════════════════════════════
⚠️  손실 주의 원익피앤이(217820) -12.2% (비상손절 -15%)
→ 전종목 HOLD
✅ Discord 전송 완료

[09:22] HOLD | KODEX RSI95/+1.2%⚠️ | 보유:GS(078930) +1.2% 원익피앤(217820) -12.2% | 💸예수금부족 | 최고신호 GS(078930) 2/3개 [MA골 / 호가1.4]
💰 예수금 4,157원 | KODEX200 RSI95/+0.8% 과열⚠️ | 매수기준 3개↑
📦 보유 GS(078930) 1주 +1.7%
📦 보유 원익피앤이(217820) 6주 -12.3% 🔴스탑로스임박

코드      종목명           가격    RSI     변화율    거래량     BB   호가비  B/S
────────────────────────────────────────────────────────────────────────
[2단계 분석 대상: 078930, 217820, 000270, 035720, 012450, 015760, 006400]
⛔ 아우토크립트(137040) 호가 없음 (거래정지 의심)
078930  GS        78,300   64.9    +1.0%    0.1x     중간  1.47  2/0
217820  원익피앤이      3,585   54.6    -3.0%    0.2x     중간  0.19  2/0
⛔ 금양(001570) 호가 없음 (거래정지 의심)

══════════════════════════════════════════════════
⚠️  손실 주의 원익피앤이(217820) -12.3% (비상손절 -15%)
→ 전종목 HOLD
✅ Discord 전송 완료

[09:24] HOLD | KODEX RSI95/+0.8%⚠️ | 보유:GS(078930) +1.7% 원익피앤(217820) -12.3% | 💸예수금부족 | 최고신호 GS(078930) 2/3개 [MA골 / 호가1.5]
💰 예수금 4,157원 | KODEX200 RSI95/+1.2% 과열⚠️ | 매수기준 3개↑
📦 보유 GS(078930) 1주 +1.6%
📦 보유 원익피앤이(217820) 6주 -12.2% 🔴스탑로스임박

코드      종목명           가격    RSI     변화율    거래량     BB   호가비  B/S
────────────────────────────────────────────────────────────────────────
[2단계 분석 대상: 078930, 217820, 012330, 015760, 034020, 012450, 403870]
⛔ 아우토크립트(137040) 호가 없음 (거래정지 의심)
078930  GS        78,000   64.6    +0.8%    0.1x     중간  1.03  1/0
217820  원익피앤이      3,600   55.0    -2.6%    0.2x     중간  0.27  2/0
⛔ 금양(001570) 호가 없음 (거래정지 의심)

══════════════════════════════════════════════════
⚠️  손실 주의 원익피앤이(217820) -12.2% (비상손절 -15%)
→ 전종목 HOLD
✅ Discord 전송 완료

[09:26] HOLD | KODEX RSI95/+1.2%⚠️ | 보유:GS(078930) +1.6% 원익피앤(217820) -12.2% | 💸예수금부족 | 최고신호 원익피앤이(217820) 2/3개 [하락-2.6% / MA골]
💰 예수금 4,159원 | KODEX200 RSI95/+1.5% 과열⚠️ | 매수기준 3개↑
📦 보유 GS(078930) 1주 +1.3%
📦 보유 원익피앤이(217820) 6주 -12.2% 🔴스탑로스임박

코드      종목명           가격    RSI     변화율    거래량     BB   호가비  B/S
────────────────────────────────────────────────────────────────────────
[2단계 분석 대상: 078930, 217820, 001510, 012450, 138040, 066970, 015760]
⛔ 아우토크립트(137040) 호가 없음 (거래정지 의심)
078930  GS        77,900   64.0    +0.3%    0.1x     중간  0.91  1/0
217820  원익피앤이      3,595   54.6    -3.0%    0.2x     중간  0.36  2/0
⛔ 금양(001570) 호가 없음 (거래정지 의심)

══════════════════════════════════════════════════
⚠️  손실 주의 원익피앤이(217820) -12.2% (비상손절 -15%)
→ 전종목 HOLD
✅ Discord 전송 완료

[09:28] HOLD | KODEX RSI95/+1.5%⚠️ | 보유:GS(078930) +1.3% 원익피앤(217820) -12.2% | 💸예수금부족 | 최고신호 원익피앤이(217820) 2/3개 [하락-3.0% / MA골]
💰 예수금 4,160원 | KODEX200 RSI95/+1.6% 과열⚠️ | 매수기준 3개↑
📦 보유 GS(078930) 1주 +1.1%
📦 보유 원익피앤이(217820) 6주 -12.8% 🔴스탑로스임박

코드      종목명           가격    RSI     변화율    거래량     BB   호가비  B/S
────────────────────────────────────────────────────────────────────────
[2단계 분석 대상: 078930, 217820, 012450, 105560, 066970, 086790, 138040]
⛔ 아우토크립트(137040) 호가 없음 (거래정지 의심)
078930  GS        77,900   64.3    +0.5%    0.1x     중간  0.99  1/0
217820  원익피앤이      3,590   54.7    -2.8%    0.2x     중간  0.51  2/0
⛔ 금양(001570) 호가 없음 (거래정지 의심)

══════════════════════════════════════════════════
⚠️  손실 주의 원익피앤이(217820) -12.8% (비상손절 -15%)
→ 전종목 HOLD
✅ Discord 전송 완료

[09:30] HOLD | KODEX RSI95/+1.6%⚠️ | 보유:GS(078930) +1.1% 원익피앤(217820) -12.8% | 💸예수금부족 | 최고신호 원익피앤이(217820) 2/3개 [하락-2.8% / MA골]
💰 예수금 4,159원 | KODEX200 RSI95/+1.6% 과열⚠️ | 매수기준 3개↑
📦 보유 GS(078930) 1주 +0.9%
📦 보유 원익피앤이(217820) 6주 -12.2% 🔴스탑로스임박

코드      종목명           가격    RSI     변화율    거래량     BB   호가비  B/S
────────────────────────────────────────────────────────────────────────
[2단계 분석 대상: 078930, 217820, 105560, 001510, 012450, 079550, 138040]
⛔ 아우토크립트(137040) 호가 없음 (거래정지 의심)
078930  GS        77,800   64.0    +0.3%    0.1x     중간  0.95  1/0
217820  원익피앤이      3,585   54.6    -3.0%    0.2x     중간  0.46  2/0
⛔ 금양(001570) 호가 없음 (거래정지 의심)

══════════════════════════════════════════════════
⚠️  손실 주의 원익피앤이(217820) -12.2% (비상손절 -15%)
→ 전종목 HOLD
✅ Discord 전송 완료

[09:32] HOLD | KODEX RSI95/+1.6%⚠️ | 보유:GS(078930) +0.9% 원익피앤(217820) -12.2% | 💸예수금부족 | 최고신호 원익피앤이(217820) 2/3개 [하락-3.0% / MA골]
💰 예수금 4,157원 | KODEX200 RSI95/+1.7% 과열⚠️ | 매수기준 3개↑
📦 보유 GS(078930) 1주 +1.6%
📦 보유 원익피앤이(217820) 6주 -12.3% 🔴스탑로스임박

코드      종목명           가격    RSI     변화율    거래량     BB   호가비  B/S
────────────────────────────────────────────────────────────────────────
[2단계 분석 대상: 078930, 217820, 012450, 086790, 001510, 079550, 035720]
⛔ 아우토크립트(137040) 호가 없음 (거래정지 의심)
078930  GS        78,200   64.4    +0.7%    0.1x     중간  1.04  1/0
217820  원익피앤이      3,600   54.6    -3.0%    0.2x     중간  0.53  2/0
⛔ 금양(001570) 호가 없음 (거래정지 의심)

══════════════════════════════════════════════════
⚠️  손실 주의 원익피앤이(217820) -12.3% (비상손절 -15%)
→ 전종목 HOLD
✅ Discord 전송 완료

[09:34] HOLD | KODEX RSI95/+1.7%⚠️ | 보유:GS(078930) +1.6% 원익피앤(217820) -12.3% | 💸예수금부족 | 최고신호 원익피앤이(217820) 2/3개 [하락-3.0% / MA골]
💰 예수금 4,160원 | KODEX200 RSI95/+1.8% 과열⚠️ | 매수기준 3개↑
📦 보유 GS(078930) 1주 +1.3%
📦 보유 원익피앤이(217820) 6주 -12.6% 🔴스탑로스임박

코드      종목명           가격    RSI     변화율    거래량     BB   호가비  B/S
────────────────────────────────────────────────────────────────────────
[2단계 분석 대상: 078930, 217820, 012450, 086790, 001510, 066970, 079550]
⛔ 아우토크립트(137040) 호가 없음 (거래정지 의심)
078930  GS        78,000   64.6    +0.8%    0.1x     중간  0.96  1/0
217820  원익피앤이      3,585   54.6    -3.0%    0.2x     중간  0.66  2/0
⛔ 금양(001570) 호가 없음 (거래정지 의심)

══════════════════════════════════════════════════
⚠️  손실 주의 원익피앤이(217820) -12.6% (비상손절 -15%)
→ 전종목 HOLD
✅ Discord 전송 완료

[09:36] HOLD | KODEX RSI95/+1.8%⚠️ | 보유:GS(078930) +1.3% 원익피앤(217820) -12.6% | 💸예수금부족 | 최고신호 원익피앤이(217820) 2/3개 [하락-3.0% / MA골]
💰 예수금 4,160원 | KODEX200 RSI95/+1.9% 과열⚠️ | 매수기준 3개↑
📦 보유 GS(078930) 1주 +1.1%
📦 보유 원익피앤이(217820) 6주 -12.4% 🔴스탑로스임박

코드      종목명           가격    RSI     변화율    거래량     BB   호가비  B/S
────────────────────────────────────────────────────────────────────────
[2단계 분석 대상: 078930, 217820, 012450, 066970, 079550, 001510, 138040]
⛔ 아우토크립트(137040) 호가 없음 (거래정지 의심)
078930  GS        77,600   64.1    +0.4%    0.1x     중간  0.59  1/0
217820  원익피앤이      3,575   54.3    -3.2%    0.2x     중간  0.75  2/0
⛔ 금양(001570) 호가 없음 (거래정지 의심)

══════════════════════════════════════════════════
⚠️  손실 주의 원익피앤이(217820) -12.4% (비상손절 -15%)
→ 전종목 HOLD
✅ Discord 전송 완료

[09:38] HOLD | KODEX RSI95/+1.9%⚠️ | 보유:GS(078930) +1.1% 원익피앤(217820) -12.4% | 💸예수금부족 | 최고신호 원익피앤이(217820) 2/3개 [하락-3.2% / MA골]
💰 예수금 4,160원 | KODEX200 RSI95/+1.7% 과열⚠️ | 매수기준 3개↑
📦 보유 GS(078930) 1주 +1.0%
📦 보유 원익피앤이(217820) 6주 -12.4% 🔴스탑로스임박

코드      종목명           가격    RSI     변화율    거래량     BB   호가비  B/S
────────────────────────────────────────────────────────────────────────
[2단계 분석 대상: 078930, 217820, 012450, 066970, 138040, 086790, 001510]
⛔ 아우토크립트(137040) 호가 없음 (거래정지 의심)
078930  GS        77,600   63.8    +0.1%    0.1x     중간  0.53  1/0
217820  원익피앤이      3,580   54.4    -3.1%    0.2x     중간  0.62  2/0
⛔ 금양(001570) 호가 없음 (거래정지 의심)

══════════════════════════════════════════════════
⚠️  손실 주의 원익피앤이(217820) -12.4% (비상손절 -15%)
→ 전종목 HOLD
✅ Discord 전송 완료

[09:40] HOLD | KODEX RSI95/+1.7%⚠️ | 보유:GS(078930) +1.0% 원익피앤(217820) -12.4% | 💸예수금부족 | 최고신호 원익피앤이(217820) 2/3개 [하락-3.1% / MA골]
💰 예수금 4,160원 | KODEX200 RSI95/+1.9% 과열⚠️ | 매수기준 3개↑
📦 보유 GS(078930) 1주 +0.9%
📦 보유 원익피앤이(217820) 6주 -12.4% 🔴스탑로스임박

코드      종목명           가격    RSI     변화율    거래량     BB   호가비  B/S
────────────────────────────────────────────────────────────────────────
[2단계 분석 대상: 078930, 217820, 012450, 138040, 086790, 061250, 066970]
⛔ 아우토크립트(137040) 호가 없음 (거래정지 의심)
078930  GS        77,500   63.7    +0.0%    0.1x     중간  0.52  1/0
217820  원익피앤이      3,580   54.4    -3.1%    0.3x     중간  0.79  2/0
⛔ 금양(001570) 호가 없음 (거래정지 의심)

══════════════════════════════════════════════════
⚠️  손실 주의 원익피앤이(217820) -12.4% (비상손절 -15%)
→ 전종목 HOLD
✅ Discord 전송 완료

[09:42] HOLD | KODEX RSI95/+1.9%⚠️ | 보유:GS(078930) +0.9% 원익피앤(217820) -12.4% | 💸예수금부족 | 최고신호 원익피앤이(217820) 2/3개 [하락-3.1% / MA골]
💰 예수금 4,160원 | KODEX200 RSI95/+1.8% 과열⚠️ | 매수기준 3개↑
📦 보유 GS(078930) 1주 +0.9%
📦 보유 원익피앤이(217820) 6주 -12.4% 🔴스탑로스임박

코드      종목명           가격    RSI     변화율    거래량     BB   호가비  B/S
────────────────────────────────────────────────────────────────────────
[2단계 분석 대상: 078930, 217820, 066970, 138040, 012450, 207940, 086790]
⛔ 아우토크립트(137040) 호가 없음 (거래정지 의심)
078930  GS        77,600   63.8    +0.1%    0.1x     중간  1.81  2/0
217820  원익피앤이      3,585   54.4    -3.1%    0.3x     중간  1.21  3/0
⛔ 금양(001570) 호가 없음 (거래정지 의심)

══════════════════════════════════════════════════
⚠️  손실 주의 원익피앤이(217820) -12.4% (비상손절 -15%)
→ 전종목 HOLD
✅ Discord 전송 완료

[09:44] HOLD | KODEX RSI95/+1.8%⚠️ | 보유:GS(078930) +0.9% 원익피앤(217820) -12.4% | 💸예수금부족 | 최고신호 원익피앤이(217820) 3/3개 [하락-3.1% / MA골 / 호가1.2]
💰 예수금 4,160원 | KODEX200 RSI95/+1.7% 과열⚠️ | 매수기준 3개↑
📦 보유 GS(078930) 1주 +0.8%
📦 보유 원익피앤이(217820) 6주 -12.7% 🔴스탑로스임박

코드      종목명           가격    RSI     변화율    거래량     BB   호가비  B/S
────────────────────────────────────────────────────────────────────────
[2단계 분석 대상: 078930, 217820, 086790, 138040, 012450, 066970, 051910]
⛔ 아우토크립트(137040) 호가 없음 (거래정지 의심)
078930  GS        77,600   63.8    +0.1%    0.1x     중간  2.08  2/0
217820  원익피앤이      3,575   54.2    -3.4%    0.3x     중간  0.83  2/0
⛔ 금양(001570) 호가 없음 (거래정지 의심)

══════════════════════════════════════════════════
⚠️  손실 주의 원익피앤이(217820) -12.7% (비상손절 -15%)
→ 전종목 HOLD
✅ Discord 전송 완료

[09:46] HOLD | KODEX RSI95/+1.7%⚠️ | 보유:GS(078930) +0.8% 원익피앤(217820) -12.7% | 💸예수금부족 | 최고신호 GS(078930) 2/3개 [MA골 / 호가2.1]
💰 예수금 4,160원 | KODEX200 RSI95/+1.9% 과열⚠️ | 매수기준 3개↑
📦 보유 GS(078930) 1주 +0.9%
📦 보유 원익피앤이(217820) 6주 -12.8% 🔴스탑로스임박

코드      종목명           가격    RSI     변화율    거래량     BB   호가비  B/S
────────────────────────────────────────────────────────────────────────
[2단계 분석 대상: 078930, 217820, 138040, 086790, 012450, 006400, 403870]
⛔ 아우토크립트(137040) 호가 없음 (거래정지 의심)
078930  GS        77,700   64.1    +0.3%    0.1x     중간  1.92  2/0
217820  원익피앤이      3,585   54.6    -3.0%    0.3x     중간  0.97  2/0
⛔ 금양(001570) 호가 없음 (거래정지 의심)

══════════════════════════════════════════════════
⚠️  손실 주의 원익피앤이(217820) -12.8% (비상손절 -15%)
→ 전종목 HOLD
✅ Discord 전송 완료

[09:48] HOLD | KODEX RSI95/+1.9%⚠️ | 보유:GS(078930) +0.9% 원익피앤(217820) -12.8% | 💸예수금부족 | 최고신호 GS(078930) 2/3개 [MA골 / 호가1.9]
💰 예수금 4,159원 | KODEX200 RSI95/+1.8% 과열⚠️ | 매수기준 3개↑
📦 보유 GS(078930) 1주 +0.9%
📦 보유 원익피앤이(217820) 6주 -12.3% 🔴스탑로스임박

코드      종목명           가격    RSI     변화율    거래량     BB   호가비  B/S
────────────────────────────────────────────────────────────────────────
[2단계 분석 대상: 078930, 217820, 138040, 086790, 012450, 056080, 006400]
⛔ 아우토크립트(137040) 호가 없음 (거래정지 의심)
078930  GS        78,000   64.6    +0.8%    0.1x     중간  4.13  2/0
217820  원익피앤이      3,585   54.6    -3.0%    0.3x     중간  0.49  2/0
⛔ 금양(001570) 호가 없음 (거래정지 의심)

══════════════════════════════════════════════════
⚠️  손실 주의 원익피앤이(217820) -12.3% (비상손절 -15%)
→ 전종목 HOLD
✅ Discord 전송 완료

[09:50] HOLD | KODEX RSI95/+1.8%⚠️ | 보유:GS(078930) +0.9% 원익피앤(217820) -12.3% | 💸예수금부족 | 최고신호 GS(078930) 2/3개 [MA골 / 호가4.1]
💰 예수금 4,159원 | KODEX200 RSI95/+1.8% 과열⚠️ | 매수기준 3개↑
📦 보유 GS(078930) 1주 +1.2%
📦 보유 원익피앤이(217820) 6주 -12.3% 🔴스탑로스임박

코드      종목명           가격    RSI     변화율    거래량     BB   호가비  B/S
────────────────────────────────────────────────────────────────────────
[2단계 분석 대상: 078930, 217820, 138040, 086790, 066970, 006400, 012450]
⛔ 아우토크립트(137040) 호가 없음 (거래정지 의심)
078930  GS        77,800   63.8    +0.1%    0.1x     중간  1.69  2/0
217820  원익피앤이      3,585   54.6    -3.0%    0.3x     중간  1.00  2/0
⛔ 금양(001570) 호가 없음 (거래정지 의심)

══════════════════════════════════════════════════
⚠️  손실 주의 원익피앤이(217820) -12.3% (비상손절 -15%)
→ 전종목 HOLD
✅ Discord 전송 완료

[09:52] HOLD | KODEX RSI95/+1.8%⚠️ | 보유:GS(078930) +1.2% 원익피앤(217820) -12.3% | 💸예수금부족 | 최고신호 GS(078930) 2/3개 [MA골 / 호가1.7]
💰 예수금 4,160원 | KODEX200 RSI95/+1.6% 과열⚠️ | 매수기준 3개↑
📦 보유 GS(078930) 1주 +0.9%
📦 보유 원익피앤이(217820) 6주 -12.4% 🔴스탑로스임박

코드      종목명           가격    RSI     변화율    거래량     BB   호가비  B/S
────────────────────────────────────────────────────────────────────────
[2단계 분석 대상: 078930, 217820, 066970, 086790, 012450, 079550, 003670]
⛔ 아우토크립트(137040) 호가 없음 (거래정지 의심)
078930  GS        77,600   64.0    +0.3%    0.1x     중간  2.06  2/0
217820  원익피앤이      3,585   54.6    -3.0%    0.3x     중간  0.97  2/0
⛔ 금양(001570) 호가 없음 (거래정지 의심)

══════════════════════════════════════════════════
⚠️  손실 주의 원익피앤이(217820) -12.4% (비상손절 -15%)
→ 전종목 HOLD
✅ Discord 전송 완료

[09:54] HOLD | KODEX RSI95/+1.6%⚠️ | 보유:GS(078930) +0.9% 원익피앤(217820) -12.4% | 💸예수금부족 | 최고신호 GS(078930) 2/3개 [MA골 / 호가2.1]
💰 예수금 4,160원 | KODEX200 RSI95/+1.5% 과열⚠️ | 매수기준 3개↑
📦 보유 GS(078930) 1주 +0.9%
📦 보유 원익피앤이(217820) 6주 -12.7% 🔴스탑로스임박

코드      종목명           가격    RSI     변화율    거래량     BB   호가비  B/S
────────────────────────────────────────────────────────────────────────
[2단계 분석 대상: 078930, 217820, 003670, 138040, 012450, 079550, 086790]
⛔ 아우토크립트(137040) 호가 없음 (거래정지 의심)
078930  GS        77,600   63.8    +0.1%    0.1x     중간  2.06  2/0
217820  원익피앤이      3,575   54.3    -3.2%    0.3x     중간  1.01  2/0
⛔ 금양(001570) 호가 없음 (거래정지 의심)

══════════════════════════════════════════════════
⚠️  손실 주의 원익피앤이(217820) -12.7% (비상손절 -15%)
→ 전종목 HOLD
✅ Discord 전송 완료

[09:56] HOLD | KODEX RSI95/+1.5%⚠️ | 보유:GS(078930) +0.9% 원익피앤(217820) -12.7% | 💸예수금부족 | 최고신호 GS(078930) 2/3개 [MA골 / 호가2.1]
💰 예수금 4,160원 | KODEX200 RSI95/+1.4% 과열⚠️ | 매수기준 3개↑
📦 보유 GS(078930) 1주 +0.9%
📦 보유 원익피앤이(217820) 6주 -12.8% 🔴스탑로스임박

코드      종목명           가격    RSI     변화율    거래량     BB   호가비  B/S
────────────────────────────────────────────────────────────────────────
[2단계 분석 대상: 078930, 217820, 138040, 003670, 079550, 105560, 012450]
⛔ 아우토크립트(137040) 호가 없음 (거래정지 의심)
078930  GS        77,600   63.8    +0.1%    0.1x     중간  2.02  2/0
217820  원익피앤이      3,575   54.3    -3.2%    0.3x     중간  0.78  2/0
⛔ 금양(001570) 호가 없음 (거래정지 의심)

══════════════════════════════════════════════════
⚠️  손실 주의 원익피앤이(217820) -12.8% (비상손절 -15%)
→ 전종목 HOLD
✅ Discord 전송 완료

[09:58] HOLD | KODEX RSI95/+1.4%⚠️ | 보유:GS(078930) +0.9% 원익피앤(217820) -12.8% | 💸예수금부족 | 최고신호 GS(078930) 2/3개 [MA골 / 호가2.0]
💰 예수금 4,159원 | KODEX200 RSI95/+1.3% 과열⚠️ | 매수기준 3개↑
📦 보유 GS(078930) 1주 +0.8%
📦 보유 원익피앤이(217820) 6주 -12.3% 🔴스탑로스임박

코드      종목명           가격    RSI     변화율    거래량     BB   호가비  B/S
────────────────────────────────────────────────────────────────────────
[2단계 분석 대상: 078930, 217820, 138040, 066970, 084850, 003670, 105560]
⛔ 아우토크립트(137040) 호가 없음 (거래정지 의심)
078930  GS        77,600   63.7    +0.0%    0.1x     중간  0.71  1/0
217820  원익피앤이      3,585   54.6    -3.0%    0.3x     중간  0.89  2/0
⛔ 금양(001570) 호가 없음 (거래정지 의심)

══════════════════════════════════════════════════
⚠️  손실 주의 원익피앤이(217820) -12.3% (비상손절 -15%)
→ 전종목 HOLD
✅ Discord 전송 완료

[10:00] HOLD | KODEX RSI95/+1.3%⚠️ | 보유:GS(078930) +0.8% 원익피앤(217820) -12.3% | 💸예수금부족 | 최고신호 원익피앤이(217820) 2/3개 [하락-3.0% / MA골]
💰 예수금 4,159원 | KODEX200 RSI95/+1.2% 과열⚠️ | 매수기준 3개↑
📦 보유 GS(078930) 1주 +0.8%
📦 보유 원익피앤이(217820) 6주 -12.3% 🔴스탑로스임박

코드      종목명           가격    RSI     변화율    거래량     BB   호가비  B/S
────────────────────────────────────────────────────────────────────────
[2단계 분석 대상: 078930, 217820, 066970, 138040, 012450, 084850, 003670]
⛔ 아우토크립트(137040) 호가 없음 (거래정지 의심)
078930  GS        77,600   64.0    +0.3%    0.1x     중간  0.86  1/0
217820  원익피앤이      3,585   54.4    -3.1%    0.3x     중간  0.81  2/0
⛔ 금양(001570) 호가 없음 (거래정지 의심)

══════════════════════════════════════════════════
⚠️  손실 주의 원익피앤이(217820) -12.3% (비상손절 -15%)
→ 전종목 HOLD
✅ Discord 전송 완료

[10:02] HOLD | KODEX RSI95/+1.2%⚠️ | 보유:GS(078930) +0.8% 원익피앤(217820) -12.3% | 💸예수금부족 | 최고신호 원익피앤이(217820) 2/3개 [하락-3.1% / MA골]
💰 예수금 4,160원 | KODEX200 RSI95/+1.0% 과열⚠️ | 매수기준 3개↑
📦 보유 GS(078930) 1주 +0.8%
📦 보유 원익피앤이(217820) 6주 -12.4% 🔴스탑로스임박

코드      종목명           가격    RSI     변화율    거래량     BB   호가비  B/S
────────────────────────────────────────────────────────────────────────
[2단계 분석 대상: 078930, 217820, 138040, 012450, 403870, 001510, 000660]
⛔ 아우토크립트(137040) 호가 없음 (거래정지 의심)
078930  GS        77,500   63.8    +0.1%    0.1x     중간  0.83  1/0
217820  원익피앤이      3,585   54.6    -3.0%    0.3x     중간  0.99  2/0
⛔ 금양(001570) 호가 없음 (거래정지 의심)

══════════════════════════════════════════════════
⚠️  손실 주의 원익피앤이(217820) -12.4% (비상손절 -15%)
→ 전종목 HOLD
✅ Discord 전송 완료

[10:04] HOLD | KODEX RSI95/+1.0%⚠️ | 보유:GS(078930) +0.8% 원익피앤(217820) -12.4% | 💸예수금부족 | 최고신호 원익피앤이(217820) 2/3개 [하락-3.0% / MA골]
💰 예수금 4,160원 | KODEX200 RSI95/+1.0% 과열⚠️ | 매수기준 3개↑
📦 보유 GS(078930) 1주 +0.7%
📦 보유 원익피앤이(217820) 6주 -12.6% 🔴스탑로스임박

코드      종목명           가격    RSI     변화율    거래량     BB   호가비  B/S
────────────────────────────────────────────────────────────────────────
[2단계 분석 대상: 078930, 217820, 138040, 066970, 012450, 006400, 001510]
⛔ 아우토크립트(137040) 호가 없음 (거래정지 의심)
078930  GS        77,500   63.8    +0.1%    0.2x     중간  0.85  1/0
217820  원익피앤이      3,570   54.2    -3.4%    0.3x     중간  1.24  3/0
⛔ 금양(001570) 호가 없음 (거래정지 의심)

══════════════════════════════════════════════════
⚠️  손실 주의 원익피앤이(217820) -12.6% (비상손절 -15%)
→ 전종목 HOLD
✅ Discord 전송 완료

[10:06] HOLD | KODEX RSI95/+1.0%⚠️ | 보유:GS(078930) +0.7% 원익피앤(217820) -12.6% | 💸예수금부족 | 최고신호 원익피앤이(217820) 3/3개 [하락-3.4% / MA골 / 호가1.2]
💰 예수금 4,161원 | KODEX200 RSI95/+0.7% 과열⚠️ | 매수기준 3개↑
📦 보유 GS(078930) 1주 +0.4%
📦 보유 원익피앤이(217820) 6주 -12.9% 🔴스탑로스임박

코드      종목명           가격    RSI     변화율    거래량     BB   호가비  B/S
────────────────────────────────────────────────────────────────────────
[2단계 분석 대상: 078930, 217820, 138040, 034020, 012450, 006400, 003670]
⛔ 아우토크립트(137040) 호가 없음 (거래정지 의심)
078930  GS        77,100   62.9    -0.4%    0.2x     중간  0.42  1/0
217820  원익피앤이      3,565   53.9    -3.6%    0.3x     중간  1.19  2/0
⛔ 금양(001570) 호가 없음 (거래정지 의심)

══════════════════════════════════════════════════
⚠️  손실 주의 원익피앤이(217820) -12.9% (비상손절 -15%)
→ 전종목 HOLD
✅ Discord 전송 완료

[10:08] HOLD | KODEX RSI95/+0.7%⚠️ | 보유:GS(078930) +0.4% 원익피앤(217820) -12.9% | 💸예수금부족 | 최고신호 원익피앤이(217820) 2/3개 [하락-3.6% / MA골]
💰 예수금 4,161원 | KODEX200 RSI95/+0.7% 과열⚠️ | 매수기준 3개↑
📦 보유 GS(078930) 1주 +0.3%
📦 보유 원익피앤이(217820) 6주 -12.8% 🔴스탑로스임박

코드      종목명           가격    RSI     변화율    거래량     BB   호가비  B/S
────────────────────────────────────────────────────────────────────────
[2단계 분석 대상: 078930, 217820, 012450, 006400, 034020, 138040, 066970]
⛔ 아우토크립트(137040) 호가 없음 (거래정지 의심)
078930  GS        77,000   62.3    -0.7%    0.2x     중간  0.59  1/0
217820  원익피앤이      3,560   53.9    -3.6%    0.3x     중간  1.12  2/0
⛔ 금양(001570) 호가 없음 (거래정지 의심)

══════════════════════════════════════════════════
⚠️  손실 주의 원익피앤이(217820) -12.8% (비상손절 -15%)
→ 전종목 HOLD
✅ Discord 전송 완료

[10:10] HOLD | KODEX RSI95/+0.7%⚠️ | 보유:GS(078930) +0.3% 원익피앤(217820) -12.8% | 💸예수금부족 | 최고신호 원익피앤이(217820) 2/3개 [하락-3.6% / MA골]
💰 예수금 4,161원 | KODEX200 RSI95/+0.5% 과열⚠️ | 매수기준 3개↑
📦 보유 GS(078930) 1주 +0.0%
📦 보유 원익피앤이(217820) 6주 -13.0% 🔴스탑로스임박

코드      종목명           가격    RSI     변화율    거래량     BB   호가비  B/S
────────────────────────────────────────────────────────────────────────
[2단계 분석 대상: 078930, 217820, 084850, 138040, 012450, 006400, 079550]
⛔ 아우토크립트(137040) 호가 없음 (거래정지 의심)
078930  GS        76,900   62.3    -0.7%    0.2x     중간  0.66  1/0
217820  원익피앤이      3,560   53.8    -3.8%    0.4x     중간  0.84  2/0
⛔ 금양(001570) 호가 없음 (거래정지 의심)

══════════════════════════════════════════════════
⚠️  손실 주의 원익피앤이(217820) -13.0% (비상손절 -15%)
→ 전종목 HOLD
✅ Discord 전송 완료

[10:12] HOLD | KODEX RSI95/+0.5%⚠️ | 보유:GS(078930) +0.0% 원익피앤(217820) -13.0% | 💸예수금부족 | 최고신호 원익피앤이(217820) 2/3개 [하락-3.8% / MA골]
💰 예수금 4,161원 | KODEX200 RSI95/+0.3% 과열⚠️ | 매수기준 3개↑
📦 보유 GS(078930) 1주 +0.2%
📦 보유 원익피앤이(217820) 6주 -13.0% 🔴스탑로스임박

코드      종목명           가격    RSI     변화율    거래량     BB   호가비  B/S
────────────────────────────────────────────────────────────────────────
[2단계 분석 대상: 078930, 217820, 084850, 012450, 247540, 138040, 006400]
⛔ 아우토크립트(137040) 호가 없음 (거래정지 의심)
078930  GS        77,100   62.6    -0.5%    0.2x     중간  0.87  1/0
217820  원익피앤이      3,555   53.8    -3.8%    0.4x     중간  0.89  2/0
⛔ 금양(001570) 호가 없음 (거래정지 의심)

══════════════════════════════════════════════════
⚠️  손실 주의 원익피앤이(217820) -13.0% (비상손절 -15%)
→ 전종목 HOLD
✅ Discord 전송 완료

[10:14] HOLD | KODEX RSI95/+0.3%⚠️ | 보유:GS(078930) +0.2% 원익피앤(217820) -13.0% | 💸예수금부족 | 최고신호 원익피앤이(217820) 2/3개 [하락-3.8% / MA골]
💰 예수금 4,161원 | KODEX200 RSI95/-0.0% 과열⚠️ | 매수기준 3개↑
📦 보유 GS(078930) 1주 +0.0%
📦 보유 원익피앤이(217820) 6주 -13.0% 🔴스탑로스임박

코드      종목명           가격    RSI     변화율    거래량     BB   호가비  B/S
────────────────────────────────────────────────────────────────────────
[2단계 분석 대상: 078930, 217820, 138040, 084850, 012450, 000660, 000270]
⛔ 아우토크립트(137040) 호가 없음 (거래정지 의심)
078930  GS        76,900   62.1    -0.8%    0.2x     중간  1.34  2/0
217820  원익피앤이      3,550   53.7    -3.9%    0.4x     중간  1.02  2/0
⛔ 금양(001570) 호가 없음 (거래정지 의심)

══════════════════════════════════════════════════
⚠️  손실 주의 원익피앤이(217820) -13.0% (비상손절 -15%)
→ 전종목 HOLD
✅ Discord 전송 완료

[10:16] HOLD | KODEX RSI95/-0.0%⚠️ | 보유:GS(078930) +0.0% 원익피앤(217820) -13.0% | 💸예수금부족 | 최고신호 GS(078930) 2/3개 [MA골 / 호가1.3]
💰 예수금 4,161원 | KODEX200 RSI95/-0.2% 과열⚠️ | 매수기준 3개↑
📦 보유 GS(078930) 1주 +0.2%
📦 보유 원익피앤이(217820) 6주 -13.2% 🔴스탑로스임박

코드      종목명           가격    RSI     변화율    거래량     BB   호가비  B/S
────────────────────────────────────────────────────────────────────────
[2단계 분석 대상: 078930, 217820, 084850, 012450, 066970, 001510, 000270]
⛔ 아우토크립트(137040) 호가 없음 (거래정지 의심)
078930  GS        77,100   62.6    -0.5%    0.2x     중간  0.57  1/0
217820  원익피앤이      3,555   53.8    -3.8%    0.4x     중간  1.16  2/0
⛔ 금양(001570) 호가 없음 (거래정지 의심)

══════════════════════════════════════════════════
⚠️  손실 주의 원익피앤이(217820) -13.2% (비상손절 -15%)
→ 전종목 HOLD
✅ Discord 전송 완료

[10:18] HOLD | KODEX RSI95/-0.2%⚠️ | 보유:GS(078930) +0.2% 원익피앤(217820) -13.2% | 💸예수금부족 | 최고신호 원익피앤이(217820) 2/3개 [하락-3.8% / MA골]
💰 예수금 4,161원 | KODEX200 RSI93/-0.6% 과열⚠️ | 매수기준 3개↑
📦 보유 GS(078930) 1주 +0.3%
📦 보유 원익피앤이(217820) 6주 -13.0% 🔴스탑로스임박

코드      종목명           가격    RSI     변화율    거래량     BB   호가비  B/S
────────────────────────────────────────────────────────────────────────
[2단계 분석 대상: 078930, 217820, 084850, 012450, 056080, 000660, 001510]
⛔ 아우토크립트(137040) 호가 없음 (거래정지 의심)
078930  GS        77,200   62.9    -0.4%    0.2x     중간  0.49  1/0
217820  원익피앤이      3,560   53.9    -3.6%    0.4x     중간  0.75  2/0
⛔ 금양(001570) 호가 없음 (거래정지 의심)

══════════════════════════════════════════════════
⚠️  손실 주의 원익피앤이(217820) -13.0% (비상손절 -15%)
→ 전종목 HOLD
✅ Discord 전송 완료

[10:20] HOLD | KODEX RSI93/-0.6%⚠️ | 보유:GS(078930) +0.3% 원익피앤(217820) -13.0% | 💸예수금부족 | 최고신호 원익피앤이(217820) 2/3개 [하락-3.6% / MA골]
💰 예수금 4,161원 | KODEX200 RSI93/-0.5% 과열⚠️ | 매수기준 3개↑
📦 보유 GS(078930) 1주 +0.3%
📦 보유 원익피앤이(217820) 6주 -12.9% 🔴스탑로스임박

코드      종목명           가격    RSI     변화율    거래량     BB   호가비  B/S
────────────────────────────────────────────────────────────────────────
[2단계 분석 대상: 078930, 217820, 084850, 012450, 061250, 034020, 056080]
⛔ 아우토크립트(137040) 호가 없음 (거래정지 의심)
078930  GS        77,200   62.9    -0.4%    0.2x     중간  0.59  1/0
217820  원익피앤이      3,560   53.8    -3.8%    0.4x     중간  1.19  2/0
⛔ 금양(001570) 호가 없음 (거래정지 의심)

══════════════════════════════════════════════════
⚠️  손실 주의 원익피앤이(217820) -12.9% (비상손절 -15%)
→ 전종목 HOLD
✅ Discord 전송 완료

[10:22] HOLD | KODEX RSI93/-0.5%⚠️ | 보유:GS(078930) +0.3% 원익피앤(217820) -12.9% | 💸예수금부족 | 최고신호 원익피앤이(217820) 2/3개 [하락-3.8% / MA골]
💰 예수금 4,161원 | KODEX200 RSI92/-0.8% 과열⚠️ | 매수기준 3개↑
📦 보유 GS(078930) 1주 +0.2%
📦 보유 원익피앤이(217820) 6주 -13.2% 🔴스탑로스임박

코드      종목명           가격    RSI     변화율    거래량     BB   호가비  B/S
────────────────────────────────────────────────────────────────────────
[2단계 분석 대상: 078930, 217820, 012450, 034020, 035720, 084850, 015760]
⛔ 아우토크립트(137040) 호가 없음 (거래정지 의심)
078930  GS        77,200   62.9    -0.4%    0.2x     중간  0.62  1/0
217820  원익피앤이      3,560   53.7    -3.9%    0.4x     중간  1.19  2/0
⛔ 금양(001570) 호가 없음 (거래정지 의심)

══════════════════════════════════════════════════
⚠️  손실 주의 원익피앤이(217820) -13.2% (비상손절 -15%)
→ 전종목 HOLD
✅ Discord 전송 완료

[10:24] HOLD | KODEX RSI92/-0.8%⚠️ | 보유:GS(078930) +0.2% 원익피앤(217820) -13.2% | 💸예수금부족 | 최고신호 원익피앤이(217820) 2/3개 [하락-3.9% / MA골]
💰 예수금 4,161원 | KODEX200 RSI92/-0.8% 과열⚠️ | 매수기준 3개↑
📦 보유 GS(078930) 1주 +0.2%
📦 보유 원익피앤이(217820) 6주 -13.3% 🔴스탑로스임박

코드      종목명           가격    RSI     변화율    거래량     BB   호가비  B/S
────────────────────────────────────────────────────────────────────────
[2단계 분석 대상: 078930, 217820, 012450, 084850, 015760, 061250, 005380]
⛔ 아우토크립트(137040) 호가 없음 (거래정지 의심)
078930  GS        76,900   62.1    -0.8%    0.2x     중간  0.84  1/0
217820  원익피앤이      3,540   53.4    -4.2%    0.4x     중간  1.56  3/0
⛔ 금양(001570) 호가 없음 (거래정지 의심)

══════════════════════════════════════════════════
⚠️  손실 주의 원익피앤이(217820) -13.3% (비상손절 -15%)
→ 전종목 HOLD
✅ Discord 전송 완료

[10:26] HOLD | KODEX RSI92/-0.8%⚠️ | 보유:GS(078930) +0.2% 원익피앤(217820) -13.3% | 💸예수금부족 | 최고신호 원익피앤이(217820) 3/3개 [하락-4.2% / MA골 / 호가1.6]
💰 예수금 4,161원 | KODEX200 RSI91/-1.2% 과열⚠️ | 매수기준 3개↑
📦 보유 GS(078930) 1주 -0.1%
📦 보유 원익피앤이(217820) 6주 -13.7% 🔴스탑로스임박

코드      종목명           가격    RSI     변화율    거래량     BB   호가비  B/S
────────────────────────────────────────────────────────────────────────
[2단계 분석 대상: 078930, 217820, 012450, 138040, 207940, 056080, 061250]
⛔ 아우토크립트(137040) 호가 없음 (거래정지 의심)
078930  GS        76,900   62.6    -0.5%    0.2x     중간  0.72  1/0
217820  원익피앤이      3,525   53.1    -4.6%    0.4x     중간  2.03  3/0
⛔ 금양(001570) 호가 없음 (거래정지 의심)

══════════════════════════════════════════════════
⚠️  손실 주의 원익피앤이(217820) -13.7% (비상손절 -15%)
→ 전종목 HOLD
✅ Discord 전송 완료

[10:28] HOLD | KODEX RSI91/-1.2%⚠️ | 보유:GS(078930) -0.1% 원익피앤(217820) -13.7% | 💸예수금부족 | 최고신호 원익피앤이(217820) 3/3개 [하락-4.6% / MA골 / 호가2.0]
💰 예수금 4,161원 | KODEX200 RSI91/-1.2% 과열⚠️ | 매수기준 3개↑
📦 보유 GS(078930) 1주 +0.0%
📦 보유 원익피앤이(217820) 6주 -13.9% 🔴스탑로스임박

코드      종목명           가격    RSI     변화율    거래량     BB   호가비  B/S
────────────────────────────────────────────────────────────────────────
[2단계 분석 대상: 078930, 217820, 138040, 012450, 207940, 086790, 061250]
⛔ 아우토크립트(137040) 호가 없음 (거래정지 의심)
078930  GS        76,900   62.1    -0.8%    0.2x     중간  0.78  1/0
217820  원익피앤이      3,520   53.0    -4.7%    0.4x     중간  3.36  3/0
⛔ 금양(001570) 호가 없음 (거래정지 의심)

══════════════════════════════════════════════════
⚠️  손실 주의 원익피앤이(217820) -13.9% (비상손절 -15%)
→ 전종목 HOLD
✅ Discord 전송 완료

[10:30] HOLD | KODEX RSI91/-1.2%⚠️ | 보유:GS(078930) +0.0% 원익피앤(217820) -13.9% | 💸예수금부족 | 최고신호 원익피앤이(217820) 3/3개 [하락-4.7% / MA골 / 호가3.4]
💰 예수금 4,162원 | KODEX200 RSI89/-1.7% 과열⚠️ | 매수기준 3개↑
📦 보유 GS(078930) 1주 -0.3%
📦 보유 원익피앤이(217820) 6주 -14.3% 🔴스탑로스임박

코드      종목명           가격    RSI     변화율    거래량     BB   호가비  B/S
────────────────────────────────────────────────────────────────────────
[2단계 분석 대상: 078930, 217820, 012450, 138040, 055550, 061250, 084850]
⛔ 아우토크립트(137040) 호가 없음 (거래정지 의심)
078930  GS        76,700   61.3    -1.2%    0.2x     중간  0.45  2/0
217820  원익피앤이      3,505   52.6    -5.1%    0.4x     중간  2.92  3/0
⛔ 금양(001570) 호가 없음 (거래정지 의심)

══════════════════════════════════════════════════
⚠️  손실 주의 원익피앤이(217820) -14.3% (비상손절 -15%)
→ 전종목 HOLD
✅ Discord 전송 완료

[10:32] HOLD | KODEX RSI89/-1.7%⚠️ | 보유:GS(078930) -0.3% 원익피앤(217820) -14.3% | 💸예수금부족 | 최고신호 원익피앤이(217820) 3/3개 [하락-5.1% / MA골 / 호가2.9]
💰 예수금 4,163원 | KODEX200 RSI85/-2.9% 과열⚠️ | 매수기준 3개↑
📦 보유 GS(078930) 1주 -0.3%
📦 보유 원익피앤이(217820) 6주 -14.8% 🔴스탑로스임박

코드      종목명           가격    RSI     변화율    거래량     BB   호가비  B/S
────────────────────────────────────────────────────────────────────────
[2단계 분석 대상: 078930, 217820, 012450, 138040, 068270, 061250, 055550]
⛔ 아우토크립트(137040) 호가 없음 (거래정지 의심)
078930  GS        76,700   61.3    -1.2%    0.2x     중간  0.56  2/0
217820  원익피앤이      3,475   51.8    -6.1%    0.5x     중간  0.34  2/0
⛔ 금양(001570) 호가 없음 (거래정지 의심)

══════════════════════════════════════════════════
⚠️  손실 주의 원익피앤이(217820) -14.8% (비상손절 -15%)
→ 전종목 HOLD
✅ Discord 전송 완료

[10:34] HOLD | KODEX RSI85/-2.9%⚠️ | 보유:GS(078930) -0.3% 원익피앤(217820) -14.8% | 💸예수금부족 | 최고신호 GS(078930) 2/3개 [하락-1.2% / MA골]
💰 예수금 4,163원 | KODEX200 RSI86/-2.7% 과열⚠️ | 매수기준 3개↑
📦 보유 GS(078930) 1주 -1.0%
📦 보유 원익피앤이(217820) 6주 -15.5% 🔴스탑로스임박

코드      종목명           가격    RSI     변화율    거래량     BB   호가비  B/S
────────────────────────────────────────────────────────────────────────
[2단계 분석 대상: 078930, 217820, 005380, 138040, 034020, 068270, 035720]
⛔ 아우토크립트(137040) 호가 없음 (거래정지 의심)
078930  GS        76,000   60.3    -1.7%    0.2x     중간  2.00  3/0
217820  원익피앤이      3,460   51.5    -6.4%    0.5x     중간  1.07  2/0
⛔ 금양(001570) 호가 없음 (거래정지 의심)

══════════════════════════════════════════════════
🟡 SELL(비상손절🔴) 원익피앤이(217820) -15.5% [] 신뢰도0.9
💰 예수금: 4,163원
📊 원익피앤이(217820) 매도1호가: 3,460원 | 매수1호가: 3,455원
📌 SELL 지정가: 3,455원 × 6주
✅ 접수 | 매도 주문 접수: 원익피앤이 6주 (주문번호: 0540529)
✅ Discord 전송 완료

[10:36] 🟡SELL | KODEX RSI86/-2.7%⚠️ | 예수금 4,163원

🟡 원익피앤이(217820)  손실-15.5%  RSI52 BB중간  []
📦 GS -1.0% | 원익피앤 -15.5%

🔹 GS  3/3  RSI60 -1.7%  [하락-1.7%·MA골·호가2.0]
💰 예수금 24,895원 | KODEX200 RSI82/-3.9% 과열⚠️ | 매수기준 3개↑
📦 보유 GS(078930) 1주 -1.7%

코드      종목명           가격    RSI     변화율    거래량     BB   호가비  B/S
────────────────────────────────────────────────────────────────────────
[2단계 분석 대상: 078930, 055550, 000660, 056080, 034020, 035420]
⛔ 아우토크립트(137040) 호가 없음 (거래정지 의심)
078930  GS        75,800   58.7    -2.6%    0.3x     중간  0.40  2/0
061250  화일약품       8,440    0.0    +0.0%    0.0x     중간  2.38  1/0
217820  원익피앤이      3,455    0.0    +0.0%    0.0x     중간  1.01  0/0
001510  SK증권       4,575    0.0    +0.0%    0.0x     중간  1.11  0/0
084850  아이티엠반도체   16,450    0.0    +0.0%    0.0x     중간  2.03  1/0
⛔ 금양(001570) 호가 없음 (거래정지 의심)

══════════════════════════════════════════════════
→ 전종목 HOLD
✅ Discord 전송 완료

[10:38] HOLD | KODEX RSI82/-3.9%⚠️ | 보유:GS(078930) -1.7% | 💸예수금부족 | 최고신호 GS(078930) 2/3개 [하락-2.6% / MA골]
💰 예수금 24,895원 | KODEX200 RSI79/-5.0% 과열⚠️ | 매수기준 3개↑
📦 보유 GS(078930) 1주 -1.5%

코드      종목명           가격    RSI     변화율    거래량     BB   호가비  B/S
────────────────────────────────────────────────────────────────────────
[2단계 분석 대상: 078930, 403870, 005380, 015760, 034020, 247540]
⛔ 아우토크립트(137040) 호가 없음 (거래정지 의심)
078930  GS        75,700   58.0    -3.0%    0.3x     중간  1.45  3/0
061250  화일약품       8,420    0.0    +0.0%    0.0x     중간  2.44  1/0
217820  원익피앤이      3,440    0.0    +0.0%    0.0x     중간  1.26  1/0
001510  SK증권       4,515    0.0    +0.0%    0.0x     중간  1.27  1/0
084850  아이티엠반도체   16,300    0.0    +0.0%    0.0x     중간  2.06  1/0
⛔ 금양(001570) 호가 없음 (거래정지 의심)

══════════════════════════════════════════════════
→ 전종목 HOLD
✅ Discord 전송 완료

[10:40] HOLD | KODEX RSI79/-5.0%⚠️ | 보유:GS(078930) -1.5% | 💸예수금부족 | 최고신호 GS(078930) 3/3개 [하락-3.0% / MA골 / 호가1.4]
💰 예수금 24,896원 | KODEX200 RSI81/-4.5% 과열⚠️ | 매수기준 3개↑
📦 보유 GS(078930) 1주 -2.0%

코드      종목명           가격    RSI     변화율    거래량     BB   호가비  B/S
────────────────────────────────────────────────────────────────────────
[2단계 분석 대상: 078930, 056080, 403870, 035720, 138040, 034020]
⛔ 아우토크립트(137040) 호가 없음 (거래정지 의심)
078930  GS        74,900   53.4    -5.8%    0.3x     중간  0.16  2/0
061250  화일약품       8,330    0.0    +0.0%    0.0x     중간  2.01  1/0
217820  원익피앤이      3,455    0.0    +0.0%    0.0x     중간  1.80  1/0
001510  SK증권       4,605    0.0    +0.0%    0.0x     중간  1.26  1/0
084850  아이티엠반도체   16,430    0.0    +0.0%    0.0x     중간  2.69  1/0
⛔ 금양(001570) 호가 없음 (거래정지 의심)

══════════════════════════════════════════════════
→ 전종목 HOLD
✅ Discord 전송 완료

[10:42] HOLD | KODEX RSI81/-4.5%⚠️ | 보유:GS(078930) -2.0% | 💸예수금부족 | 최고신호 GS(078930) 2/3개 [하락-5.8% / MA골]
💰 예수금 24,900원 | KODEX200 RSI84/-3.3% 과열⚠️ | 매수기준 3개↑
📦 보유 GS(078930) 1주 -5.2% 🔴스탑로스임박

코드      종목명           가격    RSI     변화율    거래량     BB   호가비  B/S
────────────────────────────────────────────────────────────────────────
[2단계 분석 대상: 078930, 084850, 068270, 403870, 000270, 006400]
⛔ 아우토크립트(137040) 호가 없음 (거래정지 의심)
078930  GS        74,900   58.0    -3.0%    0.3x     중간  0.42  2/0
061250  화일약품       8,400    0.0    +0.0%    0.0x     중간  2.07  1/0
217820  원익피앤이      3,460    0.0    +0.0%    0.0x     중간  0.85  0/0
001510  SK증권       4,630    0.0    +0.0%    0.0x     중간  0.65  0/0
084850  아이티엠반도체   16,580   45.0    -4.8%    1.4x     중간 26.15  4/0
⛔ 금양(001570) 호가 없음 (거래정지 의심)

══════════════════════════════════════════════════
→ 전종목 HOLD
✅ Discord 전송 완료

[10:44] HOLD | KODEX RSI84/-3.3%⚠️ | 보유:GS(078930) -5.2% | 💸예수금부족 | 최고신호 아이티엠반도체(084850) 4/3개 [RSI45 / 거래량1.4x / 하락-4.8% / 호가26.1]
💰 예수금 24,896원 | KODEX200 RSI87/-2.4% 과열⚠️ | 매수기준 3개↑
📦 보유 GS(078930) 1주 -2.3%

코드      종목명           가격    RSI     변화율    거래량     BB   호가비  B/S
────────────────────────────────────────────────────────────────────────
[2단계 분석 대상: 078930, 138040, 207940, 217820, 056080, 086790]
⛔ 아우토크립트(137040) 호가 없음 (거래정지 의심)
078930  GS        75,200   57.8    -3.1%    0.3x     중간  0.65  2/0
061250  화일약품       8,390    0.0    +0.0%    0.0x     중간  1.30  1/0
217820  원익피앤이      3,505   52.1    -5.7%    0.6x     중간  3.80  3/0
001510  SK증권       4,695    0.0    +0.0%    0.0x     중간  1.59  1/0
084850  아이티엠반도체   16,710    0.0    +0.0%    0.0x     중간  1.77  1/0
⛔ 금양(001570) 호가 없음 (거래정지 의심)

══════════════════════════════════════════════════
🟢 BUY 원익피앤이(217820) 조건3개 [하락-5.7%/MA골/호가3.8] 신뢰도0.75 ratio0.5
💰 예수금: 24,896원
📊 원익피앤이(217820) 매도1호가: 3,505원 | 매수1호가: 3,485원
📌 BUY 지정가: 3,485원 × 3주 = 10,455원
✅ 접수 | 매수 주문 접수: 원익피앤이 3주 (주문번호: 0588565)
✅ Discord 전송 완료

[10:46] 🟢BUY | KODEX RSI87/-2.4%⚠️ | 예수금 24,896원

🟢 원익피앤이(217820)  3/3  RSI52 -5.7% 0.6x  [하락-5.7%·MA골·호가3.8]
📦 GS -2.3%

🔶 GS  2/3  RSI58 -3.1%  [하락-3.1%·MA골]
🔹 화일약품  1/3  RSI0 +0.0%  [호가1.3]
🔹 SK증권  1/3  RSI0 +0.0%  [호가1.6]
🔹 아이티엠반  1/3  RSI0 +0.0%  [호가1.8]
💰 예수금 14,420원 | KODEX200 RSI87/-2.3% 과열⚠️ | 매수기준 3개↑
📦 보유 GS(078930) 1주 -2.3%
📦 보유 원익피앤이(217820) 3주 +0.2%

코드      종목명           가격    RSI     변화율    거래량     BB   호가비  B/S
────────────────────────────────────────────────────────────────────────
[2단계 분석 대상: 078930, 217820, 084850, 207940, 138040, 056080, 086790]
⛔ 아우토크립트(137040) 호가 없음 (거래정지 의심)
078930  GS        75,400   58.2    -2.8%    0.3x     중간  0.93  2/0
061250  화일약품       8,370    0.0    +0.0%    0.0x     중간  1.21  1/0
217820  원익피앤이      3,500   52.0    -5.8%    0.6x     중간  2.07  3/0
001510  SK증권       4,715    0.0    +0.0%    0.0x     중간  0.64  0/0
⛔ 금양(001570) 호가 없음 (거래정지 의심)

══════════════════════════════════════════════════
→ 전종목 HOLD
✅ Discord 전송 완료

[10:48] HOLD | KODEX RSI87/-2.3%⚠️ | 보유:GS(078930) -2.3% 원익피앤(217820) +0.2% | 💸예수금부족 | 최고신호 원익피앤이(217820) 3/3개 [하락-5.8% / MA골 / 호가2.1]
💰 예수금 14,420원 | KODEX200 RSI88/-2.1% 과열⚠️ | 매수기준 3개↑
📦 보유 GS(078930) 1주 -1.9%
📦 보유 원익피앤이(217820) 3주 -0.2%

코드      종목명           가격    RSI     변화율    거래량     BB   호가비  B/S
────────────────────────────────────────────────────────────────────────
[2단계 분석 대상: 078930, 217820, 138040, 000270, 207940, 056080, 086790]
⛔ 아우토크립트(137040) 호가 없음 (거래정지 의심)
078930  GS        75,700   58.9    -2.5%    0.3x     중간  0.68  2/0
061250  화일약품       8,370    0.0    +0.0%    0.0x     중간  1.25  1/0
217820  원익피앤이      3,510   52.7    -5.0%    0.6x     중간  1.34  3/0
001510  SK증권       4,680    0.0    +0.0%    0.0x     중간  0.47  0/0
⛔ 금양(001570) 호가 없음 (거래정지 의심)

══════════════════════════════════════════════════
→ 전종목 HOLD
✅ Discord 전송 완료

[10:50] HOLD | KODEX RSI88/-2.1%⚠️ | 보유:GS(078930) -1.9% 원익피앤(217820) -0.2% | 💸예수금부족 | 최고신호 원익피앤이(217820) 3/3개 [하락-5.0% / MA골 / 호가1.3]
💰 예수금 14,420원 | KODEX200 RSI87/-2.5% 과열⚠️ | 매수기준 3개↑
📦 보유 GS(078930) 1주 -2.0%
📦 보유 원익피앤이(217820) 3주 +0.5%

코드      종목명           가격    RSI     변화율    거래량     BB   호가비  B/S
────────────────────────────────────────────────────────────────────────
[2단계 분석 대상: 078930, 217820, 000270, 066970, 051910, 086790, 034020]
⛔ 아우토크립트(137040) 호가 없음 (거래정지 의심)
078930  GS        75,400   58.4    -2.7%    0.3x     중간  0.89  2/0
061250  화일약품       8,330    0.0    +0.0%    0.0x     중간  1.25  1/0
217820  원익피앤이      3,500   52.5    -5.3%    0.6x     중간  2.51  3/0
001510  SK증권       4,680    0.0    +0.0%    0.0x     중간  1.32  1/0
⛔ 금양(001570) 호가 없음 (거래정지 의심)

══════════════════════════════════════════════════
→ 전종목 HOLD
✅ Discord 전송 완료

[10:52] HOLD | KODEX RSI87/-2.5%⚠️ | 보유:GS(078930) -2.0% 원익피앤(217820) +0.5% | 💸예수금부족 | 최고신호 원익피앤이(217820) 3/3개 [하락-5.3% / MA골 / 호가2.5]
💰 예수금 14,420원 | KODEX200 RSI85/-3.0% 과열⚠️ | 매수기준 3개↑
📦 보유 GS(078930) 1주 -1.9%
📦 보유 원익피앤이(217820) 3주 -0.6%

코드      종목명           가격    RSI     변화율    거래량     BB   호가비  B/S
────────────────────────────────────────────────────────────────────────
[2단계 분석 대상: 078930, 217820, 207940, 058470, 066970, 056080, 003670]
⛔ 아우토크립트(137040) 호가 없음 (거래정지 의심)
078930  GS        75,300   58.5    -2.6%    0.3x     중간  0.26  2/0
061250  화일약품       8,330    0.0    +0.0%    0.0x     중간  1.25  1/0
217820  원익피앤이      3,470   51.8    -6.1%    0.6x     중간  1.36  3/0
001510  SK증권       4,645    0.0    +0.0%    0.0x     중간  2.93  1/0
⛔ 금양(001570) 호가 없음 (거래정지 의심)

══════════════════════════════════════════════════
→ 전종목 HOLD
✅ Discord 전송 완료

[10:54] HOLD | KODEX RSI85/-3.0%⚠️ | 보유:GS(078930) -1.9% 원익피앤(217820) -0.6% | 💸예수금부족 | 최고신호 원익피앤이(217820) 3/3개 [하락-6.1% / MA골 / 호가1.4]
💰 예수금 14,421원 | KODEX200 RSI83/-3.6% 과열⚠️ | 매수기준 3개↑
📦 보유 GS(078930) 1주 -2.0%
📦 보유 원익피앤이(217820) 3주 -0.6%

코드      종목명           가격    RSI     변화율    거래량     BB   호가비  B/S
────────────────────────────────────────────────────────────────────────
[2단계 분석 대상: 078930, 217820, 066970, 056080, 034020, 012330, 207940]
⛔ 아우토크립트(137040) 호가 없음 (거래정지 의심)
078930  GS        75,500   58.7    -2.6%    0.3x     중간  0.57  2/0
061250  화일약품       8,330    0.0    +0.0%    0.0x     중간  1.10  0/0
217820  원익피앤이      3,465   51.4    -6.5%    0.6x     중간  2.53  3/0
001510  SK증권       4,640    0.0    +0.0%    0.0x     중간  3.11  1/0
⛔ 금양(001570) 호가 없음 (거래정지 의심)

══════════════════════════════════════════════════
→ 전종목 HOLD
✅ Discord 전송 완료

[10:56] HOLD | KODEX RSI83/-3.6%⚠️ | 보유:GS(078930) -2.0% 원익피앤(217820) -0.6% | 💸예수금부족 | 최고신호 원익피앤이(217820) 3/3개 [하락-6.5% / MA골 / 호가2.5]
💰 예수금 14,421원 | KODEX200 RSI83/-3.8% 과열⚠️ | 매수기준 3개↑
📦 보유 GS(078930) 1주 -2.0%
📦 보유 원익피앤이(217820) 3주 -1.1%

코드      종목명           가격    RSI     변화율    거래량     BB   호가비  B/S
────────────────────────────────────────────────────────────────────────
[2단계 분석 대상: 078930, 217820, 066970, 056080, 006400, 084850, 003670]
⛔ 아우토크립트(137040) 호가 없음 (거래정지 의심)
078930  GS        75,500   58.9    -2.5%    0.3x     중간  1.23  3/0
061250  화일약품       8,330    0.0    +0.0%    0.0x     중간  1.15  0/0
217820  원익피앤이      3,450   51.3    -6.6%    0.6x     중간  2.08  3/0
001510  SK증권       4,625    0.0    +0.0%    0.0x     중간  3.53  1/0
⛔ 금양(001570) 호가 없음 (거래정지 의심)

══════════════════════════════════════════════════
→ 전종목 HOLD
✅ Discord 전송 완료

[10:58] HOLD | KODEX RSI83/-3.8%⚠️ | 보유:GS(078930) -2.0% 원익피앤(217820) -1.1% | 💸예수금부족 | 최고신호 GS(078930) 3/3개 [하락-2.5% / MA골 / 호가1.2]
💰 예수금 14,420원 | KODEX200 RSI83/-3.6% 과열⚠️ | 매수기준 3개↑
📦 보유 GS(078930) 1주 -1.7%
📦 보유 원익피앤이(217820) 3주 -1.5%

코드      종목명           가격    RSI     변화율    거래량     BB   호가비  B/S
────────────────────────────────────────────────────────────────────────
[2단계 분석 대상: 078930, 217820, 066970, 207940, 006400, 012450, 056080]
⛔ 아우토크립트(137040) 호가 없음 (거래정지 의심)
078930  GS        76,000   59.7    -2.0%    0.3x     중간  1.30  3/0
061250  화일약품       8,330    0.0    +0.0%    0.0x     중간  1.22  1/0
217820  원익피앤이      3,465   51.1    -6.9%    0.6x     중간  3.67  3/0
001510  SK증권       4,645    0.0    +0.0%    0.0x     중간  4.54  1/0
⛔ 금양(001570) 호가 없음 (거래정지 의심)

══════════════════════════════════════════════════
→ 전종목 HOLD
✅ Discord 전송 완료

[11:00] HOLD | KODEX RSI83/-3.6%⚠️ | 보유:GS(078930) -1.7% 원익피앤(217820) -1.5% | 💸예수금부족 | 최고신호 GS(078930) 3/3개 [하락-2.0% / MA골 / 호가1.3]
💰 예수금 14,420원 | KODEX200 RSI84/-3.3% 과열⚠️ | 매수기준 3개↑
📦 보유 GS(078930) 1주 -1.5%
📦 보유 원익피앤이(217820) 3주 -0.9%

코드      종목명           가격    RSI     변화율    거래량     BB   호가비  B/S
────────────────────────────────────────────────────────────────────────
[2단계 분석 대상: 078930, 217820, 207940, 247540, 005380, 084850, 034020]
⛔ 아우토크립트(137040) 호가 없음 (거래정지 의심)
078930  GS        75,800   59.4    -2.2%    0.4x     중간  0.83  2/0
061250  화일약품       8,330    0.0    +0.0%    0.0x     중간  1.20  1/0
217820  원익피앤이      3,470   51.5    -6.4%    0.6x     중간  1.14  2/0
001510  SK증권       4,650    0.0    +0.0%    0.0x     중간  3.36  1/0
⛔ 금양(001570) 호가 없음 (거래정지 의심)

══════════════════════════════════════════════════
→ 전종목 HOLD
✅ Discord 전송 완료

[11:02] HOLD | KODEX RSI84/-3.3%⚠️ | 보유:GS(078930) -1.5% 원익피앤(217820) -0.9% | 💸예수금부족 | 최고신호 GS(078930) 2/3개 [하락-2.2% / MA골]
💰 예수금 14,420원 | KODEX200 RSI85/-3.0% 과열⚠️ | 매수기준 3개↑
📦 보유 GS(078930) 1주 -1.3%
📦 보유 원익피앤이(217820) 3주 -0.3%

코드      종목명           가격    RSI     변화율    거래량     BB   호가비  B/S
────────────────────────────────────────────────────────────────────────
[2단계 분석 대상: 078930, 217820, 207940, 084850, 035420, 012330, 034020]
⛔ 아우토크립트(137040) 호가 없음 (거래정지 의심)
078930  GS        76,100   60.1    -1.8%    0.4x     중간  1.23  3/0
061250  화일약품       8,380    0.0    +0.0%    0.0x     중간  1.14  0/0
217820  원익피앤이      3,500   52.2    -5.5%    0.6x     중간  1.76  3/0
001510  SK증권       4,675    0.0    +0.0%    0.0x     중간  1.52  1/0
⛔ 금양(001570) 호가 없음 (거래정지 의심)

══════════════════════════════════════════════════
→ 전종목 HOLD
✅ Discord 전송 완료

[11:04] HOLD | KODEX RSI85/-3.0%⚠️ | 보유:GS(078930) -1.3% 원익피앤(217820) -0.3% | 💸예수금부족 | 최고신호 GS(078930) 3/3개 [하락-1.8% / MA골 / 호가1.2]
💰 예수금 14,417원 | KODEX200 RSI87/-2.2% 과열⚠️ | 매수기준 3개↑
📦 보유 GS(078930) 1주 -1.1%
📦 보유 원익피앤이(217820) 3주 +0.2%

코드      종목명           가격    RSI     변화율    거래량     BB   호가비  B/S
────────────────────────────────────────────────────────────────────────
[2단계 분석 대상: 078930, 217820, 105560, 207940, 035420, 000270, 086790]
⛔ 아우토크립트(137040) 호가 없음 (거래정지 의심)
078930  GS        76,400   60.8    -1.4%    0.4x     중간  0.52  2/0
061250  화일약품       8,380    0.0    +0.0%    0.0x     중간  1.13  0/0
217820  원익피앤이      3,520   53.0    -4.7%    0.6x     중간  3.37  3/0
001510  SK증권       4,710    0.0    +0.0%    0.0x     중간  1.49  1/0
⛔ 금양(001570) 호가 없음 (거래정지 의심)

══════════════════════════════════════════════════
→ 전종목 HOLD
✅ Discord 전송 완료

[11:06] HOLD | KODEX RSI87/-2.2%⚠️ | 보유:GS(078930) -1.1% 원익피앤(217820) +0.2% | 💸예수금부족 | 최고신호 원익피앤이(217820) 3/3개 [하락-4.7% / MA골 / 호가3.4]
💰 예수금 14,417원 | KODEX200 RSI88/-2.1% 과열⚠️ | 매수기준 3개↑
📦 보유 GS(078930) 1주 -0.6%
📦 보유 원익피앤이(217820) 3주 +0.8%

코드      종목명           가격    RSI     변화율    거래량     BB   호가비  B/S
────────────────────────────────────────────────────────────────────────
[2단계 분석 대상: 078930, 217820, 000270, 105560, 207940, 035420, 042700]
⛔ 아우토크립트(137040) 호가 없음 (거래정지 의심)
078930  GS        76,500   61.1    -1.3%    0.4x     중간  0.29  2/0
061250  화일약품       8,320    0.0    +0.0%    0.0x     중간  1.70  1/0
217820  원익피앤이      3,520   52.6    -5.1%    0.6x     중간  2.50  3/0
001510  SK증권       4,710    0.0    +0.0%    0.0x     중간  0.99  0/0
⛔ 금양(001570) 호가 없음 (거래정지 의심)

══════════════════════════════════════════════════
→ 전종목 HOLD
✅ Discord 전송 완료

[11:08] HOLD | KODEX RSI88/-2.1%⚠️ | 보유:GS(078930) -0.6% 원익피앤(217820) +0.8% | 💸예수금부족 | 최고신호 원익피앤이(217820) 3/3개 [하락-5.1% / MA골 / 호가2.5]
💰 예수금 14,417원 | KODEX200 RSI89/-1.8% 과열⚠️ | 매수기준 3개↑
📦 보유 GS(078930) 1주 -0.3%
📦 보유 원익피앤이(217820) 3주 +0.8%

코드      종목명           가격    RSI     변화율    거래량     BB   호가비  B/S
────────────────────────────────────────────────────────────────────────
[2단계 분석 대상: 078930, 217820, 084850, 105560, 034020, 035420, 056080]
⛔ 아우토크립트(137040) 호가 없음 (거래정지 의심)
078930  GS        76,600   61.3    -1.2%    0.4x     중간  0.30  2/0
061250  화일약품       8,430    0.0    +0.0%    0.0x     중간  2.01  1/0
217820  원익피앤이      3,520   52.8    -4.9%    0.6x     중간  0.89  2/0
001510  SK증권       4,715    0.0    +0.0%    0.0x     중간  1.01  0/0
⛔ 금양(001570) 호가 없음 (거래정지 의심)

══════════════════════════════════════════════════
→ 전종목 HOLD
✅ Discord 전송 완료

[11:10] HOLD | KODEX RSI89/-1.8%⚠️ | 보유:GS(078930) -0.3% 원익피앤(217820) +0.8% | 💸예수금부족 | 최고신호 GS(078930) 2/3개 [하락-1.2% / MA골]
💰 예수금 14,417원 | KODEX200 RSI90/-1.3% 과열⚠️ | 매수기준 3개↑
📦 보유 GS(078930) 1주 -0.6%
📦 보유 원익피앤이(217820) 3주 +0.2%

코드      종목명           가격    RSI     변화율    거래량     BB   호가비  B/S
────────────────────────────────────────────────────────────────────────
[2단계 분석 대상: 078930, 217820, 207940, 000270, 034020, 051910, 012330]
⛔ 아우토크립트(137040) 호가 없음 (거래정지 의심)
078930  GS        76,600   61.7    -1.0%    0.4x     중간  0.13  1/0
061250  화일약품       8,430    0.0    +0.0%    0.0x     중간  1.99  1/0
217820  원익피앤이      3,540   53.0    -4.7%    0.6x     중간  0.76  2/0
001510  SK증권       4,720    0.0    +0.0%    0.0x     중간  1.26  1/0
⛔ 금양(001570) 호가 없음 (거래정지 의심)

══════════════════════════════════════════════════
→ 전종목 HOLD
✅ Discord 전송 완료

[11:12] HOLD | KODEX RSI90/-1.3%⚠️ | 보유:GS(078930) -0.6% 원익피앤(217820) +0.2% | 💸예수금부족 | 최고신호 원익피앤이(217820) 2/3개 [하락-4.7% / MA골]
💰 예수금 14,417원 | KODEX200 RSI91/-1.1% 과열⚠️ | 매수기준 3개↑
📦 보유 GS(078930) 1주 -0.3%
📦 보유 원익피앤이(217820) 3주 +0.8%

코드      종목명           가격    RSI     변화율    거래량     BB   호가비  B/S
────────────────────────────────────────────────────────────────────────
[2단계 분석 대상: 078930, 217820, 207940, 015760, 000270, 084850, 066970]
⛔ 아우토크립트(137040) 호가 없음 (거래정지 의심)
078930  GS        76,600   61.3    -1.2%    0.4x     중간  0.22  2/0
061250  화일약품       8,430    0.0    +0.0%    0.0x     중간  1.88  1/0
217820  원익피앤이      3,540   53.4    -4.2%    0.6x     중간  0.64  2/0
001510  SK증권       4,710    0.0    +0.0%    0.0x     중간  1.19  0/0
⛔ 금양(001570) 호가 없음 (거래정지 의심)

══════════════════════════════════════════════════
→ 전종목 HOLD
✅ Discord 전송 완료

[11:14] HOLD | KODEX RSI91/-1.1%⚠️ | 보유:GS(078930) -0.3% 원익피앤(217820) +0.8% | 💸예수금부족 | 최고신호 GS(078930) 2/3개 [하락-1.2% / MA골]
💰 예수금 14,416원 | KODEX200 RSI90/-1.6% 과열⚠️ | 매수기준 3개↑
📦 보유 GS(078930) 1주 -0.1%
📦 보유 원익피앤이(217820) 3주 +0.8%

코드      종목명           가격    RSI     변화율    거래량     BB   호가비  B/S
────────────────────────────────────────────────────────────────────────
[2단계 분석 대상: 078930, 217820, 207940, 066970, 012330, 015760, 000270]
⛔ 아우토크립트(137040) 호가 없음 (거래정지 의심)
078930  GS        76,800   61.8    -0.9%    0.4x     중간  0.36  1/0
061250  화일약품       8,430    0.0    +0.0%    0.0x     중간  1.81  1/0
217820  원익피앤이      3,520   52.8    -4.9%    0.6x     중간  2.17  3/0
001510  SK증권       4,680    0.0    +0.0%    0.0x     중간  1.24  1/0
⛔ 금양(001570) 호가 없음 (거래정지 의심)

══════════════════════════════════════════════════
→ 전종목 HOLD
✅ Discord 전송 완료

[11:16] HOLD | KODEX RSI90/-1.6%⚠️ | 보유:GS(078930) -0.1% 원익피앤(217820) +0.8% | 💸예수금부족 | 최고신호 원익피앤이(217820) 3/3개 [하락-4.9% / MA골 / 호가2.2]
💰 예수금 14,416원 | KODEX200 RSI90/-1.3% 과열⚠️ | 매수기준 3개↑
📦 보유 GS(078930) 1주 -0.2%
📦 보유 원익피앤이(217820) 3주 +0.7%

코드      종목명           가격    RSI     변화율    거래량     BB   호가비  B/S
────────────────────────────────────────────────────────────────────────
[2단계 분석 대상: 078930, 217820, 066970, 207940, 034020, 042700, 012330]
⛔ 아우토크립트(137040) 호가 없음 (거래정지 의심)
078930  GS        76,800   62.1    -0.8%    0.4x     중간  0.35  1/0
061250  화일약품       8,430    0.0    +0.0%    0.0x     중간  1.54  1/0
217820  원익피앤이      3,520   52.8    -4.9%    0.6x     중간  4.03  3/0
001510  SK증권       4,695    0.0    +0.0%    0.0x     중간  1.95  1/0
⛔ 금양(001570) 호가 없음 (거래정지 의심)

══════════════════════════════════════════════════
→ 전종목 HOLD
✅ Discord 전송 완료

[11:18] HOLD | KODEX RSI90/-1.3%⚠️ | 보유:GS(078930) -0.2% 원익피앤(217820) +0.7% | 💸예수금부족 | 최고신호 원익피앤이(217820) 3/3개 [하락-4.9% / MA골 / 호가4.0]
💰 예수금 14,416원 | KODEX200 RSI89/-1.6% 과열⚠️ | 매수기준 3개↑
📦 보유 GS(078930) 1주 -0.1%
📦 보유 원익피앤이(217820) 3주 +0.7%

코드      종목명           가격    RSI     변화율    거래량     BB   호가비  B/S
────────────────────────────────────────────────────────────────────────
[2단계 분석 대상: 078930, 217820, 207940, 066970, 000660, 015760, 105560]
⛔ 아우토크립트(137040) 호가 없음 (거래정지 의심)
078930  GS        76,800   62.0    -0.8%    0.4x     중간  0.42  1/0
061250  화일약품       8,440    0.0    +0.0%    0.0x     중간  2.06  1/0
217820  원익피앤이      3,515   52.8    -4.9%    0.6x     중간  4.37  3/0
001510  SK증권       4,705    0.0    +0.0%    0.0x     중간  1.06  0/0
⛔ 금양(001570) 호가 없음 (거래정지 의심)

══════════════════════════════════════════════════
→ 전종목 HOLD
✅ Discord 전송 완료

[11:20] HOLD | KODEX RSI89/-1.6%⚠️ | 보유:GS(078930) -0.1% 원익피앤(217820) +0.7% | 💸예수금부족 | 최고신호 원익피앤이(217820) 3/3개 [하락-4.9% / MA골 / 호가4.4]
💰 예수금 14,416원 | KODEX200 RSI91/-1.0% 과열⚠️ | 매수기준 3개↑
📦 보유 GS(078930) 1주 -0.1%
📦 보유 원익피앤이(217820) 3주 +0.9%

코드      종목명           가격    RSI     변화율    거래량     BB   호가비  B/S
────────────────────────────────────────────────────────────────────────
[2단계 분석 대상: 078930, 217820, 207940, 015760, 105560, 034020, 006400]
⛔ 아우토크립트(137040) 호가 없음 (거래정지 의심)
078930  GS        76,900   62.3    -0.7%    0.4x     중간  0.29  1/0
061250  화일약품       8,440    0.0    +0.0%    0.0x     중간  1.94  1/0
217820  원익피앤이      3,535   53.3    -4.3%    0.6x     중간  4.03  3/0
001510  SK증권       4,715    0.0    +0.0%    0.0x     중간  1.03  0/0
⛔ 금양(001570) 호가 없음 (거래정지 의심)

══════════════════════════════════════════════════
→ 전종목 HOLD
✅ Discord 전송 완료

[11:22] HOLD | KODEX RSI91/-1.0%⚠️ | 보유:GS(078930) -0.1% 원익피앤(217820) +0.9% | 💸예수금부족 | 최고신호 원익피앤이(217820) 3/3개 [하락-4.3% / MA골 / 호가4.0]
💰 예수금 14,416원 | KODEX200 RSI92/-1.0% 과열⚠️ | 매수기준 3개↑
📦 보유 GS(078930) 1주 -0.1%
📦 보유 원익피앤이(217820) 3주 +1.2%

코드      종목명           가격    RSI     변화율    거래량     BB   호가비  B/S
────────────────────────────────────────────────────────────────────────
[2단계 분석 대상: 078930, 217820, 066970, 006400, 105560, 042700, 403870]
⛔ 아우토크립트(137040) 호가 없음 (거래정지 의심)
078930  GS        76,900   62.1    -0.8%    0.4x     중간  0.30  1/0
061250  화일약품       8,520    0.0    +0.0%    0.0x     중간  0.72  0/0
217820  원익피앤이      3,540   53.3    -4.3%    0.6x     중간  1.55  3/0
001510  SK증권       4,720    0.0    +0.0%    0.0x     중간  1.01  0/0
⛔ 금양(001570) 호가 없음 (거래정지 의심)

══════════════════════════════════════════════════
→ 전종목 HOLD
✅ Discord 전송 완료

[11:24] HOLD | KODEX RSI92/-1.0%⚠️ | 보유:GS(078930) -0.1% 원익피앤(217820) +1.2% | 💸예수금부족 | 최고신호 원익피앤이(217820) 3/3개 [하락-4.3% / MA골 / 호가1.6]
💰 예수금 14,416원 | KODEX200 RSI92/-1.0% 과열⚠️ | 매수기준 3개↑
📦 보유 GS(078930) 1주 +0.2%
📦 보유 원익피앤이(217820) 3주 +1.1%

코드      종목명           가격    RSI     변화율    거래량     BB   호가비  B/S
────────────────────────────────────────────────────────────────────────
[2단계 분석 대상: 078930, 217820, 012330, 006400, 105560, 403870, 066970]
⛔ 아우토크립트(137040) 호가 없음 (거래정지 의심)
078930  GS        77,000   62.6    -0.5%    0.4x     중간  0.21  1/0
061250  화일약품       8,520    0.0    +0.0%    0.0x     중간  0.54  0/0
217820  원익피앤이      3,535   53.3    -4.3%    0.6x     중간  3.93  3/0
001510  SK증권       4,710    0.0    +0.0%    0.0x     중간  1.13  0/0
⛔ 금양(001570) 호가 없음 (거래정지 의심)

══════════════════════════════════════════════════
→ 전종목 HOLD
✅ Discord 전송 완료

[11:26] HOLD | KODEX RSI92/-1.0%⚠️ | 보유:GS(078930) +0.2% 원익피앤(217820) +1.1% | 💸예수금부족 | 최고신호 원익피앤이(217820) 3/3개 [하락-4.3% / MA골 / 호가3.9]
💰 예수금 14,416원 | KODEX200 RSI91/-1.1% 과열⚠️ | 매수기준 3개↑
📦 보유 GS(078930) 1주 +0.0%
📦 보유 원익피앤이(217820) 3주 +0.9%

코드      종목명           가격    RSI     변화율    거래량     BB   호가비  B/S
────────────────────────────────────────────────────────────────────────
[2단계 분석 대상: 078930, 217820, 006400, 034020, 012330, 403870, 247540]
⛔ 아우토크립트(137040) 호가 없음 (거래정지 의심)
078930  GS        77,000   62.3    -0.7%    0.4x     중간  0.24  1/0
061250  화일약품       8,510    0.0    +0.0%    0.0x     중간  0.50  0/0
217820  원익피앤이      3,525   53.0    -4.7%    0.7x     중간  2.78  3/0
001510  SK증권       4,705    0.0    +0.0%    0.0x     중간  1.27  1/0
⛔ 금양(001570) 호가 없음 (거래정지 의심)

══════════════════════════════════════════════════
→ 전종목 HOLD
✅ Discord 전송 완료

[11:28] HOLD | KODEX RSI91/-1.1%⚠️ | 보유:GS(078930) +0.0% 원익피앤(217820) +0.9% | 💸예수금부족 | 최고신호 원익피앤이(217820) 3/3개 [하락-4.7% / MA골 / 호가2.8]
💰 예수금 14,416원 | KODEX200 RSI91/-1.1% 과열⚠️ | 매수기준 3개↑
📦 보유 GS(078930) 1주 -0.1%
📦 보유 원익피앤이(217820) 3주 +0.8%

코드      종목명           가격    RSI     변화율    거래량     BB   호가비  B/S
────────────────────────────────────────────────────────────────────────
[2단계 분석 대상: 078930, 217820, 006400, 034020, 056080, 403870, 015760]
⛔ 아우토크립트(137040) 호가 없음 (거래정지 의심)
078930  GS        77,000   62.1    -0.8%    0.4x     중간  0.25  1/0
061250  화일약품       8,500    0.0    +0.0%    0.0x     중간  0.76  0/0
217820  원익피앤이      3,525   53.1    -4.6%    0.7x     중간  2.42  3/0
001510  SK증권       4,705    0.0    +0.0%    0.0x     중간  1.21  1/0
⛔ 금양(001570) 호가 없음 (거래정지 의심)

══════════════════════════════════════════════════
→ 전종목 HOLD
✅ Discord 전송 완료

[11:30] HOLD | KODEX RSI91/-1.1%⚠️ | 보유:GS(078930) -0.1% 원익피앤(217820) +0.8% | 💸예수금부족 | 최고신호 원익피앤이(217820) 3/3개 [하락-4.6% / MA골 / 호가2.4]
💰 예수금 14,416원 | KODEX200 RSI91/-1.2% 과열⚠️ | 매수기준 3개↑
📦 보유 GS(078930) 1주 +0.0%
📦 보유 원익피앤이(217820) 3주 +0.9%

코드      종목명           가격    RSI     변화율    거래량     BB   호가비  B/S
────────────────────────────────────────────────────────────────────────
[2단계 분석 대상: 078930, 217820, 006400, 000270, 034020, 084850, 056080]
⛔ 아우토크립트(137040) 호가 없음 (거래정지 의심)
078930  GS        77,000   62.3    -0.7%    0.4x     중간  0.26  1/0
061250  화일약품       8,500    0.0    +0.0%    0.0x     중간  2.01  1/0
217820  원익피앤이      3,525   53.1    -4.6%    0.7x     중간  2.56  3/0
001510  SK증권       4,710    0.0    +0.0%    0.0x     중간  1.34  1/0
⛔ 금양(001570) 호가 없음 (거래정지 의심)

══════════════════════════════════════════════════
→ 전종목 HOLD
✅ Discord 전송 완료

[11:32] HOLD | KODEX RSI91/-1.2%⚠️ | 보유:GS(078930) +0.0% 원익피앤(217820) +0.9% | 💸예수금부족 | 최고신호 원익피앤이(217820) 3/3개 [하락-4.6% / MA골 / 호가2.6]
💰 예수금 14,416원 | KODEX200 RSI91/-1.3% 과열⚠️ | 매수기준 3개↑
📦 보유 GS(078930) 1주 +0.0%
📦 보유 원익피앤이(217820) 3주 +0.7%

코드      종목명           가격    RSI     변화율    거래량     BB   호가비  B/S
────────────────────────────────────────────────────────────────────────
[2단계 분석 대상: 078930, 217820, 012330, 084850, 000270, 006400, 403870]
⛔ 아우토크립트(137040) 호가 없음 (거래정지 의심)
078930  GS        76,900   62.1    -0.8%    0.4x     중간  0.28  1/0
061250  화일약품       8,500    0.0    +0.0%    0.0x     중간  2.05  1/0
217820  원익피앤이      3,515   52.7    -5.0%    0.7x     중간  2.10  3/0
001510  SK증권       4,710    0.0    +0.0%    0.0x     중간  1.34  1/0
⛔ 금양(001570) 호가 없음 (거래정지 의심)

══════════════════════════════════════════════════
→ 전종목 HOLD
✅ Discord 전송 완료

[11:34] HOLD | KODEX RSI91/-1.3%⚠️ | 보유:GS(078930) +0.0% 원익피앤(217820) +0.7% | 💸예수금부족 | 최고신호 원익피앤이(217820) 3/3개 [하락-5.0% / MA골 / 호가2.1]
💰 예수금 14,416원 | KODEX200 RSI91/-1.3% 과열⚠️ | 매수기준 3개↑
📦 보유 GS(078930) 1주 -0.2%
📦 보유 원익피앤이(217820) 3주 +0.5%

코드      종목명           가격    RSI     변화율    거래량     BB   호가비  B/S
────────────────────────────────────────────────────────────────────────
[2단계 분석 대상: 078930, 217820, 066970, 012330, 000270, 051910, 403870]
⛔ 아우토크립트(137040) 호가 없음 (거래정지 의심)
078930  GS        76,800   61.6    -1.0%    0.4x     중간  0.36  2/0
061250  화일약품       8,500    0.0    +0.0%    0.0x     중간  1.96  1/0
217820  원익피앤이      3,515   52.8    -4.9%    0.7x     중간  2.92  3/0
001510  SK증권       4,700    0.0    +0.0%    0.0x     중간  1.20  1/0
⛔ 금양(001570) 호가 없음 (거래정지 의심)

══════════════════════════════════════════════════
→ 전종목 HOLD
✅ Discord 전송 완료

[11:36] HOLD | KODEX RSI91/-1.3%⚠️ | 보유:GS(078930) -0.2% 원익피앤(217820) +0.5% | 💸예수금부족 | 최고신호 원익피앤이(217820) 3/3개 [하락-4.9% / MA골 / 호가2.9]
💰 예수금 14,416원 | KODEX200 RSI90/-1.4% 과열⚠️ | 매수기준 3개↑
📦 보유 GS(078930) 1주 +0.2%
📦 보유 원익피앤이(217820) 3주 +0.7%

코드      종목명           가격    RSI     변화율    거래량     BB   호가비  B/S
────────────────────────────────────────────────────────────────────────
[2단계 분석 대상: 078930, 217820, 000270, 051910, 012330, 003670, 066970]
⛔ 아우토크립트(137040) 호가 없음 (거래정지 의심)
078930  GS        77,000   62.1    -0.8%    0.4x     중간  0.22  1/0
061250  화일약품       8,500    0.0    +0.0%    0.0x     중간  1.92  1/0
217820  원익피앤이      3,515   52.8    -4.9%    0.7x     중간  2.45  3/0
001510  SK증권       4,685    0.0    +0.0%    0.0x     중간  1.62  1/0
⛔ 금양(001570) 호가 없음 (거래정지 의심)

══════════════════════════════════════════════════
→ 전종목 HOLD
✅ Discord 전송 완료

[11:38] HOLD | KODEX RSI90/-1.4%⚠️ | 보유:GS(078930) +0.2% 원익피앤(217820) +0.7% | 💸예수금부족 | 최고신호 원익피앤이(217820) 3/3개 [하락-4.9% / MA골 / 호가2.5]
💰 예수금 14,416원 | KODEX200 RSI90/-1.6% 과열⚠️ | 매수기준 3개↑
📦 보유 GS(078930) 1주 -0.2%
📦 보유 원익피앤이(217820) 3주 +0.7%

코드      종목명           가격    RSI     변화율    거래량     BB   호가비  B/S
────────────────────────────────────────────────────────────────────────
[2단계 분석 대상: 078930, 217820, 000270, 012330, 003670, 066970, 247540]
⛔ 아우토크립트(137040) 호가 없음 (거래정지 의심)
078930  GS        76,800   61.6    -1.0%    0.4x     중간  0.41  2/0
061250  화일약품       8,630    0.0    +0.0%    0.0x     중간  1.98  1/0
217820  원익피앤이      3,510   52.5    -5.3%    0.7x     중간  1.95  3/0
001510  SK증권       4,690    0.0    +0.0%    0.0x     중간  1.57  1/0
⛔ 금양(001570) 호가 없음 (거래정지 의심)

══════════════════════════════════════════════════
→ 전종목 HOLD
✅ Discord 전송 완료

[11:40] HOLD | KODEX RSI90/-1.6%⚠️ | 보유:GS(078930) -0.2% 원익피앤(217820) +0.7% | 💸예수금부족 | 최고신호 원익피앤이(217820) 3/3개 [하락-5.3% / MA골 / 호가1.9]
💰 예수금 14,417원 | KODEX200 RSI90/-1.6% 과열⚠️ | 매수기준 3개↑
📦 보유 GS(078930) 1주 -0.2%
📦 보유 원익피앤이(217820) 3주 +0.1%

코드      종목명           가격    RSI     변화율    거래량     BB   호가비  B/S
────────────────────────────────────────────────────────────────────────
[2단계 분석 대상: 078930, 217820, 012330, 000270, 003670, 051910, 066970]
⛔ 아우토크립트(137040) 호가 없음 (거래정지 의심)
078930  GS        76,800   61.8    -0.9%    0.4x     중간  0.35  1/0
061250  화일약품       8,830    0.0    +0.0%    0.0x     중간  0.58  0/0
217820  원익피앤이      3,495   52.1    -5.7%    0.7x     중간  1.17  2/0
001510  SK증권       4,690    0.0    +0.0%    0.0x     중간  1.16  0/0
⛔ 금양(001570) 호가 없음 (거래정지 의심)

══════════════════════════════════════════════════
→ 전종목 HOLD
✅ Discord 전송 완료

[11:42] HOLD | KODEX RSI90/-1.6%⚠️ | 보유:GS(078930) -0.2% 원익피앤(217820) +0.1% | 💸예수금부족 | 최고신호 원익피앤이(217820) 2/3개 [하락-5.7% / MA골]
💰 예수금 14,417원 | KODEX200 RSI90/-1.5% 과열⚠️ | 매수기준 3개↑
📦 보유 GS(078930) 1주 -0.2%
📦 보유 원익피앤이(217820) 3주 +0.1%

코드      종목명           가격    RSI     변화율    거래량     BB   호가비  B/S
────────────────────────────────────────────────────────────────────────
[2단계 분석 대상: 078930, 217820, 000270, 066970, 003670, 006400, 051910]
⛔ 아우토크립트(137040) 호가 없음 (거래정지 의심)
078930  GS        77,000   62.6    -0.5%    0.4x     중간  0.22  1/0
061250  화일약품       8,800    0.0    +0.0%    0.0x     중간  0.30  0/0
217820  원익피앤이      3,505   52.4    -5.4%    0.7x     중간  1.17  2/0
001510  SK증권       4,710    0.0    +0.0%    0.0x     중간  1.02  0/0
⛔ 금양(001570) 호가 없음 (거래정지 의심)

══════════════════════════════════════════════════
→ 전종목 HOLD
✅ Discord 전송 완료

[11:44] HOLD | KODEX RSI90/-1.5%⚠️ | 보유:GS(078930) -0.2% 원익피앤(217820) +0.1% | 💸예수금부족 | 최고신호 원익피앤이(217820) 2/3개 [하락-5.4% / MA골]
💰 예수금 14,416원 | KODEX200 RSI91/-1.1% 과열⚠️ | 매수기준 3개↑
📦 보유 GS(078930) 1주 +0.2%
📦 보유 원익피앤이(217820) 3주 +0.4%

코드      종목명           가격    RSI     변화율    거래량     BB   호가비  B/S
────────────────────────────────────────────────────────────────────────
[2단계 분석 대상: 078930, 217820, 000270, 247540, 403870, 006400, 003670]
⛔ 아우토크립트(137040) 호가 없음 (거래정지 의심)
078930  GS        77,000   62.3    -0.7%    0.4x     중간  0.14  1/0
061250  화일약품       8,770    0.0    +0.0%    0.0x     중간  0.70  0/0
217820  원익피앤이      3,515   52.6    -5.1%    0.7x     중간  2.66  3/0
001510  SK증권       4,710    0.0    +0.0%    0.0x     중간  1.10  0/0
⛔ 금양(001570) 호가 없음 (거래정지 의심)

══════════════════════════════════════════════════
→ 전종목 HOLD
✅ Discord 전송 완료

[11:46] HOLD | KODEX RSI91/-1.1%⚠️ | 보유:GS(078930) +0.2% 원익피앤(217820) +0.4% | 💸예수금부족 | 최고신호 원익피앤이(217820) 3/3개 [하락-5.1% / MA골 / 호가2.7]
💰 예수금 14,416원 | KODEX200 RSI91/-1.1% 과열⚠️ | 매수기준 3개↑
📦 보유 GS(078930) 1주 +0.0%
📦 보유 원익피앤이(217820) 3주 +0.4%

코드      종목명           가격    RSI     변화율    거래량     BB   호가비  B/S
────────────────────────────────────────────────────────────────────────
[2단계 분석 대상: 078930, 217820, 084850, 247540, 207940, 000270, 403870]
⛔ 아우토크립트(137040) 호가 없음 (거래정지 의심)
078930  GS        76,900   62.3    -0.7%    0.4x     중간  0.16  1/0
061250  화일약품       8,760    0.0    +0.0%    0.0x     중간  0.33  0/0
217820  원익피앤이      3,515   52.6    -5.1%    0.7x     중간  1.48  3/0
001510  SK증권       4,720    0.0    +0.0%    0.0x     중간  1.11  0/0
⛔ 금양(001570) 호가 없음 (거래정지 의심)

══════════════════════════════════════════════════
→ 전종목 HOLD
✅ Discord 전송 완료

[11:48] HOLD | KODEX RSI91/-1.1%⚠️ | 보유:GS(078930) +0.0% 원익피앤(217820) +0.4% | 💸예수금부족 | 최고신호 원익피앤이(217820) 3/3개 [하락-5.1% / MA골 / 호가1.5]
💰 예수금 14,416원 | KODEX200 RSI92/-1.0% 과열⚠️ | 매수기준 3개↑
📦 보유 GS(078930) 1주 +0.0%
📦 보유 원익피앤이(217820) 3주 +0.4%

코드      종목명           가격    RSI     변화율    거래량     BB   호가비  B/S
────────────────────────────────────────────────────────────────────────
[2단계 분석 대상: 078930, 217820, 084850, 207940, 247540, 006400, 003670]
⛔ 아우토크립트(137040) 호가 없음 (거래정지 의심)
078930  GS        77,000   62.3    -0.7%    0.4x     중간  0.20  1/0
061250  화일약품       8,660    0.0    +0.0%    0.0x     중간  0.64  0/0
217820  원익피앤이      3,515   52.6    -5.1%    0.7x     중간  1.90  3/0
001510  SK증권       4,735    0.0    +0.0%    0.0x     중간  0.82  0/0
⛔ 금양(001570) 호가 없음 (거래정지 의심)

══════════════════════════════════════════════════
→ 전종목 HOLD
✅ Discord 전송 완료

[11:50] HOLD | KODEX RSI92/-1.0%⚠️ | 보유:GS(078930) +0.0% 원익피앤(217820) +0.4% | 💸예수금부족 | 최고신호 원익피앤이(217820) 3/3개 [하락-5.1% / MA골 / 호가1.9]
💰 예수금 14,416원 | KODEX200 RSI92/-0.8% 과열⚠️ | 매수기준 3개↑
📦 보유 GS(078930) 1주 -0.1%
📦 보유 원익피앤이(217820) 3주 +0.7%

코드      종목명           가격    RSI     변화율    거래량     BB   호가비  B/S
────────────────────────────────────────────────────────────────────────
[2단계 분석 대상: 078930, 217820, 084850, 000270, 247540, 207940, 003670]
⛔ 아우토크립트(137040) 호가 없음 (거래정지 의심)
078930  GS        77,000   62.3    -0.7%    0.4x     중간  0.14  1/0
061250  화일약품       8,640    0.0    +0.0%    0.0x     중간  1.38  1/0
217820  원익피앤이      3,535   53.2    -4.5%    0.7x     중간  1.99  3/0
001510  SK증권       4,740    0.0    +0.0%    0.0x     중간  0.92  0/0
⛔ 금양(001570) 호가 없음 (거래정지 의심)

══════════════════════════════════════════════════
→ 전종목 HOLD
✅ Discord 전송 완료

[11:52] HOLD | KODEX RSI92/-0.8%⚠️ | 보유:GS(078930) -0.1% 원익피앤(217820) +0.7% | 💸예수금부족 | 최고신호 원익피앤이(217820) 3/3개 [하락-4.5% / MA골 / 호가2.0]
💰 예수금 14,416원 | KODEX200 RSI94/-0.3% 과열⚠️ | 매수기준 3개↑
📦 보유 GS(078930) 1주 +0.0%
📦 보유 원익피앤이(217820) 3주 +0.8%

코드      종목명           가격    RSI     변화율    거래량     BB   호가비  B/S
────────────────────────────────────────────────────────────────────────
[2단계 분석 대상: 078930, 217820, 000270, 207940, 247540, 084850, 105560]
⛔ 아우토크립트(137040) 호가 없음 (거래정지 의심)
078930  GS        77,000   62.1    -0.8%    0.5x     중간  0.14  1/0
061250  화일약품       8,660    0.0    +0.0%    0.0x     중간  1.31  1/0
217820  원익피앤이      3,535   53.0    -4.7%    0.7x     중간  2.60  3/0
001510  SK증권       4,745    0.0    +0.0%    0.0x     중간  0.91  0/0
⛔ 금양(001570) 호가 없음 (거래정지 의심)

══════════════════════════════════════════════════
→ 전종목 HOLD
✅ Discord 전송 완료

[11:54] HOLD | KODEX RSI94/-0.3%⚠️ | 보유:GS(078930) +0.0% 원익피앤(217820) +0.8% | 💸예수금부족 | 최고신호 원익피앤이(217820) 3/3개 [하락-4.7% / MA골 / 호가2.6]
💰 예수금 14,416원 | KODEX200 RSI94/-0.4% 과열⚠️ | 매수기준 3개↑
📦 보유 GS(078930) 1주 +0.0%
📦 보유 원익피앤이(217820) 3주 +0.9%

코드      종목명           가격    RSI     변화율    거래량     BB   호가비  B/S
────────────────────────────────────────────────────────────────────────
[2단계 분석 대상: 078930, 217820, 042700, 247540, 084850, 207940, 000270]
⛔ 아우토크립트(137040) 호가 없음 (거래정지 의심)
078930  GS        76,900   61.8    -0.9%    0.5x     중간  0.14  1/0
061250  화일약품       8,660    0.0    +0.0%    0.0x     중간  1.12  0/0
217820  원익피앤이      3,535   53.3    -4.3%    0.7x     중간  2.78  3/0
001510  SK증권       4,735    0.0    +0.0%    0.0x     중간  1.42  1/0
⛔ 금양(001570) 호가 없음 (거래정지 의심)

══════════════════════════════════════════════════
→ 전종목 HOLD
✅ Discord 전송 완료

[11:56] HOLD | KODEX RSI94/-0.4%⚠️ | 보유:GS(078930) +0.0% 원익피앤(217820) +0.9% | 💸예수금부족 | 최고신호 원익피앤이(217820) 3/3개 [하락-4.3% / MA골 / 호가2.8]
💰 예수금 14,416원 | KODEX200 RSI94/-0.4% 과열⚠️ | 매수기준 3개↑
📦 보유 GS(078930) 1주 -0.2%
📦 보유 원익피앤이(217820) 3주 +1.2%

코드      종목명           가격    RSI     변화율    거래량     BB   호가비  B/S
────────────────────────────────────────────────────────────────────────
[2단계 분석 대상: 078930, 217820, 084850, 207940, 247540, 000270, 068270]
⛔ 아우토크립트(137040) 호가 없음 (거래정지 의심)
078930  GS        76,900   62.1    -0.8%    0.5x     중간  0.17  1/0
061250  화일약품       8,650    0.0    +0.0%    0.0x     중간  0.88  0/0
217820  원익피앤이      3,535   53.3    -4.3%    0.7x     중간  2.30  3/0
001510  SK증권       4,735    0.0    +0.0%    0.0x     중간  1.43  1/0
⛔ 금양(001570) 호가 없음 (거래정지 의심)

══════════════════════════════════════════════════
→ 전종목 HOLD
✅ Discord 전송 완료

[11:58] HOLD | KODEX RSI94/-0.4%⚠️ | 보유:GS(078930) -0.2% 원익피앤(217820) +1.2% | 💸예수금부족 | 최고신호 원익피앤이(217820) 3/3개 [하락-4.3% / MA골 / 호가2.3]
💰 예수금 14,416원 | KODEX200 RSI94/-0.3% 과열⚠️ | 매수기준 3개↑
📦 보유 GS(078930) 1주 -0.2%
📦 보유 원익피앤이(217820) 3주 +1.1%

코드      종목명           가격    RSI     변화율    거래량     BB   호가비  B/S
────────────────────────────────────────────────────────────────────────
[2단계 분석 대상: 078930, 217820, 061250, 207940, 084850, 000270, 247540]
⛔ 아우토크립트(137040) 호가 없음 (거래정지 의심)
078930  GS        76,700   61.6    -1.0%    0.5x     중간  0.22  2/0
061250  화일약품       8,620   28.6    +4.4%    2.5x     중간 22.57  3/0
217820  원익피앤이      3,535   53.2    -4.5%    0.7x     중간  2.05  3/0
001510  SK증권       4,730    0.0    +0.0%    0.0x     중간  1.51  1/0
⛔ 금양(001570) 호가 없음 (거래정지 의심)

══════════════════════════════════════════════════
→ 전종목 HOLD
✅ Discord 전송 완료

[12:00] HOLD | KODEX RSI94/-0.3%⚠️ | 보유:GS(078930) -0.2% 원익피앤(217820) +1.1% | 💸예수금부족 | 최고신호 화일약품(061250) 3/3개 [RSI29 / 거래량2.5x / 호가22.6]
💰 예수금 14,417원 | KODEX200 RSI93/-0.5% 과열⚠️ | 매수기준 3개↑
📦 보유 GS(078930) 1주 -0.5%
📦 보유 원익피앤이(217820) 3주 +1.0%

코드      종목명           가격    RSI     변화율    거래량     BB   호가비  B/S
────────────────────────────────────────────────────────────────────────
[2단계 분석 대상: 078930, 217820, 061250, 034020, 066970, 003670, 207940]
⛔ 아우토크립트(137040) 호가 없음 (거래정지 의심)
078930  GS        76,600   61.4    -1.1%    0.5x     중간  0.27  2/0
061250  화일약품       8,620   28.6    +4.4%    2.5x     중간 11.00  3/0
217820  원익피앤이      3,525   53.0    -4.7%    0.7x     중간  2.93  3/0
001510  SK증권       4,715    0.0    +0.0%    0.0x     중간  3.25  1/0
⛔ 금양(001570) 호가 없음 (거래정지 의심)

══════════════════════════════════════════════════
→ 전종목 HOLD
✅ Discord 전송 완료

[12:02] HOLD | KODEX RSI93/-0.5%⚠️ | 보유:GS(078930) -0.5% 원익피앤(217820) +1.0% | 💸예수금부족 | 최고신호 화일약품(061250) 3/3개 [RSI29 / 거래량2.5x / 호가11.0]
💰 예수금 14,417원 | KODEX200 RSI91/-1.1% 과열⚠️ | 매수기준 3개↑
📦 보유 GS(078930) 1주 -0.6%
📦 보유 원익피앤이(217820) 3주 +0.7%

코드      종목명           가격    RSI     변화율    거래량     BB   호가비  B/S
────────────────────────────────────────────────────────────────────────
[2단계 분석 대상: 078930, 217820, 034020, 061250, 066970, 012330, 207940]
⛔ 아우토크립트(137040) 호가 없음 (거래정지 의심)
078930  GS        76,600   60.6    -1.6%    0.5x     중간  0.28  2/0
061250  화일약품       8,620   28.6    +4.4%    2.5x     중간 24.09  3/0
217820  원익피앤이      3,520   52.8    -4.9%    0.7x     중간  1.91  3/0
001510  SK증권       4,710    0.0    +0.0%    0.0x     중간  2.95  1/0
⛔ 금양(001570) 호가 없음 (거래정지 의심)

══════════════════════════════════════════════════
→ 전종목 HOLD
✅ Discord 전송 완료

[12:04] HOLD | KODEX RSI91/-1.1%⚠️ | 보유:GS(078930) -0.6% 원익피앤(217820) +0.7% | 💸예수금부족 | 최고신호 화일약품(061250) 3/3개 [RSI29 / 거래량2.5x / 호가24.1]
💰 예수금 14,417원 | KODEX200 RSI91/-1.1% 과열⚠️ | 매수기준 3개↑
📦 보유 GS(078930) 1주 -0.9%
📦 보유 원익피앤이(217820) 3주 +0.8%

코드      종목명           가격    RSI     변화율    거래량     BB   호가비  B/S
────────────────────────────────────────────────────────────────────────
[2단계 분석 대상: 078930, 217820, 034020, 066970, 061250, 003670, 247540]
⛔ 아우토크립트(137040) 호가 없음 (거래정지 의심)
078930  GS        76,400   60.8    -1.4%    0.5x     중간  0.21  2/0
061250  화일약품       8,650   30.5    +5.0%    2.5x     중간  7.08  3/0
217820  원익피앤이      3,520   53.0    -4.7%    0.7x     중간  4.09  3/0
001510  SK증권       4,710    0.0    +0.0%    0.0x     중간  2.08  1/0
⛔ 금양(001570) 호가 없음 (거래정지 의심)

══════════════════════════════════════════════════
→ 전종목 HOLD
✅ Discord 전송 완료

[12:06] HOLD | KODEX RSI91/-1.1%⚠️ | 보유:GS(078930) -0.9% 원익피앤(217820) +0.8% | 💸예수금부족 | 최고신호 화일약품(061250) 3/3개 [RSI30 / 거래량2.5x / 호가7.1]
💰 예수금 14,417원 | KODEX200 RSI92/-1.0% 과열⚠️ | 매수기준 3개↑
📦 보유 GS(078930) 1주 -0.6%
📦 보유 원익피앤이(217820) 3주 +0.8%

코드      종목명           가격    RSI     변화율    거래량     BB   호가비  B/S
────────────────────────────────────────────────────────────────────────
[2단계 분석 대상: 078930, 217820, 034020, 066970, 061250, 403870, 003670]
⛔ 아우토크립트(137040) 호가 없음 (거래정지 의심)
078930  GS        76,500   61.3    -1.2%    0.5x     중간  0.25  2/0
061250  화일약품       8,640   30.5    +5.0%    2.5x     중간  8.24  3/0
217820  원익피앤이      3,520   53.0    -4.7%    0.7x     중간  3.02  3/0
001510  SK증권       4,715    0.0    +0.0%    0.0x     중간  2.25  1/0
⛔ 금양(001570) 호가 없음 (거래정지 의심)

══════════════════════════════════════════════════
→ 전종목 HOLD
✅ Discord 전송 완료

[12:08] HOLD | KODEX RSI92/-1.0%⚠️ | 보유:GS(078930) -0.6% 원익피앤(217820) +0.8% | 💸예수금부족 | 최고신호 화일약품(061250) 3/3개 [RSI30 / 거래량2.5x / 호가8.2]
💰 예수금 14,417원 | KODEX200 RSI91/-1.2% 과열⚠️ | 매수기준 3개↑
📦 보유 GS(078930) 1주 -0.6%
📦 보유 원익피앤이(217820) 3주 +0.8%

코드      종목명           가격    RSI     변화율    거래량     BB   호가비  B/S
────────────────────────────────────────────────────────────────────────
[2단계 분석 대상: 078930, 217820, 066970, 061250, 012450, 034020, 003670]
⛔ 아우토크립트(137040) 호가 없음 (거래정지 의심)
078930  GS        76,500   61.3    -1.2%    0.5x     중간  0.19  2/0
061250  화일약품       8,640   29.7    +4.7%    2.5x     중간 11.40  3/0
217820  원익피앤이      3,530   53.0    -4.7%    0.7x     중간  3.68  3/0
001510  SK증권       4,720    0.0    +0.0%    0.0x     중간  2.26  1/0
⛔ 금양(001570) 호가 없음 (거래정지 의심)

══════════════════════════════════════════════════
→ 전종목 HOLD
✅ Discord 전송 완료

[12:10] HOLD | KODEX RSI91/-1.2%⚠️ | 보유:GS(078930) -0.6% 원익피앤(217820) +0.8% | 💸예수금부족 | 최고신호 화일약품(061250) 3/3개 [RSI30 / 거래량2.5x / 호가11.4]
💰 예수금 14,417원 | KODEX200 RSI91/-1.2% 과열⚠️ | 매수기준 3개↑
📦 보유 GS(078930) 1주 -0.5%
📦 보유 원익피앤이(217820) 3주 +0.8%

코드      종목명           가격    RSI     변화율    거래량     BB   호가비  B/S
────────────────────────────────────────────────────────────────────────
[2단계 분석 대상: 078930, 217820, 061250, 034020, 403870, 066970, 012450]
⛔ 아우토크립트(137040) 호가 없음 (거래정지 의심)
078930  GS        76,600   61.3    -1.2%    0.5x     중간  0.23  2/0
061250  화일약품       8,630   29.0    +4.5%    2.5x     중간 24.94  3/0
217820  원익피앤이      3,530   53.0    -4.7%    0.7x     중간  3.74  3/0
001510  SK증권       4,720    0.0    +0.0%    0.0x     중간  2.30  1/0
⛔ 금양(001570) 호가 없음 (거래정지 의심)

══════════════════════════════════════════════════
→ 전종목 HOLD
✅ Discord 전송 완료

[12:12] HOLD | KODEX RSI91/-1.2%⚠️ | 보유:GS(078930) -0.5% 원익피앤(217820) +0.8% | 💸예수금부족 | 최고신호 화일약품(061250) 3/3개 [RSI29 / 거래량2.5x / 호가24.9]
💰 예수금 14,417원 | KODEX200 RSI91/-1.0% 과열⚠️ | 매수기준 3개↑
📦 보유 GS(078930) 1주 -0.4%
📦 보유 원익피앤이(217820) 3주 +0.5%

코드      종목명           가격    RSI     변화율    거래량     BB   호가비  B/S
────────────────────────────────────────────────────────────────────────
[2단계 분석 대상: 078930, 217820, 061250, 066970, 003670, 012450, 207940]
⛔ 아우토크립트(137040) 호가 없음 (거래정지 의심)
078930  GS        76,500   61.3    -1.2%    0.5x     중간  0.19  2/0
061250  화일약품       8,630   29.0    +4.5%    2.5x     중간 28.17  3/0
217820  원익피앤이      3,530   52.7    -5.0%    0.7x     중간  3.62  3/0
001510  SK증권       4,720    0.0    +0.0%    0.0x     중간  2.14  1/0
⛔ 금양(001570) 호가 없음 (거래정지 의심)

══════════════════════════════════════════════════
→ 전종목 HOLD
✅ Discord 전송 완료

[12:14] HOLD | KODEX RSI91/-1.0%⚠️ | 보유:GS(078930) -0.4% 원익피앤(217820) +0.5% | 💸예수금부족 | 최고신호 화일약품(061250) 3/3개 [RSI29 / 거래량2.5x / 호가28.2]
💰 예수금 14,417원 | KODEX200 RSI91/-1.2% 과열⚠️ | 매수기준 3개↑
📦 보유 GS(078930) 1주 -0.9%
📦 보유 원익피앤이(217820) 3주 +0.8%

코드      종목명           가격    RSI     변화율    거래량     BB   호가비  B/S
────────────────────────────────────────────────────────────────────────
[2단계 분석 대상: 078930, 217820, 034020, 403870, 061250, 207940, 066970]
⛔ 아우토크립트(137040) 호가 없음 (거래정지 의심)
078930  GS        76,500   61.1    -1.3%    0.5x     중간  0.18  2/0
061250  화일약품       8,640   29.7    +4.7%    2.5x     중간  6.27  3/0
217820  원익피앤이      3,520   52.7    -5.0%    0.7x     중간  4.43  3/0
001510  SK증권       4,710    0.0    +0.0%    0.0x     중간  1.81  1/0
⛔ 금양(001570) 호가 없음 (거래정지 의심)

══════════════════════════════════════════════════
→ 전종목 HOLD
✅ Discord 전송 완료

[12:16] HOLD | KODEX RSI91/-1.2%⚠️ | 보유:GS(078930) -0.9% 원익피앤(217820) +0.8% | 💸예수금부족 | 최고신호 화일약품(061250) 3/3개 [RSI30 / 거래량2.5x / 호가6.3]
💰 예수금 14,417원 | KODEX200 RSI90/-1.4% 과열⚠️ | 매수기준 3개↑
📦 보유 GS(078930) 1주 -0.5%
📦 보유 원익피앤이(217820) 3주 +0.8%

코드      종목명           가격    RSI     변화율    거래량     BB   호가비  B/S
────────────────────────────────────────────────────────────────────────
[2단계 분석 대상: 078930, 217820, 207940, 403870, 034020, 247540, 066970]
⛔ 아우토크립트(137040) 호가 없음 (거래정지 의심)
078930  GS        76,500   61.1    -1.3%    0.5x     중간  0.16  2/0
061250  화일약품       8,660    0.0    +0.0%    0.0x     중간  2.92  1/0
217820  원익피앤이      3,520   52.8    -4.9%    0.7x     중간  4.31  3/0
001510  SK증권       4,700    0.0    +0.0%    0.0x     중간  1.95  1/0
⛔ 금양(001570) 호가 없음 (거래정지 의심)

══════════════════════════════════════════════════
→ 전종목 HOLD
✅ Discord 전송 완료

[12:18] HOLD | KODEX RSI90/-1.4%⚠️ | 보유:GS(078930) -0.5% 원익피앤(217820) +0.8% | 💸예수금부족 | 최고신호 원익피앤이(217820) 3/3개 [하락-4.9% / MA골 / 호가4.3]
💰 예수금 14,417원 | KODEX200 RSI90/-1.4% 과열⚠️ | 매수기준 3개↑
📦 보유 GS(078930) 1주 -0.6%
📦 보유 원익피앤이(217820) 3주 +0.8%

코드      종목명           가격    RSI     변화율    거래량     BB   호가비  B/S
────────────────────────────────────────────────────────────────────────
[2단계 분석 대상: 078930, 217820, 066970, 034020, 207940, 403870, 003670]
⛔ 아우토크립트(137040) 호가 없음 (거래정지 의심)
078930  GS        76,500   61.1    -1.3%    0.5x     중간  0.24  2/0
061250  화일약품       8,660    0.0    +0.0%    0.0x     중간  2.54  1/0
217820  원익피앤이      3,530   53.1    -4.6%    0.7x     중간  3.44  3/0
001510  SK증권       4,690    0.0    +0.0%    0.0x     중간  0.79  0/0
⛔ 금양(001570) 호가 없음 (거래정지 의심)

══════════════════════════════════════════════════
→ 전종목 HOLD
✅ Discord 전송 완료

[12:20] HOLD | KODEX RSI90/-1.4%⚠️ | 보유:GS(078930) -0.6% 원익피앤(217820) +0.8% | 💸예수금부족 | 최고신호 원익피앤이(217820) 3/3개 [하락-4.6% / MA골 / 호가3.4]
💰 예수금 14,417원 | KODEX200 RSI90/-1.3% 과열⚠️ | 매수기준 3개↑
📦 보유 GS(078930) 1주 -0.5%
📦 보유 원익피앤이(217820) 3주 +0.8%

코드      종목명           가격    RSI     변화율    거래량     BB   호가비  B/S
────────────────────────────────────────────────────────────────────────
[2단계 분석 대상: 078930, 217820, 034020, 066970, 403870, 003670, 012450]
⛔ 아우토크립트(137040) 호가 없음 (거래정지 의심)
078930  GS        76,400   61.1    -1.3%    0.5x     중간  0.17  2/0
061250  화일약품       8,680    0.0    +0.0%    0.0x     중간  1.44  1/0
217820  원익피앤이      3,525   53.0    -4.7%    0.7x     중간  2.02  3/0
001510  SK증권       4,690    0.0    +0.0%    0.0x     중간  1.91  1/0
⛔ 금양(001570) 호가 없음 (거래정지 의심)

══════════════════════════════════════════════════
→ 전종목 HOLD
✅ Discord 전송 완료

[12:22] HOLD | KODEX RSI90/-1.3%⚠️ | 보유:GS(078930) -0.5% 원익피앤(217820) +0.8% | 💸예수금부족 | 최고신호 원익피앤이(217820) 3/3개 [하락-4.7% / MA골 / 호가2.0]
💰 예수금 14,417원 | KODEX200 RSI90/-1.5% 과열⚠️ | 매수기준 3개↑
📦 보유 GS(078930) 1주 -0.9%
📦 보유 원익피앤이(217820) 3주 +0.4%

코드      종목명           가격    RSI     변화율    거래량     BB   호가비  B/S
────────────────────────────────────────────────────────────────────────
[2단계 분석 대상: 078930, 217820, 066970, 403870, 012330, 003670, 034020]
⛔ 아우토크립트(137040) 호가 없음 (거래정지 의심)
078930  GS        76,400   60.8    -1.4%    0.5x     중간  0.19  2/0
061250  화일약품       8,680    0.0    +0.0%    0.0x     중간  1.33  1/0
217820  원익피앤이      3,515   52.5    -5.3%    0.7x     중간  2.18  3/0
001510  SK증권       4,690    0.0    +0.0%    0.0x     중간  1.35  1/0
⛔ 금양(001570) 호가 없음 (거래정지 의심)

══════════════════════════════════════════════════
→ 전종목 HOLD
✅ Discord 전송 완료

[12:24] HOLD | KODEX RSI90/-1.5%⚠️ | 보유:GS(078930) -0.9% 원익피앤(217820) +0.4% | 💸예수금부족 | 최고신호 원익피앤이(217820) 3/3개 [하락-5.3% / MA골 / 호가2.2]
💰 예수금 14,417원 | KODEX200 RSI90/-1.4% 과열⚠️ | 매수기준 3개↑
📦 보유 GS(078930) 1주 -0.8%
📦 보유 원익피앤이(217820) 3주 +0.2%

코드      종목명           가격    RSI     변화율    거래량     BB   호가비  B/S
────────────────────────────────────────────────────────────────────────
[2단계 분석 대상: 078930, 217820, 034020, 403870, 003670, 247540, 066970]
⛔ 아우토크립트(137040) 호가 없음 (거래정지 의심)
078930  GS        76,300   60.8    -1.4%    0.5x     중간  0.16  2/0
061250  화일약품       8,690    0.0    +0.0%    0.0x     중간  0.78  0/0
217820  원익피앤이      3,515   52.5    -5.3%    0.7x     중간  2.17  3/0
001510  SK증권       4,695    0.0    +0.0%    0.0x     중간  1.18  0/0
⛔ 금양(001570) 호가 없음 (거래정지 의심)

══════════════════════════════════════════════════
→ 전종목 HOLD
✅ Discord 전송 완료

[12:26] HOLD | KODEX RSI90/-1.4%⚠️ | 보유:GS(078930) -0.8% 원익피앤(217820) +0.2% | 💸예수금부족 | 최고신호 원익피앤이(217820) 3/3개 [하락-5.3% / MA골 / 호가2.2]
💰 예수금 14,417원 | KODEX200 RSI90/-1.4% 과열⚠️ | 매수기준 3개↑
📦 보유 GS(078930) 1주 -0.8%
📦 보유 원익피앤이(217820) 3주 +0.7%

코드      종목명           가격    RSI     변화율    거래량     BB   호가비  B/S
────────────────────────────────────────────────────────────────────────
[2단계 분석 대상: 078930, 217820, 066970, 034020, 403870, 003670, 247540]
⛔ 아우토크립트(137040) 호가 없음 (거래정지 의심)
078930  GS        76,400   60.8    -1.4%    0.5x     중간  0.31  2/0
061250  화일약품       8,760    0.0    +0.0%    0.0x     중간  0.22  0/0
217820  원익피앤이      3,515   52.8    -4.9%    0.7x     중간  1.89  3/0
001510  SK증권       4,690    0.0    +0.0%    0.0x     중간  1.30  1/0
⛔ 금양(001570) 호가 없음 (거래정지 의심)

══════════════════════════════════════════════════
→ 전종목 HOLD
✅ Discord 전송 완료

[12:28] HOLD | KODEX RSI90/-1.4%⚠️ | 보유:GS(078930) -0.8% 원익피앤(217820) +0.7% | 💸예수금부족 | 최고신호 원익피앤이(217820) 3/3개 [하락-4.9% / MA골 / 호가1.9]
💰 예수금 14,417원 | KODEX200 RSI90/-1.4% 과열⚠️ | 매수기준 3개↑
📦 보유 GS(078930) 1주 -0.9%
📦 보유 원익피앤이(217820) 3주 +0.7%

코드      종목명           가격    RSI     변화율    거래량     BB   호가비  B/S
────────────────────────────────────────────────────────────────────────
[2단계 분석 대상: 078930, 217820, 066970, 058470, 084850, 403870, 003670]
⛔ 아우토크립트(137040) 호가 없음 (거래정지 의심)
078930  GS        76,500   61.1    -1.3%    0.5x     중간  0.24  2/0
061250  화일약품       8,750    0.0    +0.0%    0.0x     중간  0.24  0/0
217820  원익피앤이      3,525   53.1    -4.6%    0.7x     중간  3.79  3/0
001510  SK증권       4,690    0.0    +0.0%    0.0x     중간  1.36  1/0
⛔ 금양(001570) 호가 없음 (거래정지 의심)

══════════════════════════════════════════════════
→ 전종목 HOLD
✅ Discord 전송 완료

[12:30] HOLD | KODEX RSI90/-1.4%⚠️ | 보유:GS(078930) -0.9% 원익피앤(217820) +0.7% | 💸예수금부족 | 최고신호 원익피앤이(217820) 3/3개 [하락-4.6% / MA골 / 호가3.8]
💰 예수금 14,417원 | KODEX200 RSI91/-1.2% 과열⚠️ | 매수기준 3개↑
📦 보유 GS(078930) 1주 -0.5%
📦 보유 원익피앤이(217820) 3주 +0.8%

코드      종목명           가격    RSI     변화율    거래량     BB   호가비  B/S
────────────────────────────────────────────────────────────────────────
[2단계 분석 대상: 078930, 217820, 066970, 034020, 247540, 207940, 051910]
⛔ 아우토크립트(137040) 호가 없음 (거래정지 의심)
078930  GS        76,600   61.1    -1.3%    0.5x     중간  0.28  2/0
061250  화일약품       8,740    0.0    +0.0%    0.0x     중간  0.29  0/0
217820  원익피앤이      3,515   52.7    -5.0%    0.7x     중간  2.13  3/0
001510  SK증권       4,690    0.0    +0.0%    0.0x     중간  1.31  1/0
⛔ 금양(001570) 호가 없음 (거래정지 의심)

══════════════════════════════════════════════════
→ 전종목 HOLD
✅ Discord 전송 완료

[12:32] HOLD | KODEX RSI91/-1.2%⚠️ | 보유:GS(078930) -0.5% 원익피앤(217820) +0.8% | 💸예수금부족 | 최고신호 원익피앤이(217820) 3/3개 [하락-5.0% / MA골 / 호가2.1]
💰 예수금 14,416원 | KODEX200 RSI90/-1.3% 과열⚠️ | 매수기준 3개↑
📦 보유 GS(078930) 1주 -0.0%
📦 보유 원익피앤이(217820) 3주 +0.5%

코드      종목명           가격    RSI     변화율    거래량     BB   호가비  B/S
────────────────────────────────────────────────────────────────────────
[2단계 분석 대상: 078930, 217820, 066970, 058470, 003670, 247540, 012450]
⛔ 아우토크립트(137040) 호가 없음 (거래정지 의심)
078930  GS        76,800   61.8    -0.9%    0.5x     중간  0.99  1/0
061250  화일약품       8,670    0.0    +0.0%    0.0x     중간  0.65  0/0
217820  원익피앤이      3,510   52.7    -5.0%    0.7x     중간  1.75  3/0
001510  SK증권       4,690    0.0    +0.0%    0.0x     중간  1.36  1/0
⛔ 금양(001570) 호가 없음 (거래정지 의심)

══════════════════════════════════════════════════
→ 전종목 HOLD
✅ Discord 전송 완료

[12:34] HOLD | KODEX RSI90/-1.3%⚠️ | 보유:GS(078930) -0.0% 원익피앤(217820) +0.5% | 💸예수금부족 | 최고신호 원익피앤이(217820) 3/3개 [하락-5.0% / MA골 / 호가1.8]
💰 예수금 14,417원 | KODEX200 RSI90/-1.3% 과열⚠️ | 매수기준 3개↑
📦 보유 GS(078930) 1주 -0.3%
📦 보유 원익피앤이(217820) 3주 +0.5%

코드      종목명           가격    RSI     변화율    거래량     BB   호가비  B/S
────────────────────────────────────────────────────────────────────────
[2단계 분석 대상: 078930, 217820, 066970, 003670, 247540, 058470, 034020]
⛔ 아우토크립트(137040) 호가 없음 (거래정지 의심)
078930  GS        76,700   61.6    -1.0%    0.5x     중간  0.87  2/0
061250  화일약품       8,640    0.0    +0.0%    0.0x     중간  0.99  0/0
217820  원익피앤이      3,515   52.7    -5.0%    0.7x     중간  2.26  3/0
001510  SK증권       4,695    0.0    +0.0%    0.0x     중간  1.45  1/0
⛔ 금양(001570) 호가 없음 (거래정지 의심)

══════════════════════════════════════════════════
→ 전종목 HOLD
✅ Discord 전송 완료

[12:36] HOLD | KODEX RSI90/-1.3%⚠️ | 보유:GS(078930) -0.3% 원익피앤(217820) +0.5% | 💸예수금부족 | 최고신호 원익피앤이(217820) 3/3개 [하락-5.0% / MA골 / 호가2.3]
💰 예수금 14,417원 | KODEX200 RSI90/-1.3% 과열⚠️ | 매수기준 3개↑
📦 보유 GS(078930) 1주 -0.3%
📦 보유 원익피앤이(217820) 3주 +0.5%

코드      종목명           가격    RSI     변화율    거래량     BB   호가비  B/S
────────────────────────────────────────────────────────────────────────
[2단계 분석 대상: 078930, 217820, 003670, 066970, 247540, 058470, 034020]
⛔ 아우토크립트(137040) 호가 없음 (거래정지 의심)
078930  GS        76,800   62.3    -0.7%    0.5x     중간  0.94  1/0
061250  화일약품       8,640    0.0    +0.0%    0.0x     중간  0.92  0/0
217820  원익피앤이      3,510   52.5    -5.3%    0.7x     중간  4.34  3/0
001510  SK증권       4,710    0.0    +0.0%    0.0x     중간  1.52  1/0
⛔ 금양(001570) 호가 없음 (거래정지 의심)

══════════════════════════════════════════════════
→ 전종목 HOLD
✅ Discord 전송 완료

[12:38] HOLD | KODEX RSI90/-1.3%⚠️ | 보유:GS(078930) -0.3% 원익피앤(217820) +0.5% | 💸예수금부족 | 최고신호 원익피앤이(217820) 3/3개 [하락-5.3% / MA골 / 호가4.3]
💰 예수금 14,416원 | KODEX200 RSI90/-1.5% 과열⚠️ | 매수기준 3개↑
📦 보유 GS(078930) 1주 -0.2%
📦 보유 원익피앤이(217820) 3주 +0.2%

코드      종목명           가격    RSI     변화율    거래량     BB   호가비  B/S
────────────────────────────────────────────────────────────────────────
[2단계 분석 대상: 078930, 217820, 066970, 403870, 058470, 003670, 000660]
⛔ 아우토크립트(137040) 호가 없음 (거래정지 의심)
078930  GS        76,700   61.6    -1.0%    0.5x     중간  0.96  2/0
061250  화일약품       8,640    0.0    +0.0%    0.0x     중간  1.09  0/0
217820  원익피앤이      3,515   52.7    -5.0%    0.7x     중간  3.84  3/0
001510  SK증권       4,695    0.0    +0.0%    0.0x     중간  2.83  1/0
⛔ 금양(001570) 호가 없음 (거래정지 의심)

══════════════════════════════════════════════════
→ 전종목 HOLD
✅ Discord 전송 완료

[12:40] HOLD | KODEX RSI90/-1.5%⚠️ | 보유:GS(078930) -0.2% 원익피앤(217820) +0.2% | 💸예수금부족 | 최고신호 원익피앤이(217820) 3/3개 [하락-5.0% / MA골 / 호가3.8]
💰 예수금 14,416원 | KODEX200 RSI91/-1.3% 과열⚠️ | 매수기준 3개↑
📦 보유 GS(078930) 1주 -0.1%
📦 보유 원익피앤이(217820) 3주 +0.7%

코드      종목명           가격    RSI     변화율    거래량     BB   호가비  B/S
────────────────────────────────────────────────────────────────────────
[2단계 분석 대상: 078930, 217820, 066970, 003670, 403870, 247540, 058470]
⛔ 아우토크립트(137040) 호가 없음 (거래정지 의심)
078930  GS        76,900   62.2    -0.7%    0.5x     중간  0.59  1/0
061250  화일약품       8,640    0.0    +0.0%    0.0x     중간  1.07  0/0
217820  원익피앤이      3,515   52.8    -4.9%    0.7x     중간  4.13  3/0
001510  SK증권       4,695    0.0    +0.0%    0.0x     중간  3.07  1/0
⛔ 금양(001570) 호가 없음 (거래정지 의심)

══════════════════════════════════════════════════
→ 전종목 HOLD
✅ Discord 전송 완료

[12:42] HOLD | KODEX RSI91/-1.3%⚠️ | 보유:GS(078930) -0.1% 원익피앤(217820) +0.7% | 💸예수금부족 | 최고신호 원익피앤이(217820) 3/3개 [하락-4.9% / MA골 / 호가4.1]
💰 예수금 14,417원 | KODEX200 RSI91/-1.3% 과열⚠️ | 매수기준 3개↑
📦 보유 GS(078930) 1주 -0.3%
📦 보유 원익피앤이(217820) 3주 +0.8%

코드      종목명           가격    RSI     변화율    거래량     BB   호가비  B/S
────────────────────────────────────────────────────────────────────────
[2단계 분석 대상: 078930, 217820, 066970, 003670, 247540, 403870, 058470]
⛔ 아우토크립트(137040) 호가 없음 (거래정지 의심)
078930  GS        76,700   62.1    -0.8%    0.5x     중간  1.03  1/0
061250  화일약품       8,650    0.0    +0.0%    0.0x     중간  1.02  0/0
217820  원익피앤이      3,525   53.0    -4.7%    0.7x     중간  3.91  3/0
001510  SK증권       4,700    0.0    +0.0%    0.0x     중간  2.52  1/0
⛔ 금양(001570) 호가 없음 (거래정지 의심)

══════════════════════════════════════════════════
→ 전종목 HOLD
✅ Discord 전송 완료

[12:44] HOLD | KODEX RSI91/-1.3%⚠️ | 보유:GS(078930) -0.3% 원익피앤(217820) +0.8% | 💸예수금부족 | 최고신호 원익피앤이(217820) 3/3개 [하락-4.7% / MA골 / 호가3.9]
💰 예수금 14,416원 | KODEX200 RSI90/-1.5% 과열⚠️ | 매수기준 3개↑
📦 보유 GS(078930) 1주 -0.2%
📦 보유 원익피앤이(217820) 3주 +0.8%

코드      종목명           가격    RSI     변화율    거래량     BB   호가비  B/S
────────────────────────────────────────────────────────────────────────
[2단계 분석 대상: 078930, 217820, 003670, 000270, 034020, 403870, 066970]
⛔ 아우토크립트(137040) 호가 없음 (거래정지 의심)
078930  GS        76,700   61.6    -1.0%    0.5x     중간  1.18  2/0
061250  화일약품       8,650    0.0    +0.0%    0.0x     중간  0.99  0/0
217820  원익피앤이      3,520   53.0    -4.7%    0.7x     중간  5.05  3/0
001510  SK증권       4,695    0.0    +0.0%    0.0x     중간  2.88  1/0
⛔ 금양(001570) 호가 없음 (거래정지 의심)

══════════════════════════════════════════════════
→ 전종목 HOLD
✅ Discord 전송 완료

[12:46] HOLD | KODEX RSI90/-1.5%⚠️ | 보유:GS(078930) -0.2% 원익피앤(217820) +0.8% | 💸예수금부족 | 최고신호 원익피앤이(217820) 3/3개 [하락-4.7% / MA골 / 호가5.0]
💰 예수금 14,417원 | KODEX200 RSI89/-1.7% 과열⚠️ | 매수기준 3개↑
📦 보유 GS(078930) 1주 -0.3%
📦 보유 원익피앤이(217820) 3주 +0.7%

코드      종목명           가격    RSI     변화율    거래량     BB   호가비  B/S
────────────────────────────────────────────────────────────────────────
[2단계 분석 대상: 078930, 217820, 066970, 003670, 000660, 403870, 051910]
⛔ 아우토크립트(137040) 호가 없음 (거래정지 의심)
078930  GS        76,600   61.6    -1.0%    0.5x     중간  1.18  2/0
061250  화일약품       8,650    0.0    +0.0%    0.0x     중간  0.93  0/0
217820  원익피앤이      3,520   53.0    -4.7%    0.7x     중간  5.04  3/0
001510  SK증권       4,685    0.0    +0.0%    0.0x     중간  3.19  1/0
⛔ 금양(001570) 호가 없음 (거래정지 의심)

══════════════════════════════════════════════════
→ 전종목 HOLD
✅ Discord 전송 완료

[12:48] HOLD | KODEX RSI89/-1.7%⚠️ | 보유:GS(078930) -0.3% 원익피앤(217820) +0.7% | 💸예수금부족 | 최고신호 원익피앤이(217820) 3/3개 [하락-4.7% / MA골 / 호가5.0]
💰 예수금 14,417원 | KODEX200 RSI89/-1.7% 과열⚠️ | 매수기준 3개↑
📦 보유 GS(078930) 1주 -0.3%
📦 보유 원익피앤이(217820) 3주 +0.8%

코드      종목명           가격    RSI     변화율    거래량     BB   호가비  B/S
────────────────────────────────────────────────────────────────────────
[2단계 분석 대상: 078930, 217820, 066970, 003670, 012330, 000660, 403870]
⛔ 아우토크립트(137040) 호가 없음 (거래정지 의심)
078930  GS        76,700   61.6    -1.0%    0.5x     중간  1.32  3/0
061250  화일약품       8,640    0.0    +0.0%    0.0x     중간  1.15  0/0
217820  원익피앤이      3,525   53.1    -4.6%    0.7x     중간  4.58  3/0
001510  SK증권       4,685    0.0    +0.0%    0.0x     중간  2.76  1/0
⛔ 금양(001570) 호가 없음 (거래정지 의심)

══════════════════════════════════════════════════
→ 전종목 HOLD
✅ Discord 전송 완료

[12:50] HOLD | KODEX RSI89/-1.7%⚠️ | 보유:GS(078930) -0.3% 원익피앤(217820) +0.8% | 💸예수금부족 | 최고신호 GS(078930) 3/3개 [하락-1.0% / MA골 / 호가1.3]
💰 예수금 14,416원 | KODEX200 RSI89/-1.8% 과열⚠️ | 매수기준 3개↑
📦 보유 GS(078930) 1주 -0.2%
📦 보유 원익피앤이(217820) 3주 +0.8%

코드      종목명           가격    RSI     변화율    거래량     BB   호가비  B/S
────────────────────────────────────────────────────────────────────────
[2단계 분석 대상: 078930, 217820, 066970, 034020, 003670, 403870, 000660]
⛔ 아우토크립트(137040) 호가 없음 (거래정지 의심)
078930  GS        76,800   61.8    -0.9%    0.5x     중간  1.28  2/0
061250  화일약품       8,620    0.0    +0.0%    0.0x     중간  1.28  1/0
217820  원익피앤이      3,525   53.1    -4.6%    0.7x     중간  4.38  3/0
001510  SK증권       4,685    0.0    +0.0%    0.0x     중간  3.13  1/0
⛔ 금양(001570) 호가 없음 (거래정지 의심)

══════════════════════════════════════════════════
→ 전종목 HOLD
✅ Discord 전송 완료

[12:52] HOLD | KODEX RSI89/-1.8%⚠️ | 보유:GS(078930) -0.2% 원익피앤(217820) +0.8% | 💸예수금부족 | 최고신호 원익피앤이(217820) 3/3개 [하락-4.6% / MA골 / 호가4.4]
💰 예수금 14,416원 | KODEX200 RSI89/-1.6% 과열⚠️ | 매수기준 3개↑
📦 보유 GS(078930) 1주 -0.2%
📦 보유 원익피앤이(217820) 3주 +0.7%

코드      종목명           가격    RSI     변화율    거래량     BB   호가비  B/S
────────────────────────────────────────────────────────────────────────
[2단계 분석 대상: 078930, 217820, 034020, 066970, 003670, 247540, 000660]
⛔ 아우토크립트(137040) 호가 없음 (거래정지 의심)
078930  GS        76,800   61.6    -1.0%    0.5x     중간  1.25  3/0
061250  화일약품       8,620    0.0    +0.0%    0.0x     중간  1.40  1/0
217820  원익피앤이      3,520   52.7    -5.0%    0.7x     중간  4.87  3/0
001510  SK증권       4,695    0.0    +0.0%    0.0x     중간  2.37  1/0
⛔ 금양(001570) 호가 없음 (거래정지 의심)

══════════════════════════════════════════════════
→ 전종목 HOLD
✅ Discord 전송 완료

[12:54] HOLD | KODEX RSI89/-1.6%⚠️ | 보유:GS(078930) -0.2% 원익피앤(217820) +0.7% | 💸예수금부족 | 최고신호 GS(078930) 3/3개 [하락-1.0% / MA골 / 호가1.2]
💰 예수금 14,417원 | KODEX200 RSI89/-1.8% 과열⚠️ | 매수기준 3개↑
📦 보유 GS(078930) 1주 -0.3%
📦 보유 원익피앤이(217820) 3주 +0.8%

코드      종목명           가격    RSI     변화율    거래량     BB   호가비  B/S
────────────────────────────────────────────────────────────────────────
[2단계 분석 대상: 078930, 217820, 000660, 247540, 034020, 403870, 003670]
⛔ 아우토크립트(137040) 호가 없음 (거래정지 의심)
078930  GS        76,700   61.6    -1.0%    0.5x     중간  1.23  3/0
061250  화일약품       8,620    0.0    +0.0%    0.0x     중간  2.35  1/0
217820  원익피앤이      3,520   52.5    -5.3%    0.7x     중간  3.68  3/0
001510  SK증권       4,690    0.0    +0.0%    0.0x     중간  2.93  1/0
⛔ 금양(001570) 호가 없음 (거래정지 의심)

══════════════════════════════════════════════════
→ 전종목 HOLD
✅ Discord 전송 완료

[12:56] HOLD | KODEX RSI89/-1.8%⚠️ | 보유:GS(078930) -0.3% 원익피앤(217820) +0.8% | 💸예수금부족 | 최고신호 GS(078930) 3/3개 [하락-1.0% / MA골 / 호가1.2]
💰 예수금 14,417원 | KODEX200 RSI88/-2.0% 과열⚠️ | 매수기준 3개↑
📦 보유 GS(078930) 1주 -0.5%
📦 보유 원익피앤이(217820) 3주 +0.2%

코드      종목명           가격    RSI     변화율    거래량     BB   호가비  B/S
────────────────────────────────────────────────────────────────────────
[2단계 분석 대상: 078930, 217820, 247540, 403870, 005380, 034020, 058470]
⛔ 아우토크립트(137040) 호가 없음 (거래정지 의심)
078930  GS        76,700   61.8    -0.9%    0.5x     중간  1.11  1/0
061250  화일약품       8,630    0.0    +0.0%    0.0x     중간  1.14  0/0
217820  원익피앤이      3,520   52.5    -5.3%    0.8x     중간  3.75  3/0
001510  SK증권       4,685    0.0    +0.0%    0.0x     중간  3.35  1/0
⛔ 금양(001570) 호가 없음 (거래정지 의심)

══════════════════════════════════════════════════
→ 전종목 HOLD
✅ Discord 전송 완료

[12:58] HOLD | KODEX RSI88/-2.0%⚠️ | 보유:GS(078930) -0.5% 원익피앤(217820) +0.2% | 💸예수금부족 | 최고신호 원익피앤이(217820) 3/3개 [하락-5.3% / MA골 / 호가3.8]
💰 예수금 14,416원 | KODEX200 RSI88/-2.0% 과열⚠️ | 매수기준 3개↑
📦 보유 GS(078930) 1주 -0.2%
📦 보유 원익피앤이(217820) 3주 +0.2%

코드      종목명           가격    RSI     변화율    거래량     BB   호가비  B/S
────────────────────────────────────────────────────────────────────────
[2단계 분석 대상: 078930, 217820, 247540, 105560, 012330, 006400, 003670]
⛔ 아우토크립트(137040) 호가 없음 (거래정지 의심)
078930  GS        76,700   61.6    -1.0%    0.5x     중간  1.20  3/0
061250  화일약품       8,630    0.0    +0.0%    0.0x     중간  1.14  0/0
217820  원익피앤이      3,520   52.5    -5.3%    0.8x     중간  3.51  3/0
001510  SK증권       4,670    0.0    +0.0%    0.0x     중간  2.16  1/0
⛔ 금양(001570) 호가 없음 (거래정지 의심)

══════════════════════════════════════════════════
→ 전종목 HOLD
✅ Discord 전송 완료

[13:00] HOLD | KODEX RSI88/-2.0%⚠️ | 보유:GS(078930) -0.2% 원익피앤(217820) +0.2% | 💸예수금부족 | 최고신호 GS(078930) 3/3개 [하락-1.0% / MA골 / 호가1.2]
💰 예수금 14,416원 | KODEX200 RSI89/-1.7% 과열⚠️ | 매수기준 3개↑
📦 보유 GS(078930) 1주 -0.2%
📦 보유 원익피앤이(217820) 3주 +0.2%

코드      종목명           가격    RSI     변화율    거래량     BB   호가비  B/S
────────────────────────────────────────────────────────────────────────
[2단계 분석 대상: 078930, 217820, 034020, 247540, 012330, 000660, 138040]
⛔ 아우토크립트(137040) 호가 없음 (거래정지 의심)
078930  GS        76,800   61.8    -0.9%    0.5x     중간  1.07  1/0
061250  화일약품       8,630    0.0    +0.0%    0.0x     중간  1.13  0/0
217820  원익피앤이      3,515   52.6    -5.1%    0.8x     중간  3.50  3/0
001510  SK증권       4,660    0.0    +0.0%    0.0x     중간  1.88  1/0
⛔ 금양(001570) 호가 없음 (거래정지 의심)

══════════════════════════════════════════════════
→ 전종목 HOLD
✅ Discord 전송 완료

[13:02] HOLD | KODEX RSI89/-1.7%⚠️ | 보유:GS(078930) -0.2% 원익피앤(217820) +0.2% | 💸예수금부족 | 최고신호 원익피앤이(217820) 3/3개 [하락-5.1% / MA골 / 호가3.5]
💰 예수금 14,416원 | KODEX200 RSI88/-1.9% 과열⚠️ | 매수기준 3개↑
📦 보유 GS(078930) 1주 -0.2%
📦 보유 원익피앤이(217820) 3주 +0.7%

코드      종목명           가격    RSI     변화율    거래량     BB   호가비  B/S
────────────────────────────────────────────────────────────────────────
[2단계 분석 대상: 078930, 217820, 247540, 034020, 000270, 012330, 079550]
⛔ 아우토크립트(137040) 호가 없음 (거래정지 의심)
078930  GS        76,700   61.7    -1.0%    0.5x     중간  1.21  2/0
061250  화일약품       8,620    0.0    +0.0%    0.0x     중간  0.93  0/0
217820  원익피앤이      3,505   52.6    -5.1%    0.8x     중간  3.18  3/0
001510  SK증권       4,650    0.0    +0.0%    0.0x     중간  2.97  1/0
⛔ 금양(001570) 호가 없음 (거래정지 의심)

══════════════════════════════════════════════════
→ 전종목 HOLD
✅ Discord 전송 완료

[13:04] HOLD | KODEX RSI88/-1.9%⚠️ | 보유:GS(078930) -0.2% 원익피앤(217820) +0.7% | 💸예수금부족 | 최고신호 원익피앤이(217820) 3/3개 [하락-5.1% / MA골 / 호가3.2]
💰 예수금 14,416원 | KODEX200 RSI89/-1.6% 과열⚠️ | 매수기준 3개↑
📦 보유 GS(078930) 1주 -0.2%
📦 보유 원익피앤이(217820) 3주 +0.2%

코드      종목명           가격    RSI     변화율    거래량     BB   호가비  B/S
────────────────────────────────────────────────────────────────────────
[2단계 분석 대상: 078930, 217820, 058470, 247540, 079550, 034020, 003670]
⛔ 아우토크립트(137040) 호가 없음 (거래정지 의심)
078930  GS        76,900   61.8    -0.9%    0.5x     중간  0.76  1/0
061250  화일약품       8,630    0.0    +0.0%    0.0x     중간  1.19  0/0
217820  원익피앤이      3,510   52.6    -5.1%    0.8x     중간  3.66  3/0
001510  SK증권       4,670    0.0    +0.0%    0.0x     중간  0.87  0/0
⛔ 금양(001570) 호가 없음 (거래정지 의심)

══════════════════════════════════════════════════
→ 전종목 HOLD
✅ Discord 전송 완료

[13:06] HOLD | KODEX RSI89/-1.6%⚠️ | 보유:GS(078930) -0.2% 원익피앤(217820) +0.2% | 💸예수금부족 | 최고신호 원익피앤이(217820) 3/3개 [하락-5.1% / MA골 / 호가3.7]
💰 예수금 14,416원 | KODEX200 RSI90/-1.6% 과열⚠️ | 매수기준 3개↑
📦 보유 GS(078930) 1주 +0.0%
📦 보유 원익피앤이(217820) 3주 +0.7%

코드      종목명           가격    RSI     변화율    거래량     BB   호가비  B/S
────────────────────────────────────────────────────────────────────────
[2단계 분석 대상: 078930, 217820, 247540, 003670, 035420, 138040, 034020]
⛔ 아우토크립트(137040) 호가 없음 (거래정지 의심)
078930  GS        76,900   62.1    -0.8%    0.5x     중간  0.65  1/0
061250  화일약품       8,620    0.0    +0.0%    0.0x     중간  2.51  1/0
217820  원익피앤이      3,520   53.0    -4.7%    0.8x     중간  3.63  3/0
001510  SK증권       4,670    0.0    +0.0%    0.0x     중간  0.82  0/0
⛔ 금양(001570) 호가 없음 (거래정지 의심)

══════════════════════════════════════════════════
→ 전종목 HOLD
✅ Discord 전송 완료

[13:08] HOLD | KODEX RSI90/-1.6%⚠️ | 보유:GS(078930) +0.0% 원익피앤(217820) +0.7% | 💸예수금부족 | 최고신호 원익피앤이(217820) 3/3개 [하락-4.7% / MA골 / 호가3.6]
💰 예수금 14,416원 | KODEX200 RSI89/-1.6% 과열⚠️ | 매수기준 3개↑
📦 보유 GS(078930) 1주 -0.2%
📦 보유 원익피앤이(217820) 3주 +0.8%

코드      종목명           가격    RSI     변화율    거래량     BB   호가비  B/S
────────────────────────────────────────────────────────────────────────
[2단계 분석 대상: 078930, 217820, 003670, 247540, 034020, 058470, 138040]
⛔ 아우토크립트(137040) 호가 없음 (거래정지 의심)
078930  GS        76,800   61.8    -0.9%    0.5x     중간  1.24  2/0
061250  화일약품       8,630    0.0    +0.0%    0.0x     중간  2.17  1/0
217820  원익피앤이      3,520   52.8    -4.9%    0.8x     중간  3.77  3/0
001510  SK증권       4,670    0.0    +0.0%    0.0x     중간  0.88  0/0
⛔ 금양(001570) 호가 없음 (거래정지 의심)

══════════════════════════════════════════════════
→ 전종목 HOLD
✅ Discord 전송 완료

[13:10] HOLD | KODEX RSI89/-1.6%⚠️ | 보유:GS(078930) -0.2% 원익피앤(217820) +0.8% | 💸예수금부족 | 최고신호 원익피앤이(217820) 3/3개 [하락-4.9% / MA골 / 호가3.8]
💰 예수금 14,417원 | KODEX200 RSI88/-2.1% 과열⚠️ | 매수기준 3개↑
📦 보유 GS(078930) 1주 -0.3%
📦 보유 원익피앤이(217820) 3주 +0.5%

코드      종목명           가격    RSI     변화율    거래량     BB   호가비  B/S
────────────────────────────────────────────────────────────────────────
[2단계 분석 대상: 078930, 217820, 058470, 034020, 000660, 003670, 247540]
⛔ 아우토크립트(137040) 호가 없음 (거래정지 의심)
078930  GS        76,900   62.1    -0.8%    0.6x     중간  1.40  2/0
061250  화일약품       8,580    0.0    +0.0%    0.0x     중간  2.44  1/0
217820  원익피앤이      3,510   52.7    -5.0%    0.8x     중간  3.66  3/0
001510  SK증권       4,650    0.0    +0.0%    0.0x     중간  4.31  1/0
⛔ 금양(001570) 호가 없음 (거래정지 의심)

══════════════════════════════════════════════════
→ 전종목 HOLD
✅ Discord 전송 완료

[13:12] HOLD | KODEX RSI88/-2.1%⚠️ | 보유:GS(078930) -0.3% 원익피앤(217820) +0.5% | 💸예수금부족 | 최고신호 원익피앤이(217820) 3/3개 [하락-5.0% / MA골 / 호가3.7]
💰 예수금 14,416원 | KODEX200 RSI87/-2.3% 과열⚠️ | 매수기준 3개↑
📦 보유 GS(078930) 1주 -0.2%
📦 보유 원익피앤이(217820) 3주 +0.2%

코드      종목명           가격    RSI     변화율    거래량     BB   호가비  B/S
────────────────────────────────────────────────────────────────────────
[2단계 분석 대상: 078930, 217820, 034020, 247540, 000660, 003670, 001510]
⛔ 아우토크립트(137040) 호가 없음 (거래정지 의심)
078930  GS        76,700   61.6    -1.0%    0.6x     중간  1.47  3/0
061250  화일약품       8,580    0.0    +0.0%    0.0x     중간  2.36  1/0
217820  원익피앤이      3,500   52.5    -5.3%    0.8x     중간  2.67  3/0
001510  SK증권       4,640   62.7    -8.0%    0.6x     중간  5.86  3/0
⛔ 금양(001570) 호가 없음 (거래정지 의심)

══════════════════════════════════════════════════
🟢 BUY SK증권(001510) 조건3개 [하락-8.0%/MA골/호가5.9] 신뢰도0.75 ratio0.5
💰 예수금: 14,417원
📊 SK증권(001510) 매도1호가: 4,640원 | 매수1호가: 4,635원
📌 BUY 지정가: 4,635원 × 1주 = 4,635원
✅ 접수 | 매수 주문 접수: SK증권 1주 (주문번호: 0822383)
✅ Discord 전송 완료

[13:14] 🟢BUY | KODEX RSI87/-2.3%⚠️ | 예수금 14,416원

🟢 SK증권(001510)  3/3  RSI63 -8.0% 0.6x  [하락-8.0%·MA골·호가5.9]
📦 GS -0.2% | 원익피앤 +0.2%

🔹 GS  3/3  RSI62 -1.0%  [하락-1.0%·MA골·호가1.5]
🔹 원익피앤이  3/3  RSI52 -5.3%  [하락-5.3%·MA골·호가2.7]
🔹 화일약품  1/3  RSI0 +0.0%  [호가2.4]
💰 예수금 14,416원 | KODEX200 RSI88/-2.1% 과열⚠️ | 매수기준 3개↑
📦 보유 GS(078930) 1주 -0.1%
📦 보유 원익피앤이(217820) 3주 +0.2%

코드      종목명           가격    RSI     변화율    거래량     BB   호가비  B/S
────────────────────────────────────────────────────────────────────────
[2단계 분석 대상: 078930, 217820, 034020, 058470, 247540, 000660, 003670]
⛔ 아우토크립트(137040) 호가 없음 (거래정지 의심)
078930  GS        76,700   61.8    -0.9%    0.6x     중간  1.43  2/0
061250  화일약품       8,580    0.0    +0.0%    0.0x     중간  2.32  1/0
217820  원익피앤이      3,500   52.4    -5.4%    0.8x     중간  3.08  3/0
001510  SK증권       4,650    0.0    +0.0%    0.0x     중간  4.39  1/0
⛔ 금양(001570) 호가 없음 (거래정지 의심)

══════════════════════════════════════════════════
→ 전종목 HOLD
✅ Discord 전송 완료

[13:16] HOLD | KODEX RSI88/-2.1%⚠️ | 보유:GS(078930) -0.1% 원익피앤(217820) +0.2% | 💸예수금부족 | 최고신호 원익피앤이(217820) 3/3개 [하락-5.4% / MA골 / 호가3.1]
💰 예수금 14,418원 | KODEX200 RSI87/-2.3% 과열⚠️ | 매수기준 3개↑
📦 보유 GS(078930) 1주 -0.3%
📦 보유 원익피앤이(217820) 3주 -0.3%

코드      종목명           가격    RSI     변화율    거래량     BB   호가비  B/S
────────────────────────────────────────────────────────────────────────
[2단계 분석 대상: 078930, 217820, 000660, 247540, 058470, 034020, 003670]
⛔ 아우토크립트(137040) 호가 없음 (거래정지 의심)
078930  GS        76,700   61.6    -1.0%    0.6x     중간  1.22  3/0
061250  화일약품       8,580    0.0    +0.0%    0.0x     중간  1.13  0/0
217820  원익피앤이      3,490   52.2    -5.5%    0.8x     중간  0.42  2/0
001510  SK증권       4,635    0.0    +0.0%    0.0x     중간  2.70  1/0
⛔ 금양(001570) 호가 없음 (거래정지 의심)

══════════════════════════════════════════════════
→ 전종목 HOLD
✅ Discord 전송 완료

[13:18] HOLD | KODEX RSI87/-2.3%⚠️ | 보유:GS(078930) -0.3% 원익피앤(217820) -0.3% | 💸예수금부족 | 최고신호 GS(078930) 3/3개 [하락-1.0% / MA골 / 호가1.2]
💰 예수금 9,775원 | KODEX200 RSI87/-2.3% 과열⚠️ | 매수기준 3개↑
📦 보유 SK증권(001510) 1주 -0.2%
📦 보유 GS(078930) 1주 -0.3%
📦 보유 원익피앤이(217820) 3주 -0.1%

코드      종목명           가격    RSI     변화율    거래량     BB   호가비  B/S
────────────────────────────────────────────────────────────────────────
[2단계 분석 대상: 001510, 078930, 217820, 034020, 058470, 000660, 247540, 003670]
⛔ 아우토크립트(137040) 호가 없음 (거래정지 의심)
078930  GS        76,700   61.6    -1.0%    0.6x     중간  1.14  2/0
061250  화일약품       8,580    0.0    +0.0%    0.0x     중간  1.08  0/0
217820  원익피앤이      3,490   52.2    -5.5%    0.8x     중간  0.54  2/0
001510  SK증권       4,635   62.7    -8.0%    0.6x     중간  2.64  3/0
⛔ 금양(001570) 호가 없음 (거래정지 의심)

══════════════════════════════════════════════════
→ 전종목 HOLD
✅ Discord 전송 완료

[13:20] HOLD | KODEX RSI87/-2.3%⚠️ | 보유:SK증권(001510) -0.2% GS(078930) -0.3% 원익피앤(217820) -0.1% | 💸예수금부족 | 최고신호 SK증권(001510) 3/3개 [하락-8.0% / MA골 / 호가2.6]
💰 예수금 9,774원 | KODEX200 RSI87/-2.4% 과열⚠️ | 매수기준 3개↑
📦 보유 SK증권(001510) 1주 -0.1%
📦 보유 GS(078930) 1주 -0.2%
📦 보유 원익피앤이(217820) 3주 -0.1%

코드      종목명           가격    RSI     변화율    거래량     BB   호가비  B/S
────────────────────────────────────────────────────────────────────────
[2단계 분석 대상: 001510, 078930, 217820, 247540, 034020, 012330, 003670, 058470]
⛔ 아우토크립트(137040) 호가 없음 (거래정지 의심)
078930  GS        76,600   61.6    -1.0%    0.6x     중간  1.05  2/0
061250  화일약품       8,580    0.0    +0.0%    0.0x     중간  0.97  0/0
217820  원익피앤이      3,490   52.1    -5.7%    0.8x     중간  0.56  2/0
001510  SK증권       4,635   62.7    -8.0%    0.6x     중간  2.62  3/0
⛔ 금양(001570) 호가 없음 (거래정지 의심)

══════════════════════════════════════════════════
→ 전종목 HOLD
✅ Discord 전송 완료

[13:22] HOLD | KODEX RSI87/-2.4%⚠️ | 보유:SK증권(001510) -0.1% GS(078930) -0.2% 원익피앤(217820) -0.1% | 💸예수금부족 | 최고신호 SK증권(001510) 3/3개 [하락-8.0% / MA골 / 호가2.6]
💰 예수금 9,775원 | KODEX200 RSI86/-2.6% 과열⚠️ | 매수기준 3개↑
📦 보유 SK증권(001510) 1주 -0.2%
📦 보유 GS(078930) 1주 -0.5%
📦 보유 원익피앤이(217820) 3주 -0.2%

코드      종목명           가격    RSI     변화율    거래량     BB   호가비  B/S
────────────────────────────────────────────────────────────────────────
[2단계 분석 대상: 001510, 078930, 217820, 247540, 034020, 003670, 084850, 006400]
⛔ 아우토크립트(137040) 호가 없음 (거래정지 의심)
078930  GS        76,600   61.6    -1.0%    0.6x     중간  1.04  2/0
061250  화일약품       8,580    0.0    +0.0%    0.0x     중간  0.97  0/0
217820  원익피앤이      3,485   52.0    -5.8%    0.8x     중간  0.62  2/0
001510  SK증권       4,640   62.6    -8.1%    0.6x     중간  2.60  3/0
⛔ 금양(001570) 호가 없음 (거래정지 의심)

══════════════════════════════════════════════════
→ 전종목 HOLD
✅ Discord 전송 완료

[13:24] HOLD | KODEX RSI86/-2.6%⚠️ | 보유:SK증권(001510) -0.2% GS(078930) -0.5% 원익피앤(217820) -0.2% | 💸예수금부족 | 최고신호 SK증권(001510) 3/3개 [하락-8.1% / MA골 / 호가2.6]
💰 예수금 9,775원 | KODEX200 RSI87/-2.5% 과열⚠️ | 매수기준 3개↑
📦 보유 SK증권(001510) 1주 -0.1%
📦 보유 GS(078930) 1주 -0.3%
📦 보유 원익피앤이(217820) 3주 -0.5%

코드      종목명           가격    RSI     변화율    거래량     BB   호가비  B/S
────────────────────────────────────────────────────────────────────────
[2단계 분석 대상: 001510, 078930, 217820, 034020, 247540, 003670, 006400, 012330]
⛔ 아우토크립트(137040) 호가 없음 (거래정지 의심)
078930  GS        76,600   61.4    -1.1%    0.6x     중간  1.02  2/0
061250  화일약품       8,580    0.0    +0.0%    0.0x     중간  0.99  0/0
217820  원익피앤이      3,485   52.0    -5.8%    0.8x     중간  1.50  3/0
001510  SK증권       4,640   62.7    -8.0%    0.6x     중간  2.56  3/0
⛔ 금양(001570) 호가 없음 (거래정지 의심)

══════════════════════════════════════════════════
→ 전종목 HOLD
✅ Discord 전송 완료

[13:26] HOLD | KODEX RSI87/-2.5%⚠️ | 보유:SK증권(001510) -0.1% GS(078930) -0.3% 원익피앤(217820) -0.5% | 💸예수금부족 | 최고신호 원익피앤이(217820) 3/3개 [하락-5.8% / MA골 / 호가1.5]
💰 예수금 9,775원 | KODEX200 RSI86/-2.6% 과열⚠️ | 매수기준 3개↑
📦 보유 SK증권(001510) 1주 -0.1%
📦 보유 GS(078930) 1주 -0.5%
📦 보유 원익피앤이(217820) 3주 -0.3%

코드      종목명           가격    RSI     변화율    거래량     BB   호가비  B/S
────────────────────────────────────────────────────────────────────────
[2단계 분석 대상: 001510, 078930, 217820, 034020, 247540, 003670, 012330, 006400]
⛔ 아우토크립트(137040) 호가 없음 (거래정지 의심)
078930  GS        76,600   61.4    -1.1%    0.6x     중간  0.85  2/0
061250  화일약품       8,580    0.0    +0.0%    0.0x     중간  0.89  0/0
217820  원익피앤이      3,485   52.0    -5.8%    0.8x     중간  1.45  3/0
001510  SK증권       4,640   62.7    -8.0%    0.6x     중간  2.77  3/0
⛔ 금양(001570) 호가 없음 (거래정지 의심)

══════════════════════════════════════════════════
→ 전종목 HOLD
✅ Discord 전송 완료

[13:28] HOLD | KODEX RSI86/-2.6%⚠️ | 보유:SK증권(001510) -0.1% GS(078930) -0.5% 원익피앤(217820) -0.3% | 💸예수금부족 | 최고신호 원익피앤이(217820) 3/3개 [하락-5.8% / MA골 / 호가1.4]
💰 예수금 9,775원 | KODEX200 RSI87/-2.5% 과열⚠️ | 매수기준 3개↑
📦 보유 SK증권(001510) 1주 -0.2%
📦 보유 GS(078930) 1주 -0.6%
📦 보유 원익피앤이(217820) 3주 -0.3%

코드      종목명           가격    RSI     변화율    거래량     BB   호가비  B/S
────────────────────────────────────────────────────────────────────────
[2단계 분석 대상: 001510, 078930, 217820, 012330, 247540, 034020, 003670, 006400]
⛔ 아우토크립트(137040) 호가 없음 (거래정지 의심)
078930  GS        76,300   60.6    -1.6%    0.6x     중간  0.42  2/0
061250  화일약품       8,580    0.0    +0.0%    0.0x     중간  0.87  0/0
217820  원익피앤이      3,480   52.0    -5.8%    0.8x     중간  1.32  3/0
001510  SK증권       4,635   62.8    -7.9%    0.6x     중간  2.75  3/0
⛔ 금양(001570) 호가 없음 (거래정지 의심)

══════════════════════════════════════════════════
→ 전종목 HOLD
✅ Discord 전송 완료

[13:30] HOLD | KODEX RSI87/-2.5%⚠️ | 보유:SK증권(001510) -0.2% GS(078930) -0.6% 원익피앤(217820) -0.3% | 💸예수금부족 | 최고신호 원익피앤이(217820) 3/3개 [하락-5.8% / MA골 / 호가1.3]
💰 예수금 9,775원 | KODEX200 RSI87/-2.3% 과열⚠️ | 매수기준 3개↑
📦 보유 SK증권(001510) 1주 -0.3%
📦 보유 GS(078930) 1주 -1.0%
📦 보유 원익피앤이(217820) 3주 -0.3%

코드      종목명           가격    RSI     변화율    거래량     BB   호가비  B/S
────────────────────────────────────────────────────────────────────────
[2단계 분석 대상: 001510, 078930, 217820, 034020, 247540, 012330, 003670, 084850]
⛔ 아우토크립트(137040) 호가 없음 (거래정지 의심)
078930  GS        76,400   61.1    -1.3%    0.6x     중간  0.27  2/0
061250  화일약품       8,570    0.0    +0.0%    0.0x     중간  0.87  0/0
217820  원익피앤이      3,480   52.0    -5.8%    0.8x     중간  1.35  3/0
001510  SK증권       4,635   62.7    -8.0%    0.6x     중간  2.64  3/0
⛔ 금양(001570) 호가 없음 (거래정지 의심)

══════════════════════════════════════════════════
→ 전종목 HOLD
✅ Discord 전송 완료

[13:32] HOLD | KODEX RSI87/-2.3%⚠️ | 보유:SK증권(001510) -0.3% GS(078930) -1.0% 원익피앤(217820) -0.3% | 💸예수금부족 | 최고신호 원익피앤이(217820) 3/3개 [하락-5.8% / MA골 / 호가1.4]
💰 예수금 9,775원 | KODEX200 RSI87/-2.4% 과열⚠️ | 매수기준 3개↑
📦 보유 SK증권(001510) 1주 -0.2%
📦 보유 GS(078930) 1주 -0.6%
📦 보유 원익피앤이(217820) 3주 -0.5%

코드      종목명           가격    RSI     변화율    거래량     BB   호가비  B/S
────────────────────────────────────────────────────────────────────────
[2단계 분석 대상: 001510, 078930, 217820, 247540, 034020, 084850, 003670, 000270]
⛔ 아우토크립트(137040) 호가 없음 (거래정지 의심)
078930  GS        76,400   61.1    -1.3%    0.6x     중간  0.35  2/0
061250  화일약품       8,570    0.0    +0.0%    0.0x     중간  0.98  0/0
217820  원익피앤이      3,480   52.0    -5.8%    0.8x     중간  1.46  3/0
001510  SK증권       4,630   62.6    -8.1%    0.6x     중간  3.70  3/0
⛔ 금양(001570) 호가 없음 (거래정지 의심)

══════════════════════════════════════════════════
→ 전종목 HOLD
✅ Discord 전송 완료

[13:34] HOLD | KODEX RSI87/-2.4%⚠️ | 보유:SK증권(001510) -0.2% GS(078930) -0.6% 원익피앤(217820) -0.5% | 💸예수금부족 | 최고신호 원익피앤이(217820) 3/3개 [하락-5.8% / MA골 / 호가1.5]
💰 예수금 9,775원 | KODEX200 RSI87/-2.3% 과열⚠️ | 매수기준 3개↑
📦 보유 SK증권(001510) 1주 -0.1%
📦 보유 GS(078930) 1주 -0.9%
📦 보유 원익피앤이(217820) 3주 -0.3%

코드      종목명           가격    RSI     변화율    거래량     BB   호가비  B/S
────────────────────────────────────────────────────────────────────────
[2단계 분석 대상: 001510, 078930, 217820, 034020, 247540, 084850, 003670, 000270]
⛔ 아우토크립트(137040) 호가 없음 (거래정지 의심)
078930  GS        76,200   60.6    -1.6%    0.6x     중간  0.65  2/0
061250  화일약품       8,570    0.0    +0.0%    0.0x     중간  0.98  0/0
217820  원익피앤이      3,480   52.0    -5.8%    0.8x     중간  1.45  3/0
001510  SK증권       4,640   62.8    -7.9%    0.6x     중간  6.68  3/0
⛔ 금양(001570) 호가 없음 (거래정지 의심)

══════════════════════════════════════════════════
→ 전종목 HOLD
✅ Discord 전송 완료

[13:36] HOLD | KODEX RSI87/-2.3%⚠️ | 보유:SK증권(001510) -0.1% GS(078930) -0.9% 원익피앤(217820) -0.3% | 💸예수금부족 | 최고신호 원익피앤이(217820) 3/3개 [하락-5.8% / MA골 / 호가1.4]
💰 예수금 9,777원 | KODEX200 RSI86/-2.5% 과열⚠️ | 매수기준 3개↑
📦 보유 SK증권(001510) 1주 -0.3%
📦 보유 GS(078930) 1주 -1.3%
📦 보유 원익피앤이(217820) 3주 -0.5%

코드      종목명           가격    RSI     변화율    거래량     BB   호가비  B/S
────────────────────────────────────────────────────────────────────────
[2단계 분석 대상: 001510, 078930, 217820, 034020, 247540, 084850, 000660, 042700]
⛔ 아우토크립트(137040) 호가 없음 (거래정지 의심)
078930  GS        76,000   59.8    -1.9%    0.6x     중간  0.83  2/0
061250  화일약품       8,570    0.0    +0.0%    0.0x     중간  0.97  0/0
217820  원익피앤이      3,475   51.8    -6.1%    0.8x     중간  1.34  3/0
001510  SK증권       4,630   62.7    -8.0%    0.6x     중간  6.50  3/0
⛔ 금양(001570) 호가 없음 (거래정지 의심)

══════════════════════════════════════════════════
→ 전종목 HOLD
✅ Discord 전송 완료

[13:38] HOLD | KODEX RSI86/-2.5%⚠️ | 보유:SK증권(001510) -0.3% GS(078930) -1.3% 원익피앤(217820) -0.5% | 💸예수금부족 | 최고신호 원익피앤이(217820) 3/3개 [하락-6.1% / MA골 / 호가1.3]
💰 예수금 9,775원 | KODEX200 RSI86/-2.6% 과열⚠️ | 매수기준 3개↑
📦 보유 SK증권(001510) 1주 -0.2%
📦 보유 GS(078930) 1주 -1.1%
📦 보유 원익피앤이(217820) 3주 -0.6%

코드      종목명           가격    RSI     변화율    거래량     BB   호가비  B/S
────────────────────────────────────────────────────────────────────────
[2단계 분석 대상: 001510, 078930, 217820, 138040, 034020, 247540, 000660, 084850]
⛔ 아우토크립트(137040) 호가 없음 (거래정지 의심)
078930  GS        76,200   60.1    -1.8%    0.6x     중간  0.65  2/0
061250  화일약품       8,570    0.0    +0.0%    0.0x     중간  0.38  0/0
217820  원익피앤이      3,475   51.8    -6.1%    0.8x     중간  1.70  3/0
001510  SK증권       4,640   62.7    -8.0%    0.6x     중간  5.59  3/0
⛔ 금양(001570) 호가 없음 (거래정지 의심)

══════════════════════════════════════════════════
→ 전종목 HOLD
✅ Discord 전송 완료

[13:40] HOLD | KODEX RSI86/-2.6%⚠️ | 보유:SK증권(001510) -0.2% GS(078930) -1.1% 원익피앤(217820) -0.6% | 💸예수금부족 | 최고신호 원익피앤이(217820) 3/3개 [하락-6.1% / MA골 / 호가1.7]
💰 예수금 9,775원 | KODEX200 RSI85/-2.9% 과열⚠️ | 매수기준 3개↑
📦 보유 SK증권(001510) 1주 -0.1%
📦 보유 GS(078930) 1주 -1.0%
📦 보유 원익피앤이(217820) 3주 -0.8%

코드      종목명           가격    RSI     변화율    거래량     BB   호가비  B/S
────────────────────────────────────────────────────────────────────────
[2단계 분석 대상: 001510, 078930, 217820, 000660, 034020, 247540, 084850, 000270]
⛔ 아우토크립트(137040) 호가 없음 (거래정지 의심)
078930  GS        76,300   60.6    -1.6%    0.6x     중간  0.66  2/0
061250  화일약품       8,570    0.0    +0.0%    0.0x     중간  0.38  0/0
217820  원익피앤이      3,465   51.7    -6.2%    0.8x     중간  1.35  3/0
001510  SK증권       4,635   62.8    -8.0%    0.6x     중간  4.30  3/0
⛔ 금양(001570) 호가 없음 (거래정지 의심)

══════════════════════════════════════════════════
→ 전종목 HOLD
✅ Discord 전송 완료

[13:42] HOLD | KODEX RSI85/-2.9%⚠️ | 보유:SK증권(001510) -0.1% GS(078930) -1.0% 원익피앤(217820) -0.8% | 💸예수금부족 | 최고신호 원익피앤이(217820) 3/3개 [하락-6.2% / MA골 / 호가1.4]
💰 예수금 9,775원 | KODEX200 RSI86/-2.8% 과열⚠️ | 매수기준 3개↑
📦 보유 SK증권(001510) 1주 -0.1%
📦 보유 GS(078930) 1주 -0.9%
📦 보유 원익피앤이(217820) 3주 -0.8%

코드      종목명           가격    RSI     변화율    거래량     BB   호가비  B/S
────────────────────────────────────────────────────────────────────────
[2단계 분석 대상: 001510, 078930, 217820, 000660, 003670, 247540, 403870, 042700]
⛔ 아우토크립트(137040) 호가 없음 (거래정지 의심)
078930  GS        76,500   61.3    -1.2%    0.6x     중간  0.25  2/0
061250  화일약품       8,560    0.0    +0.0%    0.0x     중간  0.77  0/0
217820  원익피앤이      3,465   51.7    -6.2%    0.8x     중간  2.27  3/0
001510  SK증권       4,635   62.7    -8.0%    0.6x     중간  4.65  3/0
⛔ 금양(001570) 호가 없음 (거래정지 의심)

══════════════════════════════════════════════════
→ 전종목 HOLD
✅ Discord 전송 완료

[13:44] HOLD | KODEX RSI86/-2.8%⚠️ | 보유:SK증권(001510) -0.1% GS(078930) -0.9% 원익피앤(217820) -0.8% | 💸예수금부족 | 최고신호 원익피앤이(217820) 3/3개 [하락-6.2% / MA골 / 호가2.3]
💰 예수금 9,775원 | KODEX200 RSI86/-2.6% 과열⚠️ | 매수기준 3개↑
📦 보유 SK증권(001510) 1주 -0.3%
📦 보유 GS(078930) 1주 -0.8%
📦 보유 원익피앤이(217820) 3주 -1.1%

코드      종목명           가격    RSI     변화율    거래량     BB   호가비  B/S
────────────────────────────────────────────────────────────────────────
[2단계 분석 대상: 001510, 078930, 217820, 034020, 012330, 247540, 006400, 000270]
⛔ 아우토크립트(137040) 호가 없음 (거래정지 의심)
078930  GS        76,500   61.3    -1.2%    0.6x     중간  0.21  2/0
061250  화일약품       8,560    0.0    +0.0%    0.0x     중간  0.77  0/0
217820  원익피앤이      3,465   51.4    -6.5%    0.8x     중간  2.24  3/0
001510  SK증권       4,635   62.6    -8.1%    0.6x     중간  3.60  3/0
⛔ 금양(001570) 호가 없음 (거래정지 의심)

══════════════════════════════════════════════════
→ 전종목 HOLD
✅ Discord 전송 완료

[13:46] HOLD | KODEX RSI86/-2.6%⚠️ | 보유:SK증권(001510) -0.3% GS(078930) -0.8% 원익피앤(217820) -1.1% | 💸예수금부족 | 최고신호 원익피앤이(217820) 3/3개 [하락-6.5% / MA골 / 호가2.2]
💰 예수금 9,775원 | KODEX200 RSI85/-2.9% 과열⚠️ | 매수기준 3개↑
📦 보유 SK증권(001510) 1주 -0.3%
📦 보유 GS(078930) 1주 -0.3%
📦 보유 원익피앤이(217820) 3주 -1.1%

코드      종목명           가격    RSI     변화율    거래량     BB   호가비  B/S
────────────────────────────────────────────────────────────────────────
[2단계 분석 대상: 001510, 078930, 217820, 000660, 006400, 034020, 042700, 012330]
⛔ 아우토크립트(137040) 호가 없음 (거래정지 의심)
078930  GS        76,500   60.8    -1.4%    0.6x     중간  0.23  2/0
061250  화일약품       8,560    0.0    +0.0%    0.0x     중간  0.50  0/0
217820  원익피앤이      3,455   51.4    -6.5%    0.8x     중간  2.53  3/0
001510  SK증권       4,630   62.6    -8.1%    0.6x     중간  2.88  3/0
⛔ 금양(001570) 호가 없음 (거래정지 의심)

══════════════════════════════════════════════════
→ 전종목 HOLD
✅ Discord 전송 완료

[13:48] HOLD | KODEX RSI85/-2.9%⚠️ | 보유:SK증권(001510) -0.3% GS(078930) -0.3% 원익피앤(217820) -1.1% | 💸예수금부족 | 최고신호 원익피앤이(217820) 3/3개 [하락-6.5% / MA골 / 호가2.5]
💰 예수금 9,775원 | KODEX200 RSI85/-3.1% 과열⚠️ | 매수기준 3개↑
📦 보유 SK증권(001510) 1주 -0.5%
📦 보유 GS(078930) 1주 -0.8%
📦 보유 원익피앤이(217820) 3주 -1.1%

코드      종목명           가격    RSI     변화율    거래량     BB   호가비  B/S
────────────────────────────────────────────────────────────────────────
[2단계 분석 대상: 001510, 078930, 217820, 000660, 003670, 012330, 042700, 005380]
⛔ 아우토크립트(137040) 호가 없음 (거래정지 의심)
078930  GS        76,300   60.3    -1.7%    0.6x     중간  0.43  2/0
061250  화일약품       8,550    0.0    +0.0%    0.0x     중간  0.71  0/0
217820  원익피앤이      3,460   51.4    -6.5%    0.8x     중간  2.20  3/0
001510  SK증권       4,615   62.4    -8.4%    0.6x     중간  2.64  3/0
⛔ 금양(001570) 호가 없음 (거래정지 의심)

══════════════════════════════════════════════════
→ 전종목 HOLD
✅ Discord 전송 완료

[13:50] HOLD | KODEX RSI85/-3.1%⚠️ | 보유:SK증권(001510) -0.5% GS(078930) -0.8% 원익피앤(217820) -1.1% | 💸예수금부족 | 최고신호 원익피앤이(217820) 3/3개 [하락-6.5% / MA골 / 호가2.2]
💰 예수금 9,775원 | KODEX200 RSI84/-3.2% 과열⚠️ | 매수기준 3개↑
📦 보유 SK증권(001510) 1주 -0.6%
📦 보유 GS(078930) 1주 -1.1%
📦 보유 원익피앤이(217820) 3주 -1.1%

코드      종목명           가격    RSI     변화율    거래량     BB   호가비  B/S
────────────────────────────────────────────────────────────────────────
[2단계 분석 대상: 001510, 078930, 217820, 000270, 003670, 006400, 138040, 012450]
⛔ 아우토크립트(137040) 호가 없음 (거래정지 의심)
078930  GS        76,200   60.1    -1.8%    0.6x     중간  0.58  2/0
061250  화일약품       8,550    0.0    +0.0%    0.0x     중간  0.74  0/0
217820  원익피앤이      3,450   51.2    -6.8%    0.8x     중간  2.60  3/0
001510  SK증권       4,620   62.4    -8.4%    0.6x     중간  2.65  3/0
⛔ 금양(001570) 호가 없음 (거래정지 의심)

══════════════════════════════════════════════════
→ 전종목 HOLD
✅ Discord 전송 완료

[13:52] HOLD | KODEX RSI84/-3.2%⚠️ | 보유:SK증권(001510) -0.6% GS(078930) -1.1% 원익피앤(217820) -1.1% | 💸예수금부족 | 최고신호 원익피앤이(217820) 3/3개 [하락-6.8% / MA골 / 호가2.6]
💰 예수금 9,775원 | KODEX200 RSI84/-3.2% 과열⚠️ | 매수기준 3개↑
📦 보유 SK증권(001510) 1주 -0.6%
📦 보유 GS(078930) 1주 -0.8%
📦 보유 원익피앤이(217820) 3주 -1.5%

코드      종목명           가격    RSI     변화율    거래량     BB   호가비  B/S
────────────────────────────────────────────────────────────────────────
[2단계 분석 대상: 001510, 078930, 217820, 138040, 207940, 003670, 056080, 006400]
⛔ 아우토크립트(137040) 호가 없음 (거래정지 의심)
078930  GS        76,200   60.8    -1.4%    0.6x     중간  0.72  2/0
061250  화일약품       8,560    0.0    +0.0%    0.0x     중간  0.99  0/0
217820  원익피앤이      3,450   51.3    -6.6%    0.8x     중간  2.41  3/0
001510  SK증권       4,620   62.5    -8.3%    0.6x     중간  3.32  3/0
⛔ 금양(001570) 호가 없음 (거래정지 의심)

══════════════════════════════════════════════════
→ 전종목 HOLD
✅ Discord 전송 완료

[13:54] HOLD | KODEX RSI84/-3.2%⚠️ | 보유:SK증권(001510) -0.6% GS(078930) -0.8% 원익피앤(217820) -1.5% | 💸예수금부족 | 최고신호 원익피앤이(217820) 3/3개 [하락-6.6% / MA골 / 호가2.4]
💰 예수금 9,775원 | KODEX200 RSI85/-3.1% 과열⚠️ | 매수기준 3개↑
📦 보유 SK증권(001510) 1주 -0.6%
📦 보유 GS(078930) 1주 -0.9%
📦 보유 원익피앤이(217820) 3주 -1.3%

코드      종목명           가격    RSI     변화율    거래량     BB   호가비  B/S
────────────────────────────────────────────────────────────────────────
[2단계 분석 대상: 001510, 078930, 217820, 138040, 056080, 012450, 000660, 058470]
⛔ 아우토크립트(137040) 호가 없음 (거래정지 의심)
078930  GS        76,300   60.8    -1.4%    0.6x     중간  0.62  2/0
061250  화일약품       8,600    0.0    +0.0%    0.0x     중간  1.69  1/0
217820  원익피앤이      3,450   51.1    -6.9%    0.8x     중간  0.47  2/0
001510  SK증권       4,615   62.4    -8.4%    0.6x     중간  3.29  3/0
⛔ 금양(001570) 호가 없음 (거래정지 의심)

══════════════════════════════════════════════════
→ 전종목 HOLD
✅ Discord 전송 완료

[13:56] HOLD | KODEX RSI85/-3.1%⚠️ | 보유:SK증권(001510) -0.6% GS(078930) -0.9% 원익피앤(217820) -1.3% | 💸예수금부족 | 최고신호 SK증권(001510) 3/3개 [하락-8.4% / MA골 / 호가3.3]
💰 예수금 9,775원 | KODEX200 RSI85/-3.2% 과열⚠️ | 매수기준 3개↑
📦 보유 SK증권(001510) 1주 -0.5%
📦 보유 GS(078930) 1주 -0.5%
📦 보유 원익피앤이(217820) 3주 -1.2%

코드      종목명           가격    RSI     변화율    거래량     BB   호가비  B/S
────────────────────────────────────────────────────────────────────────
[2단계 분석 대상: 001510, 078930, 217820, 138040, 012450, 066970, 058470, 006400]
⛔ 아우토크립트(137040) 호가 없음 (거래정지 의심)
078930  GS        76,300   60.5    -1.6%    0.6x     중간  0.67  2/0
061250  화일약품       8,640    0.0    +0.0%    0.0x     중간  2.11  1/0
217820  원익피앤이      3,450   51.1    -6.9%    0.8x     중간  2.65  3/0
001510  SK증권       4,625   62.5    -8.2%    0.6x     중간  3.94  3/0
⛔ 금양(001570) 호가 없음 (거래정지 의심)

══════════════════════════════════════════════════
→ 전종목 HOLD
✅ Discord 전송 완료

[13:58] HOLD | KODEX RSI85/-3.2%⚠️ | 보유:SK증권(001510) -0.5% GS(078930) -0.5% 원익피앤(217820) -1.2% | 💸예수금부족 | 최고신호 원익피앤이(217820) 3/3개 [하락-6.9% / MA골 / 호가2.6]
💰 예수금 9,775원 | KODEX200 RSI84/-3.3% 과열⚠️ | 매수기준 3개↑
📦 보유 SK증권(001510) 1주 -0.4%
📦 보유 GS(078930) 1주 -0.8%
📦 보유 원익피앤이(217820) 3주 -1.2%

코드      종목명           가격    RSI     변화율    거래량     BB   호가비  B/S
────────────────────────────────────────────────────────────────────────
[2단계 분석 대상: 001510, 078930, 217820, 066970, 138040, 000660, 012450, 006400]
⛔ 아우토크립트(137040) 호가 없음 (거래정지 의심)
078930  GS        76,100   60.1    -1.8%    0.6x     중간  1.03  2/0
061250  화일약품       8,630    0.0    +0.0%    0.0x     중간  1.26  1/0
217820  원익피앤이      3,450   51.3    -6.6%    0.8x     중간  2.28  3/0
001510  SK증권       4,625   62.5    -8.3%    0.6x     중간  3.40  3/0
⛔ 금양(001570) 호가 없음 (거래정지 의심)

══════════════════════════════════════════════════
→ 전종목 HOLD
✅ Discord 전송 완료

[14:00] HOLD | KODEX RSI84/-3.3%⚠️ | 보유:SK증권(001510) -0.4% GS(078930) -0.8% 원익피앤(217820) -1.2% | 💸예수금부족 | 최고신호 원익피앤이(217820) 3/3개 [하락-6.6% / MA골 / 호가2.3]
💰 예수금 9,775원 | KODEX200 RSI86/-2.8% 과열⚠️ | 매수기준 3개↑
📦 보유 SK증권(001510) 1주 -0.5%
📦 보유 GS(078930) 1주 -0.7%
📦 보유 원익피앤이(217820) 3주 -1.3%

코드      종목명           가격    RSI     변화율    거래량     BB   호가비  B/S
────────────────────────────────────────────────────────────────────────
[2단계 분석 대상: 001510, 078930, 217820, 012450, 056080, 138040, 403870, 058470]
⛔ 아우토크립트(137040) 호가 없음 (거래정지 의심)
078930  GS        76,500   61.3    -1.2%    0.6x     중간  0.47  2/0
061250  화일약품       8,620    0.0    +0.0%    0.0x     중간  1.58  1/0
217820  원익피앤이      3,460   51.2    -6.8%    0.8x     중간  2.31  3/0
001510  SK증권       4,625   62.5    -8.2%    0.6x     중간  2.57  3/0
⛔ 금양(001570) 호가 없음 (거래정지 의심)

══════════════════════════════════════════════════
→ 전종목 HOLD
✅ Discord 전송 완료

[14:02] HOLD | KODEX RSI86/-2.8%⚠️ | 보유:SK증권(001510) -0.5% GS(078930) -0.7% 원익피앤(217820) -1.3% | 💸예수금부족 | 최고신호 원익피앤이(217820) 3/3개 [하락-6.8% / MA골 / 호가2.3]
💰 예수금 9,775원 | KODEX200 RSI85/-2.9% 과열⚠️ | 매수기준 3개↑
📦 보유 SK증권(001510) 1주 -0.4%
📦 보유 GS(078930) 1주 -0.6%
📦 보유 원익피앤이(217820) 3주 -1.3%

코드      종목명           가격    RSI     변화율    거래량     BB   호가비  B/S
────────────────────────────────────────────────────────────────────────
[2단계 분석 대상: 001510, 078930, 217820, 012450, 058470, 056080, 138040, 247540]
⛔ 아우토크립트(137040) 호가 없음 (거래정지 의심)
078930  GS        76,600   61.3    -1.2%    0.6x     중간  0.43  2/0
061250  화일약품       8,630    0.0    +0.0%    0.0x     중간  0.91  0/0
217820  원익피앤이      3,465   51.5    -6.4%    0.8x     중간  3.45  3/0
001510  SK증권       4,640   63.1    -7.6%    0.6x     중간  2.64  3/0
⛔ 금양(001570) 호가 없음 (거래정지 의심)

══════════════════════════════════════════════════
→ 전종목 HOLD
✅ Discord 전송 완료

[14:04] HOLD | KODEX RSI85/-2.9%⚠️ | 보유:SK증권(001510) -0.4% GS(078930) -0.6% 원익피앤(217820) -1.3% | 💸예수금부족 | 최고신호 원익피앤이(217820) 3/3개 [하락-6.4% / MA골 / 호가3.5]
💰 예수금 9,775원 | KODEX200 RSI86/-2.7% 과열⚠️ | 매수기준 3개↑
📦 보유 SK증권(001510) 1주 +0.1%
📦 보유 GS(078930) 1주 -0.6%
📦 보유 원익피앤이(217820) 3주 -0.9%

코드      종목명           가격    RSI     변화율    거래량     BB   호가비  B/S
────────────────────────────────────────────────────────────────────────
[2단계 분석 대상: 001510, 078930, 217820, 056080, 138040, 012450, 084850, 000660]
⛔ 아우토크립트(137040) 호가 없음 (거래정지 의심)
078930  GS        76,600   61.1    -1.3%    0.6x     중간  0.35  2/0
061250  화일약품       8,620    0.0    +0.0%    0.0x     중간  1.21  1/0
217820  원익피앤이      3,465   51.5    -6.4%    0.8x     중간  2.26  3/0
001510  SK증권       4,650   62.9    -7.8%    0.6x     중간  9.70  3/0
⛔ 금양(001570) 호가 없음 (거래정지 의심)

══════════════════════════════════════════════════
→ 전종목 HOLD
✅ Discord 전송 완료

[14:06] HOLD | KODEX RSI86/-2.7%⚠️ | 보유:SK증권(001510) +0.1% GS(078930) -0.6% 원익피앤(217820) -0.9% | 💸예수금부족 | 최고신호 원익피앤이(217820) 3/3개 [하락-6.4% / MA골 / 호가2.3]
💰 예수금 9,775원 | KODEX200 RSI85/-3.0% 과열⚠️ | 매수기준 3개↑
📦 보유 SK증권(001510) 1주 +0.1%
📦 보유 GS(078930) 1주 -1.0%
📦 보유 원익피앤이(217820) 3주 -1.1%

코드      종목명           가격    RSI     변화율    거래량     BB   호가비  B/S
────────────────────────────────────────────────────────────────────────
[2단계 분석 대상: 001510, 078930, 217820, 138040, 051910, 056080, 006400, 005380]
⛔ 아우토크립트(137040) 호가 없음 (거래정지 의심)
078930  GS        76,500   60.8    -1.4%    0.7x     중간  0.34  2/0
061250  화일약품       8,610    0.0    +0.0%    0.0x     중간  1.17  0/0
217820  원익피앤이      3,455   51.4    -6.5%    0.8x     중간  2.05  3/0
001510  SK증권       4,650   62.8    -7.9%    0.6x     중간  8.55  3/0
⛔ 금양(001570) 호가 없음 (거래정지 의심)

══════════════════════════════════════════════════
→ 전종목 HOLD
✅ Discord 전송 완료

[14:08] HOLD | KODEX RSI85/-3.0%⚠️ | 보유:SK증권(001510) +0.1% GS(078930) -1.0% 원익피앤(217820) -1.1% | 💸예수금부족 | 최고신호 원익피앤이(217820) 3/3개 [하락-6.5% / MA골 / 호가2.0]
💰 예수금 9,775원 | KODEX200 RSI85/-3.1% 과열⚠️ | 매수기준 3개↑
📦 보유 SK증권(001510) 1주 -0.2%
📦 보유 GS(078930) 1주 -0.8%
📦 보유 원익피앤이(217820) 3주 -1.2%

코드      종목명           가격    RSI     변화율    거래량     BB   호가비  B/S
────────────────────────────────────────────────────────────────────────
[2단계 분석 대상: 001510, 078930, 217820, 138040, 000660, 066970, 051910, 056080]
⛔ 아우토크립트(137040) 호가 없음 (거래정지 의심)
078930  GS        76,300   60.3    -1.7%    0.7x     중간  0.55  2/0
061250  화일약품       8,610    0.0    +0.0%    0.0x     중간  1.16  0/0
217820  원익피앤이      3,445   51.2    -6.8%    0.8x     중간  4.26  3/0
001510  SK증권       4,635   62.7    -8.0%    0.6x     중간  9.51  3/0
⛔ 금양(001570) 호가 없음 (거래정지 의심)

══════════════════════════════════════════════════
→ 전종목 HOLD
✅ Discord 전송 완료

[14:10] HOLD | KODEX RSI85/-3.1%⚠️ | 보유:SK증권(001510) -0.2% GS(078930) -0.8% 원익피앤(217820) -1.2% | 💸예수금부족 | 최고신호 원익피앤이(217820) 3/3개 [하락-6.8% / MA골 / 호가4.3]
💰 예수금 9,775원 | KODEX200 RSI84/-3.2% 과열⚠️ | 매수기준 3개↑
📦 보유 SK증권(001510) 1주 -0.3%
📦 보유 GS(078930) 1주 -0.9%
📦 보유 원익피앤이(217820) 3주 -1.3%

코드      종목명           가격    RSI     변화율    거래량     BB   호가비  B/S
────────────────────────────────────────────────────────────────────────
[2단계 분석 대상: 001510, 078930, 217820, 006400, 138040, 012450, 000270, 051910]
⛔ 아우토크립트(137040) 호가 없음 (거래정지 의심)
078930  GS        76,000   59.8    -1.9%    0.7x     중간  2.41  3/0
061250  화일약품       8,610    0.0    +0.0%    0.0x     중간  1.16  0/0
217820  원익피앤이      3,455   51.3    -6.6%    0.8x     중간  2.30  3/0
001510  SK증권       4,630   62.6    -8.1%    0.6x     중간  6.94  3/0
⛔ 금양(001570) 호가 없음 (거래정지 의심)

══════════════════════════════════════════════════
→ 전종목 HOLD
✅ Discord 전송 완료

[14:12] HOLD | KODEX RSI84/-3.2%⚠️ | 보유:SK증권(001510) -0.3% GS(078930) -0.9% 원익피앤(217820) -1.3% | 💸예수금부족 | 최고신호 GS(078930) 3/3개 [하락-1.9% / MA골 / 호가2.4]
💰 예수금 9,777원 | KODEX200 RSI84/-3.5% 과열⚠️ | 매수기준 3개↑
📦 보유 SK증권(001510) 1주 -0.4%
📦 보유 GS(078930) 1주 -1.4%
📦 보유 원익피앤이(217820) 3주 -1.1%

코드      종목명           가격    RSI     변화율    거래량     BB   호가비  B/S
────────────────────────────────────────────────────────────────────────
[2단계 분석 대상: 001510, 078930, 217820, 138040, 012330, 006400, 000270, 012450]
⛔ 아우토크립트(137040) 호가 없음 (거래정지 의심)
078930  GS        75,900   59.8    -1.9%    0.7x     중간  1.19  2/0
061250  화일약품       8,560    0.0    +0.0%    0.0x     중간  1.22  1/0
217820  원익피앤이      3,455   51.3    -6.6%    0.8x     중간  2.61  3/0
001510  SK증권       4,625   62.5    -8.3%    0.6x     중간  5.26  3/0
⛔ 금양(001570) 호가 없음 (거래정지 의심)

══════════════════════════════════════════════════
→ 전종목 HOLD
✅ Discord 전송 완료

[14:14] HOLD | KODEX RSI84/-3.5%⚠️ | 보유:SK증권(001510) -0.4% GS(078930) -1.4% 원익피앤(217820) -1.1% | 💸예수금부족 | 최고신호 원익피앤이(217820) 3/3개 [하락-6.6% / MA골 / 호가2.6]
💰 예수금 9,777원 | KODEX200 RSI83/-3.8% 과열⚠️ | 매수기준 3개↑
📦 보유 SK증권(001510) 1주 -0.5%
📦 보유 GS(078930) 1주 -1.5%
📦 보유 원익피앤이(217820) 3주 -1.5%

코드      종목명           가격    RSI     변화율    거래량     BB   호가비  B/S
────────────────────────────────────────────────────────────────────────
[2단계 분석 대상: 001510, 078930, 217820, 138040, 012450, 006400, 403870, 000660]
⛔ 아우토크립트(137040) 호가 없음 (거래정지 의심)
078930  GS        75,900   59.6    -2.1%    0.7x     중간  0.51  2/0
061250  화일약품       8,560    0.0    +0.0%    0.0x     중간  1.13  0/0
217820  원익피앤이      3,450   51.2    -6.8%    0.9x     중간  2.40  3/0
001510  SK증권       4,610   62.3    -8.5%    0.6x     중간  6.37  3/0
⛔ 금양(001570) 호가 없음 (거래정지 의심)

══════════════════════════════════════════════════
→ 전종목 HOLD
✅ Discord 전송 완료

[14:16] HOLD | KODEX RSI83/-3.8%⚠️ | 보유:SK증권(001510) -0.5% GS(078930) -1.5% 원익피앤(217820) -1.5% | 💸예수금부족 | 최고신호 원익피앤이(217820) 3/3개 [하락-6.8% / MA골 / 호가2.4]
💰 예수금 9,777원 | KODEX200 RSI83/-3.8% 과열⚠️ | 매수기준 3개↑
📦 보유 SK증권(001510) 1주 -0.8%
📦 보유 GS(078930) 1주 -1.5%
📦 보유 원익피앤이(217820) 3주 -1.5%

코드      종목명           가격    RSI     변화율    거래량     BB   호가비  B/S
────────────────────────────────────────────────────────────────────────
[2단계 분석 대상: 001510, 078930, 217820, 138040, 042700, 006400, 012450, 084850]
⛔ 아우토크립트(137040) 호가 없음 (거래정지 의심)
078930  GS        75,700   59.1    -2.3%    0.7x     중간  0.36  2/0
061250  화일약품       8,560    0.0    +0.0%    0.0x     중간  1.12  0/0
217820  원익피앤이      3,440   51.1    -6.9%    0.9x     중간  5.38  3/0
001510  SK증권       4,610   62.2    -8.6%    0.6x     중간  8.48  3/0
⛔ 금양(001570) 호가 없음 (거래정지 의심)

══════════════════════════════════════════════════
→ 전종목 HOLD
✅ Discord 전송 완료

[14:18] HOLD | KODEX RSI83/-3.8%⚠️ | 보유:SK증권(001510) -0.8% GS(078930) -1.5% 원익피앤(217820) -1.5% | 💸예수금부족 | 최고신호 원익피앤이(217820) 3/3개 [하락-6.9% / MA골 / 호가5.4]
💰 예수금 9,777원 | KODEX200 RSI83/-3.5% 과열⚠️ | 매수기준 3개↑
📦 보유 SK증권(001510) 1주 -0.6%
📦 보유 GS(078930) 1주 -1.5%
📦 보유 원익피앤이(217820) 3주 -1.8%

코드      종목명           가격    RSI     변화율    거래량     BB   호가비  B/S
────────────────────────────────────────────────────────────────────────
[2단계 분석 대상: 001510, 078930, 217820, 006400, 138040, 051910, 012330, 042700]
⛔ 아우토크립트(137040) 호가 없음 (거래정지 의심)
078930  GS        75,700   58.9    -2.5%    0.7x     중간  0.47  2/0
061250  화일약품       8,560    0.0    +0.0%    0.0x     중간  1.15  0/0
217820  원익피앤이      3,440   51.1    -6.9%    0.9x     중간  6.50  3/0
001510  SK증권       4,615   62.4    -8.4%    0.6x     중간  8.90  3/0
⛔ 금양(001570) 호가 없음 (거래정지 의심)

══════════════════════════════════════════════════
→ 전종목 HOLD
✅ Discord 전송 완료

[14:20] HOLD | KODEX RSI83/-3.5%⚠️ | 보유:SK증권(001510) -0.6% GS(078930) -1.5% 원익피앤(217820) -1.8% | 💸예수금부족 | 최고신호 원익피앤이(217820) 3/3개 [하락-6.9% / MA골 / 호가6.5]
💰 예수금 9,777원 | KODEX200 RSI84/-3.2% 과열⚠️ | 매수기준 3개↑
📦 보유 SK증권(001510) 1주 -0.3%
📦 보유 GS(078930) 1주 -1.4%
📦 보유 원익피앤이(217820) 3주 -1.2%

코드      종목명           가격    RSI     변화율    거래량     BB   호가비  B/S
────────────────────────────────────────────────────────────────────────
[2단계 분석 대상: 001510, 078930, 217820, 138040, 006400, 012450, 051910, 403870]
⛔ 아우토크립트(137040) 호가 없음 (거래정지 의심)
078930  GS        75,800   59.5    -2.1%    0.7x     중간  0.36  2/0
061250  화일약품       8,560    0.0    +0.0%    0.0x     중간  1.20  1/0
217820  원익피앤이      3,455   51.2    -6.8%    0.9x     중간  2.96  3/0
001510  SK증권       4,645   62.9    -7.8%    0.6x     중간 12.32  3/0
⛔ 금양(001570) 호가 없음 (거래정지 의심)

══════════════════════════════════════════════════
→ 전종목 HOLD
✅ Discord 전송 완료

[14:22] HOLD | KODEX RSI84/-3.2%⚠️ | 보유:SK증권(001510) -0.3% GS(078930) -1.4% 원익피앤(217820) -1.2% | 💸예수금부족 | 최고신호 원익피앤이(217820) 3/3개 [하락-6.8% / MA골 / 호가3.0]
💰 예수금 9,777원 | KODEX200 RSI85/-3.0% 과열⚠️ | 매수기준 3개↑
📦 보유 SK증권(001510) 1주 +0.3%
📦 보유 GS(078930) 1주 -1.4%
📦 보유 원익피앤이(217820) 3주 -1.1%

코드      종목명           가격    RSI     변화율    거래량     BB   호가비  B/S
────────────────────────────────────────────────────────────────────────
[2단계 분석 대상: 001510, 078930, 217820, 138040, 105560, 006400, 015760, 012450]
⛔ 아우토크립트(137040) 호가 없음 (거래정지 의심)
078930  GS        75,900   59.8    -1.9%    0.7x     중간  0.40  2/0
061250  화일약품       8,550    0.0    +0.0%    0.0x     중간  1.18  0/0
217820  원익피앤이      3,455   51.2    -6.8%    0.9x     중간  3.48  3/0
001510  SK증권       4,665   63.3    -7.4%    0.6x     중간  0.60  2/0
⛔ 금양(001570) 호가 없음 (거래정지 의심)

══════════════════════════════════════════════════
→ 전종목 HOLD
✅ Discord 전송 완료

[14:24] HOLD | KODEX RSI85/-3.0%⚠️ | 보유:SK증권(001510) +0.3% GS(078930) -1.4% 원익피앤(217820) -1.1% | 💸예수금부족 | 최고신호 원익피앤이(217820) 3/3개 [하락-6.8% / MA골 / 호가3.5]
💰 예수금 9,777원 | KODEX200 RSI85/-2.8% 과열⚠️ | 매수기준 3개↑
📦 보유 SK증권(001510) 1주 +0.5%
📦 보유 GS(078930) 1주 -1.3%
📦 보유 원익피앤이(217820) 3주 -1.2%

코드      종목명           가격    RSI     변화율    거래량     BB   호가비  B/S
────────────────────────────────────────────────────────────────────────
[2단계 분석 대상: 001510, 078930, 217820, 138040, 012450, 012330, 035420, 105560]
⛔ 아우토크립트(137040) 호가 없음 (거래정지 의심)
078930  GS        75,900   59.6    -2.1%    0.7x     중간  0.32  2/0
061250  화일약품       8,550    0.0    +0.0%    0.0x     중간  1.20  1/0
217820  원익피앤이      3,470   51.7    -6.2%    0.9x     중간  2.67  3/0
001510  SK증권       4,675   63.4    -7.2%    0.6x     중간  0.26  2/0
⛔ 금양(001570) 호가 없음 (거래정지 의심)

══════════════════════════════════════════════════
→ 전종목 HOLD
✅ Discord 전송 완료

[14:26] HOLD | KODEX RSI85/-2.8%⚠️ | 보유:SK증권(001510) +0.5% GS(078930) -1.3% 원익피앤(217820) -1.2% | 💸예수금부족 | 최고신호 원익피앤이(217820) 3/3개 [하락-6.2% / MA골 / 호가2.7]
💰 예수금 9,774원 | KODEX200 RSI86/-2.7% 과열⚠️ | 매수기준 3개↑
📦 보유 SK증권(001510) 1주 +0.9%
📦 보유 GS(078930) 1주 -1.1%
📦 보유 원익피앤이(217820) 3주 -0.9%

코드      종목명           가격    RSI     변화율    거래량     BB   호가비  B/S
────────────────────────────────────────────────────────────────────────
[2단계 분석 대상: 001510, 078930, 217820, 138040, 084850, 035420, 012450, 012330]
⛔ 아우토크립트(137040) 호가 없음 (거래정지 의심)
078930  GS        76,100   59.8    -1.9%    0.7x     중간  2.29  3/0
061250  화일약품       8,550    0.0    +0.0%    0.0x     중간  1.32  1/0
217820  원익피앤이      3,470   51.5    -6.4%    0.9x     중간  2.05  3/0
001510  SK증권       4,690   63.6    -7.0%    0.6x     중간  0.28  2/0
⛔ 금양(001570) 호가 없음 (거래정지 의심)

══════════════════════════════════════════════════
→ 전종목 HOLD
✅ Discord 전송 완료

[14:28] HOLD | KODEX RSI86/-2.7%⚠️ | 보유:SK증권(001510) +0.9% GS(078930) -1.1% 원익피앤(217820) -0.9% | 💸예수금부족 | 최고신호 GS(078930) 3/3개 [하락-1.9% / MA골 / 호가2.3]
💰 예수금 9,776원 | KODEX200 RSI86/-2.7% 과열⚠️ | 매수기준 3개↑
📦 보유 SK증권(001510) 1주 +0.8%
📦 보유 GS(078930) 1주 -1.3%
📦 보유 원익피앤이(217820) 3주 -0.6%

코드      종목명           가격    RSI     변화율    거래량     BB   호가비  B/S
────────────────────────────────────────────────────────────────────────
[2단계 분석 대상: 001510, 078930, 217820, 138040, 084850, 006400, 035420, 247540]
⛔ 아우토크립트(137040) 호가 없음 (거래정지 의심)
078930  GS        76,000   59.8    -1.9%    0.7x     중간  1.92  3/0
061250  화일약품       8,600    0.0    +0.0%    0.0x     중간  0.91  0/0
217820  원익피앤이      3,470   51.8    -6.1%    0.9x     중간  2.71  3/0
001510  SK증권       4,685   63.6    -7.0%    0.6x     중간  0.31  2/0
⛔ 금양(001570) 호가 없음 (거래정지 의심)

══════════════════════════════════════════════════
→ 전종목 HOLD
✅ Discord 전송 완료

[14:30] HOLD | KODEX RSI86/-2.7%⚠️ | 보유:SK증권(001510) +0.8% GS(078930) -1.3% 원익피앤(217820) -0.6% | 💸예수금부족 | 최고신호 GS(078930) 3/3개 [하락-1.9% / MA골 / 호가1.9]
💰 예수금 9,774원 | KODEX200 RSI86/-2.8% 과열⚠️ | 매수기준 3개↑
📦 보유 SK증권(001510) 1주 +0.9%
📦 보유 GS(078930) 1주 -1.1%
📦 보유 원익피앤이(217820) 3주 -1.1%

코드      종목명           가격    RSI     변화율    거래량     BB   호가비  B/S
────────────────────────────────────────────────────────────────────────
[2단계 분석 대상: 001510, 078930, 217820, 138040, 084850, 012330, 006400, 247540]
⛔ 아우토크립트(137040) 호가 없음 (거래정지 의심)
078930  GS        75,900   59.4    -2.2%    0.7x     중간  0.32  2/0
061250  화일약품       8,560    0.0    +0.0%    0.0x     중간  1.08  0/0
217820  원익피앤이      3,455   51.4    -6.5%    0.9x     중간  3.02  3/0
001510  SK증권       4,685   63.5    -7.1%    0.6x     중간  0.60  2/0
⛔ 금양(001570) 호가 없음 (거래정지 의심)

══════════════════════════════════════════════════
→ 전종목 HOLD
✅ Discord 전송 완료

[14:32] HOLD | KODEX RSI86/-2.8%⚠️ | 보유:SK증권(001510) +0.9% GS(078930) -1.1% 원익피앤(217820) -1.1% | 💸예수금부족 | 최고신호 원익피앤이(217820) 3/3개 [하락-6.5% / MA골 / 호가3.0]
💰 예수금 9,776원 | KODEX200 RSI85/-2.9% 과열⚠️ | 매수기준 3개↑
📦 보유 SK증권(001510) 1주 +0.7%
📦 보유 GS(078930) 1주 -1.7%
📦 보유 원익피앤이(217820) 3주 -0.9%

코드      종목명           가격    RSI     변화율    거래량     BB   호가비  B/S
────────────────────────────────────────────────────────────────────────
[2단계 분석 대상: 001510, 078930, 217820, 138040, 084850, 012330, 015760, 006400]
⛔ 아우토크립트(137040) 호가 없음 (거래정지 의심)
078930  GS        75,800   59.1    -2.3%    0.7x     중간  0.25  2/0
061250  화일약품       8,530    0.0    +0.0%    0.0x     중간  1.58  1/0
217820  원익피앤이      3,465   51.5    -6.4%    0.9x     중간  2.06  3/0
001510  SK증권       4,690   63.7    -6.9%    0.6x     중간  0.89  2/0
⛔ 금양(001570) 호가 없음 (거래정지 의심)

══════════════════════════════════════════════════
→ 전종목 HOLD
✅ Discord 전송 완료

[14:34] HOLD | KODEX RSI85/-2.9%⚠️ | 보유:SK증권(001510) +0.7% GS(078930) -1.7% 원익피앤(217820) -0.9% | 💸예수금부족 | 최고신호 원익피앤이(217820) 3/3개 [하락-6.4% / MA골 / 호가2.1]
💰 예수금 9,776원 | KODEX200 RSI85/-2.9% 과열⚠️ | 매수기준 3개↑
📦 보유 SK증권(001510) 1주 +0.9%
📦 보유 GS(078930) 1주 -1.7%
📦 보유 원익피앤이(217820) 3주 -0.9%

코드      종목명           가격    RSI     변화율    거래량     BB   호가비  B/S
────────────────────────────────────────────────────────────────────────
[2단계 분석 대상: 001510, 078930, 217820, 012450, 138040, 012330, 006400, 247540]
⛔ 아우토크립트(137040) 호가 없음 (거래정지 의심)
078930  GS        75,600   58.7    -2.6%    0.7x     중간  0.31  2/0
061250  화일약품       8,530    0.0    +0.0%    0.0x     중간  0.75  0/0
217820  원익피앤이      3,455   51.3    -6.6%    0.9x     중간  2.96  3/0
001510  SK증권       4,695   63.7    -6.9%    0.6x     중간  0.70  2/0
⛔ 금양(001570) 호가 없음 (거래정지 의심)

══════════════════════════════════════════════════
→ 전종목 HOLD
✅ Discord 전송 완료

[14:36] HOLD | KODEX RSI85/-2.9%⚠️ | 보유:SK증권(001510) +0.9% GS(078930) -1.7% 원익피앤(217820) -0.9% | 💸예수금부족 | 최고신호 원익피앤이(217820) 3/3개 [하락-6.6% / MA골 / 호가3.0]
💰 예수금 9,776원 | KODEX200 RSI84/-3.2% 과열⚠️ | 매수기준 3개↑
📦 보유 SK증권(001510) 1주 +1.0%
📦 보유 GS(078930) 1주 -1.8%
📦 보유 원익피앤이(217820) 3주 -1.2%

코드      종목명           가격    RSI     변화율    거래량     BB   호가비  B/S
────────────────────────────────────────────────────────────────────────
[2단계 분석 대상: 001510, 078930, 217820, 138040, 084850, 012330, 034020, 006400]
⛔ 아우토크립트(137040) 호가 없음 (거래정지 의심)
078930  GS        75,700   58.7    -2.6%    0.7x     중간  0.36  2/0
061250  화일약품       8,530    0.0    +0.0%    0.0x     중간  1.21  1/0
217820  원익피앤이      3,450   51.3    -6.6%    0.9x     중간  3.29  3/0
001510  SK증권       4,685   63.6    -7.0%    0.6x     중간  0.75  2/0
⛔ 금양(001570) 호가 없음 (거래정지 의심)

══════════════════════════════════════════════════
→ 전종목 HOLD
✅ Discord 전송 완료

[14:38] HOLD | KODEX RSI84/-3.2%⚠️ | 보유:SK증권(001510) +1.0% GS(078930) -1.8% 원익피앤(217820) -1.2% | 💸예수금부족 | 최고신호 원익피앤이(217820) 3/3개 [하락-6.6% / MA골 / 호가3.3]
💰 예수금 9,776원 | KODEX200 RSI84/-3.4% 과열⚠️ | 매수기준 3개↑
📦 보유 SK증권(001510) 1주 +0.9%
📦 보유 GS(078930) 1주 -1.9%
📦 보유 원익피앤이(217820) 3주 -1.3%

코드      종목명           가격    RSI     변화율    거래량     BB   호가비  B/S
────────────────────────────────────────────────────────────────────────
[2단계 분석 대상: 001510, 078930, 217820, 138040, 066970, 006400, 034020, 012330]
⛔ 아우토크립트(137040) 호가 없음 (거래정지 의심)
078930  GS        75,400   59.1    -2.3%    0.8x     중간  0.39  2/0
061250  화일약품       8,530    0.0    +0.0%    0.0x     중간  0.74  0/0
217820  원익피앤이      3,445   51.1    -6.9%    0.9x     중간  3.08  3/0
001510  SK증권       4,690   63.6    -7.0%    0.6x     중간  0.84  2/0
⛔ 금양(001570) 호가 없음 (거래정지 의심)

══════════════════════════════════════════════════
→ 전종목 HOLD
✅ Discord 전송 완료

[14:40] HOLD | KODEX RSI84/-3.4%⚠️ | 보유:SK증권(001510) +0.9% GS(078930) -1.9% 원익피앤(217820) -1.3% | 💸예수금부족 | 최고신호 원익피앤이(217820) 3/3개 [하락-6.9% / MA골 / 호가3.1]
💰 예수금 9,776원 | KODEX200 RSI84/-3.4% 과열⚠️ | 매수기준 3개↑
📦 보유 SK증권(001510) 1주 +0.9%
📦 보유 GS(078930) 1주 -1.4%
📦 보유 원익피앤이(217820) 3주 -1.3%

코드      종목명           가격    RSI     변화율    거래량     BB   호가비  B/S
────────────────────────────────────────────────────────────────────────
[2단계 분석 대상: 001510, 078930, 217820, 012450, 138040, 034020, 006400, 066970]
⛔ 아우토크립트(137040) 호가 없음 (거래정지 의심)
078930  GS        75,900   59.4    -2.2%    0.8x     중간  2.68  3/0
061250  화일약품       8,530    0.0    +0.0%    0.0x     중간  0.83  0/0
217820  원익피앤이      3,445   51.1    -6.9%    0.9x     중간  2.77  3/0
001510  SK증권       4,685   63.6    -7.0%    0.7x     중간  0.87  2/0
⛔ 금양(001570) 호가 없음 (거래정지 의심)

══════════════════════════════════════════════════
→ 전종목 HOLD
✅ Discord 전송 완료

[14:42] HOLD | KODEX RSI84/-3.4%⚠️ | 보유:SK증권(001510) +0.9% GS(078930) -1.4% 원익피앤(217820) -1.3% | 💸예수금부족 | 최고신호 GS(078930) 3/3개 [하락-2.2% / MA골 / 호가2.7]
💰 예수금 9,776원 | KODEX200 RSI83/-3.6% 과열⚠️ | 매수기준 3개↑
📦 보유 SK증권(001510) 1주 +0.8%
📦 보유 GS(078930) 1주 -1.4%
📦 보유 원익피앤이(217820) 3주 -1.5%

코드      종목명           가격    RSI     변화율    거래량     BB   호가비  B/S
────────────────────────────────────────────────────────────────────────
[2단계 분석 대상: 001510, 078930, 217820, 066970, 012450, 084850, 003670, 012330]
⛔ 아우토크립트(137040) 호가 없음 (거래정지 의심)
078930  GS        75,900   59.6    -2.1%    0.8x     중간  2.97  3/0
061250  화일약품       8,530    0.0    +0.0%    0.0x     중간  0.87  0/0
217820  원익피앤이      3,440   51.1    -6.9%    0.9x     중간  2.85  3/0
001510  SK증권       4,690   63.5    -7.1%    0.7x     중간  0.93  2/0
⛔ 금양(001570) 호가 없음 (거래정지 의심)

══════════════════════════════════════════════════
→ 전종목 HOLD
✅ Discord 전송 완료

[14:44] HOLD | KODEX RSI83/-3.6%⚠️ | 보유:SK증권(001510) +0.8% GS(078930) -1.4% 원익피앤(217820) -1.5% | 💸예수금부족 | 최고신호 GS(078930) 3/3개 [하락-2.1% / MA골 / 호가3.0]
💰 예수금 9,776원 | KODEX200 RSI84/-3.3% 과열⚠️ | 매수기준 3개↑
📦 보유 SK증권(001510) 1주 +0.8%
📦 보유 GS(078930) 1주 -1.4%
📦 보유 원익피앤이(217820) 3주 -1.6%

코드      종목명           가격    RSI     변화율    거래량     BB   호가비  B/S
────────────────────────────────────────────────────────────────────────
[2단계 분석 대상: 001510, 078930, 217820, 012330, 012450, 066970, 006400, 403870]
⛔ 아우토크립트(137040) 호가 없음 (거래정지 의심)
078930  GS        75,900   59.6    -2.1%    0.8x     중간  2.62  3/0
061250  화일약품       8,570    0.0    +0.0%    0.0x     중간  0.75  0/0
217820  원익피앤이      3,435   50.9    -7.2%    0.9x     중간  2.67  3/0
001510  SK증권       4,685   63.5    -7.1%    0.7x     중간  1.03  2/0
⛔ 금양(001570) 호가 없음 (거래정지 의심)

══════════════════════════════════════════════════
→ 전종목 HOLD
✅ Discord 전송 완료

[14:46] HOLD | KODEX RSI84/-3.3%⚠️ | 보유:SK증권(001510) +0.8% GS(078930) -1.4% 원익피앤(217820) -1.6% | 💸예수금부족 | 최고신호 GS(078930) 3/3개 [하락-2.1% / MA골 / 호가2.6]
💰 예수금 9,774원 | KODEX200 RSI86/-2.7% 과열⚠️ | 매수기준 3개↑
📦 보유 SK증권(001510) 1주 +1.2%
📦 보유 GS(078930) 1주 -1.0%
📦 보유 원익피앤이(217820) 3주 -1.5%

코드      종목명           가격    RSI     변화율    거래량     BB   호가비  B/S
────────────────────────────────────────────────────────────────────────
[2단계 분석 대상: 001510, 078930, 217820, 084850, 003670, 015760, 006400, 035720]
⛔ 아우토크립트(137040) 호가 없음 (거래정지 의심)
078930  GS        76,200   60.6    -1.6%    0.8x     중간  3.28  3/0
061250  화일약품       8,570    0.0    +0.0%    0.0x     중간  0.75  0/0
217820  원익피앤이      3,450   51.3    -6.6%    0.9x     중간  3.54  3/0
001510  SK증권       4,705   64.0    -6.7%    0.7x     중간  0.78  2/0
⛔ 금양(001570) 호가 없음 (거래정지 의심)

══════════════════════════════════════════════════
→ 전종목 HOLD
✅ Discord 전송 완료

[14:48] HOLD | KODEX RSI86/-2.7%⚠️ | 보유:SK증권(001510) +1.2% GS(078930) -1.0% 원익피앤(217820) -1.5% | 💸예수금부족 | 최고신호 GS(078930) 3/3개 [하락-1.6% / MA골 / 호가3.3]
💰 예수금 9,774원 | KODEX200 RSI87/-2.4% 과열⚠️ | 매수기준 3개↑
📦 보유 SK증권(001510) 1주 +1.5%
📦 보유 GS(078930) 1주 -0.9%
📦 보유 원익피앤이(217820) 3주 -1.2%

코드      종목명           가격    RSI     변화율    거래량     BB   호가비  B/S
────────────────────────────────────────────────────────────────────────
[2단계 분석 대상: 001510, 078930, 217820, 084850, 247540, 003670, 006400, 015760]
⛔ 아우토크립트(137040) 호가 없음 (거래정지 의심)
078930  GS        76,100   60.1    -1.8%    0.8x     중간  2.93  3/0
061250  화일약품       8,570    0.0    +0.0%    0.0x     중간  0.78  0/0
217820  원익피앤이      3,450   51.3    -6.6%    0.9x     중간  4.07  3/0
001510  SK증권       4,720   64.2    -6.5%    0.7x     중간  0.63  2/0
⛔ 금양(001570) 호가 없음 (거래정지 의심)

══════════════════════════════════════════════════
→ 전종목 HOLD
✅ Discord 전송 완료

[14:50] HOLD | KODEX RSI87/-2.4%⚠️ | 보유:SK증권(001510) +1.5% GS(078930) -0.9% 원익피앤(217820) -1.2% | 💸예수금부족 | 최고신호 GS(078930) 3/3개 [하락-1.8% / MA골 / 호가2.9]
💰 예수금 9,774원 | KODEX200 RSI86/-2.5% 과열⚠️ | 매수기준 3개↑
📦 보유 SK증권(001510) 1주 +1.3%
📦 보유 GS(078930) 1주 -1.1%
📦 보유 원익피앤이(217820) 3주 -1.2%

코드      종목명           가격    RSI     변화율    거래량     BB   호가비  B/S
────────────────────────────────────────────────────────────────────────
[2단계 분석 대상: 001510, 078930, 217820, 003670, 247540, 084850, 006400, 051910]
⛔ 아우토크립트(137040) 호가 없음 (거래정지 의심)
078930  GS        76,100   60.3    -1.7%    0.8x     중간  3.24  3/0
061250  화일약품       8,520    0.0    +0.0%    0.0x     중간  0.94  0/0
217820  원익피앤이      3,450   51.3    -6.6%    0.9x     중간  4.46  3/0
001510  SK증권       4,715   64.1    -6.5%    0.7x     중간  0.94  2/0
⛔ 금양(001570) 호가 없음 (거래정지 의심)

══════════════════════════════════════════════════
→ 전종목 HOLD
✅ Discord 전송 완료

[14:52] HOLD | KODEX RSI86/-2.5%⚠️ | 보유:SK증권(001510) +1.3% GS(078930) -1.1% 원익피앤(217820) -1.2% | 💸예수금부족 | 최고신호 GS(078930) 3/3개 [하락-1.7% / MA골 / 호가3.2]
💰 예수금 9,774원 | KODEX200 RSI87/-2.3% 과열⚠️ | 매수기준 3개↑
📦 보유 SK증권(001510) 1주 +1.8%
📦 보유 GS(078930) 1주 -1.0%
📦 보유 원익피앤이(217820) 3주 -1.2%

코드      종목명           가격    RSI     변화율    거래량     BB   호가비  B/S
────────────────────────────────────────────────────────────────────────
[2단계 분석 대상: 001510, 078930, 217820, 051910, 003670, 006400, 247540, 035420]
⛔ 아우토크립트(137040) 호가 없음 (거래정지 의심)
078930  GS        76,200   60.3    -1.7%    0.8x     중간  4.37  3/0
061250  화일약품       8,520    0.0    +0.0%    0.0x     중간  1.00  0/0
217820  원익피앤이      3,475   51.3    -6.6%    0.9x     중간  3.78  3/0
001510  SK증권       4,720   64.2    -6.4%    0.7x     중간  0.87  2/0
⛔ 금양(001570) 호가 없음 (거래정지 의심)

══════════════════════════════════════════════════
→ 전종목 HOLD
✅ Discord 전송 완료

[14:54] HOLD | KODEX RSI87/-2.3%⚠️ | 보유:SK증권(001510) +1.8% GS(078930) -1.0% 원익피앤(217820) -1.2% | 💸예수금부족 | 최고신호 GS(078930) 3/3개 [하락-1.7% / MA골 / 호가4.4]
💰 예수금 9,774원 | KODEX200 RSI87/-2.4% 과열⚠️ | 매수기준 3개↑
📦 보유 SK증권(001510) 1주 +1.6%
📦 보유 GS(078930) 1주 -1.0%
📦 보유 원익피앤이(217820) 3주 -0.5%

코드      종목명           가격    RSI     변화율    거래량     BB   호가비  B/S
────────────────────────────────────────────────────────────────────────
[2단계 분석 대상: 001510, 078930, 217820, 003670, 247540, 006400, 015760, 051910]
⛔ 아우토크립트(137040) 호가 없음 (거래정지 의심)
078930  GS        76,100   60.1    -1.8%    0.8x     중간  3.02  3/0
061250  화일약품       8,520    0.0    +0.0%    0.0x     중간  0.92  0/0
217820  원익피앤이      3,475   51.9    -6.0%    0.9x     중간  3.21  3/0
001510  SK증권       4,715   64.0    -6.7%    0.7x     중간  0.78  2/0
⛔ 금양(001570) 호가 없음 (거래정지 의심)

══════════════════════════════════════════════════
→ 전종목 HOLD
✅ Discord 전송 완료

[14:56] HOLD | KODEX RSI87/-2.4%⚠️ | 보유:SK증권(001510) +1.6% GS(078930) -1.0% 원익피앤(217820) -0.5% | 💸예수금부족 | 최고신호 GS(078930) 3/3개 [하락-1.8% / MA골 / 호가3.0]
💰 예수금 9,774원 | KODEX200 RSI87/-2.3% 과열⚠️ | 매수기준 3개↑
📦 보유 SK증권(001510) 1주 +1.4%
📦 보유 GS(078930) 1주 -1.1%
📦 보유 원익피앤이(217820) 3주 -0.5%

코드      종목명           가격    RSI     변화율    거래량     BB   호가비  B/S
────────────────────────────────────────────────────────────────────────
[2단계 분석 대상: 001510, 078930, 217820, 003670, 015760, 051910, 006400, 247540]
⛔ 아우토크립트(137040) 호가 없음 (거래정지 의심)
078930  GS        76,100   60.1    -1.8%    0.8x     중간  2.45  3/0
061250  화일약품       8,520    0.0    +0.0%    0.0x     중간  0.87  0/0
217820  원익피앤이      3,470   51.3    -6.6%    0.9x     중간  1.70  3/0
001510  SK증권       4,720   64.2    -6.5%    0.7x     중간  0.87  2/0
⛔ 금양(001570) 호가 없음 (거래정지 의심)

══════════════════════════════════════════════════
→ 전종목 HOLD
✅ Discord 전송 완료

[14:58] HOLD | KODEX RSI87/-2.3%⚠️ | 보유:SK증권(001510) +1.4% GS(078930) -1.1% 원익피앤(217820) -0.5% | 💸예수금부족 | 최고신호 GS(078930) 3/3개 [하락-1.8% / MA골 / 호가2.5]
💰 예수금 9,774원 | KODEX200 RSI87/-2.4% 과열⚠️ | 매수기준 3개↑
📦 보유 SK증권(001510) 1주 +1.6%
📦 보유 GS(078930) 1주 -1.0%
📦 보유 원익피앤이(217820) 3주 -1.2%

코드      종목명           가격    RSI     변화율    거래량     BB   호가비  B/S
────────────────────────────────────────────────────────────────────────
[2단계 분석 대상: 001510, 078930, 217820, 003670, 247540, 006400, 015760, 051910]
⛔ 아우토크립트(137040) 호가 없음 (거래정지 의심)
078930  GS        76,300   60.6    -1.6%    0.8x     중간  2.42  3/0
061250  화일약품       8,520    0.0    +0.0%    0.0x     중간  0.85  0/0
217820  원익피앤이      3,465   51.3    -6.6%    0.9x     중간  1.53  3/0
001510  SK증권       4,715   64.2    -6.5%    0.7x     중간  0.96  2/0
⛔ 금양(001570) 호가 없음 (거래정지 의심)

══════════════════════════════════════════════════
→ 전종목 HOLD
✅ Discord 전송 완료

[15:00] HOLD | KODEX RSI87/-2.4%⚠️ | 보유:SK증권(001510) +1.6% GS(078930) -1.0% 원익피앤(217820) -1.2% | 💸예수금부족 | 최고신호 GS(078930) 3/3개 [하락-1.6% / MA골 / 호가2.4]
💰 예수금 9,774원 | KODEX200 RSI87/-2.5% 과열⚠️ | 매수기준 3개↑
📦 보유 SK증권(001510) 1주 +1.4%
📦 보유 GS(078930) 1주 -1.0%
📦 보유 원익피앤이(217820) 3주 -0.8%

코드      종목명           가격    RSI     변화율    거래량     BB   호가비  B/S
────────────────────────────────────────────────────────────────────────
[2단계 분석 대상: 001510, 078930, 217820, 003670, 051910, 247540, 015760, 084850]
⛔ 아우토크립트(137040) 호가 없음 (거래정지 의심)
078930  GS        76,100   60.1    -1.8%    0.8x     중간  1.95  3/0
061250  화일약품       8,520    0.0    +0.0%    0.0x     중간  0.85  0/0
217820  원익피앤이      3,465   51.3    -6.6%    0.9x     중간  1.44  3/0
001510  SK증권       4,710   64.0    -6.7%    0.7x     중간  1.09  2/0
⛔ 금양(001570) 호가 없음 (거래정지 의심)

══════════════════════════════════════════════════
→ 전종목 HOLD
✅ Discord 전송 완료

[15:02] HOLD | KODEX RSI87/-2.5%⚠️ | 보유:SK증권(001510) +1.4% GS(078930) -1.0% 원익피앤(217820) -0.8% | 💸예수금부족 | 최고신호 GS(078930) 3/3개 [하락-1.8% / MA골 / 호가1.9]
💰 예수금 9,774원 | KODEX200 RSI86/-2.7% 과열⚠️ | 매수기준 3개↑
📦 보유 SK증권(001510) 1주 +1.1%
📦 보유 GS(078930) 1주 -1.0%
📦 보유 원익피앤이(217820) 3주 -1.0%

코드      종목명           가격    RSI     변화율    거래량     BB   호가비  B/S
────────────────────────────────────────────────────────────────────────
[2단계 분석 대상: 001510, 078930, 217820, 058470, 003670, 247540, 015760, 035720]
⛔ 아우토크립트(137040) 호가 없음 (거래정지 의심)
078930  GS        76,200   60.3    -1.7%    0.8x     중간  2.77  3/0
061250  화일약품       8,520    0.0    +0.0%    0.0x     중간  0.84  0/0
217820  원익피앤이      3,460   51.3    -6.6%    0.9x     중간  1.62  3/0
001510  SK증권       4,700   63.9    -6.8%    0.7x     중간  1.44  3/0
⛔ 금양(001570) 호가 없음 (거래정지 의심)

══════════════════════════════════════════════════
→ 전종목 HOLD
✅ Discord 전송 완료

[15:04] HOLD | KODEX RSI86/-2.7%⚠️ | 보유:SK증권(001510) +1.1% GS(078930) -1.0% 원익피앤(217820) -1.0% | 💸예수금부족 | 최고신호 GS(078930) 3/3개 [하락-1.7% / MA골 / 호가2.8]
💰 예수금 9,776원 | KODEX200 RSI86/-2.7% 과열⚠️ | 매수기준 3개↑
📦 보유 SK증권(001510) 1주 +1.3%
📦 보유 GS(078930) 1주 -1.5%
📦 보유 원익피앤이(217820) 3주 -0.9%

코드      종목명           가격    RSI     변화율    거래량     BB   호가비  B/S
────────────────────────────────────────────────────────────────────────
[2단계 분석 대상: 001510, 078930, 217820, 058470, 051910, 000660, 003670, 247540]
⛔ 아우토크립트(137040) 호가 없음 (거래정지 의심)
078930  GS        75,900   59.6    -2.1%    0.9x     중간  0.63  2/0
061250  화일약품       8,520    0.0    +0.0%    0.0x     중간  0.53  0/0
217820  원익피앤이      3,460   51.5    -6.4%    0.9x     중간  1.65  3/0
001510  SK증권       4,705   64.0    -6.7%    0.7x     중간  1.36  3/0
⛔ 금양(001570) 호가 없음 (거래정지 의심)

══════════════════════════════════════════════════
→ 전종목 HOLD
✅ Discord 전송 완료

[15:06] HOLD | KODEX RSI86/-2.7%⚠️ | 보유:SK증권(001510) +1.3% GS(078930) -1.5% 원익피앤(217820) -0.9% | 💸예수금부족 | 최고신호 원익피앤이(217820) 3/3개 [하락-6.4% / MA골 / 호가1.6]
💰 예수금 9,776원 | KODEX200 RSI86/-2.8% 과열⚠️ | 매수기준 3개↑
📦 보유 SK증권(001510) 1주 +1.2%
📦 보유 GS(078930) 1주 -1.4%
📦 보유 원익피앤이(217820) 3주 -0.9%

코드      종목명           가격    RSI     변화율    거래량     BB   호가비  B/S
────────────────────────────────────────────────────────────────────────
[2단계 분석 대상: 001510, 078930, 217820, 084850, 058470, 051910, 247540, 086790]
⛔ 아우토크립트(137040) 호가 없음 (거래정지 의심)
078930  GS        75,700   59.4    -2.2%    0.9x     중간  0.52  2/0
061250  화일약품       8,520    0.0    +0.0%    0.0x     중간  0.50  0/0
217820  원익피앤이      3,445   51.1    -6.9%    0.9x     중간  2.95  3/0
001510  SK증권       4,705   63.9    -6.8%    0.7x     중간  1.33  3/0
⛔ 금양(001570) 호가 없음 (거래정지 의심)

══════════════════════════════════════════════════
→ 전종목 HOLD
✅ Discord 전송 완료

[15:08] HOLD | KODEX RSI86/-2.8%⚠️ | 보유:SK증권(001510) +1.2% GS(078930) -1.4% 원익피앤(217820) -0.9% | 💸예수금부족 | 최고신호 원익피앤이(217820) 3/3개 [하락-6.9% / MA골 / 호가3.0]
💰 예수금 9,776원 | KODEX200 RSI86/-2.6% 과열⚠️ | 매수기준 3개↑
📦 보유 SK증권(001510) 1주 +1.3%
📦 보유 GS(078930) 1주 -1.4%
📦 보유 원익피앤이(217820) 3주 -1.3%

코드      종목명           가격    RSI     변화율    거래량     BB   호가비  B/S
────────────────────────────────────────────────────────────────────────
[2단계 분석 대상: 001510, 078930, 217820, 084850, 042700, 015760, 058470, 051910]
⛔ 아우토크립트(137040) 호가 없음 (거래정지 의심)
078930  GS        75,800   59.4    -2.2%    0.9x     중간  2.96  3/0
061250  화일약품       8,520    0.0    +0.0%    0.0x     중간  0.47  0/0
217820  원익피앤이      3,455   51.3    -6.6%    0.9x     중간  1.39  3/0
001510  SK증권       4,715   64.1    -6.5%    0.7x     중간  1.13  2/0
⛔ 금양(001570) 호가 없음 (거래정지 의심)

══════════════════════════════════════════════════
→ 전종목 HOLD
✅ Discord 전송 완료

[15:10] HOLD | KODEX RSI86/-2.6%⚠️ | 보유:SK증권(001510) +1.3% GS(078930) -1.4% 원익피앤(217820) -1.3% | 💸예수금부족 | 최고신호 GS(078930) 3/3개 [하락-2.2% / MA골 / 호가3.0]
💰 예수금 9,774원 | KODEX200 RSI87/-2.3% 과열⚠️ | 매수기준 3개↑
📦 보유 SK증권(001510) 1주 +1.5%
📦 보유 GS(078930) 1주 -1.1%
📦 보유 원익피앤이(217820) 3주 -1.2%

코드      종목명           가격    RSI     변화율    거래량     BB   호가비  B/S
────────────────────────────────────────────────────────────────────────
[2단계 분석 대상: 001510, 078930, 217820, 042700, 051910, 247540, 084850, 003670]
⛔ 아우토크립트(137040) 호가 없음 (거래정지 의심)
078930  GS        76,000   59.8    -1.9%    0.9x     중간  7.14  3/0
061250  화일약품       8,520    0.0    +0.0%    0.0x     중간  0.47  0/0
217820  원익피앤이      3,465   51.7    -6.2%    0.9x     중간  1.33  3/0
001510  SK증권       4,740   64.5    -6.0%    0.7x     중간  0.74  2/0
⛔ 금양(001570) 호가 없음 (거래정지 의심)

══════════════════════════════════════════════════
→ 전종목 HOLD
✅ Discord 전송 완료

[15:12] HOLD | KODEX RSI87/-2.3%⚠️ | 보유:SK증권(001510) +1.5% GS(078930) -1.1% 원익피앤(217820) -1.2% | 💸예수금부족 | 최고신호 GS(078930) 3/3개 [하락-1.9% / MA골 / 호가7.1]
💰 예수금 9,774원 | KODEX200 RSI88/-2.2% 과열⚠️ | 매수기준 3개↑
📦 보유 SK증권(001510) 1주 +2.2%
📦 보유 GS(078930) 1주 -1.1%
📦 보유 원익피앤이(217820) 3주 -0.6%

코드      종목명           가격    RSI     변화율    거래량     BB   호가비  B/S
────────────────────────────────────────────────────────────────────────
[2단계 분석 대상: 001510, 078930, 217820, 015760, 042700, 247540, 003670, 056080]
⛔ 아우토크립트(137040) 호가 없음 (거래정지 의심)
078930  GS        76,200   60.3    -1.7%    0.9x     중간 10.09  3/0
061250  화일약품       8,520    0.0    +0.0%    0.0x     중간  0.46  0/0
217820  원익피앤이      3,470   51.8    -6.1%    0.9x     중간  1.28  3/0
001510  SK증권       4,755   64.8    -5.8%    0.7x     중간  0.30  2/0
⛔ 금양(001570) 호가 없음 (거래정지 의심)

══════════════════════════════════════════════════
→ 전종목 HOLD
✅ Discord 전송 완료

[15:14] HOLD | KODEX RSI88/-2.2%⚠️ | 보유:SK증권(001510) +2.2% GS(078930) -1.1% 원익피앤(217820) -0.6% | 💸예수금부족 | 최고신호 GS(078930) 3/3개 [하락-1.7% / MA골 / 호가10.1]
💰 예수금 9,774원 | KODEX200 RSI89/-1.8% 과열⚠️ | 매수기준 3개↑
📦 보유 SK증권(001510) 1주 +2.5%
📦 보유 GS(078930) 1주 -1.1%
📦 보유 원익피앤이(217820) 3주 -0.5%

코드      종목명           가격    RSI     변화율    거래량     BB   호가비  B/S
────────────────────────────────────────────────────────────────────────
[2단계 분석 대상: 001510, 078930, 217820, 015760, 247540, 003670, 035420, 042700]
⛔ 아우토크립트(137040) 호가 없음 (거래정지 의심)
078930  GS        76,000   59.8    -1.9%    0.9x     중간  6.63  3/0
061250  화일약품       8,520    0.0    +0.0%    0.0x     중간  0.58  0/0
217820  원익피앤이      3,475   51.8    -6.1%    0.9x     중간  1.32  3/0
001510  SK증권       4,765   65.1    -5.5%    0.7x     중간  0.59  2/0
⛔ 금양(001570) 호가 없음 (거래정지 의심)

══════════════════════════════════════════════════
→ 전종목 HOLD
✅ Discord 전송 완료

[15:16] HOLD | KODEX RSI89/-1.8%⚠️ | 보유:SK증권(001510) +2.5% GS(078930) -1.1% 원익피앤(217820) -0.5% | 💸예수금부족 | 최고신호 GS(078930) 3/3개 [하락-1.9% / MA골 / 호가6.6]
💰 예수금 9,774원 | KODEX200 RSI89/-1.6% 과열⚠️ | 매수기준 3개↑
📦 보유 SK증권(001510) 1주 +2.7%
📦 보유 GS(078930) 1주 -1.1%
📦 보유 원익피앤이(217820) 3주 -0.5%

코드      종목명           가격    RSI     변화율    거래량     BB   호가비  B/S
────────────────────────────────────────────────────────────────────────
[2단계 분석 대상: 001510, 078930, 217820, 015760, 084850, 012450, 247540, 003670]
⛔ 아우토크립트(137040) 호가 없음 (거래정지 의심)
078930  GS        76,000   59.8    -1.9%    0.9x     중간  5.05  3/0
061250  화일약품       8,520    0.0    +0.0%    0.0x     중간  0.62  0/0
217820  원익피앤이      3,475   51.5    -6.4%    0.9x     중간  1.50  3/0
001510  SK증권       4,765   65.1    -5.5%    0.7x     중간  0.55  2/0
⛔ 금양(001570) 호가 없음 (거래정지 의심)

══════════════════════════════════════════════════
→ 전종목 HOLD
✅ Discord 전송 완료

[15:18] HOLD | KODEX RSI89/-1.6%⚠️ | 보유:SK증권(001510) +2.7% GS(078930) -1.1% 원익피앤(217820) -0.5% | 💸예수금부족 | 최고신호 GS(078930) 3/3개 [하락-1.9% / MA골 / 호가5.0]
💰 예수금 9,776원 | KODEX200 RSI89/-1.8% 과열⚠️ | 매수기준 3개↑
📦 보유 SK증권(001510) 1주 +2.8%
📦 보유 GS(078930) 1주 -1.5%
📦 보유 원익피앤이(217820) 3주 -0.5%

코드      종목명           가격    RSI     변화율    거래량     BB   호가비  B/S
────────────────────────────────────────────────────────────────────────
[2단계 분석 대상: 001510, 078930, 217820, 086790, 012450, 138040, 084850, 015760]
⛔ 아우토크립트(137040) 호가 없음 (거래정지 의심)
078930  GS        75,000   59.4    -2.2%    0.9x     중간  1.41  3/0
061250  화일약품       8,520    0.0    +0.0%    0.0x     중간  1.27  1/0
217820  원익피앤이      3,490   51.9    -6.0%    0.9x     중간  1.34  3/0
001510  SK증권       4,760   65.3    -5.3%    0.7x     중간  2.49  3/0
⛔ 금양(001570) 호가 없음 (거래정지 의심)

══════════════════════════════════════════════════
→ 전종목 HOLD
✅ Discord 전송 완료

[15:20] HOLD | KODEX RSI89/-1.8%⚠️ | 보유:SK증권(001510) +2.8% GS(078930) -1.5% 원익피앤(217820) -0.5% | 💸예수금부족 | 최고신호 GS(078930) 3/3개 [하락-2.2% / MA골 / 호가1.4]
💰 예수금 9,776원 | KODEX200 RSI89/-1.8% 과열⚠️ | 매수기준 3개↑
📦 보유 SK증권(001510) 1주 +2.8%
📦 보유 GS(078930) 1주 -1.5%
📦 보유 원익피앤이(217820) 3주 -0.5%

코드      종목명           가격    RSI     변화율    거래량     BB   호가비  B/S
────────────────────────────────────────────────────────────────────────
[2단계 분석 대상: 001510, 078930, 217820, 034020, 086790, 403870, 003670, 015760]
⛔ 아우토크립트(137040) 호가 없음 (거래정지 의심)
078930  GS        75,700   59.4    -2.2%    0.9x     중간  0.36  2/0
061250  화일약품       8,520    0.0    +0.0%    0.0x     중간  2.08  1/0
217820  원익피앤이      3,490   51.9    -6.0%    0.9x     중간  0.58  2/0
001510  SK증권       4,780   65.3    -5.3%    0.7x     중간  0.51  2/0
⛔ 금양(001570) 호가 없음 (거래정지 의심)

══════════════════════════════════════════════════
→ 전종목 HOLD
✅ Discord 전송 완료

[15:22] HOLD | KODEX RSI89/-1.8%⚠️ | 보유:SK증권(001510) +2.8% GS(078930) -1.5% 원익피앤(217820) -0.5% | 💸예수금부족 | 최고신호 GS(078930) 2/3개 [하락-2.2% / MA골]
💰 예수금 9,776원 | KODEX200 RSI89/-1.8% 과열⚠️ | 매수기준 3개↑
📦 보유 SK증권(001510) 1주 +2.8%
📦 보유 GS(078930) 1주 -1.5%
📦 보유 원익피앤이(217820) 3주 -0.5%

코드      종목명           가격    RSI     변화율    거래량     BB   호가비  B/S
────────────────────────────────────────────────────────────────────────
[2단계 분석 대상: 001510, 078930, 217820, 015760, 086790, 003670, 084850, 035420]
⛔ 아우토크립트(137040) 호가 없음 (거래정지 의심)
078930  GS        75,700   59.4    -2.2%    0.9x     중간  8.41  3/0
061250  화일약품       8,520    0.0    +0.0%    0.0x     중간  1.93  1/0
217820  원익피앤이      3,490   51.9    -6.0%    0.9x     중간  0.37  2/0
001510  SK증권       4,775   65.3    -5.3%    0.7x     중간  0.42  2/0
⛔ 금양(001570) 호가 없음 (거래정지 의심)

══════════════════════════════════════════════════
→ 전종목 HOLD
✅ Discord 전송 완료

[15:24] HOLD | KODEX RSI89/-1.8%⚠️ | 보유:SK증권(001510) +2.8% GS(078930) -1.5% 원익피앤(217820) -0.5% | 💸예수금부족 | 최고신호 GS(078930) 3/3개 [하락-2.2% / MA골 / 호가8.4]
💰 예수금 9,776원 | KODEX200 RSI89/-1.8% 과열⚠️ | 매수기준 3개↑
📦 보유 SK증권(001510) 1주 +2.8%
📦 보유 GS(078930) 1주 -1.5%
📦 보유 원익피앤이(217820) 3주 -0.5%

코드      종목명           가격    RSI     변화율    거래량     BB   호가비  B/S
────────────────────────────────────────────────────────────────────────
[2단계 분석 대상: 001510, 078930, 217820, 015760, 042700, 403870, 003670, 086790]
⛔ 아우토크립트(137040) 호가 없음 (거래정지 의심)
078930  GS        75,700   59.4    -2.2%    0.9x     중간  7.05  3/0
061250  화일약품       8,520    0.0    +0.0%    0.0x     중간  1.90  1/0
217820  원익피앤이      3,490   51.9    -6.0%    0.9x     중간  0.42  2/0
001510  SK증권       4,780   65.3    -5.3%    0.7x     중간  0.82  2/0
⛔ 금양(001570) 호가 없음 (거래정지 의심)

══════════════════════════════════════════════════
→ 전종목 HOLD
✅ Discord 전송 완료

[15:26] HOLD | KODEX RSI89/-1.8%⚠️ | 보유:SK증권(001510) +2.8% GS(078930) -1.5% 원익피앤(217820) -0.5% | 💸예수금부족 | 최고신호 GS(078930) 3/3개 [하락-2.2% / MA골 / 호가7.0]
💰 예수금 9,776원 | KODEX200 RSI89/-1.8% 과열⚠️ | 매수기준 3개↑
📦 보유 SK증권(001510) 1주 +2.8%
📦 보유 GS(078930) 1주 -1.5%
📦 보유 원익피앤이(217820) 3주 -0.5%

코드      종목명           가격    RSI     변화율    거래량     BB   호가비  B/S
────────────────────────────────────────────────────────────────────────
[2단계 분석 대상: 001510, 078930, 217820, 015760, 003670, 084850, 051910, 247540]
⛔ 아우토크립트(137040) 호가 없음 (거래정지 의심)
078930  GS        76,000   59.4    -2.2%    0.9x     중간  0.38  2/0
061250  화일약품       8,520    0.0    +0.0%    0.0x     중간  1.98  1/0
217820  원익피앤이      3,490   51.9    -6.0%    0.9x     중간  0.57  2/0
001510  SK증권       4,780   65.3    -5.3%    0.7x     중간  1.19  2/0
⛔ 금양(001570) 호가 없음 (거래정지 의심)

══════════════════════════════════════════════════
→ 전종목 HOLD
✅ Discord 전송 완료

[15:28] HOLD | KODEX RSI89/-1.8%⚠️ | 보유:SK증권(001510) +2.8% GS(078930) -1.5% 원익피앤(217820) -0.5% | 💸예수금부족 | 최고신호 GS(078930) 2/3개 [하락-2.2% / MA골]
💰 예수금 9,776원 | KODEX200 RSI89/-1.8% 과열⚠️ | 매수기준 3개↑
📦 보유 SK증권(001510) 1주 +2.8%
📦 보유 GS(078930) 1주 -1.5%
📦 보유 원익피앤이(217820) 3주 -0.5%

코드      종목명           가격    RSI     변화율    거래량     BB   호가비  B/S
────────────────────────────────────────────────────────────────────────
[2단계 분석 대상: 001510, 078930, 217820, 403870, 084850, 042700, 015760, 003670]
⛔ 아우토크립트(137040) 호가 없음 (거래정지 의심)
078930  GS        76,200   60.6    -1.6%    0.9x     중간  1.97  3/0
061250  화일약품       8,510    0.0    +0.0%    0.0x     중간  0.60  0/0
217820  원익피앤이      3,485   51.9    -6.0%    0.9x     중간  1.03  2/0
001510  SK증권       4,775   65.3    -5.3%    0.7x     중간  0.49  2/0
⛔ 금양(001570) 호가 없음 (거래정지 의심)

══════════════════════════════════════════════════
→ 전종목 HOLD
✅ Discord 전송 완료

[15:30] HOLD | KODEX RSI89/-1.8%⚠️ | 보유:SK증권(001510) +2.8% GS(078930) -1.5% 원익피앤(217820) -0.5% | 💸예수금부족 | 최고신호 GS(078930) 3/3개 [하락-1.6% / MA골 / 호가2.0]
