💰 예수금 97,640원 | KODEX200 RSI72/+0.0% 상승추세⬆️  | 매수기준 점수4pt↑

코드      종목명           가격    RSI     변화율    거래량     BB   호가비  B/S
────────────────────────────────────────────────────────────────────────
[2단계 분석 대상: 005380, 003670, 138040, 217820, 079550]
403870  HPSP      53,500    0.0    +0.0%    0.0x     중간  2.35  2pt/0 [일봉]
⛔ 아우토크립트(137040) 호가 없음 (거래정지 의심)
055550  신한지주      94,500    0.0    +0.0%    0.0x     중간  0.18  0pt/0 [일봉]
035720  카카오       41,850    0.0    +0.0%    0.0x     중간  0.06  0pt/0 [일봉]
015760  한국전력      40,050    0.0    +0.0%    0.0x     중간 16.26  2pt/0 [일봉]
078930  GS        75,600    0.0    +0.0%    0.0x     중간  0.56  0pt/0 [일봉]
061250  화일약품       8,580    0.0    +0.0%    0.0x     중간  0.14  0pt/0 [일봉]
217820  원익피앤이      2,950   47.1    +0.0%    0.0x     상단 34.00  3pt/0 [5분]
001510  SK증권       4,045    0.0    +0.0%    0.0x     중간  1.70  2pt/0 [일봉]
056080  유진로봇      24,700    0.0    +0.0%    0.0x     중간 15.06  2pt/0 [일봉]
084850  아이티엠반도체   14,230    0.0    +0.0%    0.0x     중간  0.46  0pt/0 [일봉]
⛔ 금양(001570) 호가 없음 (거래정지 의심)

══════════════════════════════════════════════════
⏰ 장 미개장 (9:00 전) — 신규 매수 중단
→ 전종목 HOLD
✅ Discord 전송 완료

[08:50] HOLD | KODEX RSI72/+0.0%⬆️ | 보유:없음 | 최고신호 원익피앤이(217820) 3pt/4pt [RSI47 / 호가34.0★]
💰 예수금 97,640원 | KODEX200 RSI72/+0.0% 상승추세⬆️  | 매수기준 점수4pt↑

코드      종목명           가격    RSI     변화율    거래량     BB   호가비  B/S
────────────────────────────────────────────────────────────────────────
[2단계 분석 대상: 000660, 403870, 003670, 217820, 012330]
403870  HPSP      53,600   56.5    -0.6%    0.0x     상단 21.49  3pt/0 [5분]
⛔ 아우토크립트(137040) 호가 없음 (거래정지 의심)
055550  신한지주      96,400    0.0    +0.0%    0.0x     중간  0.65  0pt/0 [일봉]
035720  카카오       42,050    0.0    +0.0%    0.0x     중간  1.77  2pt/0 [일봉]
015760  한국전력      40,750    0.0    +0.0%    0.0x     중간  0.31  0pt/0 [일봉]
078930  GS        75,800    0.0    +0.0%    0.0x     중간  0.50  0pt/0 [일봉]
061250  화일약품       8,560    0.0    +0.0%    0.0x     중간  0.22  0pt/0 [일봉]
217820  원익피앤이      2,950   45.7    +2.1%    0.0x     상단  4.86  4pt/0 [5분]
001510  SK증권       4,020    0.0    +0.0%    0.0x     중간  1.37  1pt/0 [일봉]
056080  유진로봇      24,200    0.0    +0.0%    0.0x     중간  1.53  2pt/0 [일봉]
084850  아이티엠반도체   14,190    0.0    +0.0%    0.0x     중간  1.43  1pt/0 [일봉]
⛔ 금양(001570) 호가 없음 (거래정지 의심)

══════════════════════════════════════════════════
⏰ 장 초반 변동성 (9:20 전) — 신규 매수 중단
→ 전종목 HOLD
✅ Discord 전송 완료

[09:00] HOLD | KODEX RSI72/+0.0%⬆️ | 보유:없음 | 최고신호 원익피앤이(217820) 4pt/4pt [RSI46 / 호가4.9★ / 거래량증가]
💰 예수금 97,640원 | KODEX200 RSI72/+0.8% 상승추세⬆️  | 매수기준 점수4pt↑

코드      종목명           가격    RSI     변화율    거래량     BB   호가비  B/S
────────────────────────────────────────────────────────────────────────
[2단계 분석 대상: 012330, 006400, 056080, 034020, 042700]
403870  HPSP      54,300    0.0    +0.0%    0.0x     중간  0.25  0pt/0 [일봉]
⛔ 아우토크립트(137040) 호가 없음 (거래정지 의심)
055550  신한지주      96,100    0.0    +0.0%    0.0x     중간  1.23  1pt/0 [일봉]
035720  카카오       42,400    0.0    +0.0%    0.0x     중간  0.60  0pt/0 [일봉]
015760  한국전력      39,900    0.0    +0.0%    0.0x     중간  1.70  2pt/0 [일봉]
078930  GS        76,100    0.0    +0.0%    0.0x     중간  0.43  0pt/0 [일봉]
061250  화일약품       8,580    0.0    +0.0%    0.0x     중간  0.21  0pt/0 [일봉]
217820  원익피앤이      2,990    0.0    +0.0%    0.0x     중간  1.44  1pt/0 [일봉]
001510  SK증권       4,020    0.0    +0.0%    0.0x     중간  1.49  1pt/0 [일봉]
056080  유진로봇      24,800   44.4    +0.6%    0.0x     상단  2.71  3pt/0 [5분]
084850  아이티엠반도체   14,230    0.0    +0.0%    0.0x     중간  0.61  0pt/0 [일봉]
⛔ 금양(001570) 호가 없음 (거래정지 의심)

══════════════════════════════════════════════════
⏰ 장 초반 변동성 (9:20 전) — 신규 매수 중단
→ 전종목 HOLD
✅ Discord 전송 완료

[09:02] HOLD | KODEX RSI72/+0.8%⬆️ | 보유:없음 | 최고신호 유진로봇(056080) 3pt/4pt [RSI44 / 호가2.7★]
💰 예수금 97,640원 | KODEX200 RSI72/+0.4% 상승추세⬆️  | 매수기준 점수4pt↑

코드      종목명           가격    RSI     변화율    거래량     BB   호가비  B/S
────────────────────────────────────────────────────────────────────────
[2단계 분석 대상: 042700, 012330, 001510, 000660, 034020]
403870  HPSP      54,400    0.0    +0.0%    0.0x     중간  0.34  0pt/0 [일봉]
⛔ 아우토크립트(137040) 호가 없음 (거래정지 의심)
055550  신한지주      96,200    0.0    +0.0%    0.0x     중간  0.90  0pt/0 [일봉]
035720  카카오       42,000    0.0    +0.0%    0.0x     중간  1.57  2pt/0 [일봉]
015760  한국전력      39,850    0.0    +0.0%    0.0x     중간  2.44  2pt/0 [일봉]
078930  GS        76,300    0.0    +0.0%    0.0x     중간  0.30  0pt/0 [일봉]
061250  화일약품       8,580    0.0    +0.0%    0.0x     중간  0.21  0pt/0 [일봉]
217820  원익피앤이      2,985    0.0    +0.0%    0.0x     중간  0.90  0pt/0 [일봉]
001510  SK증권       3,975   33.3    +1.4%    0.0x     상단  3.80  4pt/0 [5분]
056080  유진로봇      24,500    0.0    +0.0%    0.0x     중간  1.00  0pt/0 [일봉]
084850  아이티엠반도체   14,260    0.0    +0.0%    0.0x     중간  0.63  0pt/0 [일봉]
⛔ 금양(001570) 호가 없음 (거래정지 의심)

══════════════════════════════════════════════════
⏰ 장 초반 변동성 (9:20 전) — 신규 매수 중단
→ 전종목 HOLD
✅ Discord 전송 완료

[09:04] HOLD | KODEX RSI72/+0.4%⬆️ | 보유:없음 | 최고신호 SK증권(001510) 4pt/4pt [RSI33★ / 호가3.8★]
💰 예수금 97,640원 | KODEX200 RSI72/+0.6% 상승추세⬆️  | 매수기준 점수4pt↑

코드      종목명           가격    RSI     변화율    거래량     BB   호가비  B/S
────────────────────────────────────────────────────────────────────────
[2단계 분석 대상: 012330, 055550, 005380, 056080, 012450]
403870  HPSP      54,600    0.0    +0.0%    0.0x     중간  0.16  0pt/0 [일봉]
⛔ 아우토크립트(137040) 호가 없음 (거래정지 의심)
055550  신한지주      95,800   52.9    +0.9%    0.1x     상단  3.71  4pt/0 [5분]
035720  카카오       41,700    0.0    +0.0%    0.0x     중간  1.42  1pt/0 [일봉]
015760  한국전력      40,150    0.0    +0.0%    0.0x     중간  1.34  1pt/0 [일봉]
078930  GS        76,500    0.0    +0.0%    0.0x     중간  0.19  0pt/0 [일봉]
061250  화일약품       8,560    0.0    +0.0%    0.0x     중간  0.14  0pt/0 [일봉]
217820  원익피앤이      2,990    0.0    +0.0%    0.0x     중간  1.17  0pt/0 [일봉]
001510  SK증권       3,985    0.0    +0.0%    0.0x     중간  1.03  0pt/0 [일봉]
056080  유진로봇      24,600   41.2    +0.2%    0.0x     상단  2.49  3pt/0 [5분]
084850  아이티엠반도체   14,270    0.0    +0.0%    0.0x     중간  1.44  1pt/0 [일봉]
⛔ 금양(001570) 호가 없음 (거래정지 의심)

══════════════════════════════════════════════════
⏰ 장 초반 변동성 (9:20 전) — 신규 매수 중단
→ 전종목 HOLD
✅ Discord 전송 완료

[09:06] HOLD | KODEX RSI72/+0.6%⬆️ | 보유:없음 | 최고신호 신한지주(055550) 4pt/4pt [RSI53 / MA골 / 호가3.7★]
💰 예수금 97,640원 | KODEX200 RSI72/+0.2% 상승추세⬆️  | 매수기준 점수4pt↑

코드      종목명           가격    RSI     변화율    거래량     BB   호가비  B/S
────────────────────────────────────────────────────────────────────────
[2단계 분석 대상: 207940, 084850, 000660, 000270, 005380]
403870  HPSP      54,100    0.0    +0.0%    0.0x     중간  0.34  0pt/0 [일봉]
⛔ 아우토크립트(137040) 호가 없음 (거래정지 의심)
055550  신한지주      95,800    0.0    +0.0%    0.0x     중간  3.07  2pt/0 [일봉]
035720  카카오       41,550    0.0    +0.0%    0.0x     중간  1.98  2pt/0 [일봉]
015760  한국전력      40,150    0.0    +0.0%    0.0x     중간  1.41  1pt/0 [일봉]
078930  GS        75,900    0.0    +0.0%    0.0x     중간  0.49  0pt/0 [일봉]
061250  화일약품       8,560    0.0    +0.0%    0.0x     중간  0.17  0pt/0 [일봉]
217820  원익피앤이      2,990    0.0    +0.0%    0.0x     중간  1.33  1pt/0 [일봉]
001510  SK증권       4,015    0.0    +0.0%    0.0x     중간  0.55  0pt/0 [일봉]
056080  유진로봇      24,500    0.0    +0.0%    0.0x     중간  3.14  2pt/0 [일봉]
084850  아이티엠반도체   14,350   51.3    +1.2%    0.0x     상단  3.78  5pt/0 [5분]
⛔ 금양(001570) 호가 없음 (거래정지 의심)

══════════════════════════════════════════════════
⏰ 장 초반 변동성 (9:20 전) — 신규 매수 중단
→ 전종목 HOLD
✅ Discord 전송 완료

[09:08] HOLD | KODEX RSI72/+0.2%⬆️ | 보유:없음 | 최고신호 아이티엠반도체(084850) 5pt/4pt [RSI51 / MA골 / 호가3.8★ / 거래량증가]
💰 예수금 97,640원 | KODEX200 RSI72/+0.3% 상승추세⬆️  | 매수기준 점수4pt↑

코드      종목명           가격    RSI     변화율    거래량     BB   호가비  B/S
────────────────────────────────────────────────────────────────────────
[2단계 분석 대상: 000660, 005380, 042700, 084850, 012330]
403870  HPSP      53,900    0.0    +0.0%    0.0x     중간  0.62  0pt/0 [일봉]
⛔ 아우토크립트(137040) 호가 없음 (거래정지 의심)
055550  신한지주      95,600    0.0    +0.0%    0.0x     중간  2.28  2pt/0 [일봉]
035720  카카오       41,550    0.0    +0.0%    0.0x     중간  1.50  2pt/0 [일봉]
015760  한국전력      39,950    0.0    +0.0%    0.0x     중간  1.74  2pt/0 [일봉]
078930  GS        75,500    0.0    +0.0%    0.0x     중간  0.26  0pt/0 [일봉]
061250  화일약품       8,520    0.0    +0.0%    0.0x     중간  0.14  0pt/0 [일봉]
217820  원익피앤이      2,995    0.0    +0.0%    0.0x     중간  1.27  1pt/0 [일봉]
001510  SK증권       4,015    0.0    +0.0%    0.0x     중간  0.82  0pt/0 [일봉]
056080  유진로봇      24,850    0.0    +0.0%    0.0x     중간  2.52  2pt/0 [일봉]
084850  아이티엠반도체   14,400   71.2    +1.6%    0.0x     상단  3.42  3pt/0 [5분]
⛔ 금양(001570) 호가 없음 (거래정지 의심)

══════════════════════════════════════════════════
⏰ 장 초반 변동성 (9:20 전) — 신규 매수 중단
→ 전종목 HOLD
✅ Discord 전송 완료

[09:10] HOLD | KODEX RSI72/+0.3%⬆️ | 보유:없음 | 최고신호 아이티엠반도체(084850) 3pt/4pt [MA골 / 호가3.4★]
💰 예수금 97,640원 | KODEX200 RSI72/+0.1% 상승추세⬆️  | 매수기준 점수4pt↑

코드      종목명           가격    RSI     변화율    거래량     BB   호가비  B/S
────────────────────────────────────────────────────────────────────────
[2단계 분석 대상: 084850, 042700, 000270, 012330, 015760]
403870  HPSP      53,600    0.0    +0.0%    0.0x     중간  0.66  0pt/0 [일봉]
⛔ 아우토크립트(137040) 호가 없음 (거래정지 의심)
055550  신한지주      95,900    0.0    +0.0%    0.0x     중간  2.42  2pt/0 [일봉]
035720  카카오       41,500    0.0    +0.0%    0.0x     중간  1.58  2pt/0 [일봉]
015760  한국전력      40,000   45.5    +1.8%    0.1x     상단  2.81  3pt/0 [5분]
078930  GS        74,800    0.0    +0.0%    0.0x     중간  0.84  0pt/0 [일봉]
061250  화일약품       8,510    0.0    +0.0%    0.0x     중간  0.08  0pt/0 [일봉]
217820  원익피앤이      2,990    0.0    +0.0%    0.0x     중간  0.80  0pt/0 [일봉]
001510  SK증권       4,000    0.0    +0.0%    0.0x     중간  0.81  0pt/0 [일봉]
056080  유진로봇      24,500    0.0    +0.0%    0.0x     중간  2.09  2pt/0 [일봉]
084850  아이티엠반도체   14,390   71.2    +0.5%    0.0x     상단 18.10  3pt/0 [5분]
⛔ 금양(001570) 호가 없음 (거래정지 의심)

══════════════════════════════════════════════════
⏰ 장 초반 변동성 (9:20 전) — 신규 매수 중단
→ 전종목 HOLD
✅ Discord 전송 완료

[09:12] HOLD | KODEX RSI72/+0.1%⬆️ | 보유:없음 | 최고신호 한국전력(015760) 3pt/4pt [RSI46 / 호가2.8★]
💰 예수금 97,640원 | KODEX200 RSI72/+0.1% 상승추세⬆️  | 매수기준 점수4pt↑

코드      종목명           가격    RSI     변화율    거래량     BB   호가비  B/S
────────────────────────────────────────────────────────────────────────
[2단계 분석 대상: 084850, 056080, 005380, 034020, 012330]
403870  HPSP      53,600    0.0    +0.0%    0.0x     중간  0.80  0pt/0 [일봉]
⛔ 아우토크립트(137040) 호가 없음 (거래정지 의심)
055550  신한지주      95,800    0.0    +0.0%    0.0x     중간  1.94  2pt/0 [일봉]
035720  카카오       41,550    0.0    +0.0%    0.0x     중간  1.72  2pt/0 [일봉]
015760  한국전력      40,200    0.0    +0.0%    0.0x     중간  1.67  2pt/0 [일봉]
078930  GS        74,600    0.0    +0.0%    0.0x     중간  1.53  2pt/0 [일봉]
061250  화일약품       8,510    0.0    +0.0%    0.0x     중간  0.07  0pt/0 [일봉]
217820  원익피앤이      2,965    0.0    +0.0%    0.0x     중간  0.52  0pt/0 [일봉]
001510  SK증권       4,005    0.0    +0.0%    0.0x     중간  0.56  0pt/0 [일봉]
056080  유진로봇      24,100   35.0    -2.0%    0.1x     상단  4.59  6pt/0 [5분]
084850  아이티엠반도체   14,380   71.2    +1.4%    0.0x     상단 16.31  3pt/0 [5분]
⛔ 금양(001570) 호가 없음 (거래정지 의심)

══════════════════════════════════════════════════
⏰ 장 초반 변동성 (9:20 전) — 신규 매수 중단
→ 전종목 HOLD
✅ Discord 전송 완료

[09:14] HOLD | KODEX RSI72/+0.1%⬆️ | 보유:없음 | 최고신호 유진로봇(056080) 6pt/4pt [RSI35★ / 하락-2.0%★ / 호가4.6★]
💰 예수금 97,640원 | KODEX200 RSI71/-0.2% 상승추세⬆️  | 매수기준 점수4pt↑

코드      종목명           가격    RSI     변화율    거래량     BB   호가비  B/S
────────────────────────────────────────────────────────────────────────
[2단계 분석 대상: 034020, 001510, 078930, 056080, 042700]
403870  HPSP      53,500    0.0    +0.0%    0.0x     중간  2.45  2pt/0 [일봉]
⛔ 아우토크립트(137040) 호가 없음 (거래정지 의심)
055550  신한지주      96,100    0.0    +0.0%    0.0x     중간  1.53  2pt/0 [일봉]
035720  카카오       41,600    0.0    +0.0%    0.0x     중간  1.40  1pt/0 [일봉]
015760  한국전력      39,850    0.0    +0.0%    0.0x     중간  2.85  2pt/0 [일봉]
078930  GS        74,900   31.6    -0.4%    0.0x     상단  4.14  4pt/0 [5분]
061250  화일약품       8,510    0.0    +0.0%    0.0x     중간  0.06  0pt/0 [일봉]
217820  원익피앤이      2,970    0.0    +0.0%    0.0x     중간  0.88  0pt/0 [일봉]
001510  SK증권       3,960   42.1    +0.6%    0.0x     상단  5.48  4pt/0 [5분]
056080  유진로봇      24,400   35.0    -1.0%    0.1x     상단  3.89  5pt/0 [5분]
084850  아이티엠반도체   14,230    0.0    +0.0%    0.0x     중간  2.97  2pt/0 [일봉]
⛔ 금양(001570) 호가 없음 (거래정지 의심)

══════════════════════════════════════════════════
⏰ 장 초반 변동성 (9:20 전) — 신규 매수 중단
→ 전종목 HOLD
✅ Discord 전송 완료

[09:16] HOLD | KODEX RSI71/-0.2%⬆️ | 보유:없음 | 최고신호 유진로봇(056080) 5pt/4pt [RSI35★ / 하락-1.0% / 호가3.9★]
💰 예수금 97,640원 | KODEX200 RSI72/-0.2% 상승추세⬆️  | 매수기준 점수4pt↑

코드      종목명           가격    RSI     변화율    거래량     BB   호가비  B/S
────────────────────────────────────────────────────────────────────────
[2단계 분석 대상: 000270, 001510, 084850, 042700, 005380]
403870  HPSP      53,400    0.0    +0.0%    0.0x     중간  2.42  2pt/0 [일봉]
⛔ 아우토크립트(137040) 호가 없음 (거래정지 의심)
055550  신한지주      96,200    0.0    +0.0%    0.0x     중간  1.32  1pt/0 [일봉]
035720  카카오       41,550    0.0    +0.0%    0.0x     중간  1.40  1pt/0 [일봉]
015760  한국전력      39,900    0.0    +0.0%    0.0x     중간  1.23  1pt/0 [일봉]
078930  GS        75,800    0.0    +0.0%    0.0x     중간  1.13  0pt/0 [일봉]
061250  화일약품       8,510    0.0    +0.0%    0.0x     중간  0.08  0pt/0 [일봉]
217820  원익피앤이      2,980    0.0    +0.0%    0.0x     중간  0.72  0pt/0 [일봉]
001510  SK증권       3,955   42.1    +0.5%    0.0x     상단  6.44  4pt/0 [5분]
056080  유진로봇      24,500    0.0    +0.0%    0.0x     중간  2.42  2pt/0 [일봉]
084850  아이티엠반도체   14,300   65.2    +0.8%    0.1x     상단  3.17  2pt/0 [5분]
⛔ 금양(001570) 호가 없음 (거래정지 의심)

══════════════════════════════════════════════════
⏰ 장 초반 변동성 (9:20 전) — 신규 매수 중단
→ 전종목 HOLD
✅ Discord 전송 완료

[09:18] HOLD | KODEX RSI72/-0.2%⬆️ | 보유:없음 | 최고신호 SK증권(001510) 4pt/4pt [RSI42 / 호가6.4★ / 거래량증가]
💰 예수금 97,640원 | KODEX200 RSI72/-0.1% 상승추세⬆️  | 매수기준 점수4pt↑

코드      종목명           가격    RSI     변화율    거래량     BB   호가비  B/S
────────────────────────────────────────────────────────────────────────
[2단계 분석 대상: 001510, 005380, 000270, 012330, 042700]
403870  HPSP      53,600    0.0    +0.0%    0.0x     중간  1.05  0pt/0 [일봉]
⛔ 아우토크립트(137040) 호가 없음 (거래정지 의심)
055550  신한지주      96,400    0.0    +0.0%    0.0x     중간  0.71  0pt/0 [일봉]
035720  카카오       41,650    0.0    +0.0%    0.0x     중간  1.72  2pt/0 [일봉]
015760  한국전력      40,200    0.0    +0.0%    0.0x     중간  0.74  0pt/0 [일봉]
078930  GS        75,900    0.0    +0.0%    0.0x     중간  1.24  1pt/0 [일봉]
061250  화일약품       8,460    0.0    +0.0%    0.0x     중간  0.11  0pt/0 [일봉]
217820  원익피앤이      2,985    0.0    +0.0%    0.0x     중간  0.54  0pt/0 [일봉]
001510  SK증권       3,965   31.8    +1.1%    0.1x     상단  3.51  5pt/0 [5분]
056080  유진로봇      24,750    0.0    +0.0%    0.0x     중간  1.10  0pt/0 [일봉]
084850  아이티엠반도체   14,310    0.0    +0.0%    0.0x     중간  1.71  2pt/0 [일봉]
⛔ 금양(001570) 호가 없음 (거래정지 의심)

══════════════════════════════════════════════════
→ 전종목 HOLD
✅ Discord 전송 완료

[09:20] HOLD | KODEX RSI72/-0.1%⬆️ | 보유:없음 | 최고신호 SK증권(001510) 5pt/4pt [RSI32★ / 호가3.5★ / 거래량증가]
💰 예수금 97,640원 | KODEX200 RSI72/+0.4% 상승추세⬆️  | 매수기준 점수4pt↑

코드      종목명           가격    RSI     변화율    거래량     BB   호가비  B/S
────────────────────────────────────────────────────────────────────────
[2단계 분석 대상: 084850, 006400, 001510, 035720, 066970]
403870  HPSP      53,700    0.0    +0.0%    0.0x     중간  1.25  1pt/0 [일봉]
⛔ 아우토크립트(137040) 호가 없음 (거래정지 의심)
055550  신한지주      96,200    0.0    +0.0%    0.0x     중간  0.74  0pt/0 [일봉]
035720  카카오       41,550   57.1    -0.7%    0.1x     상단  1.85  2pt/0 [5분]
015760  한국전력      40,100    0.0    +0.0%    0.0x     중간  0.87  0pt/0 [일봉]
078930  GS        75,900    0.0    +0.0%    0.0x     중간  1.09  0pt/0 [일봉]
061250  화일약품       8,460    0.0    +0.0%    0.0x     중간  0.10  0pt/0 [일봉]
217820  원익피앤이      2,970    0.0    +0.0%    0.0x     중간  0.87  0pt/0 [일봉]
001510  SK증권       3,955   31.8    +0.8%    0.1x     상단  2.50  5pt/0 [5분]
056080  유진로봇      24,800    0.0    +0.0%    0.0x     중간  0.86  0pt/0 [일봉]
084850  아이티엠반도체   14,310   50.6    +0.9%    0.1x     상단  2.79  3pt/0 [5분]
⛔ 금양(001570) 호가 없음 (거래정지 의심)

══════════════════════════════════════════════════
→ 전종목 HOLD
✅ Discord 전송 완료

[09:22] HOLD | KODEX RSI72/+0.4%⬆️ | 보유:없음 | 최고신호 SK증권(001510) 5pt/4pt [RSI32★ / 호가2.5★ / 거래량증가]
💰 예수금 97,640원 | KODEX200 RSI72/+0.4% 상승추세⬆️  | 매수기준 점수4pt↑

코드      종목명           가격    RSI     변화율    거래량     BB   호가비  B/S
────────────────────────────────────────────────────────────────────────
[2단계 분석 대상: 084850, 001510, 403870, 079550, 012450]
403870  HPSP      53,500   45.9    +0.2%    0.1x     상단  2.13  3pt/0 [5분]
⛔ 아우토크립트(137040) 호가 없음 (거래정지 의심)
055550  신한지주      96,500    0.0    +0.0%    0.0x     중간  0.47  0pt/0 [일봉]
035720  카카오       41,700    0.0    +0.0%    0.0x     중간  1.41  1pt/0 [일봉]
015760  한국전력      40,400    0.0    +0.0%    0.0x     중간  0.51  0pt/0 [일봉]
078930  GS        76,600    0.0    +0.0%    0.0x     중간  0.54  0pt/0 [일봉]
061250  화일약품       8,460    0.0    +0.0%    0.0x     중간  0.11  0pt/0 [일봉]
217820  원익피앤이      2,985    0.0    +0.0%    0.0x     중간  0.73  0pt/0 [일봉]
001510  SK증권       3,960   22.7    +0.8%    0.1x     중간  2.36  4pt/0 [5분]
056080  유진로봇      24,850    0.0    +0.0%    0.0x     중간  0.87  0pt/0 [일봉]
084850  아이티엠반도체   14,300   33.0    +0.8%    0.1x     상단  3.29  4pt/0 [5분]
⛔ 금양(001570) 호가 없음 (거래정지 의심)

══════════════════════════════════════════════════
→ 전종목 HOLD
✅ Discord 전송 완료

[09:24] HOLD | KODEX RSI72/+0.4%⬆️ | 보유:없음 | 최고신호 SK증권(001510) 4pt/4pt [RSI23★ / 호가2.4★]
💰 예수금 97,640원 | KODEX200 RSI72/+0.1% 상승추세⬆️  | 매수기준 점수4pt↑

코드      종목명           가격    RSI     변화율    거래량     BB   호가비  B/S
────────────────────────────────────────────────────────────────────────
[2단계 분석 대상: 001510, 084850, 034020, 042700, 000270]
403870  HPSP      53,800    0.0    +0.0%    0.0x     중간  0.93  0pt/0 [일봉]
⛔ 아우토크립트(137040) 호가 없음 (거래정지 의심)
055550  신한지주      96,700    0.0    +0.0%    0.0x     중간  0.32  0pt/0 [일봉]
035720  카카오       41,750    0.0    +0.0%    0.0x     중간  1.49  1pt/0 [일봉]
015760  한국전력      40,250    0.0    +0.0%    0.0x     중간  0.69  0pt/0 [일봉]
078930  GS        76,400    0.0    +0.0%    0.0x     중간  0.50  0pt/0 [일봉]
061250  화일약품       8,440    0.0    +0.0%    0.0x     중간  0.12  0pt/0 [일봉]
217820  원익피앤이      2,980    0.0    +0.0%    0.0x     중간  0.53  0pt/0 [일봉]
001510  SK증권       3,945   22.7    +0.5%    0.1x     중간  5.97  4pt/0 [5분]
056080  유진로봇      25,150    0.0    +0.0%    0.0x     중간  0.84  0pt/0 [일봉]
084850  아이티엠반도체   14,280   33.0    +0.6%    0.1x     상단  2.99  4pt/0 [5분]
⛔ 금양(001570) 호가 없음 (거래정지 의심)

══════════════════════════════════════════════════
→ 전종목 HOLD
✅ Discord 전송 완료

[09:26] HOLD | KODEX RSI72/+0.1%⬆️ | 보유:없음 | 최고신호 SK증권(001510) 4pt/4pt [RSI23★ / 호가6.0★]
💰 예수금 97,640원 | KODEX200 RSI72/+0.1% 상승추세⬆️  | 매수기준 점수4pt↑

코드      종목명           가격    RSI     변화율    거래량     BB   호가비  B/S
────────────────────────────────────────────────────────────────────────
[2단계 분석 대상: 001510, 034020, 042700, 005380, 000270]
403870  HPSP      53,500    0.0    +0.0%    0.0x     중간  1.88  2pt/0 [일봉]
⛔ 아우토크립트(137040) 호가 없음 (거래정지 의심)
055550  신한지주      96,800    0.0    +0.0%    0.0x     중간  0.41  0pt/0 [일봉]
035720  카카오       41,850    0.0    +0.0%    0.0x     중간  1.53  2pt/0 [일봉]
015760  한국전력      40,150    0.0    +0.0%    0.0x     중간  0.87  0pt/0 [일봉]
078930  GS        76,200    0.0    +0.0%    0.0x     중간  0.48  0pt/0 [일봉]
061250  화일약품       8,480    0.0    +0.0%    0.0x     중간  0.79  0pt/0 [일봉]
217820  원익피앤이      2,970    0.0    +0.0%    0.0x     중간  0.75  0pt/0 [일봉]
001510  SK증권       3,935   22.7    +0.2%    0.1x     중간  4.56  4pt/0 [5분]
056080  유진로봇      24,800    0.0    +0.0%    0.0x     중간  1.39  1pt/0 [일봉]
084850  아이티엠반도체   14,270    0.0    +0.0%    0.0x     중간  1.35  1pt/0 [일봉]
⛔ 금양(001570) 호가 없음 (거래정지 의심)

══════════════════════════════════════════════════
→ 전종목 HOLD
✅ Discord 전송 완료

[09:28] HOLD | KODEX RSI72/+0.1%⬆️ | 보유:없음 | 최고신호 SK증권(001510) 4pt/4pt [RSI23★ / 호가4.6★]
💰 예수금 97,640원 | KODEX200 RSI72/+0.2% 상승추세⬆️  | 매수기준 점수4pt↑

코드      종목명           가격    RSI     변화율    거래량     BB   호가비  B/S
────────────────────────────────────────────────────────────────────────
[2단계 분석 대상: 000270, 001510, 034020, 035720, 042700]
403870  HPSP      53,800    0.0    +0.0%    0.0x     중간  0.85  0pt/0 [일봉]
⛔ 아우토크립트(137040) 호가 없음 (거래정지 의심)
055550  신한지주      96,800    0.0    +0.0%    0.0x     중간  0.42  0pt/0 [일봉]
035720  카카오       41,800   52.6    -0.1%    0.1x     상단  2.37  3pt/0 [5분]
015760  한국전력      40,050    0.0    +0.0%    0.0x     중간  1.12  0pt/0 [일봉]
078930  GS        76,100    0.0    +0.0%    0.0x     중간  0.55  0pt/0 [일봉]
061250  화일약품       8,480    0.0    +0.0%    0.0x     중간  0.65  0pt/0 [일봉]
217820  원익피앤이      2,970    0.0    +0.0%    0.0x     중간  0.78  0pt/0 [일봉]
001510  SK증권       3,930   15.0    +0.1%    0.1x     중간  5.71  4pt/0 [5분]
056080  유진로봇      24,750    0.0    +0.0%    0.0x     중간  1.25  1pt/0 [일봉]
084850  아이티엠반도체   14,300    0.0    +0.0%    0.0x     중간  1.38  1pt/0 [일봉]
⛔ 금양(001570) 호가 없음 (거래정지 의심)

══════════════════════════════════════════════════
→ 전종목 HOLD
✅ Discord 전송 완료

[09:30] HOLD | KODEX RSI72/+0.2%⬆️ | 보유:없음 | 최고신호 SK증권(001510) 4pt/4pt [RSI15★ / 호가5.7★]
💰 예수금 97,640원 | KODEX200 RSI72/+0.3% 상승추세⬆️  | 매수기준 점수4pt↑

코드      종목명           가격    RSI     변화율    거래량     BB   호가비  B/S
────────────────────────────────────────────────────────────────────────
[2단계 분석 대상: 000270, 042700, 034020, 035720, 005380]
403870  HPSP      53,600    0.0    +0.0%    0.0x     중간  1.18  0pt/0 [일봉]
⛔ 아우토크립트(137040) 호가 없음 (거래정지 의심)
055550  신한지주      97,400    0.0    +0.0%    0.0x     중간  0.45  0pt/0 [일봉]
035720  카카오       41,800   52.6    +0.1%    0.1x     상단  2.09  3pt/0 [5분]
015760  한국전력      40,050    0.0    +0.0%    0.0x     중간  1.18  0pt/0 [일봉]
078930  GS        76,100    0.0    +0.0%    0.0x     중간  1.07  0pt/0 [일봉]
061250  화일약품       8,480    0.0    +0.0%    0.0x     중간  0.65  0pt/0 [일봉]
217820  원익피앤이      2,975    0.0    +0.0%    0.0x     중간  1.55  2pt/0 [일봉]
001510  SK증권       3,915    0.0    +0.0%    0.0x     중간  0.81  0pt/0 [일봉]
056080  유진로봇      24,850    0.0    +0.0%    0.0x     중간  0.72  0pt/0 [일봉]
084850  아이티엠반도체   14,290    0.0    +0.0%    0.0x     중간  1.19  0pt/0 [일봉]
⛔ 금양(001570) 호가 없음 (거래정지 의심)

══════════════════════════════════════════════════
→ 전종목 HOLD
✅ Discord 전송 완료

[09:32] HOLD | KODEX RSI72/+0.3%⬆️ | 보유:없음 | 최고신호 카카오(035720) 3pt/4pt [RSI53 / 호가2.1★]
💰 예수금 97,640원 | KODEX200 RSI72/+0.1% 상승추세⬆️  | 매수기준 점수4pt↑

코드      종목명           가격    RSI     변화율    거래량     BB   호가비  B/S
────────────────────────────────────────────────────────────────────────
[2단계 분석 대상: 000270, 001510, 034020, 012330, 005380]
403870  HPSP      53,400    0.0    +0.0%    0.0x     중간  1.98  2pt/0 [일봉]
⛔ 아우토크립트(137040) 호가 없음 (거래정지 의심)
055550  신한지주      96,900    0.0    +0.0%    0.0x     중간  0.40  0pt/0 [일봉]
035720  카카오       41,900    0.0    +0.0%    0.0x     중간  1.58  2pt/0 [일봉]
015760  한국전력      39,850    0.0    +0.0%    0.0x     중간  2.24  2pt/0 [일봉]
078930  GS        76,200    0.0    +0.0%    0.0x     중간  0.75  0pt/0 [일봉]
061250  화일약품       8,450    0.0    +0.0%    0.0x     중간  0.61  0pt/0 [일봉]
217820  원익피앤이      2,985    0.0    +0.0%    0.0x     중간  1.57  2pt/0 [일봉]
001510  SK증권       3,925    4.6    -0.4%    0.1x     중간  4.29  4pt/0 [5분]
056080  유진로봇      24,900    0.0    +0.0%    0.0x     중간  0.50  0pt/0 [일봉]
084850  아이티엠반도체   14,300    0.0    +0.0%    0.0x     중간  1.09  0pt/0 [일봉]
⛔ 금양(001570) 호가 없음 (거래정지 의심)

══════════════════════════════════════════════════
→ 전종목 HOLD
✅ Discord 전송 완료

[09:34] HOLD | KODEX RSI72/+0.1%⬆️ | 보유:없음 | 최고신호 SK증권(001510) 4pt/4pt [RSI5★ / 호가4.3★]
💰 예수금 97,640원 | KODEX200 RSI72/+0.4% 상승추세⬆️  | 매수기준 점수4pt↑

코드      종목명           가격    RSI     변화율    거래량     BB   호가비  B/S
────────────────────────────────────────────────────────────────────────
[2단계 분석 대상: 000270, 001510, 138040, 005380, 042700]
403870  HPSP      53,100    0.0    +0.0%    0.0x     중간  1.74  2pt/0 [일봉]
⛔ 아우토크립트(137040) 호가 없음 (거래정지 의심)
055550  신한지주      97,400    0.0    +0.0%    0.0x     중간  0.23  0pt/0 [일봉]
035720  카카오       41,950    0.0    +0.0%    0.0x     중간  1.30  1pt/0 [일봉]
015760  한국전력      39,950    0.0    +0.0%    0.0x     중간  1.65  2pt/0 [일봉]
078930  GS        76,700    0.0    +0.0%    0.0x     중간  0.63  0pt/0 [일봉]
061250  화일약품       8,440    0.0    +0.0%    0.0x     중간  0.70  0pt/0 [일봉]
217820  원익피앤이      2,985    0.0    +0.0%    0.0x     중간  0.80  0pt/0 [일봉]
001510  SK증권       3,900    4.6    -0.6%    0.1x     중간  4.49  4pt/0 [5분]
056080  유진로봇      24,850    0.0    +0.0%    0.0x     중간  0.70  0pt/0 [일봉]
084850  아이티엠반도체   14,300    0.0    +0.0%    0.0x     중간  0.83  0pt/0 [일봉]
⛔ 금양(001570) 호가 없음 (거래정지 의심)

══════════════════════════════════════════════════
→ 전종목 HOLD
✅ Discord 전송 완료

[09:36] HOLD | KODEX RSI72/+0.4%⬆️ | 보유:없음 | 최고신호 SK증권(001510) 4pt/4pt [RSI5★ / 호가4.5★]
💰 예수금 97,640원 | KODEX200 RSI72/+0.5% 상승추세⬆️  | 매수기준 점수4pt↑

코드      종목명           가격    RSI     변화율    거래량     BB   호가비  B/S
────────────────────────────────────────────────────────────────────────
[2단계 분석 대상: 000270, 042700, 403870, 005380, 034020]
403870  HPSP      53,100   25.0    +0.0%    0.1x     상단  1.83  4pt/0 [5분]
⛔ 아우토크립트(137040) 호가 없음 (거래정지 의심)
055550  신한지주      97,200    0.0    +0.0%    0.0x     중간  0.30  0pt/0 [일봉]
035720  카카오       42,100    0.0    +0.0%    0.0x     중간  0.67  0pt/0 [일봉]
015760  한국전력      40,000    0.0    +0.0%    0.0x     중간  1.40  1pt/0 [일봉]
078930  GS        76,700    0.0    +0.0%    0.0x     중간  0.61  0pt/0 [일봉]
061250  화일약품       8,440    0.0    +0.0%    0.0x     중간  0.67  0pt/0 [일봉]
217820  원익피앤이      2,985    0.0    +0.0%    0.0x     중간  1.12  0pt/0 [일봉]
001510  SK증권       3,910    0.0    +0.0%    0.0x     중간  1.37  1pt/0 [일봉]
056080  유진로봇      25,000    0.0    +0.0%    0.0x     중간  0.57  0pt/0 [일봉]
084850  아이티엠반도체   14,300    0.0    +0.0%    0.0x     중간  0.90  0pt/0 [일봉]
⛔ 금양(001570) 호가 없음 (거래정지 의심)

══════════════════════════════════════════════════
→ 전종목 HOLD
✅ Discord 전송 완료

[09:38] HOLD | KODEX RSI72/+0.5%⬆️ | 보유:없음 | 최고신호 HPSP(403870) 4pt/4pt [RSI25★ / 호가1.8★]
💰 예수금 97,640원 | KODEX200 RSI72/+0.5% 상승추세⬆️  | 매수기준 점수4pt↑

코드      종목명           가격    RSI     변화율    거래량     BB   호가비  B/S
────────────────────────────────────────────────────────────────────────
[2단계 분석 대상: 000270, 042700, 005380, 138040, 084850]
403870  HPSP      53,600    0.0    +0.0%    0.0x     중간  0.60  0pt/0 [일봉]
⛔ 아우토크립트(137040) 호가 없음 (거래정지 의심)
055550  신한지주      97,300    0.0    +0.0%    0.0x     중간  0.35  0pt/0 [일봉]
035720  카카오       42,150    0.0    +0.0%    0.0x     중간  0.52  0pt/0 [일봉]
015760  한국전력      40,050    0.0    +0.0%    0.0x     중간  1.19  0pt/0 [일봉]
078930  GS        76,400    0.0    +0.0%    0.0x     중간  0.57  0pt/0 [일봉]
061250  화일약품       8,440    0.0    +0.0%    0.0x     중간  0.67  0pt/0 [일봉]
217820  원익피앤이      2,980    0.0    +0.0%    0.0x     중간  1.18  0pt/0 [일봉]
001510  SK증권       3,920    0.0    +0.0%    0.0x     중간  1.26  1pt/0 [일봉]
056080  유진로봇      25,000    0.0    +0.0%    0.0x     중간  0.74  0pt/0 [일봉]
084850  아이티엠반도체   14,350   31.8    +1.3%    0.1x     상단  1.44  3pt/0 [5분]
⛔ 금양(001570) 호가 없음 (거래정지 의심)

══════════════════════════════════════════════════
→ 전종목 HOLD
✅ Discord 전송 완료

[09:40] HOLD | KODEX RSI72/+0.5%⬆️ | 보유:없음 | 최고신호 아이티엠반도체(084850) 3pt/4pt [RSI32★ / 호가1.4]
💰 예수금 97,640원 | KODEX200 RSI72/+0.3% 상승추세⬆️  | 매수기준 점수4pt↑

코드      종목명           가격    RSI     변화율    거래량     BB   호가비  B/S
────────────────────────────────────────────────────────────────────────
[2단계 분석 대상: 000270, 217820, 001510, 042700, 034020]
403870  HPSP      53,600    0.0    +0.0%    0.0x     중간  0.63  0pt/0 [일봉]
⛔ 아우토크립트(137040) 호가 없음 (거래정지 의심)
055550  신한지주      97,400    0.0    +0.0%    0.0x     중간  0.28  0pt/0 [일봉]
035720  카카오       42,100    0.0    +0.0%    0.0x     중간  0.57  0pt/0 [일봉]
015760  한국전력      40,000    0.0    +0.0%    0.0x     중간  1.50  2pt/0 [일봉]
078930  GS        76,300    0.0    +0.0%    0.0x     중간  0.49  0pt/0 [일봉]
061250  화일약품       8,430    0.0    +0.0%    0.0x     중간  0.64  0pt/0 [일봉]
217820  원익피앤이      3,010   20.0    +4.0%    0.1x     상단  4.98  4pt/0 [5분]
001510  SK증권       3,925    4.3    +0.1%    0.1x     중간  4.57  4pt/0 [5분]
056080  유진로봇      25,250    0.0    +0.0%    0.0x     중간  0.48  0pt/0 [일봉]
084850  아이티엠반도체   14,370    0.0    +0.0%    0.0x     중간  0.98  0pt/0 [일봉]
⛔ 금양(001570) 호가 없음 (거래정지 의심)

══════════════════════════════════════════════════
→ 전종목 HOLD
✅ Discord 전송 완료

[09:42] HOLD | KODEX RSI72/+0.3%⬆️ | 보유:없음 | 최고신호 원익피앤이(217820) 4pt/4pt [RSI20★ / 호가5.0★]
💰 예수금 97,640원 | KODEX200 RSI72/+0.4% 상승추세⬆️  | 매수기준 점수4pt↑

코드      종목명           가격    RSI     변화율    거래량     BB   호가비  B/S
────────────────────────────────────────────────────────────────────────
[2단계 분석 대상: 000270, 042700, 066970, 217820, 005380]
403870  HPSP      53,600    0.0    +0.0%    0.0x     중간  0.57  0pt/0 [일봉]
⛔ 아우토크립트(137040) 호가 없음 (거래정지 의심)
035720  카카오       42,200    0.0    +0.0%    0.0x     중간  0.54  0pt/0 [일봉]
015760  한국전력      40,050    0.0    +0.0%    0.0x     중간  1.42  1pt/0 [일봉]
078930  GS        76,600    0.0    +0.0%    0.0x     중간  0.47  0pt/0 [일봉]
061250  화일약품       8,440    0.0    +0.0%    0.0x     중간  0.60  0pt/0 [일봉]
217820  원익피앤이      3,005   20.0    +3.8%    0.1x     상단  2.82  4pt/0 [5분]
001510  SK증권       3,940    0.0    +0.0%    0.0x     중간  1.73  2pt/0 [일봉]
056080  유진로봇      25,150    0.0    +0.0%    0.0x     중간  0.53  0pt/0 [일봉]
084850  아이티엠반도체   14,350    0.0    +0.0%    0.0x     중간  0.92  0pt/0 [일봉]
⛔ 금양(001570) 호가 없음 (거래정지 의심)

══════════════════════════════════════════════════
→ 전종목 HOLD
✅ Discord 전송 완료

[09:44] HOLD | KODEX RSI72/+0.4%⬆️ | 보유:없음 | 최고신호 원익피앤이(217820) 4pt/4pt [RSI20★ / 호가2.8★]
💰 예수금 97,640원 | KODEX200 RSI72/+0.5% 상승추세⬆️  | 매수기준 점수4pt↑

코드      종목명           가격    RSI     변화율    거래량     BB   호가비  B/S
────────────────────────────────────────────────────────────────────────
[2단계 분석 대상: 000270, 217820, 042700, 001510, 005380]
403870  HPSP      53,600    0.0    +0.0%    0.0x     중간  0.62  0pt/0 [일봉]
⛔ 아우토크립트(137040) 호가 없음 (거래정지 의심)
035720  카카오       42,150    0.0    +0.0%    0.0x     중간  0.52  0pt/0 [일봉]
015760  한국전력      40,200    0.0    +0.0%    0.0x     중간  0.87  0pt/0 [일봉]
078930  GS        76,500    0.0    +0.0%    0.0x     중간  0.52  0pt/0 [일봉]
061250  화일약품       8,440    0.0    +0.0%    0.0x     중간  0.60  0pt/0 [일봉]
217820  원익피앤이      3,010   17.0    +3.8%    0.1x     상단  2.88  4pt/0 [5분]
001510  SK증권       3,930   15.6    +0.1%    0.1x     중간  2.13  4pt/0 [5분]
056080  유진로봇      25,150    0.0    +0.0%    0.0x     중간  0.65  0pt/0 [일봉]
084850  아이티엠반도체   14,350    0.0    +0.0%    0.0x     중간  0.84  0pt/0 [일봉]
⛔ 금양(001570) 호가 없음 (거래정지 의심)

══════════════════════════════════════════════════
→ 전종목 HOLD
✅ Discord 전송 완료

[09:46] HOLD | KODEX RSI72/+0.5%⬆️ | 보유:없음 | 최고신호 원익피앤이(217820) 4pt/4pt [RSI17★ / 호가2.9★]
💰 예수금 97,640원 | KODEX200 RSI72/+0.3% 상승추세⬆️  | 매수기준 점수4pt↑

코드      종목명           가격    RSI     변화율    거래량     BB   호가비  B/S
────────────────────────────────────────────────────────────────────────
[2단계 분석 대상: 000270, 217820, 042700, 005380, 034020]
403870  HPSP      53,700    0.0    +0.0%    0.0x     중간  0.53  0pt/0 [일봉]
⛔ 아우토크립트(137040) 호가 없음 (거래정지 의심)
035720  카카오       42,150    0.0    +0.0%    0.0x     중간  1.11  0pt/0 [일봉]
015760  한국전력      40,100    0.0    +0.0%    0.0x     중간  1.25  1pt/0 [일봉]
078930  GS        76,400    0.0    +0.0%    0.0x     중간  0.87  0pt/0 [일봉]
061250  화일약품       8,450    0.0    +0.0%    0.0x     중간  0.67  0pt/0 [일봉]
217820  원익피앤이      3,000   17.0    +3.8%    0.1x     상단  5.51  4pt/0 [5분]
001510  SK증권       3,925    0.0    +0.0%    0.0x     중간  1.25  1pt/0 [일봉]
056080  유진로봇      25,150    0.0    +0.0%    0.0x     중간  0.60  0pt/0 [일봉]
084850  아이티엠반도체   14,350    0.0    +0.0%    0.0x     중간  0.95  0pt/0 [일봉]
⛔ 금양(001570) 호가 없음 (거래정지 의심)

══════════════════════════════════════════════════
→ 전종목 HOLD
✅ Discord 전송 완료

[09:48] HOLD | KODEX RSI72/+0.3%⬆️ | 보유:없음 | 최고신호 원익피앤이(217820) 4pt/4pt [RSI17★ / 호가5.5★]
💰 예수금 97,640원 | KODEX200 RSI72/+0.1% 상승추세⬆️  | 매수기준 점수4pt↑

코드      종목명           가격    RSI     변화율    거래량     BB   호가비  B/S
────────────────────────────────────────────────────────────────────────
[2단계 분석 대상: 000270, 005380, 034020, 042700, 217820]
403870  HPSP      53,600    0.0    +0.0%    0.0x     중간  0.68  0pt/0 [일봉]
⛔ 아우토크립트(137040) 호가 없음 (거래정지 의심)
035720  카카오       42,250    0.0    +0.0%    0.0x     중간  0.66  0pt/0 [일봉]
015760  한국전력      40,100    0.0    +0.0%    0.0x     중간  1.60  2pt/0 [일봉]
078930  GS        76,300    0.0    +0.0%    0.0x     중간  0.54  0pt/0 [일봉]
061250  화일약품       8,440    0.0    +0.0%    0.0x     중간  0.64  0pt/0 [일봉]
217820  원익피앤이      3,005   30.2    +4.0%    0.1x     상단  2.46  5pt/0 [5분]
001510  SK증권       3,915    0.0    +0.0%    0.0x     중간  1.66  2pt/0 [일봉]
056080  유진로봇      25,000    0.0    +0.0%    0.0x     중간  0.79  0pt/0 [일봉]
084850  아이티엠반도체   14,370    0.0    +0.0%    0.0x     중간  1.73  2pt/0 [일봉]
⛔ 금양(001570) 호가 없음 (거래정지 의심)

══════════════════════════════════════════════════
→ 전종목 HOLD
✅ Discord 전송 완료

[09:50] HOLD | KODEX RSI72/+0.1%⬆️ | 보유:없음 | 최고신호 원익피앤이(217820) 5pt/4pt [RSI30★ / 호가2.5★ / 거래량증가]
💰 예수금 97,640원 | KODEX200 RSI72/+0.1% 상승추세⬆️  | 매수기준 점수4pt↑

코드      종목명           가격    RSI     변화율    거래량     BB   호가비  B/S
────────────────────────────────────────────────────────────────────────
[2단계 분석 대상: 000270, 005380, 084850, 042700, 034020]
403870  HPSP      53,300    0.0    +0.0%    0.0x     중간  1.79  2pt/0 [일봉]
⛔ 아우토크립트(137040) 호가 없음 (거래정지 의심)
035720  카카오       42,200    0.0    +0.0%    0.0x     중간  1.04  0pt/0 [일봉]
015760  한국전력      40,100    0.0    +0.0%    0.0x     중간  1.41  1pt/0 [일봉]
078930  GS        76,200    0.0    +0.0%    0.0x     중간  0.36  0pt/0 [일봉]
061250  화일약품       8,440    0.0    +0.0%    0.0x     중간  0.62  0pt/0 [일봉]
217820  원익피앤이      3,005    0.0    +0.0%    0.0x     중간  2.73  2pt/0 [일봉]
001510  SK증권       3,920    0.0    +0.0%    0.0x     중간  1.56  2pt/0 [일봉]
056080  유진로봇      25,100    0.0    +0.0%    0.0x     중간  0.51  0pt/0 [일봉]
084850  아이티엠반도체   14,390   28.2    +1.5%    0.1x     상단  3.85  4pt/0 [5분]
⛔ 금양(001570) 호가 없음 (거래정지 의심)

══════════════════════════════════════════════════
→ 전종목 HOLD
✅ Discord 전송 완료

[09:52] HOLD | KODEX RSI72/+0.1%⬆️ | 보유:없음 | 최고신호 아이티엠반도체(084850) 4pt/4pt [RSI28★ / 호가3.9★]
💰 예수금 97,640원 | KODEX200 RSI71/-0.3% 상승추세⬆️  | 매수기준 점수4pt↑

코드      종목명           가격    RSI     변화율    거래량     BB   호가비  B/S
────────────────────────────────────────────────────────────────────────
[2단계 분석 대상: 066970, 005380, 000660, 217820, 012330]
403870  HPSP      53,100    0.0    +0.0%    0.0x     중간  2.44  2pt/0 [일봉]
⛔ 아우토크립트(137040) 호가 없음 (거래정지 의심)
035720  카카오       42,450    0.0    +0.0%    0.0x     중간  0.59  0pt/0 [일봉]
015760  한국전력      39,950    0.0    +0.0%    0.0x     중간  1.85  2pt/0 [일봉]
078930  GS        76,200    0.0    +0.0%    0.0x     중간  0.45  0pt/0 [일봉]
061250  화일약품       8,440    0.0    +0.0%    0.0x     중간  0.74  0pt/0 [일봉]
217820  원익피앤이      3,000   30.2    +3.8%    0.1x     상단  4.33  5pt/0 [5분]
001510  SK증권       3,915    0.0    +0.0%    0.0x     중간  1.17  0pt/0 [일봉]
056080  유진로봇      25,000    0.0    +0.0%    0.0x     중간  0.73  0pt/0 [일봉]
084850  아이티엠반도체   14,410    0.0    +0.0%    0.0x     중간  2.78  2pt/0 [일봉]
⛔ 금양(001570) 호가 없음 (거래정지 의심)

══════════════════════════════════════════════════
→ 전종목 HOLD
✅ Discord 전송 완료

[09:54] HOLD | KODEX RSI71/-0.3%⬆️ | 보유:없음 | 최고신호 원익피앤이(217820) 5pt/4pt [RSI30★ / 호가4.3★ / 거래량증가]
💰 예수금 97,640원 | KODEX200 RSI71/-0.4% 상승추세⬆️  | 매수기준 점수4pt↑

코드      종목명           가격    RSI     변화율    거래량     BB   호가비  B/S
────────────────────────────────────────────────────────────────────────
[2단계 분석 대상: 005380, 012330, 000660, 042700, 217820]
403870  HPSP      53,200    0.0    +0.0%    0.0x     중간  2.06  2pt/0 [일봉]
⛔ 아우토크립트(137040) 호가 없음 (거래정지 의심)
035720  카카오       42,350    0.0    +0.0%    0.0x     중간  0.64  0pt/0 [일봉]
015760  한국전력      39,900    0.0    +0.0%    0.0x     중간  1.82  2pt/0 [일봉]
078930  GS        76,400    0.0    +0.0%    0.0x     중간  0.51  0pt/0 [일봉]
061250  화일약품       8,480    0.0    +0.0%    0.0x     중간  0.87  0pt/0 [일봉]
217820  원익피앤이      3,000   30.8    +3.6%    0.1x     상단  4.03  4pt/0 [5분]
001510  SK증권       3,900    0.0    +0.0%    0.0x     중간  1.99  2pt/0 [일봉]
056080  유진로봇      25,000    0.0    +0.0%    0.0x     중간  0.78  0pt/0 [일봉]
084850  아이티엠반도체   14,390    0.0    +0.0%    0.0x     중간  1.43  1pt/0 [일봉]
⛔ 금양(001570) 호가 없음 (거래정지 의심)

══════════════════════════════════════════════════
→ 전종목 HOLD
✅ Discord 전송 완료

[09:56] HOLD | KODEX RSI71/-0.4%⬆️ | 보유:없음 | 최고신호 원익피앤이(217820) 4pt/4pt [RSI31★ / 호가4.0★]
💰 예수금 97,640원 | KODEX200 RSI71/-0.6% 상승추세⬆️  | 매수기준 점수4pt↑

코드      종목명           가격    RSI     변화율    거래량     BB   호가비  B/S
────────────────────────────────────────────────────────────────────────
[2단계 분석 대상: 000270, 005380, 051910, 217820, 012330]
403870  HPSP      53,100    0.0    +0.0%    0.0x     중간  2.17  2pt/0 [일봉]
⛔ 아우토크립트(137040) 호가 없음 (거래정지 의심)
035720  카카오       42,500    0.0    +0.0%    0.0x     중간  0.59  0pt/0 [일봉]
015760  한국전력      40,000    0.0    +0.0%    0.0x     중간  1.46  1pt/0 [일봉]
078930  GS        76,400    0.0    +0.0%    0.0x     중간  0.62  0pt/0 [일봉]
061250  화일약품       8,510    0.0    +0.0%    0.0x     중간  1.99  2pt/0 [일봉]
217820  원익피앤이      2,990   30.8    +3.1%    0.1x     상단  3.97  4pt/0 [5분]
001510  SK증권       3,900    0.0    +0.0%    0.0x     중간  3.31  2pt/0 [일봉]
056080  유진로봇      24,800    0.0    +0.0%    0.0x     중간  2.32  2pt/0 [일봉]
084850  아이티엠반도체   14,340    0.0    +0.0%    0.0x     중간  1.28  1pt/0 [일봉]
⛔ 금양(001570) 호가 없음 (거래정지 의심)

══════════════════════════════════════════════════
→ 전종목 HOLD
✅ Discord 전송 완료

[09:58] HOLD | KODEX RSI71/-0.6%⬆️ | 보유:없음 | 최고신호 원익피앤이(217820) 4pt/4pt [RSI31★ / 호가4.0★]
💰 예수금 97,640원 | KODEX200 RSI71/-0.4% 상승추세⬆️  | 매수기준 점수4pt↑

코드      종목명           가격    RSI     변화율    거래량     BB   호가비  B/S
────────────────────────────────────────────────────────────────────────
[2단계 분석 대상: 061250, 000270, 005380, 000660, 042700]
403870  HPSP      52,900    0.0    +0.0%    0.0x     중간  3.26  2pt/0 [일봉]
⛔ 아우토크립트(137040) 호가 없음 (거래정지 의심)
035720  카카오       42,400    0.0    +0.0%    0.0x     중간  1.26  1pt/0 [일봉]
015760  한국전력      40,000    0.0    +0.0%    0.0x     중간  1.37  1pt/0 [일봉]
078930  GS        76,200    0.0    +0.0%    0.0x     중간  0.46  0pt/0 [일봉]
061250  화일약품       8,510   55.6    -0.2%    0.1x     하단  8.67  5pt/0 [5분]
217820  원익피앤이      3,005    0.0    +0.0%    0.0x     중간  2.83  2pt/0 [일봉]
001510  SK증권       3,910    0.0    +0.0%    0.0x     중간  2.14  2pt/0 [일봉]
056080  유진로봇      24,800    0.0    +0.0%    0.0x     중간  2.17  2pt/0 [일봉]
084850  아이티엠반도체   14,290    0.0    +0.0%    0.0x     중간  0.73  0pt/0 [일봉]
⛔ 금양(001570) 호가 없음 (거래정지 의심)

══════════════════════════════════════════════════
→ 전종목 HOLD
✅ Discord 전송 완료

[10:00] HOLD | KODEX RSI71/-0.4%⬆️ | 보유:없음 | 최고신호 화일약품(061250) 5pt/4pt [BB하단★ / 호가8.7★ / 거래량증가]
💰 예수금 97,640원 | KODEX200 RSI71/-0.6% 상승추세⬆️  | 매수기준 점수4pt↑

코드      종목명           가격    RSI     변화율    거래량     BB   호가비  B/S
────────────────────────────────────────────────────────────────────────
[2단계 분석 대상: 000270, 005380, 061250, 217820, 012330]
403870  HPSP      53,100    0.0    +0.0%    0.0x     중간  1.45  1pt/0 [일봉]
⛔ 아우토크립트(137040) 호가 없음 (거래정지 의심)
035720  카카오       42,200    0.0    +0.0%    0.0x     중간  2.49  2pt/0 [일봉]
015760  한국전력      39,900    0.0    +0.0%    0.0x     중간  1.62  2pt/0 [일봉]
078930  GS        76,100    0.0    +0.0%    0.0x     중간  0.78  0pt/0 [일봉]
061250  화일약품       8,510   52.6    -0.2%    0.1x     하단  6.67  5pt/0 [5분]
217820  원익피앤이      3,010   29.4    +4.2%    0.1x     상단  6.14  4pt/0 [5분]
001510  SK증권       3,910    0.0    +0.0%    0.0x     중간  1.60  2pt/0 [일봉]
056080  유진로봇      24,800    0.0    +0.0%    0.0x     중간  1.87  2pt/0 [일봉]
084850  아이티엠반도체   14,410    0.0    +0.0%    0.0x     중간  1.26  1pt/0 [일봉]
⛔ 금양(001570) 호가 없음 (거래정지 의심)

══════════════════════════════════════════════════
→ 전종목 HOLD
✅ Discord 전송 완료

[10:02] HOLD | KODEX RSI71/-0.6%⬆️ | 보유:없음 | 최고신호 화일약품(061250) 5pt/4pt [RSI53 / BB하단★ / 호가6.7★]
💰 예수금 97,640원 | KODEX200 RSI71/-0.3% 상승추세⬆️  | 매수기준 점수4pt↑

코드      종목명           가격    RSI     변화율    거래량     BB   호가비  B/S
────────────────────────────────────────────────────────────────────────
[2단계 분석 대상: 005380, 061250, 042700, 000270, 006400]
403870  HPSP      53,100    0.0    +0.0%    0.0x     중간  1.36  1pt/0 [일봉]
⛔ 아우토크립트(137040) 호가 없음 (거래정지 의심)
035720  카카오       42,350    0.0    +0.0%    0.0x     중간  1.01  0pt/0 [일봉]
015760  한국전력      39,850    0.0    +0.0%    0.0x     중간  1.80  2pt/0 [일봉]
078930  GS        76,200    0.0    +0.0%    0.0x     중간  0.45  0pt/0 [일봉]
061250  화일약품       8,540   39.1    +0.1%    0.1x     하단  4.43  6pt/0 [5분]
217820  원익피앤이      3,025    0.0    +0.0%    0.0x     중간  2.27  2pt/0 [일봉]
001510  SK증권       3,910    0.0    +0.0%    0.0x     중간  1.69  2pt/0 [일봉]
056080  유진로봇      24,750    0.0    +0.0%    0.0x     중간  1.07  0pt/0 [일봉]
084850  아이티엠반도체   14,450    0.0    +0.0%    0.0x     중간  1.04  0pt/0 [일봉]
⛔ 금양(001570) 호가 없음 (거래정지 의심)

══════════════════════════════════════════════════
→ 전종목 HOLD
✅ Discord 전송 완료

[10:04] HOLD | KODEX RSI71/-0.3%⬆️ | 보유:없음 | 최고신호 화일약품(061250) 6pt/4pt [RSI39★ / BB하단★ / 호가4.4★]
💰 예수금 97,640원 | KODEX200 RSI71/-0.6% 상승추세⬆️  | 매수기준 점수4pt↑

코드      종목명           가격    RSI     변화율    거래량     BB   호가비  B/S
────────────────────────────────────────────────────────────────────────
[2단계 분석 대상: 005380, 000660, 000270, 061250, 012330]
403870  HPSP      53,200    0.0    +0.0%    0.0x     중간  1.30  1pt/0 [일봉]
⛔ 아우토크립트(137040) 호가 없음 (거래정지 의심)
035720  카카오       42,300    0.0    +0.0%    0.0x     중간  1.24  1pt/0 [일봉]
015760  한국전력      39,800    0.0    +0.0%    0.0x     중간  1.56  2pt/0 [일봉]
078930  GS        76,100    0.0    +0.0%    0.0x     중간  0.55  0pt/0 [일봉]
061250  화일약품       8,540   39.1    +0.1%    0.1x     하단  4.40  6pt/0 [5분]
217820  원익피앤이      3,030    0.0    +0.0%    0.0x     중간  1.64  2pt/0 [일봉]
001510  SK증권       3,895    0.0    +0.0%    0.0x     중간  2.46  2pt/0 [일봉]
056080  유진로봇      24,650    0.0    +0.0%    0.0x     중간  1.89  2pt/0 [일봉]
084850  아이티엠반도체   14,490    0.0    +0.0%    0.0x     중간  0.31  0pt/0 [일봉]
⛔ 금양(001570) 호가 없음 (거래정지 의심)

══════════════════════════════════════════════════
→ 전종목 HOLD
✅ Discord 전송 완료

[10:06] HOLD | KODEX RSI71/-0.6%⬆️ | 보유:없음 | 최고신호 화일약품(061250) 6pt/4pt [RSI39★ / BB하단★ / 호가4.4★]
💰 예수금 97,640원 | KODEX200 RSI71/-0.6% 상승추세⬆️  | 매수기준 점수4pt↑

코드      종목명           가격    RSI     변화율    거래량     BB   호가비  B/S
────────────────────────────────────────────────────────────────────────
[2단계 분석 대상: 000660, 042700, 061250, 005380, 000270]
403870  HPSP      53,200    0.0    +0.0%    0.0x     중간  1.38  1pt/0 [일봉]
⛔ 아우토크립트(137040) 호가 없음 (거래정지 의심)
035720  카카오       42,350    0.0    +0.0%    0.0x     중간  1.20  1pt/0 [일봉]
015760  한국전력      39,800    0.0    +0.0%    0.0x     중간  1.68  2pt/0 [일봉]
078930  GS        76,200    0.0    +0.0%    0.0x     중간  0.39  0pt/0 [일봉]
061250  화일약품       8,540   39.1    +0.1%    0.1x     하단  3.97  6pt/0 [5분]
217820  원익피앤이      3,030    0.0    +0.0%    0.0x     중간  1.62  2pt/0 [일봉]
001510  SK증권       3,880    0.0    +0.0%    0.0x     중간  2.06  2pt/0 [일봉]
056080  유진로봇      24,800    0.0    +0.0%    0.0x     중간  1.16  0pt/0 [일봉]
084850  아이티엠반도체   14,400    0.0    +0.0%    0.0x     중간  0.80  0pt/0 [일봉]
⛔ 금양(001570) 호가 없음 (거래정지 의심)

══════════════════════════════════════════════════
→ 전종목 HOLD
✅ Discord 전송 완료

[10:08] HOLD | KODEX RSI71/-0.6%⬆️ | 보유:없음 | 최고신호 화일약품(061250) 6pt/4pt [RSI39★ / BB하단★ / 호가4.0★]
💰 예수금 97,640원 | KODEX200 RSI71/-0.3% 상승추세⬆️  | 매수기준 점수4pt↑

코드      종목명           가격    RSI     변화율    거래량     BB   호가비  B/S
────────────────────────────────────────────────────────────────────────
[2단계 분석 대상: 005380, 217820, 061250, 042700, 005930]
403870  HPSP      53,400    0.0    +0.0%    0.0x     중간  1.16  0pt/0 [일봉]
⛔ 아우토크립트(137040) 호가 없음 (거래정지 의심)
035720  카카오       42,350    0.0    +0.0%    0.0x     중간  1.45  1pt/0 [일봉]
015760  한국전력      39,850    0.0    +0.0%    0.0x     중간  1.34  1pt/0 [일봉]
078930  GS        76,400    0.0    +0.0%    0.0x     중간  0.56  0pt/0 [일봉]
061250  화일약품       8,540   39.1    +0.1%    0.1x     하단  4.26  6pt/0 [5분]
217820  원익피앤이      3,025   27.5    +4.2%    0.1x     상단  4.27  4pt/0 [5분]
001510  SK증권       3,895    0.0    +0.0%    0.0x     중간  2.47  2pt/0 [일봉]
056080  유진로봇      24,900    0.0    +0.0%    0.0x     중간  0.70  0pt/0 [일봉]
084850  아이티엠반도체   14,380    0.0    +0.0%    0.0x     중간  1.64  2pt/0 [일봉]
⛔ 금양(001570) 호가 없음 (거래정지 의심)

══════════════════════════════════════════════════
→ 전종목 HOLD
✅ Discord 전송 완료

[10:10] HOLD | KODEX RSI71/-0.3%⬆️ | 보유:없음 | 최고신호 화일약품(061250) 6pt/4pt [RSI39★ / BB하단★ / 호가4.3★]
💰 예수금 97,640원 | KODEX200 RSI72/-0.2% 상승추세⬆️  | 매수기준 점수4pt↑

코드      종목명           가격    RSI     변화율    거래량     BB   호가비  B/S
────────────────────────────────────────────────────────────────────────
[2단계 분석 대상: 061250, 066970, 217820, 012450, 005380]
403870  HPSP      53,300    0.0    +0.0%    0.0x     중간  1.30  1pt/0 [일봉]
⛔ 아우토크립트(137040) 호가 없음 (거래정지 의심)
035720  카카오       42,350    0.0    +0.0%    0.0x     중간  1.32  1pt/0 [일봉]
015760  한국전력      39,900    0.0    +0.0%    0.0x     중간  1.42  1pt/0 [일봉]
078930  GS        76,200    0.0    +0.0%    0.0x     중간  0.35  0pt/0 [일봉]
061250  화일약품       8,540   39.1    +0.1%    0.1x     하단  4.28  6pt/0 [5분]
217820  원익피앤이      3,020   27.5    +4.2%    0.1x     상단  3.37  4pt/0 [5분]
001510  SK증권       3,915    0.0    +0.0%    0.0x     중간  1.14  0pt/0 [일봉]
056080  유진로봇      25,000    0.0    +0.0%    0.0x     중간  0.49  0pt/0 [일봉]
084850  아이티엠반도체   14,380    0.0    +0.0%    0.0x     중간  1.70  2pt/0 [일봉]
⛔ 금양(001570) 호가 없음 (거래정지 의심)

══════════════════════════════════════════════════
→ 전종목 HOLD
✅ Discord 전송 완료

[10:12] HOLD | KODEX RSI72/-0.2%⬆️ | 보유:없음 | 최고신호 화일약품(061250) 6pt/4pt [RSI39★ / BB하단★ / 호가4.3★]
💰 예수금 97,640원 | KODEX200 RSI72/-0.0% 상승추세⬆️  | 매수기준 점수4pt↑

코드      종목명           가격    RSI     변화율    거래량     BB   호가비  B/S
────────────────────────────────────────────────────────────────────────
[2단계 분석 대상: 012450, 061250, 051910, 217820, 066970]
403870  HPSP      53,400    0.0    +0.0%    0.0x     중간  1.09  0pt/0 [일봉]
⛔ 아우토크립트(137040) 호가 없음 (거래정지 의심)
035720  카카오       42,400    0.0    +0.0%    0.0x     중간  1.28  1pt/0 [일봉]
015760  한국전력      40,000    0.0    +0.0%    0.0x     중간  1.14  0pt/0 [일봉]
078930  GS        76,100    0.0    +0.0%    0.0x     중간  0.75  0pt/0 [일봉]
061250  화일약품       8,540   39.1    +0.1%    0.1x     하단  4.26  6pt/0 [5분]
217820  원익피앤이      3,010   27.5    +4.2%    0.1x     상단  2.99  4pt/0 [5분]
001510  SK증권       3,915    0.0    +0.0%    0.0x     중간  1.39  1pt/0 [일봉]
056080  유진로봇      25,000    0.0    +0.0%    0.0x     중간  0.57  0pt/0 [일봉]
084850  아이티엠반도체   14,320    0.0    +0.0%    0.0x     중간  2.25  2pt/0 [일봉]
⛔ 금양(001570) 호가 없음 (거래정지 의심)

══════════════════════════════════════════════════
→ 전종목 HOLD
✅ Discord 전송 완료

[10:14] HOLD | KODEX RSI72/-0.0%⬆️ | 보유:없음 | 최고신호 화일약품(061250) 6pt/4pt [RSI39★ / BB하단★ / 호가4.3★]
💰 예수금 97,640원 | KODEX200 RSI72/+0.1% 상승추세⬆️  | 매수기준 점수4pt↑

코드      종목명           가격    RSI     변화율    거래량     BB   호가비  B/S
────────────────────────────────────────────────────────────────────────
[2단계 분석 대상: 012450, 051910, 061250, 084850, 005380]
403870  HPSP      53,500    0.0    +0.0%    0.0x     중간  1.17  0pt/0 [일봉]
⛔ 아우토크립트(137040) 호가 없음 (거래정지 의심)
035720  카카오       42,300    0.0    +0.0%    0.0x     중간  1.19  0pt/0 [일봉]
015760  한국전력      39,950    0.0    +0.0%    0.0x     중간  1.28  1pt/0 [일봉]
078930  GS        76,200    0.0    +0.0%    0.0x     중간  0.46  0pt/0 [일봉]
061250  화일약품       8,540   39.1    +0.1%    0.1x     하단  2.57  6pt/0 [5분]
217820  원익피앤이      3,000    0.0    +0.0%    0.0x     중간  1.66  2pt/0 [일봉]
001510  SK증권       3,920    0.0    +0.0%    0.0x     중간  0.99  0pt/0 [일봉]
056080  유진로봇      24,850    0.0    +0.0%    0.0x     중간  1.42  1pt/0 [일봉]
084850  아이티엠반도체   14,360   27.3    +1.3%    0.1x     상단  2.26  4pt/0 [5분]
⛔ 금양(001570) 호가 없음 (거래정지 의심)

══════════════════════════════════════════════════
→ 전종목 HOLD
✅ Discord 전송 완료

[10:16] HOLD | KODEX RSI72/+0.1%⬆️ | 보유:없음 | 최고신호 화일약품(061250) 6pt/4pt [RSI39★ / BB하단★ / 호가2.6★]
💰 예수금 97,640원 | KODEX200 RSI72/+0.0% 상승추세⬆️  | 매수기준 점수4pt↑

코드      종목명           가격    RSI     변화율    거래량     BB   호가비  B/S
────────────────────────────────────────────────────────────────────────
[2단계 분석 대상: 217820, 012450, 084850, 051910, 000270]
403870  HPSP      53,500    0.0    +0.0%    0.0x     중간  1.29  1pt/0 [일봉]
⛔ 아우토크립트(137040) 호가 없음 (거래정지 의심)
035720  카카오       42,300    0.0    +0.0%    0.0x     중간  1.50  2pt/0 [일봉]
015760  한국전력      39,900    0.0    +0.0%    0.0x     중간  1.44  1pt/0 [일봉]
078930  GS        76,300    0.0    +0.0%    0.0x     중간  0.52  0pt/0 [일봉]
061250  화일약품       8,530    0.0    +0.0%    0.0x     중간  1.90  2pt/0 [일봉]
217820  원익피앤이      3,010   25.9    +4.0%    0.1x     상단  8.11  4pt/0 [5분]
001510  SK증권       3,920    0.0    +0.0%    0.0x     중간  0.96  0pt/0 [일봉]
056080  유진로봇      24,800    0.0    +0.0%    0.0x     중간  1.69  2pt/0 [일봉]
084850  아이티엠반도체   14,320   27.3    +1.0%    0.1x     상단  2.75  4pt/0 [5분]
⛔ 금양(001570) 호가 없음 (거래정지 의심)

══════════════════════════════════════════════════
→ 전종목 HOLD
✅ Discord 전송 완료

[10:18] HOLD | KODEX RSI72/+0.0%⬆️ | 보유:없음 | 최고신호 원익피앤이(217820) 4pt/4pt [RSI26★ / 호가8.1★]
💰 예수금 97,640원 | KODEX200 RSI72/+0.2% 상승추세⬆️  | 매수기준 점수4pt↑

코드      종목명           가격    RSI     변화율    거래량     BB   호가비  B/S
────────────────────────────────────────────────────────────────────────
[2단계 분석 대상: 217820, 012450, 084850, 079550, 051910]
403870  HPSP      53,600    0.0    +0.0%    0.0x     중간  0.73  0pt/0 [일봉]
⛔ 아우토크립트(137040) 호가 없음 (거래정지 의심)
035720  카카오       42,350    0.0    +0.0%    0.0x     중간  1.36  1pt/0 [일봉]
015760  한국전력      40,000    0.0    +0.0%    0.0x     중간  1.23  1pt/0 [일봉]
078930  GS        76,300    0.0    +0.0%    0.0x     중간  0.46  0pt/0 [일봉]
061250  화일약품       8,530    0.0    +0.0%    0.0x     중간  1.65  2pt/0 [일봉]
217820  원익피앤이      3,015   23.3    +4.3%    0.1x     상단  7.74  4pt/0 [5분]
001510  SK증권       3,920    0.0    +0.0%    0.0x     중간  1.08  0pt/0 [일봉]
056080  유진로봇      24,750    0.0    +0.0%    0.0x     중간  2.21  2pt/0 [일봉]
084850  아이티엠반도체   14,310   26.7    +0.9%    0.1x     상단  2.81  4pt/0 [5분]
⛔ 금양(001570) 호가 없음 (거래정지 의심)

══════════════════════════════════════════════════
→ 전종목 HOLD
✅ Discord 전송 완료

[10:20] HOLD | KODEX RSI72/+0.2%⬆️ | 보유:없음 | 최고신호 원익피앤이(217820) 4pt/4pt [RSI23★ / 호가7.7★]
💰 예수금 97,640원 | KODEX200 RSI72/+0.2% 상승추세⬆️  | 매수기준 점수4pt↑

코드      종목명           가격    RSI     변화율    거래량     BB   호가비  B/S
────────────────────────────────────────────────────────────────────────
[2단계 분석 대상: 084850, 217820, 066970, 079550, 035420]
403870  HPSP      53,300    0.0    +0.0%    0.0x     중간  1.68  2pt/0 [일봉]
⛔ 아우토크립트(137040) 호가 없음 (거래정지 의심)
035720  카카오       42,250    0.0    +0.0%    0.0x     중간  1.35  1pt/0 [일봉]
015760  한국전력      39,950    0.0    +0.0%    0.0x     중간  1.32  1pt/0 [일봉]
078930  GS        76,400    0.0    +0.0%    0.0x     중간  0.43  0pt/0 [일봉]
061250  화일약품       8,530    0.0    +0.0%    0.0x     중간  1.65  2pt/0 [일봉]
217820  원익피앤이      3,020   23.3    +4.3%    0.1x     상단  3.55  4pt/0 [5분]
001510  SK증권       3,915    0.0    +0.0%    0.0x     중간  1.24  1pt/0 [일봉]
056080  유진로봇      24,750    0.0    +0.0%    0.0x     중간  2.24  2pt/0 [일봉]
084850  아이티엠반도체   14,300   26.7    +0.8%    0.1x     상단  3.84  4pt/0 [5분]
⛔ 금양(001570) 호가 없음 (거래정지 의심)

══════════════════════════════════════════════════
→ 전종목 HOLD
✅ Discord 전송 완료

[10:22] HOLD | KODEX RSI72/+0.2%⬆️ | 보유:없음 | 최고신호 원익피앤이(217820) 4pt/4pt [RSI23★ / 호가3.5★]
💰 예수금 97,640원 | KODEX200 RSI72/+0.1% 상승추세⬆️  | 매수기준 점수4pt↑

코드      종목명           가격    RSI     변화율    거래량     BB   호가비  B/S
────────────────────────────────────────────────────────────────────────
[2단계 분석 대상: 066970, 084850, 217820, 207940, 005380]
403870  HPSP      53,300    0.0    +0.0%    0.0x     중간  1.66  2pt/0 [일봉]
⛔ 아우토크립트(137040) 호가 없음 (거래정지 의심)
035720  카카오       42,250    0.0    +0.0%    0.0x     중간  1.39  1pt/0 [일봉]
015760  한국전력      39,900    0.0    +0.0%    0.0x     중간  1.43  1pt/0 [일봉]
078930  GS        76,500    0.0    +0.0%    0.0x     중간  0.49  0pt/0 [일봉]
061250  화일약품       8,530    0.0    +0.0%    0.0x     중간  1.65  2pt/0 [일봉]
217820  원익피앤이      3,010   23.3    +3.8%    0.2x     상단  3.02  4pt/0 [5분]
001510  SK증권       3,910    0.0    +0.0%    0.0x     중간  1.56  2pt/0 [일봉]
056080  유진로봇      24,750    0.0    +0.0%    0.0x     중간  1.67  2pt/0 [일봉]
084850  아이티엠반도체   14,310   28.2    +0.8%    0.1x     상단  3.21  4pt/0 [5분]
⛔ 금양(001570) 호가 없음 (거래정지 의심)

══════════════════════════════════════════════════
→ 전종목 HOLD
✅ Discord 전송 완료

[10:24] HOLD | KODEX RSI72/+0.1%⬆️ | 보유:없음 | 최고신호 원익피앤이(217820) 4pt/4pt [RSI23★ / 호가3.0★]
💰 예수금 97,640원 | KODEX200 RSI72/+0.1% 상승추세⬆️  | 매수기준 점수4pt↑

코드      종목명           가격    RSI     변화율    거래량     BB   호가비  B/S
────────────────────────────────────────────────────────────────────────
[2단계 분석 대상: 084850, 012450, 217820, 005380, 207940]
403870  HPSP      53,300    0.0    +0.0%    0.0x     중간  1.65  2pt/0 [일봉]
⛔ 아우토크립트(137040) 호가 없음 (거래정지 의심)
035720  카카오       42,250    0.0    +0.0%    0.0x     중간  1.46  1pt/0 [일봉]
015760  한국전력      39,900    0.0    +0.0%    0.0x     중간  1.45  1pt/0 [일봉]
078930  GS        76,200    0.0    +0.0%    0.0x     중간  0.34  0pt/0 [일봉]
061250  화일약품       8,500    0.0    +0.0%    0.0x     중간  0.55  0pt/0 [일봉]
217820  원익피앤이      3,005   25.8    +3.8%    0.2x     상단  3.39  4pt/0 [5분]
001510  SK증권       3,930    0.0    +0.0%    0.0x     중간  1.07  0pt/0 [일봉]
056080  유진로봇      24,800    0.0    +0.0%    0.0x     중간  1.31  1pt/0 [일봉]
084850  아이티엠반도체   14,360   28.2    +0.9%    0.1x     상단  3.98  4pt/0 [5분]
⛔ 금양(001570) 호가 없음 (거래정지 의심)

══════════════════════════════════════════════════
→ 전종목 HOLD
✅ Discord 전송 완료

[10:26] HOLD | KODEX RSI72/+0.1%⬆️ | 보유:없음 | 최고신호 원익피앤이(217820) 4pt/4pt [RSI26★ / 호가3.4★]
💰 예수금 97,640원 | KODEX200 RSI72/-0.1% 상승추세⬆️  | 매수기준 점수4pt↑

코드      종목명           가격    RSI     변화율    거래량     BB   호가비  B/S
────────────────────────────────────────────────────────────────────────
[2단계 분석 대상: 012450, 207940, 005380, 084850, 217820]
403870  HPSP      53,200    0.0    +0.0%    0.0x     중간  1.59  2pt/0 [일봉]
⛔ 아우토크립트(137040) 호가 없음 (거래정지 의심)
035720  카카오       42,200    0.0    +0.0%    0.0x     중간  1.53  2pt/0 [일봉]
015760  한국전력      39,850    0.0    +0.0%    0.0x     중간  1.48  1pt/0 [일봉]
078930  GS        76,300    0.0    +0.0%    0.0x     중간  0.29  0pt/0 [일봉]
061250  화일약품       8,500    0.0    +0.0%    0.0x     중간  0.53  0pt/0 [일봉]
217820  원익피앤이      3,010   25.8    +4.0%    0.2x     상단  2.89  4pt/0 [5분]
001510  SK증권       3,960    0.0    +0.0%    0.0x     중간  0.95  0pt/0 [일봉]
056080  유진로봇      24,800    0.0    +0.0%    0.0x     중간  1.31  1pt/0 [일봉]
084850  아이티엠반도체   14,350   28.2    +0.8%    0.1x     상단  3.61  4pt/0 [5분]
⛔ 금양(001570) 호가 없음 (거래정지 의심)

══════════════════════════════════════════════════
→ 전종목 HOLD
✅ Discord 전송 완료

[10:28] HOLD | KODEX RSI72/-0.1%⬆️ | 보유:없음 | 최고신호 원익피앤이(217820) 4pt/4pt [RSI26★ / 호가2.9★]
💰 예수금 97,640원 | KODEX200 RSI72/-0.2% 상승추세⬆️  | 매수기준 점수4pt↑

코드      종목명           가격    RSI     변화율    거래량     BB   호가비  B/S
────────────────────────────────────────────────────────────────────────
[2단계 분석 대상: 012450, 084850, 005380, 000270, 217820]
403870  HPSP      53,200    0.0    +0.0%    0.0x     중간  1.64  2pt/0 [일봉]
⛔ 아우토크립트(137040) 호가 없음 (거래정지 의심)
035720  카카오       42,200    0.0    +0.0%    0.0x     중간  1.46  1pt/0 [일봉]
015760  한국전력      39,800    0.0    +0.0%    0.0x     중간  1.34  1pt/0 [일봉]
078930  GS        76,200    0.0    +0.0%    0.0x     중간  0.37  0pt/0 [일봉]
061250  화일약품       8,500    0.0    +0.0%    0.0x     중간  0.54  0pt/0 [일봉]
217820  원익피앤이      3,010   26.2    +4.2%    0.2x     상단  3.11  5pt/0 [5분]
001510  SK증권       3,955    0.0    +0.0%    0.0x     중간  0.76  0pt/0 [일봉]
056080  유진로봇      24,800    0.0    +0.0%    0.0x     중간  1.37  1pt/0 [일봉]
084850  아이티엠반도체   14,360   29.6    +0.8%    0.1x     상단  5.23  4pt/0 [5분]
⛔ 금양(001570) 호가 없음 (거래정지 의심)

══════════════════════════════════════════════════
→ 전종목 HOLD
✅ Discord 전송 완료

[10:30] HOLD | KODEX RSI72/-0.2%⬆️ | 보유:없음 | 최고신호 원익피앤이(217820) 5pt/4pt [RSI26★ / 호가3.1★ / 거래량증가]
💰 예수금 97,640원 | KODEX200 RSI72/-0.0% 상승추세⬆️  | 매수기준 점수4pt↑

코드      종목명           가격    RSI     변화율    거래량     BB   호가비  B/S
────────────────────────────────────────────────────────────────────────
[2단계 분석 대상: 217820, 084850, 051910, 207940, 005380]
403870  HPSP      53,400    0.0    +0.0%    0.0x     중간  1.43  1pt/0 [일봉]
⛔ 아우토크립트(137040) 호가 없음 (거래정지 의심)
035720  카카오       42,200    0.0    +0.0%    0.0x     중간  1.50  2pt/0 [일봉]
015760  한국전력      39,850    0.0    +0.0%    0.0x     중간  1.54  2pt/0 [일봉]
078930  GS        76,300    0.0    +0.0%    0.0x     중간  0.38  0pt/0 [일봉]
061250  화일약품       8,500    0.0    +0.0%    0.0x     중간  0.89  0pt/0 [일봉]
217820  원익피앤이      3,025   26.2    +4.7%    0.2x     상단  3.59  5pt/0 [5분]
001510  SK증권       3,950    0.0    +0.0%    0.0x     중간  1.42  1pt/0 [일봉]
056080  유진로봇      24,800    0.0    +0.0%    0.0x     중간  1.39  1pt/0 [일봉]
084850  아이티엠반도체   14,360   29.6    +0.9%    0.1x     상단  2.79  4pt/0 [5분]
⛔ 금양(001570) 호가 없음 (거래정지 의심)

══════════════════════════════════════════════════
→ 전종목 HOLD
✅ Discord 전송 완료

[10:32] HOLD | KODEX RSI72/-0.0%⬆️ | 보유:없음 | 최고신호 원익피앤이(217820) 5pt/4pt [RSI26★ / 호가3.6★ / 거래량증가]
💰 예수금 97,640원 | KODEX200 RSI72/+0.1% 상승추세⬆️  | 매수기준 점수4pt↑

코드      종목명           가격    RSI     변화율    거래량     BB   호가비  B/S
────────────────────────────────────────────────────────────────────────
[2단계 분석 대상: 068270, 217820, 084850, 051910, 056080]
403870  HPSP      53,400    0.0    +0.0%    0.0x     중간  1.36  1pt/0 [일봉]
⛔ 아우토크립트(137040) 호가 없음 (거래정지 의심)
035720  카카오       42,300    0.0    +0.0%    0.0x     중간  1.19  0pt/0 [일봉]
015760  한국전력      39,900    0.0    +0.0%    0.0x     중간  1.50  2pt/0 [일봉]
078930  GS        76,300    0.0    +0.0%    0.0x     중간  0.35  0pt/0 [일봉]
061250  화일약품       8,500    0.0    +0.0%    0.0x     중간  0.89  0pt/0 [일봉]
217820  원익피앤이      3,020   26.2    +4.5%    0.2x     상단  3.46  5pt/0 [5분]
001510  SK증권       3,940    0.0    +0.0%    0.0x     중간  1.47  1pt/0 [일봉]
056080  유진로봇      24,700    6.5    +0.2%    0.2x     중간  2.04  4pt/0 [5분]
084850  아이티엠반도체   14,360   44.3    +0.9%    0.1x     상단  2.74  3pt/0 [5분]
⛔ 금양(001570) 호가 없음 (거래정지 의심)

══════════════════════════════════════════════════
→ 전종목 HOLD
✅ Discord 전송 완료

[10:34] HOLD | KODEX RSI72/+0.1%⬆️ | 보유:없음 | 최고신호 원익피앤이(217820) 5pt/4pt [RSI26★ / 호가3.5★ / 거래량증가]
💰 예수금 97,640원 | KODEX200 RSI72/+0.2% 상승추세⬆️  | 매수기준 점수4pt↑

코드      종목명           가격    RSI     변화율    거래량     BB   호가비  B/S
────────────────────────────────────────────────────────────────────────
[2단계 분석 대상: 217820, 084850, 051910, 068270, 042700]
403870  HPSP      53,400    0.0    +0.0%    0.0x     중간  1.38  1pt/0 [일봉]
⛔ 아우토크립트(137040) 호가 없음 (거래정지 의심)
035720  카카오       42,250    0.0    +0.0%    0.0x     중간  1.51  2pt/0 [일봉]
015760  한국전력      39,900    0.0    +0.0%    0.0x     중간  1.51  2pt/0 [일봉]
078930  GS        76,500    0.0    +0.0%    0.0x     중간  0.54  0pt/0 [일봉]
061250  화일약품       8,500    0.0    +0.0%    0.0x     중간  0.97  0pt/0 [일봉]
217820  원익피앤이      3,020   31.1    +4.5%    0.2x     상단  3.44  4pt/0 [5분]
001510  SK증권       3,950    0.0    +0.0%    0.0x     중간  1.00  0pt/0 [일봉]
056080  유진로봇      24,700    0.0    +0.0%    0.0x     중간  2.07  2pt/0 [일봉]
084850  아이티엠반도체   14,370   44.3    +1.3%    0.1x     상단  2.51  3pt/0 [5분]
⛔ 금양(001570) 호가 없음 (거래정지 의심)

══════════════════════════════════════════════════
→ 전종목 HOLD
✅ Discord 전송 완료

[10:36] HOLD | KODEX RSI72/+0.2%⬆️ | 보유:없음 | 최고신호 원익피앤이(217820) 4pt/4pt [RSI31★ / 호가3.4★]
💰 예수금 97,640원 | KODEX200 RSI72/+0.2% 상승추세⬆️  | 매수기준 점수4pt↑

코드      종목명           가격    RSI     변화율    거래량     BB   호가비  B/S
────────────────────────────────────────────────────────────────────────
[2단계 분석 대상: 068270, 217820, 051910, 084850, 005380]
403870  HPSP      53,500    0.0    +0.0%    0.0x     중간  1.17  0pt/0 [일봉]
⛔ 아우토크립트(137040) 호가 없음 (거래정지 의심)
035720  카카오       42,250    0.0    +0.0%    0.0x     중간  1.41  1pt/0 [일봉]
015760  한국전력      39,900    0.0    +0.0%    0.0x     중간  1.31  1pt/0 [일봉]
078930  GS        76,400    0.0    +0.0%    0.0x     중간  0.49  0pt/0 [일봉]
061250  화일약품       8,500    0.0    +0.0%    0.0x     중간  0.99  0pt/0 [일봉]
217820  원익피앤이      3,025   31.1    +4.7%    0.2x     상단  3.08  4pt/0 [5분]
001510  SK증권       3,945    0.0    +0.0%    0.0x     중간  0.81  0pt/0 [일봉]
056080  유진로봇      24,750    0.0    +0.0%    0.0x     중간  1.51  2pt/0 [일봉]
084850  아이티엠반도체   14,340   44.3    +1.1%    0.1x     상단  2.11  3pt/0 [5분]
⛔ 금양(001570) 호가 없음 (거래정지 의심)

══════════════════════════════════════════════════
→ 전종목 HOLD
✅ Discord 전송 완료

[10:38] HOLD | KODEX RSI72/+0.2%⬆️ | 보유:없음 | 최고신호 원익피앤이(217820) 4pt/4pt [RSI31★ / 호가3.1★]
💰 예수금 97,640원 | KODEX200 RSI72/+0.3% 상승추세⬆️  | 매수기준 점수4pt↑

코드      종목명           가격    RSI     변화율    거래량     BB   호가비  B/S
────────────────────────────────────────────────────────────────────────
[2단계 분석 대상: 217820, 068270, 066970, 084850, 051910]
403870  HPSP      53,600    0.0    +0.0%    0.0x     중간  0.79  0pt/0 [일봉]
⛔ 아우토크립트(137040) 호가 없음 (거래정지 의심)
035720  카카오       42,250    0.0    +0.0%    0.0x     중간  1.38  1pt/0 [일봉]
015760  한국전력      39,900    0.0    +0.0%    0.0x     중간  1.36  1pt/0 [일봉]
078930  GS        76,200    0.0    +0.0%    0.0x     중간  0.51  0pt/0 [일봉]
061250  화일약품       8,480    0.0    +0.0%    0.0x     중간  0.97  0pt/0 [일봉]
217820  원익피앤이      3,025   31.1    +4.5%    0.2x     상단  3.04  4pt/0 [5분]
001510  SK증권       3,940    0.0    +0.0%    0.0x     중간  0.93  0pt/0 [일봉]
056080  유진로봇      24,800    0.0    +0.0%    0.0x     중간  1.32  1pt/0 [일봉]
084850  아이티엠반도체   14,340   44.3    +1.1%    0.1x     상단  2.29  3pt/0 [5분]
⛔ 금양(001570) 호가 없음 (거래정지 의심)

══════════════════════════════════════════════════
→ 전종목 HOLD
✅ Discord 전송 완료

[10:40] HOLD | KODEX RSI72/+0.3%⬆️ | 보유:없음 | 최고신호 원익피앤이(217820) 4pt/4pt [RSI31★ / 호가3.0★]
💰 예수금 97,640원 | KODEX200 RSI72/+0.2% 상승추세⬆️  | 매수기준 점수4pt↑

코드      종목명           가격    RSI     변화율    거래량     BB   호가비  B/S
────────────────────────────────────────────────────────────────────────
[2단계 분석 대상: 217820, 068270, 084850, 051910, 042700]
403870  HPSP      53,600    0.0    +0.0%    0.0x     중간  0.82  0pt/0 [일봉]
⛔ 아우토크립트(137040) 호가 없음 (거래정지 의심)
035720  카카오       42,250    0.0    +0.0%    0.0x     중간  1.33  1pt/0 [일봉]
015760  한국전력      39,850    0.0    +0.0%    0.0x     중간  1.22  1pt/0 [일봉]
078930  GS        76,000    0.0    +0.0%    0.0x     중간  0.31  0pt/0 [일봉]
061250  화일약품       8,480    0.0    +0.0%    0.0x     중간  1.07  0pt/0 [일봉]
217820  원익피앤이      3,025   31.1    +4.2%    0.2x     상단  3.39  4pt/0 [5분]
001510  SK증권       3,920    0.0    +0.0%    0.0x     중간  1.90  2pt/0 [일봉]
056080  유진로봇      24,750    0.0    +0.0%    0.0x     중간  1.73  2pt/0 [일봉]
084850  아이티엠반도체   14,340   31.0    +1.1%    0.1x     상단  2.27  4pt/0 [5분]
⛔ 금양(001570) 호가 없음 (거래정지 의심)

══════════════════════════════════════════════════
→ 전종목 HOLD
✅ Discord 전송 완료

[10:42] HOLD | KODEX RSI72/+0.2%⬆️ | 보유:없음 | 최고신호 원익피앤이(217820) 4pt/4pt [RSI31★ / 호가3.4★]
💰 예수금 97,640원 | KODEX200 RSI72/+0.4% 상승추세⬆️  | 매수기준 점수4pt↑

코드      종목명           가격    RSI     변화율    거래량     BB   호가비  B/S
────────────────────────────────────────────────────────────────────────
[2단계 분석 대상: 217820, 068270, 051910, 042700, 207940]
403870  HPSP      53,600    0.0    +0.0%    0.0x     중간  0.85  0pt/0 [일봉]
⛔ 아우토크립트(137040) 호가 없음 (거래정지 의심)
035720  카카오       42,250    0.0    +0.0%    0.0x     중간  1.33  1pt/0 [일봉]
015760  한국전력      39,900    0.0    +0.0%    0.0x     중간  1.33  1pt/0 [일봉]
078930  GS        75,900    0.0    +0.0%    0.0x     중간  0.30  0pt/0 [일봉]
061250  화일약품       8,480    0.0    +0.0%    0.0x     중간  0.68  0pt/0 [일봉]
217820  원익피앤이      3,020   31.1    +4.4%    0.2x     상단  4.10  4pt/0 [5분]
001510  SK증권       3,920    0.0    +0.0%    0.0x     중간  1.89  2pt/0 [일봉]
056080  유진로봇      24,800    0.0    +0.0%    0.0x     중간  1.51  2pt/0 [일봉]
084850  아이티엠반도체   14,330    0.0    +0.0%    0.0x     중간  1.79  2pt/0 [일봉]
⛔ 금양(001570) 호가 없음 (거래정지 의심)

══════════════════════════════════════════════════
→ 전종목 HOLD
✅ Discord 전송 완료

[10:44] HOLD | KODEX RSI72/+0.4%⬆️ | 보유:없음 | 최고신호 원익피앤이(217820) 4pt/4pt [RSI31★ / 호가4.1★]
💰 예수금 97,640원 | KODEX200 RSI72/+0.4% 상승추세⬆️  | 매수기준 점수4pt↑

코드      종목명           가격    RSI     변화율    거래량     BB   호가비  B/S
────────────────────────────────────────────────────────────────────────
[2단계 분석 대상: 084850, 217820, 068270, 001510, 051910]
403870  HPSP      53,600    0.0    +0.0%    0.0x     중간  0.82  0pt/0 [일봉]
⛔ 아우토크립트(137040) 호가 없음 (거래정지 의심)
035720  카카오       42,200    0.0    +0.0%    0.0x     중간  1.49  1pt/0 [일봉]
015760  한국전력      39,850    0.0    +0.0%    0.0x     중간  1.39  1pt/0 [일봉]
078930  GS        75,800    0.0    +0.0%    0.0x     중간  0.54  0pt/0 [일봉]
061250  화일약품       8,460    0.0    +0.0%    0.0x     중간  0.65  0pt/0 [일봉]
217820  원익피앤이      3,015   46.3    +4.2%    0.2x     상단  3.49  5pt/0 [5분]
001510  SK증권       3,915   55.9    -0.2%    0.1x     중간  2.92  4pt/0 [5분]
056080  유진로봇      24,800    0.0    +0.0%    0.0x     중간  1.45  1pt/0 [일봉]
084850  아이티엠반도체   14,300   35.2    +0.8%    0.1x     상단  3.97  5pt/0 [5분]
⛔ 금양(001570) 호가 없음 (거래정지 의심)

══════════════════════════════════════════════════
🟢 BUY SK증권(001510) 4pt [MA골/호가2.9★/거래량증가] 목표+3% 신뢰도0.74 ratio0.24
💰 예수금: 97,640원
📊 SK증권(001510) 매도1호가: 3,915원 | 매수1호가: 3,910원
📌 BUY 리스크(4주) vs 신호(5주) → 4주 | 3,910원 = 15,640원
✅ 접수 | 매수 주문 접수: SK증권 4주 (주문번호: 0404351)
✅ Discord 전송 완료

[10:46] 🟢BUY | KODEX RSI72/+0.4%⬆️ | 예수금 97,640원

🟢 SK증권(001510)  4pt 목표+3%  RSI56 -0.2% 0.1x  [MA골·호가2.9★·거래량증가]

🔶 원익피앤이  5pt/4pt  RSI46 +4.2%  [RSI46·MA골·호가3.5★·거래량증가]
🔶 아이티엠반  5pt/4pt  RSI35 +0.8%  [RSI35★·호가4.0★·거래량증가]
🔹 카카오  1pt/4pt  RSI0 +0.0%  [호가1.5]
🔹 한국전력  1pt/4pt  RSI0 +0.0%  [호가1.4]
🔹 유진로봇  1pt/4pt  RSI0 +0.0%  [호가1.4]
💰 예수금 81,970원 | KODEX200 RSI72/+0.5% 상승추세⬆️  | 매수기준 점수4pt↑
📦 보유 SK증권(001510) 4주 -0.2%

코드      종목명           가격    RSI     변화율    거래량     BB   호가비  B/S
────────────────────────────────────────────────────────────────────────
[2단계 분석 대상: 001510, 012450, 068270, 217820, 207940, 051910]
403870  HPSP      53,900    0.0    +0.0%    0.0x     중간  0.67  0pt/0 [일봉]
⛔ 아우토크립트(137040) 호가 없음 (거래정지 의심)
035720  카카오       42,200    0.0    +0.0%    0.0x     중간  1.50  2pt/0 [일봉]
015760  한국전력      39,800    0.0    +0.0%    0.0x     중간  1.33  1pt/0 [일봉]
078930  GS        75,800    0.0    +0.0%    0.0x     중간  0.52  0pt/0 [일봉]
061250  화일약품       8,460    0.0    +0.0%    0.0x     중간  0.65  0pt/0 [일봉]
217820  원익피앤이      3,015   46.3    +4.0%    0.2x     상단  3.50  5pt/0 [5분]
001510  SK증권       3,910   55.9    -0.5%    0.1x     중간  5.68  4pt/0 [5분]
056080  유진로봇      24,800    0.0    +0.0%    0.0x     중간  1.45  1pt/0 [일봉]
084850  아이티엠반도체   14,350    0.0    +0.0%    0.0x     중간  2.73  2pt/0 [일봉]
⛔ 금양(001570) 호가 없음 (거래정지 의심)

══════════════════════════════════════════════════
→ 전종목 HOLD
✅ Discord 전송 완료

[10:48] HOLD | KODEX RSI72/+0.5%⬆️ | 보유:SK증권(001510) -0.2% | 최고신호 원익피앤이(217820) 5pt/4pt [RSI46 / MA골 / 호가3.5★ / 거래량증가]
💰 예수금 81,970원 | KODEX200 RSI72/+0.5% 상승추세⬆️  | 매수기준 점수4pt↑
📦 보유 SK증권(001510) 4주 -0.5%

코드      종목명           가격    RSI     변화율    거래량     BB   호가비  B/S
────────────────────────────────────────────────────────────────────────
[2단계 분석 대상: 001510, 012450, 068270, 207940, 051910, 084850]
403870  HPSP      54,000    0.0    +0.0%    0.0x     중간  0.60  0pt/0 [일봉]
⛔ 아우토크립트(137040) 호가 없음 (거래정지 의심)
035720  카카오       42,100    0.0    +0.0%    0.0x     중간  1.87  2pt/0 [일봉]
015760  한국전력      39,800    0.0    +0.0%    0.0x     중간  1.35  1pt/0 [일봉]
078930  GS        75,300    0.0    +0.0%    0.0x     중간  1.94  2pt/0 [일봉]
061250  화일약품       8,460    0.0    +0.0%    0.0x     중간  0.51  0pt/0 [일봉]
217820  원익피앤이      2,995    0.0    +0.0%    0.0x     중간  2.28  2pt/0 [일봉]
001510  SK증권       3,905   63.5    -0.5%    0.1x     중간  4.70  4pt/0 [5분]
056080  유진로봇      24,800    0.0    +0.0%    0.0x     중간  1.39  1pt/0 [일봉]
084850  아이티엠반도체   14,340   42.6    +1.1%    0.1x     상단  2.47  3pt/0 [5분]
⛔ 금양(001570) 호가 없음 (거래정지 의심)

══════════════════════════════════════════════════
→ 전종목 HOLD
✅ Discord 전송 완료

[10:50] HOLD | KODEX RSI72/+0.5%⬆️ | 보유:SK증권(001510) -0.5% | 최고신호 SK증권(001510) 4pt/4pt [MA골 / 호가4.7★ / 거래량증가]
💰 예수금 81,970원 | KODEX200 RSI72/+0.5% 상승추세⬆️  | 매수기준 점수4pt↑
📦 보유 SK증권(001510) 4주 -0.3%

코드      종목명           가격    RSI     변화율    거래량     BB   호가비  B/S
────────────────────────────────────────────────────────────────────────
[2단계 분석 대상: 001510, 012450, 078930, 068270, 217820, 084850]
403870  HPSP      54,100    0.0    +0.0%    0.0x     중간  0.26  0pt/0 [일봉]
⛔ 아우토크립트(137040) 호가 없음 (거래정지 의심)
035720  카카오       42,200    0.0    +0.0%    0.0x     중간  1.46  1pt/0 [일봉]
015760  한국전력      39,800    0.0    +0.0%    0.0x     중간  1.35  1pt/0 [일봉]
078930  GS        75,500   31.5    +0.0%    0.2x     상단  3.77  5pt/0 [5분]
061250  화일약품       8,460    0.0    +0.0%    0.0x     중간  0.51  0pt/0 [일봉]
217820  원익피앤이      2,990   57.5    +3.5%    0.2x     상단  2.66  3pt/0 [5분]
001510  SK증권       3,910   63.5    -0.4%    0.1x     중간  4.59  4pt/0 [5분]
056080  유진로봇      24,800    0.0    +0.0%    0.0x     중간  1.37  1pt/0 [일봉]
084850  아이티엠반도체   14,350   42.6    +1.2%    0.1x     상단  2.57  3pt/0 [5분]
⛔ 금양(001570) 호가 없음 (거래정지 의심)

══════════════════════════════════════════════════
→ 전종목 HOLD
✅ Discord 전송 완료

[10:52] HOLD | KODEX RSI72/+0.5%⬆️ | 보유:SK증권(001510) -0.3% | 최고신호 GS(078930) 5pt/4pt [RSI32★ / 호가3.8★ / 거래량증가]
💰 예수금 81,970원 | KODEX200 RSI72/+0.4% 상승추세⬆️  | 매수기준 점수4pt↑
📦 보유 SK증권(001510) 4주 -0.3%

코드      종목명           가격    RSI     변화율    거래량     BB   호가비  B/S
────────────────────────────────────────────────────────────────────────
[2단계 분석 대상: 001510, 012450, 084850, 051910, 042700, 207940]
403870  HPSP      54,100    0.0    +0.0%    0.0x     중간  0.24  0pt/0 [일봉]
⛔ 아우토크립트(137040) 호가 없음 (거래정지 의심)
035720  카카오       42,250    0.0    +0.0%    0.0x     중간  1.40  1pt/0 [일봉]
015760  한국전력      39,750    0.0    +0.0%    0.0x     중간  1.25  1pt/0 [일봉]
078930  GS        75,500    0.0    +0.0%    0.0x     중간  1.41  1pt/0 [일봉]
061250  화일약품       8,460    0.0    +0.0%    0.0x     중간  0.50  0pt/0 [일봉]
217820  원익피앤이      3,000    0.0    +0.0%    0.0x     중간  2.10  2pt/0 [일봉]
001510  SK증권       3,895   52.5    -0.8%    0.1x     중간  3.12  4pt/0 [5분]
056080  유진로봇      24,700    0.0    +0.0%    0.0x     중간  1.91  2pt/0 [일봉]
084850  아이티엠반도체   14,360   42.6    +1.2%    0.1x     상단  4.34  3pt/0 [5분]
⛔ 금양(001570) 호가 없음 (거래정지 의심)

══════════════════════════════════════════════════
→ 전종목 HOLD
✅ Discord 전송 완료

[10:54] HOLD | KODEX RSI72/+0.4%⬆️ | 보유:SK증권(001510) -0.3% | 최고신호 SK증권(001510) 4pt/4pt [RSI52 / MA골 / 호가3.1★]
💰 예수금 81,970원 | KODEX200 RSI72/+0.2% 상승추세⬆️  | 매수기준 점수4pt↑
📦 보유 SK증권(001510) 4주 -0.7%

코드      종목명           가격    RSI     변화율    거래량     BB   호가비  B/S
────────────────────────────────────────────────────────────────────────
[2단계 분석 대상: 001510, 012450, 084850, 066970, 051910, 042700]
403870  HPSP      53,700    0.0    +0.0%    0.0x     중간  1.34  1pt/0 [일봉]
⛔ 아우토크립트(137040) 호가 없음 (거래정지 의심)
035720  카카오       42,300    0.0    +0.0%    0.0x     중간  1.32  1pt/0 [일봉]
015760  한국전력      39,700    0.0    +0.0%    0.0x     중간  1.21  1pt/0 [일봉]
078930  GS        75,600    0.0    +0.0%    0.0x     중간  2.02  2pt/0 [일봉]
061250  화일약품       8,460    0.0    +0.0%    0.0x     중간  0.52  0pt/0 [일봉]
217820  원익피앤이      3,010    0.0    +0.0%    0.0x     중간  1.78  2pt/0 [일봉]
001510  SK증권       3,895   52.5    -0.8%    0.1x     중간  4.06  4pt/0 [5분]
056080  유진로봇      24,700    0.0    +0.0%    0.0x     중간  1.94  2pt/0 [일봉]
084850  아이티엠반도체   14,390   44.4    +1.2%    0.1x     상단  6.21  3pt/0 [5분]
⛔ 금양(001570) 호가 없음 (거래정지 의심)

══════════════════════════════════════════════════
→ 전종목 HOLD
✅ Discord 전송 완료

[10:56] HOLD | KODEX RSI72/+0.2%⬆️ | 보유:SK증권(001510) -0.7% | 최고신호 SK증권(001510) 4pt/4pt [RSI52 / MA골 / 호가4.1★]
💰 예수금 81,970원 | KODEX200 RSI72/+0.2% 상승추세⬆️  | 매수기준 점수4pt↑
📦 보유 SK증권(001510) 4주 -0.8%

코드      종목명           가격    RSI     변화율    거래량     BB   호가비  B/S
────────────────────────────────────────────────────────────────────────
[2단계 분석 대상: 001510, 207940, 051910, 078930, 005380, 084850]
403870  HPSP      53,700    0.0    +0.0%    0.0x     중간  1.29  1pt/0 [일봉]
⛔ 아우토크립트(137040) 호가 없음 (거래정지 의심)
035720  카카오       42,300    0.0    +0.0%    0.0x     중간  1.12  0pt/0 [일봉]
015760  한국전력      39,750    0.0    +0.0%    0.0x     중간  1.14  0pt/0 [일봉]
078930  GS        75,600   33.9    +0.3%    0.2x     상단  2.83  5pt/0 [5분]
061250  화일약품       8,460    0.0    +0.0%    0.0x     중간  0.43  0pt/0 [일봉]
217820  원익피앤이      3,005    0.0    +0.0%    0.0x     중간  1.93  2pt/0 [일봉]
001510  SK증권       3,885   52.5    -1.0%    0.1x     중간  4.35  5pt/0 [5분]
056080  유진로봇      24,700    0.0    +0.0%    0.0x     중간  2.00  2pt/0 [일봉]
084850  아이티엠반도체   14,420   44.4    +1.8%    0.2x     상단  2.67  3pt/0 [5분]
⛔ 금양(001570) 호가 없음 (거래정지 의심)

══════════════════════════════════════════════════
→ 전종목 HOLD
✅ Discord 전송 완료

[10:58] HOLD | KODEX RSI72/+0.2%⬆️ | 보유:SK증권(001510) -0.8% | 최고신호 GS(078930) 5pt/4pt [RSI34★ / 호가2.8★ / 거래량증가]
💰 예수금 81,970원 | KODEX200 RSI72/+0.3% 상승추세⬆️  | 매수기준 점수4pt↑
📦 보유 SK증권(001510) 4주 -0.8%

코드      종목명           가격    RSI     변화율    거래량     BB   호가비  B/S
────────────────────────────────────────────────────────────────────────
[2단계 분석 대상: 001510, 051910, 042700, 207940, 005380, 078930]
403870  HPSP      53,700    0.0    +0.0%    0.0x     중간  1.27  1pt/0 [일봉]
⛔ 아우토크립트(137040) 호가 없음 (거래정지 의심)
035720  카카오       42,300    0.0    +0.0%    0.0x     중간  1.08  0pt/0 [일봉]
015760  한국전력      39,700    0.0    +0.0%    0.0x     중간  1.33  1pt/0 [일봉]
078930  GS        75,700   35.2    +0.4%    0.2x     상단  2.66  5pt/0 [5분]
061250  화일약품       8,450    0.0    +0.0%    0.0x     중간  0.45  0pt/0 [일봉]
217820  원익피앤이      3,010    0.0    +0.0%    0.0x     중간  1.80  2pt/0 [일봉]
001510  SK증권       3,880   62.5    -1.1%    0.1x     중간  3.08  4pt/0 [5분]
056080  유진로봇      24,700    0.0    +0.0%    0.0x     중간  1.95  2pt/0 [일봉]
084850  아이티엠반도체   14,440    0.0    +0.0%    0.0x     중간  1.53  2pt/0 [일봉]
⛔ 금양(001570) 호가 없음 (거래정지 의심)

══════════════════════════════════════════════════
→ 전종목 HOLD
✅ Discord 전송 완료

[11:00] HOLD | KODEX RSI72/+0.3%⬆️ | 보유:SK증권(001510) -0.8% | 최고신호 GS(078930) 5pt/4pt [RSI35★ / 호가2.7★ / 거래량증가]
💰 예수금 81,970원 | KODEX200 RSI72/+0.2% 상승추세⬆️  | 매수기준 점수4pt↑
📦 보유 SK증권(001510) 4주 -1.0%

코드      종목명           가격    RSI     변화율    거래량     BB   호가비  B/S
────────────────────────────────────────────────────────────────────────
[2단계 분석 대상: 001510, 051910, 066970, 078930, 207940, 042700]
403870  HPSP      53,700    0.0    +0.0%    0.0x     중간  1.23  1pt/0 [일봉]
⛔ 아우토크립트(137040) 호가 없음 (거래정지 의심)
035720  카카오       42,400    0.0    +0.0%    0.0x     중간  1.04  0pt/0 [일봉]
015760  한국전력      39,700    0.0    +0.0%    0.0x     중간  1.31  1pt/0 [일봉]
078930  GS        75,600   35.2    +0.1%    0.2x     상단  3.00  5pt/0 [5분]
061250  화일약품       8,450    0.0    +0.0%    0.0x     중간  0.43  0pt/0 [일봉]
217820  원익피앤이      3,010    0.0    +0.0%    0.0x     중간  1.80  2pt/0 [일봉]
001510  SK증권       3,885   62.5    -1.0%    0.1x     중간  5.48  4pt/0 [5분]
056080  유진로봇      24,650    0.0    +0.0%    0.0x     중간  2.24  2pt/0 [일봉]
084850  아이티엠반도체   14,460    0.0    +0.0%    0.0x     중간  1.39  1pt/0 [일봉]
⛔ 금양(001570) 호가 없음 (거래정지 의심)

══════════════════════════════════════════════════
→ 전종목 HOLD
✅ Discord 전송 완료

[11:02] HOLD | KODEX RSI72/+0.2%⬆️ | 보유:SK증권(001510) -1.0% | 최고신호 GS(078930) 5pt/4pt [RSI35★ / 호가3.0★ / 거래량증가]
💰 예수금 81,970원 | KODEX200 RSI72/+0.2% 상승추세⬆️  | 매수기준 점수4pt↑
📦 보유 SK증권(001510) 4주 -0.8%

코드      종목명           가격    RSI     변화율    거래량     BB   호가비  B/S
────────────────────────────────────────────────────────────────────────
[2단계 분석 대상: 001510, 207940, 005380, 051910, 078930, 042700]
403870  HPSP      54,000    0.0    +0.0%    0.0x     중간  0.52  0pt/0 [일봉]
⛔ 아우토크립트(137040) 호가 없음 (거래정지 의심)
035720  카카오       42,350    0.0    +0.0%    0.0x     중간  0.96  0pt/0 [일봉]
015760  한국전력      39,700    0.0    +0.0%    0.0x     중간  1.32  1pt/0 [일봉]
078930  GS        75,700   35.2    +0.4%    0.2x     상단  2.41  5pt/0 [5분]
061250  화일약품       8,450    0.0    +0.0%    0.0x     중간  0.41  0pt/0 [일봉]
217820  원익피앤이      3,030    0.0    +0.0%    0.0x     중간  1.24  1pt/0 [일봉]
001510  SK증권       3,885   53.3    -1.0%    0.1x     중간  5.23  6pt/0 [5분]
056080  유진로봇      24,700    0.0    +0.0%    0.0x     중간  1.97  2pt/0 [일봉]
084850  아이티엠반도체   14,500    0.0    +0.0%    0.0x     중간  0.74  0pt/0 [일봉]
⛔ 금양(001570) 호가 없음 (거래정지 의심)

══════════════════════════════════════════════════
→ 전종목 HOLD
✅ Discord 전송 완료

[11:04] HOLD | KODEX RSI72/+0.2%⬆️ | 보유:SK증권(001510) -0.8% | 최고신호 SK증권(001510) 6pt/4pt [RSI53 / 하락-1.0% / MA골 / 호가5.2★ / 거래량증가]
💰 예수금 81,970원 | KODEX200 RSI72/+0.2% 상승추세⬆️  | 매수기준 점수4pt↑
📦 보유 SK증권(001510) 4주 -1.0%

코드      종목명           가격    RSI     변화율    거래량     BB   호가비  B/S
────────────────────────────────────────────────────────────────────────
[2단계 분석 대상: 001510, 005380, 051910, 207940, 078930, 042700]
403870  HPSP      54,300    0.0    +0.0%    0.0x     중간  0.22  0pt/0 [일봉]
⛔ 아우토크립트(137040) 호가 없음 (거래정지 의심)
035720  카카오       42,250    0.0    +0.0%    0.0x     중간  1.36  1pt/0 [일봉]
015760  한국전력      39,700    0.0    +0.0%    0.0x     중간  1.31  1pt/0 [일봉]
078930  GS        75,700   39.6    +0.3%    0.2x     상단  2.47  4pt/0 [5분]
061250  화일약품       8,450    0.0    +0.0%    0.0x     중간  0.41  0pt/0 [일봉]
217820  원익피앤이      3,030    0.0    +0.0%    0.0x     중간  0.99  0pt/0 [일봉]
001510  SK증권       3,880   53.3    -1.1%    0.1x     중간  3.96  6pt/0 [5분]
056080  유진로봇      24,700    0.0    +0.0%    0.0x     중간  1.82  2pt/0 [일봉]
084850  아이티엠반도체   14,580    0.0    +0.0%    0.0x     중간  0.34  0pt/0 [일봉]
⛔ 금양(001570) 호가 없음 (거래정지 의심)

══════════════════════════════════════════════════
→ 전종목 HOLD
✅ Discord 전송 완료

[11:06] HOLD | KODEX RSI72/+0.2%⬆️ | 보유:SK증권(001510) -1.0% | 최고신호 SK증권(001510) 6pt/4pt [RSI53 / 하락-1.1% / MA골 / 호가4.0★ / 거래량증가]
💰 예수금 81,970원 | KODEX200 RSI72/+0.1% 상승추세⬆️  | 매수기준 점수4pt↑
📦 보유 SK증권(001510) 4주 -1.1%

코드      종목명           가격    RSI     변화율    거래량     BB   호가비  B/S
────────────────────────────────────────────────────────────────────────
[2단계 분석 대상: 001510, 051910, 207940, 005380, 078930, 012330]
403870  HPSP      54,300    0.0    +0.0%    0.0x     중간  0.20  0pt/0 [일봉]
⛔ 아우토크립트(137040) 호가 없음 (거래정지 의심)
035720  카카오       42,300    0.0    +0.0%    0.0x     중간  1.17  0pt/0 [일봉]
015760  한국전력      39,700    0.0    +0.0%    0.0x     중간  1.58  2pt/0 [일봉]
078930  GS        75,800   39.6    +0.5%    0.2x     상단  2.44  4pt/0 [5분]
061250  화일약품       8,450    0.0    +0.0%    0.0x     중간  0.41  0pt/0 [일봉]
217820  원익피앤이      3,025    0.0    +0.0%    0.0x     중간  0.91  0pt/0 [일봉]
001510  SK증권       3,875   53.3    -1.3%    0.1x     중간  3.54  6pt/0 [5분]
056080  유진로봇      24,650    0.0    +0.0%    0.0x     중간  2.02  2pt/0 [일봉]
084850  아이티엠반도체   14,620    0.0    +0.0%    0.0x     중간  0.59  0pt/0 [일봉]
⛔ 금양(001570) 호가 없음 (거래정지 의심)

══════════════════════════════════════════════════
→ 전종목 HOLD
✅ Discord 전송 완료

[11:08] HOLD | KODEX RSI72/+0.1%⬆️ | 보유:SK증권(001510) -1.1% | 최고신호 SK증권(001510) 6pt/4pt [RSI53 / 하락-1.3% / MA골 / 호가3.5★ / 거래량증가]
💰 예수금 81,970원 | KODEX200 RSI72/+0.1% 상승추세⬆️  | 매수기준 점수4pt↑
📦 보유 SK증권(001510) 4주 -1.1%

코드      종목명           가격    RSI     변화율    거래량     BB   호가비  B/S
────────────────────────────────────────────────────────────────────────
[2단계 분석 대상: 001510, 051910, 042700, 207940, 005380, 005930]
403870  HPSP      54,200    0.0    +0.0%    0.0x     중간  0.24  0pt/0 [일봉]
⛔ 아우토크립트(137040) 호가 없음 (거래정지 의심)
035720  카카오       42,300    0.0    +0.0%    0.0x     중간  1.13  0pt/0 [일봉]
015760  한국전력      39,700    0.0    +0.0%    0.0x     중간  1.78  2pt/0 [일봉]
078930  GS        75,700    0.0    +0.0%    0.0x     중간  2.36  2pt/0 [일봉]
061250  화일약품       8,450    0.0    +0.0%    0.0x     중간  0.20  0pt/0 [일봉]
217820  원익피앤이      3,025    0.0    +0.0%    0.0x     중간  1.83  2pt/0 [일봉]
001510  SK증권       3,870   47.5    -1.4%    0.1x     중간  2.75  6pt/0 [5분]
056080  유진로봇      24,650    0.0    +0.0%    0.0x     중간  2.00  2pt/0 [일봉]
084850  아이티엠반도체   14,560    0.0    +0.0%    0.0x     중간  0.56  0pt/0 [일봉]
⛔ 금양(001570) 호가 없음 (거래정지 의심)

══════════════════════════════════════════════════
→ 전종목 HOLD
✅ Discord 전송 완료

[11:10] HOLD | KODEX RSI72/+0.1%⬆️ | 보유:SK증권(001510) -1.1% | 최고신호 SK증권(001510) 6pt/4pt [RSI48 / 하락-1.4% / MA골 / 호가2.8★ / 거래량증가]
💰 예수금 81,970원 | KODEX200 RSI72/+0.1% 상승추세⬆️  | 매수기준 점수4pt↑
📦 보유 SK증권(001510) 4주 -1.6%

코드      종목명           가격    RSI     변화율    거래량     BB   호가비  B/S
────────────────────────────────────────────────────────────────────────
[2단계 분석 대상: 001510, 042700, 051910, 005930, 012450, 005380]
403870  HPSP      54,300    0.0    +0.0%    0.0x     중간  0.22  0pt/0 [일봉]
⛔ 아우토크립트(137040) 호가 없음 (거래정지 의심)
035720  카카오       42,250    0.0    +0.0%    0.0x     중간  1.05  0pt/0 [일봉]
015760  한국전력      39,650    0.0    +0.0%    0.0x     중간  1.51  2pt/0 [일봉]
078930  GS        75,700    0.0    +0.0%    0.0x     중간  1.89  2pt/0 [일봉]
061250  화일약품       8,440    0.0    +0.0%    0.0x     중간  0.17  0pt/0 [일봉]
217820  원익피앤이      3,020    0.0    +0.0%    0.0x     중간  1.84  2pt/0 [일봉]
001510  SK증권       3,860   47.5    -1.7%    0.1x     하단  1.52  8pt/0 [5분]
056080  유진로봇      24,650    0.0    +0.0%    0.0x     중간  1.80  2pt/0 [일봉]
084850  아이티엠반도체   14,550    0.0    +0.0%    0.0x     중간  1.08  0pt/0 [일봉]
⛔ 금양(001570) 호가 없음 (거래정지 의심)

══════════════════════════════════════════════════
⚠️  손실 주의 SK증권(001510) -1.6% (비상손절 -2.5% 임박)
→ 전종목 HOLD
✅ Discord 전송 완료

[11:12] HOLD | KODEX RSI72/+0.1%⬆️ | 보유:SK증권(001510) -1.6% | 최고신호 SK증권(001510) 8pt/4pt [RSI48 / 하락-1.7% / BB하단★ / MA골 / 호가1.5★ / 거래량증가]
💰 예수금 81,970원 | KODEX200 RSI72/+0.1% 상승추세⬆️  | 매수기준 점수4pt↑
📦 보유 SK증권(001510) 4주 -1.5%

코드      종목명           가격    RSI     변화율    거래량     BB   호가비  B/S
────────────────────────────────────────────────────────────────────────
[2단계 분석 대상: 001510, 005380, 056080, 051910, 066970, 042700]
403870  HPSP      54,200    0.0    +0.0%    0.0x     중간  0.23  0pt/0 [일봉]
⛔ 아우토크립트(137040) 호가 없음 (거래정지 의심)
035720  카카오       42,200    0.0    +0.0%    0.0x     중간  1.37  1pt/0 [일봉]
015760  한국전력      39,650    0.0    +0.0%    0.0x     중간  1.37  1pt/0 [일봉]
078930  GS        75,800    0.0    +0.0%    0.0x     중간  0.82  0pt/0 [일봉]
061250  화일약품       8,440    0.0    +0.0%    0.0x     중간  0.18  0pt/0 [일봉]
217820  원익피앤이      3,020    0.0    +0.0%    0.0x     중간  1.77  2pt/0 [일봉]
001510  SK증권       3,860   59.5    -1.5%    0.1x     중간  2.75  4pt/0 [5분]
056080  유진로봇      24,500   28.0    -0.6%    0.2x     중간  3.80  4pt/0 [5분]
084850  아이티엠반도체   14,550    0.0    +0.0%    0.0x     중간  1.39  1pt/0 [일봉]
⛔ 금양(001570) 호가 없음 (거래정지 의심)

══════════════════════════════════════════════════
⚠️  손실 주의 SK증권(001510) -1.5% (비상손절 -2.5% 임박)
→ 전종목 HOLD
✅ Discord 전송 완료

[11:14] HOLD | KODEX RSI72/+0.1%⬆️ | 보유:SK증권(001510) -1.5% | 최고신호 SK증권(001510) 4pt/4pt [하락-1.5% / MA골 / 호가2.8★]
💰 예수금 81,970원 | KODEX200 RSI72/+0.1% 상승추세⬆️  | 매수기준 점수4pt↑
📦 보유 SK증권(001510) 4주 -1.5%

코드      종목명           가격    RSI     변화율    거래량     BB   호가비  B/S
────────────────────────────────────────────────────────────────────────
[2단계 분석 대상: 001510, 066970, 068270, 051910, 005380, 042700]
403870  HPSP      54,200    0.0    +0.0%    0.0x     중간  0.24  0pt/0 [일봉]
⛔ 아우토크립트(137040) 호가 없음 (거래정지 의심)
035720  카카오       42,200    0.0    +0.0%    0.0x     중간  1.32  1pt/0 [일봉]
015760  한국전력      39,650    0.0    +0.0%    0.0x     중간  1.27  1pt/0 [일봉]
078930  GS        75,700    0.0    +0.0%    0.0x     중간  0.57  0pt/0 [일봉]
061250  화일약품       8,530    0.0    +0.0%    0.0x     중간  0.17  0pt/0 [일봉]
217820  원익피앤이      3,010    0.0    +0.0%    0.0x     중간  0.97  0pt/0 [일봉]
001510  SK증권       3,865   59.5    -1.6%    0.1x     하단  2.79  6pt/0 [5분]
056080  유진로봇      24,550    0.0    +0.0%    0.0x     중간  1.30  1pt/0 [일봉]
084850  아이티엠반도체   14,550    0.0    +0.0%    0.0x     중간  0.74  0pt/0 [일봉]
⛔ 금양(001570) 호가 없음 (거래정지 의심)

══════════════════════════════════════════════════
⚠️  손실 주의 SK증권(001510) -1.5% (비상손절 -2.5% 임박)
→ 전종목 HOLD
✅ Discord 전송 완료

[11:16] HOLD | KODEX RSI72/+0.1%⬆️ | 보유:SK증권(001510) -1.5% | 최고신호 SK증권(001510) 6pt/4pt [하락-1.6% / BB하단★ / MA골 / 호가2.8★]
💰 예수금 81,970원 | KODEX200 RSI72/+0.3% 상승추세⬆️  | 매수기준 점수4pt↑
📦 보유 SK증권(001510) 4주 -1.3%

코드      종목명           가격    RSI     변화율    거래량     BB   호가비  B/S
────────────────────────────────────────────────────────────────────────
[2단계 분석 대상: 001510, 068270, 051910, 066970, 042700, 005930]
403870  HPSP      54,400    0.0    +0.0%    0.0x     중간  0.16  0pt/0 [일봉]
⛔ 아우토크립트(137040) 호가 없음 (거래정지 의심)
035720  카카오       42,200    0.0    +0.0%    0.0x     중간  1.40  1pt/0 [일봉]
015760  한국전력      39,600    0.0    +0.0%    0.0x     중간  1.30  1pt/0 [일봉]
078930  GS        75,700    0.0    +0.0%    0.0x     중간  0.54  0pt/0 [일봉]
061250  화일약품       8,560    0.0    +0.0%    0.0x     중간  0.93  0pt/0 [일봉]
217820  원익피앤이      3,020    0.0    +0.0%    0.0x     중간  0.94  0pt/0 [일봉]
001510  SK증권       3,865   59.5    -1.5%    0.1x     중간  2.79  4pt/0 [5분]
056080  유진로봇      24,550    0.0    +0.0%    0.0x     중간  1.34  1pt/0 [일봉]
084850  아이티엠반도체   14,560    0.0    +0.0%    0.0x     중간  0.62  0pt/0 [일봉]
⛔ 금양(001570) 호가 없음 (거래정지 의심)

══════════════════════════════════════════════════
⚠️  손실 주의 SK증권(001510) -1.3% (비상손절 -2.5% 임박)
→ 전종목 HOLD
✅ Discord 전송 완료

[11:18] HOLD | KODEX RSI72/+0.3%⬆️ | 보유:SK증권(001510) -1.3% | 최고신호 SK증권(001510) 4pt/4pt [하락-1.5% / MA골 / 호가2.8★]
💰 예수금 81,970원 | KODEX200 RSI72/+0.1% 상승추세⬆️  | 매수기준 점수4pt↑
📦 보유 SK증권(001510) 4주 -1.3%

코드      종목명           가격    RSI     변화율    거래량     BB   호가비  B/S
────────────────────────────────────────────────────────────────────────
[2단계 분석 대상: 001510, 051910, 066970, 005380, 042700, 005930]
403870  HPSP      54,300    0.0    +0.0%    0.0x     중간  0.26  0pt/0 [일봉]
⛔ 아우토크립트(137040) 호가 없음 (거래정지 의심)
035720  카카오       42,250    0.0    +0.0%    0.0x     중간  1.10  0pt/0 [일봉]
015760  한국전력      39,600    0.0    +0.0%    0.0x     중간  1.42  1pt/0 [일봉]
078930  GS        75,600    0.0    +0.0%    0.0x     중간  0.72  0pt/0 [일봉]
061250  화일약품       8,560    0.0    +0.0%    0.0x     중간  1.07  0pt/0 [일봉]
217820  원익피앤이      3,010    0.0    +0.0%    0.0x     중간  0.56  0pt/0 [일봉]
001510  SK증권       3,865   68.6    -1.7%    0.1x     하단  3.95  6pt/0 [5분]
056080  유진로봇      24,600    0.0    +0.0%    0.0x     중간  1.32  1pt/0 [일봉]
084850  아이티엠반도체   14,610    0.0    +0.0%    0.0x     중간  0.54  0pt/0 [일봉]
⛔ 금양(001570) 호가 없음 (거래정지 의심)

══════════════════════════════════════════════════
⚠️  손실 주의 SK증권(001510) -1.3% (비상손절 -2.5% 임박)
→ 전종목 HOLD
✅ Discord 전송 완료

[11:20] HOLD | KODEX RSI72/+0.1%⬆️ | 보유:SK증권(001510) -1.3% | 최고신호 SK증권(001510) 6pt/4pt [하락-1.7% / BB하단★ / MA골 / 호가4.0★]
💰 예수금 81,970원 | KODEX200 RSI72/+0.0% 상승추세⬆️  | 매수기준 점수4pt↑
📦 보유 SK증권(001510) 4주 -1.3%

코드      종목명           가격    RSI     변화율    거래량     BB   호가비  B/S
────────────────────────────────────────────────────────────────────────
[2단계 분석 대상: 001510, 066970, 055550, 051910, 042700, 005380]
403870  HPSP      54,500    0.0    +0.0%    0.0x     중간  0.18  0pt/0 [일봉]
⛔ 아우토크립트(137040) 호가 없음 (거래정지 의심)
035720  카카오       42,200    0.0    +0.0%    0.0x     중간  1.36  1pt/0 [일봉]
015760  한국전력      39,600    0.0    +0.0%    0.0x     중간  1.46  1pt/0 [일봉]
078930  GS        75,600    0.0    +0.0%    0.0x     중간  0.68  0pt/0 [일봉]
061250  화일약품       8,550    0.0    +0.0%    0.0x     중간  0.92  0pt/0 [일봉]
217820  원익피앤이      3,005    0.0    +0.0%    0.0x     중간  0.32  0pt/0 [일봉]
001510  SK증권       3,865   68.6    -1.5%    0.1x     중간  3.82  4pt/0 [5분]
056080  유진로봇      24,650    0.0    +0.0%    0.0x     중간  1.77  2pt/0 [일봉]
084850  아이티엠반도체   14,580    0.0    +0.0%    0.0x     중간  0.20  0pt/0 [일봉]
⛔ 금양(001570) 호가 없음 (거래정지 의심)

══════════════════════════════════════════════════
⚠️  손실 주의 SK증권(001510) -1.3% (비상손절 -2.5% 임박)
→ 전종목 HOLD
✅ Discord 전송 완료

[11:22] HOLD | KODEX RSI72/+0.0%⬆️ | 보유:SK증권(001510) -1.3% | 최고신호 SK증권(001510) 4pt/4pt [하락-1.5% / MA골 / 호가3.8★]
💰 예수금 81,970원 | KODEX200 RSI72/-0.0% 상승추세⬆️  | 매수기준 점수4pt↑
📦 보유 SK증권(001510) 4주 -1.5%

코드      종목명           가격    RSI     변화율    거래량     BB   호가비  B/S
────────────────────────────────────────────────────────────────────────
[2단계 분석 대상: 001510, 034020, 051910, 042700, 005930, 005380]
403870  HPSP      54,500    0.0    +0.0%    0.0x     중간  0.16  0pt/0 [일봉]
⛔ 아우토크립트(137040) 호가 없음 (거래정지 의심)
035720  카카오       42,150    0.0    +0.0%    0.0x     중간  1.49  1pt/0 [일봉]
015760  한국전력      39,600    0.0    +0.0%    0.0x     중간  1.47  1pt/0 [일봉]
078930  GS        75,500    0.0    +0.0%    0.0x     중간  0.80  0pt/0 [일봉]
061250  화일약품       8,550    0.0    +0.0%    0.0x     중간  0.94  0pt/0 [일봉]
217820  원익피앤이      3,010    0.0    +0.0%    0.0x     중간  0.32  0pt/0 [일봉]
001510  SK증권       3,860   70.3    -1.8%    0.1x     하단  2.61  7pt/1 [5분]
056080  유진로봇      24,650    0.0    +0.0%    0.0x     중간  1.84  2pt/0 [일봉]
084850  아이티엠반도체   14,590    0.0    +0.0%    0.0x     중간  0.57  0pt/0 [일봉]
⛔ 금양(001570) 호가 없음 (거래정지 의심)

══════════════════════════════════════════════════
⚠️  손실 주의 SK증권(001510) -1.5% (비상손절 -2.5% 임박)
→ 전종목 HOLD
✅ Discord 전송 완료

[11:24] HOLD | KODEX RSI72/-0.0%⬆️ | 보유:SK증권(001510) -1.5% | 최고신호 SK증권(001510) 7pt/4pt [하락-1.8% / BB하단★ / MA골 / 호가2.6★ / 거래량증가]
💰 예수금 81,970원 | KODEX200 RSI72/-0.1% 상승추세⬆️  | 매수기준 점수4pt↑
📦 보유 SK증권(001510) 4주 -1.5%

코드      종목명           가격    RSI     변화율    거래량     BB   호가비  B/S
────────────────────────────────────────────────────────────────────────
[2단계 분석 대상: 001510, 034020, 051910, 055550, 042700, 005380]
403870  HPSP      54,400    0.0    +0.0%    0.0x     중간  0.19  0pt/0 [일봉]
⛔ 아우토크립트(137040) 호가 없음 (거래정지 의심)
035720  카카오       42,150    0.0    +0.0%    0.0x     중간  1.34  1pt/0 [일봉]
015760  한국전력      39,600    0.0    +0.0%    0.0x     중간  1.36  1pt/0 [일봉]
078930  GS        75,500    0.0    +0.0%    0.0x     중간  0.65  0pt/0 [일봉]
061250  화일약품       8,540    0.0    +0.0%    0.0x     중간  0.98  0pt/0 [일봉]
217820  원익피앤이      3,010    0.0    +0.0%    0.0x     중간  0.42  0pt/0 [일봉]
001510  SK증권       3,860   70.3    -1.7%    0.1x     하단  3.07  7pt/1 [5분]
056080  유진로봇      24,650    0.0    +0.0%    0.0x     중간  1.56  2pt/0 [일봉]
084850  아이티엠반도체   14,560    0.0    +0.0%    0.0x     중간  0.79  0pt/0 [일봉]
⛔ 금양(001570) 호가 없음 (거래정지 의심)

══════════════════════════════════════════════════
⚠️  손실 주의 SK증권(001510) -1.5% (비상손절 -2.5% 임박)
→ 전종목 HOLD
✅ Discord 전송 완료

[11:26] HOLD | KODEX RSI72/-0.1%⬆️ | 보유:SK증권(001510) -1.5% | 최고신호 SK증권(001510) 7pt/4pt [하락-1.7% / BB하단★ / MA골 / 호가3.1★ / 거래량증가]
💰 예수금 81,970원 | KODEX200 RSI72/-0.1% 상승추세⬆️  | 매수기준 점수4pt↑
📦 보유 SK증권(001510) 4주 -1.6%

코드      종목명           가격    RSI     변화율    거래량     BB   호가비  B/S
────────────────────────────────────────────────────────────────────────
[2단계 분석 대상: 001510, 034020, 051910, 066970, 068270, 005380]
403870  HPSP      54,500    0.0    +0.0%    0.0x     중간  0.16  0pt/0 [일봉]
⛔ 아우토크립트(137040) 호가 없음 (거래정지 의심)
035720  카카오       42,150    0.0    +0.0%    0.0x     중간  1.25  1pt/0 [일봉]
015760  한국전력      39,550    0.0    +0.0%    0.0x     중간  1.60  2pt/0 [일봉]
078930  GS        75,500    0.0    +0.0%    0.0x     중간  0.76  0pt/0 [일봉]
061250  화일약품       8,540    0.0    +0.0%    0.0x     중간  1.03  0pt/0 [일봉]
217820  원익피앤이      3,010    0.0    +0.0%    0.0x     중간  0.42  0pt/0 [일봉]
001510  SK증권       3,855   70.3    -1.8%    0.1x     하단  1.97  7pt/1 [5분]
056080  유진로봇      24,550    0.0    +0.0%    0.0x     중간  2.12  2pt/0 [일봉]
084850  아이티엠반도체   14,560    0.0    +0.0%    0.0x     중간  0.59  0pt/0 [일봉]
⛔ 금양(001570) 호가 없음 (거래정지 의심)

══════════════════════════════════════════════════
⚠️  손실 주의 SK증권(001510) -1.6% (비상손절 -2.5% 임박)
→ 전종목 HOLD
✅ Discord 전송 완료

[11:28] HOLD | KODEX RSI72/-0.1%⬆️ | 보유:SK증권(001510) -1.6% | 최고신호 SK증권(001510) 7pt/4pt [하락-1.8% / BB하단★ / MA골 / 호가2.0★ / 거래량증가]
💰 예수금 81,970원 | KODEX200 RSI72/-0.1% 상승추세⬆️  | 매수기준 점수4pt↑
📦 보유 SK증권(001510) 4주 -1.6%

코드      종목명           가격    RSI     변화율    거래량     BB   호가비  B/S
────────────────────────────────────────────────────────────────────────
[2단계 분석 대상: 001510, 034020, 066970, 005380, 051910, 012450]
403870  HPSP      54,500    0.0    +0.0%    0.0x     중간  0.14  0pt/0 [일봉]
⛔ 아우토크립트(137040) 호가 없음 (거래정지 의심)
035720  카카오       42,100    0.0    +0.0%    0.0x     중간  1.42  1pt/0 [일봉]
015760  한국전력      39,550    0.0    +0.0%    0.0x     중간  1.70  2pt/0 [일봉]
078930  GS        75,500    0.0    +0.0%    0.0x     중간  0.70  0pt/0 [일봉]
061250  화일약품       8,520    0.0    +0.0%    0.0x     중간  0.97  0pt/0 [일봉]
217820  원익피앤이      3,015    0.0    +0.0%    0.0x     중간  0.44  0pt/0 [일봉]
001510  SK증권       3,850   61.0    -1.9%    0.1x     하단  2.36  7pt/0 [5분]
056080  유진로봇      24,600    0.0    +0.0%    0.0x     중간  1.76  2pt/0 [일봉]
084850  아이티엠반도체   14,600    0.0    +0.0%    0.0x     중간  0.22  0pt/0 [일봉]
⛔ 금양(001570) 호가 없음 (거래정지 의심)

══════════════════════════════════════════════════
⚠️  손실 주의 SK증권(001510) -1.6% (비상손절 -2.5% 임박)
⏰ 오전 매수 세션 종료 (11:30↑) — 신규 매수 중단
→ 전종목 HOLD
✅ Discord 전송 완료

[11:30] HOLD | KODEX RSI72/-0.1%⬆️ | 보유:SK증권(001510) -1.6% | 최고신호 SK증권(001510) 7pt/4pt [하락-1.9% / BB하단★ / MA골 / 호가2.4★ / 거래량증가]
💰 예수금 81,970원 | KODEX200 RSI72/-0.0% 상승추세⬆️  | 매수기준 점수4pt↑
📦 보유 SK증권(001510) 4주 -1.9%

코드      종목명           가격    RSI     변화율    거래량     BB   호가비  B/S
────────────────────────────────────────────────────────────────────────
[2단계 분석 대상: 001510, 034020, 005380, 051910, 207940, 066970]
403870  HPSP      54,600    0.0    +0.0%    0.0x     중간  0.15  0pt/0 [일봉]
⛔ 아우토크립트(137040) 호가 없음 (거래정지 의심)
035720  카카오       42,100    0.0    +0.0%    0.0x     중간  1.55  2pt/0 [일봉]
015760  한국전력      39,550    0.0    +0.0%    0.0x     중간  1.75  2pt/0 [일봉]
078930  GS        75,400    0.0    +0.0%    0.0x     중간  0.70  0pt/0 [일봉]
061250  화일약품       8,520    0.0    +0.0%    0.0x     중간  0.84  0pt/0 [일봉]
217820  원익피앤이      3,015    0.0    +0.0%    0.0x     중간  0.44  0pt/0 [일봉]
001510  SK증권       3,850   61.0    -2.0%    0.1x     하단  2.41  8pt/0 [5분]
056080  유진로봇      24,600    0.0    +0.0%    0.0x     중간  1.43  1pt/0 [일봉]
084850  아이티엠반도체   14,590    0.0    +0.0%    0.0x     중간  0.15  0pt/0 [일봉]
⛔ 금양(001570) 호가 없음 (거래정지 의심)

══════════════════════════════════════════════════
⚠️  손실 주의 SK증권(001510) -1.9% (비상손절 -2.5% 임박)
⏰ 오전 매수 세션 종료 (11:30↑) — 신규 매수 중단
→ 전종목 HOLD
✅ Discord 전송 완료

[11:32] HOLD | KODEX RSI72/-0.0%⬆️ | 보유:SK증권(001510) -1.9% | 최고신호 SK증권(001510) 8pt/4pt [하락-2.0%★ / BB하단★ / MA골 / 호가2.4★ / 거래량증가]
💰 예수금 81,970원 | KODEX200 RSI72/-0.0% 상승추세⬆️  | 매수기준 점수4pt↑
📦 보유 SK증권(001510) 4주 -1.9%

코드      종목명           가격    RSI     변화율    거래량     BB   호가비  B/S
────────────────────────────────────────────────────────────────────────
[2단계 분석 대상: 001510, 034020, 051910, 207940, 012450, 005930]
403870  HPSP      54,700    0.0    +0.0%    0.0x     중간  0.16  0pt/0 [일봉]
⛔ 아우토크립트(137040) 호가 없음 (거래정지 의심)
035720  카카오       42,150    0.0    +0.0%    0.0x     중간  1.37  1pt/0 [일봉]
015760  한국전력      39,550    0.0    +0.0%    0.0x     중간  1.77  2pt/0 [일봉]
078930  GS        75,500    0.0    +0.0%    0.0x     중간  0.74  0pt/0 [일봉]
061250  화일약품       8,520    0.0    +0.0%    0.0x     중간  0.92  0pt/0 [일봉]
217820  원익피앤이      3,025    0.0    +0.0%    0.0x     중간  0.79  0pt/0 [일봉]
001510  SK증권       3,845   72.2    -2.0%    0.1x     하단  2.92  7pt/1 [5분]
056080  유진로봇      24,600    0.0    +0.0%    0.0x     중간  1.56  2pt/0 [일봉]
084850  아이티엠반도체   14,590    0.0    +0.0%    0.0x     중간  0.14  0pt/0 [일봉]
⛔ 금양(001570) 호가 없음 (거래정지 의심)

══════════════════════════════════════════════════
⚠️  손실 주의 SK증권(001510) -1.9% (비상손절 -2.5% 임박)
⏰ 오전 매수 세션 종료 (11:30↑) — 신규 매수 중단
→ 전종목 HOLD
✅ Discord 전송 완료

[11:34] HOLD | KODEX RSI72/-0.0%⬆️ | 보유:SK증권(001510) -1.9% | 최고신호 SK증권(001510) 7pt/4pt [하락-2.0%★ / BB하단★ / MA골 / 호가2.9★]
💰 예수금 81,970원 | KODEX200 RSI72/+0.0% 상승추세⬆️  | 매수기준 점수4pt↑
📦 보유 SK증권(001510) 4주 -1.9%

코드      종목명           가격    RSI     변화율    거래량     BB   호가비  B/S
────────────────────────────────────────────────────────────────────────
[2단계 분석 대상: 001510, 034020, 005380, 051910, 207940, 000270]
403870  HPSP      54,800    0.0    +0.0%    0.0x     중간  0.15  0pt/0 [일봉]
⛔ 아우토크립트(137040) 호가 없음 (거래정지 의심)
035720  카카오       42,100    0.0    +0.0%    0.0x     중간  1.57  2pt/0 [일봉]
015760  한국전력      39,550    0.0    +0.0%    0.0x     중간  1.39  1pt/0 [일봉]
078930  GS        75,700    0.0    +0.0%    0.0x     중간  0.50  0pt/0 [일봉]
061250  화일약품       8,500    0.0    +0.0%    0.0x     중간  0.25  0pt/0 [일봉]
217820  원익피앤이      3,025    0.0    +0.0%    0.0x     중간  0.51  0pt/0 [일봉]
001510  SK증권       3,845   72.2    -2.0%    0.1x     하단  2.14  7pt/1 [5분]
056080  유진로봇      24,600    0.0    +0.0%    0.0x     중간  1.50  2pt/0 [일봉]
084850  아이티엠반도체   14,580    0.0    +0.0%    0.0x     중간  0.11  0pt/0 [일봉]
⛔ 금양(001570) 호가 없음 (거래정지 의심)

══════════════════════════════════════════════════
⚠️  손실 주의 SK증권(001510) -1.9% (비상손절 -2.5% 임박)
⏰ 오전 매수 세션 종료 (11:30↑) — 신규 매수 중단
→ 전종목 HOLD
✅ Discord 전송 완료

[11:36] HOLD | KODEX RSI72/+0.0%⬆️ | 보유:SK증권(001510) -1.9% | 최고신호 SK증권(001510) 7pt/4pt [하락-2.0%★ / BB하단★ / MA골 / 호가2.1★]
💰 예수금 81,970원 | KODEX200 RSI72/+0.0% 상승추세⬆️  | 매수기준 점수4pt↑
📦 보유 SK증권(001510) 4주 -2.0%

코드      종목명           가격    RSI     변화율    거래량     BB   호가비  B/S
────────────────────────────────────────────────────────────────────────
[2단계 분석 대상: 001510, 051910, 012450, 042700, 034020, 005380]
403870  HPSP      54,900    0.0    +0.0%    0.0x     중간  0.24  0pt/0 [일봉]
⛔ 아우토크립트(137040) 호가 없음 (거래정지 의심)
035720  카카오       42,150    0.0    +0.0%    0.0x     중간  1.22  1pt/0 [일봉]
015760  한국전력      39,550    0.0    +0.0%    0.0x     중간  1.39  1pt/0 [일봉]
078930  GS        75,700    0.0    +0.0%    0.0x     중간  0.61  0pt/0 [일봉]
061250  화일약품       8,500    0.0    +0.0%    0.0x     중간  0.24  0pt/0 [일봉]
217820  원익피앤이      3,025    0.0    +0.0%    0.0x     중간  1.54  2pt/0 [일봉]
001510  SK증권       3,845   72.2    -2.2%    0.1x     하단  2.47  7pt/1 [5분]
056080  유진로봇      24,650    0.0    +0.0%    0.0x     중간  1.30  1pt/0 [일봉]
084850  아이티엠반도체   14,590    0.0    +0.0%    0.0x     중간  0.13  0pt/0 [일봉]
⛔ 금양(001570) 호가 없음 (거래정지 의심)

══════════════════════════════════════════════════
⚠️  손실 주의 SK증권(001510) -2.0% (비상손절 -2.5% 임박)
⏰ 오전 매수 세션 종료 (11:30↑) — 신규 매수 중단
→ 전종목 HOLD
✅ Discord 전송 완료

[11:38] HOLD | KODEX RSI72/+0.0%⬆️ | 보유:SK증권(001510) -2.0% | 최고신호 SK증권(001510) 7pt/4pt [하락-2.2%★ / BB하단★ / MA골 / 호가2.5★]
💰 예수금 81,970원 | KODEX200 RSI72/+0.1% 상승추세⬆️  | 매수기준 점수4pt↑
📦 보유 SK증권(001510) 4주 -1.7%

코드      종목명           가격    RSI     변화율    거래량     BB   호가비  B/S
────────────────────────────────────────────────────────────────────────
[2단계 분석 대상: 001510, 034020, 051910, 012450, 042700, 000270]
403870  HPSP      54,800    0.0    +0.0%    0.0x     중간  0.31  0pt/0 [일봉]
⛔ 아우토크립트(137040) 호가 없음 (거래정지 의심)
035720  카카오       42,150    0.0    +0.0%    0.0x     중간  1.28  1pt/0 [일봉]
015760  한국전력      39,550    0.0    +0.0%    0.0x     중간  1.45  1pt/0 [일봉]
078930  GS        75,800    0.0    +0.0%    0.0x     중간  0.87  0pt/0 [일봉]
061250  화일약품       8,500    0.0    +0.0%    0.0x     중간  0.24  0pt/0 [일봉]
217820  원익피앤이      3,025    0.0    +0.0%    0.0x     중간  1.54  2pt/0 [일봉]
001510  SK증권       3,855   56.1    -1.8%    0.1x     하단  3.10  6pt/0 [5분]
056080  유진로봇      24,650    0.0    +0.0%    0.0x     중간  1.16  0pt/0 [일봉]
084850  아이티엠반도체   14,580    0.0    +0.0%    0.0x     중간  0.10  0pt/0 [일봉]
⛔ 금양(001570) 호가 없음 (거래정지 의심)

══════════════════════════════════════════════════
⚠️  손실 주의 SK증권(001510) -1.7% (비상손절 -2.5% 임박)
⏰ 오전 매수 세션 종료 (11:30↑) — 신규 매수 중단
→ 전종목 HOLD
✅ Discord 전송 완료

[11:40] HOLD | KODEX RSI72/+0.1%⬆️ | 보유:SK증권(001510) -1.7% | 최고신호 SK증권(001510) 6pt/4pt [하락-1.8% / BB하단★ / MA골 / 호가3.1★]
💰 예수금 81,970원 | KODEX200 RSI72/+0.3% 상승추세⬆️  | 매수기준 점수4pt↑
📦 보유 SK증권(001510) 4주 -1.6%

코드      종목명           가격    RSI     변화율    거래량     BB   호가비  B/S
────────────────────────────────────────────────────────────────────────
[2단계 분석 대상: 001510, 051910, 034020, 042700, 012450, 207940]
403870  HPSP      54,900    0.0    +0.0%    0.0x     중간  0.26  0pt/0 [일봉]
⛔ 아우토크립트(137040) 호가 없음 (거래정지 의심)
035720  카카오       42,150    0.0    +0.0%    0.0x     중간  1.27  1pt/0 [일봉]
015760  한국전력      39,600    0.0    +0.0%    0.0x     중간  1.68  2pt/0 [일봉]
078930  GS        75,800    0.0    +0.0%    0.0x     중간  0.79  0pt/0 [일봉]
061250  화일약품       8,500    0.0    +0.0%    0.0x     중간  0.24  0pt/0 [일봉]
217820  원익피앤이      3,025    0.0    +0.0%    0.0x     중간  1.55  2pt/0 [일봉]
001510  SK증권       3,855   56.1    -1.8%    0.1x     하단  2.62  6pt/0 [5분]
056080  유진로봇      24,700    0.0    +0.0%    0.0x     중간  1.12  0pt/0 [일봉]
084850  아이티엠반도체   14,580    0.0    +0.0%    0.0x     중간  0.14  0pt/0 [일봉]
⛔ 금양(001570) 호가 없음 (거래정지 의심)

══════════════════════════════════════════════════
⚠️  손실 주의 SK증권(001510) -1.6% (비상손절 -2.5% 임박)
⏰ 오전 매수 세션 종료 (11:30↑) — 신규 매수 중단
→ 전종목 HOLD
✅ Discord 전송 완료

[11:42] HOLD | KODEX RSI72/+0.3%⬆️ | 보유:SK증권(001510) -1.6% | 최고신호 SK증권(001510) 6pt/4pt [하락-1.8% / BB하단★ / MA골 / 호가2.6★]
💰 예수금 81,970원 | KODEX200 RSI72/+0.3% 상승추세⬆️  | 매수기준 점수4pt↑
📦 보유 SK증권(001510) 4주 -1.7%

코드      종목명           가격    RSI     변화율    거래량     BB   호가비  B/S
────────────────────────────────────────────────────────────────────────
[2단계 분석 대상: 001510, 207940, 051910, 034020, 012450, 042700]
403870  HPSP      54,800    0.0    +0.0%    0.0x     중간  0.20  0pt/0 [일봉]
⛔ 아우토크립트(137040) 호가 없음 (거래정지 의심)
035720  카카오       42,250    0.0    +0.0%    0.0x     중간  1.00  0pt/0 [일봉]
015760  한국전력      39,650    0.0    +0.0%    0.0x     중간  1.83  2pt/0 [일봉]
078930  GS        75,800    0.0    +0.0%    0.0x     중간  0.74  0pt/0 [일봉]
061250  화일약품       8,500    0.0    +0.0%    0.0x     중간  0.70  0pt/0 [일봉]
217820  원익피앤이      3,025    0.0    +0.0%    0.0x     중간  1.73  2pt/0 [일봉]
001510  SK증권       3,850   53.8    -1.9%    0.1x     하단  3.47  7pt/0 [5분]
056080  유진로봇      24,650    0.0    +0.0%    0.0x     중간  1.30  1pt/0 [일봉]
084850  아이티엠반도체   14,570    0.0    +0.0%    0.0x     중간  0.08  0pt/0 [일봉]
⛔ 금양(001570) 호가 없음 (거래정지 의심)

══════════════════════════════════════════════════
⚠️  손실 주의 SK증권(001510) -1.7% (비상손절 -2.5% 임박)
⏰ 오전 매수 세션 종료 (11:30↑) — 신규 매수 중단
→ 전종목 HOLD
✅ Discord 전송 완료

[11:44] HOLD | KODEX RSI72/+0.3%⬆️ | 보유:SK증권(001510) -1.7% | 최고신호 SK증권(001510) 7pt/4pt [RSI54 / 하락-1.9% / BB하단★ / MA골 / 호가3.5★]
💰 예수금 81,970원 | KODEX200 RSI72/+0.2% 상승추세⬆️  | 매수기준 점수4pt↑
📦 보유 SK증권(001510) 4주 -1.7%

코드      종목명           가격    RSI     변화율    거래량     BB   호가비  B/S
────────────────────────────────────────────────────────────────────────
[2단계 분석 대상: 001510, 012450, 207940, 051910, 217820, 034020]
403870  HPSP      54,800    0.0    +0.0%    0.0x     중간  0.19  0pt/0 [일봉]
⛔ 아우토크립트(137040) 호가 없음 (거래정지 의심)
035720  카카오       42,200    0.0    +0.0%    0.0x     중간  1.12  0pt/0 [일봉]
015760  한국전력      39,650    0.0    +0.0%    0.0x     중간  2.20  2pt/0 [일봉]
078930  GS        75,800    0.0    +0.0%    0.0x     중간  0.67  0pt/0 [일봉]
061250  화일약품       8,500    0.0    +0.0%    0.0x     중간  0.71  0pt/0 [일봉]
217820  원익피앤이      3,045   58.3    +5.2%    0.3x     상단  3.52  3pt/0 [5분]
001510  SK증권       3,855   53.8    -1.8%    0.1x     하단  2.54  7pt/0 [5분]
056080  유진로봇      24,700    0.0    +0.0%    0.0x     중간  1.20  1pt/0 [일봉]
084850  아이티엠반도체   14,570    0.0    +0.0%    0.0x     중간  0.50  0pt/0 [일봉]
⛔ 금양(001570) 호가 없음 (거래정지 의심)

══════════════════════════════════════════════════
⚠️  손실 주의 SK증권(001510) -1.7% (비상손절 -2.5% 임박)
⏰ 오전 매수 세션 종료 (11:30↑) — 신규 매수 중단
→ 전종목 HOLD
✅ Discord 전송 완료

[11:46] HOLD | KODEX RSI72/+0.2%⬆️ | 보유:SK증권(001510) -1.7% | 최고신호 SK증권(001510) 7pt/4pt [RSI54 / 하락-1.8% / BB하단★ / MA골 / 호가2.5★]
💰 예수금 81,970원 | KODEX200 RSI72/+0.2% 상승추세⬆️  | 매수기준 점수4pt↑
📦 보유 SK증권(001510) 4주 -1.6%

코드      종목명           가격    RSI     변화율    거래량     BB   호가비  B/S
────────────────────────────────────────────────────────────────────────
[2단계 분석 대상: 001510, 051910, 207940, 012450, 034020, 042700]
403870  HPSP      54,800    0.0    +0.0%    0.0x     중간  0.18  0pt/0 [일봉]
⛔ 아우토크립트(137040) 호가 없음 (거래정지 의심)
035720  카카오       42,150    0.0    +0.0%    0.0x     중간  1.24  1pt/0 [일봉]
015760  한국전력      39,700    0.0    +0.0%    0.0x     중간  1.97  2pt/0 [일봉]
078930  GS        75,800    0.0    +0.0%    0.0x     중간  0.73  0pt/0 [일봉]
061250  화일약품       8,500    0.0    +0.0%    0.0x     중간  0.61  0pt/0 [일봉]
217820  원익피앤이      3,045    0.0    +0.0%    0.0x     중간  1.80  2pt/0 [일봉]
001510  SK증권       3,855   53.8    -1.8%    0.1x     하단  3.10  7pt/0 [5분]
056080  유진로봇      24,700    0.0    +0.0%    0.0x     중간  1.14  0pt/0 [일봉]
084850  아이티엠반도체   14,540    0.0    +0.0%    0.0x     중간  0.63  0pt/0 [일봉]
⛔ 금양(001570) 호가 없음 (거래정지 의심)

══════════════════════════════════════════════════
⚠️  손실 주의 SK증권(001510) -1.6% (비상손절 -2.5% 임박)
⏰ 오전 매수 세션 종료 (11:30↑) — 신규 매수 중단
→ 전종목 HOLD
✅ Discord 전송 완료

[11:48] HOLD | KODEX RSI72/+0.2%⬆️ | 보유:SK증권(001510) -1.6% | 최고신호 SK증권(001510) 7pt/4pt [RSI54 / 하락-1.8% / BB하단★ / MA골 / 호가3.1★]
💰 예수금 81,970원 | KODEX200 RSI72/+0.2% 상승추세⬆️  | 매수기준 점수4pt↑
📦 보유 SK증권(001510) 4주 -1.6%

코드      종목명           가격    RSI     변화율    거래량     BB   호가비  B/S
────────────────────────────────────────────────────────────────────────
[2단계 분석 대상: 001510, 012450, 207940, 000270, 034020, 051910]
403870  HPSP      54,800    0.0    +0.0%    0.0x     중간  0.17  0pt/0 [일봉]
⛔ 아우토크립트(137040) 호가 없음 (거래정지 의심)
035720  카카오       42,200    0.0    +0.0%    0.0x     중간  1.19  0pt/0 [일봉]
015760  한국전력      39,700    0.0    +0.0%    0.0x     중간  1.73  2pt/0 [일봉]
078930  GS        75,800    0.0    +0.0%    0.0x     중간  0.78  0pt/0 [일봉]
061250  화일약품       8,500    0.0    +0.0%    0.0x     중간  0.61  0pt/0 [일봉]
217820  원익피앤이      3,040    0.0    +0.0%    0.0x     중간  2.87  2pt/0 [일봉]
001510  SK증권       3,855   50.0    -1.8%    0.1x     하단  3.27  7pt/0 [5분]
056080  유진로봇      24,700    0.0    +0.0%    0.0x     중간  1.32  1pt/0 [일봉]
084850  아이티엠반도체   14,540    0.0    +0.0%    0.0x     중간  0.64  0pt/0 [일봉]
⛔ 금양(001570) 호가 없음 (거래정지 의심)

══════════════════════════════════════════════════
⚠️  손실 주의 SK증권(001510) -1.6% (비상손절 -2.5% 임박)
⏰ 오전 매수 세션 종료 (11:30↑) — 신규 매수 중단
→ 전종목 HOLD
✅ Discord 전송 완료

[11:50] HOLD | KODEX RSI72/+0.2%⬆️ | 보유:SK증권(001510) -1.6% | 최고신호 SK증권(001510) 7pt/4pt [RSI50 / 하락-1.8% / BB하단★ / MA골 / 호가3.3★]
💰 예수금 81,970원 | KODEX200 RSI72/+0.2% 상승추세⬆️  | 매수기준 점수4pt↑
📦 보유 SK증권(001510) 4주 -1.7%

코드      종목명           가격    RSI     변화율    거래량     BB   호가비  B/S
────────────────────────────────────────────────────────────────────────
[2단계 분석 대상: 001510, 034020, 207940, 012450, 000270, 051910]
403870  HPSP      54,800    0.0    +0.0%    0.0x     중간  0.16  0pt/0 [일봉]
⛔ 아우토크립트(137040) 호가 없음 (거래정지 의심)
035720  카카오       42,200    0.0    +0.0%    0.0x     중간  1.20  1pt/0 [일봉]
015760  한국전력      39,650    0.0    +0.0%    0.0x     중간  1.64  2pt/0 [일봉]
078930  GS        76,000    0.0    +0.0%    0.0x     중간  0.68  0pt/0 [일봉]
061250  화일약품       8,490    0.0    +0.0%    0.0x     중간  0.50  0pt/0 [일봉]
217820  원익피앤이      3,040    0.0    +0.0%    0.0x     중간  2.90  2pt/0 [일봉]
001510  SK증권       3,850   50.0    -1.9%    0.1x     하단  2.99  7pt/0 [5분]
056080  유진로봇      24,650    0.0    +0.0%    0.0x     중간  1.56  2pt/0 [일봉]
084850  아이티엠반도체   14,540    0.0    +0.0%    0.0x     중간  0.64  0pt/0 [일봉]
⛔ 금양(001570) 호가 없음 (거래정지 의심)

══════════════════════════════════════════════════
⚠️  손실 주의 SK증권(001510) -1.7% (비상손절 -2.5% 임박)
⏰ 오전 매수 세션 종료 (11:30↑) — 신규 매수 중단
→ 전종목 HOLD
✅ Discord 전송 완료

[11:52] HOLD | KODEX RSI72/+0.2%⬆️ | 보유:SK증권(001510) -1.7% | 최고신호 SK증권(001510) 7pt/4pt [RSI50 / 하락-1.9% / BB하단★ / MA골 / 호가3.0★]
💰 예수금 81,970원 | KODEX200 RSI72/+0.0% 상승추세⬆️  | 매수기준 점수4pt↑
📦 보유 SK증권(001510) 4주 -2.0%

코드      종목명           가격    RSI     변화율    거래량     BB   호가비  B/S
────────────────────────────────────────────────────────────────────────
[2단계 분석 대상: 001510, 207940, 034020, 012450, 066970, 000270]
403870  HPSP      54,700    0.0    +0.0%    0.0x     중간  0.18  0pt/0 [일봉]
⛔ 아우토크립트(137040) 호가 없음 (거래정지 의심)
035720  카카오       42,200    0.0    +0.0%    0.0x     중간  1.28  1pt/0 [일봉]
015760  한국전력      39,650    0.0    +0.0%    0.0x     중간  1.75  2pt/0 [일봉]
078930  GS        76,000    0.0    +0.0%    0.0x     중간  0.70  0pt/0 [일봉]
061250  화일약품       8,490    0.0    +0.0%    0.0x     중간  0.50  0pt/0 [일봉]
217820  원익피앤이      3,030    0.0    +0.0%    0.0x     중간  2.56  2pt/0 [일봉]
001510  SK증권       3,840   42.1    -2.2%    0.1x     하단  1.79  7pt/1 [5분]
056080  유진로봇      24,700    0.0    +0.0%    0.0x     중간  1.08  0pt/0 [일봉]
084850  아이티엠반도체   14,540    0.0    +0.0%    0.0x     중간  0.63  0pt/0 [일봉]
⛔ 금양(001570) 호가 없음 (거래정지 의심)

══════════════════════════════════════════════════
⚠️  손실 주의 SK증권(001510) -2.0% (비상손절 -2.5% 임박)
⏰ 오전 매수 세션 종료 (11:30↑) — 신규 매수 중단
→ 전종목 HOLD
✅ Discord 전송 완료

[11:54] HOLD | KODEX RSI72/+0.0%⬆️ | 보유:SK증권(001510) -2.0% | 최고신호 SK증권(001510) 7pt/4pt [RSI42 / 하락-2.2%★ / BB하단★ / 호가1.8★]
💰 예수금 81,970원 | KODEX200 RSI72/+0.1% 상승추세⬆️  | 매수기준 점수4pt↑
📦 보유 SK증권(001510) 4주 -2.0%

코드      종목명           가격    RSI     변화율    거래량     BB   호가비  B/S
────────────────────────────────────────────────────────────────────────
[2단계 분석 대상: 001510, 012450, 207940, 217820, 034020, 000270]
403870  HPSP      54,700    0.0    +0.0%    0.0x     중간  0.16  0pt/0 [일봉]
⛔ 아우토크립트(137040) 호가 없음 (거래정지 의심)
035720  카카오       42,200    0.0    +0.0%    0.0x     중간  1.15  0pt/0 [일봉]
015760  한국전력      39,650    0.0    +0.0%    0.0x     중간  1.62  2pt/0 [일봉]
078930  GS        76,000    0.0    +0.0%    0.0x     중간  0.73  0pt/0 [일봉]
061250  화일약품       8,490    0.0    +0.0%    0.0x     중간  0.50  0pt/0 [일봉]
217820  원익피앤이      3,025   60.9    +4.5%    0.3x     상단  4.26  3pt/0 [5분]
001510  SK증권       3,840   42.1    -2.2%    0.1x     하단  2.31  7pt/1 [5분]
056080  유진로봇      24,700    0.0    +0.0%    0.0x     중간  1.07  0pt/0 [일봉]
084850  아이티엠반도체   14,540    0.0    +0.0%    0.0x     중간  0.58  0pt/0 [일봉]
⛔ 금양(001570) 호가 없음 (거래정지 의심)

══════════════════════════════════════════════════
⚠️  손실 주의 SK증권(001510) -2.0% (비상손절 -2.5% 임박)
⏰ 오전 매수 세션 종료 (11:30↑) — 신규 매수 중단
→ 전종목 HOLD
✅ Discord 전송 완료

[11:56] HOLD | KODEX RSI72/+0.1%⬆️ | 보유:SK증권(001510) -2.0% | 최고신호 SK증권(001510) 7pt/4pt [RSI42 / 하락-2.2%★ / BB하단★ / 호가2.3★]
💰 예수금 81,970원 | KODEX200 RSI72/+0.1% 상승추세⬆️  | 매수기준 점수4pt↑
📦 보유 SK증권(001510) 4주 -2.1% ⚠️주의

코드      종목명           가격    RSI     변화율    거래량     BB   호가비  B/S
────────────────────────────────────────────────────────────────────────
[2단계 분석 대상: 001510, 012450, 058470, 207940, 051910, 066970]
403870  HPSP      54,600    0.0    +0.0%    0.0x     중간  0.14  0pt/0 [일봉]
⛔ 아우토크립트(137040) 호가 없음 (거래정지 의심)
035720  카카오       42,200    0.0    +0.0%    0.0x     중간  1.21  1pt/0 [일봉]
015760  한국전력      39,700    0.0    +0.0%    0.0x     중간  1.63  2pt/0 [일봉]
078930  GS        76,000    0.0    +0.0%    0.0x     중간  0.74  0pt/0 [일봉]
061250  화일약품       8,490    0.0    +0.0%    0.0x     중간  0.45  0pt/0 [일봉]
217820  원익피앤이      3,025    0.0    +0.0%    0.0x     중간  2.54  2pt/0 [일봉]
001510  SK증권       3,835   42.1    -2.3%    0.1x     하단  2.46  7pt/1 [5분]
056080  유진로봇      24,650    0.0    +0.0%    0.0x     중간  1.29  1pt/0 [일봉]
084850  아이티엠반도체   14,520    0.0    +0.0%    0.0x     중간  0.87  0pt/0 [일봉]
⛔ 금양(001570) 호가 없음 (거래정지 의심)

══════════════════════════════════════════════════
⚠️  손실 주의 SK증권(001510) -2.1% (비상손절 -2.5% 임박)
⏰ 오전 매수 세션 종료 (11:30↑) — 신규 매수 중단
→ 전종목 HOLD
✅ Discord 전송 완료

[11:58] HOLD | KODEX RSI72/+0.1%⬆️ | 보유:SK증권(001510) -2.1% | 최고신호 SK증권(001510) 7pt/4pt [RSI42 / 하락-2.3%★ / BB하단★ / 호가2.5★]
💰 예수금 81,970원 | KODEX200 RSI72/+0.1% 상승추세⬆️  | 매수기준 점수4pt↑
📦 보유 SK증권(001510) 4주 -2.0%

코드      종목명           가격    RSI     변화율    거래량     BB   호가비  B/S
────────────────────────────────────────────────────────────────────────
[2단계 분석 대상: 001510, 066970, 207940, 217820, 058470, 051910]
403870  HPSP      54,600    0.0    +0.0%    0.0x     중간  0.16  0pt/0 [일봉]
⛔ 아우토크립트(137040) 호가 없음 (거래정지 의심)
035720  카카오       42,200    0.0    +0.0%    0.0x     중간  1.19  0pt/0 [일봉]
015760  한국전력      39,700    0.0    +0.0%    0.0x     중간  1.52  2pt/0 [일봉]
078930  GS        76,000    0.0    +0.0%    0.0x     중간  0.76  0pt/0 [일봉]
061250  화일약품       8,450    0.0    +0.0%    0.0x     중간  0.91  0pt/0 [일봉]
217820  원익피앤이      3,025   55.0    +4.5%    0.3x     상단  4.30  3pt/0 [5분]
001510  SK증권       3,840   45.0    -2.2%    0.1x     하단  2.30  7pt/1 [5분]
056080  유진로봇      24,700    0.0    +0.0%    0.0x     중간  1.18  0pt/0 [일봉]
084850  아이티엠반도체   14,520    0.0    +0.0%    0.0x     중간  0.95  0pt/0 [일봉]
⛔ 금양(001570) 호가 없음 (거래정지 의심)

══════════════════════════════════════════════════
⚠️  손실 주의 SK증권(001510) -2.0% (비상손절 -2.5% 임박)
⏰ 오전 매수 세션 종료 (11:30↑) — 신규 매수 중단
→ 전종목 HOLD
✅ Discord 전송 완료

[12:00] HOLD | KODEX RSI72/+0.1%⬆️ | 보유:SK증권(001510) -2.0% | 최고신호 SK증권(001510) 7pt/4pt [RSI45 / 하락-2.2%★ / BB하단★ / 호가2.3★]
💰 예수금 81,970원 | KODEX200 RSI72/+0.1% 상승추세⬆️  | 매수기준 점수4pt↑
📦 보유 SK증권(001510) 4주 -2.0%

코드      종목명           가격    RSI     변화율    거래량     BB   호가비  B/S
────────────────────────────────────────────────────────────────────────
[2단계 분석 대상: 001510, 217820, 066970, 034020, 207940, 051910]
403870  HPSP      54,700    0.0    +0.0%    0.0x     중간  0.15  0pt/0 [일봉]
⛔ 아우토크립트(137040) 호가 없음 (거래정지 의심)
035720  카카오       42,200    0.0    +0.0%    0.0x     중간  1.12  0pt/0 [일봉]
015760  한국전력      39,700    0.0    +0.0%    0.0x     중간  1.36  1pt/0 [일봉]
078930  GS        76,300    0.0    +0.0%    0.0x     중간  0.38  0pt/0 [일봉]
061250  화일약품       8,470    0.0    +0.0%    0.0x     중간  0.75  0pt/0 [일봉]
217820  원익피앤이      3,025   55.0    +4.5%    0.3x     상단  4.68  3pt/0 [5분]
001510  SK증권       3,835   45.0    -2.3%    0.1x     하단  2.62  7pt/1 [5분]
056080  유진로봇      24,700    0.0    +0.0%    0.0x     중간  1.16  0pt/0 [일봉]
084850  아이티엠반도체   14,500    0.0    +0.0%    0.0x     중간  0.81  0pt/0 [일봉]
⛔ 금양(001570) 호가 없음 (거래정지 의심)

══════════════════════════════════════════════════
⚠️  손실 주의 SK증권(001510) -2.0% (비상손절 -2.5% 임박)
⏰ 오전 매수 세션 종료 (11:30↑) — 신규 매수 중단
→ 전종목 HOLD
✅ Discord 전송 완료

[12:02] HOLD | KODEX RSI72/+0.1%⬆️ | 보유:SK증권(001510) -2.0% | 최고신호 SK증권(001510) 7pt/4pt [RSI45 / 하락-2.3%★ / BB하단★ / 호가2.6★]
💰 예수금 81,970원 | KODEX200 RSI72/+0.1% 상승추세⬆️  | 매수기준 점수4pt↑
📦 보유 SK증권(001510) 4주 -2.0%

코드      종목명           가격    RSI     변화율    거래량     BB   호가비  B/S
────────────────────────────────────────────────────────────────────────
[2단계 분석 대상: 001510, 217820, 066970, 034020, 051910, 058470]
403870  HPSP      55,000    0.0    +0.0%    0.0x     중간  0.17  0pt/0 [일봉]
⛔ 아우토크립트(137040) 호가 없음 (거래정지 의심)
035720  카카오       42,200    0.0    +0.0%    0.0x     중간  1.13  0pt/0 [일봉]
015760  한국전력      39,700    0.0    +0.0%    0.0x     중간  1.37  1pt/0 [일봉]
078930  GS        76,200    0.0    +0.0%    0.0x     중간  0.28  0pt/0 [일봉]
061250  화일약품       8,440    0.0    +0.0%    0.0x     중간  0.92  0pt/0 [일봉]
217820  원익피앤이      3,025   55.0    +4.5%    0.3x     상단  5.00  3pt/0 [5분]
001510  SK증권       3,840   45.0    -2.2%    0.1x     하단  2.34  7pt/1 [5분]
056080  유진로봇      24,700    0.0    +0.0%    0.0x     중간  1.10  0pt/0 [일봉]
084850  아이티엠반도체   14,510    0.0    +0.0%    0.0x     중간  0.80  0pt/0 [일봉]
⛔ 금양(001570) 호가 없음 (거래정지 의심)

══════════════════════════════════════════════════
⚠️  손실 주의 SK증권(001510) -2.0% (비상손절 -2.5% 임박)
⏰ 오전 매수 세션 종료 (11:30↑) — 신규 매수 중단
→ 전종목 HOLD
✅ Discord 전송 완료

[12:04] HOLD | KODEX RSI72/+0.1%⬆️ | 보유:SK증권(001510) -2.0% | 최고신호 SK증권(001510) 7pt/4pt [RSI45 / 하락-2.2%★ / BB하단★ / 호가2.3★]
💰 예수금 81,970원 | KODEX200 RSI72/-0.1% 상승추세⬆️  | 매수기준 점수4pt↑
📦 보유 SK증권(001510) 4주 -2.0%

코드      종목명           가격    RSI     변화율    거래량     BB   호가비  B/S
────────────────────────────────────────────────────────────────────────
[2단계 분석 대상: 001510, 066970, 217820, 012450, 068270, 000270]
403870  HPSP      54,900    0.0    +0.0%    0.0x     중간  0.14  0pt/0 [일봉]
⛔ 아우토크립트(137040) 호가 없음 (거래정지 의심)
035720  카카오       42,200    0.0    +0.0%    0.0x     중간  1.10  0pt/0 [일봉]
015760  한국전력      39,700    0.0    +0.0%    0.0x     중간  1.32  1pt/0 [일봉]
078930  GS        76,200    0.0    +0.0%    0.0x     중간  0.29  0pt/0 [일봉]
061250  화일약품       8,440    0.0    +0.0%    0.0x     중간  0.77  0pt/0 [일봉]
217820  원익피앤이      3,015   45.0    +4.2%    0.3x     상단  4.27  3pt/0 [5분]
001510  SK증권       3,835   45.0    -2.2%    0.1x     하단  3.07  7pt/1 [5분]
056080  유진로봇      24,700    0.0    +0.0%    0.0x     중간  1.35  1pt/0 [일봉]
084850  아이티엠반도체   14,480    0.0    +0.0%    0.0x     중간  0.97  0pt/0 [일봉]
⛔ 금양(001570) 호가 없음 (거래정지 의심)

══════════════════════════════════════════════════
⚠️  손실 주의 SK증권(001510) -2.0% (비상손절 -2.5% 임박)
⏰ 오전 매수 세션 종료 (11:30↑) — 신규 매수 중단
→ 전종목 HOLD
✅ Discord 전송 완료

[12:06] HOLD | KODEX RSI72/-0.1%⬆️ | 보유:SK증권(001510) -2.0% | 최고신호 SK증권(001510) 7pt/4pt [RSI45 / 하락-2.2%★ / BB하단★ / 호가3.1★]
💰 예수금 81,970원 | KODEX200 RSI72/-0.1% 상승추세⬆️  | 매수기준 점수4pt↑
📦 보유 SK증권(001510) 4주 -2.1% ⚠️주의

코드      종목명           가격    RSI     변화율    거래량     BB   호가비  B/S
────────────────────────────────────────────────────────────────────────
[2단계 분석 대상: 001510, 012450, 217820, 068270, 066970, 000270]
403870  HPSP      54,800    0.0    +0.0%    0.0x     중간  0.22  0pt/0 [일봉]
⛔ 아우토크립트(137040) 호가 없음 (거래정지 의심)
035720  카카오       42,200    0.0    +0.0%    0.0x     중간  1.11  0pt/0 [일봉]
015760  한국전력      39,650    0.0    +0.0%    0.0x     중간  1.37  1pt/0 [일봉]
078930  GS        76,200    0.0    +0.0%    0.0x     중간  0.30  0pt/0 [일봉]
061250  화일약품       8,450    0.0    +0.0%    0.0x     중간  0.66  0pt/0 [일봉]
217820  원익피앤이      3,020   45.0    +4.2%    0.3x     상단  4.78  3pt/0 [5분]
001510  SK증권       3,835   45.0    -2.3%    0.1x     하단  2.92  7pt/1 [5분]
056080  유진로봇      24,650    0.0    +0.0%    0.0x     중간  1.45  1pt/0 [일봉]
084850  아이티엠반도체   14,480    0.0    +0.0%    0.0x     중간  0.92  0pt/0 [일봉]
⛔ 금양(001570) 호가 없음 (거래정지 의심)

══════════════════════════════════════════════════
⚠️  손실 주의 SK증권(001510) -2.1% (비상손절 -2.5% 임박)
⏰ 오전 매수 세션 종료 (11:30↑) — 신규 매수 중단
→ 전종목 HOLD
✅ Discord 전송 완료

[12:08] HOLD | KODEX RSI72/-0.1%⬆️ | 보유:SK증권(001510) -2.1% | 최고신호 SK증권(001510) 7pt/4pt [RSI45 / 하락-2.3%★ / BB하단★ / 호가2.9★]
💰 예수금 81,970원 | KODEX200 RSI72/-0.1% 상승추세⬆️  | 매수기준 점수4pt↑
📦 보유 SK증권(001510) 4주 -2.1% ⚠️주의

코드      종목명           가격    RSI     변화율    거래량     BB   호가비  B/S
────────────────────────────────────────────────────────────────────────
[2단계 분석 대상: 001510, 217820, 066970, 012450, 068270, 000270]
403870  HPSP      54,800    0.0    +0.0%    0.0x     중간  0.18  0pt/0 [일봉]
⛔ 아우토크립트(137040) 호가 없음 (거래정지 의심)
035720  카카오       42,200    0.0    +0.0%    0.0x     중간  1.09  0pt/0 [일봉]
015760  한국전력      39,700    0.0    +0.0%    0.0x     중간  1.35  1pt/0 [일봉]
078930  GS        76,200    0.0    +0.0%    0.0x     중간  0.31  0pt/0 [일봉]
061250  화일약품       8,450    0.0    +0.0%    0.0x     중간  0.64  0pt/0 [일봉]
217820  원익피앤이      3,025   50.0    +4.5%    0.3x     상단  5.46  3pt/0 [5분]
001510  SK증권       3,835   38.9    -2.4%    0.1x     하단  3.10  8pt/1 [5분]
056080  유진로봇      24,650    0.0    +0.0%    0.0x     중간  1.39  1pt/0 [일봉]
084850  아이티엠반도체   14,500    0.0    +0.0%    0.0x     중간  0.78  0pt/0 [일봉]
⛔ 금양(001570) 호가 없음 (거래정지 의심)

══════════════════════════════════════════════════
⚠️  손실 주의 SK증권(001510) -2.1% (비상손절 -2.5% 임박)
⏰ 오전 매수 세션 종료 (11:30↑) — 신규 매수 중단
→ 전종목 HOLD
✅ Discord 전송 완료

[12:10] HOLD | KODEX RSI72/-0.1%⬆️ | 보유:SK증권(001510) -2.1% | 최고신호 SK증권(001510) 8pt/4pt [RSI39★ / 하락-2.4%★ / BB하단★ / 호가3.1★]
💰 예수금 81,970원 | KODEX200 RSI72/-0.0% 상승추세⬆️  | 매수기준 점수4pt↑
📦 보유 SK증권(001510) 4주 -2.1% ⚠️주의

코드      종목명           가격    RSI     변화율    거래량     BB   호가비  B/S
────────────────────────────────────────────────────────────────────────
[2단계 분석 대상: 001510, 217820, 012450, 066970, 051910, 068270]
403870  HPSP      54,900    0.0    +0.0%    0.0x     중간  0.15  0pt/0 [일봉]
⛔ 아우토크립트(137040) 호가 없음 (거래정지 의심)
035720  카카오       42,200    0.0    +0.0%    0.0x     중간  1.14  0pt/0 [일봉]
015760  한국전력      39,700    0.0    +0.0%    0.0x     중간  1.38  1pt/0 [일봉]
078930  GS        76,200    0.0    +0.0%    0.0x     중간  0.33  0pt/0 [일봉]
061250  화일약품       8,450    0.0    +0.0%    0.0x     중간  0.65  0pt/0 [일봉]
217820  원익피앤이      3,025   50.0    +4.7%    0.3x     상단  5.58  3pt/0 [5분]
001510  SK증권       3,835   38.9    -2.3%    0.1x     하단  3.26  8pt/1 [5분]
056080  유진로봇      24,700    0.0    +0.0%    0.0x     중간  1.20  1pt/0 [일봉]
084850  아이티엠반도체   14,500    0.0    +0.0%    0.0x     중간  0.97  0pt/0 [일봉]
⛔ 금양(001570) 호가 없음 (거래정지 의심)

══════════════════════════════════════════════════
⚠️  손실 주의 SK증권(001510) -2.1% (비상손절 -2.5% 임박)
⏰ 오전 매수 세션 종료 (11:30↑) — 신규 매수 중단
→ 전종목 HOLD
✅ Discord 전송 완료

[12:12] HOLD | KODEX RSI72/-0.0%⬆️ | 보유:SK증권(001510) -2.1% | 최고신호 SK증권(001510) 8pt/4pt [RSI39★ / 하락-2.3%★ / BB하단★ / 호가3.3★]
💰 예수금 81,970원 | KODEX200 RSI72/-0.0% 상승추세⬆️  | 매수기준 점수4pt↑
📦 보유 SK증권(001510) 4주 -2.1% ⚠️주의

코드      종목명           가격    RSI     변화율    거래량     BB   호가비  B/S
────────────────────────────────────────────────────────────────────────
[2단계 분석 대상: 001510, 012450, 217820, 051910, 066970, 068270]
403870  HPSP      54,800    0.0    +0.0%    0.0x     중간  0.18  0pt/0 [일봉]
⛔ 아우토크립트(137040) 호가 없음 (거래정지 의심)
035720  카카오       42,200    0.0    +0.0%    0.0x     중간  1.09  0pt/0 [일봉]
015760  한국전력      39,700    0.0    +0.0%    0.0x     중간  1.36  1pt/0 [일봉]
078930  GS        76,200    0.0    +0.0%    0.0x     중간  0.34  0pt/0 [일봉]
061250  화일약품       8,450    0.0    +0.0%    0.0x     중간  0.80  0pt/0 [일봉]
217820  원익피앤이      3,025   50.0    +4.5%    0.3x     상단  5.49  3pt/0 [5분]
001510  SK증권       3,840   43.6    -2.2%    0.1x     하단  1.61  7pt/1 [5분]
056080  유진로봇      24,650    0.0    +0.0%    0.0x     중간  1.50  2pt/0 [일봉]
084850  아이티엠반도체   14,540    0.0    +0.0%    0.0x     중간  0.71  0pt/0 [일봉]
⛔ 금양(001570) 호가 없음 (거래정지 의심)

══════════════════════════════════════════════════
⚠️  손실 주의 SK증권(001510) -2.1% (비상손절 -2.5% 임박)
⏰ 오전 매수 세션 종료 (11:30↑) — 신규 매수 중단
→ 전종목 HOLD
✅ Discord 전송 완료

[12:14] HOLD | KODEX RSI72/-0.0%⬆️ | 보유:SK증권(001510) -2.1% | 최고신호 SK증권(001510) 7pt/4pt [RSI44 / 하락-2.2%★ / BB하단★ / 호가1.6★]
💰 예수금 81,970원 | KODEX200 RSI72/+0.1% 상승추세⬆️  | 매수기준 점수4pt↑
📦 보유 SK증권(001510) 4주 -2.0%

코드      종목명           가격    RSI     변화율    거래량     BB   호가비  B/S
────────────────────────────────────────────────────────────────────────
[2단계 분석 대상: 001510, 012450, 217820, 051910, 042700, 034020]
403870  HPSP      54,700    0.0    +0.0%    0.0x     중간  0.18  0pt/0 [일봉]
⛔ 아우토크립트(137040) 호가 없음 (거래정지 의심)
035720  카카오       42,200    0.0    +0.0%    0.0x     중간  1.08  0pt/0 [일봉]
015760  한국전력      39,750    0.0    +0.0%    0.0x     중간  1.37  1pt/0 [일봉]
078930  GS        76,500    0.0    +0.0%    0.0x     중간  0.55  0pt/0 [일봉]
061250  화일약품       8,450    0.0    +0.0%    0.0x     중간  0.80  0pt/0 [일봉]
217820  원익피앤이      3,020   43.8    +4.5%    0.3x     상단  5.16  4pt/0 [5분]
001510  SK증권       3,845   43.6    -2.0%    0.1x     하단  3.98  7pt/1 [5분]
056080  유진로봇      24,650    0.0    +0.0%    0.0x     중간  1.37  1pt/0 [일봉]
084850  아이티엠반도체   14,540    0.0    +0.0%    0.0x     중간  0.71  0pt/0 [일봉]
⛔ 금양(001570) 호가 없음 (거래정지 의심)

══════════════════════════════════════════════════
⚠️  손실 주의 SK증권(001510) -2.0% (비상손절 -2.5% 임박)
⏰ 오전 매수 세션 종료 (11:30↑) — 신규 매수 중단
→ 전종목 HOLD
✅ Discord 전송 완료

[12:16] HOLD | KODEX RSI72/+0.1%⬆️ | 보유:SK증권(001510) -2.0% | 최고신호 SK증권(001510) 7pt/4pt [RSI44 / 하락-2.0%★ / BB하단★ / 호가4.0★]
💰 예수금 81,970원 | KODEX200 RSI72/-0.0% 상승추세⬆️  | 매수기준 점수4pt↑
📦 보유 SK증권(001510) 4주 -1.9%

코드      종목명           가격    RSI     변화율    거래량     BB   호가비  B/S
────────────────────────────────────────────────────────────────────────
[2단계 분석 대상: 001510, 217820, 012450, 066970, 051910, 034020]
403870  HPSP      54,700    0.0    +0.0%    0.0x     중간  0.18  0pt/0 [일봉]
⛔ 아우토크립트(137040) 호가 없음 (거래정지 의심)
035720  카카오       42,150    0.0    +0.0%    0.0x     중간  1.17  0pt/0 [일봉]
015760  한국전력      39,750    0.0    +0.0%    0.0x     중간  1.45  1pt/0 [일봉]
078930  GS        76,500    0.0    +0.0%    0.0x     중간  0.53  0pt/0 [일봉]
061250  화일약품       8,450    0.0    +0.0%    0.0x     중간  0.80  0pt/0 [일봉]
217820  원익피앤이      3,020   43.8    +4.5%    0.3x     상단  5.68  4pt/0 [5분]
001510  SK증권       3,840   43.6    -2.2%    0.2x     하단  2.00  7pt/1 [5분]
056080  유진로봇      24,650    0.0    +0.0%    0.0x     중간  1.39  1pt/0 [일봉]
084850  아이티엠반도체   14,510    0.0    +0.0%    0.0x     중간  1.09  0pt/0 [일봉]
⛔ 금양(001570) 호가 없음 (거래정지 의심)

══════════════════════════════════════════════════
⚠️  손실 주의 SK증권(001510) -1.9% (비상손절 -2.5% 임박)
⏰ 오전 매수 세션 종료 (11:30↑) — 신규 매수 중단
→ 전종목 HOLD
✅ Discord 전송 완료

[12:18] HOLD | KODEX RSI72/-0.0%⬆️ | 보유:SK증권(001510) -1.9% | 최고신호 SK증권(001510) 7pt/4pt [RSI44 / 하락-2.2%★ / BB하단★ / 호가2.0★]
💰 예수금 81,970원 | KODEX200 RSI72/-0.1% 상승추세⬆️  | 매수기준 점수4pt↑
📦 보유 SK증권(001510) 4주 -2.0%

코드      종목명           가격    RSI     변화율    거래량     BB   호가비  B/S
────────────────────────────────────────────────────────────────────────
[2단계 분석 대상: 001510, 012450, 217820, 066970, 068270, 034020]
403870  HPSP      54,600    0.0    +0.0%    0.0x     중간  0.18  0pt/0 [일봉]
⛔ 아우토크립트(137040) 호가 없음 (거래정지 의심)
035720  카카오       42,200    0.0    +0.0%    0.0x     중간  1.04  0pt/0 [일봉]
015760  한국전력      39,750    0.0    +0.0%    0.0x     중간  1.34  1pt/0 [일봉]
078930  GS        76,500    0.0    +0.0%    0.0x     중간  0.48  0pt/0 [일봉]
061250  화일약품       8,450    0.0    +0.0%    0.0x     중간  0.81  0pt/0 [일봉]
217820  원익피앤이      3,030   29.4    +4.7%    0.3x     상단  4.77  4pt/0 [5분]
001510  SK증권       3,845   46.3    -2.1%    0.2x     하단  1.93  7pt/1 [5분]
056080  유진로봇      24,600    0.0    +0.0%    0.0x     중간  1.37  1pt/0 [일봉]
084850  아이티엠반도체   14,500    0.0    +0.0%    0.0x     중간  1.27  1pt/0 [일봉]
⛔ 금양(001570) 호가 없음 (거래정지 의심)

══════════════════════════════════════════════════
⚠️  손실 주의 SK증권(001510) -2.0% (비상손절 -2.5% 임박)
⏰ 오전 매수 세션 종료 (11:30↑) — 신규 매수 중단
→ 전종목 HOLD
✅ Discord 전송 완료

[12:20] HOLD | KODEX RSI72/-0.1%⬆️ | 보유:SK증권(001510) -2.0% | 최고신호 SK증권(001510) 7pt/4pt [RSI46 / 하락-2.1%★ / BB하단★ / 호가1.9★]
💰 예수금 81,970원 | KODEX200 RSI72/-0.1% 상승추세⬆️  | 매수기준 점수4pt↑
📦 보유 SK증권(001510) 4주 -2.0%

코드      종목명           가격    RSI     변화율    거래량     BB   호가비  B/S
────────────────────────────────────────────────────────────────────────
[2단계 분석 대상: 001510, 012450, 217820, 066970, 051910, 034020]
403870  HPSP      54,600    0.0    +0.0%    0.0x     중간  0.18  0pt/0 [일봉]
⛔ 아우토크립트(137040) 호가 없음 (거래정지 의심)
035720  카카오       42,200    0.0    +0.0%    0.0x     중간  1.03  0pt/0 [일봉]
015760  한국전력      39,750    0.0    +0.0%    0.0x     중간  1.24  1pt/0 [일봉]
078930  GS        76,500    0.0    +0.0%    0.0x     중간  0.50  0pt/0 [일봉]
061250  화일약품       8,450    0.0    +0.0%    0.0x     중간  0.81  0pt/0 [일봉]
217820  원익피앤이      3,030   29.4    +4.8%    0.3x     상단  4.78  4pt/0 [5분]
001510  SK증권       3,840   46.3    -2.2%    0.2x     하단  2.01  7pt/1 [5분]
056080  유진로봇      24,650    0.0    +0.0%    0.0x     중간  1.04  0pt/0 [일봉]
084850  아이티엠반도체   14,500    0.0    +0.0%    0.0x     중간  1.25  1pt/0 [일봉]
⛔ 금양(001570) 호가 없음 (거래정지 의심)

══════════════════════════════════════════════════
⚠️  손실 주의 SK증권(001510) -2.0% (비상손절 -2.5% 임박)
⏰ 오전 매수 세션 종료 (11:30↑) — 신규 매수 중단
→ 전종목 HOLD
✅ Discord 전송 완료

[12:22] HOLD | KODEX RSI72/-0.1%⬆️ | 보유:SK증권(001510) -2.0% | 최고신호 SK증권(001510) 7pt/4pt [RSI46 / 하락-2.2%★ / BB하단★ / 호가2.0★]
💰 예수금 81,970원 | KODEX200 RSI72/-0.2% 상승추세⬆️  | 매수기준 점수4pt↑
📦 보유 SK증권(001510) 4주 -2.1% ⚠️주의

코드      종목명           가격    RSI     변화율    거래량     BB   호가비  B/S
────────────────────────────────────────────────────────────────────────
[2단계 분석 대상: 001510, 217820, 012450, 066970, 034020, 051910]
403870  HPSP      54,500    0.0    +0.0%    0.0x     중간  0.24  0pt/0 [일봉]
⛔ 아우토크립트(137040) 호가 없음 (거래정지 의심)
035720  카카오       42,200    0.0    +0.0%    0.0x     중간  1.00  0pt/0 [일봉]
015760  한국전력      39,750    0.0    +0.0%    0.0x     중간  1.20  1pt/0 [일봉]
078930  GS        76,500    0.0    +0.0%    0.0x     중간  0.49  0pt/0 [일봉]
061250  화일약품       8,450    0.0    +0.0%    0.0x     중간  0.82  0pt/0 [일봉]
217820  원익피앤이      3,030   38.9    +4.8%    0.3x     상단  5.09  4pt/0 [5분]
001510  SK증권       3,835   43.6    -2.3%    0.2x     하단  1.94  7pt/1 [5분]
056080  유진로봇      24,600    0.0    +0.0%    0.0x     중간  1.04  0pt/0 [일봉]
084850  아이티엠반도체   14,500    0.0    +0.0%    0.0x     중간  1.22  1pt/0 [일봉]
⛔ 금양(001570) 호가 없음 (거래정지 의심)

══════════════════════════════════════════════════
⚠️  손실 주의 SK증권(001510) -2.1% (비상손절 -2.5% 임박)
⏰ 오전 매수 세션 종료 (11:30↑) — 신규 매수 중단
→ 전종목 HOLD
✅ Discord 전송 완료

[12:24] HOLD | KODEX RSI72/-0.2%⬆️ | 보유:SK증권(001510) -2.1% | 최고신호 SK증권(001510) 7pt/4pt [RSI44 / 하락-2.3%★ / BB하단★ / 호가1.9★]
💰 예수금 81,970원 | KODEX200 RSI72/-0.1% 상승추세⬆️  | 매수기준 점수4pt↑
📦 보유 SK증권(001510) 4주 -2.1% ⚠️주의

코드      종목명           가격    RSI     변화율    거래량     BB   호가비  B/S
────────────────────────────────────────────────────────────────────────
[2단계 분석 대상: 001510, 012450, 217820, 051910, 034020, 066970]
403870  HPSP      54,500    0.0    +0.0%    0.0x     중간  0.23  0pt/0 [일봉]
⛔ 아우토크립트(137040) 호가 없음 (거래정지 의심)
035720  카카오       42,200    0.0    +0.0%    0.0x     중간  0.99  0pt/0 [일봉]
015760  한국전력      39,800    0.0    +0.0%    0.0x     중간  1.45  1pt/0 [일봉]
078930  GS        76,500    0.0    +0.0%    0.0x     중간  0.35  0pt/0 [일봉]
061250  화일약품       8,450    0.0    +0.0%    0.0x     중간  0.88  0pt/0 [일봉]
217820  원익피앤이      3,035   38.9    +5.0%    0.3x     상단  5.20  4pt/0 [5분]
001510  SK증권       3,835   43.6    -2.3%    0.2x     하단  3.28  7pt/1 [5분]
056080  유진로봇      24,650    0.0    +0.0%    0.0x     중간  0.87  0pt/0 [일봉]
084850  아이티엠반도체   14,500    0.0    +0.0%    0.0x     중간  1.05  0pt/0 [일봉]
⛔ 금양(001570) 호가 없음 (거래정지 의심)

══════════════════════════════════════════════════
⚠️  손실 주의 SK증권(001510) -2.1% (비상손절 -2.5% 임박)
⏰ 오전 매수 세션 종료 (11:30↑) — 신규 매수 중단
→ 전종목 HOLD
✅ Discord 전송 완료

[12:26] HOLD | KODEX RSI72/-0.1%⬆️ | 보유:SK증권(001510) -2.1% | 최고신호 SK증권(001510) 7pt/4pt [RSI44 / 하락-2.3%★ / BB하단★ / 호가3.3★]
💰 예수금 81,970원 | KODEX200 RSI72/-0.1% 상승추세⬆️  | 매수기준 점수4pt↑
📦 보유 SK증권(001510) 4주 -2.1% ⚠️주의

코드      종목명           가격    RSI     변화율    거래량     BB   호가비  B/S
────────────────────────────────────────────────────────────────────────
[2단계 분석 대상: 001510, 012450, 051910, 207940, 217820, 066970]
403870  HPSP      54,500    0.0    +0.0%    0.0x     중간  0.25  0pt/0 [일봉]
⛔ 아우토크립트(137040) 호가 없음 (거래정지 의심)
035720  카카오       42,200    0.0    +0.0%    0.0x     중간  0.99  0pt/0 [일봉]
015760  한국전력      39,750    0.0    +0.0%    0.0x     중간  1.53  2pt/0 [일봉]
078930  GS        76,500    0.0    +0.0%    0.0x     중간  0.37  0pt/0 [일봉]
061250  화일약품       8,450    0.0    +0.0%    0.0x     중간  0.81  0pt/0 [일봉]
217820  원익피앤이      3,040   38.9    +5.0%    0.3x     상단  4.48  4pt/0 [5분]
001510  SK증권       3,830   43.6    -2.5%    0.2x     하단  2.15  7pt/1 [5분]
056080  유진로봇      24,650    0.0    +0.0%    0.0x     중간  0.94  0pt/0 [일봉]
084850  아이티엠반도체   14,500    0.0    +0.0%    0.0x     중간  1.08  0pt/0 [일봉]
⛔ 금양(001570) 호가 없음 (거래정지 의심)

══════════════════════════════════════════════════
⚠️  손실 주의 SK증권(001510) -2.1% (비상손절 -2.5% 임박)
⏰ 오전 매수 세션 종료 (11:30↑) — 신규 매수 중단
→ 전종목 HOLD
✅ Discord 전송 완료

[12:28] HOLD | KODEX RSI72/-0.1%⬆️ | 보유:SK증권(001510) -2.1% | 최고신호 SK증권(001510) 7pt/4pt [RSI44 / 하락-2.5%★ / BB하단★ / 호가2.1★]
💰 예수금 81,971원 | KODEX200 RSI72/-0.1% 상승추세⬆️  | 매수기준 점수4pt↑
📦 보유 SK증권(001510) 4주 -2.4% ⚠️주의

코드      종목명           가격    RSI     변화율    거래량     BB   호가비  B/S
────────────────────────────────────────────────────────────────────────
[2단계 분석 대상: 001510, 012450, 051910, 217820, 034020, 207940]
403870  HPSP      54,700    0.0    +0.0%    0.0x     중간  0.17  0pt/0 [일봉]
⛔ 아우토크립트(137040) 호가 없음 (거래정지 의심)
035720  카카오       42,200    0.0    +0.0%    0.0x     중간  1.04  0pt/0 [일봉]
015760  한국전력      39,750    0.0    +0.0%    0.0x     중간  1.57  2pt/0 [일봉]
078930  GS        76,600    0.0    +0.0%    0.0x     중간  0.34  0pt/0 [일봉]
061250  화일약품       8,470    0.0    +0.0%    0.0x     중간  1.03  0pt/0 [일봉]
217820  원익피앤이      3,035   45.0    +5.0%    0.3x     상단  4.74  3pt/0 [5분]
001510  SK증권       3,830   40.5    -2.5%    0.2x     하단  2.17  7pt/1 [5분]
056080  유진로봇      24,600    0.0    +0.0%    0.0x     중간  1.27  1pt/0 [일봉]
084850  아이티엠반도체   14,540    0.0    +0.0%    0.0x     중간  0.79  0pt/0 [일봉]
⛔ 금양(001570) 호가 없음 (거래정지 의심)

══════════════════════════════════════════════════
⚠️  손실 주의 SK증권(001510) -2.4% (비상손절 -2.5% 임박)
⏰ 오전 매수 세션 종료 (11:30↑) — 신규 매수 중단
→ 전종목 HOLD
✅ Discord 전송 완료

[12:30] HOLD | KODEX RSI72/-0.1%⬆️ | 보유:SK증권(001510) -2.4% | 최고신호 SK증권(001510) 7pt/4pt [RSI40 / 하락-2.5%★ / BB하단★ / 호가2.2★]
💰 예수금 81,971원 | KODEX200 RSI72/-0.1% 상승추세⬆️  | 매수기준 점수4pt↑
📦 보유 SK증권(001510) 4주 -2.2% ⚠️주의

코드      종목명           가격    RSI     변화율    거래량     BB   호가비  B/S
────────────────────────────────────────────────────────────────────────
[2단계 분석 대상: 001510, 012450, 217820, 034020, 207940, 042700]
403870  HPSP      54,800    0.0    +0.0%    0.0x     중간  0.16  0pt/0 [일봉]
⛔ 아우토크립트(137040) 호가 없음 (거래정지 의심)
035720  카카오       42,200    0.0    +0.0%    0.0x     중간  1.04  0pt/0 [일봉]
015760  한국전력      39,750    0.0    +0.0%    0.0x     중간  1.57  2pt/0 [일봉]
078930  GS        76,600    0.0    +0.0%    0.0x     중간  0.35  0pt/0 [일봉]
061250  화일약품       8,470    0.0    +0.0%    0.0x     중간  1.03  0pt/0 [일봉]
217820  원익피앤이      3,035   45.0    +5.0%    0.3x     상단  4.78  3pt/0 [5분]
001510  SK증권       3,830   40.5    -2.5%    0.2x     하단  2.50  7pt/1 [5분]
056080  유진로봇      24,600    0.0    +0.0%    0.0x     중간  1.03  0pt/0 [일봉]
084850  아이티엠반도체   14,530    0.0    +0.0%    0.0x     중간  1.07  0pt/0 [일봉]
⛔ 금양(001570) 호가 없음 (거래정지 의심)

══════════════════════════════════════════════════
⚠️  손실 주의 SK증권(001510) -2.2% (비상손절 -2.5% 임박)
⏰ 오전 매수 세션 종료 (11:30↑) — 신규 매수 중단
→ 전종목 HOLD
✅ Discord 전송 완료

[12:32] HOLD | KODEX RSI72/-0.1%⬆️ | 보유:SK증권(001510) -2.2% | 최고신호 SK증권(001510) 7pt/4pt [RSI40 / 하락-2.5%★ / BB하단★ / 호가2.5★]
💰 예수금 81,971원 | KODEX200 RSI72/-0.0% 상승추세⬆️  | 매수기준 점수4pt↑
📦 보유 SK증권(001510) 4주 -2.4% ⚠️주의

코드      종목명           가격    RSI     변화율    거래량     BB   호가비  B/S
────────────────────────────────────────────────────────────────────────
[2단계 분석 대상: 001510, 012450, 207940, 217820, 051910, 042700]
403870  HPSP      54,800    0.0    +0.0%    0.0x     중간  0.14  0pt/0 [일봉]
⛔ 아우토크립트(137040) 호가 없음 (거래정지 의심)
035720  카카오       42,250    0.0    +0.0%    0.0x     중간  0.71  0pt/0 [일봉]
015760  한국전력      39,750    0.0    +0.0%    0.0x     중간  1.58  2pt/0 [일봉]
078930  GS        76,800    0.0    +0.0%    0.0x     중간  0.31  0pt/0 [일봉]
061250  화일약품       8,470    0.0    +0.0%    0.0x     중간  1.03  0pt/0 [일봉]
217820  원익피앤이      3,045   45.0    +5.2%    0.3x     상단  3.00  3pt/0 [5분]
001510  SK증권       3,830   38.9    -2.4%    0.2x     하단  2.22  9pt/1 [5분]
056080  유진로봇      24,600    0.0    +0.0%    0.0x     중간  1.39  1pt/0 [일봉]
084850  아이티엠반도체   14,520    0.0    +0.0%    0.0x     중간  1.03  0pt/0 [일봉]
⛔ 금양(001570) 호가 없음 (거래정지 의심)

══════════════════════════════════════════════════
⚠️  손실 주의 SK증권(001510) -2.4% (비상손절 -2.5% 임박)
⏰ 오전 매수 세션 종료 (11:30↑) — 신규 매수 중단
→ 전종목 HOLD
✅ Discord 전송 완료

[12:34] HOLD | KODEX RSI72/-0.0%⬆️ | 보유:SK증권(001510) -2.4% | 최고신호 SK증권(001510) 9pt/4pt [RSI39★ / 하락-2.4%★ / BB하단★ / 호가2.2★ / 거래량증가]
💰 예수금 81,971원 | KODEX200 RSI72/-0.1% 상승추세⬆️  | 매수기준 점수4pt↑
📦 보유 SK증권(001510) 4주 -2.2% ⚠️주의

코드      종목명           가격    RSI     변화율    거래량     BB   호가비  B/S
────────────────────────────────────────────────────────────────────────
[2단계 분석 대상: 001510, 012450, 207940, 005930, 051910, 005380]
403870  HPSP      54,800    0.0    +0.0%    0.0x     중간  0.15  0pt/0 [일봉]
⛔ 아우토크립트(137040) 호가 없음 (거래정지 의심)
035720  카카오       42,350    0.0    +0.0%    0.0x     중간  0.68  0pt/0 [일봉]
015760  한국전력      39,750    0.0    +0.0%    0.0x     중간  1.68  2pt/0 [일봉]
078930  GS        76,800    0.0    +0.0%    0.0x     중간  0.36  0pt/0 [일봉]
061250  화일약품       8,470    0.0    +0.0%    0.0x     중간  1.04  0pt/0 [일봉]
217820  원익피앤이      3,045    0.0    +0.0%    0.0x     중간  2.11  2pt/0 [일봉]
001510  SK증권       3,830   38.9    -2.5%    0.2x     하단  2.29  9pt/1 [5분]
056080  유진로봇      24,600    0.0    +0.0%    0.0x     중간  1.14  0pt/0 [일봉]
084850  아이티엠반도체   14,520    0.0    +0.0%    0.0x     중간  1.03  0pt/0 [일봉]
⛔ 금양(001570) 호가 없음 (거래정지 의심)

══════════════════════════════════════════════════
⚠️  손실 주의 SK증권(001510) -2.2% (비상손절 -2.5% 임박)
⏰ 오전 매수 세션 종료 (11:30↑) — 신규 매수 중단
→ 전종목 HOLD
✅ Discord 전송 완료

[12:36] HOLD | KODEX RSI72/-0.1%⬆️ | 보유:SK증권(001510) -2.2% | 최고신호 SK증권(001510) 9pt/4pt [RSI39★ / 하락-2.5%★ / BB하단★ / 호가2.3★ / 거래량증가]
💰 예수금 81,971원 | KODEX200 RSI72/+0.0% 상승추세⬆️  | 매수기준 점수4pt↑
📦 보유 SK증권(001510) 4주 -2.2% ⚠️주의

코드      종목명           가격    RSI     변화율    거래량     BB   호가비  B/S
────────────────────────────────────────────────────────────────────────
[2단계 분석 대상: 001510, 207940, 012450, 217820, 042700, 051910]
403870  HPSP      54,800    0.0    +0.0%    0.0x     중간  0.14  0pt/0 [일봉]
⛔ 아우토크립트(137040) 호가 없음 (거래정지 의심)
035720  카카오       42,400    0.0    +0.0%    0.0x     중간  0.93  0pt/0 [일봉]
015760  한국전력      39,750    0.0    +0.0%    0.0x     중간  1.62  2pt/0 [일봉]
078930  GS        76,900    0.0    +0.0%    0.0x     중간  0.29  0pt/0 [일봉]
061250  화일약품       8,470    0.0    +0.0%    0.0x     중간  1.07  0pt/0 [일봉]
217820  원익피앤이      3,040   37.5    +5.2%    0.3x     상단  3.34  4pt/0 [5분]
001510  SK증권       3,825   38.9    -2.5%    0.2x     하단  1.15  7pt/1 [5분]
056080  유진로봇      24,600    0.0    +0.0%    0.0x     중간  1.41  1pt/0 [일봉]
084850  아이티엠반도체   14,530    0.0    +0.0%    0.0x     중간  1.01  0pt/0 [일봉]
⛔ 금양(001570) 호가 없음 (거래정지 의심)

══════════════════════════════════════════════════
⚠️  손실 주의 SK증권(001510) -2.2% (비상손절 -2.5% 임박)
⏰ 오전 매수 세션 종료 (11:30↑) — 신규 매수 중단
→ 전종목 HOLD
✅ Discord 전송 완료

[12:38] HOLD | KODEX RSI72/+0.0%⬆️ | 보유:SK증권(001510) -2.2% | 최고신호 SK증권(001510) 7pt/4pt [RSI39★ / 하락-2.5%★ / BB하단★ / 거래량증가]
💰 예수금 81,971원 | KODEX200 RSI72/+0.0% 상승추세⬆️  | 매수기준 점수4pt↑
📦 보유 SK증권(001510) 4주 -2.4% ⚠️주의

코드      종목명           가격    RSI     변화율    거래량     BB   호가비  B/S
────────────────────────────────────────────────────────────────────────
[2단계 분석 대상: 001510, 012450, 051910, 207940, 217820, 005930]
403870  HPSP      54,800    0.0    +0.0%    0.0x     중간  0.14  0pt/0 [일봉]
⛔ 아우토크립트(137040) 호가 없음 (거래정지 의심)
035720  카카오       42,400    0.0    +0.0%    0.0x     중간  0.93  0pt/0 [일봉]
015760  한국전력      39,750    0.0    +0.0%    0.0x     중간  1.63  2pt/0 [일봉]
078930  GS        76,800    0.0    +0.0%    0.0x     중간  0.27  0pt/0 [일봉]
061250  화일약품       8,470    0.0    +0.0%    0.0x     중간  1.07  0pt/0 [일봉]
217820  원익피앤이      3,040   40.0    +5.2%    0.3x     상단  3.05  4pt/0 [5분]
001510  SK증권       3,820   48.5    -2.8%    0.2x     하단  1.82  7pt/1 [5분]
056080  유진로봇      24,600    0.0    +0.0%    0.0x     중간  1.22  1pt/0 [일봉]
084850  아이티엠반도체   14,530    0.0    +0.0%    0.0x     중간  1.02  0pt/0 [일봉]
⛔ 금양(001570) 호가 없음 (거래정지 의심)

══════════════════════════════════════════════════
⚠️  손실 주의 SK증권(001510) -2.4% (비상손절 -2.5% 임박)
⏰ 오전 매수 세션 종료 (11:30↑) — 신규 매수 중단
→ 전종목 HOLD
✅ Discord 전송 완료

[12:40] HOLD | KODEX RSI72/+0.0%⬆️ | 보유:SK증권(001510) -2.4% | 최고신호 SK증권(001510) 7pt/4pt [RSI48 / 하락-2.8%★ / BB하단★ / 호가1.8★]
💰 예수금 81,971원 | KODEX200 RSI72/+0.1% 상승추세⬆️  | 매수기준 점수4pt↑
📦 보유 SK증권(001510) 4주 -2.5% ⚠️주의

코드      종목명           가격    RSI     변화율    거래량     BB   호가비  B/S
────────────────────────────────────────────────────────────────────────
[2단계 분석 대상: 001510, 012450, 207940, 217820, 005930, 042700]
403870  HPSP      54,800    0.0    +0.0%    0.0x     중간  0.13  0pt/0 [일봉]
⛔ 아우토크립트(137040) 호가 없음 (거래정지 의심)
035720  카카오       42,400    0.0    +0.0%    0.0x     중간  0.79  0pt/0 [일봉]
015760  한국전력      39,750    0.0    +0.0%    0.0x     중간  1.56  2pt/0 [일봉]
078930  GS        76,700    0.0    +0.0%    0.0x     중간  0.24  0pt/0 [일봉]
061250  화일약품       8,470    0.0    +0.0%    0.0x     중간  1.08  0pt/0 [일봉]
217820  원익피앤이      3,040   40.0    +5.2%    0.3x     상단  3.19  4pt/0 [5분]
001510  SK증권       3,820   48.5    -2.8%    0.2x     하단  1.83  7pt/1 [5분]
056080  유진로봇      24,650    0.0    +0.0%    0.0x     중간  1.04  0pt/0 [일봉]
084850  아이티엠반도체   14,540    0.0    +0.0%    0.0x     중간  0.19  0pt/0 [일봉]
⛔ 금양(001570) 호가 없음 (거래정지 의심)

══════════════════════════════════════════════════
⚠️  손실 주의 SK증권(001510) -2.5% (비상손절 -2.5% 임박)
⏰ 오전 매수 세션 종료 (11:30↑) — 신규 매수 중단
→ 전종목 HOLD
✅ Discord 전송 완료

[12:42] HOLD | KODEX RSI72/+0.1%⬆️ | 보유:SK증권(001510) -2.5% | 최고신호 SK증권(001510) 7pt/4pt [RSI48 / 하락-2.8%★ / BB하단★ / 호가1.8★]
💰 예수금 81,971원 | KODEX200 RSI72/+0.1% 상승추세⬆️  | 매수기준 점수4pt↑
📦 보유 SK증권(001510) 4주 -2.6% ⚠️주의

코드      종목명           가격    RSI     변화율    거래량     BB   호가비  B/S
────────────────────────────────────────────────────────────────────────
[2단계 분석 대상: 001510, 012450, 207940, 217820, 042700, 005930]
403870  HPSP      54,800    0.0    +0.0%    0.0x     중간  0.14  0pt/0 [일봉]
⛔ 아우토크립트(137040) 호가 없음 (거래정지 의심)
035720  카카오       42,350    0.0    +0.0%    0.0x     중간  0.92  0pt/0 [일봉]
015760  한국전력      39,750    0.0    +0.0%    0.0x     중간  1.45  1pt/0 [일봉]
078930  GS        76,600    0.0    +0.0%    0.0x     중간  0.33  0pt/0 [일봉]
061250  화일약품       8,460    0.0    +0.0%    0.0x     중간  1.08  0pt/0 [일봉]
217820  원익피앤이      3,040   41.7    +5.2%    0.3x     상단  3.26  3pt/0 [5분]
001510  SK증권       3,815   48.5    -2.8%    0.2x     하단  2.02  8pt/0 [5분]
056080  유진로봇      24,650    0.0    +0.0%    0.0x     중간  0.90  0pt/0 [일봉]
084850  아이티엠반도체   14,540    0.0    +0.0%    0.0x     중간  0.64  0pt/0 [일봉]
⛔ 금양(001570) 호가 없음 (거래정지 의심)

══════════════════════════════════════════════════
🟡 SELL(비상손절🔴) SK증권(001510) -2.6% [] 신뢰도0.9
💰 예수금: 81,971원
📊 SK증권(001510) 매도1호가: 3,815원 | 매수1호가: 3,810원
📌 SELL 지정가: 3,810원 × 4주
✅ 접수 | 매도 주문 접수: SK증권 4주 (주문번호: 0535819)
⏰ 오전 매수 세션 종료 (11:30↑) — 신규 매수 중단
✅ Discord 전송 완료

[12:44] 🟡SELL | KODEX RSI72/+0.1%⬆️ | 예수금 81,971원

🟡 SK증권(001510)  손실-2.6%  RSI48 BB하단  []
📦 SK증권 -2.6%

🔶 원익피앤이  3pt/4pt  RSI42 +5.2%  [RSI42·호가3.3★]
🔹 한국전력  1pt/4pt  RSI0 +0.0%  [호가1.4]
💰 예수금 97,219원 | KODEX200 RSI72/+0.0% 상승추세⬆️  | 매수기준 점수4pt↑

코드      종목명           가격    RSI     변화율    거래량     BB   호가비  B/S
────────────────────────────────────────────────────────────────────────
[2단계 분석 대상: 012450, 217820, 207940, 001510, 005930]
403870  HPSP      54,700    0.0    +0.0%    0.0x     중간  0.16  0pt/0 [일봉]
⛔ 아우토크립트(137040) 호가 없음 (거래정지 의심)
035720  카카오       42,300    0.0    +0.0%    0.0x     중간  1.07  0pt/0 [일봉]
015760  한국전력      39,750    0.0    +0.0%    0.0x     중간  1.45  1pt/0 [일봉]
078930  GS        76,500    0.0    +0.0%    0.0x     중간  0.42  0pt/0 [일봉]
061250  화일약품       8,460    0.0    +0.0%    0.0x     중간  1.09  0pt/0 [일봉]
217820  원익피앤이      3,040   41.7    +5.2%    0.3x     상단  3.50  3pt/0 [5분]
001510  SK증권       3,820   48.5    -2.7%    0.2x     하단  2.58  8pt/0 [5분]
056080  유진로봇      24,650    0.0    +0.0%    0.0x     중간  0.98  0pt/0 [일봉]
084850  아이티엠반도체   14,530    0.0    +0.0%    0.0x     중간  0.85  0pt/0 [일봉]
⛔ 금양(001570) 호가 없음 (거래정지 의심)

══════════════════════════════════════════════════
⏰ 오전 매수 세션 종료 (11:30↑) — 신규 매수 중단
→ 전종목 HOLD
✅ Discord 전송 완료

[12:46] HOLD | KODEX RSI72/+0.0%⬆️ | 보유:없음 | 최고신호 SK증권(001510) 8pt/4pt [RSI48 / 하락-2.7%★ / BB하단★ / MA골 / 호가2.6★]
💰 예수금 97,219원 | KODEX200 RSI72/+0.0% 상승추세⬆️  | 매수기준 점수4pt↑

코드      종목명           가격    RSI     변화율    거래량     BB   호가비  B/S
────────────────────────────────────────────────────────────────────────
[2단계 분석 대상: 012450, 217820, 001510, 207940, 005930]
403870  HPSP      54,700    0.0    +0.0%    0.0x     중간  0.16  0pt/0 [일봉]
⛔ 아우토크립트(137040) 호가 없음 (거래정지 의심)
035720  카카오       42,300    0.0    +0.0%    0.0x     중간  1.08  0pt/0 [일봉]
015760  한국전력      39,750    0.0    +0.0%    0.0x     중간  1.48  1pt/0 [일봉]
078930  GS        76,500    0.0    +0.0%    0.0x     중간  0.44  0pt/0 [일봉]
061250  화일약품       8,460    0.0    +0.0%    0.0x     중간  1.08  0pt/0 [일봉]
217820  원익피앤이      3,035   41.7    +5.0%    0.3x     상단  3.26  3pt/0 [5분]
001510  SK증권       3,820   48.5    -2.7%    0.2x     하단  2.79  8pt/0 [5분]
056080  유진로봇      24,650    0.0    +0.0%    0.0x     중간  0.95  0pt/0 [일봉]
084850  아이티엠반도체   14,530    0.0    +0.0%    0.0x     중간  0.73  0pt/0 [일봉]
⛔ 금양(001570) 호가 없음 (거래정지 의심)

══════════════════════════════════════════════════
⏰ 오전 매수 세션 종료 (11:30↑) — 신규 매수 중단
→ 전종목 HOLD
✅ Discord 전송 완료

[12:48] HOLD | KODEX RSI72/+0.0%⬆️ | 보유:없음 | 최고신호 SK증권(001510) 8pt/4pt [RSI48 / 하락-2.7%★ / BB하단★ / MA골 / 호가2.8★]
💰 예수금 97,219원 | KODEX200 RSI72/-0.0% 상승추세⬆️  | 매수기준 점수4pt↑

코드      종목명           가격    RSI     변화율    거래량     BB   호가비  B/S
────────────────────────────────────────────────────────────────────────
[2단계 분석 대상: 012450, 051910, 001510, 207940, 005930]
403870  HPSP      54,700    0.0    +0.0%    0.0x     중간  0.16  0pt/0 [일봉]
⛔ 아우토크립트(137040) 호가 없음 (거래정지 의심)
035720  카카오       42,300    0.0    +0.0%    0.0x     중간  1.07  0pt/0 [일봉]
015760  한국전력      39,750    0.0    +0.0%    0.0x     중간  1.70  2pt/0 [일봉]
078930  GS        76,500    0.0    +0.0%    0.0x     중간  0.46  0pt/0 [일봉]
061250  화일약품       8,460    0.0    +0.0%    0.0x     중간  0.71  0pt/0 [일봉]
217820  원익피앤이      3,040    0.0    +0.0%    0.0x     중간  1.84  2pt/0 [일봉]
001510  SK증권       3,825   61.5    -2.5%    0.2x     하단  3.47  8pt/0 [5분]
056080  유진로봇      24,650    0.0    +0.0%    0.0x     중간  1.00  0pt/0 [일봉]
084850  아이티엠반도체   14,530    0.0    +0.0%    0.0x     중간  0.72  0pt/0 [일봉]
⛔ 금양(001570) 호가 없음 (거래정지 의심)

══════════════════════════════════════════════════
⏰ 오전 매수 세션 종료 (11:30↑) — 신규 매수 중단
→ 전종목 HOLD
✅ Discord 전송 완료

[12:50] HOLD | KODEX RSI72/-0.0%⬆️ | 보유:없음 | 최고신호 SK증권(001510) 8pt/4pt [하락-2.5%★ / BB하단★ / MA골 / 호가3.5★ / 거래량증가]
💰 예수금 97,219원 | KODEX200 RSI72/-0.1% 상승추세⬆️  | 매수기준 점수4pt↑

코드      종목명           가격    RSI     변화율    거래량     BB   호가비  B/S
────────────────────────────────────────────────────────────────────────
[2단계 분석 대상: 207940, 051910, 001510, 217820, 012450]
403870  HPSP      55,000    0.0    +0.0%    0.0x     중간  0.12  0pt/0 [일봉]
⛔ 아우토크립트(137040) 호가 없음 (거래정지 의심)
035720  카카오       42,300    0.0    +0.0%    0.0x     중간  1.16  0pt/0 [일봉]
015760  한국전력      39,750    0.0    +0.0%    0.0x     중간  1.67  2pt/0 [일봉]
078930  GS        76,800    0.0    +0.0%    0.0x     중간  0.31  0pt/0 [일봉]
061250  화일약품       8,460    0.0    +0.0%    0.0x     중간  0.74  0pt/0 [일봉]
217820  원익피앤이      3,030   50.0    +4.8%    0.3x     상단  3.12  4pt/0 [5분]
001510  SK증권       3,835   61.5    -2.3%    0.2x     하단  3.38  8pt/0 [5분]
056080  유진로봇      24,650    0.0    +0.0%    0.0x     중간  1.03  0pt/0 [일봉]
084850  아이티엠반도체   14,530    0.0    +0.0%    0.0x     중간  0.37  0pt/0 [일봉]
⛔ 금양(001570) 호가 없음 (거래정지 의심)

══════════════════════════════════════════════════
⏰ 오전 매수 세션 종료 (11:30↑) — 신규 매수 중단
→ 전종목 HOLD
✅ Discord 전송 완료

[12:52] HOLD | KODEX RSI72/-0.1%⬆️ | 보유:없음 | 최고신호 SK증권(001510) 8pt/4pt [하락-2.3%★ / BB하단★ / MA골 / 호가3.4★ / 거래량증가]
💰 예수금 97,219원 | KODEX200 RSI72/+0.0% 상승추세⬆️  | 매수기준 점수4pt↑

코드      종목명           가격    RSI     변화율    거래량     BB   호가비  B/S
────────────────────────────────────────────────────────────────────────
[2단계 분석 대상: 207940, 051910, 217820, 001510, 005930]
403870  HPSP      55,000    0.0    +0.0%    0.0x     중간  0.13  0pt/0 [일봉]
⛔ 아우토크립트(137040) 호가 없음 (거래정지 의심)
035720  카카오       42,350    0.0    +0.0%    0.0x     중간  1.04  0pt/0 [일봉]
015760  한국전력      39,800    0.0    +0.0%    0.0x     중간  1.80  2pt/0 [일봉]
078930  GS        76,600    0.0    +0.0%    0.0x     중간  0.38  0pt/0 [일봉]
061250  화일약품       8,460    0.0    +0.0%    0.0x     중간  1.12  0pt/0 [일봉]
217820  원익피앤이      3,030   47.6    +4.7%    0.3x     상단  3.09  4pt/0 [5분]
001510  SK증권       3,840   59.3    -2.2%    0.2x     하단  3.04  7pt/0 [5분]
056080  유진로봇      24,650    0.0    +0.0%    0.0x     중간  0.98  0pt/0 [일봉]
084850  아이티엠반도체   14,530    0.0    +0.0%    0.0x     중간  0.40  0pt/0 [일봉]
⛔ 금양(001570) 호가 없음 (거래정지 의심)

══════════════════════════════════════════════════
⏰ 오전 매수 세션 종료 (11:30↑) — 신규 매수 중단
→ 전종목 HOLD
✅ Discord 전송 완료

[12:54] HOLD | KODEX RSI72/+0.0%⬆️ | 보유:없음 | 최고신호 SK증권(001510) 7pt/4pt [하락-2.2%★ / BB하단★ / MA골 / 호가3.0★]
💰 예수금 97,219원 | KODEX200 RSI72/+0.0% 상승추세⬆️  | 매수기준 점수4pt↑

코드      종목명           가격    RSI     변화율    거래량     BB   호가비  B/S
────────────────────────────────────────────────────────────────────────
[2단계 분석 대상: 207940, 051910, 001510, 217820, 005930]
403870  HPSP      55,000    0.0    +0.0%    0.0x     중간  0.14  0pt/0 [일봉]
⛔ 아우토크립트(137040) 호가 없음 (거래정지 의심)
035720  카카오       42,350    0.0    +0.0%    0.0x     중간  1.04  0pt/0 [일봉]
015760  한국전력      39,850    0.0    +0.0%    0.0x     중간  1.60  2pt/0 [일봉]
078930  GS        76,700    0.0    +0.0%    0.0x     중간  0.36  0pt/0 [일봉]
061250  화일약품       8,500    0.0    +0.0%    0.0x     중간  1.09  0pt/0 [일봉]
217820  원익피앤이      3,025   47.6    +4.5%    0.3x     상단  2.42  4pt/0 [5분]
001510  SK증권       3,845   59.3    -2.2%    0.2x     하단  2.50  7pt/0 [5분]
056080  유진로봇      24,700    0.0    +0.0%    0.0x     중간  1.04  0pt/0 [일봉]
084850  아이티엠반도체   14,530    0.0    +0.0%    0.0x     중간  0.38  0pt/0 [일봉]
⛔ 금양(001570) 호가 없음 (거래정지 의심)

══════════════════════════════════════════════════
⏰ 오전 매수 세션 종료 (11:30↑) — 신규 매수 중단
→ 전종목 HOLD
✅ Discord 전송 완료

[12:56] HOLD | KODEX RSI72/+0.0%⬆️ | 보유:없음 | 최고신호 SK증권(001510) 7pt/4pt [하락-2.2%★ / BB하단★ / MA골 / 호가2.5★]
💰 예수금 97,219원 | KODEX200 RSI72/+0.1% 상승추세⬆️  | 매수기준 점수4pt↑

코드      종목명           가격    RSI     변화율    거래량     BB   호가비  B/S
────────────────────────────────────────────────────────────────────────
[2단계 분석 대상: 207940, 217820, 042700, 051910, 001510]
403870  HPSP      55,000    0.0    +0.0%    0.0x     중간  0.23  0pt/0 [일봉]
⛔ 아우토크립트(137040) 호가 없음 (거래정지 의심)
035720  카카오       42,350    0.0    +0.0%    0.0x     중간  1.20  1pt/0 [일봉]
015760  한국전력      39,900    0.0    +0.0%    0.0x     중간  1.55  2pt/0 [일봉]
078930  GS        76,700    0.0    +0.0%    0.0x     중간  0.39  0pt/0 [일봉]
061250  화일약품       8,530    0.0    +0.0%    0.0x     중간  0.93  0pt/0 [일봉]
217820  원익피앤이      3,020   47.6    +4.5%    0.3x     상단  4.51  4pt/0 [5분]
001510  SK증권       3,840   59.3    -2.2%    0.2x     하단  2.50  7pt/0 [5분]
056080  유진로봇      24,700    0.0    +0.0%    0.0x     중간  1.05  0pt/0 [일봉]
084850  아이티엠반도체   14,520    0.0    +0.0%    0.0x     중간  0.37  0pt/0 [일봉]
⛔ 금양(001570) 호가 없음 (거래정지 의심)

══════════════════════════════════════════════════
⏰ 오전 매수 세션 종료 (11:30↑) — 신규 매수 중단
→ 전종목 HOLD
✅ Discord 전송 완료

[12:58] HOLD | KODEX RSI72/+0.1%⬆️ | 보유:없음 | 최고신호 SK증권(001510) 7pt/4pt [하락-2.2%★ / BB하단★ / MA골 / 호가2.5★]
💰 예수금 97,219원 | KODEX200 RSI72/+0.2% 상승추세⬆️  | 매수기준 점수4pt↑

코드      종목명           가격    RSI     변화율    거래량     BB   호가비  B/S
────────────────────────────────────────────────────────────────────────
[2단계 분석 대상: 207940, 217820, 001510, 042700, 051910]
403870  HPSP      55,300    0.0    +0.0%    0.0x     중간  0.23  0pt/0 [일봉]
⛔ 아우토크립트(137040) 호가 없음 (거래정지 의심)
035720  카카오       42,350    0.0    +0.0%    0.0x     중간  1.13  0pt/0 [일봉]
015760  한국전력      39,900    0.0    +0.0%    0.0x     중간  1.46  1pt/0 [일봉]
078930  GS        76,700    0.0    +0.0%    0.0x     중간  0.41  0pt/0 [일봉]
061250  화일약품       8,530    0.0    +0.0%    0.0x     중간  0.93  0pt/0 [일봉]
217820  원익피앤이      3,025   52.4    +4.3%    0.3x     상단  4.27  3pt/0 [5분]
001510  SK증권       3,840   61.5    -2.2%    0.2x     하단  3.60  7pt/0 [5분]
056080  유진로봇      24,700    0.0    +0.0%    0.0x     중간  1.03  0pt/0 [일봉]
084850  아이티엠반도체   14,510    0.0    +0.0%    0.0x     중간  0.50  0pt/0 [일봉]
⛔ 금양(001570) 호가 없음 (거래정지 의심)

══════════════════════════════════════════════════
⏰ 오전 매수 세션 종료 (11:30↑) — 신규 매수 중단
→ 전종목 HOLD
✅ Discord 전송 완료

[13:00] HOLD | KODEX RSI72/+0.2%⬆️ | 보유:없음 | 최고신호 SK증권(001510) 7pt/4pt [하락-2.2%★ / BB하단★ / MA골 / 호가3.6★]
💰 예수금 97,219원 | KODEX200 RSI72/+0.2% 상승추세⬆️  | 매수기준 점수4pt↑

코드      종목명           가격    RSI     변화율    거래량     BB   호가비  B/S
────────────────────────────────────────────────────────────────────────
[2단계 분석 대상: 217820, 207940, 051910, 001510, 042700]
403870  HPSP      55,300    0.0    +0.0%    0.0x     중간  0.19  0pt/0 [일봉]
⛔ 아우토크립트(137040) 호가 없음 (거래정지 의심)
035720  카카오       42,350    0.0    +0.0%    0.0x     중간  1.06  0pt/0 [일봉]
015760  한국전력      39,900    0.0    +0.0%    0.0x     중간  1.47  1pt/0 [일봉]
078930  GS        76,700    0.0    +0.0%    0.0x     중간  0.29  0pt/0 [일봉]
061250  화일약품       8,520    0.0    +0.0%    0.0x     중간  1.01  0pt/0 [일봉]
217820  원익피앤이      3,025   52.4    +4.7%    0.3x     상단  4.40  3pt/0 [5분]
001510  SK증권       3,845   61.5    -2.2%    0.2x     하단  3.36  7pt/0 [5분]
056080  유진로봇      24,650    0.0    +0.0%    0.0x     중간  1.52  2pt/0 [일봉]
084850  아이티엠반도체   14,510    0.0    +0.0%    0.0x     중간  0.49  0pt/0 [일봉]
⛔ 금양(001570) 호가 없음 (거래정지 의심)

══════════════════════════════════════════════════
⏰ 오전 매수 세션 종료 (11:30↑) — 신규 매수 중단
→ 전종목 HOLD
✅ Discord 전송 완료

[13:02] HOLD | KODEX RSI72/+0.2%⬆️ | 보유:없음 | 최고신호 SK증권(001510) 7pt/4pt [하락-2.2%★ / BB하단★ / MA골 / 호가3.4★]
💰 예수금 97,219원 | KODEX200 RSI72/+0.1% 상승추세⬆️  | 매수기준 점수4pt↑

코드      종목명           가격    RSI     변화율    거래량     BB   호가비  B/S
────────────────────────────────────────────────────────────────────────
[2단계 분석 대상: 207940, 217820, 001510, 051910, 066970]
403870  HPSP      55,300    0.0    +0.0%    0.0x     중간  0.21  0pt/0 [일봉]
⛔ 아우토크립트(137040) 호가 없음 (거래정지 의심)
035720  카카오       42,350    0.0    +0.0%    0.0x     중간  0.96  0pt/0 [일봉]
015760  한국전력      39,900    0.0    +0.0%    0.0x     중간  1.56  2pt/0 [일봉]
078930  GS        76,700    0.0    +0.0%    0.0x     중간  0.30  0pt/0 [일봉]
061250  화일약품       8,520    0.0    +0.0%    0.0x     중간  1.00  0pt/0 [일봉]
217820  원익피앤이      3,025   52.4    +4.5%    0.3x     상단  4.50  3pt/0 [5분]
001510  SK증권       3,840   66.7    -2.2%    0.2x     하단  3.70  7pt/0 [5분]
056080  유진로봇      24,750    0.0    +0.0%    0.0x     중간  0.93  0pt/0 [일봉]
084850  아이티엠반도체   14,510    0.0    +0.0%    0.0x     중간  0.50  0pt/0 [일봉]
⛔ 금양(001570) 호가 없음 (거래정지 의심)

══════════════════════════════════════════════════
⏰ 오전 매수 세션 종료 (11:30↑) — 신규 매수 중단
→ 전종목 HOLD
✅ Discord 전송 완료

[13:04] HOLD | KODEX RSI72/+0.1%⬆️ | 보유:없음 | 최고신호 SK증권(001510) 7pt/4pt [하락-2.2%★ / BB하단★ / MA골 / 호가3.7★]
💰 예수금 97,219원 | KODEX200 RSI72/+0.4% 상승추세⬆️  | 매수기준 점수4pt↑

코드      종목명           가격    RSI     변화율    거래량     BB   호가비  B/S
────────────────────────────────────────────────────────────────────────
[2단계 분석 대상: 207940, 217820, 001510, 042700, 066970]
403870  HPSP      55,100    0.0    +0.0%    0.0x     중간  0.16  0pt/0 [일봉]
⛔ 아우토크립트(137040) 호가 없음 (거래정지 의심)
035720  카카오       42,350    0.0    +0.0%    0.0x     중간  0.95  0pt/0 [일봉]
015760  한국전력      39,900    0.0    +0.0%    0.0x     중간  1.22  1pt/0 [일봉]
078930  GS        76,800    0.0    +0.0%    0.0x     중간  0.32  0pt/0 [일봉]
061250  화일약품       8,520    0.0    +0.0%    0.0x     중간  1.00  0pt/0 [일봉]
217820  원익피앤이      3,020   50.0    +4.5%    0.3x     상단  4.35  3pt/0 [5분]
001510  SK증권       3,845   66.7    -2.2%    0.2x     하단  3.90  7pt/0 [5분]
056080  유진로봇      24,750    0.0    +0.0%    0.0x     중간  0.90  0pt/0 [일봉]
084850  아이티엠반도체   14,510    0.0    +0.0%    0.0x     중간  0.52  0pt/0 [일봉]
⛔ 금양(001570) 호가 없음 (거래정지 의심)

══════════════════════════════════════════════════
⏰ 오전 매수 세션 종료 (11:30↑) — 신규 매수 중단
→ 전종목 HOLD
✅ Discord 전송 완료

[13:06] HOLD | KODEX RSI72/+0.4%⬆️ | 보유:없음 | 최고신호 SK증권(001510) 7pt/4pt [하락-2.2%★ / BB하단★ / MA골 / 호가3.9★]
💰 예수금 97,219원 | KODEX200 RSI72/+0.4% 상승추세⬆️  | 매수기준 점수4pt↑

코드      종목명           가격    RSI     변화율    거래량     BB   호가비  B/S
────────────────────────────────────────────────────────────────────────
[2단계 분석 대상: 066970, 217820, 001510, 042700, 051910]
403870  HPSP      54,900    0.0    +0.0%    0.0x     중간  0.29  0pt/0 [일봉]
⛔ 아우토크립트(137040) 호가 없음 (거래정지 의심)
035720  카카오       42,300    0.0    +0.0%    0.0x     중간  0.97  0pt/0 [일봉]
015760  한국전력      39,850    0.0    +0.0%    0.0x     중간  1.76  2pt/0 [일봉]
078930  GS        76,800    0.0    +0.0%    0.0x     중간  0.31  0pt/0 [일봉]
061250  화일약품       8,520    0.0    +0.0%    0.0x     중간  1.00  0pt/0 [일봉]
217820  원익피앤이      3,020   50.0    +4.3%    0.3x     상단  4.41  3pt/0 [5분]
001510  SK증권       3,845   66.7    -2.1%    0.2x     하단  3.71  7pt/0 [5분]
056080  유진로봇      24,750    0.0    +0.0%    0.0x     중간  0.98  0pt/0 [일봉]
084850  아이티엠반도체   14,510    0.0    +0.0%    0.0x     중간  0.54  0pt/0 [일봉]
⛔ 금양(001570) 호가 없음 (거래정지 의심)

══════════════════════════════════════════════════
⏰ 오전 매수 세션 종료 (11:30↑) — 신규 매수 중단
→ 전종목 HOLD
✅ Discord 전송 완료

[13:08] HOLD | KODEX RSI72/+0.4%⬆️ | 보유:없음 | 최고신호 SK증권(001510) 7pt/4pt [하락-2.1%★ / BB하단★ / MA골 / 호가3.7★]
💰 예수금 97,219원 | KODEX200 RSI72/+0.4% 상승추세⬆️  | 매수기준 점수4pt↑

코드      종목명           가격    RSI     변화율    거래량     BB   호가비  B/S
────────────────────────────────────────────────────────────────────────
[2단계 분석 대상: 066970, 217820, 001510, 042700, 051910]
403870  HPSP      54,900    0.0    +0.0%    0.0x     중간  0.29  0pt/0 [일봉]
⛔ 아우토크립트(137040) 호가 없음 (거래정지 의심)
035720  카카오       42,300    0.0    +0.0%    0.0x     중간  1.02  0pt/0 [일봉]
015760  한국전력      39,850    0.0    +0.0%    0.0x     중간  1.74  2pt/0 [일봉]
078930  GS        76,700    0.0    +0.0%    0.0x     중간  0.27  0pt/0 [일봉]
061250  화일약품       8,520    0.0    +0.0%    0.0x     중간  1.00  0pt/0 [일봉]
217820  원익피앤이      3,020   45.0    +4.2%    0.3x     상단  4.32  3pt/0 [5분]
001510  SK증권       3,840   60.0    -2.2%    0.2x     하단  3.68  7pt/0 [5분]
056080  유진로봇      24,700    0.0    +0.0%    0.0x     중간  1.19  0pt/0 [일봉]
084850  아이티엠반도체   14,540    0.0    +0.0%    0.0x     중간  0.16  0pt/0 [일봉]
⛔ 금양(001570) 호가 없음 (거래정지 의심)

══════════════════════════════════════════════════
⏰ 오전 매수 세션 종료 (11:30↑) — 신규 매수 중단
→ 전종목 HOLD
✅ Discord 전송 완료

[13:10] HOLD | KODEX RSI72/+0.4%⬆️ | 보유:없음 | 최고신호 SK증권(001510) 7pt/4pt [하락-2.2%★ / BB하단★ / MA골 / 호가3.7★]
💰 예수금 97,219원 | KODEX200 RSI72/+0.4% 상승추세⬆️  | 매수기준 점수4pt↑

코드      종목명           가격    RSI     변화율    거래량     BB   호가비  B/S
────────────────────────────────────────────────────────────────────────
[2단계 분석 대상: 066970, 217820, 042700, 001510, 058470]
403870  HPSP      54,800    0.0    +0.0%    0.0x     중간  0.32  0pt/0 [일봉]
⛔ 아우토크립트(137040) 호가 없음 (거래정지 의심)
035720  카카오       42,300    0.0    +0.0%    0.0x     중간  1.21  1pt/0 [일봉]
015760  한국전력      39,850    0.0    +0.0%    0.0x     중간  1.78  2pt/0 [일봉]
078930  GS        76,600    0.0    +0.0%    0.0x     중간  0.28  0pt/0 [일봉]
061250  화일약품       8,520    0.0    +0.0%    0.0x     중간  1.00  0pt/0 [일봉]
217820  원익피앤이      3,020   45.0    +4.5%    0.3x     상단  3.85  3pt/0 [5분]
001510  SK증권       3,850   60.0    -2.0%    0.2x     하단  3.27  7pt/0 [5분]
056080  유진로봇      24,700    0.0    +0.0%    0.0x     중간  1.16  0pt/0 [일봉]
084850  아이티엠반도체   14,540    0.0    +0.0%    0.0x     중간  0.16  0pt/0 [일봉]
⛔ 금양(001570) 호가 없음 (거래정지 의심)

══════════════════════════════════════════════════
⏰ 오전 매수 세션 종료 (11:30↑) — 신규 매수 중단
→ 전종목 HOLD
✅ Discord 전송 완료

[13:12] HOLD | KODEX RSI72/+0.4%⬆️ | 보유:없음 | 최고신호 SK증권(001510) 7pt/4pt [하락-2.0%★ / BB하단★ / MA골 / 호가3.3★]
💰 예수금 97,219원 | KODEX200 RSI72/+0.4% 상승추세⬆️  | 매수기준 점수4pt↑

코드      종목명           가격    RSI     변화율    거래량     BB   호가비  B/S
────────────────────────────────────────────────────────────────────────
[2단계 분석 대상: 066970, 217820, 001510, 051910, 042700]
403870  HPSP      55,000    0.0    +0.0%    0.0x     중간  0.27  0pt/0 [일봉]
⛔ 아우토크립트(137040) 호가 없음 (거래정지 의심)
035720  카카오       42,300    0.0    +0.0%    0.0x     중간  1.26  1pt/0 [일봉]
015760  한국전력      39,850    0.0    +0.0%    0.0x     중간  1.81  2pt/0 [일봉]
078930  GS        76,700    0.0    +0.0%    0.0x     중간  0.22  0pt/0 [일봉]
061250  화일약품       8,520    0.0    +0.0%    0.0x     중간  1.02  0pt/0 [일봉]
217820  원익피앤이      3,015   45.0    +4.2%    0.3x     상단  3.78  4pt/0 [5분]
001510  SK증권       3,840   75.0    -2.2%    0.2x     하단  3.51  7pt/0 [5분]
056080  유진로봇      24,700    0.0    +0.0%    0.0x     중간  1.22  1pt/0 [일봉]
084850  아이티엠반도체   14,520    0.0    +0.0%    0.0x     중간  0.24  0pt/0 [일봉]
⛔ 금양(001570) 호가 없음 (거래정지 의심)

══════════════════════════════════════════════════
⏰ 오전 매수 세션 종료 (11:30↑) — 신규 매수 중단
→ 전종목 HOLD
✅ Discord 전송 완료

[13:14] HOLD | KODEX RSI72/+0.4%⬆️ | 보유:없음 | 최고신호 SK증권(001510) 7pt/4pt [하락-2.2%★ / BB하단★ / MA골 / 호가3.5★]
💰 예수금 97,219원 | KODEX200 RSI72/+0.3% 상승추세⬆️  | 매수기준 점수4pt↑

코드      종목명           가격    RSI     변화율    거래량     BB   호가비  B/S
────────────────────────────────────────────────────────────────────────
[2단계 분석 대상: 066970, 001510, 217820, 042700, 051910]
403870  HPSP      55,000    0.0    +0.0%    0.0x     중간  0.25  0pt/0 [일봉]
⛔ 아우토크립트(137040) 호가 없음 (거래정지 의심)
035720  카카오       42,300    0.0    +0.0%    0.0x     중간  1.20  1pt/0 [일봉]
015760  한국전력      39,850    0.0    +0.0%    0.0x     중간  1.75  2pt/0 [일봉]
078930  GS        76,900    0.0    +0.0%    0.0x     중간  0.34  0pt/0 [일봉]
061250  화일약품       8,520    0.0    +0.0%    0.0x     중간  1.06  0pt/0 [일봉]
217820  원익피앤이      3,020   45.0    +4.3%    0.3x     상단  3.53  4pt/0 [5분]
001510  SK증권       3,835   75.0    -2.3%    0.2x     하단  3.60  7pt/0 [5분]
056080  유진로봇      24,750    0.0    +0.0%    0.0x     중간  1.00  0pt/0 [일봉]
084850  아이티엠반도체   14,510    0.0    +0.0%    0.0x     중간  0.23  0pt/0 [일봉]
⛔ 금양(001570) 호가 없음 (거래정지 의심)

══════════════════════════════════════════════════
⏰ 오전 매수 세션 종료 (11:30↑) — 신규 매수 중단
→ 전종목 HOLD
✅ Discord 전송 완료

[13:16] HOLD | KODEX RSI72/+0.3%⬆️ | 보유:없음 | 최고신호 SK증권(001510) 7pt/4pt [하락-2.3%★ / BB하단★ / MA골 / 호가3.6★]
💰 예수금 97,219원 | KODEX200 RSI72/+0.3% 상승추세⬆️  | 매수기준 점수4pt↑

코드      종목명           가격    RSI     변화율    거래량     BB   호가비  B/S
────────────────────────────────────────────────────────────────────────
[2단계 분석 대상: 066970, 207940, 001510, 042700, 217820]
403870  HPSP      55,100    0.0    +0.0%    0.0x     중간  0.18  0pt/0 [일봉]
⛔ 아우토크립트(137040) 호가 없음 (거래정지 의심)
035720  카카오       42,300    0.0    +0.0%    0.0x     중간  1.18  0pt/0 [일봉]
015760  한국전력      39,850    0.0    +0.0%    0.0x     중간  1.61  2pt/0 [일봉]
078930  GS        76,900    0.0    +0.0%    0.0x     중간  0.36  0pt/0 [일봉]
061250  화일약품       8,520    0.0    +0.0%    0.0x     중간  1.15  0pt/0 [일봉]
217820  원익피앤이      3,015   45.0    +4.3%    0.3x     상단  3.32  4pt/0 [5분]
001510  SK증권       3,840   75.0    -2.3%    0.2x     하단  4.07  7pt/0 [5분]
056080  유진로봇      24,750    0.0    +0.0%    0.0x     중간  1.10  0pt/0 [일봉]
084850  아이티엠반도체   14,510    0.0    +0.0%    0.0x     중간  0.24  0pt/0 [일봉]
⛔ 금양(001570) 호가 없음 (거래정지 의심)

══════════════════════════════════════════════════
⏰ 오전 매수 세션 종료 (11:30↑) — 신규 매수 중단
→ 전종목 HOLD
✅ Discord 전송 완료

[13:18] HOLD | KODEX RSI72/+0.3%⬆️ | 보유:없음 | 최고신호 SK증권(001510) 7pt/4pt [하락-2.3%★ / BB하단★ / MA골 / 호가4.1★]
💰 예수금 97,219원 | KODEX200 RSI72/+0.3% 상승추세⬆️  | 매수기준 점수4pt↑

코드      종목명           가격    RSI     변화율    거래량     BB   호가비  B/S
────────────────────────────────────────────────────────────────────────
[2단계 분석 대상: 066970, 207940, 001510, 042700, 217820]
403870  HPSP      55,200    0.0    +0.0%    0.0x     중간  0.18  0pt/0 [일봉]
⛔ 아우토크립트(137040) 호가 없음 (거래정지 의심)
035720  카카오       42,300    0.0    +0.0%    0.0x     중간  1.15  0pt/0 [일봉]
015760  한국전력      39,850    0.0    +0.0%    0.0x     중간  1.54  2pt/0 [일봉]
078930  GS        76,900    0.0    +0.0%    0.0x     중간  0.38  0pt/0 [일봉]
061250  화일약품       8,520    0.0    +0.0%    0.0x     중간  1.15  0pt/0 [일봉]
217820  원익피앤이      3,015   50.0    +4.2%    0.3x     상단  3.02  3pt/0 [5분]
001510  SK증권       3,840   70.6    -2.3%    0.2x     하단  4.93  7pt/0 [5분]
056080  유진로봇      24,750    0.0    +0.0%    0.0x     중간  1.04  0pt/0 [일봉]
084850  아이티엠반도체   14,510    0.0    +0.0%    0.0x     중간  0.23  0pt/0 [일봉]
⛔ 금양(001570) 호가 없음 (거래정지 의심)

══════════════════════════════════════════════════
⏰ 오전 매수 세션 종료 (11:30↑) — 신규 매수 중단
→ 전종목 HOLD
✅ Discord 전송 완료

[13:20] HOLD | KODEX RSI72/+0.3%⬆️ | 보유:없음 | 최고신호 SK증권(001510) 7pt/4pt [하락-2.3%★ / BB하단★ / MA골 / 호가4.9★]
💰 예수금 97,219원 | KODEX200 RSI72/+0.4% 상승추세⬆️  | 매수기준 점수4pt↑

코드      종목명           가격    RSI     변화율    거래량     BB   호가비  B/S
────────────────────────────────────────────────────────────────────────
[2단계 분석 대상: 066970, 001510, 207940, 042700, 217820]
403870  HPSP      55,000    0.0    +0.0%    0.0x     중간  0.24  0pt/0 [일봉]
⛔ 아우토크립트(137040) 호가 없음 (거래정지 의심)
035720  카카오       42,300    0.0    +0.0%    0.0x     중간  1.28  1pt/0 [일봉]
015760  한국전력      39,900    0.0    +0.0%    0.0x     중간  1.67  2pt/0 [일봉]
078930  GS        76,700    0.0    +0.0%    0.0x     중간  0.31  0pt/0 [일봉]
061250  화일약품       8,520    0.0    +0.0%    0.0x     중간  0.98  0pt/0 [일봉]
217820  원익피앤이      3,015   50.0    +4.2%    0.3x     상단  3.25  3pt/0 [5분]
001510  SK증권       3,840   70.6    -2.2%    0.2x     하단  4.87  7pt/0 [5분]
056080  유진로봇      24,750    0.0    +0.0%    0.0x     중간  1.26  1pt/0 [일봉]
084850  아이티엠반도체   14,500    0.0    +0.0%    0.0x     중간  0.48  0pt/0 [일봉]
⛔ 금양(001570) 호가 없음 (거래정지 의심)

══════════════════════════════════════════════════
⏰ 오전 매수 세션 종료 (11:30↑) — 신규 매수 중단
→ 전종목 HOLD
✅ Discord 전송 완료

[13:22] HOLD | KODEX RSI72/+0.4%⬆️ | 보유:없음 | 최고신호 SK증권(001510) 7pt/4pt [하락-2.2%★ / BB하단★ / MA골 / 호가4.9★]
💰 예수금 97,219원 | KODEX200 RSI72/+0.4% 상승추세⬆️  | 매수기준 점수4pt↑

코드      종목명           가격    RSI     변화율    거래량     BB   호가비  B/S
────────────────────────────────────────────────────────────────────────
[2단계 분석 대상: 066970, 001510, 207940, 042700, 217820]
403870  HPSP      55,000    0.0    +0.0%    0.0x     중간  0.25  0pt/0 [일봉]
⛔ 아우토크립트(137040) 호가 없음 (거래정지 의심)
035720  카카오       42,300    0.0    +0.0%    0.0x     중간  1.22  1pt/0 [일봉]
015760  한국전력      39,850    0.0    +0.0%    0.0x     중간  1.79  2pt/0 [일봉]
078930  GS        76,700    0.0    +0.0%    0.0x     중간  0.34  0pt/0 [일봉]
061250  화일약품       8,520    0.0    +0.0%    0.0x     중간  0.98  0pt/0 [일봉]
217820  원익피앤이      3,010   47.4    +4.0%    0.3x     상단  3.24  4pt/0 [5분]
001510  SK증권       3,850   68.8    -1.9%    0.2x     하단  4.38  6pt/0 [5분]
056080  유진로봇      24,750    0.0    +0.0%    0.0x     중간  1.12  0pt/0 [일봉]
084850  아이티엠반도체   14,500    0.0    +0.0%    0.0x     중간  0.63  0pt/0 [일봉]
⛔ 금양(001570) 호가 없음 (거래정지 의심)

══════════════════════════════════════════════════
⏰ 오전 매수 세션 종료 (11:30↑) — 신규 매수 중단
→ 전종목 HOLD
✅ Discord 전송 완료

[13:24] HOLD | KODEX RSI72/+0.4%⬆️ | 보유:없음 | 최고신호 SK증권(001510) 6pt/4pt [하락-1.9% / BB하단★ / MA골 / 호가4.4★]
💰 예수금 97,219원 | KODEX200 RSI72/+0.3% 상승추세⬆️  | 매수기준 점수4pt↑

코드      종목명           가격    RSI     변화율    거래량     BB   호가비  B/S
────────────────────────────────────────────────────────────────────────
[2단계 분석 대상: 066970, 001510, 207940, 217820, 042700]
403870  HPSP      54,900    0.0    +0.0%    0.0x     중간  0.27  0pt/0 [일봉]
⛔ 아우토크립트(137040) 호가 없음 (거래정지 의심)
035720  카카오       42,250    0.0    +0.0%    0.0x     중간  1.23  1pt/0 [일봉]
015760  한국전력      39,850    0.0    +0.0%    0.0x     중간  1.99  2pt/0 [일봉]
078930  GS        76,700    0.0    +0.0%    0.0x     중간  0.33  0pt/0 [일봉]
061250  화일약품       8,520    0.0    +0.0%    0.0x     중간  0.98  0pt/0 [일봉]
217820  원익피앤이      3,010   47.4    +4.0%    0.3x     상단  3.04  4pt/0 [5분]
001510  SK증권       3,850   68.8    -1.9%    0.2x     하단  3.80  6pt/0 [5분]
056080  유진로봇      24,750    0.0    +0.0%    0.0x     중간  1.19  0pt/0 [일봉]
084850  아이티엠반도체   14,520    0.0    +0.0%    0.0x     중간  0.22  0pt/0 [일봉]
⛔ 금양(001570) 호가 없음 (거래정지 의심)

══════════════════════════════════════════════════
⏰ 오전 매수 세션 종료 (11:30↑) — 신규 매수 중단
→ 전종목 HOLD
✅ Discord 전송 완료

[13:26] HOLD | KODEX RSI72/+0.3%⬆️ | 보유:없음 | 최고신호 SK증권(001510) 6pt/4pt [하락-1.9% / BB하단★ / MA골 / 호가3.8★]
💰 예수금 97,219원 | KODEX200 RSI72/+0.4% 상승추세⬆️  | 매수기준 점수4pt↑

코드      종목명           가격    RSI     변화율    거래량     BB   호가비  B/S
────────────────────────────────────────────────────────────────────────
[2단계 분석 대상: 066970, 001510, 207940, 217820, 042700]
403870  HPSP      54,900    0.0    +0.0%    0.0x     중간  0.26  0pt/0 [일봉]
⛔ 아우토크립트(137040) 호가 없음 (거래정지 의심)
035720  카카오       42,250    0.0    +0.0%    0.0x     중간  1.20  1pt/0 [일봉]
015760  한국전력      39,900    0.0    +0.0%    0.0x     중간  1.52  2pt/0 [일봉]
078930  GS        76,700    0.0    +0.0%    0.0x     중간  0.34  0pt/0 [일봉]
061250  화일약품       8,500    0.0    +0.0%    0.0x     중간  1.02  0pt/0 [일봉]
217820  원익피앤이      3,010   47.4    +3.6%    0.3x     상단  2.44  4pt/0 [5분]
001510  SK증권       3,850   68.8    -1.9%    0.2x     하단  3.95  6pt/0 [5분]
056080  유진로봇      24,750    0.0    +0.0%    0.0x     중간  1.18  0pt/0 [일봉]
084850  아이티엠반도체   14,540    0.0    +0.0%    0.0x     중간  0.22  0pt/0 [일봉]
⛔ 금양(001570) 호가 없음 (거래정지 의심)

══════════════════════════════════════════════════
⏰ 오전 매수 세션 종료 (11:30↑) — 신규 매수 중단
→ 전종목 HOLD
✅ Discord 전송 완료

[13:28] HOLD | KODEX RSI72/+0.4%⬆️ | 보유:없음 | 최고신호 SK증권(001510) 6pt/4pt [하락-1.9% / BB하단★ / MA골 / 호가4.0★]
💰 예수금 97,219원 | KODEX200 RSI72/+0.4% 상승추세⬆️  | 매수기준 점수4pt↑

코드      종목명           가격    RSI     변화율    거래량     BB   호가비  B/S
────────────────────────────────────────────────────────────────────────
[2단계 분석 대상: 138040, 066970, 001510, 217820, 207940]
403870  HPSP      54,800    0.0    +0.0%    0.0x     중간  0.32  0pt/0 [일봉]
⛔ 아우토크립트(137040) 호가 없음 (거래정지 의심)
035720  카카오       42,200    0.0    +0.0%    0.0x     중간  1.33  1pt/0 [일봉]
015760  한국전력      39,900    0.0    +0.0%    0.0x     중간  1.47  1pt/0 [일봉]
078930  GS        76,700    0.0    +0.0%    0.0x     중간  0.34  0pt/0 [일봉]
061250  화일약품       8,490    0.0    +0.0%    0.0x     중간  0.97  0pt/0 [일봉]
217820  원익피앤이      3,010   58.8    +4.0%    0.3x     상단  3.68  3pt/0 [5분]
001510  SK증권       3,845   64.3    -2.0%    0.2x     하단  4.25  8pt/0 [5분]
056080  유진로봇      24,750    0.0    +0.0%    0.0x     중간  1.10  0pt/0 [일봉]
084850  아이티엠반도체   14,520    0.0    +0.0%    0.0x     중간  0.50  0pt/0 [일봉]
⛔ 금양(001570) 호가 없음 (거래정지 의심)

══════════════════════════════════════════════════
⏰ 오전 매수 세션 종료 (11:30↑) — 신규 매수 중단
→ 전종목 HOLD
✅ Discord 전송 완료

[13:30] HOLD | KODEX RSI72/+0.4%⬆️ | 보유:없음 | 최고신호 SK증권(001510) 8pt/4pt [하락-2.0%★ / BB하단★ / MA골 / 호가4.2★ / 거래량증가]
💰 예수금 97,219원 | KODEX200 RSI72/+0.3% 상승추세⬆️  | 매수기준 점수4pt↑

코드      종목명           가격    RSI     변화율    거래량     BB   호가비  B/S
────────────────────────────────────────────────────────────────────────
[2단계 분석 대상: 138040, 066970, 001510, 207940, 217820]
403870  HPSP      54,900    0.0    +0.0%    0.0x     중간  0.27  0pt/0 [일봉]
⛔ 아우토크립트(137040) 호가 없음 (거래정지 의심)
035720  카카오       42,250    0.0    +0.0%    0.0x     중간  1.29  1pt/0 [일봉]
015760  한국전력      39,850    0.0    +0.0%    0.0x     중간  1.66  2pt/0 [일봉]
078930  GS        76,600    0.0    +0.0%    0.0x     중간  0.26  0pt/0 [일봉]
061250  화일약품       8,480    0.0    +0.0%    0.0x     중간  0.97  0pt/0 [일봉]
217820  원익피앤이      3,005   58.8    +3.8%    0.4x     상단  3.02  3pt/0 [5분]
001510  SK증권       3,845   64.3    -2.0%    0.2x     하단  3.92  8pt/0 [5분]
056080  유진로봇      24,750    0.0    +0.0%    0.0x     중간  1.11  0pt/0 [일봉]
084850  아이티엠반도체   14,500    0.0    +0.0%    0.0x     중간  1.58  2pt/0 [일봉]
⛔ 금양(001570) 호가 없음 (거래정지 의심)

══════════════════════════════════════════════════
⏰ 오전 매수 세션 종료 (11:30↑) — 신규 매수 중단
→ 전종목 HOLD
✅ Discord 전송 완료

[13:32] HOLD | KODEX RSI72/+0.3%⬆️ | 보유:없음 | 최고신호 SK증권(001510) 8pt/4pt [하락-2.0%★ / BB하단★ / MA골 / 호가3.9★ / 거래량증가]
💰 예수금 97,219원 | KODEX200 RSI72/+0.4% 상승추세⬆️  | 매수기준 점수4pt↑

코드      종목명           가격    RSI     변화율    거래량     BB   호가비  B/S
────────────────────────────────────────────────────────────────────────
[2단계 분석 대상: 138040, 001510, 066970, 217820, 051910]
403870  HPSP      54,900    0.0    +0.0%    0.0x     중간  0.30  0pt/0 [일봉]
⛔ 아우토크립트(137040) 호가 없음 (거래정지 의심)
035720  카카오       42,300    0.0    +0.0%    0.0x     중간  1.30  1pt/0 [일봉]
015760  한국전력      39,900    0.0    +0.0%    0.0x     중간  1.39  1pt/0 [일봉]
078930  GS        76,600    0.0    +0.0%    0.0x     중간  0.25  0pt/0 [일봉]
061250  화일약품       8,490    0.0    +0.0%    0.0x     중간  1.08  0pt/0 [일봉]
217820  원익피앤이      3,005   44.4    +3.9%    0.4x     상단  3.38  4pt/0 [5분]
001510  SK증권       3,845   61.5    -2.0%    0.2x     하단  3.78  6pt/0 [5분]
056080  유진로봇      24,750    0.0    +0.0%    0.0x     중간  1.20  1pt/0 [일봉]
084850  아이티엠반도체   14,550    0.0    +0.0%    0.0x     중간  0.39  0pt/0 [일봉]
⛔ 금양(001570) 호가 없음 (거래정지 의심)

══════════════════════════════════════════════════
⏰ 오전 매수 세션 종료 (11:30↑) — 신규 매수 중단
→ 전종목 HOLD
✅ Discord 전송 완료

[13:34] HOLD | KODEX RSI72/+0.4%⬆️ | 보유:없음 | 최고신호 SK증권(001510) 6pt/4pt [하락-2.0%★ / BB하단★ / 호가3.8★]
💰 예수금 97,219원 | KODEX200 RSI72/+0.3% 상승추세⬆️  | 매수기준 점수4pt↑

코드      종목명           가격    RSI     변화율    거래량     BB   호가비  B/S
────────────────────────────────────────────────────────────────────────
[2단계 분석 대상: 138040, 001510, 066970, 042700, 217820]
403870  HPSP      55,000    0.0    +0.0%    0.0x     중간  0.30  0pt/0 [일봉]
⛔ 아우토크립트(137040) 호가 없음 (거래정지 의심)
035720  카카오       42,250    0.0    +0.0%    0.0x     중간  1.31  1pt/0 [일봉]
015760  한국전력      39,900    0.0    +0.0%    0.0x     중간  1.36  1pt/0 [일봉]
078930  GS        76,500    0.0    +0.0%    0.0x     중간  0.28  0pt/0 [일봉]
061250  화일약품       8,540    0.0    +0.0%    0.0x     중간  0.94  0pt/0 [일봉]
217820  원익피앤이      3,000   44.4    +3.5%    0.4x     상단  3.24  4pt/0 [5분]
001510  SK증권       3,840   61.5    -2.3%    0.2x     하단  5.42  6pt/0 [5분]
056080  유진로봇      24,750    0.0    +0.0%    0.0x     중간  1.21  1pt/0 [일봉]
084850  아이티엠반도체   14,550    0.0    +0.0%    0.0x     중간  0.43  0pt/0 [일봉]
⛔ 금양(001570) 호가 없음 (거래정지 의심)

══════════════════════════════════════════════════
⏰ 오전 매수 세션 종료 (11:30↑) — 신규 매수 중단
→ 전종목 HOLD
✅ Discord 전송 완료

[13:36] HOLD | KODEX RSI72/+0.3%⬆️ | 보유:없음 | 최고신호 SK증권(001510) 6pt/4pt [하락-2.3%★ / BB하단★ / 호가5.4★]
💰 예수금 97,219원 | KODEX200 RSI72/+0.3% 상승추세⬆️  | 매수기준 점수4pt↑

코드      종목명           가격    RSI     변화율    거래량     BB   호가비  B/S
────────────────────────────────────────────────────────────────────────
[2단계 분석 대상: 207940, 066970, 138040, 042700, 001510]
403870  HPSP      54,900    0.0    +0.0%    0.0x     중간  0.38  0pt/0 [일봉]
⛔ 아우토크립트(137040) 호가 없음 (거래정지 의심)
035720  카카오       42,250    0.0    +0.0%    0.0x     중간  1.25  1pt/0 [일봉]
015760  한국전력      39,900    0.0    +0.0%    0.0x     중간  1.41  1pt/0 [일봉]
078930  GS        76,400    0.0    +0.0%    0.0x     중간  0.29  0pt/0 [일봉]
061250  화일약품       8,540    0.0    +0.0%    0.0x     중간  0.96  0pt/0 [일봉]
217820  원익피앤이      3,000    0.0    +0.0%    0.0x     중간  3.09  2pt/0 [일봉]
001510  SK증권       3,840   61.5    -2.2%    0.2x     하단  3.48  6pt/0 [5분]
056080  유진로봇      24,750    0.0    +0.0%    0.0x     중간  1.19  0pt/0 [일봉]
084850  아이티엠반도체   14,540    0.0    +0.0%    0.0x     중간  0.44  0pt/0 [일봉]
⛔ 금양(001570) 호가 없음 (거래정지 의심)

══════════════════════════════════════════════════
⏰ 오전 매수 세션 종료 (11:30↑) — 신규 매수 중단
→ 전종목 HOLD
✅ Discord 전송 완료

[13:38] HOLD | KODEX RSI72/+0.3%⬆️ | 보유:없음 | 최고신호 SK증권(001510) 6pt/4pt [하락-2.2%★ / BB하단★ / 호가3.5★]
💰 예수금 97,219원 | KODEX200 RSI72/+0.3% 상승추세⬆️  | 매수기준 점수4pt↑

코드      종목명           가격    RSI     변화율    거래량     BB   호가비  B/S
────────────────────────────────────────────────────────────────────────
[2단계 분석 대상: 138040, 066970, 217820, 042700, 001510]
403870  HPSP      54,900    0.0    +0.0%    0.0x     중간  0.39  0pt/0 [일봉]
⛔ 아우토크립트(137040) 호가 없음 (거래정지 의심)
035720  카카오       42,300    0.0    +0.0%    0.0x     중간  1.31  1pt/0 [일봉]
015760  한국전력      39,900    0.0    +0.0%    0.0x     중간  1.39  1pt/0 [일봉]
078930  GS        76,400    0.0    +0.0%    0.0x     중간  0.46  0pt/0 [일봉]
061250  화일약품       8,540    0.0    +0.0%    0.0x     중간  0.90  0pt/0 [일봉]
217820  원익피앤이      2,995   35.3    +3.5%    0.4x     상단  5.22  5pt/0 [5분]
001510  SK증권       3,845   61.5    -2.0%    0.2x     하단  3.28  6pt/0 [5분]
056080  유진로봇      24,700    0.0    +0.0%    0.0x     중간  1.25  1pt/0 [일봉]
084850  아이티엠반도체   14,540    0.0    +0.0%    0.0x     중간  0.45  0pt/0 [일봉]
⛔ 금양(001570) 호가 없음 (거래정지 의심)

══════════════════════════════════════════════════
⏰ 오전 매수 세션 종료 (11:30↑) — 신규 매수 중단
→ 전종목 HOLD
✅ Discord 전송 완료

[13:40] HOLD | KODEX RSI72/+0.3%⬆️ | 보유:없음 | 최고신호 SK증권(001510) 6pt/4pt [하락-2.0%★ / BB하단★ / 호가3.3★]
💰 예수금 97,219원 | KODEX200 RSI72/+0.2% 상승추세⬆️  | 매수기준 점수4pt↑

코드      종목명           가격    RSI     변화율    거래량     BB   호가비  B/S
────────────────────────────────────────────────────────────────────────
[2단계 분석 대상: 066970, 138040, 217820, 207940, 001510]
403870  HPSP      55,100    0.0    +0.0%    0.0x     중간  0.26  0pt/0 [일봉]
⛔ 아우토크립트(137040) 호가 없음 (거래정지 의심)
035720  카카오       42,250    0.0    +0.0%    0.0x     중간  1.18  0pt/0 [일봉]
015760  한국전력      39,850    0.0    +0.0%    0.0x     중간  1.45  1pt/0 [일봉]
078930  GS        76,600    0.0    +0.0%    0.0x     중간  0.26  0pt/0 [일봉]
061250  화일약품       8,540    0.0    +0.0%    0.0x     중간  1.05  0pt/0 [일봉]
217820  원익피앤이      2,995   35.3    +3.5%    0.4x     상단  5.50  5pt/0 [5분]
001510  SK증권       3,840   61.5    -2.2%    0.2x     하단  3.87  6pt/0 [5분]
056080  유진로봇      24,700    0.0    +0.0%    0.0x     중간  1.26  1pt/0 [일봉]
084850  아이티엠반도체   14,550    0.0    +0.0%    0.0x     중간  0.67  0pt/0 [일봉]
⛔ 금양(001570) 호가 없음 (거래정지 의심)

══════════════════════════════════════════════════
⏰ 오전 매수 세션 종료 (11:30↑) — 신규 매수 중단
→ 전종목 HOLD
✅ Discord 전송 완료

[13:42] HOLD | KODEX RSI72/+0.2%⬆️ | 보유:없음 | 최고신호 SK증권(001510) 6pt/4pt [하락-2.2%★ / BB하단★ / 호가3.9★]
💰 예수금 97,219원 | KODEX200 RSI72/+0.2% 상승추세⬆️  | 매수기준 점수4pt↑

코드      종목명           가격    RSI     변화율    거래량     BB   호가비  B/S
────────────────────────────────────────────────────────────────────────
[2단계 분석 대상: 066970, 138040, 042700, 217820, 001510]
403870  HPSP      55,000    0.0    +0.0%    0.0x     중간  0.28  0pt/0 [일봉]
⛔ 아우토크립트(137040) 호가 없음 (거래정지 의심)
035720  카카오       42,250    0.0    +0.0%    0.0x     중간  1.18  0pt/0 [일봉]
015760  한국전력      39,850    0.0    +0.0%    0.0x     중간  1.50  2pt/0 [일봉]
078930  GS        76,500    0.0    +0.0%    0.0x     중간  0.29  0pt/0 [일봉]
061250  화일약품       8,540    0.0    +0.0%    0.0x     중간  1.24  1pt/0 [일봉]
217820  원익피앤이      3,005   56.2    +4.0%    0.4x     상단  3.31  3pt/0 [5분]
001510  SK증권       3,840   54.5    -2.3%    0.2x     하단  3.30  7pt/0 [5분]
056080  유진로봇      24,700    0.0    +0.0%    0.0x     중간  1.23  1pt/0 [일봉]
084850  아이티엠반도체   14,550    0.0    +0.0%    0.0x     중간  0.84  0pt/0 [일봉]
⛔ 금양(001570) 호가 없음 (거래정지 의심)

══════════════════════════════════════════════════
⏰ 오전 매수 세션 종료 (11:30↑) — 신규 매수 중단
→ 전종목 HOLD
✅ Discord 전송 완료

[13:44] HOLD | KODEX RSI72/+0.2%⬆️ | 보유:없음 | 최고신호 SK증권(001510) 7pt/4pt [RSI54 / 하락-2.3%★ / BB하단★ / 호가3.3★]
💰 예수금 97,219원 | KODEX200 RSI72/+0.2% 상승추세⬆️  | 매수기준 점수4pt↑

코드      종목명           가격    RSI     변화율    거래량     BB   호가비  B/S
────────────────────────────────────────────────────────────────────────
[2단계 분석 대상: 138040, 066970, 001510, 207940, 042700]
403870  HPSP      55,000    0.0    +0.0%    0.0x     중간  0.31  0pt/0 [일봉]
⛔ 아우토크립트(137040) 호가 없음 (거래정지 의심)
035720  카카오       42,200    0.0    +0.0%    0.0x     중간  1.29  1pt/0 [일봉]
015760  한국전력      39,850    0.0    +0.0%    0.0x     중간  1.46  1pt/0 [일봉]
078930  GS        76,500    0.0    +0.0%    0.0x     중간  0.27  0pt/0 [일봉]
061250  화일약품       8,540    0.0    +0.0%    0.0x     중간  1.24  1pt/0 [일봉]
217820  원익피앤이      3,005    0.0    +0.0%    0.0x     중간  2.89  2pt/0 [일봉]
001510  SK증권       3,840   54.5    -2.3%    0.2x     하단  3.25  7pt/0 [5분]
056080  유진로봇      24,700    0.0    +0.0%    0.0x     중간  1.14  0pt/0 [일봉]
084850  아이티엠반도체   14,560    0.0    +0.0%    0.0x     중간  0.92  0pt/0 [일봉]
⛔ 금양(001570) 호가 없음 (거래정지 의심)

══════════════════════════════════════════════════
⏰ 오전 매수 세션 종료 (11:30↑) — 신규 매수 중단
→ 전종목 HOLD
✅ Discord 전송 완료

[13:46] HOLD | KODEX RSI72/+0.2%⬆️ | 보유:없음 | 최고신호 SK증권(001510) 7pt/4pt [RSI54 / 하락-2.3%★ / BB하단★ / 호가3.2★]
💰 예수금 97,219원 | KODEX200 RSI72/+0.2% 상승추세⬆️  | 매수기준 점수4pt↑

코드      종목명           가격    RSI     변화율    거래량     BB   호가비  B/S
────────────────────────────────────────────────────────────────────────
[2단계 분석 대상: 066970, 138040, 042700, 001510, 068270]
403870  HPSP      55,000    0.0    +0.0%    0.0x     중간  0.30  0pt/0 [일봉]
⛔ 아우토크립트(137040) 호가 없음 (거래정지 의심)
035720  카카오       42,200    0.0    +0.0%    0.0x     중간  1.33  1pt/0 [일봉]
015760  한국전력      39,900    0.0    +0.0%    0.0x     중간  1.33  1pt/0 [일봉]
078930  GS        76,500    0.0    +0.0%    0.0x     중간  0.29  0pt/0 [일봉]
061250  화일약품       8,540    0.0    +0.0%    0.0x     중간  1.20  1pt/0 [일봉]
217820  원익피앤이      3,005    0.0    +0.0%    0.0x     중간  2.92  2pt/0 [일봉]
001510  SK증권       3,840   54.5    -2.3%    0.2x     하단  3.03  7pt/0 [5분]
056080  유진로봇      24,700    0.0    +0.0%    0.0x     중간  1.18  0pt/0 [일봉]
084850  아이티엠반도체   14,570    0.0    +0.0%    0.0x     중간  0.79  0pt/0 [일봉]
⛔ 금양(001570) 호가 없음 (거래정지 의심)

══════════════════════════════════════════════════
⏰ 오전 매수 세션 종료 (11:30↑) — 신규 매수 중단
→ 전종목 HOLD
✅ Discord 전송 완료

[13:48] HOLD | KODEX RSI72/+0.2%⬆️ | 보유:없음 | 최고신호 SK증권(001510) 7pt/4pt [RSI54 / 하락-2.3%★ / BB하단★ / 호가3.0★]
💰 예수금 97,219원 | KODEX200 RSI72/+0.2% 상승추세⬆️  | 매수기준 점수4pt↑

코드      종목명           가격    RSI     변화율    거래량     BB   호가비  B/S
────────────────────────────────────────────────────────────────────────
[2단계 분석 대상: 138040, 042700, 066970, 217820, 001510]
403870  HPSP      55,000    0.0    +0.0%    0.0x     중간  0.32  0pt/0 [일봉]
⛔ 아우토크립트(137040) 호가 없음 (거래정지 의심)
035720  카카오       42,200    0.0    +0.0%    0.0x     중간  1.23  1pt/0 [일봉]
015760  한국전력      39,850    0.0    +0.0%    0.0x     중간  1.20  1pt/0 [일봉]
078930  GS        76,500    0.0    +0.0%    0.0x     중간  0.31  0pt/0 [일봉]
061250  화일약품       8,540    0.0    +0.0%    0.0x     중간  1.21  1pt/0 [일봉]
217820  원익피앤이      3,005   56.2    +4.0%    0.4x     상단  2.99  3pt/0 [5분]
001510  SK증권       3,840   36.4    -2.3%    0.2x     하단  2.92  8pt/0 [5분]
056080  유진로봇      24,700    0.0    +0.0%    0.0x     중간  1.28  1pt/0 [일봉]
084850  아이티엠반도체   14,580    0.0    +0.0%    0.0x     중간  0.85  0pt/0 [일봉]
⛔ 금양(001570) 호가 없음 (거래정지 의심)

══════════════════════════════════════════════════
⏰ 오전 매수 세션 종료 (11:30↑) — 신규 매수 중단
→ 전종목 HOLD
✅ Discord 전송 완료

[13:50] HOLD | KODEX RSI72/+0.2%⬆️ | 보유:없음 | 최고신호 SK증권(001510) 8pt/4pt [RSI36★ / 하락-2.3%★ / BB하단★ / 호가2.9★]
💰 예수금 97,219원 | KODEX200 RSI72/+0.2% 상승추세⬆️  | 매수기준 점수4pt↑

코드      종목명           가격    RSI     변화율    거래량     BB   호가비  B/S
────────────────────────────────────────────────────────────────────────
[2단계 분석 대상: 138040, 042700, 066970, 001510, 217820]
403870  HPSP      55,000    0.0    +0.0%    0.0x     중간  0.31  0pt/0 [일봉]
⛔ 아우토크립트(137040) 호가 없음 (거래정지 의심)
035720  카카오       42,200    0.0    +0.0%    0.0x     중간  1.22  1pt/0 [일봉]
015760  한국전력      39,850    0.0    +0.0%    0.0x     중간  1.17  0pt/0 [일봉]
078930  GS        76,500    0.0    +0.0%    0.0x     중간  0.32  0pt/0 [일봉]
061250  화일약품       8,540    0.0    +0.0%    0.0x     중간  1.24  1pt/0 [일봉]
217820  원익피앤이      3,005   56.2    +3.8%    0.4x     상단  2.78  2pt/0 [5분]
001510  SK증권       3,835   36.4    -2.4%    0.2x     하단  3.10  8pt/0 [5분]
056080  유진로봇      24,700    0.0    +0.0%    0.0x     중간  1.29  1pt/0 [일봉]
084850  아이티엠반도체   14,540    0.0    +0.0%    0.0x     중간  0.27  0pt/0 [일봉]
⛔ 금양(001570) 호가 없음 (거래정지 의심)

══════════════════════════════════════════════════
⏰ 오전 매수 세션 종료 (11:30↑) — 신규 매수 중단
→ 전종목 HOLD
✅ Discord 전송 완료

[13:52] HOLD | KODEX RSI72/+0.2%⬆️ | 보유:없음 | 최고신호 SK증권(001510) 8pt/4pt [RSI36★ / 하락-2.4%★ / BB하단★ / 호가3.1★]
💰 예수금 97,219원 | KODEX200 RSI72/+0.3% 상승추세⬆️  | 매수기준 점수4pt↑

코드      종목명           가격    RSI     변화율    거래량     BB   호가비  B/S
────────────────────────────────────────────────────────────────────────
[2단계 분석 대상: 066970, 001510, 138040, 042700, 217820]
403870  HPSP      55,200    0.0    +0.0%    0.0x     중간  0.23  0pt/0 [일봉]
⛔ 아우토크립트(137040) 호가 없음 (거래정지 의심)
035720  카카오       42,250    0.0    +0.0%    0.0x     중간  1.17  0pt/0 [일봉]
015760  한국전력      39,850    0.0    +0.0%    0.0x     중간  1.12  0pt/0 [일봉]
078930  GS        76,500    0.0    +0.0%    0.0x     중간  0.32  0pt/0 [일봉]
061250  화일약품       8,540    0.0    +0.0%    0.0x     중간  1.21  1pt/0 [일봉]
217820  원익피앤이      3,005   61.1    +3.6%    0.4x     상단  3.01  2pt/0 [5분]
001510  SK증권       3,835   30.0    -2.3%    0.2x     하단  3.90  9pt/0 [5분]
056080  유진로봇      24,650    0.0    +0.0%    0.0x     중간  1.30  1pt/0 [일봉]
084850  아이티엠반도체   14,600    0.0    +0.0%    0.0x     중간  0.54  0pt/0 [일봉]
⛔ 금양(001570) 호가 없음 (거래정지 의심)

══════════════════════════════════════════════════
⏰ 오전 매수 세션 종료 (11:30↑) — 신규 매수 중단
→ 전종목 HOLD
✅ Discord 전송 완료

[13:54] HOLD | KODEX RSI72/+0.3%⬆️ | 보유:없음 | 최고신호 SK증권(001510) 9pt/4pt [RSI30★ / 하락-2.3%★ / BB하단★ / 호가3.9★ / 거래량증가]
💰 예수금 97,219원 | KODEX200 RSI72/+0.3% 상승추세⬆️  | 매수기준 점수4pt↑

코드      종목명           가격    RSI     변화율    거래량     BB   호가비  B/S
────────────────────────────────────────────────────────────────────────
[2단계 분석 대상: 001510, 066970, 138040, 217820, 042700]
403870  HPSP      55,300    0.0    +0.0%    0.0x     중간  0.25  0pt/0 [일봉]
⛔ 아우토크립트(137040) 호가 없음 (거래정지 의심)
035720  카카오       42,250    0.0    +0.0%    0.0x     중간  1.16  0pt/0 [일봉]
015760  한국전력      39,850    0.0    +0.0%    0.0x     중간  1.13  0pt/0 [일봉]
078930  GS        76,500    0.0    +0.0%    0.0x     중간  0.39  0pt/0 [일봉]
061250  화일약품       8,540    0.0    +0.0%    0.0x     중간  1.28  1pt/0 [일봉]
217820  원익피앤이      3,005   61.1    +4.0%    0.4x     상단  3.29  2pt/0 [5분]
001510  SK증권       3,835   30.0    -2.3%    0.2x     하단  3.93  9pt/0 [5분]
056080  유진로봇      24,650    0.0    +0.0%    0.0x     중간  1.45  1pt/0 [일봉]
084850  아이티엠반도체   14,590    0.0    +0.0%    0.0x     중간  0.47  0pt/0 [일봉]
⛔ 금양(001570) 호가 없음 (거래정지 의심)

══════════════════════════════════════════════════
⏰ 오전 매수 세션 종료 (11:30↑) — 신규 매수 중단
→ 전종목 HOLD
✅ Discord 전송 완료

[13:56] HOLD | KODEX RSI72/+0.3%⬆️ | 보유:없음 | 최고신호 SK증권(001510) 9pt/4pt [RSI30★ / 하락-2.3%★ / BB하단★ / 호가3.9★ / 거래량증가]
💰 예수금 97,219원 | KODEX200 RSI72/+0.4% 상승추세⬆️  | 매수기준 점수4pt↑

코드      종목명           가격    RSI     변화율    거래량     BB   호가비  B/S
────────────────────────────────────────────────────────────────────────
[2단계 분석 대상: 001510, 217820, 042700, 207940, 066970]
403870  HPSP      55,100    0.0    +0.0%    0.0x     중간  0.28  0pt/0 [일봉]
⛔ 아우토크립트(137040) 호가 없음 (거래정지 의심)
035720  카카오       42,200    0.0    +0.0%    0.0x     중간  1.21  1pt/0 [일봉]
015760  한국전력      39,850    0.0    +0.0%    0.0x     중간  1.13  0pt/0 [일봉]
078930  GS        76,400    0.0    +0.0%    0.0x     중간  0.39  0pt/0 [일봉]
061250  화일약품       8,540    0.0    +0.0%    0.0x     중간  1.28  1pt/0 [일봉]
217820  원익피앤이      3,005   61.1    +3.6%    0.4x     상단  3.42  2pt/0 [5분]
001510  SK증권       3,835   30.0    -2.4%    0.2x     하단  3.79  9pt/0 [5분]
056080  유진로봇      24,650    0.0    +0.0%    0.0x     중간  1.46  1pt/0 [일봉]
084850  아이티엠반도체   14,590    0.0    +0.0%    0.0x     중간  0.28  0pt/0 [일봉]
⛔ 금양(001570) 호가 없음 (거래정지 의심)

══════════════════════════════════════════════════
⏰ 오전 매수 세션 종료 (11:30↑) — 신규 매수 중단
→ 전종목 HOLD
✅ Discord 전송 완료

[13:58] HOLD | KODEX RSI72/+0.4%⬆️ | 보유:없음 | 최고신호 SK증권(001510) 9pt/4pt [RSI30★ / 하락-2.4%★ / BB하단★ / 호가3.8★ / 거래량증가]
💰 예수금 97,219원 | KODEX200 RSI72/+0.4% 상승추세⬆️  | 매수기준 점수4pt↑

코드      종목명           가격    RSI     변화율    거래량     BB   호가비  B/S
────────────────────────────────────────────────────────────────────────
[2단계 분석 대상: 001510, 066970, 217820, 042700, 138040]
403870  HPSP      55,100    0.0    +0.0%    0.0x     중간  0.25  0pt/0 [일봉]
⛔ 아우토크립트(137040) 호가 없음 (거래정지 의심)
035720  카카오       42,250    0.0    +0.0%    0.0x     중간  1.22  1pt/0 [일봉]
015760  한국전력      39,850    0.0    +0.0%    0.0x     중간  1.15  0pt/0 [일봉]
078930  GS        76,600    0.0    +0.0%    0.0x     중간  0.28  0pt/0 [일봉]
061250  화일약품       8,540    0.0    +0.0%    0.0x     중간  1.28  1pt/0 [일봉]
217820  원익피앤이      3,005   50.0    +4.0%    0.4x     상단  3.89  3pt/0 [5분]
001510  SK증권       3,840   25.0    -2.2%    0.2x     하단  4.47  8pt/0 [5분]
056080  유진로봇      24,700    0.0    +0.0%    0.0x     중간  1.18  0pt/0 [일봉]
084850  아이티엠반도체   14,590    0.0    +0.0%    0.0x     중간  0.28  0pt/0 [일봉]
⛔ 금양(001570) 호가 없음 (거래정지 의심)

══════════════════════════════════════════════════
⏰ 오전 매수 세션 종료 (11:30↑) — 신규 매수 중단
→ 전종목 HOLD
✅ Discord 전송 완료

[14:00] HOLD | KODEX RSI72/+0.4%⬆️ | 보유:없음 | 최고신호 SK증권(001510) 8pt/4pt [RSI25★ / 하락-2.2%★ / BB하단★ / 호가4.5★]
💰 예수금 97,219원 | KODEX200 RSI72/+0.5% 상승추세⬆️  | 매수기준 점수4pt↑

코드      종목명           가격    RSI     변화율    거래량     BB   호가비  B/S
────────────────────────────────────────────────────────────────────────
[2단계 분석 대상: 001510, 217820, 066970, 042700, 005930]
403870  HPSP      55,000    0.0    +0.0%    0.0x     중간  0.42  0pt/0 [일봉]
⛔ 아우토크립트(137040) 호가 없음 (거래정지 의심)
035720  카카오       42,200    0.0    +0.0%    0.0x     중간  1.26  1pt/0 [일봉]
015760  한국전력      39,850    0.0    +0.0%    0.0x     중간  1.12  0pt/0 [일봉]
078930  GS        76,500    0.0    +0.0%    0.0x     중간  0.33  0pt/0 [일봉]
061250  화일약품       8,550    0.0    +0.0%    0.0x     중간  0.87  0pt/0 [일봉]
217820  원익피앤이      3,005   50.0    +3.3%    0.4x     상단  3.39  3pt/0 [5분]
001510  SK증권       3,845   25.0    -2.0%    0.2x     하단  4.61  8pt/0 [5분]
056080  유진로봇      24,650    0.0    +0.0%    0.0x     중간  1.45  1pt/0 [일봉]
084850  아이티엠반도체   14,550    0.0    +0.0%    0.0x     중간  0.34  0pt/0 [일봉]
⛔ 금양(001570) 호가 없음 (거래정지 의심)

══════════════════════════════════════════════════
⏰ 오전 매수 세션 종료 (11:30↑) — 신규 매수 중단
→ 전종목 HOLD
✅ Discord 전송 완료

[14:02] HOLD | KODEX RSI72/+0.5%⬆️ | 보유:없음 | 최고신호 SK증권(001510) 8pt/4pt [RSI25★ / 하락-2.0%★ / BB하단★ / 호가4.6★]
💰 예수금 97,219원 | KODEX200 RSI72/+0.5% 상승추세⬆️  | 매수기준 점수4pt↑

코드      종목명           가격    RSI     변화율    거래량     BB   호가비  B/S
────────────────────────────────────────────────────────────────────────
[2단계 분석 대상: 001510, 066970, 217820, 042700, 138040]
403870  HPSP      55,000    0.0    +0.0%    0.0x     중간  0.47  0pt/0 [일봉]
⛔ 아우토크립트(137040) 호가 없음 (거래정지 의심)
035720  카카오       42,200    0.0    +0.0%    0.0x     중간  1.28  1pt/0 [일봉]
015760  한국전력      39,850    0.0    +0.0%    0.0x     중간  1.16  0pt/0 [일봉]
078930  GS        76,600    0.0    +0.0%    0.0x     중간  0.24  0pt/0 [일봉]
061250  화일약품       8,560    0.0    +0.0%    0.0x     중간  1.15  0pt/0 [일봉]
217820  원익피앤이      3,005   50.0    +3.5%    0.4x     상단  3.22  3pt/0 [5분]
001510  SK증권       3,835   25.0    -2.4%    0.2x     하단  4.36  8pt/0 [5분]
056080  유진로봇      24,650    0.0    +0.0%    0.0x     중간  1.58  2pt/0 [일봉]
084850  아이티엠반도체   14,550    0.0    +0.0%    0.0x     중간  0.28  0pt/0 [일봉]
⛔ 금양(001570) 호가 없음 (거래정지 의심)

══════════════════════════════════════════════════
⏰ 오전 매수 세션 종료 (11:30↑) — 신규 매수 중단
→ 전종목 HOLD
✅ Discord 전송 완료

[14:04] HOLD | KODEX RSI72/+0.5%⬆️ | 보유:없음 | 최고신호 SK증권(001510) 8pt/4pt [RSI25★ / 하락-2.4%★ / BB하단★ / 호가4.4★]
💰 예수금 97,219원 | KODEX200 RSI72/+0.5% 상승추세⬆️  | 매수기준 점수4pt↑

코드      종목명           가격    RSI     변화율    거래량     BB   호가비  B/S
────────────────────────────────────────────────────────────────────────
[2단계 분석 대상: 001510, 066970, 217820, 042700, 207940]
403870  HPSP      55,000    0.0    +0.0%    0.0x     중간  0.48  0pt/0 [일봉]
⛔ 아우토크립트(137040) 호가 없음 (거래정지 의심)
035720  카카오       42,200    0.0    +0.0%    0.0x     중간  1.36  1pt/0 [일봉]
015760  한국전력      39,850    0.0    +0.0%    0.0x     중간  1.16  0pt/0 [일봉]
078930  GS        76,700    0.0    +0.0%    0.0x     중간  0.24  0pt/0 [일봉]
061250  화일약품       8,560    0.0    +0.0%    0.0x     중간  1.16  0pt/0 [일봉]
217820  원익피앤이      3,005   50.0    +4.0%    0.4x     상단  3.30  3pt/0 [5분]
001510  SK증권       3,835   27.3    -2.3%    0.2x     하단  4.23  8pt/0 [5분]
056080  유진로봇      24,650    0.0    +0.0%    0.0x     중간  1.67  2pt/0 [일봉]
084850  아이티엠반도체   14,550    0.0    +0.0%    0.0x     중간  0.34  0pt/0 [일봉]
⛔ 금양(001570) 호가 없음 (거래정지 의심)

══════════════════════════════════════════════════
⏰ 오전 매수 세션 종료 (11:30↑) — 신규 매수 중단
→ 전종목 HOLD
✅ Discord 전송 완료

[14:06] HOLD | KODEX RSI72/+0.5%⬆️ | 보유:없음 | 최고신호 SK증권(001510) 8pt/4pt [RSI27★ / 하락-2.3%★ / BB하단★ / 호가4.2★]
💰 예수금 97,219원 | KODEX200 RSI72/+0.5% 상승추세⬆️  | 매수기준 점수4pt↑

코드      종목명           가격    RSI     변화율    거래량     BB   호가비  B/S
────────────────────────────────────────────────────────────────────────
[2단계 분석 대상: 138040, 066970, 001510, 217820, 042700]
403870  HPSP      54,900    0.0    +0.0%    0.0x     중간  0.44  0pt/0 [일봉]
⛔ 아우토크립트(137040) 호가 없음 (거래정지 의심)
035720  카카오       42,200    0.0    +0.0%    0.0x     중간  1.34  1pt/0 [일봉]
015760  한국전력      39,850    0.0    +0.0%    0.0x     중간  1.25  1pt/0 [일봉]
078930  GS        76,600    0.0    +0.0%    0.0x     중간  0.23  0pt/0 [일봉]
061250  화일약품       8,560    0.0    +0.0%    0.0x     중간  1.05  0pt/0 [일봉]
217820  원익피앤이      3,005   50.0    +3.5%    0.4x     상단  3.25  3pt/0 [5분]
001510  SK증권       3,840   27.3    -2.2%    0.2x     하단  3.92  8pt/0 [5분]
056080  유진로봇      24,650    0.0    +0.0%    0.0x     중간  1.61  2pt/0 [일봉]
084850  아이티엠반도체   14,550    0.0    +0.0%    0.0x     중간  0.34  0pt/0 [일봉]
⛔ 금양(001570) 호가 없음 (거래정지 의심)

══════════════════════════════════════════════════
⏰ 오전 매수 세션 종료 (11:30↑) — 신규 매수 중단
→ 전종목 HOLD
✅ Discord 전송 완료

[14:08] HOLD | KODEX RSI72/+0.5%⬆️ | 보유:없음 | 최고신호 SK증권(001510) 8pt/4pt [RSI27★ / 하락-2.2%★ / BB하단★ / 호가3.9★]
💰 예수금 97,219원 | KODEX200 RSI72/+0.4% 상승추세⬆️  | 매수기준 점수4pt↑

코드      종목명           가격    RSI     변화율    거래량     BB   호가비  B/S
────────────────────────────────────────────────────────────────────────
[2단계 분석 대상: 138040, 001510, 066970, 042700, 217820]
403870  HPSP      54,900    0.0    +0.0%    0.0x     중간  0.48  0pt/0 [일봉]
⛔ 아우토크립트(137040) 호가 없음 (거래정지 의심)
035720  카카오       42,200    0.0    +0.0%    0.0x     중간  1.29  1pt/0 [일봉]
015760  한국전력      39,850    0.0    +0.0%    0.0x     중간  1.18  0pt/0 [일봉]
078930  GS        76,700    0.0    +0.0%    0.0x     중간  0.27  0pt/0 [일봉]
061250  화일약품       8,560    0.0    +0.0%    0.0x     중간  1.06  0pt/0 [일봉]
217820  원익피앤이      3,005   45.0    +3.8%    0.4x     상단  3.05  3pt/0 [5분]
001510  SK증권       3,840   27.3    -2.2%    0.2x     하단  3.99  8pt/0 [5분]
056080  유진로봇      24,650    0.0    +0.0%    0.0x     중간  1.69  2pt/0 [일봉]
084850  아이티엠반도체   14,550    0.0    +0.0%    0.0x     중간  0.76  0pt/0 [일봉]
⛔ 금양(001570) 호가 없음 (거래정지 의심)

══════════════════════════════════════════════════
⏰ 오전 매수 세션 종료 (11:30↑) — 신규 매수 중단
→ 전종목 HOLD
✅ Discord 전송 완료

[14:10] HOLD | KODEX RSI72/+0.4%⬆️ | 보유:없음 | 최고신호 SK증권(001510) 8pt/4pt [RSI27★ / 하락-2.2%★ / BB하단★ / 호가4.0★]
💰 예수금 97,219원 | KODEX200 RSI72/+0.4% 상승추세⬆️  | 매수기준 점수4pt↑

코드      종목명           가격    RSI     변화율    거래량     BB   호가비  B/S
────────────────────────────────────────────────────────────────────────
[2단계 분석 대상: 066970, 001510, 138040, 042700, 217820]
403870  HPSP      55,000    0.0    +0.0%    0.0x     중간  0.40  0pt/0 [일봉]
⛔ 아우토크립트(137040) 호가 없음 (거래정지 의심)
035720  카카오       42,200    0.0    +0.0%    0.0x     중간  1.29  1pt/0 [일봉]
015760  한국전력      39,800    0.0    +0.0%    0.0x     중간  1.34  1pt/0 [일봉]
078930  GS        76,600    0.0    +0.0%    0.0x     중간  0.28  0pt/0 [일봉]
061250  화일약품       8,560    0.0    +0.0%    0.0x     중간  1.06  0pt/0 [일봉]
217820  원익피앤이      3,005   45.0    +3.6%    0.4x     상단  2.48  3pt/0 [5분]
001510  SK증권       3,845   27.3    -2.0%    0.2x     하단  3.92  8pt/0 [5분]
056080  유진로봇      24,700    0.0    +0.0%    0.0x     중간  1.50  2pt/0 [일봉]
084850  아이티엠반도체   14,560    0.0    +0.0%    0.0x     중간  0.70  0pt/0 [일봉]
⛔ 금양(001570) 호가 없음 (거래정지 의심)

══════════════════════════════════════════════════
⏰ 오전 매수 세션 종료 (11:30↑) — 신규 매수 중단
→ 전종목 HOLD
✅ Discord 전송 완료

[14:12] HOLD | KODEX RSI72/+0.4%⬆️ | 보유:없음 | 최고신호 SK증권(001510) 8pt/4pt [RSI27★ / 하락-2.0%★ / BB하단★ / 호가3.9★]
💰 예수금 97,219원 | KODEX200 RSI72/+0.4% 상승추세⬆️  | 매수기준 점수4pt↑

코드      종목명           가격    RSI     변화율    거래량     BB   호가비  B/S
────────────────────────────────────────────────────────────────────────
[2단계 분석 대상: 001510, 042700, 138040, 066970, 217820]
403870  HPSP      55,000    0.0    +0.0%    0.0x     중간  0.39  0pt/0 [일봉]
⛔ 아우토크립트(137040) 호가 없음 (거래정지 의심)
035720  카카오       42,200    0.0    +0.0%    0.0x     중간  1.29  1pt/0 [일봉]
015760  한국전력      39,800    0.0    +0.0%    0.0x     중간  1.36  1pt/0 [일봉]
078930  GS        76,700    0.0    +0.0%    0.0x     중간  0.26  0pt/0 [일봉]
061250  화일약품       8,560    0.0    +0.0%    0.0x     중간  1.05  0pt/0 [일봉]
217820  원익피앤이      3,000   45.0    +3.6%    0.4x     상단  2.53  3pt/0 [5분]
001510  SK증권       3,845   25.0    -2.0%    0.2x     하단  3.67  8pt/0 [5분]
056080  유진로봇      24,700    0.0    +0.0%    0.0x     중간  1.56  2pt/0 [일봉]
084850  아이티엠반도체   14,560    0.0    +0.0%    0.0x     중간  0.66  0pt/0 [일봉]
⛔ 금양(001570) 호가 없음 (거래정지 의심)

══════════════════════════════════════════════════
⏰ 오전 매수 세션 종료 (11:30↑) — 신규 매수 중단
→ 전종목 HOLD
✅ Discord 전송 완료

[14:14] HOLD | KODEX RSI72/+0.4%⬆️ | 보유:없음 | 최고신호 SK증권(001510) 8pt/4pt [RSI25★ / 하락-2.0%★ / BB하단★ / 호가3.7★]
💰 예수금 97,219원 | KODEX200 RSI72/+0.4% 상승추세⬆️  | 매수기준 점수4pt↑

코드      종목명           가격    RSI     변화율    거래량     BB   호가비  B/S
────────────────────────────────────────────────────────────────────────
[2단계 분석 대상: 001510, 042700, 138040, 217820, 066970]
403870  HPSP      55,000    0.0    +0.0%    0.0x     중간  0.37  0pt/0 [일봉]
⛔ 아우토크립트(137040) 호가 없음 (거래정지 의심)
035720  카카오       42,200    0.0    +0.0%    0.0x     중간  1.26  1pt/0 [일봉]
015760  한국전력      39,800    0.0    +0.0%    0.0x     중간  1.30  1pt/0 [일봉]
078930  GS        76,700    0.0    +0.0%    0.0x     중간  0.31  0pt/0 [일봉]
061250  화일약품       8,560    0.0    +0.0%    0.0x     중간  1.05  0pt/0 [일봉]
217820  원익피앤이      3,000   42.9    +3.6%    0.4x     상단  2.52  3pt/0 [5분]
001510  SK증권       3,845   25.0    -1.9%    0.2x     하단  3.89  7pt/0 [5분]
056080  유진로봇      24,700    0.0    +0.0%    0.0x     중간  1.55  2pt/0 [일봉]
084850  아이티엠반도체   14,560    0.0    +0.0%    0.0x     중간  0.66  0pt/0 [일봉]
⛔ 금양(001570) 호가 없음 (거래정지 의심)

══════════════════════════════════════════════════
⏰ 오전 매수 세션 종료 (11:30↑) — 신규 매수 중단
→ 전종목 HOLD
✅ Discord 전송 완료

[14:16] HOLD | KODEX RSI72/+0.4%⬆️ | 보유:없음 | 최고신호 SK증권(001510) 7pt/4pt [RSI25★ / 하락-1.9% / BB하단★ / 호가3.9★]
💰 예수금 97,219원 | KODEX200 RSI72/+0.5% 상승추세⬆️  | 매수기준 점수4pt↑

코드      종목명           가격    RSI     변화율    거래량     BB   호가비  B/S
────────────────────────────────────────────────────────────────────────
[2단계 분석 대상: 001510, 138040, 042700, 217820, 012330]
403870  HPSP      54,900    0.0    +0.0%    0.0x     중간  0.41  0pt/0 [일봉]
⛔ 아우토크립트(137040) 호가 없음 (거래정지 의심)
035720  카카오       42,150    0.0    +0.0%    0.0x     중간  1.31  1pt/0 [일봉]
015760  한국전력      39,800    0.0    +0.0%    0.0x     중간  1.26  1pt/0 [일봉]
078930  GS        76,700    0.0    +0.0%    0.0x     중간  0.33  0pt/0 [일봉]
061250  화일약품       8,560    0.0    +0.0%    0.0x     중간  1.00  0pt/0 [일봉]
217820  원익피앤이      3,000   42.9    +3.5%    0.4x     상단  2.28  3pt/0 [5분]
001510  SK증권       3,850   25.0    -2.0%    0.2x     하단  4.09  8pt/0 [5분]
056080  유진로봇      24,700    0.0    +0.0%    0.0x     중간  1.59  2pt/0 [일봉]
084850  아이티엠반도체   14,570    0.0    +0.0%    0.0x     중간  0.66  0pt/0 [일봉]
⛔ 금양(001570) 호가 없음 (거래정지 의심)

══════════════════════════════════════════════════
⏰ 오전 매수 세션 종료 (11:30↑) — 신규 매수 중단
→ 전종목 HOLD
✅ Discord 전송 완료

[14:18] HOLD | KODEX RSI72/+0.5%⬆️ | 보유:없음 | 최고신호 SK증권(001510) 8pt/4pt [RSI25★ / 하락-2.0%★ / BB하단★ / 호가4.1★]
💰 예수금 97,219원 | KODEX200 RSI72/+0.4% 상승추세⬆️  | 매수기준 점수4pt↑

코드      종목명           가격    RSI     변화율    거래량     BB   호가비  B/S
────────────────────────────────────────────────────────────────────────
[2단계 분석 대상: 138040, 001510, 042700, 217820, 012330]
403870  HPSP      54,900    0.0    +0.0%    0.0x     중간  0.41  0pt/0 [일봉]
⛔ 아우토크립트(137040) 호가 없음 (거래정지 의심)
035720  카카오       42,100    0.0    +0.0%    0.0x     중간  1.43  1pt/0 [일봉]
015760  한국전력      39,800    0.0    +0.0%    0.0x     중간  1.40  1pt/0 [일봉]
078930  GS        76,700    0.0    +0.0%    0.0x     중간  0.36  0pt/0 [일봉]
061250  화일약품       8,560    0.0    +0.0%    0.0x     중간  1.02  0pt/0 [일봉]
217820  원익피앤이      3,000   45.0    +3.5%    0.4x     상단  2.26  3pt/0 [5분]
001510  SK증권       3,845   40.0    -2.1%    0.2x     하단  3.95  8pt/0 [5분]
056080  유진로봇      24,700    0.0    +0.0%    0.0x     중간  1.44  1pt/0 [일봉]
084850  아이티엠반도체   14,570    0.0    +0.0%    0.0x     중간  1.30  1pt/0 [일봉]
⛔ 금양(001570) 호가 없음 (거래정지 의심)

══════════════════════════════════════════════════
⏰ 오전 매수 세션 종료 (11:30↑) — 신규 매수 중단
→ 전종목 HOLD
✅ Discord 전송 완료

[14:20] HOLD | KODEX RSI72/+0.4%⬆️ | 보유:없음 | 최고신호 SK증권(001510) 8pt/4pt [RSI40★ / 하락-2.1%★ / BB하단★ / 호가4.0★]
💰 예수금 97,219원 | KODEX200 RSI72/+0.5% 상승추세⬆️  | 매수기준 점수4pt↑

코드      종목명           가격    RSI     변화율    거래량     BB   호가비  B/S
────────────────────────────────────────────────────────────────────────
[2단계 분석 대상: 001510, 138040, 042700, 217820, 066970]
403870  HPSP      55,100    0.0    +0.0%    0.0x     중간  0.25  0pt/0 [일봉]
⛔ 아우토크립트(137040) 호가 없음 (거래정지 의심)
035720  카카오       42,150    0.0    +0.0%    0.0x     중간  1.49  1pt/0 [일봉]
015760  한국전력      39,800    0.0    +0.0%    0.0x     중간  1.42  1pt/0 [일봉]
078930  GS        76,800    0.0    +0.0%    0.0x     중간  0.36  0pt/0 [일봉]
061250  화일약품       8,560    0.0    +0.0%    0.0x     중간  1.02  0pt/0 [일봉]
217820  원익피앤이      2,995   45.0    +3.5%    0.4x     상단  2.61  3pt/0 [5분]
001510  SK증권       3,845   40.0    -2.0%    0.2x     하단  3.85  8pt/0 [5분]
056080  유진로봇      24,700    0.0    +0.0%    0.0x     중간  1.50  2pt/0 [일봉]
084850  아이티엠반도체   14,570    0.0    +0.0%    0.0x     중간  1.36  1pt/0 [일봉]
⛔ 금양(001570) 호가 없음 (거래정지 의심)

══════════════════════════════════════════════════
⏰ 오전 매수 세션 종료 (11:30↑) — 신규 매수 중단
→ 전종목 HOLD
✅ Discord 전송 완료

[14:22] HOLD | KODEX RSI72/+0.5%⬆️ | 보유:없음 | 최고신호 SK증권(001510) 8pt/4pt [RSI40★ / 하락-2.0%★ / BB하단★ / 호가3.9★]
💰 예수금 97,219원 | KODEX200 RSI72/+0.4% 상승추세⬆️  | 매수기준 점수4pt↑

코드      종목명           가격    RSI     변화율    거래량     BB   호가비  B/S
────────────────────────────────────────────────────────────────────────
[2단계 분석 대상: 001510, 042700, 066970, 217820, 005930]
403870  HPSP      55,000    0.0    +0.0%    0.0x     중간  0.40  0pt/0 [일봉]
⛔ 아우토크립트(137040) 호가 없음 (거래정지 의심)
035720  카카오       42,100    0.0    +0.0%    0.0x     중간  1.63  2pt/0 [일봉]
015760  한국전력      39,800    0.0    +0.0%    0.0x     중간  1.37  1pt/0 [일봉]
078930  GS        76,700    0.0    +0.0%    0.0x     중간  0.34  0pt/0 [일봉]
061250  화일약품       8,560    0.0    +0.0%    0.0x     중간  1.02  0pt/0 [일봉]
217820  원익피앤이      2,995   45.0    +3.6%    0.4x     상단  2.90  3pt/0 [5분]
001510  SK증권       3,845   40.0    -2.0%    0.2x     하단  4.11  8pt/0 [5분]
056080  유진로봇      24,700    0.0    +0.0%    0.0x     중간  1.46  1pt/0 [일봉]
084850  아이티엠반도체   14,590    0.0    +0.0%    0.0x     중간  1.27  1pt/0 [일봉]
⛔ 금양(001570) 호가 없음 (거래정지 의심)

══════════════════════════════════════════════════
⏰ 오전 매수 세션 종료 (11:30↑) — 신규 매수 중단
→ 전종목 HOLD
✅ Discord 전송 완료

[14:24] HOLD | KODEX RSI72/+0.4%⬆️ | 보유:없음 | 최고신호 SK증권(001510) 8pt/4pt [RSI40★ / 하락-2.0%★ / BB하단★ / 호가4.1★]
💰 예수금 97,219원 | KODEX200 RSI72/+0.4% 상승추세⬆️  | 매수기준 점수4pt↑

코드      종목명           가격    RSI     변화율    거래량     BB   호가비  B/S
────────────────────────────────────────────────────────────────────────
[2단계 분석 대상: 042700, 012330, 001510, 217820, 138040]
403870  HPSP      55,000    0.0    +0.0%    0.0x     중간  0.40  0pt/0 [일봉]
⛔ 아우토크립트(137040) 호가 없음 (거래정지 의심)
035720  카카오       42,100    0.0    +0.0%    0.0x     중간  1.57  2pt/0 [일봉]
015760  한국전력      39,800    0.0    +0.0%    0.0x     중간  1.39  1pt/0 [일봉]
078930  GS        76,800    0.0    +0.0%    0.0x     중간  0.35  0pt/0 [일봉]
061250  화일약품       8,560    0.0    +0.0%    0.0x     중간  1.02  0pt/0 [일봉]
217820  원익피앤이      2,995   50.0    +3.6%    0.4x     상단  2.84  5pt/0 [5분]
001510  SK증권       3,855   40.0    -1.8%    0.2x     하단  2.89  7pt/0 [5분]
056080  유진로봇      24,700    0.0    +0.0%    0.0x     중간  1.51  2pt/0 [일봉]
084850  아이티엠반도체   14,580    0.0    +0.0%    0.0x     중간  1.50  2pt/0 [일봉]
⛔ 금양(001570) 호가 없음 (거래정지 의심)

══════════════════════════════════════════════════
⏰ 오전 매수 세션 종료 (11:30↑) — 신규 매수 중단
→ 전종목 HOLD
✅ Discord 전송 완료

[14:26] HOLD | KODEX RSI72/+0.4%⬆️ | 보유:없음 | 최고신호 SK증권(001510) 7pt/4pt [RSI40★ / 하락-1.8% / BB하단★ / 호가2.9★]
💰 예수금 97,219원 | KODEX200 RSI72/+0.5% 상승추세⬆️  | 매수기준 점수4pt↑

코드      종목명           가격    RSI     변화율    거래량     BB   호가비  B/S
────────────────────────────────────────────────────────────────────────
[2단계 분석 대상: 042700, 217820, 001510, 066970, 012330]
403870  HPSP      55,100    0.0    +0.0%    0.0x     중간  0.28  0pt/0 [일봉]
⛔ 아우토크립트(137040) 호가 없음 (거래정지 의심)
035720  카카오       42,050    0.0    +0.0%    0.0x     중간  1.65  2pt/0 [일봉]
015760  한국전력      39,800    0.0    +0.0%    0.0x     중간  1.47  1pt/0 [일봉]
078930  GS        76,800    0.0    +0.0%    0.0x     중간  0.40  0pt/0 [일봉]
061250  화일약품       8,560    0.0    +0.0%    0.0x     중간  1.02  0pt/0 [일봉]
217820  원익피앤이      2,995   50.0    +3.6%    0.4x     상단  3.11  5pt/0 [5분]
001510  SK증권       3,860   40.0    -1.7%    0.2x     하단  2.83  7pt/0 [5분]
056080  유진로봇      24,700    0.0    +0.0%    0.0x     중간  1.49  1pt/0 [일봉]
084850  아이티엠반도체   14,580    0.0    +0.0%    0.0x     중간  1.39  1pt/0 [일봉]
⛔ 금양(001570) 호가 없음 (거래정지 의심)

══════════════════════════════════════════════════
⏰ 오전 매수 세션 종료 (11:30↑) — 신규 매수 중단
→ 전종목 HOLD
✅ Discord 전송 완료

[14:28] HOLD | KODEX RSI72/+0.5%⬆️ | 보유:없음 | 최고신호 SK증권(001510) 7pt/4pt [RSI40★ / 하락-1.7% / BB하단★ / 호가2.8★]
💰 예수금 97,219원 | KODEX200 RSI72/+0.6% 상승추세⬆️  | 매수기준 점수4pt↑

코드      종목명           가격    RSI     변화율    거래량     BB   호가비  B/S
────────────────────────────────────────────────────────────────────────
[2단계 분석 대상: 042700, 001510, 217820, 012330, 035720]
403870  HPSP      55,100    0.0    +0.0%    0.0x     중간  0.26  0pt/0 [일봉]
⛔ 아우토크립트(137040) 호가 없음 (거래정지 의심)
035720  카카오       42,000   42.9    +0.4%    0.6x     중간  2.34  4pt/0 [5분]
015760  한국전력      39,800    0.0    +0.0%    0.0x     중간  1.46  1pt/0 [일봉]
078930  GS        76,800    0.0    +0.0%    0.0x     중간  0.44  0pt/0 [일봉]
061250  화일약품       8,560    0.0    +0.0%    0.0x     중간  0.80  0pt/0 [일봉]
217820  원익피앤이      2,995   44.4    +3.5%    0.4x     상단  3.07  4pt/0 [5분]
001510  SK증권       3,860   46.7    -1.7%    0.2x     하단  3.31  7pt/0 [5분]
056080  유진로봇      24,750    0.0    +0.0%    0.0x     중간  1.21  1pt/0 [일봉]
084850  아이티엠반도체   14,580    0.0    +0.0%    0.0x     중간  1.35  1pt/0 [일봉]
⛔ 금양(001570) 호가 없음 (거래정지 의심)

══════════════════════════════════════════════════
⏰ 오전 매수 세션 종료 (11:30↑) — 신규 매수 중단
→ 전종목 HOLD
✅ Discord 전송 완료

[14:30] HOLD | KODEX RSI72/+0.6%⬆️ | 보유:없음 | 최고신호 SK증권(001510) 7pt/4pt [RSI47 / 하락-1.7% / BB하단★ / 호가3.3★ / 거래량증가]
💰 예수금 97,219원 | KODEX200 RSI72/+0.5% 상승추세⬆️  | 매수기준 점수4pt↑

코드      종목명           가격    RSI     변화율    거래량     BB   호가비  B/S
────────────────────────────────────────────────────────────────────────
[2단계 분석 대상: 012330, 042700, 001510, 217820, 035720]
403870  HPSP      55,100    0.0    +0.0%    0.0x     중간  0.28  0pt/0 [일봉]
⛔ 아우토크립트(137040) 호가 없음 (거래정지 의심)
035720  카카오       42,000   42.9    +0.4%    0.6x     중간  2.30  4pt/0 [5분]
015760  한국전력      39,800    0.0    +0.0%    0.0x     중간  1.53  2pt/0 [일봉]
078930  GS        76,800    0.0    +0.0%    0.0x     중간  0.42  0pt/0 [일봉]
061250  화일약품       8,560    0.0    +0.0%    0.0x     중간  0.80  0pt/0 [일봉]
217820  원익피앤이      2,995   44.4    +3.5%    0.4x     상단  2.47  4pt/0 [5분]
001510  SK증권       3,860   46.7    -1.7%    0.2x     하단  3.15  7pt/0 [5분]
056080  유진로봇      24,750    0.0    +0.0%    0.0x     중간  1.18  0pt/0 [일봉]
084850  아이티엠반도체   14,590    0.0    +0.0%    0.0x     중간  1.95  2pt/0 [일봉]
⛔ 금양(001570) 호가 없음 (거래정지 의심)

══════════════════════════════════════════════════
⏰ 오전 매수 세션 종료 (11:30↑) — 신규 매수 중단
→ 전종목 HOLD
✅ Discord 전송 완료

[14:32] HOLD | KODEX RSI72/+0.5%⬆️ | 보유:없음 | 최고신호 SK증권(001510) 7pt/4pt [RSI47 / 하락-1.7% / BB하단★ / 호가3.1★ / 거래량증가]
💰 예수금 97,219원 | KODEX200 RSI72/+0.5% 상승추세⬆️  | 매수기준 점수4pt↑

코드      종목명           가격    RSI     변화율    거래량     BB   호가비  B/S
────────────────────────────────────────────────────────────────────────
[2단계 분석 대상: 084850, 012330, 066970, 042700, 217820]
403870  HPSP      55,100    0.0    +0.0%    0.0x     중간  0.23  0pt/0 [일봉]
⛔ 아우토크립트(137040) 호가 없음 (거래정지 의심)
035720  카카오       42,000    0.0    +0.0%    0.0x     중간  2.32  2pt/0 [일봉]
015760  한국전력      39,750    0.0    +0.0%    0.0x     중간  1.34  1pt/0 [일봉]
078930  GS        76,800    0.0    +0.0%    0.0x     중간  0.32  0pt/0 [일봉]
061250  화일약품       8,560    0.0    +0.0%    0.0x     중간  0.78  0pt/0 [일봉]
217820  원익피앤이      2,995   44.4    +3.5%    0.4x     상단  2.34  4pt/0 [5분]
001510  SK증권       3,870    0.0    +0.0%    0.0x     중간  2.04  2pt/0 [일봉]
056080  유진로봇      24,700    0.0    +0.0%    0.0x     중간  1.12  0pt/0 [일봉]
084850  아이티엠반도체   14,650   64.9    +3.3%    0.4x     상단  7.90  3pt/0 [5분]
⛔ 금양(001570) 호가 없음 (거래정지 의심)

══════════════════════════════════════════════════
⏰ 오전 매수 세션 종료 (11:30↑) — 신규 매수 중단
→ 전종목 HOLD
✅ Discord 전송 완료

[14:34] HOLD | KODEX RSI72/+0.5%⬆️ | 보유:없음 | 최고신호 원익피앤이(217820) 4pt/4pt [RSI44 / MA골 / 호가2.3★]
💰 예수금 97,219원 | KODEX200 RSI72/+0.5% 상승추세⬆️  | 매수기준 점수4pt↑

코드      종목명           가격    RSI     변화율    거래량     BB   호가비  B/S
────────────────────────────────────────────────────────────────────────
[2단계 분석 대상: 084850, 012330, 066970, 042700, 035720]
403870  HPSP      55,100    0.0    +0.0%    0.0x     중간  0.28  0pt/0 [일봉]
⛔ 아우토크립트(137040) 호가 없음 (거래정지 의심)
035720  카카오       42,000   50.0    +0.4%    0.6x     중간  2.29  3pt/0 [5분]
015760  한국전력      39,750    0.0    +0.0%    0.0x     중간  1.40  1pt/0 [일봉]
078930  GS        76,800    0.0    +0.0%    0.0x     중간  0.33  0pt/0 [일봉]
061250  화일약품       8,560    0.0    +0.0%    0.0x     중간  0.74  0pt/0 [일봉]
217820  원익피앤이      2,985    0.0    +0.0%    0.0x     중간  1.81  2pt/0 [일봉]
001510  SK증권       3,865    0.0    +0.0%    0.0x     중간  2.12  2pt/0 [일봉]
056080  유진로봇      24,750    0.0    +0.0%    0.0x     중간  1.01  0pt/0 [일봉]
084850  아이티엠반도체   14,650   58.1    +3.3%    0.4x     상단  6.91  4pt/0 [5분]
⛔ 금양(001570) 호가 없음 (거래정지 의심)

══════════════════════════════════════════════════
⏰ 오전 매수 세션 종료 (11:30↑) — 신규 매수 중단
→ 전종목 HOLD
✅ Discord 전송 완료

[14:36] HOLD | KODEX RSI72/+0.5%⬆️ | 보유:없음 | 최고신호 아이티엠반도체(084850) 4pt/4pt [MA골 / 호가6.9★ / 거래량증가]
💰 예수금 97,219원 | KODEX200 RSI72/+0.6% 상승추세⬆️  | 매수기준 점수4pt↑

코드      종목명           가격    RSI     변화율    거래량     BB   호가비  B/S
────────────────────────────────────────────────────────────────────────
[2단계 분석 대상: 207940, 084850, 012330, 042700, 066970]
403870  HPSP      55,200    0.0    +0.0%    0.0x     중간  0.29  0pt/0 [일봉]
⛔ 아우토크립트(137040) 호가 없음 (거래정지 의심)
035720  카카오       42,050    0.0    +0.0%    0.0x     중간  1.35  1pt/0 [일봉]
015760  한국전력      39,750    0.0    +0.0%    0.0x     중간  1.48  1pt/0 [일봉]
078930  GS        76,900    0.0    +0.0%    0.0x     중간  0.37  0pt/0 [일봉]
061250  화일약품       8,560    0.0    +0.0%    0.0x     중간  0.75  0pt/0 [일봉]
217820  원익피앤이      2,985    0.0    +0.0%    0.0x     중간  1.81  2pt/0 [일봉]
001510  SK증권       3,865    0.0    +0.0%    0.0x     중간  1.98  2pt/0 [일봉]
056080  유진로봇      24,750    0.0    +0.0%    0.0x     중간  1.11  0pt/0 [일봉]
084850  아이티엠반도체   14,620   58.1    +3.1%    0.4x     상단  6.04  4pt/0 [5분]
⛔ 금양(001570) 호가 없음 (거래정지 의심)

══════════════════════════════════════════════════
⏰ 오전 매수 세션 종료 (11:30↑) — 신규 매수 중단
→ 전종목 HOLD
✅ Discord 전송 완료

[14:38] HOLD | KODEX RSI72/+0.6%⬆️ | 보유:없음 | 최고신호 아이티엠반도체(084850) 4pt/4pt [MA골 / 호가6.0★ / 거래량증가]
💰 예수금 97,219원 | KODEX200 RSI72/+0.5% 상승추세⬆️  | 매수기준 점수4pt↑

코드      종목명           가격    RSI     변화율    거래량     BB   호가비  B/S
────────────────────────────────────────────────────────────────────────
[2단계 분석 대상: 012330, 084850, 042700, 207940, 066970]
403870  HPSP      55,000    0.0    +0.0%    0.0x     중간  0.43  0pt/0 [일봉]
⛔ 아우토크립트(137040) 호가 없음 (거래정지 의심)
035720  카카오       42,050    0.0    +0.0%    0.0x     중간  1.46  1pt/0 [일봉]
015760  한국전력      39,750    0.0    +0.0%    0.0x     중간  1.51  2pt/0 [일봉]
078930  GS        76,700    0.0    +0.0%    0.0x     중간  0.22  0pt/0 [일봉]
061250  화일약품       8,560    0.0    +0.0%    0.0x     중간  0.75  0pt/0 [일봉]
217820  원익피앤이      2,985    0.0    +0.0%    0.0x     중간  1.95  2pt/0 [일봉]
001510  SK증권       3,860    0.0    +0.0%    0.0x     중간  2.57  2pt/0 [일봉]
056080  유진로봇      24,700    0.0    +0.0%    0.0x     중간  1.19  0pt/0 [일봉]
084850  아이티엠반도체   14,610   73.1    +3.0%    0.4x     상단  4.20  3pt/0 [5분]
⛔ 금양(001570) 호가 없음 (거래정지 의심)

══════════════════════════════════════════════════
⏰ 오전 매수 세션 종료 (11:30↑) — 신규 매수 중단
→ 전종목 HOLD
✅ Discord 전송 완료

[14:40] HOLD | KODEX RSI72/+0.5%⬆️ | 보유:없음 | 최고신호 아이티엠반도체(084850) 3pt/4pt [MA골 / 호가4.2★]
💰 예수금 97,219원 | KODEX200 RSI72/+0.6% 상승추세⬆️  | 매수기준 점수4pt↑

코드      종목명           가격    RSI     변화율    거래량     BB   호가비  B/S
────────────────────────────────────────────────────────────────────────
[2단계 분석 대상: 012330, 042700, 207940, 084850, 001510]
403870  HPSP      55,000    0.0    +0.0%    0.0x     중간  0.37  0pt/0 [일봉]
⛔ 아우토크립트(137040) 호가 없음 (거래정지 의심)
035720  카카오       42,050    0.0    +0.0%    0.0x     중간  1.46  1pt/0 [일봉]
015760  한국전력      39,800    0.0    +0.0%    0.0x     중간  1.51  2pt/0 [일봉]
078930  GS        76,700    0.0    +0.0%    0.0x     중간  0.24  0pt/0 [일봉]
061250  화일약품       8,550    0.0    +0.0%    0.0x     중간  0.80  0pt/0 [일봉]
217820  원익피앤이      2,985    0.0    +0.0%    0.0x     중간  2.08  2pt/0 [일봉]
001510  SK증권       3,860   42.9    -1.7%    0.2x     하단  2.85  6pt/0 [5분]
056080  유진로봇      24,700    0.0    +0.0%    0.0x     중간  1.13  0pt/0 [일봉]
084850  아이티엠반도체   14,610   73.1    +3.0%    0.4x     상단  3.02  3pt/0 [5분]
⛔ 금양(001570) 호가 없음 (거래정지 의심)

══════════════════════════════════════════════════
⏰ 오전 매수 세션 종료 (11:30↑) — 신규 매수 중단
→ 전종목 HOLD
✅ Discord 전송 완료

[14:42] HOLD | KODEX RSI72/+0.6%⬆️ | 보유:없음 | 최고신호 SK증권(001510) 6pt/4pt [RSI43 / 하락-1.7% / BB하단★ / 호가2.9★]
💰 예수금 97,219원 | KODEX200 RSI72/+0.5% 상승추세⬆️  | 매수기준 점수4pt↑

코드      종목명           가격    RSI     변화율    거래량     BB   호가비  B/S
────────────────────────────────────────────────────────────────────────
[2단계 분석 대상: 066970, 084850, 207940, 012330, 042700]
403870  HPSP      55,000    0.0    +0.0%    0.0x     중간  0.35  0pt/0 [일봉]
⛔ 아우토크립트(137040) 호가 없음 (거래정지 의심)
035720  카카오       42,050    0.0    +0.0%    0.0x     중간  1.02  0pt/0 [일봉]
015760  한국전력      39,800    0.0    +0.0%    0.0x     중간  1.51  2pt/0 [일봉]
078930  GS        76,700    0.0    +0.0%    0.0x     중간  0.27  0pt/0 [일봉]
061250  화일약품       8,550    0.0    +0.0%    0.0x     중간  0.80  0pt/0 [일봉]
217820  원익피앤이      2,985    0.0    +0.0%    0.0x     중간  1.93  2pt/0 [일봉]
001510  SK증권       3,860    0.0    +0.0%    0.0x     중간  2.88  2pt/0 [일봉]
056080  유진로봇      24,700    0.0    +0.0%    0.0x     중간  1.09  0pt/0 [일봉]
084850  아이티엠반도체   14,600   73.1    +3.0%    0.4x     상단  4.11  3pt/0 [5분]
⛔ 금양(001570) 호가 없음 (거래정지 의심)

══════════════════════════════════════════════════
⏰ 오전 매수 세션 종료 (11:30↑) — 신규 매수 중단
→ 전종목 HOLD
✅ Discord 전송 완료

[14:44] HOLD | KODEX RSI72/+0.5%⬆️ | 보유:없음 | 최고신호 아이티엠반도체(084850) 3pt/4pt [MA골 / 호가4.1★]
💰 예수금 97,219원 | KODEX200 RSI72/+0.5% 상승추세⬆️  | 매수기준 점수4pt↑

코드      종목명           가격    RSI     변화율    거래량     BB   호가비  B/S
────────────────────────────────────────────────────────────────────────
[2단계 분석 대상: 207940, 066970, 084850, 012330, 042700]
403870  HPSP      55,000    0.0    +0.0%    0.0x     중간  0.31  0pt/0 [일봉]
⛔ 아우토크립트(137040) 호가 없음 (거래정지 의심)
035720  카카오       42,050    0.0    +0.0%    0.0x     중간  0.98  0pt/0 [일봉]
015760  한국전력      39,850    0.0    +0.0%    0.0x     중간  1.16  0pt/0 [일봉]
078930  GS        76,800    0.0    +0.0%    0.0x     중간  0.28  0pt/0 [일봉]
061250  화일약품       8,550    0.0    +0.0%    0.0x     중간  2.07  2pt/0 [일봉]
217820  원익피앤이      2,985    0.0    +0.0%    0.0x     중간  2.00  2pt/0 [일봉]
001510  SK증권       3,860    0.0    +0.0%    0.0x     중간  2.64  2pt/0 [일봉]
056080  유진로봇      24,700    0.0    +0.0%    0.0x     중간  1.05  0pt/0 [일봉]
084850  아이티엠반도체   14,600   66.7    +3.0%    0.4x     상단  4.00  3pt/0 [5분]
⛔ 금양(001570) 호가 없음 (거래정지 의심)

══════════════════════════════════════════════════
⏰ 오전 매수 세션 종료 (11:30↑) — 신규 매수 중단
→ 전종목 HOLD
✅ Discord 전송 완료

[14:46] HOLD | KODEX RSI72/+0.5%⬆️ | 보유:없음 | 최고신호 아이티엠반도체(084850) 3pt/4pt [MA골 / 호가4.0★]
💰 예수금 97,219원 | KODEX200 RSI72/+0.5% 상승추세⬆️  | 매수기준 점수4pt↑

코드      종목명           가격    RSI     변화율    거래량     BB   호가비  B/S
────────────────────────────────────────────────────────────────────────
[2단계 분석 대상: 066970, 207940, 012330, 042700, 001510]
403870  HPSP      54,900    0.0    +0.0%    0.0x     중간  0.35  0pt/0 [일봉]
⛔ 아우토크립트(137040) 호가 없음 (거래정지 의심)
035720  카카오       42,000    0.0    +0.0%    0.0x     중간  1.64  2pt/0 [일봉]
015760  한국전력      39,850    0.0    +0.0%    0.0x     중간  1.19  0pt/0 [일봉]
078930  GS        76,800    0.0    +0.0%    0.0x     중간  0.29  0pt/0 [일봉]
061250  화일약품       8,550    0.0    +0.0%    0.0x     중간  1.90  2pt/0 [일봉]
217820  원익피앤이      2,985    0.0    +0.0%    0.0x     중간  1.93  2pt/0 [일봉]
001510  SK증권       3,855   40.0    -1.8%    0.2x     하단  2.60  7pt/0 [5분]
056080  유진로봇      24,650    0.0    +0.0%    0.0x     중간  1.03  0pt/0 [일봉]
084850  아이티엠반도체   14,600    0.0    +0.0%    0.0x     중간  1.80  2pt/0 [일봉]
⛔ 금양(001570) 호가 없음 (거래정지 의심)

══════════════════════════════════════════════════
⏰ 오전 매수 세션 종료 (11:30↑) — 신규 매수 중단
→ 전종목 HOLD
✅ Discord 전송 완료

[14:48] HOLD | KODEX RSI72/+0.5%⬆️ | 보유:없음 | 최고신호 SK증권(001510) 7pt/4pt [RSI40★ / 하락-1.8% / BB하단★ / 호가2.6★]
💰 예수금 97,219원 | KODEX200 RSI72/+0.5% 상승추세⬆️  | 매수기준 점수4pt↑

코드      종목명           가격    RSI     변화율    거래량     BB   호가비  B/S
────────────────────────────────────────────────────────────────────────
[2단계 분석 대상: 207940, 012330, 042700, 217820, 001510]
403870  HPSP      55,100    0.0    +0.0%    0.0x     중간  0.27  0pt/0 [일봉]
⛔ 아우토크립트(137040) 호가 없음 (거래정지 의심)
035720  카카오       42,000    0.0    +0.0%    0.0x     중간  1.65  2pt/0 [일봉]
015760  한국전력      39,800    0.0    +0.0%    0.0x     중간  1.48  1pt/0 [일봉]
078930  GS        76,800    0.0    +0.0%    0.0x     중간  0.32  0pt/0 [일봉]
061250  화일약품       8,550    0.0    +0.0%    0.0x     중간  1.88  2pt/0 [일봉]
217820  원익피앤이      2,990   50.0    +3.5%    0.4x     상단  3.03  4pt/0 [5분]
001510  SK증권       3,855   40.0    -1.9%    0.2x     하단  2.69  7pt/0 [5분]
056080  유진로봇      24,650    0.0    +0.0%    0.0x     중간  1.01  0pt/0 [일봉]
084850  아이티엠반도체   14,590    0.0    +0.0%    0.0x     중간  1.96  2pt/0 [일봉]
⛔ 금양(001570) 호가 없음 (거래정지 의심)

══════════════════════════════════════════════════
⏰ 오전 매수 세션 종료 (11:30↑) — 신규 매수 중단
→ 전종목 HOLD
✅ Discord 전송 완료

[14:50] HOLD | KODEX RSI72/+0.5%⬆️ | 보유:없음 | 최고신호 SK증권(001510) 7pt/4pt [RSI40★ / 하락-1.9% / BB하단★ / 호가2.7★]
💰 예수금 97,219원 | KODEX200 RSI72/+0.5% 상승추세⬆️  | 매수기준 점수4pt↑

코드      종목명           가격    RSI     변화율    거래량     BB   호가비  B/S
────────────────────────────────────────────────────────────────────────
[2단계 분석 대상: 217820, 012330, 042700, 207940, 001510]
403870  HPSP      55,100    0.0    +0.0%    0.0x     중간  0.29  0pt/0 [일봉]
⛔ 아우토크립트(137040) 호가 없음 (거래정지 의심)
035720  카카오       42,050    0.0    +0.0%    0.0x     중간  1.54  2pt/0 [일봉]
015760  한국전력      39,800    0.0    +0.0%    0.0x     중간  1.63  2pt/0 [일봉]
078930  GS        76,900    0.0    +0.0%    0.0x     중간  0.48  0pt/0 [일봉]
061250  화일약품       8,550    0.0    +0.0%    0.0x     중간  1.89  2pt/0 [일봉]
217820  원익피앤이      2,995   50.0    +3.5%    0.4x     상단  3.96  4pt/0 [5분]
001510  SK증권       3,855   40.0    -1.8%    0.2x     하단  2.66  7pt/0 [5분]
056080  유진로봇      24,600    0.0    +0.0%    0.0x     중간  0.93  0pt/0 [일봉]
084850  아이티엠반도체   14,590    0.0    +0.0%    0.0x     중간  1.96  2pt/0 [일봉]
⛔ 금양(001570) 호가 없음 (거래정지 의심)

══════════════════════════════════════════════════
⏰ 오전 매수 세션 종료 (11:30↑) — 신규 매수 중단
→ 전종목 HOLD
✅ Discord 전송 완료

[14:52] HOLD | KODEX RSI72/+0.5%⬆️ | 보유:없음 | 최고신호 SK증권(001510) 7pt/4pt [RSI40★ / 하락-1.8% / BB하단★ / 호가2.7★]
💰 예수금 97,219원 | KODEX200 RSI72/+0.5% 상승추세⬆️  | 매수기준 점수4pt↑

코드      종목명           가격    RSI     변화율    거래량     BB   호가비  B/S
────────────────────────────────────────────────────────────────────────
[2단계 분석 대상: 217820, 012330, 042700, 207940, 084850]
403870  HPSP      55,100    0.0    +0.0%    0.0x     중간  0.32  0pt/0 [일봉]
⛔ 아우토크립트(137040) 호가 없음 (거래정지 의심)
035720  카카오       42,000    0.0    +0.0%    0.0x     중간  2.47  2pt/0 [일봉]
015760  한국전력      39,850    0.0    +0.0%    0.0x     중간  1.22  1pt/0 [일봉]
078930  GS        76,800    0.0    +0.0%    0.0x     중간  0.28  0pt/0 [일봉]
061250  화일약품       8,550    0.0    +0.0%    0.0x     중간  1.91  2pt/0 [일봉]
217820  원익피앤이      2,995   50.0    +3.5%    0.4x     상단  3.83  4pt/0 [5분]
001510  SK증권       3,860    0.0    +0.0%    0.0x     중간  2.28  2pt/0 [일봉]
056080  유진로봇      24,550    0.0    +0.0%    0.0x     중간  0.96  0pt/0 [일봉]
084850  아이티엠반도체   14,580   53.6    +2.8%    0.4x     상단  2.64  4pt/0 [5분]
⛔ 금양(001570) 호가 없음 (거래정지 의심)

══════════════════════════════════════════════════
⏰ 오전 매수 세션 종료 (11:30↑) — 신규 매수 중단
→ 전종목 HOLD
✅ Discord 전송 완료

[14:54] HOLD | KODEX RSI72/+0.5%⬆️ | 보유:없음 | 최고신호 원익피앤이(217820) 4pt/4pt [RSI50 / 호가3.8★ / 거래량증가]
💰 예수금 97,219원 | KODEX200 RSI72/+0.4% 상승추세⬆️  | 매수기준 점수4pt↑

코드      종목명           가격    RSI     변화율    거래량     BB   호가비  B/S
────────────────────────────────────────────────────────────────────────
[2단계 분석 대상: 217820, 042700, 066970, 012330, 084850]
403870  HPSP      55,000    0.0    +0.0%    0.0x     중간  0.40  0pt/0 [일봉]
⛔ 아우토크립트(137040) 호가 없음 (거래정지 의심)
035720  카카오       41,950    0.0    +0.0%    0.0x     중간  2.35  2pt/0 [일봉]
015760  한국전력      39,750    0.0    +0.0%    0.0x     중간  1.27  1pt/0 [일봉]
078930  GS        76,700    0.0    +0.0%    0.0x     중간  0.20  0pt/0 [일봉]
061250  화일약품       8,550    0.0    +0.0%    0.0x     중간  1.91  2pt/0 [일봉]
217820  원익피앤이      2,990   44.4    +3.3%    0.4x     상단  3.94  3pt/0 [5분]
001510  SK증권       3,860    0.0    +0.0%    0.0x     중간  2.32  2pt/0 [일봉]
056080  유진로봇      24,500    0.0    +0.0%    0.0x     중간  1.68  2pt/0 [일봉]
084850  아이티엠반도체   14,580   55.6    +2.8%    0.4x     상단  2.65  3pt/0 [5분]
⛔ 금양(001570) 호가 없음 (거래정지 의심)

══════════════════════════════════════════════════
⏰ 오전 매수 세션 종료 (11:30↑) — 신규 매수 중단
→ 전종목 HOLD
✅ Discord 전송 완료

[14:56] HOLD | KODEX RSI72/+0.4%⬆️ | 보유:없음 | 최고신호 원익피앤이(217820) 3pt/4pt [RSI44 / 호가3.9★]
💰 예수금 97,219원 | KODEX200 RSI72/+0.2% 상승추세⬆️  | 매수기준 점수4pt↑

코드      종목명           가격    RSI     변화율    거래량     BB   호가비  B/S
────────────────────────────────────────────────────────────────────────
[2단계 분석 대상: 066970, 012330, 217820, 042700, 001510]
403870  HPSP      54,900    0.0    +0.0%    0.0x     중간  0.42  0pt/0 [일봉]
⛔ 아우토크립트(137040) 호가 없음 (거래정지 의심)
035720  카카오       41,850    0.0    +0.0%    0.0x     중간  2.03  2pt/0 [일봉]
015760  한국전력      39,650    0.0    +0.0%    0.0x     중간  1.17  0pt/0 [일봉]
078930  GS        76,500    0.0    +0.0%    0.0x     중간  0.32  0pt/0 [일봉]
061250  화일약품       8,550    0.0    +0.0%    0.0x     중간  1.91  2pt/0 [일봉]
217820  원익피앤이      2,995   44.4    +3.3%    0.4x     상단  4.06  3pt/0 [5분]
001510  SK증권       3,855   29.4    -1.9%    0.2x     하단  2.73  7pt/0 [5분]
056080  유진로봇      24,400    0.0    +0.0%    0.0x     중간  1.84  2pt/0 [일봉]
084850  아이티엠반도체   14,570    0.0    +0.0%    0.0x     중간  2.65  2pt/0 [일봉]
⛔ 금양(001570) 호가 없음 (거래정지 의심)

══════════════════════════════════════════════════
⏰ 오전 매수 세션 종료 (11:30↑) — 신규 매수 중단
→ 전종목 HOLD
✅ Discord 전송 완료

[14:58] HOLD | KODEX RSI72/+0.2%⬆️ | 보유:없음 | 최고신호 SK증권(001510) 7pt/4pt [RSI29★ / 하락-1.9% / BB하단★ / 호가2.7★]
💰 예수금 97,219원 | KODEX200 RSI72/-0.0% 상승추세⬆️  | 매수기준 점수4pt↑

코드      종목명           가격    RSI     변화율    거래량     BB   호가비  B/S
────────────────────────────────────────────────────────────────────────
[2단계 분석 대상: 012330, 066970, 035720, 042700, 001510]
403870  HPSP      54,800    0.0    +0.0%    0.0x     중간  0.36  0pt/0 [일봉]
⛔ 아우토크립트(137040) 호가 없음 (거래정지 의심)
035720  카카오       41,750   65.5    -0.2%    0.6x     중간  5.67  4pt/0 [5분]
015760  한국전력      39,600    0.0    +0.0%    0.0x     중간  0.99  0pt/0 [일봉]
078930  GS        76,400    0.0    +0.0%    0.0x     중간  0.38  0pt/0 [일봉]
061250  화일약품       8,550    0.0    +0.0%    0.0x     중간  1.67  2pt/0 [일봉]
217820  원익피앤이      2,990    0.0    +0.0%    0.0x     중간  3.33  2pt/0 [일봉]
001510  SK증권       3,850   31.2    -1.9%    0.2x     하단  3.82  7pt/0 [5분]
056080  유진로봇      24,400    0.0    +0.0%    0.0x     중간  1.88  2pt/0 [일봉]
084850  아이티엠반도체   14,550    0.0    +0.0%    0.0x     중간  1.54  2pt/0 [일봉]
⛔ 금양(001570) 호가 없음 (거래정지 의심)

══════════════════════════════════════════════════
⏰ 오전 매수 세션 종료 (11:30↑) — 신규 매수 중단
→ 전종목 HOLD
✅ Discord 전송 완료

[15:00] HOLD | KODEX RSI72/-0.0%⬆️ | 보유:없음 | 최고신호 SK증권(001510) 7pt/4pt [RSI31★ / 하락-1.9% / BB하단★ / 호가3.8★]
💰 예수금 97,219원 | KODEX200 RSI72/+0.1% 상승추세⬆️  | 매수기준 점수4pt↑

코드      종목명           가격    RSI     변화율    거래량     BB   호가비  B/S
────────────────────────────────────────────────────────────────────────
[2단계 분석 대상: 066970, 012330, 035720, 207940, 042700]
403870  HPSP      55,000    0.0    +0.0%    0.0x     중간  0.29  0pt/0 [일봉]
⛔ 아우토크립트(137040) 호가 없음 (거래정지 의심)
035720  카카오       41,800   65.5    -0.1%    0.6x     중간  6.18  4pt/0 [5분]
015760  한국전력      39,600    0.0    +0.0%    0.0x     중간  0.99  0pt/0 [일봉]
078930  GS        76,500    0.0    +0.0%    0.0x     중간  0.40  0pt/0 [일봉]
061250  화일약품       8,550    0.0    +0.0%    0.0x     중간  1.64  2pt/0 [일봉]
217820  원익피앤이      2,985    0.0    +0.0%    0.0x     중간  3.96  2pt/0 [일봉]
001510  SK증권       3,845    0.0    +0.0%    0.0x     중간  4.06  2pt/0 [일봉]
056080  유진로봇      24,350    0.0    +0.0%    0.0x     중간  1.88  2pt/0 [일봉]
084850  아이티엠반도체   14,570    0.0    +0.0%    0.0x     중간  2.14  2pt/0 [일봉]
⛔ 금양(001570) 호가 없음 (거래정지 의심)

══════════════════════════════════════════════════
⏰ 오전 매수 세션 종료 (11:30↑) — 신규 매수 중단
→ 전종목 HOLD
✅ Discord 전송 완료

[15:02] HOLD | KODEX RSI72/+0.1%⬆️ | 보유:없음 | 최고신호 카카오(035720) 4pt/4pt [MA골 / 호가6.2★ / 거래량증가]
💰 예수금 97,219원 | KODEX200 RSI72/+0.1% 상승추세⬆️  | 매수기준 점수4pt↑

코드      종목명           가격    RSI     변화율    거래량     BB   호가비  B/S
────────────────────────────────────────────────────────────────────────
[2단계 분석 대상: 066970, 012330, 035720, 207940, 217820]
403870  HPSP      54,900    0.0    +0.0%    0.0x     중간  0.33  0pt/0 [일봉]
⛔ 아우토크립트(137040) 호가 없음 (거래정지 의심)
035720  카카오       41,800   68.8    -0.1%    0.6x     중간  6.14  3pt/0 [5분]
015760  한국전력      39,650    0.0    +0.0%    0.0x     중간  1.00  0pt/0 [일봉]
078930  GS        76,500    0.0    +0.0%    0.0x     중간  0.45  0pt/0 [일봉]
061250  화일약품       8,550    0.0    +0.0%    0.0x     중간  1.74  2pt/0 [일봉]
217820  원익피앤이      2,985   41.2    +3.1%    0.4x     상단  3.52  3pt/0 [5분]
001510  SK증권       3,850    0.0    +0.0%    0.0x     중간  3.45  2pt/0 [일봉]
056080  유진로봇      24,350    0.0    +0.0%    0.0x     중간  1.99  2pt/0 [일봉]
084850  아이티엠반도체   14,580    0.0    +0.0%    0.0x     중간  2.13  2pt/0 [일봉]
⛔ 금양(001570) 호가 없음 (거래정지 의심)

══════════════════════════════════════════════════
⏰ 오전 매수 세션 종료 (11:30↑) — 신규 매수 중단
→ 전종목 HOLD
✅ Discord 전송 완료

[15:04] HOLD | KODEX RSI72/+0.1%⬆️ | 보유:없음 | 최고신호 카카오(035720) 3pt/4pt [MA골 / 호가6.1★]
💰 예수금 97,219원 | KODEX200 RSI72/+0.1% 상승추세⬆️  | 매수기준 점수4pt↑

코드      종목명           가격    RSI     변화율    거래량     BB   호가비  B/S
────────────────────────────────────────────────────────────────────────
[2단계 분석 대상: 066970, 012330, 217820, 035720, 042700]
403870  HPSP      54,900    0.0    +0.0%    0.0x     중간  0.32  0pt/0 [일봉]
⛔ 아우토크립트(137040) 호가 없음 (거래정지 의심)
035720  카카오       41,850   68.8    +0.0%    0.6x     중간  3.98  3pt/0 [5분]
015760  한국전력      39,650    0.0    +0.0%    0.0x     중간  1.07  0pt/0 [일봉]
078930  GS        76,500    0.0    +0.0%    0.0x     중간  0.49  0pt/0 [일봉]
061250  화일약품       8,550    0.0    +0.0%    0.0x     중간  1.85  2pt/0 [일봉]
217820  원익피앤이      2,985   41.2    +3.3%    0.4x     상단  4.24  3pt/0 [5분]
001510  SK증권       3,855    0.0    +0.0%    0.0x     중간  2.35  2pt/0 [일봉]
056080  유진로봇      24,350    0.0    +0.0%    0.0x     중간  1.99  2pt/0 [일봉]
084850  아이티엠반도체   14,570    0.0    +0.0%    0.0x     중간  2.07  2pt/0 [일봉]
⛔ 금양(001570) 호가 없음 (거래정지 의심)

══════════════════════════════════════════════════
⏰ 오전 매수 세션 종료 (11:30↑) — 신규 매수 중단
→ 전종목 HOLD
✅ Discord 전송 완료

[15:06] HOLD | KODEX RSI72/+0.1%⬆️ | 보유:없음 | 최고신호 카카오(035720) 3pt/4pt [MA골 / 호가4.0★]
💰 예수금 97,219원 | KODEX200 RSI72/+0.1% 상승추세⬆️  | 매수기준 점수4pt↑

코드      종목명           가격    RSI     변화율    거래량     BB   호가비  B/S
────────────────────────────────────────────────────────────────────────
[2단계 분석 대상: 066970, 012330, 217820, 035720, 042700]
403870  HPSP      54,900    0.0    +0.0%    0.0x     중간  0.33  0pt/0 [일봉]
⛔ 아우토크립트(137040) 호가 없음 (거래정지 의심)
035720  카카오       41,850   68.8    +0.1%    0.6x     중간  3.42  3pt/0 [5분]
015760  한국전력      39,600    0.0    +0.0%    0.0x     중간  1.11  0pt/0 [일봉]
078930  GS        76,700    0.0    +0.0%    0.0x     중간  0.32  0pt/0 [일봉]
061250  화일약품       8,550    0.0    +0.0%    0.0x     중간  1.86  2pt/0 [일봉]
217820  원익피앤이      2,990   41.2    +3.3%    0.4x     상단  4.56  3pt/0 [5분]
001510  SK증권       3,855    0.0    +0.0%    0.0x     중간  2.41  2pt/0 [일봉]
056080  유진로봇      24,300    0.0    +0.0%    0.0x     중간  2.10  2pt/0 [일봉]
084850  아이티엠반도체   14,570    0.0    +0.0%    0.0x     중간  2.04  2pt/0 [일봉]
⛔ 금양(001570) 호가 없음 (거래정지 의심)

══════════════════════════════════════════════════
⏰ 오전 매수 세션 종료 (11:30↑) — 신규 매수 중단
→ 전종목 HOLD
✅ Discord 전송 완료

[15:08] HOLD | KODEX RSI72/+0.1%⬆️ | 보유:없음 | 최고신호 카카오(035720) 3pt/4pt [MA골 / 호가3.4★]
💰 예수금 97,219원 | KODEX200 RSI72/+0.1% 상승추세⬆️  | 매수기준 점수4pt↑

코드      종목명           가격    RSI     변화율    거래량     BB   호가비  B/S
────────────────────────────────────────────────────────────────────────
[2단계 분석 대상: 066970, 056080, 035720, 217820, 068270]
403870  HPSP      54,900    0.0    +0.0%    0.0x     중간  0.33  0pt/0 [일봉]
⛔ 아우토크립트(137040) 호가 없음 (거래정지 의심)
035720  카카오       41,800   68.8    +0.0%    0.6x     중간  4.44  3pt/0 [5분]
015760  한국전력      39,600    0.0    +0.0%    0.0x     중간  1.11  0pt/0 [일봉]
078930  GS        76,600    0.0    +0.0%    0.0x     중간  0.28  0pt/0 [일봉]
061250  화일약품       8,550    0.0    +0.0%    0.0x     중간  1.86  2pt/0 [일봉]
217820  원익피앤이      2,985   50.0    +2.9%    0.4x     상단  3.36  3pt/0 [5분]
001510  SK증권       3,855    0.0    +0.0%    0.0x     중간  2.50  2pt/0 [일봉]
056080  유진로봇      24,300   50.0    -1.4%    0.3x     하단  6.25  6pt/0 [5분]
084850  아이티엠반도체   14,600    0.0    +0.0%    0.0x     중간  2.43  2pt/0 [일봉]
⛔ 금양(001570) 호가 없음 (거래정지 의심)

══════════════════════════════════════════════════
🕐 15:10 이후 — 장 마감 청산 모드
⏰ 오전 매수 세션 종료 (11:30↑) — 신규 매수 중단
→ 전종목 HOLD
✅ Discord 전송 완료

[15:10] HOLD | KODEX RSI72/+0.1%⬆️ | 보유:없음 | 최고신호 유진로봇(056080) 6pt/4pt [RSI50 / 하락-1.4% / BB하단★ / 호가6.2★]
💰 예수금 97,219원 | KODEX200 RSI72/+0.1% 상승추세⬆️  | 매수기준 점수4pt↑

코드      종목명           가격    RSI     변화율    거래량     BB   호가비  B/S
────────────────────────────────────────────────────────────────────────
[2단계 분석 대상: 066970, 056080, 035720, 012330, 042700]
403870  HPSP      54,900    0.0    +0.0%    0.0x     중간  0.31  0pt/0 [일봉]
⛔ 아우토크립트(137040) 호가 없음 (거래정지 의심)
035720  카카오       41,800   68.8    -0.1%    0.6x     중간  4.79  3pt/0 [5분]
015760  한국전력      39,600    0.0    +0.0%    0.0x     중간  1.10  0pt/0 [일봉]
078930  GS        76,600    0.0    +0.0%    0.0x     중간  0.33  0pt/0 [일봉]
061250  화일약품       8,550    0.0    +0.0%    0.0x     중간  2.03  2pt/0 [일봉]
217820  원익피앤이      2,980    0.0    +0.0%    0.0x     중간  3.02  2pt/0 [일봉]
001510  SK증권       3,855    0.0    +0.0%    0.0x     중간  2.45  2pt/0 [일봉]
056080  유진로봇      24,300   50.0    -1.2%    0.3x     하단  6.22  6pt/0 [5분]
084850  아이티엠반도체   14,600    0.0    +0.0%    0.0x     중간  1.88  2pt/0 [일봉]
⛔ 금양(001570) 호가 없음 (거래정지 의심)

══════════════════════════════════════════════════
🕐 15:10 이후 — 장 마감 청산 모드
⏰ 오전 매수 세션 종료 (11:30↑) — 신규 매수 중단
→ 전종목 HOLD
✅ Discord 전송 완료

[15:12] HOLD | KODEX RSI72/+0.1%⬆️ | 보유:없음 | 최고신호 유진로봇(056080) 6pt/4pt [RSI50 / 하락-1.2% / BB하단★ / 호가6.2★]
💰 예수금 97,219원 | KODEX200 RSI72/+0.0% 상승추세⬆️  | 매수기준 점수4pt↑

코드      종목명           가격    RSI     변화율    거래량     BB   호가비  B/S
────────────────────────────────────────────────────────────────────────
[2단계 분석 대상: 056080, 066970, 061250, 035720, 000270]
403870  HPSP      54,900    0.0    +0.0%    0.0x     중간  0.31  0pt/0 [일봉]
⛔ 아우토크립트(137040) 호가 없음 (거래정지 의심)
035720  카카오       41,800   75.8    -0.1%    0.6x     중간  4.64  3pt/0 [5분]
015760  한국전력      39,600    0.0    +0.0%    0.0x     중간  1.38  1pt/0 [일봉]
078930  GS        76,700    0.0    +0.0%    0.0x     중간  0.28  0pt/0 [일봉]
061250  화일약품       8,580   79.2    +0.6%    0.6x     상단  5.69  3pt/0 [5분]
217820  원익피앤이      2,975    0.0    +0.0%    0.0x     중간  2.82  2pt/0 [일봉]
001510  SK증권       3,855    0.0    +0.0%    0.0x     중간  2.48  2pt/0 [일봉]
056080  유진로봇      24,350   39.1    -1.2%    0.3x     하단  6.46  9pt/0 [5분]
084850  아이티엠반도체   14,600    0.0    +0.0%    0.0x     중간  2.40  2pt/0 [일봉]
⛔ 금양(001570) 호가 없음 (거래정지 의심)

══════════════════════════════════════════════════
🕐 15:10 이후 — 장 마감 청산 모드
⏰ 오전 매수 세션 종료 (11:30↑) — 신규 매수 중단
→ 전종목 HOLD
✅ Discord 전송 완료

[15:14] HOLD | KODEX RSI72/+0.0%⬆️ | 보유:없음 | 최고신호 유진로봇(056080) 9pt/4pt [RSI39★ / 하락-1.2% / BB하단★ / MA골 / 호가6.5★ / 거래량증가]
💰 예수금 97,219원 | KODEX200 RSI72/+0.1% 상승추세⬆️  | 매수기준 점수4pt↑

코드      종목명           가격    RSI     변화율    거래량     BB   호가비  B/S
────────────────────────────────────────────────────────────────────────
[2단계 분석 대상: 000270, 056080, 035720, 001510, 012330]
403870  HPSP      54,800    0.0    +0.0%    0.0x     중간  0.42  0pt/0 [일봉]
⛔ 아우토크립트(137040) 호가 없음 (거래정지 의심)
035720  카카오       41,850   75.8    +0.1%    0.7x     중간  4.11  3pt/0 [5분]
015760  한국전력      39,600    0.0    +0.0%    0.0x     중간  1.59  2pt/0 [일봉]
078930  GS        76,600    0.0    +0.0%    0.0x     중간  0.24  0pt/0 [일봉]
061250  화일약품       8,590    0.0    +0.0%    0.0x     중간  2.31  2pt/0 [일봉]
217820  원익피앤이      2,975    0.0    +0.0%    0.0x     중간  3.28  2pt/0 [일봉]
001510  SK증권       3,850   39.0    -2.0%    0.2x     하단  3.67  8pt/0 [5분]
056080  유진로봇      24,350   39.1    -1.2%    0.3x     하단  5.54  9pt/0 [5분]
084850  아이티엠반도체   14,650    0.0    +0.0%    0.0x     중간  2.35  2pt/0 [일봉]
⛔ 금양(001570) 호가 없음 (거래정지 의심)

══════════════════════════════════════════════════
🕐 15:10 이후 — 장 마감 청산 모드
⏰ 오전 매수 세션 종료 (11:30↑) — 신규 매수 중단
→ 전종목 HOLD
✅ Discord 전송 완료

[15:16] HOLD | KODEX RSI72/+0.1%⬆️ | 보유:없음 | 최고신호 유진로봇(056080) 9pt/4pt [RSI39★ / 하락-1.2% / BB하단★ / MA골 / 호가5.5★ / 거래량증가]
💰 예수금 97,219원 | KODEX200 RSI72/+0.0% 상승추세⬆️  | 매수기준 점수4pt↑

코드      종목명           가격    RSI     변화율    거래량     BB   호가비  B/S
────────────────────────────────────────────────────────────────────────
[2단계 분석 대상: 056080, 217820, 001510, 066970, 000270]
403870  HPSP      54,800    0.0    +0.0%    0.0x     중간  0.45  0pt/0 [일봉]
⛔ 아우토크립트(137040) 호가 없음 (거래정지 의심)
035720  카카오       41,850    0.0    +0.0%    0.0x     중간  2.94  2pt/0 [일봉]
015760  한국전력      39,600    0.0    +0.0%    0.0x     중간  1.63  2pt/0 [일봉]
078930  GS        76,800    0.0    +0.0%    0.0x     중간  0.39  0pt/0 [일봉]
061250  화일약품       8,620    0.0    +0.0%    0.0x     중간  0.81  0pt/0 [일봉]
217820  원익피앤이      2,985   53.3    +3.3%    0.5x     상단  4.62  5pt/0 [5분]
001510  SK증권       3,850   39.0    -2.0%    0.2x     하단  3.37  8pt/0 [5분]
056080  유진로봇      24,350   39.1    -1.2%    0.3x     하단  5.38  9pt/0 [5분]
084850  아이티엠반도체   14,650    0.0    +0.0%    0.0x     중간  2.43  2pt/0 [일봉]
⛔ 금양(001570) 호가 없음 (거래정지 의심)

══════════════════════════════════════════════════
🕐 15:10 이후 — 장 마감 청산 모드
⏰ 오전 매수 세션 종료 (11:30↑) — 신규 매수 중단
→ 전종목 HOLD
✅ Discord 전송 완료

[15:18] HOLD | KODEX RSI72/+0.0%⬆️ | 보유:없음 | 최고신호 유진로봇(056080) 9pt/4pt [RSI39★ / 하락-1.2% / BB하단★ / MA골 / 호가5.4★ / 거래량증가]
💰 예수금 97,219원 | KODEX200 RSI72/-0.0% 상승추세⬆️  | 매수기준 점수4pt↑

코드      종목명           가격    RSI     변화율    거래량     BB   호가비  B/S
────────────────────────────────────────────────────────────────────────
[2단계 분석 대상: 217820, 015760, 207940, 034020, 005930]
403870  HPSP      54,800    0.0    +0.0%    0.0x     중간  0.87  0pt/0 [일봉]
⛔ 아우토크립트(137040) 호가 없음 (거래정지 의심)
035720  카카오       41,800    0.0    +0.0%    0.0x     중간  5.31  2pt/0 [일봉]
015760  한국전력      39,600   54.5    +0.6%    0.6x     상단 22.01  5pt/0 [5분]
078930  GS        77,000    0.0    +0.0%    0.0x     중간  0.67  0pt/0 [일봉]
061250  화일약품       8,620    0.0    +0.0%    0.0x     중간  1.38  1pt/0 [일봉]
217820  원익피앤이      2,985   53.3    +3.3%    0.5x     상단 121.00  5pt/0 [5분]
001510  SK증권       3,850    0.0    +0.0%    0.0x     중간  3.60  2pt/0 [일봉]
056080  유진로봇      24,300    0.0    +0.0%    0.0x     중간  3.95  2pt/0 [일봉]
084850  아이티엠반도체   14,650    0.0    +0.0%    0.0x     중간  2.04  2pt/0 [일봉]
⛔ 금양(001570) 호가 없음 (거래정지 의심)

══════════════════════════════════════════════════
🕐 15:10 이후 — 장 마감 청산 모드
⏰ 오전 매수 세션 종료 (11:30↑) — 신규 매수 중단
→ 전종목 HOLD
✅ Discord 전송 완료

[15:20] HOLD | KODEX RSI72/-0.0%⬆️ | 보유:없음 | 최고신호 한국전력(015760) 5pt/4pt [RSI54 / MA골 / 호가22.0★ / 거래량증가]
💰 예수금 97,219원 | KODEX200 RSI72/-0.0% 상승추세⬆️  | 매수기준 점수4pt↑

코드      종목명           가격    RSI     변화율    거래량     BB   호가비  B/S
────────────────────────────────────────────────────────────────────────
[2단계 분석 대상: 217820, 015760, 035720, 086790, 005380]
403870  HPSP      54,800    0.0    +0.0%    0.0x     중간  0.79  0pt/0 [일봉]
⛔ 아우토크립트(137040) 호가 없음 (거래정지 의심)
035720  카카오       41,550   75.8    +0.1%    0.7x     중간 45.00  3pt/0 [5분]
015760  한국전력      39,500   54.5    +0.6%    0.6x     상단 59.63  5pt/0 [5분]
078930  GS        77,100    0.0    +0.0%    0.0x     중간  0.75  0pt/0 [일봉]
061250  화일약품       8,610    0.0    +0.0%    0.0x     중간  3.01  2pt/0 [일봉]
217820  원익피앤이      2,985   53.3    +3.3%    0.5x     상단 122.03  5pt/0 [5분]
001510  SK증권       3,850    0.0    +0.0%    0.0x     중간  3.52  2pt/0 [일봉]
056080  유진로봇      24,300    0.0    +0.0%    0.0x     중간  7.22  2pt/0 [일봉]
084850  아이티엠반도체   14,650    0.0    +0.0%    0.0x     중간  4.59  2pt/0 [일봉]
⛔ 금양(001570) 호가 없음 (거래정지 의심)

══════════════════════════════════════════════════
🕐 15:10 이후 — 장 마감 청산 모드
⏰ 오전 매수 세션 종료 (11:30↑) — 신규 매수 중단
→ 전종목 HOLD
✅ Discord 전송 완료

[15:22] HOLD | KODEX RSI72/-0.0%⬆️ | 보유:없음 | 최고신호 한국전력(015760) 5pt/4pt [RSI54 / MA골 / 호가59.6★ / 거래량증가]
💰 예수금 97,219원 | KODEX200 RSI72/-0.0% 상승추세⬆️  | 매수기준 점수4pt↑

코드      종목명           가격    RSI     변화율    거래량     BB   호가비  B/S
────────────────────────────────────────────────────────────────────────
[2단계 분석 대상: 000270, 035720, 217820, 005380, 207940]
403870  HPSP      54,800    0.0    +0.0%    0.0x     중간  0.53  0pt/0 [일봉]
⛔ 아우토크립트(137040) 호가 없음 (거래정지 의심)
035720  카카오       41,650   75.8    +0.1%    0.7x     중간 387.12  3pt/0 [5분]
015760  한국전력      39,550    0.0    +0.0%    0.0x     중간 15.62  2pt/0 [일봉]
078930  GS        77,000    0.0    +0.0%    0.0x     중간  0.68  0pt/0 [일봉]
061250  화일약품       8,660    0.0    +0.0%    0.0x     중간  2.24  2pt/0 [일봉]
217820  원익피앤이      2,985   53.3    +3.3%    0.5x     상단 123.92  5pt/0 [5분]
001510  SK증권       3,850    0.0    +0.0%    0.0x     중간  4.04  2pt/0 [일봉]
056080  유진로봇      24,350    0.0    +0.0%    0.0x     중간  4.42  2pt/0 [일봉]
084850  아이티엠반도체   14,670    0.0    +0.0%    0.0x     중간  3.34  2pt/0 [일봉]
⛔ 금양(001570) 호가 없음 (거래정지 의심)

══════════════════════════════════════════════════
🕐 15:10 이후 — 장 마감 청산 모드
⏰ 오전 매수 세션 종료 (11:30↑) — 신규 매수 중단
→ 전종목 HOLD
✅ Discord 전송 완료

[15:24] HOLD | KODEX RSI72/-0.0%⬆️ | 보유:없음 | 최고신호 원익피앤이(217820) 5pt/4pt [RSI53 / MA골 / 호가123.9★ / 거래량증가]
💰 예수금 97,219원 | KODEX200 RSI72/-0.0% 상승추세⬆️  | 매수기준 점수4pt↑

코드      종목명           가격    RSI     변화율    거래량     BB   호가비  B/S
────────────────────────────────────────────────────────────────────────
[2단계 분석 대상: 217820, 207940, 035720, 000270, 084850]
403870  HPSP      54,800    0.0    +0.0%    0.0x     중간  0.51  0pt/0 [일봉]
⛔ 아우토크립트(137040) 호가 없음 (거래정지 의심)
035720  카카오       41,700   75.8    +0.1%    0.7x     중간 27.56  3pt/0 [5분]
015760  한국전력      39,600    0.0    +0.0%    0.0x     중간  8.50  2pt/0 [일봉]
078930  GS        77,400    0.0    +0.0%    0.0x     중간  0.13  0pt/0 [일봉]
061250  화일약품       8,660    0.0    +0.0%    0.0x     중간  1.45  1pt/0 [일봉]
217820  원익피앤이      2,990   53.3    +3.3%    0.5x     상단 72.99  5pt/0 [5분]
001510  SK증권       3,850    0.0    +0.0%    0.0x     중간  4.23  2pt/0 [일봉]
056080  유진로봇      24,350    0.0    +0.0%    0.0x     중간  4.75  2pt/0 [일봉]
084850  아이티엠반도체   14,670   35.7    +3.2%    0.4x     상단  8.66  4pt/0 [5분]
⛔ 금양(001570) 호가 없음 (거래정지 의심)

══════════════════════════════════════════════════
🕐 15:10 이후 — 장 마감 청산 모드
⏰ 오전 매수 세션 종료 (11:30↑) — 신규 매수 중단
→ 전종목 HOLD
✅ Discord 전송 완료

[15:26] HOLD | KODEX RSI72/-0.0%⬆️ | 보유:없음 | 최고신호 원익피앤이(217820) 5pt/4pt [RSI53 / MA골 / 호가73.0★ / 거래량증가]
💰 예수금 97,219원 | KODEX200 RSI72/-0.0% 상승추세⬆️  | 매수기준 점수4pt↑

코드      종목명           가격    RSI     변화율    거래량     BB   호가비  B/S
────────────────────────────────────────────────────────────────────────
[2단계 분석 대상: 217820, 207940, 000270, 015760, 084850]
403870  HPSP      54,800    0.0    +0.0%    0.0x     중간  0.47  0pt/0 [일봉]
⛔ 아우토크립트(137040) 호가 없음 (거래정지 의심)
035720  카카오       41,750    0.0    +0.0%    0.0x     중간  5.59  2pt/0 [일봉]
015760  한국전력      39,600   54.5    +0.6%    0.6x     상단  7.75  5pt/0 [5분]
078930  GS        77,300    0.0    +0.0%    0.0x     중간  0.06  0pt/0 [일봉]
061250  화일약품       8,650    0.0    +0.0%    0.0x     중간  2.46  2pt/0 [일봉]
217820  원익피앤이      2,990   53.3    +3.3%    0.5x     상단 72.52  5pt/0 [5분]
001510  SK증권       3,850    0.0    +0.0%    0.0x     중간  3.80  2pt/0 [일봉]
056080  유진로봇      24,350    0.0    +0.0%    0.0x     중간  6.05  2pt/0 [일봉]
084850  아이티엠반도체   14,670   35.7    +3.2%    0.4x     상단  7.40  4pt/0 [5분]
⛔ 금양(001570) 호가 없음 (거래정지 의심)

══════════════════════════════════════════════════
🕐 15:10 이후 — 장 마감 청산 모드
⏰ 오전 매수 세션 종료 (11:30↑) — 신규 매수 중단
→ 전종목 HOLD
✅ Discord 전송 완료

[15:28] HOLD | KODEX RSI72/-0.0%⬆️ | 보유:없음 | 최고신호 한국전력(015760) 5pt/4pt [RSI54 / MA골 / 호가7.8★ / 거래량증가]
💰 예수금 97,219원 | KODEX200 RSI72/-0.0% 상승추세⬆️  | 매수기준 점수4pt↑

코드      종목명           가격    RSI     변화율    거래량     BB   호가비  B/S
────────────────────────────────────────────────────────────────────────
[2단계 분석 대상: 217820, 056080, 207940, 005930, 000270]
403870  HPSP      54,800    0.0    +0.0%    0.0x     중간  0.47  0pt/0 [일봉]
⛔ 아우토크립트(137040) 호가 없음 (거래정지 의심)
035720  카카오       41,900    0.0    +0.0%    0.0x     중간  3.03  2pt/0 [일봉]
015760  한국전력      39,700    0.0    +0.0%    0.0x     중간  1.85  2pt/0 [일봉]
078930  GS        76,900    0.0    +0.0%    0.0x     중간  0.43  0pt/0 [일봉]
061250  화일약품       8,640    0.0    +0.0%    0.0x     중간  1.04  0pt/0 [일봉]
217820  원익피앤이      2,990   53.3    +3.3%    0.5x     상단  6.23  4pt/0 [5분]
001510  SK증권       3,855    0.0    +0.0%    0.0x     중간  2.99  2pt/0 [일봉]
056080  유진로봇      24,350   57.9    -1.2%    0.3x     하단  6.04  7pt/0 [5분]
084850  아이티엠반도체   14,660    0.0    +0.0%    0.0x     중간  2.48  2pt/0 [일봉]
⛔ 금양(001570) 호가 없음 (거래정지 의심)

══════════════════════════════════════════════════
🕐 15:10 이후 — 장 마감 청산 모드
⏰ 오전 매수 세션 종료 (11:30↑) — 신규 매수 중단
→ 전종목 HOLD
✅ Discord 전송 완료

[15:30] HOLD | KODEX RSI72/-0.0%⬆️ | 보유:없음 | 최고신호 유진로봇(056080) 7pt/4pt [하락-1.2% / BB하단★ / MA골 / 호가6.0★ / 거래량증가]
