💰 예수금 9,774원 | KODEX200 RSI86/+0.0% 과열⚠️ | 매수기준 3개↑
📦 보유 SK증권(001510) 1주 +2.8%
📦 보유 GS(078930) 1주 -0.9%
📦 보유 원익피앤이(217820) 3주 -0.5%

코드      종목명           가격    RSI     변화율    거래량     BB   호가비  B/S
────────────────────────────────────────────────────────────────────────
[2단계 분석 대상: 001510, 078930, 217820, 005930, 015760, 247540, 012330, 068270]
⛔ 아우토크립트(137040) 호가 없음 (거래정지 의심)
078930  GS        76,900   61.1    +0.0%    0.0x     중간  1.12  1/0
061250  화일약품       8,440    0.0    +0.0%    0.0x     중간  6.29  1/0
217820  원익피앤이      3,480   45.6    +0.0%    0.0x     중간  7.14  1/1
001510  SK증권       4,760   65.3    +0.0%    0.0x     중간  0.84  1/0
⛔ 금양(001570) 호가 없음 (거래정지 의심)

══════════════════════════════════════════════════
→ 전종목 HOLD
✅ Discord 전송 완료

[08:50] HOLD | KODEX RSI86/+0.0%⚠️ | 보유:SK증권(001510) +2.8% GS(078930) -0.9% 원익피앤(217820) -0.5% | 💸예수금부족 | 최고신호 GS(078930) 1/3개 [MA골]
💰 예수금 9,774원 | KODEX200 RSI86/+0.0% 과열⚠️ | 매수기준 3개↑
📦 보유 SK증권(001510) 1주 +2.8%
📦 보유 GS(078930) 1주 -0.9%
📦 보유 원익피앤이(217820) 3주 -0.5%

코드      종목명           가격    RSI     변화율    거래량     BB   호가비  B/S
────────────────────────────────────────────────────────────────────────
[2단계 분석 대상: 001510, 078930, 217820, 006400, 005930, 000660, 012330, 000270]
⛔ 아우토크립트(137040) 호가 없음 (거래정지 의심)
078930  GS        78,800   65.5    +4.1%    0.0x     중간  0.29  1/0
061250  화일약품       8,540    0.0    +0.0%    0.0x     중간  1.18  0/0
217820  원익피앤이      3,430   44.4    -1.6%    0.0x     중간  0.13  2/1
001510  SK증권       4,625   62.3    -3.5%    0.0x     중간  1.38  3/0
⛔ 금양(001570) 호가 없음 (거래정지 의심)

══════════════════════════════════════════════════
→ 전종목 HOLD
✅ Discord 전송 완료

[09:00] HOLD | KODEX RSI86/+0.0%⚠️ | 보유:SK증권(001510) +2.8% GS(078930) -0.9% 원익피앤(217820) -0.5% | 💸예수금부족 | 최고신호 SK증권(001510) 3/3개 [하락-3.5% / MA골 / 호가1.4]
💰 예수금 9,773원 | KODEX200 RSI78/-2.8% 과열⚠️ | 매수기준 3개↑
📦 보유 SK증권(001510) 1주 -0.4%
📦 보유 GS(078930) 1주 +1.3%
📦 보유 원익피앤이(217820) 3주 -2.8% ⚠️주의

코드      종목명           가격    RSI     변화율    거래량     BB   호가비  B/S
────────────────────────────────────────────────────────────────────────
[2단계 분석 대상: 001510, 078930, 217820, 068270, 000660, 066970, 034020, 000270]
⛔ 아우토크립트(137040) 호가 없음 (거래정지 의심)
078930  GS        77,500   63.0    +1.7%    0.1x     중간  4.32  2/0
061250  화일약품       8,430    0.0    +0.0%    0.0x     중간  0.93  0/0
217820  원익피앤이      3,445   44.6    -1.3%    0.0x     중간  1.54  3/1
001510  SK증권       4,635   62.2    -3.6%    0.0x     중간  9.44  3/0
⛔ 금양(001570) 호가 없음 (거래정지 의심)

══════════════════════════════════════════════════
→ 전종목 HOLD
✅ Discord 전송 완료

[09:02] HOLD | KODEX RSI78/-2.8%⚠️ | 보유:SK증권(001510) -0.4% GS(078930) +1.3% 원익피앤(217820) -2.8% | 💸예수금부족 | 최고신호 원익피앤이(217820) 3/3개 [RSI45 / 하락-1.3% / 호가1.5]
💰 예수금 9,771원 | KODEX200 RSI78/-2.7% 과열⚠️ | 매수기준 3개↑
📦 보유 SK증권(001510) 1주 -1.8%
📦 보유 GS(078930) 1주 +2.0%
📦 보유 원익피앤이(217820) 3주 -2.8% ⚠️주의

코드      종목명           가격    RSI     변화율    거래량     BB   호가비  B/S
────────────────────────────────────────────────────────────────────────
[2단계 분석 대상: 001510, 078930, 217820, 056080, 034020, 003670, 000660, 086790]
⛔ 아우토크립트(137040) 호가 없음 (거래정지 의심)
078930  GS        78,600   64.8    +3.4%    0.1x     중간  0.94  1/0
061250  화일약품       8,400    0.0    +0.0%    0.0x     중간  0.88  0/0
217820  원익피앤이      3,415   44.6    -1.3%    0.0x     중간  1.32  3/1
001510  SK증권       4,610   62.4    -3.4%    0.0x     중간  1.23  3/0
⛔ 금양(001570) 호가 없음 (거래정지 의심)

══════════════════════════════════════════════════
→ 전종목 HOLD
✅ Discord 전송 완료

[09:04] HOLD | KODEX RSI78/-2.7%⚠️ | 보유:SK증권(001510) -1.8% GS(078930) +2.0% 원익피앤(217820) -2.8% | 💸예수금부족 | 최고신호 원익피앤이(217820) 3/3개 [RSI45 / 하락-1.3% / 호가1.3]
💰 예수금 9,771원 | KODEX200 RSI79/-2.6% 과열⚠️ | 매수기준 3개↑
📦 보유 SK증권(001510) 1주 -1.0%
📦 보유 GS(078930) 1주 +1.5%
📦 보유 원익피앤이(217820) 3주 -2.6% ⚠️주의

코드      종목명           가격    RSI     변화율    거래량     BB   호가비  B/S
────────────────────────────────────────────────────────────────────────
[2단계 분석 대상: 001510, 078930, 217820, 034020, 068270, 005930, 035720, 012450]
⛔ 아우토크립트(137040) 호가 없음 (거래정지 의심)
078930  GS        78,100   64.2    +2.8%    0.1x     중간  0.65  1/0
061250  화일약품       8,480    0.0    +0.0%    0.0x     중간  1.77  1/0
217820  원익피앤이      3,425   44.2    -1.7%    0.0x     중간  2.44  3/1
001510  SK증권       4,605   62.3    -3.5%    0.0x     중간  2.19  3/0
⛔ 금양(001570) 호가 없음 (거래정지 의심)

══════════════════════════════════════════════════
→ 전종목 HOLD
✅ Discord 전송 완료

[09:06] HOLD | KODEX RSI79/-2.6%⚠️ | 보유:SK증권(001510) -1.0% GS(078930) +1.5% 원익피앤(217820) -2.6% | 💸예수금부족 | 최고신호 원익피앤이(217820) 3/3개 [RSI44 / 하락-1.7% / 호가2.4]
💰 예수금 9,773원 | KODEX200 RSI79/-2.5% 과열⚠️ | 매수기준 3개↑
📦 보유 SK증권(001510) 1주 -1.2%
📦 보유 GS(078930) 1주 +0.9%
📦 보유 원익피앤이(217820) 3주 -1.9%

코드      종목명           가격    RSI     변화율    거래량     BB   호가비  B/S
────────────────────────────────────────────────────────────────────────
[2단계 분석 대상: 001510, 078930, 217820, 138040, 012450, 003670, 247540, 034020]
⛔ 아우토크립트(137040) 호가 없음 (거래정지 의심)
078930  GS        77,600   63.0    +1.7%    0.1x     중간  1.29  2/0
061250  화일약품       8,470    0.0    +0.0%    0.0x     중간  1.40  1/0
217820  원익피앤이      3,430   44.6    -1.3%    0.0x     중간  1.37  3/1
001510  SK증권       4,600   62.0    -3.8%    0.0x     중간  3.56  3/0
⛔ 금양(001570) 호가 없음 (거래정지 의심)

══════════════════════════════════════════════════
→ 전종목 HOLD
✅ Discord 전송 완료

[09:08] HOLD | KODEX RSI79/-2.5%⚠️ | 보유:SK증권(001510) -1.2% GS(078930) +0.9% 원익피앤(217820) -1.9% | 💸예수금부족 | 최고신호 원익피앤이(217820) 3/3개 [RSI45 / 하락-1.3% / 호가1.4]
💰 예수금 9,773원 | KODEX200 RSI78/-2.7% 과열⚠️ | 매수기준 3개↑
📦 보유 SK증권(001510) 1주 -1.2%
📦 보유 GS(078930) 1주 +0.9%
📦 보유 원익피앤이(217820) 3주 -0.6%

코드      종목명           가격    RSI     변화율    거래량     BB   호가비  B/S
────────────────────────────────────────────────────────────────────────
[2단계 분석 대상: 001510, 078930, 217820, 035720, 012450, 034020, 066970, 005930]
⛔ 아우토크립트(137040) 호가 없음 (거래정지 의심)
078930  GS        77,500   62.6    +1.3%    0.1x     중간  1.39  2/0
061250  화일약품       8,340    0.0    +0.0%    0.0x     중간  1.35  1/0
217820  원익피앤이      3,445   45.0    -0.7%    0.0x     중간  0.43  0/1
001510  SK증권       4,575   61.9    -4.0%    0.1x     중간  1.93  3/0
⛔ 금양(001570) 호가 없음 (거래정지 의심)

══════════════════════════════════════════════════
→ 전종목 HOLD
✅ Discord 전송 완료

[09:10] HOLD | KODEX RSI78/-2.7%⚠️ | 보유:SK증권(001510) -1.2% GS(078930) +0.9% 원익피앤(217820) -0.6% | 💸예수금부족 | 최고신호 SK증권(001510) 3/3개 [하락-4.0% / MA골 / 호가1.9]
💰 예수금 9,773원 | KODEX200 RSI78/-2.9% 과열⚠️ | 매수기준 3개↑
📦 보유 SK증권(001510) 1주 -1.9%
📦 보유 GS(078930) 1주 +0.7%
📦 보유 원익피앤이(217820) 3주 -2.3%

코드      종목명           가격    RSI     변화율    거래량     BB   호가비  B/S
────────────────────────────────────────────────────────────────────────
[2단계 분석 대상: 001510, 078930, 217820, 068270, 079550, 000660, 207940, 000270]
⛔ 아우토크립트(137040) 호가 없음 (거래정지 의심)
078930  GS        77,100   62.3    +1.1%    0.1x     중간  0.50  1/0
061250  화일약품       8,340    0.0    +0.0%    0.0x     중간  1.31  1/0
217820  원익피앤이      3,395   43.8    -2.3%    0.1x     중간  0.36  2/1
001510  SK증권       4,560   61.4    -4.6%    0.1x     중간  2.15  3/0
⛔ 금양(001570) 호가 없음 (거래정지 의심)

══════════════════════════════════════════════════
→ 전종목 HOLD
✅ Discord 전송 완료

[09:12] HOLD | KODEX RSI78/-2.9%⚠️ | 보유:SK증권(001510) -1.9% GS(078930) +0.7% 원익피앤(217820) -2.3% | 💸예수금부족 | 최고신호 SK증권(001510) 3/3개 [하락-4.6% / MA골 / 호가2.1]
💰 예수금 9,774원 | KODEX200 RSI77/-3.1% 과열⚠️ | 매수기준 3개↑
📦 보유 SK증권(001510) 1주 -2.2%
📦 보유 GS(078930) 1주 +0.4%
📦 보유 원익피앤이(217820) 3주 -2.8% ⚠️주의

코드      종목명           가격    RSI     변화율    거래량     BB   호가비  B/S
────────────────────────────────────────────────────────────────────────
[2단계 분석 대상: 001510, 078930, 217820, 068270, 035720, 000660, 005930, 035420]
⛔ 아우토크립트(137040) 호가 없음 (거래정지 의심)
078930  GS        77,300   62.8    +1.4%    0.1x     중간  0.68  1/0
061250  화일약품       8,340    0.0    +0.0%    0.0x     중간  2.07  1/0
217820  원익피앤이      3,405   43.7    -2.5%    0.1x     중간  0.51  2/1
001510  SK증권       4,520   60.8    -5.3%    0.1x     중간  4.25  3/0
⛔ 금양(001570) 호가 없음 (거래정지 의심)

══════════════════════════════════════════════════
→ 전종목 HOLD
✅ Discord 전송 완료

[09:14] HOLD | KODEX RSI77/-3.1%⚠️ | 보유:SK증권(001510) -2.2% GS(078930) +0.4% 원익피앤(217820) -2.8% | 💸예수금부족 | 최고신호 SK증권(001510) 3/3개 [하락-5.3% / MA골 / 호가4.2]
💰 예수금 9,773원 | KODEX200 RSI77/-3.3% 과열⚠️ | 매수기준 3개↑
📦 보유 SK증권(001510) 1주 -3.0% ⚠️주의
📦 보유 GS(078930) 1주 +0.7%
📦 보유 원익피앤이(217820) 3주 -2.2%

코드      종목명           가격    RSI     변화율    거래량     BB   호가비  B/S
────────────────────────────────────────────────────────────────────────
[2단계 분석 대상: 001510, 078930, 217820, 000660, 000270, 005930, 247540, 056080]
⛔ 아우토크립트(137040) 호가 없음 (거래정지 의심)
078930  GS        77,500   62.9    +1.6%    0.1x     중간  0.43  1/0
061250  화일약품       8,380    0.0    +0.0%    0.0x     중간  1.82  1/0
217820  원익피앤이      3,395   43.7    -2.5%    0.1x     중간  0.52  2/1
001510  SK증권       4,515   60.6    -5.5%    0.1x     중간  2.49  3/0
⛔ 금양(001570) 호가 없음 (거래정지 의심)

══════════════════════════════════════════════════
→ 전종목 HOLD
✅ Discord 전송 완료

[09:16] HOLD | KODEX RSI77/-3.3%⚠️ | 보유:SK증권(001510) -3.0% GS(078930) +0.7% 원익피앤(217820) -2.2% | 💸예수금부족 | 최고신호 SK증권(001510) 3/3개 [하락-5.5% / MA골 / 호가2.5]
💰 예수금 9,773원 | KODEX200 RSI77/-3.3% 과열⚠️ | 매수기준 3개↑
📦 보유 SK증권(001510) 1주 -3.0% ⚠️주의
📦 보유 GS(078930) 1주 +0.8%
📦 보유 원익피앤이(217820) 3주 -3.1% ⚠️주의

코드      종목명           가격    RSI     변화율    거래량     BB   호가비  B/S
────────────────────────────────────────────────────────────────────────
[2단계 분석 대상: 001510, 078930, 217820, 000270, 034020, 068270, 079550, 012450]
⛔ 아우토크립트(137040) 호가 없음 (거래정지 의심)
078930  GS        77,600   63.0    +1.7%    0.1x     중간  0.64  1/0
061250  화일약품       8,370    0.0    +0.0%    0.0x     중간  1.59  1/0
217820  원익피앤이      3,390   43.8    -2.3%    0.1x     중간  1.01  2/1
001510  SK증권       4,510   60.6    -5.5%    0.1x     중간  2.70  3/0
⛔ 금양(001570) 호가 없음 (거래정지 의심)

══════════════════════════════════════════════════
→ 전종목 HOLD
✅ Discord 전송 완료

[09:18] HOLD | KODEX RSI77/-3.3%⚠️ | 보유:SK증권(001510) -3.0% GS(078930) +0.8% 원익피앤(217820) -3.1% | 💸예수금부족 | 최고신호 SK증권(001510) 3/3개 [하락-5.5% / MA골 / 호가2.7]
💰 예수금 9,774원 | KODEX200 RSI78/-2.8% 과열⚠️ | 매수기준 3개↑
📦 보유 SK증권(001510) 1주 -3.0% ⚠️주의
📦 보유 GS(078930) 1주 +0.2%
📦 보유 원익피앤이(217820) 3주 -2.8% ⚠️주의

코드      종목명           가격    RSI     변화율    거래량     BB   호가비  B/S
────────────────────────────────────────────────────────────────────────
[2단계 분석 대상: 001510, 078930, 217820, 012450, 034020, 035720, 068270, 247540]
⛔ 아우토크립트(137040) 호가 없음 (거래정지 의심)
078930  GS        77,200   62.6    +1.3%    0.1x     중간  0.42  1/0
061250  화일약품       8,320    0.0    +0.0%    0.0x     중간  1.36  1/0
217820  원익피앤이      3,410   43.9    -2.2%    0.1x     중간  0.85  2/1
001510  SK증권       4,530   61.0    -5.0%    0.1x     중간  2.48  3/0
⛔ 금양(001570) 호가 없음 (거래정지 의심)

══════════════════════════════════════════════════
→ 전종목 HOLD
✅ Discord 전송 완료

[09:20] HOLD | KODEX RSI78/-2.8%⚠️ | 보유:SK증권(001510) -3.0% GS(078930) +0.2% 원익피앤(217820) -2.8% | 💸예수금부족 | 최고신호 SK증권(001510) 3/3개 [하락-5.0% / MA골 / 호가2.5]
💰 예수금 9,774원 | KODEX200 RSI79/-2.5% 과열⚠️ | 매수기준 3개↑
📦 보유 SK증권(001510) 1주 -2.1%
📦 보유 GS(078930) 1주 +0.2%
📦 보유 원익피앤이(217820) 3주 -3.2% ⚠️주의

코드      종목명           가격    RSI     변화율    거래량     BB   호가비  B/S
────────────────────────────────────────────────────────────────────────
[2단계 분석 대상: 001510, 078930, 217820, 068270, 035720, 247540, 066970, 006400]
⛔ 아우토크립트(137040) 호가 없음 (거래정지 의심)
078930  GS        76,900   62.0    +0.8%    0.1x     중간  0.20  1/0
061250  화일약품       8,310    0.0    +0.0%    0.0x     중간  1.33  1/0
217820  원익피앤이      3,390   43.4    -2.9%    0.1x     중간  1.03  2/1
001510  SK증권       4,530   60.9    -5.1%    0.1x     중간  2.57  3/0
⛔ 금양(001570) 호가 없음 (거래정지 의심)

══════════════════════════════════════════════════
→ 전종목 HOLD
✅ Discord 전송 완료

[09:22] HOLD | KODEX RSI79/-2.5%⚠️ | 보유:SK증권(001510) -2.1% GS(078930) +0.2% 원익피앤(217820) -3.2% | 💸예수금부족 | 최고신호 SK증권(001510) 3/3개 [하락-5.1% / MA골 / 호가2.6]
💰 예수금 9,774원 | KODEX200 RSI79/-2.5% 과열⚠️ | 매수기준 3개↑
📦 보유 SK증권(001510) 1주 -2.5% ⚠️주의
📦 보유 GS(078930) 1주 -0.1%
📦 보유 원익피앤이(217820) 3주 -2.6% ⚠️주의

코드      종목명           가격    RSI     변화율    거래량     BB   호가비  B/S
────────────────────────────────────────────────────────────────────────
[2단계 분석 대상: 001510, 078930, 217820, 247540, 068270, 034020, 207940, 035720]
⛔ 아우토크립트(137040) 호가 없음 (거래정지 의심)
078930  GS        76,600   61.7    +0.5%    0.1x     중간  0.56  1/0
061250  화일약품       8,300    0.0    +0.0%    0.0x     중간  1.52  1/0
217820  원익피앤이      3,410   43.9    -2.2%    0.1x     중간  0.53  2/1
001510  SK증권       4,530   60.9    -5.1%    0.1x     중간  3.86  3/0
⛔ 금양(001570) 호가 없음 (거래정지 의심)

══════════════════════════════════════════════════
→ 전종목 HOLD
✅ Discord 전송 완료

[09:24] HOLD | KODEX RSI79/-2.5%⚠️ | 보유:SK증권(001510) -2.5% GS(078930) -0.1% 원익피앤(217820) -2.6% | 💸예수금부족 | 최고신호 SK증권(001510) 3/3개 [하락-5.1% / MA골 / 호가3.9]
💰 예수금 9,775원 | KODEX200 RSI79/-2.5% 과열⚠️ | 매수기준 3개↑
📦 보유 SK증권(001510) 1주 -2.5% ⚠️주의
📦 보유 GS(078930) 1주 -0.9%
📦 보유 원익피앤이(217820) 3주 -1.6%

코드      종목명           가격    RSI     변화율    거래량     BB   호가비  B/S
────────────────────────────────────────────────────────────────────────
[2단계 분석 대상: 001510, 078930, 217820, 068270, 247540, 035720, 207940, 034020]
⛔ 아우토크립트(137040) 호가 없음 (거래정지 의심)
078930  GS        75,700   59.4    -0.9%    0.1x     중간  0.45  1/0
061250  화일약품       8,260    0.0    +0.0%    0.0x     중간  1.34  1/0
217820  원익피앤이      3,430   44.5    -1.4%    0.1x     중간  0.46  2/1
001510  SK증권       4,540   61.1    -4.9%    0.1x     중간  3.66  3/0
⛔ 금양(001570) 호가 없음 (거래정지 의심)

══════════════════════════════════════════════════
→ 전종목 HOLD
✅ Discord 전송 완료

[09:26] HOLD | KODEX RSI79/-2.5%⚠️ | 보유:SK증권(001510) -2.5% GS(078930) -0.9% 원익피앤(217820) -1.6% | 💸예수금부족 | 최고신호 SK증권(001510) 3/3개 [하락-4.9% / MA골 / 호가3.7]
💰 예수금 9,777원 | KODEX200 RSI78/-2.7% 과열⚠️ | 매수기준 3개↑
📦 보유 SK증권(001510) 1주 -2.5% ⚠️주의
📦 보유 GS(078930) 1주 -1.5%
📦 보유 원익피앤이(217820) 3주 -2.1%

코드      종목명           가격    RSI     변화율    거래량     BB   호가비  B/S
────────────────────────────────────────────────────────────────────────
[2단계 분석 대상: 001510, 078930, 217820, 034020, 247540, 138040, 003670, 035720]
⛔ 아우토크립트(137040) 호가 없음 (거래정지 의심)
078930  GS        75,900   59.8    -0.7%    0.2x     중간  1.19  1/0
061250  화일약품       8,270    0.0    +0.0%    0.0x     중간  1.23  1/0
217820  원익피앤이      3,410   43.9    -2.2%    0.1x     중간  0.99  2/1
001510  SK증권       4,525   60.9    -5.2%    0.1x     중간  3.95  3/0
⛔ 금양(001570) 호가 없음 (거래정지 의심)

══════════════════════════════════════════════════
→ 전종목 HOLD
✅ Discord 전송 완료

[09:28] HOLD | KODEX RSI78/-2.7%⚠️ | 보유:SK증권(001510) -2.5% GS(078930) -1.5% 원익피앤(217820) -2.1% | 💸예수금부족 | 최고신호 SK증권(001510) 3/3개 [하락-5.2% / MA골 / 호가4.0]
💰 예수금 9,777원 | KODEX200 RSI77/-3.0% 과열⚠️ | 매수기준 3개↑
📦 보유 SK증권(001510) 1주 -2.6% ⚠️주의
📦 보유 GS(078930) 1주 -1.3%
📦 보유 원익피앤이(217820) 3주 -2.3%

코드      종목명           가격    RSI     변화율    거래량     BB   호가비  B/S
────────────────────────────────────────────────────────────────────────
[2단계 분석 대상: 001510, 078930, 217820, 138040, 000270, 034020, 066970, 055550]
⛔ 아우토크립트(137040) 호가 없음 (거래정지 의심)
078930  GS        75,900   60.1    -0.5%    0.2x     중간  0.90  1/0
061250  화일약품       8,280    0.0    +0.0%    0.0x     중간  0.81  0/0
217820  원익피앤이      3,410   43.9    -2.2%    0.1x     중간  0.92  2/1
001510  SK증권       4,520   60.8    -5.3%    0.1x     중간  2.91  3/0
⛔ 금양(001570) 호가 없음 (거래정지 의심)

══════════════════════════════════════════════════
→ 전종목 HOLD
✅ Discord 전송 완료

[09:30] HOLD | KODEX RSI77/-3.0%⚠️ | 보유:SK증권(001510) -2.6% GS(078930) -1.3% 원익피앤(217820) -2.3% | 💸예수금부족 | 최고신호 SK증권(001510) 3/3개 [하락-5.3% / MA골 / 호가2.9]
💰 예수금 9,775원 | KODEX200 RSI77/-3.3% 과열⚠️ | 매수기준 3개↑
📦 보유 SK증권(001510) 1주 -2.5% ⚠️주의
📦 보유 GS(078930) 1주 -1.1%
📦 보유 원익피앤이(217820) 3주 -3.2% ⚠️주의

코드      종목명           가격    RSI     변화율    거래량     BB   호가비  B/S
────────────────────────────────────────────────────────────────────────
[2단계 분석 대상: 001510, 078930, 217820, 138040, 012450, 066970, 042700, 055550]
⛔ 아우토크립트(137040) 호가 없음 (거래정지 의심)
078930  GS        76,000   60.8    -0.1%    0.2x     중간  0.88  1/0
061250  화일약품       8,280    0.0    +0.0%    0.0x     중간  0.99  0/0
217820  원익피앤이      3,380   43.5    -2.7%    0.1x     중간  3.44  3/1
001510  SK증권       4,515   60.6    -5.5%    0.1x     중간  4.03  3/0
⛔ 금양(001570) 호가 없음 (거래정지 의심)

══════════════════════════════════════════════════
→ 전종목 HOLD
✅ Discord 전송 완료

[09:32] HOLD | KODEX RSI77/-3.3%⚠️ | 보유:SK증권(001510) -2.5% GS(078930) -1.1% 원익피앤(217820) -3.2% | 💸예수금부족 | 최고신호 원익피앤이(217820) 3/3개 [RSI44 / 하락-2.7% / 호가3.4]
💰 예수금 9,775원 | KODEX200 RSI77/-3.0% 과열⚠️ | 매수기준 3개↑
📦 보유 SK증권(001510) 1주 -2.6% ⚠️주의
📦 보유 GS(078930) 1주 -1.0%
📦 보유 원익피앤이(217820) 3주 -2.9% ⚠️주의

코드      종목명           가격    RSI     변화율    거래량     BB   호가비  B/S
────────────────────────────────────────────────────────────────────────
[2단계 분석 대상: 001510, 078930, 217820, 138040, 015760, 042700, 055550, 259960]
⛔ 아우토크립트(137040) 호가 없음 (거래정지 의심)
078930  GS        76,200   61.1    +0.0%    0.2x     중간  2.11  2/0
061250  화일약품       8,280    0.0    +0.0%    0.0x     중간  1.47  1/0
217820  원익피앤이      3,390   43.7    -2.5%    0.1x     중간  1.10  2/1
001510  SK증권       4,515   60.6    -5.5%    0.1x     중간  3.48  3/0
⛔ 금양(001570) 호가 없음 (거래정지 의심)

══════════════════════════════════════════════════
→ 전종목 HOLD
✅ Discord 전송 완료

[09:34] HOLD | KODEX RSI77/-3.0%⚠️ | 보유:SK증권(001510) -2.6% GS(078930) -1.0% 원익피앤(217820) -2.9% | 💸예수금부족 | 최고신호 SK증권(001510) 3/3개 [하락-5.5% / MA골 / 호가3.5]
💰 예수금 9,775원 | KODEX200 RSI77/-3.1% 과열⚠️ | 매수기준 3개↑
📦 보유 SK증권(001510) 1주 -3.1% ⚠️주의
📦 보유 GS(078930) 1주 -0.6%
📦 보유 원익피앤이(217820) 3주 -2.6% ⚠️주의

코드      종목명           가격    RSI     변화율    거래량     BB   호가비  B/S
────────────────────────────────────────────────────────────────────────
[2단계 분석 대상: 001510, 078930, 217820, 138040, 015760, 068270, 035720, 042700]
⛔ 아우토크립트(137040) 호가 없음 (거래정지 의심)
078930  GS        76,400   61.4    +0.3%    0.2x     중간  0.57  1/0
061250  화일약품       8,280    0.0    +0.0%    0.0x     중간  1.35  1/0
217820  원익피앤이      3,400   43.9    -2.2%    0.1x     중간  1.13  2/1
001510  SK증권       4,505   60.4    -5.8%    0.1x     중간  2.61  3/0
⛔ 금양(001570) 호가 없음 (거래정지 의심)

══════════════════════════════════════════════════
→ 전종목 HOLD
✅ Discord 전송 완료

[09:36] HOLD | KODEX RSI77/-3.1%⚠️ | 보유:SK증권(001510) -3.1% GS(078930) -0.6% 원익피앤(217820) -2.6% | 💸예수금부족 | 최고신호 SK증권(001510) 3/3개 [하락-5.8% / MA골 / 호가2.6]
💰 예수금 9,775원 | KODEX200 RSI77/-3.3% 과열⚠️ | 매수기준 3개↑
📦 보유 SK증권(001510) 1주 -3.2% ⚠️주의
📦 보유 GS(078930) 1주 -0.3%
📦 보유 원익피앤이(217820) 3주 -2.8% ⚠️주의

코드      종목명           가격    RSI     변화율    거래량     BB   호가비  B/S
────────────────────────────────────────────────────────────────────────
[2단계 분석 대상: 001510, 078930, 217820, 000270, 000660, 066970, 015760, 079550]
⛔ 아우토크립트(137040) 호가 없음 (거래정지 의심)
078930  GS        76,600   61.7    +0.5%    0.2x     중간  0.69  1/0
061250  화일약품       8,280    0.0    +0.0%    0.0x     중간  1.35  1/0
217820  원익피앤이      3,400   43.5    -2.7%    0.1x     중간  0.87  2/1
001510  SK증권       4,495   60.4    -5.9%    0.1x     중간  1.73  3/0
⛔ 금양(001570) 호가 없음 (거래정지 의심)

══════════════════════════════════════════════════
→ 전종목 HOLD
✅ Discord 전송 완료

[09:38] HOLD | KODEX RSI77/-3.3%⚠️ | 보유:SK증권(001510) -3.2% GS(078930) -0.3% 원익피앤(217820) -2.8% | 💸예수금부족 | 최고신호 SK증권(001510) 3/3개 [하락-5.9% / MA골 / 호가1.7]
💰 예수금 9,775원 | KODEX200 RSI78/-3.0% 과열⚠️ | 매수기준 3개↑
📦 보유 SK증권(001510) 1주 -3.3% ⚠️주의
📦 보유 GS(078930) 1주 -0.5%
📦 보유 원익피앤이(217820) 3주 -3.4% ⚠️주의

코드      종목명           가격    RSI     변화율    거래량     BB   호가비  B/S
────────────────────────────────────────────────────────────────────────
[2단계 분석 대상: 001510, 078930, 217820, 138040, 015760, 012450, 259960, 207940]
⛔ 아우토크립트(137040) 호가 없음 (거래정지 의심)
078930  GS        76,500   61.5    +0.4%    0.2x     중간  0.43  1/0
061250  화일약품       8,280    0.0    +0.0%    0.0x     중간  1.58  1/0
217820  원익피앤이      3,395   43.3    -3.0%    0.1x     중간  1.44  3/1
001510  SK증권       4,510   60.5    -5.7%    0.1x     중간  2.11  3/0
⛔ 금양(001570) 호가 없음 (거래정지 의심)

══════════════════════════════════════════════════
→ 전종목 HOLD
✅ Discord 전송 완료

[09:40] HOLD | KODEX RSI78/-3.0%⚠️ | 보유:SK증권(001510) -3.3% GS(078930) -0.5% 원익피앤(217820) -3.4% | 💸예수금부족 | 최고신호 원익피앤이(217820) 3/3개 [RSI43 / 하락-3.0% / 호가1.4]
💰 예수금 9,775원 | KODEX200 RSI79/-2.5% 과열⚠️ | 매수기준 3개↑
📦 보유 SK증권(001510) 1주 -3.0% ⚠️주의
📦 보유 GS(078930) 1주 -0.6%
📦 보유 원익피앤이(217820) 3주 -3.4% ⚠️주의

코드      종목명           가격    RSI     변화율    거래량     BB   호가비  B/S
────────────────────────────────────────────────────────────────────────
[2단계 분석 대상: 001510, 078930, 217820, 207940, 035420, 138040, 015760, 012450]
⛔ 아우토크립트(137040) 호가 없음 (거래정지 의심)
078930  GS        76,500   61.7    +0.5%    0.2x     중간  0.53  1/0
061250  화일약품       8,280    0.0    +0.0%    0.0x     중간  1.50  1/0
217820  원익피앤이      3,400   43.9    -2.2%    0.1x     중간  0.73  2/1
001510  SK증권       4,510   60.6    -5.5%    0.1x     중간  1.74  3/0
⛔ 금양(001570) 호가 없음 (거래정지 의심)

══════════════════════════════════════════════════
→ 전종목 HOLD
✅ Discord 전송 완료

[09:42] HOLD | KODEX RSI79/-2.5%⚠️ | 보유:SK증권(001510) -3.0% GS(078930) -0.6% 원익피앤(217820) -3.4% | 💸예수금부족 | 최고신호 SK증권(001510) 3/3개 [하락-5.5% / MA골 / 호가1.7]
💰 예수금 9,775원 | KODEX200 RSI79/-2.6% 과열⚠️ | 매수기준 3개↑
📦 보유 SK증권(001510) 1주 -3.0% ⚠️주의
📦 보유 GS(078930) 1주 -0.6%
📦 보유 원익피앤이(217820) 3주 -2.8% ⚠️주의

코드      종목명           가격    RSI     변화율    거래량     BB   호가비  B/S
────────────────────────────────────────────────────────────────────────
[2단계 분석 대상: 001510, 078930, 217820, 207940, 247540, 012450, 068270, 259960]
⛔ 아우토크립트(137040) 호가 없음 (거래정지 의심)
078930  GS        76,400   61.1    +0.0%    0.2x     중간  0.24  1/0
061250  화일약품       8,280    0.0    +0.0%    0.0x     중간  1.45  1/0
217820  원익피앤이      3,400   43.8    -2.3%    0.1x     중간  0.82  2/1
001510  SK증권       4,505   60.4    -5.8%    0.1x     중간  1.79  3/0
⛔ 금양(001570) 호가 없음 (거래정지 의심)

══════════════════════════════════════════════════
→ 전종목 HOLD
✅ Discord 전송 완료

[09:44] HOLD | KODEX RSI79/-2.6%⚠️ | 보유:SK증권(001510) -3.0% GS(078930) -0.6% 원익피앤(217820) -2.8% | 💸예수금부족 | 최고신호 SK증권(001510) 3/3개 [하락-5.8% / MA골 / 호가1.8]
💰 예수금 9,775원 | KODEX200 RSI79/-2.4% 과열⚠️ | 매수기준 3개↑
📦 보유 SK증권(001510) 1주 -3.0% ⚠️주의
📦 보유 GS(078930) 1주 -1.0%
📦 보유 원익피앤이(217820) 3주 -2.6% ⚠️주의

코드      종목명           가격    RSI     변화율    거래량     BB   호가비  B/S
────────────────────────────────────────────────────────────────────────
[2단계 분석 대상: 001510, 078930, 217820, 207940, 247540, 259960, 066970, 015760]
⛔ 아우토크립트(137040) 호가 없음 (거래정지 의심)
078930  GS        76,200   60.8    -0.1%    0.2x     중간  0.94  1/0
061250  화일약품       8,230    0.0    +0.0%    0.0x     중간  1.39  1/0
217820  원익피앤이      3,400   43.9    -2.2%    0.1x     중간  0.78  2/1
001510  SK증권       4,510   60.6    -5.5%    0.1x     중간  2.69  3/0
⛔ 금양(001570) 호가 없음 (거래정지 의심)

══════════════════════════════════════════════════
→ 전종목 HOLD
✅ Discord 전송 완료

[09:46] HOLD | KODEX RSI79/-2.4%⚠️ | 보유:SK증권(001510) -3.0% GS(078930) -1.0% 원익피앤(217820) -2.6% | 💸예수금부족 | 최고신호 SK증권(001510) 3/3개 [하락-5.5% / MA골 / 호가2.7]
💰 예수금 9,777원 | KODEX200 RSI80/-2.1% 과열⚠️ | 매수기준 3개↑
📦 보유 SK증권(001510) 1주 -2.9% ⚠️주의
📦 보유 GS(078930) 1주 -1.3%
📦 보유 원익피앤이(217820) 3주 -2.8% ⚠️주의

코드      종목명           가격    RSI     변화율    거래량     BB   호가비  B/S
────────────────────────────────────────────────────────────────────────
[2단계 분석 대상: 001510, 078930, 217820, 207940, 012450, 068270, 056080, 015760]
⛔ 아우토크립트(137040) 호가 없음 (거래정지 의심)
078930  GS        76,200   61.1    +0.0%    0.2x     중간  1.30  2/0
061250  화일약품       8,190    0.0    +0.0%    0.0x     중간  0.91  0/0
217820  원익피앤이      3,395   43.8    -2.3%    0.1x     중간  1.70  3/1
001510  SK증권       4,505   60.4    -5.8%    0.1x     중간  2.24  3/0
⛔ 금양(001570) 호가 없음 (거래정지 의심)

══════════════════════════════════════════════════
→ 전종목 HOLD
✅ Discord 전송 완료

[09:48] HOLD | KODEX RSI80/-2.1%⚠️ | 보유:SK증권(001510) -2.9% GS(078930) -1.3% 원익피앤(217820) -2.8% | 💸예수금부족 | 최고신호 원익피앤이(217820) 3/3개 [RSI44 / 하락-2.3% / 호가1.7]
💰 예수금 9,775원 | KODEX200 RSI79/-2.3% 과열⚠️ | 매수기준 3개↑
📦 보유 SK증권(001510) 1주 -3.0% ⚠️주의
📦 보유 GS(078930) 1주 -1.1%
📦 보유 원익피앤이(217820) 3주 -2.6% ⚠️주의

코드      종목명           가격    RSI     변화율    거래량     BB   호가비  B/S
────────────────────────────────────────────────────────────────────────
[2단계 분석 대상: 001510, 078930, 217820, 247540, 207940, 068270, 138040, 066970]
⛔ 아우토크립트(137040) 호가 없음 (거래정지 의심)
078930  GS        76,000   60.3    -0.4%    0.2x     중간  1.17  1/0
061250  화일약품       8,170    0.0    +0.0%    0.0x     중간  1.37  1/0
217820  원익피앤이      3,400   43.7    -2.5%    0.1x     중간  0.74  2/1
001510  SK증권       4,500   60.4    -5.9%    0.1x     중간  3.22  3/0
⛔ 금양(001570) 호가 없음 (거래정지 의심)

══════════════════════════════════════════════════
→ 전종목 HOLD
✅ Discord 전송 완료

[09:50] HOLD | KODEX RSI79/-2.3%⚠️ | 보유:SK증권(001510) -3.0% GS(078930) -1.1% 원익피앤(217820) -2.6% | 💸예수금부족 | 최고신호 SK증권(001510) 3/3개 [하락-5.9% / MA골 / 호가3.2]
💰 예수금 9,777원 | KODEX200 RSI80/-2.2% 과열⚠️ | 매수기준 3개↑
📦 보유 SK증권(001510) 1주 -3.2% ⚠️주의
📦 보유 GS(078930) 1주 -1.4%
📦 보유 원익피앤이(217820) 3주 -3.2% ⚠️주의

코드      종목명           가격    RSI     변화율    거래량     BB   호가비  B/S
────────────────────────────────────────────────────────────────────────
[2단계 분석 대상: 001510, 078930, 217820, 247540, 207940, 068270, 084850, 006400]
⛔ 아우토크립트(137040) 호가 없음 (거래정지 의심)
078930  GS        75,900   60.1    -0.5%    0.2x     중간  1.05  1/0
061250  화일약품       8,170    0.0    +0.0%    0.0x     중간  1.08  0/0
217820  원익피앤이      3,390   43.5    -2.7%    0.1x     중간  1.68  3/1
001510  SK증권       4,500   60.4    -5.8%    0.1x     중간  2.88  3/0
⛔ 금양(001570) 호가 없음 (거래정지 의심)

══════════════════════════════════════════════════
→ 전종목 HOLD
✅ Discord 전송 완료

[09:52] HOLD | KODEX RSI80/-2.2%⚠️ | 보유:SK증권(001510) -3.2% GS(078930) -1.4% 원익피앤(217820) -3.2% | 💸예수금부족 | 최고신호 원익피앤이(217820) 3/3개 [RSI44 / 하락-2.7% / 호가1.7]
💰 예수금 9,777원 | KODEX200 RSI80/-2.3% 과열⚠️ | 매수기준 3개↑
📦 보유 SK증권(001510) 1주 -3.1% ⚠️주의
📦 보유 GS(078930) 1주 -1.5%
📦 보유 원익피앤이(217820) 3주 -3.2% ⚠️주의

코드      종목명           가격    RSI     변화율    거래량     BB   호가비  B/S
────────────────────────────────────────────────────────────────────────
[2단계 분석 대상: 001510, 078930, 217820, 247540, 207940, 138040, 035720, 015760]
⛔ 아우토크립트(137040) 호가 없음 (거래정지 의심)
078930  GS        75,800   59.6    -0.8%    0.2x     중간  1.17  1/0
061250  화일약품       8,170    0.0    +0.0%    0.0x     중간  1.03  0/0
217820  원익피앤이      3,390   43.7    -2.5%    0.1x     중간  1.64  3/1
001510  SK증권       4,505   60.5    -5.7%    0.1x     중간  2.62  3/0
⛔ 금양(001570) 호가 없음 (거래정지 의심)

══════════════════════════════════════════════════
→ 전종목 HOLD
✅ Discord 전송 완료

[09:54] HOLD | KODEX RSI80/-2.3%⚠️ | 보유:SK증권(001510) -3.1% GS(078930) -1.5% 원익피앤(217820) -3.2% | 💸예수금부족 | 최고신호 원익피앤이(217820) 3/3개 [RSI44 / 하락-2.5% / 호가1.6]
💰 예수금 9,777원 | KODEX200 RSI80/-2.0% 과열⚠️ | 매수기준 3개↑
📦 보유 SK증권(001510) 1주 -3.0% ⚠️주의
📦 보유 GS(078930) 1주 -1.4%
📦 보유 원익피앤이(217820) 3주 -3.4% ⚠️주의

코드      종목명           가격    RSI     변화율    거래량     BB   호가비  B/S
────────────────────────────────────────────────────────────────────────
[2단계 분석 대상: 001510, 078930, 217820, 138040, 247540, 068270, 207940, 015760]
⛔ 아우토크립트(137040) 호가 없음 (거래정지 의심)
078930  GS        75,800   59.8    -0.7%    0.3x     중간  1.25  2/0
061250  화일약품       8,160    0.0    +0.0%    0.0x     중간  1.62  1/0
217820  원익피앤이      3,395   43.8    -2.3%    0.1x     중간  0.94  2/1
001510  SK증권       4,510   60.5    -5.7%    0.1x     중간  2.12  3/0
⛔ 금양(001570) 호가 없음 (거래정지 의심)

══════════════════════════════════════════════════
→ 전종목 HOLD
✅ Discord 전송 완료

[09:56] HOLD | KODEX RSI80/-2.0%⚠️ | 보유:SK증권(001510) -3.0% GS(078930) -1.4% 원익피앤(217820) -3.4% | 💸예수금부족 | 최고신호 SK증권(001510) 3/3개 [하락-5.7% / MA골 / 호가2.1]
💰 예수금 9,777원 | KODEX200 RSI81/-1.8% 과열⚠️ | 매수기준 3개↑
📦 보유 SK증권(001510) 1주 -3.2% ⚠️주의
📦 보유 GS(078930) 1주 -1.4%
📦 보유 원익피앤이(217820) 3주 -2.8% ⚠️주의

코드      종목명           가격    RSI     변화율    거래량     BB   호가비  B/S
────────────────────────────────────────────────────────────────────────
[2단계 분석 대상: 001510, 078930, 217820, 138040, 068270, 207940, 056080, 012450]
⛔ 아우토크립트(137040) 호가 없음 (거래정지 의심)
078930  GS        75,700   59.8    -0.7%    0.3x     중간  1.11  1/0
061250  화일약품       8,150    0.0    +0.0%    0.0x     중간  1.14  0/0
217820  원익피앤이      3,385   43.6    -2.6%    0.1x     중간  0.63  2/1
001510  SK증권       4,495   60.3    -6.0%    0.1x     중간  2.96  3/0
⛔ 금양(001570) 호가 없음 (거래정지 의심)

══════════════════════════════════════════════════
→ 전종목 HOLD
✅ Discord 전송 완료

[09:58] HOLD | KODEX RSI81/-1.8%⚠️ | 보유:SK증권(001510) -3.2% GS(078930) -1.4% 원익피앤(217820) -2.8% | 💸예수금부족 | 최고신호 SK증권(001510) 3/3개 [하락-6.0% / MA골 / 호가3.0]
💰 예수금 9,777원 | KODEX200 RSI81/-1.8% 과열⚠️ | 매수기준 3개↑
📦 보유 SK증권(001510) 1주 -3.1% ⚠️주의
📦 보유 GS(078930) 1주 -1.8%
📦 보유 원익피앤이(217820) 3주 -3.1% ⚠️주의

코드      종목명           가격    RSI     변화율    거래량     BB   호가비  B/S
────────────────────────────────────────────────────────────────────────
[2단계 분석 대상: 001510, 078930, 217820, 138040, 207940, 068270, 034020, 056080]
⛔ 아우토크립트(137040) 호가 없음 (거래정지 의심)
078930  GS        75,600   59.4    -0.9%    0.3x     중간  0.89  1/0
061250  화일약품       8,150    0.0    +0.0%    0.0x     중간  1.82  1/0
217820  원익피앤이      3,385   43.6    -2.6%    0.1x     중간  1.06  2/1
001510  SK증권       4,470   60.0    -6.4%    0.1x     중간  2.30  3/0
⛔ 금양(001570) 호가 없음 (거래정지 의심)

══════════════════════════════════════════════════
→ 전종목 HOLD
✅ Discord 전송 완료

[10:00] HOLD | KODEX RSI81/-1.8%⚠️ | 보유:SK증권(001510) -3.1% GS(078930) -1.8% 원익피앤(217820) -3.1% | 💸예수금부족 | 최고신호 SK증권(001510) 3/3개 [하락-6.4% / MA골 / 호가2.3]
💰 예수금 9,777원 | KODEX200 RSI81/-1.6% 과열⚠️ | 매수기준 3개↑
📦 보유 SK증권(001510) 1주 -3.8% ⚠️주의
📦 보유 GS(078930) 1주 -1.5%
📦 보유 원익피앤이(217820) 3주 -3.1% ⚠️주의

코드      종목명           가격    RSI     변화율    거래량     BB   호가비  B/S
────────────────────────────────────────────────────────────────────────
[2단계 분석 대상: 001510, 078930, 217820, 207940, 138040, 034020, 068270, 079550]
⛔ 아우토크립트(137040) 호가 없음 (거래정지 의심)
078930  GS        75,500   59.4    -0.9%    0.3x     중간  1.17  1/0
061250  화일약품       8,150    0.0    +0.0%    0.0x     중간  1.09  0/0
217820  원익피앤이      3,385   43.6    -2.6%    0.2x     중간  0.78  2/1
001510  SK증권       4,465   59.8    -6.6%    0.1x     중간  1.24  3/0
⛔ 금양(001570) 호가 없음 (거래정지 의심)

══════════════════════════════════════════════════
→ 전종목 HOLD
✅ Discord 전송 완료

[10:02] HOLD | KODEX RSI81/-1.6%⚠️ | 보유:SK증권(001510) -3.8% GS(078930) -1.5% 원익피앤(217820) -3.1% | 💸예수금부족 | 최고신호 SK증권(001510) 3/3개 [하락-6.6% / MA골 / 호가1.2]
💰 예수금 9,777원 | KODEX200 RSI82/-1.3% 과열⚠️ | 매수기준 3개↑
📦 보유 SK증권(001510) 1주 -3.5% ⚠️주의
📦 보유 GS(078930) 1주 -1.8%
📦 보유 원익피앤이(217820) 3주 -3.4% ⚠️주의

코드      종목명           가격    RSI     변화율    거래량     BB   호가비  B/S
────────────────────────────────────────────────────────────────────────
[2단계 분석 대상: 001510, 078930, 217820, 207940, 138040, 079550, 035720, 015760]
⛔ 아우토크립트(137040) 호가 없음 (거래정지 의심)
078930  GS        75,700   59.6    -0.8%    0.3x     중간  1.05  1/0
061250  화일약품       8,150    0.0    +0.0%    0.0x     중간  1.09  0/0
217820  원익피앤이      3,380   43.0    -3.5%    0.2x     중간  0.73  2/1
001510  SK증권       4,490   60.3    -6.0%    0.1x     중간  1.85  3/0
⛔ 금양(001570) 호가 없음 (거래정지 의심)

══════════════════════════════════════════════════
→ 전종목 HOLD
✅ Discord 전송 완료

[10:04] HOLD | KODEX RSI82/-1.3%⚠️ | 보유:SK증권(001510) -3.5% GS(078930) -1.8% 원익피앤(217820) -3.4% | 💸예수금부족 | 최고신호 SK증권(001510) 3/3개 [하락-6.0% / MA골 / 호가1.9]
💰 예수금 9,777원 | KODEX200 RSI83/-1.2% 과열⚠️ | 매수기준 3개↑
📦 보유 SK증권(001510) 1주 -3.1% ⚠️주의
📦 보유 GS(078930) 1주 -1.7%
📦 보유 원익피앤이(217820) 3주 -3.5% ⚠️주의

코드      종목명           가격    RSI     변화율    거래량     BB   호가비  B/S
────────────────────────────────────────────────────────────────────────
[2단계 분석 대상: 001510, 078930, 217820, 138040, 207940, 055550, 015760, 035720]
⛔ 아우토크립트(137040) 호가 없음 (거래정지 의심)
078930  GS        75,700   59.6    -0.8%    0.3x     중간  0.98  1/0
061250  화일약품       8,150    0.0    +0.0%    0.0x     중간  1.07  0/0
217820  원익피앤이      3,390   43.7    -2.5%    0.2x     중간  1.30  3/1
001510  SK증권       4,500   60.4    -5.8%    0.2x     중간  1.90  3/0
⛔ 금양(001570) 호가 없음 (거래정지 의심)

══════════════════════════════════════════════════
→ 전종목 HOLD
✅ Discord 전송 완료

[10:06] HOLD | KODEX RSI83/-1.2%⚠️ | 보유:SK증권(001510) -3.1% GS(078930) -1.7% 원익피앤(217820) -3.5% | 💸예수금부족 | 최고신호 원익피앤이(217820) 3/3개 [RSI44 / 하락-2.5% / 호가1.3]
💰 예수금 9,777원 | KODEX200 RSI83/-1.0% 과열⚠️ | 매수기준 3개↑
📦 보유 SK증권(001510) 1주 -3.2% ⚠️주의
📦 보유 GS(078930) 1주 -1.7%
📦 보유 원익피앤이(217820) 3주 -3.2% ⚠️주의

코드      종목명           가격    RSI     변화율    거래량     BB   호가비  B/S
────────────────────────────────────────────────────────────────────────
[2단계 분석 대상: 001510, 078930, 217820, 207940, 138040, 015760, 035720, 055550]
⛔ 아우토크립트(137040) 호가 없음 (거래정지 의심)
078930  GS        75,800   59.8    -0.7%    0.3x     중간  1.11  1/0
061250  화일약품       8,150    0.0    +0.0%    0.0x     중간  1.73  1/0
217820  원익피앤이      3,390   43.5    -2.7%    0.2x     중간  1.65  3/1
001510  SK증권       4,500   60.4    -5.8%    0.2x     중간  1.81  3/0
⛔ 금양(001570) 호가 없음 (거래정지 의심)

══════════════════════════════════════════════════
→ 전종목 HOLD
✅ Discord 전송 완료

[10:08] HOLD | KODEX RSI83/-1.0%⚠️ | 보유:SK증권(001510) -3.2% GS(078930) -1.7% 원익피앤(217820) -3.2% | 💸예수금부족 | 최고신호 원익피앤이(217820) 3/3개 [RSI44 / 하락-2.7% / 호가1.6]
💰 예수금 9,777원 | KODEX200 RSI84/-0.8% 과열⚠️ | 매수기준 3개↑
📦 보유 SK증권(001510) 1주 -3.3% ⚠️주의
📦 보유 GS(078930) 1주 -1.4%
📦 보유 원익피앤이(217820) 3주 -3.2% ⚠️주의

코드      종목명           가격    RSI     변화율    거래량     BB   호가비  B/S
────────────────────────────────────────────────────────────────────────
[2단계 분석 대상: 001510, 078930, 217820, 138040, 207940, 015760, 035720, 051910]
⛔ 아우토크립트(137040) 호가 없음 (거래정지 의심)
078930  GS        75,800   60.1    -0.5%    0.3x     중간  1.26  2/0
061250  화일약품       8,150    0.0    +0.0%    0.0x     중간  1.83  1/0
217820  원익피앤이      3,385   43.6    -2.6%    0.2x     중간  1.08  2/1
001510  SK증권       4,500   60.6    -5.5%    0.2x     중간  1.59  3/0
⛔ 금양(001570) 호가 없음 (거래정지 의심)

══════════════════════════════════════════════════
→ 전종목 HOLD
✅ Discord 전송 완료

[10:10] HOLD | KODEX RSI84/-0.8%⚠️ | 보유:SK증권(001510) -3.3% GS(078930) -1.4% 원익피앤(217820) -3.2% | 💸예수금부족 | 최고신호 SK증권(001510) 3/3개 [하락-5.5% / MA골 / 호가1.6]
💰 예수금 9,777원 | KODEX200 RSI85/-0.6% 과열⚠️ | 매수기준 3개↑
📦 보유 SK증권(001510) 1주 -2.8% ⚠️주의
📦 보유 GS(078930) 1주 -1.3%
📦 보유 원익피앤이(217820) 3주 -3.1% ⚠️주의

코드      종목명           가격    RSI     변화율    거래량     BB   호가비  B/S
────────────────────────────────────────────────────────────────────────
[2단계 분석 대상: 001510, 078930, 217820, 207940, 138040, 012450, 015760, 051910]
⛔ 아우토크립트(137040) 호가 없음 (거래정지 의심)
078930  GS        75,900   60.3    -0.4%    0.3x     중간  1.42  2/0
061250  화일약품       8,150    0.0    +0.0%    0.0x     중간  1.32  1/0
217820  원익피앤이      3,385   43.6    -2.6%    0.2x     중간  1.74  3/1
001510  SK증권       4,515   60.7    -5.5%    0.2x     중간  1.48  3/0
⛔ 금양(001570) 호가 없음 (거래정지 의심)

══════════════════════════════════════════════════
→ 전종목 HOLD
✅ Discord 전송 완료

[10:12] HOLD | KODEX RSI85/-0.6%⚠️ | 보유:SK증권(001510) -2.8% GS(078930) -1.3% 원익피앤(217820) -3.1% | 💸예수금부족 | 최고신호 원익피앤이(217820) 3/3개 [RSI44 / 하락-2.6% / 호가1.7]
💰 예수금 9,777원 | KODEX200 RSI85/-0.3% 과열⚠️ | 매수기준 3개↑
📦 보유 SK증권(001510) 1주 -2.6% ⚠️주의
📦 보유 GS(078930) 1주 -1.3%
📦 보유 원익피앤이(217820) 3주 -3.1% ⚠️주의

코드      종목명           가격    RSI     변화율    거래량     BB   호가비  B/S
────────────────────────────────────────────────────────────────────────
[2단계 분석 대상: 001510, 078930, 217820, 207940, 012450, 138040, 056080, 079550]
⛔ 아우토크립트(137040) 호가 없음 (거래정지 의심)
078930  GS        75,900   60.3    -0.4%    0.3x     중간  0.76  1/0
061250  화일약품       8,170    0.0    +0.0%    0.0x     중간  1.52  1/0
217820  원익피앤이      3,410   43.9    -2.2%    0.2x     중간  0.79  2/1
001510  SK증권       4,515   60.7    -5.5%    0.2x     중간  1.34  3/0
⛔ 금양(001570) 호가 없음 (거래정지 의심)

══════════════════════════════════════════════════
→ 전종목 HOLD
✅ Discord 전송 완료

[10:14] HOLD | KODEX RSI85/-0.3%⚠️ | 보유:SK증권(001510) -2.6% GS(078930) -1.3% 원익피앤(217820) -3.1% | 💸예수금부족 | 최고신호 SK증권(001510) 3/3개 [하락-5.5% / MA골 / 호가1.3]
💰 예수금 9,777원 | KODEX200 RSI86/-0.1% 과열⚠️ | 매수기준 3개↑
📦 보유 SK증권(001510) 1주 -2.8% ⚠️주의
📦 보유 GS(078930) 1주 -1.5%
📦 보유 원익피앤이(217820) 3주 -2.3%

코드      종목명           가격    RSI     변화율    거래량     BB   호가비  B/S
────────────────────────────────────────────────────────────────────────
[2단계 분석 대상: 001510, 078930, 217820, 207940, 138040, 056080, 012450, 035720]
⛔ 아우토크립트(137040) 호가 없음 (거래정지 의심)
078930  GS        76,000   60.3    -0.4%    0.3x     중간  0.89  1/0
061250  화일약품       8,170    0.0    +0.0%    0.0x     중간  3.05  1/0
217820  원익피앤이      3,405   44.2    -1.7%    0.2x     중간  0.83  2/1
001510  SK증권       4,520   60.8    -5.3%    0.2x     중간  1.56  3/0
⛔ 금양(001570) 호가 없음 (거래정지 의심)

══════════════════════════════════════════════════
→ 전종목 HOLD
✅ Discord 전송 완료

[10:16] HOLD | KODEX RSI86/-0.1%⚠️ | 보유:SK증권(001510) -2.8% GS(078930) -1.5% 원익피앤(217820) -2.3% | 💸예수금부족 | 최고신호 SK증권(001510) 3/3개 [하락-5.3% / MA골 / 호가1.6]
💰 예수금 9,775원 | KODEX200 RSI85/-0.4% 과열⚠️ | 매수기준 3개↑
📦 보유 SK증권(001510) 1주 -2.5% ⚠️주의
📦 보유 GS(078930) 1주 -1.1%
📦 보유 원익피앤이(217820) 3주 -2.6% ⚠️주의

코드      종목명           가격    RSI     변화율    거래량     BB   호가비  B/S
────────────────────────────────────────────────────────────────────────
[2단계 분석 대상: 001510, 078930, 217820, 207940, 056080, 003670, 079550, 138040]
⛔ 아우토크립트(137040) 호가 없음 (거래정지 의심)
078930  GS        76,200   60.8    -0.1%    0.3x     중간  0.60  1/0
061250  화일약품       8,190    0.0    +0.0%    0.0x     중간  2.82  1/0
217820  원익피앤이      3,405   44.0    -2.0%    0.2x     중간  0.95  2/1
001510  SK증권       4,525   60.8    -5.3%    0.2x     중간  2.68  3/0
⛔ 금양(001570) 호가 없음 (거래정지 의심)

══════════════════════════════════════════════════
→ 전종목 HOLD
✅ Discord 전송 완료

[10:18] HOLD | KODEX RSI85/-0.4%⚠️ | 보유:SK증권(001510) -2.5% GS(078930) -1.1% 원익피앤(217820) -2.6% | 💸예수금부족 | 최고신호 SK증권(001510) 3/3개 [하락-5.3% / MA골 / 호가2.7]
💰 예수금 9,775원 | KODEX200 RSI86/+0.1% 과열⚠️ | 매수기준 3개↑
📦 보유 SK증권(001510) 1주 -2.3%
📦 보유 GS(078930) 1주 -0.8%
📦 보유 원익피앤이(217820) 3주 -2.5%

코드      종목명           가격    RSI     변화율    거래량     BB   호가비  B/S
────────────────────────────────────────────────────────────────────────
[2단계 분석 대상: 001510, 078930, 217820, 207940, 000270, 003670, 138040, 056080]
⛔ 아우토크립트(137040) 호가 없음 (거래정지 의심)
078930  GS        76,500   61.4    +0.3%    0.3x     중간  1.10  1/0
061250  화일약품       8,190    0.0    +0.0%    0.0x     중간  3.04  1/0
217820  원익피앤이      3,420   44.1    -1.9%    0.2x     중간  0.52  2/1
001510  SK증권       4,535   61.0    -5.0%    0.2x     중간  4.36  3/0
⛔ 금양(001570) 호가 없음 (거래정지 의심)

══════════════════════════════════════════════════
→ 전종목 HOLD
✅ Discord 전송 완료

[10:20] HOLD | KODEX RSI86/+0.1%⚠️ | 보유:SK증권(001510) -2.3% GS(078930) -0.8% 원익피앤(217820) -2.5% | 💸예수금부족 | 최고신호 SK증권(001510) 3/3개 [하락-5.0% / MA골 / 호가4.4]
💰 예수금 9,775원 | KODEX200 RSI86/+0.0% 과열⚠️ | 매수기준 3개↑
📦 보유 SK증권(001510) 1주 -2.6% ⚠️주의
📦 보유 GS(078930) 1주 -0.5%
📦 보유 원익피앤이(217820) 3주 -2.3%

코드      종목명           가격    RSI     변화율    거래량     BB   호가비  B/S
────────────────────────────────────────────────────────────────────────
[2단계 분석 대상: 001510, 078930, 217820, 207940, 056080, 003670, 035720, 079550]
⛔ 아우토크립트(137040) 호가 없음 (거래정지 의심)
078930  GS        76,500   61.5    +0.4%    0.3x     중간  0.33  1/0
061250  화일약품       8,190    0.0    +0.0%    0.0x     중간  2.85  1/0
217820  원익피앤이      3,430   44.4    -1.6%    0.2x     중간  0.32  2/1
001510  SK증권       4,525   60.8    -5.3%    0.2x     중간  2.73  3/0
⛔ 금양(001570) 호가 없음 (거래정지 의심)

══════════════════════════════════════════════════
→ 전종목 HOLD
✅ Discord 전송 완료

[10:22] HOLD | KODEX RSI86/+0.0%⚠️ | 보유:SK증권(001510) -2.6% GS(078930) -0.5% 원익피앤(217820) -2.3% | 💸예수금부족 | 최고신호 SK증권(001510) 3/3개 [하락-5.3% / MA골 / 호가2.7]
💰 예수금 9,775원 | KODEX200 RSI86/+0.0% 과열⚠️ | 매수기준 3개↑
📦 보유 SK증권(001510) 1주 -2.4%
📦 보유 GS(078930) 1주 -0.3%
📦 보유 원익피앤이(217820) 3주 -2.3%

코드      종목명           가격    RSI     변화율    거래량     BB   호가비  B/S
────────────────────────────────────────────────────────────────────────
[2단계 분석 대상: 001510, 078930, 217820, 207940, 034020, 079550, 035720, 138040]
⛔ 아우토크립트(137040) 호가 없음 (거래정지 의심)
078930  GS        76,800   62.0    +0.8%    0.3x     중간  0.53  1/0
061250  화일약품       8,190    0.0    +0.0%    0.0x     중간  2.37  1/0
217820  원익피앤이      3,420   44.1    -1.9%    0.2x     중간  0.36  2/1
001510  SK증권       4,580   61.7    -4.2%    0.2x     중간  1.81  3/0
⛔ 금양(001570) 호가 없음 (거래정지 의심)

══════════════════════════════════════════════════
→ 전종목 HOLD
✅ Discord 전송 완료

[10:24] HOLD | KODEX RSI86/+0.0%⚠️ | 보유:SK증권(001510) -2.4% GS(078930) -0.3% 원익피앤(217820) -2.3% | 💸예수금부족 | 최고신호 SK증권(001510) 3/3개 [하락-4.2% / MA골 / 호가1.8]
💰 예수금 9,774원 | KODEX200 RSI87/+0.1% 과열⚠️ | 매수기준 3개↑
📦 보유 SK증권(001510) 1주 -1.2%
📦 보유 GS(078930) 1주 -0.1%
📦 보유 원익피앤이(217820) 3주 -1.9%

코드      종목명           가격    RSI     변화율    거래량     BB   호가비  B/S
────────────────────────────────────────────────────────────────────────
[2단계 분석 대상: 001510, 078930, 217820, 207940, 079550, 056080, 035720, 034020]
⛔ 아우토크립트(137040) 호가 없음 (거래정지 의심)
078930  GS        76,900   62.0    +0.8%    0.3x     중간  0.41  1/0
061250  화일약품       8,190    0.0    +0.0%    0.0x     중간  2.43  1/0
217820  원익피앤이      3,425   44.5    -1.4%    0.2x     중간  0.36  2/1
001510  SK증권       4,590   61.9    -3.9%    0.2x     중간  2.16  3/0
⛔ 금양(001570) 호가 없음 (거래정지 의심)

══════════════════════════════════════════════════
→ 전종목 HOLD
✅ Discord 전송 완료

[10:26] HOLD | KODEX RSI87/+0.1%⚠️ | 보유:SK증권(001510) -1.2% GS(078930) -0.1% 원익피앤(217820) -1.9% | 💸예수금부족 | 최고신호 SK증권(001510) 3/3개 [하락-3.9% / MA골 / 호가2.2]
💰 예수금 9,774원 | KODEX200 RSI87/+0.3% 과열⚠️ | 매수기준 3개↑
📦 보유 SK증권(001510) 1주 -1.0%
📦 보유 GS(078930) 1주 -0.1%
📦 보유 원익피앤이(217820) 3주 -1.9%

코드      종목명           가격    RSI     변화율    거래량     BB   호가비  B/S
────────────────────────────────────────────────────────────────────────
[2단계 분석 대상: 001510, 078930, 217820, 207940, 079550, 259960, 247540, 035720]
⛔ 아우토크립트(137040) 호가 없음 (거래정지 의심)
078930  GS        76,800   62.0    +0.8%    0.3x     중간  0.43  1/0
061250  화일약품       8,190    0.0    +0.0%    0.0x     중간  2.21  1/0
217820  원익피앤이      3,435   44.5    -1.4%    0.2x     중간  0.43  2/1
001510  SK증권       4,595   62.0    -3.8%    0.2x     중간  3.62  3/0
⛔ 금양(001570) 호가 없음 (거래정지 의심)

══════════════════════════════════════════════════
→ 전종목 HOLD
✅ Discord 전송 완료

[10:28] HOLD | KODEX RSI87/+0.3%⚠️ | 보유:SK증권(001510) -1.0% GS(078930) -0.1% 원익피앤(217820) -1.9% | 💸예수금부족 | 최고신호 SK증권(001510) 3/3개 [하락-3.8% / MA골 / 호가3.6]
💰 예수금 9,774원 | KODEX200 RSI87/+0.6% 과열⚠️ | 매수기준 3개↑
📦 보유 SK증권(001510) 1주 -0.7%
📦 보유 GS(078930) 1주 -0.1%
📦 보유 원익피앤이(217820) 3주 -1.8%

코드      종목명           가격    RSI     변화율    거래량     BB   호가비  B/S
────────────────────────────────────────────────────────────────────────
[2단계 분석 대상: 001510, 078930, 217820, 207940, 079550, 247540, 066970, 061250]
⛔ 아우토크립트(137040) 호가 없음 (거래정지 의심)
078930  GS        76,900   62.0    +0.8%    0.3x     중간  0.62  1/0
061250  화일약품       8,190   20.7    -4.1%    0.4x     중간  2.85  3/0
217820  원익피앤이      3,430   44.6    -1.3%    0.2x     중간  0.43  2/1
001510  SK증권       4,600   62.1    -3.7%    0.2x     중간  4.25  3/0
⛔ 금양(001570) 호가 없음 (거래정지 의심)

══════════════════════════════════════════════════
→ 전종목 HOLD
✅ Discord 전송 완료

[10:30] HOLD | KODEX RSI87/+0.6%⚠️ | 보유:SK증권(001510) -0.7% GS(078930) -0.1% 원익피앤(217820) -1.8% | 💸예수금부족 | 최고신호 화일약품(061250) 3/3개 [RSI21 / 하락-4.1% / 호가2.9]
💰 예수금 9,774원 | KODEX200 RSI87/+0.6% 과열⚠️ | 매수기준 3개↑
📦 보유 SK증권(001510) 1주 -1.5%
📦 보유 GS(078930) 1주 +0.6%
📦 보유 원익피앤이(217820) 3주 -1.9%

코드      종목명           가격    RSI     변화율    거래량     BB   호가비  B/S
────────────────────────────────────────────────────────────────────────
[2단계 분석 대상: 001510, 078930, 217820, 207940, 034020, 079550, 003670, 035720]
⛔ 아우토크립트(137040) 호가 없음 (거래정지 의심)
078930  GS        77,100   62.5    +1.2%    0.3x     중간  0.73  1/0
061250  화일약품       8,190    0.0    +0.0%    0.0x     중간  3.33  1/0
217820  원익피앤이      3,425   44.5    -1.4%    0.2x     중간  0.49  2/1
001510  SK증권       4,575   61.7    -4.2%    0.2x     중간  2.64  3/0
⛔ 금양(001570) 호가 없음 (거래정지 의심)

══════════════════════════════════════════════════
→ 전종목 HOLD
✅ Discord 전송 완료

[10:32] HOLD | KODEX RSI87/+0.6%⚠️ | 보유:SK증권(001510) -1.5% GS(078930) +0.6% 원익피앤(217820) -1.9% | 💸예수금부족 | 최고신호 SK증권(001510) 3/3개 [하락-4.2% / MA골 / 호가2.6]
💰 예수금 9,774원 | KODEX200 RSI87/+0.6% 과열⚠️ | 매수기준 3개↑
📦 보유 SK증권(001510) 1주 -1.5%
📦 보유 GS(078930) 1주 +0.2%
📦 보유 원익피앤이(217820) 3주 -1.8%

코드      종목명           가격    RSI     변화율    거래량     BB   호가비  B/S
────────────────────────────────────────────────────────────────────────
[2단계 분석 대상: 001510, 078930, 217820, 207940, 138040, 034020, 035720, 079550]
⛔ 아우토크립트(137040) 호가 없음 (거래정지 의심)
078930  GS        77,000   62.3    +1.1%    0.3x     중간  0.75  1/0
061250  화일약품       8,190    0.0    +0.0%    0.0x     중간  3.27  1/0
217820  원익피앤이      3,435   44.7    -1.1%    0.2x     중간  0.36  2/1
001510  SK증권       4,590   61.9    -3.9%    0.2x     중간  2.45  3/0
⛔ 금양(001570) 호가 없음 (거래정지 의심)

══════════════════════════════════════════════════
→ 전종목 HOLD
✅ Discord 전송 완료

[10:34] HOLD | KODEX RSI87/+0.6%⚠️ | 보유:SK증권(001510) -1.5% GS(078930) +0.2% 원익피앤(217820) -1.8% | 💸예수금부족 | 최고신호 SK증권(001510) 3/3개 [하락-3.9% / MA골 / 호가2.5]
💰 예수금 9,774원 | KODEX200 RSI87/+0.7% 과열⚠️ | 매수기준 3개↑
📦 보유 SK증권(001510) 1주 -1.4%
📦 보유 GS(078930) 1주 -0.1%
📦 보유 원익피앤이(217820) 3주 -1.6%

코드      종목명           가격    RSI     변화율    거래량     BB   호가비  B/S
────────────────────────────────────────────────────────────────────────
[2단계 분석 대상: 001510, 078930, 217820, 138040, 207940, 012450, 000270, 034020]
⛔ 아우토크립트(137040) 호가 없음 (거래정지 의심)
078930  GS        76,900   62.1    +0.9%    0.3x     중간  0.55  1/0
061250  화일약품       8,190    0.0    +0.0%    0.0x     중간  3.22  1/0
217820  원익피앤이      3,440   44.7    -1.1%    0.2x     중간  0.42  2/1
001510  SK증권       4,580   61.8    -4.1%    0.2x     중간  1.44  3/0
⛔ 금양(001570) 호가 없음 (거래정지 의심)

══════════════════════════════════════════════════
→ 전종목 HOLD
✅ Discord 전송 완료

[10:36] HOLD | KODEX RSI87/+0.7%⚠️ | 보유:SK증권(001510) -1.4% GS(078930) -0.1% 원익피앤(217820) -1.6% | 💸예수금부족 | 최고신호 SK증권(001510) 3/3개 [하락-4.1% / MA골 / 호가1.4]
💰 예수금 9,774원 | KODEX200 RSI87/+0.9% 과열⚠️ | 매수기준 3개↑
📦 보유 SK증권(001510) 1주 -1.5%
📦 보유 GS(078930) 1주 +0.0%
📦 보유 원익피앤이(217820) 3주 -1.5%

코드      종목명           가격    RSI     변화율    거래량     BB   호가비  B/S
────────────────────────────────────────────────────────────────────────
[2단계 분석 대상: 001510, 078930, 217820, 207940, 035720, 138040, 061250, 012450]
⛔ 아우토크립트(137040) 호가 없음 (거래정지 의심)
078930  GS        77,000   62.1    +0.9%    0.3x     중간  0.52  1/0
061250  화일약품       8,190   20.6    -4.2%    0.4x     중간  3.30  3/0
217820  원익피앤이      3,450   44.8    -1.0%    0.2x     중간  0.38  2/1
001510  SK증권       4,580   61.8    -4.1%    0.2x     중간  2.72  3/0
⛔ 금양(001570) 호가 없음 (거래정지 의심)

══════════════════════════════════════════════════
→ 전종목 HOLD
✅ Discord 전송 완료

[10:38] HOLD | KODEX RSI87/+0.9%⚠️ | 보유:SK증권(001510) -1.5% GS(078930) +0.0% 원익피앤(217820) -1.5% | 💸예수금부족 | 최고신호 화일약품(061250) 3/3개 [RSI21 / 하락-4.2% / 호가3.3]
💰 예수금 9,774원 | KODEX200 RSI87/+1.2% 과열⚠️ | 매수기준 3개↑
📦 보유 SK증권(001510) 1주 -1.4%
📦 보유 GS(078930) 1주 +0.0%
📦 보유 원익피앤이(217820) 3주 -1.5%

코드      종목명           가격    RSI     변화율    거래량     BB   호가비  B/S
────────────────────────────────────────────────────────────────────────
[2단계 분석 대상: 001510, 078930, 217820, 207940, 138040, 061250, 035720, 012450]
⛔ 아우토크립트(137040) 호가 없음 (거래정지 의심)
078930  GS        77,100   62.8    +1.4%    0.3x     중간  0.60  1/0
061250  화일약품       8,190   21.0    -3.8%    0.4x     중간  3.82  3/0
217820  원익피앤이      3,445   44.9    -0.9%    0.2x     중간  0.38  1/1
001510  SK증권       4,590   61.9    -3.9%    0.2x     중간  1.92  3/0
⛔ 금양(001570) 호가 없음 (거래정지 의심)

══════════════════════════════════════════════════
→ 전종목 HOLD
✅ Discord 전송 완료

[10:40] HOLD | KODEX RSI87/+1.2%⚠️ | 보유:SK증권(001510) -1.4% GS(078930) +0.0% 원익피앤(217820) -1.5% | 💸예수금부족 | 최고신호 화일약품(061250) 3/3개 [RSI21 / 하락-3.8% / 호가3.8]
💰 예수금 9,774원 | KODEX200 RSI87/+1.2% 과열⚠️ | 매수기준 3개↑
📦 보유 SK증권(001510) 1주 -0.8%
📦 보유 GS(078930) 1주 +0.0%
📦 보유 원익피앤이(217820) 3주 -2.2%

코드      종목명           가격    RSI     변화율    거래량     BB   호가비  B/S
────────────────────────────────────────────────────────────────────────
[2단계 분석 대상: 001510, 078930, 217820, 207940, 012450, 138040, 061250, 035720]
⛔ 아우토크립트(137040) 호가 없음 (거래정지 의심)
078930  GS        76,900   62.0    +0.8%    0.3x     중간  0.55  1/0
061250  화일약품       8,190   21.0    -3.8%    0.4x     중간  4.27  3/0
217820  원익피앤이      3,435   44.6    -1.3%    0.2x     중간  0.45  2/1
001510  SK증권       4,595   62.0    -3.8%    0.2x     중간  4.18  3/0
⛔ 금양(001570) 호가 없음 (거래정지 의심)

══════════════════════════════════════════════════
→ 전종목 HOLD
✅ Discord 전송 완료

[10:42] HOLD | KODEX RSI87/+1.2%⚠️ | 보유:SK증권(001510) -0.8% GS(078930) +0.0% 원익피앤(217820) -2.2% | 💸예수금부족 | 최고신호 화일약품(061250) 3/3개 [RSI21 / 하락-3.8% / 호가4.3]
💰 예수금 9,774원 | KODEX200 RSI87/+1.2% 과열⚠️ | 매수기준 3개↑
📦 보유 SK증권(001510) 1주 -1.4%
📦 보유 GS(078930) 1주 -0.2%
📦 보유 원익피앤이(217820) 3주 -1.8%

코드      종목명           가격    RSI     변화율    거래량     BB   호가비  B/S
────────────────────────────────────────────────────────────────────────
[2단계 분석 대상: 001510, 078930, 217820, 207940, 079550, 138040, 012450, 035720]
⛔ 아우토크립트(137040) 호가 없음 (거래정지 의심)
078930  GS        76,800   61.9    +0.7%    0.4x     중간  0.56  1/0
061250  화일약품       8,200    0.0    +0.0%    0.0x     중간  3.86  1/0
217820  원익피앤이      3,435   44.7    -1.1%    0.2x     중간  0.53  2/1
001510  SK증권       4,565   61.4    -4.5%    0.2x     중간  3.58  3/0
⛔ 금양(001570) 호가 없음 (거래정지 의심)

══════════════════════════════════════════════════
→ 전종목 HOLD
✅ Discord 전송 완료

[10:44] HOLD | KODEX RSI87/+1.2%⚠️ | 보유:SK증권(001510) -1.4% GS(078930) -0.2% 원익피앤(217820) -1.8% | 💸예수금부족 | 최고신호 SK증권(001510) 3/3개 [하락-4.5% / MA골 / 호가3.6]
💰 예수금 9,774원 | KODEX200 RSI87/+1.2% 과열⚠️ | 매수기준 3개↑
📦 보유 SK증권(001510) 1주 -1.6%
📦 보유 GS(078930) 1주 -0.1%
📦 보유 원익피앤이(217820) 3주 -1.9%

코드      종목명           가격    RSI     변화율    거래량     BB   호가비  B/S
────────────────────────────────────────────────────────────────────────
[2단계 분석 대상: 001510, 078930, 217820, 138040, 079550, 207940, 061250, 012450]
⛔ 아우토크립트(137040) 호가 없음 (거래정지 의심)
078930  GS        76,800   61.7    +0.5%    0.4x     중간  0.77  1/0
061250  화일약품       8,200   20.7    -4.1%    0.4x     중간  4.02  3/0
217820  원익피앤이      3,425   44.4    -1.6%    0.2x     중간  0.43  2/1
001510  SK증권       4,560   61.3    -4.7%    0.2x     중간  2.18  3/0
⛔ 금양(001570) 호가 없음 (거래정지 의심)

══════════════════════════════════════════════════
→ 전종목 HOLD
✅ Discord 전송 완료

[10:46] HOLD | KODEX RSI87/+1.2%⚠️ | 보유:SK증권(001510) -1.6% GS(078930) -0.1% 원익피앤(217820) -1.9% | 💸예수금부족 | 최고신호 화일약품(061250) 3/3개 [RSI21 / 하락-4.1% / 호가4.0]
💰 예수금 9,774원 | KODEX200 RSI87/+1.4% 과열⚠️ | 매수기준 3개↑
📦 보유 SK증권(001510) 1주 -2.1%
📦 보유 GS(078930) 1주 +0.0%
📦 보유 원익피앤이(217820) 3주 -2.1%

코드      종목명           가격    RSI     변화율    거래량     BB   호가비  B/S
────────────────────────────────────────────────────────────────────────
[2단계 분석 대상: 001510, 078930, 217820, 207940, 079550, 012450, 138040, 035720]
⛔ 아우토크립트(137040) 호가 없음 (거래정지 의심)
078930  GS        76,900   62.1    +0.9%    0.4x     중간  0.31  1/0
061250  화일약품       8,200    0.0    +0.0%    0.0x     중간  2.75  1/0
217820  원익피앤이      3,420   44.4    -1.6%    0.2x     중간  0.45  2/1
001510  SK증권       4,550   61.3    -4.7%    0.2x     중간  4.92  3/0
⛔ 금양(001570) 호가 없음 (거래정지 의심)

══════════════════════════════════════════════════
→ 전종목 HOLD
✅ Discord 전송 완료

[10:48] HOLD | KODEX RSI87/+1.4%⚠️ | 보유:SK증권(001510) -2.1% GS(078930) +0.0% 원익피앤(217820) -2.1% | 💸예수금부족 | 최고신호 SK증권(001510) 3/3개 [하락-4.7% / MA골 / 호가4.9]
💰 예수금 9,774원 | KODEX200 RSI87/+1.6% 과열⚠️ | 매수기준 3개↑
📦 보유 SK증권(001510) 1주 -2.0%
📦 보유 GS(078930) 1주 +0.2%
📦 보유 원익피앤이(217820) 3주 -2.2%

코드      종목명           가격    RSI     변화율    거래량     BB   호가비  B/S
────────────────────────────────────────────────────────────────────────
[2단계 분석 대상: 001510, 078930, 217820, 066970, 035720, 259960, 138040, 207940]
⛔ 아우토크립트(137040) 호가 없음 (거래정지 의심)
078930  GS        76,900   62.0    +0.8%    0.4x     중간  0.31  1/0
061250  화일약품       8,200    0.0    +0.0%    0.0x     중간  2.74  1/0
217820  원익피앤이      3,425   44.4    -1.6%    0.2x     중간  0.50  2/1
001510  SK증권       4,555   61.4    -4.6%    0.2x     중간  1.79  3/0
⛔ 금양(001570) 호가 없음 (거래정지 의심)

══════════════════════════════════════════════════
→ 전종목 HOLD
✅ Discord 전송 완료

[10:50] HOLD | KODEX RSI87/+1.6%⚠️ | 보유:SK증권(001510) -2.0% GS(078930) +0.2% 원익피앤(217820) -2.2% | 💸예수금부족 | 최고신호 SK증권(001510) 3/3개 [하락-4.6% / MA골 / 호가1.8]
💰 예수금 9,774원 | KODEX200 RSI87/+1.5% 과열⚠️ | 매수기준 3개↑
📦 보유 SK증권(001510) 1주 -2.0%
📦 보유 GS(078930) 1주 +0.2%
📦 보유 원익피앤이(217820) 3주 -2.1%

코드      종목명           가격    RSI     변화율    거래량     BB   호가비  B/S
────────────────────────────────────────────────────────────────────────
[2단계 분석 대상: 001510, 078930, 217820, 056080, 061250, 138040, 035720, 066970]
⛔ 아우토크립트(137040) 호가 없음 (거래정지 의심)
078930  GS        77,100   62.3    +1.1%    0.4x     중간  0.19  1/0
061250  화일약품       8,200   20.9    -3.9%    0.5x     중간  3.72  3/0
217820  원익피앤이      3,415   44.1    -1.9%    0.2x     중간  0.43  2/1
001510  SK증권       4,550   61.3    -4.7%    0.2x     중간  2.89  3/0
⛔ 금양(001570) 호가 없음 (거래정지 의심)

══════════════════════════════════════════════════
→ 전종목 HOLD
✅ Discord 전송 완료

[10:52] HOLD | KODEX RSI87/+1.5%⚠️ | 보유:SK증권(001510) -2.0% GS(078930) +0.2% 원익피앤(217820) -2.1% | 💸예수금부족 | 최고신호 화일약품(061250) 3/3개 [RSI21 / 하락-3.9% / 호가3.7]
💰 예수금 9,774원 | KODEX200 RSI87/+1.3% 과열⚠️ | 매수기준 3개↑
📦 보유 SK증권(001510) 1주 -2.3%
📦 보유 GS(078930) 1주 -0.1%
📦 보유 원익피앤이(217820) 3주 -2.3%

코드      종목명           가격    RSI     변화율    거래량     BB   호가비  B/S
────────────────────────────────────────────────────────────────────────
[2단계 분석 대상: 001510, 078930, 217820, 056080, 138040, 061250, 034020, 035720]
⛔ 아우토크립트(137040) 호가 없음 (거래정지 의심)
078930  GS        77,000   62.1    +0.9%    0.4x     중간  0.19  1/0
061250  화일약품       8,200   20.9    -3.9%    0.5x     중간  3.72  3/0
217820  원익피앤이      3,405   43.7    -2.5%    0.3x     중간  0.53  2/1
001510  SK증권       4,525   60.9    -5.2%    0.2x     중간  2.01  3/0
⛔ 금양(001570) 호가 없음 (거래정지 의심)

══════════════════════════════════════════════════
→ 전종목 HOLD
✅ Discord 전송 완료

[10:54] HOLD | KODEX RSI87/+1.3%⚠️ | 보유:SK증권(001510) -2.3% GS(078930) -0.1% 원익피앤(217820) -2.3% | 💸예수금부족 | 최고신호 화일약품(061250) 3/3개 [RSI21 / 하락-3.9% / 호가3.7]
💰 예수금 9,774원 | KODEX200 RSI87/+0.8% 과열⚠️ | 매수기준 3개↑
📦 보유 SK증권(001510) 1주 -2.8% ⚠️주의
📦 보유 GS(078930) 1주 +0.0%
📦 보유 원익피앤이(217820) 3주 -2.6% ⚠️주의

코드      종목명           가격    RSI     변화율    거래량     BB   호가비  B/S
────────────────────────────────────────────────────────────────────────
[2단계 분석 대상: 001510, 078930, 217820, 084850, 138040, 056080, 000270, 003670]
⛔ 아우토크립트(137040) 호가 없음 (거래정지 의심)
078930  GS        77,000   62.3    +1.1%    0.4x     중간  0.16  1/0
061250  화일약품       8,200    0.0    +0.0%    0.0x     중간  3.74  1/0
217820  원익피앤이      3,405   44.0    -2.0%    0.3x     중간  1.39  3/1
001510  SK증권       4,520   60.7    -5.5%    0.2x     중간  3.99  3/0
⛔ 금양(001570) 호가 없음 (거래정지 의심)

══════════════════════════════════════════════════
→ 전종목 HOLD
✅ Discord 전송 완료

[10:56] HOLD | KODEX RSI87/+0.8%⚠️ | 보유:SK증권(001510) -2.8% GS(078930) +0.0% 원익피앤(217820) -2.6% | 💸예수금부족 | 최고신호 원익피앤이(217820) 3/3개 [RSI44 / 하락-2.0% / 호가1.4]
💰 예수금 9,774원 | KODEX200 RSI87/+0.8% 과열⚠️ | 매수기준 3개↑
📦 보유 SK증권(001510) 1주 -2.6% ⚠️주의
📦 보유 GS(078930) 1주 -0.1%
📦 보유 원익피앤이(217820) 3주 -2.9% ⚠️주의

코드      종목명           가격    RSI     변화율    거래량     BB   호가비  B/S
────────────────────────────────────────────────────────────────────────
[2단계 분석 대상: 001510, 078930, 217820, 056080, 138040, 034020, 003670, 061250]
⛔ 아우토크립트(137040) 호가 없음 (거래정지 의심)
078930  GS        76,900   62.1    +0.9%    0.4x     중간  0.28  1/0
061250  화일약품       8,200   20.9    -3.9%    0.5x     중간  3.33  3/0
217820  원익피앤이      3,400   43.9    -2.2%    0.3x     중간  2.46  3/1
001510  SK증권       4,520   60.8    -5.3%    0.2x     중간  4.78  3/0
⛔ 금양(001570) 호가 없음 (거래정지 의심)

══════════════════════════════════════════════════
→ 전종목 HOLD
✅ Discord 전송 완료

[10:58] HOLD | KODEX RSI87/+0.8%⚠️ | 보유:SK증권(001510) -2.6% GS(078930) -0.1% 원익피앤(217820) -2.9% | 💸예수금부족 | 최고신호 화일약품(061250) 3/3개 [RSI21 / 하락-3.9% / 호가3.3]
💰 예수금 9,774원 | KODEX200 RSI87/+1.1% 과열⚠️ | 매수기준 3개↑
📦 보유 SK증권(001510) 1주 -2.6% ⚠️주의
📦 보유 GS(078930) 1주 +0.0%
📦 보유 원익피앤이(217820) 3주 -2.8% ⚠️주의

코드      종목명           가격    RSI     변화율    거래량     BB   호가비  B/S
────────────────────────────────────────────────────────────────────────
[2단계 분석 대상: 001510, 078930, 217820, 056080, 066970, 061250, 259960, 035720]
⛔ 아우토크립트(137040) 호가 없음 (거래정지 의심)
078930  GS        76,900   62.1    +0.9%    0.4x     중간  0.18  1/0
061250  화일약품       8,200   20.9    -3.9%    0.5x     중간  3.82  3/0
217820  원익피앤이      3,395   43.7    -2.5%    0.3x     중간  2.21  3/1
001510  SK증권       4,525   60.9    -5.2%    0.2x     중간  4.55  3/0
⛔ 금양(001570) 호가 없음 (거래정지 의심)

══════════════════════════════════════════════════
→ 전종목 HOLD
✅ Discord 전송 완료

[11:00] HOLD | KODEX RSI87/+1.1%⚠️ | 보유:SK증권(001510) -2.6% GS(078930) +0.0% 원익피앤(217820) -2.8% | 💸예수금부족 | 최고신호 화일약품(061250) 3/3개 [RSI21 / 하락-3.9% / 호가3.8]
💰 예수금 9,774원 | KODEX200 RSI87/+1.1% 과열⚠️ | 매수기준 3개↑
📦 보유 SK증권(001510) 1주 -2.5% ⚠️주의
📦 보유 GS(078930) 1주 -0.1%
📦 보유 원익피앤이(217820) 3주 -2.9% ⚠️주의

코드      종목명           가격    RSI     변화율    거래량     BB   호가비  B/S
────────────────────────────────────────────────────────────────────────
[2단계 분석 대상: 001510, 078930, 217820, 056080, 003670, 034020, 035720, 247540]
⛔ 아우토크립트(137040) 호가 없음 (거래정지 의심)
078930  GS        76,900   62.0    +0.8%    0.4x     중간  0.20  1/0
061250  화일약품       8,180    0.0    +0.0%    0.0x     중간  2.34  1/0
217820  원익피앤이      3,395   43.8    -2.3%    0.3x     중간  2.21  3/1
001510  SK증권       4,515   60.7    -5.5%    0.2x     중간  4.78  3/0
⛔ 금양(001570) 호가 없음 (거래정지 의심)

══════════════════════════════════════════════════
→ 전종목 HOLD
✅ Discord 전송 완료

[11:02] HOLD | KODEX RSI87/+1.1%⚠️ | 보유:SK증권(001510) -2.5% GS(078930) -0.1% 원익피앤(217820) -2.9% | 💸예수금부족 | 최고신호 원익피앤이(217820) 3/3개 [RSI44 / 하락-2.3% / 호가2.2]
💰 예수금 9,771원 | KODEX200 RSI87/+1.1% 과열⚠️ | 매수기준 3개↑
📦 보유 SK증권(001510) 1주 -2.9% ⚠️주의
📦 보유 GS(078930) 1주 +1.5%
📦 보유 원익피앤이(217820) 3주 -2.8% ⚠️주의

코드      종목명           가격    RSI     변화율    거래량     BB   호가비  B/S
────────────────────────────────────────────────────────────────────────
[2단계 분석 대상: 001510, 078930, 217820, 056080, 003670, 247540, 034020, 066970]
⛔ 아우토크립트(137040) 호가 없음 (거래정지 의심)
078930  GS        78,500   62.8    +1.4%    0.5x     중간  1.54  2/0
061250  화일약품       8,180    0.0    +0.0%    0.0x     중간  2.34  1/0
217820  원익피앤이      3,395   43.7    -2.5%    0.3x     중간  2.16  3/1
001510  SK증권       4,510   60.5    -5.7%    0.2x     중간  5.73  3/0
⛔ 금양(001570) 호가 없음 (거래정지 의심)

══════════════════════════════════════════════════
→ 전종목 HOLD
✅ Discord 전송 완료

[11:04] HOLD | KODEX RSI87/+1.1%⚠️ | 보유:SK증권(001510) -2.9% GS(078930) +1.5% 원익피앤(217820) -2.8% | 💸예수금부족 | 최고신호 원익피앤이(217820) 3/3개 [RSI44 / 하락-2.5% / 호가2.2]
💰 예수금 9,775원 | KODEX200 RSI87/+1.0% 과열⚠️ | 매수기준 3개↑
📦 보유 SK증권(001510) 1주 -2.9% ⚠️주의
📦 보유 GS(078930) 1주 -0.6%
📦 보유 원익피앤이(217820) 3주 -2.8% ⚠️주의

코드      종목명           가격    RSI     변화율    거래량     BB   호가비  B/S
────────────────────────────────────────────────────────────────────────
[2단계 분석 대상: 001510, 078930, 217820, 056080, 012450, 034020, 247540, 003670]
⛔ 아우토크립트(137040) 호가 없음 (거래정지 의심)
078930  GS        76,700   62.1    +0.9%    0.5x     중간  1.66  2/0
061250  화일약품       8,180    0.0    +0.0%    0.0x     중간  2.36  1/0
217820  원익피앤이      3,395   43.6    -2.6%    0.3x     중간  2.28  3/1
001510  SK증권       4,515   60.6    -5.5%    0.2x     중간  5.78  3/0
⛔ 금양(001570) 호가 없음 (거래정지 의심)

══════════════════════════════════════════════════
→ 전종목 HOLD
✅ Discord 전송 완료

[11:06] HOLD | KODEX RSI87/+1.0%⚠️ | 보유:SK증권(001510) -2.9% GS(078930) -0.6% 원익피앤(217820) -2.8% | 💸예수금부족 | 최고신호 원익피앤이(217820) 3/3개 [RSI44 / 하락-2.6% / 호가2.3]
💰 예수금 9,778원 | KODEX200 RSI87/+0.9% 과열⚠️ | 매수기준 3개↑
📦 보유 SK증권(001510) 1주 -2.9% ⚠️주의
📦 보유 GS(078930) 1주 -2.0%
📦 보유 원익피앤이(217820) 3주 -3.1% ⚠️주의

코드      종목명           가격    RSI     변화율    거래량     BB   호가비  B/S
────────────────────────────────────────────────────────────────────────
[2단계 분석 대상: 001510, 078930, 217820, 056080, 247540, 003670, 012450, 034020]
⛔ 아우토크립트(137040) 호가 없음 (거래정지 의심)
078930  GS        74,600   57.8    -1.8%    0.6x     중간  0.06  2/0
061250  화일약품       8,180    0.0    +0.0%    0.0x     중간  2.50  1/0
217820  원익피앤이      3,395   43.5    -2.7%    0.3x     중간  2.07  3/1
001510  SK증권       4,515   60.7    -5.5%    0.2x     중간  6.04  3/0
⛔ 금양(001570) 호가 없음 (거래정지 의심)

══════════════════════════════════════════════════
→ 전종목 HOLD
✅ Discord 전송 완료

[11:08] HOLD | KODEX RSI87/+0.9%⚠️ | 보유:SK증권(001510) -2.9% GS(078930) -2.0% 원익피앤(217820) -3.1% | 💸예수금부족 | 최고신호 원익피앤이(217820) 3/3개 [RSI44 / 하락-2.7% / 호가2.1]
💰 예수금 9,778원 | KODEX200 RSI87/+0.9% 과열⚠️ | 매수기준 3개↑
📦 보유 SK증권(001510) 1주 -2.8% ⚠️주의
📦 보유 GS(078930) 1주 -2.3%
📦 보유 원익피앤이(217820) 3주 -2.8% ⚠️주의

코드      종목명           가격    RSI     변화율    거래량     BB   호가비  B/S
────────────────────────────────────────────────────────────────────────
[2단계 분석 대상: 001510, 078930, 217820, 056080, 034020, 003670, 012450, 012330]
⛔ 아우토크립트(137040) 호가 없음 (거래정지 의심)
078930  GS        73,900   55.6    -3.1%    0.6x     중간  0.51  2/0
061250  화일약품       8,170    0.0    +0.0%    0.0x     중간  3.22  1/0
217820  원익피앤이      3,385   43.6    -2.6%    0.3x     중간  3.14  3/1
001510  SK증권       4,515   60.6    -5.5%    0.2x     중간  4.55  3/0
⛔ 금양(001570) 호가 없음 (거래정지 의심)

══════════════════════════════════════════════════
→ 전종목 HOLD
✅ Discord 전송 완료

[11:10] HOLD | KODEX RSI87/+0.9%⚠️ | 보유:SK증권(001510) -2.8% GS(078930) -2.3% 원익피앤(217820) -2.8% | 💸예수금부족 | 최고신호 원익피앤이(217820) 3/3개 [RSI44 / 하락-2.6% / 호가3.1]
💰 예수금 9,781원 | KODEX200 RSI87/+0.9% 과열⚠️ | 매수기준 3개↑
📦 보유 SK증권(001510) 1주 -3.0% ⚠️주의
📦 보유 GS(078930) 1주 -4.0% 🔴스탑로스임박
📦 보유 원익피앤이(217820) 3주 -3.4% ⚠️주의

코드      종목명           가격    RSI     변화율    거래량     BB   호가비  B/S
────────────────────────────────────────────────────────────────────────
[2단계 분석 대상: 001510, 078930, 217820, 056080, 247540, 034020, 138040, 003670]
⛔ 아우토크립트(137040) 호가 없음 (거래정지 의심)
078930  GS        73,500   55.0    -3.5%    0.7x     중간  2.23  3/0
061250  화일약품       8,170    0.0    +0.0%    0.0x     중간  4.76  1/0
217820  원익피앤이      3,375   43.4    -2.9%    0.3x     중간  4.43  3/1
001510  SK증권       4,505   60.5    -5.7%    0.2x     중간  8.62  3/0
⛔ 금양(001570) 호가 없음 (거래정지 의심)

══════════════════════════════════════════════════
→ 전종목 HOLD
✅ Discord 전송 완료

[11:12] HOLD | KODEX RSI87/+0.9%⚠️ | 보유:SK증권(001510) -3.0% GS(078930) -4.0% 원익피앤(217820) -3.4% | 💸예수금부족 | 최고신호 GS(078930) 3/3개 [하락-3.5% / MA골 / 호가2.2]
💰 예수금 9,781원 | KODEX200 RSI87/+0.6% 과열⚠️ | 매수기준 3개↑
📦 보유 SK증권(001510) 1주 -2.9% ⚠️주의
📦 보유 GS(078930) 1주 -4.4% 🔴스탑로스임박
📦 보유 원익피앤이(217820) 3주 -3.4% ⚠️주의

코드      종목명           가격    RSI     변화율    거래량     BB   호가비  B/S
────────────────────────────────────────────────────────────────────────
[2단계 분석 대상: 001510, 078930, 217820, 056080, 003670, 034020, 138040, 061250]
⛔ 아우토크립트(137040) 호가 없음 (거래정지 의심)
078930  GS        73,300   54.8    -3.7%    0.7x     중간  1.73  3/0
061250  화일약품       8,160   20.6    -4.3%    0.5x     중간  4.85  3/0
217820  원익피앤이      3,370   43.1    -3.3%    0.3x     중간  3.25  3/1
001510  SK증권       4,510   60.5    -5.7%    0.2x     중간  5.77  3/0
⛔ 금양(001570) 호가 없음 (거래정지 의심)

══════════════════════════════════════════════════
→ 전종목 HOLD
✅ Discord 전송 완료

[11:14] HOLD | KODEX RSI87/+0.6%⚠️ | 보유:SK증권(001510) -2.9% GS(078930) -4.4% 원익피앤(217820) -3.4% | 💸예수금부족 | 최고신호 GS(078930) 3/3개 [하락-3.7% / MA골 / 호가1.7]
💰 예수금 9,781원 | KODEX200 RSI87/+0.9% 과열⚠️ | 매수기준 3개↑
📦 보유 SK증권(001510) 1주 -3.0% ⚠️주의
📦 보유 GS(078930) 1주 -4.5% 🔴스탑로스임박
📦 보유 원익피앤이(217820) 3주 -3.6% ⚠️주의

코드      종목명           가격    RSI     변화율    거래량     BB   호가비  B/S
────────────────────────────────────────────────────────────────────────
[2단계 분석 대상: 001510, 078930, 217820, 247540, 056080, 003670, 061250, 012450]
⛔ 아우토크립트(137040) 호가 없음 (거래정지 의심)
078930  GS        73,300   55.0    -3.5%    0.7x     중간  1.45  3/0
061250  화일약품       8,160   20.6    -4.3%    0.5x     중간  5.41  3/0
217820  원익피앤이      3,365   43.2    -3.2%    0.3x     중간  3.04  3/1
001510  SK증권       4,510   60.5    -5.7%    0.3x     중간  3.91  3/0
⛔ 금양(001570) 호가 없음 (거래정지 의심)

══════════════════════════════════════════════════
→ 전종목 HOLD
✅ Discord 전송 완료

[11:16] HOLD | KODEX RSI87/+0.9%⚠️ | 보유:SK증권(001510) -3.0% GS(078930) -4.5% 원익피앤(217820) -3.6% | 💸예수금부족 | 최고신호 GS(078930) 3/3개 [하락-3.5% / MA골 / 호가1.4]
💰 예수금 9,782원 | KODEX200 RSI87/+1.0% 과열⚠️ | 매수기준 3개↑
📦 보유 SK증권(001510) 1주 -3.0% ⚠️주의
📦 보유 GS(078930) 1주 -5.0% 🔴스탑로스임박
📦 보유 원익피앤이(217820) 3주 -3.8% ⚠️주의

코드      종목명           가격    RSI     변화율    거래량     BB   호가비  B/S
────────────────────────────────────────────────────────────────────────
[2단계 분석 대상: 001510, 078930, 217820, 061250, 012450, 034020, 068270, 056080]
⛔ 아우토크립트(137040) 호가 없음 (거래정지 의심)
078930  GS        73,400   55.6    -3.1%    0.7x     중간  1.12  2/0
061250  화일약품       8,160   20.6    -4.3%    0.5x     중간  6.02  3/0
217820  원익피앤이      3,375   43.4    -2.9%    0.3x     중간  2.48  3/1
001510  SK증권       4,505   60.5    -5.7%    0.3x     중간  3.33  3/0
⛔ 금양(001570) 호가 없음 (거래정지 의심)

══════════════════════════════════════════════════
→ 전종목 HOLD
✅ Discord 전송 완료

[11:18] HOLD | KODEX RSI87/+1.0%⚠️ | 보유:SK증권(001510) -3.0% GS(078930) -5.0% 원익피앤(217820) -3.8% | 💸예수금부족 | 최고신호 화일약품(061250) 3/3개 [RSI21 / 하락-4.3% / 호가6.0]
💰 예수금 9,781원 | KODEX200 RSI87/+1.2% 과열⚠️ | 매수기준 3개↑
📦 보유 SK증권(001510) 1주 -3.0% ⚠️주의
📦 보유 GS(078930) 1주 -4.4% 🔴스탑로스임박
📦 보유 원익피앤이(217820) 3주 -3.9% ⚠️주의

코드      종목명           가격    RSI     변화율    거래량     BB   호가비  B/S
────────────────────────────────────────────────────────────────────────
[2단계 분석 대상: 001510, 078930, 217820, 061250, 207940, 012450, 068270, 034020]
⛔ 아우토크립트(137040) 호가 없음 (거래정지 의심)
078930  GS        73,300   54.8    -3.7%    0.7x     중간  0.67  2/0
061250  화일약품       8,160   20.6    -4.3%    0.5x     중간  6.02  3/0
217820  원익피앤이      3,375   43.4    -2.9%    0.3x     중간  3.11  3/1
001510  SK증권       4,505   60.5    -5.7%    0.3x     중간  2.42  3/0
⛔ 금양(001570) 호가 없음 (거래정지 의심)

══════════════════════════════════════════════════
→ 전종목 HOLD
✅ Discord 전송 완료

[11:20] HOLD | KODEX RSI87/+1.2%⚠️ | 보유:SK증권(001510) -3.0% GS(078930) -4.4% 원익피앤(217820) -3.9% | 💸예수금부족 | 최고신호 화일약품(061250) 3/3개 [RSI21 / 하락-4.3% / 호가6.0]
💰 예수금 9,782원 | KODEX200 RSI87/+1.3% 과열⚠️ | 매수기준 3개↑
📦 보유 SK증권(001510) 1주 -3.0% ⚠️주의
📦 보유 GS(078930) 1주 -4.9% 🔴스탑로스임박
📦 보유 원익피앤이(217820) 3주 -3.8% ⚠️주의

코드      종목명           가격    RSI     변화율    거래량     BB   호가비  B/S
────────────────────────────────────────────────────────────────────────
[2단계 분석 대상: 001510, 078930, 217820, 061250, 207940, 012450, 056080, 035720]
⛔ 아우토크립트(137040) 호가 없음 (거래정지 의심)
078930  GS        73,300   54.2    -4.1%    0.7x     중간  0.73  2/0
061250  화일약품       8,180   20.7    -4.1%    0.5x     중간  5.40  3/0
217820  원익피앤이      3,370   43.1    -3.3%    0.3x     중간  3.91  3/1
001510  SK증권       4,495   60.4    -5.9%    0.3x     중간  2.55  3/0
⛔ 금양(001570) 호가 없음 (거래정지 의심)

══════════════════════════════════════════════════
→ 전종목 HOLD
✅ Discord 전송 완료

[11:22] HOLD | KODEX RSI87/+1.3%⚠️ | 보유:SK증권(001510) -3.0% GS(078930) -4.9% 원익피앤(217820) -3.8% | 💸예수금부족 | 최고신호 화일약품(061250) 3/3개 [RSI21 / 하락-4.1% / 호가5.4]
💰 예수금 9,782원 | KODEX200 RSI87/+1.3% 과열⚠️ | 매수기준 3개↑
📦 보유 SK증권(001510) 1주 -3.1% ⚠️주의
📦 보유 GS(078930) 1주 -5.0% 🔴스탑로스임박
📦 보유 원익피앤이(217820) 3주 -3.8% ⚠️주의

코드      종목명           가격    RSI     변화율    거래량     BB   호가비  B/S
────────────────────────────────────────────────────────────────────────
[2단계 분석 대상: 001510, 078930, 217820, 207940, 061250, 056080, 012450, 138040]
⛔ 아우토크립트(137040) 호가 없음 (거래정지 의심)
078930  GS        72,800   53.4    -4.6%    0.7x     중간  0.44  2/0
061250  화일약품       8,170   20.7    -4.1%    0.5x     중간  5.51  3/0
217820  원익피앤이      3,370   43.3    -3.0%    0.3x     중간  4.25  3/1
001510  SK증권       4,500   60.4    -5.8%    0.3x     중간  2.63  3/0
⛔ 금양(001570) 호가 없음 (거래정지 의심)

══════════════════════════════════════════════════
→ 전종목 HOLD
✅ Discord 전송 완료

[11:24] HOLD | KODEX RSI87/+1.3%⚠️ | 보유:SK증권(001510) -3.1% GS(078930) -5.0% 원익피앤(217820) -3.8% | 💸예수금부족 | 최고신호 화일약품(061250) 3/3개 [RSI21 / 하락-4.1% / 호가5.5]
💰 예수금 9,782원 | KODEX200 RSI87/+1.3% 과열⚠️ | 매수기준 3개↑
📦 보유 SK증권(001510) 1주 -3.1% ⚠️주의
📦 보유 GS(078930) 1주 -5.2% 🔴스탑로스임박
📦 보유 원익피앤이(217820) 3주 -3.5% ⚠️주의

코드      종목명           가격    RSI     변화율    거래량     BB   호가비  B/S
────────────────────────────────────────────────────────────────────────
[2단계 분석 대상: 001510, 078930, 217820, 207940, 058470, 061250, 068270, 012450]
⛔ 아우토크립트(137040) 호가 없음 (거래정지 의심)
078930  GS        73,000   53.8    -4.3%    0.8x     중간  0.58  2/0
061250  화일약품       8,170   20.7    -4.1%    0.5x     중간  5.32  3/0
217820  원익피앤이      3,375   43.3    -3.0%    0.3x     중간  3.09  3/1
001510  SK증권       4,500   60.4    -5.8%    0.3x     중간  2.39  3/0
⛔ 금양(001570) 호가 없음 (거래정지 의심)

══════════════════════════════════════════════════
→ 전종목 HOLD
✅ Discord 전송 완료

[11:26] HOLD | KODEX RSI87/+1.3%⚠️ | 보유:SK증권(001510) -3.1% GS(078930) -5.2% 원익피앤(217820) -3.5% | 💸예수금부족 | 최고신호 화일약품(061250) 3/3개 [RSI21 / 하락-4.1% / 호가5.3]
💰 예수금 9,782원 | KODEX200 RSI87/+1.4% 과열⚠️ | 매수기준 3개↑
📦 보유 SK증권(001510) 1주 -3.0% ⚠️주의
📦 보유 GS(078930) 1주 -4.8% 🔴스탑로스임박
📦 보유 원익피앤이(217820) 3주 -3.2% ⚠️주의

코드      종목명           가격    RSI     변화율    거래량     BB   호가비  B/S
────────────────────────────────────────────────────────────────────────
[2단계 분석 대상: 001510, 078930, 217820, 207940, 058470, 138040, 061250, 068270]
⛔ 아우토크립트(137040) 호가 없음 (거래정지 의심)
078930  GS        73,300   54.4    -3.9%    0.8x     중간  1.72  3/0
061250  화일약품       8,170   20.7    -4.1%    0.5x     중간  5.34  3/0
217820  원익피앤이      3,380   43.7    -2.5%    0.3x     중간  4.11  3/1
001510  SK증권       4,510   60.5    -5.7%    0.3x     중간  2.65  3/0
⛔ 금양(001570) 호가 없음 (거래정지 의심)

══════════════════════════════════════════════════
→ 전종목 HOLD
✅ Discord 전송 완료

[11:28] HOLD | KODEX RSI87/+1.4%⚠️ | 보유:SK증권(001510) -3.0% GS(078930) -4.8% 원익피앤(217820) -3.2% | 💸예수금부족 | 최고신호 GS(078930) 3/3개 [하락-3.9% / MA골 / 호가1.7]
💰 예수금 9,782원 | KODEX200 RSI87/+1.3% 과열⚠️ | 매수기준 3개↑
📦 보유 SK증권(001510) 1주 -2.8% ⚠️주의
📦 보유 GS(078930) 1주 -5.0% 🔴스탑로스임박
📦 보유 원익피앤이(217820) 3주 -2.9% ⚠️주의

코드      종목명           가격    RSI     변화율    거래량     BB   호가비  B/S
────────────────────────────────────────────────────────────────────────
[2단계 분석 대상: 001510, 078930, 217820, 207940, 058470, 138040, 061250, 034020]
⛔ 아우토크립트(137040) 호가 없음 (거래정지 의심)
078930  GS        72,800   53.6    -4.5%    0.8x     중간  2.07  3/0
061250  화일약품       8,170   20.7    -4.1%    0.5x     중간  5.34  3/0
217820  원익피앤이      3,395   43.7    -2.5%    0.3x     중간  3.16  3/1
001510  SK증권       4,510   60.6    -5.5%    0.3x     중간  3.03  3/0
⛔ 금양(001570) 호가 없음 (거래정지 의심)

══════════════════════════════════════════════════
→ 전종목 HOLD
✅ Discord 전송 완료

[11:30] HOLD | KODEX RSI87/+1.3%⚠️ | 보유:SK증권(001510) -2.8% GS(078930) -5.0% 원익피앤(217820) -2.9% | 💸예수금부족 | 최고신호 GS(078930) 3/3개 [하락-4.5% / MA골 / 호가2.1]
💰 예수금 9,782원 | KODEX200 RSI87/+1.5% 과열⚠️ | 매수기준 3개↑
📦 보유 SK증권(001510) 1주 -2.9% ⚠️주의
📦 보유 GS(078930) 1주 -5.2% 🔴스탑로스임박
📦 보유 원익피앤이(217820) 3주 -3.2% ⚠️주의

코드      종목명           가격    RSI     변화율    거래량     BB   호가비  B/S
────────────────────────────────────────────────────────────────────────
[2단계 분석 대상: 001510, 078930, 217820, 207940, 138040, 061250, 068270, 058470]
⛔ 아우토크립트(137040) 호가 없음 (거래정지 의심)
078930  GS        72,900   53.6    -4.5%    0.8x     중간  1.43  3/0
061250  화일약품       8,170   20.7    -4.1%    0.5x     중간  5.35  3/0
217820  원익피앤이      3,385   43.5    -2.7%    0.3x     중간  3.47  3/1
001510  SK증권       4,515   60.6    -5.5%    0.3x     중간  2.72  3/0
⛔ 금양(001570) 호가 없음 (거래정지 의심)

══════════════════════════════════════════════════
→ 전종목 HOLD
✅ Discord 전송 완료

[11:32] HOLD | KODEX RSI87/+1.5%⚠️ | 보유:SK증권(001510) -2.9% GS(078930) -5.2% 원익피앤(217820) -3.2% | 💸예수금부족 | 최고신호 GS(078930) 3/3개 [하락-4.5% / MA골 / 호가1.4]
💰 예수금 9,782원 | KODEX200 RSI87/+1.5% 과열⚠️ | 매수기준 3개↑
📦 보유 SK증권(001510) 1주 -2.8% ⚠️주의
📦 보유 GS(078930) 1주 -5.3% 🔴스탑로스임박
📦 보유 원익피앤이(217820) 3주 -3.1% ⚠️주의

코드      종목명           가격    RSI     변화율    거래량     BB   호가비  B/S
────────────────────────────────────────────────────────────────────────
[2단계 분석 대상: 001510, 078930, 217820, 058470, 138040, 207940, 061250, 034020]
⛔ 아우토크립트(137040) 호가 없음 (거래정지 의심)
078930  GS        72,800   53.6    -4.5%    0.8x     중간  1.38  3/0
061250  화일약품       8,170   20.8    -4.0%    0.5x     중간  4.91  3/0
217820  원익피앤이      3,390   43.6    -2.6%    0.3x     중간  5.14  3/1
001510  SK증권       4,510   60.6    -5.5%    0.3x     중간  3.30  3/0
⛔ 금양(001570) 호가 없음 (거래정지 의심)

══════════════════════════════════════════════════
→ 전종목 HOLD
✅ Discord 전송 완료

[11:34] HOLD | KODEX RSI87/+1.5%⚠️ | 보유:SK증권(001510) -2.8% GS(078930) -5.3% 원익피앤(217820) -3.1% | 💸예수금부족 | 최고신호 GS(078930) 3/3개 [하락-4.5% / MA골 / 호가1.4]
💰 예수금 9,783원 | KODEX200 RSI87/+1.7% 과열⚠️ | 매수기준 3개↑
📦 보유 SK증권(001510) 1주 -3.1% ⚠️주의
📦 보유 GS(078930) 1주 -5.6% 🔴스탑로스임박
📦 보유 원익피앤이(217820) 3주 -3.1% ⚠️주의

코드      종목명           가격    RSI     변화율    거래량     BB   호가비  B/S
────────────────────────────────────────────────────────────────────────
[2단계 분석 대상: 001510, 078930, 217820, 207940, 138040, 034020, 068270, 061250]
⛔ 아우토크립트(137040) 호가 없음 (거래정지 의심)
078930  GS        72,500   52.8    -5.0%    0.8x     중간  1.47  3/0
061250  화일약품       8,170   20.8    -4.0%    0.6x     중간  4.24  3/0
217820  원익피앤이      3,400   43.7    -2.5%    0.3x     중간  3.65  3/1
001510  SK증권       4,505   60.4    -5.8%    0.3x     중간  4.41  3/0
⛔ 금양(001570) 호가 없음 (거래정지 의심)

══════════════════════════════════════════════════
→ 전종목 HOLD
✅ Discord 전송 완료

[11:36] HOLD | KODEX RSI87/+1.7%⚠️ | 보유:SK증권(001510) -3.1% GS(078930) -5.6% 원익피앤(217820) -3.1% | 💸예수금부족 | 최고신호 GS(078930) 3/3개 [하락-5.0% / MA골 / 호가1.5]
💰 예수금 9,783원 | KODEX200 RSI87/+1.7% 과열⚠️ | 매수기준 3개↑
📦 보유 SK증권(001510) 1주 -3.1% ⚠️주의
📦 보유 GS(078930) 1주 -6.2% 🔴스탑로스임박
📦 보유 원익피앤이(217820) 3주 -2.6% ⚠️주의

코드      종목명           가격    RSI     변화율    거래량     BB   호가비  B/S
────────────────────────────────────────────────────────────────────────
[2단계 분석 대상: 001510, 078930, 217820, 034020, 138040, 207940, 061250, 056080]
⛔ 아우토크립트(137040) 호가 없음 (거래정지 의심)
078930  GS        72,200   52.5    -5.2%    0.9x     중간  3.15  3/0
061250  화일약품       8,170   20.8    -4.0%    0.6x     중간  4.24  3/0
217820  원익피앤이      3,400   43.6    -2.6%    0.3x     중간  3.01  3/1
001510  SK증권       4,500   60.4    -5.8%    0.3x     중간  4.98  3/0
⛔ 금양(001570) 호가 없음 (거래정지 의심)

══════════════════════════════════════════════════
→ 전종목 HOLD
✅ Discord 전송 완료

[11:38] HOLD | KODEX RSI87/+1.7%⚠️ | 보유:SK증권(001510) -3.1% GS(078930) -6.2% 원익피앤(217820) -2.6% | 💸예수금부족 | 최고신호 GS(078930) 3/3개 [하락-5.2% / MA골 / 호가3.1]
💰 예수금 9,783원 | KODEX200 RSI87/+1.6% 과열⚠️ | 매수기준 3개↑
📦 보유 SK증권(001510) 1주 -3.2% ⚠️주의
📦 보유 GS(078930) 1주 -6.1% 🔴스탑로스임박
📦 보유 원익피앤이(217820) 3주 -3.2% ⚠️주의

코드      종목명           가격    RSI     변화율    거래량     BB   호가비  B/S
────────────────────────────────────────────────────────────────────────
[2단계 분석 대상: 001510, 078930, 217820, 034020, 138040, 207940, 061250, 003670]
⛔ 아우토크립트(137040) 호가 없음 (거래정지 의심)
078930  GS        72,200   52.5    -5.2%    0.9x     중간  4.15  3/0
061250  화일약품       8,170   20.8    -4.0%    0.6x     중간  4.24  3/0
217820  원익피앤이      3,390   43.5    -2.7%    0.3x     중간  2.90  3/1
001510  SK증권       4,500   60.4    -5.9%    0.3x     중간  5.17  3/0
⛔ 금양(001570) 호가 없음 (거래정지 의심)

══════════════════════════════════════════════════
→ 전종목 HOLD
✅ Discord 전송 완료

[11:40] HOLD | KODEX RSI87/+1.6%⚠️ | 보유:SK증권(001510) -3.2% GS(078930) -6.1% 원익피앤(217820) -3.2% | 💸예수금부족 | 최고신호 GS(078930) 3/3개 [하락-5.2% / MA골 / 호가4.2]
💰 예수금 9,783원 | KODEX200 RSI87/+1.8% 과열⚠️ | 매수기준 3개↑
📦 보유 SK증권(001510) 1주 -3.1% ⚠️주의
📦 보유 GS(078930) 1주 -6.1% 🔴스탑로스임박
📦 보유 원익피앤이(217820) 3주 -3.2% ⚠️주의

코드      종목명           가격    RSI     변화율    거래량     BB   호가비  B/S
────────────────────────────────────────────────────────────────────────
[2단계 분석 대상: 001510, 078930, 217820, 034020, 138040, 061250, 207940, 003670]
⛔ 아우토크립트(137040) 호가 없음 (거래정지 의심)
078930  GS        72,400   52.5    -5.2%    0.9x     중간  4.28  3/0
061250  화일약품       8,170   20.6    -4.2%    0.6x     중간  5.31  3/0
217820  원익피앤이      3,390   43.4    -2.9%    0.3x     중간  3.30  3/1
001510  SK증권       4,495   60.3    -6.0%    0.3x     중간  4.23  3/0
⛔ 금양(001570) 호가 없음 (거래정지 의심)

══════════════════════════════════════════════════
→ 전종목 HOLD
✅ Discord 전송 완료

[11:42] HOLD | KODEX RSI87/+1.8%⚠️ | 보유:SK증권(001510) -3.1% GS(078930) -6.1% 원익피앤(217820) -3.2% | 💸예수금부족 | 최고신호 GS(078930) 3/3개 [하락-5.2% / MA골 / 호가4.3]
💰 예수금 9,783원 | KODEX200 RSI87/+1.9% 과열⚠️ | 매수기준 3개↑
📦 보유 SK증권(001510) 1주 -3.2% ⚠️주의
📦 보유 GS(078930) 1주 -5.6% 🔴스탑로스임박
📦 보유 원익피앤이(217820) 3주 -3.4% ⚠️주의

코드      종목명           가격    RSI     변화율    거래량     BB   호가비  B/S
────────────────────────────────────────────────────────────────────────
[2단계 분석 대상: 001510, 078930, 217820, 138040, 034020, 061250, 068270, 207940]
⛔ 아우토크립트(137040) 호가 없음 (거래정지 의심)
078930  GS        72,700   53.4    -4.6%    0.9x     중간  7.00  3/0
061250  화일약품       8,170   20.6    -4.2%    0.6x     중간  5.35  3/0
217820  원익피앤이      3,390   43.4    -2.9%    0.3x     중간  3.20  3/1
001510  SK증권       4,490   60.2    -6.1%    0.3x     중간  3.84  3/0
⛔ 금양(001570) 호가 없음 (거래정지 의심)

══════════════════════════════════════════════════
→ 전종목 HOLD
✅ Discord 전송 완료

[11:44] HOLD | KODEX RSI87/+1.9%⚠️ | 보유:SK증권(001510) -3.2% GS(078930) -5.6% 원익피앤(217820) -3.4% | 💸예수금부족 | 최고신호 GS(078930) 3/3개 [하락-4.6% / MA골 / 호가7.0]
💰 예수금 9,783원 | KODEX200 RSI87/+1.8% 과열⚠️ | 매수기준 3개↑
📦 보유 SK증권(001510) 1주 -3.4% ⚠️주의
📦 보유 GS(078930) 1주 -5.6% 🔴스탑로스임박
📦 보유 원익피앤이(217820) 3주 -2.9% ⚠️주의

코드      종목명           가격    RSI     변화율    거래량     BB   호가비  B/S
────────────────────────────────────────────────────────────────────────
[2단계 분석 대상: 001510, 078930, 217820, 138040, 061250, 034020, 207940, 247540]
⛔ 아우토크립트(137040) 호가 없음 (거래정지 의심)
078930  GS        72,700   53.4    -4.6%    0.9x     중간  6.17  3/0
061250  화일약품       8,170   20.6    -4.2%    0.6x     중간  5.35  3/0
217820  원익피앤이      3,390   43.7    -2.5%    0.3x     중간  2.83  3/1
001510  SK증권       4,490   60.3    -6.0%    0.3x     중간  4.93  3/0
⛔ 금양(001570) 호가 없음 (거래정지 의심)

══════════════════════════════════════════════════
→ 전종목 HOLD
✅ Discord 전송 완료

[11:46] HOLD | KODEX RSI87/+1.8%⚠️ | 보유:SK증권(001510) -3.4% GS(078930) -5.6% 원익피앤(217820) -2.9% | 💸예수금부족 | 최고신호 GS(078930) 3/3개 [하락-4.6% / MA골 / 호가6.2]
💰 예수금 9,782원 | KODEX200 RSI87/+1.8% 과열⚠️ | 매수기준 3개↑
📦 보유 SK증권(001510) 1주 -3.4% ⚠️주의
📦 보유 GS(078930) 1주 -5.3% 🔴스탑로스임박
📦 보유 원익피앤이(217820) 3주 -2.9% ⚠️주의

코드      종목명           가격    RSI     변화율    거래량     BB   호가비  B/S
────────────────────────────────────────────────────────────────────────
[2단계 분석 대상: 001510, 078930, 217820, 138040, 058470, 061250, 086790, 207940]
⛔ 아우토크립트(137040) 호가 없음 (거래정지 의심)
078930  GS        72,800   53.6    -4.5%    0.9x     중간  5.22  3/0
061250  화일약품       8,170   20.6    -4.2%    0.6x     중간  5.38  3/0
217820  원익피앤이      3,390   43.7    -2.5%    0.3x     중간  2.94  3/1
001510  SK증권       4,490   60.3    -6.0%    0.3x     중간  4.48  3/0
⛔ 금양(001570) 호가 없음 (거래정지 의심)

══════════════════════════════════════════════════
→ 전종목 HOLD
✅ Discord 전송 완료

[11:48] HOLD | KODEX RSI87/+1.8%⚠️ | 보유:SK증권(001510) -3.4% GS(078930) -5.3% 원익피앤(217820) -2.9% | 💸예수금부족 | 최고신호 GS(078930) 3/3개 [하락-4.5% / MA골 / 호가5.2]
💰 예수금 9,781원 | KODEX200 RSI87/+1.7% 과열⚠️ | 매수기준 3개↑
📦 보유 SK증권(001510) 1주 -3.4% ⚠️주의
📦 보유 GS(078930) 1주 -4.3% 🔴스탑로스임박
📦 보유 원익피앤이(217820) 3주 -3.4% ⚠️주의

코드      종목명           가격    RSI     변화율    거래량     BB   호가비  B/S
────────────────────────────────────────────────────────────────────────
[2단계 분석 대상: 001510, 078930, 217820, 061250, 084850, 138040, 012450, 058470]
⛔ 아우토크립트(137040) 호가 없음 (거래정지 의심)
078930  GS        73,500   54.8    -3.7%    0.9x     중간  0.85  2/0
061250  화일약품       8,170   20.6    -4.2%    0.6x     중간  5.38  3/0
217820  원익피앤이      3,380   43.4    -2.9%    0.3x     중간  3.12  3/1
001510  SK증권       4,485   60.2    -6.1%    0.3x     중간  3.90  3/0
⛔ 금양(001570) 호가 없음 (거래정지 의심)

══════════════════════════════════════════════════
→ 전종목 HOLD
✅ Discord 전송 완료

[11:50] HOLD | KODEX RSI87/+1.7%⚠️ | 보유:SK증권(001510) -3.4% GS(078930) -4.3% 원익피앤(217820) -3.4% | 💸예수금부족 | 최고신호 화일약품(061250) 3/3개 [RSI21 / 하락-4.2% / 호가5.4]
💰 예수금 9,781원 | KODEX200 RSI87/+1.4% 과열⚠️ | 매수기준 3개↑
📦 보유 SK증권(001510) 1주 -3.5% ⚠️주의
📦 보유 GS(078930) 1주 -4.4% 🔴스탑로스임박
📦 보유 원익피앤이(217820) 3주 -3.4% ⚠️주의

코드      종목명           가격    RSI     변화율    거래량     BB   호가비  B/S
────────────────────────────────────────────────────────────────────────
[2단계 분석 대상: 001510, 078930, 217820, 138040, 084850, 247540, 061250, 012450]
⛔ 아우토크립트(137040) 호가 없음 (거래정지 의심)
078930  GS        73,400   54.6    -3.8%    0.9x     중간  1.15  2/0
061250  화일약품       8,170   20.6    -4.2%    0.6x     중간  4.57  3/0
217820  원익피앤이      3,380   43.4    -2.9%    0.3x     중간  2.61  3/1
001510  SK증권       4,480   60.0    -6.3%    0.3x     중간  5.12  3/0
⛔ 금양(001570) 호가 없음 (거래정지 의심)

══════════════════════════════════════════════════
→ 전종목 HOLD
✅ Discord 전송 완료

[11:52] HOLD | KODEX RSI87/+1.4%⚠️ | 보유:SK증권(001510) -3.5% GS(078930) -4.4% 원익피앤(217820) -3.4% | 💸예수금부족 | 최고신호 화일약품(061250) 3/3개 [RSI21 / 하락-4.2% / 호가4.6]
💰 예수금 9,782원 | KODEX200 RSI87/+1.3% 과열⚠️ | 매수기준 3개↑
📦 보유 SK증권(001510) 1주 -3.4% ⚠️주의
📦 보유 GS(078930) 1주 -4.7% 🔴스탑로스임박
📦 보유 원익피앤이(217820) 3주 -3.5% ⚠️주의

코드      종목명           가격    RSI     변화율    거래량     BB   호가비  B/S
────────────────────────────────────────────────────────────────────────
[2단계 분석 대상: 001510, 078930, 217820, 247540, 138040, 086790, 061250, 012450]
⛔ 아우토크립트(137040) 호가 없음 (거래정지 의심)
078930  GS        73,400   54.6    -3.8%    0.9x     중간  0.99  2/0
061250  화일약품       8,170   20.6    -4.3%    0.6x     중간  4.65  3/0
217820  원익피앤이      3,370   43.1    -3.3%    0.3x     중간  2.69  3/1
001510  SK증권       4,480   60.1    -6.2%    0.3x     중간  5.28  3/0
⛔ 금양(001570) 호가 없음 (거래정지 의심)

══════════════════════════════════════════════════
→ 전종목 HOLD
✅ Discord 전송 완료

[11:54] HOLD | KODEX RSI87/+1.3%⚠️ | 보유:SK증권(001510) -3.4% GS(078930) -4.7% 원익피앤(217820) -3.5% | 💸예수금부족 | 최고신호 화일약품(061250) 3/3개 [RSI21 / 하락-4.3% / 호가4.7]
💰 예수금 9,782원 | KODEX200 RSI87/+1.3% 과열⚠️ | 매수기준 3개↑
📦 보유 SK증권(001510) 1주 -3.4% ⚠️주의
📦 보유 GS(078930) 1주 -4.7% 🔴스탑로스임박
📦 보유 원익피앤이(217820) 3주 -3.5% ⚠️주의

코드      종목명           가격    RSI     변화율    거래량     BB   호가비  B/S
────────────────────────────────────────────────────────────────────────
[2단계 분석 대상: 001510, 078930, 217820, 012450, 034020, 066970, 138040, 061250]
⛔ 아우토크립트(137040) 호가 없음 (거래정지 의심)
078930  GS        73,300   54.6    -3.8%    0.9x     중간  1.31  3/0
061250  화일약품       8,170   20.6    -4.2%    0.6x     중간  4.64  3/0
217820  원익피앤이      3,370   43.3    -3.0%    0.3x     중간  2.70  3/1
001510  SK증권       4,490   60.2    -6.0%    0.3x     중간  6.01  3/0
⛔ 금양(001570) 호가 없음 (거래정지 의심)

══════════════════════════════════════════════════
→ 전종목 HOLD
✅ Discord 전송 완료

[11:56] HOLD | KODEX RSI87/+1.3%⚠️ | 보유:SK증권(001510) -3.4% GS(078930) -4.7% 원익피앤(217820) -3.5% | 💸예수금부족 | 최고신호 GS(078930) 3/3개 [하락-3.8% / MA골 / 호가1.3]
💰 예수금 9,782원 | KODEX200 RSI87/+1.4% 과열⚠️ | 매수기준 3개↑
📦 보유 SK증권(001510) 1주 -3.3% ⚠️주의
📦 보유 GS(078930) 1주 -4.8% 🔴스탑로스임박
📦 보유 원익피앤이(217820) 3주 -3.6% ⚠️주의

코드      종목명           가격    RSI     변화율    거래량     BB   호가비  B/S
────────────────────────────────────────────────────────────────────────
[2단계 분석 대상: 001510, 078930, 217820, 034020, 012450, 061250, 247540, 066970]
⛔ 아우토크립트(137040) 호가 없음 (거래정지 의심)
078930  GS        73,400   54.8    -3.7%    0.9x     중간  0.96  2/0
061250  화일약품       8,170   20.6    -4.2%    0.6x     중간  4.63  3/0
217820  원익피앤이      3,365   43.2    -3.2%    0.3x     중간  3.98  3/1
001510  SK증권       4,490   60.3    -6.0%    0.3x     중간  6.17  3/0
⛔ 금양(001570) 호가 없음 (거래정지 의심)

══════════════════════════════════════════════════
→ 전종목 HOLD
✅ Discord 전송 완료

[11:58] HOLD | KODEX RSI87/+1.4%⚠️ | 보유:SK증권(001510) -3.3% GS(078930) -4.8% 원익피앤(217820) -3.6% | 💸예수금부족 | 최고신호 화일약품(061250) 3/3개 [RSI21 / 하락-4.2% / 호가4.6]
💰 예수금 9,782원 | KODEX200 RSI87/+1.2% 과열⚠️ | 매수기준 3개↑
📦 보유 SK증권(001510) 1주 -3.3% ⚠️주의
📦 보유 GS(078930) 1주 -4.8% 🔴스탑로스임박
📦 보유 원익피앤이(217820) 3주 -3.5% ⚠️주의

코드      종목명           가격    RSI     변화율    거래량     BB   호가비  B/S
────────────────────────────────────────────────────────────────────────
[2단계 분석 대상: 001510, 078930, 217820, 066970, 012450, 034020, 247540, 061250]
⛔ 아우토크립트(137040) 호가 없음 (거래정지 의심)
078930  GS        73,100   53.8    -4.3%    1.0x     중간  4.68  3/0
061250  화일약품       8,170   20.6    -4.2%    0.6x     중간  4.63  3/0
217820  원익피앤이      3,370   43.3    -3.0%    0.3x     중간  4.96  3/1
001510  SK증권       4,490   60.2    -6.1%    0.3x     중간  4.74  3/0
⛔ 금양(001570) 호가 없음 (거래정지 의심)

══════════════════════════════════════════════════
→ 전종목 HOLD
✅ Discord 전송 완료

[12:00] HOLD | KODEX RSI87/+1.2%⚠️ | 보유:SK증권(001510) -3.3% GS(078930) -4.8% 원익피앤(217820) -3.5% | 💸예수금부족 | 최고신호 GS(078930) 3/3개 [하락-4.3% / MA골 / 호가4.7]
💰 예수금 9,782원 | KODEX200 RSI87/+1.2% 과열⚠️ | 매수기준 3개↑
📦 보유 SK증권(001510) 1주 -3.3% ⚠️주의
📦 보유 GS(078930) 1주 -5.0% 🔴스탑로스임박
📦 보유 원익피앤이(217820) 3주 -3.5% ⚠️주의

코드      종목명           가격    RSI     변화율    거래량     BB   호가비  B/S
────────────────────────────────────────────────────────────────────────
[2단계 분석 대상: 001510, 078930, 217820, 012450, 034020, 247540, 061250, 056080]
⛔ 아우토크립트(137040) 호가 없음 (거래정지 의심)
078930  GS        73,000   53.8    -4.3%    1.0x     중간  6.39  3/0
061250  화일약품       8,170   20.6    -4.2%    0.6x     중간  4.60  3/0
217820  원익피앤이      3,375   43.4    -2.9%    0.3x     중간  4.12  3/1
001510  SK증권       4,485   60.1    -6.2%    0.3x     중간  5.03  3/0
⛔ 금양(001570) 호가 없음 (거래정지 의심)

══════════════════════════════════════════════════
→ 전종목 HOLD
✅ Discord 전송 완료

[12:02] HOLD | KODEX RSI87/+1.2%⚠️ | 보유:SK증권(001510) -3.3% GS(078930) -5.0% 원익피앤(217820) -3.5% | 💸예수금부족 | 최고신호 GS(078930) 3/3개 [하락-4.3% / MA골 / 호가6.4]
💰 예수금 9,783원 | KODEX200 RSI87/+1.3% 과열⚠️ | 매수기준 3개↑
📦 보유 SK증권(001510) 1주 -3.5% ⚠️주의
📦 보유 GS(078930) 1주 -5.7% 🔴스탑로스임박
📦 보유 원익피앤이(217820) 3주 -3.5% ⚠️주의

코드      종목명           가격    RSI     변화율    거래량     BB   호가비  B/S
────────────────────────────────────────────────────────────────────────
[2단계 분석 대상: 001510, 078930, 217820, 012450, 034020, 003670, 061250, 138040]
⛔ 아우토크립트(137040) 호가 없음 (거래정지 의심)
078930  GS        72,700   53.4    -4.6%    1.0x     중간  5.95  3/0
061250  화일약품       8,170   20.6    -4.3%    0.6x     중간  4.38  3/0
217820  원익피앤이      3,375   43.3    -3.0%    0.3x     중간  4.16  3/1
001510  SK증권       4,485   60.1    -6.2%    0.3x     중간  4.74  3/0
⛔ 금양(001570) 호가 없음 (거래정지 의심)

══════════════════════════════════════════════════
→ 전종목 HOLD
✅ Discord 전송 완료

[12:04] HOLD | KODEX RSI87/+1.3%⚠️ | 보유:SK증권(001510) -3.5% GS(078930) -5.7% 원익피앤(217820) -3.5% | 💸예수금부족 | 최고신호 GS(078930) 3/3개 [하락-4.6% / MA골 / 호가6.0]
💰 예수금 9,782원 | KODEX200 RSI87/+1.4% 과열⚠️ | 매수기준 3개↑
📦 보유 SK증권(001510) 1주 -3.4% ⚠️주의
📦 보유 GS(078930) 1주 -5.3% 🔴스탑로스임박
📦 보유 원익피앤이(217820) 3주 -3.5% ⚠️주의

코드      종목명           가격    RSI     변화율    거래량     BB   호가비  B/S
────────────────────────────────────────────────────────────────────────
[2단계 분석 대상: 001510, 078930, 217820, 012450, 066970, 003670, 034020, 061250]
⛔ 아우토크립트(137040) 호가 없음 (거래정지 의심)
078930  GS        73,000   53.8    -4.3%    1.0x     중간  4.12  3/0
061250  화일약품       8,170   20.6    -4.3%    0.6x     중간  4.50  3/0
217820  원익피앤이      3,370   43.3    -3.0%    0.3x     중간  5.31  3/1
001510  SK증권       4,490   60.2    -6.1%    0.3x     중간  6.04  3/0
⛔ 금양(001570) 호가 없음 (거래정지 의심)

══════════════════════════════════════════════════
→ 전종목 HOLD
✅ Discord 전송 완료

[12:06] HOLD | KODEX RSI87/+1.4%⚠️ | 보유:SK증권(001510) -3.4% GS(078930) -5.3% 원익피앤(217820) -3.5% | 💸예수금부족 | 최고신호 GS(078930) 3/3개 [하락-4.3% / MA골 / 호가4.1]
💰 예수금 9,782원 | KODEX200 RSI87/+1.4% 과열⚠️ | 매수기준 3개↑
📦 보유 SK증권(001510) 1주 -3.3% ⚠️주의
📦 보유 GS(078930) 1주 -5.2% 🔴스탑로스임박
📦 보유 원익피앤이(217820) 3주 -3.4% ⚠️주의

코드      종목명           가격    RSI     변화율    거래량     BB   호가비  B/S
────────────────────────────────────────────────────────────────────────
[2단계 분석 대상: 001510, 078930, 217820, 012450, 247540, 066970, 003670, 061250]
⛔ 아우토크립트(137040) 호가 없음 (거래정지 의심)
078930  GS        73,100   54.2    -4.1%    1.0x     중간  2.80  3/0
061250  화일약품       8,170   20.6    -4.3%    0.6x     중간  4.50  3/0
217820  원익피앤이      3,380   43.4    -2.9%    0.3x     중간  4.23  3/1
001510  SK증권       4,490   60.2    -6.1%    0.3x     중간  6.07  3/0
⛔ 금양(001570) 호가 없음 (거래정지 의심)

══════════════════════════════════════════════════
→ 전종목 HOLD
✅ Discord 전송 완료

[12:08] HOLD | KODEX RSI87/+1.4%⚠️ | 보유:SK증권(001510) -3.3% GS(078930) -5.2% 원익피앤(217820) -3.4% | 💸예수금부족 | 최고신호 GS(078930) 3/3개 [하락-4.1% / MA골 / 호가2.8]
💰 예수금 9,782원 | KODEX200 RSI87/+1.4% 과열⚠️ | 매수기준 3개↑
📦 보유 SK증권(001510) 1주 -3.3% ⚠️주의
📦 보유 GS(078930) 1주 -5.3% 🔴스탑로스임박
📦 보유 원익피앤이(217820) 3주 -3.2% ⚠️주의

코드      종목명           가격    RSI     변화율    거래량     BB   호가비  B/S
────────────────────────────────────────────────────────────────────────
[2단계 분석 대상: 001510, 078930, 217820, 012450, 247540, 066970, 003670, 061250]
⛔ 아우토크립트(137040) 호가 없음 (거래정지 의심)
078930  GS        73,000   53.8    -4.3%    1.0x     중간  3.69  3/0
061250  화일약품       8,170   20.6    -4.2%    0.6x     중간  4.50  3/0
217820  원익피앤이      3,385   43.4    -2.9%    0.3x     중간  4.95  3/1
001510  SK증권       4,490   60.3    -6.0%    0.3x     중간  5.55  3/0
⛔ 금양(001570) 호가 없음 (거래정지 의심)

══════════════════════════════════════════════════
→ 전종목 HOLD
✅ Discord 전송 완료

[12:10] HOLD | KODEX RSI87/+1.4%⚠️ | 보유:SK증권(001510) -3.3% GS(078930) -5.3% 원익피앤(217820) -3.2% | 💸예수금부족 | 최고신호 GS(078930) 3/3개 [하락-4.3% / MA골 / 호가3.7]
💰 예수금 9,782원 | KODEX200 RSI87/+1.5% 과열⚠️ | 매수기준 3개↑
📦 보유 SK증권(001510) 1주 -3.4% ⚠️주의
📦 보유 GS(078930) 1주 -5.3% 🔴스탑로스임박
📦 보유 원익피앤이(217820) 3주 -3.4% ⚠️주의

코드      종목명           가격    RSI     변화율    거래량     BB   호가비  B/S
────────────────────────────────────────────────────────────────────────
[2단계 분석 대상: 001510, 078930, 217820, 012450, 003670, 066970, 056080, 061250]
⛔ 아우토크립트(137040) 호가 없음 (거래정지 의심)
078930  GS        72,500   53.0    -4.9%    1.0x     중간  5.92  3/0
061250  화일약품       8,180   20.9    -3.9%    0.6x     중간  4.12  3/0
217820  원익피앤이      3,375   43.4    -2.9%    0.3x     중간  6.35  3/1
001510  SK증권       4,490   60.3    -6.0%    0.3x     중간  6.08  3/0
⛔ 금양(001570) 호가 없음 (거래정지 의심)

══════════════════════════════════════════════════
→ 전종목 HOLD
✅ Discord 전송 완료

[12:12] HOLD | KODEX RSI87/+1.5%⚠️ | 보유:SK증권(001510) -3.4% GS(078930) -5.3% 원익피앤(217820) -3.4% | 💸예수금부족 | 최고신호 GS(078930) 3/3개 [하락-4.9% / MA골 / 호가5.9]
💰 예수금 9,783원 | KODEX200 RSI87/+1.4% 과열⚠️ | 매수기준 3개↑
📦 보유 SK증권(001510) 1주 -3.3% ⚠️주의
📦 보유 GS(078930) 1주 -5.6% 🔴스탑로스임박
📦 보유 원익피앤이(217820) 3주 -3.4% ⚠️주의

코드      종목명           가격    RSI     변화율    거래량     BB   호가비  B/S
────────────────────────────────────────────────────────────────────────
[2단계 분석 대상: 001510, 078930, 217820, 012450, 247540, 066970, 003670, 061250]
⛔ 아우토크립트(137040) 호가 없음 (거래정지 의심)
078930  GS        72,600   53.0    -4.9%    1.0x     중간  5.98  3/0
061250  화일약품       8,180   20.9    -3.9%    0.6x     중간  4.12  3/0
217820  원익피앤이      3,375   43.3    -3.0%    0.3x     중간  6.36  3/1
001510  SK증권       4,490   60.3    -6.0%    0.3x     중간  7.41  3/0
⛔ 금양(001570) 호가 없음 (거래정지 의심)

══════════════════════════════════════════════════
→ 전종목 HOLD
✅ Discord 전송 완료

[12:14] HOLD | KODEX RSI87/+1.4%⚠️ | 보유:SK증권(001510) -3.3% GS(078930) -5.6% 원익피앤(217820) -3.4% | 💸예수금부족 | 최고신호 GS(078930) 3/3개 [하락-4.9% / MA골 / 호가6.0]
💰 예수금 9,782원 | KODEX200 RSI87/+1.6% 과열⚠️ | 매수기준 3개↑
📦 보유 SK증권(001510) 1주 -3.2% ⚠️주의
📦 보유 GS(078930) 1주 -5.4% 🔴스탑로스임박
📦 보유 원익피앤이(217820) 3주 -3.5% ⚠️주의

코드      종목명           가격    RSI     변화율    거래량     BB   호가비  B/S
────────────────────────────────────────────────────────────────────────
[2단계 분석 대상: 001510, 078930, 217820, 012450, 003670, 061250, 035720, 207940]
⛔ 아우토크립트(137040) 호가 없음 (거래정지 의심)
078930  GS        72,800   53.6    -4.5%    1.0x     중간  3.08  3/0
061250  화일약품       8,180   20.9    -3.9%    0.6x     중간  4.18  3/0
217820  원익피앤이      3,370   43.3    -3.0%    0.3x     중간  6.34  3/1
001510  SK증권       4,495   60.3    -6.0%    0.3x     중간  6.31  3/0
⛔ 금양(001570) 호가 없음 (거래정지 의심)

══════════════════════════════════════════════════
→ 전종목 HOLD
✅ Discord 전송 완료

[12:16] HOLD | KODEX RSI87/+1.6%⚠️ | 보유:SK증권(001510) -3.2% GS(078930) -5.4% 원익피앤(217820) -3.5% | 💸예수금부족 | 최고신호 GS(078930) 3/3개 [하락-4.5% / MA골 / 호가3.1]
💰 예수금 9,782원 | KODEX200 RSI87/+1.7% 과열⚠️ | 매수기준 3개↑
📦 보유 SK증권(001510) 1주 -3.2% ⚠️주의
📦 보유 GS(078930) 1주 -5.3% 🔴스탑로스임박
📦 보유 원익피앤이(217820) 3주 -3.5% ⚠️주의

코드      종목명           가격    RSI     변화율    거래량     BB   호가비  B/S
────────────────────────────────────────────────────────────────────────
[2단계 분석 대상: 001510, 078930, 217820, 012450, 003670, 061250, 138040, 035720]
⛔ 아우토크립트(137040) 호가 없음 (거래정지 의심)
078930  GS        73,000   53.8    -4.3%    1.0x     중간  2.92  3/0
061250  화일약품       8,180   20.9    -3.9%    0.6x     중간  4.18  3/0
217820  원익피앤이      3,375   43.3    -3.0%    0.3x     중간  4.71  3/1
001510  SK증권       4,500   60.4    -5.8%    0.3x     중간  7.56  3/0
⛔ 금양(001570) 호가 없음 (거래정지 의심)

══════════════════════════════════════════════════
→ 전종목 HOLD
✅ Discord 전송 완료

[12:18] HOLD | KODEX RSI87/+1.7%⚠️ | 보유:SK증권(001510) -3.2% GS(078930) -5.3% 원익피앤(217820) -3.5% | 💸예수금부족 | 최고신호 GS(078930) 3/3개 [하락-4.3% / MA골 / 호가2.9]
💰 예수금 9,782원 | KODEX200 RSI87/+1.7% 과열⚠️ | 매수기준 3개↑
📦 보유 SK증권(001510) 1주 -3.1% ⚠️주의
📦 보유 GS(078930) 1주 -5.2% 🔴스탑로스임박
📦 보유 원익피앤이(217820) 3주 -3.5% ⚠️주의

코드      종목명           가격    RSI     변화율    거래량     BB   호가비  B/S
────────────────────────────────────────────────────────────────────────
[2단계 분석 대상: 001510, 078930, 217820, 012450, 138040, 068270, 003670, 061250]
⛔ 아우토크립트(137040) 호가 없음 (거래정지 의심)
078930  GS        73,000   54.0    -4.2%    1.0x     중간  2.76  3/0
061250  화일약품       8,180   20.9    -3.9%    0.6x     중간  4.18  3/0
217820  원익피앤이      3,370   43.2    -3.2%    0.3x     중간  4.49  3/1
001510  SK증권       4,515   60.7    -5.5%    0.3x     중간  3.83  3/0
⛔ 금양(001570) 호가 없음 (거래정지 의심)

══════════════════════════════════════════════════
→ 전종목 HOLD
✅ Discord 전송 완료

[12:20] HOLD | KODEX RSI87/+1.7%⚠️ | 보유:SK증권(001510) -3.1% GS(078930) -5.2% 원익피앤(217820) -3.5% | 💸예수금부족 | 최고신호 GS(078930) 3/3개 [하락-4.2% / MA골 / 호가2.8]
💰 예수금 9,782원 | KODEX200 RSI87/+1.6% 과열⚠️ | 매수기준 3개↑
📦 보유 SK증권(001510) 1주 -2.8% ⚠️주의
📦 보유 GS(078930) 1주 -5.3% 🔴스탑로스임박
📦 보유 원익피앤이(217820) 3주 -3.6% ⚠️주의

코드      종목명           가격    RSI     변화율    거래량     BB   호가비  B/S
────────────────────────────────────────────────────────────────────────
[2단계 분석 대상: 001510, 078930, 217820, 138040, 012450, 003670, 068270, 055550]
⛔ 아우토크립트(137040) 호가 없음 (거래정지 의심)
078930  GS        73,000   53.8    -4.3%    1.0x     중간  3.04  3/0
061250  화일약품       8,180    0.0    +0.0%    0.0x     중간  4.19  1/0
217820  원익피앤이      3,365   43.2    -3.2%    0.3x     중간  2.59  3/1
001510  SK증권       4,510   60.6    -5.5%    0.3x     중간  5.29  3/0
⛔ 금양(001570) 호가 없음 (거래정지 의심)

══════════════════════════════════════════════════
→ 전종목 HOLD
✅ Discord 전송 완료

[12:22] HOLD | KODEX RSI87/+1.6%⚠️ | 보유:SK증권(001510) -2.8% GS(078930) -5.3% 원익피앤(217820) -3.6% | 💸예수금부족 | 최고신호 GS(078930) 3/3개 [하락-4.3% / MA골 / 호가3.0]
💰 예수금 9,782원 | KODEX200 RSI87/+1.6% 과열⚠️ | 매수기준 3개↑
📦 보유 SK증권(001510) 1주 -2.8% ⚠️주의
📦 보유 GS(078930) 1주 -5.2% 🔴스탑로스임박
📦 보유 원익피앤이(217820) 3주 -3.8% ⚠️주의

코드      종목명           가격    RSI     변화율    거래량     BB   호가비  B/S
────────────────────────────────────────────────────────────────────────
[2단계 분석 대상: 001510, 078930, 217820, 012450, 138040, 068270, 003670, 061250]
⛔ 아우토크립트(137040) 호가 없음 (거래정지 의심)
078930  GS        73,000   53.8    -4.3%    1.0x     중간  3.39  3/0
061250  화일약품       8,180   20.9    -3.9%    0.6x     중간  4.18  3/0
217820  원익피앤이      3,365   43.1    -3.3%    0.3x     중간  2.81  3/1
001510  SK증권       4,515   60.6    -5.5%    0.3x     중간  4.03  3/0
⛔ 금양(001570) 호가 없음 (거래정지 의심)

══════════════════════════════════════════════════
→ 전종목 HOLD
✅ Discord 전송 완료

[12:24] HOLD | KODEX RSI87/+1.6%⚠️ | 보유:SK증권(001510) -2.8% GS(078930) -5.2% 원익피앤(217820) -3.8% | 💸예수금부족 | 최고신호 GS(078930) 3/3개 [하락-4.3% / MA골 / 호가3.4]
💰 예수금 9,782원 | KODEX200 RSI87/+1.5% 과열⚠️ | 매수기준 3개↑
📦 보유 SK증권(001510) 1주 -2.8% ⚠️주의
📦 보유 GS(078930) 1주 -5.2% 🔴스탑로스임박
📦 보유 원익피앤이(217820) 3주 -3.8% ⚠️주의

코드      종목명           가격    RSI     변화율    거래량     BB   호가비  B/S
────────────────────────────────────────────────────────────────────────
[2단계 분석 대상: 001510, 078930, 217820, 066970, 138040, 061250, 068270, 003670]
⛔ 아우토크립트(137040) 호가 없음 (거래정지 의심)
078930  GS        73,200   54.0    -4.2%    1.0x     중간  2.30  3/0
061250  화일약품       8,180   20.9    -3.9%    0.6x     중간  4.59  3/0
217820  원익피앤이      3,380   43.5    -2.7%    0.3x     중간  4.64  3/1
001510  SK증권       4,510   60.6    -5.5%    0.3x     중간  3.34  3/0
⛔ 금양(001570) 호가 없음 (거래정지 의심)

══════════════════════════════════════════════════
→ 전종목 HOLD
✅ Discord 전송 완료

[12:26] HOLD | KODEX RSI87/+1.5%⚠️ | 보유:SK증권(001510) -2.8% GS(078930) -5.2% 원익피앤(217820) -3.8% | 💸예수금부족 | 최고신호 GS(078930) 3/3개 [하락-4.2% / MA골 / 호가2.3]
💰 예수금 9,782원 | KODEX200 RSI87/+1.4% 과열⚠️ | 매수기준 3개↑
📦 보유 SK증권(001510) 1주 -2.9% ⚠️주의
📦 보유 GS(078930) 1주 -4.8% 🔴스탑로스임박
📦 보유 원익피앤이(217820) 3주 -3.2% ⚠️주의

코드      종목명           가격    RSI     변화율    거래량     BB   호가비  B/S
────────────────────────────────────────────────────────────────────────
[2단계 분석 대상: 001510, 078930, 217820, 138040, 068270, 003670, 035720, 012450]
⛔ 아우토크립트(137040) 호가 없음 (거래정지 의심)
078930  GS        73,000   54.0    -4.2%    1.0x     중간  3.60  3/0
061250  화일약품       8,180    0.0    +0.0%    0.0x     중간  3.63  1/0
217820  원익피앤이      3,375   43.2    -3.2%    0.3x     중간  4.79  3/1
001510  SK증권       4,515   60.6    -5.5%    0.3x     중간  3.68  3/0
⛔ 금양(001570) 호가 없음 (거래정지 의심)

══════════════════════════════════════════════════
→ 전종목 HOLD
✅ Discord 전송 완료

[12:28] HOLD | KODEX RSI87/+1.4%⚠️ | 보유:SK증권(001510) -2.9% GS(078930) -4.8% 원익피앤(217820) -3.2% | 💸예수금부족 | 최고신호 GS(078930) 3/3개 [하락-4.2% / MA골 / 호가3.6]
💰 예수금 9,782원 | KODEX200 RSI87/+1.5% 과열⚠️ | 매수기준 3개↑
📦 보유 SK증권(001510) 1주 -2.8% ⚠️주의
📦 보유 GS(078930) 1주 -5.2% 🔴스탑로스임박
📦 보유 원익피앤이(217820) 3주 -3.6% ⚠️주의

코드      종목명           가격    RSI     변화율    거래량     BB   호가비  B/S
────────────────────────────────────────────────────────────────────────
[2단계 분석 대상: 001510, 078930, 217820, 058470, 068270, 012450, 035720, 003670]
⛔ 아우토크립트(137040) 호가 없음 (거래정지 의심)
078930  GS        72,900   54.4    -3.9%    1.0x     중간  3.23  3/0
061250  화일약품       8,180    0.0    +0.0%    0.0x     중간  3.66  1/0
217820  원익피앤이      3,380   43.5    -2.7%    0.3x     중간  4.52  3/1
001510  SK증권       4,515   60.7    -5.5%    0.3x     중간  3.25  3/0
⛔ 금양(001570) 호가 없음 (거래정지 의심)

══════════════════════════════════════════════════
→ 전종목 HOLD
✅ Discord 전송 완료

[12:30] HOLD | KODEX RSI87/+1.5%⚠️ | 보유:SK증권(001510) -2.8% GS(078930) -5.2% 원익피앤(217820) -3.6% | 💸예수금부족 | 최고신호 GS(078930) 3/3개 [하락-3.9% / MA골 / 호가3.2]
💰 예수금 9,782원 | KODEX200 RSI87/+1.7% 과열⚠️ | 매수기준 3개↑
📦 보유 SK증권(001510) 1주 -2.6% ⚠️주의
📦 보유 GS(078930) 1주 -4.9% 🔴스탑로스임박
📦 보유 원익피앤이(217820) 3주 -3.2% ⚠️주의

코드      종목명           가격    RSI     변화율    거래량     BB   호가비  B/S
────────────────────────────────────────────────────────────────────────
[2단계 분석 대상: 001510, 078930, 217820, 068270, 061250, 012450, 003670, 035720]
⛔ 아우토크립트(137040) 호가 없음 (거래정지 의심)
078930  GS        73,100   54.0    -4.2%    1.0x     중간  4.00  3/0
061250  화일약품       8,180   20.9    -3.9%    0.6x     중간  3.98  3/0
217820  원익피앤이      3,380   43.4    -2.9%    0.3x     중간  4.29  3/1
001510  SK증권       4,520   60.7    -5.5%    0.3x     중간  2.93  3/0
⛔ 금양(001570) 호가 없음 (거래정지 의심)

══════════════════════════════════════════════════
→ 전종목 HOLD
✅ Discord 전송 완료

[12:32] HOLD | KODEX RSI87/+1.7%⚠️ | 보유:SK증권(001510) -2.6% GS(078930) -4.9% 원익피앤(217820) -3.2% | 💸예수금부족 | 최고신호 GS(078930) 3/3개 [하락-4.2% / MA골 / 호가4.0]
💰 예수금 9,782원 | KODEX200 RSI87/+1.7% 과열⚠️ | 매수기준 3개↑
📦 보유 SK증권(001510) 1주 -2.8% ⚠️주의
📦 보유 GS(078930) 1주 -5.0% 🔴스탑로스임박
📦 보유 원익피앤이(217820) 3주 -3.4% ⚠️주의

코드      종목명           가격    RSI     변화율    거래량     BB   호가비  B/S
────────────────────────────────────────────────────────────────────────
[2단계 분석 대상: 001510, 078930, 217820, 207940, 012450, 068270, 061250, 003670]
⛔ 아우토크립트(137040) 호가 없음 (거래정지 의심)
078930  GS        73,000   54.0    -4.2%    1.0x     중간  9.38  3/0
061250  화일약품       8,180   20.9    -3.9%    0.6x     중간  4.83  3/0
217820  원익피앤이      3,375   43.0    -3.5%    0.4x     중간  5.40  3/1
001510  SK증권       4,515   60.6    -5.5%    0.3x     중간  5.00  3/0
⛔ 금양(001570) 호가 없음 (거래정지 의심)

══════════════════════════════════════════════════
→ 전종목 HOLD
✅ Discord 전송 완료

[12:34] HOLD | KODEX RSI87/+1.7%⚠️ | 보유:SK증권(001510) -2.8% GS(078930) -5.0% 원익피앤(217820) -3.4% | 💸예수금부족 | 최고신호 GS(078930) 3/3개 [하락-4.2% / MA골 / 호가9.4]
💰 예수금 9,782원 | KODEX200 RSI87/+1.8% 과열⚠️ | 매수기준 3개↑
📦 보유 SK증권(001510) 1주 -2.8% ⚠️주의
📦 보유 GS(078930) 1주 -5.2% 🔴스탑로스임박
📦 보유 원익피앤이(217820) 3주 -3.4% ⚠️주의

코드      종목명           가격    RSI     변화율    거래량     BB   호가비  B/S
────────────────────────────────────────────────────────────────────────
[2단계 분석 대상: 001510, 078930, 217820, 207940, 066970, 061250, 012450, 259960]
⛔ 아우토크립트(137040) 호가 없음 (거래정지 의심)
078930  GS        73,100   54.2    -4.1%    1.0x     중간  6.33  3/0
061250  화일약품       8,180   20.9    -3.9%    0.6x     중간  4.83  3/0
217820  원익피앤이      3,375   43.4    -2.9%    0.4x     중간  4.21  3/1
001510  SK증권       4,515   60.6    -5.5%    0.3x     중간  5.32  3/0
⛔ 금양(001570) 호가 없음 (거래정지 의심)

══════════════════════════════════════════════════
→ 전종목 HOLD
✅ Discord 전송 완료

[12:36] HOLD | KODEX RSI87/+1.8%⚠️ | 보유:SK증권(001510) -2.8% GS(078930) -5.2% 원익피앤(217820) -3.4% | 💸예수금부족 | 최고신호 GS(078930) 3/3개 [하락-4.1% / MA골 / 호가6.3]
💰 예수금 9,782원 | KODEX200 RSI87/+1.8% 과열⚠️ | 매수기준 3개↑
📦 보유 SK증권(001510) 1주 -2.9% ⚠️주의
📦 보유 GS(078930) 1주 -5.0% 🔴스탑로스임박
📦 보유 원익피앤이(217820) 3주 -3.5% ⚠️주의

코드      종목명           가격    RSI     변화율    거래량     BB   호가비  B/S
────────────────────────────────────────────────────────────────────────
[2단계 분석 대상: 001510, 078930, 217820, 207940, 066970, 061250, 068270, 012450]
⛔ 아우토크립트(137040) 호가 없음 (거래정지 의심)
078930  GS        73,400   54.6    -3.8%    1.0x     중간  4.66  3/0
061250  화일약품       8,180   20.9    -3.9%    0.6x     중간  5.08  3/0
217820  원익피앤이      3,375   43.3    -3.0%    0.4x     중간  4.20  3/1
001510  SK증권       4,515   60.7    -5.5%    0.3x     중간  3.20  3/0
⛔ 금양(001570) 호가 없음 (거래정지 의심)

══════════════════════════════════════════════════
→ 전종목 HOLD
✅ Discord 전송 완료

[12:38] HOLD | KODEX RSI87/+1.8%⚠️ | 보유:SK증권(001510) -2.9% GS(078930) -5.0% 원익피앤(217820) -3.5% | 💸예수금부족 | 최고신호 GS(078930) 3/3개 [하락-3.8% / MA골 / 호가4.7]
💰 예수금 9,782원 | KODEX200 RSI87/+1.9% 과열⚠️ | 매수기준 3개↑
📦 보유 SK증권(001510) 1주 -2.8% ⚠️주의
📦 보유 GS(078930) 1주 -4.7% 🔴스탑로스임박
📦 보유 원익피앤이(217820) 3주 -3.8% ⚠️주의

코드      종목명           가격    RSI     변화율    거래량     BB   호가비  B/S
────────────────────────────────────────────────────────────────────────
[2단계 분석 대상: 001510, 078930, 217820, 207940, 066970, 068270, 061250, 012450]
⛔ 아우토크립트(137040) 호가 없음 (거래정지 의심)
078930  GS        73,300   54.4    -3.9%    1.0x     중간  2.96  3/0
061250  화일약품       8,180   20.9    -3.9%    0.6x     중간  5.08  3/0
217820  원익피앤이      3,365   43.2    -3.2%    0.4x     중간  5.98  3/1
001510  SK증권       4,515   60.7    -5.5%    0.3x     중간  2.88  3/0
⛔ 금양(001570) 호가 없음 (거래정지 의심)

══════════════════════════════════════════════════
→ 전종목 HOLD
✅ Discord 전송 완료

[12:40] HOLD | KODEX RSI87/+1.9%⚠️ | 보유:SK증권(001510) -2.8% GS(078930) -4.7% 원익피앤(217820) -3.8% | 💸예수금부족 | 최고신호 GS(078930) 3/3개 [하락-3.9% / MA골 / 호가3.0]
💰 예수금 9,782원 | KODEX200 RSI87/+1.9% 과열⚠️ | 매수기준 3개↑
📦 보유 SK증권(001510) 1주 -2.9% ⚠️주의
📦 보유 GS(078930) 1주 -4.7% 🔴스탑로스임박
📦 보유 원익피앤이(217820) 3주 -3.8% ⚠️주의

코드      종목명           가격    RSI     변화율    거래량     BB   호가비  B/S
────────────────────────────────────────────────────────────────────────
[2단계 분석 대상: 001510, 078930, 217820, 066970, 207940, 068270, 061250, 058470]
⛔ 아우토크립트(137040) 호가 없음 (거래정지 의심)
078930  GS        73,300   54.6    -3.8%    1.0x     중간  3.74  3/0
061250  화일약품       8,180   20.9    -3.9%    0.6x     중간  5.07  3/0
217820  원익피앤이      3,370   43.2    -3.2%    0.4x     중간  5.82  3/1
001510  SK증권       4,515   60.7    -5.5%    0.3x     중간  4.33  3/0
⛔ 금양(001570) 호가 없음 (거래정지 의심)

══════════════════════════════════════════════════
→ 전종목 HOLD
✅ Discord 전송 완료

[12:42] HOLD | KODEX RSI87/+1.9%⚠️ | 보유:SK증권(001510) -2.9% GS(078930) -4.7% 원익피앤(217820) -3.8% | 💸예수금부족 | 최고신호 GS(078930) 3/3개 [하락-3.8% / MA골 / 호가3.7]
💰 예수금 9,782원 | KODEX200 RSI87/+2.0% 과열⚠️ | 매수기준 3개↑
📦 보유 SK증권(001510) 1주 -2.8% ⚠️주의
📦 보유 GS(078930) 1주 -4.8% 🔴스탑로스임박
📦 보유 원익피앤이(217820) 3주 -3.8% ⚠️주의

코드      종목명           가격    RSI     변화율    거래량     BB   호가비  B/S
────────────────────────────────────────────────────────────────────────
[2단계 분석 대상: 001510, 078930, 217820, 207940, 066970, 061250, 068270, 012450]
⛔ 아우토크립트(137040) 호가 없음 (거래정지 의심)
078930  GS        73,300   54.4    -3.9%    1.0x     중간  3.17  3/0
061250  화일약품       8,180   20.9    -3.9%    0.6x     중간  5.33  3/0
217820  원익피앤이      3,370   43.1    -3.3%    0.4x     중간  5.57  3/1
001510  SK증권       4,515   60.7    -5.5%    0.3x     중간  5.70  3/0
⛔ 금양(001570) 호가 없음 (거래정지 의심)

══════════════════════════════════════════════════
→ 전종목 HOLD
✅ Discord 전송 완료

[12:44] HOLD | KODEX RSI87/+2.0%⚠️ | 보유:SK증권(001510) -2.8% GS(078930) -4.8% 원익피앤(217820) -3.8% | 💸예수금부족 | 최고신호 GS(078930) 3/3개 [하락-3.9% / MA골 / 호가3.2]
💰 예수금 9,782원 | KODEX200 RSI87/+1.9% 과열⚠️ | 매수기준 3개↑
📦 보유 SK증권(001510) 1주 -3.0% ⚠️주의
📦 보유 GS(078930) 1주 -4.9% 🔴스탑로스임박
📦 보유 원익피앤이(217820) 3주 -3.6% ⚠️주의

코드      종목명           가격    RSI     변화율    거래량     BB   호가비  B/S
────────────────────────────────────────────────────────────────────────
[2단계 분석 대상: 001510, 078930, 217820, 207940, 066970, 247540, 061250, 068270]
⛔ 아우토크립트(137040) 호가 없음 (거래정지 의심)
078930  GS        73,400   54.4    -3.9%    1.1x     중간  2.41  3/0
061250  화일약품       8,190   20.7    -4.1%    0.6x     중간  5.83  3/0
217820  원익피앤이      3,365   43.2    -3.2%    0.4x     중간  4.83  3/1
001510  SK증권       4,495   60.4    -5.9%    0.3x     중간  4.99  3/0
⛔ 금양(001570) 호가 없음 (거래정지 의심)

══════════════════════════════════════════════════
→ 전종목 HOLD
✅ Discord 전송 완료

[12:46] HOLD | KODEX RSI87/+1.9%⚠️ | 보유:SK증권(001510) -3.0% GS(078930) -4.9% 원익피앤(217820) -3.6% | 💸예수금부족 | 최고신호 GS(078930) 3/3개 [하락-3.9% / MA골 / 호가2.4]
💰 예수금 9,782원 | KODEX200 RSI87/+1.9% 과열⚠️ | 매수기준 3개↑
📦 보유 SK증권(001510) 1주 -3.1% ⚠️주의
📦 보유 GS(078930) 1주 -4.9% 🔴스탑로스임박
📦 보유 원익피앤이(217820) 3주 -3.9% ⚠️주의

코드      종목명           가격    RSI     변화율    거래량     BB   호가비  B/S
────────────────────────────────────────────────────────────────────────
[2단계 분석 대상: 001510, 078930, 217820, 207940, 066970, 247540, 061250, 012450]
⛔ 아우토크립트(137040) 호가 없음 (거래정지 의심)
078930  GS        73,200   54.4    -3.9%    1.1x     중간  3.87  3/0
061250  화일약품       8,210   21.2    -3.5%    0.6x     중간  5.64  3/0
217820  원익피앤이      3,355   43.0    -3.5%    0.4x     중간  5.53  3/1
001510  SK증권       4,505   60.4    -5.8%    0.3x     중간  3.12  3/0
⛔ 금양(001570) 호가 없음 (거래정지 의심)

══════════════════════════════════════════════════
→ 전종목 HOLD
✅ Discord 전송 완료

[12:48] HOLD | KODEX RSI87/+1.9%⚠️ | 보유:SK증권(001510) -3.1% GS(078930) -4.9% 원익피앤(217820) -3.9% | 💸예수금부족 | 최고신호 GS(078930) 3/3개 [하락-3.9% / MA골 / 호가3.9]
💰 예수금 9,782원 | KODEX200 RSI87/+1.9% 과열⚠️ | 매수기준 3개↑
📦 보유 SK증권(001510) 1주 -3.2% ⚠️주의
📦 보유 GS(078930) 1주 -5.0% 🔴스탑로스임박
📦 보유 원익피앤이(217820) 3주 -3.8% ⚠️주의

코드      종목명           가격    RSI     변화율    거래량     BB   호가비  B/S
────────────────────────────────────────────────────────────────────────
[2단계 분석 대상: 001510, 078930, 217820, 207940, 061250, 068270, 066970, 138040]
⛔ 아우토크립트(137040) 호가 없음 (거래정지 의심)
078930  GS        73,000   53.6    -4.5%    1.1x     중간  8.04  3/0
061250  화일약품       8,210   20.8    -4.0%    0.7x     중간  5.65  3/0
217820  원익피앤이      3,370   43.4    -2.9%    0.4x     중간  5.33  3/1
001510  SK증권       4,500   60.4    -5.9%    0.3x     중간  4.67  3/0
⛔ 금양(001570) 호가 없음 (거래정지 의심)

══════════════════════════════════════════════════
→ 전종목 HOLD
✅ Discord 전송 완료

[12:50] HOLD | KODEX RSI87/+1.9%⚠️ | 보유:SK증권(001510) -3.2% GS(078930) -5.0% 원익피앤(217820) -3.8% | 💸예수금부족 | 최고신호 GS(078930) 3/3개 [하락-4.5% / MA골 / 호가8.0]
💰 예수금 9,782원 | KODEX200 RSI87/+1.9% 과열⚠️ | 매수기준 3개↑
📦 보유 SK증권(001510) 1주 -3.3% ⚠️주의
📦 보유 GS(078930) 1주 -5.3% 🔴스탑로스임박
📦 보유 원익피앤이(217820) 3주 -3.5% ⚠️주의

코드      종목명           가격    RSI     변화율    거래량     BB   호가비  B/S
────────────────────────────────────────────────────────────────────────
[2단계 분석 대상: 001510, 078930, 217820, 207940, 012450, 066970, 061250, 034020]
⛔ 아우토크립트(137040) 호가 없음 (거래정지 의심)
078930  GS        72,900   53.8    -4.3%    1.1x     중간 11.69  3/0
061250  화일약품       8,210   21.1    -3.6%    0.7x     중간  5.65  3/0
217820  원익피앤이      3,375   43.4    -2.9%    0.4x     중간  4.40  3/1
001510  SK증권       4,495   60.4    -5.9%    0.3x     중간  4.87  3/0
⛔ 금양(001570) 호가 없음 (거래정지 의심)

══════════════════════════════════════════════════
→ 전종목 HOLD
✅ Discord 전송 완료

[12:52] HOLD | KODEX RSI87/+1.9%⚠️ | 보유:SK증권(001510) -3.3% GS(078930) -5.3% 원익피앤(217820) -3.5% | 💸예수금부족 | 최고신호 GS(078930) 3/3개 [하락-4.3% / MA골 / 호가11.7]
💰 예수금 9,782원 | KODEX200 RSI87/+1.9% 과열⚠️ | 매수기준 3개↑
📦 보유 SK증권(001510) 1주 -3.2% ⚠️주의
📦 보유 GS(078930) 1주 -5.2% 🔴스탑로스임박
📦 보유 원익피앤이(217820) 3주 -3.6% ⚠️주의

코드      종목명           가격    RSI     변화율    거래량     BB   호가비  B/S
────────────────────────────────────────────────────────────────────────
[2단계 분석 대상: 001510, 078930, 217820, 207940, 012450, 015760, 066970, 034020]
⛔ 아우토크립트(137040) 호가 없음 (거래정지 의심)
078930  GS        72,900   53.6    -4.5%    1.1x     중간 11.02  3/0
061250  화일약품       8,430    0.0    +0.0%    0.0x     중간  2.84  1/0
217820  원익피앤이      3,375   43.3    -3.0%    0.4x     중간  4.73  3/1
001510  SK증권       4,500   60.4    -5.9%    0.3x     중간  4.62  3/0
⛔ 금양(001570) 호가 없음 (거래정지 의심)

══════════════════════════════════════════════════
→ 전종목 HOLD
✅ Discord 전송 완료

[12:54] HOLD | KODEX RSI87/+1.9%⚠️ | 보유:SK증권(001510) -3.2% GS(078930) -5.2% 원익피앤(217820) -3.6% | 💸예수금부족 | 최고신호 GS(078930) 3/3개 [하락-4.5% / MA골 / 호가11.0]
💰 예수금 9,782원 | KODEX200 RSI87/+2.0% 과열⚠️ | 매수기준 3개↑
📦 보유 SK증권(001510) 1주 -3.1% ⚠️주의
📦 보유 GS(078930) 1주 -5.3% 🔴스탑로스임박
📦 보유 원익피앤이(217820) 3주 -3.5% ⚠️주의

코드      종목명           가격    RSI     변화율    거래량     BB   호가비  B/S
────────────────────────────────────────────────────────────────────────
[2단계 분석 대상: 001510, 078930, 217820, 207940, 012450, 066970, 034020, 015760]
⛔ 아우토크립트(137040) 호가 없음 (거래정지 의심)
078930  GS        72,900   53.8    -4.3%    1.1x     중간 12.03  3/0
061250  화일약품       8,490    0.0    +0.0%    0.0x     중간  1.15  0/0
217820  원익피앤이      3,370   43.3    -3.0%    0.4x     중간  4.62  3/1
001510  SK증권       4,500   60.4    -5.8%    0.3x     중간  5.03  3/0
⛔ 금양(001570) 호가 없음 (거래정지 의심)

══════════════════════════════════════════════════
→ 전종목 HOLD
✅ Discord 전송 완료

[12:56] HOLD | KODEX RSI87/+2.0%⚠️ | 보유:SK증권(001510) -3.1% GS(078930) -5.3% 원익피앤(217820) -3.5% | 💸예수금부족 | 최고신호 GS(078930) 3/3개 [하락-4.3% / MA골 / 호가12.0]
💰 예수금 9,782원 | KODEX200 RSI87/+1.9% 과열⚠️ | 매수기준 3개↑
📦 보유 SK증권(001510) 1주 -3.1% ⚠️주의
📦 보유 GS(078930) 1주 -5.3% 🔴스탑로스임박
📦 보유 원익피앤이(217820) 3주 -3.5% ⚠️주의

코드      종목명           가격    RSI     변화율    거래량     BB   호가비  B/S
────────────────────────────────────────────────────────────────────────
[2단계 분석 대상: 001510, 078930, 217820, 207940, 012450, 034020, 015760, 056080]
⛔ 아우토크립트(137040) 호가 없음 (거래정지 의심)
078930  GS        72,900   53.4    -4.6%    1.1x     중간  7.91  3/0
061250  화일약품       8,410    0.0    +0.0%    0.0x     중간  1.69  1/0
217820  원익피앤이      3,370   43.3    -3.0%    0.4x     중간  4.49  3/1
001510  SK증권       4,500   60.4    -5.8%    0.3x     중간  4.38  3/0
⛔ 금양(001570) 호가 없음 (거래정지 의심)

══════════════════════════════════════════════════
→ 전종목 HOLD
✅ Discord 전송 완료

[12:58] HOLD | KODEX RSI87/+1.9%⚠️ | 보유:SK증권(001510) -3.1% GS(078930) -5.3% 원익피앤(217820) -3.5% | 💸예수금부족 | 최고신호 GS(078930) 3/3개 [하락-4.6% / MA골 / 호가7.9]
💰 예수금 9,782원 | KODEX200 RSI87/+2.0% 과열⚠️ | 매수기준 3개↑
📦 보유 SK증권(001510) 1주 -3.2% ⚠️주의
📦 보유 GS(078930) 1주 -5.4% 🔴스탑로스임박
📦 보유 원익피앤이(217820) 3주 -3.5% ⚠️주의

코드      종목명           가격    RSI     변화율    거래량     BB   호가비  B/S
────────────────────────────────────────────────────────────────────────
[2단계 분석 대상: 001510, 078930, 217820, 207940, 086790, 035720, 015760, 034020]
⛔ 아우토크립트(137040) 호가 없음 (거래정지 의심)
078930  GS        72,700   53.0    -4.9%    1.1x     중간  6.76  3/0
061250  화일약품       8,400    0.0    +0.0%    0.0x     중간  1.57  1/0
217820  원익피앤이      3,370   43.3    -3.0%    0.4x     중간  4.51  3/1
001510  SK증권       4,500   60.4    -5.8%    0.3x     중간  4.49  3/0
⛔ 금양(001570) 호가 없음 (거래정지 의심)

══════════════════════════════════════════════════
→ 전종목 HOLD
✅ Discord 전송 완료

[13:00] HOLD | KODEX RSI87/+2.0%⚠️ | 보유:SK증권(001510) -3.2% GS(078930) -5.4% 원익피앤(217820) -3.5% | 💸예수금부족 | 최고신호 GS(078930) 3/3개 [하락-4.9% / MA골 / 호가6.8]
💰 예수금 9,783원 | KODEX200 RSI87/+2.1% 과열⚠️ | 매수기준 3개↑
📦 보유 SK증권(001510) 1주 -3.0% ⚠️주의
📦 보유 GS(078930) 1주 -5.6% 🔴스탑로스임박
📦 보유 원익피앤이(217820) 3주 -3.6% ⚠️주의

코드      종목명           가격    RSI     변화율    거래량     BB   호가비  B/S
────────────────────────────────────────────────────────────────────────
[2단계 분석 대상: 001510, 078930, 217820, 207940, 066970, 015760, 086790, 035720]
⛔ 아우토크립트(137040) 호가 없음 (거래정지 의심)
078930  GS        72,300   52.5    -5.2%    1.1x     중간  6.84  3/0
061250  화일약품       8,400    0.0    +0.0%    0.0x     중간  1.21  1/0
217820  원익피앤이      3,365   43.2    -3.2%    0.4x     중간  4.85  3/1
001510  SK증권       4,505   60.5    -5.7%    0.3x     중간  2.77  3/0
⛔ 금양(001570) 호가 없음 (거래정지 의심)

══════════════════════════════════════════════════
→ 전종목 HOLD
✅ Discord 전송 완료

[13:02] HOLD | KODEX RSI87/+2.1%⚠️ | 보유:SK증권(001510) -3.0% GS(078930) -5.6% 원익피앤(217820) -3.6% | 💸예수금부족 | 최고신호 GS(078930) 3/3개 [하락-5.2% / MA골 / 호가6.8]
💰 예수금 9,783원 | KODEX200 RSI88/+2.3% 과열⚠️ | 매수기준 3개↑
📦 보유 SK증권(001510) 1주 -3.1% ⚠️주의
📦 보유 GS(078930) 1주 -6.1% 🔴스탑로스임박
📦 보유 원익피앤이(217820) 3주 -3.6% ⚠️주의

코드      종목명           가격    RSI     변화율    거래량     BB   호가비  B/S
────────────────────────────────────────────────────────────────────────
[2단계 분석 대상: 001510, 078930, 217820, 066970, 207940, 015760, 012450, 068270]
⛔ 아우토크립트(137040) 호가 없음 (거래정지 의심)
078930  GS        72,400   52.8    -5.0%    1.1x     중간  8.92  3/0
061250  화일약품       8,380    0.0    +0.0%    0.0x     중간  1.39  1/0
217820  원익피앤이      3,365   43.0    -3.5%    0.4x     중간  4.68  3/1
001510  SK증권       4,505   60.4    -5.8%    0.3x     중간  2.72  3/0
⛔ 금양(001570) 호가 없음 (거래정지 의심)

══════════════════════════════════════════════════
→ 전종목 HOLD
✅ Discord 전송 완료

[13:04] HOLD | KODEX RSI88/+2.3%⚠️ | 보유:SK증권(001510) -3.1% GS(078930) -6.1% 원익피앤(217820) -3.6% | 💸예수금부족 | 최고신호 GS(078930) 3/3개 [하락-5.0% / MA골 / 호가8.9]
💰 예수금 9,783원 | KODEX200 RSI88/+2.4% 과열⚠️ | 매수기준 3개↑
📦 보유 SK증권(001510) 1주 -3.1% ⚠️주의
📦 보유 GS(078930) 1주 -5.8% 🔴스탑로스임박
📦 보유 원익피앤이(217820) 3주 -3.9% ⚠️주의

코드      종목명           가격    RSI     변화율    거래량     BB   호가비  B/S
────────────────────────────────────────────────────────────────────────
[2단계 분석 대상: 001510, 078930, 217820, 012450, 207940, 015760, 066970, 035720]
⛔ 아우토크립트(137040) 호가 없음 (거래정지 의심)
078930  GS        72,200   52.3    -5.4%    1.1x     중간  6.96  3/0
061250  화일약품       8,340    0.0    +0.0%    0.0x     중간  5.92  1/0
217820  원익피앤이      3,355   43.0    -3.5%    0.4x     중간  4.60  3/1
001510  SK증권       4,500   60.3    -6.0%    0.3x     중간  3.18  3/0
⛔ 금양(001570) 호가 없음 (거래정지 의심)

══════════════════════════════════════════════════
→ 전종목 HOLD
✅ Discord 전송 완료

[13:06] HOLD | KODEX RSI88/+2.4%⚠️ | 보유:SK증권(001510) -3.1% GS(078930) -5.8% 원익피앤(217820) -3.9% | 💸예수금부족 | 최고신호 GS(078930) 3/3개 [하락-5.4% / MA골 / 호가7.0]
💰 예수금 9,783원 | KODEX200 RSI88/+2.4% 과열⚠️ | 매수기준 3개↑
📦 보유 SK증권(001510) 1주 -3.1% ⚠️주의
📦 보유 GS(078930) 1주 -6.1% 🔴스탑로스임박
📦 보유 원익피앤이(217820) 3주 -3.9% ⚠️주의

코드      종목명           가격    RSI     변화율    거래량     BB   호가비  B/S
────────────────────────────────────────────────────────────────────────
[2단계 분석 대상: 001510, 078930, 217820, 012450, 015760, 207940, 066970, 035720]
⛔ 아우토크립트(137040) 호가 없음 (거래정지 의심)
078930  GS        72,300   52.6    -5.1%    1.1x     중간  8.47  3/0
061250  화일약품       8,290    0.0    +0.0%    0.0x     중간  2.44  1/0
217820  원익피앤이      3,360   43.1    -3.3%    0.4x     중간  7.02  3/1
001510  SK증권       4,495   60.3    -6.0%    0.3x     중간  3.70  3/0
⛔ 금양(001570) 호가 없음 (거래정지 의심)

══════════════════════════════════════════════════
→ 전종목 HOLD
✅ Discord 전송 완료

[13:08] HOLD | KODEX RSI88/+2.4%⚠️ | 보유:SK증권(001510) -3.1% GS(078930) -6.1% 원익피앤(217820) -3.9% | 💸예수금부족 | 최고신호 GS(078930) 3/3개 [하락-5.1% / MA골 / 호가8.5]
💰 예수금 9,783원 | KODEX200 RSI88/+2.4% 과열⚠️ | 매수기준 3개↑
📦 보유 SK증권(001510) 1주 -3.1% ⚠️주의
📦 보유 GS(078930) 1주 -6.0% 🔴스탑로스임박
📦 보유 원익피앤이(217820) 3주 -3.9% ⚠️주의

코드      종목명           가격    RSI     변화율    거래량     BB   호가비  B/S
────────────────────────────────────────────────────────────────────────
[2단계 분석 대상: 001510, 078930, 217820, 207940, 012450, 015760, 105560, 055550]
⛔ 아우토크립트(137040) 호가 없음 (거래정지 의심)
078930  GS        72,300   52.3    -5.4%    1.1x     중간  7.76  3/0
061250  화일약품       8,290    0.0    +0.0%    0.0x     중간  4.10  1/0
217820  원익피앤이      3,355   43.0    -3.5%    0.4x     중간  6.97  3/1
001510  SK증권       4,515   60.7    -5.5%    0.3x     중간  1.93  3/0
⛔ 금양(001570) 호가 없음 (거래정지 의심)

══════════════════════════════════════════════════
→ 전종목 HOLD
✅ Discord 전송 완료

[13:10] HOLD | KODEX RSI88/+2.4%⚠️ | 보유:SK증권(001510) -3.1% GS(078930) -6.0% 원익피앤(217820) -3.9% | 💸예수금부족 | 최고신호 GS(078930) 3/3개 [하락-5.4% / MA골 / 호가7.8]
💰 예수금 9,783원 | KODEX200 RSI88/+2.2% 과열⚠️ | 매수기준 3개↑
📦 보유 SK증권(001510) 1주 -2.8% ⚠️주의
📦 보유 GS(078930) 1주 -6.2% 🔴스탑로스임박
📦 보유 원익피앤이(217820) 3주 -3.9% ⚠️주의

코드      종목명           가격    RSI     변화율    거래량     BB   호가비  B/S
────────────────────────────────────────────────────────────────────────
[2단계 분석 대상: 001510, 078930, 217820, 012450, 207940, 086790, 015760, 056080]
⛔ 아우토크립트(137040) 호가 없음 (거래정지 의심)
078930  GS        72,000   52.1    -5.5%    1.1x     중간  5.21  3/0
061250  화일약품       8,290    0.0    +0.0%    0.0x     중간  4.13  1/0
217820  원익피앤이      3,360   42.9    -3.6%    0.4x     중간  6.57  3/1
001510  SK증권       4,515   60.6    -5.5%    0.3x     중간  1.64  3/0
⛔ 금양(001570) 호가 없음 (거래정지 의심)

══════════════════════════════════════════════════
→ 전종목 HOLD
✅ Discord 전송 완료

[13:12] HOLD | KODEX RSI88/+2.2%⚠️ | 보유:SK증권(001510) -2.8% GS(078930) -6.2% 원익피앤(217820) -3.9% | 💸예수금부족 | 최고신호 GS(078930) 3/3개 [하락-5.5% / MA골 / 호가5.2]
💰 예수금 9,783원 | KODEX200 RSI88/+2.3% 과열⚠️ | 매수기준 3개↑
📦 보유 SK증권(001510) 1주 -2.9% ⚠️주의
📦 보유 GS(078930) 1주 -6.3% 🔴스탑로스임박
📦 보유 원익피앤이(217820) 3주 -3.9% ⚠️주의

코드      종목명           가격    RSI     변화율    거래량     BB   호가비  B/S
────────────────────────────────────────────────────────────────────────
[2단계 분석 대상: 001510, 078930, 217820, 012450, 015760, 056080, 247540, 207940]
⛔ 아우토크립트(137040) 호가 없음 (거래정지 의심)
078930  GS        72,200   52.3    -5.4%    1.2x     중간  2.60  3/0
061250  화일약품       8,290    0.0    +0.0%    0.0x     중간  3.38  1/0
217820  원익피앤이      3,355   43.0    -3.5%    0.4x     중간  7.76  3/1
001510  SK증권       4,510   60.6    -5.5%    0.3x     중간  1.95  3/0
⛔ 금양(001570) 호가 없음 (거래정지 의심)

══════════════════════════════════════════════════
→ 전종목 HOLD
✅ Discord 전송 완료

[13:14] HOLD | KODEX RSI88/+2.3%⚠️ | 보유:SK증권(001510) -2.9% GS(078930) -6.3% 원익피앤(217820) -3.9% | 💸예수금부족 | 최고신호 GS(078930) 3/3개 [하락-5.4% / MA골 / 호가2.6]
💰 예수금 9,783원 | KODEX200 RSI88/+2.2% 과열⚠️ | 매수기준 3개↑
📦 보유 SK증권(001510) 1주 -3.0% ⚠️주의
📦 보유 GS(078930) 1주 -6.2% 🔴스탑로스임박
📦 보유 원익피앤이(217820) 3주 -4.1% 🔴스탑로스임박

코드      종목명           가격    RSI     변화율    거래량     BB   호가비  B/S
────────────────────────────────────────────────────────────────────────
[2단계 분석 대상: 001510, 078930, 217820, 012450, 207940, 056080, 015760, 035720]
⛔ 아우토크립트(137040) 호가 없음 (거래정지 의심)
078930  GS        72,100   52.3    -5.4%    1.2x     중간  2.91  3/0
061250  화일약품       8,290    0.0    +0.0%    0.0x     중간  3.43  1/0
217820  원익피앤이      3,355   42.9    -3.6%    0.4x     중간  5.93  3/1
001510  SK증권       4,505   60.5    -5.7%    0.3x     중간  2.47  3/0
⛔ 금양(001570) 호가 없음 (거래정지 의심)

══════════════════════════════════════════════════
→ 전종목 HOLD
✅ Discord 전송 완료

[13:16] HOLD | KODEX RSI88/+2.2%⚠️ | 보유:SK증권(001510) -3.0% GS(078930) -6.2% 원익피앤(217820) -4.1% | 💸예수금부족 | 최고신호 GS(078930) 3/3개 [하락-5.4% / MA골 / 호가2.9]
💰 예수금 9,783원 | KODEX200 RSI88/+2.2% 과열⚠️ | 매수기준 3개↑
📦 보유 SK증권(001510) 1주 -3.1% ⚠️주의
📦 보유 GS(078930) 1주 -6.3% 🔴스탑로스임박
📦 보유 원익피앤이(217820) 3주 -3.9% ⚠️주의

코드      종목명           가격    RSI     변화율    거래량     BB   호가비  B/S
────────────────────────────────────────────────────────────────────────
[2단계 분석 대상: 001510, 078930, 217820, 012450, 015760, 056080, 207940, 086790]
⛔ 아우토크립트(137040) 호가 없음 (거래정지 의심)
078930  GS        72,100   52.1    -5.5%    1.2x     중간  2.46  3/0
061250  화일약품       8,270    0.0    +0.0%    0.0x     중간  3.04  1/0
217820  원익피앤이      3,355   43.0    -3.5%    0.4x     중간  6.12  3/1
001510  SK증권       4,505   60.4    -5.8%    0.3x     중간  2.50  3/0
⛔ 금양(001570) 호가 없음 (거래정지 의심)

══════════════════════════════════════════════════
→ 전종목 HOLD
✅ Discord 전송 완료

[13:18] HOLD | KODEX RSI88/+2.2%⚠️ | 보유:SK증권(001510) -3.1% GS(078930) -6.3% 원익피앤(217820) -3.9% | 💸예수금부족 | 최고신호 GS(078930) 3/3개 [하락-5.5% / MA골 / 호가2.5]
💰 예수금 9,783원 | KODEX200 RSI88/+2.4% 과열⚠️ | 매수기준 3개↑
📦 보유 SK증권(001510) 1주 -3.1% ⚠️주의
📦 보유 GS(078930) 1주 -6.2% 🔴스탑로스임박
📦 보유 원익피앤이(217820) 3주 -4.1% 🔴스탑로스임박

코드      종목명           가격    RSI     변화율    거래량     BB   호가비  B/S
────────────────────────────────────────────────────────────────────────
[2단계 분석 대상: 001510, 078930, 217820, 012450, 086790, 056080, 015760, 035720]
⛔ 아우토크립트(137040) 호가 없음 (거래정지 의심)
078930  GS        72,300   52.1    -5.5%    1.2x     중간  4.30  3/0
061250  화일약품       8,250    0.0    +0.0%    0.0x     중간  5.84  1/0
217820  원익피앤이      3,355   42.9    -3.6%    0.4x     중간  6.09  3/1
001510  SK증권       4,505   60.4    -5.8%    0.3x     중간  2.51  3/0
⛔ 금양(001570) 호가 없음 (거래정지 의심)

══════════════════════════════════════════════════
→ 전종목 HOLD
✅ Discord 전송 완료

[13:20] HOLD | KODEX RSI88/+2.4%⚠️ | 보유:SK증권(001510) -3.1% GS(078930) -6.2% 원익피앤(217820) -4.1% | 💸예수금부족 | 최고신호 GS(078930) 3/3개 [하락-5.5% / MA골 / 호가4.3]
💰 예수금 9,783원 | KODEX200 RSI88/+2.5% 과열⚠️ | 매수기준 3개↑
📦 보유 SK증권(001510) 1주 -3.0% ⚠️주의
📦 보유 GS(078930) 1주 -6.2% 🔴스탑로스임박
📦 보유 원익피앤이(217820) 3주 -3.9% ⚠️주의

코드      종목명           가격    RSI     변화율    거래량     BB   호가비  B/S
────────────────────────────────────────────────────────────────────────
[2단계 분석 대상: 001510, 078930, 217820, 012450, 207940, 015760, 061250, 035720]
⛔ 아우토크립트(137040) 호가 없음 (거래정지 의심)
078930  GS        72,200   52.5    -5.2%    1.2x     중간  3.77  3/0
061250  화일약품       8,250   21.5    -3.2%    0.8x     중간  8.12  3/0
217820  원익피앤이      3,355   43.0    -3.5%    0.4x     중간  5.92  3/1
001510  SK증권       4,500   60.4    -5.9%    0.3x     중간  3.39  3/0
⛔ 금양(001570) 호가 없음 (거래정지 의심)

══════════════════════════════════════════════════
→ 전종목 HOLD
✅ Discord 전송 완료

[13:22] HOLD | KODEX RSI88/+2.5%⚠️ | 보유:SK증권(001510) -3.0% GS(078930) -6.2% 원익피앤(217820) -3.9% | 💸예수금부족 | 최고신호 GS(078930) 3/3개 [하락-5.2% / MA골 / 호가3.8]
💰 예수금 9,783원 | KODEX200 RSI88/+2.5% 과열⚠️ | 매수기준 3개↑
📦 보유 SK증권(001510) 1주 -3.1% ⚠️주의
📦 보유 GS(078930) 1주 -6.2% 🔴스탑로스임박
📦 보유 원익피앤이(217820) 3주 -3.9% ⚠️주의

코드      종목명           가격    RSI     변화율    거래량     BB   호가비  B/S
────────────────────────────────────────────────────────────────────────
[2단계 분석 대상: 001510, 078930, 217820, 207940, 012450, 105560, 015760, 061250]
⛔ 아우토크립트(137040) 호가 없음 (거래정지 의심)
078930  GS        72,100   51.9    -5.6%    1.2x     중간  3.05  3/0
061250  화일약품       8,240   21.6    -3.1%    0.8x     중간  8.43  3/0
217820  원익피앤이      3,360   42.9    -3.6%    0.5x     중간  2.74  3/1
001510  SK증권       4,500   60.4    -5.9%    0.3x     중간  3.31  3/0
⛔ 금양(001570) 호가 없음 (거래정지 의심)

══════════════════════════════════════════════════
→ 전종목 HOLD
✅ Discord 전송 완료

[13:24] HOLD | KODEX RSI88/+2.5%⚠️ | 보유:SK증권(001510) -3.1% GS(078930) -6.2% 원익피앤(217820) -3.9% | 💸예수금부족 | 최고신호 GS(078930) 3/3개 [하락-5.6% / MA골 / 호가3.0]
💰 예수금 9,783원 | KODEX200 RSI88/+2.6% 과열⚠️ | 매수기준 3개↑
📦 보유 SK증권(001510) 1주 -3.1% ⚠️주의
📦 보유 GS(078930) 1주 -6.3% 🔴스탑로스임박
📦 보유 원익피앤이(217820) 3주 -4.1% 🔴스탑로스임박

코드      종목명           가격    RSI     변화율    거래량     BB   호가비  B/S
────────────────────────────────────────────────────────────────────────
[2단계 분석 대상: 001510, 078930, 217820, 015760, 207940, 056080, 105560, 012450]
⛔ 아우토크립트(137040) 호가 없음 (거래정지 의심)
078930  GS        72,200   52.3    -5.4%    1.2x     중간  3.58  3/0
061250  화일약품       8,230    0.0    +0.0%    0.0x     중간  5.05  1/0
217820  원익피앤이      3,360   42.8    -3.7%    0.5x     중간  2.66  3/1
001510  SK증권       4,500   60.4    -5.9%    0.3x     중간  2.81  3/0
⛔ 금양(001570) 호가 없음 (거래정지 의심)

══════════════════════════════════════════════════
→ 전종목 HOLD
✅ Discord 전송 완료

[13:26] HOLD | KODEX RSI88/+2.6%⚠️ | 보유:SK증권(001510) -3.1% GS(078930) -6.3% 원익피앤(217820) -4.1% | 💸예수금부족 | 최고신호 GS(078930) 3/3개 [하락-5.4% / MA골 / 호가3.6]
💰 예수금 9,783원 | KODEX200 RSI88/+2.6% 과열⚠️ | 매수기준 3개↑
📦 보유 SK증권(001510) 1주 -3.3% ⚠️주의
📦 보유 GS(078930) 1주 -6.2% 🔴스탑로스임박
📦 보유 원익피앤이(217820) 3주 -4.2% 🔴스탑로스임박

코드      종목명           가격    RSI     변화율    거래량     BB   호가비  B/S
────────────────────────────────────────────────────────────────────────
[2단계 분석 대상: 001510, 078930, 217820, 207940, 015760, 012450, 086790, 056080]
⛔ 아우토크립트(137040) 호가 없음 (거래정지 의심)
078930  GS        72,100   52.3    -5.4%    1.2x     중간  2.82  3/0
061250  화일약품       8,200    0.0    +0.0%    0.0x     중간  6.17  1/0
217820  원익피앤이      3,345   42.8    -3.7%    0.5x     중간  4.99  3/1
001510  SK증권       4,495   60.4    -5.9%    0.3x     중간  2.57  3/0
⛔ 금양(001570) 호가 없음 (거래정지 의심)

══════════════════════════════════════════════════
→ 전종목 HOLD
✅ Discord 전송 완료

[13:28] HOLD | KODEX RSI88/+2.6%⚠️ | 보유:SK증권(001510) -3.3% GS(078930) -6.2% 원익피앤(217820) -4.2% | 💸예수금부족 | 최고신호 GS(078930) 3/3개 [하락-5.4% / MA골 / 호가2.8]
💰 예수금 9,783원 | KODEX200 RSI88/+2.5% 과열⚠️ | 매수기준 3개↑
📦 보유 SK증권(001510) 1주 -3.3% ⚠️주의
📦 보유 GS(078930) 1주 -6.1% 🔴스탑로스임박
📦 보유 원익피앤이(217820) 3주 -4.2% 🔴스탑로스임박

코드      종목명           가격    RSI     변화율    거래량     BB   호가비  B/S
────────────────────────────────────────────────────────────────────────
[2단계 분석 대상: 001510, 078930, 217820, 207940, 012450, 035720, 015760, 086790]
⛔ 아우토크립트(137040) 호가 없음 (거래정지 의심)
078930  GS        72,200   52.3    -5.4%    1.2x     중간  4.86  3/0
061250  화일약품       8,190    0.0    +0.0%    0.0x     중간  5.45  1/0
217820  원익피앤이      3,350   42.8    -3.7%    0.5x     중간  5.72  3/1
001510  SK증권       4,495   60.4    -5.9%    0.3x     중간  2.53  3/0
⛔ 금양(001570) 호가 없음 (거래정지 의심)

══════════════════════════════════════════════════
→ 전종목 HOLD
✅ Discord 전송 완료

[13:30] HOLD | KODEX RSI88/+2.5%⚠️ | 보유:SK증권(001510) -3.3% GS(078930) -6.1% 원익피앤(217820) -4.2% | 💸예수금부족 | 최고신호 GS(078930) 3/3개 [하락-5.4% / MA골 / 호가4.9]
💰 예수금 9,783원 | KODEX200 RSI88/+2.6% 과열⚠️ | 매수기준 3개↑
📦 보유 SK증권(001510) 1주 -3.2% ⚠️주의
📦 보유 GS(078930) 1주 -6.2% 🔴스탑로스임박
📦 보유 원익피앤이(217820) 3주 -4.2% 🔴스탑로스임박

코드      종목명           가격    RSI     변화율    거래량     BB   호가비  B/S
────────────────────────────────────────────────────────────────────────
[2단계 분석 대상: 001510, 078930, 217820, 012450, 035720, 015760, 207940, 086790]
⛔ 아우토크립트(137040) 호가 없음 (거래정지 의심)
078930  GS        72,200   52.1    -5.5%    1.2x     중간  3.72  3/0
061250  화일약품       8,200    0.0    +0.0%    0.0x     중간  6.81  1/0
217820  원익피앤이      3,345   42.8    -3.7%    0.5x     중간  6.79  3/1
001510  SK증권       4,490   60.3    -6.0%    0.3x     중간  2.53  3/0
⛔ 금양(001570) 호가 없음 (거래정지 의심)

══════════════════════════════════════════════════
→ 전종목 HOLD
✅ Discord 전송 완료

[13:32] HOLD | KODEX RSI88/+2.6%⚠️ | 보유:SK증권(001510) -3.2% GS(078930) -6.2% 원익피앤(217820) -4.2% | 💸예수금부족 | 최고신호 GS(078930) 3/3개 [하락-5.5% / MA골 / 호가3.7]
💰 예수금 9,783원 | KODEX200 RSI88/+2.5% 과열⚠️ | 매수기준 3개↑
📦 보유 SK증권(001510) 1주 -3.4% ⚠️주의
📦 보유 GS(078930) 1주 -6.2% 🔴스탑로스임박
📦 보유 원익피앤이(217820) 3주 -4.2% 🔴스탑로스임박

코드      종목명           가격    RSI     변화율    거래량     BB   호가비  B/S
────────────────────────────────────────────────────────────────────────
[2단계 분석 대상: 001510, 078930, 217820, 012450, 015760, 207940, 035720, 086790]
⛔ 아우토크립트(137040) 호가 없음 (거래정지 의심)
078930  GS        72,000   52.1    -5.5%    1.2x     중간  4.24  3/0
061250  화일약품       8,360    0.0    +0.0%    0.0x     중간  5.20  1/0
217820  원익피앤이      3,345   42.8    -3.7%    0.5x     중간  5.31  3/1
001510  SK증권       4,490   60.3    -6.0%    0.3x     중간  2.36  3/0
⛔ 금양(001570) 호가 없음 (거래정지 의심)

══════════════════════════════════════════════════
→ 전종목 HOLD
✅ Discord 전송 완료

[13:34] HOLD | KODEX RSI88/+2.5%⚠️ | 보유:SK증권(001510) -3.4% GS(078930) -6.2% 원익피앤(217820) -4.2% | 💸예수금부족 | 최고신호 GS(078930) 3/3개 [하락-5.5% / MA골 / 호가4.2]
💰 예수금 9,785원 | KODEX200 RSI88/+2.2% 과열⚠️ | 매수기준 3개↑
📦 보유 SK증권(001510) 1주 -3.2% ⚠️주의
📦 보유 GS(078930) 1주 -6.5% 🔴스탑로스임박
📦 보유 원익피앤이(217820) 3주 -4.2% 🔴스탑로스임박

코드      종목명           가격    RSI     변화율    거래량     BB   호가비  B/S
────────────────────────────────────────────────────────────────────────
[2단계 분석 대상: 001510, 078930, 217820, 012450, 207940, 015760, 056080, 086790]
⛔ 아우토크립트(137040) 호가 없음 (거래정지 의심)
078930  GS        72,100   51.9    -5.6%    1.2x     중간  2.77  3/0
061250  화일약품       8,330    0.0    +0.0%    0.0x     중간  4.25  1/0
217820  원익피앤이      3,345   42.8    -3.7%    0.5x     중간  4.88  3/1
001510  SK증권       4,490   60.2    -6.1%    0.3x     중간  2.61  3/0
⛔ 금양(001570) 호가 없음 (거래정지 의심)

══════════════════════════════════════════════════
→ 전종목 HOLD
✅ Discord 전송 완료

[13:36] HOLD | KODEX RSI88/+2.2%⚠️ | 보유:SK증권(001510) -3.2% GS(078930) -6.5% 원익피앤(217820) -4.2% | 💸예수금부족 | 최고신호 GS(078930) 3/3개 [하락-5.6% / MA골 / 호가2.8]
💰 예수금 9,785원 | KODEX200 RSI88/+2.5% 과열⚠️ | 매수기준 3개↑
📦 보유 SK증권(001510) 1주 -3.3% ⚠️주의
📦 보유 GS(078930) 1주 -6.5% 🔴스탑로스임박
📦 보유 원익피앤이(217820) 3주 -4.2% 🔴스탑로스임박

코드      종목명           가격    RSI     변화율    거래량     BB   호가비  B/S
────────────────────────────────────────────────────────────────────────
[2단계 분석 대상: 001510, 078930, 217820, 012450, 207940, 086790, 015760, 056080]
⛔ 아우토크립트(137040) 호가 없음 (거래정지 의심)
078930  GS        72,000   51.7    -5.8%    1.2x     중간  2.79  3/0
061250  화일약품       8,330    0.0    +0.0%    0.0x     중간  4.25  1/0
217820  원익피앤이      3,350   42.8    -3.7%    0.5x     중간  5.39  3/1
001510  SK증권       4,490   60.2    -6.1%    0.3x     중간  2.89  3/0
⛔ 금양(001570) 호가 없음 (거래정지 의심)

══════════════════════════════════════════════════
→ 전종목 HOLD
✅ Discord 전송 완료

[13:38] HOLD | KODEX RSI88/+2.5%⚠️ | 보유:SK증권(001510) -3.3% GS(078930) -6.5% 원익피앤(217820) -4.2% | 💸예수금부족 | 최고신호 GS(078930) 3/3개 [하락-5.8% / MA골 / 호가2.8]
💰 예수금 9,785원 | KODEX200 RSI88/+2.5% 과열⚠️ | 매수기준 3개↑
📦 보유 SK증권(001510) 1주 -3.4% ⚠️주의
📦 보유 GS(078930) 1주 -6.6% 🔴스탑로스임박
📦 보유 원익피앤이(217820) 3주 -4.2% 🔴스탑로스임박

코드      종목명           가격    RSI     변화율    거래량     BB   호가비  B/S
────────────────────────────────────────────────────────────────────────
[2단계 분석 대상: 001510, 078930, 217820, 012450, 015760, 207940, 035720, 086790]
⛔ 아우토크립트(137040) 호가 없음 (거래정지 의심)
078930  GS        71,900   51.7    -5.8%    1.2x     중간  4.54  3/0
061250  화일약품       8,280    0.0    +0.0%    0.0x     중간  4.25  1/0
217820  원익피앤이      3,360   42.9    -3.6%    0.5x     중간  3.18  3/1
001510  SK증권       4,490   60.2    -6.1%    0.3x     중간  3.34  3/0
⛔ 금양(001570) 호가 없음 (거래정지 의심)

══════════════════════════════════════════════════
→ 전종목 HOLD
✅ Discord 전송 완료

[13:40] HOLD | KODEX RSI88/+2.5%⚠️ | 보유:SK증권(001510) -3.4% GS(078930) -6.6% 원익피앤(217820) -4.2% | 💸예수금부족 | 최고신호 GS(078930) 3/3개 [하락-5.8% / MA골 / 호가4.5]
💰 예수금 9,785원 | KODEX200 RSI88/+2.5% 과열⚠️ | 매수기준 3개↑
📦 보유 SK증권(001510) 1주 -3.3% ⚠️주의
📦 보유 GS(078930) 1주 -6.6% 🔴스탑로스임박
📦 보유 원익피앤이(217820) 3주 -4.1% 🔴스탑로스임박

코드      종목명           가격    RSI     변화율    거래량     BB   호가비  B/S
────────────────────────────────────────────────────────────────────────
[2단계 분석 대상: 001510, 078930, 217820, 035720, 015760, 207940, 012450, 086790]
⛔ 아우토크립트(137040) 호가 없음 (거래정지 의심)
078930  GS        71,800   51.7    -5.8%    1.2x     중간  4.14  3/0
061250  화일약품       8,260    0.0    +0.0%    0.0x     중간  4.81  1/0
217820  원익피앤이      3,360   42.9    -3.6%    0.5x     중간  2.89  3/1
001510  SK증권       4,490   60.2    -6.0%    0.3x     중간  3.35  3/0
⛔ 금양(001570) 호가 없음 (거래정지 의심)

══════════════════════════════════════════════════
→ 전종목 HOLD
✅ Discord 전송 완료

[13:42] HOLD | KODEX RSI88/+2.5%⚠️ | 보유:SK증권(001510) -3.3% GS(078930) -6.6% 원익피앤(217820) -4.1% | 💸예수금부족 | 최고신호 GS(078930) 3/3개 [하락-5.8% / MA골 / 호가4.1]
💰 예수금 9,785원 | KODEX200 RSI88/+2.4% 과열⚠️ | 매수기준 3개↑
📦 보유 SK증권(001510) 1주 -3.4% ⚠️주의
📦 보유 GS(078930) 1주 -6.6% 🔴스탑로스임박
📦 보유 원익피앤이(217820) 3주 -4.2% 🔴스탑로스임박

코드      종목명           가격    RSI     변화율    거래량     BB   호가비  B/S
────────────────────────────────────────────────────────────────────────
[2단계 분석 대상: 001510, 078930, 217820, 035720, 015760, 207940, 056080, 247540]
⛔ 아우토크립트(137040) 호가 없음 (거래정지 의심)
078930  GS        71,800   51.4    -6.0%    1.2x     중간  2.22  3/0
061250  화일약품       8,260    0.0    +0.0%    0.0x     중간  4.99  1/0
217820  원익피앤이      3,360   42.8    -3.7%    0.5x     중간  3.12  3/1
001510  SK증권       4,490   60.3    -6.0%    0.3x     중간  2.93  3/0
⛔ 금양(001570) 호가 없음 (거래정지 의심)

══════════════════════════════════════════════════
→ 전종목 HOLD
✅ Discord 전송 완료

[13:44] HOLD | KODEX RSI88/+2.4%⚠️ | 보유:SK증권(001510) -3.4% GS(078930) -6.6% 원익피앤(217820) -4.2% | 💸예수금부족 | 최고신호 GS(078930) 3/3개 [하락-6.0% / MA골 / 호가2.2]
💰 예수금 9,785원 | KODEX200 RSI88/+2.2% 과열⚠️ | 매수기준 3개↑
📦 보유 SK증권(001510) 1주 -3.4% ⚠️주의
📦 보유 GS(078930) 1주 -7.0% 🔴스탑로스임박
📦 보유 원익피앤이(217820) 3주 -3.8% ⚠️주의

코드      종목명           가격    RSI     변화율    거래량     BB   호가비  B/S
────────────────────────────────────────────────────────────────────────
[2단계 분석 대상: 001510, 078930, 217820, 035720, 015760, 207940, 105560, 056080]
⛔ 아우토크립트(137040) 호가 없음 (거래정지 의심)
078930  GS        71,900   51.7    -5.8%    1.3x     중간  3.54  3/0
061250  화일약품       8,240    0.0    +0.0%    0.0x     중간  5.73  1/0
217820  원익피앤이      3,360   43.1    -3.3%    0.5x     중간  4.86  3/1
001510  SK증권       4,490   60.3    -6.0%    0.3x     중간  3.00  3/0
⛔ 금양(001570) 호가 없음 (거래정지 의심)

══════════════════════════════════════════════════
→ 전종목 HOLD
✅ Discord 전송 완료

[13:46] HOLD | KODEX RSI88/+2.2%⚠️ | 보유:SK증권(001510) -3.4% GS(078930) -7.0% 원익피앤(217820) -3.8% | 💸예수금부족 | 최고신호 GS(078930) 3/3개 [하락-5.8% / MA골 / 호가3.5]
💰 예수금 9,785원 | KODEX200 RSI88/+2.4% 과열⚠️ | 매수기준 3개↑
📦 보유 SK증권(001510) 1주 -3.3% ⚠️주의
📦 보유 GS(078930) 1주 -6.5% 🔴스탑로스임박
📦 보유 원익피앤이(217820) 3주 -4.3% 🔴스탑로스임박

코드      종목명           가격    RSI     변화율    거래량     BB   호가비  B/S
────────────────────────────────────────────────────────────────────────
[2단계 분석 대상: 001510, 078930, 217820, 035720, 015760, 207940, 056080, 034020]
⛔ 아우토크립트(137040) 호가 없음 (거래정지 의심)
078930  GS        72,000   51.6    -5.9%    1.3x     중간  3.63  3/0
061250  화일약품       8,220    0.0    +0.0%    0.0x     중간  5.75  1/0
217820  원익피앤이      3,360   42.7    -3.9%    0.5x     중간  4.84  3/1
001510  SK증권       4,490   60.2    -6.1%    0.3x     중간  3.76  3/0
⛔ 금양(001570) 호가 없음 (거래정지 의심)

══════════════════════════════════════════════════
→ 전종목 HOLD
✅ Discord 전송 완료

[13:48] HOLD | KODEX RSI88/+2.4%⚠️ | 보유:SK증권(001510) -3.3% GS(078930) -6.5% 원익피앤(217820) -4.3% | 💸예수금부족 | 최고신호 GS(078930) 3/3개 [하락-5.9% / MA골 / 호가3.6]
💰 예수금 9,785원 | KODEX200 RSI88/+2.4% 과열⚠️ | 매수기준 3개↑
📦 보유 SK증권(001510) 1주 -3.2% ⚠️주의
📦 보유 GS(078930) 1주 -7.0% 🔴스탑로스임박
📦 보유 원익피앤이(217820) 3주 -4.3% 🔴스탑로스임박

코드      종목명           가격    RSI     변화율    거래량     BB   호가비  B/S
────────────────────────────────────────────────────────────────────────
[2단계 분석 대상: 001510, 078930, 217820, 035720, 207940, 015760, 247540, 056080]
⛔ 아우토크립트(137040) 호가 없음 (거래정지 의심)
078930  GS        71,500   51.2    -6.2%    1.3x     중간  3.23  3/0
061250  화일약품       8,220    0.0    +0.0%    0.0x     중간  5.32  1/0
217820  원익피앤이      3,360   42.7    -3.9%    0.5x     중간  4.84  3/1
001510  SK증권       4,500   60.4    -5.8%    0.3x     중간  4.33  3/0
⛔ 금양(001570) 호가 없음 (거래정지 의심)

══════════════════════════════════════════════════
→ 전종목 HOLD
✅ Discord 전송 완료

[13:50] HOLD | KODEX RSI88/+2.4%⚠️ | 보유:SK증권(001510) -3.2% GS(078930) -7.0% 원익피앤(217820) -4.3% | 💸예수금부족 | 최고신호 GS(078930) 3/3개 [하락-6.2% / MA골 / 호가3.2]
💰 예수금 9,786원 | KODEX200 RSI88/+2.3% 과열⚠️ | 매수기준 3개↑
📦 보유 SK증권(001510) 1주 -3.2% ⚠️주의
📦 보유 GS(078930) 1주 -7.4% 🔴스탑로스임박
📦 보유 원익피앤이(217820) 3주 -4.3% 🔴스탑로스임박

코드      종목명           가격    RSI     변화율    거래량     BB   호가비  B/S
────────────────────────────────────────────────────────────────────────
[2단계 분석 대상: 001510, 078930, 217820, 035720, 015760, 247540, 056080, 207940]
⛔ 아우토크립트(137040) 호가 없음 (거래정지 의심)
078930  GS        71,200   50.9    -6.4%    1.3x     중간  1.12  3/0
061250  화일약품       8,200    0.0    +0.0%    0.0x     중간  5.10  1/0
217820  원익피앤이      3,350   42.7    -3.9%    0.5x     중간  4.50  3/1
001510  SK증권       4,500   60.4    -5.8%    0.3x     중간  4.33  3/0
⛔ 금양(001570) 호가 없음 (거래정지 의심)

══════════════════════════════════════════════════
→ 전종목 HOLD
✅ Discord 전송 완료

[13:52] HOLD | KODEX RSI88/+2.3%⚠️ | 보유:SK증권(001510) -3.2% GS(078930) -7.4% 원익피앤(217820) -4.3% | 💸예수금부족 | 최고신호 GS(078930) 3/3개 [거래량1.3x / 하락-6.4% / MA골]
💰 예수금 9,785원 | KODEX200 RSI88/+2.3% 과열⚠️ | 매수기준 3개↑
📦 보유 SK증권(001510) 1주 -3.3% ⚠️주의
📦 보유 GS(078930) 1주 -7.0% 🔴스탑로스임박
📦 보유 원익피앤이(217820) 3주 -4.3% 🔴스탑로스임박

코드      종목명           가격    RSI     변화율    거래량     BB   호가비  B/S
────────────────────────────────────────────────────────────────────────
[2단계 분석 대상: 001510, 078930, 217820, 015760, 035720, 207940, 056080, 105560]
⛔ 아우토크립트(137040) 호가 없음 (거래정지 의심)
078930  GS        71,600   51.4    -6.0%    1.3x     중간  4.99  4/0
061250  화일약품       8,200    0.0    +0.0%    0.0x     중간  5.17  1/0
217820  원익피앤이      3,350   42.7    -3.9%    0.5x     중간  4.32  3/1
001510  SK증권       4,490   60.3    -6.0%    0.3x     중간  4.21  3/0
⛔ 금양(001570) 호가 없음 (거래정지 의심)

══════════════════════════════════════════════════
→ 전종목 HOLD
✅ Discord 전송 완료

[13:54] HOLD | KODEX RSI88/+2.3%⚠️ | 보유:SK증권(001510) -3.3% GS(078930) -7.0% 원익피앤(217820) -4.3% | 💸예수금부족 | 최고신호 GS(078930) 4/3개 [거래량1.3x / 하락-6.0% / MA골 / 호가5.0]
💰 예수금 9,785원 | KODEX200 RSI88/+2.5% 과열⚠️ | 매수기준 3개↑
📦 보유 SK증권(001510) 1주 -3.3% ⚠️주의
📦 보유 GS(078930) 1주 -7.0% 🔴스탑로스임박
📦 보유 원익피앤이(217820) 3주 -4.2% 🔴스탑로스임박

코드      종목명           가격    RSI     변화율    거래량     BB   호가비  B/S
────────────────────────────────────────────────────────────────────────
[2단계 분석 대상: 001510, 078930, 217820, 247540, 035720, 207940, 015760, 003670]
⛔ 아우토크립트(137040) 호가 없음 (거래정지 의심)
078930  GS        71,600   51.4    -6.0%    1.3x     중간  2.48  4/0
061250  화일약품       8,210    0.0    +0.0%    0.0x     중간  5.09  1/0
217820  원익피앤이      3,350   42.7    -3.9%    0.5x     중간  5.08  3/1
001510  SK증권       4,495   60.4    -5.9%    0.3x     중간  4.22  3/0
⛔ 금양(001570) 호가 없음 (거래정지 의심)

══════════════════════════════════════════════════
→ 전종목 HOLD
✅ Discord 전송 완료

[13:56] HOLD | KODEX RSI88/+2.5%⚠️ | 보유:SK증권(001510) -3.3% GS(078930) -7.0% 원익피앤(217820) -4.2% | 💸예수금부족 | 최고신호 GS(078930) 4/3개 [거래량1.3x / 하락-6.0% / MA골 / 호가2.5]
💰 예수금 9,785원 | KODEX200 RSI88/+2.2% 과열⚠️ | 매수기준 3개↑
📦 보유 SK증권(001510) 1주 -3.2% ⚠️주의
📦 보유 GS(078930) 1주 -6.9% 🔴스탑로스임박
📦 보유 원익피앤이(217820) 3주 -4.1% 🔴스탑로스임박

코드      종목명           가격    RSI     변화율    거래량     BB   호가비  B/S
────────────────────────────────────────────────────────────────────────
[2단계 분석 대상: 001510, 078930, 217820, 207940, 035720, 015760, 003670, 056080]
⛔ 아우토크립트(137040) 호가 없음 (거래정지 의심)
078930  GS        71,800   51.2    -6.2%    1.3x     중간  2.47  4/0
061250  화일약품       8,260    0.0    +0.0%    0.0x     중간  4.45  1/0
217820  원익피앤이      3,350   42.7    -3.9%    0.5x     중간  4.64  3/1
001510  SK증권       4,495   60.4    -5.9%    0.3x     중간  4.41  3/0
⛔ 금양(001570) 호가 없음 (거래정지 의심)

══════════════════════════════════════════════════
→ 전종목 HOLD
✅ Discord 전송 완료

[13:58] HOLD | KODEX RSI88/+2.2%⚠️ | 보유:SK증권(001510) -3.2% GS(078930) -6.9% 원익피앤(217820) -4.1% | 💸예수금부족 | 최고신호 GS(078930) 4/3개 [거래량1.3x / 하락-6.2% / MA골 / 호가2.5]
💰 예수금 9,785원 | KODEX200 RSI88/+2.3% 과열⚠️ | 매수기준 3개↑
📦 보유 SK증권(001510) 1주 -3.1% ⚠️주의
📦 보유 GS(078930) 1주 -7.0% 🔴스탑로스임박
📦 보유 원익피앤이(217820) 3주 -4.3% 🔴스탑로스임박

코드      종목명           가격    RSI     변화율    거래량     BB   호가비  B/S
────────────────────────────────────────────────────────────────────────
[2단계 분석 대상: 001510, 078930, 217820, 207940, 035720, 003670, 056080, 061250]
⛔ 아우토크립트(137040) 호가 없음 (거래정지 의심)
078930  GS        71,600   51.4    -6.0%    1.3x     중간  3.50  4/0
061250  화일약품       8,250   21.8    -2.8%    0.9x     중간  5.09  3/0
217820  원익피앤이      3,345   42.7    -3.9%    0.5x     중간  5.51  3/1
001510  SK증권       4,500   60.4    -5.8%    0.3x     중간  4.12  3/0
⛔ 금양(001570) 호가 없음 (거래정지 의심)

══════════════════════════════════════════════════
→ 전종목 HOLD
✅ Discord 전송 완료

[14:00] HOLD | KODEX RSI88/+2.3%⚠️ | 보유:SK증권(001510) -3.1% GS(078930) -7.0% 원익피앤(217820) -4.3% | 💸예수금부족 | 최고신호 GS(078930) 4/3개 [거래량1.3x / 하락-6.0% / MA골 / 호가3.5]
💰 예수금 9,785원 | KODEX200 RSI87/+2.0% 과열⚠️ | 매수기준 3개↑
📦 보유 SK증권(001510) 1주 -3.3% ⚠️주의
📦 보유 GS(078930) 1주 -6.9% 🔴스탑로스임박
📦 보유 원익피앤이(217820) 3주 -4.3% 🔴스탑로스임박

코드      종목명           가격    RSI     변화율    거래량     BB   호가비  B/S
────────────────────────────────────────────────────────────────────────
[2단계 분석 대상: 001510, 078930, 217820, 207940, 035720, 056080, 015760, 061250]
⛔ 아우토크립트(137040) 호가 없음 (거래정지 의심)
078930  GS        71,500   51.0    -6.3%    1.3x     중간  2.47  4/0
061250  화일약품       8,250   21.8    -2.8%    0.9x     중간  5.06  3/0
217820  원익피앤이      3,340   42.7    -3.9%    0.5x     중간  4.28  3/1
001510  SK증권       4,490   60.3    -6.0%    0.3x     중간  3.57  3/0
⛔ 금양(001570) 호가 없음 (거래정지 의심)

══════════════════════════════════════════════════
→ 전종목 HOLD
✅ Discord 전송 완료

[14:02] HOLD | KODEX RSI87/+2.0%⚠️ | 보유:SK증권(001510) -3.3% GS(078930) -6.9% 원익피앤(217820) -4.3% | 💸예수금부족 | 최고신호 GS(078930) 4/3개 [거래량1.3x / 하락-6.3% / MA골 / 호가2.5]
💰 예수금 9,785원 | KODEX200 RSI88/+2.3% 과열⚠️ | 매수기준 3개↑
📦 보유 SK증권(001510) 1주 -3.3% ⚠️주의
📦 보유 GS(078930) 1주 -6.9% 🔴스탑로스임박
📦 보유 원익피앤이(217820) 3주 -4.3% 🔴스탑로스임박

코드      종목명           가격    RSI     변화율    거래량     BB   호가비  B/S
────────────────────────────────────────────────────────────────────────
[2단계 분석 대상: 001510, 078930, 217820, 207940, 056080, 035720, 015760, 061250]
⛔ 아우토크립트(137040) 호가 없음 (거래정지 의심)
078930  GS        71,600   51.4    -6.0%    1.3x     중간  3.72  4/0
061250  화일약품       8,250   21.6    -3.1%    0.9x     중간  5.21  3/0
217820  원익피앤이      3,345   42.7    -3.9%    0.5x     중간  5.05  3/1
001510  SK증권       4,495   60.3    -6.0%    0.3x     중간  3.39  3/0
⛔ 금양(001570) 호가 없음 (거래정지 의심)

══════════════════════════════════════════════════
→ 전종목 HOLD
✅ Discord 전송 완료

[14:04] HOLD | KODEX RSI88/+2.3%⚠️ | 보유:SK증권(001510) -3.3% GS(078930) -6.9% 원익피앤(217820) -4.3% | 💸예수금부족 | 최고신호 GS(078930) 4/3개 [거래량1.3x / 하락-6.0% / MA골 / 호가3.7]
💰 예수금 9,785원 | KODEX200 RSI88/+2.6% 과열⚠️ | 매수기준 3개↑
📦 보유 SK증권(001510) 1주 -3.1% ⚠️주의
📦 보유 GS(078930) 1주 -7.0% 🔴스탑로스임박
📦 보유 원익피앤이(217820) 3주 -4.3% 🔴스탑로스임박

코드      종목명           가격    RSI     변화율    거래량     BB   호가비  B/S
────────────────────────────────────────────────────────────────────────
[2단계 분석 대상: 001510, 078930, 217820, 247540, 056080, 015760, 207940, 035720]
⛔ 아우토크립트(137040) 호가 없음 (거래정지 의심)
078930  GS        71,600   51.2    -6.2%    1.3x     중간  3.03  4/0
061250  화일약품       8,250    0.0    +0.0%    0.0x     중간  5.17  1/0
217820  원익피앤이      3,340   42.7    -3.9%    0.5x     중간  4.24  3/1
001510  SK증권       4,500   60.4    -5.9%    0.3x     중간  3.21  3/0
⛔ 금양(001570) 호가 없음 (거래정지 의심)

══════════════════════════════════════════════════
→ 전종목 HOLD
✅ Discord 전송 완료

[14:06] HOLD | KODEX RSI88/+2.6%⚠️ | 보유:SK증권(001510) -3.1% GS(078930) -7.0% 원익피앤(217820) -4.3% | 💸예수금부족 | 최고신호 GS(078930) 4/3개 [거래량1.3x / 하락-6.2% / MA골 / 호가3.0]
💰 예수금 9,785원 | KODEX200 RSI88/+2.6% 과열⚠️ | 매수기준 3개↑
📦 보유 SK증권(001510) 1주 -3.1% ⚠️주의
📦 보유 GS(078930) 1주 -6.9% 🔴스탑로스임박
📦 보유 원익피앤이(217820) 3주 -4.3% 🔴스탑로스임박

코드      종목명           가격    RSI     변화율    거래량     BB   호가비  B/S
────────────────────────────────────────────────────────────────────────
[2단계 분석 대상: 001510, 078930, 217820, 207940, 247540, 035720, 056080, 003670]
⛔ 아우토크립트(137040) 호가 없음 (거래정지 의심)
078930  GS        71,600   51.2    -6.2%    1.3x     중간  3.90  4/0
061250  화일약품       8,250    0.0    +0.0%    0.0x     중간  5.17  1/0
217820  원익피앤이      3,345   42.8    -3.7%    0.5x     중간  5.08  3/1
001510  SK증권       4,500   60.4    -5.8%    0.3x     중간  3.35  3/0
⛔ 금양(001570) 호가 없음 (거래정지 의심)

══════════════════════════════════════════════════
→ 전종목 HOLD
✅ Discord 전송 완료

[14:08] HOLD | KODEX RSI88/+2.6%⚠️ | 보유:SK증권(001510) -3.1% GS(078930) -6.9% 원익피앤(217820) -4.3% | 💸예수금부족 | 최고신호 GS(078930) 4/3개 [거래량1.3x / 하락-6.2% / MA골 / 호가3.9]
💰 예수금 9,785원 | KODEX200 RSI88/+2.6% 과열⚠️ | 매수기준 3개↑
📦 보유 SK증권(001510) 1주 -3.1% ⚠️주의
📦 보유 GS(078930) 1주 -6.9% 🔴스탑로스임박
📦 보유 원익피앤이(217820) 3주 -4.2% 🔴스탑로스임박

코드      종목명           가격    RSI     변화율    거래량     BB   호가비  B/S
────────────────────────────────────────────────────────────────────────
[2단계 분석 대상: 001510, 078930, 217820, 207940, 056080, 003670, 247540, 061250]
⛔ 아우토크립트(137040) 호가 없음 (거래정지 의심)
078930  GS        71,700   51.2    -6.2%    1.3x     중간  4.21  4/0
061250  화일약품       8,250   21.6    -3.1%    0.9x     중간  5.14  3/0
217820  원익피앤이      3,345   42.7    -3.9%    0.5x     중간  4.79  3/1
001510  SK증권       4,500   60.4    -5.9%    0.3x     중간  3.37  3/0
⛔ 금양(001570) 호가 없음 (거래정지 의심)

══════════════════════════════════════════════════
→ 전종목 HOLD
✅ Discord 전송 완료

[14:10] HOLD | KODEX RSI88/+2.6%⚠️ | 보유:SK증권(001510) -3.1% GS(078930) -6.9% 원익피앤(217820) -4.2% | 💸예수금부족 | 최고신호 GS(078930) 4/3개 [거래량1.3x / 하락-6.2% / MA골 / 호가4.2]
💰 예수금 9,785원 | KODEX200 RSI88/+2.9% 과열⚠️ | 매수기준 3개↑
📦 보유 SK증권(001510) 1주 -3.2% ⚠️주의
📦 보유 GS(078930) 1주 -6.9% 🔴스탑로스임박
📦 보유 원익피앤이(217820) 3주 -4.2% 🔴스탑로스임박

코드      종목명           가격    RSI     변화율    거래량     BB   호가비  B/S
────────────────────────────────────────────────────────────────────────
[2단계 분석 대상: 001510, 078930, 217820, 207940, 056080, 003670, 035720, 061250]
⛔ 아우토크립트(137040) 호가 없음 (거래정지 의심)
078930  GS        71,700   51.4    -6.0%    1.4x     중간  4.32  4/0
061250  화일약품       8,250   21.6    -3.1%    0.9x     중간  5.14  3/0
217820  원익피앤이      3,340   42.6    -4.0%    0.5x     중간  4.54  3/1
001510  SK증권       4,495   60.4    -5.9%    0.3x     중간  3.01  3/0
⛔ 금양(001570) 호가 없음 (거래정지 의심)

══════════════════════════════════════════════════
→ 전종목 HOLD
✅ Discord 전송 완료

[14:12] HOLD | KODEX RSI88/+2.9%⚠️ | 보유:SK증권(001510) -3.2% GS(078930) -6.9% 원익피앤(217820) -4.2% | 💸예수금부족 | 최고신호 GS(078930) 4/3개 [거래량1.4x / 하락-6.0% / MA골 / 호가4.3]
💰 예수금 9,785원 | KODEX200 RSI88/+2.8% 과열⚠️ | 매수기준 3개↑
📦 보유 SK증권(001510) 1주 -3.2% ⚠️주의
📦 보유 GS(078930) 1주 -6.7% 🔴스탑로스임박
📦 보유 원익피앤이(217820) 3주 -4.5% 🔴스탑로스임박

코드      종목명           가격    RSI     변화율    거래량     BB   호가비  B/S
────────────────────────────────────────────────────────────────────────
[2단계 분석 대상: 001510, 078930, 217820, 207940, 035720, 003670, 056080, 034020]
⛔ 아우토크립트(137040) 호가 없음 (거래정지 의심)
078930  GS        71,500   51.2    -6.2%    1.4x     중간  3.83  4/0
061250  화일약품       8,250    0.0    +0.0%    0.0x     중간  4.03  1/0
217820  원익피앤이      3,340   42.7    -3.9%    0.5x     중간  4.52  3/1
001510  SK증권       4,490   60.3    -6.0%    0.3x     중간  3.81  3/0
⛔ 금양(001570) 호가 없음 (거래정지 의심)

══════════════════════════════════════════════════
→ 전종목 HOLD
✅ Discord 전송 완료

[14:14] HOLD | KODEX RSI88/+2.8%⚠️ | 보유:SK증권(001510) -3.2% GS(078930) -6.7% 원익피앤(217820) -4.5% | 💸예수금부족 | 최고신호 GS(078930) 4/3개 [거래량1.4x / 하락-6.2% / MA골 / 호가3.8]
💰 예수금 9,785원 | KODEX200 RSI88/+2.6% 과열⚠️ | 매수기준 3개↑
📦 보유 SK증권(001510) 1주 -3.3% ⚠️주의
📦 보유 GS(078930) 1주 -7.1% 🔴스탑로스임박
📦 보유 원익피앤이(217820) 3주 -4.3% 🔴스탑로스임박

코드      종목명           가격    RSI     변화율    거래량     BB   호가비  B/S
────────────────────────────────────────────────────────────────────────
[2단계 분석 대상: 001510, 078930, 217820, 207940, 003670, 056080, 015760, 061250]
⛔ 아우토크립트(137040) 호가 없음 (거래정지 의심)
078930  GS        71,600   51.2    -6.2%    1.4x     중간  4.61  4/0
061250  화일약품       8,240   21.1    -3.6%    0.9x     중간  5.39  3/0
217820  원익피앤이      3,345   42.7    -3.9%    0.5x     중간  4.76  3/1
001510  SK증권       4,490   60.4    -5.9%    0.3x     중간  4.02  3/0
⛔ 금양(001570) 호가 없음 (거래정지 의심)

══════════════════════════════════════════════════
→ 전종목 HOLD
✅ Discord 전송 완료

[14:16] HOLD | KODEX RSI88/+2.6%⚠️ | 보유:SK증권(001510) -3.3% GS(078930) -7.1% 원익피앤(217820) -4.3% | 💸예수금부족 | 최고신호 GS(078930) 4/3개 [거래량1.4x / 하락-6.2% / MA골 / 호가4.6]
💰 예수금 9,785원 | KODEX200 RSI88/+2.5% 과열⚠️ | 매수기준 3개↑
📦 보유 SK증권(001510) 1주 -3.2% ⚠️주의
📦 보유 GS(078930) 1주 -7.0% 🔴스탑로스임박
📦 보유 원익피앤이(217820) 3주 -4.3% 🔴스탑로스임박

코드      종목명           가격    RSI     변화율    거래량     BB   호가비  B/S
────────────────────────────────────────────────────────────────────────
[2단계 분석 대상: 001510, 078930, 217820, 207940, 056080, 003670, 015760, 066970]
⛔ 아우토크립트(137040) 호가 없음 (거래정지 의심)
078930  GS        71,500   51.0    -6.3%    1.4x     중간  3.33  4/0
061250  화일약품       8,260    0.0    +0.0%    0.0x     중간  3.90  1/0
217820  원익피앤이      3,345   42.5    -4.2%    0.5x     중간  4.57  3/1
001510  SK증권       4,500   60.4    -5.9%    0.3x     중간  3.90  3/0
⛔ 금양(001570) 호가 없음 (거래정지 의심)

══════════════════════════════════════════════════
→ 전종목 HOLD
✅ Discord 전송 완료

[14:18] HOLD | KODEX RSI88/+2.5%⚠️ | 보유:SK증권(001510) -3.2% GS(078930) -7.0% 원익피앤(217820) -4.3% | 💸예수금부족 | 최고신호 GS(078930) 4/3개 [거래량1.4x / 하락-6.3% / MA골 / 호가3.3]
💰 예수금 9,785원 | KODEX200 RSI88/+2.5% 과열⚠️ | 매수기준 3개↑
📦 보유 SK증권(001510) 1주 -3.2% ⚠️주의
📦 보유 GS(078930) 1주 -7.0% 🔴스탑로스임박
📦 보유 원익피앤이(217820) 3주 -4.2% 🔴스탑로스임박

코드      종목명           가격    RSI     변화율    거래량     BB   호가비  B/S
────────────────────────────────────────────────────────────────────────
[2단계 분석 대상: 001510, 078930, 217820, 207940, 066970, 056080, 138040, 003670]
⛔ 아우토크립트(137040) 호가 없음 (거래정지 의심)
078930  GS        71,600   51.2    -6.2%    1.4x     중간  5.11  4/0
061250  화일약품       8,350    0.0    +0.0%    0.0x     중간  2.20  1/0
217820  원익피앤이      3,345   42.8    -3.7%    0.5x     중간  3.64  3/1
001510  SK증권       4,500   60.4    -5.9%    0.3x     중간  4.07  3/0
⛔ 금양(001570) 호가 없음 (거래정지 의심)

══════════════════════════════════════════════════
→ 전종목 HOLD
✅ Discord 전송 완료

[14:20] HOLD | KODEX RSI88/+2.5%⚠️ | 보유:SK증권(001510) -3.2% GS(078930) -7.0% 원익피앤(217820) -4.2% | 💸예수금부족 | 최고신호 GS(078930) 4/3개 [거래량1.4x / 하락-6.2% / MA골 / 호가5.1]
💰 예수금 9,785원 | KODEX200 RSI88/+2.6% 과열⚠️ | 매수기준 3개↑
📦 보유 SK증권(001510) 1주 -3.2% ⚠️주의
📦 보유 GS(078930) 1주 -7.0% 🔴스탑로스임박
📦 보유 원익피앤이(217820) 3주 -4.3% 🔴스탑로스임박

코드      종목명           가격    RSI     변화율    거래량     BB   호가비  B/S
────────────────────────────────────────────────────────────────────────
[2단계 분석 대상: 001510, 078930, 217820, 207940, 015760, 066970, 003670, 247540]
⛔ 아우토크립트(137040) 호가 없음 (거래정지 의심)
078930  GS        71,600   51.4    -6.0%    1.4x     중간  3.80  4/0
061250  화일약품       8,350    0.0    +0.0%    0.0x     중간  2.20  1/0
217820  원익피앤이      3,345   42.6    -4.0%    0.5x     중간  3.26  3/1
001510  SK증권       4,500   60.4    -5.8%    0.4x     중간  4.31  3/0
⛔ 금양(001570) 호가 없음 (거래정지 의심)

══════════════════════════════════════════════════
→ 전종목 HOLD
✅ Discord 전송 완료

[14:22] HOLD | KODEX RSI88/+2.6%⚠️ | 보유:SK증권(001510) -3.2% GS(078930) -7.0% 원익피앤(217820) -4.3% | 💸예수금부족 | 최고신호 GS(078930) 4/3개 [거래량1.4x / 하락-6.0% / MA골 / 호가3.8]
💰 예수금 9,785원 | KODEX200 RSI88/+2.6% 과열⚠️ | 매수기준 3개↑
📦 보유 SK증권(001510) 1주 -3.1% ⚠️주의
📦 보유 GS(078930) 1주 -6.7% 🔴스탑로스임박
📦 보유 원익피앤이(217820) 3주 -4.5% 🔴스탑로스임박

코드      종목명           가격    RSI     변화율    거래량     BB   호가비  B/S
────────────────────────────────────────────────────────────────────────
[2단계 분석 대상: 001510, 078930, 217820, 207940, 247540, 003670, 138040, 015760]
⛔ 아우토크립트(137040) 호가 없음 (거래정지 의심)
078930  GS        71,800   51.6    -5.9%    1.4x     중간  3.62  4/0
061250  화일약품       8,350    0.0    +0.0%    0.0x     중간  2.20  1/0
217820  원익피앤이      3,335   42.6    -4.0%    0.5x     중간  3.50  3/1
001510  SK증권       4,500   60.4    -5.8%    0.4x     중간  4.30  3/0
⛔ 금양(001570) 호가 없음 (거래정지 의심)

══════════════════════════════════════════════════
→ 전종목 HOLD
✅ Discord 전송 완료

[14:24] HOLD | KODEX RSI88/+2.6%⚠️ | 보유:SK증권(001510) -3.1% GS(078930) -6.7% 원익피앤(217820) -4.5% | 💸예수금부족 | 최고신호 GS(078930) 4/3개 [거래량1.4x / 하락-5.9% / MA골 / 호가3.6]
💰 예수금 9,785원 | KODEX200 RSI88/+2.5% 과열⚠️ | 매수기준 3개↑
📦 보유 SK증권(001510) 1주 -3.2% ⚠️주의
📦 보유 GS(078930) 1주 -6.9% 🔴스탑로스임박
📦 보유 원익피앤이(217820) 3주 -4.3% 🔴스탑로스임박

코드      종목명           가격    RSI     변화율    거래량     BB   호가비  B/S
────────────────────────────────────────────────────────────────────────
[2단계 분석 대상: 001510, 078930, 217820, 247540, 207940, 015760, 003670, 056080]
⛔ 아우토크립트(137040) 호가 없음 (거래정지 의심)
078930  GS        71,600   51.2    -6.2%    1.4x     중간  3.73  4/0
061250  화일약품       8,350    0.0    +0.0%    0.0x     중간  1.66  1/0
217820  원익피앤이      3,340   42.7    -3.9%    0.5x     중간  3.50  3/1
001510  SK증권       4,500   60.4    -5.9%    0.4x     중간  4.45  3/0
⛔ 금양(001570) 호가 없음 (거래정지 의심)

══════════════════════════════════════════════════
→ 전종목 HOLD
✅ Discord 전송 완료

[14:26] HOLD | KODEX RSI88/+2.5%⚠️ | 보유:SK증권(001510) -3.2% GS(078930) -6.9% 원익피앤(217820) -4.3% | 💸예수금부족 | 최고신호 GS(078930) 4/3개 [거래량1.4x / 하락-6.2% / MA골 / 호가3.7]
💰 예수금 9,785원 | KODEX200 RSI88/+2.3% 과열⚠️ | 매수기준 3개↑
📦 보유 SK증권(001510) 1주 -3.1% ⚠️주의
📦 보유 GS(078930) 1주 -6.9% 🔴스탑로스임박
📦 보유 원익피앤이(217820) 3주 -4.3% 🔴스탑로스임박

코드      종목명           가격    RSI     변화율    거래량     BB   호가비  B/S
────────────────────────────────────────────────────────────────────────
[2단계 분석 대상: 001510, 078930, 217820, 247540, 066970, 207940, 056080, 138040]
⛔ 아우토크립트(137040) 호가 없음 (거래정지 의심)
078930  GS        71,700   51.4    -6.0%    1.4x     중간  4.35  4/0
061250  화일약품       8,300    0.0    +0.0%    0.0x     중간  2.73  1/0
217820  원익피앤이      3,340   42.6    -4.0%    0.5x     중간  3.38  3/1
001510  SK증권       4,500   60.4    -5.8%    0.4x     중간  4.99  3/0
⛔ 금양(001570) 호가 없음 (거래정지 의심)

══════════════════════════════════════════════════
→ 전종목 HOLD
✅ Discord 전송 완료

[14:28] HOLD | KODEX RSI88/+2.3%⚠️ | 보유:SK증권(001510) -3.1% GS(078930) -6.9% 원익피앤(217820) -4.3% | 💸예수금부족 | 최고신호 GS(078930) 4/3개 [거래량1.4x / 하락-6.0% / MA골 / 호가4.3]
💰 예수금 9,785원 | KODEX200 RSI88/+2.3% 과열⚠️ | 매수기준 3개↑
📦 보유 SK증권(001510) 1주 -3.1% ⚠️주의
📦 보유 GS(078930) 1주 -7.0% 🔴스탑로스임박
📦 보유 원익피앤이(217820) 3주 -4.5% 🔴스탑로스임박

코드      종목명           가격    RSI     변화율    거래량     BB   호가비  B/S
────────────────────────────────────────────────────────────────────────
[2단계 분석 대상: 001510, 078930, 217820, 015760, 138040, 247540, 066970, 207940]
⛔ 아우토크립트(137040) 호가 없음 (거래정지 의심)
078930  GS        71,600   51.0    -6.3%    1.4x     중간  3.25  4/0
061250  화일약품       8,280    0.0    +0.0%    0.0x     중간  2.87  1/0
217820  원익피앤이      3,325   42.3    -4.5%    0.5x     중간  1.23  3/1
001510  SK증권       4,500   60.4    -5.9%    0.4x     중간  4.97  3/0
⛔ 금양(001570) 호가 없음 (거래정지 의심)

══════════════════════════════════════════════════
→ 전종목 HOLD
✅ Discord 전송 완료

[14:30] HOLD | KODEX RSI88/+2.3%⚠️ | 보유:SK증권(001510) -3.1% GS(078930) -7.0% 원익피앤(217820) -4.5% | 💸예수금부족 | 최고신호 GS(078930) 4/3개 [거래량1.4x / 하락-6.3% / MA골 / 호가3.2]
💰 예수금 9,786원 | KODEX200 RSI88/+2.4% 과열⚠️ | 매수기준 3개↑
📦 보유 SK증권(001510) 1주 -3.1% ⚠️주의
📦 보유 GS(078930) 1주 -7.1% 🔴스탑로스임박
📦 보유 원익피앤이(217820) 3주 -4.8% 🔴스탑로스임박

코드      종목명           가격    RSI     변화율    거래량     BB   호가비  B/S
────────────────────────────────────────────────────────────────────────
[2단계 분석 대상: 001510, 078930, 217820, 015760, 247540, 086790, 056080, 066970]
⛔ 아우토크립트(137040) 호가 없음 (거래정지 의심)
078930  GS        71,400   50.9    -6.4%    1.4x     중간  3.94  4/0
061250  화일약품       8,260    0.0    +0.0%    0.0x     중간  2.35  1/0
217820  원익피앤이      3,325   42.4    -4.3%    0.5x     중간  3.79  3/1
001510  SK증권       4,495   60.4    -5.9%    0.4x     중간  4.98  3/0
⛔ 금양(001570) 호가 없음 (거래정지 의심)

══════════════════════════════════════════════════
→ 전종목 HOLD
✅ Discord 전송 완료

[14:32] HOLD | KODEX RSI88/+2.4%⚠️ | 보유:SK증권(001510) -3.1% GS(078930) -7.1% 원익피앤(217820) -4.8% | 💸예수금부족 | 최고신호 GS(078930) 4/3개 [거래량1.4x / 하락-6.4% / MA골 / 호가3.9]
💰 예수금 9,786원 | KODEX200 RSI88/+2.6% 과열⚠️ | 매수기준 3개↑
📦 보유 SK증권(001510) 1주 -3.1% ⚠️주의
📦 보유 GS(078930) 1주 -7.1% 🔴스탑로스임박
📦 보유 원익피앤이(217820) 3주 -4.8% 🔴스탑로스임박

코드      종목명           가격    RSI     변화율    거래량     BB   호가비  B/S
────────────────────────────────────────────────────────────────────────
[2단계 분석 대상: 001510, 078930, 217820, 015760, 247540, 066970, 138040, 056080]
⛔ 아우토크립트(137040) 호가 없음 (거래정지 의심)
078930  GS        71,500   51.2    -6.2%    1.4x     중간  4.76  4/0
061250  화일약품       8,240    0.0    +0.0%    0.0x     중간  2.91  1/0
217820  원익피앤이      3,325   42.3    -4.5%    0.5x     중간  4.82  3/1
001510  SK증권       4,495   60.4    -5.9%    0.4x     중간  4.61  3/0
⛔ 금양(001570) 호가 없음 (거래정지 의심)

══════════════════════════════════════════════════
→ 전종목 HOLD
✅ Discord 전송 완료

[14:34] HOLD | KODEX RSI88/+2.6%⚠️ | 보유:SK증권(001510) -3.1% GS(078930) -7.1% 원익피앤(217820) -4.8% | 💸예수금부족 | 최고신호 GS(078930) 4/3개 [거래량1.4x / 하락-6.2% / MA골 / 호가4.8]
💰 예수금 9,787원 | KODEX200 RSI88/+2.5% 과열⚠️ | 매수기준 3개↑
📦 보유 SK증권(001510) 1주 -3.1% ⚠️주의
📦 보유 GS(078930) 1주 -7.2% 🔴스탑로스임박
📦 보유 원익피앤이(217820) 3주 -4.8% 🔴스탑로스임박

코드      종목명           가격    RSI     변화율    거래량     BB   호가비  B/S
────────────────────────────────────────────────────────────────────────
[2단계 분석 대상: 001510, 078930, 217820, 015760, 056080, 207940, 138040, 105560]
⛔ 아우토크립트(137040) 호가 없음 (거래정지 의심)
078930  GS        71,400   51.0    -6.3%    1.4x     중간  4.21  4/0
061250  화일약품       8,240    0.0    +0.0%    0.0x     중간  2.80  1/0
217820  원익피앤이      3,335   42.5    -4.2%    0.5x     중간  4.40  3/1
001510  SK증권       4,505   60.5    -5.7%    0.4x     중간  3.03  3/0
⛔ 금양(001570) 호가 없음 (거래정지 의심)

══════════════════════════════════════════════════
→ 전종목 HOLD
✅ Discord 전송 완료

[14:36] HOLD | KODEX RSI88/+2.5%⚠️ | 보유:SK증권(001510) -3.1% GS(078930) -7.2% 원익피앤(217820) -4.8% | 💸예수금부족 | 최고신호 GS(078930) 4/3개 [거래량1.4x / 하락-6.3% / MA골 / 호가4.2]
💰 예수금 9,785원 | KODEX200 RSI88/+2.6% 과열⚠️ | 매수기준 3개↑
📦 보유 SK증권(001510) 1주 -3.1% ⚠️주의
📦 보유 GS(078930) 1주 -7.1% 🔴스탑로스임박
📦 보유 원익피앤이(217820) 3주 -4.5% 🔴스탑로스임박

코드      종목명           가격    RSI     변화율    거래량     BB   호가비  B/S
────────────────────────────────────────────────────────────────────────
[2단계 분석 대상: 001510, 078930, 217820, 015760, 138040, 061250, 207940, 056080]
⛔ 아우토크립트(137040) 호가 없음 (거래정지 의심)
078930  GS        71,600   51.2    -6.2%    1.4x     중간  6.91  4/0
061250  화일약품       8,230   21.4    -3.3%    0.9x     중간  5.31  3/0
217820  원익피앤이      3,335   42.5    -4.2%    0.5x     중간  3.27  3/1
001510  SK증권       4,500   60.4    -5.9%    0.4x     중간  4.66  3/0
⛔ 금양(001570) 호가 없음 (거래정지 의심)

══════════════════════════════════════════════════
→ 전종목 HOLD
✅ Discord 전송 완료

[14:38] HOLD | KODEX RSI88/+2.6%⚠️ | 보유:SK증권(001510) -3.1% GS(078930) -7.1% 원익피앤(217820) -4.5% | 💸예수금부족 | 최고신호 GS(078930) 4/3개 [거래량1.4x / 하락-6.2% / MA골 / 호가6.9]
💰 예수금 9,786원 | KODEX200 RSI88/+2.7% 과열⚠️ | 매수기준 3개↑
📦 보유 SK증권(001510) 1주 -3.1% ⚠️주의
📦 보유 GS(078930) 1주 -7.1% 🔴스탑로스임박
📦 보유 원익피앤이(217820) 3주 -4.6% 🔴스탑로스임박

코드      종목명           가격    RSI     변화율    거래량     BB   호가비  B/S
────────────────────────────────────────────────────────────────────────
[2단계 분석 대상: 001510, 078930, 217820, 066970, 138040, 056080, 207940, 061250]
⛔ 아우토크립트(137040) 호가 없음 (거래정지 의심)
078930  GS        71,500   51.0    -6.3%    1.4x     중간  5.56  4/0
061250  화일약품       8,230   21.4    -3.3%    0.9x     중간  5.07  3/0
217820  원익피앤이      3,325   42.3    -4.5%    0.6x     중간  2.54  3/1
001510  SK증권       4,495   60.4    -5.9%    0.4x     중간  4.87  3/0
⛔ 금양(001570) 호가 없음 (거래정지 의심)

══════════════════════════════════════════════════
→ 전종목 HOLD
✅ Discord 전송 완료

[14:40] HOLD | KODEX RSI88/+2.7%⚠️ | 보유:SK증권(001510) -3.1% GS(078930) -7.1% 원익피앤(217820) -4.6% | 💸예수금부족 | 최고신호 GS(078930) 4/3개 [거래량1.4x / 하락-6.3% / MA골 / 호가5.6]
💰 예수금 9,786원 | KODEX200 RSI88/+2.8% 과열⚠️ | 매수기준 3개↑
📦 보유 SK증권(001510) 1주 -3.4% ⚠️주의
📦 보유 GS(078930) 1주 -7.0% 🔴스탑로스임박
📦 보유 원익피앤이(217820) 3주 -5.1% 🔴스탑로스임박

코드      종목명           가격    RSI     변화율    거래량     BB   호가비  B/S
────────────────────────────────────────────────────────────────────────
[2단계 분석 대상: 001510, 078930, 217820, 015760, 138040, 035720, 056080, 061250]
⛔ 아우토크립트(137040) 호가 없음 (거래정지 의심)
078930  GS        71,500   51.0    -6.3%    1.4x     중간  3.33  4/0
061250  화일약품       8,220   21.2    -3.5%    0.9x     중간  5.38  3/0
217820  원익피앤이      3,315   42.1    -4.8%    0.6x     중간  2.84  3/1
001510  SK증권       4,490   60.3    -6.0%    0.4x     중간  4.34  3/0
⛔ 금양(001570) 호가 없음 (거래정지 의심)

══════════════════════════════════════════════════
→ 전종목 HOLD
✅ Discord 전송 완료

[14:42] HOLD | KODEX RSI88/+2.8%⚠️ | 보유:SK증권(001510) -3.4% GS(078930) -7.0% 원익피앤(217820) -5.1% | 💸예수금부족 | 최고신호 GS(078930) 4/3개 [거래량1.4x / 하락-6.3% / MA골 / 호가3.3]
💰 예수금 9,786원 | KODEX200 RSI88/+2.7% 과열⚠️ | 매수기준 3개↑
📦 보유 SK증권(001510) 1주 -3.3% ⚠️주의
📦 보유 GS(078930) 1주 -6.9% 🔴스탑로스임박
📦 보유 원익피앤이(217820) 3주 -5.1% 🔴스탑로스임박

코드      종목명           가격    RSI     변화율    거래량     BB   호가비  B/S
────────────────────────────────────────────────────────────────────────
[2단계 분석 대상: 001510, 078930, 217820, 138040, 066970, 035720, 061250, 056080]
⛔ 아우토크립트(137040) 호가 없음 (거래정지 의심)
078930  GS        71,600   51.2    -6.2%    1.5x     중간  4.56  4/0
061250  화일약품       8,220   21.2    -3.5%    0.9x     중간  5.25  3/0
217820  원익피앤이      3,315   42.2    -4.6%    0.6x     중간  3.51  3/1
001510  SK증권       4,475   60.0    -6.3%    0.4x     중간  3.41  3/0
⛔ 금양(001570) 호가 없음 (거래정지 의심)

══════════════════════════════════════════════════
→ 전종목 HOLD
✅ Discord 전송 완료

[14:44] HOLD | KODEX RSI88/+2.7%⚠️ | 보유:SK증권(001510) -3.3% GS(078930) -6.9% 원익피앤(217820) -5.1% | 💸예수금부족 | 최고신호 GS(078930) 4/3개 [거래량1.5x / 하락-6.2% / MA골 / 호가4.6]
💰 예수금 9,786원 | KODEX200 RSI88/+2.6% 과열⚠️ | 매수기준 3개↑
📦 보유 SK증권(001510) 1주 -3.6% ⚠️주의
📦 보유 GS(078930) 1주 -7.0% 🔴스탑로스임박
📦 보유 원익피앤이(217820) 3주 -5.1% 🔴스탑로스임박

코드      종목명           가격    RSI     변화율    거래량     BB   호가비  B/S
────────────────────────────────────────────────────────────────────────
[2단계 분석 대상: 001510, 078930, 217820, 138040, 035720, 056080, 066970, 061250]
⛔ 아우토크립트(137040) 호가 없음 (거래정지 의심)
078930  GS        71,600   51.2    -6.2%    1.5x     중간  4.77  4/0
061250  화일약품       8,220   21.2    -3.5%    0.9x     중간  5.13  3/0
217820  원익피앤이      3,325   42.4    -4.3%    0.6x     중간  3.83  3/1
001510  SK증권       4,475   60.0    -6.3%    0.4x     중간  4.09  3/0
⛔ 금양(001570) 호가 없음 (거래정지 의심)

══════════════════════════════════════════════════
→ 전종목 HOLD
✅ Discord 전송 완료

[14:46] HOLD | KODEX RSI88/+2.6%⚠️ | 보유:SK증권(001510) -3.6% GS(078930) -7.0% 원익피앤(217820) -5.1% | 💸예수금부족 | 최고신호 GS(078930) 4/3개 [거래량1.5x / 하락-6.2% / MA골 / 호가4.8]
💰 예수금 9,786원 | KODEX200 RSI88/+2.8% 과열⚠️ | 매수기준 3개↑
📦 보유 SK증권(001510) 1주 -3.7% ⚠️주의
📦 보유 GS(078930) 1주 -6.7% 🔴스탑로스임박
📦 보유 원익피앤이(217820) 3주 -4.8% 🔴스탑로스임박

코드      종목명           가격    RSI     변화율    거래량     BB   호가비  B/S
────────────────────────────────────────────────────────────────────────
[2단계 분석 대상: 001510, 078930, 217820, 138040, 207940, 247540, 035720, 066970]
⛔ 아우토크립트(137040) 호가 없음 (거래정지 의심)
078930  GS        71,600   51.4    -6.0%    1.5x     중간  4.83  4/0
061250  화일약품       8,220    0.0    +0.0%    0.0x     중간  4.92  1/0
217820  원익피앤이      3,320   42.3    -4.5%    0.6x     중간  3.72  3/1
001510  SK증권       4,475   60.0    -6.3%    0.4x     중간  5.53  3/0
⛔ 금양(001570) 호가 없음 (거래정지 의심)

══════════════════════════════════════════════════
→ 전종목 HOLD
✅ Discord 전송 완료

[14:48] HOLD | KODEX RSI88/+2.8%⚠️ | 보유:SK증권(001510) -3.7% GS(078930) -6.7% 원익피앤(217820) -4.8% | 💸예수금부족 | 최고신호 GS(078930) 4/3개 [거래량1.5x / 하락-6.0% / MA골 / 호가4.8]
💰 예수금 9,786원 | KODEX200 RSI88/+2.6% 과열⚠️ | 매수기준 3개↑
📦 보유 SK증권(001510) 1주 -3.7% ⚠️주의
📦 보유 GS(078930) 1주 -6.7% 🔴스탑로스임박
📦 보유 원익피앤이(217820) 3주 -4.9% 🔴스탑로스임박

코드      종목명           가격    RSI     변화율    거래량     BB   호가비  B/S
────────────────────────────────────────────────────────────────────────
[2단계 분석 대상: 001510, 078930, 217820, 138040, 035720, 207940, 066970, 015760]
⛔ 아우토크립트(137040) 호가 없음 (거래정지 의심)
078930  GS        71,700   51.6    -5.9%    1.5x     중간  9.01  4/0
061250  화일약품       8,220    0.0    +0.0%    0.0x     중간  4.92  1/0
217820  원익피앤이      3,315   42.2    -4.6%    0.6x     중간  3.89  3/1
001510  SK증권       4,475   60.0    -6.3%    0.4x     중간  7.97  3/0
⛔ 금양(001570) 호가 없음 (거래정지 의심)

══════════════════════════════════════════════════
→ 전종목 HOLD
✅ Discord 전송 완료

[14:50] HOLD | KODEX RSI88/+2.6%⚠️ | 보유:SK증권(001510) -3.7% GS(078930) -6.7% 원익피앤(217820) -4.9% | 💸예수금부족 | 최고신호 GS(078930) 4/3개 [거래량1.5x / 하락-5.9% / MA골 / 호가9.0]
💰 예수금 9,786원 | KODEX200 RSI88/+2.8% 과열⚠️ | 매수기준 3개↑
📦 보유 SK증권(001510) 1주 -3.5% ⚠️주의
📦 보유 GS(078930) 1주 -6.7% 🔴스탑로스임박
📦 보유 원익피앤이(217820) 3주 -5.1% 🔴스탑로스임박

코드      종목명           가격    RSI     변화율    거래량     BB   호가비  B/S
────────────────────────────────────────────────────────────────────────
[2단계 분석 대상: 001510, 078930, 217820, 247540, 138040, 207940, 003670, 035720]
⛔ 아우토크립트(137040) 호가 없음 (거래정지 의심)
078930  GS        72,000   51.9    -5.6%    1.5x     중간  6.04  4/0
061250  화일약품       8,220    0.0    +0.0%    0.0x     중간  5.13  1/0
217820  원익피앤이      3,320   42.2    -4.6%    0.6x     중간  4.83  3/1
001510  SK증권       4,480   60.1    -6.2%    0.4x     중간  7.58  3/0
⛔ 금양(001570) 호가 없음 (거래정지 의심)

══════════════════════════════════════════════════
→ 전종목 HOLD
✅ Discord 전송 완료

[14:52] HOLD | KODEX RSI88/+2.8%⚠️ | 보유:SK증권(001510) -3.5% GS(078930) -6.7% 원익피앤(217820) -5.1% | 💸예수금부족 | 최고신호 GS(078930) 4/3개 [거래량1.5x / 하락-5.6% / MA골 / 호가6.0]
💰 예수금 9,786원 | KODEX200 RSI88/+3.0% 과열⚠️ | 매수기준 3개↑
📦 보유 SK증권(001510) 1주 -3.6% ⚠️주의
📦 보유 GS(078930) 1주 -6.6% 🔴스탑로스임박
📦 보유 원익피앤이(217820) 3주 -5.1% 🔴스탑로스임박

코드      종목명           가격    RSI     변화율    거래량     BB   호가비  B/S
────────────────────────────────────────────────────────────────────────
[2단계 분석 대상: 001510, 078930, 217820, 207940, 138040, 003670, 056080, 015760]
⛔ 아우토크립트(137040) 호가 없음 (거래정지 의심)
078930  GS        71,800   51.9    -5.6%    1.5x     중간  5.28  4/0
061250  화일약품       8,230    0.0    +0.0%    0.0x     중간  4.42  1/0
217820  원익피앤이      3,320   42.3    -4.5%    0.6x     중간  4.73  3/1
001510  SK증권       4,480   60.0    -6.3%    0.4x     중간  6.94  3/0
⛔ 금양(001570) 호가 없음 (거래정지 의심)

══════════════════════════════════════════════════
→ 전종목 HOLD
✅ Discord 전송 완료

[14:54] HOLD | KODEX RSI88/+3.0%⚠️ | 보유:SK증권(001510) -3.6% GS(078930) -6.6% 원익피앤(217820) -5.1% | 💸예수금부족 | 최고신호 GS(078930) 4/3개 [거래량1.5x / 하락-5.6% / MA골 / 호가5.3]
💰 예수금 9,786원 | KODEX200 RSI88/+2.9% 과열⚠️ | 매수기준 3개↑
📦 보유 SK증권(001510) 1주 -3.5% ⚠️주의
📦 보유 GS(078930) 1주 -6.7% 🔴스탑로스임박
📦 보유 원익피앤이(217820) 3주 -4.9% 🔴스탑로스임박

코드      종목명           가격    RSI     변화율    거래량     BB   호가비  B/S
────────────────────────────────────────────────────────────────────────
[2단계 분석 대상: 001510, 078930, 217820, 247540, 207940, 138040, 003670, 056080]
⛔ 아우토크립트(137040) 호가 없음 (거래정지 의심)
078930  GS        71,700   51.6    -5.9%    1.5x     중간  4.41  4/0
061250  화일약품       8,230    0.0    +0.0%    0.0x     중간  4.17  1/0
217820  원익피앤이      3,325   42.4    -4.3%    0.6x     중간  5.16  3/1
001510  SK증권       4,480   60.0    -6.3%    0.4x     중간  5.58  3/0
⛔ 금양(001570) 호가 없음 (거래정지 의심)

══════════════════════════════════════════════════
→ 전종목 HOLD
✅ Discord 전송 완료

[14:56] HOLD | KODEX RSI88/+2.9%⚠️ | 보유:SK증권(001510) -3.5% GS(078930) -6.7% 원익피앤(217820) -4.9% | 💸예수금부족 | 최고신호 GS(078930) 4/3개 [거래량1.5x / 하락-5.9% / MA골 / 호가4.4]
💰 예수금 9,786원 | KODEX200 RSI88/+2.9% 과열⚠️ | 매수기준 3개↑
📦 보유 SK증권(001510) 1주 -3.6% ⚠️주의
📦 보유 GS(078930) 1주 -6.9% 🔴스탑로스임박
📦 보유 원익피앤이(217820) 3주 -4.8% 🔴스탑로스임박

코드      종목명           가격    RSI     변화율    거래량     BB   호가비  B/S
────────────────────────────────────────────────────────────────────────
[2단계 분석 대상: 001510, 078930, 217820, 247540, 138040, 207940, 003670, 056080]
⛔ 아우토크립트(137040) 호가 없음 (거래정지 의심)
078930  GS        71,600   51.2    -6.2%    1.5x     중간  4.66  4/0
061250  화일약품       8,230    0.0    +0.0%    0.0x     중간  4.15  1/0
217820  원익피앤이      3,325   42.3    -4.5%    0.6x     중간  4.25  3/1
001510  SK증권       4,480   60.0    -6.3%    0.4x     중간  4.81  3/0
⛔ 금양(001570) 호가 없음 (거래정지 의심)

══════════════════════════════════════════════════
→ 전종목 HOLD
✅ Discord 전송 완료

[14:58] HOLD | KODEX RSI88/+2.9%⚠️ | 보유:SK증권(001510) -3.6% GS(078930) -6.9% 원익피앤(217820) -4.8% | 💸예수금부족 | 최고신호 GS(078930) 4/3개 [거래량1.5x / 하락-6.2% / MA골 / 호가4.7]
💰 예수금 9,786원 | KODEX200 RSI88/+3.0% 과열⚠️ | 매수기준 3개↑
📦 보유 SK증권(001510) 1주 -3.6% ⚠️주의
📦 보유 GS(078930) 1주 -7.0% 🔴스탑로스임박
📦 보유 원익피앤이(217820) 3주 -4.8% 🔴스탑로스임박

코드      종목명           가격    RSI     변화율    거래량     BB   호가비  B/S
────────────────────────────────────────────────────────────────────────
[2단계 분석 대상: 001510, 078930, 217820, 247540, 207940, 138040, 003670, 066970]
⛔ 아우토크립트(137040) 호가 없음 (거래정지 의심)
078930  GS        71,600   51.2    -6.2%    1.5x     중간  5.66  4/0
061250  화일약품       8,240    0.0    +0.0%    0.0x     중간  4.07  1/0
217820  원익피앤이      3,340   42.7    -3.9%    0.6x     중간  3.22  3/1
001510  SK증권       4,480   60.0    -6.3%    0.4x     중간  4.61  3/0
⛔ 금양(001570) 호가 없음 (거래정지 의심)

══════════════════════════════════════════════════
→ 전종목 HOLD
✅ Discord 전송 완료

[15:00] HOLD | KODEX RSI88/+3.0%⚠️ | 보유:SK증권(001510) -3.6% GS(078930) -7.0% 원익피앤(217820) -4.8% | 💸예수금부족 | 최고신호 GS(078930) 4/3개 [거래량1.5x / 하락-6.2% / MA골 / 호가5.7]
💰 예수금 9,785원 | KODEX200 RSI88/+3.0% 과열⚠️ | 매수기준 3개↑
📦 보유 SK증권(001510) 1주 -3.5% ⚠️주의
📦 보유 GS(078930) 1주 -6.9% 🔴스탑로스임박
📦 보유 원익피앤이(217820) 3주 -4.3% 🔴스탑로스임박

코드      종목명           가격    RSI     변화율    거래량     BB   호가비  B/S
────────────────────────────────────────────────────────────────────────
[2단계 분석 대상: 001510, 078930, 217820, 207940, 138040, 066970, 105560, 003670]
⛔ 아우토크립트(137040) 호가 없음 (거래정지 의심)
078930  GS        71,700   51.4    -6.0%    1.5x     중간  6.29  4/0
061250  화일약품       8,240    0.0    +0.0%    0.0x     중간  4.03  1/0
217820  원익피앤이      3,335   42.5    -4.2%    0.6x     중간  3.77  3/1
001510  SK증권       4,485   60.1    -6.2%    0.4x     중간  4.19  3/0
⛔ 금양(001570) 호가 없음 (거래정지 의심)

══════════════════════════════════════════════════
→ 전종목 HOLD
✅ Discord 전송 완료

[15:02] HOLD | KODEX RSI88/+3.0%⚠️ | 보유:SK증권(001510) -3.5% GS(078930) -6.9% 원익피앤(217820) -4.3% | 💸예수금부족 | 최고신호 GS(078930) 4/3개 [거래량1.5x / 하락-6.0% / MA골 / 호가6.3]
💰 예수금 9,786원 | KODEX200 RSI88/+3.0% 과열⚠️ | 매수기준 3개↑
📦 보유 SK증권(001510) 1주 -3.5% ⚠️주의
📦 보유 GS(078930) 1주 -6.9% 🔴스탑로스임박
📦 보유 원익피앤이(217820) 3주 -4.6% 🔴스탑로스임박

코드      종목명           가격    RSI     변화율    거래량     BB   호가비  B/S
────────────────────────────────────────────────────────────────────────
[2단계 분석 대상: 001510, 078930, 217820, 207940, 247540, 066970, 003670, 055550]
⛔ 아우토크립트(137040) 호가 없음 (거래정지 의심)
078930  GS        71,600   51.4    -6.0%    1.6x     중간  5.70  4/0
061250  화일약품       8,230    0.0    +0.0%    0.0x     중간  4.78  1/0
217820  원익피앤이      3,330   42.5    -4.2%    0.6x     중간  4.25  3/1
001510  SK증권       4,485   60.2    -6.1%    0.4x     중간  3.81  3/0
⛔ 금양(001570) 호가 없음 (거래정지 의심)

══════════════════════════════════════════════════
→ 전종목 HOLD
✅ Discord 전송 완료

[15:04] HOLD | KODEX RSI88/+3.0%⚠️ | 보유:SK증권(001510) -3.5% GS(078930) -6.9% 원익피앤(217820) -4.6% | 💸예수금부족 | 최고신호 GS(078930) 4/3개 [거래량1.6x / 하락-6.0% / MA골 / 호가5.7]
💰 예수금 9,786원 | KODEX200 RSI88/+3.0% 과열⚠️ | 매수기준 3개↑
📦 보유 SK증권(001510) 1주 -3.5% ⚠️주의
📦 보유 GS(078930) 1주 -7.1% 🔴스탑로스임박
📦 보유 원익피앤이(217820) 3주 -4.6% 🔴스탑로스임박

코드      종목명           가격    RSI     변화율    거래량     BB   호가비  B/S
────────────────────────────────────────────────────────────────────────
[2단계 분석 대상: 001510, 078930, 217820, 247540, 207940, 034020, 003670, 066970]
⛔ 아우토크립트(137040) 호가 없음 (거래정지 의심)
078930  GS        71,600   51.4    -6.0%    1.6x     중간  5.28  4/0
061250  화일약품       8,310    0.0    +0.0%    0.0x     중간  3.14  1/0
217820  원익피앤이      3,340   42.6    -4.0%    0.6x     중간  4.02  3/1
001510  SK증권       4,490   60.3    -6.0%    0.4x     중간  3.73  3/0
⛔ 금양(001570) 호가 없음 (거래정지 의심)

══════════════════════════════════════════════════
→ 전종목 HOLD
✅ Discord 전송 완료

[15:06] HOLD | KODEX RSI88/+3.0%⚠️ | 보유:SK증권(001510) -3.5% GS(078930) -7.1% 원익피앤(217820) -4.6% | 💸예수금부족 | 최고신호 GS(078930) 4/3개 [거래량1.6x / 하락-6.0% / MA골 / 호가5.3]
💰 예수금 9,786원 | KODEX200 RSI88/+2.9% 과열⚠️ | 매수기준 3개↑
📦 보유 SK증권(001510) 1주 -3.3% ⚠️주의
📦 보유 GS(078930) 1주 -7.1% 🔴스탑로스임박
📦 보유 원익피앤이(217820) 3주 -4.6% 🔴스탑로스임박

코드      종목명           가격    RSI     변화율    거래량     BB   호가비  B/S
────────────────────────────────────────────────────────────────────────
[2단계 분석 대상: 001510, 078930, 217820, 247540, 207940, 105560, 034020, 003670]
⛔ 아우토크립트(137040) 호가 없음 (거래정지 의심)
078930  GS        71,600   51.2    -6.2%    1.6x     중간  8.79  4/0
061250  화일약품       8,310    0.0    +0.0%    0.0x     중간  3.55  1/0
217820  원익피앤이      3,340   42.5    -4.2%    0.6x     중간  3.99  3/1
001510  SK증권       4,495   60.3    -6.0%    0.4x     중간  3.80  3/0
⛔ 금양(001570) 호가 없음 (거래정지 의심)

══════════════════════════════════════════════════
→ 전종목 HOLD
✅ Discord 전송 완료

[15:08] HOLD | KODEX RSI88/+2.9%⚠️ | 보유:SK증권(001510) -3.3% GS(078930) -7.1% 원익피앤(217820) -4.6% | 💸예수금부족 | 최고신호 GS(078930) 4/3개 [거래량1.6x / 하락-6.2% / MA골 / 호가8.8]
💰 예수금 9,785원 | KODEX200 RSI88/+2.9% 과열⚠️ | 매수기준 3개↑
📦 보유 SK증권(001510) 1주 -3.3% ⚠️주의
📦 보유 GS(078930) 1주 -7.0% 🔴스탑로스임박
📦 보유 원익피앤이(217820) 3주 -4.3% 🔴스탑로스임박

코드      종목명           가격    RSI     변화율    거래량     BB   호가비  B/S
────────────────────────────────────────────────────────────────────────
[2단계 분석 대상: 001510, 078930, 217820, 247540, 207940, 034020, 056080, 003670]
⛔ 아우토크립트(137040) 호가 없음 (거래정지 의심)
078930  GS        71,500   51.0    -6.3%    1.6x     중간  4.29  4/0
061250  화일약품       8,310    0.0    +0.0%    0.0x     중간  3.50  1/0
217820  원익피앤이      3,335   42.6    -4.0%    0.6x     중간  4.69  3/1
001510  SK증권       4,490   60.3    -6.0%    0.4x     중간  3.65  3/0
⛔ 금양(001570) 호가 없음 (거래정지 의심)

══════════════════════════════════════════════════
→ 전종목 HOLD
✅ Discord 전송 완료

[15:10] HOLD | KODEX RSI88/+2.9%⚠️ | 보유:SK증권(001510) -3.3% GS(078930) -7.0% 원익피앤(217820) -4.3% | 💸예수금부족 | 최고신호 GS(078930) 4/3개 [거래량1.6x / 하락-6.3% / MA골 / 호가4.3]
💰 예수금 9,785원 | KODEX200 RSI88/+3.0% 과열⚠️ | 매수기준 3개↑
📦 보유 SK증권(001510) 1주 -3.3% ⚠️주의
📦 보유 GS(078930) 1주 -7.0% 🔴스탑로스임박
📦 보유 원익피앤이(217820) 3주 -4.5% 🔴스탑로스임박

코드      종목명           가격    RSI     변화율    거래량     BB   호가비  B/S
────────────────────────────────────────────────────────────────────────
[2단계 분석 대상: 001510, 078930, 217820, 207940, 003670, 034020, 056080, 247540]
⛔ 아우토크립트(137040) 호가 없음 (거래정지 의심)
078930  GS        71,400   51.0    -6.3%    1.6x     중간  4.69  4/0
061250  화일약품       8,310    0.0    +0.0%    0.0x     중간  3.01  1/0
217820  원익피앤이      3,335   42.6    -4.0%    0.6x     중간  2.10  3/1
001510  SK증권       4,490   60.3    -6.0%    0.4x     중간  2.70  3/0
⛔ 금양(001570) 호가 없음 (거래정지 의심)

══════════════════════════════════════════════════
→ 전종목 HOLD
✅ Discord 전송 완료

[15:12] HOLD | KODEX RSI88/+3.0%⚠️ | 보유:SK증권(001510) -3.3% GS(078930) -7.0% 원익피앤(217820) -4.5% | 💸예수금부족 | 최고신호 GS(078930) 4/3개 [거래량1.6x / 하락-6.3% / MA골 / 호가4.7]
💰 예수금 9,785원 | KODEX200 RSI88/+3.0% 과열⚠️ | 매수기준 3개↑
📦 보유 SK증권(001510) 1주 -3.4% ⚠️주의
📦 보유 GS(078930) 1주 -7.0% 🔴스탑로스임박
📦 보유 원익피앤이(217820) 3주 -4.5% 🔴스탑로스임박

코드      종목명           가격    RSI     변화율    거래량     BB   호가비  B/S
────────────────────────────────────────────────────────────────────────
[2단계 분석 대상: 001510, 078930, 217820, 207940, 034020, 003670, 247540, 056080]
⛔ 아우토크립트(137040) 호가 없음 (거래정지 의심)
078930  GS        71,500   51.0    -6.3%    1.6x     중간  7.10  4/0
061250  화일약품       8,290    0.0    +0.0%    0.0x     중간  3.60  1/0
217820  원익피앤이      3,330   42.5    -4.2%    0.6x     중간  2.14  3/1
001510  SK증권       4,490   60.3    -6.0%    0.4x     중간  2.50  3/0
⛔ 금양(001570) 호가 없음 (거래정지 의심)

══════════════════════════════════════════════════
→ 전종목 HOLD
✅ Discord 전송 완료

[15:14] HOLD | KODEX RSI88/+3.0%⚠️ | 보유:SK증권(001510) -3.4% GS(078930) -7.0% 원익피앤(217820) -4.5% | 💸예수금부족 | 최고신호 GS(078930) 4/3개 [거래량1.6x / 하락-6.3% / MA골 / 호가7.1]
💰 예수금 9,786원 | KODEX200 RSI88/+3.0% 과열⚠️ | 매수기준 3개↑
📦 보유 SK증권(001510) 1주 -3.3% ⚠️주의
📦 보유 GS(078930) 1주 -7.1% 🔴스탑로스임박
📦 보유 원익피앤이(217820) 3주 -4.6% 🔴스탑로스임박

코드      종목명           가격    RSI     변화율    거래량     BB   호가비  B/S
────────────────────────────────────────────────────────────────────────
[2단계 분석 대상: 001510, 078930, 217820, 207940, 034020, 247540, 003670, 056080]
⛔ 아우토크립트(137040) 호가 없음 (거래정지 의심)
078930  GS        71,500   51.0    -6.3%    1.6x     중간  6.38  4/0
061250  화일약품       8,400    0.0    +0.0%    0.0x     중간  2.12  1/0
217820  원익피앤이      3,330   42.3    -4.5%    0.6x     중간  3.85  3/1
001510  SK증권       4,485   60.1    -6.2%    0.4x     중간  3.12  3/0
⛔ 금양(001570) 호가 없음 (거래정지 의심)

══════════════════════════════════════════════════
→ 전종목 HOLD
✅ Discord 전송 완료

[15:16] HOLD | KODEX RSI88/+3.0%⚠️ | 보유:SK증권(001510) -3.3% GS(078930) -7.1% 원익피앤(217820) -4.6% | 💸예수금부족 | 최고신호 GS(078930) 4/3개 [거래량1.6x / 하락-6.3% / MA골 / 호가6.4]
💰 예수금 9,787원 | KODEX200 RSI88/+3.0% 과열⚠️ | 매수기준 3개↑
📦 보유 SK증권(001510) 1주 -3.5% ⚠️주의
📦 보유 GS(078930) 1주 -7.2% 🔴스탑로스임박
📦 보유 원익피앤이(217820) 3주 -4.6% 🔴스탑로스임박

코드      종목명           가격    RSI     변화율    거래량     BB   호가비  B/S
────────────────────────────────────────────────────────────────────────
[2단계 분석 대상: 001510, 078930, 217820, 207940, 003670, 034020, 015760, 056080]
⛔ 아우토크립트(137040) 호가 없음 (거래정지 의심)
078930  GS        71,400   51.0    -6.3%    1.6x     중간  6.94  4/0
061250  화일약품       8,400    0.0    +0.0%    0.0x     중간  2.06  1/0
217820  원익피앤이      3,335   42.5    -4.2%    0.6x     중간  3.62  3/1
001510  SK증권       4,480   60.0    -6.3%    0.4x     중간  2.60  3/0
⛔ 금양(001570) 호가 없음 (거래정지 의심)

══════════════════════════════════════════════════
→ 전종목 HOLD
✅ Discord 전송 완료

[15:18] HOLD | KODEX RSI88/+3.0%⚠️ | 보유:SK증권(001510) -3.5% GS(078930) -7.2% 원익피앤(217820) -4.6% | 💸예수금부족 | 최고신호 GS(078930) 4/3개 [거래량1.6x / 하락-6.3% / MA골 / 호가6.9]
💰 예수금 9,785원 | KODEX200 RSI88/+3.1% 과열⚠️ | 매수기준 3개↑
📦 보유 SK증권(001510) 1주 -3.6% ⚠️주의
📦 보유 GS(078930) 1주 -6.5% 🔴스탑로스임박
📦 보유 원익피앤이(217820) 3주 -4.5% 🔴스탑로스임박

코드      종목명           가격    RSI     변화율    거래량     BB   호가비  B/S
────────────────────────────────────────────────────────────────────────
[2단계 분석 대상: 001510, 078930, 217820, 005930, 086790, 000660, 068270, 012330]
⛔ 아우토크립트(137040) 호가 없음 (거래정지 의심)
078930  GS        71,800   51.9    -5.6%    1.6x     중간  4.49  4/0
061250  화일약품       8,400    0.0    +0.0%    0.0x     중간  2.83  1/0
217820  원익피앤이      3,335   42.6    -4.0%    0.6x     중간  5.85  3/1
001510  SK증권       4,465   60.0    -6.3%    0.4x     중간 26.56  3/0
⛔ 금양(001570) 호가 없음 (거래정지 의심)

══════════════════════════════════════════════════
→ 전종목 HOLD
✅ Discord 전송 완료

[15:20] HOLD | KODEX RSI88/+3.1%⚠️ | 보유:SK증권(001510) -3.6% GS(078930) -6.5% 원익피앤(217820) -4.5% | 💸예수금부족 | 최고신호 GS(078930) 4/3개 [거래량1.6x / 하락-5.6% / MA골 / 호가4.5]
💰 예수금 9,785원 | KODEX200 RSI88/+3.1% 과열⚠️ | 매수기준 3개↑
📦 보유 SK증권(001510) 1주 -3.6% ⚠️주의
📦 보유 GS(078930) 1주 -6.5% 🔴스탑로스임박
📦 보유 원익피앤이(217820) 3주 -4.5% 🔴스탑로스임박

코드      종목명           가격    RSI     변화율    거래량     BB   호가비  B/S
────────────────────────────────────────────────────────────────────────
[2단계 분석 대상: 001510, 078930, 217820, 207940, 035720, 066970, 005930, 012330]
⛔ 아우토크립트(137040) 호가 없음 (거래정지 의심)
078930  GS        71,800   51.9    -5.6%    1.6x     중간  3.03  4/0
061250  화일약품       8,400    0.0    +0.0%    0.0x     중간  1.84  1/0
217820  원익피앤이      3,335   42.6    -4.0%    0.6x     중간 10.28  3/1
001510  SK증권       4,465   60.0    -6.3%    0.4x     중간 11.99  3/0
⛔ 금양(001570) 호가 없음 (거래정지 의심)

══════════════════════════════════════════════════
→ 전종목 HOLD
✅ Discord 전송 완료

[15:22] HOLD | KODEX RSI88/+3.1%⚠️ | 보유:SK증권(001510) -3.6% GS(078930) -6.5% 원익피앤(217820) -4.5% | 💸예수금부족 | 최고신호 GS(078930) 4/3개 [거래량1.6x / 하락-5.6% / MA골 / 호가3.0]
💰 예수금 9,785원 | KODEX200 RSI88/+3.1% 과열⚠️ | 매수기준 3개↑
📦 보유 SK증권(001510) 1주 -3.6% ⚠️주의
📦 보유 GS(078930) 1주 -6.5% 🔴스탑로스임박
📦 보유 원익피앤이(217820) 3주 -4.5% 🔴스탑로스임박

코드      종목명           가격    RSI     변화율    거래량     BB   호가비  B/S
────────────────────────────────────────────────────────────────────────
[2단계 분석 대상: 001510, 078930, 217820, 035720, 207940, 012330, 055550, 138040]
⛔ 아우토크립트(137040) 호가 없음 (거래정지 의심)
078930  GS        71,800   51.9    -5.6%    1.6x     중간  1.91  4/0
061250  화일약품       8,390    0.0    +0.0%    0.0x     중간  1.24  1/0
217820  원익피앤이      3,335   42.6    -4.0%    0.6x     중간  5.17  3/1
001510  SK증권       4,475   60.0    -6.3%    0.4x     중간  3.99  3/0
⛔ 금양(001570) 호가 없음 (거래정지 의심)

══════════════════════════════════════════════════
→ 전종목 HOLD
✅ Discord 전송 완료

[15:24] HOLD | KODEX RSI88/+3.1%⚠️ | 보유:SK증권(001510) -3.6% GS(078930) -6.5% 원익피앤(217820) -4.5% | 💸예수금부족 | 최고신호 GS(078930) 4/3개 [거래량1.6x / 하락-5.6% / MA골 / 호가1.9]
💰 예수금 9,785원 | KODEX200 RSI88/+3.1% 과열⚠️ | 매수기준 3개↑
📦 보유 SK증권(001510) 1주 -3.6% ⚠️주의
📦 보유 GS(078930) 1주 -6.5% 🔴스탑로스임박
📦 보유 원익피앤이(217820) 3주 -4.5% 🔴스탑로스임박

코드      종목명           가격    RSI     변화율    거래량     BB   호가비  B/S
────────────────────────────────────────────────────────────────────────
[2단계 분석 대상: 001510, 078930, 217820, 207940, 000660, 055550, 035720, 012330]
⛔ 아우토크립트(137040) 호가 없음 (거래정지 의심)
078930  GS        71,700   51.9    -5.6%    1.6x     중간  4.83  4/0
061250  화일약품       8,420    0.0    +0.0%    0.0x     중간  2.28  1/0
217820  원익피앤이      3,340   42.6    -4.0%    0.6x     중간  2.79  3/1
001510  SK증권       4,480   60.0    -6.3%    0.4x     중간  1.84  3/0
⛔ 금양(001570) 호가 없음 (거래정지 의심)

══════════════════════════════════════════════════
→ 전종목 HOLD
✅ Discord 전송 완료

[15:26] HOLD | KODEX RSI88/+3.1%⚠️ | 보유:SK증권(001510) -3.6% GS(078930) -6.5% 원익피앤(217820) -4.5% | 💸예수금부족 | 최고신호 GS(078930) 4/3개 [거래량1.6x / 하락-5.6% / MA골 / 호가4.8]
💰 예수금 9,785원 | KODEX200 RSI88/+3.1% 과열⚠️ | 매수기준 3개↑
📦 보유 SK증권(001510) 1주 -3.6% ⚠️주의
📦 보유 GS(078930) 1주 -6.5% 🔴스탑로스임박
📦 보유 원익피앤이(217820) 3주 -4.5% 🔴스탑로스임박

코드      종목명           가격    RSI     변화율    거래량     BB   호가비  B/S
────────────────────────────────────────────────────────────────────────
[2단계 분석 대상: 001510, 078930, 217820, 000660, 012330, 207940, 058470, 066970]
⛔ 아우토크립트(137040) 호가 없음 (거래정지 의심)
078930  GS        72,000   51.9    -5.6%    1.6x     중간  0.76  3/0
061250  화일약품       8,420    0.0    +0.0%    0.0x     중간  2.05  1/0
217820  원익피앤이      3,340   42.6    -4.0%    0.6x     중간  2.72  3/1
001510  SK증권       4,480   60.0    -6.3%    0.4x     중간  1.38  3/0
⛔ 금양(001570) 호가 없음 (거래정지 의심)

══════════════════════════════════════════════════
→ 전종목 HOLD
✅ Discord 전송 완료

[15:28] HOLD | KODEX RSI88/+3.1%⚠️ | 보유:SK증권(001510) -3.6% GS(078930) -6.5% 원익피앤(217820) -4.5% | 💸예수금부족 | 최고신호 GS(078930) 3/3개 [거래량1.6x / 하락-5.6% / MA골]
💰 예수금 9,785원 | KODEX200 RSI88/+3.1% 과열⚠️ | 매수기준 3개↑
📦 보유 SK증권(001510) 1주 -3.6% ⚠️주의
📦 보유 GS(078930) 1주 -6.5% 🔴스탑로스임박
📦 보유 원익피앤이(217820) 3주 -4.5% 🔴스탑로스임박

코드      종목명           가격    RSI     변화율    거래량     BB   호가비  B/S
────────────────────────────────────────────────────────────────────────
[2단계 분석 대상: 001510, 078930, 217820, 207940, 000660, 056080, 105560, 012330]
⛔ 아우토크립트(137040) 호가 없음 (거래정지 의심)
078930  GS        72,000   51.9    -5.6%    1.7x     중간  1.51  4/0
061250  화일약품       8,420    0.0    +0.0%    0.0x     중간  1.83  1/0
217820  원익피앤이      3,340   42.6    -4.0%    0.6x     중간  3.94  3/1
001510  SK증권       4,480   60.0    -6.3%    0.4x     중간  2.68  3/0
⛔ 금양(001570) 호가 없음 (거래정지 의심)

══════════════════════════════════════════════════
→ 전종목 HOLD
✅ Discord 전송 완료

[15:30] HOLD | KODEX RSI88/+3.1%⚠️ | 보유:SK증권(001510) -3.6% GS(078930) -6.5% 원익피앤(217820) -4.5% | 💸예수금부족 | 최고신호 GS(078930) 4/3개 [거래량1.7x / 하락-5.6% / MA골 / 호가1.5]
