💰 예수금 95,923원 | KODEX200 RSI67/+0.0% 상승추세⬆️  | 매수기준 점수4pt↑

코드      종목명           가격    RSI     변화율    거래량     BB   호가비  B/S
────────────────────────────────────────────────────────────────────────
[2단계 분석 대상: 005930, 011070, 015760, 403870, 042700]
403870  HPSP      55,300   63.2    +0.0%    0.0x     하단  7.67  5pt/0 [5분]
055550  신한지주      94,300    0.0    +0.0%    0.0x     중간  0.21  0pt/0 [일봉]
015760  한국전력      39,550   64.7    +0.0%    0.0x     하단 10.93  5pt/0 [5분]
078930  GS        74,900    0.0    +0.0%    0.0x     중간  0.72  0pt/0 [일봉]
035720  카카오       40,500    0.0    +0.0%    0.0x     중간  0.12  0pt/0 [일봉]
030200  KT        53,000    0.0    +0.0%    0.0x     중간  0.36  0pt/0 [일봉]
003490  대한항공      27,200    0.0    +0.0%    0.0x     중간  1.29  1pt/0 [일봉]
004020  현대제철      41,300    0.0    +0.0%    0.0x     중간  0.20  0pt/0 [일봉]

══════════════════════════════════════════════════
⏰ 장 미개장 (9:00 전) — 신규 매수 중단
→ 전종목 HOLD
✅ Discord 전송 완료

[08:50] HOLD | KODEX RSI67/+0.0%⬆️ | 보유:없음 | 최고신호 HPSP(403870) 5pt/4pt [BB하단★ / MA골 / 호가7.7★]
💰 예수금 95,923원 | KODEX200 RSI67/+0.0% 상승추세⬆️  | 매수기준 점수4pt↑

코드      종목명           가격    RSI     변화율    거래량     BB   호가비  B/S
────────────────────────────────────────────────────────────────────────
[2단계 분석 대상: 000660, 042660, 066970, 058470, 000720]
403870  HPSP      53,500    0.0    +0.0%    0.0x     중간  0.34  0pt/0 [일봉]
055550  신한지주      94,400    0.0    +0.0%    0.0x     중간  0.76  0pt/0 [일봉]
015760  한국전력      40,400    0.0    +0.0%    0.0x     중간  0.03  0pt/0 [일봉]
078930  GS        75,300    0.0    +0.0%    0.0x     중간  0.23  0pt/0 [일봉]
035720  카카오       40,400    0.0    +0.0%    0.0x     중간  2.33  2pt/0 [일봉]
030200  KT        52,800    0.0    +0.0%    0.0x     중간  0.93  0pt/0 [일봉]
003490  대한항공      27,400    0.0    +0.0%    0.0x     중간  1.40  1pt/0 [일봉]
004020  현대제철      41,600    0.0    +0.0%    0.0x     중간  1.75  2pt/0 [일봉]

══════════════════════════════════════════════════
⏰ 장 초반 변동성 (9:20 전) — 신규 매수 중단
→ 전종목 HOLD
✅ Discord 전송 완료

[09:00] HOLD | KODEX RSI67/+0.0%⬆️ | 보유:없음 | 최고신호 카카오(035720) 2pt/4pt [호가2.3★]
💰 예수금 95,923원 | KODEX200 RSI65/-0.8% 상승추세⬆️  | 매수기준 점수4pt↑

코드      종목명           가격    RSI     변화율    거래량     BB   호가비  B/S
────────────────────────────────────────────────────────────────────────
[2단계 분석 대상: 012450, 042700, 403870, 247540, 017670]
403870  HPSP      53,200   58.8    -2.5%    0.1x     하단  6.49  7pt/0 [5분]
055550  신한지주      93,800    0.0    +0.0%    0.0x     중간  1.77  2pt/0 [일봉]
015760  한국전력      40,050    0.0    +0.0%    0.0x     중간  0.92  0pt/0 [일봉]
078930  GS        74,600    0.0    +0.0%    0.0x     중간  0.47  0pt/0 [일봉]
035720  카카오       40,250    0.0    +0.0%    0.0x     중간  3.90  2pt/0 [일봉]
030200  KT        52,700    0.0    +0.0%    0.0x     중간  1.21  1pt/0 [일봉]
003490  대한항공      27,150    0.0    +0.0%    0.0x     중간  2.95  2pt/0 [일봉]
004020  현대제철      42,050    0.0    +0.0%    0.0x     중간  0.70  0pt/0 [일봉]

══════════════════════════════════════════════════
⏰ 장 초반 변동성 (9:20 전) — 신규 매수 중단
→ 전종목 HOLD
✅ Discord 전송 완료

[09:02] HOLD | KODEX RSI65/-0.8%⬆️ | 보유:없음 | 최고신호 HPSP(403870) 7pt/4pt [RSI59★ / BB하단 / MA골 / 호가6.5★ / 거래량증가]
💰 예수금 95,923원 | KODEX200 RSI66/-0.4% 상승추세⬆️  | 매수기준 점수4pt↑

코드      종목명           가격    RSI     변화율    거래량     BB   호가비  B/S
────────────────────────────────────────────────────────────────────────
[2단계 분석 대상: 086520, 012450, 017670, 096770, 042700]
403870  HPSP      53,300    0.0    +0.0%    0.0x     중간  3.84  2pt/0 [일봉]
055550  신한지주      93,400    0.0    +0.0%    0.0x     중간  1.82  2pt/0 [일봉]
015760  한국전력      39,900    0.0    +0.0%    0.0x     중간  2.69  2pt/0 [일봉]
078930  GS        74,700    0.0    +0.0%    0.0x     중간  0.30  0pt/0 [일봉]
035720  카카오       40,000    0.0    +0.0%    0.0x     중간  3.73  2pt/0 [일봉]
030200  KT        52,800    0.0    +0.0%    0.0x     중간  1.32  1pt/0 [일봉]
003490  대한항공      27,450    0.0    +0.0%    0.0x     중간  0.55  0pt/0 [일봉]
004020  현대제철      41,850    0.0    +0.0%    0.0x     중간  1.67  2pt/0 [일봉]

══════════════════════════════════════════════════
⏰ 장 초반 변동성 (9:20 전) — 신규 매수 중단
→ 전종목 HOLD
✅ Discord 전송 완료

[09:04] HOLD | KODEX RSI66/-0.4%⬆️ | 보유:없음 | 최고신호 HPSP(403870) 2pt/4pt [호가3.8★]
💰 예수금 95,923원 | KODEX200 RSI65/-0.7% 상승추세⬆️  | 매수기준 점수4pt↑

코드      종목명           가격    RSI     변화율    거래량     BB   호가비  B/S
────────────────────────────────────────────────────────────────────────
[2단계 분석 대상: 012450, 138040, 000660, 403870, 042660]
403870  HPSP      52,700   67.6    -4.9%    0.1x     하단  3.85  4pt/0 [5분]
055550  신한지주      92,900    0.0    +0.0%    0.0x     중간  0.62  0pt/0 [일봉]
015760  한국전력      40,050    0.0    +0.0%    0.0x     중간  0.78  0pt/0 [일봉]
078930  GS        74,100    0.0    +0.0%    0.0x     중간  0.63  0pt/0 [일봉]
035720  카카오       39,800    0.0    +0.0%    0.0x     중간  3.56  2pt/0 [일봉]
030200  KT        52,600    0.0    +0.0%    0.0x     중간  1.18  0pt/0 [일봉]
003490  대한항공      27,300    0.0    +0.0%    0.0x     중간  1.11  0pt/0 [일봉]
004020  현대제철      41,600    0.0    +0.0%    0.0x     중간  2.93  2pt/0 [일봉]

══════════════════════════════════════════════════
⏰ 장 초반 변동성 (9:20 전) — 신규 매수 중단
→ 전종목 HOLD
✅ Discord 전송 완료

[09:06] HOLD | KODEX RSI65/-0.7%⬆️ | 보유:없음 | 최고신호 HPSP(403870) 4pt/4pt [BB하단 / MA골 / 호가3.9★]
💰 예수금 95,923원 | KODEX200 RSI65/-1.2% 상승추세⬆️  | 매수기준 점수4pt↑

코드      종목명           가격    RSI     변화율    거래량     BB   호가비  B/S
────────────────────────────────────────────────────────────────────────
[2단계 분석 대상: 017670, 012450, 079550, 058470, 042660]
403870  HPSP      52,700    0.0    +0.0%    0.0x     중간  3.90  2pt/0 [일봉]
055550  신한지주      92,800    0.0    +0.0%    0.0x     중간  1.91  2pt/0 [일봉]
015760  한국전력      39,800    0.0    +0.0%    0.0x     중간  2.46  2pt/0 [일봉]
078930  GS        73,600    0.0    +0.0%    0.0x     중간  1.83  2pt/0 [일봉]
035720  카카오       39,700    0.0    +0.0%    0.0x     중간  3.90  2pt/0 [일봉]
030200  KT        52,500    0.0    +0.0%    0.0x     중간  1.01  0pt/0 [일봉]
003490  대한항공      27,250    0.0    +0.0%    0.0x     중간  1.06  0pt/0 [일봉]
004020  현대제철      41,500    0.0    +0.0%    0.0x     중간  2.56  2pt/0 [일봉]

══════════════════════════════════════════════════
⏰ 장 초반 변동성 (9:20 전) — 신규 매수 중단
→ 전종목 HOLD
✅ Discord 전송 완료

[09:08] HOLD | KODEX RSI65/-1.2%⬆️ | 보유:없음 | 최고신호 HPSP(403870) 2pt/4pt [호가3.9★]
💰 예수금 95,923원 | KODEX200 RSI65/-1.2% 상승추세⬆️  | 매수기준 점수4pt↑

코드      종목명           가격    RSI     변화율    거래량     BB   호가비  B/S
────────────────────────────────────────────────────────────────────────
[2단계 분석 대상: 012450, 004020, 079550, 403870, 032830]
403870  HPSP      52,300   71.9    -5.8%    0.1x     하단  4.67  4pt/0 [5분]
055550  신한지주      92,600    0.0    +0.0%    0.0x     중간  2.10  2pt/0 [일봉]
015760  한국전력      39,900    0.0    +0.0%    0.0x     중간  1.55  2pt/0 [일봉]
078930  GS        74,300    0.0    +0.0%    0.0x     중간  0.65  0pt/0 [일봉]
035720  카카오       39,900    0.0    +0.0%    0.0x     중간  4.59  2pt/0 [일봉]
030200  KT        52,500    0.0    +0.0%    0.0x     중간  1.33  1pt/0 [일봉]
003490  대한항공      27,150    0.0    +0.0%    0.0x     중간  1.27  1pt/0 [일봉]
004020  현대제철      41,750   61.1    +0.8%    0.0x     하단  8.32  5pt/0 [5분]

══════════════════════════════════════════════════
⏰ 장 초반 변동성 (9:20 전) — 신규 매수 중단
→ 전종목 HOLD
✅ Discord 전송 완료

[09:10] HOLD | KODEX RSI65/-1.2%⬆️ | 보유:없음 | 최고신호 현대제철(004020) 5pt/4pt [BB하단★ / MA골 / 호가8.3★]
💰 예수금 95,923원 | KODEX200 RSI64/-1.7% 상승추세⬆️  | 매수기준 점수4pt↑

코드      종목명           가격    RSI     변화율    거래량     BB   호가비  B/S
────────────────────────────────────────────────────────────────────────
[2단계 분석 대상: 042660, 017670, 004020, 055550, 105560]
403870  HPSP      51,700    0.0    +0.0%    0.0x     중간  2.11  2pt/0 [일봉]
055550  신한지주      92,800   70.6    -2.4%    0.1x     하단  4.51  4pt/0 [5분]
015760  한국전력      39,800    0.0    +0.0%    0.0x     중간  1.58  2pt/0 [일봉]
078930  GS        74,500    0.0    +0.0%    0.0x     중간  0.51  0pt/0 [일봉]
035720  카카오       40,150    0.0    +0.0%    0.0x     중간  3.98  2pt/0 [일봉]
030200  KT        52,600    0.0    +0.0%    0.0x     중간  1.04  0pt/0 [일봉]
003490  대한항공      27,150    0.0    +0.0%    0.0x     중간  0.90  0pt/0 [일봉]
004020  현대제철      41,800   61.1    +1.1%    0.0x     중간  6.40  3pt/0 [5분]

══════════════════════════════════════════════════
⏰ 장 초반 변동성 (9:20 전) — 신규 매수 중단
→ 전종목 HOLD
✅ Discord 전송 완료

[09:12] HOLD | KODEX RSI64/-1.7%⬆️ | 보유:없음 | 최고신호 신한지주(055550) 4pt/4pt [BB하단 / MA골 / 호가4.5★]
💰 예수금 95,923원 | KODEX200 RSI64/-1.2% 상승추세⬆️  | 매수기준 점수4pt↑

코드      종목명           가격    RSI     변화율    거래량     BB   호가비  B/S
────────────────────────────────────────────────────────────────────────
[2단계 분석 대상: 042660, 138040, 105560, 329180, 012450]
403870  HPSP      51,700    0.0    +0.0%    0.0x     중간  4.70  2pt/0 [일봉]
055550  신한지주      92,200    0.0    +0.0%    0.0x     중간  3.36  2pt/0 [일봉]
015760  한국전력      39,650    0.0    +0.0%    0.0x     중간  2.44  2pt/0 [일봉]
078930  GS        74,000    0.0    +0.0%    0.0x     중간  0.60  0pt/0 [일봉]
035720  카카오       40,000    0.0    +0.0%    0.0x     중간  5.45  2pt/0 [일봉]
030200  KT        52,700    0.0    +0.0%    0.0x     중간  1.11  0pt/0 [일봉]
003490  대한항공      27,000    0.0    +0.0%    0.0x     중간  1.13  0pt/0 [일봉]
004020  현대제철      41,500    0.0    +0.0%    0.0x     중간  1.42  1pt/0 [일봉]

══════════════════════════════════════════════════
⏰ 장 초반 변동성 (9:20 전) — 신규 매수 중단
→ 전종목 HOLD
✅ Discord 전송 완료

[09:14] HOLD | KODEX RSI64/-1.2%⬆️ | 보유:없음 | 최고신호 HPSP(403870) 2pt/4pt [호가4.7★]
💰 예수금 95,923원 | KODEX200 RSI65/-1.1% 상승추세⬆️  | 매수기준 점수4pt↑

코드      종목명           가격    RSI     변화율    거래량     BB   호가비  B/S
────────────────────────────────────────────────────────────────────────
[2단계 분석 대상: 012450, 329180, 004020, 042700, 015760]
403870  HPSP      52,100    0.0    +0.0%    0.0x     중간  2.58  2pt/0 [일봉]
055550  신한지주      92,300    0.0    +0.0%    0.0x     중간  2.73  2pt/0 [일봉]
015760  한국전력      39,450   50.0    +0.0%    0.1x     하단  4.91  8pt/0 [5분]
078930  GS        74,000    0.0    +0.0%    0.0x     중간  0.56  0pt/0 [일봉]
035720  카카오       40,050    0.0    +0.0%    0.0x     중간  2.13  2pt/0 [일봉]
030200  KT        52,700    0.0    +0.0%    0.0x     중간  1.19  0pt/0 [일봉]
003490  대한항공      26,950    0.0    +0.0%    0.0x     중간  1.78  2pt/0 [일봉]
004020  현대제철      41,300   56.2    -0.2%    0.1x     하단  5.80  6pt/0 [5분]

══════════════════════════════════════════════════
⏰ 장 초반 변동성 (9:20 전) — 신규 매수 중단
→ 전종목 HOLD
✅ Discord 전송 완료

[09:16] HOLD | KODEX RSI65/-1.1%⬆️ | 보유:없음 | 최고신호 한국전력(015760) 8pt/4pt [RSI50★ / BB하단★ / MA골 / 호가4.9★ / 거래량증가]
💰 예수금 95,923원 | KODEX200 RSI65/-0.8% 상승추세⬆️  | 매수기준 점수4pt↑

코드      종목명           가격    RSI     변화율    거래량     BB   호가비  B/S
────────────────────────────────────────────────────────────────────────
[2단계 분석 대상: 012450, 058470, 079550, 042700, 403870]
403870  HPSP      51,900   65.5    -6.3%    0.2x     하단  5.42  4pt/0 [5분]
055550  신한지주      92,600    0.0    +0.0%    0.0x     중간  3.32  2pt/0 [일봉]
015760  한국전력      39,400    0.0    +0.0%    0.0x     중간  3.15  2pt/0 [일봉]
078930  GS        74,400    0.0    +0.0%    0.0x     중간  0.58  0pt/0 [일봉]
035720  카카오       40,150    0.0    +0.0%    0.0x     중간  1.51  2pt/0 [일봉]
030200  KT        52,700    0.0    +0.0%    0.0x     중간  1.13  0pt/0 [일봉]
003490  대한항공      27,000    0.0    +0.0%    0.0x     중간  1.30  1pt/0 [일봉]
004020  현대제철      41,200    0.0    +0.0%    0.0x     중간  2.03  2pt/0 [일봉]

══════════════════════════════════════════════════
⏰ 장 초반 변동성 (9:20 전) — 신규 매수 중단
→ 전종목 HOLD
✅ Discord 전송 완료

[09:18] HOLD | KODEX RSI65/-0.8%⬆️ | 보유:없음 | 최고신호 HPSP(403870) 4pt/4pt [BB하단 / MA골 / 호가5.4★]
💰 예수금 95,923원 | KODEX200 RSI65/-0.9% 상승추세⬆️  | 매수기준 점수4pt↑

코드      종목명           가격    RSI     변화율    거래량     BB   호가비  B/S
────────────────────────────────────────────────────────────────────────
[2단계 분석 대상: 012450, 058470, 138040, 086520, 403870]
403870  HPSP      51,700   76.0    -6.3%    0.2x     하단  6.78  5pt/0 [5분]
055550  신한지주      92,000    0.0    +0.0%    0.0x     중간  3.21  2pt/0 [일봉]
015760  한국전력      39,200    0.0    +0.0%    0.0x     중간  1.75  2pt/0 [일봉]
078930  GS        73,800    0.0    +0.0%    0.0x     중간  0.33  0pt/0 [일봉]
035720  카카오       40,250    0.0    +0.0%    0.0x     중간  1.23  1pt/0 [일봉]
030200  KT        52,500    0.0    +0.0%    0.0x     중간  1.50  2pt/0 [일봉]
003490  대한항공      26,950    0.0    +0.0%    0.0x     중간  1.80  2pt/0 [일봉]
004020  현대제철      41,050    0.0    +0.0%    0.0x     중간  0.20  0pt/0 [일봉]

══════════════════════════════════════════════════
→ 전종목 HOLD
✅ Discord 전송 완료

[09:20] HOLD | KODEX RSI65/-0.9%⬆️ | 보유:없음 | 최고신호 HPSP(403870) 5pt/4pt [BB하단 / MA골 / 호가6.8★ / 거래량증가]
💰 예수금 95,923원 | KODEX200 RSI65/-0.9% 상승추세⬆️  | 매수기준 점수4pt↑

코드      종목명           가격    RSI     변화율    거래량     BB   호가비  B/S
────────────────────────────────────────────────────────────────────────
[2단계 분석 대상: 012450, 403870, 042700, 138040, 096770]
403870  HPSP      51,600   76.0    -6.5%    0.2x     하단  8.25  5pt/0 [5분]
055550  신한지주      92,200    0.0    +0.0%    0.0x     중간  3.78  2pt/0 [일봉]
015760  한국전력      39,200    0.0    +0.0%    0.0x     중간  2.81  2pt/0 [일봉]
078930  GS        74,100    0.0    +0.0%    0.0x     중간  0.40  0pt/0 [일봉]
035720  카카오       40,400    0.0    +0.0%    0.0x     중간  0.89  0pt/0 [일봉]
030200  KT        52,500    0.0    +0.0%    0.0x     중간  1.59  2pt/0 [일봉]
003490  대한항공      26,950    0.0    +0.0%    0.0x     중간  1.31  1pt/0 [일봉]
004020  현대제철      40,950    0.0    +0.0%    0.0x     중간  2.49  2pt/0 [일봉]

══════════════════════════════════════════════════
→ 전종목 HOLD
✅ Discord 전송 완료

[09:22] HOLD | KODEX RSI65/-0.9%⬆️ | 보유:없음 | 최고신호 HPSP(403870) 5pt/4pt [BB하단 / MA골 / 호가8.2★ / 거래량증가]
💰 예수금 95,923원 | KODEX200 RSI66/-0.5% 상승추세⬆️  | 매수기준 점수4pt↑

코드      종목명           가격    RSI     변화율    거래량     BB   호가비  B/S
────────────────────────────────────────────────────────────────────────
[2단계 분석 대상: 012450, 403870, 138040, 042700, 329180]
403870  HPSP      51,900   76.0    -5.8%    0.2x     하단  5.92  4pt/0 [5분]
055550  신한지주      92,500    0.0    +0.0%    0.0x     중간  2.51  2pt/0 [일봉]
015760  한국전력      39,200    0.0    +0.0%    0.0x     중간  3.41  2pt/0 [일봉]
078930  GS        74,000    0.0    +0.0%    0.0x     중간  0.45  0pt/0 [일봉]
035720  카카오       40,700    0.0    +0.0%    0.0x     중간  0.77  0pt/0 [일봉]
030200  KT        52,500    0.0    +0.0%    0.0x     중간  1.57  2pt/0 [일봉]
003490  대한항공      26,900    0.0    +0.0%    0.0x     중간  1.70  2pt/0 [일봉]
004020  현대제철      40,900    0.0    +0.0%    0.0x     중간  4.96  2pt/0 [일봉]

══════════════════════════════════════════════════
→ 전종목 HOLD
✅ Discord 전송 완료

[09:24] HOLD | KODEX RSI66/-0.5%⬆️ | 보유:없음 | 최고신호 HPSP(403870) 4pt/4pt [BB하단 / MA골 / 호가5.9★]
💰 예수금 95,923원 | KODEX200 RSI66/-0.6% 상승추세⬆️  | 매수기준 점수4pt↑

코드      종목명           가격    RSI     변화율    거래량     BB   호가비  B/S
────────────────────────────────────────────────────────────────────────
[2단계 분석 대상: 012450, 079550, 138040, 329180, 096770]
403870  HPSP      52,100    0.0    +0.0%    0.0x     중간  3.36  2pt/0 [일봉]
055550  신한지주      92,300    0.0    +0.0%    0.0x     중간  2.33  2pt/0 [일봉]
015760  한국전력      39,150    0.0    +0.0%    0.0x     중간  3.47  2pt/0 [일봉]
078930  GS        73,900    0.0    +0.0%    0.0x     중간  0.34  0pt/0 [일봉]
035720  카카오       40,750    0.0    +0.0%    0.0x     중간  0.37  0pt/0 [일봉]
030200  KT        52,500    0.0    +0.0%    0.0x     중간  1.52  2pt/0 [일봉]
003490  대한항공      26,900    0.0    +0.0%    0.0x     중간  1.96  2pt/0 [일봉]
004020  현대제철      40,700    0.0    +0.0%    0.0x     중간  3.37  2pt/0 [일봉]

══════════════════════════════════════════════════
→ 전종목 HOLD
✅ Discord 전송 완료

[09:26] HOLD | KODEX RSI66/-0.6%⬆️ | 보유:없음 | 최고신호 HPSP(403870) 2pt/4pt [호가3.4★]
💰 예수금 95,923원 | KODEX200 RSI65/-1.0% 상승추세⬆️  | 매수기준 점수4pt↑

코드      종목명           가격    RSI     변화율    거래량     BB   호가비  B/S
────────────────────────────────────────────────────────────────────────
[2단계 분석 대상: 138040, 058470, 012450, 403870, 015760]
403870  HPSP      51,600   76.0    -6.7%    0.2x     하단  8.86  4pt/0 [5분]
055550  신한지주      92,100    0.0    +0.0%    0.0x     중간  2.25  2pt/0 [일봉]
015760  한국전력      39,200   66.7    -1.0%    0.2x     하단  8.40  4pt/0 [5분]
078930  GS        74,100    0.0    +0.0%    0.0x     중간  0.40  0pt/0 [일봉]
035720  카카오       40,900    0.0    +0.0%    0.0x     중간  0.61  0pt/0 [일봉]
030200  KT        52,500    0.0    +0.0%    0.0x     중간  1.13  0pt/0 [일봉]
003490  대한항공      26,950    0.0    +0.0%    0.0x     중간  1.61  2pt/0 [일봉]
004020  현대제철      40,800    0.0    +0.0%    0.0x     중간  4.98  2pt/0 [일봉]

══════════════════════════════════════════════════
→ 전종목 HOLD
✅ Discord 전송 완료

[09:28] HOLD | KODEX RSI65/-1.0%⬆️ | 보유:없음 | 최고신호 HPSP(403870) 4pt/4pt [BB하단 / MA골 / 호가8.9★]
💰 예수금 95,923원 | KODEX200 RSI65/-0.8% 상승추세⬆️  | 매수기준 점수4pt↑

코드      종목명           가격    RSI     변화율    거래량     BB   호가비  B/S
────────────────────────────────────────────────────────────────────────
[2단계 분석 대상: 012450, 329180, 138040, 403870, 096770]
403870  HPSP      51,600   72.7    -6.3%    0.2x     하단  6.57  4pt/0 [5분]
055550  신한지주      92,300    0.0    +0.0%    0.0x     중간  2.31  2pt/0 [일봉]
015760  한국전력      39,050    0.0    +0.0%    0.0x     중간  4.87  2pt/0 [일봉]
078930  GS        74,000    0.0    +0.0%    0.0x     중간  0.73  0pt/0 [일봉]
035720  카카오       41,100    0.0    +0.0%    0.0x     중간  0.55  0pt/0 [일봉]
030200  KT        52,400    0.0    +0.0%    0.0x     중간  2.19  2pt/0 [일봉]
003490  대한항공      26,900    0.0    +0.0%    0.0x     중간  2.26  2pt/0 [일봉]
004020  현대제철      40,600    0.0    +0.0%    0.0x     중간  3.68  2pt/0 [일봉]

══════════════════════════════════════════════════
→ 전종목 HOLD
✅ Discord 전송 완료

[09:30] HOLD | KODEX RSI65/-0.8%⬆️ | 보유:없음 | 최고신호 HPSP(403870) 4pt/4pt [BB하단 / MA골 / 호가6.6★]
💰 예수금 95,923원 | KODEX200 RSI65/-1.2% 상승추세⬆️  | 매수기준 점수4pt↑

코드      종목명           가격    RSI     변화율    거래량     BB   호가비  B/S
────────────────────────────────────────────────────────────────────────
[2단계 분석 대상: 012450, 138040, 105560, 329180, 403870]
403870  HPSP      51,400   72.7    -6.2%    0.2x     하단  6.61  4pt/0 [5분]
055550  신한지주      92,300    0.0    +0.0%    0.0x     중간  2.42  2pt/0 [일봉]
015760  한국전력      39,100    0.0    +0.0%    0.0x     중간  4.07  2pt/0 [일봉]
078930  GS        74,300    0.0    +0.0%    0.0x     중간  0.69  0pt/0 [일봉]
035720  카카오       41,150    0.0    +0.0%    0.0x     중간  0.41  0pt/0 [일봉]
030200  KT        52,400    0.0    +0.0%    0.0x     중간  1.31  1pt/0 [일봉]
003490  대한항공      26,900    0.0    +0.0%    0.0x     중간  2.82  2pt/0 [일봉]
004020  현대제철      40,600    0.0    +0.0%    0.0x     중간  5.83  2pt/0 [일봉]

══════════════════════════════════════════════════
📉 KODEX200 MA데드+RSI65 하락추세 — 신규 매수 중단
→ 전종목 HOLD
✅ Discord 전송 완료

[09:32] HOLD | KODEX RSI65/-1.2%⬆️ | 보유:없음 | 최고신호 HPSP(403870) 4pt/4pt [BB하단 / MA골 / 호가6.6★]
💰 예수금 95,923원 | KODEX200 RSI65/-0.9% 상승추세⬆️  | 매수기준 점수4pt↑

코드      종목명           가격    RSI     변화율    거래량     BB   호가비  B/S
────────────────────────────────────────────────────────────────────────
[2단계 분석 대상: 012450, 138040, 096770, 329180, 009150]
403870  HPSP      51,800    0.0    +0.0%    0.0x     중간  5.26  2pt/0 [일봉]
055550  신한지주      92,400    0.0    +0.0%    0.0x     중간  2.74  2pt/0 [일봉]
015760  한국전력      39,100    0.0    +0.0%    0.0x     중간  2.77  2pt/0 [일봉]
078930  GS        74,000    0.0    +0.0%    0.0x     중간  0.94  0pt/0 [일봉]
035720  카카오       41,100    0.0    +0.0%    0.0x     중간  0.40  0pt/0 [일봉]
030200  KT        52,400    0.0    +0.0%    0.0x     중간  1.30  1pt/0 [일봉]
003490  대한항공      27,100    0.0    +0.0%    0.0x     중간  0.67  0pt/0 [일봉]
004020  현대제철      40,450    0.0    +0.0%    0.0x     중간  2.61  2pt/0 [일봉]

══════════════════════════════════════════════════
→ 전종목 HOLD
✅ Discord 전송 완료

[09:34] HOLD | KODEX RSI65/-0.9%⬆️ | 보유:없음 | 최고신호 HPSP(403870) 2pt/4pt [호가5.3★]
💰 예수금 95,923원 | KODEX200 RSI65/-0.9% 상승추세⬆️  | 매수기준 점수4pt↑

코드      종목명           가격    RSI     변화율    거래량     BB   호가비  B/S
────────────────────────────────────────────────────────────────────────
[2단계 분석 대상: 329180, 012450, 004020, 138040, 086790]
403870  HPSP      51,600    0.0    +0.0%    0.0x     중간  5.30  2pt/0 [일봉]
055550  신한지주      92,100    0.0    +0.0%    0.0x     중간  3.90  2pt/0 [일봉]
015760  한국전력      38,950    0.0    +0.0%    0.0x     중간  2.78  2pt/0 [일봉]
078930  GS        74,000    0.0    +0.0%    0.0x     중간  0.58  0pt/0 [일봉]
035720  카카오       40,900    0.0    +0.0%    0.0x     중간  0.62  0pt/0 [일봉]
030200  KT        52,300    0.0    +0.0%    0.0x     중간  1.14  0pt/0 [일봉]
003490  대한항공      27,050    0.0    +0.0%    0.0x     중간  0.79  0pt/0 [일봉]
004020  현대제철      40,400   81.8    -2.0%    0.1x     하단  7.59  5pt/0 [5분]

══════════════════════════════════════════════════
→ 전종목 HOLD
✅ Discord 전송 완료

[09:36] HOLD | KODEX RSI65/-0.9%⬆️ | 보유:없음 | 최고신호 현대제철(004020) 5pt/4pt [BB하단 / MA골 / 호가7.6★ / 거래량증가]
💰 예수금 95,923원 | KODEX200 RSI65/-0.8% 상승추세⬆️  | 매수기준 점수4pt↑

코드      종목명           가격    RSI     변화율    거래량     BB   호가비  B/S
────────────────────────────────────────────────────────────────────────
[2단계 분석 대상: 012450, 138040, 004020, 329180, 403870]
403870  HPSP      51,600   88.7    -5.8%    0.3x     하단  6.09  4pt/0 [5분]
055550  신한지주      92,100    0.0    +0.0%    0.0x     중간  2.30  2pt/0 [일봉]
015760  한국전력      39,050    0.0    +0.0%    0.0x     중간  3.66  2pt/0 [일봉]
078930  GS        74,000    0.0    +0.0%    0.0x     중간  0.62  0pt/0 [일봉]
035720  카카오       41,000    0.0    +0.0%    0.0x     중간  0.61  0pt/0 [일봉]
030200  KT        52,100    0.0    +0.0%    0.0x     중간  1.07  0pt/0 [일봉]
003490  대한항공      27,000    0.0    +0.0%    0.0x     중간  1.08  0pt/0 [일봉]
004020  현대제철      40,500   81.8    -2.4%    0.1x     하단  7.37  5pt/0 [5분]

══════════════════════════════════════════════════
→ 전종목 HOLD
✅ Discord 전송 완료

[09:38] HOLD | KODEX RSI65/-0.8%⬆️ | 보유:없음 | 최고신호 현대제철(004020) 5pt/4pt [BB하단 / MA골 / 호가7.4★ / 거래량증가]
💰 예수금 95,923원 | KODEX200 RSI66/-0.4% 상승추세⬆️  | 매수기준 점수4pt↑

코드      종목명           가격    RSI     변화율    거래량     BB   호가비  B/S
────────────────────────────────────────────────────────────────────────
[2단계 분석 대상: 012450, 138040, 004020, 329180, 042700]
403870  HPSP      52,200    0.0    +0.0%    0.0x     중간  2.63  2pt/0 [일봉]
055550  신한지주      92,100    0.0    +0.0%    0.0x     중간  4.63  2pt/0 [일봉]
015760  한국전력      38,950    0.0    +0.0%    0.0x     중간  4.61  2pt/0 [일봉]
078930  GS        73,800    0.0    +0.0%    0.0x     중간  0.51  0pt/0 [일봉]
035720  카카오       40,800    0.0    +0.0%    0.0x     중간  1.06  0pt/0 [일봉]
030200  KT        52,100    0.0    +0.0%    0.0x     중간  1.20  1pt/0 [일봉]
003490  대한항공      27,000    0.0    +0.0%    0.0x     중간  1.25  1pt/0 [일봉]
004020  현대제철      40,400   87.5    -2.7%    0.1x     하단  8.32  4pt/0 [5분]

══════════════════════════════════════════════════
→ 전종목 HOLD
✅ Discord 전송 완료

[09:40] HOLD | KODEX RSI66/-0.4%⬆️ | 보유:없음 | 최고신호 현대제철(004020) 4pt/4pt [BB하단 / MA골 / 호가8.3★]
💰 예수금 95,923원 | KODEX200 RSI66/-0.3% 상승추세⬆️  | 매수기준 점수4pt↑

코드      종목명           가격    RSI     변화율    거래량     BB   호가비  B/S
────────────────────────────────────────────────────────────────────────
[2단계 분석 대상: 012450, 042660, 042700, 138040, 329180]
403870  HPSP      52,400    0.0    +0.0%    0.0x     중간  1.17  0pt/0 [일봉]
055550  신한지주      91,900    0.0    +0.0%    0.0x     중간  2.44  2pt/0 [일봉]
015760  한국전력      38,950    0.0    +0.0%    0.0x     중간  4.46  2pt/0 [일봉]
078930  GS        73,700    0.0    +0.0%    0.0x     중간  0.56  0pt/0 [일봉]
035720  카카오       40,700    0.0    +0.0%    0.0x     중간  0.95  0pt/0 [일봉]
017670  SK텔레콤     95,800    0.0    +0.0%    0.0x     중간  2.99  2pt/0 [일봉]
030200  KT        52,000    0.0    +0.0%    0.0x     중간  1.06  0pt/0 [일봉]
003490  대한항공      26,950    0.0    +0.0%    0.0x     중간  1.33  1pt/0 [일봉]
004020  현대제철      40,150    0.0    +0.0%    0.0x     중간  3.61  2pt/0 [일봉]

══════════════════════════════════════════════════
→ 전종목 HOLD
✅ Discord 전송 완료

[09:42] HOLD | KODEX RSI66/-0.3%⬆️ | 보유:없음 | 최고신호 신한지주(055550) 2pt/4pt [호가2.4★]
💰 예수금 95,923원 | KODEX200 RSI67/+0.1% 상승추세⬆️  | 매수기준 점수4pt↑

코드      종목명           가격    RSI     변화율    거래량     BB   호가비  B/S
────────────────────────────────────────────────────────────────────────
[2단계 분석 대상: 329180, 042660, 017670, 096770, 066970]
403870  HPSP      52,200    0.0    +0.0%    0.0x     중간  3.37  2pt/0 [일봉]
055550  신한지주      91,800    0.0    +0.0%    0.0x     중간  3.82  2pt/0 [일봉]
015760  한국전력      39,000    0.0    +0.0%    0.0x     중간  4.05  2pt/0 [일봉]
078930  GS        73,600    0.0    +0.0%    0.0x     중간  1.90  2pt/0 [일봉]
035720  카카오       40,650    0.0    +0.0%    0.0x     중간  0.77  0pt/0 [일봉]
017670  SK텔레콤     95,800   51.3    -4.6%    0.2x     하단  7.66  5pt/0 [5분]
030200  KT        52,100    0.0    +0.0%    0.0x     중간  1.09  0pt/0 [일봉]
003490  대한항공      26,900    0.0    +0.0%    0.0x     중간  1.89  2pt/0 [일봉]
004020  현대제철      40,150    0.0    +0.0%    0.0x     중간  4.78  2pt/0 [일봉]

══════════════════════════════════════════════════
→ 전종목 HOLD
✅ Discord 전송 완료

[09:44] HOLD | KODEX RSI67/+0.1%⬆️ | 보유:없음 | 최고신호 SK텔레콤(017670) 5pt/4pt [RSI51★ / BB하단 / 호가7.7★]
💰 예수금 95,923원 | KODEX200 RSI67/+0.1% 상승추세⬆️  | 매수기준 점수4pt↑

코드      종목명           가격    RSI     변화율    거래량     BB   호가비  B/S
────────────────────────────────────────────────────────────────────────
[2단계 분석 대상: 004020, 138040, 096770, 042660, 055550]
403870  HPSP      52,100    0.0    +0.0%    0.0x     중간  3.79  2pt/0 [일봉]
055550  신한지주      91,700   56.2    -3.4%    0.2x     하단  6.04  6pt/0 [5분]
015760  한국전력      38,950    0.0    +0.0%    0.0x     중간  3.39  2pt/0 [일봉]
078930  GS        73,500    0.0    +0.0%    0.0x     중간  1.66  2pt/0 [일봉]
035720  카카오       40,500    0.0    +0.0%    0.0x     중간  1.62  2pt/0 [일봉]
017670  SK텔레콤     95,900    0.0    +0.0%    0.0x     중간  4.85  2pt/0 [일봉]
030200  KT        52,100    0.0    +0.0%    0.0x     중간  1.32  1pt/0 [일봉]
003490  대한항공      26,900    0.0    +0.0%    0.0x     중간  1.93  2pt/0 [일봉]
004020  현대제철      40,200   82.4    -2.9%    0.1x     하단 13.59  4pt/0 [5분]

══════════════════════════════════════════════════
→ 전종목 HOLD
✅ Discord 전송 완료

[09:46] HOLD | KODEX RSI67/+0.1%⬆️ | 보유:없음 | 최고신호 신한지주(055550) 6pt/4pt [RSI56★ / BB하단 / MA골 / 호가6.0★]
💰 예수금 95,923원 | KODEX200 RSI67/+0.1% 상승추세⬆️  | 매수기준 점수4pt↑

코드      종목명           가격    RSI     변화율    거래량     BB   호가비  B/S
────────────────────────────────────────────────────────────────────────
[2단계 분석 대상: 042660, 017670, 055550, 042700, 329180]
403870  HPSP      52,300    0.0    +0.0%    0.0x     중간  3.00  2pt/0 [일봉]
055550  신한지주      91,800   56.2    -3.5%    0.2x     하단  6.70  6pt/0 [5분]
015760  한국전력      38,950    0.0    +0.0%    0.0x     중간  3.49  2pt/0 [일봉]
078930  GS        73,500    0.0    +0.0%    0.0x     중간  1.60  2pt/0 [일봉]
035720  카카오       40,300    0.0    +0.0%    0.0x     중간  2.36  2pt/0 [일봉]
017670  SK텔레콤     95,800   51.3    -4.6%    0.2x     하단  6.80  5pt/0 [5분]
030200  KT        52,000    0.0    +0.0%    0.0x     중간  2.51  2pt/0 [일봉]
003490  대한항공      26,950    0.0    +0.0%    0.0x     중간  1.09  0pt/0 [일봉]
004020  현대제철      40,150    0.0    +0.0%    0.0x     중간  5.30  2pt/0 [일봉]

══════════════════════════════════════════════════
→ 전종목 HOLD
✅ Discord 전송 완료

[09:48] HOLD | KODEX RSI67/+0.1%⬆️ | 보유:없음 | 최고신호 신한지주(055550) 6pt/4pt [RSI56★ / BB하단 / MA골 / 호가6.7★]
💰 예수금 95,923원 | KODEX200 RSI67/+0.1% 상승추세⬆️  | 매수기준 점수4pt↑

코드      종목명           가격    RSI     변화율    거래량     BB   호가비  B/S
────────────────────────────────────────────────────────────────────────
[2단계 분석 대상: 004020, 042660, 403870, 042700, 329180]
403870  HPSP      52,000   90.5    -6.3%    0.3x     하단  7.82  5pt/0 [5분]
055550  신한지주      92,000    0.0    +0.0%    0.0x     중간  5.71  2pt/0 [일봉]
015760  한국전력      38,900    0.0    +0.0%    0.0x     중간  3.61  2pt/0 [일봉]
078930  GS        73,500    0.0    +0.0%    0.0x     중간  1.41  1pt/0 [일봉]
035720  카카오       40,300    0.0    +0.0%    0.0x     중간  3.12  2pt/0 [일봉]
017670  SK텔레콤     95,900    0.0    +0.0%    0.0x     중간  3.68  2pt/0 [일봉]
030200  KT        52,100    0.0    +0.0%    0.0x     중간  1.59  2pt/0 [일봉]
003490  대한항공      27,150    0.0    +0.0%    0.0x     중간  0.50  0pt/0 [일봉]
004020  현대제철      40,100   84.6    -3.1%    0.1x     중간 16.76  3pt/0 [5분]

══════════════════════════════════════════════════
→ 전종목 HOLD
✅ Discord 전송 완료

[09:50] HOLD | KODEX RSI67/+0.1%⬆️ | 보유:없음 | 최고신호 HPSP(403870) 5pt/4pt [BB하단 / MA골 / 호가7.8★ / 거래량증가]
💰 예수금 95,923원 | KODEX200 RSI67/+0.2% 상승추세⬆️  | 매수기준 점수4pt↑

코드      종목명           가격    RSI     변화율    거래량     BB   호가비  B/S
────────────────────────────────────────────────────────────────────────
[2단계 분석 대상: 042660, 329180, 403870, 017670, 035720]
403870  HPSP      52,000   90.5    -6.0%    0.3x     하단  9.31  5pt/0 [5분]
055550  신한지주      91,900    0.0    +0.0%    0.0x     중간  5.04  2pt/0 [일봉]
015760  한국전력      38,900    0.0    +0.0%    0.0x     중간  4.93  2pt/0 [일봉]
078930  GS        73,500    0.0    +0.0%    0.0x     중간  1.76  2pt/0 [일봉]
035720  카카오       40,100   65.2    -1.1%    0.3x     하단  9.13  4pt/0 [5분]
030200  KT        52,100    0.0    +0.0%    0.0x     중간  1.22  1pt/0 [일봉]
003490  대한항공      27,150    0.0    +0.0%    0.0x     중간  0.77  0pt/0 [일봉]
004020  현대제철      40,100    0.0    +0.0%    0.0x     중간  7.28  2pt/0 [일봉]

══════════════════════════════════════════════════
→ 전종목 HOLD
✅ Discord 전송 완료

[09:52] HOLD | KODEX RSI67/+0.2%⬆️ | 보유:없음 | 최고신호 HPSP(403870) 5pt/4pt [BB하단 / MA골 / 호가9.3★ / 거래량증가]
💰 예수금 95,923원 | KODEX200 RSI67/+0.1% 상승추세⬆️  | 매수기준 점수4pt↑

코드      종목명           가격    RSI     변화율    거래량     BB   호가비  B/S
────────────────────────────────────────────────────────────────────────
[2단계 분석 대상: 004020, 403870, 042700, 012450, 096770]
403870  HPSP      51,900   90.8    -6.2%    0.3x     하단 11.17  4pt/0 [5분]
055550  신한지주      92,100    0.0    +0.0%    0.0x     중간  3.91  2pt/0 [일봉]
015760  한국전력      39,050    0.0    +0.0%    0.0x     중간  3.73  2pt/0 [일봉]
078930  GS        73,500    0.0    +0.0%    0.0x     중간  1.54  2pt/0 [일봉]
035720  카카오       40,150    0.0    +0.0%    0.0x     중간  4.59  2pt/0 [일봉]
030200  KT        52,100    0.0    +0.0%    0.0x     중간  1.27  1pt/0 [일봉]
003490  대한항공      27,200    0.0    +0.0%    0.0x     중간  0.61  0pt/0 [일봉]
004020  현대제철      40,150   82.5    -3.1%    0.1x     중간 11.62  3pt/0 [5분]

══════════════════════════════════════════════════
→ 전종목 HOLD
✅ Discord 전송 완료

[09:54] HOLD | KODEX RSI67/+0.1%⬆️ | 보유:없음 | 최고신호 HPSP(403870) 4pt/4pt [BB하단 / MA골 / 호가11.2★]
💰 예수금 95,923원 | KODEX200 RSI67/+0.1% 상승추세⬆️  | 매수기준 점수4pt↑

코드      종목명           가격    RSI     변화율    거래량     BB   호가비  B/S
────────────────────────────────────────────────────────────────────────
[2단계 분석 대상: 004020, 403870, 035720, 042700, 058470]
403870  HPSP      51,800   90.8    -6.0%    0.3x     하단 10.62  4pt/0 [5분]
055550  신한지주      92,400    0.0    +0.0%    0.0x     중간  3.15  2pt/0 [일봉]
015760  한국전력      39,200    0.0    +0.0%    0.0x     중간  3.91  2pt/0 [일봉]
078930  GS        73,600    0.0    +0.0%    0.0x     중간  1.15  0pt/0 [일봉]
035720  카카오       40,100   60.0    -1.1%    0.3x     하단  7.21  6pt/0 [5분]
030200  KT        52,200    0.0    +0.0%    0.0x     중간  1.53  2pt/0 [일봉]
003490  대한항공      27,300    0.0    +0.0%    0.0x     중간  0.62  0pt/0 [일봉]
004020  현대제철      40,400   82.5    -2.4%    0.1x     중간 14.69  3pt/0 [5분]

══════════════════════════════════════════════════
→ 전종목 HOLD
✅ Discord 전송 완료

[09:56] HOLD | KODEX RSI67/+0.1%⬆️ | 보유:없음 | 최고신호 카카오(035720) 6pt/4pt [RSI60★ / BB하단 / MA골 / 호가7.2★]
💰 예수금 95,923원 | KODEX200 RSI67/+0.3% 상승추세⬆️  | 매수기준 점수4pt↑

코드      종목명           가격    RSI     변화율    거래량     BB   호가비  B/S
────────────────────────────────────────────────────────────────────────
[2단계 분석 대상: 004020, 403870, 035720, 058470, 042700]
403870  HPSP      51,900   90.8    -6.2%    0.3x     하단  9.33  4pt/0 [5분]
055550  신한지주      92,500    0.0    +0.0%    0.0x     중간  2.44  2pt/0 [일봉]
015760  한국전력      39,050    0.0    +0.0%    0.0x     중간  3.54  2pt/0 [일봉]
078930  GS        73,600    0.0    +0.0%    0.0x     중간  1.39  1pt/0 [일봉]
035720  카카오       40,050   60.0    -1.1%    0.3x     하단  7.85  6pt/0 [5분]
030200  KT        52,100    0.0    +0.0%    0.0x     중간  1.53  2pt/0 [일봉]
003490  대한항공      27,250    0.0    +0.0%    0.0x     중간  0.88  0pt/0 [일봉]
004020  현대제철      40,400   82.5    -2.4%    0.1x     중간  9.66  3pt/0 [5분]

══════════════════════════════════════════════════
→ 전종목 HOLD
✅ Discord 전송 완료

[09:58] HOLD | KODEX RSI67/+0.3%⬆️ | 보유:없음 | 최고신호 카카오(035720) 6pt/4pt [RSI60★ / BB하단 / MA골 / 호가7.8★]
💰 예수금 95,923원 | KODEX200 RSI67/+0.4% 상승추세⬆️  | 매수기준 점수4pt↑

코드      종목명           가격    RSI     변화율    거래량     BB   호가비  B/S
────────────────────────────────────────────────────────────────────────
[2단계 분석 대상: 058470, 004020, 035720, 403870, 042700]
403870  HPSP      52,100   94.4    -6.3%    0.3x     하단  6.69  4pt/0 [5분]
055550  신한지주      92,500    0.0    +0.0%    0.0x     중간  2.78  2pt/0 [일봉]
015760  한국전력      38,950    0.0    +0.0%    0.0x     중간  5.16  2pt/0 [일봉]
078930  GS        73,600    0.0    +0.0%    0.0x     중간  1.32  1pt/0 [일봉]
035720  카카오       40,050   55.6    -1.2%    0.3x     하단  7.21  7pt/0 [5분]
030200  KT        52,100    0.0    +0.0%    0.0x     중간  1.50  2pt/0 [일봉]
003490  대한항공      27,300    0.0    +0.0%    0.0x     중간  0.43  0pt/0 [일봉]
004020  현대제철      40,250   78.9    -2.9%    0.1x     중간  8.91  3pt/0 [5분]

══════════════════════════════════════════════════
→ 전종목 HOLD
✅ Discord 전송 완료

[10:00] HOLD | KODEX RSI67/+0.4%⬆️ | 보유:없음 | 최고신호 카카오(035720) 7pt/4pt [RSI56★ / BB하단 / MA골 / 호가7.2★ / 거래량증가]
💰 예수금 95,923원 | KODEX200 RSI67/+0.1% 상승추세⬆️  | 매수기준 점수4pt↑

코드      종목명           가격    RSI     변화율    거래량     BB   호가비  B/S
────────────────────────────────────────────────────────────────────────
[2단계 분석 대상: 058470, 403870, 035720, 004020, 042700]
403870  HPSP      51,700   94.4    -6.7%    0.3x     하단 12.86  4pt/0 [5분]
055550  신한지주      92,800    0.0    +0.0%    0.0x     중간  1.18  0pt/0 [일봉]
015760  한국전력      38,950    0.0    +0.0%    0.0x     중간  5.16  2pt/0 [일봉]
078930  GS        73,600    0.0    +0.0%    0.0x     중간  1.04  0pt/0 [일봉]
035720  카카오       40,100   55.6    -1.1%    0.4x     하단  7.99  7pt/0 [5분]
030200  KT        52,300    0.0    +0.0%    0.0x     중간  1.32  1pt/0 [일봉]
003490  대한항공      27,300    0.0    +0.0%    0.0x     중간  0.41  0pt/0 [일봉]
004020  현대제철      40,450   78.9    -2.3%    0.1x     중간  6.16  3pt/0 [5분]

══════════════════════════════════════════════════
→ 전종목 HOLD
✅ Discord 전송 완료

[10:02] HOLD | KODEX RSI67/+0.1%⬆️ | 보유:없음 | 최고신호 카카오(035720) 7pt/4pt [RSI56★ / BB하단 / MA골 / 호가8.0★ / 거래량증가]
💰 예수금 95,923원 | KODEX200 RSI66/-0.2% 상승추세⬆️  | 매수기준 점수4pt↑

코드      종목명           가격    RSI     변화율    거래량     BB   호가비  B/S
────────────────────────────────────────────────────────────────────────
[2단계 분석 대상: 058470, 403870, 035720, 329180, 004020]
403870  HPSP      51,500   94.1    -6.5%    0.3x     하단 18.72  4pt/0 [5분]
055550  신한지주      92,600    0.0    +0.0%    0.0x     중간  1.45  1pt/0 [일봉]
015760  한국전력      38,900    0.0    +0.0%    0.0x     중간  5.61  2pt/0 [일봉]
078930  GS        73,600    0.0    +0.0%    0.0x     중간  1.24  1pt/0 [일봉]
035720  카카오       40,100   60.0    -1.1%    0.4x     하단  8.57  6pt/0 [5분]
030200  KT        52,300    0.0    +0.0%    0.0x     중간  1.40  1pt/0 [일봉]
003490  대한항공      27,350    0.0    +0.0%    0.0x     중간  0.36  0pt/0 [일봉]
004020  현대제철      40,350   88.4    -2.5%    0.1x     중간  6.63  3pt/0 [5분]

══════════════════════════════════════════════════
→ 전종목 HOLD
✅ Discord 전송 완료

[10:04] HOLD | KODEX RSI66/-0.2%⬆️ | 보유:없음 | 최고신호 카카오(035720) 6pt/4pt [RSI60★ / BB하단 / MA골 / 호가8.6★]
💰 예수금 95,923원 | KODEX200 RSI66/-0.5% 상승추세⬆️  | 매수기준 점수4pt↑

코드      종목명           가격    RSI     변화율    거래량     BB   호가비  B/S
────────────────────────────────────────────────────────────────────────
[2단계 분석 대상: 058470, 403870, 004020, 015760, 035720]
403870  HPSP      51,500   94.1    -6.9%    0.3x     하단 15.03  4pt/0 [5분]
055550  신한지주      92,500    0.0    +0.0%    0.0x     중간  1.75  2pt/0 [일봉]
015760  한국전력      38,850   76.9    -1.4%    0.3x     하단  7.99  4pt/0 [5분]
078930  GS        73,300    0.0    +0.0%    0.0x     중간  1.99  2pt/0 [일봉]
035720  카카오       40,100   60.0    -1.0%    0.4x     하단  6.97  6pt/0 [5분]
030200  KT        52,100    0.0    +0.0%    0.0x     중간  1.71  2pt/0 [일봉]
003490  대한항공      27,350    0.0    +0.0%    0.0x     중간  0.29  0pt/0 [일봉]
004020  현대제철      40,400   88.4    -2.4%    0.1x     중간  8.17  3pt/0 [5분]

══════════════════════════════════════════════════
→ 전종목 HOLD
✅ Discord 전송 완료

[10:06] HOLD | KODEX RSI66/-0.5%⬆️ | 보유:없음 | 최고신호 카카오(035720) 6pt/4pt [RSI60★ / BB하단 / MA골 / 호가7.0★]
💰 예수금 95,923원 | KODEX200 RSI66/-0.2% 상승추세⬆️  | 매수기준 점수4pt↑

코드      종목명           가격    RSI     변화율    거래량     BB   호가비  B/S
────────────────────────────────────────────────────────────────────────
[2단계 분석 대상: 058470, 403870, 015760, 042700, 004020]
403870  HPSP      51,500   94.1    -6.7%    0.3x     하단 13.47  4pt/0 [5분]
055550  신한지주      92,500    0.0    +0.0%    0.0x     중간  1.78  2pt/0 [일봉]
015760  한국전력      38,950   76.9    -1.5%    0.3x     하단  8.12  4pt/0 [5분]
078930  GS        73,300    0.0    +0.0%    0.0x     중간  1.66  2pt/0 [일봉]
035720  카카오       40,150    0.0    +0.0%    0.0x     중간  5.70  2pt/0 [일봉]
030200  KT        52,200    0.0    +0.0%    0.0x     중간  1.76  2pt/0 [일봉]
003490  대한항공      27,350    0.0    +0.0%    0.0x     중간  0.44  0pt/0 [일봉]
004020  현대제철      40,350   88.4    -2.7%    0.1x     중간  7.03  3pt/0 [5분]

══════════════════════════════════════════════════
→ 전종목 HOLD
✅ Discord 전송 완료

[10:08] HOLD | KODEX RSI66/-0.2%⬆️ | 보유:없음 | 최고신호 HPSP(403870) 4pt/4pt [BB하단 / MA골 / 호가13.5★]
💰 예수금 95,923원 | KODEX200 RSI67/-0.1% 상승추세⬆️  | 매수기준 점수4pt↑

코드      종목명           가격    RSI     변화율    거래량     BB   호가비  B/S
────────────────────────────────────────────────────────────────────────
[2단계 분석 대상: 058470, 015760, 403870, 004020, 042700]
403870  HPSP      51,600   94.2    -6.5%    0.3x     하단  8.68  4pt/0 [5분]
055550  신한지주      92,300    0.0    +0.0%    0.0x     중간  2.58  2pt/0 [일봉]
015760  한국전력      39,000   77.8    -1.4%    0.3x     하단  8.89  4pt/0 [5분]
078930  GS        73,400    0.0    +0.0%    0.0x     중간  1.48  1pt/0 [일봉]
035720  카카오       40,150    0.0    +0.0%    0.0x     중간  5.27  2pt/0 [일봉]
030200  KT        52,300    0.0    +0.0%    0.0x     중간  1.50  2pt/0 [일봉]
003490  대한항공      27,300    0.0    +0.0%    0.0x     중간  0.54  0pt/0 [일봉]
004020  현대제철      40,350   89.4    -2.8%    0.2x     중간  6.95  3pt/0 [5분]

══════════════════════════════════════════════════
→ 전종목 HOLD
✅ Discord 전송 완료

[10:10] HOLD | KODEX RSI67/-0.1%⬆️ | 보유:없음 | 최고신호 HPSP(403870) 4pt/4pt [BB하단 / MA골 / 호가8.7★]
💰 예수금 95,923원 | KODEX200 RSI67/-0.0% 상승추세⬆️  | 매수기준 점수4pt↑

코드      종목명           가격    RSI     변화율    거래량     BB   호가비  B/S
────────────────────────────────────────────────────────────────────────
[2단계 분석 대상: 004020, 058470, 403870, 015760, 042700]
403870  HPSP      51,400   94.2    -6.9%    0.4x     하단 11.27  4pt/0 [5분]
055550  신한지주      92,300    0.0    +0.0%    0.0x     중간  1.92  2pt/0 [일봉]
015760  한국전력      38,950   77.8    -1.5%    0.3x     하단  6.95  4pt/0 [5분]
078930  GS        73,300    0.0    +0.0%    0.0x     중간  1.80  2pt/0 [일봉]
035720  카카오       40,150    0.0    +0.0%    0.0x     중간  5.01  2pt/0 [일봉]
030200  KT        52,400    0.0    +0.0%    0.0x     중간  2.58  2pt/0 [일봉]
003490  대한항공      27,300    0.0    +0.0%    0.0x     중간  0.49  0pt/0 [일봉]
004020  현대제철      40,250   89.4    -3.0%    0.2x     중간 12.74  3pt/0 [5분]

══════════════════════════════════════════════════
→ 전종목 HOLD
✅ Discord 전송 완료

[10:12] HOLD | KODEX RSI67/-0.0%⬆️ | 보유:없음 | 최고신호 HPSP(403870) 4pt/4pt [BB하단 / MA골 / 호가11.3★]
💰 예수금 95,923원 | KODEX200 RSI67/+0.0% 상승추세⬆️  | 매수기준 점수4pt↑

코드      종목명           가격    RSI     변화율    거래량     BB   호가비  B/S
────────────────────────────────────────────────────────────────────────
[2단계 분석 대상: 004020, 058470, 015760, 403870, 017670]
403870  HPSP      51,600   93.9    -6.5%    0.4x     하단  6.73  4pt/0 [5분]
055550  신한지주      92,200    0.0    +0.0%    0.0x     중간  1.97  2pt/0 [일봉]
015760  한국전력      39,050   75.0    -1.0%    0.3x     중간  7.62  3pt/0 [5분]
078930  GS        73,400    0.0    +0.0%    0.0x     중간  1.79  2pt/0 [일봉]
035720  카카오       40,200    0.0    +0.0%    0.0x     중간  4.33  2pt/0 [일봉]
030200  KT        52,500    0.0    +0.0%    0.0x     중간  2.83  2pt/0 [일봉]
003490  대한항공      27,400    0.0    +0.0%    0.0x     중간  0.42  0pt/0 [일봉]
004020  현대제철      40,250   91.8    -2.9%    0.2x     중간 12.48  3pt/0 [5분]

══════════════════════════════════════════════════
→ 전종목 HOLD
✅ Discord 전송 완료

[10:14] HOLD | KODEX RSI67/+0.0%⬆️ | 보유:없음 | 최고신호 HPSP(403870) 4pt/4pt [BB하단 / MA골 / 호가6.7★]
💰 예수금 95,923원 | KODEX200 RSI67/+0.2% 상승추세⬆️  | 매수기준 점수4pt↑

코드      종목명           가격    RSI     변화율    거래량     BB   호가비  B/S
────────────────────────────────────────────────────────────────────────
[2단계 분석 대상: 004020, 058470, 403870, 015760, 272210]
403870  HPSP      51,700   93.9    -6.3%    0.4x     하단  6.33  4pt/0 [5분]
055550  신한지주      92,300    0.0    +0.0%    0.0x     중간  2.61  2pt/0 [일봉]
015760  한국전력      39,050   75.0    -1.1%    0.3x     중간  5.72  3pt/0 [5분]
078930  GS        73,400    0.0    +0.0%    0.0x     중간  2.10  2pt/0 [일봉]
035720  카카오       40,150    0.0    +0.0%    0.0x     중간  4.91  2pt/0 [일봉]
030200  KT        52,500    0.0    +0.0%    0.0x     중간  2.68  2pt/0 [일봉]
003490  대한항공      27,350    0.0    +0.0%    0.0x     중간  0.44  0pt/0 [일봉]
004020  현대제철      40,150   91.8    -3.0%    0.2x     중간 12.79  3pt/0 [5분]

══════════════════════════════════════════════════
→ 전종목 HOLD
✅ Discord 전송 완료

[10:16] HOLD | KODEX RSI67/+0.2%⬆️ | 보유:없음 | 최고신호 HPSP(403870) 4pt/4pt [BB하단 / MA골 / 호가6.3★]
💰 예수금 95,923원 | KODEX200 RSI67/-0.1% 상승추세⬆️  | 매수기준 점수4pt↑

코드      종목명           가격    RSI     변화율    거래량     BB   호가비  B/S
────────────────────────────────────────────────────────────────────────
[2단계 분석 대상: 004020, 058470, 015760, 403870, 000270]
403870  HPSP      51,600   93.9    -6.7%    0.4x     하단  5.95  4pt/0 [5분]
055550  신한지주      92,200    0.0    +0.0%    0.0x     중간  2.04  2pt/0 [일봉]
015760  한국전력      39,000   75.0    -1.4%    0.3x     중간  6.51  3pt/0 [5분]
078930  GS        73,400    0.0    +0.0%    0.0x     중간  2.12  2pt/0 [일봉]
035720  카카오       40,150    0.0    +0.0%    0.0x     중간  4.77  2pt/0 [일봉]
030200  KT        52,500    0.0    +0.0%    0.0x     중간  2.58  2pt/0 [일봉]
003490  대한항공      27,350    0.0    +0.0%    0.0x     중간  1.19  0pt/0 [일봉]
004020  현대제철      40,150   91.8    -3.1%    0.2x     중간 11.38  3pt/0 [5분]

══════════════════════════════════════════════════
→ 전종목 HOLD
✅ Discord 전송 완료

[10:18] HOLD | KODEX RSI67/-0.1%⬆️ | 보유:없음 | 최고신호 HPSP(403870) 4pt/4pt [BB하단 / MA골 / 호가6.0★]
💰 예수금 95,923원 | KODEX200 RSI67/-0.1% 상승추세⬆️  | 매수기준 점수4pt↑

코드      종목명           가격    RSI     변화율    거래량     BB   호가비  B/S
────────────────────────────────────────────────────────────────────────
[2단계 분석 대상: 004020, 058470, 403870, 035720, 272210]
403870  HPSP      51,400   94.0    -7.1%    0.4x     하단  7.23  4pt/0 [5분]
055550  신한지주      92,200    0.0    +0.0%    0.0x     중간  2.78  2pt/0 [일봉]
015760  한국전력      38,950    0.0    +0.0%    0.0x     중간  3.54  2pt/0 [일봉]
078930  GS        73,500    0.0    +0.0%    0.0x     중간  1.54  2pt/0 [일봉]
035720  카카오       40,050   69.4    -1.2%    0.4x     하단  7.02  4pt/0 [5분]
030200  KT        52,500    0.0    +0.0%    0.0x     중간  2.73  2pt/0 [일봉]
003490  대한항공      27,250    0.0    +0.0%    0.0x     중간  1.48  1pt/0 [일봉]
004020  현대제철      40,100   92.2    -3.3%    0.2x     중간 12.25  3pt/0 [5분]

══════════════════════════════════════════════════
→ 전종목 HOLD
✅ Discord 전송 완료

[10:20] HOLD | KODEX RSI67/-0.1%⬆️ | 보유:없음 | 최고신호 HPSP(403870) 4pt/4pt [BB하단 / MA골 / 호가7.2★]
💰 예수금 95,923원 | KODEX200 RSI66/-0.3% 상승추세⬆️  | 매수기준 점수4pt↑

코드      종목명           가격    RSI     변화율    거래량     BB   호가비  B/S
────────────────────────────────────────────────────────────────────────
[2단계 분석 대상: 403870, 058470, 004020, 000270, 000660]
403870  HPSP      51,300   94.0    -7.1%    0.4x     하단 11.03  4pt/0 [5분]
055550  신한지주      92,000    0.0    +0.0%    0.0x     중간  4.63  2pt/0 [일봉]
015760  한국전력      38,900    0.0    +0.0%    0.0x     중간  3.74  2pt/0 [일봉]
078930  GS        73,500    0.0    +0.0%    0.0x     중간  1.54  2pt/0 [일봉]
035720  카카오       40,050    0.0    +0.0%    0.0x     중간  4.46  2pt/0 [일봉]
030200  KT        52,400    0.0    +0.0%    0.0x     중간  2.39  2pt/0 [일봉]
003490  대한항공      27,250    0.0    +0.0%    0.0x     중간  1.47  1pt/0 [일봉]
004020  현대제철      40,150   92.2    -3.3%    0.2x     중간  7.69  3pt/0 [5분]

══════════════════════════════════════════════════
→ 전종목 HOLD
✅ Discord 전송 완료

[10:22] HOLD | KODEX RSI66/-0.3%⬆️ | 보유:없음 | 최고신호 HPSP(403870) 4pt/4pt [BB하단 / MA골 / 호가11.0★]
💰 예수금 95,923원 | KODEX200 RSI67/+0.1% 상승추세⬆️  | 매수기준 점수4pt↑

코드      종목명           가격    RSI     변화율    거래량     BB   호가비  B/S
────────────────────────────────────────────────────────────────────────
[2단계 분석 대상: 058470, 004020, 403870, 042660, 086790]
403870  HPSP      51,400   92.4    -7.1%    0.4x     하단  6.40  4pt/0 [5분]
055550  신한지주      92,100    0.0    +0.0%    0.0x     중간  3.76  2pt/0 [일봉]
015760  한국전력      38,900    0.0    +0.0%    0.0x     중간  3.52  2pt/0 [일봉]
078930  GS        73,500    0.0    +0.0%    0.0x     중간  1.52  2pt/0 [일봉]
035720  카카오       40,100    0.0    +0.0%    0.0x     중간  4.89  2pt/0 [일봉]
030200  KT        52,400    0.0    +0.0%    0.0x     중간  2.38  2pt/0 [일봉]
003490  대한항공      27,250    0.0    +0.0%    0.0x     중간  1.34  1pt/0 [일봉]
004020  현대제철      40,050   92.5    -3.4%    0.2x     중간  7.39  3pt/0 [5분]

══════════════════════════════════════════════════
→ 전종목 HOLD
✅ Discord 전송 완료

[10:24] HOLD | KODEX RSI67/+0.1%⬆️ | 보유:없음 | 최고신호 HPSP(403870) 4pt/4pt [BB하단 / MA골 / 호가6.4★]
💰 예수금 95,923원 | KODEX200 RSI66/-0.3% 상승추세⬆️  | 매수기준 점수4pt↑

코드      종목명           가격    RSI     변화율    거래량     BB   호가비  B/S
────────────────────────────────────────────────────────────────────────
[2단계 분석 대상: 058470, 403870, 000660, 042660, 035720]
403870  HPSP      51,300   92.4    -7.2%    0.4x     하단  7.04  4pt/0 [5분]
055550  신한지주      92,200    0.0    +0.0%    0.0x     중간  3.28  2pt/0 [일봉]
015760  한국전력      38,900    0.0    +0.0%    0.0x     중간  3.25  2pt/0 [일봉]
078930  GS        73,500    0.0    +0.0%    0.0x     중간  1.42  1pt/0 [일봉]
035720  카카오       40,050   73.5    -1.2%    0.4x     하단  5.20  4pt/0 [5분]
030200  KT        52,400    0.0    +0.0%    0.0x     중간  2.38  2pt/0 [일봉]
003490  대한항공      27,200    0.0    +0.0%    0.0x     중간  0.73  0pt/0 [일봉]
004020  현대제철      39,950    0.0    +0.0%    0.0x     중간  5.11  2pt/0 [일봉]

══════════════════════════════════════════════════
→ 전종목 HOLD
✅ Discord 전송 완료

[10:26] HOLD | KODEX RSI66/-0.3%⬆️ | 보유:없음 | 최고신호 HPSP(403870) 4pt/4pt [BB하단 / MA골 / 호가7.0★]
💰 예수금 95,923원 | KODEX200 RSI66/-0.5% 상승추세⬆️  | 매수기준 점수4pt↑

코드      종목명           가격    RSI     변화율    거래량     BB   호가비  B/S
────────────────────────────────────────────────────────────────────────
[2단계 분석 대상: 042660, 004020, 058470, 403870, 035720]
403870  HPSP      51,200   92.4    -7.4%    0.4x     하단  8.01  4pt/0 [5분]
055550  신한지주      92,300    0.0    +0.0%    0.0x     중간  2.49  2pt/0 [일봉]
015760  한국전력      38,850    0.0    +0.0%    0.0x     중간  3.39  2pt/0 [일봉]
078930  GS        73,300    0.0    +0.0%    0.0x     중간  2.13  2pt/0 [일봉]
035720  카카오       40,000   73.5    -1.4%    0.4x     하단  7.30  4pt/0 [5분]
030200  KT        52,400    0.0    +0.0%    0.0x     중간  2.29  2pt/0 [일봉]
003490  대한항공      27,150    0.0    +0.0%    0.0x     중간  0.98  0pt/0 [일봉]
004020  현대제철      39,900   92.5    -3.5%    0.2x     중간 10.29  3pt/0 [5분]

══════════════════════════════════════════════════
→ 전종목 HOLD
✅ Discord 전송 완료

[10:28] HOLD | KODEX RSI66/-0.5%⬆️ | 보유:없음 | 최고신호 HPSP(403870) 4pt/4pt [BB하단 / MA골 / 호가8.0★]
💰 예수금 95,923원 | KODEX200 RSI66/-0.5% 상승추세⬆️  | 매수기준 점수4pt↑

코드      종목명           가격    RSI     변화율    거래량     BB   호가비  B/S
────────────────────────────────────────────────────────────────────────
[2단계 분석 대상: 058470, 042660, 105560, 004020, 403870]
403870  HPSP      51,200   94.4    -7.4%    0.4x     하단  6.93  4pt/0 [5분]
055550  신한지주      92,400    0.0    +0.0%    0.0x     중간  2.69  2pt/0 [일봉]
015760  한국전력      38,800    0.0    +0.0%    0.0x     중간  3.87  2pt/0 [일봉]
078930  GS        73,400    0.0    +0.0%    0.0x     중간  2.28  2pt/0 [일봉]
035720  카카오       40,050    0.0    +0.0%    0.0x     중간  5.35  2pt/0 [일봉]
030200  KT        52,500    0.0    +0.0%    0.0x     중간  2.48  2pt/0 [일봉]
003490  대한항공      27,150    0.0    +0.0%    0.0x     중간  1.02  0pt/0 [일봉]
004020  현대제철      39,950   92.7    -3.6%    0.2x     중간  7.34  3pt/0 [5분]

══════════════════════════════════════════════════
→ 전종목 HOLD
✅ Discord 전송 완료

[10:30] HOLD | KODEX RSI66/-0.5%⬆️ | 보유:없음 | 최고신호 HPSP(403870) 4pt/4pt [BB하단 / MA골 / 호가6.9★]
💰 예수금 95,923원 | KODEX200 RSI66/-0.5% 상승추세⬆️  | 매수기준 점수4pt↑

코드      종목명           가격    RSI     변화율    거래량     BB   호가비  B/S
────────────────────────────────────────────────────────────────────────
[2단계 분석 대상: 042660, 004020, 058470, 403870, 079550]
403870  HPSP      51,200   94.4    -7.2%    0.4x     하단  7.40  4pt/0 [5분]
055550  신한지주      92,300    0.0    +0.0%    0.0x     중간  3.29  2pt/0 [일봉]
015760  한국전력      38,800    0.0    +0.0%    0.0x     중간  3.17  2pt/0 [일봉]
078930  GS        73,500    0.0    +0.0%    0.0x     중간  1.34  1pt/0 [일봉]
035720  카카오       40,050    0.0    +0.0%    0.0x     중간  5.57  2pt/0 [일봉]
030200  KT        52,400    0.0    +0.0%    0.0x     중간  2.18  2pt/0 [일봉]
003490  대한항공      27,150    0.0    +0.0%    0.0x     중간  0.96  0pt/0 [일봉]
004020  현대제철      39,900   92.7    -3.6%    0.2x     중간 11.91  3pt/0 [5분]

══════════════════════════════════════════════════
→ 전종목 HOLD
✅ Discord 전송 완료

[10:32] HOLD | KODEX RSI66/-0.5%⬆️ | 보유:없음 | 최고신호 HPSP(403870) 4pt/4pt [BB하단 / MA골 / 호가7.4★]
💰 예수금 95,923원 | KODEX200 RSI65/-0.7% 상승추세⬆️  | 매수기준 점수4pt↑

코드      종목명           가격    RSI     변화율    거래량     BB   호가비  B/S
────────────────────────────────────────────────────────────────────────
[2단계 분석 대상: 000660, 042660, 058470, 096770, 079550]
403870  HPSP      51,100    0.0    +0.0%    0.0x     중간  6.60  2pt/0 [일봉]
055550  신한지주      92,400    0.0    +0.0%    0.0x     중간  2.60  2pt/0 [일봉]
015760  한국전력      38,800    0.0    +0.0%    0.0x     중간  4.34  2pt/0 [일봉]
078930  GS        73,500    0.0    +0.0%    0.0x     중간  1.47  1pt/0 [일봉]
035720  카카오       40,000    0.0    +0.0%    0.0x     중간  7.52  2pt/0 [일봉]
030200  KT        52,400    0.0    +0.0%    0.0x     중간  2.13  2pt/0 [일봉]
003490  대한항공      27,100    0.0    +0.0%    0.0x     중간  1.17  0pt/0 [일봉]
004020  현대제철      39,900    0.0    +0.0%    0.0x     중간  7.35  2pt/0 [일봉]

══════════════════════════════════════════════════
→ 전종목 HOLD
✅ Discord 전송 완료

[10:34] HOLD | KODEX RSI65/-0.7%⬆️ | 보유:없음 | 최고신호 HPSP(403870) 2pt/4pt [호가6.6★]
💰 예수금 95,923원 | KODEX200 RSI66/-0.7% 상승추세⬆️  | 매수기준 점수4pt↑

코드      종목명           가격    RSI     변화율    거래량     BB   호가비  B/S
────────────────────────────────────────────────────────────────────────
[2단계 분석 대상: 004020, 058470, 403870, 000660, 079550]
403870  HPSP      51,000   94.4    -7.6%    0.4x     하단  7.12  4pt/0 [5분]
055550  신한지주      92,400    0.0    +0.0%    0.0x     중간  2.63  2pt/0 [일봉]
015760  한국전력      38,800    0.0    +0.0%    0.0x     중간  3.61  2pt/0 [일봉]
078930  GS        73,600    0.0    +0.0%    0.0x     중간  1.30  1pt/0 [일봉]
035720  카카오       40,000    0.0    +0.0%    0.0x     중간  6.13  2pt/0 [일봉]
030200  KT        52,400    0.0    +0.0%    0.0x     중간  2.10  2pt/0 [일봉]
003490  대한항공      27,150    0.0    +0.0%    0.0x     중간  0.92  0pt/0 [일봉]
004020  현대제철      39,950   91.1    -3.6%    0.2x     중간 10.87  3pt/0 [5분]

══════════════════════════════════════════════════
→ 전종목 HOLD
✅ Discord 전송 완료

[10:36] HOLD | KODEX RSI66/-0.7%⬆️ | 보유:없음 | 최고신호 HPSP(403870) 4pt/4pt [BB하단 / MA골 / 호가7.1★]
💰 예수금 95,923원 | KODEX200 RSI66/-0.6% 상승추세⬆️  | 매수기준 점수4pt↑

코드      종목명           가격    RSI     변화율    거래량     BB   호가비  B/S
────────────────────────────────────────────────────────────────────────
[2단계 분석 대상: 058470, 004020, 079550, 403870, 000270]
403870  HPSP      50,900   94.4    -7.8%    0.4x     하단  7.36  4pt/0 [5분]
055550  신한지주      92,600    0.0    +0.0%    0.0x     중간  1.22  1pt/0 [일봉]
015760  한국전력      38,800    0.0    +0.0%    0.0x     중간  3.96  2pt/0 [일봉]
078930  GS        73,600    0.0    +0.0%    0.0x     중간  1.30  1pt/0 [일봉]
035720  카카오       40,000    0.0    +0.0%    0.0x     중간  5.66  2pt/0 [일봉]
030200  KT        52,400    0.0    +0.0%    0.0x     중간  2.04  2pt/0 [일봉]
003490  대한항공      27,150    0.0    +0.0%    0.0x     중간  1.02  0pt/0 [일봉]
004020  현대제철      39,950   91.1    -3.6%    0.2x     중간 11.03  3pt/0 [5분]

══════════════════════════════════════════════════
→ 전종목 HOLD
✅ Discord 전송 완료

[10:38] HOLD | KODEX RSI66/-0.6%⬆️ | 보유:없음 | 최고신호 HPSP(403870) 4pt/4pt [BB하단 / MA골 / 호가7.4★]
💰 예수금 95,923원 | KODEX200 RSI65/-0.8% 상승추세⬆️  | 매수기준 점수4pt↑

코드      종목명           가격    RSI     변화율    거래량     BB   호가비  B/S
────────────────────────────────────────────────────────────────────────
[2단계 분석 대상: 058470, 105560, 079550, 000660, 004020]
403870  HPSP      51,100    0.0    +0.0%    0.0x     중간  4.19  2pt/0 [일봉]
055550  신한지주      92,500    0.0    +0.0%    0.0x     중간  1.85  2pt/0 [일봉]
015760  한국전력      38,800    0.0    +0.0%    0.0x     중간  4.00  2pt/0 [일봉]
078930  GS        73,400    0.0    +0.0%    0.0x     중간  2.20  2pt/0 [일봉]
035720  카카오       40,000    0.0    +0.0%    0.0x     중간  5.32  2pt/0 [일봉]
030200  KT        52,400    0.0    +0.0%    0.0x     중간  2.43  2pt/0 [일봉]
003490  대한항공      27,150    0.0    +0.0%    0.0x     중간  1.19  0pt/0 [일봉]
004020  현대제철      39,900   91.2    -3.7%    0.2x     중간  6.07  3pt/0 [5분]

══════════════════════════════════════════════════
→ 전종목 HOLD
✅ Discord 전송 완료

[10:40] HOLD | KODEX RSI65/-0.8%⬆️ | 보유:없음 | 최고신호 현대제철(004020) 3pt/4pt [MA골 / 호가6.1★]
💰 예수금 95,923원 | KODEX200 RSI65/-0.9% 상승추세⬆️  | 매수기준 점수4pt↑

코드      종목명           가격    RSI     변화율    거래량     BB   호가비  B/S
────────────────────────────────────────────────────────────────────────
[2단계 분석 대상: 000660, 004020, 105560, 035720, 079550]
403870  HPSP      51,100    0.0    +0.0%    0.0x     중간  4.26  2pt/0 [일봉]
055550  신한지주      92,700    0.0    +0.0%    0.0x     중간  0.75  0pt/0 [일봉]
015760  한국전력      38,800    0.0    +0.0%    0.0x     중간  4.74  2pt/0 [일봉]
078930  GS        73,700    0.0    +0.0%    0.0x     중간  1.14  0pt/0 [일봉]
035720  카카오       40,000   72.2    -1.4%    0.5x     하단  5.32  4pt/0 [5분]
030200  KT        52,500    0.0    +0.0%    0.0x     중간  2.53  2pt/0 [일봉]
003490  대한항공      27,200    0.0    +0.0%    0.0x     중간  0.81  0pt/0 [일봉]
004020  현대제철      39,950   91.2    -3.6%    0.2x     중간  8.15  3pt/0 [5분]

══════════════════════════════════════════════════
→ 전종목 HOLD
✅ Discord 전송 완료

[10:42] HOLD | KODEX RSI65/-0.9%⬆️ | 보유:없음 | 최고신호 카카오(035720) 4pt/4pt [BB하단 / MA골 / 호가5.3★]
💰 예수금 95,923원 | KODEX200 RSI65/-0.8% 상승추세⬆️  | 매수기준 점수4pt↑

코드      종목명           가격    RSI     변화율    거래량     BB   호가비  B/S
────────────────────────────────────────────────────────────────────────
[2단계 분석 대상: 004020, 079550, 058470, 035720, 000270]
403870  HPSP      51,200    0.0    +0.0%    0.0x     중간  3.68  2pt/0 [일봉]
055550  신한지주      92,800    0.0    +0.0%    0.0x     중간  0.49  0pt/0 [일봉]
015760  한국전력      38,800    0.0    +0.0%    0.0x     중간  4.12  2pt/0 [일봉]
078930  GS        73,700    0.0    +0.0%    0.0x     중간  1.13  0pt/0 [일봉]
035720  카카오       39,950   57.1    -1.5%    0.5x     하단  5.51  6pt/0 [5분]
030200  KT        52,500    0.0    +0.0%    0.0x     중간  2.37  2pt/0 [일봉]
003490  대한항공      27,150    0.0    +0.0%    0.0x     중간  1.15  0pt/0 [일봉]
004020  현대제철      40,000   87.2    -3.6%    0.2x     중간  9.02  3pt/0 [5분]

══════════════════════════════════════════════════
→ 전종목 HOLD
✅ Discord 전송 완료

[10:44] HOLD | KODEX RSI65/-0.8%⬆️ | 보유:없음 | 최고신호 카카오(035720) 6pt/4pt [RSI57★ / BB하단 / MA골 / 호가5.5★]
💰 예수금 95,923원 | KODEX200 RSI65/-1.1% 상승추세⬆️  | 매수기준 점수4pt↑

코드      종목명           가격    RSI     변화율    거래량     BB   호가비  B/S
────────────────────────────────────────────────────────────────────────
[2단계 분석 대상: 105560, 058470, 005930, 000660, 004020]
403870  HPSP      50,800    0.0    +0.0%    0.0x     중간  3.97  2pt/0 [일봉]
055550  신한지주      92,700    0.0    +0.0%    0.0x     중간  0.72  0pt/0 [일봉]
015760  한국전력      38,700    0.0    +0.0%    0.0x     중간  3.36  2pt/0 [일봉]
078930  GS        73,500    0.0    +0.0%    0.0x     중간  1.47  1pt/0 [일봉]
035720  카카오       39,900    0.0    +0.0%    0.0x     중간  4.92  2pt/0 [일봉]
030200  KT        52,400    0.0    +0.0%    0.0x     중간  2.06  2pt/0 [일봉]
003490  대한항공      27,150    0.0    +0.0%    0.0x     중간  1.15  0pt/0 [일봉]
004020  현대제철      39,900   87.2    -3.6%    0.2x     중간  5.56  3pt/0 [5분]

══════════════════════════════════════════════════
📉 KODEX200 MA데드+RSI65 하락추세 — 신규 매수 중단
→ 전종목 HOLD
✅ Discord 전송 완료

[10:46] HOLD | KODEX RSI65/-1.1%⬆️ | 보유:없음 | 최고신호 현대제철(004020) 3pt/4pt [MA골 / 호가5.6★]
💰 예수금 95,923원 | KODEX200 RSI65/-1.1% 상승추세⬆️  | 매수기준 점수4pt↑

코드      종목명           가격    RSI     변화율    거래량     BB   호가비  B/S
────────────────────────────────────────────────────────────────────────
[2단계 분석 대상: 042660, 105560, 004020, 012450, 005930]
403870  HPSP      50,700    0.0    +0.0%    0.0x     중간  5.21  2pt/0 [일봉]
055550  신한지주      92,700    0.0    +0.0%    0.0x     중간  0.78  0pt/0 [일봉]
015760  한국전력      38,700    0.0    +0.0%    0.0x     중간  3.34  2pt/0 [일봉]
078930  GS        73,600    0.0    +0.0%    0.0x     중간  1.15  0pt/0 [일봉]
035720  카카오       39,850    0.0    +0.0%    0.0x     중간  5.45  2pt/0 [일봉]
030200  KT        52,400    0.0    +0.0%    0.0x     중간  1.97  2pt/0 [일봉]
003490  대한항공      27,150    0.0    +0.0%    0.0x     중간  1.10  0pt/0 [일봉]
004020  현대제철      39,900   87.2    -3.7%    0.2x     중간  9.53  3pt/0 [5분]

══════════════════════════════════════════════════
📉 KODEX200 MA데드+RSI65 하락추세 — 신규 매수 중단
→ 전종목 HOLD
✅ Discord 전송 완료

[10:48] HOLD | KODEX RSI65/-1.1%⬆️ | 보유:없음 | 최고신호 현대제철(004020) 3pt/4pt [MA골 / 호가9.5★]
💰 예수금 95,923원 | KODEX200 RSI65/-0.9% 상승추세⬆️  | 매수기준 점수4pt↑

코드      종목명           가격    RSI     변화율    거래량     BB   호가비  B/S
────────────────────────────────────────────────────────────────────────
[2단계 분석 대상: 079550, 004020, 329180, 058470, 403870]
403870  HPSP      51,000   65.3    -7.6%    0.5x     하단  5.72  4pt/0 [5분]
055550  신한지주      93,000    0.0    +0.0%    0.0x     중간  0.93  0pt/0 [일봉]
015760  한국전력      38,650    0.0    +0.0%    0.0x     중간  4.52  2pt/0 [일봉]
078930  GS        73,600    0.0    +0.0%    0.0x     중간  1.21  1pt/0 [일봉]
035720  카카오       39,900    0.0    +0.0%    0.0x     중간  5.43  2pt/0 [일봉]
030200  KT        52,400    0.0    +0.0%    0.0x     중간  1.94  2pt/0 [일봉]
003490  대한항공      27,150    0.0    +0.0%    0.0x     중간  1.08  0pt/0 [일봉]
004020  현대제철      39,950   69.8    -3.7%    0.2x     중간  9.18  3pt/0 [5분]

══════════════════════════════════════════════════
→ 전종목 HOLD
✅ Discord 전송 완료

[10:50] HOLD | KODEX RSI65/-0.9%⬆️ | 보유:없음 | 최고신호 HPSP(403870) 4pt/4pt [BB하단 / MA골 / 호가5.7★]
💰 예수금 95,923원 | KODEX200 RSI65/-0.9% 상승추세⬆️  | 매수기준 점수4pt↑

코드      종목명           가격    RSI     변화율    거래량     BB   호가비  B/S
────────────────────────────────────────────────────────────────────────
[2단계 분석 대상: 042660, 012450, 042700, 004020, 079550]
403870  HPSP      51,000    0.0    +0.0%    0.0x     중간  5.72  2pt/0 [일봉]
055550  신한지주      92,700    0.0    +0.0%    0.0x     중간  0.74  0pt/0 [일봉]
015760  한국전력      38,650    0.0    +0.0%    0.0x     중간  3.37  2pt/0 [일봉]
078930  GS        73,600    0.0    +0.0%    0.0x     중간  1.22  1pt/0 [일봉]
035720  카카오       39,900    0.0    +0.0%    0.0x     중간  5.18  2pt/0 [일봉]
030200  KT        52,400    0.0    +0.0%    0.0x     중간  1.66  2pt/0 [일봉]
003490  대한항공      27,150    0.0    +0.0%    0.0x     중간  1.03  0pt/0 [일봉]
004020  현대제철      39,900   69.8    -3.7%    0.2x     중간  8.96  3pt/0 [5분]

══════════════════════════════════════════════════
→ 전종목 HOLD
✅ Discord 전송 완료

[10:52] HOLD | KODEX RSI65/-0.9%⬆️ | 보유:없음 | 최고신호 현대제철(004020) 3pt/4pt [MA골 / 호가9.0★]
💰 예수금 95,923원 | KODEX200 RSI66/-0.6% 상승추세⬆️  | 매수기준 점수4pt↑

코드      종목명           가격    RSI     변화율    거래량     BB   호가비  B/S
────────────────────────────────────────────────────────────────────────
[2단계 분석 대상: 004020, 079550, 042700, 329180, 012450]
403870  HPSP      51,200    0.0    +0.0%    0.0x     중간  1.83  2pt/0 [일봉]
055550  신한지주      92,800    0.0    +0.0%    0.0x     중간  0.62  0pt/0 [일봉]
015760  한국전력      38,650    0.0    +0.0%    0.0x     중간  3.22  2pt/0 [일봉]
078930  GS        73,600    0.0    +0.0%    0.0x     중간  1.18  0pt/0 [일봉]
035720  카카오       39,900    0.0    +0.0%    0.0x     중간  5.42  2pt/0 [일봉]
030200  KT        52,400    0.0    +0.0%    0.0x     중간  1.71  2pt/0 [일봉]
003490  대한항공      27,150    0.0    +0.0%    0.0x     중간  1.01  0pt/0 [일봉]
004020  현대제철      40,000   73.8    -3.4%    0.2x     중간 11.40  3pt/0 [5분]

══════════════════════════════════════════════════
→ 전종목 HOLD
✅ Discord 전송 완료

[10:54] HOLD | KODEX RSI66/-0.6%⬆️ | 보유:없음 | 최고신호 현대제철(004020) 3pt/4pt [MA골 / 호가11.4★]
💰 예수금 95,923원 | KODEX200 RSI66/-0.5% 상승추세⬆️  | 매수기준 점수4pt↑

코드      종목명           가격    RSI     변화율    거래량     BB   호가비  B/S
────────────────────────────────────────────────────────────────────────
[2단계 분석 대상: 004020, 042700, 329180, 105560, 079550]
403870  HPSP      51,100    0.0    +0.0%    0.0x     중간  2.73  2pt/0 [일봉]
055550  신한지주      92,800    0.0    +0.0%    0.0x     중간  0.44  0pt/0 [일봉]
015760  한국전력      38,650    0.0    +0.0%    0.0x     중간  3.82  2pt/0 [일봉]
078930  GS        73,600    0.0    +0.0%    0.0x     중간  1.16  0pt/0 [일봉]
035720  카카오       39,950    0.0    +0.0%    0.0x     중간  4.96  2pt/0 [일봉]
030200  KT        52,400    0.0    +0.0%    0.0x     중간  1.83  2pt/0 [일봉]
003490  대한항공      27,100    0.0    +0.0%    0.0x     중간  1.30  1pt/0 [일봉]
004020  현대제철      40,000   73.8    -3.5%    0.2x     중간  9.50  3pt/0 [5분]

══════════════════════════════════════════════════
→ 전종목 HOLD
✅ Discord 전송 완료

[10:56] HOLD | KODEX RSI66/-0.5%⬆️ | 보유:없음 | 최고신호 현대제철(004020) 3pt/4pt [MA골 / 호가9.5★]
💰 예수금 95,923원 | KODEX200 RSI66/-0.2% 상승추세⬆️  | 매수기준 점수4pt↑

코드      종목명           가격    RSI     변화율    거래량     BB   호가비  B/S
────────────────────────────────────────────────────────────────────────
[2단계 분석 대상: 042700, 012450, 079550, 035720, 015760]
403870  HPSP      51,500    0.0    +0.0%    0.0x     중간  0.89  0pt/0 [일봉]
055550  신한지주      93,200    0.0    +0.0%    0.0x     중간  0.50  0pt/0 [일봉]
015760  한국전력      38,850   65.4    -1.8%    0.3x     하단  4.56  4pt/0 [5분]
078930  GS        73,600    0.0    +0.0%    0.0x     중간  1.22  1pt/0 [일봉]
035720  카카오       40,000   51.7    -1.4%    0.5x     하단  4.62  6pt/0 [5분]
030200  KT        52,400    0.0    +0.0%    0.0x     중간  1.81  2pt/0 [일봉]
003490  대한항공      27,200    0.0    +0.0%    0.0x     중간  0.74  0pt/0 [일봉]
004020  현대제철      40,250    0.0    +0.0%    0.0x     중간  1.16  0pt/0 [일봉]

══════════════════════════════════════════════════
→ 전종목 HOLD
✅ Discord 전송 완료

[10:58] HOLD | KODEX RSI66/-0.2%⬆️ | 보유:없음 | 최고신호 카카오(035720) 6pt/4pt [RSI52★ / BB하단 / MA골 / 호가4.6★]
💰 예수금 95,923원 | KODEX200 RSI67/-0.1% 상승추세⬆️  | 매수기준 점수4pt↑

코드      종목명           가격    RSI     변화율    거래량     BB   호가비  B/S
────────────────────────────────────────────────────────────────────────
[2단계 분석 대상: 015760, 042700, 079550, 035720, 272210]
403870  HPSP      51,500    0.0    +0.0%    0.0x     중간  0.93  0pt/0 [일봉]
055550  신한지주      93,400    0.0    +0.0%    0.0x     중간  0.81  0pt/0 [일봉]
015760  한국전력      38,850   62.5    -1.8%    0.3x     하단  9.84  5pt/0 [5분]
078930  GS        73,800    0.0    +0.0%    0.0x     중간  0.85  0pt/0 [일봉]
035720  카카오       40,000   56.2    -1.4%    0.5x     하단  4.68  6pt/0 [5분]
030200  KT        52,500    0.0    +0.0%    0.0x     중간  2.63  2pt/0 [일봉]
003490  대한항공      27,450    0.0    +0.0%    0.0x     중간  0.26  0pt/0 [일봉]
004020  현대제철      40,300    0.0    +0.0%    0.0x     중간  1.45  1pt/0 [일봉]

══════════════════════════════════════════════════
→ 전종목 HOLD
✅ Discord 전송 완료

[11:00] HOLD | KODEX RSI67/-0.1%⬆️ | 보유:없음 | 최고신호 카카오(035720) 6pt/4pt [RSI56★ / BB하단 / MA골 / 호가4.7★]
💰 예수금 95,923원 | KODEX200 RSI67/-0.1% 상승추세⬆️  | 매수기준 점수4pt↑

코드      종목명           가격    RSI     변화율    거래량     BB   호가비  B/S
────────────────────────────────────────────────────────────────────────
[2단계 분석 대상: 015760, 004020, 035720, 329180, 079550]
403870  HPSP      51,900    0.0    +0.0%    0.0x     중간  0.67  0pt/0 [일봉]
055550  신한지주      93,600    0.0    +0.0%    0.0x     중간  0.74  0pt/0 [일봉]
015760  한국전력      38,850   62.5    -1.8%    0.3x     하단  9.47  5pt/0 [5분]
078930  GS        73,700    0.0    +0.0%    0.0x     중간  0.69  0pt/0 [일봉]
035720  카카오       40,000   56.2    -1.4%    0.5x     하단  4.41  6pt/0 [5분]
030200  KT        52,500    0.0    +0.0%    0.0x     중간  2.41  2pt/0 [일봉]
003490  대한항공      27,500    0.0    +0.0%    0.0x     중간  0.29  0pt/0 [일봉]
004020  현대제철      40,050   68.4    -3.4%    0.2x     중간  7.84  3pt/0 [5분]

══════════════════════════════════════════════════
→ 전종목 HOLD
✅ Discord 전송 완료

[11:02] HOLD | KODEX RSI67/-0.1%⬆️ | 보유:없음 | 최고신호 카카오(035720) 6pt/4pt [RSI56★ / BB하단 / MA골 / 호가4.4★]
💰 예수금 95,923원 | KODEX200 RSI66/-0.3% 상승추세⬆️  | 매수기준 점수4pt↑

코드      종목명           가격    RSI     변화율    거래량     BB   호가비  B/S
────────────────────────────────────────────────────────────────────────
[2단계 분석 대상: 004020, 015760, 329180, 079550, 035720]
403870  HPSP      51,700    0.0    +0.0%    0.0x     중간  0.83  0pt/0 [일봉]
055550  신한지주      93,400    0.0    +0.0%    0.0x     중간  0.62  0pt/0 [일봉]
015760  한국전력      38,800   68.2    -1.8%    0.3x     하단  9.10  5pt/0 [5분]
078930  GS        73,700    0.0    +0.0%    0.0x     중간  0.76  0pt/0 [일봉]
035720  카카오       40,000   63.3    -1.2%    0.5x     하단  4.53  5pt/0 [5분]
030200  KT        52,400    0.0    +0.0%    0.0x     중간  2.19  2pt/0 [일봉]
003490  대한항공      27,350    0.0    +0.0%    0.0x     중간  0.38  0pt/0 [일봉]
004020  현대제철      40,000   71.1    -3.4%    0.2x     중간 11.50  4pt/0 [5분]

══════════════════════════════════════════════════
→ 전종목 HOLD
✅ Discord 전송 완료

[11:04] HOLD | KODEX RSI66/-0.3%⬆️ | 보유:없음 | 최고신호 한국전력(015760) 5pt/4pt [BB하단 / MA골 / 호가9.1★ / 거래량증가]
💰 예수금 95,923원 | KODEX200 RSI66/-0.2% 상승추세⬆️  | 매수기준 점수4pt↑

코드      종목명           가격    RSI     변화율    거래량     BB   호가비  B/S
────────────────────────────────────────────────────────────────────────
[2단계 분석 대상: 015760, 004020, 079550, 329180, 035720]
403870  HPSP      51,700    0.0    +0.0%    0.0x     중간  0.84  0pt/0 [일봉]
055550  신한지주      93,200    0.0    +0.0%    0.0x     중간  0.86  0pt/0 [일봉]
015760  한국전력      38,800   68.2    -1.8%    0.3x     하단  9.80  5pt/0 [5분]
078930  GS        73,500    0.0    +0.0%    0.0x     중간  1.01  0pt/0 [일봉]
035720  카카오       40,000   63.3    -1.2%    0.5x     하단  4.48  5pt/0 [5분]
030200  KT        52,400    0.0    +0.0%    0.0x     중간  1.99  2pt/0 [일봉]
003490  대한항공      27,350    0.0    +0.0%    0.0x     중간  0.38  0pt/0 [일봉]
004020  현대제철      39,900   71.1    -3.6%    0.2x     중간  8.68  4pt/0 [5분]

══════════════════════════════════════════════════
→ 전종목 HOLD
✅ Discord 전송 완료

[11:06] HOLD | KODEX RSI66/-0.2%⬆️ | 보유:없음 | 최고신호 한국전력(015760) 5pt/4pt [BB하단 / MA골 / 호가9.8★ / 거래량증가]
💰 예수금 95,923원 | KODEX200 RSI66/-0.6% 상승추세⬆️  | 매수기준 점수4pt↑

코드      종목명           가격    RSI     변화율    거래량     BB   호가비  B/S
────────────────────────────────────────────────────────────────────────
[2단계 분석 대상: 042660, 004020, 079550, 096770, 329180]
403870  HPSP      51,300    0.0    +0.0%    0.0x     중간  2.96  2pt/0 [일봉]
055550  신한지주      93,300    0.0    +0.0%    0.0x     중간  0.61  0pt/0 [일봉]
015760  한국전력      38,700    0.0    +0.0%    0.0x     중간  3.91  2pt/0 [일봉]
078930  GS        73,300    0.0    +0.0%    0.0x     중간  1.32  1pt/0 [일봉]
035720  카카오       39,900    0.0    +0.0%    0.0x     중간  5.48  2pt/0 [일봉]
030200  KT        52,400    0.0    +0.0%    0.0x     중간  2.54  2pt/0 [일봉]
003490  대한항공      27,250    0.0    +0.0%    0.0x     중간  0.69  0pt/0 [일봉]
004020  현대제철      39,800   71.1    -4.0%    0.2x     중간  9.26  4pt/0 [5분]

══════════════════════════════════════════════════
→ 전종목 HOLD
✅ Discord 전송 완료

[11:08] HOLD | KODEX RSI66/-0.6%⬆️ | 보유:없음 | 최고신호 현대제철(004020) 4pt/4pt [MA골 / 호가9.3★ / 거래량증가]
💰 예수금 95,923원 | KODEX200 RSI65/-0.7% 상승추세⬆️  | 매수기준 점수4pt↑

코드      종목명           가격    RSI     변화율    거래량     BB   호가비  B/S
────────────────────────────────────────────────────────────────────────
[2단계 분석 대상: 042660, 096770, 004020, 079550, 329180]
403870  HPSP      51,200    0.0    +0.0%    0.0x     중간  4.49  2pt/0 [일봉]
055550  신한지주      93,200    0.0    +0.0%    0.0x     중간  1.44  1pt/0 [일봉]
015760  한국전력      38,600    0.0    +0.0%    0.0x     중간  5.01  2pt/0 [일봉]
078930  GS        73,200    0.0    +0.0%    0.0x     중간  1.47  1pt/0 [일봉]
035720  카카오       39,850    0.0    +0.0%    0.0x     중간  5.45  2pt/0 [일봉]
030200  KT        52,400    0.0    +0.0%    0.0x     중간  2.12  2pt/0 [일봉]
003490  대한항공      27,250    0.0    +0.0%    0.0x     중간  0.69  0pt/0 [일봉]
004020  현대제철      39,650   73.7    -4.2%    0.2x     중간 13.18  3pt/0 [5분]

══════════════════════════════════════════════════
→ 전종목 HOLD
✅ Discord 전송 완료

[11:10] HOLD | KODEX RSI65/-0.7%⬆️ | 보유:없음 | 최고신호 현대제철(004020) 3pt/4pt [MA골 / 호가13.2★]
💰 예수금 95,923원 | KODEX200 RSI65/-0.7% 상승추세⬆️  | 매수기준 점수4pt↑

코드      종목명           가격    RSI     변화율    거래량     BB   호가비  B/S
────────────────────────────────────────────────────────────────────────
[2단계 분석 대상: 096770, 000720, 079550, 042660, 015760]
403870  HPSP      51,200    0.0    +0.0%    0.0x     중간  4.29  2pt/0 [일봉]
055550  신한지주      93,200    0.0    +0.0%    0.0x     중간  0.77  0pt/0 [일봉]
015760  한국전력      38,650   71.4    -2.1%    0.3x     하단  6.64  4pt/0 [5분]
078930  GS        73,300    0.0    +0.0%    0.0x     중간  1.09  0pt/0 [일봉]
035720  카카오       39,850    0.0    +0.0%    0.0x     중간  5.49  2pt/0 [일봉]
030200  KT        52,400    0.0    +0.0%    0.0x     중간  1.98  2pt/0 [일봉]
003490  대한항공      27,300    0.0    +0.0%    0.0x     중간  0.48  0pt/0 [일봉]
004020  현대제철      39,600    0.0    +0.0%    0.0x     중간  1.56  2pt/0 [일봉]

══════════════════════════════════════════════════
→ 전종목 HOLD
✅ Discord 전송 완료

[11:12] HOLD | KODEX RSI65/-0.7%⬆️ | 보유:없음 | 최고신호 한국전력(015760) 4pt/4pt [BB하단 / MA골 / 호가6.6★]
💰 예수금 95,923원 | KODEX200 RSI65/-0.7% 상승추세⬆️  | 매수기준 점수4pt↑

코드      종목명           가격    RSI     변화율    거래량     BB   호가비  B/S
────────────────────────────────────────────────────────────────────────
[2단계 분석 대상: 000270, 042660, 000720, 012450, 079550]
403870  HPSP      51,400    0.0    +0.0%    0.0x     중간  2.15  2pt/0 [일봉]
055550  신한지주      93,200    0.0    +0.0%    0.0x     중간  0.80  0pt/0 [일봉]
015760  한국전력      38,600    0.0    +0.0%    0.0x     중간  5.42  2pt/0 [일봉]
078930  GS        73,400    0.0    +0.0%    0.0x     중간  1.25  1pt/0 [일봉]
035720  카카오       39,850    0.0    +0.0%    0.0x     중간  6.94  2pt/0 [일봉]
030200  KT        52,400    0.0    +0.0%    0.0x     중간  1.93  2pt/0 [일봉]
003490  대한항공      27,250    0.0    +0.0%    0.0x     중간  0.69  0pt/0 [일봉]
004020  현대제철      39,500    0.0    +0.0%    0.0x     중간  4.65  2pt/0 [일봉]

══════════════════════════════════════════════════
→ 전종목 HOLD
✅ Discord 전송 완료

[11:14] HOLD | KODEX RSI65/-0.7%⬆️ | 보유:없음 | 최고신호 HPSP(403870) 2pt/4pt [호가2.1★]
💰 예수금 95,923원 | KODEX200 RSI65/-0.9% 상승추세⬆️  | 매수기준 점수4pt↑

코드      종목명           가격    RSI     변화율    거래량     BB   호가비  B/S
────────────────────────────────────────────────────────────────────────
[2단계 분석 대상: 000270, 079550, 042660, 035720, 004020]
403870  HPSP      51,300    0.0    +0.0%    0.0x     중간  3.29  2pt/0 [일봉]
055550  신한지주      93,000    0.0    +0.0%    0.0x     중간  1.13  0pt/0 [일봉]
015760  한국전력      38,550    0.0    +0.0%    0.0x     중간  3.94  2pt/0 [일봉]
078930  GS        73,200    0.0    +0.0%    0.0x     중간  1.10  0pt/0 [일봉]
035720  카카오       39,850   66.7    -1.7%    0.5x     하단  7.58  4pt/0 [5분]
030200  KT        52,400    0.0    +0.0%    0.0x     중간  1.72  2pt/0 [일봉]
003490  대한항공      27,150    0.0    +0.0%    0.0x     중간  1.46  1pt/0 [일봉]
004020  현대제철      39,350   57.1    -5.0%    0.3x     하단  6.64  5pt/0 [5분]

══════════════════════════════════════════════════
→ 전종목 HOLD
✅ Discord 전송 완료

[11:16] HOLD | KODEX RSI65/-0.9%⬆️ | 보유:없음 | 최고신호 현대제철(004020) 5pt/4pt [RSI57★ / BB하단 / 호가6.6★]
💰 예수금 95,923원 | KODEX200 RSI65/-1.0% 상승추세⬆️  | 매수기준 점수4pt↑

코드      종목명           가격    RSI     변화율    거래량     BB   호가비  B/S
────────────────────────────────────────────────────────────────────────
[2단계 분석 대상: 004020, 079550, 012450, 096770, 042660]
403870  HPSP      51,200    0.0    +0.0%    0.0x     중간  4.94  2pt/0 [일봉]
055550  신한지주      93,000    0.0    +0.0%    0.0x     중간  1.45  1pt/0 [일봉]
015760  한국전력      38,450    0.0    +0.0%    0.0x     중간  6.34  2pt/0 [일봉]
078930  GS        73,200    0.0    +0.0%    0.0x     중간  1.09  0pt/0 [일봉]
035720  카카오       39,850    0.0    +0.0%    0.0x     중간  6.73  2pt/0 [일봉]
030200  KT        52,300    0.0    +0.0%    0.0x     중간  2.38  2pt/0 [일봉]
003490  대한항공      27,150    0.0    +0.0%    0.0x     중간  1.37  1pt/0 [일봉]
004020  현대제철      39,400   57.1    -5.0%    0.3x     하단 22.45  5pt/0 [5분]

══════════════════════════════════════════════════
📉 KODEX200 MA데드+RSI65 하락추세 — 신규 매수 중단
→ 전종목 HOLD
✅ Discord 전송 완료

[11:18] HOLD | KODEX RSI65/-1.0%⬆️ | 보유:없음 | 최고신호 현대제철(004020) 5pt/4pt [RSI57★ / BB하단 / 호가22.4★]
💰 예수금 95,923원 | KODEX200 RSI65/-1.1% 상승추세⬆️  | 매수기준 점수4pt↑

코드      종목명           가격    RSI     변화율    거래량     BB   호가비  B/S
────────────────────────────────────────────────────────────────────────
[2단계 분석 대상: 004020, 000270, 096770, 012450, 034020]
403870  HPSP      51,100    0.0    +0.0%    0.0x     중간  5.57  2pt/0 [일봉]
055550  신한지주      92,900    0.0    +0.0%    0.0x     중간  1.72  2pt/0 [일봉]
015760  한국전력      38,400    0.0    +0.0%    0.0x     중간  6.01  2pt/0 [일봉]
078930  GS        73,100    0.0    +0.0%    0.0x     중간  1.15  0pt/0 [일봉]
035720  카카오       39,800    0.0    +0.0%    0.0x     중간  7.59  2pt/0 [일봉]
030200  KT        52,200    0.0    +0.0%    0.0x     중간  2.43  2pt/0 [일봉]
003490  대한항공      27,100    0.0    +0.0%    0.0x     중간  1.67  2pt/0 [일봉]
004020  현대제철      39,400   38.9    -4.8%    0.3x     하단 22.38  4pt/0 [5분]

══════════════════════════════════════════════════
📉 KODEX200 MA데드+RSI65 하락추세 — 신규 매수 중단
→ 전종목 HOLD
✅ Discord 전송 완료

[11:20] HOLD | KODEX RSI65/-1.1%⬆️ | 보유:없음 | 최고신호 현대제철(004020) 4pt/4pt [RSI39 / BB하단 / 호가22.4★]
💰 예수금 95,923원 | KODEX200 RSI65/-1.0% 상승추세⬆️  | 매수기준 점수4pt↑

코드      종목명           가격    RSI     변화율    거래량     BB   호가비  B/S
────────────────────────────────────────────────────────────────────────
[2단계 분석 대상: 004020, 079550, 096770, 403870, 034020]
403870  HPSP      51,000   38.7    -7.2%    0.5x     하단  8.93  4pt/0 [5분]
055550  신한지주      92,900    0.0    +0.0%    0.0x     중간  1.72  2pt/0 [일봉]
015760  한국전력      38,450    0.0    +0.0%    0.0x     중간  6.89  2pt/0 [일봉]
078930  GS        72,900    0.0    +0.0%    0.0x     중간  1.53  2pt/0 [일봉]
035720  카카오       39,750    0.0    +0.0%    0.0x     중간  6.34  2pt/0 [일봉]
030200  KT        52,200    0.0    +0.0%    0.0x     중간  2.48  2pt/0 [일봉]
003490  대한항공      27,050    0.0    +0.0%    0.0x     중간  2.00  2pt/0 [일봉]
004020  현대제철      39,350   38.9    -5.1%    0.3x     하단 17.45  4pt/0 [5분]

══════════════════════════════════════════════════
📉 KODEX200 MA데드+RSI65 하락추세 — 신규 매수 중단
→ 전종목 HOLD
✅ Discord 전송 완료

[11:22] HOLD | KODEX RSI65/-1.0%⬆️ | 보유:없음 | 최고신호 HPSP(403870) 4pt/4pt [RSI39 / BB하단 / 호가8.9★]
💰 예수금 95,923원 | KODEX200 RSI65/-1.1% 상승추세⬆️  | 매수기준 점수4pt↑

코드      종목명           가격    RSI     변화율    거래량     BB   호가비  B/S
────────────────────────────────────────────────────────────────────────
[2단계 분석 대상: 096770, 004020, 079550, 015760, 034020]
403870  HPSP      51,200    0.0    +0.0%    0.0x     중간  2.61  2pt/0 [일봉]
055550  신한지주      93,000    0.0    +0.0%    0.0x     중간  1.46  1pt/0 [일봉]
015760  한국전력      38,350   69.6    -2.9%    0.4x     하단  9.06  4pt/0 [5분]
078930  GS        72,900    0.0    +0.0%    0.0x     중간  1.09  0pt/0 [일봉]
035720  카카오       39,700    0.0    +0.0%    0.0x     중간  4.67  2pt/0 [일봉]
030200  KT        52,200    0.0    +0.0%    0.0x     중간  2.21  2pt/0 [일봉]
003490  대한항공      27,050    0.0    +0.0%    0.0x     중간  1.90  2pt/0 [일봉]
004020  현대제철      39,350   35.3    -5.1%    0.3x     하단 12.88  4pt/0 [5분]

══════════════════════════════════════════════════
📉 KODEX200 MA데드+RSI65 하락추세 — 신규 매수 중단
→ 전종목 HOLD
✅ Discord 전송 완료

[11:24] HOLD | KODEX RSI65/-1.1%⬆️ | 보유:없음 | 최고신호 한국전력(015760) 4pt/4pt [BB하단 / MA골 / 호가9.1★]
💰 예수금 95,923원 | KODEX200 RSI65/-0.9% 상승추세⬆️  | 매수기준 점수4pt↑

코드      종목명           가격    RSI     변화율    거래량     BB   호가비  B/S
────────────────────────────────────────────────────────────────────────
[2단계 분석 대상: 004020, 096770, 042700, 000270, 079550]
403870  HPSP      51,300    0.0    +0.0%    0.0x     중간  2.21  2pt/0 [일봉]
055550  신한지주      93,100    0.0    +0.0%    0.0x     중간  2.02  2pt/0 [일봉]
015760  한국전력      38,350    0.0    +0.0%    0.0x     중간  5.96  2pt/0 [일봉]
078930  GS        73,000    0.0    +0.0%    0.0x     중간  1.23  1pt/0 [일봉]
035720  카카오       39,750    0.0    +0.0%    0.0x     중간  4.55  2pt/0 [일봉]
030200  KT        52,200    0.0    +0.0%    0.0x     중간  2.35  2pt/0 [일봉]
003490  대한항공      27,000    0.0    +0.0%    0.0x     중간  3.55  2pt/0 [일봉]
004020  현대제철      39,350   35.3    -5.1%    0.3x     하단 13.12  4pt/0 [5분]

══════════════════════════════════════════════════
→ 전종목 HOLD
✅ Discord 전송 완료

[11:26] HOLD | KODEX RSI65/-0.9%⬆️ | 보유:없음 | 최고신호 현대제철(004020) 4pt/4pt [RSI35 / BB하단 / 호가13.1★]
💰 예수금 95,923원 | KODEX200 RSI65/-1.1% 상승추세⬆️  | 매수기준 점수4pt↑

코드      종목명           가격    RSI     변화율    거래량     BB   호가비  B/S
────────────────────────────────────────────────────────────────────────
[2단계 분석 대상: 004020, 042700, 079550, 015760, 096770]
403870  HPSP      51,200    0.0    +0.0%    0.0x     중간  2.84  2pt/0 [일봉]
055550  신한지주      93,300    0.0    +0.0%    0.0x     중간  0.56  0pt/0 [일봉]
015760  한국전력      38,350   69.6    -2.9%    0.4x     하단  9.13  4pt/0 [5분]
078930  GS        73,000    0.0    +0.0%    0.0x     중간  1.31  1pt/0 [일봉]
035720  카카오       39,700    0.0    +0.0%    0.0x     중간  4.67  2pt/0 [일봉]
030200  KT        52,200    0.0    +0.0%    0.0x     중간  2.39  2pt/0 [일봉]
003490  대한항공      27,000    0.0    +0.0%    0.0x     중간  3.56  2pt/0 [일봉]
004020  현대제철      39,250   35.3    -5.2%    0.3x     하단 16.11  4pt/0 [5분]

══════════════════════════════════════════════════
📉 KODEX200 MA데드+RSI65 하락추세 — 신규 매수 중단
→ 전종목 HOLD
✅ Discord 전송 완료

[11:28] HOLD | KODEX RSI65/-1.1%⬆️ | 보유:없음 | 최고신호 한국전력(015760) 4pt/4pt [BB하단 / MA골 / 호가9.1★]
💰 예수금 95,923원 | KODEX200 RSI65/-1.0% 상승추세⬆️  | 매수기준 점수4pt↑

코드      종목명           가격    RSI     변화율    거래량     BB   호가비  B/S
────────────────────────────────────────────────────────────────────────
[2단계 분석 대상: 004020, 042700, 079550, 096770, 015760]
403870  HPSP      51,000    0.0    +0.0%    0.0x     중간  8.25  2pt/0 [일봉]
055550  신한지주      93,100    0.0    +0.0%    0.0x     중간  1.31  1pt/0 [일봉]
015760  한국전력      38,350   66.7    -3.0%    0.4x     하단  9.21  4pt/0 [5분]
078930  GS        73,000    0.0    +0.0%    0.0x     중간  1.41  1pt/0 [일봉]
035720  카카오       39,700    0.0    +0.0%    0.0x     중간  4.34  2pt/0 [일봉]
030200  KT        52,200    0.0    +0.0%    0.0x     중간  2.37  2pt/0 [일봉]
003490  대한항공      27,050    0.0    +0.0%    0.0x     중간  1.88  2pt/0 [일봉]
004020  현대제철      39,250   33.3    -5.3%    0.3x     하단 15.98  4pt/0 [5분]

══════════════════════════════════════════════════
⏰ 오후 세션 — 시장 상승 부족 (KODEX -1.0% < 1.5%) 매수 중단
→ 전종목 HOLD
✅ Discord 전송 완료

[11:30] HOLD | KODEX RSI65/-1.0%⬆️ | 보유:없음 | 최고신호 한국전력(015760) 4pt/4pt [BB하단 / MA골 / 호가9.2★]
💰 예수금 95,923원 | KODEX200 RSI65/-0.9% 상승추세⬆️  | 매수기준 점수4pt↑

코드      종목명           가격    RSI     변화율    거래량     BB   호가비  B/S
────────────────────────────────────────────────────────────────────────
[2단계 분석 대상: 042700, 403870, 096770, 004020, 005380]
403870  HPSP      50,900   39.4    -8.0%    0.5x     하단  9.94  5pt/0 [5분]
055550  신한지주      93,000    0.0    +0.0%    0.0x     중간  1.76  2pt/0 [일봉]
015760  한국전력      38,350    0.0    +0.0%    0.0x     중간  4.84  2pt/0 [일봉]
078930  GS        73,000    0.0    +0.0%    0.0x     중간  1.60  2pt/0 [일봉]
035720  카카오       39,700    0.0    +0.0%    0.0x     중간  4.18  2pt/0 [일봉]
030200  KT        52,200    0.0    +0.0%    0.0x     중간  2.34  2pt/0 [일봉]
003490  대한항공      27,050    0.0    +0.0%    0.0x     중간  1.85  2pt/0 [일봉]
004020  현대제철      39,200   33.3    -5.4%    0.3x     하단  5.99  4pt/0 [5분]

══════════════════════════════════════════════════
⏰ 오후 세션 — 시장 상승 부족 (KODEX -0.9% < 1.5%) 매수 중단
→ 전종목 HOLD
✅ Discord 전송 완료

[11:32] HOLD | KODEX RSI65/-0.9%⬆️ | 보유:없음 | 최고신호 HPSP(403870) 5pt/4pt [RSI39 / BB하단 / 호가9.9★ / 거래량증가]
💰 예수금 95,923원 | KODEX200 RSI65/-0.8% 상승추세⬆️  | 매수기준 점수4pt↑

코드      종목명           가격    RSI     변화율    거래량     BB   호가비  B/S
────────────────────────────────────────────────────────────────────────
[2단계 분석 대상: 042700, 403870, 096770, 015760, 010950]
403870  HPSP      51,000   45.5    -7.8%    0.5x     하단  9.57  5pt/0 [5분]
055550  신한지주      93,000    0.0    +0.0%    0.0x     중간  1.50  2pt/0 [일봉]
015760  한국전력      38,350   61.1    -2.9%    0.4x     하단  6.66  4pt/0 [5분]
078930  GS        73,000    0.0    +0.0%    0.0x     중간  1.69  2pt/0 [일봉]
035720  카카오       39,700    0.0    +0.0%    0.0x     중간  4.18  2pt/0 [일봉]
030200  KT        52,200    0.0    +0.0%    0.0x     중간  2.34  2pt/0 [일봉]
003490  대한항공      27,100    0.0    +0.0%    0.0x     중간  1.43  1pt/0 [일봉]
004020  현대제철      39,200    0.0    +0.0%    0.0x     중간  2.90  2pt/0 [일봉]

══════════════════════════════════════════════════
⏰ 오후 세션 — 시장 상승 부족 (KODEX -0.8% < 1.5%) 매수 중단
→ 전종목 HOLD
✅ Discord 전송 완료

[11:34] HOLD | KODEX RSI65/-0.8%⬆️ | 보유:없음 | 최고신호 HPSP(403870) 5pt/4pt [RSI46★ / BB하단 / 호가9.6★]
💰 예수금 95,923원 | KODEX200 RSI65/-0.8% 상승추세⬆️  | 매수기준 점수4pt↑

코드      종목명           가격    RSI     변화율    거래량     BB   호가비  B/S
────────────────────────────────────────────────────────────────────────
[2단계 분석 대상: 042700, 096770, 403870, 010950, 015760]
403870  HPSP      51,000   45.5    -8.0%    0.5x     하단  8.40  5pt/0 [5분]
055550  신한지주      93,000    0.0    +0.0%    0.0x     중간  1.33  1pt/0 [일봉]
015760  한국전력      38,350   61.1    -2.9%    0.4x     하단  6.36  4pt/0 [5분]
078930  GS        73,200    0.0    +0.0%    0.0x     중간  1.44  1pt/0 [일봉]
035720  카카오       39,650    0.0    +0.0%    0.0x     중간  3.81  2pt/0 [일봉]
030200  KT        52,200    0.0    +0.0%    0.0x     중간  2.68  2pt/0 [일봉]
003490  대한항공      27,050    0.0    +0.0%    0.0x     중간  1.76  2pt/0 [일봉]
004020  현대제철      39,200    0.0    +0.0%    0.0x     중간  3.15  2pt/0 [일봉]

══════════════════════════════════════════════════
⏰ 오후 세션 — 시장 상승 부족 (KODEX -0.8% < 1.5%) 매수 중단
→ 전종목 HOLD
✅ Discord 전송 완료

[11:36] HOLD | KODEX RSI65/-0.8%⬆️ | 보유:없음 | 최고신호 HPSP(403870) 5pt/4pt [RSI46★ / BB하단 / 호가8.4★]
💰 예수금 95,923원 | KODEX200 RSI65/-0.8% 상승추세⬆️  | 매수기준 점수4pt↑

코드      종목명           가격    RSI     변화율    거래량     BB   호가비  B/S
────────────────────────────────────────────────────────────────────────
[2단계 분석 대상: 015760, 403870, 042700, 096770, 086520]
403870  HPSP      50,900   45.5    -7.8%    0.5x     하단  9.49  5pt/0 [5분]
055550  신한지주      93,000    0.0    +0.0%    0.0x     중간  2.14  2pt/0 [일봉]
015760  한국전력      38,400   61.1    -2.9%    0.4x     하단 20.64  4pt/0 [5분]
078930  GS        73,200    0.0    +0.0%    0.0x     중간  1.48  1pt/0 [일봉]
035720  카카오       39,650    0.0    +0.0%    0.0x     중간  3.78  2pt/0 [일봉]
030200  KT        52,200    0.0    +0.0%    0.0x     중간  2.59  2pt/0 [일봉]
003490  대한항공      27,100    0.0    +0.0%    0.0x     중간  1.35  1pt/0 [일봉]
004020  현대제철      39,250    0.0    +0.0%    0.0x     중간  3.20  2pt/0 [일봉]

══════════════════════════════════════════════════
⏰ 오후 세션 — 시장 상승 부족 (KODEX -0.8% < 1.5%) 매수 중단
→ 전종목 HOLD
✅ Discord 전송 완료

[11:38] HOLD | KODEX RSI65/-0.8%⬆️ | 보유:없음 | 최고신호 HPSP(403870) 5pt/4pt [RSI46★ / BB하단 / 호가9.5★]
💰 예수금 95,923원 | KODEX200 RSI65/-0.8% 상승추세⬆️  | 매수기준 점수4pt↑

코드      종목명           가격    RSI     변화율    거래량     BB   호가비  B/S
────────────────────────────────────────────────────────────────────────
[2단계 분석 대상: 015760, 403870, 034020, 042660, 042700]
403870  HPSP      50,900   36.7    -7.8%    0.5x     하단  8.74  4pt/0 [5분]
055550  신한지주      92,900    0.0    +0.0%    0.0x     중간  1.93  2pt/0 [일봉]
015760  한국전력      38,400   53.3    -2.8%    0.4x     하단 11.85  6pt/0 [5분]
078930  GS        73,200    0.0    +0.0%    0.0x     중간  1.19  0pt/0 [일봉]
035720  카카오       39,650    0.0    +0.0%    0.0x     중간  3.85  2pt/0 [일봉]
030200  KT        52,200    0.0    +0.0%    0.0x     중간  2.68  2pt/0 [일봉]
003490  대한항공      27,100    0.0    +0.0%    0.0x     중간  1.34  1pt/0 [일봉]
004020  현대제철      39,250    0.0    +0.0%    0.0x     중간  3.22  2pt/0 [일봉]

══════════════════════════════════════════════════
⏰ 오후 세션 — 시장 상승 부족 (KODEX -0.8% < 1.5%) 매수 중단
→ 전종목 HOLD
✅ Discord 전송 완료

[11:40] HOLD | KODEX RSI65/-0.8%⬆️ | 보유:없음 | 최고신호 한국전력(015760) 6pt/4pt [RSI53★ / BB하단 / 호가11.8★ / 거래량증가]
💰 예수금 95,923원 | KODEX200 RSI65/-1.1% 상승추세⬆️  | 매수기준 점수4pt↑

코드      종목명           가격    RSI     변화율    거래량     BB   호가비  B/S
────────────────────────────────────────────────────────────────────────
[2단계 분석 대상: 015760, 042660, 403870, 034020, 042700]
403870  HPSP      50,900   36.7    -8.0%    0.5x     하단  8.31  4pt/0 [5분]
055550  신한지주      92,900    0.0    +0.0%    0.0x     중간  2.17  2pt/0 [일봉]
015760  한국전력      38,400   53.3    -2.9%    0.4x     하단 13.44  6pt/0 [5분]
078930  GS        73,200    0.0    +0.0%    0.0x     중간  1.19  0pt/0 [일봉]
035720  카카오       39,600    0.0    +0.0%    0.0x     중간  3.10  2pt/0 [일봉]
030200  KT        52,200    0.0    +0.0%    0.0x     중간  2.74  2pt/0 [일봉]
003490  대한항공      27,000    0.0    +0.0%    0.0x     중간  3.10  2pt/0 [일봉]
004020  현대제철      39,150    0.0    +0.0%    0.0x     중간  2.58  2pt/0 [일봉]

══════════════════════════════════════════════════
📉 KODEX200 MA데드+RSI65 하락추세 — 신규 매수 중단
→ 전종목 HOLD
✅ Discord 전송 완료

[11:42] HOLD | KODEX RSI65/-1.1%⬆️ | 보유:없음 | 최고신호 한국전력(015760) 6pt/4pt [RSI53★ / BB하단 / 호가13.4★ / 거래량증가]
💰 예수금 95,923원 | KODEX200 RSI65/-1.2% 상승추세⬆️  | 매수기준 점수4pt↑

코드      종목명           가격    RSI     변화율    거래량     BB   호가비  B/S
────────────────────────────────────────────────────────────────────────
[2단계 분석 대상: 015760, 105560, 042660, 000720, 403870]
403870  HPSP      50,900   36.7    -8.0%    0.5x     하단  9.25  5pt/0 [5분]
055550  신한지주      92,800    0.0    +0.0%    0.0x     중간  2.22  2pt/0 [일봉]
015760  한국전력      38,400   60.0    -2.9%    0.4x     하단 12.28  6pt/0 [5분]
078930  GS        73,100    0.0    +0.0%    0.0x     중간  1.36  1pt/0 [일봉]
035720  카카오       39,550    0.0    +0.0%    0.0x     중간  2.36  2pt/0 [일봉]
030200  KT        52,200    0.0    +0.0%    0.0x     중간  2.72  2pt/0 [일봉]
003490  대한항공      27,000    0.0    +0.0%    0.0x     중간  3.18  2pt/0 [일봉]
004020  현대제철      39,050    0.0    +0.0%    0.0x     중간  1.95  2pt/0 [일봉]

══════════════════════════════════════════════════
📉 KODEX200 MA데드+RSI65 하락추세 — 신규 매수 중단
→ 전종목 HOLD
✅ Discord 전송 완료

[11:44] HOLD | KODEX RSI65/-1.2%⬆️ | 보유:없음 | 최고신호 한국전력(015760) 6pt/4pt [RSI60★ / BB하단 / MA골 / 호가12.3★]
💰 예수금 95,923원 | KODEX200 RSI65/-1.1% 상승추세⬆️  | 매수기준 점수4pt↑

코드      종목명           가격    RSI     변화율    거래량     BB   호가비  B/S
────────────────────────────────────────────────────────────────────────
[2단계 분석 대상: 015760, 105560, 042660, 403870, 086520]
403870  HPSP      51,000   36.7    -7.6%    0.5x     하단  7.96  5pt/0 [5분]
055550  신한지주      92,900    0.0    +0.0%    0.0x     중간  1.81  2pt/0 [일봉]
015760  한국전력      38,400   60.0    -2.8%    0.4x     하단 13.75  6pt/0 [5분]
078930  GS        73,000    0.0    +0.0%    0.0x     중간  1.43  1pt/0 [일봉]
035720  카카오       39,550    0.0    +0.0%    0.0x     중간  2.27  2pt/0 [일봉]
030200  KT        52,200    0.0    +0.0%    0.0x     중간  2.63  2pt/0 [일봉]
003490  대한항공      27,000    0.0    +0.0%    0.0x     중간  2.97  2pt/0 [일봉]
004020  현대제철      39,050    0.0    +0.0%    0.0x     중간  1.37  1pt/0 [일봉]

══════════════════════════════════════════════════
📉 KODEX200 MA데드+RSI65 하락추세 — 신규 매수 중단
→ 전종목 HOLD
✅ Discord 전송 완료

[11:46] HOLD | KODEX RSI65/-1.1%⬆️ | 보유:없음 | 최고신호 한국전력(015760) 6pt/4pt [RSI60★ / BB하단 / MA골 / 호가13.8★]
💰 예수금 95,923원 | KODEX200 RSI65/-1.2% 상승추세⬆️  | 매수기준 점수4pt↑

코드      종목명           가격    RSI     변화율    거래량     BB   호가비  B/S
────────────────────────────────────────────────────────────────────────
[2단계 분석 대상: 015760, 086520, 403870, 000720, 012450]
403870  HPSP      51,000   36.7    -7.6%    0.5x     하단  8.46  5pt/0 [5분]
055550  신한지주      92,900    0.0    +0.0%    0.0x     중간  2.00  2pt/0 [일봉]
015760  한국전력      38,350   60.0    -3.0%    0.4x     하단 11.03  6pt/0 [5분]
078930  GS        72,900    0.0    +0.0%    0.0x     중간  1.45  1pt/0 [일봉]
035720  카카오       39,500    0.0    +0.0%    0.0x     중간  3.72  2pt/0 [일봉]
030200  KT        52,000    0.0    +0.0%    0.0x     중간  3.06  2pt/0 [일봉]
003490  대한항공      27,000    0.0    +0.0%    0.0x     중간  3.19  2pt/0 [일봉]
004020  현대제철      39,050    0.0    +0.0%    0.0x     중간  1.49  1pt/0 [일봉]

══════════════════════════════════════════════════
📉 KODEX200 MA데드+RSI65 하락추세 — 신규 매수 중단
→ 전종목 HOLD
✅ Discord 전송 완료

[11:48] HOLD | KODEX RSI65/-1.2%⬆️ | 보유:없음 | 최고신호 한국전력(015760) 6pt/4pt [RSI60★ / BB하단 / MA골 / 호가11.0★]
💰 예수금 95,923원 | KODEX200 RSI65/-1.0% 상승추세⬆️  | 매수기준 점수4pt↑

코드      종목명           가격    RSI     변화율    거래량     BB   호가비  B/S
────────────────────────────────────────────────────────────────────────
[2단계 분석 대상: 015760, 042700, 000270, 042660, 096770]
403870  HPSP      51,200    0.0    +0.0%    0.0x     중간  2.93  2pt/0 [일봉]
055550  신한지주      93,100    0.0    +0.0%    0.0x     중간  1.34  1pt/0 [일봉]
015760  한국전력      38,450   46.7    -2.7%    0.4x     하단 20.57  6pt/0 [5분]
078930  GS        73,100    0.0    +0.0%    0.0x     중간  1.42  1pt/0 [일봉]
035720  카카오       39,550    0.0    +0.0%    0.0x     중간  3.25  2pt/0 [일봉]
030200  KT        52,200    0.0    +0.0%    0.0x     중간  2.23  2pt/0 [일봉]
003490  대한항공      27,050    0.0    +0.0%    0.0x     중간  1.74  2pt/0 [일봉]
004020  현대제철      39,200    0.0    +0.0%    0.0x     중간  1.91  2pt/0 [일봉]

══════════════════════════════════════════════════
📉 KODEX200 MA데드+RSI65 하락추세 — 신규 매수 중단
→ 전종목 HOLD
✅ Discord 전송 완료

[11:50] HOLD | KODEX RSI65/-1.0%⬆️ | 보유:없음 | 최고신호 한국전력(015760) 6pt/4pt [RSI47★ / BB하단 / MA골 / 호가20.6★]
💰 예수금 95,923원 | KODEX200 RSI65/-1.1% 상승추세⬆️  | 매수기준 점수4pt↑

코드      종목명           가격    RSI     변화율    거래량     BB   호가비  B/S
────────────────────────────────────────────────────────────────────────
[2단계 분석 대상: 015760, 096770, 042700, 066970, 035720]
403870  HPSP      51,100    0.0    +0.0%    0.0x     중간  3.74  2pt/0 [일봉]
055550  신한지주      93,100    0.0    +0.0%    0.0x     중간  1.00  0pt/0 [일봉]
015760  한국전력      38,450   46.7    -2.7%    0.4x     하단 14.88  6pt/0 [5분]
078930  GS        73,100    0.0    +0.0%    0.0x     중간  1.32  1pt/0 [일봉]
035720  카카오       39,550   64.3    -2.5%    0.6x     하단  5.55  4pt/0 [5분]
030200  KT        52,100    0.0    +0.0%    0.0x     중간  2.02  2pt/0 [일봉]
003490  대한항공      27,050    0.0    +0.0%    0.0x     중간  1.77  2pt/0 [일봉]
004020  현대제철      39,150    0.0    +0.0%    0.0x     중간  1.91  2pt/0 [일봉]

══════════════════════════════════════════════════
📉 KODEX200 MA데드+RSI65 하락추세 — 신규 매수 중단
→ 전종목 HOLD
✅ Discord 전송 완료

[11:52] HOLD | KODEX RSI65/-1.1%⬆️ | 보유:없음 | 최고신호 한국전력(015760) 6pt/4pt [RSI47★ / BB하단 / MA골 / 호가14.9★]
💰 예수금 95,923원 | KODEX200 RSI65/-0.9% 상승추세⬆️  | 매수기준 점수4pt↑

코드      종목명           가격    RSI     변화율    거래량     BB   호가비  B/S
────────────────────────────────────────────────────────────────────────
[2단계 분석 대상: 015760, 042700, 096770, 086520, 042660]
403870  HPSP      51,300    0.0    +0.0%    0.0x     중간  3.25  2pt/0 [일봉]
055550  신한지주      93,200    0.0    +0.0%    0.0x     중간  1.38  1pt/0 [일봉]
015760  한국전력      38,450   56.2    -2.7%    0.4x     하단 13.55  6pt/0 [5분]
078930  GS        73,300    0.0    +0.0%    0.0x     중간  1.05  0pt/0 [일봉]
035720  카카오       39,550    0.0    +0.0%    0.0x     중간  4.41  2pt/0 [일봉]
030200  KT        52,100    0.0    +0.0%    0.0x     중간  2.04  2pt/0 [일봉]
003490  대한항공      27,050    0.0    +0.0%    0.0x     중간  1.72  2pt/0 [일봉]
004020  현대제철      39,250    0.0    +0.0%    0.0x     중간  2.17  2pt/0 [일봉]

══════════════════════════════════════════════════
⏰ 오후 세션 — 시장 상승 부족 (KODEX -0.9% < 1.5%) 매수 중단
→ 전종목 HOLD
✅ Discord 전송 완료

[11:54] HOLD | KODEX RSI65/-0.9%⬆️ | 보유:없음 | 최고신호 한국전력(015760) 6pt/4pt [RSI56★ / BB하단 / MA골 / 호가13.6★]
💰 예수금 95,923원 | KODEX200 RSI64/-1.2% 상승추세⬆️  | 매수기준 점수4pt↑

코드      종목명           가격    RSI     변화율    거래량     BB   호가비  B/S
────────────────────────────────────────────────────────────────────────
[2단계 분석 대상: 015760, 042700, 042660, 000720, 096770]
403870  HPSP      51,200    0.0    +0.0%    0.0x     중간  3.61  2pt/0 [일봉]
055550  신한지주      93,200    0.0    +0.0%    0.0x     중간  2.25  2pt/0 [일봉]
015760  한국전력      38,450   56.2    -2.8%    0.4x     하단 13.58  6pt/0 [5분]
078930  GS        73,200    0.0    +0.0%    0.0x     중간  1.19  0pt/0 [일봉]
035720  카카오       39,550    0.0    +0.0%    0.0x     중간  4.49  2pt/0 [일봉]
030200  KT        52,000    0.0    +0.0%    0.0x     중간  3.05  2pt/0 [일봉]
003490  대한항공      27,000    0.0    +0.0%    0.0x     중간  2.93  2pt/0 [일봉]
004020  현대제철      39,150    0.0    +0.0%    0.0x     중간  2.44  2pt/0 [일봉]

══════════════════════════════════════════════════
📉 KODEX200 MA데드+RSI64 하락추세 — 신규 매수 중단
→ 전종목 HOLD
✅ Discord 전송 완료

[11:56] HOLD | KODEX RSI64/-1.2%⬆️ | 보유:없음 | 최고신호 한국전력(015760) 6pt/4pt [RSI56★ / BB하단 / MA골 / 호가13.6★]
💰 예수금 95,923원 | KODEX200 RSI64/-1.4% 상승추세⬆️  | 매수기준 점수4pt↑

코드      종목명           가격    RSI     변화율    거래량     BB   호가비  B/S
────────────────────────────────────────────────────────────────────────
[2단계 분석 대상: 042660, 015760, 042700, 086520, 000720]
403870  HPSP      51,100    0.0    +0.0%    0.0x     중간  3.64  2pt/0 [일봉]
055550  신한지주      93,100    0.0    +0.0%    0.0x     중간  2.22  2pt/0 [일봉]
015760  한국전력      38,450   56.2    -2.9%    0.4x     하단 11.32  6pt/0 [5분]
078930  GS        73,300    0.0    +0.0%    0.0x     중간  1.16  0pt/0 [일봉]
035720  카카오       39,550    0.0    +0.0%    0.0x     중간  3.17  2pt/0 [일봉]
030200  KT        52,000    0.0    +0.0%    0.0x     중간  2.89  2pt/0 [일봉]
003490  대한항공      27,000    0.0    +0.0%    0.0x     중간  2.87  2pt/0 [일봉]
004020  현대제철      39,150    0.0    +0.0%    0.0x     중간  2.19  2pt/0 [일봉]

══════════════════════════════════════════════════
📉 KODEX200 MA데드+RSI64 하락추세 — 신규 매수 중단
→ 전종목 HOLD
✅ Discord 전송 완료

[11:58] HOLD | KODEX RSI64/-1.4%⬆️ | 보유:없음 | 최고신호 한국전력(015760) 6pt/4pt [RSI56★ / BB하단 / MA골 / 호가11.3★]
💰 예수금 95,923원 | KODEX200 RSI64/-1.4% 상승추세⬆️  | 매수기준 점수4pt↑

코드      종목명           가격    RSI     변화율    거래량     BB   호가비  B/S
────────────────────────────────────────────────────────────────────────
[2단계 분석 대상: 015760, 042700, 403870, 000270, 096770]
403870  HPSP      51,000   50.0    -7.6%    0.6x     하단  8.69  6pt/0 [5분]
055550  신한지주      93,100    0.0    +0.0%    0.0x     중간  1.91  2pt/0 [일봉]
015760  한국전력      38,400   52.9    -2.9%    0.4x     하단 13.97  6pt/0 [5분]
078930  GS        73,100    0.0    +0.0%    0.0x     중간  1.25  1pt/0 [일봉]
035720  카카오       39,450    0.0    +0.0%    0.0x     중간  6.04  2pt/0 [일봉]
030200  KT        52,000    0.0    +0.0%    0.0x     중간  3.06  2pt/0 [일봉]
003490  대한항공      27,000    0.0    +0.0%    0.0x     중간  2.87  2pt/0 [일봉]
004020  현대제철      39,200    0.0    +0.0%    0.0x     중간  1.89  2pt/0 [일봉]

══════════════════════════════════════════════════
📉 KODEX200 MA데드+RSI64 하락추세 — 신규 매수 중단
→ 전종목 HOLD
✅ Discord 전송 완료

[12:00] HOLD | KODEX RSI64/-1.4%⬆️ | 보유:없음 | 최고신호 HPSP(403870) 6pt/4pt [RSI50★ / BB하단 / MA골 / 호가8.7★]
💰 예수금 95,923원 | KODEX200 RSI64/-1.4% 상승추세⬆️  | 매수기준 점수4pt↑

코드      종목명           가격    RSI     변화율    거래량     BB   호가비  B/S
────────────────────────────────────────────────────────────────────────
[2단계 분석 대상: 015760, 403870, 042700, 035720, 096770]
403870  HPSP      51,000   50.0    -7.8%    0.6x     하단  8.63  6pt/0 [5분]
055550  신한지주      93,100    0.0    +0.0%    0.0x     중간  1.30  1pt/0 [일봉]
015760  한국전력      38,400   52.9    -2.9%    0.4x     하단 12.57  6pt/0 [5분]
078930  GS        73,100    0.0    +0.0%    0.0x     중간  1.30  1pt/0 [일봉]
035720  카카오       39,450   91.7    -2.6%    0.7x     하단  6.60  4pt/0 [5분]
030200  KT        52,000    0.0    +0.0%    0.0x     중간  2.96  2pt/0 [일봉]
003490  대한항공      27,000    0.0    +0.0%    0.0x     중간  2.84  2pt/0 [일봉]
004020  현대제철      39,100    0.0    +0.0%    0.0x     중간  2.23  2pt/0 [일봉]

══════════════════════════════════════════════════
📉 KODEX200 MA데드+RSI64 하락추세 — 신규 매수 중단
→ 전종목 HOLD
✅ Discord 전송 완료

[12:02] HOLD | KODEX RSI64/-1.4%⬆️ | 보유:없음 | 최고신호 HPSP(403870) 6pt/4pt [RSI50★ / BB하단 / MA골 / 호가8.6★]
💰 예수금 95,923원 | KODEX200 RSI64/-1.5% 상승추세⬆️  | 매수기준 점수4pt↑

코드      종목명           가격    RSI     변화율    거래량     BB   호가비  B/S
────────────────────────────────────────────────────────────────────────
[2단계 분석 대상: 015760, 403870, 096770, 035720, 034020]
403870  HPSP      51,000   52.4    -7.8%    0.6x     하단  8.49  6pt/0 [5분]
055550  신한지주      93,100    0.0    +0.0%    0.0x     중간  1.19  0pt/0 [일봉]
015760  한국전력      38,400   56.2    -2.8%    0.4x     하단 12.22  6pt/0 [5분]
078930  GS        73,100    0.0    +0.0%    0.0x     중간  1.50  2pt/0 [일봉]
035720  카카오       39,450   90.0    -2.7%    0.7x     하단  5.57  4pt/0 [5분]
030200  KT        52,000    0.0    +0.0%    0.0x     중간  3.09  2pt/0 [일봉]
003490  대한항공      26,950    0.0    +0.0%    0.0x     중간  4.32  2pt/0 [일봉]
004020  현대제철      39,100    0.0    +0.0%    0.0x     중간  2.29  2pt/0 [일봉]

══════════════════════════════════════════════════
📉 KODEX200 -1.5% 급락 — 신규 매수 중단
→ 전종목 HOLD
✅ Discord 전송 완료

[12:04] HOLD | KODEX RSI64/-1.5%⬆️ | 보유:없음 | 최고신호 HPSP(403870) 6pt/4pt [RSI52★ / BB하단 / MA골 / 호가8.5★]
💰 예수금 95,923원 | KODEX200 RSI64/-1.5% 상승추세⬆️  | 매수기준 점수4pt↑

코드      종목명           가격    RSI     변화율    거래량     BB   호가비  B/S
────────────────────────────────────────────────────────────────────────
[2단계 분석 대상: 015760, 403870, 096770, 035720, 066970]
403870  HPSP      51,000   52.4    -7.8%    0.6x     하단  7.98  6pt/0 [5분]
055550  신한지주      93,400    0.0    +0.0%    0.0x     중간  1.21  1pt/0 [일봉]
015760  한국전력      38,350   56.2    -2.9%    0.4x     하단 24.06  6pt/0 [5분]
078930  GS        73,200    0.0    +0.0%    0.0x     중간  1.37  1pt/0 [일봉]
035720  카카오       39,450   90.0    -2.6%    0.7x     하단  5.77  4pt/0 [5분]
030200  KT        52,000    0.0    +0.0%    0.0x     중간  3.27  2pt/0 [일봉]
003490  대한항공      26,950    0.0    +0.0%    0.0x     중간  3.93  2pt/0 [일봉]
004020  현대제철      39,100    0.0    +0.0%    0.0x     중간  2.19  2pt/0 [일봉]

══════════════════════════════════════════════════
📉 KODEX200 -1.5% 급락 — 신규 매수 중단
→ 전종목 HOLD
✅ Discord 전송 완료

[12:06] HOLD | KODEX RSI64/-1.5%⬆️ | 보유:없음 | 최고신호 HPSP(403870) 6pt/4pt [RSI52★ / BB하단 / MA골 / 호가8.0★]
💰 예수금 95,923원 | KODEX200 RSI64/-1.2% 상승추세⬆️  | 매수기준 점수4pt↑

코드      종목명           가격    RSI     변화율    거래량     BB   호가비  B/S
────────────────────────────────────────────────────────────────────────
[2단계 분석 대상: 015760, 042700, 035720, 403870, 096770]
403870  HPSP      51,000   52.4    -8.0%    0.6x     하단  7.36  6pt/0 [5분]
055550  신한지주      93,500    0.0    +0.0%    0.0x     중간  1.00  0pt/0 [일봉]
015760  한국전력      38,400   56.2    -2.8%    0.4x     하단 23.15  6pt/0 [5분]
078930  GS        73,200    0.0    +0.0%    0.0x     중간  1.28  1pt/0 [일봉]
035720  카카오       39,500   90.0    -2.6%    0.7x     하단  7.83  4pt/0 [5분]
030200  KT        52,200    0.0    +0.0%    0.0x     중간  2.12  2pt/0 [일봉]
003490  대한항공      27,050    0.0    +0.0%    0.0x     중간  1.50  2pt/0 [일봉]
004020  현대제철      39,100    0.0    +0.0%    0.0x     중간  2.11  2pt/0 [일봉]

══════════════════════════════════════════════════
📉 KODEX200 MA데드+RSI64 하락추세 — 신규 매수 중단
→ 전종목 HOLD
✅ Discord 전송 완료

[12:08] HOLD | KODEX RSI64/-1.2%⬆️ | 보유:없음 | 최고신호 HPSP(403870) 6pt/4pt [RSI52★ / BB하단 / MA골 / 호가7.4★]
💰 예수금 95,923원 | KODEX200 RSI64/-1.4% 상승추세⬆️  | 매수기준 점수4pt↑

코드      종목명           가격    RSI     변화율    거래량     BB   호가비  B/S
────────────────────────────────────────────────────────────────────────
[2단계 분석 대상: 015760, 042700, 096770, 086520, 035720]
403870  HPSP      50,900    0.0    +0.0%    0.0x     중간  7.25  2pt/0 [일봉]
055550  신한지주      93,400    0.0    +0.0%    0.0x     중간  0.95  0pt/0 [일봉]
015760  한국전력      38,450   56.2    -2.7%    0.4x     하단 12.80  6pt/0 [5분]
078930  GS        73,100    0.0    +0.0%    0.0x     중간  1.14  0pt/0 [일봉]
035720  카카오       39,500   85.7    -2.5%    0.7x     하단  7.41  4pt/0 [5분]
030200  KT        52,000    0.0    +0.0%    0.0x     중간  2.91  2pt/0 [일봉]
003490  대한항공      27,000    0.0    +0.0%    0.0x     중간  2.48  2pt/0 [일봉]
004020  현대제철      39,050    0.0    +0.0%    0.0x     중간  2.21  2pt/0 [일봉]

══════════════════════════════════════════════════
📉 KODEX200 MA데드+RSI64 하락추세 — 신규 매수 중단
→ 전종목 HOLD
✅ Discord 전송 완료

[12:10] HOLD | KODEX RSI64/-1.4%⬆️ | 보유:없음 | 최고신호 한국전력(015760) 6pt/4pt [RSI56★ / BB하단 / MA골 / 호가12.8★]
💰 예수금 95,923원 | KODEX200 RSI64/-1.5% 상승추세⬆️  | 매수기준 점수4pt↑

코드      종목명           가격    RSI     변화율    거래량     BB   호가비  B/S
────────────────────────────────────────────────────────────────────────
[2단계 분석 대상: 096770, 015760, 042700, 035720, 272210]
403870  HPSP      50,900    0.0    +0.0%    0.0x     중간  5.07  2pt/0 [일봉]
055550  신한지주      93,300    0.0    +0.0%    0.0x     중간  1.44  1pt/0 [일봉]
015760  한국전력      38,400   56.2    -2.9%    0.4x     하단 10.23  6pt/0 [5분]
078930  GS        73,100    0.0    +0.0%    0.0x     중간  1.50  2pt/0 [일봉]
035720  카카오       39,500   85.7    -2.6%    0.7x     하단  7.08  4pt/0 [5분]
030200  KT        52,000    0.0    +0.0%    0.0x     중간  2.90  2pt/0 [일봉]
003490  대한항공      27,000    0.0    +0.0%    0.0x     중간  2.53  2pt/0 [일봉]
004020  현대제철      39,100    0.0    +0.0%    0.0x     중간  2.32  2pt/0 [일봉]

══════════════════════════════════════════════════
📉 KODEX200 MA데드+RSI64 하락추세 — 신규 매수 중단
→ 전종목 HOLD
✅ Discord 전송 완료

[12:12] HOLD | KODEX RSI64/-1.5%⬆️ | 보유:없음 | 최고신호 한국전력(015760) 6pt/4pt [RSI56★ / BB하단 / MA골 / 호가10.2★]
💰 예수금 95,923원 | KODEX200 RSI64/-1.4% 상승추세⬆️  | 매수기준 점수4pt↑

코드      종목명           가격    RSI     변화율    거래량     BB   호가비  B/S
────────────────────────────────────────────────────────────────────────
[2단계 분석 대상: 015760, 035720, 042700, 086520, 403870]
403870  HPSP      50,900   47.8    -8.0%    0.6x     하단  7.20  6pt/0 [5분]
055550  신한지주      93,300    0.0    +0.0%    0.0x     중간  1.29  1pt/0 [일봉]
015760  한국전력      38,400   58.8    -2.8%    0.4x     하단  8.84  7pt/0 [5분]
078930  GS        73,100    0.0    +0.0%    0.0x     중간  1.34  1pt/0 [일봉]
035720  카카오       39,500   83.3    -2.5%    0.7x     하단  8.00  4pt/0 [5분]
030200  KT        52,000    0.0    +0.0%    0.0x     중간  3.15  2pt/0 [일봉]
003490  대한항공      27,000    0.0    +0.0%    0.0x     중간  2.66  2pt/0 [일봉]
004020  현대제철      39,050    0.0    +0.0%    0.0x     중간  2.41  2pt/0 [일봉]

══════════════════════════════════════════════════
📉 KODEX200 MA데드+RSI64 하락추세 — 신규 매수 중단
→ 전종목 HOLD
✅ Discord 전송 완료

[12:14] HOLD | KODEX RSI64/-1.4%⬆️ | 보유:없음 | 최고신호 한국전력(015760) 7pt/4pt [RSI59★ / BB하단 / MA골 / 호가8.8★ / 거래량증가]
💰 예수금 95,923원 | KODEX200 RSI64/-1.5% 상승추세⬆️  | 매수기준 점수4pt↑

코드      종목명           가격    RSI     변화율    거래량     BB   호가비  B/S
────────────────────────────────────────────────────────────────────────
[2단계 분석 대상: 403870, 096770, 015760, 035720, 000660]
403870  HPSP      50,800   47.8    -8.0%    0.6x     하단  8.89  6pt/0 [5분]
055550  신한지주      93,300    0.0    +0.0%    0.0x     중간  1.04  0pt/0 [일봉]
015760  한국전력      38,400   58.8    -2.9%    0.4x     하단  8.37  7pt/0 [5분]
078930  GS        73,200    0.0    +0.0%    0.0x     중간  1.22  1pt/0 [일봉]
035720  카카오       39,500   83.3    -2.5%    0.7x     하단  7.45  4pt/0 [5분]
030200  KT        52,000    0.0    +0.0%    0.0x     중간  2.87  2pt/0 [일봉]
003490  대한항공      27,000    0.0    +0.0%    0.0x     중간  2.66  2pt/0 [일봉]
004020  현대제철      39,050    0.0    +0.0%    0.0x     중간  2.05  2pt/0 [일봉]

══════════════════════════════════════════════════
📉 KODEX200 MA데드+RSI64 하락추세 — 신규 매수 중단
→ 전종목 HOLD
✅ Discord 전송 완료

[12:16] HOLD | KODEX RSI64/-1.5%⬆️ | 보유:없음 | 최고신호 한국전력(015760) 7pt/4pt [RSI59★ / BB하단 / MA골 / 호가8.4★ / 거래량증가]
💰 예수금 95,923원 | KODEX200 RSI64/-1.4% 상승추세⬆️  | 매수기준 점수4pt↑

코드      종목명           가격    RSI     변화율    거래량     BB   호가비  B/S
────────────────────────────────────────────────────────────────────────
[2단계 분석 대상: 096770, 403870, 015760, 035720, 272210]
403870  HPSP      50,800   47.8    -8.2%    0.6x     하단 10.21  6pt/0 [5분]
055550  신한지주      93,200    0.0    +0.0%    0.0x     중간  1.20  1pt/0 [일봉]
015760  한국전력      38,400   58.8    -2.9%    0.4x     하단  8.43  7pt/0 [5분]
078930  GS        73,200    0.0    +0.0%    0.0x     중간  1.35  1pt/0 [일봉]
035720  카카오       39,500   83.3    -2.6%    0.7x     하단  7.32  4pt/0 [5분]
030200  KT        52,000    0.0    +0.0%    0.0x     중간  2.71  2pt/0 [일봉]
003490  대한항공      27,000    0.0    +0.0%    0.0x     중간  2.67  2pt/0 [일봉]
004020  현대제철      39,050    0.0    +0.0%    0.0x     중간  2.01  2pt/0 [일봉]

══════════════════════════════════════════════════
📉 KODEX200 MA데드+RSI64 하락추세 — 신규 매수 중단
→ 전종목 HOLD
✅ Discord 전송 완료

[12:18] HOLD | KODEX RSI64/-1.4%⬆️ | 보유:없음 | 최고신호 한국전력(015760) 7pt/4pt [RSI59★ / BB하단 / MA골 / 호가8.4★ / 거래량증가]
💰 예수금 95,923원 | KODEX200 RSI64/-1.6% 상승추세⬆️  | 매수기준 점수4pt↑

코드      종목명           가격    RSI     변화율    거래량     BB   호가비  B/S
────────────────────────────────────────────────────────────────────────
[2단계 분석 대상: 000660, 403870, 035720, 096770, 058470]
403870  HPSP      50,700   55.6    -8.3%    0.6x     하단  9.08  6pt/0 [5분]
055550  신한지주      93,300    0.0    +0.0%    0.0x     중간  0.77  0pt/0 [일봉]
015760  한국전력      38,350    0.0    +0.0%    0.0x     중간  5.99  2pt/0 [일봉]
078930  GS        73,200    0.0    +0.0%    0.0x     중간  1.31  1pt/0 [일봉]
035720  카카오       39,500   71.4    -2.6%    0.7x     하단  8.71  4pt/0 [5분]
030200  KT        52,000    0.0    +0.0%    0.0x     중간  2.64  2pt/0 [일봉]
003490  대한항공      27,000    0.0    +0.0%    0.0x     중간  2.68  2pt/0 [일봉]
004020  현대제철      39,050    0.0    +0.0%    0.0x     중간  2.34  2pt/0 [일봉]

══════════════════════════════════════════════════
📉 KODEX200 -1.6% 급락 — 신규 매수 중단
→ 전종목 HOLD
✅ Discord 전송 완료

[12:20] HOLD | KODEX RSI64/-1.6%⬆️ | 보유:없음 | 최고신호 HPSP(403870) 6pt/4pt [RSI56★ / BB하단 / MA골 / 호가9.1★]
💰 예수금 95,923원 | KODEX200 RSI63/-1.8% 상승추세⬆️  | 매수기준 점수4pt↑

코드      종목명           가격    RSI     변화율    거래량     BB   호가비  B/S
────────────────────────────────────────────────────────────────────────
[2단계 분석 대상: 058470, 096770, 035720, 015760, 272210]
403870  HPSP      50,500    0.0    +0.0%    0.0x     중간  6.78  2pt/0 [일봉]
055550  신한지주      93,200    0.0    +0.0%    0.0x     중간  1.05  0pt/0 [일봉]
015760  한국전력      38,400   64.7    -2.9%    0.4x     하단  8.64  4pt/0 [5분]
078930  GS        73,200    0.0    +0.0%    0.0x     중간  1.28  1pt/0 [일봉]
035720  카카오       39,500   71.4    -2.6%    0.7x     하단  8.72  4pt/0 [5분]
030200  KT        52,000    0.0    +0.0%    0.0x     중간  2.64  2pt/0 [일봉]
003490  대한항공      26,900    0.0    +0.0%    0.0x     중간  4.34  2pt/0 [일봉]
004020  현대제철      38,950    0.0    +0.0%    0.0x     중간  2.56  2pt/0 [일봉]

══════════════════════════════════════════════════
📉 KODEX200 -1.8% 급락 — 신규 매수 중단
→ 전종목 HOLD
✅ Discord 전송 완료

[12:23] HOLD | KODEX RSI63/-1.8%⬆️ | 보유:없음 | 최고신호 한국전력(015760) 4pt/4pt [BB하단 / MA골 / 호가8.6★]
💰 예수금 95,923원 | KODEX200 RSI63/-1.8% 상승추세⬆️  | 매수기준 점수4pt↑

코드      종목명           가격    RSI     변화율    거래량     BB   호가비  B/S
────────────────────────────────────────────────────────────────────────
[2단계 분석 대상: 058470, 096770, 035720, 015760, 403870]
403870  HPSP      50,400   54.5    -8.9%    0.6x     하단  8.98  7pt/0 [5분]
055550  신한지주      93,300    0.0    +0.0%    0.0x     중간  0.91  0pt/0 [일봉]
015760  한국전력      38,400   61.1    -2.9%    0.4x     하단  9.65  4pt/0 [5분]
078930  GS        73,200    0.0    +0.0%    0.0x     중간  1.24  1pt/0 [일봉]
035720  카카오       39,500   71.4    -2.6%    0.7x     하단 10.50  4pt/0 [5분]
030200  KT        52,200    0.0    +0.0%    0.0x     중간  2.29  2pt/0 [일봉]
003490  대한항공      26,900    0.0    +0.0%    0.0x     중간  4.20  2pt/0 [일봉]
004020  현대제철      38,850    0.0    +0.0%    0.0x     중간  5.52  2pt/0 [일봉]

══════════════════════════════════════════════════
📉 KODEX200 -1.8% 급락 — 신규 매수 중단
→ 전종목 HOLD
✅ Discord 전송 완료

[12:24] HOLD | KODEX RSI63/-1.8%⬆️ | 보유:없음 | 최고신호 HPSP(403870) 7pt/4pt [RSI54★ / BB하단 / MA골 / 호가9.0★ / 거래량증가]
💰 예수금 95,923원 | KODEX200 RSI63/-1.9% 상승추세⬆️  | 매수기준 점수4pt↑

코드      종목명           가격    RSI     변화율    거래량     BB   호가비  B/S
────────────────────────────────────────────────────────────────────────
[2단계 분석 대상: 096770, 058470, 035720, 403870, 004020]
403870  HPSP      50,400   54.5    -9.2%    0.6x     하단  7.38  7pt/0 [5분]
055550  신한지주      93,400    0.0    +0.0%    0.0x     중간  1.67  2pt/0 [일봉]
015760  한국전력      38,350    0.0    +0.0%    0.0x     중간  3.28  2pt/0 [일봉]
078930  GS        73,100    0.0    +0.0%    0.0x     중간  1.13  0pt/0 [일봉]
035720  카카오       39,500   71.4    -2.6%    0.7x     하단  8.15  4pt/0 [5분]
030200  KT        52,100    0.0    +0.0%    0.0x     중간  2.55  2pt/0 [일봉]
003490  대한항공      26,850    0.0    +0.0%    0.0x     중간  3.41  2pt/0 [일봉]
004020  현대제철      38,750   29.7    -6.5%    0.3x     하단  6.16  4pt/0 [5분]

══════════════════════════════════════════════════
📉 KODEX200 -1.9% 급락 — 신규 매수 중단
→ 전종목 HOLD
✅ Discord 전송 완료

[12:26] HOLD | KODEX RSI63/-1.9%⬆️ | 보유:없음 | 최고신호 HPSP(403870) 7pt/4pt [RSI54★ / BB하단 / MA골 / 호가7.4★ / 거래량증가]
💰 예수금 95,923원 | KODEX200 RSI63/-2.2% 상승추세⬆️ 과열⚠️ | 매수기준 점수4pt↑

코드      종목명           가격    RSI     변화율    거래량     BB   호가비  B/S
────────────────────────────────────────────────────────────────────────
[2단계 분석 대상: 058470, 096770, 035720, 272210, 403870]
403870  HPSP      50,200   54.5    -9.1%    0.6x     하단  6.12  7pt/0 [5분]
055550  신한지주      93,200    0.0    +0.0%    0.0x     중간  1.99  2pt/0 [일봉]
015760  한국전력      38,300    0.0    +0.0%    0.0x     중간  4.43  2pt/0 [일봉]
078930  GS        73,000    0.0    +0.0%    0.0x     중간  1.37  1pt/0 [일봉]
035720  카카오       39,450   71.4    -2.6%    0.7x     하단  7.20  4pt/0 [5분]
030200  KT        52,100    0.0    +0.0%    0.0x     중간  2.45  2pt/0 [일봉]
003490  대한항공      26,850    0.0    +0.0%    0.0x     중간  3.82  2pt/0 [일봉]
004020  현대제철      38,850    0.0    +0.0%    0.0x     중간  3.44  2pt/0 [일봉]

══════════════════════════════════════════════════
📉 KODEX200 -2.2% 급락 — 신규 매수 중단
→ 전종목 HOLD
✅ Discord 전송 완료

[12:28] HOLD | KODEX RSI63/-2.2%⬆️⚠️ | 보유:없음 | 최고신호 HPSP(403870) 7pt/4pt [RSI54★ / BB하단 / MA골 / 호가6.1★ / 거래량증가]
💰 예수금 95,923원 | KODEX200 RSI63/-2.1% 상승추세⬆️ 과열⚠️ | 매수기준 점수4pt↑

코드      종목명           가격    RSI     변화율    거래량     BB   호가비  B/S
────────────────────────────────────────────────────────────────────────
[2단계 분석 대상: 058470, 096770, 004020, 272210, 035720]
403870  HPSP      50,200    0.0    +0.0%    0.0x     중간  4.36  2pt/0 [일봉]
055550  신한지주      93,200    0.0    +0.0%    0.0x     중간  2.06  2pt/0 [일봉]
015760  한국전력      38,300    0.0    +0.0%    0.0x     중간  4.34  2pt/0 [일봉]
078930  GS        72,900    0.0    +0.0%    0.0x     중간  1.02  0pt/0 [일봉]
035720  카카오       39,400   62.5    -2.8%    0.7x     하단  5.15  4pt/0 [5분]
030200  KT        52,100    0.0    +0.0%    0.0x     중간  2.57  2pt/0 [일봉]
003490  대한항공      26,800    0.0    +0.0%    0.0x     중간  4.05  2pt/0 [일봉]
004020  현대제철      38,750   35.5    -6.5%    0.3x     하단  5.78  4pt/0 [5분]

══════════════════════════════════════════════════
📉 KODEX200 -2.1% 급락 — 신규 매수 중단
→ 전종목 HOLD
✅ Discord 전송 완료

[12:30] HOLD | KODEX RSI63/-2.1%⬆️⚠️ | 보유:없음 | 최고신호 카카오(035720) 4pt/4pt [BB하단 / MA골 / 호가5.2★]
💰 예수금 95,923원 | KODEX200 RSI62/-2.4% 상승추세⬆️ 과열⚠️ | 매수기준 점수4pt↑

코드      종목명           가격    RSI     변화율    거래량     BB   호가비  B/S
────────────────────────────────────────────────────────────────────────
[2단계 분석 대상: 058470, 004020, 035720, 000270, 015760]
403870  HPSP      50,100    0.0    +0.0%    0.0x     중간  2.58  2pt/0 [일봉]
055550  신한지주      93,400    0.0    +0.0%    0.0x     중간  1.69  2pt/0 [일봉]
015760  한국전력      38,300   66.7    -3.2%    0.4x     하단  4.52  4pt/0 [5분]
078930  GS        72,800    0.0    +0.0%    0.0x     중간  1.10  0pt/0 [일봉]
035720  카카오       39,350   62.5    -3.0%    0.7x     하단  5.82  4pt/0 [5분]
030200  KT        52,300    0.0    +0.0%    0.0x     중간  1.88  2pt/0 [일봉]
003490  대한항공      26,850    0.0    +0.0%    0.0x     중간  3.57  2pt/0 [일봉]
004020  현대제철      38,750   35.5    -6.5%    0.3x     하단  6.36  4pt/0 [5분]

══════════════════════════════════════════════════
📉 KODEX200 -2.4% 급락 — 신규 매수 중단
→ 전종목 HOLD
✅ Discord 전송 완료

[12:32] HOLD | KODEX RSI62/-2.4%⬆️⚠️ | 보유:없음 | 최고신호 한국전력(015760) 4pt/4pt [BB하단 / MA골 / 호가4.5★]
💰 예수금 95,923원 | KODEX200 RSI62/-2.5% 상승추세⬆️ 과열⚠️ | 매수기준 점수4pt↑

코드      종목명           가격    RSI     변화율    거래량     BB   호가비  B/S
────────────────────────────────────────────────────────────────────────
[2단계 분석 대상: 058470, 000660, 035720, 272210, 096770]
403870  HPSP      49,750    0.0    +0.0%    0.0x     중간  3.62  2pt/0 [일봉]
055550  신한지주      93,200    0.0    +0.0%    0.0x     중간  1.32  1pt/0 [일봉]
015760  한국전력      38,300    0.0    +0.0%    0.0x     중간  4.30  2pt/0 [일봉]
078930  GS        72,800    0.0    +0.0%    0.0x     중간  1.08  0pt/0 [일봉]
035720  카카오       39,400   55.6    -2.8%    0.7x     하단  5.47  6pt/0 [5분]
030200  KT        52,100    0.0    +0.0%    0.0x     중간  2.28  2pt/0 [일봉]
003490  대한항공      26,800    0.0    +0.0%    0.0x     중간  3.78  2pt/0 [일봉]
004020  현대제철      38,850    0.0    +0.0%    0.0x     중간  2.78  2pt/0 [일봉]

══════════════════════════════════════════════════
📉 KODEX200 -2.5% 급락 — 신규 매수 중단
→ 전종목 HOLD
✅ Discord 전송 완료

[12:34] HOLD | KODEX RSI62/-2.5%⬆️⚠️ | 보유:없음 | 최고신호 카카오(035720) 6pt/4pt [RSI56★ / BB하단 / MA골 / 호가5.5★]
💰 예수금 95,923원 | KODEX200 RSI62/-2.6% 상승추세⬆️ 과열⚠️ | 매수기준 점수4pt↑

코드      종목명           가격    RSI     변화율    거래량     BB   호가비  B/S
────────────────────────────────────────────────────────────────────────
[2단계 분석 대상: 058470, 004020, 000660, 035720, 272210]
403870  HPSP      49,850    0.0    +0.0%    0.0x     중간  2.72  2pt/0 [일봉]
055550  신한지주      93,300    0.0    +0.0%    0.0x     중간  0.84  0pt/0 [일봉]
015760  한국전력      38,250    0.0    +0.0%    0.0x     중간  3.79  2pt/0 [일봉]
078930  GS        72,700    0.0    +0.0%    0.0x     중간  1.18  0pt/0 [일봉]
035720  카카오       39,350   55.6    -3.0%    0.7x     하단  6.20  6pt/0 [5분]
030200  KT        52,100    0.0    +0.0%    0.0x     중간  2.25  2pt/0 [일봉]
003490  대한항공      26,750    0.0    +0.0%    0.0x     중간  3.27  2pt/0 [일봉]
004020  현대제철      38,650   32.3    -6.8%    0.3x     하단 10.92  5pt/0 [5분]

══════════════════════════════════════════════════
📉 KODEX200 -2.6% 급락 — 신규 매수 중단
→ 전종목 HOLD
✅ Discord 전송 완료

[12:36] HOLD | KODEX RSI62/-2.6%⬆️⚠️ | 보유:없음 | 최고신호 카카오(035720) 6pt/4pt [RSI56★ / BB하단 / MA골 / 호가6.2★]
💰 예수금 95,923원 | KODEX200 RSI62/-2.9% 상승추세⬆️ 과열⚠️ | 매수기준 점수4pt↑

코드      종목명           가격    RSI     변화율    거래량     BB   호가비  B/S
────────────────────────────────────────────────────────────────────────
[2단계 분석 대상: 058470, 004020, 096770, 064350, 272210]
403870  HPSP      49,750    0.0    +0.0%    0.0x     중간  3.31  2pt/0 [일봉]
055550  신한지주      93,400    0.0    +0.0%    0.0x     중간  0.82  0pt/0 [일봉]
015760  한국전력      38,300    0.0    +0.0%    0.0x     중간  4.01  2pt/0 [일봉]
078930  GS        72,800    0.0    +0.0%    0.0x     중간  1.41  1pt/0 [일봉]
035720  카카오       39,300    0.0    +0.0%    0.0x     중간  4.31  2pt/0 [일봉]
030200  KT        52,200    0.0    +0.0%    0.0x     중간  2.03  2pt/0 [일봉]
003490  대한항공      26,750    0.0    +0.0%    0.0x     중간  3.40  2pt/0 [일봉]
004020  현대제철      38,550   32.3    -7.0%    0.4x     하단  6.54  5pt/0 [5분]

══════════════════════════════════════════════════
📉 KODEX200 -2.9% 급락 — 신규 매수 중단
→ 전종목 HOLD
✅ Discord 전송 완료

[12:38] HOLD | KODEX RSI62/-2.9%⬆️⚠️ | 보유:없음 | 최고신호 현대제철(004020) 5pt/4pt [RSI32 / BB하단 / 호가6.5★ / 거래량증가]
💰 예수금 95,923원 | KODEX200 RSI61/-3.1% 상승추세⬆️ 과열⚠️ | 매수기준 점수4pt↑

코드      종목명           가격    RSI     변화율    거래량     BB   호가비  B/S
────────────────────────────────────────────────────────────────────────
[2단계 분석 대상: 000270, 004020, 035720, 015760, 058470]
403870  HPSP      49,800    0.0    +0.0%    0.0x     중간  2.58  2pt/0 [일봉]
055550  신한지주      93,500    0.0    +0.0%    0.0x     중간  1.43  1pt/0 [일봉]
015760  한국전력      38,350   58.8    -3.2%    0.5x     하단  5.82  6pt/0 [5분]
078930  GS        72,400    0.0    +0.0%    0.0x     중간  2.26  2pt/0 [일봉]
035720  카카오       39,250   55.6    -3.3%    0.7x     하단  5.87  6pt/0 [5분]
030200  KT        52,000    0.0    +0.0%    0.0x     중간  2.56  2pt/0 [일봉]
003490  대한항공      26,800    0.0    +0.0%    0.0x     중간  2.74  2pt/0 [일봉]
004020  현대제철      38,450   28.1    -7.1%    0.4x     하단  6.33  5pt/0 [5분]

══════════════════════════════════════════════════
📉 KODEX200 -3.1% 급락 — 신규 매수 중단
→ 전종목 HOLD
✅ Discord 전송 완료

[12:40] HOLD | KODEX RSI61/-3.1%⬆️⚠️ | 보유:없음 | 최고신호 한국전력(015760) 6pt/4pt [RSI59★ / BB하단 / MA골 / 호가5.8★]
💰 예수금 95,923원 | KODEX200 RSI61/-3.4% 상승추세⬆️ 과열⚠️ | 매수기준 점수4pt↑

코드      종목명           가격    RSI     변화율    거래량     BB   호가비  B/S
────────────────────────────────────────────────────────────────────────
[2단계 분석 대상: 105560, 004020, 058470, 015760, 096770]
403870  HPSP      49,550    0.0    +0.0%    0.0x     중간  2.36  2pt/0 [일봉]
055550  신한지주      93,000    0.0    +0.0%    0.0x     중간  2.31  2pt/0 [일봉]
015760  한국전력      38,250   58.8    -3.3%    0.5x     하단  5.79  6pt/0 [5분]
078930  GS        72,400    0.0    +0.0%    0.0x     중간  2.52  2pt/0 [일봉]
035720  카카오       39,150    0.0    +0.0%    0.0x     중간  5.09  2pt/0 [일봉]
030200  KT        52,000    0.0    +0.0%    0.0x     중간  2.29  2pt/0 [일봉]
003490  대한항공      26,700    0.0    +0.0%    0.0x     중간  3.34  2pt/0 [일봉]
004020  현대제철      38,450   28.1    -7.2%    0.4x     하단  8.10  5pt/0 [5분]

══════════════════════════════════════════════════
📉 KODEX200 -3.4% 급락 — 신규 매수 중단
→ 전종목 HOLD
✅ Discord 전송 완료

[12:42] HOLD | KODEX RSI61/-3.4%⬆️⚠️ | 보유:없음 | 최고신호 한국전력(015760) 6pt/4pt [RSI59★ / BB하단 / MA골 / 호가5.8★]
💰 예수금 95,923원 | KODEX200 RSI61/-3.1% 상승추세⬆️ 과열⚠️ | 매수기준 점수4pt↑

코드      종목명           가격    RSI     변화율    거래량     BB   호가비  B/S
────────────────────────────────────────────────────────────────────────
[2단계 분석 대상: 105560, 000720, 055550, 058470, 015760]
403870  HPSP      49,700    0.0    +0.0%    0.0x     중간  3.51  2pt/0 [일봉]
055550  신한지주      92,500   50.0    -2.6%    0.4x     하단  6.51  6pt/0 [5분]
015760  한국전력      38,200   58.8    -3.3%    0.5x     하단  5.47  6pt/0 [5분]
078930  GS        72,100    0.0    +0.0%    0.0x     중간  2.94  2pt/0 [일봉]
035720  카카오       39,100    0.0    +0.0%    0.0x     중간  4.51  2pt/0 [일봉]
030200  KT        51,900    0.0    +0.0%    0.0x     중간  2.32  2pt/0 [일봉]
003490  대한항공      26,700    0.0    +0.0%    0.0x     중간  2.31  2pt/0 [일봉]
004020  현대제철      38,450    0.0    +0.0%    0.0x     중간  3.72  2pt/0 [일봉]

══════════════════════════════════════════════════
📉 KODEX200 -3.1% 급락 — 신규 매수 중단
→ 전종목 HOLD
✅ Discord 전송 완료

[12:44] HOLD | KODEX RSI61/-3.1%⬆️⚠️ | 보유:없음 | 최고신호 신한지주(055550) 6pt/4pt [RSI50★ / BB하단 / MA골 / 호가6.5★]
💰 예수금 95,923원 | KODEX200 RSI61/-3.0% 상승추세⬆️ 과열⚠️ | 매수기준 점수4pt↑

코드      종목명           가격    RSI     변화율    거래량     BB   호가비  B/S
────────────────────────────────────────────────────────────────────────
[2단계 분석 대상: 105560, 272210, 015760, 035720, 017670]
403870  HPSP      49,800    0.0    +0.0%    0.0x     중간  2.54  2pt/0 [일봉]
055550  신한지주      92,700    0.0    +0.0%    0.0x     중간  3.01  2pt/0 [일봉]
015760  한국전력      38,300   58.8    -3.2%    0.5x     하단  6.36  6pt/0 [5분]
078930  GS        72,300    0.0    +0.0%    0.0x     중간  3.49  2pt/0 [일봉]
035720  카카오       39,100   52.9    -3.6%    0.8x     하단  5.94  6pt/0 [5분]
030200  KT        51,900    0.0    +0.0%    0.0x     중간  2.24  2pt/0 [일봉]
003490  대한항공      26,700    0.0    +0.0%    0.0x     중간  2.01  2pt/0 [일봉]
004020  현대제철      38,400    0.0    +0.0%    0.0x     중간  5.44  2pt/0 [일봉]

══════════════════════════════════════════════════
📉 KODEX200 -3.0% 급락 — 신규 매수 중단
→ 전종목 HOLD
✅ Discord 전송 완료

[12:46] HOLD | KODEX RSI61/-3.0%⬆️⚠️ | 보유:없음 | 최고신호 한국전력(015760) 6pt/4pt [RSI59★ / BB하단 / MA골 / 호가6.4★]
💰 예수금 95,923원 | KODEX200 RSI62/-2.6% 상승추세⬆️ 과열⚠️ | 매수기준 점수4pt↑

코드      종목명           가격    RSI     변화율    거래량     BB   호가비  B/S
────────────────────────────────────────────────────────────────────────
[2단계 분석 대상: 105560, 042700, 015760, 058470, 004020]
403870  HPSP      49,900    0.0    +0.0%    0.0x     중간  1.97  2pt/0 [일봉]
055550  신한지주      92,600    0.0    +0.0%    0.0x     중간  3.98  2pt/0 [일봉]
015760  한국전력      38,400   58.8    -2.9%    0.5x     하단  5.58  6pt/0 [5분]
078930  GS        72,400    0.0    +0.0%    0.0x     중간  3.26  2pt/0 [일봉]
035720  카카오       39,100    0.0    +0.0%    0.0x     중간  4.58  2pt/0 [일봉]
030200  KT        51,900    0.0    +0.0%    0.0x     중간  2.61  2pt/0 [일봉]
003490  대한항공      26,800    0.0    +0.0%    0.0x     중간  1.95  2pt/0 [일봉]
004020  현대제철      38,550   30.3    -6.9%    0.4x     하단  5.08  5pt/0 [5분]

══════════════════════════════════════════════════
📉 KODEX200 -2.6% 급락 — 신규 매수 중단
→ 전종목 HOLD
✅ Discord 전송 완료

[12:48] HOLD | KODEX RSI62/-2.6%⬆️⚠️ | 보유:없음 | 최고신호 한국전력(015760) 6pt/4pt [RSI59★ / BB하단 / MA골 / 호가5.6★]
💰 예수금 95,923원 | KODEX200 RSI62/-2.8% 상승추세⬆️ 과열⚠️ | 매수기준 점수4pt↑

코드      종목명           가격    RSI     변화율    거래량     BB   호가비  B/S
────────────────────────────────────────────────────────────────────────
[2단계 분석 대상: 105560, 015760, 042660, 004020, 042700]
403870  HPSP      49,750    0.0    +0.0%    0.0x     중간  2.79  2pt/0 [일봉]
055550  신한지주      92,900    0.0    +0.0%    0.0x     중간  1.65  2pt/0 [일봉]
015760  한국전력      38,300   56.2    -3.2%    0.5x     하단 11.46  6pt/0 [5분]
078930  GS        72,400    0.0    +0.0%    0.0x     중간  4.61  2pt/0 [일봉]
035720  카카오       39,050    0.0    +0.0%    0.0x     중간  5.64  2pt/0 [일봉]
030200  KT        51,900    0.0    +0.0%    0.0x     중간  2.20  2pt/0 [일봉]
003490  대한항공      26,750    0.0    +0.0%    0.0x     중간  2.24  2pt/0 [일봉]
004020  현대제철      38,450   36.4    -7.4%    0.4x     하단  6.71  4pt/0 [5분]

══════════════════════════════════════════════════
📉 KODEX200 -2.8% 급락 — 신규 매수 중단
→ 전종목 HOLD
✅ Discord 전송 완료

[12:50] HOLD | KODEX RSI62/-2.8%⬆️⚠️ | 보유:없음 | 최고신호 한국전력(015760) 6pt/4pt [RSI56★ / BB하단 / MA골 / 호가11.5★]
💰 예수금 95,923원 | KODEX200 RSI62/-2.9% 상승추세⬆️ 과열⚠️ | 매수기준 점수4pt↑

코드      종목명           가격    RSI     변화율    거래량     BB   호가비  B/S
────────────────────────────────────────────────────────────────────────
[2단계 분석 대상: 105560, 015760, 042700, 403870, 004020]
403870  HPSP      49,600   44.4   -10.1%    0.7x     하단  5.07  5pt/0 [5분]
055550  신한지주      92,900    0.0    +0.0%    0.0x     중간  1.73  2pt/0 [일봉]
015760  한국전력      38,500   56.2    -2.7%    0.5x     하단  6.41  6pt/0 [5분]
078930  GS        72,500    0.0    +0.0%    0.0x     중간  3.71  2pt/0 [일봉]
035720  카카오       39,100    0.0    +0.0%    0.0x     중간  4.44  2pt/0 [일봉]
030200  KT        51,900    0.0    +0.0%    0.0x     중간  2.22  2pt/0 [일봉]
003490  대한항공      26,750    0.0    +0.0%    0.0x     중간  2.30  2pt/0 [일봉]
004020  현대제철      38,600   36.4    -6.8%    0.4x     하단  4.76  4pt/0 [5분]

══════════════════════════════════════════════════
📉 KODEX200 -2.9% 급락 — 신규 매수 중단
→ 전종목 HOLD
✅ Discord 전송 완료

[12:52] HOLD | KODEX RSI62/-2.9%⬆️⚠️ | 보유:없음 | 최고신호 한국전력(015760) 6pt/4pt [RSI56★ / BB하단 / MA골 / 호가6.4★]
💰 예수금 95,923원 | KODEX200 RSI62/-2.8% 상승추세⬆️ 과열⚠️ | 매수기준 점수4pt↑

코드      종목명           가격    RSI     변화율    거래량     BB   호가비  B/S
────────────────────────────────────────────────────────────────────────
[2단계 분석 대상: 105560, 096770, 035720, 042700, 403870]
403870  HPSP      49,700   47.4    -9.9%    0.7x     하단  4.41  5pt/0 [5분]
055550  신한지주      92,700    0.0    +0.0%    0.0x     중간  2.54  2pt/0 [일봉]
015760  한국전력      38,600    0.0    +0.0%    0.0x     중간  3.56  2pt/0 [일봉]
078930  GS        72,500    0.0    +0.0%    0.0x     중간  3.71  2pt/0 [일봉]
035720  카카오       39,100   60.0    -3.3%    0.8x     하단  5.17  6pt/0 [5분]
030200  KT        52,000    0.0    +0.0%    0.0x     중간  2.53  2pt/0 [일봉]
003490  대한항공      26,800    0.0    +0.0%    0.0x     중간  2.06  2pt/0 [일봉]
004020  현대제철      38,500    0.0    +0.0%    0.0x     중간  4.29  2pt/0 [일봉]

══════════════════════════════════════════════════
📉 KODEX200 -2.8% 급락 — 신규 매수 중단
→ 전종목 HOLD
✅ Discord 전송 완료

[12:54] HOLD | KODEX RSI62/-2.8%⬆️⚠️ | 보유:없음 | 최고신호 카카오(035720) 6pt/4pt [RSI60★ / BB하단 / MA골 / 호가5.2★]
💰 예수금 95,923원 | KODEX200 RSI62/-2.9% 상승추세⬆️ 과열⚠️ | 매수기준 점수4pt↑

코드      종목명           가격    RSI     변화율    거래량     BB   호가비  B/S
────────────────────────────────────────────────────────────────────────
[2단계 분석 대상: 105560, 096770, 035720, 012450, 004020]
403870  HPSP      49,800    0.0    +0.0%    0.0x     중간  2.57  2pt/0 [일봉]
055550  신한지주      92,800    0.0    +0.0%    0.0x     중간  2.97  2pt/0 [일봉]
015760  한국전력      38,450    0.0    +0.0%    0.0x     중간  4.07  2pt/0 [일봉]
078930  GS        72,400    0.0    +0.0%    0.0x     중간  2.65  2pt/0 [일봉]
035720  카카오       39,100   60.0    -3.5%    0.8x     하단  6.36  6pt/0 [5분]
030200  KT        52,000    0.0    +0.0%    0.0x     중간  2.38  2pt/0 [일봉]
003490  대한항공      26,700    0.0    +0.0%    0.0x     중간  1.64  2pt/0 [일봉]
004020  현대제철      38,450   39.4    -7.2%    0.4x     하단  5.68  4pt/0 [5분]

══════════════════════════════════════════════════
📉 KODEX200 -2.9% 급락 — 신규 매수 중단
→ 전종목 HOLD
✅ Discord 전송 완료

[12:56] HOLD | KODEX RSI62/-2.9%⬆️⚠️ | 보유:없음 | 최고신호 카카오(035720) 6pt/4pt [RSI60★ / BB하단 / MA골 / 호가6.4★]
💰 예수금 95,923원 | KODEX200 RSI61/-3.2% 상승추세⬆️ 과열⚠️ | 매수기준 점수4pt↑

코드      종목명           가격    RSI     변화율    거래량     BB   호가비  B/S
────────────────────────────────────────────────────────────────────────
[2단계 분석 대상: 004020, 035720, 015760, 042700, 042660]
403870  HPSP      49,550    0.0    +0.0%    0.0x     중간  4.30  2pt/0 [일봉]
055550  신한지주      92,800    0.0    +0.0%    0.0x     중간  2.29  2pt/0 [일봉]
015760  한국전력      38,350   56.2    -3.0%    0.5x     하단  6.25  6pt/0 [5분]
078930  GS        72,300    0.0    +0.0%    0.0x     중간  2.75  2pt/0 [일봉]
035720  카카오       39,100   60.0    -3.5%    0.8x     하단  6.58  6pt/0 [5분]
030200  KT        52,000    0.0    +0.0%    0.0x     중간  2.17  2pt/0 [일봉]
003490  대한항공      26,700    0.0    +0.0%    0.0x     중간  1.66  2pt/0 [일봉]
004020  현대제철      38,500   39.4    -7.1%    0.4x     하단  6.77  4pt/0 [5분]

══════════════════════════════════════════════════
📉 KODEX200 -3.2% 급락 — 신규 매수 중단
→ 전종목 HOLD
✅ Discord 전송 완료

[12:58] HOLD | KODEX RSI61/-3.2%⬆️⚠️ | 보유:없음 | 최고신호 한국전력(015760) 6pt/4pt [RSI56★ / BB하단 / MA골 / 호가6.2★]
💰 예수금 95,923원 | KODEX200 RSI61/-3.2% 상승추세⬆️ 과열⚠️ | 매수기준 점수4pt↑

코드      종목명           가격    RSI     변화율    거래량     BB   호가비  B/S
────────────────────────────────────────────────────────────────────────
[2단계 분석 대상: 004020, 000660, 017670, 035720, 042700]
403870  HPSP      49,550    0.0    +0.0%    0.0x     중간  3.80  2pt/0 [일봉]
055550  신한지주      92,700    0.0    +0.0%    0.0x     중간  2.30  2pt/0 [일봉]
015760  한국전력      38,400    0.0    +0.0%    0.0x     중간  5.88  2pt/0 [일봉]
078930  GS        72,300    0.0    +0.0%    0.0x     중간  2.68  2pt/0 [일봉]
035720  카카오       39,100   60.0    -3.6%    0.8x     하단  6.78  5pt/0 [5분]
017670  SK텔레콤     95,900   42.9    -4.6%    0.5x     하단  6.88  5pt/0 [5분]
030200  KT        52,000    0.0    +0.0%    0.0x     중간  2.38  2pt/0 [일봉]
003490  대한항공      26,650    0.0    +0.0%    0.0x     중간  1.91  2pt/0 [일봉]
004020  현대제철      38,400   41.2    -7.4%    0.4x     하단  7.11  5pt/0 [5분]

══════════════════════════════════════════════════
📉 KODEX200 -3.2% 급락 — 신규 매수 중단
→ 전종목 HOLD
✅ Discord 전송 완료

[13:00] HOLD | KODEX RSI61/-3.2%⬆️⚠️ | 보유:없음 | 최고신호 카카오(035720) 5pt/4pt [RSI60★ / BB하단 / 호가6.8★]
💰 예수금 95,923원 | KODEX200 RSI61/-3.5% 상승추세⬆️ 과열⚠️ | 매수기준 점수4pt↑

코드      종목명           가격    RSI     변화율    거래량     BB   호가비  B/S
────────────────────────────────────────────────────────────────────────
[2단계 분석 대상: 004020, 017670, 015760, 403870, 042700]
403870  HPSP      49,450   41.2   -10.5%    0.7x     하단  5.49  5pt/0 [5분]
055550  신한지주      92,600    0.0    +0.0%    0.0x     중간  2.34  2pt/0 [일봉]
015760  한국전력      38,450   64.3    -2.8%    0.5x     하단  6.16  5pt/0 [5분]
078930  GS        72,300    0.0    +0.0%    0.0x     중간  2.90  2pt/0 [일봉]
035720  카카오       38,900    0.0    +0.0%    0.0x     중간  2.46  2pt/0 [일봉]
017670  SK텔레콤     95,700   42.9    -4.8%    0.6x     하단  7.19  5pt/0 [5분]
030200  KT        52,000    0.0    +0.0%    0.0x     중간  2.29  2pt/0 [일봉]
003490  대한항공      26,650    0.0    +0.0%    0.0x     중간  1.67  2pt/0 [일봉]
004020  현대제철      38,150   41.2    -8.0%    0.4x     하단 10.83  5pt/0 [5분]

══════════════════════════════════════════════════
📉 KODEX200 -3.5% 급락 — 신규 매수 중단
→ 전종목 HOLD
✅ Discord 전송 완료

[13:02] HOLD | KODEX RSI61/-3.5%⬆️⚠️ | 보유:없음 | 최고신호 HPSP(403870) 5pt/4pt [RSI41★ / BB하단 / 호가5.5★]
💰 예수금 95,923원 | KODEX200 RSI60/-3.8% 상승추세⬆️ 과열⚠️ | 매수기준 점수4pt↑

코드      종목명           가격    RSI     변화율    거래량     BB   호가비  B/S
────────────────────────────────────────────────────────────────────────
[2단계 분석 대상: 105560, 403870, 017670, 042660, 004020]
403870  HPSP      49,400   41.2   -10.6%    0.7x     하단 10.90  6pt/0 [5분]
055550  신한지주      92,700    0.0    +0.0%    0.0x     중간  2.56  2pt/0 [일봉]
015760  한국전력      38,450    0.0    +0.0%    0.0x     중간  5.99  2pt/0 [일봉]
078930  GS        72,300    0.0    +0.0%    0.0x     중간  2.78  2pt/0 [일봉]
035720  카카오       38,850    0.0    +0.0%    0.0x     중간  2.98  2pt/0 [일봉]
017670  SK텔레콤     95,800   38.5    -4.6%    0.6x     하단  9.24  4pt/0 [5분]
030200  KT        52,000    0.0    +0.0%    0.0x     중간  2.28  2pt/0 [일봉]
003490  대한항공      26,600    0.0    +0.0%    0.0x     중간  1.48  1pt/0 [일봉]
004020  현대제철      38,150   38.9    -8.0%    0.4x     하단  6.02  4pt/0 [5분]

══════════════════════════════════════════════════
📉 KODEX200 -3.8% 급락 — 신규 매수 중단
→ 전종목 HOLD
✅ Discord 전송 완료

[13:04] HOLD | KODEX RSI60/-3.8%⬆️⚠️ | 보유:없음 | 최고신호 HPSP(403870) 6pt/4pt [RSI41★ / BB하단 / 호가10.9★ / 거래량증가]
💰 예수금 95,923원 | KODEX200 RSI60/-3.8% 상승추세⬆️ 과열⚠️ | 매수기준 점수4pt↑

코드      종목명           가격    RSI     변화율    거래량     BB   호가비  B/S
────────────────────────────────────────────────────────────────────────
[2단계 분석 대상: 017670, 105560, 015760, 004020, 058470]
403870  HPSP      49,550    0.0    +0.0%    0.0x     중간  3.07  2pt/0 [일봉]
055550  신한지주      92,700    0.0    +0.0%    0.0x     중간  2.01  2pt/0 [일봉]
015760  한국전력      38,450   58.3    -2.7%    0.5x     하단  7.29  6pt/0 [5분]
078930  GS        72,000    0.0    +0.0%    0.0x     중간  1.76  2pt/0 [일봉]
035720  카카오       38,850    0.0    +0.0%    0.0x     중간  3.45  2pt/0 [일봉]
017670  SK텔레콤     95,800   38.5    -4.7%    0.6x     하단 11.20  4pt/0 [5분]
030200  KT        52,000    0.0    +0.0%    0.0x     중간  2.34  2pt/0 [일봉]
003490  대한항공      26,600    0.0    +0.0%    0.0x     중간  1.28  1pt/0 [일봉]
004020  현대제철      38,200   38.9    -7.8%    0.4x     하단  5.77  4pt/0 [5분]

══════════════════════════════════════════════════
📉 KODEX200 -3.8% 급락 — 신규 매수 중단
→ 전종목 HOLD
✅ Discord 전송 완료

[13:06] HOLD | KODEX RSI60/-3.8%⬆️⚠️ | 보유:없음 | 최고신호 한국전력(015760) 6pt/4pt [RSI58★ / BB하단 / MA골 / 호가7.3★]
💰 예수금 95,923원 | KODEX200 RSI60/-3.6% 상승추세⬆️ 과열⚠️ | 매수기준 점수4pt↑

코드      종목명           가격    RSI     변화율    거래량     BB   호가비  B/S
────────────────────────────────────────────────────────────────────────
[2단계 분석 대상: 105560, 017670, 015760, 004020, 058470]
403870  HPSP      49,750    0.0    +0.0%    0.0x     중간  1.15  0pt/0 [일봉]
055550  신한지주      92,500    0.0    +0.0%    0.0x     중간  1.98  2pt/0 [일봉]
015760  한국전력      38,500   58.3    -2.7%    0.5x     하단  7.07  6pt/0 [5분]
078930  GS        72,100    0.0    +0.0%    0.0x     중간  2.39  2pt/0 [일봉]
035720  카카오       38,850    0.0    +0.0%    0.0x     중간  3.71  2pt/0 [일봉]
017670  SK텔레콤     95,900   38.5    -4.6%    0.6x     하단 10.76  4pt/0 [5분]
030200  KT        52,000    0.0    +0.0%    0.0x     중간  2.28  2pt/0 [일봉]
003490  대한항공      26,600    0.0    +0.0%    0.0x     중간  1.16  0pt/0 [일봉]
004020  현대제철      38,200   38.9    -7.7%    0.4x     하단  5.94  4pt/0 [5분]

══════════════════════════════════════════════════
📉 KODEX200 -3.6% 급락 — 신규 매수 중단
→ 전종목 HOLD
✅ Discord 전송 완료

[13:08] HOLD | KODEX RSI60/-3.6%⬆️⚠️ | 보유:없음 | 최고신호 한국전력(015760) 6pt/4pt [RSI58★ / BB하단 / MA골 / 호가7.1★]
💰 예수금 95,923원 | KODEX200 RSI61/-3.5% 상승추세⬆️ 과열⚠️ | 매수기준 점수4pt↑

코드      종목명           가격    RSI     변화율    거래량     BB   호가비  B/S
────────────────────────────────────────────────────────────────────────
[2단계 분석 대상: 004020, 017670, 105560, 138040, 015760]
403870  HPSP      49,700    0.0    +0.0%    0.0x     중간  2.51  2pt/0 [일봉]
055550  신한지주      92,400    0.0    +0.0%    0.0x     중간  1.73  2pt/0 [일봉]
015760  한국전력      38,450   58.3    -2.8%    0.5x     하단  6.26  6pt/0 [5분]
078930  GS        72,300    0.0    +0.0%    0.0x     중간  2.24  2pt/0 [일봉]
035720  카카오       38,900    0.0    +0.0%    0.0x     중간  5.26  2pt/0 [일봉]
017670  SK텔레콤     95,900   38.5    -4.5%    0.6x     하단  9.76  4pt/0 [5분]
030200  KT        52,000    0.0    +0.0%    0.0x     중간  2.20  2pt/0 [일봉]
003490  대한항공      26,600    0.0    +0.0%    0.0x     중간  1.40  1pt/0 [일봉]
004020  현대제철      38,400   53.3    -7.4%    0.4x     하단 14.20  5pt/0 [5분]

══════════════════════════════════════════════════
📉 KODEX200 -3.5% 급락 — 신규 매수 중단
→ 전종목 HOLD
✅ Discord 전송 완료

[13:10] HOLD | KODEX RSI61/-3.5%⬆️⚠️ | 보유:없음 | 최고신호 한국전력(015760) 6pt/4pt [RSI58★ / BB하단 / MA골 / 호가6.3★]
💰 예수금 95,923원 | KODEX200 RSI60/-4.1% 상승추세⬆️ 과열⚠️ | 매수기준 점수4pt↑

코드      종목명           가격    RSI     변화율    거래량     BB   호가비  B/S
────────────────────────────────────────────────────────────────────────
[2단계 분석 대상: 042660, 403870, 138040, 012450, 000270]
403870  HPSP      49,450   47.1   -10.5%    0.7x     하단  9.72  5pt/0 [5분]
055550  신한지주      92,100    0.0    +0.0%    0.0x     중간  1.67  2pt/0 [일봉]
015760  한국전력      38,350    0.0    +0.0%    0.0x     중간  6.14  2pt/0 [일봉]
078930  GS        72,100    0.0    +0.0%    0.0x     중간  3.12  2pt/0 [일봉]
035720  카카오       38,850    0.0    +0.0%    0.0x     중간  4.82  2pt/0 [일봉]
017670  SK텔레콤     95,800    0.0    +0.0%    0.0x     중간  7.23  2pt/0 [일봉]
030200  KT        52,000    0.0    +0.0%    0.0x     중간  2.02  2pt/0 [일봉]
003490  대한항공      26,500    0.0    +0.0%    0.0x     중간  1.34  1pt/0 [일봉]
004020  현대제철      38,100    0.0    +0.0%    0.0x     중간  6.19  2pt/0 [일봉]

══════════════════════════════════════════════════
📉 KODEX200 -4.1% 급락 — 신규 매수 중단
→ 전종목 HOLD
✅ Discord 전송 완료

[13:12] HOLD | KODEX RSI60/-4.1%⬆️⚠️ | 보유:없음 | 최고신호 HPSP(403870) 5pt/4pt [RSI47★ / BB하단 / 호가9.7★]
💰 예수금 95,923원 | KODEX200 RSI59/-4.3% 상승추세⬆️ 과열⚠️ | 매수기준 점수4pt↑

코드      종목명           가격    RSI     변화율    거래량     BB   호가비  B/S
────────────────────────────────────────────────────────────────────────
[2단계 분석 대상: 042660, 004020, 017670, 000660, 138040]
403870  HPSP      49,450    0.0    +0.0%    0.0x     중간  5.37  2pt/0 [일봉]
055550  신한지주      92,000    0.0    +0.0%    0.0x     중간  3.91  2pt/0 [일봉]
015760  한국전력      38,350    0.0    +0.0%    0.0x     중간  5.56  2pt/0 [일봉]
078930  GS        72,000    0.0    +0.0%    0.0x     중간  2.32  2pt/0 [일봉]
035720  카카오       38,800    0.0    +0.0%    0.0x     중간  5.34  2pt/0 [일봉]
017670  SK텔레콤     95,700   33.3    -4.8%    0.6x     하단  8.57  5pt/0 [5분]
030200  KT        52,000    0.0    +0.0%    0.0x     중간  2.02  2pt/0 [일봉]
003490  대한항공      26,500    0.0    +0.0%    0.0x     중간  1.26  1pt/0 [일봉]
004020  현대제철      38,050   50.0    -8.1%    0.4x     하단  9.09  5pt/0 [5분]

══════════════════════════════════════════════════
📉 KODEX200 -4.3% 급락 — 신규 매수 중단
→ 전종목 HOLD
✅ Discord 전송 완료

[13:14] HOLD | KODEX RSI59/-4.3%⬆️⚠️ | 보유:없음 | 최고신호 SK텔레콤(017670) 5pt/4pt [RSI33 / BB하단 / 호가8.6★ / 거래량증가]
💰 예수금 95,923원 | KODEX200 RSI59/-4.4% 상승추세⬆️ 과열⚠️ | 매수기준 점수4pt↑

코드      종목명           가격    RSI     변화율    거래량     BB   호가비  B/S
────────────────────────────────────────────────────────────────────────
[2단계 분석 대상: 403870, 015760, 042660, 017670, 138040]
403870  HPSP      49,400   44.4   -10.7%    0.7x     하단 10.59  5pt/0 [5분]
055550  신한지주      92,200    0.0    +0.0%    0.0x     중간  2.79  2pt/0 [일봉]
015760  한국전력      38,300   68.0    -3.2%    0.5x     하단 10.58  4pt/0 [5분]
078930  GS        72,100    0.0    +0.0%    0.0x     중간  2.82  2pt/0 [일봉]
035720  카카오       38,800    0.0    +0.0%    0.0x     중간  5.51  2pt/0 [일봉]
017670  SK텔레콤     95,700   33.3    -4.7%    0.6x     하단  8.99  5pt/0 [5분]
030200  KT        52,000    0.0    +0.0%    0.0x     중간  2.06  2pt/0 [일봉]
003490  대한항공      26,450    0.0    +0.0%    0.0x     중간  1.53  2pt/0 [일봉]
004020  현대제철      38,150    0.0    +0.0%    0.0x     중간  5.14  2pt/0 [일봉]

══════════════════════════════════════════════════
📉 KODEX200 -4.4% 급락 — 신규 매수 중단
→ 전종목 HOLD
✅ Discord 전송 완료

[13:16] HOLD | KODEX RSI59/-4.4%⬆️⚠️ | 보유:없음 | 최고신호 HPSP(403870) 5pt/4pt [RSI44★ / BB하단 / 호가10.6★]
💰 예수금 95,923원 | KODEX200 RSI59/-4.5% 상승추세⬆️ 과열⚠️ | 매수기준 점수4pt↑

코드      종목명           가격    RSI     변화율    거래량     BB   호가비  B/S
────────────────────────────────────────────────────────────────────────
[2단계 분석 대상: 000660, 058470, 042660, 403870, 015760]
403870  HPSP      49,250   44.4   -10.9%    0.7x     하단  8.92  5pt/0 [5분]
055550  신한지주      91,900    0.0    +0.0%    0.0x     중간  7.25  2pt/0 [일봉]
015760  한국전력      38,200   68.0    -3.4%    0.6x     하단  8.51  4pt/0 [5분]
078930  GS        71,700    0.0    +0.0%    0.0x     중간  0.32  0pt/0 [일봉]
035720  카카오       38,750    0.0    +0.0%    0.0x     중간  3.67  2pt/0 [일봉]
017670  SK텔레콤     95,700    0.0    +0.0%    0.0x     중간  8.10  2pt/0 [일봉]
030200  KT        51,900    0.0    +0.0%    0.0x     중간  1.82  2pt/0 [일봉]
003490  대한항공      26,450    0.0    +0.0%    0.0x     중간  1.27  1pt/0 [일봉]
004020  현대제철      38,050    0.0    +0.0%    0.0x     중간  3.89  2pt/0 [일봉]

══════════════════════════════════════════════════
📉 KODEX200 -4.5% 급락 — 신규 매수 중단
→ 전종목 HOLD
✅ Discord 전송 완료

[13:18] HOLD | KODEX RSI59/-4.5%⬆️⚠️ | 보유:없음 | 최고신호 HPSP(403870) 5pt/4pt [RSI44★ / BB하단 / 호가8.9★]
💰 예수금 95,923원 | KODEX200 RSI59/-4.8% 상승추세⬆️ 과열⚠️ | 매수기준 점수4pt↑

코드      종목명           가격    RSI     변화율    거래량     BB   호가비  B/S
────────────────────────────────────────────────────────────────────────
[2단계 분석 대상: 015760, 000660, 403870, 055550, 138040]
403870  HPSP      49,150   30.0   -10.9%    0.7x     하단 11.90  4pt/0 [5분]
058470  리노공업      95,900    0.0    +0.0%    0.0x     중간  8.42  2pt/0 [일봉]
055550  신한지주      91,500   43.8    -3.7%    0.5x     하단 10.47  7pt/0 [5분]
015760  한국전력      38,200   59.1    -3.4%    0.6x     하단 23.08  7pt/0 [5분]
078930  GS        71,600    0.0    +0.0%    0.0x     중간  0.27  0pt/0 [일봉]
035720  카카오       38,700    0.0    +0.0%    0.0x     중간  3.87  2pt/0 [일봉]
017670  SK텔레콤     95,600    0.0    +0.0%    0.0x     중간  6.57  2pt/0 [일봉]
030200  KT        51,900    0.0    +0.0%    0.0x     중간  2.35  2pt/0 [일봉]
003490  대한항공      26,350    0.0    +0.0%    0.0x     중간  0.86  0pt/0 [일봉]
004020  현대제철      38,100    0.0    +0.0%    0.0x     중간  3.36  2pt/0 [일봉]

══════════════════════════════════════════════════
📉 KODEX200 -4.8% 급락 — 신규 매수 중단
→ 전종목 HOLD
✅ Discord 전송 완료

[13:20] HOLD | KODEX RSI59/-4.8%⬆️⚠️ | 보유:없음 | 최고신호 신한지주(055550) 7pt/4pt [RSI44★ / BB하단 / MA골 / 호가10.5★ / 거래량증가]
💰 예수금 95,923원 | KODEX200 RSI58/-4.8% 상승추세⬆️ 과열⚠️ | 매수기준 점수4pt↑

코드      종목명           가격    RSI     변화율    거래량     BB   호가비  B/S
────────────────────────────────────────────────────────────────────────
[2단계 분석 대상: 015760, 138040, 403870, 058470, 017670]
403870  HPSP      49,200   30.0   -10.8%    0.7x     하단  7.70  4pt/0 [5분]
055550  신한지주      91,400    0.0    +0.0%    0.0x     중간  4.38  2pt/0 [일봉]
015760  한국전력      38,250   59.1    -3.2%    0.6x     하단 24.00  7pt/0 [5분]
078930  GS        71,800    0.0    +0.0%    0.0x     중간  0.50  0pt/0 [일봉]
035720  카카오       38,750    0.0    +0.0%    0.0x     중간  4.48  2pt/0 [일봉]
030200  KT        51,900    0.0    +0.0%    0.0x     중간  1.33  1pt/0 [일봉]
003490  대한항공      26,400    0.0    +0.0%    0.0x     중간  1.38  1pt/0 [일봉]
004020  현대제철      38,150    0.0    +0.0%    0.0x     중간  5.90  2pt/0 [일봉]

══════════════════════════════════════════════════
📉 KODEX200 -4.8% 급락 — 신규 매수 중단
→ 전종목 HOLD
✅ Discord 전송 완료

[13:22] HOLD | KODEX RSI58/-4.8%⬆️⚠️ | 보유:없음 | 최고신호 한국전력(015760) 7pt/4pt [RSI59★ / BB하단 / MA골 / 호가24.0★ / 거래량증가]
💰 예수금 95,923원 | KODEX200 RSI59/-4.6% 상승추세⬆️ 과열⚠️ | 매수기준 점수4pt↑

코드      종목명           가격    RSI     변화율    거래량     BB   호가비  B/S
────────────────────────────────────────────────────────────────────────
[2단계 분석 대상: 015760, 138040, 058470, 017670, 004020]
403870  HPSP      49,450    0.0    +0.0%    0.0x     중간  3.89  2pt/0 [일봉]
055550  신한지주      91,500    0.0    +0.0%    0.0x     중간  2.88  2pt/0 [일봉]
015760  한국전력      38,250   50.0    -3.3%    0.6x     하단 26.53  6pt/0 [5분]
078930  GS        71,900    0.0    +0.0%    0.0x     중간  1.53  2pt/0 [일봉]
035720  카카오       38,750    0.0    +0.0%    0.0x     중간  5.05  2pt/0 [일봉]
017670  SK텔레콤     95,600   30.0    -4.8%    0.6x     하단  8.91  4pt/0 [5분]
030200  KT        51,900    0.0    +0.0%    0.0x     중간  1.26  1pt/0 [일봉]
003490  대한항공      26,400    0.0    +0.0%    0.0x     중간  1.79  2pt/0 [일봉]
004020  현대제철      38,100   46.7    -8.0%    0.5x     하단  7.16  6pt/0 [5분]

══════════════════════════════════════════════════
📉 KODEX200 -4.6% 급락 — 신규 매수 중단
→ 전종목 HOLD
✅ Discord 전송 완료

[13:24] HOLD | KODEX RSI59/-4.6%⬆️⚠️ | 보유:없음 | 최고신호 한국전력(015760) 6pt/4pt [RSI50★ / BB하단 / MA골 / 호가26.5★]
💰 예수금 95,923원 | KODEX200 RSI59/-4.4% 상승추세⬆️ 과열⚠️ | 매수기준 점수4pt↑

코드      종목명           가격    RSI     변화율    거래량     BB   호가비  B/S
────────────────────────────────────────────────────────────────────────
[2단계 분석 대상: 015760, 017670, 004020, 058470, 138040]
403870  HPSP      49,400    0.0    +0.0%    0.0x     중간  4.47  2pt/0 [일봉]
055550  신한지주      91,400    0.0    +0.0%    0.0x     중간  2.22  2pt/0 [일봉]
015760  한국전력      38,250   50.0    -3.2%    0.6x     하단 20.97  6pt/0 [5분]
078930  GS        72,000    0.0    +0.0%    0.0x     중간  1.24  1pt/0 [일봉]
035720  카카오       38,750    0.0    +0.0%    0.0x     중간  3.22  2pt/0 [일봉]
017670  SK텔레콤     95,900   30.0    -4.7%    0.6x     하단  8.26  4pt/0 [5분]
030200  KT        51,800    0.0    +0.0%    0.0x     중간  1.33  1pt/0 [일봉]
003490  대한항공      26,400    0.0    +0.0%    0.0x     중간  1.38  1pt/0 [일봉]
004020  현대제철      38,250   46.7    -7.7%    0.5x     하단  7.69  6pt/0 [5분]

══════════════════════════════════════════════════
📉 KODEX200 -4.4% 급락 — 신규 매수 중단
→ 전종목 HOLD
✅ Discord 전송 완료

[13:26] HOLD | KODEX RSI59/-4.4%⬆️⚠️ | 보유:없음 | 최고신호 한국전력(015760) 6pt/4pt [RSI50★ / BB하단 / MA골 / 호가21.0★]
💰 예수금 95,923원 | KODEX200 RSI59/-4.7% 상승추세⬆️ 과열⚠️ | 매수기준 점수4pt↑

코드      종목명           가격    RSI     변화율    거래량     BB   호가비  B/S
────────────────────────────────────────────────────────────────────────
[2단계 분석 대상: 015760, 138040, 004020, 105560, 017670]
403870  HPSP      49,250    0.0    +0.0%    0.0x     중간  6.88  2pt/0 [일봉]
055550  신한지주      91,400    0.0    +0.0%    0.0x     중간  3.93  2pt/0 [일봉]
015760  한국전력      38,200   50.0    -2.9%    0.6x     하단 20.38  6pt/0 [5분]
078930  GS        71,800    0.0    +0.0%    0.0x     중간  1.53  2pt/0 [일봉]
035720  카카오       38,700    0.0    +0.0%    0.0x     중간  3.12  2pt/0 [일봉]
017670  SK텔레콤     95,800   30.0    -4.3%    0.6x     하단  7.85  4pt/0 [5분]
030200  KT        51,800    0.0    +0.0%    0.0x     중간  1.26  1pt/0 [일봉]
003490  대한항공      26,400    0.0    +0.0%    0.0x     중간  1.24  1pt/0 [일봉]
004020  현대제철      38,300   46.7    -7.4%    0.5x     하단  8.14  6pt/0 [5분]

══════════════════════════════════════════════════
📉 KODEX200 -4.7% 급락 — 신규 매수 중단
→ 전종목 HOLD
✅ Discord 전송 완료

[13:28] HOLD | KODEX RSI59/-4.7%⬆️⚠️ | 보유:없음 | 최고신호 한국전력(015760) 6pt/4pt [RSI50★ / BB하단 / MA골 / 호가20.4★]
💰 예수금 95,923원 | KODEX200 RSI60/-4.1% 상승추세⬆️ 과열⚠️ | 매수기준 점수4pt↑

코드      종목명           가격    RSI     변화율    거래량     BB   호가비  B/S
────────────────────────────────────────────────────────────────────────
[2단계 분석 대상: 004020, 015760, 058470, 017670, 403870]
403870  HPSP      49,450   37.1   -10.4%    0.8x     하단  5.26  4pt/0 [5분]
055550  신한지주      91,500    0.0    +0.0%    0.0x     중간  2.93  2pt/0 [일봉]
015760  한국전력      38,350   54.2    -2.9%    0.6x     하단 10.53  6pt/0 [5분]
078930  GS        72,000    0.0    +0.0%    0.0x     중간  1.95  2pt/0 [일봉]
035720  카카오       38,700    0.0    +0.0%    0.0x     중간  3.01  2pt/0 [일봉]
030200  KT        51,900    0.0    +0.0%    0.0x     중간  1.33  1pt/0 [일봉]
003490  대한항공      26,500    0.0    +0.0%    0.0x     중간  1.03  0pt/0 [일봉]
004020  현대제철      38,250   68.0    -7.7%    0.5x     하단 12.83  4pt/0 [5분]

══════════════════════════════════════════════════
📉 KODEX200 -4.1% 급락 — 신규 매수 중단
→ 전종목 HOLD
✅ Discord 전송 완료

[13:30] HOLD | KODEX RSI60/-4.1%⬆️⚠️ | 보유:없음 | 최고신호 한국전력(015760) 6pt/4pt [RSI54★ / BB하단 / MA골 / 호가10.5★]
💰 예수금 95,923원 | KODEX200 RSI60/-3.9% 상승추세⬆️ 과열⚠️ | 매수기준 점수4pt↑

코드      종목명           가격    RSI     변화율    거래량     BB   호가비  B/S
────────────────────────────────────────────────────────────────────────
[2단계 분석 대상: 004020, 015760, 042660, 138040, 066970]
403870  HPSP      49,550    0.0    +0.0%    0.0x     중간  1.79  2pt/0 [일봉]
055550  신한지주      91,400    0.0    +0.0%    0.0x     중간  2.61  2pt/0 [일봉]
015760  한국전력      38,450   54.2    -2.7%    0.6x     하단  9.15  6pt/0 [5분]
078930  GS        71,900    0.0    +0.0%    0.0x     중간  1.92  2pt/0 [일봉]
035720  카카오       38,800    0.0    +0.0%    0.0x     중간  5.03  2pt/0 [일봉]
030200  KT        51,900    0.0    +0.0%    0.0x     중간  1.42  1pt/0 [일봉]
003490  대한항공      26,500    0.0    +0.0%    0.0x     중간  1.25  1pt/0 [일봉]
004020  현대제철      38,300   68.0    -7.6%    0.5x     하단 11.67  4pt/0 [5분]

══════════════════════════════════════════════════
📉 KODEX200 -3.9% 급락 — 신규 매수 중단
→ 전종목 HOLD
✅ Discord 전송 완료

[13:32] HOLD | KODEX RSI60/-3.9%⬆️⚠️ | 보유:없음 | 최고신호 한국전력(015760) 6pt/4pt [RSI54★ / BB하단 / MA골 / 호가9.2★]
💰 예수금 95,923원 | KODEX200 RSI60/-3.8% 상승추세⬆️ 과열⚠️ | 매수기준 점수4pt↑

코드      종목명           가격    RSI     변화율    거래량     BB   호가비  B/S
────────────────────────────────────────────────────────────────────────
[2단계 분석 대상: 004020, 015760, 042660, 138040, 403870]
403870  HPSP      49,450   23.8   -10.2%    0.8x     하단  5.57  4pt/0 [5분]
055550  신한지주      91,400    0.0    +0.0%    0.0x     중간  2.72  2pt/0 [일봉]
015760  한국전력      38,350   65.0    -3.0%    0.6x     하단  6.48  4pt/0 [5분]
078930  GS        72,000    0.0    +0.0%    0.0x     중간  1.79  2pt/0 [일봉]
035720  카카오       38,750    0.0    +0.0%    0.0x     중간  4.59  2pt/0 [일봉]
030200  KT        51,900    0.0    +0.0%    0.0x     중간  1.29  1pt/0 [일봉]
003490  대한항공      26,500    0.0    +0.0%    0.0x     중간  1.28  1pt/0 [일봉]
004020  현대제철      38,250   66.7    -7.6%    0.5x     하단  8.64  4pt/0 [5분]

══════════════════════════════════════════════════
📉 KODEX200 -3.8% 급락 — 신규 매수 중단
→ 전종목 HOLD
✅ Discord 전송 완료

[13:34] HOLD | KODEX RSI60/-3.8%⬆️⚠️ | 보유:없음 | 최고신호 HPSP(403870) 4pt/4pt [RSI24 / BB하단 / 호가5.6★]
💰 예수금 95,923원 | KODEX200 RSI60/-3.6% 상승추세⬆️ 과열⚠️ | 매수기준 점수4pt↑

코드      종목명           가격    RSI     변화율    거래량     BB   호가비  B/S
────────────────────────────────────────────────────────────────────────
[2단계 분석 대상: 004020, 015760, 042660, 035720, 005380]
403870  HPSP      49,600    0.0    +0.0%    0.0x     중간  1.70  2pt/0 [일봉]
055550  신한지주      91,400    0.0    +0.0%    0.0x     중간  1.74  2pt/0 [일봉]
015760  한국전력      38,350   65.0    -2.9%    0.6x     하단  8.42  4pt/0 [5분]
078930  GS        72,300    0.0    +0.0%    0.0x     중간  0.83  0pt/0 [일봉]
035720  카카오       38,900   60.0    -4.0%    1.0x     하단  4.40  6pt/0 [5분]
030200  KT        51,900    0.0    +0.0%    0.0x     중간  1.31  1pt/0 [일봉]
003490  대한항공      26,550    0.0    +0.0%    0.0x     중간  0.69  0pt/0 [일봉]
004020  현대제철      38,300   66.7    -7.5%    0.5x     하단 11.31  4pt/0 [5분]

══════════════════════════════════════════════════
📉 KODEX200 -3.6% 급락 — 신규 매수 중단
→ 전종목 HOLD
✅ Discord 전송 완료

[13:36] HOLD | KODEX RSI60/-3.6%⬆️⚠️ | 보유:없음 | 최고신호 카카오(035720) 6pt/4pt [RSI60★ / BB하단 / MA골 / 호가4.4★]
💰 예수금 95,923원 | KODEX200 RSI61/-3.3% 상승추세⬆️ 과열⚠️ | 매수기준 점수4pt↑

코드      종목명           가격    RSI     변화율    거래량     BB   호가비  B/S
────────────────────────────────────────────────────────────────────────
[2단계 분석 대상: 004020, 035720, 105560, 138040, 042660]
403870  HPSP      49,700    0.0    +0.0%    0.0x     중간  1.72  2pt/0 [일봉]
055550  신한지주      91,600    0.0    +0.0%    0.0x     중간  1.52  2pt/0 [일봉]
015760  한국전력      38,550    0.0    +0.0%    0.0x     중간  3.30  2pt/0 [일봉]
078930  GS        72,600    0.0    +0.0%    0.0x     중간  0.40  0pt/0 [일봉]
035720  카카오       39,000   60.0    -3.8%    1.0x     하단  4.77  6pt/0 [5분]
030200  KT        51,900    0.0    +0.0%    0.0x     중간  1.30  1pt/0 [일봉]
003490  대한항공      26,600    0.0    +0.0%    0.0x     중간  0.53  0pt/0 [일봉]
004020  현대제철      38,400   66.7    -7.4%    0.5x     하단 12.36  4pt/0 [5분]

══════════════════════════════════════════════════
📉 KODEX200 -3.3% 급락 — 신규 매수 중단
→ 전종목 HOLD
✅ Discord 전송 완료

[13:38] HOLD | KODEX RSI61/-3.3%⬆️⚠️ | 보유:없음 | 최고신호 카카오(035720) 6pt/4pt [RSI60★ / BB하단 / MA골 / 호가4.8★]
💰 예수금 95,923원 | KODEX200 RSI61/-3.4% 상승추세⬆️ 과열⚠️ | 매수기준 점수4pt↑

코드      종목명           가격    RSI     변화율    거래량     BB   호가비  B/S
────────────────────────────────────────────────────────────────────────
[2단계 분석 대상: 004020, 403870, 015760, 105560, 035720]
403870  HPSP      49,500   26.3   -10.2%    0.8x     하단  5.77  4pt/0 [5분]
055550  신한지주      91,500    0.0    +0.0%    0.0x     중간  1.83  2pt/0 [일봉]
015760  한국전력      38,500   50.0    -2.6%    0.6x     하단  4.81  6pt/0 [5분]
078930  GS        72,500    0.0    +0.0%    0.0x     중간  0.84  0pt/0 [일봉]
035720  카카오       39,000   60.0    -4.0%    1.0x     하단  4.25  6pt/0 [5분]
030200  KT        51,900    0.0    +0.0%    0.0x     중간  1.31  1pt/0 [일봉]
003490  대한항공      26,500    0.0    +0.0%    0.0x     중간  1.42  1pt/0 [일봉]
004020  현대제철      38,350   61.5    -7.4%    0.5x     하단 10.94  4pt/0 [5분]

══════════════════════════════════════════════════
📉 KODEX200 -3.4% 급락 — 신규 매수 중단
→ 전종목 HOLD
✅ Discord 전송 완료

[13:40] HOLD | KODEX RSI61/-3.4%⬆️⚠️ | 보유:없음 | 최고신호 한국전력(015760) 6pt/4pt [RSI50★ / BB하단 / MA골 / 호가4.8★]
💰 예수금 95,923원 | KODEX200 RSI61/-3.4% 상승추세⬆️ 과열⚠️ | 매수기준 점수4pt↑

코드      종목명           가격    RSI     변화율    거래량     BB   호가비  B/S
────────────────────────────────────────────────────────────────────────
[2단계 분석 대상: 004020, 105560, 015760, 058470, 035720]
403870  HPSP      49,600    0.0    +0.0%    0.0x     중간  2.40  2pt/0 [일봉]
055550  신한지주      91,300    0.0    +0.0%    0.0x     중간  2.88  2pt/0 [일봉]
015760  한국전력      38,450   50.0    -2.8%    0.6x     하단  5.21  6pt/0 [5분]
078930  GS        72,400    0.0    +0.0%    0.0x     중간  0.92  0pt/0 [일봉]
035720  카카오       38,950   60.0    -3.8%    1.0x     하단  3.98  6pt/0 [5분]
030200  KT        51,900    0.0    +0.0%    0.0x     중간  1.27  1pt/0 [일봉]
003490  대한항공      26,500    0.0    +0.0%    0.0x     중간  1.37  1pt/0 [일봉]
004020  현대제철      38,300   61.5    -7.6%    0.5x     하단 10.57  4pt/0 [5분]

══════════════════════════════════════════════════
📉 KODEX200 -3.4% 급락 — 신규 매수 중단
→ 전종목 HOLD
✅ Discord 전송 완료

[13:42] HOLD | KODEX RSI61/-3.4%⬆️⚠️ | 보유:없음 | 최고신호 한국전력(015760) 6pt/4pt [RSI50★ / BB하단 / MA골 / 호가5.2★]
💰 예수금 95,923원 | KODEX200 RSI61/-3.5% 상승추세⬆️ 과열⚠️ | 매수기준 점수4pt↑

코드      종목명           가격    RSI     변화율    거래량     BB   호가비  B/S
────────────────────────────────────────────────────────────────────────
[2단계 분석 대상: 004020, 105560, 403870, 035720, 058470]
403870  HPSP      49,500   23.8   -10.3%    0.8x     하단  7.35  4pt/0 [5분]
055550  신한지주      91,600    0.0    +0.0%    0.0x     중간  2.47  2pt/0 [일봉]
015760  한국전력      38,600    0.0    +0.0%    0.0x     중간  2.71  2pt/0 [일봉]
078930  GS        72,500    0.0    +0.0%    0.0x     중간  0.90  0pt/0 [일봉]
035720  카카오       39,000   66.7    -3.7%    1.0x     하단  4.89  4pt/0 [5분]
030200  KT        51,900    0.0    +0.0%    0.0x     중간  1.52  2pt/0 [일봉]
003490  대한항공      26,500    0.0    +0.0%    0.0x     중간  1.20  1pt/0 [일봉]
004020  현대제철      38,350   64.0    -7.5%    0.5x     하단 12.03  5pt/0 [5분]

══════════════════════════════════════════════════
📉 KODEX200 -3.5% 급락 — 신규 매수 중단
→ 전종목 HOLD
✅ Discord 전송 완료

[13:44] HOLD | KODEX RSI61/-3.5%⬆️⚠️ | 보유:없음 | 최고신호 현대제철(004020) 5pt/4pt [BB하단 / MA골 / 호가12.0★ / 거래량증가]
💰 예수금 95,923원 | KODEX200 RSI60/-3.6% 상승추세⬆️ 과열⚠️ | 매수기준 점수4pt↑

코드      종목명           가격    RSI     변화율    거래량     BB   호가비  B/S
────────────────────────────────────────────────────────────────────────
[2단계 분석 대상: 403870, 004020, 035720, 105560, 000660]
403870  HPSP      49,500   23.8   -10.3%    0.8x     하단  7.04  4pt/0 [5분]
055550  신한지주      91,500    0.0    +0.0%    0.0x     중간  2.60  2pt/0 [일봉]
015760  한국전력      38,550    0.0    +0.0%    0.0x     중간  3.10  2pt/0 [일봉]
078930  GS        72,500    0.0    +0.0%    0.0x     중간  0.96  0pt/0 [일봉]
035720  카카오       39,000   66.7    -3.8%    1.0x     하단  5.18  4pt/0 [5분]
030200  KT        51,900    0.0    +0.0%    0.0x     중간  1.47  1pt/0 [일봉]
003490  대한항공      26,450    0.0    +0.0%    0.0x     중간  1.29  1pt/0 [일봉]
004020  현대제철      38,300   64.0    -7.6%    0.5x     하단  6.77  5pt/0 [5분]

══════════════════════════════════════════════════
📉 KODEX200 -3.6% 급락 — 신규 매수 중단
→ 전종목 HOLD
✅ Discord 전송 완료

[13:46] HOLD | KODEX RSI60/-3.6%⬆️⚠️ | 보유:없음 | 최고신호 현대제철(004020) 5pt/4pt [BB하단 / MA골 / 호가6.8★ / 거래량증가]
💰 예수금 95,923원 | KODEX200 RSI60/-3.8% 상승추세⬆️ 과열⚠️ | 매수기준 점수4pt↑

코드      종목명           가격    RSI     변화율    거래량     BB   호가비  B/S
────────────────────────────────────────────────────────────────────────
[2단계 분석 대상: 004020, 403870, 015760, 005380, 058470]
403870  HPSP      49,450   23.8   -10.4%    0.8x     하단  7.26  4pt/0 [5분]
055550  신한지주      91,600    0.0    +0.0%    0.0x     중간  2.12  2pt/0 [일봉]
015760  한국전력      38,450   54.2    -2.8%    0.6x     하단  5.49  6pt/0 [5분]
078930  GS        72,400    0.0    +0.0%    0.0x     중간  0.83  0pt/0 [일봉]
035720  카카오       39,050    0.0    +0.0%    0.0x     중간  3.16  2pt/0 [일봉]
030200  KT        52,100    0.0    +0.0%    0.0x     중간  1.43  1pt/0 [일봉]
003490  대한항공      26,450    0.0    +0.0%    0.0x     중간  1.29  1pt/0 [일봉]
004020  현대제철      38,150   64.0    -8.0%    0.5x     하단 11.49  5pt/0 [5분]

══════════════════════════════════════════════════
📉 KODEX200 -3.8% 급락 — 신규 매수 중단
→ 전종목 HOLD
✅ Discord 전송 완료

[13:48] HOLD | KODEX RSI60/-3.8%⬆️⚠️ | 보유:없음 | 최고신호 한국전력(015760) 6pt/4pt [RSI54★ / BB하단 / MA골 / 호가5.5★]
💰 예수금 95,923원 | KODEX200 RSI60/-3.8% 상승추세⬆️ 과열⚠️ | 매수기준 점수4pt↑

코드      종목명           가격    RSI     변화율    거래량     BB   호가비  B/S
────────────────────────────────────────────────────────────────────────
[2단계 분석 대상: 004020, 105560, 403870, 005380, 012450]
403870  HPSP      49,450   20.8   -10.4%    0.8x     하단  7.47  4pt/0 [5분]
055550  신한지주      91,500    0.0    +0.0%    0.0x     중간  1.83  2pt/0 [일봉]
015760  한국전력      38,450    0.0    +0.0%    0.0x     중간  4.36  2pt/0 [일봉]
078930  GS        72,500    0.0    +0.0%    0.0x     중간  0.62  0pt/0 [일봉]
035720  카카오       39,100    0.0    +0.0%    0.0x     중간  2.41  2pt/0 [일봉]
030200  KT        52,100    0.0    +0.0%    0.0x     중간  1.41  1pt/0 [일봉]
003490  대한항공      26,450    0.0    +0.0%    0.0x     중간  1.31  1pt/0 [일봉]
004020  현대제철      38,150   73.1    -8.0%    0.5x     하단  9.57  4pt/0 [5분]

══════════════════════════════════════════════════
📉 KODEX200 -3.8% 급락 — 신규 매수 중단
→ 전종목 HOLD
✅ Discord 전송 완료

[13:50] HOLD | KODEX RSI60/-3.8%⬆️⚠️ | 보유:없음 | 최고신호 HPSP(403870) 4pt/4pt [RSI21 / BB하단 / 호가7.5★]
💰 예수금 95,923원 | KODEX200 RSI61/-3.5% 상승추세⬆️ 과열⚠️ | 매수기준 점수4pt↑

코드      종목명           가격    RSI     변화율    거래량     BB   호가비  B/S
────────────────────────────────────────────────────────────────────────
[2단계 분석 대상: 004020, 105560, 403870, 015760, 005380]
403870  HPSP      49,500   20.8   -10.4%    0.8x     하단  5.64  4pt/0 [5분]
055550  신한지주      91,500    0.0    +0.0%    0.0x     중간  1.85  2pt/0 [일봉]
015760  한국전력      38,450   62.5    -2.8%    0.7x     하단  4.23  4pt/0 [5분]
078930  GS        72,500    0.0    +0.0%    0.0x     중간  0.76  0pt/0 [일봉]
035720  카카오       39,100    0.0    +0.0%    0.0x     중간  2.60  2pt/0 [일봉]
030200  KT        52,100    0.0    +0.0%    0.0x     중간  1.31  1pt/0 [일봉]
003490  대한항공      26,500    0.0    +0.0%    0.0x     중간  1.21  1pt/0 [일봉]
004020  현대제철      38,250   73.1    -7.7%    0.5x     하단  9.75  4pt/0 [5분]

══════════════════════════════════════════════════
📉 KODEX200 -3.5% 급락 — 신규 매수 중단
→ 전종목 HOLD
✅ Discord 전송 완료

[13:52] HOLD | KODEX RSI61/-3.5%⬆️⚠️ | 보유:없음 | 최고신호 HPSP(403870) 4pt/4pt [RSI21 / BB하단 / 호가5.6★]
💰 예수금 95,923원 | KODEX200 RSI60/-3.6% 상승추세⬆️ 과열⚠️ | 매수기준 점수4pt↑

코드      종목명           가격    RSI     변화율    거래량     BB   호가비  B/S
────────────────────────────────────────────────────────────────────────
[2단계 분석 대상: 004020, 403870, 012450, 005380, 015760]
403870  HPSP      49,350   44.1   -10.7%    0.8x     하단  7.75  5pt/0 [5분]
055550  신한지주      91,500    0.0    +0.0%    0.0x     중간  0.61  0pt/0 [일봉]
015760  한국전력      38,400   62.5    -2.9%    0.7x     하단  4.97  4pt/0 [5분]
078930  GS        72,500    0.0    +0.0%    0.0x     중간  0.78  0pt/0 [일봉]
035720  카카오       39,100    0.0    +0.0%    0.0x     중간  2.56  2pt/0 [일봉]
030200  KT        51,900    0.0    +0.0%    0.0x     중간  1.74  2pt/0 [일봉]
003490  대한항공      26,500    0.0    +0.0%    0.0x     중간  1.22  1pt/0 [일봉]
004020  현대제철      38,150   70.8    -8.0%    0.5x     하단 10.43  4pt/0 [5분]

══════════════════════════════════════════════════
📉 KODEX200 -3.6% 급락 — 신규 매수 중단
→ 전종목 HOLD
✅ Discord 전송 완료

[13:54] HOLD | KODEX RSI60/-3.6%⬆️⚠️ | 보유:없음 | 최고신호 HPSP(403870) 5pt/4pt [RSI44★ / BB하단 / 호가7.8★]
💰 예수금 95,923원 | KODEX200 RSI60/-3.6% 상승추세⬆️ 과열⚠️ | 매수기준 점수4pt↑

코드      종목명           가격    RSI     변화율    거래량     BB   호가비  B/S
────────────────────────────────────────────────────────────────────────
[2단계 분석 대상: 403870, 004020, 012450, 015760, 005380]
403870  HPSP      49,300   44.1   -10.6%    0.8x     하단  7.96  5pt/0 [5분]
055550  신한지주      91,600    0.0    +0.0%    0.0x     중간  0.36  0pt/0 [일봉]
015760  한국전력      38,400   62.5    -2.9%    0.7x     하단  4.66  4pt/0 [5분]
078930  GS        72,500    0.0    +0.0%    0.0x     중간  0.76  0pt/0 [일봉]
035720  카카오       39,150    0.0    +0.0%    0.0x     중간  2.11  2pt/0 [일봉]
030200  KT        52,000    0.0    +0.0%    0.0x     중간  1.87  2pt/0 [일봉]
003490  대한항공      26,500    0.0    +0.0%    0.0x     중간  1.40  1pt/0 [일봉]
004020  현대제철      38,150   70.8    -7.8%    0.5x     하단  7.81  4pt/0 [5분]

══════════════════════════════════════════════════
📉 KODEX200 -3.6% 급락 — 신규 매수 중단
→ 전종목 HOLD
✅ Discord 전송 완료

[13:56] HOLD | KODEX RSI60/-3.6%⬆️⚠️ | 보유:없음 | 최고신호 HPSP(403870) 5pt/4pt [RSI44★ / BB하단 / 호가8.0★]
💰 예수금 95,923원 | KODEX200 RSI60/-3.7% 상승추세⬆️ 과열⚠️ | 매수기준 점수4pt↑

코드      종목명           가격    RSI     변화율    거래량     BB   호가비  B/S
────────────────────────────────────────────────────────────────────────
[2단계 분석 대상: 403870, 004020, 005380, 015760, 058470]
403870  HPSP      49,350   44.1   -10.6%    0.8x     하단  9.81  5pt/0 [5분]
055550  신한지주      91,600    0.0    +0.0%    0.0x     중간  0.43  0pt/0 [일봉]
015760  한국전력      38,400   62.5    -2.9%    0.7x     하단  3.91  4pt/0 [5분]
078930  GS        72,400    0.0    +0.0%    0.0x     중간  0.97  0pt/0 [일봉]
035720  카카오       39,100    0.0    +0.0%    0.0x     중간  2.30  2pt/0 [일봉]
030200  KT        52,000    0.0    +0.0%    0.0x     중간  1.74  2pt/0 [일봉]
003490  대한항공      26,450    0.0    +0.0%    0.0x     중간  1.30  1pt/0 [일봉]
004020  현대제철      38,150   70.8    -8.0%    0.5x     하단  6.71  4pt/0 [5분]

══════════════════════════════════════════════════
📉 KODEX200 -3.7% 급락 — 신규 매수 중단
→ 전종목 HOLD
✅ Discord 전송 완료

[13:58] HOLD | KODEX RSI60/-3.7%⬆️⚠️ | 보유:없음 | 최고신호 HPSP(403870) 5pt/4pt [RSI44★ / BB하단 / 호가9.8★]
💰 예수금 95,923원 | KODEX200 RSI60/-3.6% 상승추세⬆️ 과열⚠️ | 매수기준 점수4pt↑

코드      종목명           가격    RSI     변화율    거래량     BB   호가비  B/S
────────────────────────────────────────────────────────────────────────
[2단계 분석 대상: 403870, 004020, 015760, 066970, 011070]
403870  HPSP      49,450   42.9   -10.7%    0.8x     하단  8.71  5pt/0 [5분]
055550  신한지주      91,700    0.0    +0.0%    0.0x     중간  0.55  0pt/0 [일봉]
015760  한국전력      38,400   65.4    -2.8%    0.7x     하단  3.94  4pt/0 [5분]
078930  GS        72,600    0.0    +0.0%    0.0x     중간  0.53  0pt/0 [일봉]
035720  카카오       39,100    0.0    +0.0%    0.0x     중간  2.08  2pt/0 [일봉]
030200  KT        52,000    0.0    +0.0%    0.0x     중간  1.72  2pt/0 [일봉]
003490  대한항공      26,500    0.0    +0.0%    0.0x     중간  1.36  1pt/0 [일봉]
004020  현대제철      38,150   68.2    -7.9%    0.5x     하단  6.32  4pt/0 [5분]

══════════════════════════════════════════════════
⏰ 매수 세션 종료 (14:00↑) — 신규 매수 중단
→ 전종목 HOLD
✅ Discord 전송 완료

[14:00] HOLD | KODEX RSI60/-3.6%⬆️⚠️ | 보유:없음 | 최고신호 HPSP(403870) 5pt/4pt [RSI43★ / BB하단 / 호가8.7★]
💰 예수금 95,923원 | KODEX200 RSI60/-3.9% 상승추세⬆️ 과열⚠️ | 매수기준 점수4pt↑

코드      종목명           가격    RSI     변화율    거래량     BB   호가비  B/S
────────────────────────────────────────────────────────────────────────
[2단계 분석 대상: 403870, 066970, 000660, 005380, 015760]
403870  HPSP      49,250   42.9   -10.9%    0.8x     하단 11.44  5pt/0 [5분]
055550  신한지주      91,900    0.0    +0.0%    0.0x     중간  0.52  0pt/0 [일봉]
015760  한국전력      38,350   65.4    -3.0%    0.7x     하단  4.71  4pt/0 [5분]
078930  GS        72,600    0.0    +0.0%    0.0x     중간  0.73  0pt/0 [일봉]
035720  카카오       39,100    0.0    +0.0%    0.0x     중간  1.87  2pt/0 [일봉]
030200  KT        52,100    0.0    +0.0%    0.0x     중간  1.77  2pt/0 [일봉]
003490  대한항공      26,450    0.0    +0.0%    0.0x     중간  1.42  1pt/0 [일봉]
004020  현대제철      38,100    0.0    +0.0%    0.0x     중간  4.23  2pt/0 [일봉]

══════════════════════════════════════════════════
⏰ 매수 세션 종료 (14:00↑) — 신규 매수 중단
→ 전종목 HOLD
✅ Discord 전송 완료

[14:02] HOLD | KODEX RSI60/-3.9%⬆️⚠️ | 보유:없음 | 최고신호 HPSP(403870) 5pt/4pt [RSI43★ / BB하단 / 호가11.4★]
💰 예수금 95,923원 | KODEX200 RSI60/-4.0% 상승추세⬆️ 과열⚠️ | 매수기준 점수4pt↑

코드      종목명           가격    RSI     변화율    거래량     BB   호가비  B/S
────────────────────────────────────────────────────────────────────────
[2단계 분석 대상: 403870, 066970, 015760, 005380, 329180]
403870  HPSP      49,200   47.4   -10.8%    0.8x     하단 13.11  5pt/0 [5분]
055550  신한지주      92,100    0.0    +0.0%    0.0x     중간  0.44  0pt/0 [일봉]
015760  한국전력      38,450   65.4    -2.8%    0.7x     하단  5.43  4pt/0 [5분]
078930  GS        72,600    0.0    +0.0%    0.0x     중간  0.51  0pt/0 [일봉]
035720  카카오       39,050    0.0    +0.0%    0.0x     중간  1.92  2pt/0 [일봉]
030200  KT        52,100    0.0    +0.0%    0.0x     중간  1.76  2pt/0 [일봉]
003490  대한항공      26,450    0.0    +0.0%    0.0x     중간  1.43  1pt/0 [일봉]
004020  현대제철      38,050    0.0    +0.0%    0.0x     중간  3.52  2pt/0 [일봉]

══════════════════════════════════════════════════
⏰ 매수 세션 종료 (14:00↑) — 신규 매수 중단
→ 전종목 HOLD
✅ Discord 전송 완료

[14:04] HOLD | KODEX RSI60/-4.0%⬆️⚠️ | 보유:없음 | 최고신호 HPSP(403870) 5pt/4pt [RSI47★ / BB하단 / 호가13.1★]
💰 예수금 95,923원 | KODEX200 RSI60/-4.0% 상승추세⬆️ 과열⚠️ | 매수기준 점수4pt↑

코드      종목명           가격    RSI     변화율    거래량     BB   호가비  B/S
────────────────────────────────────────────────────────────────────────
[2단계 분석 대상: 005380, 403870, 066970, 000660, 015760]
403870  HPSP      49,200   47.4   -10.9%    0.8x     하단  6.72  5pt/0 [5분]
055550  신한지주      92,000    0.0    +0.0%    0.0x     중간  0.44  0pt/0 [일봉]
015760  한국전력      38,400   65.4    -2.9%    0.7x     하단  5.19  4pt/0 [5분]
078930  GS        72,600    0.0    +0.0%    0.0x     중간  0.79  0pt/0 [일봉]
035720  카카오       39,050    0.0    +0.0%    0.0x     중간  1.77  2pt/0 [일봉]
030200  KT        52,100    0.0    +0.0%    0.0x     중간  1.56  2pt/0 [일봉]
003490  대한항공      26,400    0.0    +0.0%    0.0x     중간  1.76  2pt/0 [일봉]
004020  현대제철      38,050    0.0    +0.0%    0.0x     중간  4.14  2pt/0 [일봉]

══════════════════════════════════════════════════
⏰ 매수 세션 종료 (14:00↑) — 신규 매수 중단
→ 전종목 HOLD
✅ Discord 전송 완료

[14:06] HOLD | KODEX RSI60/-4.0%⬆️⚠️ | 보유:없음 | 최고신호 HPSP(403870) 5pt/4pt [RSI47★ / BB하단 / 호가6.7★]
💰 예수금 95,923원 | KODEX200 RSI61/-3.5% 상승추세⬆️ 과열⚠️ | 매수기준 점수4pt↑

코드      종목명           가격    RSI     변화율    거래량     BB   호가비  B/S
────────────────────────────────────────────────────────────────────────
[2단계 분석 대상: 004020, 058470, 015760, 005930, 017670]
403870  HPSP      49,650    0.0    +0.0%    0.0x     중간  2.50  2pt/0 [일봉]
055550  신한지주      92,200    0.0    +0.0%    0.0x     중간  0.21  0pt/0 [일봉]
015760  한국전력      38,550   65.4    -2.5%    0.7x     하단  3.09  4pt/0 [5분]
078930  GS        72,800    0.0    +0.0%    0.0x     중간  0.62  0pt/0 [일봉]
035720  카카오       39,250    0.0    +0.0%    0.0x     중간  1.69  2pt/0 [일봉]
030200  KT        52,100    0.0    +0.0%    0.0x     중간  1.56  2pt/0 [일봉]
003490  대한항공      26,500    0.0    +0.0%    0.0x     중간  1.25  1pt/0 [일봉]
004020  현대제철      38,450   50.0    -7.2%    0.5x     하단  8.13  7pt/0 [5분]

══════════════════════════════════════════════════
⏰ 매수 세션 종료 (14:00↑) — 신규 매수 중단
→ 전종목 HOLD
✅ Discord 전송 완료

[14:08] HOLD | KODEX RSI61/-3.5%⬆️⚠️ | 보유:없음 | 최고신호 현대제철(004020) 7pt/4pt [RSI50★ / BB하단 / MA골 / 호가8.1★ / 거래량증가]
💰 예수금 95,923원 | KODEX200 RSI61/-3.3% 상승추세⬆️ 과열⚠️ | 매수기준 점수4pt↑

코드      종목명           가격    RSI     변화율    거래량     BB   호가비  B/S
────────────────────────────────────────────────────────────────────────
[2단계 분석 대상: 004020, 015760, 086790, 058470, 005930]
403870  HPSP      49,700    0.0    +0.0%    0.0x     중간  0.56  0pt/0 [일봉]
055550  신한지주      92,200    0.0    +0.0%    0.0x     중간  0.31  0pt/0 [일봉]
015760  한국전력      38,500   47.2    -2.4%    0.7x     하단  4.36  6pt/0 [5분]
078930  GS        72,800    0.0    +0.0%    0.0x     중간  0.39  0pt/0 [일봉]
035720  카카오       39,250    0.0    +0.0%    0.0x     중간  1.44  1pt/0 [일봉]
030200  KT        52,100    0.0    +0.0%    0.0x     중간  1.56  2pt/0 [일봉]
003490  대한항공      26,500    0.0    +0.0%    0.0x     중간  1.39  1pt/0 [일봉]
004020  현대제철      38,500   41.9    -7.2%    0.5x     하단  7.48  7pt/0 [5분]

══════════════════════════════════════════════════
⏰ 매수 세션 종료 (14:00↑) — 신규 매수 중단
→ 전종목 HOLD
✅ Discord 전송 완료

[14:10] HOLD | KODEX RSI61/-3.3%⬆️⚠️ | 보유:없음 | 최고신호 현대제철(004020) 7pt/4pt [RSI42★ / BB하단 / MA골 / 호가7.5★ / 거래량증가]
💰 예수금 95,923원 | KODEX200 RSI61/-3.0% 상승추세⬆️ 과열⚠️ | 매수기준 점수4pt↑

코드      종목명           가격    RSI     변화율    거래량     BB   호가비  B/S
────────────────────────────────────────────────────────────────────────
[2단계 분석 대상: 004020, 042700, 138040, 086790, 015760]
403870  HPSP      49,800    0.0    +0.0%    0.0x     중간  0.72  0pt/0 [일봉]
055550  신한지주      92,300    0.0    +0.0%    0.0x     중간  0.29  0pt/0 [일봉]
015760  한국전력      38,600   47.2    -2.3%    0.7x     하단  2.55  6pt/0 [5분]
078930  GS        73,000    0.0    +0.0%    0.0x     중간  0.49  0pt/0 [일봉]
035720  카카오       39,300    0.0    +0.0%    0.0x     중간  1.05  0pt/0 [일봉]
030200  KT        52,100    0.0    +0.0%    0.0x     중간  2.06  2pt/0 [일봉]
003490  대한항공      26,550    0.0    +0.0%    0.0x     중간  0.78  0pt/0 [일봉]
004020  현대제철      38,500   41.9    -7.1%    0.5x     하단  6.10  7pt/0 [5분]

══════════════════════════════════════════════════
⏰ 매수 세션 종료 (14:00↑) — 신규 매수 중단
→ 전종목 HOLD
✅ Discord 전송 완료

[14:12] HOLD | KODEX RSI61/-3.0%⬆️⚠️ | 보유:없음 | 최고신호 현대제철(004020) 7pt/4pt [RSI42★ / BB하단 / MA골 / 호가6.1★ / 거래량증가]
💰 예수금 95,923원 | KODEX200 RSI62/-2.8% 상승추세⬆️ 과열⚠️ | 매수기준 점수4pt↑

코드      종목명           가격    RSI     변화율    거래량     BB   호가비  B/S
────────────────────────────────────────────────────────────────────────
[2단계 분석 대상: 030200, 004020, 042700, 138040, 015760]
403870  HPSP      49,800    0.0    +0.0%    0.0x     중간  1.03  0pt/0 [일봉]
055550  신한지주      92,500    0.0    +0.0%    0.0x     중간  0.47  0pt/0 [일봉]
015760  한국전력      38,650   47.2    -2.1%    0.7x     하단  2.03  6pt/0 [5분]
078930  GS        73,100    0.0    +0.0%    0.0x     중간  0.45  0pt/0 [일봉]
035720  카카오       39,400    0.0    +0.0%    0.0x     중간  1.03  0pt/0 [일봉]
030200  KT        52,300   72.7    -2.2%    0.9x     하단  2.59  4pt/0 [5분]
003490  대한항공      26,600    0.0    +0.0%    0.0x     중간  0.64  0pt/0 [일봉]
004020  현대제철      38,550   40.6    -7.0%    0.5x     하단  2.58  6pt/0 [5분]

══════════════════════════════════════════════════
⏰ 매수 세션 종료 (14:00↑) — 신규 매수 중단
→ 전종목 HOLD
✅ Discord 전송 완료

[14:14] HOLD | KODEX RSI62/-2.8%⬆️⚠️ | 보유:없음 | 최고신호 한국전력(015760) 6pt/4pt [RSI47★ / BB하단 / MA골 / 호가2.0★]
💰 예수금 95,923원 | KODEX200 RSI62/-2.8% 상승추세⬆️ 과열⚠️ | 매수기준 점수4pt↑

코드      종목명           가격    RSI     변화율    거래량     BB   호가비  B/S
────────────────────────────────────────────────────────────────────────
[2단계 분석 대상: 004020, 030200, 138040, 042700, 017670]
403870  HPSP      50,100    0.0    +0.0%    0.0x     중간  1.07  0pt/0 [일봉]
055550  신한지주      92,500    0.0    +0.0%    0.0x     중간  0.67  0pt/0 [일봉]
015760  한국전력      38,650    0.0    +0.0%    0.0x     중간  1.74  2pt/0 [일봉]
078930  GS        73,100    0.0    +0.0%    0.0x     중간  0.41  0pt/0 [일봉]
035720  카카오       39,350    0.0    +0.0%    0.0x     중간  0.90  0pt/0 [일봉]
030200  KT        52,200   72.7    -2.4%    0.9x     하단  2.84  4pt/0 [5분]
003490  대한항공      26,600    0.0    +0.0%    0.0x     중간  0.70  0pt/0 [일봉]
004020  현대제철      38,500   40.6    -7.1%    0.5x     하단  4.97  6pt/0 [5분]

══════════════════════════════════════════════════
⏰ 매수 세션 종료 (14:00↑) — 신규 매수 중단
→ 전종목 HOLD
✅ Discord 전송 완료

[14:16] HOLD | KODEX RSI62/-2.8%⬆️⚠️ | 보유:없음 | 최고신호 현대제철(004020) 6pt/4pt [RSI41★ / BB하단 / MA골 / 호가5.0★]
💰 예수금 95,923원 | KODEX200 RSI61/-3.0% 상승추세⬆️ 과열⚠️ | 매수기준 점수4pt↑

코드      종목명           가격    RSI     변화율    거래량     BB   호가비  B/S
────────────────────────────────────────────────────────────────────────
[2단계 분석 대상: 004020, 030200, 015760, 017670, 005930]
403870  HPSP      49,850    0.0    +0.0%    0.0x     중간  1.77  2pt/0 [일봉]
055550  신한지주      92,300    0.0    +0.0%    0.0x     중간  0.28  0pt/0 [일봉]
015760  한국전력      38,600   47.2    -2.4%    0.7x     하단  2.41  6pt/0 [5분]
078930  GS        73,100    0.0    +0.0%    0.0x     중간  0.55  0pt/0 [일봉]
035720  카카오       39,350    0.0    +0.0%    0.0x     중간  1.28  1pt/0 [일봉]
030200  KT        52,200   72.7    -2.4%    0.9x     하단  2.85  4pt/0 [5분]
003490  대한항공      26,550    0.0    +0.0%    0.0x     중간  0.94  0pt/0 [일봉]
004020  현대제철      38,450   40.6    -7.2%    0.5x     하단  6.38  6pt/0 [5분]

══════════════════════════════════════════════════
⏰ 매수 세션 종료 (14:00↑) — 신규 매수 중단
→ 전종목 HOLD
✅ Discord 전송 완료

[14:18] HOLD | KODEX RSI61/-3.0%⬆️⚠️ | 보유:없음 | 최고신호 한국전력(015760) 6pt/4pt [RSI47★ / BB하단 / MA골 / 호가2.4★]
💰 예수금 95,923원 | KODEX200 RSI61/-2.9% 상승추세⬆️ 과열⚠️ | 매수기준 점수4pt↑

코드      종목명           가격    RSI     변화율    거래량     BB   호가비  B/S
────────────────────────────────────────────────────────────────────────
[2단계 분석 대상: 004020, 015760, 403870, 030200, 042700]
403870  HPSP      49,800   41.0    -9.7%    0.8x     하단  2.77  5pt/0 [5분]
055550  신한지주      92,400    0.0    +0.0%    0.0x     중간  0.24  0pt/0 [일봉]
015760  한국전력      38,550   50.0    -2.5%    0.7x     하단  3.83  6pt/0 [5분]
078930  GS        73,200    0.0    +0.0%    0.0x     중간  0.51  0pt/0 [일봉]
035720  카카오       39,350    0.0    +0.0%    0.0x     중간  1.33  1pt/0 [일봉]
030200  KT        52,300   66.7    -2.1%    0.9x     중간  2.66  3pt/0 [5분]
003490  대한항공      26,600    0.0    +0.0%    0.0x     중간  0.75  0pt/0 [일봉]
004020  현대제철      38,450   47.2    -7.2%    0.5x     하단  4.69  5pt/0 [5분]

══════════════════════════════════════════════════
⏰ 매수 세션 종료 (14:00↑) — 신규 매수 중단
→ 전종목 HOLD
✅ Discord 전송 완료

[14:20] HOLD | KODEX RSI61/-2.9%⬆️⚠️ | 보유:없음 | 최고신호 한국전력(015760) 6pt/4pt [RSI50★ / BB하단 / MA골 / 호가3.8★]
💰 예수금 95,923원 | KODEX200 RSI62/-2.6% 상승추세⬆️ 과열⚠️ | 매수기준 점수4pt↑

코드      종목명           가격    RSI     변화율    거래량     BB   호가비  B/S
────────────────────────────────────────────────────────────────────────
[2단계 분석 대상: 004020, 017670, 030200, 015760, 042700]
403870  HPSP      50,000    0.0    +0.0%    0.0x     중간  1.17  0pt/0 [일봉]
055550  신한지주      92,400    0.0    +0.0%    0.0x     중간  0.24  0pt/0 [일봉]
015760  한국전력      38,600   50.0    -2.4%    0.7x     하단  2.84  6pt/0 [5분]
078930  GS        73,200    0.0    +0.0%    0.0x     중간  0.98  0pt/0 [일봉]
035720  카카오       39,400    0.0    +0.0%    0.0x     중간  0.98  0pt/0 [일봉]
030200  KT        52,200   66.7    -2.4%    0.9x     하단  2.87  4pt/0 [5분]
003490  대한항공      26,600    0.0    +0.0%    0.0x     중간  0.71  0pt/0 [일봉]
004020  현대제철      38,550   47.2    -7.0%    0.5x     하단  3.35  5pt/0 [5분]

══════════════════════════════════════════════════
⏰ 매수 세션 종료 (14:00↑) — 신규 매수 중단
→ 전종목 HOLD
✅ Discord 전송 완료

[14:22] HOLD | KODEX RSI62/-2.6%⬆️⚠️ | 보유:없음 | 최고신호 한국전력(015760) 6pt/4pt [RSI50★ / BB하단 / MA골 / 호가2.8★]
💰 예수금 95,923원 | KODEX200 RSI62/-2.5% 상승추세⬆️ 과열⚠️ | 매수기준 점수4pt↑

코드      종목명           가격    RSI     변화율    거래량     BB   호가비  B/S
────────────────────────────────────────────────────────────────────────
[2단계 분석 대상: 017670, 030200, 004020, 042700, 086790]
403870  HPSP      50,300    0.0    +0.0%    0.0x     중간  0.90  0pt/0 [일봉]
055550  신한지주      92,300    0.0    +0.0%    0.0x     중간  0.19  0pt/0 [일봉]
015760  한국전력      38,650    0.0    +0.0%    0.0x     중간  1.51  2pt/0 [일봉]
078930  GS        73,200    0.0    +0.0%    0.0x     중간  0.93  0pt/0 [일봉]
035720  카카오       39,450    0.0    +0.0%    0.0x     중간  0.86  0pt/0 [일봉]
030200  KT        52,200   71.4    -2.2%    0.9x     하단  2.68  4pt/0 [5분]
003490  대한항공      26,600    0.0    +0.0%    0.0x     중간  0.70  0pt/0 [일봉]
004020  현대제철      38,650   45.9    -6.8%    0.5x     하단  2.62  5pt/0 [5분]

══════════════════════════════════════════════════
⏰ 매수 세션 종료 (14:00↑) — 신규 매수 중단
→ 전종목 HOLD
✅ Discord 전송 완료

[14:24] HOLD | KODEX RSI62/-2.5%⬆️⚠️ | 보유:없음 | 최고신호 현대제철(004020) 5pt/4pt [RSI46★ / BB하단 / 호가2.6★]
💰 예수금 95,923원 | KODEX200 RSI63/-2.2% 상승추세⬆️ 과열⚠️ | 매수기준 점수4pt↑

코드      종목명           가격    RSI     변화율    거래량     BB   호가비  B/S
────────────────────────────────────────────────────────────────────────
[2단계 분석 대상: 004020, 017670, 042700, 010950, 012450]
403870  HPSP      50,300    0.0    +0.0%    0.0x     중간  0.99  0pt/0 [일봉]
055550  신한지주      92,300    0.0    +0.0%    0.0x     중간  0.20  0pt/0 [일봉]
015760  한국전력      38,600    0.0    +0.0%    0.0x     중간  1.70  2pt/0 [일봉]
078930  GS        73,100    0.0    +0.0%    0.0x     중간  0.65  0pt/0 [일봉]
035720  카카오       39,450    0.0    +0.0%    0.0x     중간  0.83  0pt/0 [일봉]
030200  KT        52,200    0.0    +0.0%    0.0x     중간  1.68  2pt/0 [일봉]
003490  대한항공      26,600    0.0    +0.0%    0.0x     중간  0.67  0pt/0 [일봉]
004020  현대제철      38,500   45.9    -7.0%    0.5x     하단  8.17  5pt/0 [5분]

══════════════════════════════════════════════════
⏰ 매수 세션 종료 (14:00↑) — 신규 매수 중단
→ 전종목 HOLD
✅ Discord 전송 완료

[14:26] HOLD | KODEX RSI63/-2.2%⬆️⚠️ | 보유:없음 | 최고신호 현대제철(004020) 5pt/4pt [RSI46★ / BB하단 / 호가8.2★]
💰 예수금 95,923원 | KODEX200 RSI63/-2.2% 상승추세⬆️ 과열⚠️ | 매수기준 점수4pt↑

코드      종목명           가격    RSI     변화율    거래량     BB   호가비  B/S
────────────────────────────────────────────────────────────────────────
[2단계 분석 대상: 004020, 086520, 017670, 010950, 042700]
403870  HPSP      50,200    0.0    +0.0%    0.0x     중간  0.82  0pt/0 [일봉]
055550  신한지주      92,600    0.0    +0.0%    0.0x     중간  0.21  0pt/0 [일봉]
015760  한국전력      38,650    0.0    +0.0%    0.0x     중간  1.71  2pt/0 [일봉]
078930  GS        73,200    0.0    +0.0%    0.0x     중간  0.74  0pt/0 [일봉]
035720  카카오       39,500    0.0    +0.0%    0.0x     중간  1.03  0pt/0 [일봉]
030200  KT        52,100    0.0    +0.0%    0.0x     중간  1.62  2pt/0 [일봉]
003490  대한항공      26,600    0.0    +0.0%    0.0x     중간  0.76  0pt/0 [일봉]
004020  현대제철      38,500   45.9    -7.1%    0.5x     하단  6.91  5pt/0 [5분]

══════════════════════════════════════════════════
⏰ 매수 세션 종료 (14:00↑) — 신규 매수 중단
→ 전종목 HOLD
✅ Discord 전송 완료

[14:28] HOLD | KODEX RSI63/-2.2%⬆️⚠️ | 보유:없음 | 최고신호 현대제철(004020) 5pt/4pt [RSI46★ / BB하단 / 호가6.9★]
💰 예수금 95,923원 | KODEX200 RSI63/-2.2% 상승추세⬆️ 과열⚠️ | 매수기준 점수4pt↑

코드      종목명           가격    RSI     변화율    거래량     BB   호가비  B/S
────────────────────────────────────────────────────────────────────────
[2단계 분석 대상: 017670, 004020, 042700, 272210, 005930]
403870  HPSP      49,950    0.0    +0.0%    0.0x     중간  1.53  2pt/0 [일봉]
055550  신한지주      92,800    0.0    +0.0%    0.0x     중간  0.31  0pt/0 [일봉]
015760  한국전력      38,700    0.0    +0.0%    0.0x     중간  1.59  2pt/0 [일봉]
078930  GS        73,300    0.0    +0.0%    0.0x     중간  0.65  0pt/0 [일봉]
035720  카카오       39,650    0.0    +0.0%    0.0x     중간  0.48  0pt/0 [일봉]
030200  KT        52,100    0.0    +0.0%    0.0x     중간  1.55  2pt/0 [일봉]
003490  대한항공      26,650    0.0    +0.0%    0.0x     중간  0.58  0pt/0 [일봉]
004020  현대제철      38,650   40.0    -6.8%    0.5x     하단  2.60  5pt/0 [5분]

══════════════════════════════════════════════════
⏰ 매수 세션 종료 (14:00↑) — 신규 매수 중단
→ 전종목 HOLD
✅ Discord 전송 완료

[14:30] HOLD | KODEX RSI63/-2.2%⬆️⚠️ | 보유:없음 | 최고신호 현대제철(004020) 5pt/4pt [RSI40★ / BB하단 / 호가2.6★]
💰 예수금 95,923원 | KODEX200 RSI63/-2.0% 상승추세⬆️  | 매수기준 점수4pt↑

코드      종목명           가격    RSI     변화율    거래량     BB   호가비  B/S
────────────────────────────────────────────────────────────────────────
[2단계 분석 대상: 004020, 017670, 000270, 042700, 086790]
403870  HPSP      50,000    0.0    +0.0%    0.0x     중간  1.43  1pt/0 [일봉]
055550  신한지주      92,700    0.0    +0.0%    0.0x     중간  0.34  0pt/0 [일봉]
015760  한국전력      38,650    0.0    +0.0%    0.0x     중간  1.78  2pt/0 [일봉]
078930  GS        73,400    0.0    +0.0%    0.0x     중간  0.95  0pt/0 [일봉]
035720  카카오       39,600    0.0    +0.0%    0.0x     중간  0.56  0pt/0 [일봉]
030200  KT        52,100    0.0    +0.0%    0.0x     중간  1.53  2pt/0 [일봉]
003490  대한항공      26,650    0.0    +0.0%    0.0x     중간  0.60  0pt/0 [일봉]
004020  현대제철      38,550   40.0    -7.0%    0.5x     하단  4.30  5pt/0 [5분]

══════════════════════════════════════════════════
⏰ 매수 세션 종료 (14:00↑) — 신규 매수 중단
→ 전종목 HOLD
✅ Discord 전송 완료

[14:32] HOLD | KODEX RSI63/-2.0%⬆️ | 보유:없음 | 최고신호 현대제철(004020) 5pt/4pt [RSI40★ / BB하단 / 호가4.3★]
💰 예수금 95,923원 | KODEX200 RSI63/-1.8% 상승추세⬆️  | 매수기준 점수4pt↑

코드      종목명           가격    RSI     변화율    거래량     BB   호가비  B/S
────────────────────────────────────────────────────────────────────────
[2단계 분석 대상: 004020, 017670, 086790, 042700, 272210]
403870  HPSP      50,100    0.0    +0.0%    0.0x     중간  1.83  2pt/0 [일봉]
055550  신한지주      92,700    0.0    +0.0%    0.0x     중간  0.49  0pt/0 [일봉]
015760  한국전력      38,700    0.0    +0.0%    0.0x     중간  0.76  0pt/0 [일봉]
078930  GS        73,600    0.0    +0.0%    0.0x     중간  1.44  1pt/0 [일봉]
035720  카카오       39,700    0.0    +0.0%    0.0x     중간  0.61  0pt/0 [일봉]
030200  KT        52,100    0.0    +0.0%    0.0x     중간  1.67  2pt/0 [일봉]
003490  대한항공      26,700    0.0    +0.0%    0.0x     중간  0.58  0pt/0 [일봉]
004020  현대제철      38,600   47.2    -6.9%    0.5x     하단  4.57  5pt/0 [5분]

══════════════════════════════════════════════════
⏰ 매수 세션 종료 (14:00↑) — 신규 매수 중단
→ 전종목 HOLD
✅ Discord 전송 완료

[14:34] HOLD | KODEX RSI63/-1.8%⬆️ | 보유:없음 | 최고신호 현대제철(004020) 5pt/4pt [RSI47★ / BB하단 / 호가4.6★]
💰 예수금 95,923원 | KODEX200 RSI64/-1.7% 상승추세⬆️  | 매수기준 점수4pt↑

코드      종목명           가격    RSI     변화율    거래량     BB   호가비  B/S
────────────────────────────────────────────────────────────────────────
[2단계 분석 대상: 004020, 403870, 017670, 086790, 042700]
403870  HPSP      50,300   52.6    -8.9%    0.9x     하단  3.10  6pt/0 [5분]
055550  신한지주      92,700    0.0    +0.0%    0.0x     중간  0.47  0pt/0 [일봉]
015760  한국전력      38,850    0.0    +0.0%    0.0x     중간  1.14  0pt/0 [일봉]
078930  GS        73,400    0.0    +0.0%    0.0x     중간  0.64  0pt/0 [일봉]
035720  카카오       39,750    0.0    +0.0%    0.0x     중간  0.57  0pt/0 [일봉]
030200  KT        52,100    0.0    +0.0%    0.0x     중간  1.68  2pt/0 [일봉]
003490  대한항공      26,750    0.0    +0.0%    0.0x     중간  0.51  0pt/0 [일봉]
004020  현대제철      38,750   47.2    -6.4%    0.6x     하단  3.37  5pt/0 [5분]

══════════════════════════════════════════════════
⏰ 매수 세션 종료 (14:00↑) — 신규 매수 중단
→ 전종목 HOLD
✅ Discord 전송 완료

[14:36] HOLD | KODEX RSI64/-1.7%⬆️ | 보유:없음 | 최고신호 HPSP(403870) 6pt/4pt [RSI53★ / BB하단 / MA골 / 호가3.1★]
💰 예수금 95,923원 | KODEX200 RSI63/-1.9% 상승추세⬆️  | 매수기준 점수4pt↑

코드      종목명           가격    RSI     변화율    거래량     BB   호가비  B/S
────────────────────────────────────────────────────────────────────────
[2단계 분석 대상: 042700, 017670, 086790, 403870, 030200]
403870  HPSP      50,200   52.6    -9.2%    0.9x     하단  2.42  6pt/0 [5분]
055550  신한지주      92,800    0.0    +0.0%    0.0x     중간  0.75  0pt/0 [일봉]
015760  한국전력      38,750    0.0    +0.0%    0.0x     중간  1.03  0pt/0 [일봉]
078930  GS        73,500    0.0    +0.0%    0.0x     중간  0.85  0pt/0 [일봉]
035720  카카오       39,700    0.0    +0.0%    0.0x     중간  0.65  0pt/0 [일봉]
030200  KT        52,100   66.7    -2.6%    0.9x     하단  1.83  4pt/0 [5분]
003490  대한항공      26,700    0.0    +0.0%    0.0x     중간  0.62  0pt/0 [일봉]
004020  현대제철      38,850    0.0    +0.0%    0.0x     중간  0.92  0pt/0 [일봉]

══════════════════════════════════════════════════
⏰ 매수 세션 종료 (14:00↑) — 신규 매수 중단
→ 전종목 HOLD
✅ Discord 전송 완료

[14:38] HOLD | KODEX RSI63/-1.9%⬆️ | 보유:없음 | 최고신호 HPSP(403870) 6pt/4pt [RSI53★ / BB하단 / MA골 / 호가2.4★]
💰 예수금 95,923원 | KODEX200 RSI63/-1.9% 상승추세⬆️  | 매수기준 점수4pt↑

코드      종목명           가격    RSI     변화율    거래량     BB   호가비  B/S
────────────────────────────────────────────────────────────────────────
[2단계 분석 대상: 042700, 058470, 017670, 086790, 015760]
403870  HPSP      50,100    0.0    +0.0%    0.0x     중간  1.64  2pt/0 [일봉]
055550  신한지주      92,800    0.0    +0.0%    0.0x     중간  0.74  0pt/0 [일봉]
015760  한국전력      38,850   40.0    -1.6%    0.7x     중간  1.93  4pt/0 [5분]
078930  GS        73,500    0.0    +0.0%    0.0x     중간  0.86  0pt/0 [일봉]
035720  카카오       39,700    0.0    +0.0%    0.0x     중간  0.72  0pt/0 [일봉]
030200  KT        52,100    0.0    +0.0%    0.0x     중간  1.74  2pt/0 [일봉]
003490  대한항공      26,750    0.0    +0.0%    0.0x     중간  0.56  0pt/0 [일봉]
004020  현대제철      39,100    0.0    +0.0%    0.0x     중간  0.53  0pt/0 [일봉]

══════════════════════════════════════════════════
⏰ 매수 세션 종료 (14:00↑) — 신규 매수 중단
→ 전종목 HOLD
✅ Discord 전송 완료

[14:40] HOLD | KODEX RSI63/-1.9%⬆️ | 보유:없음 | 최고신호 한국전력(015760) 4pt/4pt [RSI40★ / 호가1.9★]
💰 예수금 95,923원 | KODEX200 RSI63/-1.8% 상승추세⬆️  | 매수기준 점수4pt↑

코드      종목명           가격    RSI     변화율    거래량     BB   호가비  B/S
────────────────────────────────────────────────────────────────────────
[2단계 분석 대상: 042700, 017670, 066970, 058470, 012450]
403870  HPSP      50,200    0.0    +0.0%    0.0x     중간  1.73  2pt/0 [일봉]
055550  신한지주      92,700    0.0    +0.0%    0.0x     중간  0.43  0pt/0 [일봉]
015760  한국전력      38,850    0.0    +0.0%    0.0x     중간  1.79  2pt/0 [일봉]
078930  GS        73,500    0.0    +0.0%    0.0x     중간  0.87  0pt/0 [일봉]
035720  카카오       39,650    0.0    +0.0%    0.0x     중간  0.56  0pt/0 [일봉]
030200  KT        52,100    0.0    +0.0%    0.0x     중간  1.61  2pt/0 [일봉]
003490  대한항공      26,700    0.0    +0.0%    0.0x     중간  0.69  0pt/0 [일봉]
004020  현대제철      39,100    0.0    +0.0%    0.0x     중간  1.31  1pt/0 [일봉]

══════════════════════════════════════════════════
⏰ 매수 세션 종료 (14:00↑) — 신규 매수 중단
→ 전종목 HOLD
✅ Discord 전송 완료

[14:42] HOLD | KODEX RSI63/-1.8%⬆️ | 보유:없음 | 최고신호 HPSP(403870) 2pt/4pt [호가1.7★]
💰 예수금 95,923원 | KODEX200 RSI63/-2.1% 상승추세⬆️ 과열⚠️ | 매수기준 점수4pt↑

코드      종목명           가격    RSI     변화율    거래량     BB   호가비  B/S
────────────────────────────────────────────────────────────────────────
[2단계 분석 대상: 009150, 042700, 030200, 086520, 066970]
403870  HPSP      49,800    0.0    +0.0%    0.0x     중간  1.38  1pt/0 [일봉]
055550  신한지주      93,000    0.0    +0.0%    0.0x     중간  0.64  0pt/0 [일봉]
015760  한국전력      38,850    0.0    +0.0%    0.0x     중간  1.90  2pt/0 [일봉]
078930  GS        73,600    0.0    +0.0%    0.0x     중간  0.92  0pt/0 [일봉]
035720  카카오       39,700    0.0    +0.0%    0.0x     중간  0.60  0pt/0 [일봉]
030200  KT        52,300   66.7    -2.1%    1.0x     중간  3.17  4pt/0 [5분]
003490  대한항공      26,750    0.0    +0.0%    0.0x     중간  0.53  0pt/0 [일봉]
004020  현대제철      39,200    0.0    +0.0%    0.0x     중간  1.12  0pt/0 [일봉]

══════════════════════════════════════════════════
⏰ 매수 세션 종료 (14:00↑) — 신규 매수 중단
→ 전종목 HOLD
✅ Discord 전송 완료

[14:44] HOLD | KODEX RSI63/-2.1%⬆️⚠️ | 보유:없음 | 최고신호 KT(030200) 4pt/4pt [MA골 / 호가3.2★ / 거래량증가]
💰 예수금 95,923원 | KODEX200 RSI64/-1.7% 상승추세⬆️  | 매수기준 점수4pt↑

코드      종목명           가격    RSI     변화율    거래량     BB   호가비  B/S
────────────────────────────────────────────────────────────────────────
[2단계 분석 대상: 042700, 030200, 034020, 015760, 086790]
403870  HPSP      50,100    0.0    +0.0%    0.0x     중간  0.68  0pt/0 [일봉]
055550  신한지주      92,900    0.0    +0.0%    0.0x     중간  0.50  0pt/0 [일봉]
015760  한국전력      38,900   47.1    -1.5%    0.7x     중간  1.77  4pt/0 [5분]
078930  GS        73,600    0.0    +0.0%    0.0x     중간  0.58  0pt/0 [일봉]
035720  카카오       39,750    0.0    +0.0%    0.0x     중간  0.57  0pt/0 [일봉]
030200  KT        52,300   66.7    -2.1%    1.0x     중간  3.03  4pt/0 [5분]
003490  대한항공      26,700    0.0    +0.0%    0.0x     중간  0.74  0pt/0 [일봉]
004020  현대제철      39,350    0.0    +0.0%    0.0x     중간  1.57  2pt/0 [일봉]

══════════════════════════════════════════════════
⏰ 매수 세션 종료 (14:00↑) — 신규 매수 중단
→ 전종목 HOLD
✅ Discord 전송 완료

[14:46] HOLD | KODEX RSI64/-1.7%⬆️ | 보유:없음 | 최고신호 한국전력(015760) 4pt/4pt [RSI47★ / 호가1.8★]
💰 예수금 95,923원 | KODEX200 RSI64/-1.7% 상승추세⬆️  | 매수기준 점수4pt↑

코드      종목명           가격    RSI     변화율    거래량     BB   호가비  B/S
────────────────────────────────────────────────────────────────────────
[2단계 분석 대상: 042700, 034020, 030200, 017670, 042660]
403870  HPSP      49,950    0.0    +0.0%    0.0x     중간  1.49  1pt/0 [일봉]
055550  신한지주      92,600    0.0    +0.0%    0.0x     중간  0.32  0pt/0 [일봉]
015760  한국전력      38,900    0.0    +0.0%    0.0x     중간  1.38  1pt/0 [일봉]
078930  GS        73,600    0.0    +0.0%    0.0x     중간  0.58  0pt/0 [일봉]
035720  카카오       39,750    0.0    +0.0%    0.0x     중간  0.56  0pt/0 [일봉]
030200  KT        52,300   66.7    -2.1%    1.0x     중간  2.46  4pt/0 [5분]
003490  대한항공      26,800    0.0    +0.0%    0.0x     중간  0.50  0pt/0 [일봉]
004020  현대제철      39,350    0.0    +0.0%    0.0x     중간  1.29  1pt/0 [일봉]

══════════════════════════════════════════════════
⏰ 매수 세션 종료 (14:00↑) — 신규 매수 중단
→ 전종목 HOLD
✅ Discord 전송 완료

[14:48] HOLD | KODEX RSI64/-1.7%⬆️ | 보유:없음 | 최고신호 KT(030200) 4pt/4pt [MA골 / 호가2.5★ / 거래량증가]
💰 예수금 95,923원 | KODEX200 RSI64/-1.5% 상승추세⬆️  | 매수기준 점수4pt↑

코드      종목명           가격    RSI     변화율    거래량     BB   호가비  B/S
────────────────────────────────────────────────────────────────────────
[2단계 분석 대상: 034020, 042700, 030200, 017670, 086790]
403870  HPSP      50,200    0.0    +0.0%    0.0x     중간  1.10  0pt/0 [일봉]
055550  신한지주      92,800    0.0    +0.0%    0.0x     중간  0.52  0pt/0 [일봉]
015760  한국전력      38,900    0.0    +0.0%    0.0x     중간  1.49  1pt/0 [일봉]
078930  GS        73,700    0.0    +0.0%    0.0x     중간  0.60  0pt/0 [일봉]
035720  카카오       39,800    0.0    +0.0%    0.0x     중간  0.61  0pt/0 [일봉]
030200  KT        52,300   61.5    -2.2%    1.0x     하단  2.89  4pt/0 [5분]
003490  대한항공      26,850    0.0    +0.0%    0.0x     중간  0.47  0pt/0 [일봉]
004020  현대제철      39,350    0.0    +0.0%    0.0x     중간  1.46  1pt/0 [일봉]

══════════════════════════════════════════════════
⏰ 매수 세션 종료 (14:00↑) — 신규 매수 중단
→ 전종목 HOLD
✅ Discord 전송 완료

[14:50] HOLD | KODEX RSI64/-1.5%⬆️ | 보유:없음 | 최고신호 KT(030200) 4pt/4pt [BB하단 / MA골 / 호가2.9★]
💰 예수금 95,923원 | KODEX200 RSI64/-1.4% 상승추세⬆️  | 매수기준 점수4pt↑

코드      종목명           가격    RSI     변화율    거래량     BB   호가비  B/S
────────────────────────────────────────────────────────────────────────
[2단계 분석 대상: 042700, 030200, 086790, 017670, 010950]
403870  HPSP      50,400    0.0    +0.0%    0.0x     중간  1.44  1pt/0 [일봉]
055550  신한지주      92,800    0.0    +0.0%    0.0x     중간  0.51  0pt/0 [일봉]
015760  한국전력      38,900    0.0    +0.0%    0.0x     중간  1.65  2pt/0 [일봉]
078930  GS        73,700    0.0    +0.0%    0.0x     중간  0.51  0pt/0 [일봉]
035720  카카오       39,800    0.0    +0.0%    0.0x     중간  0.73  0pt/0 [일봉]
030200  KT        52,200   61.5    -2.4%    1.0x     하단  3.29  4pt/0 [5분]
003490  대한항공      26,850    0.0    +0.0%    0.0x     중간  0.51  0pt/0 [일봉]
004020  현대제철      39,300    0.0    +0.0%    0.0x     중간  1.52  2pt/0 [일봉]

══════════════════════════════════════════════════
⏰ 매수 세션 종료 (14:00↑) — 신규 매수 중단
→ 전종목 HOLD
✅ Discord 전송 완료

[14:52] HOLD | KODEX RSI64/-1.4%⬆️ | 보유:없음 | 최고신호 KT(030200) 4pt/4pt [BB하단 / MA골 / 호가3.3★]
💰 예수금 95,923원 | KODEX200 RSI64/-1.3% 상승추세⬆️  | 매수기준 점수4pt↑

코드      종목명           가격    RSI     변화율    거래량     BB   호가비  B/S
────────────────────────────────────────────────────────────────────────
[2단계 분석 대상: 030200, 086790, 015760, 004020, 105560]
403870  HPSP      50,700    0.0    +0.0%    0.0x     중간  1.40  1pt/0 [일봉]
055550  신한지주      92,900    0.0    +0.0%    0.0x     중간  0.74  0pt/0 [일봉]
015760  한국전력      39,000   40.0    -1.4%    0.8x     중간  2.21  4pt/0 [5분]
078930  GS        73,800    0.0    +0.0%    0.0x     중간  0.25  0pt/0 [일봉]
035720  카카오       39,850    0.0    +0.0%    0.0x     중간  0.51  0pt/0 [일봉]
030200  KT        52,300   50.0    -2.1%    1.0x     하단  3.10  6pt/0 [5분]
003490  대한항공      26,850    0.0    +0.0%    0.0x     중간  0.42  0pt/0 [일봉]
004020  현대제철      39,300   40.0    -5.1%    0.6x     하단  2.11  5pt/0 [5분]

══════════════════════════════════════════════════
⏰ 매수 세션 종료 (14:00↑) — 신규 매수 중단
→ 전종목 HOLD
✅ Discord 전송 완료

[14:54] HOLD | KODEX RSI64/-1.3%⬆️ | 보유:없음 | 최고신호 KT(030200) 6pt/4pt [RSI50★ / BB하단 / MA골 / 호가3.1★]
💰 예수금 95,923원 | KODEX200 RSI64/-1.4% 상승추세⬆️  | 매수기준 점수4pt↑

코드      종목명           가격    RSI     변화율    거래량     BB   호가비  B/S
────────────────────────────────────────────────────────────────────────
[2단계 분석 대상: 030200, 086790, 004020, 015760, 105560]
403870  HPSP      50,700    0.0    +0.0%    0.0x     중간  1.07  0pt/0 [일봉]
055550  신한지주      92,900    0.0    +0.0%    0.0x     중간  0.76  0pt/0 [일봉]
015760  한국전력      39,000   40.0    -1.4%    0.8x     중간  1.82  4pt/0 [5분]
078930  GS        73,800    0.0    +0.0%    0.0x     중간  0.47  0pt/0 [일봉]
035720  카카오       39,900    0.0    +0.0%    0.0x     중간  0.40  0pt/0 [일봉]
030200  KT        52,300   50.0    -2.2%    1.0x     하단  2.94  6pt/0 [5분]
003490  대한항공      26,850    0.0    +0.0%    0.0x     중간  0.42  0pt/0 [일봉]
004020  현대제철      39,300   40.0    -5.2%    0.6x     하단  1.90  5pt/0 [5분]

══════════════════════════════════════════════════
⏰ 매수 세션 종료 (14:00↑) — 신규 매수 중단
→ 전종목 HOLD
✅ Discord 전송 완료

[14:56] HOLD | KODEX RSI64/-1.4%⬆️ | 보유:없음 | 최고신호 KT(030200) 6pt/4pt [RSI50★ / BB하단 / MA골 / 호가2.9★]
💰 예수금 95,923원 | KODEX200 RSI64/-1.4% 상승추세⬆️  | 매수기준 점수4pt↑

코드      종목명           가격    RSI     변화율    거래량     BB   호가비  B/S
────────────────────────────────────────────────────────────────────────
[2단계 분석 대상: 030200, 000720, 011070, 032830, 015760]
403870  HPSP      50,500    0.0    +0.0%    0.0x     중간  1.64  2pt/0 [일봉]
055550  신한지주      92,900    0.0    +0.0%    0.0x     중간  0.64  0pt/0 [일봉]
015760  한국전력      38,950   40.0    -1.5%    0.8x     중간  1.70  4pt/0 [5분]
078930  GS        73,900    0.0    +0.0%    0.0x     중간  0.20  0pt/0 [일봉]
035720  카카오       39,950    0.0    +0.0%    0.0x     중간  0.57  0pt/0 [일봉]
030200  KT        52,300   50.0    -2.1%    1.0x     중간  2.90  5pt/0 [5분]
003490  대한항공      26,850    0.0    +0.0%    0.0x     중간  0.39  0pt/0 [일봉]
004020  현대제철      39,250    0.0    +0.0%    0.0x     중간  0.74  0pt/0 [일봉]

══════════════════════════════════════════════════
⏰ 매수 세션 종료 (14:00↑) — 신규 매수 중단
→ 전종목 HOLD
✅ Discord 전송 완료

[14:58] HOLD | KODEX RSI64/-1.4%⬆️ | 보유:없음 | 최고신호 KT(030200) 5pt/4pt [RSI50★ / MA골 / 호가2.9★]
💰 예수금 95,923원 | KODEX200 RSI64/-1.4% 상승추세⬆️  | 매수기준 점수4pt↑

코드      종목명           가격    RSI     변화율    거래량     BB   호가비  B/S
────────────────────────────────────────────────────────────────────────
[2단계 분석 대상: 030200, 011070, 042660, 015760, 105560]
403870  HPSP      50,500    0.0    +0.0%    0.0x     중간  1.51  2pt/0 [일봉]
055550  신한지주      92,900    0.0    +0.0%    0.0x     중간  0.56  0pt/0 [일봉]
015760  한국전력      38,950   36.8    -1.5%    0.8x     중간  1.83  3pt/0 [5분]
078930  GS        73,900    0.0    +0.0%    0.0x     중간  0.13  0pt/0 [일봉]
035720  카카오       40,000    0.0    +0.0%    0.0x     중간  0.71  0pt/0 [일봉]
030200  KT        52,400   50.0    -2.1%    1.0x     중간  2.57  5pt/0 [5분]
003490  대한항공      26,850    0.0    +0.0%    0.0x     중간  0.36  0pt/0 [일봉]
004020  현대제철      39,700    0.0    +0.0%    0.0x     중간  0.46  0pt/0 [일봉]

══════════════════════════════════════════════════
⏰ 매수 세션 종료 (14:00↑) — 신규 매수 중단
→ 전종목 HOLD
✅ Discord 전송 완료

[15:00] HOLD | KODEX RSI64/-1.4%⬆️ | 보유:없음 | 최고신호 KT(030200) 5pt/4pt [RSI50★ / 호가2.6★ / 거래량증가]
💰 예수금 95,923원 | KODEX200 RSI65/-1.0% 상승추세⬆️  | 매수기준 점수4pt↑

코드      종목명           가격    RSI     변화율    거래량     BB   호가비  B/S
────────────────────────────────────────────────────────────────────────
[2단계 분석 대상: 086790, 015760, 030200, 272210, 042700]
403870  HPSP      50,800    0.0    +0.0%    0.0x     중간  1.18  0pt/0 [일봉]
055550  신한지주      92,800    0.0    +0.0%    0.0x     중간  0.50  0pt/0 [일봉]
015760  한국전력      39,050   36.8    -1.3%    0.8x     중간  2.59  3pt/0 [5분]
078930  GS        73,900    0.0    +0.0%    0.0x     중간  0.19  0pt/0 [일봉]
035720  카카오       40,000    0.0    +0.0%    0.0x     중간  0.50  0pt/0 [일봉]
030200  KT        52,400   50.0    -2.1%    1.0x     중간  2.56  5pt/0 [5분]
003490  대한항공      26,900    0.0    +0.0%    0.0x     중간  0.43  0pt/0 [일봉]
004020  현대제철      39,650    0.0    +0.0%    0.0x     중간  0.71  0pt/0 [일봉]

══════════════════════════════════════════════════
⏰ 매수 세션 종료 (14:00↑) — 신규 매수 중단
→ 전종목 HOLD
✅ Discord 전송 완료

[15:02] HOLD | KODEX RSI65/-1.0%⬆️ | 보유:없음 | 최고신호 KT(030200) 5pt/4pt [RSI50★ / 호가2.6★ / 거래량증가]
💰 예수금 95,923원 | KODEX200 RSI65/-1.0% 상승추세⬆️  | 매수기준 점수4pt↑

코드      종목명           가격    RSI     변화율    거래량     BB   호가비  B/S
────────────────────────────────────────────────────────────────────────
[2단계 분석 대상: 272210, 030200, 086790, 042660, 066970]
403870  HPSP      50,700    0.0    +0.0%    0.0x     중간  0.94  0pt/0 [일봉]
055550  신한지주      92,900    0.0    +0.0%    0.0x     중간  0.75  0pt/0 [일봉]
015760  한국전력      39,100    0.0    +0.0%    0.0x     중간  1.49  1pt/0 [일봉]
078930  GS        74,000    0.0    +0.0%    0.0x     중간  0.10  0pt/0 [일봉]
035720  카카오       40,100    0.0    +0.0%    0.0x     중간  0.76  0pt/0 [일봉]
030200  KT        52,400   37.5    -2.1%    1.0x     중간  2.66  3pt/0 [5분]
003490  대한항공      26,950    0.0    +0.0%    0.0x     중간  0.40  0pt/0 [일봉]
004020  현대제철      39,600    0.0    +0.0%    0.0x     중간  0.43  0pt/0 [일봉]

══════════════════════════════════════════════════
⏰ 매수 세션 종료 (14:00↑) — 신규 매수 중단
→ 전종목 HOLD
✅ Discord 전송 완료

[15:04] HOLD | KODEX RSI65/-1.0%⬆️ | 보유:없음 | 최고신호 KT(030200) 3pt/4pt [RSI38 / 호가2.7★]
💰 예수금 95,923원 | KODEX200 RSI65/-1.0% 상승추세⬆️  | 매수기준 점수4pt↑

코드      종목명           가격    RSI     변화율    거래량     BB   호가비  B/S
────────────────────────────────────────────────────────────────────────
[2단계 분석 대상: 030200, 272210, 086790, 042660, 012450]
403870  HPSP      50,700    0.0    +0.0%    0.0x     중간  0.88  0pt/0 [일봉]
055550  신한지주      93,000    0.0    +0.0%    0.0x     중간  0.86  0pt/0 [일봉]
015760  한국전력      39,050    0.0    +0.0%    0.0x     중간  1.40  1pt/0 [일봉]
078930  GS        74,000    0.0    +0.0%    0.0x     중간  0.09  0pt/0 [일봉]
035720  카카오       40,150    0.0    +0.0%    0.0x     중간  0.86  0pt/0 [일봉]
030200  KT        52,500   37.5    -1.7%    1.0x     중간  3.43  3pt/0 [5분]
003490  대한항공      27,000    0.0    +0.0%    0.0x     중간  0.46  0pt/0 [일봉]
004020  현대제철      39,550    0.0    +0.0%    0.0x     중간  0.60  0pt/0 [일봉]

══════════════════════════════════════════════════
⏰ 매수 세션 종료 (14:00↑) — 신규 매수 중단
→ 전종목 HOLD
✅ Discord 전송 완료

[15:06] HOLD | KODEX RSI65/-1.0%⬆️ | 보유:없음 | 최고신호 KT(030200) 3pt/4pt [RSI38 / 호가3.4★]
💰 예수금 95,923원 | KODEX200 RSI65/-1.0% 상승추세⬆️  | 매수기준 점수4pt↑

코드      종목명           가격    RSI     변화율    거래량     BB   호가비  B/S
────────────────────────────────────────────────────────────────────────
[2단계 분석 대상: 030200, 272210, 034020, 042660, 403870]
403870  HPSP      50,700   55.6    -8.2%    0.9x     하단  1.46  5pt/0 [5분]
055550  신한지주      93,000    0.0    +0.0%    0.0x     중간  0.69  0pt/0 [일봉]
015760  한국전력      39,050    0.0    +0.0%    0.0x     중간  0.90  0pt/0 [일봉]
078930  GS        74,100    0.0    +0.0%    0.0x     중간  0.11  0pt/0 [일봉]
035720  카카오       40,100    0.0    +0.0%    0.0x     중간  0.68  0pt/0 [일봉]
030200  KT        52,500   37.5    -1.9%    1.0x     중간  3.05  3pt/0 [5분]
003490  대한항공      27,000    0.0    +0.0%    0.0x     중간  0.43  0pt/0 [일봉]
004020  현대제철      39,500    0.0    +0.0%    0.0x     중간  0.87  0pt/0 [일봉]

══════════════════════════════════════════════════
⏰ 매수 세션 종료 (14:00↑) — 신규 매수 중단
→ 전종목 HOLD
✅ Discord 전송 완료

[15:08] HOLD | KODEX RSI65/-1.0%⬆️ | 보유:없음 | 최고신호 HPSP(403870) 5pt/4pt [RSI56★ / BB하단 / MA골 / 호가1.5]
💰 예수금 95,923원 | KODEX200 RSI65/-0.9% 상승추세⬆️  | 매수기준 점수4pt↑

코드      종목명           가격    RSI     변화율    거래량     BB   호가비  B/S
────────────────────────────────────────────────────────────────────────
[2단계 분석 대상: 030200, 272210, 011070, 066970, 042660]
403870  HPSP      50,700    0.0    +0.0%    0.0x     중간  1.16  0pt/0 [일봉]
055550  신한지주      92,600    0.0    +0.0%    0.0x     중간  0.66  0pt/0 [일봉]
015760  한국전력      39,050    0.0    +0.0%    0.0x     중간  0.79  0pt/0 [일봉]
078930  GS        74,000    0.0    +0.0%    0.0x     중간  0.20  0pt/0 [일봉]
035720  카카오       40,100    0.0    +0.0%    0.0x     중간  0.59  0pt/0 [일봉]
030200  KT        52,300   43.8    -2.1%    1.0x     중간  4.65  4pt/0 [5분]
003490  대한항공      26,950    0.0    +0.0%    0.0x     중간  0.58  0pt/0 [일봉]
004020  현대제철      39,550    0.0    +0.0%    0.0x     중간  1.08  0pt/0 [일봉]

══════════════════════════════════════════════════
🕐 15:10 이후 — 장 마감 청산 모드
⏰ 매수 세션 종료 (14:00↑) — 신규 매수 중단
→ 전종목 HOLD
✅ Discord 전송 완료

[15:10] HOLD | KODEX RSI65/-0.9%⬆️ | 보유:없음 | 최고신호 KT(030200) 4pt/4pt [RSI44★ / 호가4.7★]
💰 예수금 95,923원 | KODEX200 RSI66/-0.6% 상승추세⬆️  | 매수기준 점수4pt↑

코드      종목명           가격    RSI     변화율    거래량     BB   호가비  B/S
────────────────────────────────────────────────────────────────────────
[2단계 분석 대상: 272210, 042660, 030200, 012450, 005380]
403870  HPSP      50,600    0.0    +0.0%    0.0x     중간  1.17  0pt/0 [일봉]
055550  신한지주      92,700    0.0    +0.0%    0.0x     중간  1.11  0pt/0 [일봉]
015760  한국전력      39,050    0.0    +0.0%    0.0x     중간  0.77  0pt/0 [일봉]
078930  GS        74,000    0.0    +0.0%    0.0x     중간  0.11  0pt/0 [일봉]
035720  카카오       40,150    0.0    +0.0%    0.0x     중간  0.58  0pt/0 [일봉]
030200  KT        52,300   43.8    -2.2%    1.0x     하단  1.97  5pt/0 [5분]
003490  대한항공      27,000    0.0    +0.0%    0.0x     중간  1.03  0pt/0 [일봉]
004020  현대제철      39,600    0.0    +0.0%    0.0x     중간  1.17  0pt/0 [일봉]

══════════════════════════════════════════════════
🕐 15:10 이후 — 장 마감 청산 모드
⏰ 매수 세션 종료 (14:00↑) — 신규 매수 중단
→ 전종목 HOLD
✅ Discord 전송 완료

[15:12] HOLD | KODEX RSI66/-0.6%⬆️ | 보유:없음 | 최고신호 KT(030200) 5pt/4pt [RSI44★ / BB하단 / 호가2.0★]
💰 예수금 95,923원 | KODEX200 RSI66/-0.6% 상승추세⬆️  | 매수기준 점수4pt↑

코드      종목명           가격    RSI     변화율    거래량     BB   호가비  B/S
────────────────────────────────────────────────────────────────────────
[2단계 분석 대상: 272210, 042700, 030200, 017670, 086790]
403870  HPSP      50,700    0.0    +0.0%    0.0x     중간  1.04  0pt/0 [일봉]
055550  신한지주      93,000    0.0    +0.0%    0.0x     중간  1.44  1pt/0 [일봉]
015760  한국전력      39,050    0.0    +0.0%    0.0x     중간  0.74  0pt/0 [일봉]
078930  GS        74,000    0.0    +0.0%    0.0x     중간  0.27  0pt/0 [일봉]
035720  카카오       40,150    0.0    +0.0%    0.0x     중간  0.59  0pt/0 [일봉]
030200  KT        52,500   39.4    -1.9%    1.0x     중간  1.85  3pt/0 [5분]
003490  대한항공      27,000    0.0    +0.0%    0.0x     중간  0.95  0pt/0 [일봉]
004020  현대제철      39,650    0.0    +0.0%    0.0x     중간  1.20  1pt/0 [일봉]

══════════════════════════════════════════════════
🕐 15:10 이후 — 장 마감 청산 모드
⏰ 매수 세션 종료 (14:00↑) — 신규 매수 중단
→ 전종목 HOLD
✅ Discord 전송 완료

[15:14] HOLD | KODEX RSI66/-0.6%⬆️ | 보유:없음 | 최고신호 KT(030200) 3pt/4pt [RSI39 / 호가1.9★]
💰 예수금 95,923원 | KODEX200 RSI66/-0.5% 상승추세⬆️  | 매수기준 점수4pt↑

코드      종목명           가격    RSI     변화율    거래량     BB   호가비  B/S
────────────────────────────────────────────────────────────────────────
[2단계 분석 대상: 030200, 042700, 086790, 000720, 003490]
403870  HPSP      50,700    0.0    +0.0%    0.0x     중간  1.23  1pt/0 [일봉]
055550  신한지주      92,900    0.0    +0.0%    0.0x     중간  1.11  0pt/0 [일봉]
015760  한국전력      39,050    0.0    +0.0%    0.0x     중간  1.18  0pt/0 [일봉]
078930  GS        74,100    0.0    +0.0%    0.0x     중간  0.20  0pt/0 [일봉]
035720  카카오       40,250    0.0    +0.0%    0.0x     중간  0.61  0pt/0 [일봉]
030200  KT        52,600   39.4    -1.9%    1.0x     중간  2.08  3pt/0 [5분]
003490  대한항공      27,000   20.8    +0.4%    1.2x     상단  1.34  3pt/0 [5분]
004020  현대제철      39,800    0.0    +0.0%    0.0x     중간  0.89  0pt/0 [일봉]

══════════════════════════════════════════════════
🕐 15:10 이후 — 장 마감 청산 모드
⏰ 매수 세션 종료 (14:00↑) — 신규 매수 중단
→ 전종목 HOLD
✅ Discord 전송 완료

[15:16] HOLD | KODEX RSI66/-0.5%⬆️ | 보유:없음 | 최고신호 KT(030200) 3pt/4pt [RSI39 / 호가2.1★]
💰 예수금 95,923원 | KODEX200 RSI66/-0.5% 상승추세⬆️  | 매수기준 점수4pt↑

코드      종목명           가격    RSI     변화율    거래량     BB   호가비  B/S
────────────────────────────────────────────────────────────────────────
[2단계 분석 대상: 086790, 042700, 055550, 030200, 042660]
403870  HPSP      51,100    0.0    +0.0%    0.0x     중간  1.22  1pt/0 [일봉]
055550  신한지주      93,000   27.8    -1.8%    0.7x     하단  1.96  4pt/0 [5분]
015760  한국전력      39,150    0.0    +0.0%    0.0x     중간  0.92  0pt/0 [일봉]
078930  GS        73,900    0.0    +0.0%    0.0x     중간  0.08  0pt/0 [일봉]
035720  카카오       40,200    0.0    +0.0%    0.0x     중간  0.58  0pt/0 [일봉]
030200  KT        52,600   39.4    -2.1%    1.0x     중간  1.82  3pt/0 [5분]
003490  대한항공      27,050    0.0    +0.0%    0.0x     중간  0.77  0pt/0 [일봉]
004020  현대제철      39,600    0.0    +0.0%    0.0x     중간  1.04  0pt/0 [일봉]

══════════════════════════════════════════════════
🕐 15:10 이후 — 장 마감 청산 모드
⏰ 매수 세션 종료 (14:00↑) — 신규 매수 중단
→ 전종목 HOLD
✅ Discord 전송 완료

[15:18] HOLD | KODEX RSI66/-0.5%⬆️ | 보유:없음 | 최고신호 신한지주(055550) 4pt/4pt [RSI28 / BB하단 / 호가2.0★]
💰 예수금 95,923원 | KODEX200 RSI66/-0.6% 상승추세⬆️  | 매수기준 점수4pt↑

코드      종목명           가격    RSI     변화율    거래량     BB   호가비  B/S
────────────────────────────────────────────────────────────────────────
[2단계 분석 대상: 042660, 034020, 000720, 247540, 012450]
403870  HPSP      51,000    0.0    +0.0%    0.0x     중간  1.70  2pt/0 [일봉]
055550  신한지주      93,500    0.0    +0.0%    0.0x     중간  3.84  2pt/0 [일봉]
015760  한국전력      39,250    0.0    +0.0%    0.0x     중간  0.20  0pt/0 [일봉]
078930  GS        73,500    0.0    +0.0%    0.0x     중간  3.45  2pt/0 [일봉]
035720  카카오       40,150    0.0    +0.0%    0.0x     중간  1.08  0pt/0 [일봉]
017670  SK텔레콤     95,900    0.0    +0.0%    0.0x     중간  1.96  2pt/0 [일봉]
030200  KT        52,300    0.0    +0.0%    0.0x     중간  2.72  2pt/0 [일봉]
003490  대한항공      27,000    0.0    +0.0%    0.0x     중간  1.32  1pt/0 [일봉]
004020  현대제철      39,550    0.0    +0.0%    0.0x     중간  4.02  2pt/0 [일봉]

══════════════════════════════════════════════════
🕐 15:10 이후 — 장 마감 청산 모드
⏰ 매수 세션 종료 (14:00↑) — 신규 매수 중단
→ 전종목 HOLD
✅ Discord 전송 완료

[15:20] HOLD | KODEX RSI66/-0.6%⬆️ | 보유:없음 | 최고신호 HPSP(403870) 2pt/4pt [호가1.7★]
💰 예수금 95,923원 | KODEX200 RSI66/-0.6% 상승추세⬆️  | 매수기준 점수4pt↑

코드      종목명           가격    RSI     변화율    거래량     BB   호가비  B/S
────────────────────────────────────────────────────────────────────────
[2단계 분석 대상: 272210, 030200, 035720, 329180, 009150]
403870  HPSP      51,500    0.0    +0.0%    0.0x     중간  0.18  0pt/0 [일봉]
055550  신한지주      90,600    0.0    +0.0%    0.0x     중간  0.07  0pt/0 [일봉]
015760  한국전력      39,100    0.0    +0.0%    0.0x     중간  0.30  0pt/0 [일봉]
078930  GS        75,000    0.0    +0.0%    0.0x     중간  0.26  0pt/0 [일봉]
035720  카카오       39,800   28.1    -0.9%    1.2x     중간 12.75  3pt/0 [5분]
017670  SK텔레콤     95,900    0.0    +0.0%    0.0x     중간  1.32  1pt/0 [일봉]
030200  KT        51,900   39.4    -1.9%    1.0x     중간 84.06  3pt/0 [5분]
003490  대한항공      27,050    0.0    +0.0%    0.0x     중간  1.94  2pt/0 [일봉]
004020  현대제철      39,450    0.0    +0.0%    0.0x     중간  2.68  2pt/0 [일봉]

══════════════════════════════════════════════════
🕐 15:10 이후 — 장 마감 청산 모드
⏰ 매수 세션 종료 (14:00↑) — 신규 매수 중단
→ 전종목 HOLD
✅ Discord 전송 완료

[15:22] HOLD | KODEX RSI66/-0.6%⬆️ | 보유:없음 | 최고신호 카카오(035720) 3pt/4pt [RSI28 / 호가12.8★]
💰 예수금 95,923원 | KODEX200 RSI66/-0.6% 상승추세⬆️  | 매수기준 점수4pt↑

코드      종목명           가격    RSI     변화율    거래량     BB   호가비  B/S
────────────────────────────────────────────────────────────────────────
[2단계 분석 대상: 272210, 009150, 329180, 035720, 042660]
403870  HPSP      51,400    0.0    +0.0%    0.0x     중간  0.31  0pt/0 [일봉]
055550  신한지주      92,400    0.0    +0.0%    0.0x     중간  0.28  0pt/0 [일봉]
015760  한국전력      39,300    0.0    +0.0%    0.0x     중간  4.01  2pt/0 [일봉]
078930  GS        75,000    0.0    +0.0%    0.0x     중간  0.07  0pt/0 [일봉]
035720  카카오       39,800   28.1    -0.9%    1.2x     중간 73.20  3pt/0 [5분]
030200  KT        51,900    0.0    +0.0%    0.0x     중간 11.29  2pt/0 [일봉]
003490  대한항공      27,000    0.0    +0.0%    0.0x     중간  3.86  2pt/0 [일봉]
004020  현대제철      39,450    0.0    +0.0%    0.0x     중간  1.73  2pt/0 [일봉]

══════════════════════════════════════════════════
🕐 15:10 이후 — 장 마감 청산 모드
⏰ 매수 세션 종료 (14:00↑) — 신규 매수 중단
→ 전종목 HOLD
✅ Discord 전송 완료

[15:24] HOLD | KODEX RSI66/-0.6%⬆️ | 보유:없음 | 최고신호 카카오(035720) 3pt/4pt [RSI28 / 호가73.2★]
💰 예수금 95,923원 | KODEX200 RSI66/-0.6% 상승추세⬆️  | 매수기준 점수4pt↑

코드      종목명           가격    RSI     변화율    거래량     BB   호가비  B/S
────────────────────────────────────────────────────────────────────────
[2단계 분석 대상: 000270, 012450, 030200, 034020, 079550]
403870  HPSP      51,400    0.0    +0.0%    0.0x     중간  1.59  2pt/0 [일봉]
055550  신한지주      92,400    0.0    +0.0%    0.0x     중간  1.40  1pt/0 [일봉]
015760  한국전력      39,150    0.0    +0.0%    0.0x     중간  0.34  0pt/0 [일봉]
078930  GS        74,900    0.0    +0.0%    0.0x     중간  0.00  0pt/0 [일봉]
035720  카카오       40,000    0.0    +0.0%    0.0x     중간  3.19  2pt/0 [일봉]
030200  KT        51,900   39.4    -1.9%    1.0x     중간 56.83  3pt/0 [5분]
003490  대한항공      27,000    0.0    +0.0%    0.0x     중간  3.59  2pt/0 [일봉]
004020  현대제철      39,500    0.0    +0.0%    0.0x     중간  0.84  0pt/0 [일봉]

══════════════════════════════════════════════════
🕐 15:10 이후 — 장 마감 청산 모드
⏰ 매수 세션 종료 (14:00↑) — 신규 매수 중단
→ 전종목 HOLD
✅ Discord 전송 완료

[15:26] HOLD | KODEX RSI66/-0.6%⬆️ | 보유:없음 | 최고신호 KT(030200) 3pt/4pt [RSI39 / 호가56.8★]
💰 예수금 95,923원 | KODEX200 RSI66/-0.6% 상승추세⬆️  | 매수기준 점수4pt↑

코드      종목명           가격    RSI     변화율    거래량     BB   호가비  B/S
────────────────────────────────────────────────────────────────────────
[2단계 분석 대상: 000270, 005380, 079550, 017670, 042660]
403870  HPSP      51,100    0.0    +0.0%    0.0x     중간  0.71  0pt/0 [일봉]
055550  신한지주      93,100    0.0    +0.0%    0.0x     중간  1.91  2pt/0 [일봉]
015760  한국전력      39,150    0.0    +0.0%    0.0x     중간  0.44  0pt/0 [일봉]
078930  GS        74,900    0.0    +0.0%    0.0x     중간  0.14  0pt/0 [일봉]
035720  카카오       40,150    0.0    +0.0%    0.0x     중간  0.48  0pt/0 [일봉]
030200  KT        52,200    0.0    +0.0%    0.0x     중간 11.15  2pt/0 [일봉]
003490  대한항공      27,050    0.0    +0.0%    0.0x     중간  2.56  2pt/0 [일봉]
004020  현대제철      39,500    0.0    +0.0%    0.0x     중간  0.98  0pt/0 [일봉]

══════════════════════════════════════════════════
🕐 15:10 이후 — 장 마감 청산 모드
⏰ 매수 세션 종료 (14:00↑) — 신규 매수 중단
→ 전종목 HOLD
✅ Discord 전송 완료

[15:28] HOLD | KODEX RSI66/-0.6%⬆️ | 보유:없음 | 최고신호 신한지주(055550) 2pt/4pt [호가1.9★]
💰 예수금 95,923원 | KODEX200 RSI66/-0.6% 상승추세⬆️  | 매수기준 점수4pt↑

코드      종목명           가격    RSI     변화율    거래량     BB   호가비  B/S
────────────────────────────────────────────────────────────────────────
[2단계 분석 대상: 329180, 017670, 030200, 004020, 000270]
403870  HPSP      50,900    0.0    +0.0%    0.0x     중간  0.62  0pt/0 [일봉]
055550  신한지주      93,100    0.0    +0.0%    0.0x     중간  1.83  2pt/0 [일봉]
015760  한국전력      39,100    0.0    +0.0%    0.0x     중간  1.47  1pt/0 [일봉]
078930  GS        74,100    0.0    +0.0%    0.0x     중간  0.20  0pt/0 [일봉]
035720  카카오       40,150    0.0    +0.0%    0.0x     중간  0.85  0pt/0 [일봉]
030200  KT        52,000   33.3    -2.8%    1.1x     하단  4.33  4pt/0 [5분]
003490  대한항공      27,000    0.0    +0.0%    0.0x     중간  1.86  2pt/0 [일봉]
004020  현대제철      39,550   42.5    -4.6%    0.7x     하단  3.44  6pt/0 [5분]

══════════════════════════════════════════════════
🕐 15:10 이후 — 장 마감 청산 모드
⏰ 매수 세션 종료 (14:00↑) — 신규 매수 중단
→ 전종목 HOLD
✅ Discord 전송 완료

[15:30] HOLD | KODEX RSI66/-0.6%⬆️ | 보유:없음 | 최고신호 현대제철(004020) 6pt/4pt [RSI42★ / BB하단 / 호가3.4★ / 거래량증가]
