💰 예수금 9,785원 | KODEX200 RSI88/+0.0% 과열⚠️ | 매수기준 3개↑
📦 보유 SK증권(001510) 1주 -3.6% ⚠️주의
📦 보유 GS(078930) 1주 -6.5% 🔴스탑로스임박
📦 보유 원익피앤이(217820) 3주 -4.5% 🔴스탑로스임박

코드      종목명           가격    RSI     변화율    거래량     BB   호가비  B/S
────────────────────────────────────────────────────────────────────────
[2단계 분석 대상: 001510, 078930, 217820, 035420, 012450, 056080, 207940, 084850]
⛔ 아우토크립트(137040) 호가 없음 (거래정지 의심)
078930  GS        71,500   51.9    +0.0%    0.0x     중간  0.20  0/1
061250  화일약품       8,450    0.0    +0.0%    0.0x     중간  0.19  0/0
217820  원익피앤이      3,400   31.6    +0.0%    0.0x     중간 70.88  2/1
001510  SK증권       4,480   60.0    +0.0%    0.0x     중간 24.47  2/0
⛔ 금양(001570) 호가 없음 (거래정지 의심)

══════════════════════════════════════════════════
→ 전종목 HOLD
✅ Discord 전송 완료

[08:50] HOLD | KODEX RSI88/+0.0%⚠️ | 보유:SK증권(001510) -3.6% GS(078930) -6.5% 원익피앤(217820) -4.5% | 💸예수금부족 | 최고신호 원익피앤이(217820) 2/3개 [RSI32 / 호가70.9]
💰 예수금 9,785원 | KODEX200 RSI88/+0.1% 과열⚠️ | 매수기준 3개↑
📦 보유 SK증권(001510) 1주 -3.6% ⚠️주의
📦 보유 GS(078930) 1주 -6.5% 🔴스탑로스임박
📦 보유 원익피앤이(217820) 3주 -4.5% 🔴스탑로스임박

코드      종목명           가격    RSI     변화율    거래량     BB   호가비  B/S
────────────────────────────────────────────────────────────────────────
[2단계 분석 대상: 001510, 078930, 217820, 000270, 012330, 005380, 403870, 068270]
⛔ 아우토크립트(137040) 호가 없음 (거래정지 의심)
078930  GS        69,500   50.2    -1.4%    0.0x     중간  2.50  2/1
061250  화일약품       8,430    0.0    +0.0%    0.0x     중간  0.56  0/0
217820  원익피앤이      3,460   36.0    +3.6%    0.0x     중간  4.47  2/1
001510  SK증권       4,530   60.5    +1.0%    0.0x     중간  0.21  1/0
⛔ 금양(001570) 호가 없음 (거래정지 의심)

══════════════════════════════════════════════════
→ 전종목 HOLD
✅ Discord 전송 완료

[09:00] HOLD | KODEX RSI88/+0.1%⚠️ | 보유:SK증권(001510) -3.6% GS(078930) -6.5% 원익피앤(217820) -4.5% | 💸예수금부족 | 최고신호 GS(078930) 2/3개 [하락-1.4% / 호가2.5]
💰 예수금 9,791원 | KODEX200 RSI88/+0.8% 과열⚠️ | 매수기준 3개↑
📦 보유 SK증권(001510) 1주 -2.2%
📦 보유 GS(078930) 1주 -10.8% 🔴스탑로스임박
📦 보유 원익피앤이(217820) 3주 -1.8%

코드      종목명           가격    RSI     변화율    거래량     BB   호가비  B/S
────────────────────────────────────────────────────────────────────────
[2단계 분석 대상: 001510, 078930, 217820, 003670, 034020, 005380, 006400, 000270]
⛔ 아우토크립트(137040) 호가 없음 (거래정지 의심)
078930  GS        72,000   49.8    -1.7%    0.1x     중간  0.13  1/1
061250  화일약품       8,430    0.0    +0.0%    0.0x     중간  0.55  0/0
217820  원익피앤이      3,400   34.9    +2.7%    0.0x     중간  1.30  2/1
001510  SK증권       4,585   61.0    +2.0%    0.0x     중간  0.78  1/0
⛔ 금양(001570) 호가 없음 (거래정지 의심)

══════════════════════════════════════════════════
⚠️  손실 주의 GS(078930) -10.8% (비상손절 -15%)
→ 전종목 HOLD
✅ Discord 전송 완료

[09:02] HOLD | KODEX RSI88/+0.8%⚠️ | 보유:SK증권(001510) -2.2% GS(078930) -10.8% 원익피앤(217820) -1.8% | 💸예수금부족 | 최고신호 원익피앤이(217820) 2/3개 [RSI35 / 호가1.3]
💰 예수금 9,786원 | KODEX200 RSI88/+0.2% 과열⚠️ | 매수기준 3개↑
📦 보유 SK증권(001510) 1주 -3.7% ⚠️주의
📦 보유 GS(078930) 1주 -8.0% 🔴스탑로스임박
📦 보유 원익피앤이(217820) 3주 -2.3%

코드      종목명           가격    RSI     변화율    거래량     BB   호가비  B/S
────────────────────────────────────────────────────────────────────────
[2단계 분석 대상: 001510, 078930, 217820, 015760, 034020, 006400, 012330, 005380]
⛔ 아우토크립트(137040) 호가 없음 (거래정지 의심)
078930  GS        70,300   48.1    -3.2%    0.1x     중간  0.41  1/1
061250  화일약품       8,440    0.0    +0.0%    0.0x     중간  0.37  0/0
217820  원익피앤이      3,430   35.3    +3.0%    0.1x     중간  0.57  1/1
001510  SK증권       4,495   60.3    +0.6%    0.0x     중간  2.58  2/0
⛔ 금양(001570) 호가 없음 (거래정지 의심)

══════════════════════════════════════════════════
⚠️  손실 주의 GS(078930) -8.0% (비상손절 -15%)
→ 전종목 HOLD
✅ Discord 전송 완료

[09:04] HOLD | KODEX RSI88/+0.2%⚠️ | 보유:SK증권(001510) -3.7% GS(078930) -8.0% 원익피앤(217820) -2.3% | 💸예수금부족 | 최고신호 SK증권(001510) 2/3개 [MA골 / 호가2.6]
💰 예수금 9,790원 | KODEX200 RSI88/+0.3% 과열⚠️ | 매수기준 3개↑
📦 보유 SK증권(001510) 1주 -3.6% ⚠️주의
📦 보유 GS(078930) 1주 -10.5% 🔴스탑로스임박
📦 보유 원익피앤이(217820) 3주 -2.2%

코드      종목명           가격    RSI     변화율    거래량     BB   호가비  B/S
────────────────────────────────────────────────────────────────────────
[2단계 분석 대상: 001510, 078930, 217820, 003670, 015760, 403870, 066970, 207940]
⛔ 아우토크립트(137040) 호가 없음 (거래정지 의심)
078930  GS        68,600   46.4    -4.7%    0.1x     중간  1.84  2/1
061250  화일약품       8,330    0.0    +0.0%    0.0x     중간  0.47  0/0
217820  원익피앤이      3,415   34.6    +2.4%    0.1x     중간  0.95  1/1
001510  SK증권       4,555   60.9    +1.8%    0.0x     중간  0.18  1/0
⛔ 금양(001570) 호가 없음 (거래정지 의심)

══════════════════════════════════════════════════
⚠️  손실 주의 GS(078930) -10.5% (비상손절 -15%)
→ 전종목 HOLD
✅ Discord 전송 완료

[09:06] HOLD | KODEX RSI88/+0.3%⚠️ | 보유:SK증권(001510) -3.6% GS(078930) -10.5% 원익피앤(217820) -2.2% | 💸예수금부족 | 최고신호 GS(078930) 2/3개 [하락-4.7% / 호가1.8]
💰 예수금 9,790원 | KODEX200 RSI88/+0.6% 과열⚠️ | 매수기준 3개↑
📦 보유 SK증권(001510) 1주 -2.9% ⚠️주의
📦 보유 GS(078930) 1주 -9.8% 🔴스탑로스임박
📦 보유 원익피앤이(217820) 3주 -2.1%

코드      종목명           가격    RSI     변화율    거래량     BB   호가비  B/S
────────────────────────────────────────────────────────────────────────
[2단계 분석 대상: 001510, 078930, 217820, 015760, 003670, 207940, 058470, 051910]
⛔ 아우토크립트(137040) 호가 없음 (거래정지 의심)
078930  GS        69,600   47.8    -3.5%    0.1x     중간  0.84  1/1
061250  화일약품       8,190    0.0    +0.0%    0.0x     중간  0.42  0/0
217820  원익피앤이      3,430   35.1    +2.9%    0.1x     중간  0.58  1/1
001510  SK증권       4,500   60.2    +0.5%    0.0x     중간  1.55  2/0
⛔ 금양(001570) 호가 없음 (거래정지 의심)

══════════════════════════════════════════════════
⚠️  손실 주의 GS(078930) -9.8% (비상손절 -15%)
→ 전종목 HOLD
✅ Discord 전송 완료

[09:08] HOLD | KODEX RSI88/+0.6%⚠️ | 보유:SK증권(001510) -2.9% GS(078930) -9.8% 원익피앤(217820) -2.1% | 💸예수금부족 | 최고신호 SK증권(001510) 2/3개 [MA골 / 호가1.6]
💰 예수금 9,789원 | KODEX200 RSI88/+0.2% 과열⚠️ | 매수기준 3개↑
📦 보유 SK증권(001510) 1주 -3.2% ⚠️주의
📦 보유 GS(078930) 1주 -9.7% 🔴스탑로스임박
📦 보유 원익피앤이(217820) 3주 -2.5%

코드      종목명           가격    RSI     변화율    거래량     BB   호가비  B/S
────────────────────────────────────────────────────────────────────────
[2단계 분석 대상: 001510, 078930, 217820, 015760, 207940, 012330, 034020, 003670]
⛔ 아우토크립트(137040) 호가 없음 (거래정지 의심)
078930  GS        69,200   47.1    -4.0%    0.1x     중간  1.26  2/1
061250  화일약품       8,260    0.0    +0.0%    0.0x     중간  0.63  0/0
217820  원익피앤이      3,415   34.0    +1.9%    0.1x     중간  0.61  1/1
001510  SK증권       4,470   60.0    +0.0%    0.1x     중간  4.86  2/0
⛔ 금양(001570) 호가 없음 (거래정지 의심)

══════════════════════════════════════════════════
⚠️  손실 주의 GS(078930) -9.7% (비상손절 -15%)
→ 전종목 HOLD
✅ Discord 전송 완료

[09:10] HOLD | KODEX RSI88/+0.2%⚠️ | 보유:SK증권(001510) -3.2% GS(078930) -9.7% 원익피앤(217820) -2.5% | 💸예수금부족 | 최고신호 GS(078930) 2/3개 [하락-4.0% / 호가1.3]
💰 예수금 9,789원 | KODEX200 RSI88/+0.2% 과열⚠️ | 매수기준 3개↑
📦 보유 SK증권(001510) 1주 -3.6% ⚠️주의
📦 보유 GS(078930) 1주 -9.3% 🔴스탑로스임박
📦 보유 원익피앤이(217820) 3주 -2.5%

코드      종목명           가격    RSI     변화율    거래량     BB   호가비  B/S
────────────────────────────────────────────────────────────────────────
[2단계 분석 대상: 001510, 078930, 217820, 207940, 015760, 003670, 058470, 403870]
⛔ 아우토크립트(137040) 호가 없음 (거래정지 의심)
078930  GS        69,700   48.2    -3.1%    0.2x     중간  0.44  1/1
061250  화일약품       8,260    0.0    +0.0%    0.0x     중간  0.74  0/0
217820  원익피앤이      3,420   34.4    +2.2%    0.1x     중간  0.63  1/1
001510  SK증권       4,485   60.0    -0.1%    0.1x     중간  2.18  2/0
⛔ 금양(001570) 호가 없음 (거래정지 의심)

══════════════════════════════════════════════════
⚠️  손실 주의 GS(078930) -9.3% (비상손절 -15%)
→ 전종목 HOLD
✅ Discord 전송 완료

[09:12] HOLD | KODEX RSI88/+0.2%⚠️ | 보유:SK증권(001510) -3.6% GS(078930) -9.3% 원익피앤(217820) -2.5% | 💸예수금부족 | 최고신호 SK증권(001510) 2/3개 [MA골 / 호가2.2]
💰 예수금 9,787원 | KODEX200 RSI88/+0.7% 과열⚠️ | 매수기준 3개↑
📦 보유 SK증권(001510) 1주 -3.2% ⚠️주의
📦 보유 GS(078930) 1주 -8.9% 🔴스탑로스임박
📦 보유 원익피앤이(217820) 3주 -2.2%

코드      종목명           가격    RSI     변화율    거래량     BB   호가비  B/S
────────────────────────────────────────────────────────────────────────
[2단계 분석 대상: 001510, 078930, 217820, 207940, 015760, 066970, 051910, 403870]
⛔ 아우토크립트(137040) 호가 없음 (거래정지 의심)
078930  GS        70,300   48.5    -2.8%    0.2x     중간  0.45  1/1
061250  화일약품       8,260    0.0    +0.0%    0.0x     중간  0.92  0/0
217820  원익피앤이      3,435   34.6    +2.4%    0.1x     중간  1.33  2/1
001510  SK증권       4,515   60.5    +0.9%    0.1x     중간  0.76  1/0
⛔ 금양(001570) 호가 없음 (거래정지 의심)

══════════════════════════════════════════════════
⚠️  손실 주의 GS(078930) -8.9% (비상손절 -15%)
→ 전종목 HOLD
✅ Discord 전송 완료

[09:14] HOLD | KODEX RSI88/+0.7%⚠️ | 보유:SK증권(001510) -3.2% GS(078930) -8.9% 원익피앤(217820) -2.2% | 💸예수금부족 | 최고신호 원익피앤이(217820) 2/3개 [RSI35 / 호가1.3]
💰 예수금 9,789원 | KODEX200 RSI88/+0.9% 과열⚠️ | 매수기준 3개↑
📦 보유 SK증권(001510) 1주 -2.8% ⚠️주의
📦 보유 GS(078930) 1주 -9.3% 🔴스탑로스임박
📦 보유 원익피앤이(217820) 3주 -2.8% ⚠️주의

코드      종목명           가격    RSI     변화율    거래량     BB   호가비  B/S
────────────────────────────────────────────────────────────────────────
[2단계 분석 대상: 001510, 078930, 217820, 015760, 058470, 006400, 000270, 051910]
⛔ 아우토크립트(137040) 호가 없음 (거래정지 의심)
078930  GS        69,900   48.5    -2.8%    0.2x     중간  0.82  1/1
061250  화일약품       8,260    0.0    +0.0%    0.0x     중간  0.92  0/0
217820  원익피앤이      3,410   34.6    +2.4%    0.1x     중간  1.58  2/1
001510  SK증권       4,495   60.2    +0.5%    0.1x     중간  2.11  2/0
⛔ 금양(001570) 호가 없음 (거래정지 의심)

══════════════════════════════════════════════════
⚠️  손실 주의 GS(078930) -9.3% (비상손절 -15%)
→ 전종목 HOLD
✅ Discord 전송 완료

[09:16] HOLD | KODEX RSI88/+0.9%⚠️ | 보유:SK증권(001510) -2.8% GS(078930) -9.3% 원익피앤(217820) -2.8% | 💸예수금부족 | 최고신호 원익피앤이(217820) 2/3개 [RSI35 / 호가1.6]
💰 예수금 9,787원 | KODEX200 RSI88/+1.0% 과열⚠️ | 매수기준 3개↑
📦 보유 SK증권(001510) 1주 -3.6% ⚠️주의
📦 보유 GS(078930) 1주 -8.4% 🔴스탑로스임박
📦 보유 원익피앤이(217820) 3주 -3.1% ⚠️주의

코드      종목명           가격    RSI     변화율    거래량     BB   호가비  B/S
────────────────────────────────────────────────────────────────────────
[2단계 분석 대상: 001510, 078930, 217820, 000660, 066970, 015760, 105560, 000270]
⛔ 아우토크립트(137040) 호가 없음 (거래정지 의심)
078930  GS        70,400   49.2    -2.2%    0.2x     중간  0.34  1/1
061250  화일약품       8,230    0.0    +0.0%    0.0x     중간  0.74  0/0
217820  원익피앤이      3,370   32.8    +0.9%    0.1x     중간  1.51  2/1
001510  SK증권       4,430   59.1    -1.2%    0.1x     중간  3.31  3/0
⛔ 금양(001570) 호가 없음 (거래정지 의심)

══════════════════════════════════════════════════
⚠️  손실 주의 GS(078930) -8.4% (비상손절 -15%)
→ 전종목 HOLD
✅ Discord 전송 완료

[09:18] HOLD | KODEX RSI88/+1.0%⚠️ | 보유:SK증권(001510) -3.6% GS(078930) -8.4% 원익피앤(217820) -3.1% | 💸예수금부족 | 최고신호 SK증권(001510) 3/3개 [하락-1.2% / MA골 / 호가3.3]
💰 예수금 9,787원 | KODEX200 RSI88/+0.8% 과열⚠️ | 매수기준 3개↑
📦 보유 SK증권(001510) 1주 -5.0% 🔴스탑로스임박
📦 보유 GS(078930) 1주 -8.9% 🔴스탑로스임박
📦 보유 원익피앤이(217820) 3주 -3.6% ⚠️주의

코드      종목명           가격    RSI     변화율    거래량     BB   호가비  B/S
────────────────────────────────────────────────────────────────────────
[2단계 분석 대상: 001510, 078930, 217820, 066970, 000270, 003670, 055550, 015760]
⛔ 아우토크립트(137040) 호가 없음 (거래정지 의심)
078930  GS        70,300   49.2    -2.2%    0.2x     중간  0.69  1/1
061250  화일약품       8,240    0.0    +0.0%    0.0x     중간  1.39  1/0
217820  원익피앤이      3,365   32.6    +0.8%    0.1x     중간  1.44  2/1
001510  SK증권       4,410   58.9    -1.6%    0.1x     중간  4.76  3/0
⛔ 금양(001570) 호가 없음 (거래정지 의심)

══════════════════════════════════════════════════
⚠️  손실 주의 GS(078930) -8.9% (비상손절 -15%)
→ 전종목 HOLD
✅ Discord 전송 완료

[09:20] HOLD | KODEX RSI88/+0.8%⚠️ | 보유:SK증권(001510) -5.0% GS(078930) -8.9% 원익피앤(217820) -3.6% | 💸예수금부족 | 최고신호 SK증권(001510) 3/3개 [하락-1.6% / MA골 / 호가4.8]
💰 예수금 9,789원 | KODEX200 RSI88/+0.7% 과열⚠️ | 매수기준 3개↑
📦 보유 SK증권(001510) 1주 -4.8% 🔴스탑로스임박
📦 보유 GS(078930) 1주 -9.2% 🔴스탑로스임박
📦 보유 원익피앤이(217820) 3주 -4.1% 🔴스탑로스임박

코드      종목명           가격    RSI     변화율    거래량     BB   호가비  B/S
────────────────────────────────────────────────────────────────────────
[2단계 분석 대상: 001510, 078930, 217820, 066970, 003670, 012330, 000270, 000660]
⛔ 아우토크립트(137040) 호가 없음 (거래정지 의심)
078930  GS        70,100   48.5    -2.8%    0.2x     중간  0.69  1/1
061250  화일약품       8,230    0.0    +0.0%    0.0x     중간  2.01  1/0
217820  원익피앤이      3,365   32.4    +0.6%    0.1x     중간  1.55  2/1
001510  SK증권       4,395   58.6    -2.0%    0.1x     중간  2.28  3/0
⛔ 금양(001570) 호가 없음 (거래정지 의심)

══════════════════════════════════════════════════
⚠️  손실 주의 GS(078930) -9.2% (비상손절 -15%)
→ 전종목 HOLD
✅ Discord 전송 완료

[09:22] HOLD | KODEX RSI88/+0.7%⚠️ | 보유:SK증권(001510) -4.8% GS(078930) -9.2% 원익피앤(217820) -4.1% | 💸예수금부족 | 최고신호 SK증권(001510) 3/3개 [하락-2.0% / MA골 / 호가2.3]
💰 예수금 9,787원 | KODEX200 RSI88/+0.9% 과열⚠️ | 매수기준 3개↑
📦 보유 SK증권(001510) 1주 -5.7% 🔴스탑로스임박
📦 보유 GS(078930) 1주 -8.7% 🔴스탑로스임박
📦 보유 원익피앤이(217820) 3주 -3.5% ⚠️주의

코드      종목명           가격    RSI     변화율    거래량     BB   호가비  B/S
────────────────────────────────────────────────────────────────────────
[2단계 분석 대상: 001510, 078930, 217820, 003670, 000270, 015760, 403870, 138040]
⛔ 아우토크립트(137040) 호가 없음 (거래정지 의심)
078930  GS        70,200   49.0    -2.4%    0.2x     중간  0.57  1/1
061250  화일약품       8,220    0.0    +0.0%    0.0x     중간  1.73  1/0
217820  원익피앤이      3,370   32.8    +0.9%    0.1x     중간  2.01  2/1
001510  SK증권       4,370   58.3    -2.5%    0.1x     중간  0.91  2/0
⛔ 금양(001570) 호가 없음 (거래정지 의심)

══════════════════════════════════════════════════
⚠️  손실 주의 GS(078930) -8.7% (비상손절 -15%)
→ 전종목 HOLD
✅ Discord 전송 완료

[09:24] HOLD | KODEX RSI88/+0.9%⚠️ | 보유:SK증권(001510) -5.7% GS(078930) -8.7% 원익피앤(217820) -3.5% | 💸예수금부족 | 최고신호 원익피앤이(217820) 2/3개 [RSI33 / 호가2.0]
💰 예수금 9,787원 | KODEX200 RSI88/+1.0% 과열⚠️ | 매수기준 3개↑
📦 보유 SK증권(001510) 1주 -6.5% 🔴스탑로스임박
📦 보유 GS(078930) 1주 -8.8% 🔴스탑로스임박
📦 보유 원익피앤이(217820) 3주 -3.6% ⚠️주의

코드      종목명           가격    RSI     변화율    거래량     BB   호가비  B/S
────────────────────────────────────────────────────────────────────────
[2단계 분석 대상: 001510, 078930, 217820, 006400, 015760, 034020, 003670, 012330]
⛔ 아우토크립트(137040) 호가 없음 (거래정지 의심)
078930  GS        70,600   49.3    -2.1%    0.2x     중간  1.10  1/1
061250  화일약품       8,200    0.0    +0.0%    0.0x     중간  2.23  1/0
217820  원익피앤이      3,360   32.6    +0.8%    0.1x     중간  1.80  2/1
001510  SK증권       4,350   58.1    -2.8%    0.1x     중간  1.74  3/0
⛔ 금양(001570) 호가 없음 (거래정지 의심)

══════════════════════════════════════════════════
⚠️  손실 주의 GS(078930) -8.8% (비상손절 -15%)
→ 전종목 HOLD
✅ Discord 전송 완료

[09:26] HOLD | KODEX RSI88/+1.0%⚠️ | 보유:SK증권(001510) -6.5% GS(078930) -8.8% 원익피앤(217820) -3.6% | 💸예수금부족 | 최고신호 SK증권(001510) 3/3개 [하락-2.8% / MA골 / 호가1.7]
💰 예수금 9,787원 | KODEX200 RSI88/+0.9% 과열⚠️ | 매수기준 3개↑
📦 보유 SK증권(001510) 1주 -5.9% 🔴스탑로스임박
📦 보유 GS(078930) 1주 -8.6% 🔴스탑로스임박
📦 보유 원익피앤이(217820) 3주 -3.8% ⚠️주의

코드      종목명           가격    RSI     변화율    거래량     BB   호가비  B/S
────────────────────────────────────────────────────────────────────────
[2단계 분석 대상: 001510, 078930, 217820, 003670, 006400, 015760, 403870, 012330]
⛔ 아우토크립트(137040) 호가 없음 (거래정지 의심)
078930  GS        70,400   49.2    -2.2%    0.2x     중간  0.79  1/1
061250  화일약품       8,220    0.0    +0.0%    0.0x     중간  2.26  1/0
217820  원익피앤이      3,355   32.2    +0.5%    0.1x     중간  1.61  2/1
001510  SK증권       4,385   58.6    -2.0%    0.1x     중간  1.46  3/0
⛔ 금양(001570) 호가 없음 (거래정지 의심)

══════════════════════════════════════════════════
⚠️  손실 주의 GS(078930) -8.6% (비상손절 -15%)
→ 전종목 HOLD
✅ Discord 전송 완료

[09:28] HOLD | KODEX RSI88/+0.9%⚠️ | 보유:SK증권(001510) -5.9% GS(078930) -8.6% 원익피앤(217820) -3.8% | 💸예수금부족 | 최고신호 SK증권(001510) 3/3개 [하락-2.0% / MA골 / 호가1.5]
💰 예수금 9,787원 | KODEX200 RSI88/+1.2% 과열⚠️ | 매수기준 3개↑
📦 보유 SK증권(001510) 1주 -5.7% 🔴스탑로스임박
📦 보유 GS(078930) 1주 -8.7% 🔴스탑로스임박
📦 보유 원익피앤이(217820) 3주 -3.9% ⚠️주의

코드      종목명           가격    RSI     변화율    거래량     BB   호가비  B/S
────────────────────────────────────────────────────────────────────────
[2단계 분석 대상: 001510, 078930, 217820, 061250, 003670, 015760, 066970, 034020]
⛔ 아우토크립트(137040) 호가 없음 (거래정지 의심)
078930  GS        70,200   49.2    -2.2%    0.2x     중간  1.00  1/1
061250  화일약품       8,200   21.0    -2.7%    0.1x     중간 10.11  3/0
217820  원익피앤이      3,355   32.4    +0.6%    0.1x     중간  1.72  2/1
001510  SK증권       4,385   58.6    -2.0%    0.1x     중간  1.19  2/0
⛔ 금양(001570) 호가 없음 (거래정지 의심)

══════════════════════════════════════════════════
⚠️  손실 주의 GS(078930) -8.7% (비상손절 -15%)
→ 전종목 HOLD
✅ Discord 전송 완료

[09:30] HOLD | KODEX RSI88/+1.2%⚠️ | 보유:SK증권(001510) -5.7% GS(078930) -8.7% 원익피앤(217820) -3.9% | 💸예수금부족 | 최고신호 화일약품(061250) 3/3개 [RSI21 / 하락-2.7% / 호가10.1]
💰 예수금 9,787원 | KODEX200 RSI88/+1.2% 과열⚠️ | 매수기준 3개↑
📦 보유 SK증권(001510) 1주 -5.8% 🔴스탑로스임박
📦 보유 GS(078930) 1주 -8.4% 🔴스탑로스임박
📦 보유 원익피앤이(217820) 3주 -4.3% 🔴스탑로스임박

코드      종목명           가격    RSI     변화율    거래량     BB   호가비  B/S
────────────────────────────────────────────────────────────────────────
[2단계 분석 대상: 001510, 078930, 217820, 015760, 000660, 003670, 000270, 034020]
⛔ 아우토크립트(137040) 호가 없음 (거래정지 의심)
078930  GS        70,600   49.5    -1.9%    0.2x     중간  0.90  1/1
061250  화일약품       8,210    0.0    +0.0%    0.0x     중간  3.41  1/0
217820  원익피앤이      3,345   32.0    +0.3%    0.1x     중간  1.78  2/1
001510  SK증권       4,360   58.2    -2.6%    0.1x     중간  1.50  3/0
⛔ 금양(001570) 호가 없음 (거래정지 의심)

══════════════════════════════════════════════════
⚠️  손실 주의 GS(078930) -8.4% (비상손절 -15%)
→ 전종목 HOLD
✅ Discord 전송 완료

[09:32] HOLD | KODEX RSI88/+1.2%⚠️ | 보유:SK증권(001510) -5.8% GS(078930) -8.4% 원익피앤(217820) -4.3% | 💸예수금부족 | 최고신호 SK증권(001510) 3/3개 [하락-2.6% / MA골 / 호가1.5]
💰 예수금 9,786원 | KODEX200 RSI88/+1.2% 과열⚠️ | 매수기준 3개↑
📦 보유 SK증권(001510) 1주 -6.3% 🔴스탑로스임박
📦 보유 GS(078930) 1주 -7.8% 🔴스탑로스임박
📦 보유 원익피앤이(217820) 3주 -4.1% 🔴스탑로스임박

코드      종목명           가격    RSI     변화율    거래량     BB   호가비  B/S
────────────────────────────────────────────────────────────────────────
[2단계 분석 대상: 001510, 078930, 217820, 015760, 000270, 066970, 012330, 079550]
⛔ 아우토크립트(137040) 호가 없음 (거래정지 의심)
078930  GS        70,700   50.0    -1.5%    0.3x     중간  0.47  1/1
061250  화일약품       8,210    0.0    +0.0%    0.0x     중간  3.41  1/0
217820  원익피앤이      3,350   32.2    +0.5%    0.1x     중간  1.82  2/1
001510  SK증권       4,360   58.1    -2.7%    0.1x     중간  1.82  3/0
⛔ 금양(001570) 호가 없음 (거래정지 의심)

══════════════════════════════════════════════════
→ 전종목 HOLD
✅ Discord 전송 완료

[09:34] HOLD | KODEX RSI88/+1.2%⚠️ | 보유:SK증권(001510) -6.3% GS(078930) -7.8% 원익피앤(217820) -4.1% | 💸예수금부족 | 최고신호 SK증권(001510) 3/3개 [하락-2.7% / MA골 / 호가1.8]
💰 예수금 9,786원 | KODEX200 RSI88/+1.0% 과열⚠️ | 매수기준 3개↑
📦 보유 SK증권(001510) 1주 -6.3% 🔴스탑로스임박
📦 보유 GS(078930) 1주 -7.9% 🔴스탑로스임박
📦 보유 원익피앤이(217820) 3주 -4.5% 🔴스탑로스임박

코드      종목명           가격    RSI     변화율    거래량     BB   호가비  B/S
────────────────────────────────────────────────────────────────────────
[2단계 분석 대상: 001510, 078930, 217820, 000660, 000270, 015760, 079550, 403870]
⛔ 아우토크립트(137040) 호가 없음 (거래정지 의심)
078930  GS        70,700   49.8    -1.7%    0.3x     중간  0.51  1/1
061250  화일약품       8,210    0.0    +0.0%    0.0x     중간  2.73  1/0
217820  원익피앤이      3,335   31.6    +0.0%    0.1x     중간  1.62  2/1
001510  SK증권       4,350   58.0    -2.9%    0.1x     중간  3.37  3/0
⛔ 금양(001570) 호가 없음 (거래정지 의심)

══════════════════════════════════════════════════
→ 전종목 HOLD
✅ Discord 전송 완료

[09:36] HOLD | KODEX RSI88/+1.0%⚠️ | 보유:SK증권(001510) -6.3% GS(078930) -7.9% 원익피앤(217820) -4.5% | 💸예수금부족 | 최고신호 SK증권(001510) 3/3개 [하락-2.9% / MA골 / 호가3.4]
💰 예수금 9,787원 | KODEX200 RSI88/+1.2% 과열⚠️ | 매수기준 3개↑
📦 보유 SK증권(001510) 1주 -6.2% 🔴스탑로스임박
📦 보유 GS(078930) 1주 -7.8% 🔴스탑로스임박
📦 보유 원익피앤이(217820) 3주 -4.6% 🔴스탑로스임박

코드      종목명           가격    RSI     변화율    거래량     BB   호가비  B/S
────────────────────────────────────────────────────────────────────────
[2단계 분석 대상: 001510, 078930, 217820, 015760, 079550, 000660, 403870, 051910]
⛔ 아우토크립트(137040) 호가 없음 (거래정지 의심)
078930  GS        71,000   50.3    -1.2%    0.3x     중간  0.92  1/1
061250  화일약품       8,200    0.0    +0.0%    0.0x     중간  2.55  1/0
217820  원익피앤이      3,340   31.8    +0.1%    0.1x     중간  1.45  2/1
001510  SK증권       4,345   58.1    -2.8%    0.1x     중간  4.15  3/0
⛔ 금양(001570) 호가 없음 (거래정지 의심)

══════════════════════════════════════════════════
→ 전종목 HOLD
✅ Discord 전송 완료

[09:38] HOLD | KODEX RSI88/+1.2%⚠️ | 보유:SK증권(001510) -6.2% GS(078930) -7.8% 원익피앤(217820) -4.6% | 💸예수금부족 | 최고신호 SK증권(001510) 3/3개 [하락-2.8% / MA골 / 호가4.2]
💰 예수금 9,787원 | KODEX200 RSI88/+1.3% 과열⚠️ | 매수기준 3개↑
📦 보유 SK증권(001510) 1주 -6.3% 🔴스탑로스임박
📦 보유 GS(078930) 1주 -7.4% 🔴스탑로스임박
📦 보유 원익피앤이(217820) 3주 -4.6% 🔴스탑로스임박

코드      종목명           가격    RSI     변화율    거래량     BB   호가비  B/S
────────────────────────────────────────────────────────────────────────
[2단계 분석 대상: 001510, 078930, 217820, 066970, 079550, 015760, 000270, 061250]
⛔ 아우토크립트(137040) 호가 없음 (거래정지 의심)
078930  GS        71,100   50.2    -1.4%    0.3x     중간  0.70  1/1
061250  화일약품       8,200   21.1    -2.6%    0.1x     중간  3.91  3/0
217820  원익피앤이      3,330   31.5    -0.3%    0.1x     중간  1.70  2/1
001510  SK증권       4,365   58.4    -2.4%    0.1x     중간  3.34  3/0
⛔ 금양(001570) 호가 없음 (거래정지 의심)

══════════════════════════════════════════════════
→ 전종목 HOLD
✅ Discord 전송 완료

[09:40] HOLD | KODEX RSI88/+1.3%⚠️ | 보유:SK증권(001510) -6.3% GS(078930) -7.4% 원익피앤(217820) -4.6% | 💸예수금부족 | 최고신호 화일약품(061250) 3/3개 [RSI21 / 하락-2.6% / 호가3.9]
💰 예수금 9,787원 | KODEX200 RSI88/+1.2% 과열⚠️ | 매수기준 3개↑
📦 보유 SK증권(001510) 1주 -5.5% 🔴스탑로스임박
📦 보유 GS(078930) 1주 -7.6% 🔴스탑로스임박
📦 보유 원익피앤이(217820) 3주 -5.2% 🔴스탑로스임박

코드      종목명           가격    RSI     변화율    거래량     BB   호가비  B/S
────────────────────────────────────────────────────────────────────────
[2단계 분석 대상: 001510, 078930, 217820, 079550, 015760, 003670, 034020, 061250]
⛔ 아우토크립트(137040) 호가 없음 (거래정지 의심)
078930  GS        71,100   50.3    -1.2%    0.3x     중간  0.65  1/1
061250  화일약품       8,210   21.2    -2.5%    0.1x     중간  3.41  3/0
217820  원익피앤이      3,315   31.1    -0.9%    0.2x     중간  1.13  1/1
001510  SK증권       4,410   58.9    -1.6%    0.1x     중간  4.01  3/0
⛔ 금양(001570) 호가 없음 (거래정지 의심)

══════════════════════════════════════════════════
→ 전종목 HOLD
✅ Discord 전송 완료

[09:42] HOLD | KODEX RSI88/+1.2%⚠️ | 보유:SK증권(001510) -5.5% GS(078930) -7.6% 원익피앤(217820) -5.2% | 💸예수금부족 | 최고신호 화일약품(061250) 3/3개 [RSI21 / 하락-2.5% / 호가3.4]
💰 예수금 9,786원 | KODEX200 RSI88/+1.4% 과열⚠️ | 매수기준 3개↑
📦 보유 SK증권(001510) 1주 -5.3% 🔴스탑로스임박
📦 보유 GS(078930) 1주 -7.0% 🔴스탑로스임박
📦 보유 원익피앤이(217820) 3주 -5.5% 🔴스탑로스임박

코드      종목명           가격    RSI     변화율    거래량     BB   호가비  B/S
────────────────────────────────────────────────────────────────────────
[2단계 분석 대상: 001510, 078930, 217820, 079550, 015760, 058470, 003670, 066970]
⛔ 아우토크립트(137040) 호가 없음 (거래정지 의심)
078930  GS        71,300   50.7    -1.0%    0.3x     중간  0.46  0/1
061250  화일약품       8,220    0.0    +0.0%    0.0x     중간  1.66  1/0
217820  원익피앤이      3,305   31.0    -1.2%    0.2x     중간  1.21  3/1
001510  SK증권       4,375   58.4    -2.4%    0.1x     중간  3.69  3/0
⛔ 금양(001570) 호가 없음 (거래정지 의심)

══════════════════════════════════════════════════
→ 전종목 HOLD
✅ Discord 전송 완료

[09:44] HOLD | KODEX RSI88/+1.4%⚠️ | 보유:SK증권(001510) -5.3% GS(078930) -7.0% 원익피앤(217820) -5.5% | 💸예수금부족 | 최고신호 원익피앤이(217820) 3/3개 [RSI31 / 하락-1.2% / 호가1.2]
💰 예수금 9,787원 | KODEX200 RSI88/+1.5% 과열⚠️ | 매수기준 3개↑
📦 보유 SK증권(001510) 1주 -4.8% 🔴스탑로스임박
📦 보유 GS(078930) 1주 -7.4% 🔴스탑로스임박
📦 보유 원익피앤이(217820) 3주 -5.3% 🔴스탑로스임박

코드      종목명           가격    RSI     변화율    거래량     BB   호가비  B/S
────────────────────────────────────────────────────────────────────────
[2단계 분석 대상: 001510, 078930, 217820, 015760, 003670, 066970, 207940, 034020]
⛔ 아우토크립트(137040) 호가 없음 (거래정지 의심)
078930  GS        71,700   51.2    -0.6%    0.3x     중간  0.76  0/1
061250  화일약품       8,200    0.0    +0.0%    0.0x     중간  2.84  1/0
217820  원익피앤이      3,315   31.2    -0.8%    0.2x     중간  1.23  2/1
001510  SK증권       4,390   58.7    -1.9%    0.1x     중간  7.10  3/0
⛔ 금양(001570) 호가 없음 (거래정지 의심)

══════════════════════════════════════════════════
→ 전종목 HOLD
✅ Discord 전송 완료

[09:46] HOLD | KODEX RSI88/+1.5%⚠️ | 보유:SK증권(001510) -4.8% GS(078930) -7.4% 원익피앤(217820) -5.3% | 💸예수금부족 | 최고신호 SK증권(001510) 3/3개 [하락-1.9% / MA골 / 호가7.1]
💰 예수금 9,784원 | KODEX200 RSI88/+1.4% 과열⚠️ | 매수기준 3개↑
📦 보유 SK증권(001510) 1주 -5.5% 🔴스탑로스임박
📦 보유 GS(078930) 1주 -6.2% 🔴스탑로스임박
📦 보유 원익피앤이(217820) 3주 -5.3% 🔴스탑로스임박

코드      종목명           가격    RSI     변화율    거래량     BB   호가비  B/S
────────────────────────────────────────────────────────────────────────
[2단계 분석 대상: 001510, 078930, 217820, 058470, 015760, 003670, 051910, 061250]
⛔ 아우토크립트(137040) 호가 없음 (거래정지 의심)
078930  GS        72,000   52.1    +0.1%    0.3x     중간  2.47  1/1
061250  화일약품       8,200   21.1    -2.6%    0.2x     중간  3.93  3/0
217820  원익피앤이      3,290   30.9    -1.4%    0.2x     중간  0.59  2/1
001510  SK증권       4,370   58.3    -2.5%    0.1x     중간 12.87  3/0
⛔ 금양(001570) 호가 없음 (거래정지 의심)

══════════════════════════════════════════════════
→ 전종목 HOLD
✅ Discord 전송 완료

[09:48] HOLD | KODEX RSI88/+1.4%⚠️ | 보유:SK증권(001510) -5.5% GS(078930) -6.2% 원익피앤(217820) -5.3% | 💸예수금부족 | 최고신호 화일약품(061250) 3/3개 [RSI21 / 하락-2.6% / 호가3.9]
💰 예수금 9,784원 | KODEX200 RSI88/+1.5% 과열⚠️ | 매수기준 3개↑
📦 보유 SK증권(001510) 1주 -6.0% 🔴스탑로스임박
📦 보유 GS(078930) 1주 -6.3% 🔴스탑로스임박
📦 보유 원익피앤이(217820) 3주 -5.8% 🔴스탑로스임박

코드      종목명           가격    RSI     변화율    거래량     BB   호가비  B/S
────────────────────────────────────────────────────────────────────────
[2단계 분석 대상: 001510, 078930, 217820, 058470, 105560, 003670, 015760, 061250]
⛔ 아우토크립트(137040) 호가 없음 (거래정지 의심)
078930  GS        71,900   51.9    +0.0%    0.3x     중간  1.13  0/1
061250  화일약품       8,200   21.0    -2.7%    0.2x     중간  4.08  3/0
217820  원익피앤이      3,290   30.7    -1.6%    0.2x     중간  1.15  2/1
001510  SK증권       4,365   58.5    -2.2%    0.1x     중간  9.09  3/0
⛔ 금양(001570) 호가 없음 (거래정지 의심)

══════════════════════════════════════════════════
→ 전종목 HOLD
✅ Discord 전송 완료

[09:50] HOLD | KODEX RSI88/+1.5%⚠️ | 보유:SK증권(001510) -6.0% GS(078930) -6.3% 원익피앤(217820) -5.8% | 💸예수금부족 | 최고신호 화일약품(061250) 3/3개 [RSI21 / 하락-2.7% / 호가4.1]
💰 예수금 9,786원 | KODEX200 RSI88/+1.7% 과열⚠️ | 매수기준 3개↑
📦 보유 SK증권(001510) 1주 -5.9% 🔴스탑로스임박
📦 보유 GS(078930) 1주 -6.5% 🔴스탑로스임박
📦 보유 원익피앤이(217820) 3주 -6.1% 🔴스탑로스임박

코드      종목명           가격    RSI     변화율    거래량     BB   호가비  B/S
────────────────────────────────────────────────────────────────────────
[2단계 분석 대상: 001510, 078930, 217820, 058470, 066970, 207940, 105560, 003670]
⛔ 아우토크립트(137040) 호가 없음 (거래정지 의심)
078930  GS        72,100   52.1    +0.1%    0.3x     중간  1.56  1/1
061250  화일약품       8,200    0.0    +0.0%    0.0x     중간  4.10  1/0
217820  원익피앤이      3,280   30.7    -1.6%    0.2x     중간  0.69  2/1
001510  SK증권       4,380   58.3    -2.5%    0.2x     중간  7.40  3/0
⛔ 금양(001570) 호가 없음 (거래정지 의심)

══════════════════════════════════════════════════
→ 전종목 HOLD
✅ Discord 전송 완료

[09:52] HOLD | KODEX RSI88/+1.7%⚠️ | 보유:SK증권(001510) -5.9% GS(078930) -6.5% 원익피앤(217820) -6.1% | 💸예수금부족 | 최고신호 SK증권(001510) 3/3개 [하락-2.5% / MA골 / 호가7.4]
💰 예수금 9,784원 | KODEX200 RSI88/+1.7% 과열⚠️ | 매수기준 3개↑
📦 보유 SK증권(001510) 1주 -5.7% 🔴스탑로스임박
📦 보유 GS(078930) 1주 -6.3% 🔴스탑로스임박
📦 보유 원익피앤이(217820) 3주 -6.3% 🔴스탑로스임박

코드      종목명           가격    RSI     변화율    거래량     BB   호가비  B/S
────────────────────────────────────────────────────────────────────────
[2단계 분석 대상: 001510, 078930, 217820, 058470, 056080, 105560, 207940, 003670]
⛔ 아우토크립트(137040) 호가 없음 (거래정지 의심)
078930  GS        72,100   52.2    +0.3%    0.3x     중간  1.19  0/1
061250  화일약품       8,180    0.0    +0.0%    0.0x     중간  3.46  1/0
217820  원익피앤이      3,280   30.5    -1.9%    0.2x     중간  1.67  3/1
001510  SK증권       4,380   58.5    -2.2%    0.2x     중간  3.36  3/0
⛔ 금양(001570) 호가 없음 (거래정지 의심)

══════════════════════════════════════════════════
→ 전종목 HOLD
✅ Discord 전송 완료

[09:54] HOLD | KODEX RSI88/+1.7%⚠️ | 보유:SK증권(001510) -5.7% GS(078930) -6.3% 원익피앤(217820) -6.3% | 💸예수금부족 | 최고신호 원익피앤이(217820) 3/3개 [RSI31 / 하락-1.9% / 호가1.7]
💰 예수금 9,784원 | KODEX200 RSI88/+1.9% 과열⚠️ | 매수기준 3개↑
📦 보유 SK증권(001510) 1주 -4.9% 🔴스탑로스임박
📦 보유 GS(078930) 1주 -6.2% 🔴스탑로스임박
📦 보유 원익피앤이(217820) 3주 -6.3% 🔴스탑로스임박

코드      종목명           가격    RSI     변화율    거래량     BB   호가비  B/S
────────────────────────────────────────────────────────────────────────
[2단계 분석 대상: 001510, 078930, 217820, 058470, 051910, 003670, 056080, 015760]
⛔ 아우토크립트(137040) 호가 없음 (거래정지 의심)
078930  GS        72,200   52.2    +0.3%    0.3x     중간  0.96  0/1
061250  화일약품       8,200    0.0    +0.0%    0.0x     중간  2.25  1/0
217820  원익피앤이      3,280   30.7    -1.6%    0.2x     중간  1.50  3/1
001510  SK증권       4,425   59.1    -1.2%    0.2x     중간  0.68  2/0
⛔ 금양(001570) 호가 없음 (거래정지 의심)

══════════════════════════════════════════════════
→ 전종목 HOLD
✅ Discord 전송 완료

[09:56] HOLD | KODEX RSI88/+1.9%⚠️ | 보유:SK증권(001510) -4.9% GS(078930) -6.2% 원익피앤(217820) -6.3% | 💸예수금부족 | 최고신호 원익피앤이(217820) 3/3개 [RSI31 / 하락-1.6% / 호가1.5]
💰 예수금 9,784원 | KODEX200 RSI88/+1.9% 과열⚠️ | 매수기준 3개↑
📦 보유 SK증권(001510) 1주 -5.0% 🔴스탑로스임박
📦 보유 GS(078930) 1주 -6.2% 🔴스탑로스임박
📦 보유 원익피앤이(217820) 3주 -5.9% 🔴스탑로스임박

코드      종목명           가격    RSI     변화율    거래량     BB   호가비  B/S
────────────────────────────────────────────────────────────────────────
[2단계 분석 대상: 001510, 078930, 217820, 058470, 015760, 105560, 003670, 051910]
⛔ 아우토크립트(137040) 호가 없음 (거래정지 의심)
078930  GS        72,300   52.4    +0.4%    0.3x     중간  1.06  0/1
061250  화일약품       8,210    0.0    +0.0%    0.0x     중간  2.07  1/0
217820  원익피앤이      3,290   30.9    -1.4%    0.2x     중간  1.43  3/1
001510  SK증권       4,405   58.9    -1.6%    0.2x     중간  1.03  2/0
⛔ 금양(001570) 호가 없음 (거래정지 의심)

══════════════════════════════════════════════════
→ 전종목 HOLD
✅ Discord 전송 완료

[09:58] HOLD | KODEX RSI88/+1.9%⚠️ | 보유:SK증권(001510) -5.0% GS(078930) -6.2% 원익피앤(217820) -5.9% | 💸예수금부족 | 최고신호 원익피앤이(217820) 3/3개 [RSI31 / 하락-1.4% / 호가1.4]
💰 예수금 9,784원 | KODEX200 RSI89/+2.1% 과열⚠️ | 매수기준 3개↑
📦 보유 SK증권(001510) 1주 -5.0% 🔴스탑로스임박
📦 보유 GS(078930) 1주 -6.0% 🔴스탑로스임박
📦 보유 원익피앤이(217820) 3주 -5.5% 🔴스탑로스임박

코드      종목명           가격    RSI     변화율    거래량     BB   호가비  B/S
────────────────────────────────────────────────────────────────────────
[2단계 분석 대상: 001510, 078930, 217820, 058470, 066970, 015760, 003670, 051910]
⛔ 아우토크립트(137040) 호가 없음 (거래정지 의심)
078930  GS        72,500   53.1    +1.0%    0.3x     중간  1.01  0/1
061250  화일약품       8,210    0.0    +0.0%    0.0x     중간  2.16  1/0
217820  원익피앤이      3,280   30.7    -1.6%    0.2x     중간  0.85  2/1
001510  SK증권       4,415   59.0    -1.4%    0.2x     중간  1.27  3/0
⛔ 금양(001570) 호가 없음 (거래정지 의심)

══════════════════════════════════════════════════
→ 전종목 HOLD
✅ Discord 전송 완료

[10:00] HOLD | KODEX RSI89/+2.1%⚠️ | 보유:SK증권(001510) -5.0% GS(078930) -6.0% 원익피앤(217820) -5.5% | 💸예수금부족 | 최고신호 SK증권(001510) 3/3개 [하락-1.4% / MA골 / 호가1.3]
💰 예수금 9,783원 | KODEX200 RSI89/+2.0% 과열⚠️ | 매수기준 3개↑
📦 보유 SK증권(001510) 1주 -4.7% 🔴스탑로스임박
📦 보유 GS(078930) 1주 -5.2% 🔴스탑로스임박
📦 보유 원익피앤이(217820) 3주 -6.5% 🔴스탑로스임박

코드      종목명           가격    RSI     변화율    거래량     BB   호가비  B/S
────────────────────────────────────────────────────────────────────────
[2단계 분석 대상: 001510, 078930, 217820, 058470, 015760, 012330, 003670, 000270]
⛔ 아우토크립트(137040) 호가 없음 (거래정지 의심)
078930  GS        72,900   53.5    +1.4%    0.4x     중간  2.05  1/1
061250  화일약품       8,210    0.0    +0.0%    0.0x     중간  2.18  1/0
217820  원익피앤이      3,270   30.5    -1.9%    0.2x     중간  0.66  2/1
001510  SK증권       4,445   59.6    -0.6%    0.2x     중간  1.90  2/0
⛔ 금양(001570) 호가 없음 (거래정지 의심)

══════════════════════════════════════════════════
→ 전종목 HOLD
✅ Discord 전송 완료

[10:02] HOLD | KODEX RSI89/+2.0%⚠️ | 보유:SK증권(001510) -4.7% GS(078930) -5.2% 원익피앤(217820) -6.5% | 💸예수금부족 | 최고신호 원익피앤이(217820) 2/3개 [RSI31 / 하락-1.9%]
💰 예수금 9,783원 | KODEX200 RSI88/+1.4% 과열⚠️ | 매수기준 3개↑
📦 보유 SK증권(001510) 1주 -5.0% 🔴스탑로스임박
📦 보유 GS(078930) 1주 -5.2% 🔴스탑로스임박
📦 보유 원익피앤이(217820) 3주 -6.8% 🔴스탑로스임박

코드      종목명           가격    RSI     변화율    거래량     BB   호가비  B/S
────────────────────────────────────────────────────────────────────────
[2단계 분석 대상: 001510, 078930, 217820, 058470, 015760, 012330, 000270, 066970]
⛔ 아우토크립트(137040) 호가 없음 (거래정지 의심)
078930  GS        72,900   53.4    +1.2%    0.4x     중간  1.74  1/1
061250  화일약품       8,210    0.0    +0.0%    0.0x     중간  1.64  1/0
217820  원익피앤이      3,260   30.3    -2.4%    0.2x     중간  0.84  2/1
001510  SK증권       4,410   59.0    -1.4%    0.2x     중간  1.54  3/0
⛔ 금양(001570) 호가 없음 (거래정지 의심)

══════════════════════════════════════════════════
→ 전종목 HOLD
✅ Discord 전송 완료

[10:04] HOLD | KODEX RSI88/+1.4%⚠️ | 보유:SK증권(001510) -5.0% GS(078930) -5.2% 원익피앤(217820) -6.8% | 💸예수금부족 | 최고신호 SK증권(001510) 3/3개 [하락-1.4% / MA골 / 호가1.5]
💰 예수금 9,783원 | KODEX200 RSI88/+1.5% 과열⚠️ | 매수기준 3개↑
📦 보유 SK증권(001510) 1주 -4.9% 🔴스탑로스임박
📦 보유 GS(078930) 1주 -5.2% 🔴스탑로스임박
📦 보유 원익피앤이(217820) 3주 -6.9% 🔴스탑로스임박

코드      종목명           가격    RSI     변화율    거래량     BB   호가비  B/S
────────────────────────────────────────────────────────────────────────
[2단계 분석 대상: 001510, 078930, 217820, 015760, 066970, 403870, 005380, 058470]
⛔ 아우토크립트(137040) 호가 없음 (거래정지 의심)
078930  GS        72,900   53.4    +1.2%    0.4x     중간  1.78  1/1
061250  화일약품       8,180    0.0    +0.0%    0.0x     중간  4.01  1/0
217820  원익피앤이      3,255   30.2    -2.5%    0.2x     중간  0.42  2/1
001510  SK증권       4,380   58.5    -2.2%    0.2x     중간 12.71  3/0
⛔ 금양(001570) 호가 없음 (거래정지 의심)

══════════════════════════════════════════════════
→ 전종목 HOLD
✅ Discord 전송 완료

[10:06] HOLD | KODEX RSI88/+1.5%⚠️ | 보유:SK증권(001510) -4.9% GS(078930) -5.2% 원익피앤(217820) -6.9% | 💸예수금부족 | 최고신호 SK증권(001510) 3/3개 [하락-2.2% / MA골 / 호가12.7]
💰 예수금 9,783원 | KODEX200 RSI88/+1.6% 과열⚠️ | 매수기준 3개↑
📦 보유 SK증권(001510) 1주 -5.3% 🔴스탑로스임박
📦 보유 GS(078930) 1주 -5.0% 🔴스탑로스임박
📦 보유 원익피앤이(217820) 3주 -6.6% 🔴스탑로스임박

코드      종목명           가격    RSI     변화율    거래량     BB   호가비  B/S
────────────────────────────────────────────────────────────────────────
[2단계 분석 대상: 001510, 078930, 217820, 061250, 015760, 058470, 066970, 051910]
⛔ 아우토크립트(137040) 호가 없음 (거래정지 의심)
078930  GS        73,100   53.5    +1.4%    0.4x     중간  1.35  1/1
061250  화일약품       8,210   21.0    -2.7%    0.3x     중간  9.24  3/0
217820  원익피앤이      3,260   30.4    -2.2%    0.2x     중간  1.72  3/1
001510  SK증권       4,395   58.6    -2.0%    0.2x     중간  3.72  3/0
⛔ 금양(001570) 호가 없음 (거래정지 의심)

══════════════════════════════════════════════════
→ 전종목 HOLD
✅ Discord 전송 완료

[10:08] HOLD | KODEX RSI88/+1.6%⚠️ | 보유:SK증권(001510) -5.3% GS(078930) -5.0% 원익피앤(217820) -6.6% | 💸예수금부족 | 최고신호 화일약품(061250) 3/3개 [RSI21 / 하락-2.7% / 호가9.2]
💰 예수금 9,783원 | KODEX200 RSI88/+1.8% 과열⚠️ | 매수기준 3개↑
📦 보유 SK증권(001510) 1주 -5.6% 🔴스탑로스임박
📦 보유 GS(078930) 1주 -5.0% 🔴스탑로스임박
📦 보유 원익피앤이(217820) 3주 -7.2% 🔴스탑로스임박

코드      종목명           가격    RSI     변화율    거래량     BB   호가비  B/S
────────────────────────────────────────────────────────────────────────
[2단계 분석 대상: 001510, 078930, 217820, 061250, 015760, 066970, 058470, 056080]
⛔ 아우토크립트(137040) 호가 없음 (거래정지 의심)
078930  GS        72,700   53.2    +1.1%    0.4x     중간  0.90  0/1
061250  화일약품       8,210   21.0    -2.7%    0.3x     중간 12.44  3/0
217820  원익피앤이      3,270   30.5    -2.1%    0.3x     중간  1.10  2/1
001510  SK증권       4,385   58.6    -2.0%    0.2x     중간  4.50  3/0
⛔ 금양(001570) 호가 없음 (거래정지 의심)

══════════════════════════════════════════════════
→ 전종목 HOLD
✅ Discord 전송 완료

[10:10] HOLD | KODEX RSI88/+1.8%⚠️ | 보유:SK증권(001510) -5.6% GS(078930) -5.0% 원익피앤(217820) -7.2% | 💸예수금부족 | 최고신호 화일약품(061250) 3/3개 [RSI21 / 하락-2.7% / 호가12.4]
💰 예수금 9,783원 | KODEX200 RSI88/+1.8% 과열⚠️ | 매수기준 3개↑
📦 보유 SK증권(001510) 1주 -5.6% 🔴스탑로스임박
📦 보유 GS(078930) 1주 -5.4% 🔴스탑로스임박
📦 보유 원익피앤이(217820) 3주 -6.5% 🔴스탑로스임박

코드      종목명           가격    RSI     변화율    거래량     BB   호가비  B/S
────────────────────────────────────────────────────────────────────────
[2단계 분석 대상: 001510, 078930, 217820, 061250, 015760, 066970, 056080, 058470]
⛔ 아우토크립트(137040) 호가 없음 (거래정지 의심)
078930  GS        72,800   53.4    +1.2%    0.4x     중간  0.80  0/1
061250  화일약품       8,210   21.0    -2.7%    0.3x     중간 12.13  3/0
217820  원익피앤이      3,265   30.5    -2.1%    0.3x     중간  0.78  2/1
001510  SK증권       4,385   58.5    -2.1%    0.2x     중간  5.80  3/0
⛔ 금양(001570) 호가 없음 (거래정지 의심)

══════════════════════════════════════════════════
→ 전종목 HOLD
✅ Discord 전송 완료

[10:12] HOLD | KODEX RSI88/+1.8%⚠️ | 보유:SK증권(001510) -5.6% GS(078930) -5.4% 원익피앤(217820) -6.5% | 💸예수금부족 | 최고신호 화일약품(061250) 3/3개 [RSI21 / 하락-2.7% / 호가12.1]
💰 예수금 9,783원 | KODEX200 RSI88/+1.9% 과열⚠️ | 매수기준 3개↑
📦 보유 SK증권(001510) 1주 -5.5% 🔴스탑로스임박
📦 보유 GS(078930) 1주 -5.2% 🔴스탑로스임박
📦 보유 원익피앤이(217820) 3주 -6.3% 🔴스탑로스임박

코드      종목명           가격    RSI     변화율    거래량     BB   호가비  B/S
────────────────────────────────────────────────────────────────────────
[2단계 분석 대상: 001510, 078930, 217820, 061250, 058470, 015760, 084850, 066970]
⛔ 아우토크립트(137040) 호가 없음 (거래정지 의심)
078930  GS        72,900   53.5    +1.4%    0.4x     중간  0.74  0/1
061250  화일약품       8,210   21.1    -2.6%    0.3x     중간 12.38  3/0
217820  원익피앤이      3,280   30.5    -1.9%    0.3x     중간  1.16  2/1
001510  SK증권       4,380   58.5    -2.2%    0.2x     중간 16.84  3/0
⛔ 금양(001570) 호가 없음 (거래정지 의심)

══════════════════════════════════════════════════
→ 전종목 HOLD
✅ Discord 전송 완료

[10:14] HOLD | KODEX RSI88/+1.9%⚠️ | 보유:SK증권(001510) -5.5% GS(078930) -5.2% 원익피앤(217820) -6.3% | 💸예수금부족 | 최고신호 화일약품(061250) 3/3개 [RSI21 / 하락-2.6% / 호가12.4]
💰 예수금 9,783원 | KODEX200 RSI88/+1.7% 과열⚠️ | 매수기준 3개↑
📦 보유 SK증권(001510) 1주 -5.8% 🔴스탑로스임박
📦 보유 GS(078930) 1주 -5.2% 🔴스탑로스임박
📦 보유 원익피앤이(217820) 3주 -6.1% 🔴스탑로스임박

코드      종목명           가격    RSI     변화율    거래량     BB   호가비  B/S
────────────────────────────────────────────────────────────────────────
[2단계 분석 대상: 001510, 078930, 217820, 061250, 084850, 015760, 058470, 005380]
⛔ 아우토크립트(137040) 호가 없음 (거래정지 의심)
078930  GS        73,100   54.1    +1.9%    0.4x     중간  1.56  1/1
061250  화일약품       8,260   21.2    -2.5%    0.3x     중간 11.97  3/0
217820  원익피앤이      3,280   30.7    -1.6%    0.3x     중간  1.74  3/1
001510  SK증권       4,365   58.4    -2.4%    0.2x     중간 10.11  3/0
⛔ 금양(001570) 호가 없음 (거래정지 의심)

══════════════════════════════════════════════════
→ 전종목 HOLD
✅ Discord 전송 완료

[10:16] HOLD | KODEX RSI88/+1.7%⚠️ | 보유:SK증권(001510) -5.8% GS(078930) -5.2% 원익피앤(217820) -6.1% | 💸예수금부족 | 최고신호 화일약품(061250) 3/3개 [RSI21 / 하락-2.5% / 호가12.0]
💰 예수금 9,783원 | KODEX200 RSI88/+1.4% 과열⚠️ | 매수기준 3개↑
📦 보유 SK증권(001510) 1주 -6.0% 🔴스탑로스임박
📦 보유 GS(078930) 1주 -4.7% 🔴스탑로스임박
📦 보유 원익피앤이(217820) 3주 -6.1% 🔴스탑로스임박

코드      종목명           가격    RSI     변화율    거래량     BB   호가비  B/S
────────────────────────────────────────────────────────────────────────
[2단계 분석 대상: 001510, 078930, 217820, 061250, 015760, 058470, 066970, 012330]
⛔ 아우토크립트(137040) 호가 없음 (거래정지 의심)
078930  GS        73,400   54.3    +2.1%    0.4x     중간  1.24  1/1
061250  화일약품       8,260   21.2    -2.5%    0.3x     중간 11.87  3/0
217820  원익피앤이      3,275   30.6    -1.8%    0.3x     중간  1.63  3/1
001510  SK증권       4,360   58.2    -2.6%    0.2x     중간  7.94  3/0
⛔ 금양(001570) 호가 없음 (거래정지 의심)

══════════════════════════════════════════════════
→ 전종목 HOLD
✅ Discord 전송 완료

[10:18] HOLD | KODEX RSI88/+1.4%⚠️ | 보유:SK증권(001510) -6.0% GS(078930) -4.7% 원익피앤(217820) -6.1% | 💸예수금부족 | 최고신호 화일약품(061250) 3/3개 [RSI21 / 하락-2.5% / 호가11.9]
💰 예수금 9,783원 | KODEX200 RSI88/+1.3% 과열⚠️ | 매수기준 3개↑
📦 보유 SK증권(001510) 1주 -6.3% 🔴스탑로스임박
📦 보유 GS(078930) 1주 -4.8% 🔴스탑로스임박
📦 보유 원익피앤이(217820) 3주 -6.5% 🔴스탑로스임박

코드      종목명           가격    RSI     변화율    거래량     BB   호가비  B/S
────────────────────────────────────────────────────────────────────────
[2단계 분석 대상: 001510, 078930, 217820, 061250, 015760, 259960, 012330, 000270]
⛔ 아우토크립트(137040) 호가 없음 (거래정지 의심)
078930  GS        73,200   53.9    +1.7%    0.4x     중간  0.75  0/1
061250  화일약품       8,260   21.2    -2.5%    0.3x     중간 11.82  3/0
217820  원익피앤이      3,280   30.7    -1.6%    0.3x     중간  3.80  3/1
001510  SK증권       4,355   58.1    -2.7%    0.2x     중간  5.15  3/0
⛔ 금양(001570) 호가 없음 (거래정지 의심)

══════════════════════════════════════════════════
→ 전종목 HOLD
✅ Discord 전송 완료

[10:20] HOLD | KODEX RSI88/+1.3%⚠️ | 보유:SK증권(001510) -6.3% GS(078930) -4.8% 원익피앤(217820) -6.5% | 💸예수금부족 | 최고신호 화일약품(061250) 3/3개 [RSI21 / 하락-2.5% / 호가11.8]
💰 예수금 9,783원 | KODEX200 RSI88/+1.4% 과열⚠️ | 매수기준 3개↑
📦 보유 SK증권(001510) 1주 -6.3% 🔴스탑로스임박
📦 보유 GS(078930) 1주 -4.8% 🔴스탑로스임박
📦 보유 원익피앤이(217820) 3주 -6.1% 🔴스탑로스임박

코드      종목명           가격    RSI     변화율    거래량     BB   호가비  B/S
────────────────────────────────────────────────────────────────────────
[2단계 분석 대상: 001510, 078930, 217820, 000270, 061250, 015760, 058470, 056080]
⛔ 아우토크립트(137040) 호가 없음 (거래정지 의심)
078930  GS        73,000   53.7    +1.5%    0.4x     중간  0.82  0/1
061250  화일약품       8,260   21.2    -2.5%    0.3x     중간 11.88  3/0
217820  원익피앤이      3,290   30.7    -1.6%    0.3x     중간  5.10  3/1
001510  SK증권       4,350   58.1    -2.8%    0.2x     중간  6.76  3/0
⛔ 금양(001570) 호가 없음 (거래정지 의심)

══════════════════════════════════════════════════
→ 전종목 HOLD
✅ Discord 전송 완료

[10:22] HOLD | KODEX RSI88/+1.4%⚠️ | 보유:SK증권(001510) -6.3% GS(078930) -4.8% 원익피앤(217820) -6.1% | 💸예수금부족 | 최고신호 화일약품(061250) 3/3개 [RSI21 / 하락-2.5% / 호가11.9]
💰 예수금 9,783원 | KODEX200 RSI88/+1.6% 과열⚠️ | 매수기준 3개↑
📦 보유 SK증권(001510) 1주 -6.5% 🔴스탑로스임박
📦 보유 GS(078930) 1주 -5.0% 🔴스탑로스임박
📦 보유 원익피앤이(217820) 3주 -6.1% 🔴스탑로스임박

코드      종목명           가격    RSI     변화율    거래량     BB   호가비  B/S
────────────────────────────────────────────────────────────────────────
[2단계 분석 대상: 001510, 078930, 217820, 061250, 056080, 015760, 058470, 035720]
⛔ 아우토크립트(137040) 호가 없음 (거래정지 의심)
078930  GS        73,200   54.0    +1.8%    0.4x     중간  0.54  0/1
061250  화일약품       8,260   21.2    -2.5%    0.3x     중간 11.88  3/0
217820  원익피앤이      3,295   31.0    -1.2%    0.3x     중간  4.88  3/1
001510  SK증권       4,355   58.1    -2.7%    0.2x     중간  5.69  3/0
⛔ 금양(001570) 호가 없음 (거래정지 의심)

══════════════════════════════════════════════════
→ 전종목 HOLD
✅ Discord 전송 완료

[10:24] HOLD | KODEX RSI88/+1.6%⚠️ | 보유:SK증권(001510) -6.5% GS(078930) -5.0% 원익피앤(217820) -6.1% | 💸예수금부족 | 최고신호 화일약품(061250) 3/3개 [RSI21 / 하락-2.5% / 호가11.9]
💰 예수금 9,783원 | KODEX200 RSI88/+1.7% 과열⚠️ | 매수기준 3개↑
📦 보유 SK증권(001510) 1주 -6.2% 🔴스탑로스임박
📦 보유 GS(078930) 1주 -4.8% 🔴스탑로스임박
📦 보유 원익피앤이(217820) 3주 -5.8% 🔴스탑로스임박

코드      종목명           가격    RSI     변화율    거래량     BB   호가비  B/S
────────────────────────────────────────────────────────────────────────
[2단계 분석 대상: 001510, 078930, 217820, 061250, 058470, 015760, 056080, 035720]
⛔ 아우토크립트(137040) 호가 없음 (거래정지 의심)
078930  GS        73,300   54.0    +1.8%    0.4x     중간  0.46  0/1
061250  화일약품       8,260   21.2    -2.5%    0.3x     중간 12.08  3/0
217820  원익피앤이      3,295   31.0    -1.2%    0.3x     중간  2.64  3/1
001510  SK증권       4,370   58.3    -2.5%    0.2x     중간  7.50  3/0
⛔ 금양(001570) 호가 없음 (거래정지 의심)

══════════════════════════════════════════════════
→ 전종목 HOLD
✅ Discord 전송 완료

[10:26] HOLD | KODEX RSI88/+1.7%⚠️ | 보유:SK증권(001510) -6.2% GS(078930) -4.8% 원익피앤(217820) -5.8% | 💸예수금부족 | 최고신호 화일약품(061250) 3/3개 [RSI21 / 하락-2.5% / 호가12.1]
💰 예수금 9,782원 | KODEX200 RSI88/+1.8% 과열⚠️ | 매수기준 3개↑
📦 보유 SK증권(001510) 1주 -5.9% 🔴스탑로스임박
📦 보유 GS(078930) 1주 -4.4% 🔴스탑로스임박
📦 보유 원익피앤이(217820) 3주 -5.6% 🔴스탑로스임박

코드      종목명           가격    RSI     변화율    거래량     BB   호가비  B/S
────────────────────────────────────────────────────────────────────────
[2단계 분석 대상: 001510, 078930, 217820, 058470, 015760, 056080, 035720, 403870]
⛔ 아우토크립트(137040) 호가 없음 (거래정지 의심)
078930  GS        73,500   54.5    +2.2%    0.4x     중간  1.22  1/1
061250  화일약품       8,260    0.0    +0.0%    0.0x     중간  1.75  1/0
217820  원익피앤이      3,295   31.0    -1.2%    0.3x     중간  2.44  3/1
001510  SK증권       4,375   58.4    -2.4%    0.2x     중간  7.64  3/0
⛔ 금양(001570) 호가 없음 (거래정지 의심)

══════════════════════════════════════════════════
→ 전종목 HOLD
✅ Discord 전송 완료

[10:28] HOLD | KODEX RSI88/+1.8%⚠️ | 보유:SK증권(001510) -5.9% GS(078930) -4.4% 원익피앤(217820) -5.6% | 💸예수금부족 | 최고신호 원익피앤이(217820) 3/3개 [RSI31 / 하락-1.2% / 호가2.4]
💰 예수금 9,782원 | KODEX200 RSI89/+1.9% 과열⚠️ | 매수기준 3개↑
📦 보유 SK증권(001510) 1주 -5.8% 🔴스탑로스임박
📦 보유 GS(078930) 1주 -4.4% 🔴스탑로스임박
📦 보유 원익피앤이(217820) 3주 -5.8% 🔴스탑로스임박

코드      종목명           가격    RSI     변화율    거래량     BB   호가비  B/S
────────────────────────────────────────────────────────────────────────
[2단계 분석 대상: 001510, 078930, 217820, 015760, 058470, 084850, 056080, 403870]
⛔ 아우토크립트(137040) 호가 없음 (거래정지 의심)
078930  GS        73,500   54.1    +1.9%    0.4x     중간  1.35  1/1
061250  화일약품       8,260    0.0    +0.0%    0.0x     중간  2.15  1/0
217820  원익피앤이      3,290   30.9    -1.4%    0.3x     중간  1.74  3/1
001510  SK증권       4,370   58.4    -2.4%    0.2x     중간  5.76  3/0
⛔ 금양(001570) 호가 없음 (거래정지 의심)

══════════════════════════════════════════════════
→ 전종목 HOLD
✅ Discord 전송 완료

[10:30] HOLD | KODEX RSI89/+1.9%⚠️ | 보유:SK증권(001510) -5.8% GS(078930) -4.4% 원익피앤(217820) -5.8% | 💸예수금부족 | 최고신호 원익피앤이(217820) 3/3개 [RSI31 / 하락-1.4% / 호가1.7]
💰 예수금 9,783원 | KODEX200 RSI89/+1.9% 과열⚠️ | 매수기준 3개↑
📦 보유 SK증권(001510) 1주 -5.9% 🔴스탑로스임박
📦 보유 GS(078930) 1주 -4.8% 🔴스탑로스임박
📦 보유 원익피앤이(217820) 3주 -6.3% 🔴스탑로스임박

코드      종목명           가격    RSI     변화율    거래량     BB   호가비  B/S
────────────────────────────────────────────────────────────────────────
[2단계 분석 대상: 001510, 078930, 217820, 015760, 058470, 066970, 084850, 403870]
⛔ 아우토크립트(137040) 호가 없음 (거래정지 의심)
078930  GS        73,300   54.1    +1.9%    0.4x     중간  0.69  0/1
061250  화일약품       8,260    0.0    +0.0%    0.0x     중간  2.15  1/0
217820  원익피앤이      3,280   30.7    -1.6%    0.3x     중간  1.99  3/1
001510  SK증권       4,370   58.4    -2.4%    0.2x     중간  5.32  3/0
⛔ 금양(001570) 호가 없음 (거래정지 의심)

══════════════════════════════════════════════════
→ 전종목 HOLD
✅ Discord 전송 완료

[10:32] HOLD | KODEX RSI89/+1.9%⚠️ | 보유:SK증권(001510) -5.9% GS(078930) -4.8% 원익피앤(217820) -6.3% | 💸예수금부족 | 최고신호 원익피앤이(217820) 3/3개 [RSI31 / 하락-1.6% / 호가2.0]
💰 예수금 9,782원 | KODEX200 RSI89/+1.9% 과열⚠️ | 매수기준 3개↑
📦 보유 SK증권(001510) 1주 -6.0% 🔴스탑로스임박
📦 보유 GS(078930) 1주 -4.4% 🔴스탑로스임박
📦 보유 원익피앤이(217820) 3주 -6.1% 🔴스탑로스임박

코드      종목명           가격    RSI     변화율    거래량     BB   호가비  B/S
────────────────────────────────────────────────────────────────────────
[2단계 분석 대상: 001510, 078930, 217820, 015760, 056080, 058470, 403870, 066970]
⛔ 아우토크립트(137040) 호가 없음 (거래정지 의심)
078930  GS        73,500   54.0    +1.8%    0.5x     중간  0.91  0/1
061250  화일약품       8,260    0.0    +0.0%    0.0x     중간  2.14  1/0
217820  원익피앤이      3,285   30.7    -1.6%    0.3x     중간  2.18  3/1
001510  SK증권       4,385   58.6    -2.0%    0.2x     중간  6.08  3/0
⛔ 금양(001570) 호가 없음 (거래정지 의심)

══════════════════════════════════════════════════
→ 전종목 HOLD
✅ Discord 전송 완료

[10:34] HOLD | KODEX RSI89/+1.9%⚠️ | 보유:SK증권(001510) -6.0% GS(078930) -4.4% 원익피앤(217820) -6.1% | 💸예수금부족 | 최고신호 원익피앤이(217820) 3/3개 [RSI31 / 하락-1.6% / 호가2.2]
💰 예수금 9,783원 | KODEX200 RSI89/+2.1% 과열⚠️ | 매수기준 3개↑
📦 보유 SK증권(001510) 1주 -5.5% 🔴스탑로스임박
📦 보유 GS(078930) 1주 -4.7% 🔴스탑로스임박
📦 보유 원익피앤이(217820) 3주 -6.1% 🔴스탑로스임박

코드      종목명           가격    RSI     변화율    거래량     BB   호가비  B/S
────────────────────────────────────────────────────────────────────────
[2단계 분석 대상: 001510, 078930, 217820, 015760, 058470, 056080, 403870, 207940]
⛔ 아우토크립트(137040) 호가 없음 (거래정지 의심)
078930  GS        73,300   54.1    +1.9%    0.5x     중간  0.87  0/1
061250  화일약품       8,260    0.0    +0.0%    0.0x     중간  2.13  1/0
217820  원익피앤이      3,285   30.8    -1.5%    0.3x     중간  2.35  3/1
001510  SK증권       4,405   58.8    -1.7%    0.2x     중간  2.26  3/0
⛔ 금양(001570) 호가 없음 (거래정지 의심)

══════════════════════════════════════════════════
→ 전종목 HOLD
✅ Discord 전송 완료

[10:36] HOLD | KODEX RSI89/+2.1%⚠️ | 보유:SK증권(001510) -5.5% GS(078930) -4.7% 원익피앤(217820) -6.1% | 💸예수금부족 | 최고신호 원익피앤이(217820) 3/3개 [RSI31 / 하락-1.5% / 호가2.4]
💰 예수금 9,783원 | KODEX200 RSI89/+2.2% 과열⚠️ | 매수기준 3개↑
📦 보유 SK증권(001510) 1주 -5.2% 🔴스탑로스임박
📦 보유 GS(078930) 1주 -4.8% 🔴스탑로스임박
📦 보유 원익피앤이(217820) 3주 -5.9% 🔴스탑로스임박

코드      종목명           가격    RSI     변화율    거래량     BB   호가비  B/S
────────────────────────────────────────────────────────────────────────
[2단계 분석 대상: 001510, 078930, 217820, 058470, 015760, 056080, 066970, 403870]
⛔ 아우토크립트(137040) 호가 없음 (거래정지 의심)
078930  GS        73,500   54.1    +1.9%    0.5x     중간  0.84  0/1
061250  화일약품       8,270    0.0    +0.0%    0.0x     중간  1.59  1/0
217820  원익피앤이      3,290   30.9    -1.4%    0.3x     중간  1.91  3/1
001510  SK증권       4,405   58.9    -1.6%    0.2x     중간  1.16  2/0
⛔ 금양(001570) 호가 없음 (거래정지 의심)

══════════════════════════════════════════════════
→ 전종목 HOLD
✅ Discord 전송 완료

[10:38] HOLD | KODEX RSI89/+2.2%⚠️ | 보유:SK증권(001510) -5.2% GS(078930) -4.8% 원익피앤(217820) -5.9% | 💸예수금부족 | 최고신호 원익피앤이(217820) 3/3개 [RSI31 / 하락-1.4% / 호가1.9]
💰 예수금 9,783원 | KODEX200 RSI89/+2.2% 과열⚠️ | 매수기준 3개↑
📦 보유 SK증권(001510) 1주 -5.0% 🔴스탑로스임박
📦 보유 GS(078930) 1주 -4.7% 🔴스탑로스임박
📦 보유 원익피앤이(217820) 3주 -5.8% 🔴스탑로스임박

코드      종목명           가격    RSI     변화율    거래량     BB   호가비  B/S
────────────────────────────────────────────────────────────────────────
[2단계 분석 대상: 001510, 078930, 217820, 058470, 056080, 015760, 066970, 084850]
⛔ 아우토크립트(137040) 호가 없음 (거래정지 의심)
078930  GS        73,300   54.6    +2.4%    0.5x     중간  1.02  0/1
061250  화일약품       8,270    0.0    +0.0%    0.0x     중간  1.59  1/0
217820  원익피앤이      3,295   30.7    -1.6%    0.3x     중간  2.06  3/1
001510  SK증권       4,415   59.1    -1.3%    0.2x     중간  1.34  3/0
⛔ 금양(001570) 호가 없음 (거래정지 의심)

══════════════════════════════════════════════════
→ 전종목 HOLD
✅ Discord 전송 완료

[10:40] HOLD | KODEX RSI89/+2.2%⚠️ | 보유:SK증권(001510) -5.0% GS(078930) -4.7% 원익피앤(217820) -5.8% | 💸예수금부족 | 최고신호 원익피앤이(217820) 3/3개 [RSI31 / 하락-1.6% / 호가2.1]
💰 예수금 9,782원 | KODEX200 RSI89/+2.0% 과열⚠️ | 매수기준 3개↑
📦 보유 SK증권(001510) 1주 -5.3% 🔴스탑로스임박
📦 보유 GS(078930) 1주 -4.5% 🔴스탑로스임박
📦 보유 원익피앤이(217820) 3주 -6.1% 🔴스탑로스임박

코드      종목명           가격    RSI     변화율    거래량     BB   호가비  B/S
────────────────────────────────────────────────────────────────────────
[2단계 분석 대상: 001510, 078930, 217820, 058470, 061250, 056080, 015760, 066970]
⛔ 아우토크립트(137040) 호가 없음 (거래정지 의심)
078930  GS        73,400   54.3    +2.1%    0.5x     중간  1.06  0/1
061250  화일약품       8,260   21.7    -1.9%    0.3x     중간 10.29  3/0
217820  원익피앤이      3,290   30.5    -1.9%    0.3x     중간  2.03  3/1
001510  SK증권       4,395   58.6    -2.0%    0.2x     중간  2.65  3/0
⛔ 금양(001570) 호가 없음 (거래정지 의심)

══════════════════════════════════════════════════
→ 전종목 HOLD
✅ Discord 전송 완료

[10:42] HOLD | KODEX RSI89/+2.0%⚠️ | 보유:SK증권(001510) -5.3% GS(078930) -4.5% 원익피앤(217820) -6.1% | 💸예수금부족 | 최고신호 화일약품(061250) 3/3개 [RSI22 / 하락-1.9% / 호가10.3]
💰 예수금 9,783원 | KODEX200 RSI89/+2.0% 과열⚠️ | 매수기준 3개↑
📦 보유 SK증권(001510) 1주 -5.3% 🔴스탑로스임박
📦 보유 GS(078930) 1주 -4.8% 🔴스탑로스임박
📦 보유 원익피앤이(217820) 3주 -6.2% 🔴스탑로스임박

코드      종목명           가격    RSI     변화율    거래량     BB   호가비  B/S
────────────────────────────────────────────────────────────────────────
[2단계 분석 대상: 001510, 078930, 217820, 015760, 061250, 058470, 056080, 066970]
⛔ 아우토크립트(137040) 호가 없음 (거래정지 의심)
078930  GS        73,400   54.1    +1.9%    0.5x     중간  0.82  0/1
061250  화일약품       8,250   21.7    -1.9%    0.3x     중간 10.82  3/0
217820  원익피앤이      3,275   30.5    -1.9%    0.3x     중간  3.52  3/1
001510  SK증권       4,400   58.8    -1.7%    0.2x     중간  2.94  3/0
⛔ 금양(001570) 호가 없음 (거래정지 의심)

══════════════════════════════════════════════════
→ 전종목 HOLD
✅ Discord 전송 완료

[10:44] HOLD | KODEX RSI89/+2.0%⚠️ | 보유:SK증권(001510) -5.3% GS(078930) -4.8% 원익피앤(217820) -6.2% | 💸예수금부족 | 최고신호 화일약품(061250) 3/3개 [RSI22 / 하락-1.9% / 호가10.8]
💰 예수금 9,783원 | KODEX200 RSI88/+1.6% 과열⚠️ | 매수기준 3개↑
📦 보유 SK증권(001510) 1주 -5.3% 🔴스탑로스임박
📦 보유 GS(078930) 1주 -4.7% 🔴스탑로스임박
📦 보유 원익피앤이(217820) 3주 -6.5% 🔴스탑로스임박

코드      종목명           가격    RSI     변화율    거래량     BB   호가비  B/S
────────────────────────────────────────────────────────────────────────
[2단계 분석 대상: 001510, 078930, 217820, 058470, 061250, 015760, 000270, 034020]
⛔ 아우토크립트(137040) 호가 없음 (거래정지 의심)
078930  GS        73,100   53.9    +1.7%    0.5x     중간  0.66  0/1
061250  화일약품       8,250   21.6    -2.0%    0.3x     중간 10.90  3/0
217820  원익피앤이      3,270   30.4    -2.2%    0.3x     중간  2.83  3/1
001510  SK증권       4,380   58.5    -2.2%    0.2x     중간  9.03  3/0
⛔ 금양(001570) 호가 없음 (거래정지 의심)

══════════════════════════════════════════════════
→ 전종목 HOLD
✅ Discord 전송 완료

[10:46] HOLD | KODEX RSI88/+1.6%⚠️ | 보유:SK증권(001510) -5.3% GS(078930) -4.7% 원익피앤(217820) -6.5% | 💸예수금부족 | 최고신호 화일약품(061250) 3/3개 [RSI22 / 하락-2.0% / 호가10.9]
💰 예수금 9,783원 | KODEX200 RSI88/+1.4% 과열⚠️ | 매수기준 3개↑
📦 보유 SK증권(001510) 1주 -5.7% 🔴스탑로스임박
📦 보유 GS(078930) 1주 -5.2% 🔴스탑로스임박
📦 보유 원익피앤이(217820) 3주 -6.6% 🔴스탑로스임박

코드      종목명           가격    RSI     변화율    거래량     BB   호가비  B/S
────────────────────────────────────────────────────────────────────────
[2단계 분석 대상: 001510, 078930, 217820, 015760, 034020, 061250, 058470, 055550]
⛔ 아우토크립트(137040) 호가 없음 (거래정지 의심)
078930  GS        73,000   53.7    +1.5%    0.5x     중간  0.90  0/1
061250  화일약품       8,250   21.6    -2.0%    0.3x     중간 11.03  3/0
217820  원익피앤이      3,270   30.5    -1.9%    0.3x     중간  2.59  3/1
001510  SK증권       4,375   58.5    -2.1%    0.2x     중간  7.33  3/0
⛔ 금양(001570) 호가 없음 (거래정지 의심)

══════════════════════════════════════════════════
→ 전종목 HOLD
✅ Discord 전송 완료

[10:48] HOLD | KODEX RSI88/+1.4%⚠️ | 보유:SK증권(001510) -5.7% GS(078930) -5.2% 원익피앤(217820) -6.6% | 💸예수금부족 | 최고신호 화일약품(061250) 3/3개 [RSI22 / 하락-2.0% / 호가11.0]
💰 예수금 9,783원 | KODEX200 RSI88/+1.6% 과열⚠️ | 매수기준 3개↑
📦 보유 SK증권(001510) 1주 -5.8% 🔴스탑로스임박
📦 보유 GS(078930) 1주 -4.9% 🔴스탑로스임박
📦 보유 원익피앤이(217820) 3주 -6.2% 🔴스탑로스임박

코드      종목명           가격    RSI     변화율    거래량     BB   호가비  B/S
────────────────────────────────────────────────────────────────────────
[2단계 분석 대상: 001510, 078930, 217820, 061250, 058470, 015760, 066970, 056080]
⛔ 아우토크립트(137040) 호가 없음 (거래정지 의심)
078930  GS        73,100   53.5    +1.4%    0.5x     중간  0.63  0/1
061250  화일약품       8,250   21.6    -2.0%    0.3x     중간 11.03  3/0
217820  원익피앤이      3,275   30.6    -1.8%    0.3x     중간  4.21  3/1
001510  SK증권       4,380   58.5    -2.2%    0.2x     중간  5.56  3/0
⛔ 금양(001570) 호가 없음 (거래정지 의심)

══════════════════════════════════════════════════
→ 전종목 HOLD
✅ Discord 전송 완료

[10:50] HOLD | KODEX RSI88/+1.6%⚠️ | 보유:SK증권(001510) -5.8% GS(078930) -4.9% 원익피앤(217820) -6.2% | 💸예수금부족 | 최고신호 화일약품(061250) 3/3개 [RSI22 / 하락-2.0% / 호가11.0]
💰 예수금 9,783원 | KODEX200 RSI88/+1.4% 과열⚠️ | 매수기준 3개↑
📦 보유 SK증권(001510) 1주 -5.5% 🔴스탑로스임박
📦 보유 GS(078930) 1주 -5.3% 🔴스탑로스임박
📦 보유 원익피앤이(217820) 3주 -6.3% 🔴스탑로스임박

코드      종목명           가격    RSI     변화율    거래량     BB   호가비  B/S
────────────────────────────────────────────────────────────────────────
[2단계 분석 대상: 001510, 078930, 217820, 000270, 259960, 061250, 015760, 034020]
⛔ 아우토크립트(137040) 호가 없음 (거래정지 의심)
078930  GS        72,900   53.4    +1.2%    0.5x     중간  0.95  0/1
061250  화일약품       8,250   21.6    -2.0%    0.3x     중간 10.85  3/0
217820  원익피앤이      3,270   30.5    -1.9%    0.3x     중간  1.99  3/1
001510  SK증권       4,390   58.7    -1.9%    0.2x     중간  3.75  3/0
⛔ 금양(001570) 호가 없음 (거래정지 의심)

══════════════════════════════════════════════════
→ 전종목 HOLD
✅ Discord 전송 완료

[10:52] HOLD | KODEX RSI88/+1.4%⚠️ | 보유:SK증권(001510) -5.5% GS(078930) -5.3% 원익피앤(217820) -6.3% | 💸예수금부족 | 최고신호 화일약품(061250) 3/3개 [RSI22 / 하락-2.0% / 호가10.8]
💰 예수금 9,783원 | KODEX200 RSI88/+1.4% 과열⚠️ | 매수기준 3개↑
📦 보유 SK증권(001510) 1주 -5.5% 🔴스탑로스임박
📦 보유 GS(078930) 1주 -5.3% 🔴스탑로스임박
📦 보유 원익피앤이(217820) 3주 -6.6% 🔴스탑로스임박

코드      종목명           가격    RSI     변화율    거래량     BB   호가비  B/S
────────────────────────────────────────────────────────────────────────
[2단계 분석 대상: 001510, 078930, 217820, 000270, 015760, 034020, 061250, 259960]
⛔ 아우토크립트(137040) 호가 없음 (거래정지 의심)
078930  GS        72,600   53.2    +1.1%    0.5x     중간  0.74  0/1
061250  화일약품       8,250   21.6    -2.0%    0.3x     중간  8.26  3/0
217820  원익피앤이      3,260   30.3    -2.4%    0.3x     중간  2.68  3/1
001510  SK증권       4,390   58.7    -1.9%    0.2x     중간  4.03  3/0
⛔ 금양(001570) 호가 없음 (거래정지 의심)

══════════════════════════════════════════════════
→ 전종목 HOLD
✅ Discord 전송 완료

[10:54] HOLD | KODEX RSI88/+1.4%⚠️ | 보유:SK증권(001510) -5.5% GS(078930) -5.3% 원익피앤(217820) -6.6% | 💸예수금부족 | 최고신호 화일약품(061250) 3/3개 [RSI22 / 하락-2.0% / 호가8.3]
💰 예수금 9,784원 | KODEX200 RSI88/+1.2% 과열⚠️ | 매수기준 3개↑
📦 보유 SK증권(001510) 1주 -5.7% 🔴스탑로스임박
📦 보유 GS(078930) 1주 -5.6% 🔴스탑로스임박
📦 보유 원익피앤이(217820) 3주 -6.8% 🔴스탑로스임박

코드      종목명           가격    RSI     변화율    거래량     BB   호가비  B/S
────────────────────────────────────────────────────────────────────────
[2단계 분석 대상: 001510, 078930, 217820, 015760, 034020, 058470, 061250, 138040]
⛔ 아우토크립트(137040) 호가 없음 (거래정지 의심)
078930  GS        72,600   52.9    +0.8%    0.5x     중간  0.54  0/1
061250  화일약품       8,240   21.6    -2.0%    0.3x     중간  8.25  3/0
217820  원익피앤이      3,260   30.3    -2.4%    0.3x     중간  2.34  3/1
001510  SK증권       4,380   58.5    -2.1%    0.2x     중간  5.62  3/0
⛔ 금양(001570) 호가 없음 (거래정지 의심)

══════════════════════════════════════════════════
→ 전종목 HOLD
✅ Discord 전송 완료

[10:56] HOLD | KODEX RSI88/+1.2%⚠️ | 보유:SK증권(001510) -5.7% GS(078930) -5.6% 원익피앤(217820) -6.8% | 💸예수금부족 | 최고신호 화일약품(061250) 3/3개 [RSI22 / 하락-2.0% / 호가8.2]
💰 예수금 9,784원 | KODEX200 RSI88/+0.9% 과열⚠️ | 매수기준 3개↑
📦 보유 SK증권(001510) 1주 -5.8% 🔴스탑로스임박
📦 보유 GS(078930) 1주 -5.6% 🔴스탑로스임박
📦 보유 원익피앤이(217820) 3주 -6.6% 🔴스탑로스임박

코드      종목명           가격    RSI     변화율    거래량     BB   호가비  B/S
────────────────────────────────────────────────────────────────────────
[2단계 분석 대상: 001510, 078930, 217820, 000270, 015760, 034020, 056080, 061250]
⛔ 아우토크립트(137040) 호가 없음 (거래정지 의심)
078930  GS        72,500   52.7    +0.7%    0.5x     중간  0.51  0/1
061250  화일약품       8,240   21.6    -2.0%    0.3x     중간  8.25  3/0
217820  원익피앤이      3,260   30.4    -2.2%    0.3x     중간  2.18  3/1
001510  SK증권       4,380   58.5    -2.1%    0.2x     중간  7.93  3/0
⛔ 금양(001570) 호가 없음 (거래정지 의심)

══════════════════════════════════════════════════
→ 전종목 HOLD
✅ Discord 전송 완료

[10:58] HOLD | KODEX RSI88/+0.9%⚠️ | 보유:SK증권(001510) -5.8% GS(078930) -5.6% 원익피앤(217820) -6.6% | 💸예수금부족 | 최고신호 화일약품(061250) 3/3개 [RSI22 / 하락-2.0% / 호가8.2]
💰 예수금 9,784원 | KODEX200 RSI88/+0.7% 과열⚠️ | 매수기준 3개↑
📦 보유 SK증권(001510) 1주 -5.8% 🔴스탑로스임박
📦 보유 GS(078930) 1주 -5.8% 🔴스탑로스임박
📦 보유 원익피앤이(217820) 3주 -6.8% 🔴스탑로스임박

코드      종목명           가격    RSI     변화율    거래량     BB   호가비  B/S
────────────────────────────────────────────────────────────────────────
[2단계 분석 대상: 001510, 078930, 217820, 015760, 000270, 034020, 061250, 058470]
⛔ 아우토크립트(137040) 호가 없음 (거래정지 의심)
078930  GS        72,400   52.6    +0.6%    0.5x     중간  0.57  0/1
061250  화일약품       8,240   21.6    -2.0%    0.3x     중간  8.25  3/0
217820  원익피앤이      3,260   30.4    -2.2%    0.3x     중간  2.14  3/1
001510  SK증권       4,375   58.4    -2.4%    0.2x     중간  6.22  3/0
⛔ 금양(001570) 호가 없음 (거래정지 의심)

══════════════════════════════════════════════════
→ 전종목 HOLD
✅ Discord 전송 완료

[11:00] HOLD | KODEX RSI88/+0.7%⚠️ | 보유:SK증권(001510) -5.8% GS(078930) -5.8% 원익피앤(217820) -6.8% | 💸예수금부족 | 최고신호 화일약품(061250) 3/3개 [RSI22 / 하락-2.0% / 호가8.2]
💰 예수금 9,784원 | KODEX200 RSI88/+0.8% 과열⚠️ | 매수기준 3개↑
📦 보유 SK증권(001510) 1주 -6.0% 🔴스탑로스임박
📦 보유 GS(078930) 1주 -6.0% 🔴스탑로스임박
📦 보유 원익피앤이(217820) 3주 -6.6% 🔴스탑로스임박

코드      종목명           가격    RSI     변화율    거래량     BB   호가비  B/S
────────────────────────────────────────────────────────────────────────
[2단계 분석 대상: 001510, 078930, 217820, 034020, 015760, 000270, 079550, 058470]
⛔ 아우토크립트(137040) 호가 없음 (거래정지 의심)
078930  GS        72,500   52.9    +0.8%    0.5x     중간  1.18  0/1
061250  화일약품       8,240    0.0    +0.0%    0.0x     중간  8.25  1/0
217820  원익피앤이      3,260   30.4    -2.2%    0.3x     중간  2.15  3/1
001510  SK증권       4,365   58.2    -2.6%    0.2x     중간  7.05  3/0
⛔ 금양(001570) 호가 없음 (거래정지 의심)

══════════════════════════════════════════════════
→ 전종목 HOLD
✅ Discord 전송 완료

[11:02] HOLD | KODEX RSI88/+0.8%⚠️ | 보유:SK증권(001510) -6.0% GS(078930) -6.0% 원익피앤(217820) -6.6% | 💸예수금부족 | 최고신호 원익피앤이(217820) 3/3개 [RSI30 / 하락-2.2% / 호가2.1]
💰 예수금 9,784원 | KODEX200 RSI88/+1.0% 과열⚠️ | 매수기준 3개↑
📦 보유 SK증권(001510) 1주 -6.0% 🔴스탑로스임박
📦 보유 GS(078930) 1주 -5.8% 🔴스탑로스임박
📦 보유 원익피앤이(217820) 3주 -6.6% 🔴스탑로스임박

코드      종목명           가격    RSI     변화율    거래량     BB   호가비  B/S
────────────────────────────────────────────────────────────────────────
[2단계 분석 대상: 001510, 078930, 217820, 000270, 034020, 138040, 015760, 061250]
⛔ 아우토크립트(137040) 호가 없음 (거래정지 의심)
078930  GS        72,800   53.2    +1.1%    0.5x     중간  0.77  0/1
061250  화일약품       8,240   21.6    -2.0%    0.3x     중간  7.85  3/0
217820  원익피앤이      3,260   30.4    -2.2%    0.3x     중간  2.23  3/1
001510  SK증권       4,365   58.3    -2.5%    0.2x     중간  6.50  3/0
⛔ 금양(001570) 호가 없음 (거래정지 의심)

══════════════════════════════════════════════════
→ 전종목 HOLD
✅ Discord 전송 완료

[11:04] HOLD | KODEX RSI88/+1.0%⚠️ | 보유:SK증권(001510) -6.0% GS(078930) -5.8% 원익피앤(217820) -6.6% | 💸예수금부족 | 최고신호 화일약품(061250) 3/3개 [RSI22 / 하락-2.0% / 호가7.8]
💰 예수금 9,783원 | KODEX200 RSI88/+1.0% 과열⚠️ | 매수기준 3개↑
📦 보유 SK증권(001510) 1주 -5.8% 🔴스탑로스임박
📦 보유 GS(078930) 1주 -5.4% 🔴스탑로스임박
📦 보유 원익피앤이(217820) 3주 -6.8% 🔴스탑로스임박

코드      종목명           가격    RSI     변화율    거래량     BB   호가비  B/S
────────────────────────────────────────────────────────────────────────
[2단계 분석 대상: 001510, 078930, 217820, 015760, 000270, 138040, 034020, 056080]
⛔ 아우토크립트(137040) 호가 없음 (거래정지 의심)
078930  GS        72,700   53.1    +1.0%    0.5x     중간  0.57  0/1
061250  화일약품       8,240    0.0    +0.0%    0.0x     중간  7.85  1/0
217820  원익피앤이      3,260   30.2    -2.5%    0.3x     중간  2.31  3/1
001510  SK증권       4,375   58.4    -2.4%    0.2x     중간  3.54  3/0
⛔ 금양(001570) 호가 없음 (거래정지 의심)

══════════════════════════════════════════════════
→ 전종목 HOLD
✅ Discord 전송 완료

[11:06] HOLD | KODEX RSI88/+1.0%⚠️ | 보유:SK증권(001510) -5.8% GS(078930) -5.4% 원익피앤(217820) -6.8% | 💸예수금부족 | 최고신호 원익피앤이(217820) 3/3개 [RSI30 / 하락-2.5% / 호가2.3]
💰 예수금 9,783원 | KODEX200 RSI88/+0.7% 과열⚠️ | 매수기준 3개↑
📦 보유 SK증권(001510) 1주 -6.0% 🔴스탑로스임박
📦 보유 GS(078930) 1주 -5.4% 🔴스탑로스임박
📦 보유 원익피앤이(217820) 3주 -6.9% 🔴스탑로스임박

코드      종목명           가격    RSI     변화율    거래량     BB   호가비  B/S
────────────────────────────────────────────────────────────────────────
[2단계 분석 대상: 001510, 078930, 217820, 247540, 015760, 138040, 000270, 056080]
⛔ 아우토크립트(137040) 호가 없음 (거래정지 의심)
078930  GS        72,800   53.4    +1.2%    0.6x     중간  0.76  0/1
061250  화일약품       8,240    0.0    +0.0%    0.0x     중간  7.76  1/0
217820  원익피앤이      3,260   30.2    -2.5%    0.3x     중간  3.07  3/1
001510  SK증권       4,370   58.3    -2.5%    0.2x     중간  2.64  3/0
⛔ 금양(001570) 호가 없음 (거래정지 의심)

══════════════════════════════════════════════════
→ 전종목 HOLD
✅ Discord 전송 완료

[11:08] HOLD | KODEX RSI88/+0.7%⚠️ | 보유:SK증권(001510) -6.0% GS(078930) -5.4% 원익피앤(217820) -6.9% | 💸예수금부족 | 최고신호 원익피앤이(217820) 3/3개 [RSI30 / 하락-2.5% / 호가3.1]
💰 예수금 9,783원 | KODEX200 RSI88/+1.0% 과열⚠️ | 매수기준 3개↑
📦 보유 SK증권(001510) 1주 -5.9% 🔴스탑로스임박
📦 보유 GS(078930) 1주 -5.3% 🔴스탑로스임박
📦 보유 원익피앤이(217820) 3주 -6.6% 🔴스탑로스임박

코드      종목명           가격    RSI     변화율    거래량     BB   호가비  B/S
────────────────────────────────────────────────────────────────────────
[2단계 분석 대상: 001510, 078930, 217820, 015760, 034020, 138040, 061250, 000270]
⛔ 아우토크립트(137040) 호가 없음 (거래정지 의심)
078930  GS        72,900   53.2    +1.1%    0.6x     중간  0.50  0/1
061250  화일약품       8,210   21.0    -2.7%    0.3x     중간  8.19  3/0
217820  원익피앤이      3,260   30.4    -2.2%    0.3x     중간  3.46  3/1
001510  SK증권       4,400   58.8    -1.7%    0.2x     중간  2.06  3/0
⛔ 금양(001570) 호가 없음 (거래정지 의심)

══════════════════════════════════════════════════
→ 전종목 HOLD
✅ Discord 전송 완료

[11:10] HOLD | KODEX RSI88/+1.0%⚠️ | 보유:SK증권(001510) -5.9% GS(078930) -5.3% 원익피앤(217820) -6.6% | 💸예수금부족 | 최고신호 화일약품(061250) 3/3개 [RSI21 / 하락-2.7% / 호가8.2]
💰 예수금 9,783원 | KODEX200 RSI88/+1.0% 과열⚠️ | 매수기준 3개↑
📦 보유 SK증권(001510) 1주 -5.3% 🔴스탑로스임박
📦 보유 GS(078930) 1주 -4.7% 🔴스탑로스임박
📦 보유 원익피앤이(217820) 3주 -6.6% 🔴스탑로스임박

코드      종목명           가격    RSI     변화율    거래량     BB   호가비  B/S
────────────────────────────────────────────────────────────────────────
[2단계 분석 대상: 001510, 078930, 217820, 015760, 034020, 061250, 247540, 079550]
⛔ 아우토크립트(137040) 호가 없음 (거래정지 의심)
078930  GS        73,300   54.0    +1.8%    0.6x     중간  0.46  0/1
061250  화일약품       8,210   21.0    -2.7%    0.3x     중간  8.29  3/0
217820  원익피앤이      3,260   30.3    -2.4%    0.3x     중간  3.40  3/1
001510  SK증권       4,395   58.8    -1.8%    0.2x     중간  1.96  3/0
⛔ 금양(001570) 호가 없음 (거래정지 의심)

══════════════════════════════════════════════════
→ 전종목 HOLD
✅ Discord 전송 완료

[11:12] HOLD | KODEX RSI88/+1.0%⚠️ | 보유:SK증권(001510) -5.3% GS(078930) -4.7% 원익피앤(217820) -6.6% | 💸예수금부족 | 최고신호 화일약품(061250) 3/3개 [RSI21 / 하락-2.7% / 호가8.3]
💰 예수금 9,783원 | KODEX200 RSI88/+1.1% 과열⚠️ | 매수기준 3개↑
📦 보유 SK증권(001510) 1주 -5.1% 🔴스탑로스임박
📦 보유 GS(078930) 1주 -4.8% 🔴스탑로스임박
📦 보유 원익피앤이(217820) 3주 -6.8% 🔴스탑로스임박

코드      종목명           가격    RSI     변화율    거래량     BB   호가비  B/S
────────────────────────────────────────────────────────────────────────
[2단계 분석 대상: 001510, 078930, 217820, 015760, 034020, 061250, 000270, 066970]
⛔ 아우토크립트(137040) 호가 없음 (거래정지 의심)
078930  GS        73,300   54.1    +1.9%    0.6x     중간  0.74  0/1
061250  화일약품       8,210   21.2    -2.5%    0.3x     중간 11.20  3/0
217820  원익피앤이      3,265   30.5    -2.1%    0.3x     중간  2.18  3/1
001510  SK증권       4,400   58.8    -1.7%    0.2x     중간  1.83  3/0
⛔ 금양(001570) 호가 없음 (거래정지 의심)

══════════════════════════════════════════════════
→ 전종목 HOLD
✅ Discord 전송 완료

[11:14] HOLD | KODEX RSI88/+1.1%⚠️ | 보유:SK증권(001510) -5.1% GS(078930) -4.8% 원익피앤(217820) -6.8% | 💸예수금부족 | 최고신호 화일약품(061250) 3/3개 [RSI21 / 하락-2.5% / 호가11.2]
💰 예수금 9,782원 | KODEX200 RSI88/+1.1% 과열⚠️ | 매수기준 3개↑
📦 보유 SK증권(001510) 1주 -5.3% 🔴스탑로스임박
📦 보유 GS(078930) 1주 -4.3% 🔴스탑로스임박
📦 보유 원익피앤이(217820) 3주 -6.6% 🔴스탑로스임박

코드      종목명           가격    RSI     변화율    거래량     BB   호가비  B/S
────────────────────────────────────────────────────────────────────────
[2단계 분석 대상: 001510, 078930, 217820, 247540, 015760, 034020, 061250, 066970]
⛔ 아우토크립트(137040) 호가 없음 (거래정지 의심)
078930  GS        73,400   54.1    +1.9%    0.6x     중간  0.25  0/1
061250  화일약품       8,210   20.9    -2.9%    0.3x     중간  8.15  3/0
217820  원익피앤이      3,265   30.4    -2.2%    0.3x     중간  1.97  3/1
001510  SK증권       4,410   59.0    -1.4%    0.2x     중간  0.30  2/0
⛔ 금양(001570) 호가 없음 (거래정지 의심)

══════════════════════════════════════════════════
→ 전종목 HOLD
✅ Discord 전송 완료

[11:16] HOLD | KODEX RSI88/+1.1%⚠️ | 보유:SK증권(001510) -5.3% GS(078930) -4.3% 원익피앤(217820) -6.6% | 💸예수금부족 | 최고신호 화일약품(061250) 3/3개 [RSI21 / 하락-2.9% / 호가8.2]
💰 예수금 9,783원 | KODEX200 RSI88/+1.1% 과열⚠️ | 매수기준 3개↑
📦 보유 SK증권(001510) 1주 -4.9% 🔴스탑로스임박
📦 보유 GS(078930) 1주 -4.7% 🔴스탑로스임박
📦 보유 원익피앤이(217820) 3주 -6.5% 🔴스탑로스임박

코드      종목명           가격    RSI     변화율    거래량     BB   호가비  B/S
────────────────────────────────────────────────────────────────────────
[2단계 분석 대상: 001510, 078930, 217820, 015760, 247540, 061250, 066970, 034020]
⛔ 아우토크립트(137040) 호가 없음 (거래정지 의심)
078930  GS        73,400   54.3    +2.1%    0.6x     중간  0.27  0/1
061250  화일약품       8,210   20.9    -2.9%    0.3x     중간  8.16  3/0
217820  원익피앤이      3,270   30.4    -2.2%    0.3x     중간  2.35  3/1
001510  SK증권       4,410   58.9    -1.6%    0.2x     중간  0.30  2/0
⛔ 금양(001570) 호가 없음 (거래정지 의심)

══════════════════════════════════════════════════
→ 전종목 HOLD
✅ Discord 전송 완료

[11:18] HOLD | KODEX RSI88/+1.1%⚠️ | 보유:SK증권(001510) -4.9% GS(078930) -4.7% 원익피앤(217820) -6.5% | 💸예수금부족 | 최고신호 화일약품(061250) 3/3개 [RSI21 / 하락-2.9% / 호가8.2]
💰 예수금 9,782원 | KODEX200 RSI88/+0.9% 과열⚠️ | 매수기준 3개↑
📦 보유 SK증권(001510) 1주 -4.9% 🔴스탑로스임박
📦 보유 GS(078930) 1주 -4.5% 🔴스탑로스임박
📦 보유 원익피앤이(217820) 3주 -6.6% 🔴스탑로스임박

코드      종목명           가격    RSI     변화율    거래량     BB   호가비  B/S
────────────────────────────────────────────────────────────────────────
[2단계 분석 대상: 001510, 078930, 217820, 015760, 034020, 247540, 061250, 000270]
⛔ 아우토크립트(137040) 호가 없음 (거래정지 의심)
078930  GS        73,500   54.3    +2.1%    0.6x     중간  0.44  0/1
061250  화일약품       8,210   21.1    -2.6%    0.3x     중간  8.17  3/0
217820  원익피앤이      3,270   30.4    -2.2%    0.3x     중간  1.99  3/1
001510  SK증권       4,420   59.1    -1.3%    0.2x     중간  0.53  2/0
⛔ 금양(001570) 호가 없음 (거래정지 의심)

══════════════════════════════════════════════════
→ 전종목 HOLD
✅ Discord 전송 완료

[11:20] HOLD | KODEX RSI88/+0.9%⚠️ | 보유:SK증권(001510) -4.9% GS(078930) -4.5% 원익피앤(217820) -6.6% | 💸예수금부족 | 최고신호 화일약품(061250) 3/3개 [RSI21 / 하락-2.6% / 호가8.2]
💰 예수금 9,782원 | KODEX200 RSI88/+1.3% 과열⚠️ | 매수기준 3개↑
📦 보유 SK증권(001510) 1주 -4.6% 🔴스탑로스임박
📦 보유 GS(078930) 1주 -4.1% 🔴스탑로스임박
📦 보유 원익피앤이(217820) 3주 -6.5% 🔴스탑로스임박

코드      종목명           가격    RSI     변화율    거래량     BB   호가비  B/S
────────────────────────────────────────────────────────────────────────
[2단계 분석 대상: 001510, 078930, 217820, 015760, 034020, 061250, 056080, 066970]
⛔ 아우토크립트(137040) 호가 없음 (거래정지 의심)
078930  GS        73,900   54.9    +2.6%    0.6x     중간  0.60  1/0
061250  화일약품       8,200   21.0    -2.7%    0.3x     중간  8.24  3/0
217820  원익피앤이      3,270   30.5    -2.1%    0.3x     중간  2.51  3/1
001510  SK증권       4,450   59.6    -0.6%    0.2x     중간  0.80  1/0
⛔ 금양(001570) 호가 없음 (거래정지 의심)

══════════════════════════════════════════════════
→ 전종목 HOLD
✅ Discord 전송 완료

[11:22] HOLD | KODEX RSI88/+1.3%⚠️ | 보유:SK증권(001510) -4.6% GS(078930) -4.1% 원익피앤(217820) -6.5% | 💸예수금부족 | 최고신호 화일약품(061250) 3/3개 [RSI21 / 하락-2.7% / 호가8.2]
💰 예수금 9,780원 | KODEX200 RSI88/+1.2% 과열⚠️ | 매수기준 3개↑
📦 보유 SK증권(001510) 1주 -4.4% 🔴스탑로스임박
📦 보유 GS(078930) 1주 -3.7% ⚠️주의
📦 보유 원익피앤이(217820) 3주 -6.5% 🔴스탑로스임박

코드      종목명           가격    RSI     변화율    거래량     BB   호가비  B/S
────────────────────────────────────────────────────────────────────────
[2단계 분석 대상: 001510, 078930, 217820, 015760, 138040, 000270, 061250, 034020]
⛔ 아우토크립트(137040) 호가 없음 (거래정지 의심)
078930  GS        74,000   55.2    +2.9%    0.6x     중간  0.59  1/0
061250  화일약품       8,200   21.1    -2.6%    0.3x     중간  8.29  3/0
217820  원익피앤이      3,265   30.4    -2.2%    0.3x     중간  1.77  3/1
001510  SK증권       4,435   59.4    -0.9%    0.2x     중간  0.61  1/0
⛔ 금양(001570) 호가 없음 (거래정지 의심)

══════════════════════════════════════════════════
→ 전종목 HOLD
✅ Discord 전송 완료

[11:24] HOLD | KODEX RSI88/+1.2%⚠️ | 보유:SK증권(001510) -4.4% GS(078930) -3.7% 원익피앤(217820) -6.5% | 💸예수금부족 | 최고신호 화일약품(061250) 3/3개 [RSI21 / 하락-2.6% / 호가8.3]
💰 예수금 9,782원 | KODEX200 RSI88/+1.2% 과열⚠️ | 매수기준 3개↑
📦 보유 SK증권(001510) 1주 -4.5% 🔴스탑로스임박
📦 보유 GS(078930) 1주 -3.9% ⚠️주의
📦 보유 원익피앤이(217820) 3주 -6.3% 🔴스탑로스임박

코드      종목명           가격    RSI     변화율    거래량     BB   호가비  B/S
────────────────────────────────────────────────────────────────────────
[2단계 분석 대상: 001510, 078930, 217820, 138040, 000270, 015760, 034020, 061250]
⛔ 아우토크립트(137040) 호가 없음 (거래정지 의심)
078930  GS        74,200   55.5    +3.2%    0.6x     중간  0.80  1/0
061250  화일약품       8,200   21.1    -2.6%    0.3x     중간  8.32  3/0
217820  원익피앤이      3,270   30.5    -1.9%    0.3x     중간  2.90  3/1
001510  SK증권       4,435   59.4    -0.9%    0.2x     중간  0.66  1/0
⛔ 금양(001570) 호가 없음 (거래정지 의심)

══════════════════════════════════════════════════
→ 전종목 HOLD
✅ Discord 전송 완료

[11:26] HOLD | KODEX RSI88/+1.2%⚠️ | 보유:SK증권(001510) -4.5% GS(078930) -3.9% 원익피앤(217820) -6.3% | 💸예수금부족 | 최고신호 화일약품(061250) 3/3개 [RSI21 / 하락-2.6% / 호가8.3]
💰 예수금 9,780원 | KODEX200 RSI88/+1.3% 과열⚠️ | 매수기준 3개↑
📦 보유 SK증권(001510) 1주 -4.5% 🔴스탑로스임박
📦 보유 GS(078930) 1주 -3.4% ⚠️주의
📦 보유 원익피앤이(217820) 3주 -6.3% 🔴스탑로스임박

코드      종목명           가격    RSI     변화율    거래량     BB   호가비  B/S
────────────────────────────────────────────────────────────────────────
[2단계 분석 대상: 001510, 078930, 217820, 138040, 015760, 034020, 056080, 066970]
⛔ 아우토크립트(137040) 호가 없음 (거래정지 의심)
078930  GS        74,200   55.3    +3.1%    0.6x     중간  0.58  1/0
061250  화일약품       8,240    0.0    +0.0%    0.0x     중간  4.00  1/0
217820  원익피앤이      3,275   30.6    -1.8%    0.3x     중간  2.14  3/1
001510  SK증권       4,450   59.6    -0.6%    0.2x     중간  0.87  1/0
⛔ 금양(001570) 호가 없음 (거래정지 의심)

══════════════════════════════════════════════════
→ 전종목 HOLD
✅ Discord 전송 완료

[11:28] HOLD | KODEX RSI88/+1.3%⚠️ | 보유:SK증권(001510) -4.5% GS(078930) -3.4% 원익피앤(217820) -6.3% | 💸예수금부족 | 최고신호 원익피앤이(217820) 3/3개 [RSI31 / 하락-1.8% / 호가2.1]
💰 예수금 9,780원 | KODEX200 RSI88/+1.0% 과열⚠️ | 매수기준 3개↑
📦 보유 SK증권(001510) 1주 -4.6% 🔴스탑로스임박
📦 보유 GS(078930) 1주 -3.5% ⚠️주의
📦 보유 원익피앤이(217820) 3주 -6.2% 🔴스탑로스임박

코드      종목명           가격    RSI     변화율    거래량     BB   호가비  B/S
────────────────────────────────────────────────────────────────────────
[2단계 분석 대상: 001510, 078930, 217820, 000270, 015760, 138040, 034020, 056080]
⛔ 아우토크립트(137040) 호가 없음 (거래정지 의심)
078930  GS        74,300   55.5    +3.2%    0.6x     중간  0.60  1/0
061250  화일약품       8,270    0.0    +0.0%    0.0x     중간  3.36  1/0
217820  원익피앤이      3,275   30.6    -1.8%    0.3x     중간  2.19  3/1
001510  SK증권       4,425   59.2    -1.1%    0.2x     중간  1.47  3/0
⛔ 금양(001570) 호가 없음 (거래정지 의심)

══════════════════════════════════════════════════
→ 전종목 HOLD
✅ Discord 전송 완료

[11:30] HOLD | KODEX RSI88/+1.0%⚠️ | 보유:SK증권(001510) -4.6% GS(078930) -3.5% 원익피앤(217820) -6.2% | 💸예수금부족 | 최고신호 원익피앤이(217820) 3/3개 [RSI31 / 하락-1.8% / 호가2.2]
💰 예수금 9,780원 | KODEX200 RSI88/+1.2% 과열⚠️ | 매수기준 3개↑
📦 보유 SK증권(001510) 1주 -4.8% 🔴스탑로스임박
📦 보유 GS(078930) 1주 -3.2% ⚠️주의
📦 보유 원익피앤이(217820) 3주 -5.8% 🔴스탑로스임박

코드      종목명           가격    RSI     변화율    거래량     BB   호가비  B/S
────────────────────────────────────────────────────────────────────────
[2단계 분석 대상: 001510, 078930, 217820, 138040, 015760, 066970, 034020, 000270]
⛔ 아우토크립트(137040) 호가 없음 (거래정지 의심)
078930  GS        74,500   55.8    +3.5%    0.6x     중간  0.81  1/0
061250  화일약품       8,270    0.0    +0.0%    0.0x     중간  3.36  1/0
217820  원익피앤이      3,290   30.5    -1.9%    0.3x     중간  2.02  3/1
001510  SK증권       4,425   59.2    -1.1%    0.2x     중간  1.52  3/0
⛔ 금양(001570) 호가 없음 (거래정지 의심)

══════════════════════════════════════════════════
→ 전종목 HOLD
✅ Discord 전송 완료

[11:32] HOLD | KODEX RSI88/+1.2%⚠️ | 보유:SK증권(001510) -4.8% GS(078930) -3.2% 원익피앤(217820) -5.8% | 💸예수금부족 | 최고신호 원익피앤이(217820) 3/3개 [RSI31 / 하락-1.9% / 호가2.0]
💰 예수금 9,780원 | KODEX200 RSI88/+1.2% 과열⚠️ | 매수기준 3개↑
📦 보유 SK증권(001510) 1주 -4.7% 🔴스탑로스임박
📦 보유 GS(078930) 1주 -3.2% ⚠️주의
📦 보유 원익피앤이(217820) 3주 -6.3% 🔴스탑로스임박

코드      종목명           가격    RSI     변화율    거래량     BB   호가비  B/S
────────────────────────────────────────────────────────────────────────
[2단계 분석 대상: 001510, 078930, 217820, 034020, 015760, 066970, 056080, 138040]
⛔ 아우토크립트(137040) 호가 없음 (거래정지 의심)
078930  GS        74,600   55.9    +3.6%    0.6x     중간  0.62  1/0
061250  화일약품       8,270    0.0    +0.0%    0.0x     중간  3.96  1/0
217820  원익피앤이      3,290   30.9    -1.4%    0.3x     중간  1.98  3/1
001510  SK증권       4,425   59.2    -1.1%    0.2x     중간  1.44  3/0
⛔ 금양(001570) 호가 없음 (거래정지 의심)

══════════════════════════════════════════════════
→ 전종목 HOLD
✅ Discord 전송 완료

[11:34] HOLD | KODEX RSI88/+1.2%⚠️ | 보유:SK증권(001510) -4.7% GS(078930) -3.2% 원익피앤(217820) -6.3% | 💸예수금부족 | 최고신호 원익피앤이(217820) 3/3개 [RSI31 / 하락-1.4% / 호가2.0]
💰 예수금 9,780원 | KODEX200 RSI88/+1.2% 과열⚠️ | 매수기준 3개↑
📦 보유 SK증권(001510) 1주 -4.7% 🔴스탑로스임박
📦 보유 GS(078930) 1주 -3.2% ⚠️주의
📦 보유 원익피앤이(217820) 3주 -6.1% 🔴스탑로스임박

코드      종목명           가격    RSI     변화율    거래량     BB   호가비  B/S
────────────────────────────────────────────────────────────────────────
[2단계 분석 대상: 001510, 078930, 217820, 066970, 015760, 034020, 056080, 000270]
⛔ 아우토크립트(137040) 호가 없음 (거래정지 의심)
078930  GS        74,300   55.6    +3.3%    0.6x     중간  0.36  1/0
061250  화일약품       8,260    0.0    +0.0%    0.0x     중간  3.03  1/0
217820  원익피앤이      3,280   30.7    -1.6%    0.3x     중간  1.99  3/1
001510  SK증권       4,425   59.1    -1.2%    0.2x     중간  1.28  3/0
⛔ 금양(001570) 호가 없음 (거래정지 의심)

══════════════════════════════════════════════════
→ 전종목 HOLD
✅ Discord 전송 완료

[11:36] HOLD | KODEX RSI88/+1.2%⚠️ | 보유:SK증권(001510) -4.7% GS(078930) -3.2% 원익피앤(217820) -6.1% | 💸예수금부족 | 최고신호 원익피앤이(217820) 3/3개 [RSI31 / 하락-1.6% / 호가2.0]
💰 예수금 9,780원 | KODEX200 RSI88/+1.2% 과열⚠️ | 매수기준 3개↑
📦 보유 SK증권(001510) 1주 -4.8% 🔴스탑로스임박
📦 보유 GS(078930) 1주 -3.5% ⚠️주의
📦 보유 원익피앤이(217820) 3주 -6.1% 🔴스탑로스임박

코드      종목명           가격    RSI     변화율    거래량     BB   호가비  B/S
────────────────────────────────────────────────────────────────────────
[2단계 분석 대상: 001510, 078930, 217820, 034020, 015760, 066970, 056080, 000270]
⛔ 아우토크립트(137040) 호가 없음 (거래정지 의심)
078930  GS        74,300   55.6    +3.3%    0.6x     중간  0.46  1/0
061250  화일약품       8,280    0.0    +0.0%    0.0x     중간  3.50  1/0
217820  원익피앤이      3,280   30.7    -1.6%    0.3x     중간  1.91  3/1
001510  SK증권       4,420   59.1    -1.2%    0.2x     중간  1.46  3/0
⛔ 금양(001570) 호가 없음 (거래정지 의심)

══════════════════════════════════════════════════
→ 전종목 HOLD
✅ Discord 전송 완료

[11:38] HOLD | KODEX RSI88/+1.2%⚠️ | 보유:SK증권(001510) -4.8% GS(078930) -3.5% 원익피앤(217820) -6.1% | 💸예수금부족 | 최고신호 원익피앤이(217820) 3/3개 [RSI31 / 하락-1.6% / 호가1.9]
💰 예수금 9,780원 | KODEX200 RSI88/+1.0% 과열⚠️ | 매수기준 3개↑
📦 보유 SK증권(001510) 1주 -4.7% 🔴스탑로스임박
📦 보유 GS(078930) 1주 -3.2% ⚠️주의
📦 보유 원익피앤이(217820) 3주 -6.1% 🔴스탑로스임박

코드      종목명           가격    RSI     변화율    거래량     BB   호가비  B/S
────────────────────────────────────────────────────────────────────────
[2단계 분석 대상: 001510, 078930, 217820, 034020, 066970, 015760, 056080, 000660]
⛔ 아우토크립트(137040) 호가 없음 (거래정지 의심)
078930  GS        74,400   55.6    +3.3%    0.6x     중간  0.45  1/0
061250  화일약품       8,280    0.0    +0.0%    0.0x     중간  3.50  1/0
217820  원익피앤이      3,280   30.7    -1.6%    0.3x     중간  1.66  3/1
001510  SK증권       4,420   59.1    -1.2%    0.2x     중간  1.39  3/0
⛔ 금양(001570) 호가 없음 (거래정지 의심)

══════════════════════════════════════════════════
→ 전종목 HOLD
✅ Discord 전송 완료

[11:40] HOLD | KODEX RSI88/+1.0%⚠️ | 보유:SK증권(001510) -4.7% GS(078930) -3.2% 원익피앤(217820) -6.1% | 💸예수금부족 | 최고신호 원익피앤이(217820) 3/3개 [RSI31 / 하락-1.6% / 호가1.7]
💰 예수금 9,780원 | KODEX200 RSI88/+0.9% 과열⚠️ | 매수기준 3개↑
📦 보유 SK증권(001510) 1주 -5.1% 🔴스탑로스임박
📦 보유 GS(078930) 1주 -3.5% ⚠️주의
📦 보유 원익피앤이(217820) 3주 -6.1% 🔴스탑로스임박

코드      종목명           가격    RSI     변화율    거래량     BB   호가비  B/S
────────────────────────────────────────────────────────────────────────
[2단계 분석 대상: 001510, 078930, 217820, 034020, 066970, 015760, 056080, 000660]
⛔ 아우토크립트(137040) 호가 없음 (거래정지 의심)
078930  GS        74,300   55.6    +3.3%    0.6x     중간  0.37  1/0
061250  화일약품       8,280    0.0    +0.0%    0.0x     중간  2.78  1/0
217820  원익피앤이      3,285   30.8    -1.5%    0.3x     중간  1.98  3/1
001510  SK증권       4,410   58.9    -1.6%    0.2x     중간  2.20  3/0
⛔ 금양(001570) 호가 없음 (거래정지 의심)

══════════════════════════════════════════════════
→ 전종목 HOLD
✅ Discord 전송 완료

[11:42] HOLD | KODEX RSI88/+0.9%⚠️ | 보유:SK증권(001510) -5.1% GS(078930) -3.5% 원익피앤(217820) -6.1% | 💸예수금부족 | 최고신호 원익피앤이(217820) 3/3개 [RSI31 / 하락-1.5% / 호가2.0]
💰 예수금 9,780원 | KODEX200 RSI88/+0.8% 과열⚠️ | 매수기준 3개↑
📦 보유 SK증권(001510) 1주 -5.2% 🔴스탑로스임박
📦 보유 GS(078930) 1주 -3.5% ⚠️주의
📦 보유 원익피앤이(217820) 3주 -6.3% 🔴스탑로스임박

코드      종목명           가격    RSI     변화율    거래량     BB   호가비  B/S
────────────────────────────────────────────────────────────────────────
[2단계 분석 대상: 001510, 078930, 217820, 034020, 015760, 056080, 058470, 005380]
⛔ 아우토크립트(137040) 호가 없음 (거래정지 의심)
078930  GS        74,200   55.6    +3.3%    0.6x     중간  0.32  1/0
061250  화일약품       8,280    0.0    +0.0%    0.0x     중간  3.07  1/0
217820  원익피앤이      3,285   30.5    -1.9%    0.3x     중간  2.06  3/1
001510  SK증권       4,400   58.8    -1.8%    0.2x     중간  2.44  3/0
⛔ 금양(001570) 호가 없음 (거래정지 의심)

══════════════════════════════════════════════════
→ 전종목 HOLD
✅ Discord 전송 완료

[11:44] HOLD | KODEX RSI88/+0.8%⚠️ | 보유:SK증권(001510) -5.2% GS(078930) -3.5% 원익피앤(217820) -6.3% | 💸예수금부족 | 최고신호 원익피앤이(217820) 3/3개 [RSI31 / 하락-1.9% / 호가2.1]
💰 예수금 9,780원 | KODEX200 RSI88/+0.8% 과열⚠️ | 매수기준 3개↑
📦 보유 SK증권(001510) 1주 -5.3% 🔴스탑로스임박
📦 보유 GS(078930) 1주 -3.2% ⚠️주의
📦 보유 원익피앤이(217820) 3주 -5.9% 🔴스탑로스임박

코드      종목명           가격    RSI     변화율    거래량     BB   호가비  B/S
────────────────────────────────────────────────────────────────────────
[2단계 분석 대상: 001510, 078930, 217820, 247540, 034020, 015760, 056080, 058470]
⛔ 아우토크립트(137040) 호가 없음 (거래정지 의심)
078930  GS        74,400   55.9    +3.6%    0.6x     중간  0.40  1/0
061250  화일약품       8,280    0.0    +0.0%    0.0x     중간  2.90  1/0
217820  원익피앤이      3,285   30.8    -1.5%    0.3x     중간  1.98  3/1
001510  SK증권       4,395   58.8    -1.8%    0.2x     중간  2.40  3/0
⛔ 금양(001570) 호가 없음 (거래정지 의심)

══════════════════════════════════════════════════
→ 전종목 HOLD
✅ Discord 전송 완료

[11:46] HOLD | KODEX RSI88/+0.8%⚠️ | 보유:SK증권(001510) -5.3% GS(078930) -3.2% 원익피앤(217820) -5.9% | 💸예수금부족 | 최고신호 원익피앤이(217820) 3/3개 [RSI31 / 하락-1.5% / 호가2.0]
💰 예수금 9,780원 | KODEX200 RSI88/+0.6% 과열⚠️ | 매수기준 3개↑
📦 보유 SK증권(001510) 1주 -5.6% 🔴스탑로스임박
📦 보유 GS(078930) 1주 -3.2% ⚠️주의
📦 보유 원익피앤이(217820) 3주 -6.3% 🔴스탑로스임박

코드      종목명           가격    RSI     변화율    거래량     BB   호가비  B/S
────────────────────────────────────────────────────────────────────────
[2단계 분석 대상: 001510, 078930, 217820, 247540, 034020, 056080, 015760, 005380]
⛔ 아우토크립트(137040) 호가 없음 (거래정지 의심)
078930  GS        74,500   55.8    +3.5%    0.6x     중간  0.52  1/0
061250  화일약품       8,290    0.0    +0.0%    0.0x     중간  2.47  1/0
217820  원익피앤이      3,285   30.5    -1.9%    0.3x     중간  2.15  3/1
001510  SK증권       4,385   58.5    -2.1%    0.2x     중간  4.07  3/0
⛔ 금양(001570) 호가 없음 (거래정지 의심)

══════════════════════════════════════════════════
→ 전종목 HOLD
✅ Discord 전송 완료

[11:48] HOLD | KODEX RSI88/+0.6%⚠️ | 보유:SK증권(001510) -5.6% GS(078930) -3.2% 원익피앤(217820) -6.3% | 💸예수금부족 | 최고신호 원익피앤이(217820) 3/3개 [RSI31 / 하락-1.9% / 호가2.1]
💰 예수금 9,780원 | KODEX200 RSI88/+0.5% 과열⚠️ | 매수기준 3개↑
📦 보유 SK증권(001510) 1주 -5.6% 🔴스탑로스임박
📦 보유 GS(078930) 1주 -3.1% ⚠️주의
📦 보유 원익피앤이(217820) 3주 -6.2% 🔴스탑로스임박

코드      종목명           가격    RSI     변화율    거래량     BB   호가비  B/S
────────────────────────────────────────────────────────────────────────
[2단계 분석 대상: 001510, 078930, 217820, 000270, 247540, 000660, 015760, 034020]
⛔ 아우토크립트(137040) 호가 없음 (거래정지 의심)
078930  GS        74,500   55.9    +3.6%    0.6x     중간  0.39  1/0
061250  화일약품       8,290    0.0    +0.0%    0.0x     중간  2.47  1/0
217820  원익피앤이      3,285   30.5    -1.9%    0.3x     중간  2.02  3/1
001510  SK증권       4,390   58.7    -1.9%    0.2x     중간  3.60  3/0
⛔ 금양(001570) 호가 없음 (거래정지 의심)

══════════════════════════════════════════════════
→ 전종목 HOLD
✅ Discord 전송 완료

[11:50] HOLD | KODEX RSI88/+0.5%⚠️ | 보유:SK증권(001510) -5.6% GS(078930) -3.1% 원익피앤(217820) -6.2% | 💸예수금부족 | 최고신호 원익피앤이(217820) 3/3개 [RSI31 / 하락-1.9% / 호가2.0]
💰 예수금 9,780원 | KODEX200 RSI88/+0.7% 과열⚠️ | 매수기준 3개↑
📦 보유 SK증권(001510) 1주 -5.5% 🔴스탑로스임박
📦 보유 GS(078930) 1주 -3.2% ⚠️주의
📦 보유 원익피앤이(217820) 3주 -6.5% 🔴스탑로스임박

코드      종목명           가격    RSI     변화율    거래량     BB   호가비  B/S
────────────────────────────────────────────────────────────────────────
[2단계 분석 대상: 001510, 078930, 217820, 000660, 247540, 015760, 034020, 000270]
⛔ 아우토크립트(137040) 호가 없음 (거래정지 의심)
078930  GS        74,500   55.8    +3.5%    0.6x     중간  0.41  1/0
061250  화일약품       8,290    0.0    +0.0%    0.0x     중간  2.48  1/0
217820  원익피앤이      3,285   30.8    -1.5%    0.3x     중간  2.03  3/1
001510  SK증권       4,390   58.7    -1.9%    0.2x     중간  4.20  3/0
⛔ 금양(001570) 호가 없음 (거래정지 의심)

══════════════════════════════════════════════════
→ 전종목 HOLD
✅ Discord 전송 완료

[11:52] HOLD | KODEX RSI88/+0.7%⚠️ | 보유:SK증권(001510) -5.5% GS(078930) -3.2% 원익피앤(217820) -6.5% | 💸예수금부족 | 최고신호 원익피앤이(217820) 3/3개 [RSI31 / 하락-1.5% / 호가2.0]
💰 예수금 9,780원 | KODEX200 RSI88/+0.6% 과열⚠️ | 매수기준 3개↑
📦 보유 SK증권(001510) 1주 -5.6% 🔴스탑로스임박
📦 보유 GS(078930) 1주 -3.2% ⚠️주의
📦 보유 원익피앤이(217820) 3주 -6.1% 🔴스탑로스임박

코드      종목명           가격    RSI     변화율    거래량     BB   호가비  B/S
────────────────────────────────────────────────────────────────────────
[2단계 분석 대상: 001510, 078930, 217820, 000270, 247540, 015760, 034020, 012450]
⛔ 아우토크립트(137040) 호가 없음 (거래정지 의심)
078930  GS        74,400   55.8    +3.5%    0.7x     중간  0.40  1/0
061250  화일약품       8,290    0.0    +0.0%    0.0x     중간  2.46  1/0
217820  원익피앤이      3,280   30.6    -1.8%    0.3x     중간  2.31  3/1
001510  SK증권       4,385   58.6    -2.0%    0.2x     중간  5.72  3/0
⛔ 금양(001570) 호가 없음 (거래정지 의심)

══════════════════════════════════════════════════
→ 전종목 HOLD
✅ Discord 전송 완료

[11:54] HOLD | KODEX RSI88/+0.6%⚠️ | 보유:SK증권(001510) -5.6% GS(078930) -3.2% 원익피앤(217820) -6.1% | 💸예수금부족 | 최고신호 원익피앤이(217820) 3/3개 [RSI31 / 하락-1.8% / 호가2.3]
💰 예수금 9,780원 | KODEX200 RSI88/+0.3% 과열⚠️ | 매수기준 3개↑
📦 보유 SK증권(001510) 1주 -5.7% 🔴스탑로스임박
📦 보유 GS(078930) 1주 -3.4% ⚠️주의
📦 보유 원익피앤이(217820) 3주 -6.2% 🔴스탑로스임박

코드      종목명           가격    RSI     변화율    거래량     BB   호가비  B/S
────────────────────────────────────────────────────────────────────────
[2단계 분석 대상: 001510, 078930, 217820, 012450, 015760, 034020, 000660, 084850]
⛔ 아우토크립트(137040) 호가 없음 (거래정지 의심)
078930  GS        74,400   55.8    +3.5%    0.7x     중간  0.30  1/0
061250  화일약품       8,290    0.0    +0.0%    0.0x     중간  2.46  1/0
217820  원익피앤이      3,270   30.5    -2.1%    0.3x     중간  7.52  3/1
001510  SK증권       4,380   58.5    -2.2%    0.2x     중간  7.69  3/0
⛔ 금양(001570) 호가 없음 (거래정지 의심)

══════════════════════════════════════════════════
→ 전종목 HOLD
✅ Discord 전송 완료

[11:56] HOLD | KODEX RSI88/+0.3%⚠️ | 보유:SK증권(001510) -5.7% GS(078930) -3.4% 원익피앤(217820) -6.2% | 💸예수금부족 | 최고신호 원익피앤이(217820) 3/3개 [RSI30 / 하락-2.1% / 호가7.5]
💰 예수금 9,780원 | KODEX200 RSI88/+0.3% 과열⚠️ | 매수기준 3개↑
📦 보유 SK증권(001510) 1주 -5.8% 🔴스탑로스임박
📦 보유 GS(078930) 1주 -3.4% ⚠️주의
📦 보유 원익피앤이(217820) 3주 -6.5% 🔴스탑로스임박

코드      종목명           가격    RSI     변화율    거래량     BB   호가비  B/S
────────────────────────────────────────────────────────────────────────
[2단계 분석 대상: 001510, 078930, 217820, 034020, 015760, 012450, 000660, 247540]
⛔ 아우토크립트(137040) 호가 없음 (거래정지 의심)
078930  GS        74,400   55.6    +3.3%    0.7x     중간  0.30  1/0
061250  화일약품       8,290    0.0    +0.0%    0.0x     중간  2.46  1/0
217820  원익피앤이      3,270   30.5    -1.9%    0.3x     중간  7.03  3/1
001510  SK증권       4,375   58.4    -2.4%    0.3x     중간  8.26  3/0
⛔ 금양(001570) 호가 없음 (거래정지 의심)

══════════════════════════════════════════════════
→ 전종목 HOLD
✅ Discord 전송 완료

[11:58] HOLD | KODEX RSI88/+0.3%⚠️ | 보유:SK증권(001510) -5.8% GS(078930) -3.4% 원익피앤(217820) -6.5% | 💸예수금부족 | 최고신호 원익피앤이(217820) 3/3개 [RSI31 / 하락-1.9% / 호가7.0]
💰 예수금 9,780원 | KODEX200 RSI88/+0.2% 과열⚠️ | 매수기준 3개↑
📦 보유 SK증권(001510) 1주 -5.9% 🔴스탑로스임박
📦 보유 GS(078930) 1주 -3.4% ⚠️주의
📦 보유 원익피앤이(217820) 3주 -6.3% 🔴스탑로스임박

코드      종목명           가격    RSI     변화율    거래량     BB   호가비  B/S
────────────────────────────────────────────────────────────────────────
[2단계 분석 대상: 001510, 078930, 217820, 034020, 000660, 015760, 056080, 000270]
⛔ 아우토크립트(137040) 호가 없음 (거래정지 의심)
078930  GS        74,400   55.8    +3.5%    0.7x     중간  0.32  1/0
061250  화일약품       8,290    0.0    +0.0%    0.0x     중간  2.54  1/0
217820  원익피앤이      3,270   30.5    -1.9%    0.3x     중간  8.14  3/1
001510  SK증권       4,380   58.6    -2.0%    0.3x     중간  8.60  3/0
⛔ 금양(001570) 호가 없음 (거래정지 의심)

══════════════════════════════════════════════════
→ 전종목 HOLD
✅ Discord 전송 완료

[12:00] HOLD | KODEX RSI88/+0.2%⚠️ | 보유:SK증권(001510) -5.9% GS(078930) -3.4% 원익피앤(217820) -6.3% | 💸예수금부족 | 최고신호 원익피앤이(217820) 3/3개 [RSI31 / 하락-1.9% / 호가8.1]
💰 예수금 9,780원 | KODEX200 RSI88/+0.6% 과열⚠️ | 매수기준 3개↑
📦 보유 SK증권(001510) 1주 -5.5% 🔴스탑로스임박
📦 보유 GS(078930) 1주 -3.0% ⚠️주의
📦 보유 원익피앤이(217820) 3주 -6.3% 🔴스탑로스임박

코드      종목명           가격    RSI     변화율    거래량     BB   호가비  B/S
────────────────────────────────────────────────────────────────────────
[2단계 분석 대상: 001510, 078930, 217820, 034020, 015760, 247540, 058470, 056080]
⛔ 아우토크립트(137040) 호가 없음 (거래정지 의심)
078930  GS        74,700   56.2    +3.9%    0.7x     중간  0.58  1/0
061250  화일약품       8,270    0.0    +0.0%    0.0x     중간  2.88  1/0
217820  원익피앤이      3,275   30.5    -1.9%    0.3x     중간  2.99  3/1
001510  SK증권       4,395   58.8    -1.8%    0.3x     중간  3.75  3/0
⛔ 금양(001570) 호가 없음 (거래정지 의심)

══════════════════════════════════════════════════
→ 전종목 HOLD
✅ Discord 전송 완료

[12:02] HOLD | KODEX RSI88/+0.6%⚠️ | 보유:SK증권(001510) -5.5% GS(078930) -3.0% 원익피앤(217820) -6.3% | 💸예수금부족 | 최고신호 원익피앤이(217820) 3/3개 [RSI31 / 하락-1.9% / 호가3.0]
💰 예수금 9,779원 | KODEX200 RSI88/+0.8% 과열⚠️ | 매수기준 3개↑
📦 보유 SK증권(001510) 1주 -5.5% 🔴스탑로스임박
📦 보유 GS(078930) 1주 -2.6% ⚠️주의
📦 보유 원익피앤이(217820) 3주 -6.3% 🔴스탑로스임박

코드      종목명           가격    RSI     변화율    거래량     BB   호가비  B/S
────────────────────────────────────────────────────────────────────────
[2단계 분석 대상: 001510, 078930, 217820, 015760, 034020, 056080, 084850, 058470]
⛔ 아우토크립트(137040) 호가 없음 (거래정지 의심)
078930  GS        75,000   56.6    +4.3%    0.7x     중간  0.70  1/0
061250  화일약품       8,270    0.0    +0.0%    0.0x     중간  2.88  1/0
217820  원익피앤이      3,275   30.6    -1.8%    0.3x     중간  3.16  3/1
001510  SK증권       4,395   58.7    -1.9%    0.3x     중간  3.56  3/0
⛔ 금양(001570) 호가 없음 (거래정지 의심)

══════════════════════════════════════════════════
→ 전종목 HOLD
✅ Discord 전송 완료

[12:04] HOLD | KODEX RSI88/+0.8%⚠️ | 보유:SK증권(001510) -5.5% GS(078930) -2.6% 원익피앤(217820) -6.3% | 💸예수금부족 | 최고신호 원익피앤이(217820) 3/3개 [RSI31 / 하락-1.8% / 호가3.2]
💰 예수금 9,779원 | KODEX200 RSI88/+0.7% 과열⚠️ | 매수기준 3개↑
📦 보유 SK증권(001510) 1주 -5.2% 🔴스탑로스임박
📦 보유 GS(078930) 1주 -2.4%
📦 보유 원익피앤이(217820) 3주 -6.2% 🔴스탑로스임박

코드      종목명           가격    RSI     변화율    거래량     BB   호가비  B/S
────────────────────────────────────────────────────────────────────────
[2단계 분석 대상: 001510, 078930, 217820, 034020, 015760, 000660, 056080, 058470]
⛔ 아우토크립트(137040) 호가 없음 (거래정지 의심)
078930  GS        74,900   56.6    +4.3%    0.7x     중간  0.53  1/0
061250  화일약품       8,270    0.0    +0.0%    0.0x     중간  2.79  1/0
217820  원익피앤이      3,275   30.6    -1.8%    0.3x     중간  2.94  3/1
001510  SK증권       4,400   58.8    -1.8%    0.3x     중간  3.51  3/0
⛔ 금양(001570) 호가 없음 (거래정지 의심)

══════════════════════════════════════════════════
→ 전종목 HOLD
✅ Discord 전송 완료

[12:06] HOLD | KODEX RSI88/+0.7%⚠️ | 보유:SK증권(001510) -5.2% GS(078930) -2.4% 원익피앤(217820) -6.2% | 💸예수금부족 | 최고신호 원익피앤이(217820) 3/3개 [RSI31 / 하락-1.8% / 호가2.9]
💰 예수금 9,779원 | KODEX200 RSI88/+0.7% 과열⚠️ | 매수기준 3개↑
📦 보유 SK증권(001510) 1주 -5.3% 🔴스탑로스임박
📦 보유 GS(078930) 1주 -2.7% ⚠️주의
📦 보유 원익피앤이(217820) 3주 -6.2% 🔴스탑로스임박

코드      종목명           가격    RSI     변화율    거래량     BB   호가비  B/S
────────────────────────────────────────────────────────────────────────
[2단계 분석 대상: 001510, 078930, 217820, 034020, 015760, 056080, 000270, 058470]
⛔ 아우토크립트(137040) 호가 없음 (거래정지 의심)
078930  GS        74,900   56.3    +4.0%    0.7x     중간  0.43  1/0
061250  화일약품       8,270    0.0    +0.0%    0.0x     중간  2.42  1/0
217820  원익피앤이      3,275   30.6    -1.8%    0.3x     중간  2.71  3/1
001510  SK증권       4,395   58.7    -1.9%    0.3x     중간  3.73  3/0
⛔ 금양(001570) 호가 없음 (거래정지 의심)

══════════════════════════════════════════════════
→ 전종목 HOLD
✅ Discord 전송 완료

[12:08] HOLD | KODEX RSI88/+0.7%⚠️ | 보유:SK증권(001510) -5.3% GS(078930) -2.7% 원익피앤(217820) -6.2% | 💸예수금부족 | 최고신호 원익피앤이(217820) 3/3개 [RSI31 / 하락-1.8% / 호가2.7]
💰 예수금 9,779원 | KODEX200 RSI88/+0.9% 과열⚠️ | 매수기준 3개↑
📦 보유 SK증권(001510) 1주 -5.3% 🔴스탑로스임박
📦 보유 GS(078930) 1주 -2.4%
📦 보유 원익피앤이(217820) 3주 -6.2% 🔴스탑로스임박

코드      종목명           가격    RSI     변화율    거래량     BB   호가비  B/S
────────────────────────────────────────────────────────────────────────
[2단계 분석 대상: 001510, 078930, 217820, 034020, 015760, 056080, 084850, 066970]
⛔ 아우토크립트(137040) 호가 없음 (거래정지 의심)
078930  GS        75,200   56.7    +4.5%    0.7x     중간  0.35  1/0
061250  화일약품       8,270    0.0    +0.0%    0.0x     중간  1.24  1/0
217820  원익피앤이      3,275   30.6    -1.8%    0.3x     중간  2.94  3/1
001510  SK증권       4,405   58.8    -1.7%    0.3x     중간  3.07  3/0
⛔ 금양(001570) 호가 없음 (거래정지 의심)

══════════════════════════════════════════════════
→ 전종목 HOLD
✅ Discord 전송 완료

[12:10] HOLD | KODEX RSI88/+0.9%⚠️ | 보유:SK증권(001510) -5.3% GS(078930) -2.4% 원익피앤(217820) -6.2% | 💸예수금부족 | 최고신호 원익피앤이(217820) 3/3개 [RSI31 / 하락-1.8% / 호가2.9]
💰 예수금 9,779원 | KODEX200 RSI88/+0.9% 과열⚠️ | 매수기준 3개↑
📦 보유 SK증권(001510) 1주 -5.0% 🔴스탑로스임박
📦 보유 GS(078930) 1주 -2.2%
📦 보유 원익피앤이(217820) 3주 -5.8% 🔴스탑로스임박

코드      종목명           가격    RSI     변화율    거래량     BB   호가비  B/S
────────────────────────────────────────────────────────────────────────
[2단계 분석 대상: 001510, 078930, 217820, 015760, 034020, 058470, 056080, 247540]
⛔ 아우토크립트(137040) 호가 없음 (거래정지 의심)
078930  GS        75,000   56.5    +4.2%    0.7x     중간  0.22  1/0
061250  화일약품       8,270    0.0    +0.0%    0.0x     중간  1.63  1/0
217820  원익피앤이      3,290   30.5    -1.9%    0.3x     중간  2.51  3/1
001510  SK증권       4,410   59.0    -1.4%    0.3x     중간  1.39  3/0
⛔ 금양(001570) 호가 없음 (거래정지 의심)

══════════════════════════════════════════════════
→ 전종목 HOLD
✅ Discord 전송 완료

[12:12] HOLD | KODEX RSI88/+0.9%⚠️ | 보유:SK증권(001510) -5.0% GS(078930) -2.2% 원익피앤(217820) -5.8% | 💸예수금부족 | 최고신호 원익피앤이(217820) 3/3개 [RSI31 / 하락-1.9% / 호가2.5]
💰 예수금 9,778원 | KODEX200 RSI88/+1.1% 과열⚠️ | 매수기준 3개↑
📦 보유 SK증권(001510) 1주 -4.9% 🔴스탑로스임박
📦 보유 GS(078930) 1주 -1.9%
📦 보유 원익피앤이(217820) 3주 -6.3% 🔴스탑로스임박

코드      종목명           가격    RSI     변화율    거래량     BB   호가비  B/S
────────────────────────────────────────────────────────────────────────
[2단계 분석 대상: 001510, 078930, 217820, 015760, 034020, 056080, 058470, 247540]
⛔ 아우토크립트(137040) 호가 없음 (거래정지 의심)
078930  GS        75,200   56.7    +4.5%    0.7x     중간  0.17  1/0
061250  화일약품       8,270    0.0    +0.0%    0.0x     중간  1.61  1/0
217820  원익피앤이      3,290   30.5    -1.9%    0.3x     중간  2.63  3/1
001510  SK증권       4,420   59.1    -1.3%    0.3x     중간  0.67  2/0
⛔ 금양(001570) 호가 없음 (거래정지 의심)

══════════════════════════════════════════════════
→ 전종목 HOLD
✅ Discord 전송 완료

[12:14] HOLD | KODEX RSI88/+1.1%⚠️ | 보유:SK증권(001510) -4.9% GS(078930) -1.9% 원익피앤(217820) -6.3% | 💸예수금부족 | 최고신호 원익피앤이(217820) 3/3개 [RSI31 / 하락-1.9% / 호가2.6]
💰 예수금 9,779원 | KODEX200 RSI88/+1.0% 과열⚠️ | 매수기준 3개↑
📦 보유 SK증권(001510) 1주 -4.9% 🔴스탑로스임박
📦 보유 GS(078930) 1주 -2.4%
📦 보유 원익피앤이(217820) 3주 -6.3% 🔴스탑로스임박

코드      종목명           가격    RSI     변화율    거래량     BB   호가비  B/S
────────────────────────────────────────────────────────────────────────
[2단계 분석 대상: 001510, 078930, 217820, 015760, 056080, 034020, 058470, 247540]
⛔ 아우토크립트(137040) 호가 없음 (거래정지 의심)
078930  GS        75,100   56.7    +4.5%    0.7x     중간  0.18  1/0
061250  화일약품       8,270    0.0    +0.0%    0.0x     중간  1.61  1/0
217820  원익피앤이      3,290   30.5    -1.9%    0.3x     중간  3.06  3/1
001510  SK증권       4,410   59.0    -1.4%    0.3x     중간  1.06  2/0
⛔ 금양(001570) 호가 없음 (거래정지 의심)

══════════════════════════════════════════════════
→ 전종목 HOLD
✅ Discord 전송 완료

[12:16] HOLD | KODEX RSI88/+1.0%⚠️ | 보유:SK증권(001510) -4.9% GS(078930) -2.4% 원익피앤(217820) -6.3% | 💸예수금부족 | 최고신호 원익피앤이(217820) 3/3개 [RSI31 / 하락-1.9% / 호가3.1]
💰 예수금 9,779원 | KODEX200 RSI88/+0.8% 과열⚠️ | 매수기준 3개↑
📦 보유 SK증권(001510) 1주 -5.2% 🔴스탑로스임박
📦 보유 GS(078930) 1주 -2.0%
📦 보유 원익피앤이(217820) 3주 -6.3% 🔴스탑로스임박

코드      종목명           가격    RSI     변화율    거래량     BB   호가비  B/S
────────────────────────────────────────────────────────────────────────
[2단계 분석 대상: 001510, 078930, 217820, 015760, 056080, 247540, 034020, 066970]
⛔ 아우토크립트(137040) 호가 없음 (거래정지 의심)
078930  GS        75,300   57.0    +4.7%    0.8x     중간  0.26  1/0
061250  화일약품       8,280    0.0    +0.0%    0.0x     중간  1.89  1/0
217820  원익피앤이      3,290   30.9    -1.4%    0.3x     중간  3.11  3/1
001510  SK증권       4,405   58.8    -1.7%    0.3x     중간  0.94  2/0
⛔ 금양(001570) 호가 없음 (거래정지 의심)

══════════════════════════════════════════════════
→ 전종목 HOLD
✅ Discord 전송 완료

[12:18] HOLD | KODEX RSI88/+0.8%⚠️ | 보유:SK증권(001510) -5.2% GS(078930) -2.0% 원익피앤(217820) -6.3% | 💸예수금부족 | 최고신호 원익피앤이(217820) 3/3개 [RSI31 / 하락-1.4% / 호가3.1]
💰 예수금 9,779원 | KODEX200 RSI88/+0.6% 과열⚠️ | 매수기준 3개↑
📦 보유 SK증권(001510) 1주 -5.2% 🔴스탑로스임박
📦 보유 GS(078930) 1주 -2.2%
📦 보유 원익피앤이(217820) 3주 -5.8% 🔴스탑로스임박

코드      종목명           가격    RSI     변화율    거래량     BB   호가비  B/S
────────────────────────────────────────────────────────────────────────
[2단계 분석 대상: 001510, 078930, 217820, 066970, 056080, 015760, 034020, 000660]
⛔ 아우토크립트(137040) 호가 없음 (거래정지 의심)
078930  GS        75,200   56.7    +4.5%    0.8x     중간  0.18  1/0
061250  화일약품       8,420    0.0    +0.0%    0.0x     중간  1.07  0/0
217820  원익피앤이      3,295   30.9    -1.4%    0.3x     중간  3.03  3/1
001510  SK증권       4,395   58.7    -1.9%    0.3x     중간  3.72  3/0
⛔ 금양(001570) 호가 없음 (거래정지 의심)

══════════════════════════════════════════════════
→ 전종목 HOLD
✅ Discord 전송 완료

[12:20] HOLD | KODEX RSI88/+0.6%⚠️ | 보유:SK증권(001510) -5.2% GS(078930) -2.2% 원익피앤(217820) -5.8% | 💸예수금부족 | 최고신호 원익피앤이(217820) 3/3개 [RSI31 / 하락-1.4% / 호가3.0]
💰 예수금 9,779원 | KODEX200 RSI88/+0.9% 과열⚠️ | 매수기준 3개↑
📦 보유 SK증권(001510) 1주 -5.6% 🔴스탑로스임박
📦 보유 GS(078930) 1주 -2.2%
📦 보유 원익피앤이(217820) 3주 -5.8% 🔴스탑로스임박

코드      종목명           가격    RSI     변화율    거래량     BB   호가비  B/S
────────────────────────────────────────────────────────────────────────
[2단계 분석 대상: 001510, 078930, 217820, 015760, 034020, 056080, 058470, 247540]
⛔ 아우토크립트(137040) 호가 없음 (거래정지 의심)
078930  GS        75,300   56.6    +4.3%    0.8x     중간  0.22  1/0
061250  화일약품       8,420    0.0    +0.0%    0.0x     중간  0.95  0/0
217820  원익피앤이      3,295   30.9    -1.4%    0.4x     중간  3.70  3/1
001510  SK증권       4,395   58.6    -2.0%    0.3x     중간  5.23  3/0
⛔ 금양(001570) 호가 없음 (거래정지 의심)

══════════════════════════════════════════════════
→ 전종목 HOLD
✅ Discord 전송 완료

[12:22] HOLD | KODEX RSI88/+0.9%⚠️ | 보유:SK증권(001510) -5.6% GS(078930) -2.2% 원익피앤(217820) -5.8% | 💸예수금부족 | 최고신호 원익피앤이(217820) 3/3개 [RSI31 / 하락-1.4% / 호가3.7]
💰 예수금 9,779원 | KODEX200 RSI88/+0.8% 과열⚠️ | 매수기준 3개↑
📦 보유 SK증권(001510) 1주 -5.5% 🔴스탑로스임박
📦 보유 GS(078930) 1주 -2.2%
📦 보유 원익피앤이(217820) 3주 -5.6% 🔴스탑로스임박

코드      종목명           가격    RSI     변화율    거래량     BB   호가비  B/S
────────────────────────────────────────────────────────────────────────
[2단계 분석 대상: 001510, 078930, 217820, 247540, 015760, 034020, 058470, 056080]
⛔ 아우토크립트(137040) 호가 없음 (거래정지 의심)
078930  GS        75,200   56.7    +4.5%    0.8x     중간  0.18  1/0
061250  화일약품       8,420    0.0    +0.0%    0.0x     중간  0.31  0/0
217820  원익피앤이      3,300   31.0    -1.1%    0.4x     중간  3.75  3/1
001510  SK증권       4,390   58.6    -2.0%    0.3x     중간  2.50  3/0
⛔ 금양(001570) 호가 없음 (거래정지 의심)

══════════════════════════════════════════════════
→ 전종목 HOLD
✅ Discord 전송 완료

[12:24] HOLD | KODEX RSI88/+0.8%⚠️ | 보유:SK증권(001510) -5.5% GS(078930) -2.2% 원익피앤(217820) -5.6% | 💸예수금부족 | 최고신호 원익피앤이(217820) 3/3개 [RSI31 / 하락-1.1% / 호가3.8]
💰 예수금 9,779원 | KODEX200 RSI88/+0.9% 과열⚠️ | 매수기준 3개↑
📦 보유 SK증권(001510) 1주 -5.5% 🔴스탑로스임박
📦 보유 GS(078930) 1주 -2.0%
📦 보유 원익피앤이(217820) 3주 -5.5% 🔴스탑로스임박

코드      종목명           가격    RSI     변화율    거래량     BB   호가비  B/S
────────────────────────────────────────────────────────────────────────
[2단계 분석 대상: 001510, 078930, 217820, 015760, 034020, 058470, 000660, 056080]
⛔ 아우토크립트(137040) 호가 없음 (거래정지 의심)
078930  GS        75,200   56.7    +4.5%    0.8x     중간  0.16  1/0
061250  화일약품       8,420    0.0    +0.0%    0.0x     중간  0.55  0/0
217820  원익피앤이      3,325   31.1    -0.9%    0.4x     중간  4.30  2/1
001510  SK증권       4,395   58.7    -1.9%    0.3x     중간  1.99  3/0
⛔ 금양(001570) 호가 없음 (거래정지 의심)

══════════════════════════════════════════════════
→ 전종목 HOLD
✅ Discord 전송 완료

[12:26] HOLD | KODEX RSI88/+0.9%⚠️ | 보유:SK증권(001510) -5.5% GS(078930) -2.0% 원익피앤(217820) -5.5% | 💸예수금부족 | 최고신호 SK증권(001510) 3/3개 [하락-1.9% / MA골 / 호가2.0]
💰 예수금 9,779원 | KODEX200 RSI88/+0.9% 과열⚠️ | 매수기준 3개↑
📦 보유 SK증권(001510) 1주 -5.5% 🔴스탑로스임박
📦 보유 GS(078930) 1주 -2.2%
📦 보유 원익피앤이(217820) 3주 -5.3% 🔴스탑로스임박

코드      종목명           가격    RSI     변화율    거래량     BB   호가비  B/S
────────────────────────────────────────────────────────────────────────
[2단계 분석 대상: 001510, 078930, 217820, 034020, 015760, 000660, 056080, 058470]
⛔ 아우토크립트(137040) 호가 없음 (거래정지 의심)
078930  GS        75,200   56.7    +4.5%    0.8x     중간  0.19  1/0
061250  화일약품       8,420    0.0    +0.0%    0.0x     중간  0.80  0/0
217820  원익피앤이      3,300   31.0    -1.1%    0.4x     중간  4.28  3/1
001510  SK증권       4,390   58.6    -2.0%    0.3x     중간  2.32  3/0
⛔ 금양(001570) 호가 없음 (거래정지 의심)

══════════════════════════════════════════════════
→ 전종목 HOLD
✅ Discord 전송 완료

[12:28] HOLD | KODEX RSI88/+0.9%⚠️ | 보유:SK증권(001510) -5.5% GS(078930) -2.2% 원익피앤(217820) -5.3% | 💸예수금부족 | 최고신호 원익피앤이(217820) 3/3개 [RSI31 / 하락-1.1% / 호가4.3]
💰 예수금 9,779원 | KODEX200 RSI88/+0.8% 과열⚠️ | 매수기준 3개↑
📦 보유 SK증권(001510) 1주 -5.6% 🔴스탑로스임박
📦 보유 GS(078930) 1주 -2.3%
📦 보유 원익피앤이(217820) 3주 -5.5% 🔴스탑로스임박

코드      종목명           가격    RSI     변화율    거래량     BB   호가비  B/S
────────────────────────────────────────────────────────────────────────
[2단계 분석 대상: 001510, 078930, 217820, 015760, 034020, 056080, 000660, 058470]
⛔ 아우토크립트(137040) 호가 없음 (거래정지 의심)
078930  GS        75,200   56.7    +4.5%    0.8x     중간  0.19  1/0
061250  화일약품       8,440    0.0    +0.0%    0.0x     중간  0.88  0/0
217820  원익피앤이      3,305   31.0    -1.1%    0.4x     중간  3.94  3/1
001510  SK증권       4,385   58.5    -2.2%    0.3x     중간  2.72  3/0
⛔ 금양(001570) 호가 없음 (거래정지 의심)

══════════════════════════════════════════════════
→ 전종목 HOLD
✅ Discord 전송 완료

[12:30] HOLD | KODEX RSI88/+0.8%⚠️ | 보유:SK증권(001510) -5.6% GS(078930) -2.3% 원익피앤(217820) -5.5% | 💸예수금부족 | 최고신호 원익피앤이(217820) 3/3개 [RSI31 / 하락-1.1% / 호가3.9]
💰 예수금 9,779원 | KODEX200 RSI88/+0.7% 과열⚠️ | 매수기준 3개↑
📦 보유 SK증권(001510) 1주 -5.6% 🔴스탑로스임박
📦 보유 GS(078930) 1주 -2.3%
📦 보유 원익피앤이(217820) 3주 -5.5% 🔴스탑로스임박

코드      종목명           가격    RSI     변화율    거래량     BB   호가비  B/S
────────────────────────────────────────────────────────────────────────
[2단계 분석 대상: 001510, 078930, 217820, 000660, 015760, 034020, 247540, 056080]
⛔ 아우토크립트(137040) 호가 없음 (거래정지 의심)
078930  GS        75,300   56.7    +4.5%    0.8x     중간  0.21  1/0
061250  화일약품       8,450    0.0    +0.0%    0.0x     중간  0.78  0/0
217820  원익피앤이      3,300   31.0    -1.1%    0.4x     중간  3.80  3/1
001510  SK증권       4,390   58.6    -2.0%    0.3x     중간  3.48  3/0
⛔ 금양(001570) 호가 없음 (거래정지 의심)

══════════════════════════════════════════════════
→ 전종목 HOLD
✅ Discord 전송 완료

[12:32] HOLD | KODEX RSI88/+0.7%⚠️ | 보유:SK증권(001510) -5.6% GS(078930) -2.3% 원익피앤(217820) -5.5% | 💸예수금부족 | 최고신호 원익피앤이(217820) 3/3개 [RSI31 / 하락-1.1% / 호가3.8]
💰 예수금 9,779원 | KODEX200 RSI88/+0.6% 과열⚠️ | 매수기준 3개↑
📦 보유 SK증권(001510) 1주 -5.5% 🔴스탑로스임박
📦 보유 GS(078930) 1주 -2.0%
📦 보유 원익피앤이(217820) 3주 -5.5% 🔴스탑로스임박

코드      종목명           가격    RSI     변화율    거래량     BB   호가비  B/S
────────────────────────────────────────────────────────────────────────
[2단계 분석 대상: 001510, 078930, 217820, 000660, 015760, 034020, 056080, 066970]
⛔ 아우토크립트(137040) 호가 없음 (거래정지 의심)
078930  GS        75,300   57.0    +4.7%    0.8x     중간  0.28  1/0
061250  화일약품       8,450    0.0    +0.0%    0.0x     중간  4.14  1/0
217820  원익피앤이      3,295   31.0    -1.2%    0.4x     중간  4.63  3/1
001510  SK증권       4,390   58.7    -1.9%    0.3x     중간  3.23  3/0
⛔ 금양(001570) 호가 없음 (거래정지 의심)

══════════════════════════════════════════════════
→ 전종목 HOLD
✅ Discord 전송 완료

[12:34] HOLD | KODEX RSI88/+0.6%⚠️ | 보유:SK증권(001510) -5.5% GS(078930) -2.0% 원익피앤(217820) -5.5% | 💸예수금부족 | 최고신호 원익피앤이(217820) 3/3개 [RSI31 / 하락-1.2% / 호가4.6]
💰 예수금 9,778원 | KODEX200 RSI88/+0.6% 과열⚠️ | 매수기준 3개↑
📦 보유 SK증권(001510) 1주 -5.3% 🔴스탑로스임박
📦 보유 GS(078930) 1주 -1.9%
📦 보유 원익피앤이(217820) 3주 -5.6% 🔴스탑로스임박

코드      종목명           가격    RSI     변화율    거래량     BB   호가비  B/S
────────────────────────────────────────────────────────────────────────
[2단계 분석 대상: 001510, 078930, 217820, 000660, 015760, 034020, 056080, 058470]
⛔ 아우토크립트(137040) 호가 없음 (거래정지 의심)
078930  GS        75,500   57.0    +4.7%    0.8x     중간  0.30  1/0
061250  화일약품       8,490    0.0    +0.0%    0.0x     중간  1.03  0/0
217820  원익피앤이      3,300   31.0    -1.2%    0.4x     중간  4.81  3/1
001510  SK증권       4,390   58.6    -2.0%    0.3x     중간  3.33  3/0
⛔ 금양(001570) 호가 없음 (거래정지 의심)

══════════════════════════════════════════════════
→ 전종목 HOLD
✅ Discord 전송 완료

[12:36] HOLD | KODEX RSI88/+0.6%⚠️ | 보유:SK증권(001510) -5.3% GS(078930) -1.9% 원익피앤(217820) -5.6% | 💸예수금부족 | 최고신호 원익피앤이(217820) 3/3개 [RSI31 / 하락-1.2% / 호가4.8]
💰 예수금 9,778원 | KODEX200 RSI88/+0.6% 과열⚠️ | 매수기준 3개↑
📦 보유 SK증권(001510) 1주 -5.6% 🔴스탑로스임박
📦 보유 GS(078930) 1주 -1.8%
📦 보유 원익피앤이(217820) 3주 -5.6% 🔴스탑로스임박

코드      종목명           가격    RSI     변화율    거래량     BB   호가비  B/S
────────────────────────────────────────────────────────────────────────
[2단계 분석 대상: 001510, 078930, 217820, 000270, 000660, 247540, 034020, 066970]
⛔ 아우토크립트(137040) 호가 없음 (거래정지 의심)
078930  GS        75,500   57.3    +5.0%    0.8x     중간  0.59  1/0
061250  화일약품       8,470    0.0    +0.0%    0.0x     중간  2.51  1/0
217820  원익피앤이      3,300   31.0    -1.2%    0.4x     중간  4.82  3/1
001510  SK증권       4,395   58.7    -1.9%    0.3x     중간  2.14  3/0
⛔ 금양(001570) 호가 없음 (거래정지 의심)

══════════════════════════════════════════════════
→ 전종목 HOLD
✅ Discord 전송 완료

[12:38] HOLD | KODEX RSI88/+0.6%⚠️ | 보유:SK증권(001510) -5.6% GS(078930) -1.8% 원익피앤(217820) -5.6% | 💸예수금부족 | 최고신호 원익피앤이(217820) 3/3개 [RSI31 / 하락-1.2% / 호가4.8]
💰 예수금 9,778원 | KODEX200 RSI88/+0.3% 과열⚠️ | 매수기준 3개↑
📦 보유 SK증권(001510) 1주 -5.7% 🔴스탑로스임박
📦 보유 GS(078930) 1주 -1.9%
📦 보유 원익피앤이(217820) 3주 -5.6% 🔴스탑로스임박

코드      종목명           가격    RSI     변화율    거래량     BB   호가비  B/S
────────────────────────────────────────────────────────────────────────
[2단계 분석 대상: 001510, 078930, 217820, 247540, 056080, 403870, 034020, 000660]
⛔ 아우토크립트(137040) 호가 없음 (거래정지 의심)
078930  GS        75,700   57.3    +5.0%    0.8x     중간  0.98  1/0
061250  화일약품       8,470    0.0    +0.0%    0.0x     중간  2.52  1/0
217820  원익피앤이      3,300   31.0    -1.1%    0.4x     중간  4.63  3/1
001510  SK증권       4,390   58.7    -1.9%    0.3x     중간  3.55  3/0
⛔ 금양(001570) 호가 없음 (거래정지 의심)

══════════════════════════════════════════════════
→ 전종목 HOLD
✅ Discord 전송 완료

[12:40] HOLD | KODEX RSI88/+0.3%⚠️ | 보유:SK증권(001510) -5.7% GS(078930) -1.9% 원익피앤(217820) -5.6% | 💸예수금부족 | 최고신호 원익피앤이(217820) 3/3개 [RSI31 / 하락-1.1% / 호가4.6]
💰 예수금 9,778원 | KODEX200 RSI88/+0.6% 과열⚠️ | 매수기준 3개↑
📦 보유 SK증권(001510) 1주 -5.5% 🔴스탑로스임박
📦 보유 GS(078930) 1주 -1.8%
📦 보유 원익피앤이(217820) 3주 -5.5% 🔴스탑로스임박

코드      종목명           가격    RSI     변화율    거래량     BB   호가비  B/S
────────────────────────────────────────────────────────────────────────
[2단계 분석 대상: 001510, 078930, 217820, 247540, 015760, 034020, 056080, 403870]
⛔ 아우토크립트(137040) 호가 없음 (거래정지 의심)
078930  GS        75,700   57.5    +5.3%    0.8x     중간  1.07  1/0
061250  화일약품       8,470    0.0    +0.0%    0.0x     중간  2.55  1/0
217820  원익피앤이      3,300   31.0    -1.1%    0.4x     중간  4.79  3/1
001510  SK증권       4,390   58.6    -2.0%    0.3x     중간  2.60  3/0
⛔ 금양(001570) 호가 없음 (거래정지 의심)

══════════════════════════════════════════════════
→ 전종목 HOLD
✅ Discord 전송 완료

[12:42] HOLD | KODEX RSI88/+0.6%⚠️ | 보유:SK증권(001510) -5.5% GS(078930) -1.8% 원익피앤(217820) -5.5% | 💸예수금부족 | 최고신호 원익피앤이(217820) 3/3개 [RSI31 / 하락-1.1% / 호가4.8]
💰 예수금 9,778원 | KODEX200 RSI88/+0.6% 과열⚠️ | 매수기준 3개↑
📦 보유 SK증권(001510) 1주 -5.7% 🔴스탑로스임박
📦 보유 GS(078930) 1주 -1.7%
📦 보유 원익피앤이(217820) 3주 -5.5% 🔴스탑로스임박

코드      종목명           가격    RSI     변화율    거래량     BB   호가비  B/S
────────────────────────────────────────────────────────────────────────
[2단계 분석 대상: 001510, 078930, 217820, 056080, 034020, 403870, 066970, 058470]
⛔ 아우토크립트(137040) 호가 없음 (거래정지 의심)
078930  GS        75,700   57.4    +5.2%    0.8x     중간  1.01  1/0
061250  화일약품       8,470    0.0    +0.0%    0.0x     중간  2.49  1/0
217820  원익피앤이      3,300   30.9    -1.4%    0.4x     중간  3.29  3/1
001510  SK증권       4,385   58.6    -2.0%    0.3x     중간  3.65  3/0
⛔ 금양(001570) 호가 없음 (거래정지 의심)

══════════════════════════════════════════════════
→ 전종목 HOLD
✅ Discord 전송 완료

[12:44] HOLD | KODEX RSI88/+0.6%⚠️ | 보유:SK증권(001510) -5.7% GS(078930) -1.7% 원익피앤(217820) -5.5% | 💸예수금부족 | 최고신호 원익피앤이(217820) 3/3개 [RSI31 / 하락-1.4% / 호가3.3]
💰 예수금 9,778원 | KODEX200 RSI88/+0.6% 과열⚠️ | 매수기준 3개↑
📦 보유 SK증권(001510) 1주 -5.5% 🔴스탑로스임박
📦 보유 GS(078930) 1주 -1.7%
📦 보유 원익피앤이(217820) 3주 -5.8% 🔴스탑로스임박

코드      종목명           가격    RSI     변화율    거래량     BB   호가비  B/S
────────────────────────────────────────────────────────────────────────
[2단계 분석 대상: 001510, 078930, 217820, 056080, 034020, 403870, 015760, 058470]
⛔ 아우토크립트(137040) 호가 없음 (거래정지 의심)
078930  GS        75,500   57.1    +4.9%    0.8x     중간  1.09  1/0
061250  화일약품       8,450    0.0    +0.0%    0.0x     중간  3.32  1/0
217820  원익피앤이      3,295   30.9    -1.4%    0.4x     중간  2.51  3/1
001510  SK증권       4,390   58.6    -2.0%    0.3x     중간  3.24  3/0
⛔ 금양(001570) 호가 없음 (거래정지 의심)

══════════════════════════════════════════════════
→ 전종목 HOLD
✅ Discord 전송 완료

[12:46] HOLD | KODEX RSI88/+0.6%⚠️ | 보유:SK증권(001510) -5.5% GS(078930) -1.7% 원익피앤(217820) -5.8% | 💸예수금부족 | 최고신호 원익피앤이(217820) 3/3개 [RSI31 / 하락-1.4% / 호가2.5]
💰 예수금 9,778원 | KODEX200 RSI88/+0.4% 과열⚠️ | 매수기준 3개↑
📦 보유 SK증권(001510) 1주 -5.7% 🔴스탑로스임박
📦 보유 GS(078930) 1주 -1.8%
📦 보유 원익피앤이(217820) 3주 -5.8% 🔴스탑로스임박

코드      종목명           가격    RSI     변화율    거래량     BB   호가비  B/S
────────────────────────────────────────────────────────────────────────
[2단계 분석 대상: 001510, 078930, 217820, 247540, 015760, 034020, 056080, 403870]
⛔ 아우토크립트(137040) 호가 없음 (거래정지 의심)
078930  GS        75,500   57.3    +5.0%    0.8x     중간  1.14  1/0
061250  화일약품       8,450    0.0    +0.0%    0.0x     중간  2.48  1/0
217820  원익피앤이      3,295   30.9    -1.4%    0.4x     중간  2.34  3/1
001510  SK증권       4,385   58.5    -2.1%    0.3x     중간  3.57  3/0
⛔ 금양(001570) 호가 없음 (거래정지 의심)

══════════════════════════════════════════════════
→ 전종목 HOLD
✅ Discord 전송 완료

[12:48] HOLD | KODEX RSI88/+0.4%⚠️ | 보유:SK증권(001510) -5.7% GS(078930) -1.8% 원익피앤(217820) -5.8% | 💸예수금부족 | 최고신호 원익피앤이(217820) 3/3개 [RSI31 / 하락-1.4% / 호가2.3]
💰 예수금 9,778원 | KODEX200 RSI88/+0.4% 과열⚠️ | 매수기준 3개↑
📦 보유 SK증권(001510) 1주 -5.6% 🔴스탑로스임박
📦 보유 GS(078930) 1주 -1.9%
📦 보유 원익피앤이(217820) 3주 -5.9% 🔴스탑로스임박

코드      종목명           가격    RSI     변화율    거래량     BB   호가비  B/S
────────────────────────────────────────────────────────────────────────
[2단계 분석 대상: 001510, 078930, 217820, 015760, 056080, 403870, 034020, 247540]
⛔ 아우토크립트(137040) 호가 없음 (거래정지 의심)
078930  GS        75,500   57.1    +4.9%    0.8x     중간  1.44  2/0
061250  화일약품       8,450    0.0    +0.0%    0.0x     중간  2.48  1/0
217820  원익피앤이      3,285   30.8    -1.5%    0.4x     중간  2.23  3/1
001510  SK증권       4,385   58.6    -2.0%    0.3x     중간  3.99  3/0
⛔ 금양(001570) 호가 없음 (거래정지 의심)

══════════════════════════════════════════════════
→ 전종목 HOLD
✅ Discord 전송 완료

[12:50] HOLD | KODEX RSI88/+0.4%⚠️ | 보유:SK증권(001510) -5.6% GS(078930) -1.9% 원익피앤(217820) -5.9% | 💸예수금부족 | 최고신호 원익피앤이(217820) 3/3개 [RSI31 / 하락-1.5% / 호가2.2]
💰 예수금 9,779원 | KODEX200 RSI88/+0.4% 과열⚠️ | 매수기준 3개↑
📦 보유 SK증권(001510) 1주 -5.6% 🔴스탑로스임박
📦 보유 GS(078930) 1주 -2.0%
📦 보유 원익피앤이(217820) 3주 -5.9% 🔴스탑로스임박

코드      종목명           가격    RSI     변화율    거래량     BB   호가비  B/S
────────────────────────────────────────────────────────────────────────
[2단계 분석 대상: 001510, 078930, 217820, 056080, 403870, 034020, 015760, 247540]
⛔ 아우토크립트(137040) 호가 없음 (거래정지 의심)
078930  GS        75,400   57.0    +4.7%    0.9x     중간  0.91  1/0
061250  화일약품       8,450    0.0    +0.0%    0.0x     중간  2.48  1/0
217820  원익피앤이      3,285   30.8    -1.5%    0.4x     중간  2.32  3/1
001510  SK증권       4,390   58.6    -2.0%    0.3x     중간  3.48  3/0
⛔ 금양(001570) 호가 없음 (거래정지 의심)

══════════════════════════════════════════════════
→ 전종목 HOLD
✅ Discord 전송 완료

[12:52] HOLD | KODEX RSI88/+0.4%⚠️ | 보유:SK증권(001510) -5.6% GS(078930) -2.0% 원익피앤(217820) -5.9% | 💸예수금부족 | 최고신호 원익피앤이(217820) 3/3개 [RSI31 / 하락-1.5% / 호가2.3]
💰 예수금 9,779원 | KODEX200 RSI88/+0.3% 과열⚠️ | 매수기준 3개↑
📦 보유 SK증권(001510) 1주 -5.6% 🔴스탑로스임박
📦 보유 GS(078930) 1주 -2.0%
📦 보유 원익피앤이(217820) 3주 -5.9% 🔴스탑로스임박

코드      종목명           가격    RSI     변화율    거래량     BB   호가비  B/S
────────────────────────────────────────────────────────────────────────
[2단계 분석 대상: 001510, 078930, 217820, 056080, 403870, 015760, 034020, 058470]
⛔ 아우토크립트(137040) 호가 없음 (거래정지 의심)
078930  GS        75,300   56.9    +4.6%    0.9x     중간  0.74  1/0
061250  화일약품       8,450    0.0    +0.0%    0.0x     중간  2.46  1/0
217820  원익피앤이      3,285   30.7    -1.6%    0.4x     중간  1.89  3/1
001510  SK증권       4,395   58.5    -2.1%    0.3x     중간  2.85  3/0
⛔ 금양(001570) 호가 없음 (거래정지 의심)

══════════════════════════════════════════════════
→ 전종목 HOLD
✅ Discord 전송 완료

[12:54] HOLD | KODEX RSI88/+0.3%⚠️ | 보유:SK증권(001510) -5.6% GS(078930) -2.0% 원익피앤(217820) -5.9% | 💸예수금부족 | 최고신호 원익피앤이(217820) 3/3개 [RSI31 / 하락-1.6% / 호가1.9]
💰 예수금 9,779원 | KODEX200 RSI88/+0.3% 과열⚠️ | 매수기준 3개↑
📦 보유 SK증권(001510) 1주 -5.6% 🔴스탑로스임박
📦 보유 GS(078930) 1주 -2.2%
📦 보유 원익피앤이(217820) 3주 -6.2% 🔴스탑로스임박

코드      종목명           가격    RSI     변화율    거래량     BB   호가비  B/S
────────────────────────────────────────────────────────────────────────
[2단계 분석 대상: 001510, 078930, 217820, 034020, 056080, 015760, 403870, 042700]
⛔ 아우토크립트(137040) 호가 없음 (거래정지 의심)
078930  GS        75,100   56.6    +4.3%    0.9x     중간  0.70  1/0
061250  화일약품       8,450    0.0    +0.0%    0.0x     중간  2.45  1/0
217820  원익피앤이      3,285   30.8    -1.5%    0.4x     중간  1.90  3/1
001510  SK증권       4,385   58.6    -2.0%    0.3x     중간  3.40  3/0
⛔ 금양(001570) 호가 없음 (거래정지 의심)

══════════════════════════════════════════════════
→ 전종목 HOLD
✅ Discord 전송 완료

[12:56] HOLD | KODEX RSI88/+0.3%⚠️ | 보유:SK증권(001510) -5.6% GS(078930) -2.2% 원익피앤(217820) -6.2% | 💸예수금부족 | 최고신호 원익피앤이(217820) 3/3개 [RSI31 / 하락-1.5% / 호가1.9]
💰 예수금 9,779원 | KODEX200 RSI88/+0.3% 과열⚠️ | 매수기준 3개↑
📦 보유 SK증권(001510) 1주 -5.6% 🔴스탑로스임박
📦 보유 GS(078930) 1주 -2.2%
📦 보유 원익피앤이(217820) 3주 -5.9% 🔴스탑로스임박

코드      종목명           가격    RSI     변화율    거래량     BB   호가비  B/S
────────────────────────────────────────────────────────────────────────
[2단계 분석 대상: 001510, 078930, 217820, 034020, 056080, 403870, 247540, 058470]
⛔ 아우토크립트(137040) 호가 없음 (거래정지 의심)
078930  GS        75,100   56.6    +4.3%    0.9x     중간  0.49  1/0
061250  화일약품       8,440    0.0    +0.0%    0.0x     중간  2.71  1/0
217820  원익피앤이      3,285   30.8    -1.5%    0.4x     중간  1.90  3/1
001510  SK증권       4,380   58.5    -2.2%    0.3x     중간  5.51  3/0
⛔ 금양(001570) 호가 없음 (거래정지 의심)

══════════════════════════════════════════════════
→ 전종목 HOLD
✅ Discord 전송 완료

[12:58] HOLD | KODEX RSI88/+0.3%⚠️ | 보유:SK증권(001510) -5.6% GS(078930) -2.2% 원익피앤(217820) -5.9% | 💸예수금부족 | 최고신호 원익피앤이(217820) 3/3개 [RSI31 / 하락-1.5% / 호가1.9]
💰 예수금 9,779원 | KODEX200 RSI88/+0.4% 과열⚠️ | 매수기준 3개↑
📦 보유 SK증권(001510) 1주 -5.9% 🔴스탑로스임박
📦 보유 GS(078930) 1주 -2.3%
📦 보유 원익피앤이(217820) 3주 -5.9% 🔴스탑로스임박

코드      종목명           가격    RSI     변화율    거래량     BB   호가비  B/S
────────────────────────────────────────────────────────────────────────
[2단계 분석 대상: 001510, 078930, 217820, 034020, 015760, 058470, 056080, 403870]
⛔ 아우토크립트(137040) 호가 없음 (거래정지 의심)
078930  GS        75,200   56.5    +4.2%    0.9x     중간  0.59  1/0
061250  화일약품       8,360    0.0    +0.0%    0.0x     중간  3.72  1/0
217820  원익피앤이      3,280   30.8    -1.5%    0.4x     중간  2.61  3/1
001510  SK증권       4,380   58.5    -2.1%    0.3x     중간  6.09  3/0
⛔ 금양(001570) 호가 없음 (거래정지 의심)

══════════════════════════════════════════════════
→ 전종목 HOLD
✅ Discord 전송 완료

[13:00] HOLD | KODEX RSI88/+0.4%⚠️ | 보유:SK증권(001510) -5.9% GS(078930) -2.3% 원익피앤(217820) -5.9% | 💸예수금부족 | 최고신호 원익피앤이(217820) 3/3개 [RSI31 / 하락-1.5% / 호가2.6]
💰 예수금 9,779원 | KODEX200 RSI88/+0.2% 과열⚠️ | 매수기준 3개↑
📦 보유 SK증권(001510) 1주 -5.7% 🔴스탑로스임박
📦 보유 GS(078930) 1주 -2.6% ⚠️주의
📦 보유 원익피앤이(217820) 3주 -5.9% 🔴스탑로스임박

코드      종목명           가격    RSI     변화율    거래량     BB   호가비  B/S
────────────────────────────────────────────────────────────────────────
[2단계 분석 대상: 001510, 078930, 217820, 247540, 034020, 056080, 058470, 403870]
⛔ 아우토크립트(137040) 호가 없음 (거래정지 의심)
078930  GS        75,000   57.0    +4.7%    0.9x     중간  0.79  1/0
061250  화일약품       8,360    0.0    +0.0%    0.0x     중간  3.13  1/0
217820  원익피앤이      3,285   30.8    -1.5%    0.4x     중간  2.42  3/1
001510  SK증권       4,380   58.5    -2.1%    0.3x     중간  4.92  3/0
⛔ 금양(001570) 호가 없음 (거래정지 의심)

══════════════════════════════════════════════════
→ 전종목 HOLD
✅ Discord 전송 완료

[13:02] HOLD | KODEX RSI88/+0.2%⚠️ | 보유:SK증권(001510) -5.7% GS(078930) -2.6% 원익피앤(217820) -5.9% | 💸예수금부족 | 최고신호 원익피앤이(217820) 3/3개 [RSI31 / 하락-1.5% / 호가2.4]
💰 예수금 9,779원 | KODEX200 RSI88/+0.4% 과열⚠️ | 매수기준 3개↑
📦 보유 SK증권(001510) 1주 -5.7% 🔴스탑로스임박
📦 보유 GS(078930) 1주 -2.3%
📦 보유 원익피앤이(217820) 3주 -5.9% 🔴스탑로스임박

코드      종목명           가격    RSI     변화율    거래량     BB   호가비  B/S
────────────────────────────────────────────────────────────────────────
[2단계 분석 대상: 001510, 078930, 217820, 034020, 247540, 056080, 403870, 015760]
⛔ 아우토크립트(137040) 호가 없음 (거래정지 의심)
078930  GS        75,300   56.9    +4.6%    0.9x     중간  0.69  1/0
061250  화일약품       8,350    0.0    +0.0%    0.0x     중간  4.75  1/0
217820  원익피앤이      3,285   30.7    -1.6%    0.4x     중간  2.23  3/1
001510  SK증권       4,380   58.5    -2.1%    0.3x     중간  3.83  3/0
⛔ 금양(001570) 호가 없음 (거래정지 의심)

══════════════════════════════════════════════════
→ 전종목 HOLD
✅ Discord 전송 완료

[13:04] HOLD | KODEX RSI88/+0.4%⚠️ | 보유:SK증권(001510) -5.7% GS(078930) -2.3% 원익피앤(217820) -5.9% | 💸예수금부족 | 최고신호 원익피앤이(217820) 3/3개 [RSI31 / 하락-1.6% / 호가2.2]
💰 예수금 9,779원 | KODEX200 RSI88/+0.5% 과열⚠️ | 매수기준 3개↑
📦 보유 SK증권(001510) 1주 -5.7% 🔴스탑로스임박
📦 보유 GS(078930) 1주 -2.2%
📦 보유 원익피앤이(217820) 3주 -5.9% 🔴스탑로스임박

코드      종목명           가격    RSI     변화율    거래량     BB   호가비  B/S
────────────────────────────────────────────────────────────────────────
[2단계 분석 대상: 001510, 078930, 217820, 034020, 247540, 056080, 403870, 015760]
⛔ 아우토크립트(137040) 호가 없음 (거래정지 의심)
078930  GS        75,100   56.6    +4.3%    0.9x     중간  0.48  1/0
061250  화일약품       8,350    0.0    +0.0%    0.0x     중간  3.58  1/0
217820  원익피앤이      3,285   30.8    -1.5%    0.4x     중간  1.74  3/1
001510  SK증권       4,380   58.5    -2.2%    0.3x     중간  4.93  3/0
⛔ 금양(001570) 호가 없음 (거래정지 의심)

══════════════════════════════════════════════════
→ 전종목 HOLD
✅ Discord 전송 완료

[13:06] HOLD | KODEX RSI88/+0.5%⚠️ | 보유:SK증권(001510) -5.7% GS(078930) -2.2% 원익피앤(217820) -5.9% | 💸예수금부족 | 최고신호 원익피앤이(217820) 3/3개 [RSI31 / 하락-1.5% / 호가1.7]
💰 예수금 9,779원 | KODEX200 RSI88/+0.7% 과열⚠️ | 매수기준 3개↑
📦 보유 SK증권(001510) 1주 -5.9% 🔴스탑로스임박
📦 보유 GS(078930) 1주 -2.4%
📦 보유 원익피앤이(217820) 3주 -6.2% 🔴스탑로스임박

코드      종목명           가격    RSI     변화율    거래량     BB   호가비  B/S
────────────────────────────────────────────────────────────────────────
[2단계 분석 대상: 001510, 078930, 217820, 034020, 056080, 403870, 058470, 247540]
⛔ 아우토크립트(137040) 호가 없음 (거래정지 의심)
078930  GS        75,100   56.6    +4.3%    0.9x     중간  0.61  1/0
061250  화일약품       8,350    0.0    +0.0%    0.0x     중간  3.89  1/0
217820  원익피앤이      3,275   30.6    -1.8%    0.4x     중간  1.92  3/1
001510  SK증권       4,375   58.4    -2.4%    0.3x     중간  5.08  3/0
⛔ 금양(001570) 호가 없음 (거래정지 의심)

══════════════════════════════════════════════════
→ 전종목 HOLD
✅ Discord 전송 완료

[13:08] HOLD | KODEX RSI88/+0.7%⚠️ | 보유:SK증권(001510) -5.9% GS(078930) -2.4% 원익피앤(217820) -6.2% | 💸예수금부족 | 최고신호 원익피앤이(217820) 3/3개 [RSI31 / 하락-1.8% / 호가1.9]
💰 예수금 9,779원 | KODEX200 RSI88/+0.8% 과열⚠️ | 매수기준 3개↑
📦 보유 SK증권(001510) 1주 -5.8% 🔴스탑로스임박
📦 보유 GS(078930) 1주 -2.4%
📦 보유 원익피앤이(217820) 3주 -6.3% 🔴스탑로스임박

코드      종목명           가격    RSI     변화율    거래량     BB   호가비  B/S
────────────────────────────────────────────────────────────────────────
[2단계 분석 대상: 001510, 078930, 217820, 034020, 056080, 061250, 403870, 015760]
⛔ 아우토크립트(137040) 호가 없음 (거래정지 의심)
078930  GS        75,200   56.7    +4.5%    0.9x     중간  0.63  1/0
061250  화일약품       8,350   22.7    -0.8%    0.8x     중간  3.98  2/0
217820  원익피앤이      3,275   30.5    -1.9%    0.4x     중간  2.38  3/1
001510  SK증권       4,375   58.5    -2.2%    0.3x     중간  4.25  3/0
⛔ 금양(001570) 호가 없음 (거래정지 의심)

══════════════════════════════════════════════════
→ 전종목 HOLD
✅ Discord 전송 완료

[13:10] HOLD | KODEX RSI88/+0.8%⚠️ | 보유:SK증권(001510) -5.8% GS(078930) -2.4% 원익피앤(217820) -6.3% | 💸예수금부족 | 최고신호 원익피앤이(217820) 3/3개 [RSI31 / 하락-1.9% / 호가2.4]
💰 예수금 9,779원 | KODEX200 RSI88/+0.9% 과열⚠️ | 매수기준 3개↑
📦 보유 SK증권(001510) 1주 -5.8% 🔴스탑로스임박
📦 보유 GS(078930) 1주 -2.4%
📦 보유 원익피앤이(217820) 3주 -6.2% 🔴스탑로스임박

코드      종목명           가격    RSI     변화율    거래량     BB   호가비  B/S
────────────────────────────────────────────────────────────────────────
[2단계 분석 대상: 001510, 078930, 217820, 034020, 058470, 061250, 403870, 056080]
⛔ 아우토크립트(137040) 호가 없음 (거래정지 의심)
078930  GS        75,000   56.5    +4.2%    0.9x     중간  0.70  1/0
061250  화일약품       8,350   22.7    -0.8%    0.8x     중간  3.98  2/0
217820  원익피앤이      3,275   30.6    -1.8%    0.4x     중간  2.54  3/1
001510  SK증권       4,380   58.5    -2.2%    0.3x     중간  4.96  3/0
⛔ 금양(001570) 호가 없음 (거래정지 의심)

══════════════════════════════════════════════════
→ 전종목 HOLD
✅ Discord 전송 완료

[13:12] HOLD | KODEX RSI88/+0.9%⚠️ | 보유:SK증권(001510) -5.8% GS(078930) -2.4% 원익피앤(217820) -6.2% | 💸예수금부족 | 최고신호 원익피앤이(217820) 3/3개 [RSI31 / 하락-1.8% / 호가2.5]
💰 예수금 9,779원 | KODEX200 RSI88/+0.9% 과열⚠️ | 매수기준 3개↑
📦 보유 SK증권(001510) 1주 -5.7% 🔴스탑로스임박
📦 보유 GS(078930) 1주 -2.7% ⚠️주의
📦 보유 원익피앤이(217820) 3주 -6.1% 🔴스탑로스임박

코드      종목명           가격    RSI     변화율    거래량     BB   호가비  B/S
────────────────────────────────────────────────────────────────────────
[2단계 분석 대상: 001510, 078930, 217820, 034020, 058470, 061250, 056080, 015760]
⛔ 아우토크립트(137040) 호가 없음 (거래정지 의심)
078930  GS        75,000   56.5    +4.2%    0.9x     중간  0.67  1/0
061250  화일약품       8,350   22.7    -0.8%    0.8x     중간  3.94  2/0
217820  원익피앤이      3,280   30.7    -1.6%    0.4x     중간  2.45  3/1
001510  SK증권       4,380   58.5    -2.1%    0.3x     중간  4.95  3/0
⛔ 금양(001570) 호가 없음 (거래정지 의심)

══════════════════════════════════════════════════
→ 전종목 HOLD
✅ Discord 전송 완료

[13:14] HOLD | KODEX RSI88/+0.9%⚠️ | 보유:SK증권(001510) -5.7% GS(078930) -2.7% 원익피앤(217820) -6.1% | 💸예수금부족 | 최고신호 원익피앤이(217820) 3/3개 [RSI31 / 하락-1.6% / 호가2.5]
💰 예수금 9,779원 | KODEX200 RSI88/+0.9% 과열⚠️ | 매수기준 3개↑
📦 보유 SK증권(001510) 1주 -5.8% 🔴스탑로스임박
📦 보유 GS(078930) 1주 -2.8% ⚠️주의
📦 보유 원익피앤이(217820) 3주 -6.2% 🔴스탑로스임박

코드      종목명           가격    RSI     변화율    거래량     BB   호가비  B/S
────────────────────────────────────────────────────────────────────────
[2단계 분석 대상: 001510, 078930, 217820, 034020, 056080, 061250, 058470, 005380]
⛔ 아우토크립트(137040) 호가 없음 (거래정지 의심)
078930  GS        74,900   56.0    +3.8%    0.9x     중간  0.85  1/0
061250  화일약품       8,350   22.7    -0.8%    0.8x     중간  3.95  2/0
217820  원익피앤이      3,280   30.6    -1.8%    0.4x     중간  1.08  2/1
001510  SK증권       4,380   58.5    -2.2%    0.3x     중간  4.45  3/0
⛔ 금양(001570) 호가 없음 (거래정지 의심)

══════════════════════════════════════════════════
→ 전종목 HOLD
✅ Discord 전송 완료

[13:16] HOLD | KODEX RSI88/+0.9%⚠️ | 보유:SK증권(001510) -5.8% GS(078930) -2.8% 원익피앤(217820) -6.2% | 💸예수금부족 | 최고신호 SK증권(001510) 3/3개 [하락-2.2% / MA골 / 호가4.5]
💰 예수금 9,780원 | KODEX200 RSI88/+1.1% 과열⚠️ | 매수기준 3개↑
📦 보유 SK증권(001510) 1주 -5.3% 🔴스탑로스임박
📦 보유 GS(078930) 1주 -3.0% ⚠️주의
📦 보유 원익피앤이(217820) 3주 -6.2% 🔴스탑로스임박

코드      종목명           가격    RSI     변화율    거래량     BB   호가비  B/S
────────────────────────────────────────────────────────────────────────
[2단계 분석 대상: 001510, 078930, 217820, 034020, 056080, 058470, 061250, 005380]
⛔ 아우토크립트(137040) 호가 없음 (거래정지 의심)
078930  GS        74,900   56.5    +4.2%    0.9x     중간  0.88  1/0
061250  화일약품       8,360   22.7    -0.8%    0.8x     중간  3.59  2/0
217820  원익피앤이      3,280   30.6    -1.8%    0.4x     중간  1.02  2/1
001510  SK증권       4,410   58.8    -1.8%    0.3x     중간  2.56  3/0
⛔ 금양(001570) 호가 없음 (거래정지 의심)

══════════════════════════════════════════════════
→ 전종목 HOLD
✅ Discord 전송 완료

[13:18] HOLD | KODEX RSI88/+1.1%⚠️ | 보유:SK증권(001510) -5.3% GS(078930) -3.0% 원익피앤(217820) -6.2% | 💸예수금부족 | 최고신호 SK증권(001510) 3/3개 [하락-1.8% / MA골 / 호가2.6]
💰 예수금 9,779원 | KODEX200 RSI88/+1.1% 과열⚠️ | 매수기준 3개↑
📦 보유 SK증권(001510) 1주 -5.1% 🔴스탑로스임박
📦 보유 GS(078930) 1주 -2.2%
📦 보유 원익피앤이(217820) 3주 -6.2% 🔴스탑로스임박

코드      종목명           가격    RSI     변화율    거래량     BB   호가비  B/S
────────────────────────────────────────────────────────────────────────
[2단계 분석 대상: 001510, 078930, 217820, 034020, 056080, 058470, 061250, 015760]
⛔ 아우토크립트(137040) 호가 없음 (거래정지 의심)
078930  GS        75,300   56.9    +4.6%    0.9x     중간  1.30  2/0
061250  화일약품       8,360   22.7    -0.8%    0.8x     중간  3.56  2/0
217820  원익피앤이      3,275   30.6    -1.8%    0.4x     중간  1.02  2/1
001510  SK증권       4,410   58.8    -1.7%    0.3x     중간  1.68  3/0
⛔ 금양(001570) 호가 없음 (거래정지 의심)

══════════════════════════════════════════════════
→ 전종목 HOLD
✅ Discord 전송 완료

[13:20] HOLD | KODEX RSI88/+1.1%⚠️ | 보유:SK증권(001510) -5.1% GS(078930) -2.2% 원익피앤(217820) -6.2% | 💸예수금부족 | 최고신호 SK증권(001510) 3/3개 [하락-1.7% / MA골 / 호가1.7]
💰 예수금 9,778원 | KODEX200 RSI88/+1.2% 과열⚠️ | 매수기준 3개↑
📦 보유 SK증권(001510) 1주 -5.1% 🔴스탑로스임박
📦 보유 GS(078930) 1주 -1.9%
📦 보유 원익피앤이(217820) 3주 -6.2% 🔴스탑로스임박

코드      종목명           가격    RSI     변화율    거래량     BB   호가비  B/S
────────────────────────────────────────────────────────────────────────
[2단계 분석 대상: 001510, 078930, 217820, 034020, 056080, 058470, 061250, 006400]
⛔ 아우토크립트(137040) 호가 없음 (거래정지 의심)
078930  GS        75,200   56.9    +4.6%    0.9x     중간  0.90  1/0
061250  화일약품       8,360   22.7    -0.8%    0.8x     중간  3.54  2/0
217820  원익피앤이      3,275   30.7    -1.6%    0.4x     중간  1.06  2/1
001510  SK증권       4,410   59.0    -1.4%    0.3x     중간  1.77  3/0
⛔ 금양(001570) 호가 없음 (거래정지 의심)

══════════════════════════════════════════════════
→ 전종목 HOLD
✅ Discord 전송 완료

[13:22] HOLD | KODEX RSI88/+1.2%⚠️ | 보유:SK증권(001510) -5.1% GS(078930) -1.9% 원익피앤(217820) -6.2% | 💸예수금부족 | 최고신호 SK증권(001510) 3/3개 [하락-1.4% / MA골 / 호가1.8]
💰 예수금 9,779원 | KODEX200 RSI88/+1.2% 과열⚠️ | 매수기준 3개↑
📦 보유 SK증권(001510) 1주 -5.1% 🔴스탑로스임박
📦 보유 GS(078930) 1주 -2.2%
📦 보유 원익피앤이(217820) 3주 -6.1% 🔴스탑로스임박

코드      종목명           가격    RSI     변화율    거래량     BB   호가비  B/S
────────────────────────────────────────────────────────────────────────
[2단계 분석 대상: 001510, 078930, 217820, 034020, 056080, 061250, 006400, 015760]
⛔ 아우토크립트(137040) 호가 없음 (거래정지 의심)
078930  GS        75,200   56.9    +4.6%    0.9x     중간  0.80  1/0
061250  화일약품       8,360   22.7    -0.8%    0.8x     중간  3.65  2/0
217820  원익피앤이      3,280   30.5    -1.9%    0.4x     중간  1.06  2/1
001510  SK증권       4,415   59.1    -1.3%    0.3x     중간  0.86  2/0
⛔ 금양(001570) 호가 없음 (거래정지 의심)

══════════════════════════════════════════════════
→ 전종목 HOLD
✅ Discord 전송 완료

[13:24] HOLD | KODEX RSI88/+1.2%⚠️ | 보유:SK증권(001510) -5.1% GS(078930) -2.2% 원익피앤(217820) -6.1% | 💸예수금부족 | 최고신호 화일약품(061250) 2/3개 [RSI23 / 호가3.6]
💰 예수금 9,779원 | KODEX200 RSI88/+1.3% 과열⚠️ | 매수기준 3개↑
📦 보유 SK증권(001510) 1주 -4.8% 🔴스탑로스임박
📦 보유 GS(078930) 1주 -2.2%
📦 보유 원익피앤이(217820) 3주 -6.5% 🔴스탑로스임박

코드      종목명           가격    RSI     변화율    거래량     BB   호가비  B/S
────────────────────────────────────────────────────────────────────────
[2단계 분석 대상: 001510, 078930, 217820, 034020, 056080, 061250, 058470, 015760]
⛔ 아우토크립트(137040) 호가 없음 (거래정지 의심)
078930  GS        75,200   56.7    +4.5%    0.9x     중간  0.78  1/0
061250  화일약품       8,350   22.6    -0.9%    0.8x     중간  3.94  2/0
217820  원익피앤이      3,275   30.5    -1.9%    0.4x     중간  1.09  2/1
001510  SK증권       4,415   59.1    -1.3%    0.3x     중간  0.98  2/0
⛔ 금양(001570) 호가 없음 (거래정지 의심)

══════════════════════════════════════════════════
→ 전종목 HOLD
✅ Discord 전송 완료

[13:26] HOLD | KODEX RSI88/+1.3%⚠️ | 보유:SK증권(001510) -4.8% GS(078930) -2.2% 원익피앤(217820) -6.5% | 💸예수금부족 | 최고신호 화일약품(061250) 2/3개 [RSI23 / 호가3.9]
💰 예수금 9,779원 | KODEX200 RSI88/+1.1% 과열⚠️ | 매수기준 3개↑
📦 보유 SK증권(001510) 1주 -5.0% 🔴스탑로스임박
📦 보유 GS(078930) 1주 -2.0%
📦 보유 원익피앤이(217820) 3주 -6.3% 🔴스탑로스임박

코드      종목명           가격    RSI     변화율    거래량     BB   호가비  B/S
────────────────────────────────────────────────────────────────────────
[2단계 분석 대상: 001510, 078930, 217820, 034020, 056080, 061250, 058470, 015760]
⛔ 아우토크립트(137040) 호가 없음 (거래정지 의심)
078930  GS        75,300   56.7    +4.5%    0.9x     중간  0.87  1/0
061250  화일약품       8,350   22.7    -0.8%    0.8x     중간  3.94  2/0
217820  원익피앤이      3,270   30.5    -2.1%    0.4x     중간  1.37  3/1
001510  SK증권       4,405   58.9    -1.6%    0.3x     중간  1.43  3/0
⛔ 금양(001570) 호가 없음 (거래정지 의심)

══════════════════════════════════════════════════
→ 전종목 HOLD
✅ Discord 전송 완료

[13:28] HOLD | KODEX RSI88/+1.1%⚠️ | 보유:SK증권(001510) -5.0% GS(078930) -2.0% 원익피앤(217820) -6.3% | 💸예수금부족 | 최고신호 원익피앤이(217820) 3/3개 [RSI30 / 하락-2.1% / 호가1.4]
💰 예수금 9,779원 | KODEX200 RSI88/+1.2% 과열⚠️ | 매수기준 3개↑
📦 보유 SK증권(001510) 1주 -5.0% 🔴스탑로스임박
📦 보유 GS(078930) 1주 -2.0%
📦 보유 원익피앤이(217820) 3주 -6.3% 🔴스탑로스임박

코드      종목명           가격    RSI     변화율    거래량     BB   호가비  B/S
────────────────────────────────────────────────────────────────────────
[2단계 분석 대상: 001510, 078930, 217820, 034020, 056080, 061250, 015760, 058470]
⛔ 아우토크립트(137040) 호가 없음 (거래정지 의심)
078930  GS        75,300   56.9    +4.6%    0.9x     중간  0.87  1/0
061250  화일약품       8,370   22.7    -0.8%    0.8x     중간  3.87  2/0
217820  원익피앤이      3,275   30.5    -2.1%    0.4x     중간  1.21  3/1
001510  SK증권       4,415   59.1    -1.3%    0.3x     중간  0.93  2/0
⛔ 금양(001570) 호가 없음 (거래정지 의심)

══════════════════════════════════════════════════
→ 전종목 HOLD
✅ Discord 전송 완료

[13:30] HOLD | KODEX RSI88/+1.2%⚠️ | 보유:SK증권(001510) -5.0% GS(078930) -2.0% 원익피앤(217820) -6.3% | 💸예수금부족 | 최고신호 원익피앤이(217820) 3/3개 [RSI30 / 하락-2.1% / 호가1.2]
💰 예수금 9,779원 | KODEX200 RSI88/+1.1% 과열⚠️ | 매수기준 3개↑
📦 보유 SK증권(001510) 1주 -4.6% 🔴스탑로스임박
📦 보유 GS(078930) 1주 -2.0%
📦 보유 원익피앤이(217820) 3주 -6.5% 🔴스탑로스임박

코드      종목명           가격    RSI     변화율    거래량     BB   호가비  B/S
────────────────────────────────────────────────────────────────────────
[2단계 분석 대상: 001510, 078930, 217820, 034020, 056080, 061250, 012330, 058470]
⛔ 아우토크립트(137040) 호가 없음 (거래정지 의심)
078930  GS        75,200   56.9    +4.6%    0.9x     중간  0.60  1/0
061250  화일약품       8,370   22.7    -0.8%    0.8x     중간  3.86  2/0
217820  원익피앤이      3,280   30.6    -1.8%    0.4x     중간  1.21  3/1
001510  SK증권       4,430   59.3    -1.0%    0.3x     중간  1.35  3/0
⛔ 금양(001570) 호가 없음 (거래정지 의심)

══════════════════════════════════════════════════
→ 전종목 HOLD
✅ Discord 전송 완료

[13:32] HOLD | KODEX RSI88/+1.1%⚠️ | 보유:SK증권(001510) -4.6% GS(078930) -2.0% 원익피앤(217820) -6.5% | 💸예수금부족 | 최고신호 원익피앤이(217820) 3/3개 [RSI31 / 하락-1.8% / 호가1.2]
💰 예수금 9,779원 | KODEX200 RSI88/+1.2% 과열⚠️ | 매수기준 3개↑
📦 보유 SK증권(001510) 1주 -4.2% 🔴스탑로스임박
📦 보유 GS(078930) 1주 -2.2%
📦 보유 원익피앤이(217820) 3주 -5.8% 🔴스탑로스임박

코드      종목명           가격    RSI     변화율    거래량     BB   호가비  B/S
────────────────────────────────────────────────────────────────────────
[2단계 분석 대상: 001510, 078930, 217820, 061250, 034020, 058470, 056080, 015760]
⛔ 아우토크립트(137040) 호가 없음 (거래정지 의심)
078930  GS        75,200   56.7    +4.5%    0.9x     중간  0.66  1/0
061250  화일약품       8,390   23.1    -0.5%    0.8x     중간  6.08  2/0
217820  원익피앤이      3,290   30.9    -1.4%    0.4x     중간  2.65  3/1
001510  SK증권       4,445   59.5    -0.7%    0.3x     중간  0.77  1/0
⛔ 금양(001570) 호가 없음 (거래정지 의심)

══════════════════════════════════════════════════
→ 전종목 HOLD
✅ Discord 전송 완료

[13:34] HOLD | KODEX RSI88/+1.2%⚠️ | 보유:SK증권(001510) -4.2% GS(078930) -2.2% 원익피앤(217820) -5.8% | 💸예수금부족 | 최고신호 원익피앤이(217820) 3/3개 [RSI31 / 하락-1.4% / 호가2.6]
💰 예수금 9,779원 | KODEX200 RSI88/+1.2% 과열⚠️ | 매수기준 3개↑
📦 보유 SK증권(001510) 1주 -4.3% 🔴스탑로스임박
📦 보유 GS(078930) 1주 -2.3%
📦 보유 원익피앤이(217820) 3주 -5.8% 🔴스탑로스임박

코드      종목명           가격    RSI     변화율    거래량     BB   호가비  B/S
────────────────────────────────────────────────────────────────────────
[2단계 분석 대상: 001510, 078930, 217820, 061250, 034020, 056080, 058470, 015760]
⛔ 아우토크립트(137040) 호가 없음 (거래정지 의심)
078930  GS        75,300   56.9    +4.6%    0.9x     중간  0.92  1/0
061250  화일약품       8,390   23.1    -0.5%    0.8x     중간  5.85  2/0
217820  원익피앤이      3,295   30.9    -1.4%    0.4x     중간  2.19  3/1
001510  SK증권       4,440   59.5    -0.8%    0.3x     중간  0.66  1/0
⛔ 금양(001570) 호가 없음 (거래정지 의심)

══════════════════════════════════════════════════
→ 전종목 HOLD
✅ Discord 전송 완료

[13:36] HOLD | KODEX RSI88/+1.2%⚠️ | 보유:SK증권(001510) -4.3% GS(078930) -2.3% 원익피앤(217820) -5.8% | 💸예수금부족 | 최고신호 원익피앤이(217820) 3/3개 [RSI31 / 하락-1.4% / 호가2.2]
💰 예수금 9,779원 | KODEX200 RSI88/+1.2% 과열⚠️ | 매수기준 3개↑
📦 보유 SK증권(001510) 1주 -4.8% 🔴스탑로스임박
📦 보유 GS(078930) 1주 -2.3%
📦 보유 원익피앤이(217820) 3주 -5.8% 🔴스탑로스임박

코드      종목명           가격    RSI     변화율    거래량     BB   호가비  B/S
────────────────────────────────────────────────────────────────────────
[2단계 분석 대상: 001510, 078930, 217820, 034020, 061250, 056080, 012330, 058470]
⛔ 아우토크립트(137040) 호가 없음 (거래정지 의심)
078930  GS        75,200   56.7    +4.5%    1.0x     중간  0.70  1/0
061250  화일약품       8,400   23.2    -0.4%    0.8x     중간  5.69  2/0
217820  원익피앤이      3,290   30.9    -1.4%    0.4x     중간  2.51  3/1
001510  SK증권       4,425   59.1    -1.2%    0.3x     중간  0.67  2/0
⛔ 금양(001570) 호가 없음 (거래정지 의심)

══════════════════════════════════════════════════
→ 전종목 HOLD
✅ Discord 전송 완료

[13:38] HOLD | KODEX RSI88/+1.2%⚠️ | 보유:SK증권(001510) -4.8% GS(078930) -2.3% 원익피앤(217820) -5.8% | 💸예수금부족 | 최고신호 원익피앤이(217820) 3/3개 [RSI31 / 하락-1.4% / 호가2.5]
💰 예수금 9,779원 | KODEX200 RSI88/+1.4% 과열⚠️ | 매수기준 3개↑
📦 보유 SK증권(001510) 1주 -4.8% 🔴스탑로스임박
📦 보유 GS(078930) 1주 -2.2%
📦 보유 원익피앤이(217820) 3주 -5.8% 🔴스탑로스임박

코드      종목명           가격    RSI     변화율    거래량     BB   호가비  B/S
────────────────────────────────────────────────────────────────────────
[2단계 분석 대상: 001510, 078930, 217820, 034020, 061250, 056080, 015760, 012450]
⛔ 아우토크립트(137040) 호가 없음 (거래정지 의심)
078930  GS        75,200   56.6    +4.3%    1.0x     중간  0.64  1/0
061250  화일약품       8,400   23.2    -0.4%    0.8x     중간  5.64  2/0
217820  원익피앤이      3,295   31.0    -1.2%    0.4x     중간  2.29  3/1
001510  SK증권       4,425   59.2    -1.1%    0.3x     중간  0.75  2/0
⛔ 금양(001570) 호가 없음 (거래정지 의심)

══════════════════════════════════════════════════
→ 전종목 HOLD
✅ Discord 전송 완료

[13:40] HOLD | KODEX RSI88/+1.4%⚠️ | 보유:SK증권(001510) -4.8% GS(078930) -2.2% 원익피앤(217820) -5.8% | 💸예수금부족 | 최고신호 원익피앤이(217820) 3/3개 [RSI31 / 하락-1.2% / 호가2.3]
💰 예수금 9,779원 | KODEX200 RSI88/+1.4% 과열⚠️ | 매수기준 3개↑
📦 보유 SK증권(001510) 1주 -4.8% 🔴스탑로스임박
📦 보유 GS(078930) 1주 -2.4%
📦 보유 원익피앤이(217820) 3주 -5.8% 🔴스탑로스임박

코드      종목명           가격    RSI     변화율    거래량     BB   호가비  B/S
────────────────────────────────────────────────────────────────────────
[2단계 분석 대상: 001510, 078930, 217820, 034020, 061250, 015760, 056080, 012450]
⛔ 아우토크립트(137040) 호가 없음 (거래정지 의심)
078930  GS        75,200   56.7    +4.5%    1.0x     중간  0.49  1/0
061250  화일약품       8,400   23.3    -0.2%    0.8x     중간  4.62  2/0
217820  원익피앤이      3,290   30.8    -1.5%    0.4x     중간  2.31  3/1
001510  SK증권       4,420   59.1    -1.2%    0.3x     중간  0.84  2/0
⛔ 금양(001570) 호가 없음 (거래정지 의심)

══════════════════════════════════════════════════
→ 전종목 HOLD
✅ Discord 전송 완료

[13:42] HOLD | KODEX RSI88/+1.4%⚠️ | 보유:SK증권(001510) -4.8% GS(078930) -2.4% 원익피앤(217820) -5.8% | 💸예수금부족 | 최고신호 원익피앤이(217820) 3/3개 [RSI31 / 하락-1.5% / 호가2.3]
💰 예수금 9,779원 | KODEX200 RSI88/+1.2% 과열⚠️ | 매수기준 3개↑
📦 보유 SK증권(001510) 1주 -4.8% 🔴스탑로스임박
📦 보유 GS(078930) 1주 -2.6% ⚠️주의
📦 보유 원익피앤이(217820) 3주 -5.9% 🔴스탑로스임박

코드      종목명           가격    RSI     변화율    거래량     BB   호가비  B/S
────────────────────────────────────────────────────────────────────────
[2단계 분석 대상: 001510, 078930, 217820, 034020, 061250, 015760, 058470, 012450]
⛔ 아우토크립트(137040) 호가 없음 (거래정지 의심)
078930  GS        75,000   56.5    +4.2%    1.0x     중간  0.67  1/0
061250  화일약품       8,400   23.3    -0.2%    0.8x     중간  4.51  2/0
217820  원익피앤이      3,290   30.9    -1.4%    0.4x     중간  2.41  3/1
001510  SK증권       4,415   59.1    -1.3%    0.3x     중간  1.30  3/0
⛔ 금양(001570) 호가 없음 (거래정지 의심)

══════════════════════════════════════════════════
→ 전종목 HOLD
✅ Discord 전송 완료

[13:44] HOLD | KODEX RSI88/+1.2%⚠️ | 보유:SK증권(001510) -4.8% GS(078930) -2.6% 원익피앤(217820) -5.9% | 💸예수금부족 | 최고신호 원익피앤이(217820) 3/3개 [RSI31 / 하락-1.4% / 호가2.4]
💰 예수금 9,779원 | KODEX200 RSI88/+1.2% 과열⚠️ | 매수기준 3개↑
📦 보유 SK증권(001510) 1주 -4.9% 🔴스탑로스임박
📦 보유 GS(078930) 1주 -2.6% ⚠️주의
📦 보유 원익피앤이(217820) 3주 -5.8% 🔴스탑로스임박

코드      종목명           가격    RSI     변화율    거래량     BB   호가비  B/S
────────────────────────────────────────────────────────────────────────
[2단계 분석 대상: 001510, 078930, 217820, 034020, 061250, 056080, 015760, 105560]
⛔ 아우토크립트(137040) 호가 없음 (거래정지 의심)
078930  GS        74,700   56.2    +3.9%    1.0x     중간  0.69  1/0
061250  화일약품       8,390   23.3    -0.2%    0.8x     중간  3.66  2/0
217820  원익피앤이      3,300   31.0    -1.1%    0.4x     중간  2.28  3/1
001510  SK증권       4,415   59.1    -1.3%    0.3x     중간  1.15  2/0
⛔ 금양(001570) 호가 없음 (거래정지 의심)

══════════════════════════════════════════════════
→ 전종목 HOLD
✅ Discord 전송 완료

[13:46] HOLD | KODEX RSI88/+1.2%⚠️ | 보유:SK증권(001510) -4.9% GS(078930) -2.6% 원익피앤(217820) -5.8% | 💸예수금부족 | 최고신호 원익피앤이(217820) 3/3개 [RSI31 / 하락-1.1% / 호가2.3]
💰 예수금 9,780원 | KODEX200 RSI88/+1.4% 과열⚠️ | 매수기준 3개↑
📦 보유 SK증권(001510) 1주 -4.8% 🔴스탑로스임박
📦 보유 GS(078930) 1주 -3.0% ⚠️주의
📦 보유 원익피앤이(217820) 3주 -5.5% 🔴스탑로스임박

코드      종목명           가격    RSI     변화율    거래량     BB   호가비  B/S
────────────────────────────────────────────────────────────────────────
[2단계 분석 대상: 001510, 078930, 217820, 034020, 056080, 061250, 207940, 015760]
⛔ 아우토크립트(137040) 호가 없음 (거래정지 의심)
078930  GS        74,800   56.3    +4.0%    1.0x     중간  1.24  2/0
061250  화일약품       8,390   23.3    -0.2%    0.8x     중간  3.90  2/0
217820  원익피앤이      3,300   31.0    -1.1%    0.4x     중간  2.50  3/1
001510  SK증권       4,430   59.3    -1.0%    0.3x     중간  0.85  2/0
⛔ 금양(001570) 호가 없음 (거래정지 의심)

══════════════════════════════════════════════════
→ 전종목 HOLD
✅ Discord 전송 완료

[13:48] HOLD | KODEX RSI88/+1.4%⚠️ | 보유:SK증권(001510) -4.8% GS(078930) -3.0% 원익피앤(217820) -5.5% | 💸예수금부족 | 최고신호 원익피앤이(217820) 3/3개 [RSI31 / 하락-1.1% / 호가2.5]
💰 예수금 9,779원 | KODEX200 RSI88/+1.4% 과열⚠️ | 매수기준 3개↑
📦 보유 SK증권(001510) 1주 -4.5% 🔴스탑로스임박
📦 보유 GS(078930) 1주 -2.7% ⚠️주의
📦 보유 원익피앤이(217820) 3주 -5.5% 🔴스탑로스임박

코드      종목명           가격    RSI     변화율    거래량     BB   호가비  B/S
────────────────────────────────────────────────────────────────────────
[2단계 분석 대상: 001510, 078930, 217820, 034020, 207940, 056080, 061250, 015760]
⛔ 아우토크립트(137040) 호가 없음 (거래정지 의심)
078930  GS        74,600   55.9    +3.6%    1.0x     중간  0.86  1/0
061250  화일약품       8,360   22.7    -0.8%    0.8x     중간  3.97  2/0
217820  원익피앤이      3,295   31.0    -1.1%    0.4x     중간  2.17  3/1
001510  SK증권       4,430   59.2    -1.1%    0.3x     중간  0.76  2/0
⛔ 금양(001570) 호가 없음 (거래정지 의심)

══════════════════════════════════════════════════
→ 전종목 HOLD
✅ Discord 전송 완료

[13:50] HOLD | KODEX RSI88/+1.4%⚠️ | 보유:SK증권(001510) -4.5% GS(078930) -2.7% 원익피앤(217820) -5.5% | 💸예수금부족 | 최고신호 원익피앤이(217820) 3/3개 [RSI31 / 하락-1.1% / 호가2.2]
💰 예수금 9,780원 | KODEX200 RSI88/+1.2% 과열⚠️ | 매수기준 3개↑
📦 보유 SK증권(001510) 1주 -4.7% 🔴스탑로스임박
📦 보유 GS(078930) 1주 -3.0% ⚠️주의
📦 보유 원익피앤이(217820) 3주 -5.6% 🔴스탑로스임박

코드      종목명           가격    RSI     변화율    거래량     BB   호가비  B/S
────────────────────────────────────────────────────────────────────────
[2단계 분석 대상: 001510, 078930, 217820, 034020, 056080, 012450, 061250, 015760]
⛔ 아우토크립트(137040) 호가 없음 (거래정지 의심)
078930  GS        74,700   56.2    +3.9%    1.0x     중간  1.70  2/0
061250  화일약품       8,360   22.7    -0.8%    0.8x     중간  3.62  2/0
217820  원익피앤이      3,295   30.9    -1.4%    0.4x     중간  2.01  3/1
001510  SK증권       4,420   59.1    -1.3%    0.3x     중간  1.70  3/0
⛔ 금양(001570) 호가 없음 (거래정지 의심)

══════════════════════════════════════════════════
→ 전종목 HOLD
✅ Discord 전송 완료

[13:52] HOLD | KODEX RSI88/+1.2%⚠️ | 보유:SK증권(001510) -4.7% GS(078930) -3.0% 원익피앤(217820) -5.6% | 💸예수금부족 | 최고신호 원익피앤이(217820) 3/3개 [RSI31 / 하락-1.4% / 호가2.0]
💰 예수금 9,780원 | KODEX200 RSI88/+1.1% 과열⚠️ | 매수기준 3개↑
📦 보유 SK증권(001510) 1주 -4.7% 🔴스탑로스임박
📦 보유 GS(078930) 1주 -3.0% ⚠️주의
📦 보유 원익피앤이(217820) 3주 -5.8% 🔴스탑로스임박

코드      종목명           가격    RSI     변화율    거래량     BB   호가비  B/S
────────────────────────────────────────────────────────────────────────
[2단계 분석 대상: 001510, 078930, 217820, 034020, 061250, 066970, 015760, 012450]
⛔ 아우토크립트(137040) 호가 없음 (거래정지 의심)
078930  GS        74,700   56.3    +4.0%    1.0x     중간  1.16  1/0
061250  화일약품       8,360   22.7    -0.8%    0.8x     중간  3.61  2/0
217820  원익피앤이      3,290   30.9    -1.4%    0.4x     중간  2.21  3/1
001510  SK증권       4,435   59.4    -0.9%    0.3x     중간  1.01  1/0
⛔ 금양(001570) 호가 없음 (거래정지 의심)

══════════════════════════════════════════════════
→ 전종목 HOLD
✅ Discord 전송 완료

[13:54] HOLD | KODEX RSI88/+1.1%⚠️ | 보유:SK증권(001510) -4.7% GS(078930) -3.0% 원익피앤(217820) -5.8% | 💸예수금부족 | 최고신호 원익피앤이(217820) 3/3개 [RSI31 / 하락-1.4% / 호가2.2]
💰 예수금 9,779원 | KODEX200 RSI88/+1.0% 과열⚠️ | 매수기준 3개↑
📦 보유 SK증권(001510) 1주 -4.6% 🔴스탑로스임박
📦 보유 GS(078930) 1주 -2.7% ⚠️주의
📦 보유 원익피앤이(217820) 3주 -5.8% 🔴스탑로스임박

코드      종목명           가격    RSI     변화율    거래량     BB   호가비  B/S
────────────────────────────────────────────────────────────────────────
[2단계 분석 대상: 001510, 078930, 217820, 034020, 066970, 056080, 061250, 015760]
⛔ 아우토크립트(137040) 호가 없음 (거래정지 의심)
078930  GS        74,800   55.8    +3.5%    1.0x     중간  1.33  2/0
061250  화일약품       8,360   22.7    -0.8%    0.8x     중간  3.58  2/0
217820  원익피앤이      3,290   30.9    -1.4%    0.4x     중간  2.37  3/1
001510  SK증권       4,430   59.3    -1.0%    0.3x     중간  1.18  2/0
⛔ 금양(001570) 호가 없음 (거래정지 의심)

══════════════════════════════════════════════════
→ 전종목 HOLD
✅ Discord 전송 완료

[13:56] HOLD | KODEX RSI88/+1.0%⚠️ | 보유:SK증권(001510) -4.6% GS(078930) -2.7% 원익피앤(217820) -5.8% | 💸예수금부족 | 최고신호 원익피앤이(217820) 3/3개 [RSI31 / 하락-1.4% / 호가2.4]
💰 예수금 9,780원 | KODEX200 RSI88/+0.9% 과열⚠️ | 매수기준 3개↑
📦 보유 SK증권(001510) 1주 -4.7% 🔴스탑로스임박
📦 보유 GS(078930) 1주 -3.2% ⚠️주의
📦 보유 원익피앤이(217820) 3주 -5.8% 🔴스탑로스임박

코드      종목명           가격    RSI     변화율    거래량     BB   호가비  B/S
────────────────────────────────────────────────────────────────────────
[2단계 분석 대상: 001510, 078930, 217820, 034020, 000660, 061250, 012450, 056080]
⛔ 아우토크립트(137040) 호가 없음 (거래정지 의심)
078930  GS        74,500   55.9    +3.6%    1.0x     중간  0.32  1/0
061250  화일약품       8,430   23.2    -0.4%    0.8x     중간  6.48  2/0
217820  원익피앤이      3,295   30.9    -1.4%    0.4x     중간  2.26  3/1
001510  SK증권       4,425   59.2    -1.1%    0.3x     중간  1.57  3/0
⛔ 금양(001570) 호가 없음 (거래정지 의심)

══════════════════════════════════════════════════
→ 전종목 HOLD
✅ Discord 전송 완료

[13:58] HOLD | KODEX RSI88/+0.9%⚠️ | 보유:SK증권(001510) -4.7% GS(078930) -3.2% 원익피앤(217820) -5.8% | 💸예수금부족 | 최고신호 원익피앤이(217820) 3/3개 [RSI31 / 하락-1.4% / 호가2.3]
💰 예수금 9,780원 | KODEX200 RSI88/+0.9% 과열⚠️ | 매수기준 3개↑
📦 보유 SK증권(001510) 1주 -4.6% 🔴스탑로스임박
📦 보유 GS(078930) 1주 -3.4% ⚠️주의
📦 보유 원익피앤이(217820) 3주 -5.8% 🔴스탑로스임박

코드      종목명           가격    RSI     변화율    거래량     BB   호가비  B/S
────────────────────────────────────────────────────────────────────────
[2단계 분석 대상: 001510, 078930, 217820, 061250, 034020, 000660, 012450, 056080]
⛔ 아우토크립트(137040) 호가 없음 (거래정지 의심)
078930  GS        74,300   55.3    +3.1%    1.0x     중간  0.29  1/0
061250  화일약품       8,400   23.3    -0.2%    0.8x     중간 10.01  2/0
217820  원익피앤이      3,290   30.9    -1.4%    0.4x     중간  2.21  3/1
001510  SK증권       4,430   59.3    -1.0%    0.3x     중간  1.09  2/0
⛔ 금양(001570) 호가 없음 (거래정지 의심)

══════════════════════════════════════════════════
→ 전종목 HOLD
✅ Discord 전송 완료

[14:00] HOLD | KODEX RSI88/+0.9%⚠️ | 보유:SK증권(001510) -4.6% GS(078930) -3.4% 원익피앤(217820) -5.8% | 💸예수금부족 | 최고신호 원익피앤이(217820) 3/3개 [RSI31 / 하락-1.4% / 호가2.2]
💰 예수금 9,780원 | KODEX200 RSI88/+0.9% 과열⚠️ | 매수기준 3개↑
📦 보유 SK증권(001510) 1주 -4.9% 🔴스탑로스임박
📦 보유 GS(078930) 1주 -3.7% ⚠️주의
📦 보유 원익피앤이(217820) 3주 -5.8% 🔴스탑로스임박

코드      종목명           가격    RSI     변화율    거래량     BB   호가비  B/S
────────────────────────────────────────────────────────────────────────
[2단계 분석 대상: 001510, 078930, 217820, 061250, 034020, 012450, 056080, 015760]
⛔ 아우토크립트(137040) 호가 없음 (거래정지 의심)
078930  GS        74,100   55.3    +3.1%    1.0x     중간  0.39  1/0
061250  화일약품       8,400   23.3    -0.2%    0.8x     중간 10.01  2/0
217820  원익피앤이      3,290   30.9    -1.4%    0.4x     중간  2.44  3/1
001510  SK증권       4,420   59.1    -1.2%    0.3x     중간  1.38  3/0
⛔ 금양(001570) 호가 없음 (거래정지 의심)

══════════════════════════════════════════════════
→ 전종목 HOLD
✅ Discord 전송 완료

[14:02] HOLD | KODEX RSI88/+0.9%⚠️ | 보유:SK증권(001510) -4.9% GS(078930) -3.7% 원익피앤(217820) -5.8% | 💸예수금부족 | 최고신호 원익피앤이(217820) 3/3개 [RSI31 / 하락-1.4% / 호가2.4]
💰 예수금 9,782원 | KODEX200 RSI88/+0.9% 과열⚠️ | 매수기준 3개↑
📦 보유 SK증권(001510) 1주 -4.8% 🔴스탑로스임박
📦 보유 GS(078930) 1주 -3.9% ⚠️주의
📦 보유 원익피앤이(217820) 3주 -5.8% 🔴스탑로스임박

코드      종목명           가격    RSI     변화율    거래량     BB   호가비  B/S
────────────────────────────────────────────────────────────────────────
[2단계 분석 대상: 001510, 078930, 217820, 012450, 061250, 034020, 056080, 015760]
⛔ 아우토크립트(137040) 호가 없음 (거래정지 의심)
078930  GS        73,700   54.5    +2.2%    1.0x     중간  0.44  0/1
061250  화일약품       8,400   23.3    -0.2%    0.8x     중간 10.01  2/0
217820  원익피앤이      3,290   30.9    -1.4%    0.4x     중간  2.09  3/1
001510  SK증권       4,420   59.1    -1.3%    0.3x     중간  1.77  3/0
⛔ 금양(001570) 호가 없음 (거래정지 의심)

══════════════════════════════════════════════════
→ 전종목 HOLD
✅ Discord 전송 완료

[14:04] HOLD | KODEX RSI88/+0.9%⚠️ | 보유:SK증권(001510) -4.8% GS(078930) -3.9% 원익피앤(217820) -5.8% | 💸예수금부족 | 최고신호 원익피앤이(217820) 3/3개 [RSI31 / 하락-1.4% / 호가2.1]
💰 예수금 9,782원 | KODEX200 RSI88/+0.9% 과열⚠️ | 매수기준 3개↑
📦 보유 SK증권(001510) 1주 -4.7% 🔴스탑로스임박
📦 보유 GS(078930) 1주 -4.3% 🔴스탑로스임박
📦 보유 원익피앤이(217820) 3주 -5.8% 🔴스탑로스임박

코드      종목명           가격    RSI     변화율    거래량     BB   호가비  B/S
────────────────────────────────────────────────────────────────────────
[2단계 분석 대상: 001510, 078930, 217820, 061250, 012450, 034020, 056080, 006400]
⛔ 아우토크립트(137040) 호가 없음 (거래정지 의심)
078930  GS        73,800   54.9    +2.6%    1.0x     중간  0.46  1/0
061250  화일약품       8,400   23.2    -0.4%    0.8x     중간 10.09  2/0
217820  원익피앤이      3,290   30.9    -1.4%    0.4x     중간  2.11  3/1
001510  SK증권       4,430   59.3    -1.0%    0.3x     중간  1.48  3/0
⛔ 금양(001570) 호가 없음 (거래정지 의심)

══════════════════════════════════════════════════
→ 전종목 HOLD
✅ Discord 전송 완료

[14:06] HOLD | KODEX RSI88/+0.9%⚠️ | 보유:SK증권(001510) -4.7% GS(078930) -4.3% 원익피앤(217820) -5.8% | 💸예수금부족 | 최고신호 원익피앤이(217820) 3/3개 [RSI31 / 하락-1.4% / 호가2.1]
💰 예수금 9,782원 | KODEX200 RSI88/+0.8% 과열⚠️ | 매수기준 3개↑
📦 보유 SK증권(001510) 1주 -4.7% 🔴스탑로스임박
📦 보유 GS(078930) 1주 -3.9% ⚠️주의
📦 보유 원익피앤이(217820) 3주 -5.8% 🔴스탑로스임박

코드      종목명           가격    RSI     변화율    거래량     BB   호가비  B/S
────────────────────────────────────────────────────────────────────────
[2단계 분석 대상: 001510, 078930, 217820, 061250, 034020, 012450, 000660, 056080]
⛔ 아우토크립트(137040) 호가 없음 (거래정지 의심)
078930  GS        73,800   54.6    +2.4%    1.0x     중간  0.46  0/1
061250  화일약품       8,410   23.4    -0.1%    0.8x     중간  9.15  2/0
217820  원익피앤이      3,290   30.9    -1.4%    0.4x     중간  2.18  3/1
001510  SK증권       4,430   59.2    -1.1%    0.3x     중간  1.41  3/0
⛔ 금양(001570) 호가 없음 (거래정지 의심)

══════════════════════════════════════════════════
→ 전종목 HOLD
✅ Discord 전송 완료

[14:08] HOLD | KODEX RSI88/+0.8%⚠️ | 보유:SK증권(001510) -4.7% GS(078930) -3.9% 원익피앤(217820) -5.8% | 💸예수금부족 | 최고신호 원익피앤이(217820) 3/3개 [RSI31 / 하락-1.4% / 호가2.2]
💰 예수금 9,782원 | KODEX200 RSI88/+0.7% 과열⚠️ | 매수기준 3개↑
📦 보유 SK증권(001510) 1주 -4.6% 🔴스탑로스임박
📦 보유 GS(078930) 1주 -3.9% ⚠️주의
📦 보유 원익피앤이(217820) 3주 -5.8% 🔴스탑로스임박

코드      종목명           가격    RSI     변화율    거래량     BB   호가비  B/S
────────────────────────────────────────────────────────────────────────
[2단계 분석 대상: 001510, 078930, 217820, 061250, 034020, 056080, 005380, 000660]
⛔ 아우토크립트(137040) 호가 없음 (거래정지 의심)
078930  GS        74,000   55.2    +2.9%    1.0x     중간  0.54  1/0
061250  화일약품       8,390   23.2    -0.4%    0.8x     중간  8.70  2/0
217820  원익피앤이      3,290   30.9    -1.4%    0.4x     중간  2.15  3/1
001510  SK증권       4,420   59.0    -1.4%    0.3x     중간  1.66  3/0
⛔ 금양(001570) 호가 없음 (거래정지 의심)

══════════════════════════════════════════════════
→ 전종목 HOLD
✅ Discord 전송 완료

[14:10] HOLD | KODEX RSI88/+0.7%⚠️ | 보유:SK증권(001510) -4.6% GS(078930) -3.9% 원익피앤(217820) -5.8% | 💸예수금부족 | 최고신호 원익피앤이(217820) 3/3개 [RSI31 / 하락-1.4% / 호가2.1]
💰 예수금 9,782원 | KODEX200 RSI88/+0.8% 과열⚠️ | 매수기준 3개↑
📦 보유 SK증권(001510) 1주 -5.0% 🔴스탑로스임박
📦 보유 GS(078930) 1주 -3.9% ⚠️주의
📦 보유 원익피앤이(217820) 3주 -5.9% 🔴스탑로스임박

코드      종목명           가격    RSI     변화율    거래량     BB   호가비  B/S
────────────────────────────────────────────────────────────────────────
[2단계 분석 대상: 001510, 078930, 217820, 056080, 034020, 012450, 061250, 005380]
⛔ 아우토크립트(137040) 호가 없음 (거래정지 의심)
078930  GS        74,000   55.0    +2.8%    1.0x     중간  0.45  1/0
061250  화일약품       8,390   23.2    -0.4%    0.8x     중간  6.06  2/0
217820  원익피앤이      3,285   30.7    -1.6%    0.4x     중간  2.60  3/1
001510  SK증권       4,420   59.1    -1.2%    0.3x     중간  1.51  3/0
⛔ 금양(001570) 호가 없음 (거래정지 의심)

══════════════════════════════════════════════════
→ 전종목 HOLD
✅ Discord 전송 완료

[14:12] HOLD | KODEX RSI88/+0.8%⚠️ | 보유:SK증권(001510) -5.0% GS(078930) -3.9% 원익피앤(217820) -5.9% | 💸예수금부족 | 최고신호 원익피앤이(217820) 3/3개 [RSI31 / 하락-1.6% / 호가2.6]
💰 예수금 9,782원 | KODEX200 RSI88/+0.7% 과열⚠️ | 매수기준 3개↑
📦 보유 SK증권(001510) 1주 -4.8% 🔴스탑로스임박
📦 보유 GS(078930) 1주 -3.9% ⚠️주의
📦 보유 원익피앤이(217820) 3주 -6.1% 🔴스탑로스임박

코드      종목명           가격    RSI     변화율    거래량     BB   호가비  B/S
────────────────────────────────────────────────────────────────────────
[2단계 분석 대상: 001510, 078930, 217820, 012450, 034020, 061250, 000660, 056080]
⛔ 아우토크립트(137040) 호가 없음 (거래정지 의심)
078930  GS        73,900   55.0    +2.8%    1.1x     중간  0.50  1/0
061250  화일약품       8,390   23.1    -0.5%    0.8x     중간  6.04  2/0
217820  원익피앤이      3,285   30.8    -1.5%    0.4x     중간  2.57  3/1
001510  SK증권       4,420   59.1    -1.2%    0.3x     중간  1.63  3/0
⛔ 금양(001570) 호가 없음 (거래정지 의심)

══════════════════════════════════════════════════
→ 전종목 HOLD
✅ Discord 전송 완료

[14:14] HOLD | KODEX RSI88/+0.7%⚠️ | 보유:SK증권(001510) -4.8% GS(078930) -3.9% 원익피앤(217820) -6.1% | 💸예수금부족 | 최고신호 원익피앤이(217820) 3/3개 [RSI31 / 하락-1.5% / 호가2.6]
💰 예수금 9,782원 | KODEX200 RSI88/+0.5% 과열⚠️ | 매수기준 3개↑
📦 보유 SK증권(001510) 1주 -5.1% 🔴스탑로스임박
📦 보유 GS(078930) 1주 -4.0% 🔴스탑로스임박
📦 보유 원익피앤이(217820) 3주 -5.9% 🔴스탑로스임박

코드      종목명           가격    RSI     변화율    거래량     BB   호가비  B/S
────────────────────────────────────────────────────────────────────────
[2단계 분석 대상: 001510, 078930, 217820, 012450, 000660, 034020, 056080, 005380]
⛔ 아우토크립트(137040) 호가 없음 (거래정지 의심)
078930  GS        73,900   55.3    +3.1%    1.1x     중간  0.35  1/0
061250  화일약품       8,390    0.0    +0.0%    0.0x     중간  6.09  1/0
217820  원익피앤이      3,285   30.8    -1.5%    0.4x     중간  2.38  3/1
001510  SK증권       4,410   58.9    -1.6%    0.3x     중간  1.99  3/0
⛔ 금양(001570) 호가 없음 (거래정지 의심)

══════════════════════════════════════════════════
→ 전종목 HOLD
✅ Discord 전송 완료

[14:16] HOLD | KODEX RSI88/+0.5%⚠️ | 보유:SK증권(001510) -5.1% GS(078930) -4.0% 원익피앤(217820) -5.9% | 💸예수금부족 | 최고신호 원익피앤이(217820) 3/3개 [RSI31 / 하락-1.5% / 호가2.4]
💰 예수금 9,780원 | KODEX200 RSI88/+0.4% 과열⚠️ | 매수기준 3개↑
📦 보유 SK증권(001510) 1주 -5.1% 🔴스탑로스임박
📦 보유 GS(078930) 1주 -3.6% ⚠️주의
📦 보유 원익피앤이(217820) 3주 -5.9% 🔴스탑로스임박

코드      종목명           가격    RSI     변화율    거래량     BB   호가비  B/S
────────────────────────────────────────────────────────────────────────
[2단계 분석 대상: 001510, 078930, 217820, 000660, 012450, 056080, 034020, 061250]
⛔ 아우토크립트(137040) 호가 없음 (거래정지 의심)
078930  GS        74,200   55.3    +3.1%    1.1x     중간  0.76  1/0
061250  화일약품       8,390   23.1    -0.5%    0.8x     중간  6.07  2/0
217820  원익피앤이      3,280   30.7    -1.6%    0.4x     중간  2.41  3/1
001510  SK증권       4,405   58.9    -1.6%    0.3x     중간  1.70  3/0
⛔ 금양(001570) 호가 없음 (거래정지 의심)

══════════════════════════════════════════════════
→ 전종목 HOLD
✅ Discord 전송 완료

[14:18] HOLD | KODEX RSI88/+0.4%⚠️ | 보유:SK증권(001510) -5.1% GS(078930) -3.6% 원익피앤(217820) -5.9% | 💸예수금부족 | 최고신호 원익피앤이(217820) 3/3개 [RSI31 / 하락-1.6% / 호가2.4]
💰 예수금 9,782원 | KODEX200 RSI88/+0.3% 과열⚠️ | 매수기준 3개↑
📦 보유 SK증권(001510) 1주 -5.2% 🔴스탑로스임박
📦 보유 GS(078930) 1주 -3.9% ⚠️주의
📦 보유 원익피앤이(217820) 3주 -6.1% 🔴스탑로스임박

코드      종목명           가격    RSI     변화율    거래량     BB   호가비  B/S
────────────────────────────────────────────────────────────────────────
[2단계 분석 대상: 001510, 078930, 217820, 056080, 012450, 034020, 000660, 061250]
⛔ 아우토크립트(137040) 호가 없음 (거래정지 의심)
078930  GS        73,900   54.8    +2.5%    1.1x     중간  0.12  0/1
061250  화일약품       8,390   23.3    -0.2%    0.9x     중간  6.08  2/0
217820  원익피앤이      3,290   30.8    -1.5%    0.4x     중간  2.56  3/1
001510  SK증권       4,400   58.8    -1.8%    0.3x     중간  2.58  3/0
⛔ 금양(001570) 호가 없음 (거래정지 의심)

══════════════════════════════════════════════════
→ 전종목 HOLD
✅ Discord 전송 완료

[14:20] HOLD | KODEX RSI88/+0.3%⚠️ | 보유:SK증권(001510) -5.2% GS(078930) -3.9% 원익피앤(217820) -6.1% | 💸예수금부족 | 최고신호 원익피앤이(217820) 3/3개 [RSI31 / 하락-1.5% / 호가2.6]
💰 예수금 9,782원 | KODEX200 RSI88/+0.6% 과열⚠️ | 매수기준 3개↑
📦 보유 SK증권(001510) 1주 -5.3% 🔴스탑로스임박
📦 보유 GS(078930) 1주 -4.0% 🔴스탑로스임박
📦 보유 원익피앤이(217820) 3주 -5.8% 🔴스탑로스임박

코드      종목명           가격    RSI     변화율    거래량     BB   호가비  B/S
────────────────────────────────────────────────────────────────────────
[2단계 분석 대상: 001510, 078930, 217820, 061250, 034020, 056080, 005380, 015760]
⛔ 아우토크립트(137040) 호가 없음 (거래정지 의심)
078930  GS        74,000   55.0    +2.8%    1.1x     중간  0.42  1/0
061250  화일약품       8,420   23.6    +0.0%    0.9x     중간  6.22  2/0
217820  원익피앤이      3,295   30.9    -1.4%    0.4x     중간  2.96  3/1
001510  SK증권       4,405   58.8    -1.7%    0.3x     중간  1.56  3/0
⛔ 금양(001570) 호가 없음 (거래정지 의심)

══════════════════════════════════════════════════
→ 전종목 HOLD
✅ Discord 전송 완료

[14:22] HOLD | KODEX RSI88/+0.6%⚠️ | 보유:SK증권(001510) -5.3% GS(078930) -4.0% 원익피앤(217820) -5.8% | 💸예수금부족 | 최고신호 원익피앤이(217820) 3/3개 [RSI31 / 하락-1.4% / 호가3.0]
💰 예수금 9,780원 | KODEX200 RSI88/+0.8% 과열⚠️ | 매수기준 3개↑
📦 보유 SK증권(001510) 1주 -5.2% 🔴스탑로스임박
📦 보유 GS(078930) 1주 -3.7% ⚠️주의
📦 보유 원익피앤이(217820) 3주 -5.6% 🔴스탑로스임박

코드      종목명           가격    RSI     변화율    거래량     BB   호가비  B/S
────────────────────────────────────────────────────────────────────────
[2단계 분석 대상: 001510, 078930, 217820, 061250, 034020, 056080, 015760, 012450]
⛔ 아우토크립트(137040) 호가 없음 (거래정지 의심)
078930  GS        74,300   55.3    +3.1%    1.1x     중간  0.53  1/0
061250  화일약품       8,410   23.4    -0.1%    0.9x     중간  6.18  2/0
217820  원익피앤이      3,295   31.0    -1.2%    0.4x     중간  2.67  3/1
001510  SK증권       4,410   59.0    -1.4%    0.3x     중간  1.22  3/0
⛔ 금양(001570) 호가 없음 (거래정지 의심)

══════════════════════════════════════════════════
→ 전종목 HOLD
✅ Discord 전송 완료

[14:24] HOLD | KODEX RSI88/+0.8%⚠️ | 보유:SK증권(001510) -5.2% GS(078930) -3.7% 원익피앤(217820) -5.6% | 💸예수금부족 | 최고신호 원익피앤이(217820) 3/3개 [RSI31 / 하락-1.2% / 호가2.7]
💰 예수금 9,780원 | KODEX200 RSI88/+0.6% 과열⚠️ | 매수기준 3개↑
📦 보유 SK증권(001510) 1주 -5.0% 🔴스탑로스임박
📦 보유 GS(078930) 1주 -3.7% ⚠️주의
📦 보유 원익피앤이(217820) 3주 -5.6% 🔴스탑로스임박

코드      종목명           가격    RSI     변화율    거래량     BB   호가비  B/S
────────────────────────────────────────────────────────────────────────
[2단계 분석 대상: 001510, 078930, 217820, 061250, 034020, 056080, 015760, 012450]
⛔ 아우토크립트(137040) 호가 없음 (거래정지 의심)
078930  GS        74,200   55.5    +3.2%    1.1x     중간  0.40  1/0
061250  화일약품       8,410   23.4    -0.1%    0.9x     중간  6.18  2/0
217820  원익피앤이      3,295   31.0    -1.1%    0.4x     중간  2.82  3/1
001510  SK증권       4,405   58.9    -1.6%    0.3x     중간  1.72  3/0
⛔ 금양(001570) 호가 없음 (거래정지 의심)

══════════════════════════════════════════════════
→ 전종목 HOLD
✅ Discord 전송 완료

[14:26] HOLD | KODEX RSI88/+0.6%⚠️ | 보유:SK증권(001510) -5.0% GS(078930) -3.7% 원익피앤(217820) -5.6% | 💸예수금부족 | 최고신호 원익피앤이(217820) 3/3개 [RSI31 / 하락-1.1% / 호가2.8]
💰 예수금 9,780원 | KODEX200 RSI88/+0.7% 과열⚠️ | 매수기준 3개↑
📦 보유 SK증권(001510) 1주 -5.1% 🔴스탑로스임박
📦 보유 GS(078930) 1주 -3.6% ⚠️주의
📦 보유 원익피앤이(217820) 3주 -5.6% 🔴스탑로스임박

코드      종목명           가격    RSI     변화율    거래량     BB   호가비  B/S
────────────────────────────────────────────────────────────────────────
[2단계 분석 대상: 001510, 078930, 217820, 034020, 056080, 061250, 015760, 005380]
⛔ 아우토크립트(137040) 호가 없음 (거래정지 의심)
078930  GS        74,300   55.5    +3.2%    1.1x     중간  0.42  1/0
061250  화일약품       8,450   24.7    +0.4%    0.9x     중간  5.00  2/0
217820  원익피앤이      3,305   31.0    -1.2%    0.4x     중간  3.75  3/1
001510  SK증권       4,420   59.0    -1.4%    0.3x     중간  1.04  2/0
⛔ 금양(001570) 호가 없음 (거래정지 의심)

══════════════════════════════════════════════════
→ 전종목 HOLD
✅ Discord 전송 완료

[14:28] HOLD | KODEX RSI88/+0.7%⚠️ | 보유:SK증권(001510) -5.1% GS(078930) -3.6% 원익피앤(217820) -5.6% | 💸예수금부족 | 최고신호 원익피앤이(217820) 3/3개 [RSI31 / 하락-1.2% / 호가3.8]
💰 예수금 9,780원 | KODEX200 RSI88/+0.7% 과열⚠️ | 매수기준 3개↑
📦 보유 SK증권(001510) 1주 -5.0% 🔴스탑로스임박
📦 보유 GS(078930) 1주 -3.4% ⚠️주의
📦 보유 원익피앤이(217820) 3주 -5.6% 🔴스탑로스임박

코드      종목명           가격    RSI     변화율    거래량     BB   호가비  B/S
────────────────────────────────────────────────────────────────────────
[2단계 분석 대상: 001510, 078930, 217820, 034020, 056080, 061250, 015760, 005380]
⛔ 아우토크립트(137040) 호가 없음 (거래정지 의심)
078930  GS        74,400   55.6    +3.3%    1.1x     중간  0.47  1/0
061250  화일약품       8,470   25.5    +0.6%    0.9x     중간  5.14  2/0
217820  원익피앤이      3,305   31.0    -1.2%    0.4x     중간  3.61  3/1
001510  SK증권       4,420   59.1    -1.2%    0.3x     중간  0.98  2/0
⛔ 금양(001570) 호가 없음 (거래정지 의심)

══════════════════════════════════════════════════
→ 전종목 HOLD
✅ Discord 전송 완료

[14:30] HOLD | KODEX RSI88/+0.7%⚠️ | 보유:SK증권(001510) -5.0% GS(078930) -3.4% 원익피앤(217820) -5.6% | 💸예수금부족 | 최고신호 원익피앤이(217820) 3/3개 [RSI31 / 하락-1.2% / 호가3.6]
💰 예수금 9,780원 | KODEX200 RSI88/+0.4% 과열⚠️ | 매수기준 3개↑
📦 보유 SK증권(001510) 1주 -4.8% 🔴스탑로스임박
📦 보유 GS(078930) 1주 -3.2% ⚠️주의
📦 보유 원익피앤이(217820) 3주 -5.5% 🔴스탑로스임박

코드      종목명           가격    RSI     변화율    거래량     BB   호가비  B/S
────────────────────────────────────────────────────────────────────────
[2단계 분석 대상: 001510, 078930, 217820, 000270, 034020, 056080, 061250, 005380]
⛔ 아우토크립트(137040) 호가 없음 (거래정지 의심)
078930  GS        74,300   55.6    +3.3%    1.1x     중간  0.43  1/0
061250  화일약품       8,470   25.5    +0.6%    0.9x     중간  4.97  2/0
217820  원익피앤이      3,305   31.1    -0.9%    0.4x     중간  2.35  2/1
001510  SK증권       4,425   59.1    -1.3%    0.3x     중간  1.78  3/0
⛔ 금양(001570) 호가 없음 (거래정지 의심)

══════════════════════════════════════════════════
→ 전종목 HOLD
✅ Discord 전송 완료

[14:32] HOLD | KODEX RSI88/+0.4%⚠️ | 보유:SK증권(001510) -4.8% GS(078930) -3.2% 원익피앤(217820) -5.5% | 💸예수금부족 | 최고신호 SK증권(001510) 3/3개 [하락-1.3% / MA골 / 호가1.8]
💰 예수금 9,780원 | KODEX200 RSI88/+0.5% 과열⚠️ | 매수기준 3개↑
📦 보유 SK증권(001510) 1주 -4.8% 🔴스탑로스임박
📦 보유 GS(078930) 1주 -3.4% ⚠️주의
📦 보유 원익피앤이(217820) 3주 -5.3% 🔴스탑로스임박

코드      종목명           가격    RSI     변화율    거래량     BB   호가비  B/S
────────────────────────────────────────────────────────────────────────
[2단계 분석 대상: 001510, 078930, 217820, 034020, 000270, 056080, 005380, 015760]
⛔ 아우토크립트(137040) 호가 없음 (거래정지 의심)
078930  GS        74,500   55.8    +3.5%    1.1x     중간  0.64  1/0
061250  화일약품       8,470    0.0    +0.0%    0.0x     중간  3.80  1/0
217820  원익피앤이      3,305   31.1    -0.9%    0.4x     중간  2.53  2/1
001510  SK증권       4,420   59.1    -1.3%    0.3x     중간  1.91  3/0
⛔ 금양(001570) 호가 없음 (거래정지 의심)

══════════════════════════════════════════════════
→ 전종목 HOLD
✅ Discord 전송 완료

[14:34] HOLD | KODEX RSI88/+0.5%⚠️ | 보유:SK증권(001510) -4.8% GS(078930) -3.4% 원익피앤(217820) -5.3% | 💸예수금부족 | 최고신호 SK증권(001510) 3/3개 [하락-1.3% / MA골 / 호가1.9]
💰 예수금 9,780원 | KODEX200 RSI88/+0.5% 과열⚠️ | 매수기준 3개↑
📦 보유 SK증권(001510) 1주 -5.2% 🔴스탑로스임박
📦 보유 GS(078930) 1주 -3.5% ⚠️주의
📦 보유 원익피앤이(217820) 3주 -5.3% 🔴스탑로스임박

코드      종목명           가격    RSI     변화율    거래량     BB   호가비  B/S
────────────────────────────────────────────────────────────────────────
[2단계 분석 대상: 001510, 078930, 217820, 000270, 034020, 056080, 005380, 061250]
⛔ 아우토크립트(137040) 호가 없음 (거래정지 의심)
078930  GS        74,300   55.5    +3.2%    1.1x     중간  0.38  1/0
061250  화일약품       8,470   25.5    +0.6%    0.9x     중간  4.19  2/0
217820  원익피앤이      3,305   31.0    -1.1%    0.4x     중간  2.44  3/1
001510  SK증권       4,415   59.0    -1.4%    0.3x     중간  1.69  3/0
⛔ 금양(001570) 호가 없음 (거래정지 의심)

══════════════════════════════════════════════════
→ 전종목 HOLD
✅ Discord 전송 완료

[14:36] HOLD | KODEX RSI88/+0.5%⚠️ | 보유:SK증권(001510) -5.2% GS(078930) -3.5% 원익피앤(217820) -5.3% | 💸예수금부족 | 최고신호 원익피앤이(217820) 3/3개 [RSI31 / 하락-1.1% / 호가2.4]
💰 예수금 9,780원 | KODEX200 RSI88/+0.4% 과열⚠️ | 매수기준 3개↑
📦 보유 SK증권(001510) 1주 -4.9% 🔴스탑로스임박
📦 보유 GS(078930) 1주 -3.2% ⚠️주의
📦 보유 원익피앤이(217820) 3주 -5.3% 🔴스탑로스임박

코드      종목명           가격    RSI     변화율    거래량     BB   호가비  B/S
────────────────────────────────────────────────────────────────────────
[2단계 분석 대상: 001510, 078930, 217820, 000270, 034020, 061250, 000660, 005380]
⛔ 아우토크립트(137040) 호가 없음 (거래정지 의심)
078930  GS        74,400   55.8    +3.5%    1.1x     중간  0.46  1/0
061250  화일약품       8,440   24.4    +0.2%    0.9x     중간  6.08  2/0
217820  원익피앤이      3,305   31.0    -1.1%    0.4x     중간  2.47  3/1
001510  SK증권       4,420   59.1    -1.3%    0.3x     중간  0.88  2/0
⛔ 금양(001570) 호가 없음 (거래정지 의심)

══════════════════════════════════════════════════
→ 전종목 HOLD
✅ Discord 전송 완료

[14:38] HOLD | KODEX RSI88/+0.4%⚠️ | 보유:SK증권(001510) -4.9% GS(078930) -3.2% 원익피앤(217820) -5.3% | 💸예수금부족 | 최고신호 원익피앤이(217820) 3/3개 [RSI31 / 하락-1.1% / 호가2.5]
💰 예수금 9,780원 | KODEX200 RSI88/+0.4% 과열⚠️ | 매수기준 3개↑
📦 보유 SK증권(001510) 1주 -5.0% 🔴스탑로스임박
📦 보유 GS(078930) 1주 -3.2% ⚠️주의
📦 보유 원익피앤이(217820) 3주 -5.5% 🔴스탑로스임박

코드      종목명           가격    RSI     변화율    거래량     BB   호가비  B/S
────────────────────────────────────────────────────────────────────────
[2단계 분석 대상: 001510, 078930, 217820, 000270, 012330, 061250, 034020, 000660]
⛔ 아우토크립트(137040) 호가 없음 (거래정지 의심)
078930  GS        74,300   55.6    +3.3%    1.1x     중간  0.29  1/0
061250  화일약품       8,440   24.4    +0.2%    0.9x     중간  6.29  2/0
217820  원익피앤이      3,310   31.2    -0.8%    0.4x     중간  2.57  2/1
001510  SK증권       4,415   59.1    -1.3%    0.3x     중간  1.00  2/0
⛔ 금양(001570) 호가 없음 (거래정지 의심)

══════════════════════════════════════════════════
→ 전종목 HOLD
✅ Discord 전송 완료

[14:40] HOLD | KODEX RSI88/+0.4%⚠️ | 보유:SK증권(001510) -5.0% GS(078930) -3.2% 원익피앤(217820) -5.5% | 💸예수금부족 | 최고신호 화일약품(061250) 2/3개 [RSI24 / 호가6.3]
💰 예수금 9,780원 | KODEX200 RSI88/+0.4% 과열⚠️ | 매수기준 3개↑
📦 보유 SK증권(001510) 1주 -5.2% 🔴스탑로스임박
📦 보유 GS(078930) 1주 -3.5% ⚠️주의
📦 보유 원익피앤이(217820) 3주 -5.2% 🔴스탑로스임박

코드      종목명           가격    RSI     변화율    거래량     BB   호가비  B/S
────────────────────────────────────────────────────────────────────────
[2단계 분석 대상: 001510, 078930, 217820, 000270, 012330, 056080, 061250, 000660]
⛔ 아우토크립트(137040) 호가 없음 (거래정지 의심)
078930  GS        74,400   55.8    +3.5%    1.1x     중간  0.32  1/0
061250  화일약품       8,440   24.4    +0.2%    0.9x     중간  6.06  2/0
217820  원익피앤이      3,315   31.2    -0.8%    0.4x     중간  1.96  2/1
001510  SK증권       4,400   58.8    -1.7%    0.3x     중간  4.28  3/0
⛔ 금양(001570) 호가 없음 (거래정지 의심)

══════════════════════════════════════════════════
→ 전종목 HOLD
✅ Discord 전송 완료

[14:42] HOLD | KODEX RSI88/+0.4%⚠️ | 보유:SK증권(001510) -5.2% GS(078930) -3.5% 원익피앤(217820) -5.2% | 💸예수금부족 | 최고신호 SK증권(001510) 3/3개 [하락-1.7% / MA골 / 호가4.3]
💰 예수금 9,780원 | KODEX200 RSI88/+0.4% 과열⚠️ | 매수기준 3개↑
📦 보유 SK증권(001510) 1주 -5.3% 🔴스탑로스임박
📦 보유 GS(078930) 1주 -3.4% ⚠️주의
📦 보유 원익피앤이(217820) 3주 -5.2% 🔴스탑로스임박

코드      종목명           가격    RSI     변화율    거래량     BB   호가비  B/S
────────────────────────────────────────────────────────────────────────
[2단계 분석 대상: 001510, 078930, 217820, 012330, 000270, 056080, 061250, 034020]
⛔ 아우토크립트(137040) 호가 없음 (거래정지 의심)
078930  GS        74,500   55.9    +3.6%    1.1x     중간  0.40  1/0
061250  화일약품       8,440   24.4    +0.2%    0.9x     중간  6.06  2/0
217820  원익피앤이      3,320   31.2    -0.8%    0.4x     중간  2.08  2/1
001510  SK증권       4,395   58.8    -1.8%    0.3x     중간  5.10  3/0
⛔ 금양(001570) 호가 없음 (거래정지 의심)

══════════════════════════════════════════════════
→ 전종목 HOLD
✅ Discord 전송 완료

[14:44] HOLD | KODEX RSI88/+0.4%⚠️ | 보유:SK증권(001510) -5.3% GS(078930) -3.4% 원익피앤(217820) -5.2% | 💸예수금부족 | 최고신호 SK증권(001510) 3/3개 [하락-1.8% / MA골 / 호가5.1]
💰 예수금 9,779원 | KODEX200 RSI88/+0.8% 과열⚠️ | 매수기준 3개↑
📦 보유 SK증권(001510) 1주 -5.0% 🔴스탑로스임박
📦 보유 GS(078930) 1주 -2.8% ⚠️주의
📦 보유 원익피앤이(217820) 3주 -5.2% 🔴스탑로스임박

코드      종목명           가격    RSI     변화율    거래량     BB   호가비  B/S
────────────────────────────────────────────────────────────────────────
[2단계 분석 대상: 001510, 078930, 217820, 034020, 012330, 061250, 084850, 056080]
⛔ 아우토크립트(137040) 호가 없음 (거래정지 의심)
078930  GS        74,400   55.6    +3.3%    1.1x     중간  0.58  1/0
061250  화일약품       8,440   24.4    +0.2%    0.9x     중간  5.64  2/0
217820  원익피앤이      3,320   31.4    -0.5%    0.4x     중간  1.86  2/1
001510  SK증권       4,405   58.8    -1.7%    0.3x     중간  1.40  3/0
⛔ 금양(001570) 호가 없음 (거래정지 의심)

══════════════════════════════════════════════════
→ 전종목 HOLD
✅ Discord 전송 완료

[14:46] HOLD | KODEX RSI88/+0.8%⚠️ | 보유:SK증권(001510) -5.0% GS(078930) -2.8% 원익피앤(217820) -5.2% | 💸예수금부족 | 최고신호 SK증권(001510) 3/3개 [하락-1.7% / MA골 / 호가1.4]
💰 예수금 9,780원 | KODEX200 RSI88/+0.9% 과열⚠️ | 매수기준 3개↑
📦 보유 SK증권(001510) 1주 -5.2% 🔴스탑로스임박
📦 보유 GS(078930) 1주 -3.5% ⚠️주의
📦 보유 원익피앤이(217820) 3주 -4.9% 🔴스탑로스임박

코드      종목명           가격    RSI     변화율    거래량     BB   호가비  B/S
────────────────────────────────────────────────────────────────────────
[2단계 분석 대상: 001510, 078930, 217820, 034020, 061250, 005380, 056080, 015760]
⛔ 아우토크립트(137040) 호가 없음 (거래정지 의심)
078930  GS        74,400   55.8    +3.5%    1.1x     중간  0.55  1/0
061250  화일약품       8,430   24.0    +0.1%    0.9x     중간  5.95  2/0
217820  원익피앤이      3,320   31.4    -0.5%    0.4x     중간  1.95  2/1
001510  SK증권       4,410   59.1    -1.3%    0.3x     중간  1.25  3/0
⛔ 금양(001570) 호가 없음 (거래정지 의심)

══════════════════════════════════════════════════
→ 전종목 HOLD
✅ Discord 전송 완료

[14:48] HOLD | KODEX RSI88/+0.9%⚠️ | 보유:SK증권(001510) -5.2% GS(078930) -3.5% 원익피앤(217820) -4.9% | 💸예수금부족 | 최고신호 SK증권(001510) 3/3개 [하락-1.3% / MA골 / 호가1.2]
💰 예수금 9,780원 | KODEX200 RSI88/+0.8% 과열⚠️ | 매수기준 3개↑
📦 보유 SK증권(001510) 1주 -4.8% 🔴스탑로스임박
📦 보유 GS(078930) 1주 -3.2% ⚠️주의
📦 보유 원익피앤이(217820) 3주 -4.6% 🔴스탑로스임박

코드      종목명           가격    RSI     변화율    거래량     BB   호가비  B/S
────────────────────────────────────────────────────────────────────────
[2단계 분석 대상: 001510, 078930, 217820, 034020, 061250, 084850, 056080, 005380]
⛔ 아우토크립트(137040) 호가 없음 (거래정지 의심)
078930  GS        74,500   55.8    +3.5%    1.2x     중간  0.92  1/0
061250  화일약품       8,450   24.7    +0.4%    0.9x     중간  6.99  2/0
217820  원익피앤이      3,325   31.6    -0.1%    0.4x     중간  1.83  2/1
001510  SK증권       4,420   59.1    -1.2%    0.3x     중간  1.09  2/0
⛔ 금양(001570) 호가 없음 (거래정지 의심)

══════════════════════════════════════════════════
→ 전종목 HOLD
✅ Discord 전송 완료

[14:50] HOLD | KODEX RSI88/+0.8%⚠️ | 보유:SK증권(001510) -4.8% GS(078930) -3.2% 원익피앤(217820) -4.6% | 💸예수금부족 | 최고신호 화일약품(061250) 2/3개 [RSI25 / 호가7.0]
💰 예수금 9,780원 | KODEX200 RSI88/+0.8% 과열⚠️ | 매수기준 3개↑
📦 보유 SK증권(001510) 1주 -4.7% 🔴스탑로스임박
📦 보유 GS(078930) 1주 -3.2% ⚠️주의
📦 보유 원익피앤이(217820) 3주 -4.8% 🔴스탑로스임박

코드      종목명           가격    RSI     변화율    거래량     BB   호가비  B/S
────────────────────────────────────────────────────────────────────────
[2단계 분석 대상: 001510, 078930, 217820, 061250, 034020, 056080, 005380, 012450]
⛔ 아우토크립트(137040) 호가 없음 (거래정지 의심)
078930  GS        74,500   55.9    +3.6%    1.2x     중간  1.49  2/0
061250  화일약품       8,450   24.7    +0.4%    0.9x     중간  7.00  2/0
217820  원익피앤이      3,320   31.4    -0.5%    0.4x     중간  1.75  2/1
001510  SK증권       4,420   59.0    -1.4%    0.3x     중간  1.04  2/0
⛔ 금양(001570) 호가 없음 (거래정지 의심)

══════════════════════════════════════════════════
→ 전종목 HOLD
✅ Discord 전송 완료

[14:52] HOLD | KODEX RSI88/+0.8%⚠️ | 보유:SK증권(001510) -4.7% GS(078930) -3.2% 원익피앤(217820) -4.8% | 💸예수금부족 | 최고신호 GS(078930) 2/3개 [MA골 / 호가1.5]
💰 예수금 9,779원 | KODEX200 RSI88/+0.9% 과열⚠️ | 매수기준 3개↑
📦 보유 SK증권(001510) 1주 -4.8% 🔴스탑로스임박
📦 보유 GS(078930) 1주 -2.8% ⚠️주의
📦 보유 원익피앤이(217820) 3주 -4.8% 🔴스탑로스임박

코드      종목명           가격    RSI     변화율    거래량     BB   호가비  B/S
────────────────────────────────────────────────────────────────────────
[2단계 분석 대상: 001510, 078930, 217820, 061250, 034020, 056080, 005380, 015760]
⛔ 아우토크립트(137040) 호가 없음 (거래정지 의심)
078930  GS        74,600   56.0    +3.8%    1.2x     중간  2.34  2/0
061250  화일약품       8,450   24.7    +0.4%    0.9x     중간  6.98  2/0
217820  원익피앤이      3,330   31.6    -0.1%    0.5x     중간  1.98  2/1
001510  SK증권       4,425   59.2    -1.1%    0.3x     중간  0.95  2/0
⛔ 금양(001570) 호가 없음 (거래정지 의심)

══════════════════════════════════════════════════
→ 전종목 HOLD
✅ Discord 전송 완료

[14:54] HOLD | KODEX RSI88/+0.9%⚠️ | 보유:SK증권(001510) -4.8% GS(078930) -2.8% 원익피앤(217820) -4.8% | 💸예수금부족 | 최고신호 GS(078930) 2/3개 [MA골 / 호가2.3]
💰 예수금 9,780원 | KODEX200 RSI88/+0.9% 과열⚠️ | 매수기준 3개↑
📦 보유 SK증권(001510) 1주 -4.9% 🔴스탑로스임박
📦 보유 GS(078930) 1주 -3.0% ⚠️주의
📦 보유 원익피앤이(217820) 3주 -4.6% 🔴스탑로스임박

코드      종목명           가격    RSI     변화율    거래량     BB   호가비  B/S
────────────────────────────────────────────────────────────────────────
[2단계 분석 대상: 001510, 078930, 217820, 061250, 000660, 034020, 056080, 005380]
⛔ 아우토크립트(137040) 호가 없음 (거래정지 의심)
078930  GS        74,500   55.9    +3.6%    1.2x     중간  2.06  2/0
061250  화일약품       8,460   25.1    +0.5%    0.9x     중간  6.80  2/0
217820  원익피앤이      3,330   31.6    -0.1%    0.5x     중간  1.96  2/1
001510  SK증권       4,420   59.1    -1.2%    0.3x     중간  1.12  2/0
⛔ 금양(001570) 호가 없음 (거래정지 의심)

══════════════════════════════════════════════════
→ 전종목 HOLD
✅ Discord 전송 완료

[14:56] HOLD | KODEX RSI88/+0.9%⚠️ | 보유:SK증권(001510) -4.9% GS(078930) -3.0% 원익피앤(217820) -4.6% | 💸예수금부족 | 최고신호 GS(078930) 2/3개 [MA골 / 호가2.1]
💰 예수금 9,780원 | KODEX200 RSI88/+1.1% 과열⚠️ | 매수기준 3개↑
📦 보유 SK증권(001510) 1주 -4.7% 🔴스탑로스임박
📦 보유 GS(078930) 1주 -3.1% ⚠️주의
📦 보유 원익피앤이(217820) 3주 -4.6% 🔴스탑로스임박

코드      종목명           가격    RSI     변화율    거래량     BB   호가비  B/S
────────────────────────────────────────────────────────────────────────
[2단계 분석 대상: 001510, 078930, 217820, 061250, 034020, 056080, 015760, 012330]
⛔ 아우토크립트(137040) 호가 없음 (거래정지 의심)
078930  GS        74,600   55.9    +3.6%    1.2x     중간  1.35  2/0
061250  화일약품       8,480   25.9    +0.7%    0.9x     중간  6.31  2/0
217820  원익피앤이      3,330   31.6    -0.1%    0.5x     중간  1.96  2/1
001510  SK증권       4,430   59.3    -1.0%    0.3x     중간  1.84  3/0
⛔ 금양(001570) 호가 없음 (거래정지 의심)

══════════════════════════════════════════════════
→ 전종목 HOLD
✅ Discord 전송 완료

[14:58] HOLD | KODEX RSI88/+1.1%⚠️ | 보유:SK증권(001510) -4.7% GS(078930) -3.1% 원익피앤(217820) -4.6% | 💸예수금부족 | 최고신호 SK증권(001510) 3/3개 [하락-1.0% / MA골 / 호가1.8]
💰 예수금 9,780원 | KODEX200 RSI88/+1.3% 과열⚠️ | 매수기준 3개↑
📦 보유 SK증권(001510) 1주 -4.6% 🔴스탑로스임박
📦 보유 GS(078930) 1주 -3.1% ⚠️주의
📦 보유 원익피앤이(217820) 3주 -4.6% 🔴스탑로스임박

코드      종목명           가격    RSI     변화율    거래량     BB   호가비  B/S
────────────────────────────────────────────────────────────────────────
[2단계 분석 대상: 001510, 078930, 217820, 061250, 056080, 066970, 015760, 005380]
⛔ 아우토크립트(137040) 호가 없음 (거래정지 의심)
078930  GS        74,700   56.3    +4.0%    1.2x     중간  1.97  2/0
061250  화일약품       8,480   25.9    +0.7%    0.9x     중간  6.29  2/0
217820  원익피앤이      3,335   31.6    -0.1%    0.5x     중간  1.22  2/1
001510  SK증권       4,435   59.3    -1.0%    0.3x     중간  1.79  3/0
⛔ 금양(001570) 호가 없음 (거래정지 의심)

══════════════════════════════════════════════════
→ 전종목 HOLD
✅ Discord 전송 완료

[15:00] HOLD | KODEX RSI88/+1.3%⚠️ | 보유:SK증권(001510) -4.6% GS(078930) -3.1% 원익피앤(217820) -4.6% | 💸예수금부족 | 최고신호 SK증권(001510) 3/3개 [하락-1.0% / MA골 / 호가1.8]
💰 예수금 9,778원 | KODEX200 RSI88/+1.4% 과열⚠️ | 매수기준 3개↑
📦 보유 SK증권(001510) 1주 -4.7% 🔴스탑로스임박
📦 보유 GS(078930) 1주 -2.6% ⚠️주의
📦 보유 원익피앤이(217820) 3주 -4.3% 🔴스탑로스임박

코드      종목명           가격    RSI     변화율    거래량     BB   호가비  B/S
────────────────────────────────────────────────────────────────────────
[2단계 분석 대상: 001510, 078930, 217820, 061250, 015760, 056080, 066970, 084850]
⛔ 아우토크립트(137040) 호가 없음 (거래정지 의심)
078930  GS        75,000   56.3    +4.0%    1.2x     중간  1.59  2/0
061250  화일약품       8,470   25.9    +0.7%    0.9x     중간  4.39  2/0
217820  원익피앤이      3,340   31.8    +0.1%    0.5x     중간  1.26  2/1
001510  SK증권       4,430   59.3    -1.0%    0.3x     중간  1.89  3/0
⛔ 금양(001570) 호가 없음 (거래정지 의심)

══════════════════════════════════════════════════
→ 전종목 HOLD
✅ Discord 전송 완료

[15:02] HOLD | KODEX RSI88/+1.4%⚠️ | 보유:SK증권(001510) -4.7% GS(078930) -2.6% 원익피앤(217820) -4.3% | 💸예수금부족 | 최고신호 SK증권(001510) 3/3개 [하락-1.0% / MA골 / 호가1.9]
💰 예수금 9,778원 | KODEX200 RSI88/+1.4% 과열⚠️ | 매수기준 3개↑
📦 보유 SK증권(001510) 1주 -4.6% 🔴스탑로스임박
📦 보유 GS(078930) 1주 -2.4%
📦 보유 원익피앤이(217820) 3주 -4.3% 🔴스탑로스임박

코드      종목명           가격    RSI     변화율    거래량     BB   호가비  B/S
────────────────────────────────────────────────────────────────────────
[2단계 분석 대상: 001510, 078930, 217820, 061250, 056080, 084850, 015760, 066970]
⛔ 아우토크립트(137040) 호가 없음 (거래정지 의심)
078930  GS        74,900   56.3    +4.0%    1.2x     중간  1.06  1/0
061250  화일약품       8,430   24.4    +0.2%    0.9x     중간  5.77  2/0
217820  원익피앤이      3,340   31.8    +0.1%    0.5x     중간  1.37  2/1
001510  SK증권       4,435   59.3    -1.0%    0.3x     중간  0.91  2/0
⛔ 금양(001570) 호가 없음 (거래정지 의심)

══════════════════════════════════════════════════
→ 전종목 HOLD
✅ Discord 전송 완료

[15:04] HOLD | KODEX RSI88/+1.4%⚠️ | 보유:SK증권(001510) -4.6% GS(078930) -2.4% 원익피앤(217820) -4.3% | 💸예수금부족 | 최고신호 화일약품(061250) 2/3개 [RSI24 / 호가5.8]
💰 예수금 9,778원 | KODEX200 RSI88/+1.6% 과열⚠️ | 매수기준 3개↑
📦 보유 SK증권(001510) 1주 -4.4% 🔴스탑로스임박
📦 보유 GS(078930) 1주 -2.7% ⚠️주의
📦 보유 원익피앤이(217820) 3주 -4.3% 🔴스탑로스임박

코드      종목명           가격    RSI     변화율    거래량     BB   호가비  B/S
────────────────────────────────────────────────────────────────────────
[2단계 분석 대상: 001510, 078930, 217820, 061250, 066970, 056080, 084850, 015760]
⛔ 아우토크립트(137040) 호가 없음 (거래정지 의심)
078930  GS        75,000   56.5    +4.2%    1.2x     중간  0.95  1/0
061250  화일약품       8,430   24.0    +0.1%    0.9x     중간  5.52  2/0
217820  원익피앤이      3,340   31.8    +0.1%    0.5x     중간  1.01  1/1
001510  SK증권       4,440   59.5    -0.8%    0.3x     중간  1.26  2/0
⛔ 금양(001570) 호가 없음 (거래정지 의심)

══════════════════════════════════════════════════
→ 전종목 HOLD
✅ Discord 전송 완료

[15:06] HOLD | KODEX RSI88/+1.6%⚠️ | 보유:SK증권(001510) -4.4% GS(078930) -2.7% 원익피앤(217820) -4.3% | 💸예수금부족 | 최고신호 화일약품(061250) 2/3개 [RSI24 / 호가5.5]
💰 예수금 9,778원 | KODEX200 RSI88/+1.8% 과열⚠️ | 매수기준 3개↑
📦 보유 SK증권(001510) 1주 -4.3% 🔴스탑로스임박
📦 보유 GS(078930) 1주 -2.6% ⚠️주의
📦 보유 원익피앤이(217820) 3주 -4.2% 🔴스탑로스임박

코드      종목명           가격    RSI     변화율    거래량     BB   호가비  B/S
────────────────────────────────────────────────────────────────────────
[2단계 분석 대상: 001510, 078930, 217820, 061250, 066970, 012330, 056080, 084850]
⛔ 아우토크립트(137040) 호가 없음 (거래정지 의심)
078930  GS        75,100   56.6    +4.3%    1.2x     중간  0.93  1/0
061250  화일약품       8,430   23.6    +0.0%    0.9x     중간  5.54  2/0
217820  원익피앤이      3,345   31.8    +0.1%    0.5x     중간  1.13  1/1
001510  SK증권       4,445   59.5    -0.7%    0.3x     중간  0.97  1/0
⛔ 금양(001570) 호가 없음 (거래정지 의심)

══════════════════════════════════════════════════
→ 전종목 HOLD
✅ Discord 전송 완료

[15:08] HOLD | KODEX RSI88/+1.8%⚠️ | 보유:SK증권(001510) -4.3% GS(078930) -2.6% 원익피앤(217820) -4.2% | 💸예수금부족 | 최고신호 화일약품(061250) 2/3개 [RSI24 / 호가5.5]
💰 예수금 9,778원 | KODEX200 RSI88/+1.8% 과열⚠️ | 매수기준 3개↑
📦 보유 SK증권(001510) 1주 -4.2% 🔴스탑로스임박
📦 보유 GS(078930) 1주 -2.6% ⚠️주의
📦 보유 원익피앤이(217820) 3주 -4.2% 🔴스탑로스임박

코드      종목명           가격    RSI     변화율    거래량     BB   호가비  B/S
────────────────────────────────────────────────────────────────────────
[2단계 분석 대상: 001510, 078930, 217820, 061250, 066970, 056080, 084850, 012330]
⛔ 아우토크립트(137040) 호가 없음 (거래정지 의심)
078930  GS        75,000   56.5    +4.2%    1.2x     중간  0.98  1/0
061250  화일약품       8,430   23.6    +0.0%    0.9x     중간  5.47  2/0
217820  원익피앤이      3,345   32.0    +0.3%    0.5x     중간  1.20  2/1
001510  SK증권       4,450   59.6    -0.6%    0.3x     중간  2.43  2/0
⛔ 금양(001570) 호가 없음 (거래정지 의심)

══════════════════════════════════════════════════
→ 전종목 HOLD
✅ Discord 전송 완료

[15:10] HOLD | KODEX RSI88/+1.8%⚠️ | 보유:SK증권(001510) -4.2% GS(078930) -2.6% 원익피앤(217820) -4.2% | 💸예수금부족 | 최고신호 화일약품(061250) 2/3개 [RSI24 / 호가5.5]
💰 예수금 9,778원 | KODEX200 RSI88/+1.8% 과열⚠️ | 매수기준 3개↑
📦 보유 SK증권(001510) 1주 -4.1% 🔴스탑로스임박
📦 보유 GS(078930) 1주 -2.6% ⚠️주의
📦 보유 원익피앤이(217820) 3주 -4.1% 🔴스탑로스임박

코드      종목명           가격    RSI     변화율    거래량     BB   호가비  B/S
────────────────────────────────────────────────────────────────────────
[2단계 분석 대상: 001510, 078930, 217820, 061250, 056080, 066970, 012330, 034020]
⛔ 아우토크립트(137040) 호가 없음 (거래정지 의심)
078930  GS        75,000   56.5    +4.2%    1.2x     중간  0.87  1/0
061250  화일약품       8,430   23.6    +0.0%    0.9x     중간  5.32  2/0
217820  원익피앤이      3,350   32.2    +0.5%    0.5x     중간  0.97  1/1
001510  SK증권       4,455   59.7    -0.5%    0.3x     중간  1.70  2/0
⛔ 금양(001570) 호가 없음 (거래정지 의심)

══════════════════════════════════════════════════
→ 전종목 HOLD
✅ Discord 전송 완료

[15:12] HOLD | KODEX RSI88/+1.8%⚠️ | 보유:SK증권(001510) -4.1% GS(078930) -2.6% 원익피앤(217820) -4.1% | 💸예수금부족 | 최고신호 화일약품(061250) 2/3개 [RSI24 / 호가5.3]
💰 예수금 9,778원 | KODEX200 RSI88/+1.6% 과열⚠️ | 매수기준 3개↑
📦 보유 SK증권(001510) 1주 -4.2% 🔴스탑로스임박
📦 보유 GS(078930) 1주 -2.6% ⚠️주의
📦 보유 원익피앤이(217820) 3주 -4.2% 🔴스탑로스임박

코드      종목명           가격    RSI     변화율    거래량     BB   호가비  B/S
────────────────────────────────────────────────────────────────────────
[2단계 분석 대상: 001510, 078930, 217820, 061250, 086790, 056080, 066970, 012330]
⛔ 아우토크립트(137040) 호가 없음 (거래정지 의심)
078930  GS        75,000   56.5    +4.2%    1.2x     중간  1.27  2/0
061250  화일약품       8,430   24.0    +0.1%    0.9x     중간  5.30  2/0
217820  원익피앤이      3,345   32.0    +0.3%    0.5x     중간  1.47  2/1
001510  SK증권       4,455   59.7    -0.5%    0.3x     중간  0.85  1/0
⛔ 금양(001570) 호가 없음 (거래정지 의심)

══════════════════════════════════════════════════
→ 전종목 HOLD
✅ Discord 전송 완료

[15:14] HOLD | KODEX RSI88/+1.6%⚠️ | 보유:SK증권(001510) -4.2% GS(078930) -2.6% 원익피앤(217820) -4.2% | 💸예수금부족 | 최고신호 GS(078930) 2/3개 [MA골 / 호가1.3]
💰 예수금 9,778원 | KODEX200 RSI88/+1.5% 과열⚠️ | 매수기준 3개↑
📦 보유 SK증권(001510) 1주 -4.2% 🔴스탑로스임박
📦 보유 GS(078930) 1주 -2.6% ⚠️주의
📦 보유 원익피앤이(217820) 3주 -4.5% 🔴스탑로스임박

코드      종목명           가격    RSI     변화율    거래량     BB   호가비  B/S
────────────────────────────────────────────────────────────────────────
[2단계 분석 대상: 001510, 078930, 217820, 061250, 034020, 056080, 066970, 012330]
⛔ 아우토크립트(137040) 호가 없음 (거래정지 의심)
078930  GS        74,900   56.5    +4.2%    1.2x     중간  0.76  1/0
061250  화일약품       8,430   23.6    +0.0%    0.9x     중간  5.41  2/0
217820  원익피앤이      3,340   31.8    +0.1%    0.5x     중간  1.49  2/1
001510  SK증권       4,455   59.7    -0.5%    0.3x     중간  1.18  1/0
⛔ 금양(001570) 호가 없음 (거래정지 의심)

══════════════════════════════════════════════════
→ 전종목 HOLD
✅ Discord 전송 완료

[15:16] HOLD | KODEX RSI88/+1.5%⚠️ | 보유:SK증권(001510) -4.2% GS(078930) -2.6% 원익피앤(217820) -4.5% | 💸예수금부족 | 최고신호 화일약품(061250) 2/3개 [RSI24 / 호가5.4]
💰 예수금 9,778원 | KODEX200 RSI88/+1.4% 과열⚠️ | 매수기준 3개↑
📦 보유 SK증권(001510) 1주 -4.1% 🔴스탑로스임박
📦 보유 GS(078930) 1주 -2.7% ⚠️주의
📦 보유 원익피앤이(217820) 3주 -4.2% 🔴스탑로스임박

코드      종목명           가격    RSI     변화율    거래량     BB   호가비  B/S
────────────────────────────────────────────────────────────────────────
[2단계 분석 대상: 001510, 078930, 217820, 061250, 034020, 066970, 012330, 056080]
⛔ 아우토크립트(137040) 호가 없음 (거래정지 의심)
078930  GS        75,200   56.6    +4.3%    1.2x     중간  0.58  1/0
061250  화일약품       8,430   24.0    +0.1%    0.9x     중간  5.57  2/0
217820  원익피앤이      3,360   32.4    +0.6%    0.5x     중간  0.70  1/1
001510  SK증권       4,460   59.8    -0.3%    0.3x     중간  1.43  2/0
⛔ 금양(001570) 호가 없음 (거래정지 의심)

══════════════════════════════════════════════════
→ 전종목 HOLD
✅ Discord 전송 완료

[15:18] HOLD | KODEX RSI88/+1.4%⚠️ | 보유:SK증권(001510) -4.1% GS(078930) -2.7% 원익피앤(217820) -4.2% | 💸예수금부족 | 최고신호 화일약품(061250) 2/3개 [RSI24 / 호가5.6]
💰 예수금 9,778원 | KODEX200 RSI88/+1.3% 과열⚠️ | 매수기준 3개↑
📦 보유 SK증권(001510) 1주 -3.8% ⚠️주의
📦 보유 GS(078930) 1주 -2.2%
📦 보유 원익피앤이(217820) 3주 -3.4% ⚠️주의

코드      종목명           가격    RSI     변화율    거래량     BB   호가비  B/S
────────────────────────────────────────────────────────────────────────
[2단계 분석 대상: 001510, 078930, 217820, 086790, 005380, 055550, 012450, 015760]
⛔ 아우토크립트(137040) 호가 없음 (거래정지 의심)
⛔ 하나금융(086790) 호가 없음 (거래정지 의심)
078930  GS        77,500   56.9    +4.6%    1.2x     중간 13.52  2/0
061250  화일약품       8,430    0.0    +0.0%    0.0x     중간  3.02  1/0
217820  원익피앤이      3,345   33.1    +1.2%    0.5x     중간  5.77  2/1
001510  SK증권       4,465   59.9    -0.2%    0.3x     중간  1.45  2/0
⛔ 금양(001570) 호가 없음 (거래정지 의심)

══════════════════════════════════════════════════
→ 전종목 HOLD
✅ Discord 전송 완료

[15:20] HOLD | KODEX RSI88/+1.3%⚠️ | 보유:SK증권(001510) -3.8% GS(078930) -2.2% 원익피앤(217820) -3.4% | 💸예수금부족 | 최고신호 GS(078930) 2/3개 [MA골 / 호가13.5]
💰 예수금 9,778원 | KODEX200 RSI88/+1.3% 과열⚠️ | 매수기준 3개↑
📦 보유 SK증권(001510) 1주 -3.8% ⚠️주의
📦 보유 GS(078930) 1주 -2.2%
📦 보유 원익피앤이(217820) 3주 -3.4% ⚠️주의

코드      종목명           가격    RSI     변화율    거래량     BB   호가비  B/S
────────────────────────────────────────────────────────────────────────
[2단계 분석 대상: 001510, 078930, 217820, 086790, 051910, 079550, 259960, 012450]
⛔ 아우토크립트(137040) 호가 없음 (거래정지 의심)
⛔ 하나금융(086790) 호가 없음 (거래정지 의심)
078930  GS        74,500   56.9    +4.6%    1.2x     중간  0.01  1/0
061250  화일약품       8,430    0.0    +0.0%    0.0x     중간  2.71  1/0
217820  원익피앤이      3,345   33.1    +1.2%    0.5x     중간  5.66  2/1
001510  SK증권       4,465   59.9    -0.2%    0.3x     중간  0.37  1/0
⛔ 금양(001570) 호가 없음 (거래정지 의심)

══════════════════════════════════════════════════
→ 전종목 HOLD
✅ Discord 전송 완료

[15:22] HOLD | KODEX RSI88/+1.3%⚠️ | 보유:SK증권(001510) -3.8% GS(078930) -2.2% 원익피앤(217820) -3.4% | 💸예수금부족 | 최고신호 원익피앤이(217820) 2/3개 [RSI33 / 호가5.7]
💰 예수금 9,778원 | KODEX200 RSI88/+1.3% 과열⚠️ | 매수기준 3개↑
📦 보유 SK증권(001510) 1주 -3.8% ⚠️주의
📦 보유 GS(078930) 1주 -2.2%
📦 보유 원익피앤이(217820) 3주 -3.4% ⚠️주의

코드      종목명           가격    RSI     변화율    거래량     BB   호가비  B/S
────────────────────────────────────────────────────────────────────────
[2단계 분석 대상: 001510, 078930, 217820, 012330, 086790, 055550, 084850, 012450]
⛔ 아우토크립트(137040) 호가 없음 (거래정지 의심)
078930  GS        74,500   56.9    +4.6%    1.2x     중간  0.01  1/0
061250  화일약품       8,430    0.0    +0.0%    0.0x     중간  2.18  1/0
217820  원익피앤이      3,375   33.1    +1.2%    0.5x     중간  0.29  1/1
001510  SK증권       4,465   59.9    -0.2%    0.3x     중간  1.00  1/0
⛔ 금양(001570) 호가 없음 (거래정지 의심)

══════════════════════════════════════════════════
→ 전종목 HOLD
✅ Discord 전송 완료

[15:24] HOLD | KODEX RSI88/+1.3%⚠️ | 보유:SK증권(001510) -3.8% GS(078930) -2.2% 원익피앤(217820) -3.4% | 💸예수금부족 | 최고신호 GS(078930) 1/3개 [MA골]
💰 예수금 9,778원 | KODEX200 RSI88/+1.3% 과열⚠️ | 매수기준 3개↑
📦 보유 SK증권(001510) 1주 -3.8% ⚠️주의
📦 보유 GS(078930) 1주 -2.2%
📦 보유 원익피앤이(217820) 3주 -3.4% ⚠️주의

코드      종목명           가격    RSI     변화율    거래량     BB   호가비  B/S
────────────────────────────────────────────────────────────────────────
[2단계 분석 대상: 001510, 078930, 217820, 086790, 003670, 012450, 247540, 084850]
⛔ 아우토크립트(137040) 호가 없음 (거래정지 의심)
078930  GS        74,500   56.9    +4.6%    1.2x     중간  0.02  1/0
061250  화일약품       8,430    0.0    +0.0%    0.0x     중간  2.65  1/0
217820  원익피앤이      3,375   33.1    +1.2%    0.5x     중간  0.43  1/1
001510  SK증권       4,460   59.9    -0.2%    0.3x     중간  0.77  1/0
⛔ 금양(001570) 호가 없음 (거래정지 의심)

══════════════════════════════════════════════════
→ 전종목 HOLD
✅ Discord 전송 완료

[15:26] HOLD | KODEX RSI88/+1.3%⚠️ | 보유:SK증권(001510) -3.8% GS(078930) -2.2% 원익피앤(217820) -3.4% | 💸예수금부족 | 최고신호 GS(078930) 1/3개 [MA골]
💰 예수금 9,778원 | KODEX200 RSI88/+1.3% 과열⚠️ | 매수기준 3개↑
📦 보유 SK증권(001510) 1주 -3.8% ⚠️주의
📦 보유 GS(078930) 1주 -2.2%
📦 보유 원익피앤이(217820) 3주 -3.4% ⚠️주의

코드      종목명           가격    RSI     변화율    거래량     BB   호가비  B/S
────────────────────────────────────────────────────────────────────────
[2단계 분석 대상: 001510, 078930, 217820, 086790, 061250, 084850, 006400, 207940]
⛔ 아우토크립트(137040) 호가 없음 (거래정지 의심)
078930  GS        74,800   56.9    +4.6%    1.2x     중간  0.43  1/0
061250  화일약품       8,430   23.6    +0.0%    0.9x     중간  4.82  2/0
217820  원익피앤이      3,375   33.1    +1.2%    0.5x     중간  0.05  1/1
001510  SK증권       4,460   59.9    -0.2%    0.3x     중간  0.71  1/0
⛔ 금양(001570) 호가 없음 (거래정지 의심)

══════════════════════════════════════════════════
→ 전종목 HOLD
✅ Discord 전송 완료

[15:28] HOLD | KODEX RSI88/+1.3%⚠️ | 보유:SK증권(001510) -3.8% GS(078930) -2.2% 원익피앤(217820) -3.4% | 💸예수금부족 | 최고신호 화일약품(061250) 2/3개 [RSI24 / 호가4.8]
💰 예수금 9,778원 | KODEX200 RSI88/+1.3% 과열⚠️ | 매수기준 3개↑
📦 보유 SK증권(001510) 1주 -3.8% ⚠️주의
📦 보유 GS(078930) 1주 -2.2%
📦 보유 원익피앤이(217820) 3주 -3.4% ⚠️주의

코드      종목명           가격    RSI     변화율    거래량     BB   호가비  B/S
────────────────────────────────────────────────────────────────────────
[2단계 분석 대상: 001510, 078930, 217820, 061250, 015760, 079550, 012330, 105560]
⛔ 아우토크립트(137040) 호가 없음 (거래정지 의심)
078930  GS        74,800   56.2    +3.9%    1.5x     중간  1.96  3/0
061250  화일약품       8,430   23.6    +0.0%    0.9x     중간  6.03  2/0
217820  원익피앤이      3,350   32.2    +0.5%    0.5x     중간  0.84  1/1
001510  SK증권       4,475   60.0    +0.0%    0.3x     중간  1.50  2/0
⛔ 금양(001570) 호가 없음 (거래정지 의심)

══════════════════════════════════════════════════
→ 전종목 HOLD
✅ Discord 전송 완료

[15:30] HOLD | KODEX RSI88/+1.3%⚠️ | 보유:SK증권(001510) -3.8% GS(078930) -2.2% 원익피앤(217820) -3.4% | 💸예수금부족 | 최고신호 GS(078930) 3/3개 [거래량1.5x / MA골 / 호가2.0]
